# source: MODELO Gilbert-Elliott parametrizado con Mahmud et al. 2023 (doi 10.2172/2242485), Aguayo et al. 2004 (doi 10.1145/1030194.1015482) y Sui et al. 2016 (doi 10.1145/2906388.2906393)
# license: MIT (este repositorio; los parámetros provienen de las fuentes citadas)
# resolution_s: 0.1
# notes: synth-gilbert-elliott seed=2026: PER bueno 0.02, malo 0.09; permanencia media 5 s / 1 s; retraso lognormal p50 5 ms, p99 250 ms; sin cortes. NO ES UNA MEDICION: es un modelo con parametros publicados
t_s,up,delay_ms,loss
0.0000,1,17.926,0.0200
0.1000,1,2.129,0.0200
0.2000,1,5.304,0.0200
0.3000,1,19.739,0.0200
0.4000,1,4.298,0.0200
0.5000,1,7.131,0.0200
0.6000,1,1.890,0.0200
0.7000,1,24.917,0.0200
0.8000,1,88.173,0.0200
0.9000,1,3.645,0.0200
1.0000,1,1.003,0.0200
1.1000,1,6.428,0.0200
1.2000,1,98.465,0.0200
1.3000,1,3.765,0.0200
1.4000,1,62.466,0.0200
1.5000,1,1.222,0.0200
1.6000,1,3.973,0.0200
1.7000,1,30.459,0.0200
1.8000,1,8.484,0.0200
1.9000,1,2.515,0.0200
2.0000,1,101.961,0.0200
2.1000,1,5.025,0.0200
2.2000,1,6.589,0.0200
2.3000,1,3.500,0.0900
2.4000,1,1.282,0.0900
2.5000,1,7.324,0.0900
2.6000,1,46.502,0.0900
2.7000,1,4.325,0.0900
2.8000,1,43.340,0.0900
2.9000,1,1.245,0.0900
3.0000,1,7.556,0.0900
3.1000,1,16.089,0.0900
3.2000,1,12.616,0.0900
3.3000,1,3.907,0.0900
3.4000,1,0.204,0.0900
3.5000,1,4.111,0.0900
3.6000,1,24.024,0.0900
3.7000,1,15.424,0.0900
3.8000,1,4.411,0.0900
3.9000,1,52.465,0.0900
4.0000,1,0.868,0.0900
4.1000,1,10.727,0.0900
4.2000,1,87.097,0.0900
4.3000,1,75.859,0.0900
4.4000,1,147.409,0.0900
4.5000,1,0.657,0.0900
4.6000,1,2.673,0.0900
4.7000,1,6.906,0.0900
4.8000,1,20.860,0.0900
4.9000,1,0.709,0.0900
5.0000,1,8.695,0.0900
5.1000,1,1.297,0.0900
5.2000,1,4.418,0.0900
5.3000,1,0.349,0.0900
5.4000,1,15.274,0.0900
5.5000,1,0.207,0.0900
5.6000,1,10.185,0.0900
5.7000,1,0.635,0.0900
5.8000,1,1.351,0.0200
5.9000,1,14.268,0.0200
6.0000,1,8.735,0.0200
6.1000,1,0.629,0.0200
6.2000,1,0.090,0.0200
6.3000,1,7.129,0.0200
6.4000,1,7.279,0.0200
6.5000,1,0.400,0.0200
6.6000,1,104.780,0.0200
6.7000,1,22.387,0.0200
6.8000,1,0.415,0.0200
6.9000,1,22.926,0.0200
7.0000,1,0.516,0.0200
7.1000,1,71.650,0.0200
7.2000,1,88.245,0.0200
7.3000,1,101.763,0.0200
7.4000,1,0.604,0.0200
7.5000,1,2.826,0.0200
7.6000,1,0.584,0.0200
7.7000,1,0.986,0.0200
7.8000,1,164.651,0.0200
7.9000,1,6.444,0.0200
8.0000,1,3.392,0.0200
8.1000,1,3.730,0.0200
8.2000,1,1.236,0.0200
8.3000,1,2.014,0.0200
8.4000,1,12.321,0.0900
8.5000,1,3.039,0.0900
8.6000,1,2.664,0.0900
8.7000,1,3.705,0.0900
8.8000,1,6.030,0.0900
8.9000,1,3.804,0.0900
9.0000,1,2.187,0.0900
9.1000,1,2.451,0.0900
9.2000,1,10.953,0.0900
9.3000,1,2.840,0.0900
9.4000,1,3.554,0.0900
9.5000,1,1.616,0.0900
9.6000,1,4.339,0.0900
9.7000,1,12.316,0.0900
9.8000,1,0.235,0.0900
9.9000,1,6.999,0.0900
10.0000,1,14.822,0.0900
10.1000,1,5.268,0.0900
10.2000,1,1.768,0.0900
10.3000,1,25.418,0.0900
10.4000,1,26.177,0.0900
10.5000,1,1.100,0.0200
10.6000,1,10.920,0.0200
10.7000,1,7.422,0.0200
10.8000,1,0.158,0.0200
10.9000,1,8.859,0.0200
11.0000,1,0.470,0.0200
11.1000,1,5.265,0.0200
11.2000,1,0.410,0.0200
11.3000,1,12.073,0.0200
11.4000,1,270.758,0.0200
11.5000,1,1.721,0.0200
11.6000,1,1.010,0.0200
11.7000,1,0.329,0.0200
11.8000,1,0.873,0.0200
11.9000,1,28.935,0.0200
12.0000,1,5.385,0.0200
12.1000,1,0.270,0.0200
12.2000,1,3.299,0.0200
12.3000,1,2.590,0.0200
12.4000,1,13.790,0.0200
12.5000,1,2.148,0.0200
12.6000,1,9.716,0.0200
12.7000,1,4.162,0.0200
12.8000,1,0.284,0.0200
12.9000,1,0.851,0.0200
13.0000,1,45.386,0.0200
13.1000,1,9.121,0.0200
13.2000,1,6.839,0.0200
13.3000,1,4.819,0.0200
13.4000,1,0.314,0.0200
13.5000,1,3.136,0.0200
13.6000,1,10.290,0.0200
13.7000,1,17.294,0.0200
13.8000,1,29.333,0.0200
13.9000,1,9.678,0.0200
14.0000,1,13.765,0.0200
14.1000,1,1.977,0.0200
14.2000,1,55.953,0.0200
14.3000,1,1.003,0.0200
14.4000,1,9.092,0.0200
14.5000,1,3.346,0.0200
14.6000,1,43.695,0.0200
14.7000,1,4.134,0.0200
14.8000,1,18.133,0.0200
14.9000,1,1.592,0.0200
15.0000,1,39.407,0.0200
15.1000,1,26.774,0.0200
15.2000,1,74.384,0.0200
15.3000,1,3.292,0.0200
15.4000,1,25.018,0.0200
15.5000,1,18.033,0.0200
15.6000,1,38.363,0.0200
15.7000,1,19.045,0.0200
15.8000,1,7.577,0.0200
15.9000,1,39.694,0.0200
16.0000,1,0.060,0.0200
16.1000,1,3.241,0.0200
16.2000,1,1.321,0.0200
16.3000,1,39.074,0.0200
16.4000,1,4.116,0.0200
16.5000,1,19.901,0.0200
16.6000,1,7.263,0.0200
16.7000,1,35.996,0.0200
16.8000,1,22.967,0.0200
16.9000,1,5.759,0.0200
17.0000,1,13.528,0.0200
17.1000,1,5.826,0.0200
17.2000,1,2.711,0.0200
17.3000,1,13.456,0.0200
17.4000,1,79.861,0.0200
17.5000,1,24.781,0.0200
17.6000,1,1.529,0.0200
17.7000,1,24.254,0.0200
17.8000,1,1.487,0.0200
17.9000,1,0.037,0.0200
18.0000,1,1.133,0.0200
18.1000,1,7.419,0.0200
18.2000,1,0.487,0.0200
18.3000,1,7.682,0.0200
18.4000,1,40.032,0.0200
18.5000,1,4.882,0.0200
18.6000,1,11.655,0.0200
18.7000,1,3.452,0.0200
18.8000,1,0.104,0.0200
18.9000,1,8.368,0.0200
19.0000,1,1.558,0.0200
19.1000,1,8.961,0.0200
19.2000,1,0.203,0.0200
19.3000,1,7.426,0.0200
19.4000,1,13.576,0.0200
19.5000,1,57.542,0.0200
19.6000,1,8.074,0.0200
19.7000,1,0.603,0.0200
19.8000,1,5.874,0.0200
19.9000,1,0.210,0.0200
20.0000,1,0.228,0.0200
20.1000,1,8.495,0.0200
20.2000,1,14.449,0.0200
20.3000,1,8.150,0.0200
20.4000,1,42.361,0.0200
20.5000,1,22.017,0.0200
20.6000,1,14.850,0.0200
20.7000,1,0.354,0.0200
20.8000,1,1.724,0.0200
20.9000,1,7.457,0.0200
21.0000,1,0.489,0.0200
21.1000,1,0.712,0.0200
21.2000,1,0.423,0.0200
21.3000,1,1.779,0.0200
21.4000,1,7.429,0.0200
21.5000,1,41.150,0.0200
21.6000,1,5.929,0.0200
21.7000,1,3.055,0.0200
21.8000,1,0.953,0.0200
21.9000,1,50.424,0.0200
22.0000,1,8.479,0.0200
22.1000,1,18.705,0.0200
22.2000,1,0.957,0.0200
22.3000,1,0.671,0.0200
22.4000,1,8.425,0.0200
22.5000,1,6.648,0.0200
22.6000,1,43.178,0.0200
22.7000,1,1.809,0.0200
22.8000,1,3.650,0.0200
22.9000,1,2.281,0.0200
23.0000,1,31.688,0.0900
23.1000,1,1.411,0.0900
23.2000,1,20.334,0.0900
23.3000,1,5.017,0.0900
23.4000,1,13.988,0.0900
23.5000,1,53.517,0.0900
23.6000,1,12.941,0.0900
23.7000,1,140.680,0.0900
23.8000,1,9.862,0.0900
23.9000,1,0.252,0.0900
24.0000,1,10.220,0.0900
24.1000,1,3.809,0.0900
24.2000,1,1.256,0.0900
24.3000,1,3.847,0.0900
24.4000,1,1.218,0.0900
24.5000,1,11.044,0.0200
24.6000,1,8.627,0.0200
24.7000,1,24.029,0.0200
24.8000,1,15.399,0.0200
24.9000,1,15.827,0.0200
25.0000,1,0.519,0.0200
25.1000,1,3.317,0.0200
25.2000,1,0.198,0.0200
25.3000,1,14.496,0.0200
25.4000,1,5.245,0.0200
25.5000,1,8.339,0.0200
25.6000,1,4.456,0.0200
25.7000,1,8.728,0.0200
25.8000,1,0.168,0.0200
25.9000,1,9.014,0.0200
26.0000,1,99.351,0.0200
26.1000,1,9.791,0.0200
26.2000,1,2.427,0.0200
26.3000,1,48.399,0.0200
26.4000,1,8.996,0.0200
26.5000,1,9.722,0.0200
26.6000,1,145.864,0.0200
26.7000,1,11.328,0.0900
26.8000,1,1.736,0.0900
26.9000,1,1.242,0.0900
27.0000,1,33.665,0.0200
27.1000,1,0.331,0.0200
27.2000,1,2.183,0.0200
27.3000,1,1.634,0.0200
27.4000,1,27.144,0.0200
27.5000,1,3.582,0.0200
27.6000,1,6.886,0.0900
27.7000,1,0.216,0.0900
27.8000,1,2.146,0.0900
27.9000,1,4.791,0.0900
28.0000,1,4.658,0.0900
28.1000,1,5.014,0.0900
28.2000,1,13.572,0.0900
28.3000,1,7.625,0.0900
28.4000,1,47.420,0.0900
28.5000,1,2.072,0.0900
28.6000,1,4.086,0.0900
28.7000,1,2.373,0.0900
28.8000,1,69.435,0.0900
28.9000,1,42.499,0.0900
29.0000,1,0.530,0.0900
29.1000,1,0.581,0.0900
29.2000,1,23.086,0.0900
29.3000,1,28.327,0.0900
29.4000,1,12.364,0.0900
29.5000,1,0.426,0.0900
29.6000,1,1.918,0.0900
29.7000,1,1.675,0.0900
29.8000,1,3.224,0.0900
29.9000,1,3.676,0.0900
30.0000,1,0.322,0.0900
30.1000,1,1.597,0.0900
30.2000,1,2.006,0.0200
30.3000,1,0.147,0.0200
30.4000,1,84.609,0.0200
30.5000,1,84.038,0.0200
30.6000,1,1.211,0.0200
30.7000,1,2.029,0.0200
30.8000,1,2.118,0.0200
30.9000,1,1.378,0.0200
31.0000,1,12.628,0.0200
31.1000,1,0.801,0.0200
31.2000,1,24.057,0.0200
31.3000,1,14.368,0.0200
31.4000,1,4.892,0.0200
31.5000,1,134.833,0.0200
31.6000,1,20.736,0.0200
31.7000,1,2.693,0.0200
31.8000,1,3.592,0.0200
31.9000,1,35.556,0.0200
32.0000,1,1.355,0.0200
32.1000,1,0.850,0.0200
32.2000,1,19.967,0.0200
32.3000,1,17.465,0.0200
32.4000,1,1.465,0.0200
32.5000,1,128.248,0.0200
32.6000,1,2.581,0.0200
32.7000,1,29.351,0.0200
32.8000,1,11.544,0.0200
32.9000,1,1.328,0.0200
33.0000,1,4.295,0.0200
33.1000,1,0.082,0.0200
33.2000,1,27.597,0.0200
33.3000,1,5.908,0.0200
33.4000,1,26.470,0.0200
33.5000,1,1.288,0.0200
33.6000,1,3.835,0.0200
33.7000,1,0.514,0.0200
33.8000,1,1.515,0.0200
33.9000,1,19.294,0.0200
34.0000,1,12.692,0.0200
34.1000,1,50.081,0.0200
34.2000,1,31.222,0.0200
34.3000,1,6.919,0.0200
34.4000,1,0.075,0.0200
34.5000,1,59.979,0.0200
34.6000,1,7.591,0.0200
34.7000,1,1100.763,0.0200
34.8000,1,125.392,0.0200
34.9000,1,15.766,0.0200
35.0000,1,8.027,0.0200
35.1000,1,3.269,0.0200
35.2000,1,0.864,0.0200
35.3000,1,1.873,0.0200
35.4000,1,4.898,0.0200
35.5000,1,0.876,0.0200
35.6000,1,3.206,0.0200
35.7000,1,32.460,0.0200
35.8000,1,0.979,0.0200
35.9000,1,3.653,0.0200
36.0000,1,3.177,0.0200
36.1000,1,6.612,0.0200
36.2000,1,1.071,0.0200
36.3000,1,2.498,0.0200
36.4000,1,0.106,0.0200
36.5000,1,3.810,0.0200
36.6000,1,16.111,0.0200
36.7000,1,16.212,0.0200
36.8000,1,33.313,0.0200
36.9000,1,0.916,0.0200
37.0000,1,8.409,0.0200
37.1000,1,6.227,0.0200
37.2000,1,3.393,0.0200
37.3000,1,8.983,0.0200
37.4000,1,5.897,0.0200
37.5000,1,1.112,0.0200
37.6000,1,82.640,0.0200
37.7000,1,79.304,0.0200
37.8000,1,0.676,0.0200
37.9000,1,13.751,0.0200
38.0000,1,1.796,0.0200
38.1000,1,20.855,0.0200
38.2000,1,1.444,0.0200
38.3000,1,0.750,0.0200
38.4000,1,12.280,0.0200
38.5000,1,2.182,0.0200
38.6000,1,8.054,0.0200
38.7000,1,2.554,0.0200
38.8000,1,0.843,0.0200
38.9000,1,0.070,0.0200
39.0000,1,28.213,0.0200
39.1000,1,9.129,0.0200
39.2000,1,0.142,0.0200
39.3000,1,0.837,0.0200
39.4000,1,3.411,0.0200
39.5000,1,46.594,0.0200
39.6000,1,16.864,0.0200
39.7000,1,19.812,0.0200
39.8000,1,10.014,0.0200
39.9000,1,5.061,0.0200
40.0000,1,6.369,0.0200
40.1000,1,10.450,0.0200
40.2000,1,1.878,0.0200
40.3000,1,0.161,0.0200
40.4000,1,9.544,0.0200
40.5000,1,3.700,0.0200
40.6000,1,0.405,0.0200
40.7000,1,3.407,0.0200
40.8000,1,34.636,0.0200
40.9000,1,1.116,0.0200
41.0000,1,2.916,0.0200
41.1000,1,2.312,0.0200
41.2000,1,1.174,0.0200
41.3000,1,1.548,0.0200
41.4000,1,3.496,0.0200
41.5000,1,22.054,0.0200
41.6000,1,6.055,0.0200
41.7000,1,21.074,0.0200
41.8000,1,3.534,0.0200
41.9000,1,5.812,0.0200
42.0000,1,0.356,0.0900
42.1000,1,10.258,0.0900
42.2000,1,22.203,0.0900
42.3000,1,5.692,0.0900
42.4000,1,28.178,0.0900
42.5000,1,36.237,0.0900
42.6000,1,6.526,0.0900
42.7000,1,11.055,0.0200
42.8000,1,131.091,0.0200
42.9000,1,1.410,0.0200
43.0000,1,9.841,0.0200
43.1000,1,108.681,0.0200
43.2000,1,1.837,0.0200
43.3000,1,120.720,0.0200
43.4000,1,6.600,0.0200
43.5000,1,1.776,0.0200
43.6000,1,14.489,0.0200
43.7000,1,20.570,0.0200
43.8000,1,2.543,0.0200
43.9000,1,7.927,0.0200
44.0000,1,3.048,0.0200
44.1000,1,2.187,0.0200
44.2000,1,10.658,0.0200
44.3000,1,28.367,0.0200
44.4000,1,1.459,0.0200
44.5000,1,4.281,0.0200
44.6000,1,161.984,0.0200
44.7000,1,14.668,0.0200
44.8000,1,0.486,0.0200
44.9000,1,19.959,0.0200
45.0000,1,0.799,0.0200
45.1000,1,0.444,0.0200
45.2000,1,5.015,0.0200
45.3000,1,54.852,0.0200
45.4000,1,26.486,0.0200
45.5000,1,59.632,0.0200
45.6000,1,21.883,0.0200
45.7000,1,3.175,0.0200
45.8000,1,13.163,0.0200
45.9000,1,105.248,0.0200
46.0000,1,161.451,0.0200
46.1000,1,0.403,0.0200
46.2000,1,9.429,0.0200
46.3000,1,1.850,0.0200
46.4000,1,27.082,0.0200
46.5000,1,17.623,0.0200
46.6000,1,5.679,0.0200
46.7000,1,1.736,0.0200
46.8000,1,11.486,0.0900
46.9000,1,4.906,0.0900
47.0000,1,7.174,0.0900
47.1000,1,4.388,0.0900
47.2000,1,9.723,0.0900
47.3000,1,5.777,0.0900
47.4000,1,22.071,0.0900
47.5000,1,0.055,0.0900
47.6000,1,3.738,0.0900
47.7000,1,2.491,0.0900
47.8000,1,9.622,0.0900
47.9000,1,23.227,0.0900
48.0000,1,8.033,0.0900
48.1000,1,6.269,0.0900
48.2000,1,2.463,0.0900
48.3000,1,19.043,0.0900
48.4000,1,120.141,0.0200
48.5000,1,11.400,0.0200
48.6000,1,8.213,0.0900
48.7000,1,11.485,0.0900
48.8000,1,2.260,0.0900
48.9000,1,1.506,0.0900
49.0000,1,1.383,0.0900
49.1000,1,7.413,0.0900
49.2000,1,18.531,0.0900
49.3000,1,8.917,0.0900
49.4000,1,3.216,0.0900
49.5000,1,15.427,0.0900
49.6000,1,3.125,0.0900
49.7000,1,9.535,0.0900
49.8000,1,2.190,0.0900
49.9000,1,9.825,0.0900
50.0000,1,1.147,0.0900
50.1000,1,0.374,0.0900
50.2000,1,12.804,0.0900
50.3000,1,56.924,0.0900
50.4000,1,2.544,0.0200
50.5000,1,0.078,0.0200
50.6000,1,34.898,0.0200
50.7000,1,6.833,0.0200
50.8000,1,261.996,0.0200
50.9000,1,61.601,0.0200
51.0000,1,2.246,0.0200
51.1000,1,5.077,0.0200
51.2000,1,12.435,0.0200
51.3000,1,1.963,0.0200
51.4000,1,75.060,0.0200
51.5000,1,16.375,0.0200
51.6000,1,1.487,0.0200
51.7000,1,54.703,0.0200
51.8000,1,0.645,0.0200
51.9000,1,14.938,0.0200
52.0000,1,0.660,0.0200
52.1000,1,29.532,0.0200
52.2000,1,1.420,0.0200
52.3000,1,2.219,0.0200
52.4000,1,9.242,0.0200
52.5000,1,9.798,0.0200
52.6000,1,10.083,0.0200
52.7000,1,6.671,0.0200
52.8000,1,1.031,0.0200
52.9000,1,3.689,0.0200
53.0000,1,5.349,0.0200
53.1000,1,9.087,0.0200
53.2000,1,1.985,0.0200
53.3000,1,18.676,0.0200
53.4000,1,2.537,0.0200
53.5000,1,1.763,0.0200
53.6000,1,1.054,0.0200
53.7000,1,1.012,0.0200
53.8000,1,0.929,0.0200
53.9000,1,1.711,0.0200
54.0000,1,59.202,0.0200
54.1000,1,5.318,0.0200
54.2000,1,103.242,0.0200
54.3000,1,0.257,0.0200
54.4000,1,19.678,0.0200
54.5000,1,15.920,0.0200
54.6000,1,0.301,0.0200
54.7000,1,6.845,0.0200
54.8000,1,6.912,0.0200
54.9000,1,9.893,0.0200
55.0000,1,1.784,0.0200
55.1000,1,10.791,0.0200
55.2000,1,28.465,0.0200
55.3000,1,0.925,0.0200
55.4000,1,2.632,0.0200
55.5000,1,14.002,0.0200
55.6000,1,1.098,0.0200
55.7000,1,21.889,0.0200
55.8000,1,5.156,0.0200
55.9000,1,23.548,0.0200
56.0000,1,0.031,0.0200
56.1000,1,25.486,0.0200
56.2000,1,11.636,0.0200
56.3000,1,15.746,0.0200
56.4000,1,1.564,0.0200
56.5000,1,84.660,0.0200
56.6000,1,1.431,0.0200
56.7000,1,24.668,0.0200
56.8000,1,4.460,0.0200
56.9000,1,0.209,0.0200
57.0000,1,15.302,0.0200
57.1000,1,5.558,0.0200
57.2000,1,1.440,0.0200
57.3000,1,3.917,0.0200
57.4000,1,523.514,0.0200
57.5000,1,1.640,0.0200
57.6000,1,27.490,0.0200
57.7000,1,3.898,0.0200
57.8000,1,7.016,0.0200
57.9000,1,25.320,0.0200
58.0000,1,24.765,0.0200
58.1000,1,10.212,0.0200
58.2000,1,0.945,0.0200
58.3000,1,8.128,0.0200
58.4000,1,7.391,0.0200
58.5000,1,1.843,0.0200
58.6000,1,0.838,0.0200
58.7000,1,39.445,0.0200
58.8000,1,0.720,0.0200
58.9000,1,16.016,0.0200
59.0000,1,1.441,0.0200
59.1000,1,15.512,0.0200
59.2000,1,0.188,0.0200
59.3000,1,22.140,0.0200
59.4000,1,2.993,0.0200
59.5000,1,1.017,0.0200
59.6000,1,142.193,0.0200
59.7000,1,4.809,0.0200
59.8000,1,7.260,0.0200
59.9000,1,6.634,0.0200
60.0000,1,18.335,0.0200
60.1000,1,2.065,0.0200
60.2000,1,75.674,0.0200
60.3000,1,1.316,0.0200
60.4000,1,2.031,0.0200
60.5000,1,7.143,0.0200
60.6000,1,182.877,0.0200
60.7000,1,2.304,0.0200
60.8000,1,9.977,0.0200
60.9000,1,2.441,0.0200
61.0000,1,1.441,0.0200
61.1000,1,8.288,0.0200
61.2000,1,62.264,0.0200
61.3000,1,0.563,0.0200
61.4000,1,7.678,0.0200
61.5000,1,12.466,0.0200
61.6000,1,3.543,0.0200
61.7000,1,3.047,0.0200
61.8000,1,1.354,0.0200
61.9000,1,2.527,0.0200
62.0000,1,1.919,0.0200
62.1000,1,24.840,0.0200
62.2000,1,1.848,0.0200
62.3000,1,8.589,0.0200
62.4000,1,42.330,0.0200
62.5000,1,0.964,0.0200
62.6000,1,1.102,0.0200
62.7000,1,5.473,0.0200
62.8000,1,2.029,0.0200
62.9000,1,26.375,0.0200
63.0000,1,19.149,0.0200
63.1000,1,8.679,0.0200
63.2000,1,38.171,0.0200
63.3000,1,3.147,0.0200
63.4000,1,6.152,0.0200
63.5000,1,37.762,0.0200
63.6000,1,301.973,0.0200
63.7000,1,2.629,0.0200
63.8000,1,3.073,0.0200
63.9000,1,73.017,0.0200
64.0000,1,5.959,0.0200
64.1000,1,0.474,0.0200
64.2000,1,11.102,0.0200
64.3000,1,5.362,0.0200
64.4000,1,6.983,0.0200
64.5000,1,26.052,0.0200
64.6000,1,2.341,0.0200
64.7000,1,2.132,0.0200
64.8000,1,1.624,0.0200
64.9000,1,42.486,0.0200
65.0000,1,9.237,0.0200
65.1000,1,0.067,0.0200
65.2000,1,26.991,0.0200
65.3000,1,11.088,0.0200
65.4000,1,0.048,0.0200
65.5000,1,84.889,0.0200
65.6000,1,122.908,0.0200
65.7000,1,6.508,0.0200
65.8000,1,16.145,0.0200
65.9000,1,2.773,0.0200
66.0000,1,2.384,0.0200
66.1000,1,38.157,0.0200
66.2000,1,2.573,0.0200
66.3000,1,2.450,0.0200
66.4000,1,11.696,0.0200
66.5000,1,0.489,0.0200
66.6000,1,2.490,0.0200
66.7000,1,20.113,0.0200
66.8000,1,0.252,0.0200
66.9000,1,4.003,0.0200
67.0000,1,2.471,0.0200
67.1000,1,1.347,0.0200
67.2000,1,0.610,0.0200
67.3000,1,1.002,0.0200
67.4000,1,1.499,0.0200
67.5000,1,1.206,0.0900
67.6000,1,3.116,0.0900
67.7000,1,2.422,0.0900
67.8000,1,0.848,0.0200
67.9000,1,8.376,0.0200
68.0000,1,7.494,0.0200
68.1000,1,0.459,0.0200
68.2000,1,27.217,0.0200
68.3000,1,3.496,0.0200
68.4000,1,12.736,0.0200
68.5000,1,1.462,0.0200
68.6000,1,0.825,0.0200
68.7000,1,5.144,0.0200
68.8000,1,0.923,0.0200
68.9000,1,25.980,0.0200
69.0000,1,173.125,0.0200
69.1000,1,17.343,0.0200
69.2000,1,5.015,0.0200
69.3000,1,2.485,0.0200
69.4000,1,1.223,0.0200
69.5000,1,3.474,0.0200
69.6000,1,1.232,0.0200
69.7000,1,1.773,0.0200
69.8000,1,44.392,0.0200
69.9000,1,2.701,0.0200
70.0000,1,17.526,0.0200
70.1000,1,28.333,0.0200
70.2000,1,6.373,0.0200
70.3000,1,9.432,0.0200
70.4000,1,6.661,0.0200
70.5000,1,1.280,0.0200
70.6000,1,3.370,0.0200
70.7000,1,15.445,0.0200
70.8000,1,0.551,0.0200
70.9000,1,2.172,0.0200
71.0000,1,9.987,0.0200
71.1000,1,12.854,0.0200
71.2000,1,5.396,0.0900
71.3000,1,2.856,0.0900
71.4000,1,10.063,0.0200
71.5000,1,8.091,0.0200
71.6000,1,5.468,0.0200
71.7000,1,5.403,0.0200
71.8000,1,8.880,0.0200
71.9000,1,1.868,0.0200
72.0000,1,27.094,0.0200
72.1000,1,43.166,0.0200
72.2000,1,3.511,0.0200
72.3000,1,0.103,0.0200
72.4000,1,0.686,0.0200
72.5000,1,16.697,0.0200
72.6000,1,0.987,0.0200
72.7000,1,11.034,0.0200
72.8000,1,0.618,0.0200
72.9000,1,12.948,0.0200
73.0000,1,6.093,0.0200
73.1000,1,5.205,0.0200
73.2000,1,2.569,0.0200
73.3000,1,9.774,0.0900
73.4000,1,0.729,0.0900
73.5000,1,8.475,0.0900
73.6000,1,3.325,0.0900
73.7000,1,76.781,0.0900
73.8000,1,0.168,0.0900
73.9000,1,6.873,0.0900
74.0000,1,1.550,0.0900
74.1000,1,11.482,0.0900
74.2000,1,24.030,0.0900
74.3000,1,0.481,0.0200
74.4000,1,52.180,0.0200
74.5000,1,2.347,0.0200
74.6000,1,3.294,0.0200
74.7000,1,1.498,0.0200
74.8000,1,0.108,0.0200
74.9000,1,2.090,0.0200
75.0000,1,0.577,0.0200
75.1000,1,0.298,0.0200
75.2000,1,32.959,0.0200
75.3000,1,30.769,0.0200
75.4000,1,8.077,0.0200
75.5000,1,0.967,0.0200
75.6000,1,32.502,0.0200
75.7000,1,5.716,0.0200
75.8000,1,3.160,0.0200
75.9000,1,1.214,0.0200
76.0000,1,5.901,0.0200
76.1000,1,3.305,0.0200
76.2000,1,2.693,0.0200
76.3000,1,2.705,0.0200
76.4000,1,14.307,0.0200
76.5000,1,12.239,0.0200
76.6000,1,46.176,0.0200
76.7000,1,2.962,0.0200
76.8000,1,0.624,0.0200
76.9000,1,6.362,0.0200
77.0000,1,0.308,0.0200
77.1000,1,1.040,0.0200
77.2000,1,27.622,0.0200
77.3000,1,73.062,0.0200
77.4000,1,10.790,0.0200
77.5000,1,6.458,0.0200
77.6000,1,2.834,0.0200
77.7000,1,5.884,0.0200
77.8000,1,5.222,0.0200
77.9000,1,8.239,0.0200
78.0000,1,1.286,0.0200
78.1000,1,6.810,0.0200
78.2000,1,0.467,0.0200
78.3000,1,0.335,0.0200
78.4000,1,32.050,0.0200
78.5000,1,741.851,0.0200
78.6000,1,6.728,0.0200
78.7000,1,5.316,0.0200
78.8000,1,47.916,0.0200
78.9000,1,0.523,0.0200
79.0000,1,0.351,0.0200
79.1000,1,16.547,0.0200
79.2000,1,53.489,0.0200
79.3000,1,13.267,0.0200
79.4000,1,3.550,0.0200
79.5000,1,97.809,0.0200
79.6000,1,2.088,0.0200
79.7000,1,3.967,0.0200
79.8000,1,2.319,0.0200
79.9000,1,0.665,0.0200
80.0000,1,3.417,0.0200
80.1000,1,4.012,0.0200
80.2000,1,4.079,0.0200
80.3000,1,12.879,0.0200
80.4000,1,1.836,0.0200
80.5000,1,41.818,0.0200
80.6000,1,2.939,0.0200
80.7000,1,0.838,0.0200
80.8000,1,0.753,0.0200
80.9000,1,2.451,0.0200
81.0000,1,3.489,0.0200
81.1000,1,9.776,0.0200
81.2000,1,6.109,0.0200
81.3000,1,31.536,0.0200
81.4000,1,2.242,0.0900
81.5000,1,15.183,0.0900
81.6000,1,5.814,0.0900
81.7000,1,14.520,0.0900
81.8000,1,1.482,0.0900
81.9000,1,21.589,0.0900
82.0000,1,0.913,0.0900
82.1000,1,201.271,0.0900
82.2000,1,0.369,0.0900
82.3000,1,2.276,0.0900
82.4000,1,4.341,0.0200
82.5000,1,63.034,0.0200
82.6000,1,91.344,0.0200
82.7000,1,0.940,0.0200
82.8000,1,37.651,0.0200
82.9000,1,0.452,0.0200
83.0000,1,105.769,0.0200
83.1000,1,2.223,0.0200
83.2000,1,12.923,0.0200
83.3000,1,7.409,0.0200
83.4000,1,1.197,0.0200
83.5000,1,5.613,0.0200
83.6000,1,10.128,0.0200
83.7000,1,0.708,0.0900
83.8000,1,9.762,0.0900
83.9000,1,3.949,0.0900
84.0000,1,1.377,0.0900
84.1000,1,29.289,0.0900
84.2000,1,1.538,0.0200
84.3000,1,0.320,0.0200
84.4000,1,16.478,0.0200
84.5000,1,0.982,0.0200
84.6000,1,5.944,0.0200
84.7000,1,1.000,0.0200
84.8000,1,44.541,0.0200
84.9000,1,6.753,0.0200
85.0000,1,16.513,0.0200
85.1000,1,1.841,0.0200
85.2000,1,0.995,0.0200
85.3000,1,4.349,0.0200
85.4000,1,14.051,0.0200
85.5000,1,14.427,0.0200
85.6000,1,67.955,0.0200
85.7000,1,8.370,0.0200
85.8000,1,72.562,0.0200
85.9000,1,0.789,0.0200
86.0000,1,2.800,0.0200
86.1000,1,0.969,0.0200
86.2000,1,6.605,0.0200
86.3000,1,1.043,0.0200
86.4000,1,11.844,0.0200
86.5000,1,5.057,0.0200
86.6000,1,7.690,0.0200
86.7000,1,8.381,0.0200
86.8000,1,3.045,0.0200
86.9000,1,30.200,0.0200
87.0000,1,172.632,0.0200
87.1000,1,12.415,0.0200
87.2000,1,6.940,0.0200
87.3000,1,13.005,0.0200
87.4000,1,1.913,0.0200
87.5000,1,1.278,0.0200
87.6000,1,1.737,0.0900
87.7000,1,11.448,0.0900
87.8000,1,8.863,0.0900
87.9000,1,72.420,0.0900
88.0000,1,0.498,0.0900
88.1000,1,13.026,0.0900
88.2000,1,54.673,0.0900
88.3000,1,0.701,0.0900
88.4000,1,22.408,0.0900
88.5000,1,13.560,0.0900
88.6000,1,5.371,0.0900
88.7000,1,0.401,0.0900
88.8000,1,1.563,0.0900
88.9000,1,20.492,0.0900
89.0000,1,27.566,0.0900
89.1000,1,4.127,0.0900
89.2000,1,3.543,0.0900
89.3000,1,45.377,0.0900
89.4000,1,7.108,0.0900
89.5000,1,13.799,0.0900
89.6000,1,18.138,0.0900
89.7000,1,0.248,0.0900
89.8000,1,924.783,0.0900
89.9000,1,14.446,0.0900
90.0000,1,134.607,0.0900
90.1000,1,1.623,0.0900
90.2000,1,0.364,0.0900
90.3000,1,14.099,0.0900
90.4000,1,0.359,0.0200
90.5000,1,1.780,0.0200
90.6000,1,4.752,0.0200
90.7000,1,0.614,0.0200
90.8000,1,6.084,0.0200
90.9000,1,5.094,0.0200
91.0000,1,3.511,0.0200
91.1000,1,2.164,0.0200
91.2000,1,48.763,0.0200
91.3000,1,5.647,0.0200
91.4000,1,7.733,0.0200
91.5000,1,10.682,0.0200
91.6000,1,1.585,0.0200
91.7000,1,3.435,0.0200
91.8000,1,246.344,0.0200
91.9000,1,1.831,0.0200
92.0000,1,76.981,0.0200
92.1000,1,0.275,0.0200
92.2000,1,7.508,0.0200
92.3000,1,2.188,0.0200
92.4000,1,8.292,0.0200
92.5000,1,15.520,0.0200
92.6000,1,13.355,0.0200
92.7000,1,1.444,0.0200
92.8000,1,0.895,0.0200
92.9000,1,13.150,0.0200
93.0000,1,41.104,0.0200
93.1000,1,14.656,0.0200
93.2000,1,56.113,0.0200
93.3000,1,1.678,0.0200
93.4000,1,1.126,0.0200
93.5000,1,2.681,0.0200
93.6000,1,26.845,0.0200
93.7000,1,2.968,0.0200
93.8000,1,0.841,0.0200
93.9000,1,20.462,0.0200
94.0000,1,1.981,0.0200
94.1000,1,1.571,0.0200
94.2000,1,0.584,0.0200
94.3000,1,12.026,0.0900
94.4000,1,6.161,0.0200
94.5000,1,24.987,0.0200
94.6000,1,2.761,0.0200
94.7000,1,7.257,0.0200
94.8000,1,37.665,0.0200
94.9000,1,1.091,0.0200
95.0000,1,122.403,0.0200
95.1000,1,7.118,0.0200
95.2000,1,3.961,0.0200
95.3000,1,13.021,0.0200
95.4000,1,8.309,0.0200
95.5000,1,3.104,0.0200
95.6000,1,6.873,0.0200
95.7000,1,19.386,0.0200
95.8000,1,87.198,0.0200
95.9000,1,39.043,0.0200
96.0000,1,52.263,0.0200
96.1000,1,21.044,0.0200
96.2000,1,6.462,0.0200
96.3000,1,1.062,0.0200
96.4000,1,3.821,0.0200
96.5000,1,1.877,0.0200
96.6000,1,17.791,0.0200
96.7000,1,0.110,0.0200
96.8000,1,2.964,0.0200
96.9000,1,13.182,0.0200
97.0000,1,10.056,0.0200
97.1000,1,10.221,0.0200
97.2000,1,9.923,0.0200
97.3000,1,0.567,0.0900
97.4000,1,52.933,0.0900
97.5000,1,23.096,0.0900
97.6000,1,44.035,0.0900
97.7000,1,8.339,0.0900
97.8000,1,3.048,0.0900
97.9000,1,23.567,0.0900
98.0000,1,2.018,0.0900
98.1000,1,0.921,0.0900
98.2000,1,0.235,0.0900
98.3000,1,1.306,0.0900
98.4000,1,3.843,0.0900
98.5000,1,0.421,0.0900
98.6000,1,0.300,0.0900
98.7000,1,1.886,0.0900
98.8000,1,27.409,0.0900
98.9000,1,3.025,0.0900
99.0000,1,7.921,0.0900
99.1000,1,0.828,0.0900
99.2000,1,6.401,0.0900
99.3000,1,12.369,0.0900
99.4000,1,0.564,0.0900
99.5000,1,2.150,0.0900
99.6000,1,2.696,0.0900
99.7000,1,9.293,0.0900
99.8000,1,1.817,0.0900
99.9000,1,0.288,0.0900
100.0000,1,1.999,0.0900
100.1000,1,54.673,0.0200
100.2000,1,45.725,0.0200
100.3000,1,1.941,0.0200
100.4000,1,1.213,0.0200
100.5000,1,0.971,0.0200
100.6000,1,2.538,0.0200
100.7000,1,6.691,0.0200
100.8000,1,18.472,0.0200
100.9000,1,85.008,0.0900
101.0000,1,3.624,0.0900
101.1000,1,95.358,0.0900
101.2000,1,30.600,0.0900
101.3000,1,3.287,0.0900
101.4000,1,0.474,0.0900
101.5000,1,4.395,0.0900
101.6000,1,72.134,0.0900
101.7000,1,3.857,0.0200
101.8000,1,97.512,0.0200
101.9000,1,0.833,0.0200
102.0000,1,112.019,0.0200
102.1000,1,2.317,0.0200
102.2000,1,1.114,0.0200
102.3000,1,2.206,0.0200
102.4000,1,1.918,0.0200
102.5000,1,0.373,0.0200
102.6000,1,1.170,0.0200
102.7000,1,0.104,0.0200
102.8000,1,40.119,0.0200
102.9000,1,14.272,0.0200
103.0000,1,1.977,0.0200
103.1000,1,1.407,0.0200
103.2000,1,53.302,0.0200
103.3000,1,0.917,0.0200
103.4000,1,24.272,0.0200
103.5000,1,47.858,0.0200
103.6000,1,17.715,0.0200
103.7000,1,5.310,0.0200
103.8000,1,16.351,0.0200
103.9000,1,4.167,0.0200
104.0000,1,33.929,0.0200
104.1000,1,1.759,0.0200
104.2000,1,120.937,0.0200
104.3000,1,20.722,0.0200
104.4000,1,4.151,0.0200
104.5000,1,38.242,0.0200
104.6000,1,31.630,0.0200
104.7000,1,3.102,0.0200
104.8000,1,0.851,0.0200
104.9000,1,0.632,0.0200
105.0000,1,1.648,0.0200
105.1000,1,3.545,0.0200
105.2000,1,4.088,0.0200
105.3000,1,261.052,0.0200
105.4000,1,5.263,0.0200
105.5000,1,6.839,0.0200
105.6000,1,2.070,0.0200
105.7000,1,60.925,0.0200
105.8000,1,0.519,0.0200
105.9000,1,8.449,0.0200
106.0000,1,4.807,0.0200
106.1000,1,4.586,0.0200
106.2000,1,5.987,0.0200
106.3000,1,2.168,0.0200
106.4000,1,0.930,0.0200
106.5000,1,31.735,0.0200
106.6000,1,54.306,0.0200
106.7000,1,17.076,0.0200
106.8000,1,45.956,0.0200
106.9000,1,7.504,0.0200
107.0000,1,0.128,0.0900
107.1000,1,1.023,0.0900
107.2000,1,12.676,0.0900
107.3000,1,0.112,0.0900
107.4000,1,7.043,0.0900
107.5000,1,9.782,0.0900
107.6000,1,9.185,0.0900
107.7000,1,0.931,0.0200
107.8000,1,3.073,0.0200
107.9000,1,3.172,0.0200
108.0000,1,8.229,0.0200
108.1000,1,3.567,0.0200
108.2000,1,0.305,0.0200
108.3000,1,286.804,0.0200
108.4000,1,9.555,0.0200
108.5000,1,3.772,0.0200
108.6000,1,2.285,0.0200
108.7000,1,19.604,0.0200
108.8000,1,7.889,0.0200
108.9000,1,11.398,0.0200
109.0000,1,0.456,0.0200
109.1000,1,0.174,0.0200
109.2000,1,51.301,0.0200
109.3000,1,7.953,0.0200
109.4000,1,8.878,0.0200
109.5000,1,38.807,0.0200
109.6000,1,2.895,0.0200
109.7000,1,12.817,0.0200
109.8000,1,0.273,0.0200
109.9000,1,4.722,0.0200
110.0000,1,4.835,0.0200
110.1000,1,28.848,0.0200
110.2000,1,2.598,0.0200
110.3000,1,176.378,0.0200
110.4000,1,0.075,0.0200
110.5000,1,33.271,0.0200
110.6000,1,0.288,0.0200
110.7000,1,28.983,0.0200
110.8000,1,21.030,0.0200
110.9000,1,1.841,0.0200
111.0000,1,2.914,0.0200
111.1000,1,3.590,0.0200
111.2000,1,20.793,0.0200
111.3000,1,2.324,0.0200
111.4000,1,9.849,0.0200
111.5000,1,6.475,0.0200
111.6000,1,16.828,0.0200
111.7000,1,7.777,0.0200
111.8000,1,12.037,0.0200
111.9000,1,19.583,0.0200
112.0000,1,18.644,0.0200
112.1000,1,17.670,0.0200
112.2000,1,4.273,0.0200
112.3000,1,4.895,0.0200
112.4000,1,1.649,0.0200
112.5000,1,16.150,0.0200
112.6000,1,1.185,0.0200
112.7000,1,3.888,0.0200
112.8000,1,4.877,0.0200
112.9000,1,14.806,0.0200
113.0000,1,12.955,0.0200
113.1000,1,18.514,0.0200
113.2000,1,8.091,0.0200
113.3000,1,0.593,0.0200
113.4000,1,2.552,0.0200
113.5000,1,7.617,0.0200
113.6000,1,10.481,0.0200
113.7000,1,1.631,0.0200
113.8000,1,2.075,0.0200
113.9000,1,4.792,0.0200
114.0000,1,0.818,0.0200
114.1000,1,4.271,0.0200
114.2000,1,36.435,0.0200
114.3000,1,0.739,0.0200
114.4000,1,0.598,0.0200
114.5000,1,31.113,0.0200
114.6000,1,4.403,0.0200
114.7000,1,78.778,0.0200
114.8000,1,0.617,0.0200
114.9000,1,29.590,0.0200
115.0000,1,8.996,0.0200
115.1000,1,0.794,0.0200
115.2000,1,10.377,0.0200
115.3000,1,211.306,0.0200
115.4000,1,23.923,0.0200
115.5000,1,8.265,0.0200
115.6000,1,3.220,0.0200
115.7000,1,0.661,0.0200
115.8000,1,0.639,0.0200
115.9000,1,3.055,0.0200
116.0000,1,25.411,0.0200
116.1000,1,4.395,0.0200
116.2000,1,89.564,0.0200
116.3000,1,1.211,0.0900
116.4000,1,0.973,0.0900
116.5000,1,6.502,0.0900
116.6000,1,5.129,0.0900
116.7000,1,74.452,0.0900
116.8000,1,17.308,0.0200
116.9000,1,6.347,0.0200
117.0000,1,1.649,0.0200
117.1000,1,18.562,0.0200
117.2000,1,330.666,0.0200
117.3000,1,7.043,0.0200
117.4000,1,0.732,0.0200
117.5000,1,0.434,0.0200
117.6000,1,3.308,0.0200
117.7000,1,8.470,0.0200
117.8000,1,1.832,0.0200
117.9000,1,2.803,0.0200
118.0000,1,2.683,0.0200
118.1000,1,51.109,0.0200
118.2000,1,0.719,0.0200
118.3000,1,2.657,0.0200
118.4000,1,35.883,0.0200
118.5000,1,74.263,0.0200
118.6000,1,2.255,0.0200
118.7000,1,4.483,0.0200
118.8000,1,135.672,0.0200
118.9000,1,52.272,0.0200
119.0000,1,1.610,0.0200
119.1000,1,1.237,0.0200
119.2000,1,7.677,0.0200
119.3000,1,1.370,0.0200
119.4000,1,3.117,0.0200
119.5000,1,11.240,0.0200
119.6000,1,0.403,0.0200
119.7000,1,9.606,0.0200
119.8000,1,13.735,0.0200
119.9000,1,4.299,0.0200
120.0000,1,25.113,0.0200
120.1000,1,2.179,0.0200
120.2000,1,3.860,0.0200
120.3000,1,0.313,0.0200
120.4000,1,0.044,0.0200
120.5000,1,0.979,0.0200
120.6000,1,5.250,0.0900
120.7000,1,5.880,0.0900
120.8000,1,3.552,0.0900
120.9000,1,3.572,0.0900
121.0000,1,4.768,0.0900
121.1000,1,6.167,0.0900
121.2000,1,1.602,0.0900
121.3000,1,0.404,0.0200
121.4000,1,16.054,0.0200
121.5000,1,0.615,0.0200
121.6000,1,66.850,0.0200
121.7000,1,0.957,0.0200
121.8000,1,3.082,0.0200
121.9000,1,26.158,0.0200
122.0000,1,2.541,0.0200
122.1000,1,0.760,0.0200
122.2000,1,4.000,0.0200
122.3000,1,24.813,0.0200
122.4000,1,5.319,0.0200
122.5000,1,4.038,0.0200
122.6000,1,4.466,0.0200
122.7000,1,44.037,0.0200
122.8000,1,0.652,0.0200
122.9000,1,8.694,0.0200
123.0000,1,292.877,0.0200
123.1000,1,5.503,0.0200
123.2000,1,21.491,0.0200
123.3000,1,1.667,0.0200
123.4000,1,2.240,0.0200
123.5000,1,6.192,0.0200
123.6000,1,4.736,0.0200
123.7000,1,1.083,0.0200
123.8000,1,21.135,0.0200
123.9000,1,2.499,0.0200
124.0000,1,18.139,0.0200
124.1000,1,4.726,0.0200
124.2000,1,55.033,0.0200
124.3000,1,4.205,0.0200
124.4000,1,1.331,0.0200
124.5000,1,36.730,0.0200
124.6000,1,0.541,0.0200
124.7000,1,2.960,0.0200
124.8000,1,3.333,0.0200
124.9000,1,31.057,0.0200
125.0000,1,11.778,0.0200
125.1000,1,7.361,0.0200
125.2000,1,81.934,0.0200
125.3000,1,6.613,0.0200
125.4000,1,0.586,0.0200
125.5000,1,0.794,0.0200
125.6000,1,0.489,0.0200
125.7000,1,4.977,0.0200
125.8000,1,4.579,0.0200
125.9000,1,9.272,0.0200
126.0000,1,7.593,0.0200
126.1000,1,7.000,0.0200
126.2000,1,88.227,0.0200
126.3000,1,8.919,0.0200
126.4000,1,1.267,0.0200
126.5000,1,2.312,0.0200
126.6000,1,2.274,0.0200
126.7000,1,4.524,0.0200
126.8000,1,0.442,0.0200
126.9000,1,30.833,0.0200
127.0000,1,0.632,0.0200
127.1000,1,11.608,0.0200
127.2000,1,21.888,0.0200
127.3000,1,16.457,0.0200
127.4000,1,7.027,0.0200
127.5000,1,5.678,0.0200
127.6000,1,80.701,0.0200
127.7000,1,18.816,0.0200
127.8000,1,0.570,0.0200
127.9000,1,14.528,0.0200
128.0000,1,0.843,0.0200
128.1000,1,20.355,0.0200
128.2000,1,19.683,0.0200
128.3000,1,408.632,0.0200
128.4000,1,6.978,0.0200
128.5000,1,3.888,0.0200
128.6000,1,3.362,0.0200
128.7000,1,15.165,0.0200
128.8000,1,13.125,0.0200
128.9000,1,12.277,0.0200
129.0000,1,42.895,0.0200
129.1000,1,13.319,0.0200
129.2000,1,0.463,0.0200
129.3000,1,2.551,0.0200
129.4000,1,6.768,0.0200
129.5000,1,12.158,0.0200
129.6000,1,0.786,0.0200
129.7000,1,37.105,0.0200
129.8000,1,2.964,0.0200
129.9000,1,26.489,0.0200
130.0000,1,23.566,0.0200
130.1000,1,1.889,0.0200
130.2000,1,17.257,0.0200
130.3000,1,40.920,0.0200
130.4000,1,7.192,0.0200
130.5000,1,16.960,0.0200
130.6000,1,0.793,0.0200
130.7000,1,0.770,0.0200
130.8000,1,11.513,0.0200
130.9000,1,0.255,0.0200
131.0000,1,1.967,0.0200
131.1000,1,4.763,0.0200
131.2000,1,17.268,0.0200
131.3000,1,57.014,0.0200
131.4000,1,29.262,0.0200
131.5000,1,0.650,0.0200
131.6000,1,3.182,0.0200
131.7000,1,11.475,0.0200
131.8000,1,2.824,0.0200
131.9000,1,11.479,0.0200
132.0000,1,1.027,0.0200
132.1000,1,1.109,0.0200
132.2000,1,499.657,0.0200
132.3000,1,2.609,0.0200
132.4000,1,4.814,0.0200
132.5000,1,36.461,0.0200
132.6000,1,5.592,0.0200
132.7000,1,56.079,0.0200
132.8000,1,431.726,0.0200
132.9000,1,9.286,0.0200
133.0000,1,982.413,0.0200
133.1000,1,2.904,0.0200
133.2000,1,0.103,0.0200
133.3000,1,10.593,0.0200
133.4000,1,15.549,0.0200
133.5000,1,0.702,0.0200
133.6000,1,0.608,0.0200
133.7000,1,1.305,0.0200
133.8000,1,0.343,0.0900
133.9000,1,5.666,0.0900
134.0000,1,1.764,0.0900
134.1000,1,103.253,0.0200
134.2000,1,36.509,0.0200
134.3000,1,3.796,0.0200
134.4000,1,4.016,0.0200
134.5000,1,61.205,0.0200
134.6000,1,21.763,0.0200
134.7000,1,0.458,0.0200
134.8000,1,7.760,0.0200
134.9000,1,11.808,0.0200
135.0000,1,8.132,0.0200
135.1000,1,27.978,0.0200
135.2000,1,2.657,0.0200
135.3000,1,0.285,0.0200
135.4000,1,33.544,0.0200
135.5000,1,0.987,0.0200
135.6000,1,2.615,0.0200
135.7000,1,8.749,0.0200
135.8000,1,0.533,0.0200
135.9000,1,4.264,0.0200
136.0000,1,0.907,0.0200
136.1000,1,1.721,0.0200
136.2000,1,0.970,0.0200
136.3000,1,0.704,0.0200
136.4000,1,21.118,0.0200
136.5000,1,16.125,0.0200
136.6000,1,6.283,0.0200
136.7000,1,1.933,0.0200
136.8000,1,0.655,0.0200
136.9000,1,0.072,0.0200
137.0000,1,1.889,0.0200
137.1000,1,2.832,0.0200
137.2000,1,8.383,0.0200
137.3000,1,24.105,0.0200
137.4000,1,4.543,0.0200
137.5000,1,5.646,0.0200
137.6000,1,1.720,0.0200
137.7000,1,3.801,0.0200
137.8000,1,11.972,0.0200
137.9000,1,1.029,0.0200
138.0000,1,4.486,0.0200
138.1000,1,5.494,0.0200
138.2000,1,1.012,0.0200
138.3000,1,0.763,0.0200
138.4000,1,48.989,0.0200
138.5000,1,19.055,0.0200
138.6000,1,2.780,0.0200
138.7000,1,4.631,0.0200
138.8000,1,18.632,0.0200
138.9000,1,0.921,0.0200
139.0000,1,4.692,0.0200
139.1000,1,20.581,0.0200
139.2000,1,1.244,0.0200
139.3000,1,7.245,0.0200
139.4000,1,0.188,0.0200
139.5000,1,5.606,0.0200
139.6000,1,4.029,0.0200
139.7000,1,121.937,0.0200
139.8000,1,7.313,0.0200
139.9000,1,2.294,0.0200
140.0000,1,12.283,0.0200
140.1000,1,7.287,0.0200
140.2000,1,1.001,0.0200
140.3000,1,5.138,0.0200
140.4000,1,131.670,0.0200
140.5000,1,10.483,0.0200
140.6000,1,0.406,0.0200
140.7000,1,3.387,0.0200
140.8000,1,9.766,0.0200
140.9000,1,4.362,0.0200
141.0000,1,57.353,0.0200
141.1000,1,2.545,0.0200
141.2000,1,81.744,0.0200
141.3000,1,1.843,0.0200
141.4000,1,5.259,0.0200
141.5000,1,38.345,0.0200
141.6000,1,0.358,0.0200
141.7000,1,1.177,0.0200
141.8000,1,13.709,0.0200
141.9000,1,64.325,0.0200
142.0000,1,1.702,0.0200
142.1000,1,13.454,0.0200
142.2000,1,0.749,0.0200
142.3000,1,12.935,0.0200
142.4000,1,73.497,0.0200
142.5000,1,3.159,0.0200
142.6000,1,2.386,0.0200
142.7000,1,46.032,0.0200
142.8000,1,16.748,0.0200
142.9000,1,27.658,0.0200
143.0000,1,37.668,0.0200
143.1000,1,4.404,0.0200
143.2000,1,27.789,0.0200
143.3000,1,108.823,0.0200
143.4000,1,2.799,0.0200
143.5000,1,23.282,0.0200
143.6000,1,2.578,0.0200
143.7000,1,59.549,0.0200
143.8000,1,13.454,0.0200
143.9000,1,0.600,0.0200
144.0000,1,7.187,0.0200
144.1000,1,2.163,0.0200
144.2000,1,21.021,0.0200
144.3000,1,3.930,0.0200
144.4000,1,4.302,0.0200
144.5000,1,15.557,0.0200
144.6000,1,2.392,0.0200
144.7000,1,0.054,0.0200
144.8000,1,2.090,0.0200
144.9000,1,1.910,0.0200
145.0000,1,64.867,0.0200
145.1000,1,0.334,0.0200
145.2000,1,99.869,0.0200
145.3000,1,6.539,0.0200
145.4000,1,10.201,0.0200
145.5000,1,3.863,0.0200
145.6000,1,3.770,0.0200
145.7000,1,1.945,0.0200
145.8000,1,149.152,0.0200
145.9000,1,1.578,0.0200
146.0000,1,10.988,0.0200
146.1000,1,7.050,0.0200
146.2000,1,5.380,0.0200
146.3000,1,26.893,0.0200
146.4000,1,12.656,0.0200
146.5000,1,0.269,0.0200
146.6000,1,0.309,0.0200
146.7000,1,2.145,0.0200
146.8000,1,53.100,0.0200
146.9000,1,123.995,0.0200
147.0000,1,2.770,0.0200
147.1000,1,5.631,0.0200
147.2000,1,0.766,0.0200
147.3000,1,8.885,0.0200
147.4000,1,8.492,0.0200
147.5000,1,1.769,0.0200
147.6000,1,4.213,0.0200
147.7000,1,11.502,0.0200
147.8000,1,90.318,0.0200
147.9000,1,129.645,0.0200
148.0000,1,399.614,0.0200
148.1000,1,1.796,0.0900
148.2000,1,0.122,0.0900
148.3000,1,5.993,0.0900
148.4000,1,0.749,0.0900
148.5000,1,12.022,0.0900
148.6000,1,2.850,0.0200
148.7000,1,1.470,0.0200
148.8000,1,4.654,0.0200
148.9000,1,28.687,0.0200
149.0000,1,9.693,0.0200
149.1000,1,5.002,0.0200
149.2000,1,1.259,0.0200
149.3000,1,0.768,0.0200
149.4000,1,9.505,0.0200
149.5000,1,2.574,0.0200
149.6000,1,0.978,0.0200
149.7000,1,12.757,0.0200
149.8000,1,5.054,0.0200
149.9000,1,3.158,0.0200
150.0000,1,72.671,0.0200
150.1000,1,1.698,0.0200
150.2000,1,25.949,0.0200
150.3000,1,6.487,0.0200
150.4000,1,10.833,0.0200
150.5000,1,6.126,0.0200
150.6000,1,26.408,0.0200
150.7000,1,67.759,0.0200
150.8000,1,0.564,0.0200
150.9000,1,39.364,0.0200
151.0000,1,3.239,0.0200
151.1000,1,9.443,0.0200
151.2000,1,8.462,0.0200
151.3000,1,2.140,0.0200
151.4000,1,1.992,0.0200
151.5000,1,7.152,0.0200
151.6000,1,1.864,0.0200
151.7000,1,16.671,0.0200
151.8000,1,0.414,0.0200
151.9000,1,3.803,0.0200
152.0000,1,51.966,0.0200
152.1000,1,3.849,0.0200
152.2000,1,1.062,0.0200
152.3000,1,4.492,0.0200
152.4000,1,0.946,0.0200
152.5000,1,19.042,0.0200
152.6000,1,6.212,0.0200
152.7000,1,3.390,0.0200
152.8000,1,16.642,0.0200
152.9000,1,4.453,0.0200
153.0000,1,1.561,0.0200
153.1000,1,2.921,0.0200
153.2000,1,1.374,0.0200
153.3000,1,0.804,0.0200
153.4000,1,14.098,0.0200
153.5000,1,1.662,0.0200
153.6000,1,1.796,0.0200
153.7000,1,22.678,0.0200
153.8000,1,0.533,0.0200
153.9000,1,1.260,0.0200
154.0000,1,1.981,0.0200
154.1000,1,70.894,0.0200
154.2000,1,3.712,0.0200
154.3000,1,6.692,0.0200
154.4000,1,5.542,0.0200
154.5000,1,0.627,0.0200
154.6000,1,9.379,0.0200
154.7000,1,20.866,0.0200
154.8000,1,87.379,0.0200
154.9000,1,3.599,0.0200
155.0000,1,13.689,0.0200
155.1000,1,23.569,0.0200
155.2000,1,5.713,0.0200
155.3000,1,175.074,0.0200
155.4000,1,135.593,0.0200
155.5000,1,59.787,0.0200
155.6000,1,0.621,0.0200
155.7000,1,3.406,0.0200
155.8000,1,19.070,0.0200
155.9000,1,6.036,0.0200
156.0000,1,0.301,0.0200
156.1000,1,7.711,0.0200
156.2000,1,157.240,0.0200
156.3000,1,83.721,0.0200
156.4000,1,22.224,0.0200
156.5000,1,6.116,0.0200
156.6000,1,5.376,0.0200
156.7000,1,8.763,0.0200
156.8000,1,2.335,0.0200
156.9000,1,2.425,0.0900
157.0000,1,7.242,0.0900
157.1000,1,170.204,0.0900
157.2000,1,14.225,0.0900
157.3000,1,8.312,0.0900
157.4000,1,33.903,0.0900
157.5000,1,91.144,0.0900
157.6000,1,39.153,0.0900
157.7000,1,0.955,0.0200
157.8000,1,99.687,0.0200
157.9000,1,23.935,0.0200
158.0000,1,0.668,0.0200
158.1000,1,3.105,0.0200
158.2000,1,0.141,0.0200
158.3000,1,1.406,0.0200
158.4000,1,4.701,0.0200
158.5000,1,8.899,0.0200
158.6000,1,2.804,0.0200
158.7000,1,7.491,0.0200
158.8000,1,2.259,0.0200
158.9000,1,10.861,0.0200
159.0000,1,5.235,0.0200
159.1000,1,14.554,0.0200
159.2000,1,25.826,0.0200
159.3000,1,18.519,0.0200
159.4000,1,3.526,0.0200
159.5000,1,0.285,0.0200
159.6000,1,12.206,0.0200
159.7000,1,0.478,0.0200
159.8000,1,19.635,0.0200
159.9000,1,38.957,0.0200
160.0000,1,28.576,0.0200
160.1000,1,42.244,0.0200
160.2000,1,32.760,0.0200
160.3000,1,1.227,0.0200
160.4000,1,0.592,0.0200
160.5000,1,0.127,0.0200
160.6000,1,6.191,0.0200
160.7000,1,11.296,0.0200
160.8000,1,9.263,0.0200
160.9000,1,4.656,0.0200
161.0000,1,26.969,0.0200
161.1000,1,8.570,0.0200
161.2000,1,0.345,0.0200
161.3000,1,0.488,0.0200
161.4000,1,41.324,0.0200
161.5000,1,12.240,0.0200
161.6000,1,0.439,0.0200
161.7000,1,45.415,0.0200
161.8000,1,2.538,0.0200
161.9000,1,38.345,0.0200
162.0000,1,2.442,0.0200
162.1000,1,36.241,0.0200
162.2000,1,19.014,0.0200
162.3000,1,2.405,0.0200
162.4000,1,2.347,0.0200
162.5000,1,49.850,0.0200
162.6000,1,9.419,0.0200
162.7000,1,0.814,0.0200
162.8000,1,0.982,0.0200
162.9000,1,2.208,0.0200
163.0000,1,3.793,0.0200
163.1000,1,0.647,0.0200
163.2000,1,90.976,0.0200
163.3000,1,1.027,0.0200
163.4000,1,0.869,0.0200
163.5000,1,0.222,0.0200
163.6000,1,3.756,0.0200
163.7000,1,2.973,0.0200
163.8000,1,17.172,0.0200
163.9000,1,2.209,0.0200
164.0000,1,4.602,0.0200
164.1000,1,3.806,0.0200
164.2000,1,4.940,0.0200
164.3000,1,2.546,0.0200
164.4000,1,1.638,0.0200
164.5000,1,6.861,0.0200
164.6000,1,32.409,0.0200
164.7000,1,357.596,0.0200
164.8000,1,0.808,0.0200
164.9000,1,1.074,0.0200
165.0000,1,3.989,0.0200
165.1000,1,21.733,0.0200
165.2000,1,7.568,0.0200
165.3000,1,1.773,0.0200
165.4000,1,21.024,0.0200
165.5000,1,0.523,0.0200
165.6000,1,2.673,0.0200
165.7000,1,1.239,0.0200
165.8000,1,0.915,0.0200
165.9000,1,0.528,0.0200
166.0000,1,1.629,0.0200
166.1000,1,1.517,0.0200
166.2000,1,0.374,0.0200
166.3000,1,0.396,0.0900
166.4000,1,1.323,0.0900
166.5000,1,10.964,0.0900
166.6000,1,0.658,0.0900
166.7000,1,9.092,0.0900
166.8000,1,4.897,0.0900
166.9000,1,10.745,0.0900
167.0000,1,0.297,0.0200
167.1000,1,1.091,0.0200
167.2000,1,13.495,0.0200
167.3000,1,130.550,0.0200
167.4000,1,1.631,0.0200
167.5000,1,0.266,0.0200
167.6000,1,7.981,0.0200
167.7000,1,51.558,0.0200
167.8000,1,6.465,0.0200
167.9000,1,1.524,0.0200
168.0000,1,1.556,0.0200
168.1000,1,27.102,0.0200
168.2000,1,330.712,0.0200
168.3000,1,53.544,0.0200
168.4000,1,14.313,0.0200
168.5000,1,11.182,0.0200
168.6000,1,4.195,0.0200
168.7000,1,6.219,0.0200
168.8000,1,4.035,0.0200
168.9000,1,0.226,0.0200
169.0000,1,0.085,0.0200
169.1000,1,11.039,0.0200
169.2000,1,3.674,0.0200
169.3000,1,1.547,0.0200
169.4000,1,6.576,0.0200
169.5000,1,6.608,0.0200
169.6000,1,0.842,0.0200
169.7000,1,0.628,0.0200
169.8000,1,17.056,0.0200
169.9000,1,0.897,0.0200
170.0000,1,5.911,0.0200
170.1000,1,5.069,0.0200
170.2000,1,2.749,0.0200
170.3000,1,2.996,0.0200
170.4000,1,4.179,0.0200
170.5000,1,3.983,0.0200
170.6000,1,0.636,0.0200
170.7000,1,3.271,0.0200
170.8000,1,13.866,0.0200
170.9000,1,69.715,0.0200
171.0000,1,51.626,0.0200
171.1000,1,0.077,0.0200
171.2000,1,25.129,0.0200
171.3000,1,4.713,0.0200
171.4000,1,0.754,0.0200
171.5000,1,3.246,0.0200
171.6000,1,42.150,0.0200
171.7000,1,6.483,0.0200
171.8000,1,2.278,0.0200
171.9000,1,1.284,0.0200
172.0000,1,3.385,0.0200
172.1000,1,2.854,0.0200
172.2000,1,0.898,0.0200
172.3000,1,0.291,0.0200
172.4000,1,0.886,0.0200
172.5000,1,7.286,0.0200
172.6000,1,0.101,0.0200
172.7000,1,0.847,0.0200
172.8000,1,259.025,0.0200
172.9000,1,11.411,0.0200
173.0000,1,115.338,0.0200
173.1000,1,26.499,0.0200
173.2000,1,27.852,0.0200
173.3000,1,16.999,0.0200
173.4000,1,1.880,0.0200
173.5000,1,7.081,0.0200
173.6000,1,63.267,0.0200
173.7000,1,7.699,0.0200
173.8000,1,2.889,0.0200
173.9000,1,4.274,0.0200
174.0000,1,58.085,0.0200
174.1000,1,0.521,0.0200
174.2000,1,119.200,0.0200
174.3000,1,3.039,0.0200
174.4000,1,3.446,0.0200
174.5000,1,2.114,0.0200
174.6000,1,6.308,0.0200
174.7000,1,5.597,0.0200
174.8000,1,9.652,0.0200
174.9000,1,2.350,0.0200
175.0000,1,0.691,0.0200
175.1000,1,1.540,0.0200
175.2000,1,0.846,0.0200
175.3000,1,0.403,0.0200
175.4000,1,10.018,0.0200
175.5000,1,10.190,0.0200
175.6000,1,0.211,0.0200
175.7000,1,0.628,0.0200
175.8000,1,27.061,0.0200
175.9000,1,12.037,0.0200
176.0000,1,40.032,0.0200
176.1000,1,1.003,0.0200
176.2000,1,0.084,0.0200
176.3000,1,0.242,0.0200
176.4000,1,8.027,0.0200
176.5000,1,0.480,0.0200
176.6000,1,56.934,0.0200
176.7000,1,4.663,0.0900
176.8000,1,9.613,0.0900
176.9000,1,13.561,0.0900
177.0000,1,29.954,0.0900
177.1000,1,5.803,0.0900
177.2000,1,9.145,0.0900
177.3000,1,0.190,0.0900
177.4000,1,0.674,0.0900
177.5000,1,9.969,0.0900
177.6000,1,5.981,0.0900
177.7000,1,2.413,0.0900
177.8000,1,1.252,0.0900
177.9000,1,15.489,0.0900
178.0000,1,6.820,0.0900
178.1000,1,2.450,0.0900
178.2000,1,150.660,0.0900
178.3000,1,2.837,0.0900
178.4000,1,1.391,0.0200
178.5000,1,37.653,0.0200
178.6000,1,0.937,0.0200
178.7000,1,1.425,0.0200
178.8000,1,8.771,0.0200
178.9000,1,82.761,0.0200
179.0000,1,2.190,0.0200
179.1000,1,0.139,0.0200
179.2000,1,34.622,0.0200
179.3000,1,4.585,0.0200
179.4000,1,24.777,0.0200
179.5000,1,11.269,0.0200
179.6000,1,43.059,0.0200
179.7000,1,5.859,0.0200
179.8000,1,0.218,0.0200
179.9000,1,4.116,0.0200
180.0000,1,67.808,0.0200
180.1000,1,96.900,0.0200
180.2000,1,37.132,0.0200
180.3000,1,7.058,0.0200
180.4000,1,0.738,0.0200
180.5000,1,67.575,0.0200
180.6000,1,0.834,0.0200
180.7000,1,4.965,0.0200
180.8000,1,3.161,0.0200
180.9000,1,11.546,0.0200
181.0000,1,13.361,0.0200
181.1000,1,623.352,0.0200
181.2000,1,66.088,0.0200
181.3000,1,4.252,0.0200
181.4000,1,2.975,0.0200
181.5000,1,0.636,0.0200
181.6000,1,18.438,0.0200
181.7000,1,0.231,0.0200
181.8000,1,0.358,0.0200
181.9000,1,4.019,0.0200
182.0000,1,7.023,0.0200
182.1000,1,2.345,0.0200
182.2000,1,15.040,0.0200
182.3000,1,2.334,0.0200
182.4000,1,57.585,0.0200
182.5000,1,10.701,0.0200
182.6000,1,2.496,0.0200
182.7000,1,1.017,0.0200
182.8000,1,106.776,0.0200
182.9000,1,2.219,0.0200
183.0000,1,0.340,0.0200
183.1000,1,15.153,0.0200
183.2000,1,1.798,0.0200
183.3000,1,286.420,0.0200
183.4000,1,2.020,0.0200
183.5000,1,0.485,0.0200
183.6000,1,0.351,0.0200
183.7000,1,0.165,0.0200
183.8000,1,17.408,0.0200
183.9000,1,129.013,0.0200
184.0000,1,7.705,0.0200
184.1000,1,3.057,0.0200
184.2000,1,0.776,0.0200
184.3000,1,19.015,0.0200
184.4000,1,0.571,0.0200
184.5000,1,1.840,0.0200
184.6000,1,2.855,0.0200
184.7000,1,33.876,0.0200
184.8000,1,18.635,0.0200
184.9000,1,59.036,0.0200
185.0000,1,270.078,0.0200
185.1000,1,3.843,0.0200
185.2000,1,156.898,0.0200
185.3000,1,77.363,0.0200
185.4000,1,8.140,0.0200
185.5000,1,63.738,0.0200
185.6000,1,32.061,0.0200
185.7000,1,98.947,0.0200
185.8000,1,0.068,0.0200
185.9000,1,1.057,0.0200
186.0000,1,0.546,0.0200
186.1000,1,8.523,0.0200
186.2000,1,8.072,0.0200
186.3000,1,0.588,0.0200
186.4000,1,1.593,0.0200
186.5000,1,6.500,0.0200
186.6000,1,3.855,0.0200
186.7000,1,5.074,0.0200
186.8000,1,2.486,0.0200
186.9000,1,0.631,0.0200
187.0000,1,14.317,0.0200
187.1000,1,0.507,0.0200
187.2000,1,19.561,0.0200
187.3000,1,7.346,0.0200
187.4000,1,24.811,0.0200
187.5000,1,23.174,0.0900
187.6000,1,0.375,0.0900
187.7000,1,0.607,0.0900
187.8000,1,0.077,0.0900
187.9000,1,0.391,0.0900
188.0000,1,0.725,0.0900
188.1000,1,20.540,0.0200
188.2000,1,11.877,0.0200
188.3000,1,0.230,0.0200
188.4000,1,16.987,0.0200
188.5000,1,1.673,0.0200
188.6000,1,6.606,0.0200
188.7000,1,5.132,0.0200
188.8000,1,2.958,0.0200
188.9000,1,37.034,0.0200
189.0000,1,0.382,0.0200
189.1000,1,12.864,0.0200
189.2000,1,50.122,0.0200
189.3000,1,2.519,0.0200
189.4000,1,1.681,0.0200
189.5000,1,0.927,0.0200
189.6000,1,7.010,0.0200
189.7000,1,8.674,0.0200
189.8000,1,8.073,0.0200
189.9000,1,0.108,0.0200
190.0000,1,79.181,0.0200
190.1000,1,21.790,0.0200
190.2000,1,3.554,0.0200
190.3000,1,12.230,0.0200
190.4000,1,0.480,0.0200
190.5000,1,9.642,0.0200
190.6000,1,1.370,0.0200
190.7000,1,9.176,0.0200
190.8000,1,0.790,0.0200
190.9000,1,2.180,0.0200
191.0000,1,11.379,0.0200
191.1000,1,1.860,0.0900
191.2000,1,6.389,0.0900
191.3000,1,4.079,0.0900
191.4000,1,43.833,0.0900
191.5000,1,19.231,0.0900
191.6000,1,6.730,0.0900
191.7000,1,232.608,0.0200
191.8000,1,8.933,0.0200
191.9000,1,1.776,0.0200
192.0000,1,95.570,0.0200
192.1000,1,2.556,0.0200
192.2000,1,2.634,0.0200
192.3000,1,0.896,0.0200
192.4000,1,3.812,0.0200
192.5000,1,17.140,0.0200
192.6000,1,0.233,0.0200
192.7000,1,3.966,0.0200
192.8000,1,0.325,0.0200
192.9000,1,47.601,0.0200
193.0000,1,5.047,0.0200
193.1000,1,50.510,0.0200
193.2000,1,3.978,0.0200
193.3000,1,0.268,0.0200
193.4000,1,2.182,0.0200
193.5000,1,1567.605,0.0200
193.6000,1,5.037,0.0200
193.7000,1,30.431,0.0200
193.8000,1,1.105,0.0200
193.9000,1,2.384,0.0200
194.0000,1,21.134,0.0200
194.1000,1,45.857,0.0200
194.2000,1,32.050,0.0200
194.3000,1,0.807,0.0200
194.4000,1,0.276,0.0200
194.5000,1,0.378,0.0200
194.6000,1,1.273,0.0200
194.7000,1,2.374,0.0200
194.8000,1,10.681,0.0200
194.9000,1,0.195,0.0200
195.0000,1,0.386,0.0200
195.1000,1,6.958,0.0200
195.2000,1,4.678,0.0200
195.3000,1,2.370,0.0200
195.4000,1,95.108,0.0200
195.5000,1,0.768,0.0200
195.6000,1,20.219,0.0200
195.7000,1,5.595,0.0200
195.8000,1,2.561,0.0200
195.9000,1,1.107,0.0200
196.0000,1,0.238,0.0200
196.1000,1,0.487,0.0200
196.2000,1,2.407,0.0200
196.3000,1,1.032,0.0200
196.4000,1,1.167,0.0200
196.5000,1,3.478,0.0200
196.6000,1,37.821,0.0200
196.7000,1,10.237,0.0200
196.8000,1,4.684,0.0200
196.9000,1,0.803,0.0200
197.0000,1,2.889,0.0200
197.1000,1,7.244,0.0200
197.2000,1,1.237,0.0200
197.3000,1,9.539,0.0200
197.4000,1,4.261,0.0200
197.5000,1,11.578,0.0200
197.6000,1,673.608,0.0200
197.7000,1,6.840,0.0200
197.8000,1,9.043,0.0200
197.9000,1,2.485,0.0200
198.0000,1,17.969,0.0200
198.1000,1,1.311,0.0200
198.2000,1,5.653,0.0200
198.3000,1,0.192,0.0200
198.4000,1,89.710,0.0200
198.5000,1,28.154,0.0200
198.6000,1,0.809,0.0200
198.7000,1,68.392,0.0200
198.8000,1,7.515,0.0200
198.9000,1,14.346,0.0200
199.0000,1,6.415,0.0200
199.1000,1,3.214,0.0200
199.2000,1,19.630,0.0200
199.3000,1,2.471,0.0200
199.4000,1,0.730,0.0200
199.5000,1,43.204,0.0200
199.6000,1,4.119,0.0200
199.7000,1,21.291,0.0200
199.8000,1,4.300,0.0200
199.9000,1,20.819,0.0200
200.0000,1,0.255,0.0200
200.1000,1,17.402,0.0200
200.2000,1,10.060,0.0200
200.3000,1,1.131,0.0200
200.4000,1,15.313,0.0200
200.5000,1,15.383,0.0200
200.6000,1,5.623,0.0200
200.7000,1,19.788,0.0200
200.8000,1,1.369,0.0200
200.9000,1,0.979,0.0200
201.0000,1,0.400,0.0200
201.1000,1,11.929,0.0200
201.2000,1,7.133,0.0200
201.3000,1,0.289,0.0200
201.4000,1,15.119,0.0200
201.5000,1,22.751,0.0200
201.6000,1,140.316,0.0200
201.7000,1,4.762,0.0200
201.8000,1,71.724,0.0200
201.9000,1,0.361,0.0200
202.0000,1,39.955,0.0200
202.1000,1,26.864,0.0200
202.2000,1,3.408,0.0200
202.3000,1,19.772,0.0200
202.4000,1,0.140,0.0200
202.5000,1,6.020,0.0900
202.6000,1,10.285,0.0200
202.7000,1,5.932,0.0200
202.8000,1,20.407,0.0200
202.9000,1,19.198,0.0200
203.0000,1,0.448,0.0200
203.1000,1,11.008,0.0200
203.2000,1,1.566,0.0200
203.3000,1,37.060,0.0200
203.4000,1,8.400,0.0200
203.5000,1,27.969,0.0200
203.6000,1,337.163,0.0200
203.7000,1,43.657,0.0200
203.8000,1,0.130,0.0200
203.9000,1,0.724,0.0200
204.0000,1,5.550,0.0200
204.1000,1,9.432,0.0200
204.2000,1,6.798,0.0200
204.3000,1,4.896,0.0200
204.4000,1,23.790,0.0200
204.5000,1,1.390,0.0200
204.6000,1,11.075,0.0200
204.7000,1,2.670,0.0200
204.8000,1,33.524,0.0200
204.9000,1,7.762,0.0200
205.0000,1,0.890,0.0200
205.1000,1,0.893,0.0200
205.2000,1,161.185,0.0200
205.3000,1,16.325,0.0200
205.4000,1,20.069,0.0200
205.5000,1,2.322,0.0200
205.6000,1,2.781,0.0200
205.7000,1,0.145,0.0900
205.8000,1,19.790,0.0900
205.9000,1,5.194,0.0900
206.0000,1,38.554,0.0900
206.1000,1,52.726,0.0900
206.2000,1,6.471,0.0900
206.3000,1,10.804,0.0900
206.4000,1,34.417,0.0900
206.5000,1,2.728,0.0900
206.6000,1,23.648,0.0900
206.7000,1,0.215,0.0900
206.8000,1,13.801,0.0900
206.9000,1,3.224,0.0900
207.0000,1,6.624,0.0900
207.1000,1,0.878,0.0200
207.2000,1,1.224,0.0200
207.3000,1,1.749,0.0200
207.4000,1,4.799,0.0200
207.5000,1,1.216,0.0200
207.6000,1,0.387,0.0200
207.7000,1,151.466,0.0200
207.8000,1,14.097,0.0200
207.9000,1,1.012,0.0200
208.0000,1,2.639,0.0200
208.1000,1,4.165,0.0200
208.2000,1,10.391,0.0200
208.3000,1,0.957,0.0200
208.4000,1,1.424,0.0200
208.5000,1,17.287,0.0200
208.6000,1,469.057,0.0200
208.7000,1,17.108,0.0200
208.8000,1,5.311,0.0200
208.9000,1,0.529,0.0200
209.0000,1,14.128,0.0200
209.1000,1,0.805,0.0200
209.2000,1,26.432,0.0200
209.3000,1,3.701,0.0200
209.4000,1,1.449,0.0200
209.5000,1,40.796,0.0200
209.6000,1,3.695,0.0200
209.7000,1,1.682,0.0200
209.8000,1,5.186,0.0200
209.9000,1,233.250,0.0200
210.0000,1,10.754,0.0200
210.1000,1,7.135,0.0200
210.2000,1,0.247,0.0900
210.3000,1,89.037,0.0900
210.4000,1,0.521,0.0900
210.5000,1,5.994,0.0900
210.6000,1,3.332,0.0900
210.7000,1,4.833,0.0900
210.8000,1,5.038,0.0900
210.9000,1,0.433,0.0900
211.0000,1,3.718,0.0900
211.1000,1,0.908,0.0900
211.2000,1,0.585,0.0900
211.3000,1,3.198,0.0200
211.4000,1,27.880,0.0200
211.5000,1,7.991,0.0200
211.6000,1,1.317,0.0200
211.7000,1,26.066,0.0200
211.8000,1,96.104,0.0200
211.9000,1,0.470,0.0200
212.0000,1,0.441,0.0200
212.1000,1,100.983,0.0200
212.2000,1,1.720,0.0200
212.3000,1,21.806,0.0200
212.4000,1,1.422,0.0200
212.5000,1,9.262,0.0200
212.6000,1,15.554,0.0900
212.7000,1,0.483,0.0900
212.8000,1,39.881,0.0200
212.9000,1,1.380,0.0200
213.0000,1,4.991,0.0200
213.1000,1,2.410,0.0200
213.2000,1,10.437,0.0200
213.3000,1,12.587,0.0200
213.4000,1,1.156,0.0200
213.5000,1,38.041,0.0200
213.6000,1,3.193,0.0200
213.7000,1,9.679,0.0200
213.8000,1,15.458,0.0200
213.9000,1,2.747,0.0200
214.0000,1,5.022,0.0200
214.1000,1,22.261,0.0200
214.2000,1,0.463,0.0200
214.3000,1,3.210,0.0200
214.4000,1,184.963,0.0200
214.5000,1,1.838,0.0200
214.6000,1,79.856,0.0200
214.7000,1,42.353,0.0200
214.8000,1,38.586,0.0200
214.9000,1,27.705,0.0200
215.0000,1,4.291,0.0200
215.1000,1,8.709,0.0200
215.2000,1,75.875,0.0200
215.3000,1,0.409,0.0200
215.4000,1,56.820,0.0200
215.5000,1,3.287,0.0200
215.6000,1,101.626,0.0200
215.7000,1,92.688,0.0200
215.8000,1,20.117,0.0200
215.9000,1,30.991,0.0200
216.0000,1,1.784,0.0200
216.1000,1,19.356,0.0200
216.2000,1,11.728,0.0200
216.3000,1,23.268,0.0200
216.4000,1,78.060,0.0200
216.5000,1,4.943,0.0200
216.6000,1,1.697,0.0200
216.7000,1,4.774,0.0200
216.8000,1,8.133,0.0200
216.9000,1,2.711,0.0200
217.0000,1,11.034,0.0200
217.1000,1,11.190,0.0200
217.2000,1,3.585,0.0200
217.3000,1,54.078,0.0200
217.4000,1,1.107,0.0200
217.5000,1,18.626,0.0200
217.6000,1,10.011,0.0200
217.7000,1,2.766,0.0200
217.8000,1,13.033,0.0200
217.9000,1,0.128,0.0200
218.0000,1,9.554,0.0200
218.1000,1,12.016,0.0200
218.2000,1,4.433,0.0200
218.3000,1,4.860,0.0200
218.4000,1,1.009,0.0200
218.5000,1,0.633,0.0200
218.6000,1,0.690,0.0200
218.7000,1,3.278,0.0200
218.8000,1,0.286,0.0200
218.9000,1,1.348,0.0200
219.0000,1,23.089,0.0200
219.1000,1,2.544,0.0200
219.2000,1,0.502,0.0200
219.3000,1,43.037,0.0200
219.4000,1,1.607,0.0200
219.5000,1,0.880,0.0200
219.6000,1,0.933,0.0200
219.7000,1,30.015,0.0200
219.8000,1,5.055,0.0200
219.9000,1,4.119,0.0200
220.0000,1,13.248,0.0200
220.1000,1,4.260,0.0200
220.2000,1,6.857,0.0200
220.3000,1,1.118,0.0200
220.4000,1,8.885,0.0200
220.5000,1,0.896,0.0200
220.6000,1,5.600,0.0200
220.7000,1,0.291,0.0200
220.8000,1,7.073,0.0200
220.9000,1,32.229,0.0200
221.0000,1,9.966,0.0200
221.1000,1,4.504,0.0200
221.2000,1,4.542,0.0200
221.3000,1,3.071,0.0200
221.4000,1,0.085,0.0200
221.5000,1,22.917,0.0200
221.6000,1,11.399,0.0200
221.7000,1,0.980,0.0200
221.8000,1,4.322,0.0200
221.9000,1,36.925,0.0200
222.0000,1,0.611,0.0200
222.1000,1,5.035,0.0200
222.2000,1,13.441,0.0200
222.3000,1,1.377,0.0200
222.4000,1,12.668,0.0200
222.5000,1,1.083,0.0200
222.6000,1,35.051,0.0200
222.7000,1,2.536,0.0200
222.8000,1,1.173,0.0200
222.9000,1,8.229,0.0200
223.0000,1,0.241,0.0200
223.1000,1,3.583,0.0200
223.2000,1,3.595,0.0200
223.3000,1,140.300,0.0200
223.4000,1,13.632,0.0200
223.5000,1,32.303,0.0200
223.6000,1,1.376,0.0200
223.7000,1,0.724,0.0200
223.8000,1,0.384,0.0200
223.9000,1,15.621,0.0200
224.0000,1,0.953,0.0200
224.1000,1,0.541,0.0200
224.2000,1,28.608,0.0200
224.3000,1,24.444,0.0200
224.4000,1,2.322,0.0200
224.5000,1,2.634,0.0200
224.6000,1,3.755,0.0200
224.7000,1,1.256,0.0200
224.8000,1,0.985,0.0200
224.9000,1,6.423,0.0200
225.0000,1,4.833,0.0200
225.1000,1,1.108,0.0200
225.2000,1,24.692,0.0200
225.3000,1,152.176,0.0200
225.4000,1,0.976,0.0200
225.5000,1,3.060,0.0200
225.6000,1,0.120,0.0200
225.7000,1,27.794,0.0200
225.8000,1,0.458,0.0200
225.9000,1,4.673,0.0200
226.0000,1,12.899,0.0200
226.1000,1,18.076,0.0200
226.2000,1,0.630,0.0200
226.3000,1,1.287,0.0200
226.4000,1,2.922,0.0200
226.5000,1,0.297,0.0200
226.6000,1,1.449,0.0200
226.7000,1,12.027,0.0200
226.8000,1,24.831,0.0200
226.9000,1,0.526,0.0200
227.0000,1,0.975,0.0200
227.1000,1,1.265,0.0200
227.2000,1,39.933,0.0200
227.3000,1,1.587,0.0200
227.4000,1,5.483,0.0200
227.5000,1,30.200,0.0200
227.6000,1,14.273,0.0200
227.7000,1,14.935,0.0200
227.8000,1,35.804,0.0200
227.9000,1,0.250,0.0200
228.0000,1,8.083,0.0200
228.1000,1,6.473,0.0200
228.2000,1,1.569,0.0200
228.3000,1,25.780,0.0200
228.4000,1,36.775,0.0200
228.5000,1,1.727,0.0200
228.6000,1,0.376,0.0200
228.7000,1,0.042,0.0200
228.8000,1,139.474,0.0200
228.9000,1,1.783,0.0200
229.0000,1,7.715,0.0200
229.1000,1,5.054,0.0200
229.2000,1,63.350,0.0200
229.3000,1,0.422,0.0200
229.4000,1,3.179,0.0200
229.5000,1,1.163,0.0200
229.6000,1,2.108,0.0200
229.7000,1,0.729,0.0200
229.8000,1,0.789,0.0200
229.9000,1,6.678,0.0900
230.0000,1,6.029,0.0900
230.1000,1,0.615,0.0900
230.2000,1,3.475,0.0900
230.3000,1,0.785,0.0900
230.4000,1,15.897,0.0900
230.5000,1,18.112,0.0900
230.6000,1,32.147,0.0900
230.7000,1,2.997,0.0900
230.8000,1,1.749,0.0900
230.9000,1,4.718,0.0900
231.0000,1,2.009,0.0900
231.1000,1,4.864,0.0900
231.2000,1,2.011,0.0900
231.3000,1,0.656,0.0900
231.4000,1,7.504,0.0900
231.5000,1,20.070,0.0900
231.6000,1,14.937,0.0900
231.7000,1,0.656,0.0900
231.8000,1,45.671,0.0200
231.9000,1,0.275,0.0200
232.0000,1,1.579,0.0200
232.1000,1,5.894,0.0200
232.2000,1,5.329,0.0200
232.3000,1,2.984,0.0200
232.4000,1,2.161,0.0200
232.5000,1,2.552,0.0200
232.6000,1,27.535,0.0200
232.7000,1,30.689,0.0200
232.8000,1,5.990,0.0200
232.9000,1,0.898,0.0200
233.0000,1,14.311,0.0200
233.1000,1,55.807,0.0200
233.2000,1,16.795,0.0200
233.3000,1,1.636,0.0200
233.4000,1,2.653,0.0200
233.5000,1,49.727,0.0200
233.6000,1,8.338,0.0200
233.7000,1,0.909,0.0900
233.8000,1,42.442,0.0900
233.9000,1,2.132,0.0900
234.0000,1,90.224,0.0200
234.1000,1,315.419,0.0200
234.2000,1,72.910,0.0200
234.3000,1,20.244,0.0200
234.4000,1,5.876,0.0200
234.5000,1,0.509,0.0200
234.6000,1,1.667,0.0200
234.7000,1,0.807,0.0900
234.8000,1,2.101,0.0900
234.9000,1,9.343,0.0900
235.0000,1,2.204,0.0900
235.1000,1,22.924,0.0200
235.2000,1,1.380,0.0200
235.3000,1,11.850,0.0200
235.4000,1,36.909,0.0200
235.5000,1,1.579,0.0200
235.6000,1,4.059,0.0200
235.7000,1,0.975,0.0200
235.8000,1,1.481,0.0200
235.9000,1,7.236,0.0200
236.0000,1,7.155,0.0900
236.1000,1,20.357,0.0900
236.2000,1,1.436,0.0900
236.3000,1,7.084,0.0900
236.4000,1,15.512,0.0900
236.5000,1,4.121,0.0900
236.6000,1,7.781,0.0900
236.7000,1,0.395,0.0200
236.8000,1,1.007,0.0200
236.9000,1,34.910,0.0200
237.0000,1,0.260,0.0200
237.1000,1,0.216,0.0200
237.2000,1,6.052,0.0200
237.3000,1,0.364,0.0200
237.4000,1,62.153,0.0200
237.5000,1,41.519,0.0200
237.6000,1,1.432,0.0200
237.7000,1,5.955,0.0200
237.8000,1,1.011,0.0200
237.9000,1,0.168,0.0200
238.0000,1,7.637,0.0200
238.1000,1,0.370,0.0200
238.2000,1,13.597,0.0200
238.3000,1,58.871,0.0200
238.4000,1,8.550,0.0200
238.5000,1,57.670,0.0200
238.6000,1,4.142,0.0200
238.7000,1,19.442,0.0200
238.8000,1,23.369,0.0200
238.9000,1,2.464,0.0200
239.0000,1,12.926,0.0200
239.1000,1,6.268,0.0200
239.2000,1,0.360,0.0200
239.3000,1,1.314,0.0200
239.4000,1,1.484,0.0200
239.5000,1,0.962,0.0200
239.6000,1,1.331,0.0200
239.7000,1,37.777,0.0200
239.8000,1,1.592,0.0200
239.9000,1,11.334,0.0200
240.0000,1,87.283,0.0200
240.1000,1,4.200,0.0200
240.2000,1,2.161,0.0200
240.3000,1,8.693,0.0200
240.4000,1,0.244,0.0200
240.5000,1,1.260,0.0200
240.6000,1,6.244,0.0200
240.7000,1,0.122,0.0200
240.8000,1,40.961,0.0200
240.9000,1,12.689,0.0200
241.0000,1,42.430,0.0200
241.1000,1,2.296,0.0200
241.2000,1,4.443,0.0200
241.3000,1,24.111,0.0200
241.4000,1,112.654,0.0200
241.5000,1,23.099,0.0200
241.6000,1,11.963,0.0200
241.7000,1,91.326,0.0200
241.8000,1,22.646,0.0200
241.9000,1,0.155,0.0200
242.0000,1,8.723,0.0200
242.1000,1,6.461,0.0200
242.2000,1,15.207,0.0200
242.3000,1,14.759,0.0200
242.4000,1,3.269,0.0200
242.5000,1,6.553,0.0200
242.6000,1,0.995,0.0200
242.7000,1,16.976,0.0200
242.8000,1,5.258,0.0200
242.9000,1,4.320,0.0200
243.0000,1,48.451,0.0200
243.1000,1,13.095,0.0200
243.2000,1,18.855,0.0200
243.3000,1,4.286,0.0200
243.4000,1,2.459,0.0200
243.5000,1,6.361,0.0200
243.6000,1,8.301,0.0200
243.7000,1,6.038,0.0200
243.8000,1,7.347,0.0200
243.9000,1,12.170,0.0200
244.0000,1,33.379,0.0200
244.1000,1,0.863,0.0200
244.2000,1,1.140,0.0200
244.3000,1,0.039,0.0200
244.4000,1,6.125,0.0200
244.5000,1,0.648,0.0200
244.6000,1,0.199,0.0200
244.7000,1,3.820,0.0200
244.8000,1,0.990,0.0200
244.9000,1,26.576,0.0200
245.0000,1,41.929,0.0200
245.1000,1,14.749,0.0200
245.2000,1,2.472,0.0200
245.3000,1,0.476,0.0200
245.4000,1,1.092,0.0200
245.5000,1,0.971,0.0200
245.6000,1,2.531,0.0200
245.7000,1,2.880,0.0200
245.8000,1,94.139,0.0200
245.9000,1,20.157,0.0200
246.0000,1,118.478,0.0200
246.1000,1,7.390,0.0200
246.2000,1,1.141,0.0200
246.3000,1,1.702,0.0200
246.4000,1,4.719,0.0200
246.5000,1,9.585,0.0200
246.6000,1,34.549,0.0200
246.7000,1,1.876,0.0200
246.8000,1,2.615,0.0200
246.9000,1,6.820,0.0200
247.0000,1,46.556,0.0200
247.1000,1,2.390,0.0200
247.2000,1,11.832,0.0200
247.3000,1,0.786,0.0200
247.4000,1,9.919,0.0200
247.5000,1,11.322,0.0200
247.6000,1,13.186,0.0200
247.7000,1,46.028,0.0200
247.8000,1,4.541,0.0200
247.9000,1,15.212,0.0200
248.0000,1,1.115,0.0200
248.1000,1,0.681,0.0200
248.2000,1,4.557,0.0200
248.3000,1,3.248,0.0200
248.4000,1,87.433,0.0200
248.5000,1,16.156,0.0200
248.6000,1,52.841,0.0200
248.7000,1,9.648,0.0200
248.8000,1,20.519,0.0200
248.9000,1,3.135,0.0200
249.0000,1,15.537,0.0200
249.1000,1,2.083,0.0200
249.2000,1,2.171,0.0200
249.3000,1,0.096,0.0200
249.4000,1,9.521,0.0200
249.5000,1,22.718,0.0200
249.6000,1,15.489,0.0200
249.7000,1,7.811,0.0200
249.8000,1,2.385,0.0200
249.9000,1,0.100,0.0200
250.0000,1,0.704,0.0200
250.1000,1,4.017,0.0200
250.2000,1,16.239,0.0200
250.3000,1,38.323,0.0200
250.4000,1,33.905,0.0200
250.5000,1,1.656,0.0200
250.6000,1,3.522,0.0200
250.7000,1,0.578,0.0200
250.8000,1,0.224,0.0200
250.9000,1,1.194,0.0200
251.0000,1,1.315,0.0200
251.1000,1,1.105,0.0200
251.2000,1,19.072,0.0200
251.3000,1,60.787,0.0200
251.4000,1,1.289,0.0200
251.5000,1,85.942,0.0200
251.6000,1,0.286,0.0200
251.7000,1,10.229,0.0200
251.8000,1,13.377,0.0200
251.9000,1,0.478,0.0200
252.0000,1,26.489,0.0200
252.1000,1,2.647,0.0200
252.2000,1,7.835,0.0200
252.3000,1,34.100,0.0200
252.4000,1,15.590,0.0200
252.5000,1,2.346,0.0200
252.6000,1,4.567,0.0200
252.7000,1,93.745,0.0200
252.8000,1,0.273,0.0200
252.9000,1,24.697,0.0200
253.0000,1,25.221,0.0200
253.1000,1,120.147,0.0200
253.2000,1,47.917,0.0200
253.3000,1,0.382,0.0200
253.4000,1,13.809,0.0200
253.5000,1,9.335,0.0200
253.6000,1,21.096,0.0200
253.7000,1,109.774,0.0200
253.8000,1,9.188,0.0200
253.9000,1,3.645,0.0200
254.0000,1,3.556,0.0200
254.1000,1,31.637,0.0200
254.2000,1,0.865,0.0200
254.3000,1,15.530,0.0200
254.4000,1,9.374,0.0200
254.5000,1,0.243,0.0200
254.6000,1,11.647,0.0200
254.7000,1,0.782,0.0200
254.8000,1,145.672,0.0200
254.9000,1,1.063,0.0200
255.0000,1,26.313,0.0200
255.1000,1,3.319,0.0200
255.2000,1,0.864,0.0200
255.3000,1,10.613,0.0200
255.4000,1,0.552,0.0200
255.5000,1,3.581,0.0200
255.6000,1,54.908,0.0900
255.7000,1,2.841,0.0900
255.8000,1,212.667,0.0900
255.9000,1,30.504,0.0900
256.0000,1,0.392,0.0900
256.1000,1,207.632,0.0900
256.2000,1,89.688,0.0900
256.3000,1,0.185,0.0900
256.4000,1,3.072,0.0900
256.5000,1,113.225,0.0900
256.6000,1,4.412,0.0900
256.7000,1,5.401,0.0200
256.8000,1,1.100,0.0200
256.9000,1,5.451,0.0200
257.0000,1,12.275,0.0200
257.1000,1,128.776,0.0200
257.2000,1,1.639,0.0200
257.3000,1,6.523,0.0900
257.4000,1,92.721,0.0900
257.5000,1,13.522,0.0900
257.6000,1,0.615,0.0900
257.7000,1,21.667,0.0900
257.8000,1,10.243,0.0900
257.9000,1,0.293,0.0900
258.0000,1,56.953,0.0900
258.1000,1,0.521,0.0200
258.2000,1,40.833,0.0200
258.3000,1,7.930,0.0200
258.4000,1,16.652,0.0200
258.5000,1,0.650,0.0200
258.6000,1,1.465,0.0200
258.7000,1,6.350,0.0200
258.8000,1,1.837,0.0200
258.9000,1,0.801,0.0200
259.0000,1,2.319,0.0200
259.1000,1,1.054,0.0200
259.2000,1,6.171,0.0200
259.3000,1,1.286,0.0200
259.4000,1,0.020,0.0200
259.5000,1,102.468,0.0200
259.6000,1,5.184,0.0200
259.7000,1,14.707,0.0200
259.8000,1,0.149,0.0200
259.9000,1,0.688,0.0200
260.0000,1,5.134,0.0200
260.1000,1,232.286,0.0200
260.2000,1,10.045,0.0200
260.3000,1,2.305,0.0200
260.4000,1,6.790,0.0200
260.5000,1,0.392,0.0200
260.6000,1,0.740,0.0200
260.7000,1,20.505,0.0200
260.8000,1,5.517,0.0200
260.9000,1,7.056,0.0200
261.0000,1,41.015,0.0200
261.1000,1,7.051,0.0200
261.2000,1,0.328,0.0200
261.3000,1,85.692,0.0200
261.4000,1,16.275,0.0200
261.5000,1,31.682,0.0200
261.6000,1,1.889,0.0200
261.7000,1,11.538,0.0200
261.8000,1,79.633,0.0200
261.9000,1,1.730,0.0200
262.0000,1,21.839,0.0200
262.1000,1,61.890,0.0200
262.2000,1,138.610,0.0200
262.3000,1,0.632,0.0200
262.4000,1,0.759,0.0200
262.5000,1,1.245,0.0200
262.6000,1,4.983,0.0200
262.7000,1,4.052,0.0200
262.8000,1,6.368,0.0200
262.9000,1,11.640,0.0200
263.0000,1,1.286,0.0200
263.1000,1,13.902,0.0200
263.2000,1,0.735,0.0200
263.3000,1,3.608,0.0200
263.4000,1,0.400,0.0200
263.5000,1,92.847,0.0200
263.6000,1,0.049,0.0200
263.7000,1,1.856,0.0200
263.8000,1,0.357,0.0200
263.9000,1,13.359,0.0200
264.0000,1,16.115,0.0200
264.1000,1,3.471,0.0200
264.2000,1,0.730,0.0200
264.3000,1,0.369,0.0900
264.4000,1,1.211,0.0900
264.5000,1,5.322,0.0900
264.6000,1,44.301,0.0900
264.7000,1,11.559,0.0900
264.8000,1,36.879,0.0900
264.9000,1,4.623,0.0900
265.0000,1,4.124,0.0900
265.1000,1,10.164,0.0900
265.2000,1,8.507,0.0900
265.3000,1,1.581,0.0900
265.4000,1,17.157,0.0900
265.5000,1,9.346,0.0900
265.6000,1,1.843,0.0900
265.7000,1,14.227,0.0900
265.8000,1,2.091,0.0900
265.9000,1,3.781,0.0900
266.0000,1,2.384,0.0900
266.1000,1,5.622,0.0900
266.2000,1,22.170,0.0900
266.3000,1,0.571,0.0900
266.4000,1,10.879,0.0900
266.5000,1,3.461,0.0900
266.6000,1,1.523,0.0900
266.7000,1,0.646,0.0900
266.8000,1,16.134,0.0900
266.9000,1,2.864,0.0900
267.0000,1,8.083,0.0900
267.1000,1,9.111,0.0900
267.2000,1,71.079,0.0900
267.3000,1,66.048,0.0900
267.4000,1,25.406,0.0900
267.5000,1,27.912,0.0900
267.6000,1,232.421,0.0900
267.7000,1,11.250,0.0200
267.8000,1,17.985,0.0200
267.9000,1,15.398,0.0200
268.0000,1,1.926,0.0200
268.1000,1,6.408,0.0200
268.2000,1,7.352,0.0900
268.3000,1,8.101,0.0900
268.4000,1,8.130,0.0900
268.5000,1,5.137,0.0900
268.6000,1,19.798,0.0900
268.7000,1,0.829,0.0900
268.8000,1,12.472,0.0900
268.9000,1,1.660,0.0900
269.0000,1,0.172,0.0200
269.1000,1,0.464,0.0200
269.2000,1,5.112,0.0200
269.3000,1,18.039,0.0200
269.4000,1,2.389,0.0200
269.5000,1,4.643,0.0200
269.6000,1,12.582,0.0200
269.7000,1,3.090,0.0200
269.8000,1,15.185,0.0200
269.9000,1,62.119,0.0200
270.0000,1,39.259,0.0200
270.1000,1,1.634,0.0200
270.2000,1,0.941,0.0200
270.3000,1,146.473,0.0200
270.4000,1,42.765,0.0200
270.5000,1,66.440,0.0200
270.6000,1,9.910,0.0200
270.7000,1,2.208,0.0200
270.8000,1,19.651,0.0200
270.9000,1,0.984,0.0200
271.0000,1,3.897,0.0200
271.1000,1,15.189,0.0200
271.2000,1,8.713,0.0200
271.3000,1,1.535,0.0200
271.4000,1,14.965,0.0200
271.5000,1,3.886,0.0200
271.6000,1,19.823,0.0200
271.7000,1,3.829,0.0900
271.8000,1,5.158,0.0200
271.9000,1,1.111,0.0200
272.0000,1,136.221,0.0200
272.1000,1,83.432,0.0200
272.2000,1,1.494,0.0200
272.3000,1,2.757,0.0200
272.4000,1,46.855,0.0200
272.5000,1,0.888,0.0200
272.6000,1,33.286,0.0200
272.7000,1,24.419,0.0200
272.8000,1,2.919,0.0200
272.9000,1,38.474,0.0200
273.0000,1,11.271,0.0200
273.1000,1,7.933,0.0200
273.2000,1,10.085,0.0200
273.3000,1,9.101,0.0200
273.4000,1,0.916,0.0200
273.5000,1,6.861,0.0200
273.6000,1,4.361,0.0200
273.7000,1,3.931,0.0200
273.8000,1,12.456,0.0200
273.9000,1,3.349,0.0200
274.0000,1,7.899,0.0200
274.1000,1,16.491,0.0200
274.2000,1,1.747,0.0200
274.3000,1,4.972,0.0200
274.4000,1,1.261,0.0200
274.5000,1,3.822,0.0200
274.6000,1,21.493,0.0200
274.7000,1,12.426,0.0200
274.8000,1,0.306,0.0200
274.9000,1,1.218,0.0200
275.0000,1,10.482,0.0200
275.1000,1,0.062,0.0200
275.2000,1,2.616,0.0200
275.3000,1,0.830,0.0200
275.4000,1,4.942,0.0200
275.5000,1,0.134,0.0200
275.6000,1,2.732,0.0200
275.7000,1,4.171,0.0200
275.8000,1,0.248,0.0200
275.9000,1,11.254,0.0200
276.0000,1,8.828,0.0200
276.1000,1,15.935,0.0200
276.2000,1,0.826,0.0200
276.3000,1,7.915,0.0200
276.4000,1,4.109,0.0200
276.5000,1,18.971,0.0200
276.6000,1,14.230,0.0200
276.7000,1,1.950,0.0200
276.8000,1,5.870,0.0200
276.9000,1,13.936,0.0200
277.0000,1,3.850,0.0200
277.1000,1,18.224,0.0200
277.2000,1,9.231,0.0200
277.3000,1,7.056,0.0200
277.4000,1,1.992,0.0200
277.5000,1,1.268,0.0200
277.6000,1,0.177,0.0200
277.7000,1,0.185,0.0200
277.8000,1,0.507,0.0200
277.9000,1,5.548,0.0200
278.0000,1,1.377,0.0200
278.1000,1,2.810,0.0200
278.2000,1,6.721,0.0200
278.3000,1,0.089,0.0200
278.4000,1,3.343,0.0200
278.5000,1,128.626,0.0200
278.6000,1,3.932,0.0200
278.7000,1,1.185,0.0200
278.8000,1,2.105,0.0200
278.9000,1,0.649,0.0200
279.0000,1,7.407,0.0200
279.1000,1,152.142,0.0200
279.2000,1,132.696,0.0200
279.3000,1,0.209,0.0200
279.4000,1,2.085,0.0200
279.5000,1,16.976,0.0200
279.6000,1,1.989,0.0200
279.7000,1,145.816,0.0200
279.8000,1,0.885,0.0200
279.9000,1,17.294,0.0200
280.0000,1,2.862,0.0200
280.1000,1,1.302,0.0200
280.2000,1,0.154,0.0200
280.3000,1,6.125,0.0200
280.4000,1,20.479,0.0200
280.5000,1,14.693,0.0200
280.6000,1,17.954,0.0200
280.7000,1,6.554,0.0200
280.8000,1,7.462,0.0200
280.9000,1,40.967,0.0200
281.0000,1,0.184,0.0200
281.1000,1,29.873,0.0200
281.2000,1,5.169,0.0200
281.3000,1,0.523,0.0200
281.4000,1,7.837,0.0200
281.5000,1,0.211,0.0200
281.6000,1,15.826,0.0200
281.7000,1,3.398,0.0200
281.8000,1,1.075,0.0200
281.9000,1,80.417,0.0200
282.0000,1,0.173,0.0200
282.1000,1,64.007,0.0200
282.2000,1,22.729,0.0200
282.3000,1,0.603,0.0200
282.4000,1,2.988,0.0200
282.5000,1,0.599,0.0200
282.6000,1,0.692,0.0200
282.7000,1,286.163,0.0200
282.8000,1,1.051,0.0200
282.9000,1,5.836,0.0200
283.0000,1,22.955,0.0200
283.1000,1,2.742,0.0200
283.2000,1,1.473,0.0200
283.3000,1,6.151,0.0200
283.4000,1,4.606,0.0200
283.5000,1,0.889,0.0200
283.6000,1,5.570,0.0200
283.7000,1,0.804,0.0200
283.8000,1,2.497,0.0200
283.9000,1,6.640,0.0200
284.0000,1,29.092,0.0200
284.1000,1,1.829,0.0200
284.2000,1,0.532,0.0200
284.3000,1,4.007,0.0200
284.4000,1,9.603,0.0200
284.5000,1,23.352,0.0200
284.6000,1,4.483,0.0200
284.7000,1,0.811,0.0200
284.8000,1,0.766,0.0200
284.9000,1,0.463,0.0200
285.0000,1,4.635,0.0200
285.1000,1,0.752,0.0200
285.2000,1,2.047,0.0200
285.3000,1,18.826,0.0200
285.4000,1,2.079,0.0200
285.5000,1,4.988,0.0200
285.6000,1,5.767,0.0200
285.7000,1,0.854,0.0200
285.8000,1,1.735,0.0200
285.9000,1,12.266,0.0200
286.0000,1,0.613,0.0200
286.1000,1,38.471,0.0200
286.2000,1,11.813,0.0200
286.3000,1,15.550,0.0200
286.4000,1,2.208,0.0200
286.5000,1,1.161,0.0200
286.6000,1,11.527,0.0200
286.7000,1,162.574,0.0200
286.8000,1,18.869,0.0200
286.9000,1,1.514,0.0200
287.0000,1,0.202,0.0200
287.1000,1,2.642,0.0200
287.2000,1,1.964,0.0200
287.3000,1,0.668,0.0200
287.4000,1,1.469,0.0200
287.5000,1,42.539,0.0200
287.6000,1,1.337,0.0200
287.7000,1,6.692,0.0200
287.8000,1,29.173,0.0200
287.9000,1,22.775,0.0200
288.0000,1,17.348,0.0200
288.1000,1,0.807,0.0200
288.2000,1,11.234,0.0200
288.3000,1,0.118,0.0200
288.4000,1,0.534,0.0200
288.5000,1,13.282,0.0200
288.6000,1,19.162,0.0200
288.7000,1,21.281,0.0200
288.8000,1,6.388,0.0200
288.9000,1,14.764,0.0200
289.0000,1,2.471,0.0200
289.1000,1,0.626,0.0200
289.2000,1,6.923,0.0200
289.3000,1,43.989,0.0200
289.4000,1,83.718,0.0200
289.5000,1,12.293,0.0200
289.6000,1,0.441,0.0200
289.7000,1,6.137,0.0200
289.8000,1,3.763,0.0200
289.9000,1,1.540,0.0200
290.0000,1,6.378,0.0200
290.1000,1,1.216,0.0200
290.2000,1,2.926,0.0200
290.3000,1,21.162,0.0200
290.4000,1,0.624,0.0200
290.5000,1,19.309,0.0200
290.6000,1,2.011,0.0900
290.7000,1,7.220,0.0200
290.8000,1,97.053,0.0200
290.9000,1,1.609,0.0200
291.0000,1,3.402,0.0200
291.1000,1,20.921,0.0200
291.2000,1,12.455,0.0200
291.3000,1,285.777,0.0200
291.4000,1,19.736,0.0200
291.5000,1,5.287,0.0200
291.6000,1,1.051,0.0200
291.7000,1,7.866,0.0200
291.8000,1,194.510,0.0200
291.9000,1,9.468,0.0200
292.0000,1,0.635,0.0200
292.1000,1,3.063,0.0200
292.2000,1,1.699,0.0200
292.3000,1,7.831,0.0200
292.4000,1,3.250,0.0200
292.5000,1,1.694,0.0200
292.6000,1,0.829,0.0200
292.7000,1,3.116,0.0200
292.8000,1,10.404,0.0200
292.9000,1,26.934,0.0200
293.0000,1,2.106,0.0200
293.1000,1,33.463,0.0200
293.2000,1,0.152,0.0200
293.3000,1,76.549,0.0200
293.4000,1,0.291,0.0200
293.5000,1,1.505,0.0200
293.6000,1,3.642,0.0200
293.7000,1,1.741,0.0200
293.8000,1,142.116,0.0200
293.9000,1,1.669,0.0200
294.0000,1,127.104,0.0200
294.1000,1,0.006,0.0200
294.2000,1,0.123,0.0200
294.3000,1,5.534,0.0200
294.4000,1,0.628,0.0200
294.5000,1,0.320,0.0200
294.6000,1,2.327,0.0200
294.7000,1,1.776,0.0200
294.8000,1,1.372,0.0200
294.9000,1,1.592,0.0200
295.0000,1,4.556,0.0200
295.1000,1,11.578,0.0200
295.2000,1,17.731,0.0200
295.3000,1,4.580,0.0200
295.4000,1,0.421,0.0200
295.5000,1,0.966,0.0200
295.6000,1,1.667,0.0200
295.7000,1,14.646,0.0200
295.8000,1,0.682,0.0200
295.9000,1,22.778,0.0200
296.0000,1,0.423,0.0200
296.1000,1,5.198,0.0200
296.2000,1,2.455,0.0200
296.3000,1,13.953,0.0200
296.4000,1,25.521,0.0200
296.5000,1,3.452,0.0200
296.6000,1,1.862,0.0200
296.7000,1,18.741,0.0200
296.8000,1,1.482,0.0200
296.9000,1,7.495,0.0200
297.0000,1,6.140,0.0200
297.1000,1,2.144,0.0200
297.2000,1,1.387,0.0200
297.3000,1,18.137,0.0200
297.4000,1,8.364,0.0200
297.5000,1,0.783,0.0200
297.6000,1,0.544,0.0200
297.7000,1,28.467,0.0200
297.8000,1,130.397,0.0200
297.9000,1,3.967,0.0200
298.0000,1,3.607,0.0200
298.1000,1,19.356,0.0200
298.2000,1,1.750,0.0200
298.3000,1,0.550,0.0200
298.4000,1,15.906,0.0200
298.5000,1,3.460,0.0200
298.6000,1,42.998,0.0200
298.7000,1,6.877,0.0200
298.8000,1,17.879,0.0200
298.9000,1,1.641,0.0200
299.0000,1,12.306,0.0200
299.1000,1,2.483,0.0200
299.2000,1,23.873,0.0200
299.3000,1,57.246,0.0200
299.4000,1,3.941,0.0200
299.5000,1,3.356,0.0200
299.6000,1,0.242,0.0200
299.7000,1,108.054,0.0200
299.8000,1,150.813,0.0200
299.9000,1,41.858,0.0200
300.0000,1,0.620,0.0200
300.1000,1,4.414,0.0200
300.2000,1,1.165,0.0200
300.3000,1,6.533,0.0200
300.4000,1,2.679,0.0200
300.5000,1,3.213,0.0200
300.6000,1,0.132,0.0200
300.7000,1,4.543,0.0200
300.8000,1,22.623,0.0200
300.9000,1,2.379,0.0200
301.0000,1,0.848,0.0200
301.1000,1,1.019,0.0200
301.2000,1,1.668,0.0900
301.3000,1,1.938,0.0900
301.4000,1,1.874,0.0900
301.5000,1,183.923,0.0900
301.6000,1,1.600,0.0900
301.7000,1,3.216,0.0900
301.8000,1,18.635,0.0900
301.9000,1,6.496,0.0900
302.0000,1,0.951,0.0900
302.1000,1,1.870,0.0900
302.2000,1,4.180,0.0900
302.3000,1,8.837,0.0900
302.4000,1,0.613,0.0900
302.5000,1,20.785,0.0900
302.6000,1,23.691,0.0900
302.7000,1,1.448,0.0900
302.8000,1,3.919,0.0900
302.9000,1,15.248,0.0900
303.0000,1,2.371,0.0900
303.1000,1,0.099,0.0900
303.2000,1,1.092,0.0900
303.3000,1,415.846,0.0200
303.4000,1,1.083,0.0200
303.5000,1,3.185,0.0200
303.6000,1,142.160,0.0200
303.7000,1,1.936,0.0900
303.8000,1,1.721,0.0900
303.9000,1,0.971,0.0900
304.0000,1,11.640,0.0900
304.1000,1,0.986,0.0900
304.2000,1,23.179,0.0900
304.3000,1,36.155,0.0900
304.4000,1,70.324,0.0900
304.5000,1,42.320,0.0900
304.6000,1,3.128,0.0900
304.7000,1,0.358,0.0200
304.8000,1,1.023,0.0200
304.9000,1,243.263,0.0200
305.0000,1,4.904,0.0900
305.1000,1,14.938,0.0900
305.2000,1,0.420,0.0900
305.3000,1,35.358,0.0900
305.4000,1,7.546,0.0900
305.5000,1,1.371,0.0900
305.6000,1,26.688,0.0900
305.7000,1,10.433,0.0900
305.8000,1,0.125,0.0900
305.9000,1,15.420,0.0900
306.0000,1,7.456,0.0900
306.1000,1,0.641,0.0900
306.2000,1,2.553,0.0900
306.3000,1,1.541,0.0900
306.4000,1,45.808,0.0900
306.5000,1,15.700,0.0900
306.6000,1,4.534,0.0900
306.7000,1,5.498,0.0900
306.8000,1,10.584,0.0900
306.9000,1,15.773,0.0900
307.0000,1,40.353,0.0900
307.1000,1,86.234,0.0900
307.2000,1,1.243,0.0900
307.3000,1,1.926,0.0200
307.4000,1,4.533,0.0200
307.5000,1,2.307,0.0200
307.6000,1,23.567,0.0200
307.7000,1,1.649,0.0200
307.8000,1,4.196,0.0200
307.9000,1,3.104,0.0200
308.0000,1,21.083,0.0200
308.1000,1,48.306,0.0200
308.2000,1,1.553,0.0200
308.3000,1,1.661,0.0200
308.4000,1,33.647,0.0200
308.5000,1,25.041,0.0200
308.6000,1,16.502,0.0200
308.7000,1,115.806,0.0200
308.8000,1,14.707,0.0200
308.9000,1,6.421,0.0200
309.0000,1,1.434,0.0200
309.1000,1,4.166,0.0200
309.2000,1,23.495,0.0200
309.3000,1,23.355,0.0200
309.4000,1,1.355,0.0200
309.5000,1,0.734,0.0200
309.6000,1,0.137,0.0200
309.7000,1,3.305,0.0200
309.8000,1,21.571,0.0200
309.9000,1,15.673,0.0200
310.0000,1,4.841,0.0200
310.1000,1,1.116,0.0200
310.2000,1,118.307,0.0200
310.3000,1,5.371,0.0200
310.4000,1,4.754,0.0200
310.5000,1,52.563,0.0200
310.6000,1,49.748,0.0200
310.7000,1,8.163,0.0200
310.8000,1,0.646,0.0200
310.9000,1,17.891,0.0200
311.0000,1,23.710,0.0200
311.1000,1,3.596,0.0200
311.2000,1,90.351,0.0200
311.3000,1,2.653,0.0200
311.4000,1,13.151,0.0200
311.5000,1,1.660,0.0200
311.6000,1,2.292,0.0200
311.7000,1,15.885,0.0200
311.8000,1,82.467,0.0200
311.9000,1,0.280,0.0200
312.0000,1,92.964,0.0200
312.1000,1,12.853,0.0200
312.2000,1,0.221,0.0200
312.3000,1,1.580,0.0200
312.4000,1,32.976,0.0200
312.5000,1,0.267,0.0200
312.6000,1,1.386,0.0200
312.7000,1,32.096,0.0200
312.8000,1,163.251,0.0200
312.9000,1,0.358,0.0200
313.0000,1,10.699,0.0200
313.1000,1,40.255,0.0200
313.2000,1,3.404,0.0200
313.3000,1,3.204,0.0200
313.4000,1,2.036,0.0200
313.5000,1,9.438,0.0900
313.6000,1,5.433,0.0900
313.7000,1,2.338,0.0200
313.8000,1,1.095,0.0200
313.9000,1,33.018,0.0200
314.0000,1,0.835,0.0200
314.1000,1,4.783,0.0200
314.2000,1,2.677,0.0200
314.3000,1,17.643,0.0200
314.4000,1,31.168,0.0200
314.5000,1,5.680,0.0200
314.6000,1,12.001,0.0200
314.7000,1,2.012,0.0200
314.8000,1,100.324,0.0200
314.9000,1,1.620,0.0200
315.0000,1,253.889,0.0200
315.1000,1,0.437,0.0200
315.2000,1,2.578,0.0200
315.3000,1,7.276,0.0200
315.4000,1,3.520,0.0200
315.5000,1,0.069,0.0200
315.6000,1,38.498,0.0200
315.7000,1,2.363,0.0200
315.8000,1,43.040,0.0200
315.9000,1,2.189,0.0200
316.0000,1,11.181,0.0200
316.1000,1,28.336,0.0200
316.2000,1,1.206,0.0200
316.3000,1,26.548,0.0200
316.4000,1,7.381,0.0200
316.5000,1,3.568,0.0200
316.6000,1,125.519,0.0200
316.7000,1,114.434,0.0200
316.8000,1,210.387,0.0200
316.9000,1,6.545,0.0200
317.0000,1,0.452,0.0200
317.1000,1,0.324,0.0200
317.2000,1,8.328,0.0200
317.3000,1,1.846,0.0200
317.4000,1,10.014,0.0200
317.5000,1,2.582,0.0200
317.6000,1,0.354,0.0200
317.7000,1,5.841,0.0200
317.8000,1,47.846,0.0200
317.9000,1,2.921,0.0200
318.0000,1,1.833,0.0200
318.1000,1,0.569,0.0200
318.2000,1,6.966,0.0200
318.3000,1,10.228,0.0200
318.4000,1,4.377,0.0200
318.5000,1,10.947,0.0200
318.6000,1,40.147,0.0200
318.7000,1,13.234,0.0200
318.8000,1,0.053,0.0200
318.9000,1,40.525,0.0200
319.0000,1,6.718,0.0200
319.1000,1,0.488,0.0200
319.2000,1,12.936,0.0200
319.3000,1,1.249,0.0200
319.4000,1,0.780,0.0200
319.5000,1,8.809,0.0200
319.6000,1,24.617,0.0200
319.7000,1,52.869,0.0200
319.8000,1,3.868,0.0200
319.9000,1,8.393,0.0200
320.0000,1,2.659,0.0200
320.1000,1,0.911,0.0200
320.2000,1,0.061,0.0200
320.3000,1,25.591,0.0200
320.4000,1,8.483,0.0200
320.5000,1,12.764,0.0200
320.6000,1,4.477,0.0200
320.7000,1,14.306,0.0200
320.8000,1,1.630,0.0200
320.9000,1,44.637,0.0200
321.0000,1,37.503,0.0200
321.1000,1,65.453,0.0200
321.2000,1,1.043,0.0200
321.3000,1,14.818,0.0200
321.4000,1,2.394,0.0200
321.5000,1,2.501,0.0200
321.6000,1,6.559,0.0200
321.7000,1,3.543,0.0200
321.8000,1,0.330,0.0200
321.9000,1,14.034,0.0200
322.0000,1,14.788,0.0200
322.1000,1,6.056,0.0200
322.2000,1,5.789,0.0200
322.3000,1,0.913,0.0200
322.4000,1,10.395,0.0200
322.5000,1,101.888,0.0200
322.6000,1,0.743,0.0200
322.7000,1,2.287,0.0200
322.8000,1,1.609,0.0200
322.9000,1,1.649,0.0200
323.0000,1,16.237,0.0200
323.1000,1,71.706,0.0200
323.2000,1,68.702,0.0200
323.3000,1,0.529,0.0200
323.4000,1,4.784,0.0200
323.5000,1,2.580,0.0200
323.6000,1,35.610,0.0200
323.7000,1,63.109,0.0200
323.8000,1,2.341,0.0200
323.9000,1,0.246,0.0200
324.0000,1,13.520,0.0200
324.1000,1,4.697,0.0200
324.2000,1,22.235,0.0200
324.3000,1,11.975,0.0200
324.4000,1,6.654,0.0200
324.5000,1,1.578,0.0200
324.6000,1,0.795,0.0200
324.7000,1,17.978,0.0200
324.8000,1,1.085,0.0200
324.9000,1,5.353,0.0200
325.0000,1,2.345,0.0200
325.1000,1,1.170,0.0200
325.2000,1,0.206,0.0200
325.3000,1,17.214,0.0200
325.4000,1,83.504,0.0200
325.5000,1,0.290,0.0200
325.6000,1,44.721,0.0200
325.7000,1,0.085,0.0200
325.8000,1,25.618,0.0200
325.9000,1,2.414,0.0200
326.0000,1,6.525,0.0200
326.1000,1,2.359,0.0200
326.2000,1,395.662,0.0200
326.3000,1,3.663,0.0200
326.4000,1,0.180,0.0200
326.5000,1,9.311,0.0900
326.6000,1,69.514,0.0900
326.7000,1,0.877,0.0900
326.8000,1,34.489,0.0900
326.9000,1,0.130,0.0900
327.0000,1,66.938,0.0900
327.1000,1,0.753,0.0900
327.2000,1,21.706,0.0200
327.3000,1,18.280,0.0200
327.4000,1,36.153,0.0200
327.5000,1,54.855,0.0200
327.6000,1,19.830,0.0200
327.7000,1,0.987,0.0200
327.8000,1,2.027,0.0200
327.9000,1,1.723,0.0200
328.0000,1,7.903,0.0200
328.1000,1,1.547,0.0200
328.2000,1,2.479,0.0200
328.3000,1,16.008,0.0200
328.4000,1,77.397,0.0200
328.5000,1,3.411,0.0200
328.6000,1,6.504,0.0200
328.7000,1,5.259,0.0200
328.8000,1,6.259,0.0200
328.9000,1,18.311,0.0200
329.0000,1,7.019,0.0200
329.1000,1,14.764,0.0200
329.2000,1,5.366,0.0200
329.3000,1,0.197,0.0200
329.4000,1,4.837,0.0200
329.5000,1,17.085,0.0200
329.6000,1,1.519,0.0200
329.7000,1,24.942,0.0200
329.8000,1,0.877,0.0200
329.9000,1,3.195,0.0200
330.0000,1,3.908,0.0200
330.1000,1,0.156,0.0200
330.2000,1,1.159,0.0200
330.3000,1,0.555,0.0200
330.4000,1,2.912,0.0200
330.5000,1,9.432,0.0200
330.6000,1,0.169,0.0200
330.7000,1,1.292,0.0200
330.8000,1,8.228,0.0200
330.9000,1,29.537,0.0200
331.0000,1,31.588,0.0200
331.1000,1,3.589,0.0200
331.2000,1,3.847,0.0200
331.3000,1,18.866,0.0200
331.4000,1,11.524,0.0200
331.5000,1,40.814,0.0200
331.6000,1,0.583,0.0200
331.7000,1,10.712,0.0200
331.8000,1,12.436,0.0200
331.9000,1,22.178,0.0200
332.0000,1,0.102,0.0200
332.1000,1,5.160,0.0200
332.2000,1,20.493,0.0200
332.3000,1,24.074,0.0200
332.4000,1,22.329,0.0200
332.5000,1,0.128,0.0200
332.6000,1,1.470,0.0200
332.7000,1,12.844,0.0200
332.8000,1,1.758,0.0200
332.9000,1,0.465,0.0200
333.0000,1,1.104,0.0200
333.1000,1,3.266,0.0200
333.2000,1,10.171,0.0200
333.3000,1,3.575,0.0200
333.4000,1,1.355,0.0200
333.5000,1,19.250,0.0200
333.6000,1,0.765,0.0200
333.7000,1,53.456,0.0200
333.8000,1,1.939,0.0200
333.9000,1,18.862,0.0200
334.0000,1,2.686,0.0200
334.1000,1,396.642,0.0200
334.2000,1,37.479,0.0200
334.3000,1,33.019,0.0200
334.4000,1,0.726,0.0200
334.5000,1,4.252,0.0200
334.6000,1,3.690,0.0200
334.7000,1,0.737,0.0200
334.8000,1,25.629,0.0200
334.9000,1,79.115,0.0200
335.0000,1,1.483,0.0200
335.1000,1,1.398,0.0200
335.2000,1,30.685,0.0200
335.3000,1,12.448,0.0200
335.4000,1,10.401,0.0200
335.5000,1,5.804,0.0200
335.6000,1,1.221,0.0200
335.7000,1,1.451,0.0200
335.8000,1,10.556,0.0200
335.9000,1,7.189,0.0200
336.0000,1,1.029,0.0200
336.1000,1,25.592,0.0200
336.2000,1,2.949,0.0200
336.3000,1,39.317,0.0200
336.4000,1,13.411,0.0200
336.5000,1,16.938,0.0200
336.6000,1,10.231,0.0200
336.7000,1,12.351,0.0200
336.8000,1,5.198,0.0200
336.9000,1,0.606,0.0200
337.0000,1,2.033,0.0200
337.1000,1,12.699,0.0200
337.2000,1,12.638,0.0200
337.3000,1,36.907,0.0200
337.4000,1,0.477,0.0200
337.5000,1,6.432,0.0200
337.6000,1,9.865,0.0200
337.7000,1,43.920,0.0200
337.8000,1,105.364,0.0200
337.9000,1,0.405,0.0200
338.0000,1,8.973,0.0200
338.1000,1,2.435,0.0200
338.2000,1,1.125,0.0200
338.3000,1,6.871,0.0200
338.4000,1,56.359,0.0200
338.5000,1,0.517,0.0200
338.6000,1,4.379,0.0200
338.7000,1,14.437,0.0200
338.8000,1,0.750,0.0200
338.9000,1,8.781,0.0200
339.0000,1,0.756,0.0200
339.1000,1,4.950,0.0200
339.2000,1,3.196,0.0200
339.3000,1,37.670,0.0200
339.4000,1,13.760,0.0200
339.5000,1,1.829,0.0200
339.6000,1,2.892,0.0200
339.7000,1,0.591,0.0200
339.8000,1,12.107,0.0200
339.9000,1,0.083,0.0200
340.0000,1,20.642,0.0200
340.1000,1,0.677,0.0200
340.2000,1,0.971,0.0200
340.3000,1,5.732,0.0200
340.4000,1,2.376,0.0200
340.5000,1,0.722,0.0200
340.6000,1,2.710,0.0200
340.7000,1,46.880,0.0200
340.8000,1,1.761,0.0200
340.9000,1,0.228,0.0200
341.0000,1,44.251,0.0200
341.1000,1,0.561,0.0200
341.2000,1,1.529,0.0200
341.3000,1,18.941,0.0200
341.4000,1,5.290,0.0200
341.5000,1,7.739,0.0200
341.6000,1,5.156,0.0200
341.7000,1,1.498,0.0200
341.8000,1,12.074,0.0200
341.9000,1,3.943,0.0200
342.0000,1,0.271,0.0200
342.1000,1,8.117,0.0200
342.2000,1,2.339,0.0200
342.3000,1,12.079,0.0200
342.4000,1,4.725,0.0200
342.5000,1,0.568,0.0200
342.6000,1,0.436,0.0200
342.7000,1,11.973,0.0200
342.8000,1,1.206,0.0200
342.9000,1,0.743,0.0200
343.0000,1,2.972,0.0200
343.1000,1,9.866,0.0900
343.2000,1,10.818,0.0900
343.3000,1,1.749,0.0200
343.4000,1,2.959,0.0200
343.5000,1,106.842,0.0200
343.6000,1,0.422,0.0200
343.7000,1,0.820,0.0200
343.8000,1,4.470,0.0200
343.9000,1,14.714,0.0200
344.0000,1,1.918,0.0200
344.1000,1,3.366,0.0200
344.2000,1,39.826,0.0200
344.3000,1,7.981,0.0200
344.4000,1,20.784,0.0200
344.5000,1,0.206,0.0200
344.6000,1,0.729,0.0900
344.7000,1,13.213,0.0900
344.8000,1,131.899,0.0900
344.9000,1,25.353,0.0900
345.0000,1,118.593,0.0900
345.1000,1,3.370,0.0900
345.2000,1,27.608,0.0900
345.3000,1,1.065,0.0900
345.4000,1,1.566,0.0900
345.5000,1,5.750,0.0900
345.6000,1,40.190,0.0900
345.7000,1,2.310,0.0200
345.8000,1,5.275,0.0200
345.9000,1,30.459,0.0200
346.0000,1,0.516,0.0900
346.1000,1,41.538,0.0900
346.2000,1,29.133,0.0900
346.3000,1,6.101,0.0900
346.4000,1,147.367,0.0900
346.5000,1,0.949,0.0900
346.6000,1,5.833,0.0900
346.7000,1,24.380,0.0900
346.8000,1,8.834,0.0900
346.9000,1,0.684,0.0900
347.0000,1,1.920,0.0900
347.1000,1,0.447,0.0900
347.2000,1,27.854,0.0900
347.3000,1,35.097,0.0900
347.4000,1,0.838,0.0900
347.5000,1,13.775,0.0900
347.6000,1,0.172,0.0900
347.7000,1,0.467,0.0900
347.8000,1,4.000,0.0900
347.9000,1,2.298,0.0900
348.0000,1,1.587,0.0900
348.1000,1,5.053,0.0900
348.2000,1,0.490,0.0900
348.3000,1,0.716,0.0900
348.4000,1,16.741,0.0900
348.5000,1,0.377,0.0900
348.6000,1,245.059,0.0900
348.7000,1,1.250,0.0900
348.8000,1,2.382,0.0900
348.9000,1,4.066,0.0900
349.0000,1,13.963,0.0900
349.1000,1,1.067,0.0900
349.2000,1,0.244,0.0900
349.3000,1,1.724,0.0200
349.4000,1,23.398,0.0200
349.5000,1,2.911,0.0200
349.6000,1,5.018,0.0200
349.7000,1,7.767,0.0200
349.8000,1,5.979,0.0200
349.9000,1,2.404,0.0200
350.0000,1,37.300,0.0200
350.1000,1,1.154,0.0200
350.2000,1,9.297,0.0200
350.3000,1,1.367,0.0200
350.4000,1,4.459,0.0200
350.5000,1,91.150,0.0200
350.6000,1,22.753,0.0200
350.7000,1,8.923,0.0200
350.8000,1,3.448,0.0200
350.9000,1,83.368,0.0200
351.0000,1,18.393,0.0200
351.1000,1,5.692,0.0200
351.2000,1,1.122,0.0200
351.3000,1,0.862,0.0200
351.4000,1,9.179,0.0200
351.5000,1,3.195,0.0200
351.6000,1,10.338,0.0200
351.7000,1,1.603,0.0200
351.8000,1,2.095,0.0200
351.9000,1,7.402,0.0200
352.0000,1,17.117,0.0200
352.1000,1,1.710,0.0200
352.2000,1,4.932,0.0200
352.3000,1,6.301,0.0200
352.4000,1,2.141,0.0200
352.5000,1,6.530,0.0200
352.6000,1,143.285,0.0200
352.7000,1,244.516,0.0200
352.8000,1,0.172,0.0200
352.9000,1,6.371,0.0200
353.0000,1,3.971,0.0200
353.1000,1,42.910,0.0200
353.2000,1,5.979,0.0200
353.3000,1,1.736,0.0200
353.4000,1,43.694,0.0200
353.5000,1,16.207,0.0200
353.6000,1,0.376,0.0200
353.7000,1,0.805,0.0200
353.8000,1,20.623,0.0200
353.9000,1,4.737,0.0200
354.0000,1,0.831,0.0200
354.1000,1,7.243,0.0200
354.2000,1,90.532,0.0200
354.3000,1,5.949,0.0200
354.4000,1,5.206,0.0200
354.5000,1,98.967,0.0200
354.6000,1,5.033,0.0200
354.7000,1,65.187,0.0200
354.8000,1,5.653,0.0200
354.9000,1,4.393,0.0200
355.0000,1,1.370,0.0200
355.1000,1,0.405,0.0200
355.2000,1,5.369,0.0200
355.3000,1,8.582,0.0200
355.4000,1,0.910,0.0200
355.5000,1,2.094,0.0200
355.6000,1,3.518,0.0200
355.7000,1,0.309,0.0200
355.8000,1,1.957,0.0200
355.9000,1,0.195,0.0200
356.0000,1,2.366,0.0200
356.1000,1,4.937,0.0200
356.2000,1,33.800,0.0200
356.3000,1,0.214,0.0200
356.4000,1,0.966,0.0200
356.5000,1,16.266,0.0200
356.6000,1,12.547,0.0200
356.7000,1,2.853,0.0200
356.8000,1,115.747,0.0200
356.9000,1,2.028,0.0200
357.0000,1,21.872,0.0200
357.1000,1,22.821,0.0200
357.2000,1,0.281,0.0200
357.3000,1,11.545,0.0200
357.4000,1,9.588,0.0200
357.5000,1,0.632,0.0200
357.6000,1,84.486,0.0200
357.7000,1,3.572,0.0200
357.8000,1,93.072,0.0200
357.9000,1,0.451,0.0200
358.0000,1,1.492,0.0200
358.1000,1,13.762,0.0200
358.2000,1,2.578,0.0200
358.3000,1,38.965,0.0200
358.4000,1,2.283,0.0200
358.5000,1,0.143,0.0200
358.6000,1,34.439,0.0200
358.7000,1,3.213,0.0200
358.8000,1,5.139,0.0200
358.9000,1,3.091,0.0200
359.0000,1,17.704,0.0200
359.1000,1,16.675,0.0200
359.2000,1,0.038,0.0200
359.3000,1,9.784,0.0200
359.4000,1,0.244,0.0200
359.5000,1,6.246,0.0200
359.6000,1,3.602,0.0200
359.7000,1,13.408,0.0200
359.8000,1,0.197,0.0200
359.9000,1,3.298,0.0200
360.0000,1,123.444,0.0200
360.1000,1,200.987,0.0200
360.2000,1,0.439,0.0200
360.3000,1,1.718,0.0200
360.4000,1,0.491,0.0200
360.5000,1,2.839,0.0200
360.6000,1,30.044,0.0200
360.7000,1,24.844,0.0200
360.8000,1,1.248,0.0200
360.9000,1,1.271,0.0200
361.0000,1,0.329,0.0200
361.1000,1,1.345,0.0200
361.2000,1,13.840,0.0200
361.3000,1,6.683,0.0200
361.4000,1,24.180,0.0200
361.5000,1,19.692,0.0200
361.6000,1,26.316,0.0200
361.7000,1,18.628,0.0200
361.8000,1,1.058,0.0200
361.9000,1,14.399,0.0200
362.0000,1,0.688,0.0200
362.1000,1,0.114,0.0200
362.2000,1,0.230,0.0200
362.3000,1,3.385,0.0200
362.4000,1,17.819,0.0200
362.5000,1,12.419,0.0200
362.6000,1,0.265,0.0200
362.7000,1,2.740,0.0200
362.8000,1,16.902,0.0200
362.9000,1,7.100,0.0200
363.0000,1,2.825,0.0200
363.1000,1,1.351,0.0200
363.2000,1,1.001,0.0200
363.3000,1,5.939,0.0200
363.4000,1,53.750,0.0200
363.5000,1,105.571,0.0900
363.6000,1,0.244,0.0900
363.7000,1,7.775,0.0900
363.8000,1,127.577,0.0900
363.9000,1,0.229,0.0900
364.0000,1,5.967,0.0900
364.1000,1,80.347,0.0900
364.2000,1,38.061,0.0900
364.3000,1,60.238,0.0200
364.4000,1,6.307,0.0200
364.5000,1,7.106,0.0200
364.6000,1,102.283,0.0200
364.7000,1,8.436,0.0200
364.8000,1,29.717,0.0200
364.9000,1,46.141,0.0200
365.0000,1,2.468,0.0200
365.1000,1,15.205,0.0200
365.2000,1,43.649,0.0200
365.3000,1,19.176,0.0200
365.4000,1,11.995,0.0200
365.5000,1,31.652,0.0200
365.6000,1,62.079,0.0200
365.7000,1,21.350,0.0200
365.8000,1,11.814,0.0200
365.9000,1,2.222,0.0200
366.0000,1,6.941,0.0200
366.1000,1,34.852,0.0200
366.2000,1,5.090,0.0200
366.3000,1,6.704,0.0200
366.4000,1,14.957,0.0200
366.5000,1,0.460,0.0200
366.6000,1,1.411,0.0200
366.7000,1,7.501,0.0200
366.8000,1,87.979,0.0200
366.9000,1,4.841,0.0200
367.0000,1,59.640,0.0900
367.1000,1,12.307,0.0900
367.2000,1,6.374,0.0900
367.3000,1,10.423,0.0900
367.4000,1,6.749,0.0900
367.5000,1,5.684,0.0200
367.6000,1,4.627,0.0200
367.7000,1,1.502,0.0200
367.8000,1,47.682,0.0200
367.9000,1,3.676,0.0200
368.0000,1,1.387,0.0200
368.1000,1,1.367,0.0200
368.2000,1,9.670,0.0200
368.3000,1,8.972,0.0200
368.4000,1,3.834,0.0200
368.5000,1,0.657,0.0200
368.6000,1,11.327,0.0200
368.7000,1,1.058,0.0200
368.8000,1,11.739,0.0200
368.9000,1,0.183,0.0200
369.0000,1,31.931,0.0200
369.1000,1,11.994,0.0200
369.2000,1,2.968,0.0200
369.3000,1,2.412,0.0200
369.4000,1,2.325,0.0200
369.5000,1,15.524,0.0200
369.6000,1,4.126,0.0200
369.7000,1,63.101,0.0200
369.8000,1,2.659,0.0200
369.9000,1,21.948,0.0200
370.0000,1,61.239,0.0200
370.1000,1,2.496,0.0200
370.2000,1,13.893,0.0200
370.3000,1,1.029,0.0200
370.4000,1,0.161,0.0200
370.5000,1,8.457,0.0200
370.6000,1,7.300,0.0200
370.7000,1,12.212,0.0200
370.8000,1,0.830,0.0200
370.9000,1,7.359,0.0200
371.0000,1,0.450,0.0200
371.1000,1,2.116,0.0200
371.2000,1,40.548,0.0200
371.3000,1,0.487,0.0200
371.4000,1,17.396,0.0200
371.5000,1,0.601,0.0200
371.6000,1,9.415,0.0200
371.7000,1,0.978,0.0200
371.8000,1,0.713,0.0200
371.9000,1,0.268,0.0200
372.0000,1,9.084,0.0200
372.1000,1,0.300,0.0200
372.2000,1,6.631,0.0200
372.3000,1,3.584,0.0200
372.4000,1,0.181,0.0200
372.5000,1,2.659,0.0200
372.6000,1,0.880,0.0200
372.7000,1,9.394,0.0200
372.8000,1,6.411,0.0200
372.9000,1,53.497,0.0200
373.0000,1,8.369,0.0200
373.1000,1,5.881,0.0200
373.2000,1,10.497,0.0200
373.3000,1,8.189,0.0200
373.4000,1,3.533,0.0200
373.5000,1,12.729,0.0200
373.6000,1,7.488,0.0200
373.7000,1,11.403,0.0200
373.8000,1,0.661,0.0200
373.9000,1,4.424,0.0200
374.0000,1,21.189,0.0200
374.1000,1,13.769,0.0200
374.2000,1,15.781,0.0200
374.3000,1,15.754,0.0200
374.4000,1,9.197,0.0200
374.5000,1,27.048,0.0200
374.6000,1,1.221,0.0200
374.7000,1,17.109,0.0200
374.8000,1,7.186,0.0200
374.9000,1,3.222,0.0200
375.0000,1,7.063,0.0200
375.1000,1,7.633,0.0200
375.2000,1,0.660,0.0200
375.3000,1,1.134,0.0200
375.4000,1,23.617,0.0200
375.5000,1,1.323,0.0200
375.6000,1,22.007,0.0200
375.7000,1,17.033,0.0200
375.8000,1,11.773,0.0200
375.9000,1,6.637,0.0200
376.0000,1,54.176,0.0200
376.1000,1,11.730,0.0200
376.2000,1,39.156,0.0200
376.3000,1,25.476,0.0200
376.4000,1,4.184,0.0200
376.5000,1,3.542,0.0200
376.6000,1,4.749,0.0200
376.7000,1,12.789,0.0200
376.8000,1,0.984,0.0200
376.9000,1,0.364,0.0200
377.0000,1,4.356,0.0200
377.1000,1,0.491,0.0200
377.2000,1,1.598,0.0200
377.3000,1,8.304,0.0200
377.4000,1,9.367,0.0200
377.5000,1,59.950,0.0200
377.6000,1,0.782,0.0200
377.7000,1,0.323,0.0200
377.8000,1,16.588,0.0200
377.9000,1,0.523,0.0200
378.0000,1,11.931,0.0200
378.1000,1,0.288,0.0200
378.2000,1,0.965,0.0200
378.3000,1,15.836,0.0200
378.4000,1,0.411,0.0200
378.5000,1,4.128,0.0200
378.6000,1,9.033,0.0200
378.7000,1,0.572,0.0200
378.8000,1,8.981,0.0200
378.9000,1,27.837,0.0200
379.0000,1,3.816,0.0200
379.1000,1,3.577,0.0200
379.2000,1,33.588,0.0200
379.3000,1,0.527,0.0200
379.4000,1,15.274,0.0200
379.5000,1,4.705,0.0200
379.6000,1,12.330,0.0200
379.7000,1,4.354,0.0200
379.8000,1,0.772,0.0200
379.9000,1,10.505,0.0200
380.0000,1,9.528,0.0200
380.1000,1,1.927,0.0200
380.2000,1,0.353,0.0200
380.3000,1,7.281,0.0200
380.4000,1,8.291,0.0200
380.5000,1,0.310,0.0200
380.6000,1,0.725,0.0200
380.7000,1,0.104,0.0200
380.8000,1,8.030,0.0200
380.9000,1,6.719,0.0200
381.0000,1,1.993,0.0200
381.1000,1,14.600,0.0200
381.2000,1,155.602,0.0200
381.3000,1,1.843,0.0200
381.4000,1,0.941,0.0200
381.5000,1,35.965,0.0200
381.6000,1,0.198,0.0200
381.7000,1,0.114,0.0200
381.8000,1,21.147,0.0200
381.9000,1,3.810,0.0200
382.0000,1,0.561,0.0200
382.1000,1,2.028,0.0200
382.2000,1,4.362,0.0200
382.3000,1,3.329,0.0200
382.4000,1,9.795,0.0200
382.5000,1,2.028,0.0200
382.6000,1,0.243,0.0200
382.7000,1,0.345,0.0200
382.8000,1,28.811,0.0200
382.9000,1,1.607,0.0200
383.0000,1,1.788,0.0200
383.1000,1,0.063,0.0200
383.2000,1,0.443,0.0200
383.3000,1,5.391,0.0200
383.4000,1,1.700,0.0200
383.5000,1,5.576,0.0200
383.6000,1,9.684,0.0200
383.7000,1,2.096,0.0200
383.8000,1,332.106,0.0200
383.9000,1,2.269,0.0200
384.0000,1,15.279,0.0200
384.1000,1,8.794,0.0200
384.2000,1,99.597,0.0200
384.3000,1,2.787,0.0200
384.4000,1,1.775,0.0200
384.5000,1,1.844,0.0200
384.6000,1,9.648,0.0200
384.7000,1,13.325,0.0200
384.8000,1,1.379,0.0200
384.9000,1,7.222,0.0900
385.0000,1,0.327,0.0900
385.1000,1,66.018,0.0900
385.2000,1,33.504,0.0900
385.3000,1,18.935,0.0900
385.4000,1,4.059,0.0900
385.5000,1,1.713,0.0900
385.6000,1,11.644,0.0900
385.7000,1,1.461,0.0900
385.8000,1,0.409,0.0900
385.9000,1,11.461,0.0900
386.0000,1,6.582,0.0900
386.1000,1,53.300,0.0900
386.2000,1,1.294,0.0900
386.3000,1,23.332,0.0900
386.4000,1,1.740,0.0900
386.5000,1,5.204,0.0900
386.6000,1,10.449,0.0900
386.7000,1,6.177,0.0900
386.8000,1,1.339,0.0900
386.9000,1,20.101,0.0900
387.0000,1,0.779,0.0900
387.1000,1,46.583,0.0900
387.2000,1,0.180,0.0200
387.3000,1,26.808,0.0200
387.4000,1,1.532,0.0200
387.5000,1,2.233,0.0200
387.6000,1,0.259,0.0200
387.7000,1,3.732,0.0200
387.8000,1,6.990,0.0200
387.9000,1,16.359,0.0200
388.0000,1,30.122,0.0200
388.1000,1,3.847,0.0200
388.2000,1,5.404,0.0200
388.3000,1,9.523,0.0200
388.4000,1,8.416,0.0200
388.5000,1,50.623,0.0200
388.6000,1,7.296,0.0200
388.7000,1,1.332,0.0200
388.8000,1,13.569,0.0200
388.9000,1,0.251,0.0200
389.0000,1,0.634,0.0200
389.1000,1,3.312,0.0200
389.2000,1,4.353,0.0200
389.3000,1,44.222,0.0200
389.4000,1,5.922,0.0200
389.5000,1,3.533,0.0200
389.6000,1,17.955,0.0200
389.7000,1,13.802,0.0200
389.8000,1,14.522,0.0200
389.9000,1,29.338,0.0200
390.0000,1,18.347,0.0200
390.1000,1,5.082,0.0200
390.2000,1,2.093,0.0200
390.3000,1,0.565,0.0200
390.4000,1,17.418,0.0200
390.5000,1,6.358,0.0200
390.6000,1,22.161,0.0200
390.7000,1,4.090,0.0200
390.8000,1,10.558,0.0200
390.9000,1,6.405,0.0200
391.0000,1,0.426,0.0200
391.1000,1,2.944,0.0200
391.2000,1,0.156,0.0200
391.3000,1,5.575,0.0200
391.4000,1,816.290,0.0200
391.5000,1,33.108,0.0200
391.6000,1,52.184,0.0200
391.7000,1,3.364,0.0200
391.8000,1,1.320,0.0200
391.9000,1,2.592,0.0200
392.0000,1,17.457,0.0200
392.1000,1,0.844,0.0200
392.2000,1,280.565,0.0200
392.3000,1,2.146,0.0200
392.4000,1,3.202,0.0200
392.5000,1,39.614,0.0200
392.6000,1,10.615,0.0200
392.7000,1,22.202,0.0200
392.8000,1,0.126,0.0200
392.9000,1,2.965,0.0200
393.0000,1,4.281,0.0200
393.1000,1,5.280,0.0200
393.2000,1,94.034,0.0200
393.3000,1,1.735,0.0200
393.4000,1,8.061,0.0200
393.5000,1,92.539,0.0200
393.6000,1,0.139,0.0200
393.7000,1,0.479,0.0200
393.8000,1,2.674,0.0200
393.9000,1,1.097,0.0200
394.0000,1,0.680,0.0200
394.1000,1,7.557,0.0200
394.2000,1,58.300,0.0200
394.3000,1,0.598,0.0200
394.4000,1,34.848,0.0200
394.5000,1,0.948,0.0200
394.6000,1,1.986,0.0200
394.7000,1,28.516,0.0200
394.8000,1,15.715,0.0200
394.9000,1,5.273,0.0200
395.0000,1,4.813,0.0200
395.1000,1,4.405,0.0200
395.2000,1,0.625,0.0200
395.3000,1,39.524,0.0200
395.4000,1,13.071,0.0200
395.5000,1,0.227,0.0200
395.6000,1,28.423,0.0200
395.7000,1,0.518,0.0200
395.8000,1,15.408,0.0200
395.9000,1,0.517,0.0200
396.0000,1,150.791,0.0200
396.1000,1,40.045,0.0200
396.2000,1,27.084,0.0200
396.3000,1,15.515,0.0200
396.4000,1,0.597,0.0200
396.5000,1,0.808,0.0200
396.6000,1,49.163,0.0200
396.7000,1,11.825,0.0200
396.8000,1,11.044,0.0200
396.9000,1,1.247,0.0200
397.0000,1,2.124,0.0200
397.1000,1,2.742,0.0200
397.2000,1,12.146,0.0200
397.3000,1,38.672,0.0200
397.4000,1,156.861,0.0200
397.5000,1,5.095,0.0200
397.6000,1,8.307,0.0200
397.7000,1,1.474,0.0200
397.8000,1,0.151,0.0200
397.9000,1,15.070,0.0200
398.0000,1,0.306,0.0200
398.1000,1,2.180,0.0200
398.2000,1,5.766,0.0200
398.3000,1,12.322,0.0200
398.4000,1,4.242,0.0200
398.5000,1,23.754,0.0200
398.6000,1,29.089,0.0200
398.7000,1,1.902,0.0200
398.8000,1,0.791,0.0200
398.9000,1,10.192,0.0200
399.0000,1,7.250,0.0200
399.1000,1,7.205,0.0200
399.2000,1,12.666,0.0200
399.3000,1,0.320,0.0200
399.4000,1,2.861,0.0200
399.5000,1,80.766,0.0200
399.6000,1,2.183,0.0200
399.7000,1,11.434,0.0200
399.8000,1,1.540,0.0200
399.9000,1,30.496,0.0200
400.0000,1,6.237,0.0200
400.1000,1,1.054,0.0200
400.2000,1,81.451,0.0200
400.3000,1,0.065,0.0200
400.4000,1,1.014,0.0200
400.5000,1,22.579,0.0200
400.6000,1,0.798,0.0200
400.7000,1,0.571,0.0200
400.8000,1,0.443,0.0200
400.9000,1,2.040,0.0200
401.0000,1,5.598,0.0200
401.1000,1,0.501,0.0200
401.2000,1,9.736,0.0200
401.3000,1,11.216,0.0200
401.4000,1,14.526,0.0200
401.5000,1,0.756,0.0200
401.6000,1,9.646,0.0200
401.7000,1,0.978,0.0200
401.8000,1,4.132,0.0200
401.9000,1,6.921,0.0200
402.0000,1,94.514,0.0200
402.1000,1,33.544,0.0200
402.2000,1,17.314,0.0200
402.3000,1,62.700,0.0200
402.4000,1,1.072,0.0200
402.5000,1,1.447,0.0200
402.6000,1,5.546,0.0200
402.7000,1,30.403,0.0200
402.8000,1,14.537,0.0200
402.9000,1,7.856,0.0200
403.0000,1,69.184,0.0200
403.1000,1,11.961,0.0200
403.2000,1,6.464,0.0200
403.3000,1,2.767,0.0200
403.4000,1,23.923,0.0200
403.5000,1,1.013,0.0200
403.6000,1,15.286,0.0200
403.7000,1,17.427,0.0200
403.8000,1,8.223,0.0200
403.9000,1,40.421,0.0200
404.0000,1,107.316,0.0200
404.1000,1,1.130,0.0200
404.2000,1,15.482,0.0200
404.3000,1,1.519,0.0200
404.4000,1,10.078,0.0200
404.5000,1,2.890,0.0200
404.6000,1,2.134,0.0200
404.7000,1,3.335,0.0200
404.8000,1,14.488,0.0200
404.9000,1,6.981,0.0200
405.0000,1,4.202,0.0200
405.1000,1,41.367,0.0200
405.2000,1,37.793,0.0200
405.3000,1,7.083,0.0200
405.4000,1,0.434,0.0200
405.5000,1,0.091,0.0200
405.6000,1,3.069,0.0200
405.7000,1,15.764,0.0200
405.8000,1,0.842,0.0200
405.9000,1,42.143,0.0200
406.0000,1,1.159,0.0200
406.1000,1,54.150,0.0200
406.2000,1,46.633,0.0200
406.3000,1,21.432,0.0200
406.4000,1,1.439,0.0200
406.5000,1,79.935,0.0200
406.6000,1,4.119,0.0200
406.7000,1,4.141,0.0200
406.8000,1,5.566,0.0200
406.9000,1,0.501,0.0200
407.0000,1,18.431,0.0200
407.1000,1,42.278,0.0200
407.2000,1,24.994,0.0200
407.3000,1,3.273,0.0200
407.4000,1,1.740,0.0200
407.5000,1,2.146,0.0200
407.6000,1,68.297,0.0200
407.7000,1,32.856,0.0200
407.8000,1,3.922,0.0200
407.9000,1,2.153,0.0200
408.0000,1,0.641,0.0200
408.1000,1,3.116,0.0200
408.2000,1,2.105,0.0200
408.3000,1,51.254,0.0200
408.4000,1,0.334,0.0200
408.5000,1,5.102,0.0200
408.6000,1,76.792,0.0200
408.7000,1,5.570,0.0200
408.8000,1,3.038,0.0200
408.9000,1,0.281,0.0200
409.0000,1,26.611,0.0200
409.1000,1,4.100,0.0200
409.2000,1,1.510,0.0200
409.3000,1,22.714,0.0200
409.4000,1,4.602,0.0200
409.5000,1,0.458,0.0200
409.6000,1,10.744,0.0200
409.7000,1,26.401,0.0200
409.8000,1,1.744,0.0200
409.9000,1,114.428,0.0200
410.0000,1,0.818,0.0200
410.1000,1,168.503,0.0200
410.2000,1,2.803,0.0200
410.3000,1,189.682,0.0200
410.4000,1,7.240,0.0200
410.5000,1,3.957,0.0200
410.6000,1,1.103,0.0200
410.7000,1,2.434,0.0200
410.8000,1,0.458,0.0200
410.9000,1,1.677,0.0200
411.0000,1,43.380,0.0200
411.1000,1,1.430,0.0200
411.2000,1,45.876,0.0200
411.3000,1,4.026,0.0200
411.4000,1,6.565,0.0200
411.5000,1,6.384,0.0200
411.6000,1,1.473,0.0200
411.7000,1,29.638,0.0200
411.8000,1,2.501,0.0200
411.9000,1,1.635,0.0200
412.0000,1,51.408,0.0200
412.1000,1,2.261,0.0200
412.2000,1,0.737,0.0200
412.3000,1,2.188,0.0200
412.4000,1,16.212,0.0200
412.5000,1,2.602,0.0200
412.6000,1,8.294,0.0200
412.7000,1,16.213,0.0200
412.8000,1,26.870,0.0200
412.9000,1,72.339,0.0200
413.0000,1,39.839,0.0200
413.1000,1,9.145,0.0200
413.2000,1,1.581,0.0200
413.3000,1,4.430,0.0200
413.4000,1,0.745,0.0200
413.5000,1,2.086,0.0900
413.6000,1,21.214,0.0900
413.7000,1,7.307,0.0900
413.8000,1,2.148,0.0900
413.9000,1,7.445,0.0900
414.0000,1,1.079,0.0900
414.1000,1,27.036,0.0900
414.2000,1,4.670,0.0900
414.3000,1,117.139,0.0900
414.4000,1,0.811,0.0900
414.5000,1,1.206,0.0900
414.6000,1,2.274,0.0900
414.7000,1,7.089,0.0200
414.8000,1,5.352,0.0200
414.9000,1,4.422,0.0200
415.0000,1,34.311,0.0200
415.1000,1,14.227,0.0200
415.2000,1,0.546,0.0200
415.3000,1,5.056,0.0200
415.4000,1,0.391,0.0200
415.5000,1,94.035,0.0200
415.6000,1,1.543,0.0200
415.7000,1,11.729,0.0200
415.8000,1,2.686,0.0200
415.9000,1,2.438,0.0200
416.0000,1,0.301,0.0200
416.1000,1,3.075,0.0200
416.2000,1,3.680,0.0200
416.3000,1,9.330,0.0200
416.4000,1,40.722,0.0200
416.5000,1,63.690,0.0200
416.6000,1,393.673,0.0200
416.7000,1,0.231,0.0200
416.8000,1,192.496,0.0200
416.9000,1,12.081,0.0200
417.0000,1,14.716,0.0200
417.1000,1,3.643,0.0200
417.2000,1,5.498,0.0200
417.3000,1,16.049,0.0200
417.4000,1,11.572,0.0200
417.5000,1,1.201,0.0200
417.6000,1,1.473,0.0200
417.7000,1,1.203,0.0200
417.8000,1,2.018,0.0200
417.9000,1,0.678,0.0200
418.0000,1,1.175,0.0200
418.1000,1,35.003,0.0200
418.2000,1,18.821,0.0200
418.3000,1,2.750,0.0200
418.4000,1,1.387,0.0200
418.5000,1,0.424,0.0200
418.6000,1,4.108,0.0900
418.7000,1,0.206,0.0900
418.8000,1,14.196,0.0200
418.9000,1,5.390,0.0200
419.0000,1,1.191,0.0200
419.1000,1,0.418,0.0200
419.2000,1,1.253,0.0200
419.3000,1,27.671,0.0200
419.4000,1,17.124,0.0200
419.5000,1,6.353,0.0200
419.6000,1,8.952,0.0200
419.7000,1,8.259,0.0200
419.8000,1,16.015,0.0200
419.9000,1,0.523,0.0200
