exec_id,subject,run,label_cond,kind,severity,i,onset,y,n_samples,valid_online,pred_csp,valid_csp,ref_pred_csp,ref_valid_csp,pred_net,valid_net,ref_pred_net,ref_valid_net,family,touched,ok_csp,ref_ok_csp,chg_csp,chg_valid_csp,ok_net,ref_ok_net,chg_net,chg_valid_net,L,u,ev_index,valida_tele,u_frac,pos,centro,pos_centro,quint,harm_csp,help_csp,harm_net,help_net
s01-r0-burst_trial-0.1,1,0,burst_trial-0.1,burst_trial,0.1,0,1.0,1,900,1,1.0,1,1,1,1.0,1,1,1,pérdida contigua en ensayo,True,1,1,0,0.0,1,1,0,0.0,100,836,0,True,0.9288888888888889,fin,886.0,fin,80-100,0,0,0,0
s01-r0-burst_trial-0.1,1,0,burst_trial-0.1,burst_trial,0.1,1,9.012000000000056,2,900,1,2.0,1,2,1,2.0,1,2,1,pérdida contigua en ensayo,True,1,1,0,0.0,1,1,0,0.0,100,558,1,True,0.62,medio,608.0,medio,60-80,0,0,0,0
s01-r0-burst_trial-0.1,1,0,burst_trial-0.1,burst_trial,0.1,2,16.68399999999997,2,900,1,1.0,1,1,1,1.0,1,1,1,pérdida contigua en ensayo,True,0,0,0,0.0,0,0,0,0.0,100,856,2,True,0.9511111111111111,fin,906.0,fin,80-100,0,0,0,0
s01-r0-burst_trial-0.1,1,0,burst_trial-0.1,burst_trial,0.1,3,24.49199999999996,1,900,1,1.0,1,1,1,1.0,1,1,1,pérdida contigua en ensayo,True,1,1,0,0.0,1,1,0,0.0,100,366,3,True,0.4066666666666667,medio,416.0,medio,40-60,0,0,0,0
s01-r0-burst_trial-0.1,1,0,burst_trial-0.1,burst_trial,0.1,4,32.524,2,900,1,1.0,1,1,1,1.0,1,1,1,pérdida contigua en ensayo,True,0,0,0,0.0,0,0,0,0.0,100,615,4,True,0.6833333333333333,fin,665.0,medio,60-80,0,0,0,0
s01-r0-burst_trial-0.1,1,0,burst_trial-0.1,burst_trial,0.1,5,40.96799999999996,1,900,1,1.0,1,1,1,1.0,1,1,1,pérdida contigua en ensayo,True,1,1,0,0.0,1,1,0,0.0,100,360,5,True,0.4,medio,410.0,medio,20-40,0,0,0,0
s01-r0-burst_trial-0.1,1,0,burst_trial-0.1,burst_trial,0.1,6,48.63599999999997,2,900,1,2.0,1,2,1,2.0,1,2,1,pérdida contigua en ensayo,True,1,1,0,0.0,1,1,0,0.0,100,11,6,True,0.012222222222222223,inicio,61.0,inicio,0-20,0,0,0,0
s01-r0-burst_trial-0.1,1,0,burst_trial-0.1,burst_trial,0.1,7,64.56000000000006,2,900,1,2.0,1,2,1,2.0,1,2,1,pérdida contigua en ensayo,True,1,1,0,0.0,1,1,0,0.0,100,260,8,True,0.28888888888888886,inicio,310.0,inicio,20-40,0,0,0,0
s01-r0-burst_trial-0.1,1,0,burst_trial-0.1,burst_trial,0.1,8,80.17600000000004,1,900,1,1.0,1,1,1,1.0,1,1,1,pérdida contigua en ensayo,True,1,1,0,0.0,1,1,0,0.0,100,554,10,True,0.6155555555555555,medio,604.0,medio,60-80,0,0,0,0
s01-r0-burst_trial-0.1,1,0,burst_trial-0.1,burst_trial,0.1,9,95.644,2,900,1,2.0,1,2,1,2.0,1,2,1,pérdida contigua en ensayo,True,1,1,0,0.0,1,1,0,0.0,100,579,12,True,0.6433333333333333,medio,629.0,medio,60-80,0,0,0,0
s01-r0-burst_trial-0.1,1,0,burst_trial-0.1,burst_trial,0.1,10,103.41999999999996,1,900,1,1.0,1,1,1,1.0,1,1,1,pérdida contigua en ensayo,True,1,1,0,0.0,1,1,0,0.0,100,181,13,True,0.2011111111111111,inicio,231.0,inicio,20-40,0,0,0,0
s01-r0-burst_trial-0.1,1,0,burst_trial-0.1,burst_trial,0.1,11,152.47199999999998,1,900,1,1.0,1,1,1,1.0,1,1,1,pérdida contigua en ensayo,True,1,1,0,0.0,1,1,0,0.0,100,799,19,True,0.8877777777777778,fin,849.0,fin,80-100,0,0,0,0
s01-r0-burst_trial-0.1,1,0,burst_trial-0.1,burst_trial,0.1,12,169.072,2,900,1,2.0,1,2,1,2.0,1,2,1,pérdida contigua en ensayo,True,1,1,0,0.0,1,1,0,0.0,100,57,21,True,0.06333333333333334,inicio,107.0,inicio,0-20,0,0,0,0
s01-r0-burst_trial-0.1,1,0,burst_trial-0.1,burst_trial,0.1,13,176.72000000000003,1,900,1,1.0,1,1,1,1.0,1,1,1,pérdida contigua en ensayo,True,1,1,0,0.0,1,1,0,0.0,100,416,22,True,0.4622222222222222,medio,466.0,medio,40-60,0,0,0,0
s01-r0-burst_trial-0.1,1,0,burst_trial-0.1,burst_trial,0.1,14,184.84399999999997,1,900,1,1.0,1,1,1,1.0,1,1,1,pérdida contigua en ensayo,True,1,1,0,0.0,1,1,0,0.0,100,868,23,True,0.9644444444444444,fin,918.0,fin,80-100,0,0,0,0
s01-r0-burst_trial-0.1,1,0,burst_trial-0.1,burst_trial,0.1,15,208.91600000000005,1,900,1,1.0,1,1,1,1.0,1,1,1,pérdida contigua en ensayo,True,1,1,0,0.0,1,1,0,0.0,100,368,26,True,0.4088888888888889,medio,418.0,medio,40-60,0,0,0,0
s01-r0-burst_trial-0.1,1,0,burst_trial-0.1,burst_trial,0.1,16,241.22000000000003,1,900,1,1.0,1,1,1,1.0,1,1,1,pérdida contigua en ensayo,True,1,1,0,0.0,1,1,0,0.0,100,812,30,True,0.9022222222222223,fin,862.0,fin,80-100,0,0,0,0
s01-r0-burst_trial-0.1,1,0,burst_trial-0.1,burst_trial,0.1,17,249.648,2,900,1,2.0,1,2,1,2.0,1,2,1,pérdida contigua en ensayo,True,1,1,0,0.0,1,1,0,0.0,100,417,31,True,0.4633333333333333,medio,467.0,medio,40-60,0,0,0,0
s01-r0-burst_trial-0.1,1,0,burst_trial-0.1,burst_trial,0.1,18,258.016,1,900,1,1.0,1,1,1,1.0,1,1,1,pérdida contigua en ensayo,True,1,1,0,0.0,1,1,0,0.0,100,229,32,True,0.2544444444444444,inicio,279.0,inicio,20-40,0,0,0,0
s01-r0-burst_trial-0.1,1,0,burst_trial-0.1,burst_trial,0.1,19,266.38,2,900,1,2.0,1,2,1,2.0,1,2,1,pérdida contigua en ensayo,True,1,1,0,0.0,1,1,0,0.0,100,689,33,True,0.7655555555555555,fin,739.0,fin,60-80,0,0,0,0
s01-r0-burst_trial-0.1,1,0,burst_trial-0.1,burst_trial,0.1,20,274.552,2,900,1,2.0,1,2,1,1.0,1,1,1,pérdida contigua en ensayo,True,1,1,0,0.0,0,0,0,0.0,100,843,34,True,0.9366666666666666,fin,893.0,fin,80-100,0,0,0,0
s01-r0-burst_trial-0.1,1,0,burst_trial-0.1,burst_trial,0.1,21,282.808,1,900,1,1.0,1,1,1,1.0,1,1,1,pérdida contigua en ensayo,True,1,1,0,0.0,1,1,0,0.0,100,11,35,True,0.012222222222222223,inicio,61.0,inicio,0-20,0,0,0,0
s01-r0-burst_trial-0.1,1,0,burst_trial-0.1,burst_trial,0.1,22,290.88800000000003,2,900,1,2.0,1,2,1,2.0,1,2,1,pérdida contigua en ensayo,True,1,1,0,0.0,1,1,0,0.0,100,721,36,True,0.8011111111111111,fin,771.0,fin,80-100,0,0,0,0
s01-r0-burst_trial-0.1,1,0,burst_trial-0.1,burst_trial,0.1,23,306.62800000000004,2,900,1,1.0,1,1,1,2.0,1,2,1,pérdida contigua en ensayo,True,0,0,0,0.0,1,1,0,0.0,100,249,38,True,0.27666666666666667,inicio,299.0,inicio,20-40,0,0,0,0
s01-r0-burst_trial-0.25,1,0,burst_trial-0.25,burst_trial,0.25,0,1.0,1,750,1,1.0,1,1,1,1.0,1,1,1,pérdida contigua en ensayo,True,1,1,0,0.0,1,1,0,0.0,250,204,0,True,0.272,inicio,329.0,inicio,20-40,0,0,0,0
s01-r0-burst_trial-0.25,1,0,burst_trial-0.25,burst_trial,0.25,1,9.011999999999944,2,750,1,2.0,1,2,1,2.0,1,2,1,pérdida contigua en ensayo,True,1,1,0,0.0,1,1,0,0.0,250,418,1,True,0.5573333333333333,medio,543.0,medio,40-60,0,0,0,0
s01-r0-burst_trial-0.25,1,0,burst_trial-0.25,burst_trial,0.25,2,16.68399999999997,2,750,1,1.0,1,1,1,2.0,1,1,1,pérdida contigua en ensayo,True,0,0,0,0.0,1,0,1,1.0,250,623,2,True,0.8306666666666667,fin,748.0,fin,80-100,0,0,0,1
s01-r0-burst_trial-0.25,1,0,burst_trial-0.25,burst_trial,0.25,3,24.49199999999996,1,750,1,1.0,1,1,1,1.0,1,1,1,pérdida contigua en ensayo,True,1,1,0,0.0,1,1,0,0.0,250,464,3,True,0.6186666666666667,medio,589.0,medio,60-80,0,0,0,0
s01-r0-burst_trial-0.25,1,0,burst_trial-0.25,burst_trial,0.25,4,32.524,2,750,1,1.0,1,1,1,2.0,1,1,1,pérdida contigua en ensayo,True,0,0,0,0.0,1,0,1,1.0,250,345,4,True,0.46,medio,470.0,medio,40-60,0,0,0,1
s01-r0-burst_trial-0.25,1,0,burst_trial-0.25,burst_trial,0.25,5,40.96799999999996,1,750,1,1.0,1,1,1,1.0,1,1,1,pérdida contigua en ensayo,True,1,1,0,0.0,1,1,0,0.0,250,88,5,True,0.11733333333333333,inicio,213.0,inicio,0-20,0,0,0,0
s01-r0-burst_trial-0.25,1,0,burst_trial-0.25,burst_trial,0.25,6,48.63599999999997,2,750,1,2.0,1,2,1,2.0,1,2,1,pérdida contigua en ensayo,True,1,1,0,0.0,1,1,0,0.0,250,111,6,True,0.148,inicio,236.0,inicio,0-20,0,0,0,0
s01-r0-burst_trial-0.25,1,0,burst_trial-0.25,burst_trial,0.25,7,64.55999999999995,2,750,1,2.0,1,2,1,2.0,1,2,1,pérdida contigua en ensayo,True,1,1,0,0.0,1,1,0,0.0,250,224,8,True,0.2986666666666667,inicio,349.0,medio,20-40,0,0,0,0
s01-r0-burst_trial-0.25,1,0,burst_trial-0.25,burst_trial,0.25,8,80.17600000000004,1,750,1,1.0,1,1,1,1.0,1,1,1,pérdida contigua en ensayo,True,1,1,0,0.0,1,1,0,0.0,250,705,10,True,0.94,fin,830.0,fin,80-100,0,0,0,0
s01-r0-burst_trial-0.25,1,0,burst_trial-0.25,burst_trial,0.25,9,95.644,2,750,1,2.0,1,2,1,2.0,1,2,1,pérdida contigua en ensayo,True,1,1,0,0.0,1,1,0,0.0,250,213,12,True,0.284,inicio,338.0,medio,20-40,0,0,0,0
s01-r0-burst_trial-0.25,1,0,burst_trial-0.25,burst_trial,0.25,10,103.41999999999996,1,750,1,1.0,1,1,1,1.0,1,1,1,pérdida contigua en ensayo,True,1,1,0,0.0,1,1,0,0.0,250,494,13,True,0.6586666666666666,medio,619.0,medio,60-80,0,0,0,0
s01-r0-burst_trial-0.25,1,0,burst_trial-0.25,burst_trial,0.25,11,152.47199999999998,1,750,1,1.0,1,1,1,1.0,1,1,1,pérdida contigua en ensayo,True,1,1,0,0.0,1,1,0,0.0,250,446,19,True,0.5946666666666667,medio,571.0,medio,40-60,0,0,0,0
s01-r0-burst_trial-0.25,1,0,burst_trial-0.25,burst_trial,0.25,12,169.072,2,750,1,1.0,1,2,1,2.0,1,2,1,pérdida contigua en ensayo,True,0,1,1,1.0,1,1,0,0.0,250,249,21,True,0.332,inicio,374.0,medio,20-40,1,0,0,0
s01-r0-burst_trial-0.25,1,0,burst_trial-0.25,burst_trial,0.25,13,176.72000000000003,1,750,1,1.0,1,1,1,1.0,1,1,1,pérdida contigua en ensayo,True,1,1,0,0.0,1,1,0,0.0,250,167,22,True,0.22266666666666668,inicio,292.0,inicio,20-40,0,0,0,0
s01-r0-burst_trial-0.25,1,0,burst_trial-0.25,burst_trial,0.25,14,184.84400000000005,1,750,1,1.0,1,1,1,1.0,1,1,1,pérdida contigua en ensayo,True,1,1,0,0.0,1,1,0,0.0,250,87,23,True,0.116,inicio,212.0,inicio,0-20,0,0,0,0
s01-r0-burst_trial-0.25,1,0,burst_trial-0.25,burst_trial,0.25,15,208.91599999999997,1,750,1,1.0,1,1,1,2.0,1,1,1,pérdida contigua en ensayo,True,1,1,0,0.0,0,1,1,1.0,250,106,26,True,0.14133333333333334,inicio,231.0,inicio,0-20,0,0,1,0
s01-r0-burst_trial-0.25,1,0,burst_trial-0.25,burst_trial,0.25,16,241.22000000000003,1,750,1,1.0,1,1,1,1.0,1,1,1,pérdida contigua en ensayo,True,1,1,0,0.0,1,1,0,0.0,250,94,30,True,0.12533333333333332,inicio,219.0,inicio,0-20,0,0,0,0
s01-r0-burst_trial-0.25,1,0,burst_trial-0.25,burst_trial,0.25,17,249.648,2,750,1,2.0,1,2,1,2.0,1,2,1,pérdida contigua en ensayo,True,1,1,0,0.0,1,1,0,0.0,250,316,31,True,0.42133333333333334,medio,441.0,medio,40-60,0,0,0,0
s01-r0-burst_trial-0.25,1,0,burst_trial-0.25,burst_trial,0.25,18,258.0160000000001,1,750,1,1.0,1,1,1,2.0,1,1,1,pérdida contigua en ensayo,True,1,1,0,0.0,0,1,1,1.0,250,356,32,True,0.4746666666666667,medio,481.0,medio,40-60,0,0,1,0
s01-r0-burst_trial-0.25,1,0,burst_trial-0.25,burst_trial,0.25,19,266.38,2,750,1,2.0,1,2,1,2.0,1,2,1,pérdida contigua en ensayo,True,1,1,0,0.0,1,1,0,0.0,250,536,33,True,0.7146666666666667,fin,661.0,medio,60-80,0,0,0,0
s01-r0-burst_trial-0.25,1,0,burst_trial-0.25,burst_trial,0.25,20,274.552,2,750,1,2.0,1,2,1,2.0,1,1,1,pérdida contigua en ensayo,True,1,1,0,0.0,1,0,1,1.0,250,588,34,True,0.784,fin,713.0,fin,60-80,0,0,0,1
s01-r0-burst_trial-0.25,1,0,burst_trial-0.25,burst_trial,0.25,21,282.808,1,750,1,1.0,1,1,1,1.0,1,1,1,pérdida contigua en ensayo,True,1,1,0,0.0,1,1,0,0.0,250,322,35,True,0.42933333333333334,medio,447.0,medio,40-60,0,0,0,0
s01-r0-burst_trial-0.25,1,0,burst_trial-0.25,burst_trial,0.25,22,290.8879999999999,2,750,1,2.0,1,2,1,2.0,1,2,1,pérdida contigua en ensayo,True,1,1,0,0.0,1,1,0,0.0,250,438,36,True,0.584,medio,563.0,medio,40-60,0,0,0,0
s01-r0-burst_trial-0.25,1,0,burst_trial-0.25,burst_trial,0.25,23,306.628,2,750,1,1.0,1,1,1,2.0,1,2,1,pérdida contigua en ensayo,True,0,0,0,0.0,1,1,0,0.0,250,501,38,True,0.668,fin,626.0,medio,60-80,0,0,0,0
s01-r0-burst_trial-0.4,1,0,burst_trial-0.4,burst_trial,0.4,0,1.0,1,600,1,1.0,1,1,1,1.0,1,1,1,pérdida contigua en ensayo,True,1,1,0,0.0,1,1,0,0.0,400,599,0,True,0.9983333333333333,fin,799.0,fin,80-100,0,0,0,0
s01-r0-burst_trial-0.4,1,0,burst_trial-0.4,burst_trial,0.4,1,9.011999999999944,2,600,1,2.0,1,2,1,2.0,1,2,1,pérdida contigua en ensayo,True,1,1,0,0.0,1,1,0,0.0,400,476,1,True,0.7933333333333333,fin,676.0,fin,60-80,0,0,0,0
s01-r0-burst_trial-0.4,1,0,burst_trial-0.4,burst_trial,0.4,2,16.68399999999997,2,600,1,2.0,1,1,1,2.0,1,1,1,pérdida contigua en ensayo,True,1,0,1,1.0,1,0,1,1.0,400,554,2,True,0.9233333333333333,fin,754.0,fin,80-100,0,1,0,1
s01-r0-burst_trial-0.4,1,0,burst_trial-0.4,burst_trial,0.4,3,24.49199999999996,1,600,1,1.0,1,1,1,1.0,1,1,1,pérdida contigua en ensayo,True,1,1,0,0.0,1,1,0,0.0,400,152,3,True,0.25333333333333335,inicio,352.0,medio,20-40,0,0,0,0
s01-r0-burst_trial-0.4,1,0,burst_trial-0.4,burst_trial,0.4,4,32.524,2,600,1,1.0,1,1,1,1.0,1,1,1,pérdida contigua en ensayo,True,0,0,0,0.0,0,0,0,0.0,400,499,4,True,0.8316666666666667,fin,699.0,fin,80-100,0,0,0,0
s01-r0-burst_trial-0.4,1,0,burst_trial-0.4,burst_trial,0.4,5,40.96799999999996,1,600,1,1.0,1,1,1,1.0,1,1,1,pérdida contigua en ensayo,True,1,1,0,0.0,1,1,0,0.0,400,418,5,True,0.6966666666666667,fin,618.0,medio,60-80,0,0,0,0
s01-r0-burst_trial-0.4,1,0,burst_trial-0.4,burst_trial,0.4,6,48.63599999999997,2,600,1,2.0,1,2,1,2.0,1,2,1,pérdida contigua en ensayo,True,1,1,0,0.0,1,1,0,0.0,400,120,6,True,0.2,inicio,320.0,inicio,0-20,0,0,0,0
s01-r0-burst_trial-0.4,1,0,burst_trial-0.4,burst_trial,0.4,7,64.55999999999995,2,600,1,2.0,1,2,1,2.0,1,2,1,pérdida contigua en ensayo,True,1,1,0,0.0,1,1,0,0.0,400,55,8,True,0.09166666666666666,inicio,255.0,inicio,0-20,0,0,0,0
s01-r0-burst_trial-0.4,1,0,burst_trial-0.4,burst_trial,0.4,8,80.17600000000004,1,600,1,1.0,1,1,1,2.0,1,1,1,pérdida contigua en ensayo,True,1,1,0,0.0,0,1,1,1.0,400,404,10,True,0.6733333333333333,fin,604.0,medio,60-80,0,0,1,0
s01-r0-burst_trial-0.4,1,0,burst_trial-0.4,burst_trial,0.4,9,95.644,2,600,1,2.0,1,2,1,2.0,1,2,1,pérdida contigua en ensayo,True,1,1,0,0.0,1,1,0,0.0,400,444,12,True,0.74,fin,644.0,medio,60-80,0,0,0,0
s01-r0-burst_trial-0.4,1,0,burst_trial-0.4,burst_trial,0.4,10,103.41999999999996,1,600,1,1.0,1,1,1,1.0,1,1,1,pérdida contigua en ensayo,True,1,1,0,0.0,1,1,0,0.0,400,10,13,True,0.016666666666666666,inicio,210.0,inicio,0-20,0,0,0,0
s01-r0-burst_trial-0.4,1,0,burst_trial-0.4,burst_trial,0.4,11,152.47199999999998,1,600,1,1.0,1,1,1,1.0,1,1,1,pérdida contigua en ensayo,True,1,1,0,0.0,1,1,0,0.0,400,297,19,True,0.495,medio,497.0,medio,40-60,0,0,0,0
s01-r0-burst_trial-0.4,1,0,burst_trial-0.4,burst_trial,0.4,12,169.072,2,600,1,2.0,1,2,1,2.0,1,2,1,pérdida contigua en ensayo,True,1,1,0,0.0,1,1,0,0.0,400,366,21,True,0.61,medio,566.0,medio,60-80,0,0,0,0
s01-r0-burst_trial-0.4,1,0,burst_trial-0.4,burst_trial,0.4,13,176.72000000000003,1,600,1,1.0,1,1,1,1.0,1,1,1,pérdida contigua en ensayo,True,1,1,0,0.0,1,1,0,0.0,400,142,22,True,0.23666666666666666,inicio,342.0,medio,20-40,0,0,0,0
s01-r0-burst_trial-0.4,1,0,burst_trial-0.4,burst_trial,0.4,14,184.84400000000005,1,600,1,1.0,1,1,1,1.0,1,1,1,pérdida contigua en ensayo,True,1,1,0,0.0,1,1,0,0.0,400,471,23,True,0.785,fin,671.0,fin,60-80,0,0,0,0
s01-r0-burst_trial-0.4,1,0,burst_trial-0.4,burst_trial,0.4,15,208.91599999999997,1,600,1,1.0,1,1,1,2.0,1,1,1,pérdida contigua en ensayo,True,1,1,0,0.0,0,1,1,1.0,400,146,26,True,0.24333333333333335,inicio,346.0,medio,20-40,0,0,1,0
s01-r0-burst_trial-0.4,1,0,burst_trial-0.4,burst_trial,0.4,16,241.22000000000003,1,600,1,1.0,1,1,1,1.0,1,1,1,pérdida contigua en ensayo,True,1,1,0,0.0,1,1,0,0.0,400,38,30,True,0.06333333333333334,inicio,238.0,inicio,0-20,0,0,0,0
s01-r0-burst_trial-0.4,1,0,burst_trial-0.4,burst_trial,0.4,17,249.648,2,600,1,2.0,1,2,1,2.0,1,2,1,pérdida contigua en ensayo,True,1,1,0,0.0,1,1,0,0.0,400,491,31,True,0.8183333333333334,fin,691.0,fin,80-100,0,0,0,0
s01-r0-burst_trial-0.4,1,0,burst_trial-0.4,burst_trial,0.4,18,258.0160000000001,1,600,1,1.0,1,1,1,2.0,1,1,1,pérdida contigua en ensayo,True,1,1,0,0.0,0,1,1,1.0,400,375,32,True,0.625,medio,575.0,medio,60-80,0,0,1,0
s01-r0-burst_trial-0.4,1,0,burst_trial-0.4,burst_trial,0.4,19,266.38,2,600,1,2.0,1,2,1,2.0,1,2,1,pérdida contigua en ensayo,True,1,1,0,0.0,1,1,0,0.0,400,55,33,True,0.09166666666666666,inicio,255.0,inicio,0-20,0,0,0,0
s01-r0-burst_trial-0.4,1,0,burst_trial-0.4,burst_trial,0.4,20,274.552,2,600,1,2.0,1,2,1,2.0,1,1,1,pérdida contigua en ensayo,True,1,1,0,0.0,1,0,1,1.0,400,65,34,True,0.10833333333333334,inicio,265.0,inicio,0-20,0,0,0,1
s01-r0-burst_trial-0.4,1,0,burst_trial-0.4,burst_trial,0.4,21,282.808,1,600,1,1.0,1,1,1,1.0,1,1,1,pérdida contigua en ensayo,True,1,1,0,0.0,1,1,0,0.0,400,376,35,True,0.6266666666666667,medio,576.0,medio,60-80,0,0,0,0
s01-r0-burst_trial-0.4,1,0,burst_trial-0.4,burst_trial,0.4,22,290.8879999999999,2,600,1,2.0,1,2,1,2.0,1,2,1,pérdida contigua en ensayo,True,1,1,0,0.0,1,1,0,0.0,400,278,36,True,0.4633333333333333,medio,478.0,medio,40-60,0,0,0,0
s01-r0-burst_trial-0.4,1,0,burst_trial-0.4,burst_trial,0.4,23,306.628,2,600,1,1.0,1,1,1,2.0,1,2,1,pérdida contigua en ensayo,True,0,0,0,0.0,1,1,0,0.0,400,526,38,True,0.8766666666666667,fin,726.0,fin,80-100,0,0,0,0
s01-r1-burst_trial-0.1,1,1,burst_trial-0.1,burst_trial,0.1,0,16.684000000000196,2,900,1,2.0,1,2,1,2.0,1,1,1,pérdida contigua en ensayo,True,1,1,0,0.0,1,0,1,1.0,100,222,2,True,0.24666666666666667,inicio,272.0,inicio,20-40,0,0,0,1
s01-r1-burst_trial-0.1,1,1,burst_trial-0.1,burst_trial,0.1,1,24.49200000000019,1,900,1,1.0,1,1,1,1.0,1,1,1,pérdida contigua en ensayo,True,1,1,0,0.0,1,1,0,0.0,100,673,3,True,0.7477777777777778,fin,723.0,fin,60-80,0,0,0,0
s01-r1-burst_trial-0.1,1,1,burst_trial-0.1,burst_trial,0.1,2,32.52400000000034,1,900,1,1.0,1,1,1,1.0,1,1,1,pérdida contigua en ensayo,True,1,1,0,0.0,1,1,0,0.0,100,142,4,True,0.15777777777777777,inicio,192.0,inicio,0-20,0,0,0,0
s01-r1-burst_trial-0.1,1,1,burst_trial-0.1,burst_trial,0.1,3,40.96799999999985,2,900,1,2.0,1,2,1,2.0,1,2,1,pérdida contigua en ensayo,True,1,1,0,0.0,1,1,0,0.0,100,250,5,True,0.2777777777777778,inicio,300.0,inicio,20-40,0,0,0,0
s01-r1-burst_trial-0.1,1,1,burst_trial-0.1,burst_trial,0.1,4,64.5600000000004,2,900,1,2.0,1,2,1,2.0,1,2,1,pérdida contigua en ensayo,True,1,1,0,0.0,1,1,0,0.0,100,53,8,True,0.058888888888888886,inicio,103.0,inicio,0-20,0,0,0,0
s01-r1-burst_trial-0.1,1,1,burst_trial-0.1,burst_trial,0.1,5,80.17600000000039,1,900,1,1.0,1,1,1,1.0,1,1,1,pérdida contigua en ensayo,True,1,1,0,0.0,1,1,0,0.0,100,143,10,True,0.15888888888888889,inicio,193.0,inicio,0-20,0,0,0,0
s01-r1-burst_trial-0.1,1,1,burst_trial-0.1,burst_trial,0.1,6,87.75600000000031,1,900,1,1.0,1,1,1,1.0,1,1,1,pérdida contigua en ensayo,True,1,1,0,0.0,1,1,0,0.0,100,2,11,True,0.0022222222222222222,inicio,52.0,inicio,0-20,0,0,0,0
s01-r1-burst_trial-0.1,1,1,burst_trial-0.1,burst_trial,0.1,7,95.64400000000025,1,900,1,1.0,1,1,1,1.0,1,1,1,pérdida contigua en ensayo,True,1,1,0,0.0,1,1,0,0.0,100,557,12,True,0.6188888888888889,medio,607.0,medio,60-80,0,0,0,0
s01-r1-burst_trial-0.1,1,1,burst_trial-0.1,burst_trial,0.1,8,111.28799999999956,2,900,1,1.0,1,1,1,2.0,1,2,1,pérdida contigua en ensayo,True,0,0,0,0.0,1,1,0,0.0,100,717,14,True,0.7966666666666666,fin,767.0,fin,60-80,0,0,0,0
s01-r1-burst_trial-0.1,1,1,burst_trial-0.1,burst_trial,0.1,9,119.76800000000004,2,900,1,2.0,1,2,1,2.0,1,2,1,pérdida contigua en ensayo,True,1,1,0,0.0,1,1,0,0.0,100,799,15,True,0.8877777777777778,fin,849.0,fin,80-100,0,0,0,0
s01-r1-burst_trial-0.1,1,1,burst_trial-0.1,burst_trial,0.1,10,127.80000000000018,1,900,1,1.0,1,1,1,1.0,1,1,1,pérdida contigua en ensayo,True,1,1,0,0.0,1,1,0,0.0,100,28,16,True,0.03111111111111111,inicio,78.0,inicio,0-20,0,0,0,0
s01-r1-burst_trial-0.1,1,1,burst_trial-0.1,burst_trial,0.1,11,136.0640000000003,1,900,1,1.0,1,1,1,1.0,1,1,1,pérdida contigua en ensayo,True,1,1,0,0.0,1,1,0,0.0,100,54,17,True,0.06,inicio,104.0,inicio,0-20,0,0,0,0
s01-r1-burst_trial-0.1,1,1,burst_trial-0.1,burst_trial,0.1,12,152.47199999999975,1,900,1,1.0,1,1,1,1.0,1,1,1,pérdida contigua en ensayo,True,1,1,0,0.0,1,1,0,0.0,100,552,19,True,0.6133333333333333,medio,602.0,medio,60-80,0,0,0,0
s01-r1-burst_trial-0.1,1,1,burst_trial-0.1,burst_trial,0.1,13,160.7520000000004,2,900,1,2.0,1,2,1,1.0,1,1,1,pérdida contigua en ensayo,True,1,1,0,0.0,0,0,0,0.0,100,481,20,True,0.5344444444444445,medio,531.0,medio,40-60,0,0,0,0
s01-r1-burst_trial-0.1,1,1,burst_trial-0.1,burst_trial,0.1,14,192.65599999999995,1,900,1,1.0,1,1,1,1.0,1,1,1,pérdida contigua en ensayo,True,1,1,0,0.0,1,1,0,0.0,100,203,24,True,0.22555555555555556,inicio,253.0,inicio,20-40,0,0,0,0
s01-r1-burst_trial-0.1,1,1,burst_trial-0.1,burst_trial,0.1,15,216.9319999999998,2,900,1,1.0,1,1,1,2.0,1,2,1,pérdida contigua en ensayo,True,0,0,0,0.0,1,1,0,0.0,100,235,27,True,0.2611111111111111,inicio,285.0,inicio,20-40,0,0,0,0
s01-r1-burst_trial-0.1,1,1,burst_trial-0.1,burst_trial,0.1,16,241.22000000000023,2,900,1,2.0,1,2,1,2.0,1,2,1,pérdida contigua en ensayo,True,1,1,0,0.0,1,1,0,0.0,100,618,30,True,0.6866666666666666,fin,668.0,fin,60-80,0,0,0,0
s01-r1-burst_trial-0.1,1,1,burst_trial-0.1,burst_trial,0.1,17,249.6480000000001,1,900,1,1.0,1,1,1,1.0,1,1,1,pérdida contigua en ensayo,True,1,1,0,0.0,1,1,0,0.0,100,840,31,True,0.9333333333333333,fin,890.0,fin,80-100,0,0,0,0
s01-r1-burst_trial-0.1,1,1,burst_trial-0.1,burst_trial,0.1,18,258.0159999999996,2,900,1,2.0,1,2,1,2.0,1,2,1,pérdida contigua en ensayo,True,1,1,0,0.0,1,1,0,0.0,100,565,32,True,0.6277777777777778,medio,615.0,medio,60-80,0,0,0,0
s01-r1-burst_trial-0.1,1,1,burst_trial-0.1,burst_trial,0.1,19,306.6279999999997,1,900,1,1.0,1,1,1,1.0,1,1,1,pérdida contigua en ensayo,True,1,1,0,0.0,1,1,0,0.0,100,91,38,True,0.10111111111111111,inicio,141.0,inicio,0-20,0,0,0,0
s01-r1-burst_trial-0.1,1,1,burst_trial-0.1,burst_trial,0.1,20,322.65200000000004,2,900,1,2.0,1,2,1,2.0,1,2,1,pérdida contigua en ensayo,True,1,1,0,0.0,1,1,0,0.0,100,29,40,True,0.03222222222222222,inicio,79.0,inicio,0-20,0,0,0,0
s01-r1-burst_trial-0.1,1,1,burst_trial-0.1,burst_trial,0.1,21,338.52400000000034,2,900,1,1.0,1,1,1,2.0,1,2,1,pérdida contigua en ensayo,True,0,0,0,0.0,1,1,0,0.0,100,481,42,True,0.5344444444444445,medio,531.0,medio,40-60,0,0,0,0
s01-r1-burst_trial-0.1,1,1,burst_trial-0.1,burst_trial,0.1,22,362.3360000000002,2,900,1,2.0,1,2,1,2.0,1,2,1,pérdida contigua en ensayo,True,1,1,0,0.0,1,1,0,0.0,100,532,45,True,0.5911111111111111,medio,582.0,medio,40-60,0,0,0,0
s01-r1-burst_trial-0.1,1,1,burst_trial-0.1,burst_trial,0.1,23,379.02800000000025,1,900,1,1.0,1,1,1,1.0,1,1,1,pérdida contigua en ensayo,True,1,1,0,0.0,1,1,0,0.0,100,897,47,True,0.9966666666666667,fin,947.0,fin,80-100,0,0,0,0
s01-r1-burst_trial-0.25,1,1,burst_trial-0.25,burst_trial,0.25,0,16.684000000000196,2,750,1,2.0,1,2,1,2.0,1,1,1,pérdida contigua en ensayo,True,1,1,0,0.0,1,0,1,1.0,250,662,2,True,0.8826666666666667,fin,787.0,fin,80-100,0,0,0,1
s01-r1-burst_trial-0.25,1,1,burst_trial-0.25,burst_trial,0.25,1,24.49200000000019,1,750,1,1.0,1,1,1,1.0,1,1,1,pérdida contigua en ensayo,True,1,1,0,0.0,1,1,0,0.0,250,555,3,True,0.74,fin,680.0,fin,60-80,0,0,0,0
s01-r1-burst_trial-0.25,1,1,burst_trial-0.25,burst_trial,0.25,2,32.52400000000034,1,750,1,1.0,1,1,1,1.0,1,1,1,pérdida contigua en ensayo,True,1,1,0,0.0,1,1,0,0.0,250,302,4,True,0.4026666666666667,medio,427.0,medio,40-60,0,0,0,0
s01-r1-burst_trial-0.25,1,1,burst_trial-0.25,burst_trial,0.25,3,40.96799999999985,2,750,1,2.0,1,2,1,2.0,1,2,1,pérdida contigua en ensayo,True,1,1,0,0.0,1,1,0,0.0,250,719,5,True,0.9586666666666667,fin,844.0,fin,80-100,0,0,0,0
s01-r1-burst_trial-0.25,1,1,burst_trial-0.25,burst_trial,0.25,4,64.5600000000004,2,750,1,2.0,1,2,1,2.0,1,2,1,pérdida contigua en ensayo,True,1,1,0,0.0,1,1,0,0.0,250,5,8,True,0.006666666666666667,inicio,130.0,inicio,0-20,0,0,0,0
s01-r1-burst_trial-0.25,1,1,burst_trial-0.25,burst_trial,0.25,5,80.17600000000039,1,750,1,1.0,1,1,1,1.0,1,1,1,pérdida contigua en ensayo,True,1,1,0,0.0,1,1,0,0.0,250,448,10,True,0.5973333333333334,medio,573.0,medio,40-60,0,0,0,0
s01-r1-burst_trial-0.25,1,1,burst_trial-0.25,burst_trial,0.25,6,87.75600000000031,1,750,1,1.0,1,1,1,1.0,1,1,1,pérdida contigua en ensayo,True,1,1,0,0.0,1,1,0,0.0,250,693,11,True,0.924,fin,818.0,fin,80-100,0,0,0,0
s01-r1-burst_trial-0.25,1,1,burst_trial-0.25,burst_trial,0.25,7,95.64400000000025,1,750,1,1.0,1,1,1,1.0,1,1,1,pérdida contigua en ensayo,True,1,1,0,0.0,1,1,0,0.0,250,247,12,True,0.3293333333333333,inicio,372.0,medio,20-40,0,0,0,0
s01-r1-burst_trial-0.25,1,1,burst_trial-0.25,burst_trial,0.25,8,111.28799999999956,2,750,1,2.0,1,1,1,2.0,1,2,1,pérdida contigua en ensayo,True,1,0,1,1.0,1,1,0,0.0,250,603,14,True,0.804,fin,728.0,fin,80-100,0,1,0,0
s01-r1-burst_trial-0.25,1,1,burst_trial-0.25,burst_trial,0.25,9,119.76800000000004,2,750,1,2.0,1,2,1,2.0,1,2,1,pérdida contigua en ensayo,True,1,1,0,0.0,1,1,0,0.0,250,148,15,True,0.19733333333333333,inicio,273.0,inicio,0-20,0,0,0,0
s01-r1-burst_trial-0.25,1,1,burst_trial-0.25,burst_trial,0.25,10,127.80000000000018,1,750,1,1.0,1,1,1,1.0,1,1,1,pérdida contigua en ensayo,True,1,1,0,0.0,1,1,0,0.0,250,242,16,True,0.32266666666666666,inicio,367.0,medio,20-40,0,0,0,0
s01-r1-burst_trial-0.25,1,1,burst_trial-0.25,burst_trial,0.25,11,136.0640000000003,1,750,1,1.0,1,1,1,1.0,1,1,1,pérdida contigua en ensayo,True,1,1,0,0.0,1,1,0,0.0,250,351,17,True,0.468,medio,476.0,medio,40-60,0,0,0,0
s01-r1-burst_trial-0.25,1,1,burst_trial-0.25,burst_trial,0.25,12,152.47199999999975,1,750,1,1.0,1,1,1,1.0,1,1,1,pérdida contigua en ensayo,True,1,1,0,0.0,1,1,0,0.0,250,238,19,True,0.31733333333333336,inicio,363.0,medio,20-40,0,0,0,0
s01-r1-burst_trial-0.25,1,1,burst_trial-0.25,burst_trial,0.25,13,160.7520000000004,2,750,1,2.0,1,2,1,2.0,1,1,1,pérdida contigua en ensayo,True,1,1,0,0.0,1,0,1,1.0,250,537,20,True,0.716,fin,662.0,medio,60-80,0,0,0,1
s01-r1-burst_trial-0.25,1,1,burst_trial-0.25,burst_trial,0.25,14,192.65599999999995,1,750,1,1.0,1,1,1,1.0,1,1,1,pérdida contigua en ensayo,True,1,1,0,0.0,1,1,0,0.0,250,50,24,True,0.06666666666666667,inicio,175.0,inicio,0-20,0,0,0,0
s01-r1-burst_trial-0.25,1,1,burst_trial-0.25,burst_trial,0.25,15,216.9319999999998,2,750,1,1.0,1,1,1,2.0,1,2,1,pérdida contigua en ensayo,True,0,0,0,0.0,1,1,0,0.0,250,198,27,True,0.264,inicio,323.0,inicio,20-40,0,0,0,0
s01-r1-burst_trial-0.25,1,1,burst_trial-0.25,burst_trial,0.25,16,241.22000000000023,2,750,1,2.0,1,2,1,2.0,1,2,1,pérdida contigua en ensayo,True,1,1,0,0.0,1,1,0,0.0,250,735,30,True,0.98,fin,860.0,fin,80-100,0,0,0,0
s01-r1-burst_trial-0.25,1,1,burst_trial-0.25,burst_trial,0.25,17,249.6480000000001,1,750,1,1.0,1,1,1,1.0,1,1,1,pérdida contigua en ensayo,True,1,1,0,0.0,1,1,0,0.0,250,481,31,True,0.6413333333333333,medio,606.0,medio,60-80,0,0,0,0
s01-r1-burst_trial-0.25,1,1,burst_trial-0.25,burst_trial,0.25,18,258.0159999999996,2,750,1,2.0,1,2,1,2.0,1,2,1,pérdida contigua en ensayo,True,1,1,0,0.0,1,1,0,0.0,250,655,32,True,0.8733333333333333,fin,780.0,fin,80-100,0,0,0,0
s01-r1-burst_trial-0.25,1,1,burst_trial-0.25,burst_trial,0.25,19,306.6279999999997,1,750,1,1.0,1,1,1,1.0,1,1,1,pérdida contigua en ensayo,True,1,1,0,0.0,1,1,0,0.0,250,36,38,True,0.048,inicio,161.0,inicio,0-20,0,0,0,0
s01-r1-burst_trial-0.25,1,1,burst_trial-0.25,burst_trial,0.25,20,322.65200000000004,2,750,1,2.0,1,2,1,2.0,1,2,1,pérdida contigua en ensayo,True,1,1,0,0.0,1,1,0,0.0,250,30,40,True,0.04,inicio,155.0,inicio,0-20,0,0,0,0
s01-r1-burst_trial-0.25,1,1,burst_trial-0.25,burst_trial,0.25,21,338.52400000000034,2,750,1,1.0,1,1,1,2.0,1,2,1,pérdida contigua en ensayo,True,0,0,0,0.0,1,1,0,0.0,250,414,42,True,0.552,medio,539.0,medio,40-60,0,0,0,0
s01-r1-burst_trial-0.25,1,1,burst_trial-0.25,burst_trial,0.25,22,362.3360000000002,2,750,1,2.0,1,2,1,2.0,1,2,1,pérdida contigua en ensayo,True,1,1,0,0.0,1,1,0,0.0,250,344,45,True,0.45866666666666667,medio,469.0,medio,40-60,0,0,0,0
s01-r1-burst_trial-0.25,1,1,burst_trial-0.25,burst_trial,0.25,23,379.02800000000025,1,750,1,1.0,1,1,1,1.0,1,1,1,pérdida contigua en ensayo,True,1,1,0,0.0,1,1,0,0.0,250,110,47,True,0.14666666666666667,inicio,235.0,inicio,0-20,0,0,0,0
s01-r1-burst_trial-0.4,1,1,burst_trial-0.4,burst_trial,0.4,0,16.684000000000196,2,600,1,1.0,1,2,1,1.0,1,1,1,pérdida contigua en ensayo,True,0,1,1,1.0,0,0,0,0.0,400,373,2,True,0.6216666666666667,medio,573.0,medio,60-80,1,0,0,0
s01-r1-burst_trial-0.4,1,1,burst_trial-0.4,burst_trial,0.4,1,24.49200000000019,1,600,1,1.0,1,1,1,1.0,1,1,1,pérdida contigua en ensayo,True,1,1,0,0.0,1,1,0,0.0,400,470,3,True,0.7833333333333333,fin,670.0,fin,60-80,0,0,0,0
s01-r1-burst_trial-0.4,1,1,burst_trial-0.4,burst_trial,0.4,2,32.52400000000034,1,600,1,1.0,1,1,1,1.0,1,1,1,pérdida contigua en ensayo,True,1,1,0,0.0,1,1,0,0.0,400,568,4,True,0.9466666666666667,fin,768.0,fin,80-100,0,0,0,0
s01-r1-burst_trial-0.4,1,1,burst_trial-0.4,burst_trial,0.4,3,40.96799999999985,2,600,1,1.0,1,2,1,2.0,1,2,1,pérdida contigua en ensayo,True,0,1,1,1.0,1,1,0,0.0,400,44,5,True,0.07333333333333333,inicio,244.0,inicio,0-20,1,0,0,0
s01-r1-burst_trial-0.4,1,1,burst_trial-0.4,burst_trial,0.4,4,64.5600000000004,2,600,1,2.0,1,2,1,2.0,1,2,1,pérdida contigua en ensayo,True,1,1,0,0.0,1,1,0,0.0,400,91,8,True,0.15166666666666667,inicio,291.0,inicio,0-20,0,0,0,0
s01-r1-burst_trial-0.4,1,1,burst_trial-0.4,burst_trial,0.4,5,80.17600000000039,1,600,1,1.0,1,1,1,1.0,1,1,1,pérdida contigua en ensayo,True,1,1,0,0.0,1,1,0,0.0,400,421,10,True,0.7016666666666667,fin,621.0,medio,60-80,0,0,0,0
s01-r1-burst_trial-0.4,1,1,burst_trial-0.4,burst_trial,0.4,6,87.75600000000031,1,600,1,1.0,1,1,1,1.0,1,1,1,pérdida contigua en ensayo,True,1,1,0,0.0,1,1,0,0.0,400,340,11,True,0.5666666666666667,medio,540.0,medio,40-60,0,0,0,0
s01-r1-burst_trial-0.4,1,1,burst_trial-0.4,burst_trial,0.4,7,95.64400000000025,1,600,1,1.0,1,1,1,1.0,1,1,1,pérdida contigua en ensayo,True,1,1,0,0.0,1,1,0,0.0,400,238,12,True,0.39666666666666667,medio,438.0,medio,20-40,0,0,0,0
s01-r1-burst_trial-0.4,1,1,burst_trial-0.4,burst_trial,0.4,8,111.28799999999956,2,600,1,2.0,1,1,1,2.0,1,2,1,pérdida contigua en ensayo,True,1,0,1,1.0,1,1,0,0.0,400,285,14,True,0.475,medio,485.0,medio,40-60,0,1,0,0
s01-r1-burst_trial-0.4,1,1,burst_trial-0.4,burst_trial,0.4,9,119.76800000000004,2,600,1,1.0,1,2,1,2.0,1,2,1,pérdida contigua en ensayo,True,0,1,1,1.0,1,1,0,0.0,400,185,15,True,0.30833333333333335,inicio,385.0,medio,20-40,1,0,0,0
s01-r1-burst_trial-0.4,1,1,burst_trial-0.4,burst_trial,0.4,10,127.80000000000018,1,600,1,1.0,1,1,1,2.0,1,1,1,pérdida contigua en ensayo,True,1,1,0,0.0,0,1,1,1.0,400,65,16,True,0.10833333333333334,inicio,265.0,inicio,0-20,0,0,1,0
s01-r1-burst_trial-0.4,1,1,burst_trial-0.4,burst_trial,0.4,11,136.0640000000003,1,600,1,1.0,1,1,1,1.0,1,1,1,pérdida contigua en ensayo,True,1,1,0,0.0,1,1,0,0.0,400,509,17,True,0.8483333333333334,fin,709.0,fin,80-100,0,0,0,0
s01-r1-burst_trial-0.4,1,1,burst_trial-0.4,burst_trial,0.4,12,152.47199999999975,1,600,1,1.0,1,1,1,1.0,1,1,1,pérdida contigua en ensayo,True,1,1,0,0.0,1,1,0,0.0,400,416,19,True,0.6933333333333334,fin,616.0,medio,60-80,0,0,0,0
s01-r1-burst_trial-0.4,1,1,burst_trial-0.4,burst_trial,0.4,13,160.7520000000004,2,600,1,2.0,1,2,1,2.0,1,1,1,pérdida contigua en ensayo,True,1,1,0,0.0,1,0,1,1.0,400,343,20,True,0.5716666666666667,medio,543.0,medio,40-60,0,0,0,1
s01-r1-burst_trial-0.4,1,1,burst_trial-0.4,burst_trial,0.4,14,192.65599999999995,1,600,1,1.0,1,1,1,1.0,1,1,1,pérdida contigua en ensayo,True,1,1,0,0.0,1,1,0,0.0,400,67,24,True,0.11166666666666666,inicio,267.0,inicio,0-20,0,0,0,0
s01-r1-burst_trial-0.4,1,1,burst_trial-0.4,burst_trial,0.4,15,216.9319999999998,2,600,1,1.0,1,1,1,2.0,1,2,1,pérdida contigua en ensayo,True,0,0,0,0.0,1,1,0,0.0,400,468,27,True,0.78,fin,668.0,fin,60-80,0,0,0,0
s01-r1-burst_trial-0.4,1,1,burst_trial-0.4,burst_trial,0.4,16,241.22000000000023,2,600,1,2.0,1,2,1,2.0,1,2,1,pérdida contigua en ensayo,True,1,1,0,0.0,1,1,0,0.0,400,351,30,True,0.585,medio,551.0,medio,40-60,0,0,0,0
s01-r1-burst_trial-0.4,1,1,burst_trial-0.4,burst_trial,0.4,17,249.6480000000001,1,600,1,1.0,1,1,1,1.0,1,1,1,pérdida contigua en ensayo,True,1,1,0,0.0,1,1,0,0.0,400,600,31,True,1.0,fin,800.0,fin,80-100,0,0,0,0
s01-r1-burst_trial-0.4,1,1,burst_trial-0.4,burst_trial,0.4,18,258.0159999999996,2,600,1,2.0,1,2,1,2.0,1,2,1,pérdida contigua en ensayo,True,1,1,0,0.0,1,1,0,0.0,400,93,32,True,0.155,inicio,293.0,inicio,0-20,0,0,0,0
s01-r1-burst_trial-0.4,1,1,burst_trial-0.4,burst_trial,0.4,19,306.6279999999997,1,600,1,1.0,1,1,1,1.0,1,1,1,pérdida contigua en ensayo,True,1,1,0,0.0,1,1,0,0.0,400,51,38,True,0.085,inicio,251.0,inicio,0-20,0,0,0,0
s01-r1-burst_trial-0.4,1,1,burst_trial-0.4,burst_trial,0.4,20,322.65200000000004,2,600,1,2.0,1,2,1,2.0,1,2,1,pérdida contigua en ensayo,True,1,1,0,0.0,1,1,0,0.0,400,13,40,True,0.021666666666666667,inicio,213.0,inicio,0-20,0,0,0,0
s01-r1-burst_trial-0.4,1,1,burst_trial-0.4,burst_trial,0.4,21,338.52400000000034,2,600,1,1.0,1,1,1,2.0,1,2,1,pérdida contigua en ensayo,True,0,0,0,0.0,1,1,0,0.0,400,509,42,True,0.8483333333333334,fin,709.0,fin,80-100,0,0,0,0
s01-r1-burst_trial-0.4,1,1,burst_trial-0.4,burst_trial,0.4,22,362.3360000000002,2,600,1,2.0,1,2,1,2.0,1,2,1,pérdida contigua en ensayo,True,1,1,0,0.0,1,1,0,0.0,400,192,45,True,0.32,inicio,392.0,medio,20-40,0,0,0,0
s01-r1-burst_trial-0.4,1,1,burst_trial-0.4,burst_trial,0.4,23,379.02800000000025,1,600,1,1.0,1,1,1,1.0,1,1,1,pérdida contigua en ensayo,True,1,1,0,0.0,1,1,0,0.0,400,107,47,True,0.17833333333333334,inicio,307.0,inicio,0-20,0,0,0,0
s01-r2-burst_trial-0.1,1,2,burst_trial-0.1,burst_trial,0.1,0,1.0,1,900,1,1.0,1,1,1,1.0,1,1,1,pérdida contigua en ensayo,True,1,1,0,0.0,1,1,0,0.0,100,507,0,True,0.5633333333333334,medio,557.0,medio,40-60,0,0,0,0
s01-r2-burst_trial-0.1,1,2,burst_trial-0.1,burst_trial,0.1,1,9.012000000000626,1,900,1,1.0,1,1,1,2.0,1,2,1,pérdida contigua en ensayo,True,1,1,0,0.0,0,0,0,0.0,100,782,1,True,0.8688888888888889,fin,832.0,fin,80-100,0,0,0,0
s01-r2-burst_trial-0.1,1,2,burst_trial-0.1,burst_trial,0.1,2,24.49200000000019,2,900,1,1.0,1,1,1,2.0,1,2,1,pérdida contigua en ensayo,True,0,0,0,0.0,1,1,0,0.0,100,835,3,True,0.9277777777777778,fin,885.0,fin,80-100,0,0,0,0
s01-r2-burst_trial-0.1,1,2,burst_trial-0.1,burst_trial,0.1,3,32.52399999999943,1,900,1,1.0,1,1,1,1.0,1,1,1,pérdida contigua en ensayo,True,1,1,0,0.0,1,1,0,0.0,100,464,4,True,0.5155555555555555,medio,514.0,medio,40-60,0,0,0,0
s01-r2-burst_trial-0.1,1,2,burst_trial-0.1,burst_trial,0.1,4,48.63600000000042,1,900,1,1.0,1,1,1,1.0,1,1,1,pérdida contigua en ensayo,True,1,1,0,0.0,1,1,0,0.0,100,301,6,True,0.33444444444444443,medio,351.0,medio,20-40,0,0,0,0
s01-r2-burst_trial-0.1,1,2,burst_trial-0.1,burst_trial,0.1,5,64.55999999999949,2,900,1,2.0,1,2,1,2.0,1,2,1,pérdida contigua en ensayo,True,1,1,0,0.0,1,1,0,0.0,100,609,8,True,0.6766666666666666,fin,659.0,medio,60-80,0,0,0,0
s01-r2-burst_trial-0.1,1,2,burst_trial-0.1,burst_trial,0.1,6,80.17599999999948,1,900,1,1.0,1,1,1,1.0,1,1,1,pérdida contigua en ensayo,True,1,1,0,0.0,1,1,0,0.0,100,112,10,True,0.12444444444444444,inicio,162.0,inicio,0-20,0,0,0,0
s01-r2-burst_trial-0.1,1,2,burst_trial-0.1,burst_trial,0.1,7,103.42000000000009,1,900,1,1.0,1,1,1,1.0,1,1,1,pérdida contigua en ensayo,True,1,1,0,0.0,1,1,0,0.0,100,179,13,True,0.1988888888888889,inicio,229.0,inicio,0-20,0,0,0,0
s01-r2-burst_trial-0.1,1,2,burst_trial-0.1,burst_trial,0.1,8,119.76800000000004,2,900,1,2.0,1,2,1,2.0,1,2,1,pérdida contigua en ensayo,True,1,1,0,0.0,1,1,0,0.0,100,350,15,True,0.3888888888888889,medio,400.0,medio,20-40,0,0,0,0
s01-r2-burst_trial-0.1,1,2,burst_trial-0.1,burst_trial,0.1,9,160.7520000000004,1,900,1,1.0,1,1,1,1.0,1,1,1,pérdida contigua en ensayo,True,1,1,0,0.0,1,1,0,0.0,100,497,20,True,0.5522222222222222,medio,547.0,medio,40-60,0,0,0,0
s01-r2-burst_trial-0.1,1,2,burst_trial-0.1,burst_trial,0.1,10,176.71999999999937,2,900,1,2.0,1,2,1,2.0,1,2,1,pérdida contigua en ensayo,True,1,1,0,0.0,1,1,0,0.0,100,515,22,True,0.5722222222222222,medio,565.0,medio,40-60,0,0,0,0
s01-r2-burst_trial-0.1,1,2,burst_trial-0.1,burst_trial,0.1,11,192.6560000000009,2,900,1,2.0,1,2,1,2.0,1,2,1,pérdida contigua en ensayo,True,1,1,0,0.0,1,1,0,0.0,100,11,24,True,0.012222222222222223,inicio,61.0,inicio,0-20,0,0,0,0
s01-r2-burst_trial-0.1,1,2,burst_trial-0.1,burst_trial,0.1,12,200.5,1,900,1,1.0,1,1,1,1.0,1,1,1,pérdida contigua en ensayo,True,1,1,0,0.0,1,1,0,0.0,100,422,25,True,0.4688888888888889,medio,472.0,medio,40-60,0,0,0,0
s01-r2-burst_trial-0.1,1,2,burst_trial-0.1,burst_trial,0.1,13,216.9320000000007,2,900,1,2.0,1,1,1,2.0,1,2,1,pérdida contigua en ensayo,True,1,0,1,1.0,1,1,0,0.0,100,656,27,True,0.7288888888888889,fin,706.0,fin,60-80,0,1,0,0
s01-r2-burst_trial-0.1,1,2,burst_trial-0.1,burst_trial,0.1,14,224.83200000000036,1,900,1,1.0,1,1,1,2.0,1,1,1,pérdida contigua en ensayo,True,1,1,0,0.0,0,1,1,1.0,100,60,28,True,0.06666666666666667,inicio,110.0,inicio,0-20,0,0,1,0
s01-r2-burst_trial-0.1,1,2,burst_trial-0.1,burst_trial,0.1,15,249.64799999999923,1,900,1,1.0,1,1,1,1.0,1,1,1,pérdida contigua en ensayo,True,1,1,0,0.0,1,1,0,0.0,100,772,31,True,0.8577777777777778,fin,822.0,fin,80-100,0,0,0,0
s01-r2-burst_trial-0.1,1,2,burst_trial-0.1,burst_trial,0.1,16,282.8079999999991,2,900,1,2.0,1,2,1,1.0,1,1,1,pérdida contigua en ensayo,True,1,1,0,0.0,0,0,0,0.0,100,365,35,True,0.40555555555555556,medio,415.0,medio,40-60,0,0,0,0
s01-r2-burst_trial-0.1,1,2,burst_trial-0.1,burst_trial,0.1,17,290.88800000000083,1,900,1,1.0,1,1,1,1.0,1,1,1,pérdida contigua en ensayo,True,1,1,0,0.0,1,1,0,0.0,100,114,36,True,0.12666666666666668,inicio,164.0,inicio,0-20,0,0,0,0
s01-r2-burst_trial-0.1,1,2,burst_trial-0.1,burst_trial,0.1,18,298.77599999999984,2,900,1,2.0,1,2,1,2.0,1,2,1,pérdida contigua en ensayo,True,1,1,0,0.0,1,1,0,0.0,100,607,37,True,0.6744444444444444,fin,657.0,medio,60-80,0,0,0,0
s01-r2-burst_trial-0.1,1,2,burst_trial-0.1,burst_trial,0.1,19,314.3279999999995,2,900,1,2.0,1,2,1,2.0,1,2,1,pérdida contigua en ensayo,True,1,1,0,0.0,1,1,0,0.0,100,276,39,True,0.30666666666666664,inicio,326.0,inicio,20-40,0,0,0,0
s01-r2-burst_trial-0.1,1,2,burst_trial-0.1,burst_trial,0.1,20,338.52399999999943,2,900,1,2.0,1,1,1,2.0,1,1,1,pérdida contigua en ensayo,True,1,0,1,1.0,1,0,1,1.0,100,58,42,True,0.06444444444444444,inicio,108.0,inicio,0-20,0,1,0,1
s01-r2-burst_trial-0.1,1,2,burst_trial-0.1,burst_trial,0.1,21,347.0,2,900,1,1.0,1,1,1,2.0,1,2,1,pérdida contigua en ensayo,True,0,0,0,0.0,1,1,0,0.0,100,824,43,True,0.9155555555555556,fin,874.0,fin,80-100,0,0,0,0
s01-r2-burst_trial-0.1,1,2,burst_trial-0.1,burst_trial,0.1,22,354.6239999999998,2,900,1,2.0,1,2,1,2.0,1,2,1,pérdida contigua en ensayo,True,1,1,0,0.0,1,1,0,0.0,100,89,44,True,0.09888888888888889,inicio,139.0,inicio,0-20,0,0,0,0
s01-r2-burst_trial-0.1,1,2,burst_trial-0.1,burst_trial,0.1,23,379.02800000000025,1,900,1,1.0,1,1,1,1.0,1,1,1,pérdida contigua en ensayo,True,1,1,0,0.0,1,1,0,0.0,100,184,47,True,0.20444444444444446,inicio,234.0,inicio,20-40,0,0,0,0
s01-r2-burst_trial-0.25,1,2,burst_trial-0.25,burst_trial,0.25,0,1.0,1,750,1,1.0,1,1,1,1.0,1,1,1,pérdida contigua en ensayo,True,1,1,0,0.0,1,1,0,0.0,250,637,0,True,0.8493333333333334,fin,762.0,fin,80-100,0,0,0,0
s01-r2-burst_trial-0.25,1,2,burst_trial-0.25,burst_trial,0.25,1,9.012000000000626,1,750,1,2.0,1,1,1,2.0,1,2,1,pérdida contigua en ensayo,True,0,1,1,1.0,0,0,0,0.0,250,506,1,True,0.6746666666666666,fin,631.0,medio,60-80,1,0,0,0
s01-r2-burst_trial-0.25,1,2,burst_trial-0.25,burst_trial,0.25,2,24.49200000000019,2,750,1,1.0,1,1,1,2.0,1,2,1,pérdida contigua en ensayo,True,0,0,0,0.0,1,1,0,0.0,250,490,3,True,0.6533333333333333,medio,615.0,medio,60-80,0,0,0,0
s01-r2-burst_trial-0.25,1,2,burst_trial-0.25,burst_trial,0.25,3,32.52399999999943,1,750,1,1.0,1,1,1,1.0,1,1,1,pérdida contigua en ensayo,True,1,1,0,0.0,1,1,0,0.0,250,322,4,True,0.42933333333333334,medio,447.0,medio,40-60,0,0,0,0
s01-r2-burst_trial-0.25,1,2,burst_trial-0.25,burst_trial,0.25,4,48.63600000000042,1,750,1,1.0,1,1,1,1.0,1,1,1,pérdida contigua en ensayo,True,1,1,0,0.0,1,1,0,0.0,250,605,6,True,0.8066666666666666,fin,730.0,fin,80-100,0,0,0,0
s01-r2-burst_trial-0.25,1,2,burst_trial-0.25,burst_trial,0.25,5,64.55999999999949,2,750,1,2.0,1,2,1,2.0,1,2,1,pérdida contigua en ensayo,True,1,1,0,0.0,1,1,0,0.0,250,436,8,True,0.5813333333333334,medio,561.0,medio,40-60,0,0,0,0
s01-r2-burst_trial-0.25,1,2,burst_trial-0.25,burst_trial,0.25,6,80.17599999999948,1,750,1,1.0,1,1,1,1.0,1,1,1,pérdida contigua en ensayo,True,1,1,0,0.0,1,1,0,0.0,250,542,10,True,0.7226666666666667,fin,667.0,fin,60-80,0,0,0,0
s01-r2-burst_trial-0.25,1,2,burst_trial-0.25,burst_trial,0.25,7,103.42000000000009,1,750,1,1.0,1,1,1,1.0,1,1,1,pérdida contigua en ensayo,True,1,1,0,0.0,1,1,0,0.0,250,253,13,True,0.3373333333333333,medio,378.0,medio,20-40,0,0,0,0
s01-r2-burst_trial-0.25,1,2,burst_trial-0.25,burst_trial,0.25,8,119.76800000000004,2,750,1,2.0,1,2,1,2.0,1,2,1,pérdida contigua en ensayo,True,1,1,0,0.0,1,1,0,0.0,250,2,15,True,0.0026666666666666666,inicio,127.0,inicio,0-20,0,0,0,0
s01-r2-burst_trial-0.25,1,2,burst_trial-0.25,burst_trial,0.25,9,160.7520000000004,1,750,1,1.0,1,1,1,1.0,1,1,1,pérdida contigua en ensayo,True,1,1,0,0.0,1,1,0,0.0,250,249,20,True,0.332,inicio,374.0,medio,20-40,0,0,0,0
s01-r2-burst_trial-0.25,1,2,burst_trial-0.25,burst_trial,0.25,10,176.71999999999937,2,750,1,2.0,1,2,1,2.0,1,2,1,pérdida contigua en ensayo,True,1,1,0,0.0,1,1,0,0.0,250,625,22,True,0.8333333333333334,fin,750.0,fin,80-100,0,0,0,0
s01-r2-burst_trial-0.25,1,2,burst_trial-0.25,burst_trial,0.25,11,192.6560000000009,2,750,1,2.0,1,2,1,2.0,1,2,1,pérdida contigua en ensayo,True,1,1,0,0.0,1,1,0,0.0,250,679,24,True,0.9053333333333333,fin,804.0,fin,80-100,0,0,0,0
s01-r2-burst_trial-0.25,1,2,burst_trial-0.25,burst_trial,0.25,12,200.5,1,750,1,1.0,1,1,1,1.0,1,1,1,pérdida contigua en ensayo,True,1,1,0,0.0,1,1,0,0.0,250,531,25,True,0.708,fin,656.0,medio,60-80,0,0,0,0
s01-r2-burst_trial-0.25,1,2,burst_trial-0.25,burst_trial,0.25,13,216.9320000000007,2,750,1,1.0,1,1,1,1.0,1,2,1,pérdida contigua en ensayo,True,0,0,0,0.0,0,1,1,1.0,250,262,27,True,0.34933333333333333,medio,387.0,medio,20-40,0,0,1,0
s01-r2-burst_trial-0.25,1,2,burst_trial-0.25,burst_trial,0.25,14,224.83200000000036,1,750,1,1.0,1,1,1,2.0,1,1,1,pérdida contigua en ensayo,True,1,1,0,0.0,0,1,1,1.0,250,674,28,True,0.8986666666666666,fin,799.0,fin,80-100,0,0,1,0
s01-r2-burst_trial-0.25,1,2,burst_trial-0.25,burst_trial,0.25,15,249.64799999999923,1,750,1,1.0,1,1,1,1.0,1,1,1,pérdida contigua en ensayo,True,1,1,0,0.0,1,1,0,0.0,250,273,31,True,0.364,medio,398.0,medio,20-40,0,0,0,0
s01-r2-burst_trial-0.25,1,2,burst_trial-0.25,burst_trial,0.25,16,282.8080000000009,2,750,1,1.0,1,2,1,2.0,1,1,1,pérdida contigua en ensayo,True,0,1,1,1.0,1,0,1,1.0,250,320,35,True,0.4266666666666667,medio,445.0,medio,40-60,1,0,0,1
s01-r2-burst_trial-0.25,1,2,burst_trial-0.25,burst_trial,0.25,17,290.88800000000083,1,750,1,1.0,1,1,1,1.0,1,1,1,pérdida contigua en ensayo,True,1,1,0,0.0,1,1,0,0.0,250,246,36,True,0.328,inicio,371.0,medio,20-40,0,0,0,0
s01-r2-burst_trial-0.25,1,2,burst_trial-0.25,burst_trial,0.25,18,298.77599999999984,2,750,1,2.0,1,2,1,2.0,1,2,1,pérdida contigua en ensayo,True,1,1,0,0.0,1,1,0,0.0,250,92,37,True,0.12266666666666666,inicio,217.0,inicio,0-20,0,0,0,0
s01-r2-burst_trial-0.25,1,2,burst_trial-0.25,burst_trial,0.25,19,314.3279999999995,2,750,1,2.0,1,2,1,2.0,1,2,1,pérdida contigua en ensayo,True,1,1,0,0.0,1,1,0,0.0,250,671,39,True,0.8946666666666667,fin,796.0,fin,80-100,0,0,0,0
s01-r2-burst_trial-0.25,1,2,burst_trial-0.25,burst_trial,0.25,20,338.52399999999943,2,750,1,1.0,1,1,1,2.0,1,1,1,pérdida contigua en ensayo,True,0,0,0,0.0,1,0,1,1.0,250,173,42,True,0.23066666666666666,inicio,298.0,inicio,20-40,0,0,0,1
s01-r2-burst_trial-0.25,1,2,burst_trial-0.25,burst_trial,0.25,21,347.0,2,750,1,1.0,1,1,1,2.0,1,2,1,pérdida contigua en ensayo,True,0,0,0,0.0,1,1,0,0.0,250,213,43,True,0.284,inicio,338.0,medio,20-40,0,0,0,0
s01-r2-burst_trial-0.25,1,2,burst_trial-0.25,burst_trial,0.25,22,354.6239999999998,2,750,1,2.0,1,2,1,2.0,1,2,1,pérdida contigua en ensayo,True,1,1,0,0.0,1,1,0,0.0,250,543,44,True,0.724,fin,668.0,fin,60-80,0,0,0,0
s01-r2-burst_trial-0.25,1,2,burst_trial-0.25,burst_trial,0.25,23,379.02800000000025,1,750,1,1.0,1,1,1,1.0,1,1,1,pérdida contigua en ensayo,True,1,1,0,0.0,1,1,0,0.0,250,266,47,True,0.3546666666666667,medio,391.0,medio,20-40,0,0,0,0
s01-r2-burst_trial-0.4,1,2,burst_trial-0.4,burst_trial,0.4,0,1.0,1,600,1,1.0,1,1,1,1.0,1,1,1,pérdida contigua en ensayo,True,1,1,0,0.0,1,1,0,0.0,400,515,0,True,0.8583333333333333,fin,715.0,fin,80-100,0,0,0,0
s01-r2-burst_trial-0.4,1,2,burst_trial-0.4,burst_trial,0.4,1,9.012000000000626,1,600,1,2.0,1,1,1,2.0,1,2,1,pérdida contigua en ensayo,True,0,1,1,1.0,0,0,0,0.0,400,336,1,True,0.56,medio,536.0,medio,40-60,1,0,0,0
s01-r2-burst_trial-0.4,1,2,burst_trial-0.4,burst_trial,0.4,2,24.49200000000019,2,600,1,1.0,1,1,1,2.0,1,2,1,pérdida contigua en ensayo,True,0,0,0,0.0,1,1,0,0.0,400,285,3,True,0.475,medio,485.0,medio,40-60,0,0,0,0
s01-r2-burst_trial-0.4,1,2,burst_trial-0.4,burst_trial,0.4,3,32.52399999999943,1,600,1,1.0,1,1,1,1.0,1,1,1,pérdida contigua en ensayo,True,1,1,0,0.0,1,1,0,0.0,400,582,4,True,0.97,fin,782.0,fin,80-100,0,0,0,0
s01-r2-burst_trial-0.4,1,2,burst_trial-0.4,burst_trial,0.4,4,48.63600000000042,1,600,1,1.0,1,1,1,2.0,1,1,1,pérdida contigua en ensayo,True,1,1,0,0.0,0,1,1,1.0,400,162,6,True,0.27,inicio,362.0,medio,20-40,0,0,1,0
s01-r2-burst_trial-0.4,1,2,burst_trial-0.4,burst_trial,0.4,5,64.55999999999949,2,600,1,2.0,1,2,1,2.0,1,2,1,pérdida contigua en ensayo,True,1,1,0,0.0,1,1,0,0.0,400,163,8,True,0.27166666666666667,inicio,363.0,medio,20-40,0,0,0,0
s01-r2-burst_trial-0.4,1,2,burst_trial-0.4,burst_trial,0.4,6,80.17599999999948,1,600,1,1.0,1,1,1,1.0,1,1,1,pérdida contigua en ensayo,True,1,1,0,0.0,1,1,0,0.0,400,59,10,True,0.09833333333333333,inicio,259.0,inicio,0-20,0,0,0,0
s01-r2-burst_trial-0.4,1,2,burst_trial-0.4,burst_trial,0.4,7,103.42000000000009,1,600,1,1.0,1,1,1,1.0,1,1,1,pérdida contigua en ensayo,True,1,1,0,0.0,1,1,0,0.0,400,546,13,True,0.91,fin,746.0,fin,80-100,0,0,0,0
s01-r2-burst_trial-0.4,1,2,burst_trial-0.4,burst_trial,0.4,8,119.76800000000004,2,600,1,2.0,1,2,1,2.0,1,2,1,pérdida contigua en ensayo,True,1,1,0,0.0,1,1,0,0.0,400,36,15,True,0.06,inicio,236.0,inicio,0-20,0,0,0,0
s01-r2-burst_trial-0.4,1,2,burst_trial-0.4,burst_trial,0.4,9,160.7520000000004,1,600,1,1.0,1,1,1,2.0,1,1,1,pérdida contigua en ensayo,True,1,1,0,0.0,0,1,1,1.0,400,469,20,True,0.7816666666666666,fin,669.0,fin,60-80,0,0,1,0
s01-r2-burst_trial-0.4,1,2,burst_trial-0.4,burst_trial,0.4,10,176.71999999999937,2,600,1,2.0,1,2,1,2.0,1,2,1,pérdida contigua en ensayo,True,1,1,0,0.0,1,1,0,0.0,400,503,22,True,0.8383333333333334,fin,703.0,fin,80-100,0,0,0,0
s01-r2-burst_trial-0.4,1,2,burst_trial-0.4,burst_trial,0.4,11,192.6560000000009,2,600,1,1.0,1,2,1,2.0,1,2,1,pérdida contigua en ensayo,True,0,1,1,1.0,1,1,0,0.0,400,432,24,True,0.72,fin,632.0,medio,60-80,1,0,0,0
s01-r2-burst_trial-0.4,1,2,burst_trial-0.4,burst_trial,0.4,12,200.5,1,600,1,1.0,1,1,1,1.0,1,1,1,pérdida contigua en ensayo,True,1,1,0,0.0,1,1,0,0.0,400,558,25,True,0.93,fin,758.0,fin,80-100,0,0,0,0
s01-r2-burst_trial-0.4,1,2,burst_trial-0.4,burst_trial,0.4,13,216.9320000000007,2,600,1,1.0,1,1,1,2.0,1,2,1,pérdida contigua en ensayo,True,0,0,0,0.0,1,1,0,0.0,400,126,27,True,0.21,inicio,326.0,inicio,20-40,0,0,0,0
s01-r2-burst_trial-0.4,1,2,burst_trial-0.4,burst_trial,0.4,14,224.83200000000036,1,600,1,1.0,1,1,1,2.0,1,1,1,pérdida contigua en ensayo,True,1,1,0,0.0,0,1,1,1.0,400,280,28,True,0.4666666666666667,medio,480.0,medio,40-60,0,0,1,0
s01-r2-burst_trial-0.4,1,2,burst_trial-0.4,burst_trial,0.4,15,249.64799999999923,1,600,1,1.0,1,1,1,1.0,1,1,1,pérdida contigua en ensayo,True,1,1,0,0.0,1,1,0,0.0,400,214,31,True,0.3566666666666667,medio,414.0,medio,20-40,0,0,0,0
s01-r2-burst_trial-0.4,1,2,burst_trial-0.4,burst_trial,0.4,16,282.8079999999991,2,600,1,1.0,1,2,1,2.0,1,1,1,pérdida contigua en ensayo,True,0,1,1,1.0,1,0,1,1.0,400,262,35,True,0.43666666666666665,medio,462.0,medio,40-60,1,0,0,1
s01-r2-burst_trial-0.4,1,2,burst_trial-0.4,burst_trial,0.4,17,290.88800000000083,1,600,1,1.0,1,1,1,1.0,1,1,1,pérdida contigua en ensayo,True,1,1,0,0.0,1,1,0,0.0,400,452,36,True,0.7533333333333333,fin,652.0,medio,60-80,0,0,0,0
s01-r2-burst_trial-0.4,1,2,burst_trial-0.4,burst_trial,0.4,18,298.77599999999984,2,600,1,2.0,1,2,1,2.0,1,2,1,pérdida contigua en ensayo,True,1,1,0,0.0,1,1,0,0.0,400,331,37,True,0.5516666666666666,medio,531.0,medio,40-60,0,0,0,0
s01-r2-burst_trial-0.4,1,2,burst_trial-0.4,burst_trial,0.4,19,314.3279999999995,2,600,1,1.0,1,2,1,2.0,1,2,1,pérdida contigua en ensayo,True,0,1,1,1.0,1,1,0,0.0,400,565,39,True,0.9416666666666667,fin,765.0,fin,80-100,1,0,0,0
s01-r2-burst_trial-0.4,1,2,burst_trial-0.4,burst_trial,0.4,20,338.52399999999943,2,600,1,1.0,1,1,1,1.0,1,1,1,pérdida contigua en ensayo,True,0,0,0,0.0,0,0,0,0.0,400,317,42,True,0.5283333333333333,medio,517.0,medio,40-60,0,0,0,0
s01-r2-burst_trial-0.4,1,2,burst_trial-0.4,burst_trial,0.4,21,347.0,2,600,1,1.0,1,1,1,2.0,1,2,1,pérdida contigua en ensayo,True,0,0,0,0.0,1,1,0,0.0,400,82,43,True,0.13666666666666666,inicio,282.0,inicio,0-20,0,0,0,0
s01-r2-burst_trial-0.4,1,2,burst_trial-0.4,burst_trial,0.4,22,354.6239999999998,2,600,1,2.0,1,2,1,2.0,1,2,1,pérdida contigua en ensayo,True,1,1,0,0.0,1,1,0,0.0,400,215,44,True,0.35833333333333334,medio,415.0,medio,20-40,0,0,0,0
s01-r2-burst_trial-0.4,1,2,burst_trial-0.4,burst_trial,0.4,23,379.02800000000025,1,600,1,1.0,1,1,1,2.0,1,1,1,pérdida contigua en ensayo,True,1,1,0,0.0,0,1,1,1.0,400,101,47,True,0.16833333333333333,inicio,301.0,inicio,0-20,0,0,1,0
s01-r3-burst_trial-0.1,1,3,burst_trial-0.1,burst_trial,0.1,0,1.0,2,900,1,1.0,1,2,1,2.0,1,2,1,pérdida contigua en ensayo,True,0,1,1,1.0,1,1,0,0.0,100,736,0,True,0.8177777777777778,fin,786.0,fin,80-100,1,0,0,0
s01-r3-burst_trial-0.1,1,3,burst_trial-0.1,burst_trial,0.1,1,16.684000000001106,1,900,1,1.0,1,1,1,2.0,1,2,1,pérdida contigua en ensayo,True,1,1,0,0.0,0,0,0,0.0,100,265,2,True,0.29444444444444445,inicio,315.0,inicio,20-40,0,0,0,0
s01-r3-burst_trial-0.1,1,3,burst_trial-0.1,burst_trial,0.1,2,48.6359999999986,1,900,1,1.0,1,1,1,1.0,1,1,1,pérdida contigua en ensayo,True,1,1,0,0.0,1,1,0,0.0,100,237,6,True,0.2633333333333333,inicio,287.0,inicio,20-40,0,0,0,0
s01-r3-burst_trial-0.1,1,3,burst_trial-0.1,burst_trial,0.1,3,56.83599999999933,1,900,1,1.0,1,1,1,1.0,1,1,1,pérdida contigua en ensayo,True,1,1,0,0.0,1,1,0,0.0,100,344,7,True,0.38222222222222224,medio,394.0,medio,20-40,0,0,0,0
s01-r3-burst_trial-0.1,1,3,burst_trial-0.1,burst_trial,0.1,4,72.55199999999968,2,900,1,2.0,1,2,1,2.0,1,2,1,pérdida contigua en ensayo,True,1,1,0,0.0,1,1,0,0.0,100,421,9,True,0.4677777777777778,medio,471.0,medio,40-60,0,0,0,0
s01-r3-burst_trial-0.1,1,3,burst_trial-0.1,burst_trial,0.1,5,103.41999999999824,2,900,1,1.0,1,1,1,2.0,1,2,1,pérdida contigua en ensayo,True,0,0,0,0.0,1,1,0,0.0,100,678,13,True,0.7533333333333333,fin,728.0,fin,60-80,0,0,0,0
s01-r3-burst_trial-0.1,1,3,burst_trial-0.1,burst_trial,0.1,6,111.28800000000048,1,900,1,1.0,1,1,1,2.0,1,2,1,pérdida contigua en ensayo,True,1,1,0,0.0,0,0,0,0.0,100,39,14,True,0.043333333333333335,inicio,89.0,inicio,0-20,0,0,0,0
s01-r3-burst_trial-0.1,1,3,burst_trial-0.1,burst_trial,0.1,7,127.79999999999929,2,900,1,2.0,1,2,1,2.0,1,2,1,pérdida contigua en ensayo,True,1,1,0,0.0,1,1,0,0.0,100,839,16,True,0.9322222222222222,fin,889.0,fin,80-100,0,0,0,0
s01-r3-burst_trial-0.1,1,3,burst_trial-0.1,burst_trial,0.1,8,144.20799999999872,1,900,1,1.0,1,1,1,2.0,1,1,1,pérdida contigua en ensayo,True,1,1,0,0.0,0,1,1,1.0,100,886,18,True,0.9844444444444445,fin,936.0,fin,80-100,0,0,1,0
s01-r3-burst_trial-0.1,1,3,burst_trial-0.1,burst_trial,0.1,9,169.07200000000012,2,900,1,2.0,1,2,1,2.0,1,2,1,pérdida contigua en ensayo,True,1,1,0,0.0,1,1,0,0.0,100,570,21,True,0.6333333333333333,medio,620.0,medio,60-80,0,0,0,0
s01-r3-burst_trial-0.1,1,3,burst_trial-0.1,burst_trial,0.1,10,192.65599999999904,1,900,1,1.0,1,1,1,1.0,1,1,1,pérdida contigua en ensayo,True,1,1,0,0.0,1,1,0,0.0,100,242,24,True,0.2688888888888889,inicio,292.0,inicio,20-40,0,0,0,0
s01-r3-burst_trial-0.1,1,3,burst_trial-0.1,burst_trial,0.1,11,200.5,2,900,1,2.0,1,2,1,2.0,1,2,1,pérdida contigua en ensayo,True,1,1,0,0.0,1,1,0,0.0,100,3,25,True,0.0033333333333333335,inicio,53.0,inicio,0-20,0,0,0,0
s01-r3-burst_trial-0.1,1,3,burst_trial-0.1,burst_trial,0.1,12,208.91600000000108,2,900,1,1.0,1,1,1,2.0,1,2,1,pérdida contigua en ensayo,True,0,0,0,0.0,1,1,0,0.0,100,490,26,True,0.5444444444444444,medio,540.0,medio,40-60,0,0,0,0
s01-r3-burst_trial-0.1,1,3,burst_trial-0.1,burst_trial,0.1,13,232.9360000000015,2,900,1,2.0,1,2,1,2.0,1,2,1,pérdida contigua en ensayo,True,1,1,0,0.0,1,1,0,0.0,100,240,29,True,0.26666666666666666,inicio,290.0,inicio,20-40,0,0,0,0
s01-r3-burst_trial-0.1,1,3,burst_trial-0.1,burst_trial,0.1,14,241.2200000000012,1,900,1,1.0,1,1,1,1.0,1,1,1,pérdida contigua en ensayo,True,1,1,0,0.0,1,1,0,0.0,100,401,30,True,0.44555555555555554,medio,451.0,medio,40-60,0,0,0,0
s01-r3-burst_trial-0.1,1,3,burst_trial-0.1,burst_trial,0.1,15,249.64800000000105,1,900,1,1.0,1,1,1,1.0,1,1,1,pérdida contigua en ensayo,True,1,1,0,0.0,1,1,0,0.0,100,202,31,True,0.22444444444444445,inicio,252.0,inicio,20-40,0,0,0,0
s01-r3-burst_trial-0.1,1,3,burst_trial-0.1,burst_trial,0.1,16,266.380000000001,2,900,1,2.0,1,2,1,2.0,1,2,1,pérdida contigua en ensayo,True,1,1,0,0.0,1,1,0,0.0,100,153,33,True,0.17,inicio,203.0,inicio,0-20,0,0,0,0
s01-r3-burst_trial-0.1,1,3,burst_trial-0.1,burst_trial,0.1,17,274.5519999999997,1,900,1,1.0,1,1,1,1.0,1,1,1,pérdida contigua en ensayo,True,1,1,0,0.0,1,1,0,0.0,100,588,34,True,0.6533333333333333,medio,638.0,medio,60-80,0,0,0,0
s01-r3-burst_trial-0.1,1,3,burst_trial-0.1,burst_trial,0.1,18,290.887999999999,2,900,1,1.0,1,2,1,2.0,1,2,1,pérdida contigua en ensayo,True,0,1,1,1.0,1,1,0,0.0,100,780,36,True,0.8666666666666667,fin,830.0,fin,80-100,1,0,0,0
s01-r3-burst_trial-0.1,1,3,burst_trial-0.1,burst_trial,0.1,19,298.77600000000166,2,900,1,1.0,1,1,1,2.0,1,2,1,pérdida contigua en ensayo,True,0,0,0,0.0,1,1,0,0.0,100,487,37,True,0.5411111111111111,medio,537.0,medio,40-60,0,0,0,0
s01-r3-burst_trial-0.1,1,3,burst_trial-0.1,burst_trial,0.1,20,314.32800000000134,1,900,1,1.0,1,1,1,1.0,1,1,1,pérdida contigua en ensayo,True,1,1,0,0.0,1,1,0,0.0,100,559,39,True,0.6211111111111111,medio,609.0,medio,60-80,0,0,0,0
s01-r3-burst_trial-0.1,1,3,burst_trial-0.1,burst_trial,0.1,21,362.3359999999993,1,900,1,1.0,1,1,1,1.0,1,1,1,pérdida contigua en ensayo,True,1,1,0,0.0,1,1,0,0.0,100,201,45,True,0.22333333333333333,inicio,251.0,inicio,20-40,0,0,0,0
s01-r3-burst_trial-0.1,1,3,burst_trial-0.1,burst_trial,0.1,22,370.7920000000013,2,900,1,2.0,1,2,1,2.0,1,2,1,pérdida contigua en ensayo,True,1,1,0,0.0,1,1,0,0.0,100,621,46,True,0.69,fin,671.0,fin,60-80,0,0,0,0
s01-r3-burst_trial-0.1,1,3,burst_trial-0.1,burst_trial,0.1,23,379.0279999999984,1,900,1,1.0,1,1,1,1.0,1,1,1,pérdida contigua en ensayo,True,1,1,0,0.0,1,1,0,0.0,100,673,47,True,0.7477777777777778,fin,723.0,fin,60-80,0,0,0,0
s01-r3-burst_trial-0.25,1,3,burst_trial-0.25,burst_trial,0.25,0,1.0,2,750,1,1.0,1,2,1,2.0,1,2,1,pérdida contigua en ensayo,True,0,1,1,1.0,1,1,0,0.0,250,41,0,True,0.05466666666666667,inicio,166.0,inicio,0-20,1,0,0,0
s01-r3-burst_trial-0.25,1,3,burst_trial-0.25,burst_trial,0.25,1,16.684000000001106,1,750,1,1.0,1,1,1,2.0,1,2,1,pérdida contigua en ensayo,True,1,1,0,0.0,0,0,0,0.0,250,116,2,True,0.15466666666666667,inicio,241.0,inicio,0-20,0,0,0,0
s01-r3-burst_trial-0.25,1,3,burst_trial-0.25,burst_trial,0.25,2,48.6359999999986,1,750,1,1.0,1,1,1,1.0,1,1,1,pérdida contigua en ensayo,True,1,1,0,0.0,1,1,0,0.0,250,496,6,True,0.6613333333333333,medio,621.0,medio,60-80,0,0,0,0
s01-r3-burst_trial-0.25,1,3,burst_trial-0.25,burst_trial,0.25,3,56.83599999999933,1,750,1,1.0,1,1,1,1.0,1,1,1,pérdida contigua en ensayo,True,1,1,0,0.0,1,1,0,0.0,250,12,7,True,0.016,inicio,137.0,inicio,0-20,0,0,0,0
s01-r3-burst_trial-0.25,1,3,burst_trial-0.25,burst_trial,0.25,4,72.55199999999968,2,750,1,2.0,1,2,1,2.0,1,2,1,pérdida contigua en ensayo,True,1,1,0,0.0,1,1,0,0.0,250,491,9,True,0.6546666666666666,medio,616.0,medio,60-80,0,0,0,0
s01-r3-burst_trial-0.25,1,3,burst_trial-0.25,burst_trial,0.25,5,103.41999999999824,2,750,1,1.0,1,1,1,2.0,1,2,1,pérdida contigua en ensayo,True,0,0,0,0.0,1,1,0,0.0,250,656,13,True,0.8746666666666667,fin,781.0,fin,80-100,0,0,0,0
s01-r3-burst_trial-0.25,1,3,burst_trial-0.25,burst_trial,0.25,6,111.28800000000048,1,750,1,1.0,1,1,1,2.0,1,2,1,pérdida contigua en ensayo,True,1,1,0,0.0,0,0,0,0.0,250,415,14,True,0.5533333333333333,medio,540.0,medio,40-60,0,0,0,0
s01-r3-burst_trial-0.25,1,3,burst_trial-0.25,burst_trial,0.25,7,127.79999999999929,2,750,1,2.0,1,2,1,2.0,1,2,1,pérdida contigua en ensayo,True,1,1,0,0.0,1,1,0,0.0,250,736,16,True,0.9813333333333333,fin,861.0,fin,80-100,0,0,0,0
s01-r3-burst_trial-0.25,1,3,burst_trial-0.25,burst_trial,0.25,8,144.20799999999872,1,750,1,1.0,1,1,1,2.0,1,1,1,pérdida contigua en ensayo,True,1,1,0,0.0,0,1,1,1.0,250,331,18,True,0.44133333333333336,medio,456.0,medio,40-60,0,0,1,0
s01-r3-burst_trial-0.25,1,3,burst_trial-0.25,burst_trial,0.25,9,169.07200000000012,2,750,1,2.0,1,2,1,2.0,1,2,1,pérdida contigua en ensayo,True,1,1,0,0.0,1,1,0,0.0,250,650,21,True,0.8666666666666667,fin,775.0,fin,80-100,0,0,0,0
s01-r3-burst_trial-0.25,1,3,burst_trial-0.25,burst_trial,0.25,10,192.65599999999904,1,750,1,1.0,1,1,1,1.0,1,1,1,pérdida contigua en ensayo,True,1,1,0,0.0,1,1,0,0.0,250,720,24,True,0.96,fin,845.0,fin,80-100,0,0,0,0
s01-r3-burst_trial-0.25,1,3,burst_trial-0.25,burst_trial,0.25,11,200.5,2,750,1,2.0,1,2,1,2.0,1,2,1,pérdida contigua en ensayo,True,1,1,0,0.0,1,1,0,0.0,250,47,25,True,0.06266666666666666,inicio,172.0,inicio,0-20,0,0,0,0
s01-r3-burst_trial-0.25,1,3,burst_trial-0.25,burst_trial,0.25,12,208.91600000000108,2,750,1,1.0,1,1,1,2.0,1,2,1,pérdida contigua en ensayo,True,0,0,0,0.0,1,1,0,0.0,250,222,26,True,0.296,inicio,347.0,medio,20-40,0,0,0,0
s01-r3-burst_trial-0.25,1,3,burst_trial-0.25,burst_trial,0.25,13,232.9360000000015,2,750,1,2.0,1,2,1,2.0,1,2,1,pérdida contigua en ensayo,True,1,1,0,0.0,1,1,0,0.0,250,594,29,True,0.792,fin,719.0,fin,60-80,0,0,0,0
s01-r3-burst_trial-0.25,1,3,burst_trial-0.25,burst_trial,0.25,14,241.2200000000012,1,750,1,1.0,1,1,1,1.0,1,1,1,pérdida contigua en ensayo,True,1,1,0,0.0,1,1,0,0.0,250,550,30,True,0.7333333333333333,fin,675.0,fin,60-80,0,0,0,0
s01-r3-burst_trial-0.25,1,3,burst_trial-0.25,burst_trial,0.25,15,249.64800000000105,1,750,1,1.0,1,1,1,1.0,1,1,1,pérdida contigua en ensayo,True,1,1,0,0.0,1,1,0,0.0,250,463,31,True,0.6173333333333333,medio,588.0,medio,60-80,0,0,0,0
s01-r3-burst_trial-0.25,1,3,burst_trial-0.25,burst_trial,0.25,16,266.380000000001,2,750,1,1.0,1,2,1,2.0,1,2,1,pérdida contigua en ensayo,True,0,1,1,1.0,1,1,0,0.0,250,456,33,True,0.608,medio,581.0,medio,60-80,1,0,0,0
s01-r3-burst_trial-0.25,1,3,burst_trial-0.25,burst_trial,0.25,17,274.5519999999997,1,750,1,1.0,1,1,1,1.0,1,1,1,pérdida contigua en ensayo,True,1,1,0,0.0,1,1,0,0.0,250,450,34,True,0.6,medio,575.0,medio,40-60,0,0,0,0
s01-r3-burst_trial-0.25,1,3,burst_trial-0.25,burst_trial,0.25,18,290.887999999999,2,750,1,2.0,1,2,1,2.0,1,2,1,pérdida contigua en ensayo,True,1,1,0,0.0,1,1,0,0.0,250,741,36,True,0.988,fin,866.0,fin,80-100,0,0,0,0
s01-r3-burst_trial-0.25,1,3,burst_trial-0.25,burst_trial,0.25,19,298.77600000000166,2,750,1,1.0,1,1,1,2.0,1,2,1,pérdida contigua en ensayo,True,0,0,0,0.0,1,1,0,0.0,250,308,37,True,0.4106666666666667,medio,433.0,medio,40-60,0,0,0,0
s01-r3-burst_trial-0.25,1,3,burst_trial-0.25,burst_trial,0.25,20,314.32800000000134,1,750,1,1.0,1,1,1,2.0,1,1,1,pérdida contigua en ensayo,True,1,1,0,0.0,0,1,1,1.0,250,246,39,True,0.328,inicio,371.0,medio,20-40,0,0,1,0
s01-r3-burst_trial-0.25,1,3,burst_trial-0.25,burst_trial,0.25,21,362.3359999999993,1,750,1,1.0,1,1,1,2.0,1,1,1,pérdida contigua en ensayo,True,1,1,0,0.0,0,1,1,1.0,250,198,45,True,0.264,inicio,323.0,inicio,20-40,0,0,1,0
s01-r3-burst_trial-0.25,1,3,burst_trial-0.25,burst_trial,0.25,22,370.7920000000013,2,750,1,2.0,1,2,1,2.0,1,2,1,pérdida contigua en ensayo,True,1,1,0,0.0,1,1,0,0.0,250,604,46,True,0.8053333333333333,fin,729.0,fin,80-100,0,0,0,0
s01-r3-burst_trial-0.25,1,3,burst_trial-0.25,burst_trial,0.25,23,379.0279999999984,1,750,1,1.0,1,1,1,1.0,1,1,1,pérdida contigua en ensayo,True,1,1,0,0.0,1,1,0,0.0,250,195,47,True,0.26,inicio,320.0,inicio,20-40,0,0,0,0
s01-r3-burst_trial-0.4,1,3,burst_trial-0.4,burst_trial,0.4,0,1.0,2,600,1,2.0,1,2,1,2.0,1,2,1,pérdida contigua en ensayo,True,1,1,0,0.0,1,1,0,0.0,400,493,0,True,0.8216666666666667,fin,693.0,fin,80-100,0,0,0,0
s01-r3-burst_trial-0.4,1,3,burst_trial-0.4,burst_trial,0.4,1,16.684000000001106,1,600,1,1.0,1,1,1,2.0,1,2,1,pérdida contigua en ensayo,True,1,1,0,0.0,0,0,0,0.0,400,415,2,True,0.6916666666666667,fin,615.0,medio,60-80,0,0,0,0
s01-r3-burst_trial-0.4,1,3,burst_trial-0.4,burst_trial,0.4,2,48.6359999999986,1,600,1,1.0,1,1,1,1.0,1,1,1,pérdida contigua en ensayo,True,1,1,0,0.0,1,1,0,0.0,400,174,6,True,0.29,inicio,374.0,medio,20-40,0,0,0,0
s01-r3-burst_trial-0.4,1,3,burst_trial-0.4,burst_trial,0.4,3,56.83599999999933,1,600,1,1.0,1,1,1,1.0,1,1,1,pérdida contigua en ensayo,True,1,1,0,0.0,1,1,0,0.0,400,496,7,True,0.8266666666666667,fin,696.0,fin,80-100,0,0,0,0
s01-r3-burst_trial-0.4,1,3,burst_trial-0.4,burst_trial,0.4,4,72.55199999999968,2,600,1,2.0,1,2,1,2.0,1,2,1,pérdida contigua en ensayo,True,1,1,0,0.0,1,1,0,0.0,400,163,9,True,0.27166666666666667,inicio,363.0,medio,20-40,0,0,0,0
s01-r3-burst_trial-0.4,1,3,burst_trial-0.4,burst_trial,0.4,5,103.41999999999824,2,600,1,1.0,1,1,1,2.0,1,2,1,pérdida contigua en ensayo,True,0,0,0,0.0,1,1,0,0.0,400,440,13,True,0.7333333333333333,fin,640.0,medio,60-80,0,0,0,0
s01-r3-burst_trial-0.4,1,3,burst_trial-0.4,burst_trial,0.4,6,111.28800000000048,1,600,1,1.0,1,1,1,2.0,1,2,1,pérdida contigua en ensayo,True,1,1,0,0.0,0,0,0,0.0,400,541,14,True,0.9016666666666666,fin,741.0,fin,80-100,0,0,0,0
s01-r3-burst_trial-0.4,1,3,burst_trial-0.4,burst_trial,0.4,7,127.79999999999929,2,600,1,2.0,1,2,1,2.0,1,2,1,pérdida contigua en ensayo,True,1,1,0,0.0,1,1,0,0.0,400,254,16,True,0.42333333333333334,medio,454.0,medio,40-60,0,0,0,0
s01-r3-burst_trial-0.4,1,3,burst_trial-0.4,burst_trial,0.4,8,144.20799999999872,1,600,1,1.0,1,1,1,2.0,1,1,1,pérdida contigua en ensayo,True,1,1,0,0.0,0,1,1,1.0,400,467,18,True,0.7783333333333333,fin,667.0,fin,60-80,0,0,1,0
s01-r3-burst_trial-0.4,1,3,burst_trial-0.4,burst_trial,0.4,9,169.07200000000012,2,600,1,2.0,1,2,1,2.0,1,2,1,pérdida contigua en ensayo,True,1,1,0,0.0,1,1,0,0.0,400,95,21,True,0.15833333333333333,inicio,295.0,inicio,0-20,0,0,0,0
s01-r3-burst_trial-0.4,1,3,burst_trial-0.4,burst_trial,0.4,10,192.65599999999904,1,600,1,1.0,1,1,1,1.0,1,1,1,pérdida contigua en ensayo,True,1,1,0,0.0,1,1,0,0.0,400,555,24,True,0.925,fin,755.0,fin,80-100,0,0,0,0
s01-r3-burst_trial-0.4,1,3,burst_trial-0.4,burst_trial,0.4,11,200.5,2,600,1,2.0,1,2,1,2.0,1,2,1,pérdida contigua en ensayo,True,1,1,0,0.0,1,1,0,0.0,400,104,25,True,0.17333333333333334,inicio,304.0,inicio,0-20,0,0,0,0
s01-r3-burst_trial-0.4,1,3,burst_trial-0.4,burst_trial,0.4,12,208.91600000000108,2,600,1,1.0,1,1,1,2.0,1,2,1,pérdida contigua en ensayo,True,0,0,0,0.0,1,1,0,0.0,400,477,26,True,0.795,fin,677.0,fin,60-80,0,0,0,0
s01-r3-burst_trial-0.4,1,3,burst_trial-0.4,burst_trial,0.4,13,232.9360000000015,2,600,1,2.0,1,2,1,2.0,1,2,1,pérdida contigua en ensayo,True,1,1,0,0.0,1,1,0,0.0,400,186,29,True,0.31,inicio,386.0,medio,20-40,0,0,0,0
s01-r3-burst_trial-0.4,1,3,burst_trial-0.4,burst_trial,0.4,14,241.2200000000012,1,600,1,1.0,1,1,1,1.0,1,1,1,pérdida contigua en ensayo,True,1,1,0,0.0,1,1,0,0.0,400,241,30,True,0.40166666666666667,medio,441.0,medio,40-60,0,0,0,0
s01-r3-burst_trial-0.4,1,3,burst_trial-0.4,burst_trial,0.4,15,249.64800000000105,1,600,1,1.0,1,1,1,1.0,1,1,1,pérdida contigua en ensayo,True,1,1,0,0.0,1,1,0,0.0,400,336,31,True,0.56,medio,536.0,medio,40-60,0,0,0,0
s01-r3-burst_trial-0.4,1,3,burst_trial-0.4,burst_trial,0.4,16,266.380000000001,2,600,1,1.0,1,2,1,2.0,1,2,1,pérdida contigua en ensayo,True,0,1,1,1.0,1,1,0,0.0,400,210,33,True,0.35,medio,410.0,medio,20-40,1,0,0,0
s01-r3-burst_trial-0.4,1,3,burst_trial-0.4,burst_trial,0.4,17,274.5519999999997,1,600,1,1.0,1,1,1,2.0,1,1,1,pérdida contigua en ensayo,True,1,1,0,0.0,0,1,1,1.0,400,70,34,True,0.11666666666666667,inicio,270.0,inicio,0-20,0,0,1,0
s01-r3-burst_trial-0.4,1,3,burst_trial-0.4,burst_trial,0.4,18,290.887999999999,2,600,1,1.0,1,2,1,2.0,1,2,1,pérdida contigua en ensayo,True,0,1,1,1.0,1,1,0,0.0,400,105,36,True,0.175,inicio,305.0,inicio,0-20,1,0,0,0
s01-r3-burst_trial-0.4,1,3,burst_trial-0.4,burst_trial,0.4,19,298.77600000000166,2,600,1,1.0,1,1,1,2.0,1,2,1,pérdida contigua en ensayo,True,0,0,0,0.0,1,1,0,0.0,400,531,37,True,0.885,fin,731.0,fin,80-100,0,0,0,0
s01-r3-burst_trial-0.4,1,3,burst_trial-0.4,burst_trial,0.4,20,314.32800000000134,1,600,1,1.0,1,1,1,2.0,1,1,1,pérdida contigua en ensayo,True,1,1,0,0.0,0,1,1,1.0,400,286,39,True,0.4766666666666667,medio,486.0,medio,40-60,0,0,1,0
s01-r3-burst_trial-0.4,1,3,burst_trial-0.4,burst_trial,0.4,21,362.3359999999993,1,600,1,1.0,1,1,1,2.0,1,1,1,pérdida contigua en ensayo,True,1,1,0,0.0,0,1,1,1.0,400,359,45,True,0.5983333333333334,medio,559.0,medio,40-60,0,0,1,0
s01-r3-burst_trial-0.4,1,3,burst_trial-0.4,burst_trial,0.4,22,370.7920000000013,2,600,1,2.0,1,2,1,2.0,1,2,1,pérdida contigua en ensayo,True,1,1,0,0.0,1,1,0,0.0,400,97,46,True,0.16166666666666665,inicio,297.0,inicio,0-20,0,0,0,0
s01-r3-burst_trial-0.4,1,3,burst_trial-0.4,burst_trial,0.4,23,379.0279999999984,1,600,1,1.0,1,1,1,1.0,1,1,1,pérdida contigua en ensayo,True,1,1,0,0.0,1,1,0,0.0,400,385,47,True,0.6416666666666667,medio,585.0,medio,60-80,0,0,0,0
s01-r4-burst_trial-0.1,1,4,burst_trial-0.1,burst_trial,0.1,0,1.0,2,900,1,2.0,1,1,1,1.0,1,1,1,pérdida contigua en ensayo,True,1,0,1,1.0,0,0,0,0.0,100,560,0,True,0.6222222222222222,medio,610.0,medio,60-80,0,1,0,0
s01-r4-burst_trial-0.1,1,4,burst_trial-0.1,burst_trial,0.1,1,9.011999999998809,1,900,1,1.0,1,1,1,1.0,1,1,1,pérdida contigua en ensayo,True,1,1,0,0.0,1,1,0,0.0,100,879,1,True,0.9766666666666667,fin,929.0,fin,80-100,0,0,0,0
s01-r4-burst_trial-0.1,1,4,burst_trial-0.1,burst_trial,0.1,2,16.684000000001106,1,900,1,1.0,1,1,1,2.0,1,2,1,pérdida contigua en ensayo,True,1,1,0,0.0,0,0,0,0.0,100,10,2,True,0.011111111111111112,inicio,60.0,inicio,0-20,0,0,0,0
s01-r4-burst_trial-0.1,1,4,burst_trial-0.1,burst_trial,0.1,3,40.96800000000076,2,900,1,1.0,1,1,1,2.0,1,2,1,pérdida contigua en ensayo,True,0,0,0,0.0,1,1,0,0.0,100,642,5,True,0.7133333333333334,fin,692.0,fin,60-80,0,0,0,0
s01-r4-burst_trial-0.1,1,4,burst_trial-0.1,burst_trial,0.1,4,64.56000000000131,1,900,1,1.0,1,1,1,2.0,1,2,1,pérdida contigua en ensayo,True,1,1,0,0.0,0,0,0,0.0,100,565,8,True,0.6277777777777778,medio,615.0,medio,60-80,0,0,0,0
s01-r4-burst_trial-0.1,1,4,burst_trial-0.1,burst_trial,0.1,5,80.17599999999948,1,900,1,1.0,1,1,1,1.0,1,1,1,pérdida contigua en ensayo,True,1,1,0,0.0,1,1,0,0.0,100,744,10,True,0.8266666666666667,fin,794.0,fin,80-100,0,0,0,0
s01-r4-burst_trial-0.1,1,4,burst_trial-0.1,burst_trial,0.1,6,87.75600000000122,1,900,1,1.0,1,1,1,1.0,1,1,1,pérdida contigua en ensayo,True,1,1,0,0.0,1,1,0,0.0,100,490,11,True,0.5444444444444444,medio,540.0,medio,40-60,0,0,0,0
s01-r4-burst_trial-0.1,1,4,burst_trial-0.1,burst_trial,0.1,7,95.64400000000025,2,900,1,1.0,1,1,1,2.0,1,2,1,pérdida contigua en ensayo,True,0,0,0,0.0,1,1,0,0.0,100,580,12,True,0.6444444444444445,medio,630.0,medio,60-80,0,0,0,0
s01-r4-burst_trial-0.1,1,4,burst_trial-0.1,burst_trial,0.1,8,119.76800000000004,2,900,1,2.0,1,2,1,2.0,1,2,1,pérdida contigua en ensayo,True,1,1,0,0.0,1,1,0,0.0,100,104,15,True,0.11555555555555555,inicio,154.0,inicio,0-20,0,0,0,0
s01-r4-burst_trial-0.1,1,4,burst_trial-0.1,burst_trial,0.1,9,169.07200000000012,2,900,1,2.0,1,2,1,2.0,1,2,1,pérdida contigua en ensayo,True,1,1,0,0.0,1,1,0,0.0,100,257,21,True,0.28555555555555556,inicio,307.0,inicio,20-40,0,0,0,0
s01-r4-burst_trial-0.1,1,4,burst_trial-0.1,burst_trial,0.1,10,176.72000000000116,2,900,1,2.0,1,2,1,2.0,1,2,1,pérdida contigua en ensayo,True,1,1,0,0.0,1,1,0,0.0,100,772,22,True,0.8577777777777778,fin,822.0,fin,80-100,0,0,0,0
s01-r4-burst_trial-0.1,1,4,burst_trial-0.1,burst_trial,0.1,11,192.65599999999904,1,900,1,1.0,1,1,1,2.0,1,1,1,pérdida contigua en ensayo,True,1,1,0,0.0,0,1,1,1.0,100,72,24,True,0.08,inicio,122.0,inicio,0-20,0,0,1,0
s01-r4-burst_trial-0.1,1,4,burst_trial-0.1,burst_trial,0.1,12,200.5,2,900,1,2.0,1,2,1,2.0,1,2,1,pérdida contigua en ensayo,True,1,1,0,0.0,1,1,0,0.0,100,286,25,True,0.31777777777777777,inicio,336.0,medio,20-40,0,0,0,0
s01-r4-burst_trial-0.1,1,4,burst_trial-0.1,burst_trial,0.1,13,208.91600000000108,2,900,1,1.0,1,1,1,2.0,1,2,1,pérdida contigua en ensayo,True,0,0,0,0.0,1,1,0,0.0,100,286,26,True,0.31777777777777777,inicio,336.0,medio,20-40,0,0,0,0
s01-r4-burst_trial-0.1,1,4,burst_trial-0.1,burst_trial,0.1,14,216.9320000000007,2,900,1,1.0,1,1,1,2.0,1,2,1,pérdida contigua en ensayo,True,0,0,0,0.0,1,1,0,0.0,100,274,27,True,0.30444444444444446,inicio,324.0,inicio,20-40,0,0,0,0
s01-r4-burst_trial-0.1,1,4,burst_trial-0.1,burst_trial,0.1,15,241.2200000000012,1,900,1,1.0,1,1,1,1.0,1,1,1,pérdida contigua en ensayo,True,1,1,0,0.0,1,1,0,0.0,100,180,30,True,0.2,inicio,230.0,inicio,0-20,0,0,0,0
s01-r4-burst_trial-0.1,1,4,burst_trial-0.1,burst_trial,0.1,16,258.0159999999996,1,900,1,1.0,1,1,1,2.0,1,1,1,pérdida contigua en ensayo,True,1,1,0,0.0,0,1,1,1.0,100,399,32,True,0.44333333333333336,medio,449.0,medio,40-60,0,0,1,0
s01-r4-burst_trial-0.1,1,4,burst_trial-0.1,burst_trial,0.1,17,274.5519999999997,1,900,1,1.0,1,1,1,1.0,1,1,1,pérdida contigua en ensayo,True,1,1,0,0.0,1,1,0,0.0,100,101,34,True,0.11222222222222222,inicio,151.0,inicio,0-20,0,0,0,0
s01-r4-burst_trial-0.1,1,4,burst_trial-0.1,burst_trial,0.1,18,290.887999999999,1,900,1,1.0,1,1,1,2.0,1,2,1,pérdida contigua en ensayo,True,1,1,0,0.0,0,0,0,0.0,100,545,36,True,0.6055555555555555,medio,595.0,medio,60-80,0,0,0,0
s01-r4-burst_trial-0.1,1,4,burst_trial-0.1,burst_trial,0.1,19,306.6280000000006,1,900,1,1.0,1,1,1,1.0,1,1,1,pérdida contigua en ensayo,True,1,1,0,0.0,1,1,0,0.0,100,353,38,True,0.39222222222222225,medio,403.0,medio,20-40,0,0,0,0
s01-r4-burst_trial-0.1,1,4,burst_trial-0.1,burst_trial,0.1,20,314.32800000000134,2,900,1,2.0,1,2,1,2.0,1,2,1,pérdida contigua en ensayo,True,1,1,0,0.0,1,1,0,0.0,100,885,39,True,0.9833333333333333,fin,935.0,fin,80-100,0,0,0,0
s01-r4-burst_trial-0.1,1,4,burst_trial-0.1,burst_trial,0.1,21,347.0,1,900,1,1.0,1,1,1,1.0,1,1,1,pérdida contigua en ensayo,True,1,1,0,0.0,1,1,0,0.0,100,745,43,True,0.8277777777777777,fin,795.0,fin,80-100,0,0,0,0
s01-r4-burst_trial-0.1,1,4,burst_trial-0.1,burst_trial,0.1,22,354.6239999999998,2,900,1,2.0,1,2,1,2.0,1,2,1,pérdida contigua en ensayo,True,1,1,0,0.0,1,1,0,0.0,100,370,44,True,0.4111111111111111,medio,420.0,medio,40-60,0,0,0,0
s01-r4-burst_trial-0.1,1,4,burst_trial-0.1,burst_trial,0.1,23,370.7920000000013,2,900,1,1.0,1,1,1,2.0,1,2,1,pérdida contigua en ensayo,True,0,0,0,0.0,1,1,0,0.0,100,896,46,True,0.9955555555555555,fin,946.0,fin,80-100,0,0,0,0
s01-r4-burst_trial-0.25,1,4,burst_trial-0.25,burst_trial,0.25,0,1.0,2,750,1,1.0,1,1,1,1.0,1,1,1,pérdida contigua en ensayo,True,0,0,0,0.0,0,0,0,0.0,250,722,0,True,0.9626666666666667,fin,847.0,fin,80-100,0,0,0,0
s01-r4-burst_trial-0.25,1,4,burst_trial-0.25,burst_trial,0.25,1,9.011999999998809,1,750,1,1.0,1,1,1,1.0,1,1,1,pérdida contigua en ensayo,True,1,1,0,0.0,1,1,0,0.0,250,284,1,True,0.37866666666666665,medio,409.0,medio,20-40,0,0,0,0
s01-r4-burst_trial-0.25,1,4,burst_trial-0.25,burst_trial,0.25,2,16.684000000001106,1,750,1,1.0,1,1,1,2.0,1,2,1,pérdida contigua en ensayo,True,1,1,0,0.0,0,0,0,0.0,250,722,2,True,0.9626666666666667,fin,847.0,fin,80-100,0,0,0,0
s01-r4-burst_trial-0.25,1,4,burst_trial-0.25,burst_trial,0.25,3,40.96800000000076,2,750,1,1.0,1,1,1,2.0,1,2,1,pérdida contigua en ensayo,True,0,0,0,0.0,1,1,0,0.0,250,375,5,True,0.5,medio,500.0,medio,40-60,0,0,0,0
s01-r4-burst_trial-0.25,1,4,burst_trial-0.25,burst_trial,0.25,4,64.56000000000131,1,750,1,1.0,1,1,1,2.0,1,2,1,pérdida contigua en ensayo,True,1,1,0,0.0,0,0,0,0.0,250,270,8,True,0.36,medio,395.0,medio,20-40,0,0,0,0
s01-r4-burst_trial-0.25,1,4,burst_trial-0.25,burst_trial,0.25,5,80.17599999999948,1,750,1,1.0,1,1,1,1.0,1,1,1,pérdida contigua en ensayo,True,1,1,0,0.0,1,1,0,0.0,250,218,10,True,0.2906666666666667,inicio,343.0,medio,20-40,0,0,0,0
s01-r4-burst_trial-0.25,1,4,burst_trial-0.25,burst_trial,0.25,6,87.75600000000122,1,750,1,1.0,1,1,1,1.0,1,1,1,pérdida contigua en ensayo,True,1,1,0,0.0,1,1,0,0.0,250,734,11,True,0.9786666666666667,fin,859.0,fin,80-100,0,0,0,0
s01-r4-burst_trial-0.25,1,4,burst_trial-0.25,burst_trial,0.25,7,95.64400000000025,2,750,1,1.0,1,1,1,2.0,1,2,1,pérdida contigua en ensayo,True,0,0,0,0.0,1,1,0,0.0,250,292,12,True,0.3893333333333333,medio,417.0,medio,20-40,0,0,0,0
s01-r4-burst_trial-0.25,1,4,burst_trial-0.25,burst_trial,0.25,8,119.76800000000004,2,750,1,2.0,1,2,1,2.0,1,2,1,pérdida contigua en ensayo,True,1,1,0,0.0,1,1,0,0.0,250,236,15,True,0.31466666666666665,inicio,361.0,medio,20-40,0,0,0,0
s01-r4-burst_trial-0.25,1,4,burst_trial-0.25,burst_trial,0.25,9,169.07200000000012,2,750,1,1.0,1,2,1,2.0,1,2,1,pérdida contigua en ensayo,True,0,1,1,1.0,1,1,0,0.0,250,217,21,True,0.28933333333333333,inicio,342.0,medio,20-40,1,0,0,0
s01-r4-burst_trial-0.25,1,4,burst_trial-0.25,burst_trial,0.25,10,176.72000000000116,2,750,1,2.0,1,2,1,2.0,1,2,1,pérdida contigua en ensayo,True,1,1,0,0.0,1,1,0,0.0,250,356,22,True,0.4746666666666667,medio,481.0,medio,40-60,0,0,0,0
s01-r4-burst_trial-0.25,1,4,burst_trial-0.25,burst_trial,0.25,11,192.65599999999904,1,750,1,2.0,1,1,1,2.0,1,1,1,pérdida contigua en ensayo,True,0,1,1,1.0,0,1,1,1.0,250,18,24,True,0.024,inicio,143.0,inicio,0-20,1,0,1,0
s01-r4-burst_trial-0.25,1,4,burst_trial-0.25,burst_trial,0.25,12,200.5,2,750,1,2.0,1,2,1,2.0,1,2,1,pérdida contigua en ensayo,True,1,1,0,0.0,1,1,0,0.0,250,57,25,True,0.076,inicio,182.0,inicio,0-20,0,0,0,0
s01-r4-burst_trial-0.25,1,4,burst_trial-0.25,burst_trial,0.25,13,208.91600000000108,2,750,1,2.0,1,1,1,2.0,1,2,1,pérdida contigua en ensayo,True,1,0,1,1.0,1,1,0,0.0,250,18,26,True,0.024,inicio,143.0,inicio,0-20,0,1,0,0
s01-r4-burst_trial-0.25,1,4,burst_trial-0.25,burst_trial,0.25,14,216.9320000000007,2,750,1,2.0,1,1,1,2.0,1,2,1,pérdida contigua en ensayo,True,1,0,1,1.0,1,1,0,0.0,250,650,27,True,0.8666666666666667,fin,775.0,fin,80-100,0,1,0,0
s01-r4-burst_trial-0.25,1,4,burst_trial-0.25,burst_trial,0.25,15,241.2200000000012,1,750,1,1.0,1,1,1,1.0,1,1,1,pérdida contigua en ensayo,True,1,1,0,0.0,1,1,0,0.0,250,389,30,True,0.5186666666666667,medio,514.0,medio,40-60,0,0,0,0
s01-r4-burst_trial-0.25,1,4,burst_trial-0.25,burst_trial,0.25,16,258.0159999999996,1,750,1,1.0,1,1,1,1.0,1,1,1,pérdida contigua en ensayo,True,1,1,0,0.0,1,1,0,0.0,250,16,32,True,0.021333333333333333,inicio,141.0,inicio,0-20,0,0,0,0
s01-r4-burst_trial-0.25,1,4,burst_trial-0.25,burst_trial,0.25,17,274.5519999999997,1,750,1,1.0,1,1,1,1.0,1,1,1,pérdida contigua en ensayo,True,1,1,0,0.0,1,1,0,0.0,250,338,34,True,0.45066666666666666,medio,463.0,medio,40-60,0,0,0,0
s01-r4-burst_trial-0.25,1,4,burst_trial-0.25,burst_trial,0.25,18,290.887999999999,1,750,1,1.0,1,1,1,2.0,1,2,1,pérdida contigua en ensayo,True,1,1,0,0.0,0,0,0,0.0,250,100,36,True,0.13333333333333333,inicio,225.0,inicio,0-20,0,0,0,0
s01-r4-burst_trial-0.25,1,4,burst_trial-0.25,burst_trial,0.25,19,306.6280000000006,1,750,1,1.0,1,1,1,2.0,1,1,1,pérdida contigua en ensayo,True,1,1,0,0.0,0,1,1,1.0,250,551,38,True,0.7346666666666667,fin,676.0,fin,60-80,0,0,1,0
s01-r4-burst_trial-0.25,1,4,burst_trial-0.25,burst_trial,0.25,20,314.32800000000134,2,750,1,2.0,1,2,1,2.0,1,2,1,pérdida contigua en ensayo,True,1,1,0,0.0,1,1,0,0.0,250,93,39,True,0.124,inicio,218.0,inicio,0-20,0,0,0,0
s01-r4-burst_trial-0.25,1,4,burst_trial-0.25,burst_trial,0.25,21,347.0,1,750,1,1.0,1,1,1,1.0,1,1,1,pérdida contigua en ensayo,True,1,1,0,0.0,1,1,0,0.0,250,404,43,True,0.5386666666666666,medio,529.0,medio,40-60,0,0,0,0
s01-r4-burst_trial-0.25,1,4,burst_trial-0.25,burst_trial,0.25,22,354.6239999999998,2,750,1,2.0,1,2,1,2.0,1,2,1,pérdida contigua en ensayo,True,1,1,0,0.0,1,1,0,0.0,250,609,44,True,0.812,fin,734.0,fin,80-100,0,0,0,0
s01-r4-burst_trial-0.25,1,4,burst_trial-0.25,burst_trial,0.25,23,370.7920000000013,2,750,1,1.0,1,1,1,2.0,1,2,1,pérdida contigua en ensayo,True,0,0,0,0.0,1,1,0,0.0,250,130,46,True,0.17333333333333334,inicio,255.0,inicio,0-20,0,0,0,0
s01-r4-burst_trial-0.4,1,4,burst_trial-0.4,burst_trial,0.4,0,1.0,2,600,1,2.0,1,1,1,2.0,1,1,1,pérdida contigua en ensayo,True,1,0,1,1.0,1,0,1,1.0,400,98,0,True,0.16333333333333333,inicio,298.0,inicio,0-20,0,1,0,1
s01-r4-burst_trial-0.4,1,4,burst_trial-0.4,burst_trial,0.4,1,9.011999999998809,1,600,1,1.0,1,1,1,1.0,1,1,1,pérdida contigua en ensayo,True,1,1,0,0.0,1,1,0,0.0,400,217,1,True,0.3616666666666667,medio,417.0,medio,20-40,0,0,0,0
s01-r4-burst_trial-0.4,1,4,burst_trial-0.4,burst_trial,0.4,2,16.684000000001106,1,600,1,1.0,1,1,1,2.0,1,2,1,pérdida contigua en ensayo,True,1,1,0,0.0,0,0,0,0.0,400,341,2,True,0.5683333333333334,medio,541.0,medio,40-60,0,0,0,0
s01-r4-burst_trial-0.4,1,4,burst_trial-0.4,burst_trial,0.4,3,40.96800000000076,2,600,1,1.0,1,1,1,2.0,1,2,1,pérdida contigua en ensayo,True,0,0,0,0.0,1,1,0,0.0,400,562,5,True,0.9366666666666666,fin,762.0,fin,80-100,0,0,0,0
s01-r4-burst_trial-0.4,1,4,burst_trial-0.4,burst_trial,0.4,4,64.56000000000131,1,600,1,1.0,1,1,1,2.0,1,2,1,pérdida contigua en ensayo,True,1,1,0,0.0,0,0,0,0.0,400,162,8,True,0.27,inicio,362.0,medio,20-40,0,0,0,0
s01-r4-burst_trial-0.4,1,4,burst_trial-0.4,burst_trial,0.4,5,80.17599999999948,1,600,1,1.0,1,1,1,1.0,1,1,1,pérdida contigua en ensayo,True,1,1,0,0.0,1,1,0,0.0,400,292,10,True,0.4866666666666667,medio,492.0,medio,40-60,0,0,0,0
s01-r4-burst_trial-0.4,1,4,burst_trial-0.4,burst_trial,0.4,6,87.75600000000122,1,600,1,2.0,1,1,1,2.0,1,1,1,pérdida contigua en ensayo,True,0,1,1,1.0,0,1,1,1.0,400,552,11,True,0.92,fin,752.0,fin,80-100,1,0,1,0
s01-r4-burst_trial-0.4,1,4,burst_trial-0.4,burst_trial,0.4,7,95.64400000000025,2,600,1,1.0,1,1,1,2.0,1,2,1,pérdida contigua en ensayo,True,0,0,0,0.0,1,1,0,0.0,400,482,12,True,0.8033333333333333,fin,682.0,fin,80-100,0,0,0,0
s01-r4-burst_trial-0.4,1,4,burst_trial-0.4,burst_trial,0.4,8,119.76800000000004,2,600,1,2.0,1,2,1,2.0,1,2,1,pérdida contigua en ensayo,True,1,1,0,0.0,1,1,0,0.0,400,64,15,True,0.10666666666666667,inicio,264.0,inicio,0-20,0,0,0,0
s01-r4-burst_trial-0.4,1,4,burst_trial-0.4,burst_trial,0.4,9,169.07200000000012,2,600,1,2.0,1,2,1,2.0,1,2,1,pérdida contigua en ensayo,True,1,1,0,0.0,1,1,0,0.0,400,557,21,True,0.9283333333333333,fin,757.0,fin,80-100,0,0,0,0
s01-r4-burst_trial-0.4,1,4,burst_trial-0.4,burst_trial,0.4,10,176.72000000000116,2,600,1,1.0,1,2,1,2.0,1,2,1,pérdida contigua en ensayo,True,0,1,1,1.0,1,1,0,0.0,400,141,22,True,0.235,inicio,341.0,medio,20-40,1,0,0,0
s01-r4-burst_trial-0.4,1,4,burst_trial-0.4,burst_trial,0.4,11,192.65599999999904,1,600,1,1.0,1,1,1,2.0,1,1,1,pérdida contigua en ensayo,True,1,1,0,0.0,0,1,1,1.0,400,75,24,True,0.125,inicio,275.0,inicio,0-20,0,0,1,0
s01-r4-burst_trial-0.4,1,4,burst_trial-0.4,burst_trial,0.4,12,200.5,2,600,1,2.0,1,2,1,2.0,1,2,1,pérdida contigua en ensayo,True,1,1,0,0.0,1,1,0,0.0,400,486,25,True,0.81,fin,686.0,fin,80-100,0,0,0,0
s01-r4-burst_trial-0.4,1,4,burst_trial-0.4,burst_trial,0.4,13,208.91600000000108,2,600,1,1.0,1,1,1,2.0,1,2,1,pérdida contigua en ensayo,True,0,0,0,0.0,1,1,0,0.0,400,77,26,True,0.12833333333333333,inicio,277.0,inicio,0-20,0,0,0,0
s01-r4-burst_trial-0.4,1,4,burst_trial-0.4,burst_trial,0.4,14,216.9320000000007,2,600,1,1.0,1,1,1,2.0,1,2,1,pérdida contigua en ensayo,True,0,0,0,0.0,1,1,0,0.0,400,37,27,True,0.06166666666666667,inicio,237.0,inicio,0-20,0,0,0,0
s01-r4-burst_trial-0.4,1,4,burst_trial-0.4,burst_trial,0.4,15,241.2200000000012,1,600,1,1.0,1,1,1,2.0,1,1,1,pérdida contigua en ensayo,True,1,1,0,0.0,0,1,1,1.0,400,84,30,True,0.14,inicio,284.0,inicio,0-20,0,0,1,0
s01-r4-burst_trial-0.4,1,4,burst_trial-0.4,burst_trial,0.4,16,258.0159999999996,1,600,1,2.0,1,1,1,2.0,1,1,1,pérdida contigua en ensayo,True,0,1,1,1.0,0,1,1,1.0,400,363,32,True,0.605,medio,563.0,medio,60-80,1,0,1,0
s01-r4-burst_trial-0.4,1,4,burst_trial-0.4,burst_trial,0.4,17,274.5519999999997,1,600,1,1.0,1,1,1,1.0,1,1,1,pérdida contigua en ensayo,True,1,1,0,0.0,1,1,0,0.0,400,508,34,True,0.8466666666666667,fin,708.0,fin,80-100,0,0,0,0
s01-r4-burst_trial-0.4,1,4,burst_trial-0.4,burst_trial,0.4,18,290.887999999999,1,600,1,1.0,1,1,1,2.0,1,2,1,pérdida contigua en ensayo,True,1,1,0,0.0,0,0,0,0.0,400,331,36,True,0.5516666666666666,medio,531.0,medio,40-60,0,0,0,0
s01-r4-burst_trial-0.4,1,4,burst_trial-0.4,burst_trial,0.4,19,306.6280000000006,1,600,1,1.0,1,1,1,2.0,1,1,1,pérdida contigua en ensayo,True,1,1,0,0.0,0,1,1,1.0,400,544,38,True,0.9066666666666666,fin,744.0,fin,80-100,0,0,1,0
s01-r4-burst_trial-0.4,1,4,burst_trial-0.4,burst_trial,0.4,20,314.32800000000134,2,600,1,2.0,1,2,1,2.0,1,2,1,pérdida contigua en ensayo,True,1,1,0,0.0,1,1,0,0.0,400,552,39,True,0.92,fin,752.0,fin,80-100,0,0,0,0
s01-r4-burst_trial-0.4,1,4,burst_trial-0.4,burst_trial,0.4,21,347.0,1,600,1,1.0,1,1,1,1.0,1,1,1,pérdida contigua en ensayo,True,1,1,0,0.0,1,1,0,0.0,400,498,43,True,0.83,fin,698.0,fin,80-100,0,0,0,0
s01-r4-burst_trial-0.4,1,4,burst_trial-0.4,burst_trial,0.4,22,354.6239999999998,2,600,1,2.0,1,2,1,2.0,1,2,1,pérdida contigua en ensayo,True,1,1,0,0.0,1,1,0,0.0,400,213,44,True,0.355,medio,413.0,medio,20-40,0,0,0,0
s01-r4-burst_trial-0.4,1,4,burst_trial-0.4,burst_trial,0.4,23,370.7920000000013,2,600,1,1.0,1,1,1,2.0,1,2,1,pérdida contigua en ensayo,True,0,0,0,0.0,1,1,0,0.0,400,255,46,True,0.425,medio,455.0,medio,40-60,0,0,0,0
s02-r0-burst_trial-0.1,2,0,burst_trial-0.1,burst_trial,0.1,0,1.0,1,900,1,1.0,1,1,1,2.0,1,2,1,pérdida contigua en ensayo,True,1,1,0,0.0,0,0,0,0.0,100,533,0,True,0.5922222222222222,medio,583.0,medio,40-60,0,0,0,0
s02-r0-burst_trial-0.1,2,0,burst_trial-0.1,burst_trial,0.1,1,9.011999999999944,2,900,1,2.0,1,2,1,2.0,1,2,1,pérdida contigua en ensayo,True,1,1,0,0.0,1,1,0,0.0,100,783,1,True,0.87,fin,833.0,fin,80-100,0,0,0,0
s02-r0-burst_trial-0.1,2,0,burst_trial-0.1,burst_trial,0.1,2,16.68399999999997,2,900,1,1.0,1,1,1,2.0,1,2,1,pérdida contigua en ensayo,True,0,0,0,0.0,1,1,0,0.0,100,17,2,True,0.01888888888888889,inicio,67.0,inicio,0-20,0,0,0,0
s02-r0-burst_trial-0.1,2,0,burst_trial-0.1,burst_trial,0.1,3,24.49199999999996,1,900,1,2.0,1,2,1,1.0,1,1,1,pérdida contigua en ensayo,True,0,0,0,0.0,1,1,0,0.0,100,437,3,True,0.4855555555555556,medio,487.0,medio,40-60,0,0,0,0
s02-r0-burst_trial-0.1,2,0,burst_trial-0.1,burst_trial,0.1,4,32.524000000000115,2,900,1,1.0,1,2,1,2.0,1,1,1,pérdida contigua en ensayo,True,0,1,1,1.0,1,0,1,1.0,100,108,4,True,0.12,inicio,158.0,inicio,0-20,1,0,0,1
s02-r0-burst_trial-0.1,2,0,burst_trial-0.1,burst_trial,0.1,5,40.96800000000008,1,900,1,1.0,1,1,1,1.0,1,1,1,pérdida contigua en ensayo,True,1,1,0,0.0,1,1,0,0.0,100,265,5,True,0.29444444444444445,inicio,315.0,inicio,20-40,0,0,0,0
s02-r0-burst_trial-0.1,2,0,burst_trial-0.1,burst_trial,0.1,6,48.63599999999997,2,900,1,1.0,1,1,1,1.0,1,1,1,pérdida contigua en ensayo,True,0,0,0,0.0,0,0,0,0.0,100,879,6,True,0.9766666666666667,fin,929.0,fin,80-100,0,0,0,0
s02-r0-burst_trial-0.1,2,0,burst_trial-0.1,burst_trial,0.1,7,64.55999999999995,2,900,1,1.0,1,1,1,1.0,1,1,1,pérdida contigua en ensayo,True,0,0,0,0.0,0,0,0,0.0,100,874,8,True,0.9711111111111111,fin,924.0,fin,80-100,0,0,0,0
s02-r0-burst_trial-0.1,2,0,burst_trial-0.1,burst_trial,0.1,8,80.17599999999993,1,900,1,1.0,1,1,1,2.0,1,2,1,pérdida contigua en ensayo,True,1,1,0,0.0,0,0,0,0.0,100,310,10,True,0.34444444444444444,medio,360.0,medio,20-40,0,0,0,0
s02-r0-burst_trial-0.1,2,0,burst_trial-0.1,burst_trial,0.1,9,95.644,2,900,1,2.0,1,2,1,1.0,1,1,1,pérdida contigua en ensayo,True,1,1,0,0.0,0,0,0,0.0,100,597,12,True,0.6633333333333333,medio,647.0,medio,60-80,0,0,0,0
s02-r0-burst_trial-0.1,2,0,burst_trial-0.1,burst_trial,0.1,10,103.42000000000009,1,900,1,2.0,1,1,1,1.0,1,1,1,pérdida contigua en ensayo,True,0,1,1,1.0,1,1,0,0.0,100,714,13,True,0.7933333333333333,fin,764.0,fin,60-80,1,0,0,0
s02-r0-burst_trial-0.1,2,0,burst_trial-0.1,burst_trial,0.1,11,152.47199999999998,1,900,1,2.0,1,2,1,1.0,1,1,1,pérdida contigua en ensayo,True,0,0,0,0.0,1,1,0,0.0,100,583,19,True,0.6477777777777778,medio,633.0,medio,60-80,0,0,0,0
s02-r0-burst_trial-0.1,2,0,burst_trial-0.1,burst_trial,0.1,12,169.0719999999999,2,900,1,2.0,1,2,1,2.0,1,2,1,pérdida contigua en ensayo,True,1,1,0,0.0,1,1,0,0.0,100,623,21,True,0.6922222222222222,fin,673.0,fin,60-80,0,0,0,0
s02-r0-burst_trial-0.1,2,0,burst_trial-0.1,burst_trial,0.1,13,176.72000000000003,1,900,1,1.0,1,2,1,2.0,1,2,1,pérdida contigua en ensayo,True,1,0,1,1.0,0,0,0,0.0,100,205,22,True,0.22777777777777777,inicio,255.0,inicio,20-40,0,1,0,0
s02-r0-burst_trial-0.1,2,0,burst_trial-0.1,burst_trial,0.1,14,184.84400000000005,1,900,1,1.0,1,1,1,1.0,1,1,1,pérdida contigua en ensayo,True,1,1,0,0.0,1,1,0,0.0,100,456,23,True,0.5066666666666667,medio,506.0,medio,40-60,0,0,0,0
s02-r0-burst_trial-0.1,2,0,burst_trial-0.1,burst_trial,0.1,15,208.91599999999997,1,900,1,2.0,1,2,1,2.0,1,2,1,pérdida contigua en ensayo,True,0,0,0,0.0,0,0,0,0.0,100,368,26,True,0.4088888888888889,medio,418.0,medio,40-60,0,0,0,0
s02-r0-burst_trial-0.1,2,0,burst_trial-0.1,burst_trial,0.1,16,241.22000000000003,1,900,1,2.0,1,2,1,2.0,1,2,1,pérdida contigua en ensayo,True,0,0,0,0.0,0,0,0,0.0,100,119,30,True,0.1322222222222222,inicio,169.0,inicio,0-20,0,0,0,0
s02-r0-burst_trial-0.1,2,0,burst_trial-0.1,burst_trial,0.1,17,249.6479999999999,2,900,1,2.0,1,2,1,1.0,1,1,1,pérdida contigua en ensayo,True,1,1,0,0.0,0,0,0,0.0,100,843,31,True,0.9366666666666666,fin,893.0,fin,80-100,0,0,0,0
s02-r0-burst_trial-0.1,2,0,burst_trial-0.1,burst_trial,0.1,18,258.0160000000001,1,900,1,1.0,1,1,1,1.0,1,1,1,pérdida contigua en ensayo,True,1,1,0,0.0,1,1,0,0.0,100,881,32,True,0.9788888888888889,fin,931.0,fin,80-100,0,0,0,0
s02-r0-burst_trial-0.1,2,0,burst_trial-0.1,burst_trial,0.1,19,266.3799999999999,2,900,1,2.0,1,2,1,1.0,1,2,1,pérdida contigua en ensayo,True,1,1,0,0.0,0,1,1,1.0,100,321,33,True,0.3566666666666667,medio,371.0,medio,20-40,0,0,1,0
s02-r0-burst_trial-0.1,2,0,burst_trial-0.1,burst_trial,0.1,20,274.5519999999999,2,900,1,2.0,1,2,1,2.0,1,2,1,pérdida contigua en ensayo,True,1,1,0,0.0,1,1,0,0.0,100,417,34,True,0.4633333333333333,medio,467.0,medio,40-60,0,0,0,0
s02-r0-burst_trial-0.1,2,0,burst_trial-0.1,burst_trial,0.1,21,282.808,1,900,1,2.0,1,2,1,1.0,1,1,1,pérdida contigua en ensayo,True,0,0,0,0.0,1,1,0,0.0,100,23,35,True,0.025555555555555557,inicio,73.0,inicio,0-20,0,0,0,0
s02-r0-burst_trial-0.1,2,0,burst_trial-0.1,burst_trial,0.1,22,290.8879999999999,2,900,1,2.0,1,1,1,1.0,1,1,1,pérdida contigua en ensayo,True,1,0,1,1.0,0,0,0,0.0,100,140,36,True,0.15555555555555556,inicio,190.0,inicio,0-20,0,1,0,0
s02-r0-burst_trial-0.1,2,0,burst_trial-0.1,burst_trial,0.1,23,306.628,2,900,1,2.0,1,2,1,2.0,1,2,1,pérdida contigua en ensayo,True,1,1,0,0.0,1,1,0,0.0,100,421,38,True,0.4677777777777778,medio,471.0,medio,40-60,0,0,0,0
s02-r0-burst_trial-0.25,2,0,burst_trial-0.25,burst_trial,0.25,0,1.0,1,750,1,1.0,1,1,1,2.0,1,2,1,pérdida contigua en ensayo,True,1,1,0,0.0,0,0,0,0.0,250,419,0,True,0.5586666666666666,medio,544.0,medio,40-60,0,0,0,0
s02-r0-burst_trial-0.25,2,0,burst_trial-0.25,burst_trial,0.25,1,9.011999999999944,2,750,1,2.0,1,2,1,1.0,1,2,1,pérdida contigua en ensayo,True,1,1,0,0.0,0,1,1,1.0,250,368,1,True,0.49066666666666664,medio,493.0,medio,40-60,0,0,1,0
s02-r0-burst_trial-0.25,2,0,burst_trial-0.25,burst_trial,0.25,2,16.68399999999997,2,750,1,2.0,1,1,1,2.0,1,2,1,pérdida contigua en ensayo,True,1,0,1,1.0,1,1,0,0.0,250,563,2,True,0.7506666666666667,fin,688.0,fin,60-80,0,1,0,0
s02-r0-burst_trial-0.25,2,0,burst_trial-0.25,burst_trial,0.25,3,24.49199999999996,1,750,1,2.0,1,2,1,1.0,1,1,1,pérdida contigua en ensayo,True,0,0,0,0.0,1,1,0,0.0,250,610,3,True,0.8133333333333334,fin,735.0,fin,80-100,0,0,0,0
s02-r0-burst_trial-0.25,2,0,burst_trial-0.25,burst_trial,0.25,4,32.524000000000115,2,750,1,2.0,1,2,1,1.0,1,1,1,pérdida contigua en ensayo,True,1,1,0,0.0,0,0,0,0.0,250,446,4,True,0.5946666666666667,medio,571.0,medio,40-60,0,0,0,0
s02-r0-burst_trial-0.25,2,0,burst_trial-0.25,burst_trial,0.25,5,40.96800000000008,1,750,1,1.0,1,1,1,2.0,1,1,1,pérdida contigua en ensayo,True,1,1,0,0.0,0,1,1,1.0,250,189,5,True,0.252,inicio,314.0,inicio,20-40,0,0,1,0
s02-r0-burst_trial-0.25,2,0,burst_trial-0.25,burst_trial,0.25,6,48.63599999999997,2,750,1,2.0,1,1,1,1.0,1,1,1,pérdida contigua en ensayo,True,1,0,1,1.0,0,0,0,0.0,250,135,6,True,0.18,inicio,260.0,inicio,0-20,0,1,0,0
s02-r0-burst_trial-0.25,2,0,burst_trial-0.25,burst_trial,0.25,7,64.55999999999995,2,750,1,1.0,1,1,1,1.0,1,1,1,pérdida contigua en ensayo,True,0,0,0,0.0,0,0,0,0.0,250,77,8,True,0.10266666666666667,inicio,202.0,inicio,0-20,0,0,0,0
s02-r0-burst_trial-0.25,2,0,burst_trial-0.25,burst_trial,0.25,8,80.17599999999993,1,750,1,1.0,1,1,1,2.0,1,2,1,pérdida contigua en ensayo,True,1,1,0,0.0,0,0,0,0.0,250,237,10,True,0.316,inicio,362.0,medio,20-40,0,0,0,0
s02-r0-burst_trial-0.25,2,0,burst_trial-0.25,burst_trial,0.25,9,95.644,2,750,1,2.0,1,2,1,1.0,1,1,1,pérdida contigua en ensayo,True,1,1,0,0.0,0,0,0,0.0,250,284,12,True,0.37866666666666665,medio,409.0,medio,20-40,0,0,0,0
s02-r0-burst_trial-0.25,2,0,burst_trial-0.25,burst_trial,0.25,10,103.42000000000009,1,750,1,1.0,1,1,1,2.0,1,1,1,pérdida contigua en ensayo,True,1,1,0,0.0,0,1,1,1.0,250,89,13,True,0.11866666666666667,inicio,214.0,inicio,0-20,0,0,1,0
s02-r0-burst_trial-0.25,2,0,burst_trial-0.25,burst_trial,0.25,11,152.47199999999998,1,750,1,1.0,1,2,1,1.0,1,1,1,pérdida contigua en ensayo,True,1,0,1,1.0,1,1,0,0.0,250,293,19,True,0.39066666666666666,medio,418.0,medio,20-40,0,1,0,0
s02-r0-burst_trial-0.25,2,0,burst_trial-0.25,burst_trial,0.25,12,169.0719999999999,2,750,1,2.0,1,2,1,2.0,1,2,1,pérdida contigua en ensayo,True,1,1,0,0.0,1,1,0,0.0,250,162,21,True,0.216,inicio,287.0,inicio,20-40,0,0,0,0
s02-r0-burst_trial-0.25,2,0,burst_trial-0.25,burst_trial,0.25,13,176.72000000000003,1,750,1,1.0,1,2,1,2.0,1,2,1,pérdida contigua en ensayo,True,1,0,1,1.0,0,0,0,0.0,250,40,22,True,0.05333333333333334,inicio,165.0,inicio,0-20,0,1,0,0
s02-r0-burst_trial-0.25,2,0,burst_trial-0.25,burst_trial,0.25,14,184.84400000000005,1,750,1,1.0,1,1,1,1.0,1,1,1,pérdida contigua en ensayo,True,1,1,0,0.0,1,1,0,0.0,250,678,23,True,0.904,fin,803.0,fin,80-100,0,0,0,0
s02-r0-burst_trial-0.25,2,0,burst_trial-0.25,burst_trial,0.25,15,208.91599999999997,1,750,1,2.0,1,2,1,2.0,1,2,1,pérdida contigua en ensayo,True,0,0,0,0.0,0,0,0,0.0,250,274,26,True,0.36533333333333334,medio,399.0,medio,20-40,0,0,0,0
s02-r0-burst_trial-0.25,2,0,burst_trial-0.25,burst_trial,0.25,16,241.22000000000003,1,750,1,2.0,1,2,1,1.0,1,2,1,pérdida contigua en ensayo,True,0,0,0,0.0,1,0,1,1.0,250,578,30,True,0.7706666666666667,fin,703.0,fin,60-80,0,0,0,1
s02-r0-burst_trial-0.25,2,0,burst_trial-0.25,burst_trial,0.25,17,249.6479999999999,2,750,1,2.0,1,2,1,2.0,1,1,1,pérdida contigua en ensayo,True,1,1,0,0.0,1,0,1,1.0,250,42,31,True,0.056,inicio,167.0,inicio,0-20,0,0,0,1
s02-r0-burst_trial-0.25,2,0,burst_trial-0.25,burst_trial,0.25,18,258.0160000000001,1,750,1,1.0,1,1,1,1.0,1,1,1,pérdida contigua en ensayo,True,1,1,0,0.0,1,1,0,0.0,250,748,32,True,0.9973333333333333,fin,873.0,fin,80-100,0,0,0,0
s02-r0-burst_trial-0.25,2,0,burst_trial-0.25,burst_trial,0.25,19,266.3799999999999,2,750,1,2.0,1,2,1,2.0,1,2,1,pérdida contigua en ensayo,True,1,1,0,0.0,1,1,0,0.0,250,141,33,True,0.188,inicio,266.0,inicio,0-20,0,0,0,0
s02-r0-burst_trial-0.25,2,0,burst_trial-0.25,burst_trial,0.25,20,274.5519999999999,2,750,1,2.0,1,2,1,2.0,1,2,1,pérdida contigua en ensayo,True,1,1,0,0.0,1,1,0,0.0,250,120,34,True,0.16,inicio,245.0,inicio,0-20,0,0,0,0
s02-r0-burst_trial-0.25,2,0,burst_trial-0.25,burst_trial,0.25,21,282.808,1,750,1,2.0,1,2,1,1.0,1,1,1,pérdida contigua en ensayo,True,0,0,0,0.0,1,1,0,0.0,250,375,35,True,0.5,medio,500.0,medio,40-60,0,0,0,0
s02-r0-burst_trial-0.25,2,0,burst_trial-0.25,burst_trial,0.25,22,290.8879999999999,2,750,1,1.0,1,1,1,1.0,1,1,1,pérdida contigua en ensayo,True,0,0,0,0.0,0,0,0,0.0,250,241,36,True,0.32133333333333336,inicio,366.0,medio,20-40,0,0,0,0
s02-r0-burst_trial-0.25,2,0,burst_trial-0.25,burst_trial,0.25,23,306.628,2,750,1,2.0,1,2,1,2.0,1,2,1,pérdida contigua en ensayo,True,1,1,0,0.0,1,1,0,0.0,250,659,38,True,0.8786666666666667,fin,784.0,fin,80-100,0,0,0,0
s02-r0-burst_trial-0.4,2,0,burst_trial-0.4,burst_trial,0.4,0,1.0,1,600,1,1.0,1,1,1,2.0,1,2,1,pérdida contigua en ensayo,True,1,1,0,0.0,0,0,0,0.0,400,209,0,True,0.34833333333333333,medio,409.0,medio,20-40,0,0,0,0
s02-r0-burst_trial-0.4,2,0,burst_trial-0.4,burst_trial,0.4,1,9.012000000000056,2,600,1,2.0,1,2,1,2.0,1,2,1,pérdida contigua en ensayo,True,1,1,0,0.0,1,1,0,0.0,400,83,1,True,0.13833333333333334,inicio,283.0,inicio,0-20,0,0,0,0
s02-r0-burst_trial-0.4,2,0,burst_trial-0.4,burst_trial,0.4,2,16.68399999999997,2,600,1,1.0,1,1,1,1.0,1,2,1,pérdida contigua en ensayo,True,0,0,0,0.0,0,1,1,1.0,400,525,2,True,0.875,fin,725.0,fin,80-100,0,0,1,0
s02-r0-burst_trial-0.4,2,0,burst_trial-0.4,burst_trial,0.4,3,24.49199999999996,1,600,1,2.0,1,2,1,1.0,1,1,1,pérdida contigua en ensayo,True,0,0,0,0.0,1,1,0,0.0,400,508,3,True,0.8466666666666667,fin,708.0,fin,80-100,0,0,0,0
s02-r0-burst_trial-0.4,2,0,burst_trial-0.4,burst_trial,0.4,4,32.524,2,600,1,2.0,1,2,1,1.0,1,1,1,pérdida contigua en ensayo,True,1,1,0,0.0,0,0,0,0.0,400,280,4,True,0.4666666666666667,medio,480.0,medio,40-60,0,0,0,0
s02-r0-burst_trial-0.4,2,0,burst_trial-0.4,burst_trial,0.4,5,40.96799999999996,1,600,1,2.0,1,1,1,1.0,1,1,1,pérdida contigua en ensayo,True,0,1,1,1.0,1,1,0,0.0,400,513,5,True,0.855,fin,713.0,fin,80-100,1,0,0,0
s02-r0-burst_trial-0.4,2,0,burst_trial-0.4,burst_trial,0.4,6,48.63600000000008,2,600,1,1.0,1,1,1,1.0,1,1,1,pérdida contigua en ensayo,True,0,0,0,0.0,0,0,0,0.0,400,410,6,True,0.6833333333333333,fin,610.0,medio,60-80,0,0,0,0
s02-r0-burst_trial-0.4,2,0,burst_trial-0.4,burst_trial,0.4,7,64.56000000000006,2,600,1,1.0,1,1,1,1.0,1,1,1,pérdida contigua en ensayo,True,0,0,0,0.0,0,0,0,0.0,400,80,8,True,0.13333333333333333,inicio,280.0,inicio,0-20,0,0,0,0
s02-r0-burst_trial-0.4,2,0,burst_trial-0.4,burst_trial,0.4,8,80.17600000000004,1,600,1,2.0,1,1,1,2.0,1,2,1,pérdida contigua en ensayo,True,0,1,1,1.0,0,0,0,0.0,400,162,10,True,0.27,inicio,362.0,medio,20-40,1,0,0,0
s02-r0-burst_trial-0.4,2,0,burst_trial-0.4,burst_trial,0.4,9,95.64399999999988,2,600,1,2.0,1,2,1,1.0,1,1,1,pérdida contigua en ensayo,True,1,1,0,0.0,0,0,0,0.0,400,541,12,True,0.9016666666666666,fin,741.0,fin,80-100,0,0,0,0
s02-r0-burst_trial-0.4,2,0,burst_trial-0.4,burst_trial,0.4,10,103.41999999999996,1,600,1,2.0,1,1,1,1.0,1,1,1,pérdida contigua en ensayo,True,0,1,1,1.0,1,1,0,0.0,400,495,13,True,0.825,fin,695.0,fin,80-100,1,0,0,0
s02-r0-burst_trial-0.4,2,0,burst_trial-0.4,burst_trial,0.4,11,152.4720000000001,1,600,1,2.0,1,2,1,2.0,1,1,1,pérdida contigua en ensayo,True,0,0,0,0.0,0,1,1,1.0,400,454,19,True,0.7566666666666667,fin,654.0,medio,60-80,0,0,1,0
s02-r0-burst_trial-0.4,2,0,burst_trial-0.4,burst_trial,0.4,12,169.072,2,600,1,2.0,1,2,1,2.0,1,2,1,pérdida contigua en ensayo,True,1,1,0,0.0,1,1,0,0.0,400,116,21,True,0.19333333333333333,inicio,316.0,inicio,0-20,0,0,0,0
s02-r0-burst_trial-0.4,2,0,burst_trial-0.4,burst_trial,0.4,13,176.7199999999999,1,600,1,1.0,1,2,1,2.0,1,2,1,pérdida contigua en ensayo,True,1,0,1,1.0,0,0,0,0.0,400,255,22,True,0.425,medio,455.0,medio,40-60,0,1,0,0
s02-r0-burst_trial-0.4,2,0,burst_trial-0.4,burst_trial,0.4,14,184.84399999999997,1,600,1,1.0,1,1,1,1.0,1,1,1,pérdida contigua en ensayo,True,1,1,0,0.0,1,1,0,0.0,400,36,23,True,0.06,inicio,236.0,inicio,0-20,0,0,0,0
s02-r0-burst_trial-0.4,2,0,burst_trial-0.4,burst_trial,0.4,15,208.91600000000005,1,600,1,2.0,1,2,1,2.0,1,2,1,pérdida contigua en ensayo,True,0,0,0,0.0,0,0,0,0.0,400,99,26,True,0.165,inicio,299.0,inicio,0-20,0,0,0,0
s02-r0-burst_trial-0.4,2,0,burst_trial-0.4,burst_trial,0.4,16,241.2199999999999,1,600,1,2.0,1,2,1,1.0,1,2,1,pérdida contigua en ensayo,True,0,0,0,0.0,1,0,1,1.0,400,334,30,True,0.5566666666666666,medio,534.0,medio,40-60,0,0,0,1
s02-r0-burst_trial-0.4,2,0,burst_trial-0.4,burst_trial,0.4,17,249.648,2,600,1,2.0,1,2,1,2.0,1,1,1,pérdida contigua en ensayo,True,1,1,0,0.0,1,0,1,1.0,400,316,31,True,0.5266666666666666,medio,516.0,medio,40-60,0,0,0,1
s02-r0-burst_trial-0.4,2,0,burst_trial-0.4,burst_trial,0.4,18,258.016,1,600,1,2.0,1,1,1,1.0,1,1,1,pérdida contigua en ensayo,True,0,1,1,1.0,1,1,0,0.0,400,430,32,True,0.7166666666666667,fin,630.0,medio,60-80,1,0,0,0
s02-r0-burst_trial-0.4,2,0,burst_trial-0.4,burst_trial,0.4,19,266.38,2,600,1,2.0,1,2,1,2.0,1,2,1,pérdida contigua en ensayo,True,1,1,0,0.0,1,1,0,0.0,400,385,33,True,0.6416666666666667,medio,585.0,medio,60-80,0,0,0,0
s02-r0-burst_trial-0.4,2,0,burst_trial-0.4,burst_trial,0.4,20,274.552,2,600,1,2.0,1,2,1,2.0,1,2,1,pérdida contigua en ensayo,True,1,1,0,0.0,1,1,0,0.0,400,581,34,True,0.9683333333333334,fin,781.0,fin,80-100,0,0,0,0
s02-r0-burst_trial-0.4,2,0,burst_trial-0.4,burst_trial,0.4,21,282.8080000000001,1,600,1,2.0,1,2,1,1.0,1,1,1,pérdida contigua en ensayo,True,0,0,0,0.0,1,1,0,0.0,400,546,35,True,0.91,fin,746.0,fin,80-100,0,0,0,0
s02-r0-burst_trial-0.4,2,0,burst_trial-0.4,burst_trial,0.4,22,290.88800000000003,2,600,1,1.0,1,1,1,1.0,1,1,1,pérdida contigua en ensayo,True,0,0,0,0.0,0,0,0,0.0,400,493,36,True,0.8216666666666667,fin,693.0,fin,80-100,0,0,0,0
s02-r0-burst_trial-0.4,2,0,burst_trial-0.4,burst_trial,0.4,23,306.62800000000004,2,600,1,2.0,1,2,1,2.0,1,2,1,pérdida contigua en ensayo,True,1,1,0,0.0,1,1,0,0.0,400,293,38,True,0.48833333333333334,medio,493.0,medio,40-60,0,0,0,0
s02-r1-burst_trial-0.1,2,1,burst_trial-0.1,burst_trial,0.1,0,16.684000000000196,2,900,1,1.0,1,1,1,1.0,1,1,1,pérdida contigua en ensayo,True,0,0,0,0.0,0,0,0,0.0,100,484,2,True,0.5377777777777778,medio,534.0,medio,40-60,0,0,0,0
s02-r1-burst_trial-0.1,2,1,burst_trial-0.1,burst_trial,0.1,1,24.49200000000019,1,900,1,1.0,1,1,1,2.0,1,2,1,pérdida contigua en ensayo,True,1,1,0,0.0,0,0,0,0.0,100,635,3,True,0.7055555555555556,fin,685.0,fin,60-80,0,0,0,0
s02-r1-burst_trial-0.1,2,1,burst_trial-0.1,burst_trial,0.1,2,32.52400000000034,1,900,1,1.0,1,1,1,2.0,1,1,1,pérdida contigua en ensayo,True,1,1,0,0.0,0,1,1,1.0,100,230,4,True,0.25555555555555554,inicio,280.0,inicio,20-40,0,0,1,0
s02-r1-burst_trial-0.1,2,1,burst_trial-0.1,burst_trial,0.1,3,40.96799999999985,2,900,1,1.0,1,1,1,2.0,1,2,1,pérdida contigua en ensayo,True,0,0,0,0.0,1,1,0,0.0,100,674,5,True,0.7488888888888889,fin,724.0,fin,60-80,0,0,0,0
s02-r1-burst_trial-0.1,2,1,burst_trial-0.1,burst_trial,0.1,4,64.5600000000004,2,900,1,1.0,1,1,1,2.0,1,2,1,pérdida contigua en ensayo,True,0,0,0,0.0,1,1,0,0.0,100,786,8,True,0.8733333333333333,fin,836.0,fin,80-100,0,0,0,0
s02-r1-burst_trial-0.1,2,1,burst_trial-0.1,burst_trial,0.1,5,80.17600000000039,1,900,1,1.0,1,1,1,2.0,1,2,1,pérdida contigua en ensayo,True,1,1,0,0.0,0,0,0,0.0,100,100,10,True,0.1111111111111111,inicio,150.0,inicio,0-20,0,0,0,0
s02-r1-burst_trial-0.1,2,1,burst_trial-0.1,burst_trial,0.1,6,87.75600000000031,1,900,1,1.0,1,1,1,1.0,1,1,1,pérdida contigua en ensayo,True,1,1,0,0.0,1,1,0,0.0,100,702,11,True,0.78,fin,752.0,fin,60-80,0,0,0,0
s02-r1-burst_trial-0.1,2,1,burst_trial-0.1,burst_trial,0.1,7,95.64400000000025,1,900,1,1.0,1,1,1,1.0,1,1,1,pérdida contigua en ensayo,True,1,1,0,0.0,1,1,0,0.0,100,664,12,True,0.7377777777777778,fin,714.0,fin,60-80,0,0,0,0
s02-r1-burst_trial-0.1,2,1,burst_trial-0.1,burst_trial,0.1,8,111.28799999999956,2,900,1,1.0,1,1,1,2.0,1,2,1,pérdida contigua en ensayo,True,0,0,0,0.0,1,1,0,0.0,100,590,14,True,0.6555555555555556,medio,640.0,medio,60-80,0,0,0,0
s02-r1-burst_trial-0.1,2,1,burst_trial-0.1,burst_trial,0.1,9,119.76800000000004,2,900,1,1.0,1,2,1,2.0,1,2,1,pérdida contigua en ensayo,True,0,1,1,1.0,1,1,0,0.0,100,860,15,True,0.9555555555555556,fin,910.0,fin,80-100,1,0,0,0
s02-r1-burst_trial-0.1,2,1,burst_trial-0.1,burst_trial,0.1,10,127.80000000000018,1,900,1,1.0,1,1,1,1.0,1,1,1,pérdida contigua en ensayo,True,1,1,0,0.0,1,1,0,0.0,100,624,16,True,0.6933333333333334,fin,674.0,fin,60-80,0,0,0,0
s02-r1-burst_trial-0.1,2,1,burst_trial-0.1,burst_trial,0.1,11,136.0640000000003,1,900,1,1.0,1,1,1,1.0,1,1,1,pérdida contigua en ensayo,True,1,1,0,0.0,1,1,0,0.0,100,470,17,True,0.5222222222222223,medio,520.0,medio,40-60,0,0,0,0
s02-r1-burst_trial-0.1,2,1,burst_trial-0.1,burst_trial,0.1,12,152.47199999999975,1,900,1,1.0,1,1,1,2.0,1,2,1,pérdida contigua en ensayo,True,1,1,0,0.0,0,0,0,0.0,100,494,19,True,0.5488888888888889,medio,544.0,medio,40-60,0,0,0,0
s02-r1-burst_trial-0.1,2,1,burst_trial-0.1,burst_trial,0.1,13,160.7520000000004,2,900,1,2.0,1,2,1,1.0,1,1,1,pérdida contigua en ensayo,True,1,1,0,0.0,0,0,0,0.0,100,771,20,True,0.8566666666666667,fin,821.0,fin,80-100,0,0,0,0
s02-r1-burst_trial-0.1,2,1,burst_trial-0.1,burst_trial,0.1,14,192.65599999999995,1,900,1,1.0,1,1,1,1.0,1,1,1,pérdida contigua en ensayo,True,1,1,0,0.0,1,1,0,0.0,100,868,24,True,0.9644444444444444,fin,918.0,fin,80-100,0,0,0,0
s02-r1-burst_trial-0.1,2,1,burst_trial-0.1,burst_trial,0.1,15,216.9319999999998,2,900,1,2.0,1,2,1,1.0,1,2,1,pérdida contigua en ensayo,True,1,1,0,0.0,0,1,1,1.0,100,458,27,True,0.5088888888888888,medio,508.0,medio,40-60,0,0,1,0
s02-r1-burst_trial-0.1,2,1,burst_trial-0.1,burst_trial,0.1,16,241.22000000000023,2,900,1,2.0,1,2,1,2.0,1,2,1,pérdida contigua en ensayo,True,1,1,0,0.0,1,1,0,0.0,100,75,30,True,0.08333333333333333,inicio,125.0,inicio,0-20,0,0,0,0
s02-r1-burst_trial-0.1,2,1,burst_trial-0.1,burst_trial,0.1,17,249.6480000000001,1,900,1,1.0,1,1,1,1.0,1,2,1,pérdida contigua en ensayo,True,1,1,0,0.0,1,0,1,1.0,100,416,31,True,0.4622222222222222,medio,466.0,medio,40-60,0,0,0,1
s02-r1-burst_trial-0.1,2,1,burst_trial-0.1,burst_trial,0.1,18,258.0159999999996,2,900,1,2.0,1,2,1,2.0,1,2,1,pérdida contigua en ensayo,True,1,1,0,0.0,1,1,0,0.0,100,588,32,True,0.6533333333333333,medio,638.0,medio,60-80,0,0,0,0
s02-r1-burst_trial-0.1,2,1,burst_trial-0.1,burst_trial,0.1,19,306.6279999999997,1,900,1,1.0,1,2,1,2.0,1,2,1,pérdida contigua en ensayo,True,1,0,1,1.0,0,0,0,0.0,100,106,38,True,0.11777777777777777,inicio,156.0,inicio,0-20,0,1,0,0
s02-r1-burst_trial-0.1,2,1,burst_trial-0.1,burst_trial,0.1,20,322.65200000000004,2,900,1,2.0,1,2,1,1.0,1,1,1,pérdida contigua en ensayo,True,1,1,0,0.0,0,0,0,0.0,100,730,40,True,0.8111111111111111,fin,780.0,fin,80-100,0,0,0,0
s02-r1-burst_trial-0.1,2,1,burst_trial-0.1,burst_trial,0.1,21,338.52400000000034,2,900,1,2.0,1,2,1,1.0,1,1,1,pérdida contigua en ensayo,True,1,1,0,0.0,0,0,0,0.0,100,522,42,True,0.58,medio,572.0,medio,40-60,0,0,0,0
s02-r1-burst_trial-0.1,2,1,burst_trial-0.1,burst_trial,0.1,22,362.3360000000002,2,900,1,2.0,1,1,1,1.0,1,1,1,pérdida contigua en ensayo,True,1,0,1,1.0,0,0,0,0.0,100,60,45,True,0.06666666666666667,inicio,110.0,inicio,0-20,0,1,0,0
s02-r1-burst_trial-0.1,2,1,burst_trial-0.1,burst_trial,0.1,23,379.02800000000025,1,900,1,2.0,1,2,1,2.0,1,2,1,pérdida contigua en ensayo,True,0,0,0,0.0,0,0,0,0.0,100,55,47,True,0.06111111111111111,inicio,105.0,inicio,0-20,0,0,0,0
s02-r1-burst_trial-0.25,2,1,burst_trial-0.25,burst_trial,0.25,0,16.684000000000196,2,750,1,1.0,1,1,1,1.0,1,1,1,pérdida contigua en ensayo,True,0,0,0,0.0,0,0,0,0.0,250,212,2,True,0.2826666666666667,inicio,337.0,medio,20-40,0,0,0,0
s02-r1-burst_trial-0.25,2,1,burst_trial-0.25,burst_trial,0.25,1,24.49200000000019,1,750,1,1.0,1,1,1,2.0,1,2,1,pérdida contigua en ensayo,True,1,1,0,0.0,0,0,0,0.0,250,147,3,True,0.196,inicio,272.0,inicio,0-20,0,0,0,0
s02-r1-burst_trial-0.25,2,1,burst_trial-0.25,burst_trial,0.25,2,32.52400000000034,1,750,1,1.0,1,1,1,1.0,1,1,1,pérdida contigua en ensayo,True,1,1,0,0.0,1,1,0,0.0,250,405,4,True,0.54,medio,530.0,medio,40-60,0,0,0,0
s02-r1-burst_trial-0.25,2,1,burst_trial-0.25,burst_trial,0.25,3,40.96799999999985,2,750,1,1.0,1,1,1,2.0,1,2,1,pérdida contigua en ensayo,True,0,0,0,0.0,1,1,0,0.0,250,542,5,True,0.7226666666666667,fin,667.0,fin,60-80,0,0,0,0
s02-r1-burst_trial-0.25,2,1,burst_trial-0.25,burst_trial,0.25,4,64.5600000000004,2,750,1,1.0,1,1,1,1.0,1,2,1,pérdida contigua en ensayo,True,0,0,0,0.0,0,1,1,1.0,250,181,8,True,0.24133333333333334,inicio,306.0,inicio,20-40,0,0,1,0
s02-r1-burst_trial-0.25,2,1,burst_trial-0.25,burst_trial,0.25,5,80.17600000000039,1,750,1,1.0,1,1,1,2.0,1,2,1,pérdida contigua en ensayo,True,1,1,0,0.0,0,0,0,0.0,250,64,10,True,0.08533333333333333,inicio,189.0,inicio,0-20,0,0,0,0
s02-r1-burst_trial-0.25,2,1,burst_trial-0.25,burst_trial,0.25,6,87.75600000000031,1,750,1,1.0,1,1,1,1.0,1,1,1,pérdida contigua en ensayo,True,1,1,0,0.0,1,1,0,0.0,250,564,11,True,0.752,fin,689.0,fin,60-80,0,0,0,0
s02-r1-burst_trial-0.25,2,1,burst_trial-0.25,burst_trial,0.25,7,95.64400000000025,1,750,1,1.0,1,1,1,1.0,1,1,1,pérdida contigua en ensayo,True,1,1,0,0.0,1,1,0,0.0,250,443,12,True,0.5906666666666667,medio,568.0,medio,40-60,0,0,0,0
s02-r1-burst_trial-0.25,2,1,burst_trial-0.25,burst_trial,0.25,8,111.28799999999956,2,750,1,1.0,1,1,1,2.0,1,2,1,pérdida contigua en ensayo,True,0,0,0,0.0,1,1,0,0.0,250,181,14,True,0.24133333333333334,inicio,306.0,inicio,20-40,0,0,0,0
s02-r1-burst_trial-0.25,2,1,burst_trial-0.25,burst_trial,0.25,9,119.76800000000004,2,750,1,2.0,1,2,1,2.0,1,2,1,pérdida contigua en ensayo,True,1,1,0,0.0,1,1,0,0.0,250,335,15,True,0.44666666666666666,medio,460.0,medio,40-60,0,0,0,0
s02-r1-burst_trial-0.25,2,1,burst_trial-0.25,burst_trial,0.25,10,127.80000000000018,1,750,1,1.0,1,1,1,1.0,1,1,1,pérdida contigua en ensayo,True,1,1,0,0.0,1,1,0,0.0,250,433,16,True,0.5773333333333334,medio,558.0,medio,40-60,0,0,0,0
s02-r1-burst_trial-0.25,2,1,burst_trial-0.25,burst_trial,0.25,11,136.0640000000003,1,750,1,2.0,1,1,1,1.0,1,1,1,pérdida contigua en ensayo,True,0,1,1,1.0,1,1,0,0.0,250,54,17,True,0.072,inicio,179.0,inicio,0-20,1,0,0,0
s02-r1-burst_trial-0.25,2,1,burst_trial-0.25,burst_trial,0.25,12,152.47199999999975,1,750,1,1.0,1,1,1,2.0,1,2,1,pérdida contigua en ensayo,True,1,1,0,0.0,0,0,0,0.0,250,458,19,True,0.6106666666666667,medio,583.0,medio,60-80,0,0,0,0
s02-r1-burst_trial-0.25,2,1,burst_trial-0.25,burst_trial,0.25,13,160.7520000000004,2,750,1,2.0,1,2,1,1.0,1,1,1,pérdida contigua en ensayo,True,1,1,0,0.0,0,0,0,0.0,250,262,20,True,0.34933333333333333,medio,387.0,medio,20-40,0,0,0,0
s02-r1-burst_trial-0.25,2,1,burst_trial-0.25,burst_trial,0.25,14,192.65599999999995,1,750,1,1.0,1,1,1,1.0,1,1,1,pérdida contigua en ensayo,True,1,1,0,0.0,1,1,0,0.0,250,688,24,True,0.9173333333333333,fin,813.0,fin,80-100,0,0,0,0
s02-r1-burst_trial-0.25,2,1,burst_trial-0.25,burst_trial,0.25,15,216.9319999999998,2,750,1,2.0,1,2,1,2.0,1,2,1,pérdida contigua en ensayo,True,1,1,0,0.0,1,1,0,0.0,250,533,27,True,0.7106666666666667,fin,658.0,medio,60-80,0,0,0,0
s02-r1-burst_trial-0.25,2,1,burst_trial-0.25,burst_trial,0.25,16,241.22000000000023,2,750,1,1.0,1,2,1,2.0,1,2,1,pérdida contigua en ensayo,True,0,1,1,1.0,1,1,0,0.0,250,192,30,True,0.256,inicio,317.0,inicio,20-40,1,0,0,0
s02-r1-burst_trial-0.25,2,1,burst_trial-0.25,burst_trial,0.25,17,249.6480000000001,1,750,1,1.0,1,1,1,2.0,1,2,1,pérdida contigua en ensayo,True,1,1,0,0.0,0,0,0,0.0,250,571,31,True,0.7613333333333333,fin,696.0,fin,60-80,0,0,0,0
s02-r1-burst_trial-0.25,2,1,burst_trial-0.25,burst_trial,0.25,18,258.0159999999996,2,750,1,2.0,1,2,1,2.0,1,2,1,pérdida contigua en ensayo,True,1,1,0,0.0,1,1,0,0.0,250,515,32,True,0.6866666666666666,fin,640.0,medio,60-80,0,0,0,0
s02-r1-burst_trial-0.25,2,1,burst_trial-0.25,burst_trial,0.25,19,306.6279999999997,1,750,1,1.0,1,2,1,2.0,1,2,1,pérdida contigua en ensayo,True,1,0,1,1.0,0,0,0,0.0,250,476,38,True,0.6346666666666667,medio,601.0,medio,60-80,0,1,0,0
s02-r1-burst_trial-0.25,2,1,burst_trial-0.25,burst_trial,0.25,20,322.65200000000004,2,750,1,2.0,1,2,1,1.0,1,1,1,pérdida contigua en ensayo,True,1,1,0,0.0,0,0,0,0.0,250,572,40,True,0.7626666666666667,fin,697.0,fin,60-80,0,0,0,0
s02-r1-burst_trial-0.25,2,1,burst_trial-0.25,burst_trial,0.25,21,338.52400000000034,2,750,1,2.0,1,2,1,1.0,1,1,1,pérdida contigua en ensayo,True,1,1,0,0.0,0,0,0,0.0,250,447,42,True,0.596,medio,572.0,medio,40-60,0,0,0,0
s02-r1-burst_trial-0.25,2,1,burst_trial-0.25,burst_trial,0.25,22,362.3360000000002,2,750,1,2.0,1,1,1,1.0,1,1,1,pérdida contigua en ensayo,True,1,0,1,1.0,0,0,0,0.0,250,328,45,True,0.43733333333333335,medio,453.0,medio,40-60,0,1,0,0
s02-r1-burst_trial-0.25,2,1,burst_trial-0.25,burst_trial,0.25,23,379.02800000000025,1,750,1,1.0,1,2,1,2.0,1,2,1,pérdida contigua en ensayo,True,1,0,1,1.0,0,0,0,0.0,250,631,47,True,0.8413333333333334,fin,756.0,fin,80-100,0,1,0,0
s02-r1-burst_trial-0.4,2,1,burst_trial-0.4,burst_trial,0.4,0,16.684000000000196,2,600,1,1.0,1,1,1,1.0,1,1,1,pérdida contigua en ensayo,True,0,0,0,0.0,0,0,0,0.0,400,412,2,True,0.6866666666666666,fin,612.0,medio,60-80,0,0,0,0
s02-r1-burst_trial-0.4,2,1,burst_trial-0.4,burst_trial,0.4,1,24.49200000000019,1,600,1,1.0,1,1,1,1.0,1,2,1,pérdida contigua en ensayo,True,1,1,0,0.0,1,0,1,1.0,400,419,3,True,0.6983333333333334,fin,619.0,medio,60-80,0,0,0,1
s02-r1-burst_trial-0.4,2,1,burst_trial-0.4,burst_trial,0.4,2,32.52400000000034,1,600,1,1.0,1,1,1,2.0,1,1,1,pérdida contigua en ensayo,True,1,1,0,0.0,0,1,1,1.0,400,71,4,True,0.11833333333333333,inicio,271.0,inicio,0-20,0,0,1,0
s02-r1-burst_trial-0.4,2,1,burst_trial-0.4,burst_trial,0.4,3,40.96799999999985,2,600,1,1.0,1,1,1,1.0,1,2,1,pérdida contigua en ensayo,True,0,0,0,0.0,0,1,1,1.0,400,349,5,True,0.5816666666666667,medio,549.0,medio,40-60,0,0,1,0
s02-r1-burst_trial-0.4,2,1,burst_trial-0.4,burst_trial,0.4,4,64.5600000000004,2,600,1,1.0,1,1,1,1.0,1,2,1,pérdida contigua en ensayo,True,0,0,0,0.0,0,1,1,1.0,400,308,8,True,0.5133333333333333,medio,508.0,medio,40-60,0,0,1,0
s02-r1-burst_trial-0.4,2,1,burst_trial-0.4,burst_trial,0.4,5,80.17600000000039,1,600,1,1.0,1,1,1,1.0,1,2,1,pérdida contigua en ensayo,True,1,1,0,0.0,1,0,1,1.0,400,375,10,True,0.625,medio,575.0,medio,60-80,0,0,0,1
s02-r1-burst_trial-0.4,2,1,burst_trial-0.4,burst_trial,0.4,6,87.75600000000031,1,600,1,1.0,1,1,1,1.0,1,1,1,pérdida contigua en ensayo,True,1,1,0,0.0,1,1,0,0.0,400,245,11,True,0.4083333333333333,medio,445.0,medio,40-60,0,0,0,0
s02-r1-burst_trial-0.4,2,1,burst_trial-0.4,burst_trial,0.4,7,95.64400000000025,1,600,1,1.0,1,1,1,1.0,1,1,1,pérdida contigua en ensayo,True,1,1,0,0.0,1,1,0,0.0,400,86,12,True,0.14333333333333334,inicio,286.0,inicio,0-20,0,0,0,0
s02-r1-burst_trial-0.4,2,1,burst_trial-0.4,burst_trial,0.4,8,111.28799999999956,2,600,1,1.0,1,1,1,2.0,1,2,1,pérdida contigua en ensayo,True,0,0,0,0.0,1,1,0,0.0,400,173,14,True,0.28833333333333333,inicio,373.0,medio,20-40,0,0,0,0
s02-r1-burst_trial-0.4,2,1,burst_trial-0.4,burst_trial,0.4,9,119.76800000000004,2,600,1,2.0,1,2,1,2.0,1,2,1,pérdida contigua en ensayo,True,1,1,0,0.0,1,1,0,0.0,400,209,15,True,0.34833333333333333,medio,409.0,medio,20-40,0,0,0,0
s02-r1-burst_trial-0.4,2,1,burst_trial-0.4,burst_trial,0.4,10,127.80000000000018,1,600,1,1.0,1,1,1,1.0,1,1,1,pérdida contigua en ensayo,True,1,1,0,0.0,1,1,0,0.0,400,527,16,True,0.8783333333333333,fin,727.0,fin,80-100,0,0,0,0
s02-r1-burst_trial-0.4,2,1,burst_trial-0.4,burst_trial,0.4,11,136.0640000000003,1,600,1,2.0,1,1,1,1.0,1,1,1,pérdida contigua en ensayo,True,0,1,1,1.0,1,1,0,0.0,400,92,17,True,0.15333333333333332,inicio,292.0,inicio,0-20,1,0,0,0
s02-r1-burst_trial-0.4,2,1,burst_trial-0.4,burst_trial,0.4,12,152.47199999999975,1,600,1,1.0,1,1,1,1.0,1,2,1,pérdida contigua en ensayo,True,1,1,0,0.0,1,0,1,1.0,400,549,19,True,0.915,fin,749.0,fin,80-100,0,0,0,1
s02-r1-burst_trial-0.4,2,1,burst_trial-0.4,burst_trial,0.4,13,160.7520000000004,2,600,1,2.0,1,2,1,2.0,1,1,1,pérdida contigua en ensayo,True,1,1,0,0.0,1,0,1,1.0,400,586,20,True,0.9766666666666667,fin,786.0,fin,80-100,0,0,0,1
s02-r1-burst_trial-0.4,2,1,burst_trial-0.4,burst_trial,0.4,14,192.65599999999995,1,600,1,1.0,1,1,1,1.0,1,1,1,pérdida contigua en ensayo,True,1,1,0,0.0,1,1,0,0.0,400,535,24,True,0.8916666666666667,fin,735.0,fin,80-100,0,0,0,0
s02-r1-burst_trial-0.4,2,1,burst_trial-0.4,burst_trial,0.4,15,216.9319999999998,2,600,1,1.0,1,2,1,1.0,1,2,1,pérdida contigua en ensayo,True,0,1,1,1.0,0,1,1,1.0,400,115,27,True,0.19166666666666668,inicio,315.0,inicio,0-20,1,0,1,0
s02-r1-burst_trial-0.4,2,1,burst_trial-0.4,burst_trial,0.4,16,241.22000000000023,2,600,1,2.0,1,2,1,2.0,1,2,1,pérdida contigua en ensayo,True,1,1,0,0.0,1,1,0,0.0,400,114,30,True,0.19,inicio,314.0,inicio,0-20,0,0,0,0
s02-r1-burst_trial-0.4,2,1,burst_trial-0.4,burst_trial,0.4,17,249.6480000000001,1,600,1,1.0,1,1,1,1.0,1,2,1,pérdida contigua en ensayo,True,1,1,0,0.0,1,0,1,1.0,400,71,31,True,0.11833333333333333,inicio,271.0,inicio,0-20,0,0,0,1
s02-r1-burst_trial-0.4,2,1,burst_trial-0.4,burst_trial,0.4,18,258.0159999999996,2,600,1,2.0,1,2,1,2.0,1,2,1,pérdida contigua en ensayo,True,1,1,0,0.0,1,1,0,0.0,400,369,32,True,0.615,medio,569.0,medio,60-80,0,0,0,0
s02-r1-burst_trial-0.4,2,1,burst_trial-0.4,burst_trial,0.4,19,306.6279999999997,1,600,1,1.0,1,2,1,1.0,1,2,1,pérdida contigua en ensayo,True,1,0,1,1.0,1,0,1,1.0,400,525,38,True,0.875,fin,725.0,fin,80-100,0,1,0,1
s02-r1-burst_trial-0.4,2,1,burst_trial-0.4,burst_trial,0.4,20,322.65200000000004,2,600,1,2.0,1,2,1,1.0,1,1,1,pérdida contigua en ensayo,True,1,1,0,0.0,0,0,0,0.0,400,107,40,True,0.17833333333333334,inicio,307.0,inicio,0-20,0,0,0,0
s02-r1-burst_trial-0.4,2,1,burst_trial-0.4,burst_trial,0.4,21,338.52400000000034,2,600,1,2.0,1,2,1,1.0,1,1,1,pérdida contigua en ensayo,True,1,1,0,0.0,0,0,0,0.0,400,84,42,True,0.14,inicio,284.0,inicio,0-20,0,0,0,0
s02-r1-burst_trial-0.4,2,1,burst_trial-0.4,burst_trial,0.4,22,362.3360000000002,2,600,1,2.0,1,1,1,1.0,1,1,1,pérdida contigua en ensayo,True,1,0,1,1.0,0,0,0,0.0,400,595,45,True,0.9916666666666667,fin,795.0,fin,80-100,0,1,0,0
s02-r1-burst_trial-0.4,2,1,burst_trial-0.4,burst_trial,0.4,23,379.02800000000025,1,600,1,2.0,1,2,1,1.0,1,2,1,pérdida contigua en ensayo,True,0,0,0,0.0,1,0,1,1.0,400,71,47,True,0.11833333333333333,inicio,271.0,inicio,0-20,0,0,0,1
s02-r2-burst_trial-0.1,2,2,burst_trial-0.1,burst_trial,0.1,0,1.0,1,900,1,1.0,1,1,1,2.0,1,2,1,pérdida contigua en ensayo,True,1,1,0,0.0,0,0,0,0.0,100,152,0,True,0.1688888888888889,inicio,202.0,inicio,0-20,0,0,0,0
s02-r2-burst_trial-0.1,2,2,burst_trial-0.1,burst_trial,0.1,1,9.012000000000626,1,900,1,1.0,1,1,1,2.0,1,2,1,pérdida contigua en ensayo,True,1,1,0,0.0,0,0,0,0.0,100,118,1,True,0.13111111111111112,inicio,168.0,inicio,0-20,0,0,0,0
s02-r2-burst_trial-0.1,2,2,burst_trial-0.1,burst_trial,0.1,2,24.49200000000019,2,900,1,1.0,1,1,1,1.0,1,1,1,pérdida contigua en ensayo,True,0,0,0,0.0,0,0,0,0.0,100,715,3,True,0.7944444444444444,fin,765.0,fin,60-80,0,0,0,0
s02-r2-burst_trial-0.1,2,2,burst_trial-0.1,burst_trial,0.1,3,32.52399999999943,1,900,1,1.0,1,1,1,2.0,1,2,1,pérdida contigua en ensayo,True,1,1,0,0.0,0,0,0,0.0,100,77,4,True,0.08555555555555555,inicio,127.0,inicio,0-20,0,0,0,0
s02-r2-burst_trial-0.1,2,2,burst_trial-0.1,burst_trial,0.1,4,48.63600000000042,1,900,1,1.0,1,1,1,2.0,1,2,1,pérdida contigua en ensayo,True,1,1,0,0.0,0,0,0,0.0,100,502,6,True,0.5577777777777778,medio,552.0,medio,40-60,0,0,0,0
s02-r2-burst_trial-0.1,2,2,burst_trial-0.1,burst_trial,0.1,5,64.55999999999949,2,900,1,1.0,1,1,1,1.0,1,1,1,pérdida contigua en ensayo,True,0,0,0,0.0,0,0,0,0.0,100,131,8,True,0.14555555555555555,inicio,181.0,inicio,0-20,0,0,0,0
s02-r2-burst_trial-0.1,2,2,burst_trial-0.1,burst_trial,0.1,6,80.17599999999948,1,900,1,1.0,1,1,1,1.0,1,1,1,pérdida contigua en ensayo,True,1,1,0,0.0,1,1,0,0.0,100,615,10,True,0.6833333333333333,fin,665.0,medio,60-80,0,0,0,0
s02-r2-burst_trial-0.1,2,2,burst_trial-0.1,burst_trial,0.1,7,103.42000000000009,1,900,1,1.0,1,1,1,1.0,1,1,1,pérdida contigua en ensayo,True,1,1,0,0.0,1,1,0,0.0,100,508,13,True,0.5644444444444444,medio,558.0,medio,40-60,0,0,0,0
s02-r2-burst_trial-0.1,2,2,burst_trial-0.1,burst_trial,0.1,8,119.76800000000004,2,900,1,1.0,1,1,1,1.0,1,1,1,pérdida contigua en ensayo,True,0,0,0,0.0,0,0,0,0.0,100,46,15,True,0.051111111111111114,inicio,96.0,inicio,0-20,0,0,0,0
s02-r2-burst_trial-0.1,2,2,burst_trial-0.1,burst_trial,0.1,9,160.7520000000004,1,900,1,1.0,1,1,1,1.0,1,1,1,pérdida contigua en ensayo,True,1,1,0,0.0,1,1,0,0.0,100,146,20,True,0.1622222222222222,inicio,196.0,inicio,0-20,0,0,0,0
s02-r2-burst_trial-0.1,2,2,burst_trial-0.1,burst_trial,0.1,10,176.71999999999937,2,900,1,1.0,1,1,1,2.0,1,1,1,pérdida contigua en ensayo,True,0,0,0,0.0,1,0,1,1.0,100,167,22,True,0.18555555555555556,inicio,217.0,inicio,0-20,0,0,0,1
s02-r2-burst_trial-0.1,2,2,burst_trial-0.1,burst_trial,0.1,11,192.6560000000009,2,900,1,1.0,1,1,1,1.0,1,1,1,pérdida contigua en ensayo,True,0,0,0,0.0,0,0,0,0.0,100,717,24,True,0.7966666666666666,fin,767.0,fin,60-80,0,0,0,0
s02-r2-burst_trial-0.1,2,2,burst_trial-0.1,burst_trial,0.1,12,200.5,1,900,1,1.0,1,1,1,1.0,1,1,1,pérdida contigua en ensayo,True,1,1,0,0.0,1,1,0,0.0,100,180,25,True,0.2,inicio,230.0,inicio,0-20,0,0,0,0
s02-r2-burst_trial-0.1,2,2,burst_trial-0.1,burst_trial,0.1,13,216.9320000000007,2,900,1,1.0,1,1,1,2.0,1,2,1,pérdida contigua en ensayo,True,0,0,0,0.0,1,1,0,0.0,100,793,27,True,0.8811111111111111,fin,843.0,fin,80-100,0,0,0,0
s02-r2-burst_trial-0.1,2,2,burst_trial-0.1,burst_trial,0.1,14,224.83200000000036,1,900,1,1.0,1,1,1,2.0,1,2,1,pérdida contigua en ensayo,True,1,1,0,0.0,0,0,0,0.0,100,13,28,True,0.014444444444444444,inicio,63.0,inicio,0-20,0,0,0,0
s02-r2-burst_trial-0.1,2,2,burst_trial-0.1,burst_trial,0.1,15,249.64799999999923,1,900,1,1.0,1,1,1,2.0,1,2,1,pérdida contigua en ensayo,True,1,1,0,0.0,0,0,0,0.0,100,423,31,True,0.47,medio,473.0,medio,40-60,0,0,0,0
s02-r2-burst_trial-0.1,2,2,burst_trial-0.1,burst_trial,0.1,16,282.8080000000009,2,900,1,2.0,1,2,1,1.0,1,2,1,pérdida contigua en ensayo,True,1,1,0,0.0,0,1,1,1.0,100,794,35,True,0.8822222222222222,fin,844.0,fin,80-100,0,0,1,0
s02-r2-burst_trial-0.1,2,2,burst_trial-0.1,burst_trial,0.1,17,290.88800000000083,1,900,1,2.0,1,2,1,1.0,1,1,1,pérdida contigua en ensayo,True,0,0,0,0.0,1,1,0,0.0,100,97,36,True,0.10777777777777778,inicio,147.0,inicio,0-20,0,0,0,0
s02-r2-burst_trial-0.1,2,2,burst_trial-0.1,burst_trial,0.1,18,298.77599999999984,2,900,1,1.0,1,1,1,2.0,1,1,1,pérdida contigua en ensayo,True,0,0,0,0.0,1,0,1,1.0,100,696,37,True,0.7733333333333333,fin,746.0,fin,60-80,0,0,0,1
s02-r2-burst_trial-0.1,2,2,burst_trial-0.1,burst_trial,0.1,19,314.3279999999995,2,900,1,2.0,1,1,1,1.0,1,1,1,pérdida contigua en ensayo,True,1,0,1,1.0,0,0,0,0.0,100,696,39,True,0.7733333333333333,fin,746.0,fin,60-80,0,1,0,0
s02-r2-burst_trial-0.1,2,2,burst_trial-0.1,burst_trial,0.1,20,338.52399999999943,2,900,1,2.0,1,1,1,1.0,1,1,1,pérdida contigua en ensayo,True,1,0,1,1.0,0,0,0,0.0,100,150,42,True,0.16666666666666666,inicio,200.0,inicio,0-20,0,1,0,0
s02-r2-burst_trial-0.1,2,2,burst_trial-0.1,burst_trial,0.1,21,347.0,2,900,1,1.0,1,2,1,2.0,1,2,1,pérdida contigua en ensayo,True,0,1,1,1.0,1,1,0,0.0,100,34,43,True,0.03777777777777778,inicio,84.0,inicio,0-20,1,0,0,0
s02-r2-burst_trial-0.1,2,2,burst_trial-0.1,burst_trial,0.1,22,354.6239999999998,2,900,1,1.0,1,1,1,2.0,1,2,1,pérdida contigua en ensayo,True,0,0,0,0.0,1,1,0,0.0,100,600,44,True,0.6666666666666666,medio,650.0,medio,60-80,0,0,0,0
s02-r2-burst_trial-0.1,2,2,burst_trial-0.1,burst_trial,0.1,23,379.02800000000025,1,900,1,2.0,1,2,1,1.0,1,1,1,pérdida contigua en ensayo,True,0,0,0,0.0,1,1,0,0.0,100,626,47,True,0.6955555555555556,fin,676.0,fin,60-80,0,0,0,0
s02-r2-burst_trial-0.25,2,2,burst_trial-0.25,burst_trial,0.25,0,1.0,1,750,1,1.0,1,1,1,1.0,1,2,1,pérdida contigua en ensayo,True,1,1,0,0.0,1,0,1,1.0,250,645,0,True,0.86,fin,770.0,fin,80-100,0,0,0,1
s02-r2-burst_trial-0.25,2,2,burst_trial-0.25,burst_trial,0.25,1,9.012000000000626,1,750,1,1.0,1,1,1,1.0,1,2,1,pérdida contigua en ensayo,True,1,1,0,0.0,1,0,1,1.0,250,489,1,True,0.652,medio,614.0,medio,60-80,0,0,0,1
s02-r2-burst_trial-0.25,2,2,burst_trial-0.25,burst_trial,0.25,2,24.49200000000019,2,750,1,1.0,1,1,1,1.0,1,1,1,pérdida contigua en ensayo,True,0,0,0,0.0,0,0,0,0.0,250,419,3,True,0.5586666666666666,medio,544.0,medio,40-60,0,0,0,0
s02-r2-burst_trial-0.25,2,2,burst_trial-0.25,burst_trial,0.25,3,32.52399999999943,1,750,1,1.0,1,1,1,2.0,1,2,1,pérdida contigua en ensayo,True,1,1,0,0.0,0,0,0,0.0,250,350,4,True,0.4666666666666667,medio,475.0,medio,40-60,0,0,0,0
s02-r2-burst_trial-0.25,2,2,burst_trial-0.25,burst_trial,0.25,4,48.63600000000042,1,750,1,1.0,1,1,1,2.0,1,2,1,pérdida contigua en ensayo,True,1,1,0,0.0,0,0,0,0.0,250,192,6,True,0.256,inicio,317.0,inicio,20-40,0,0,0,0
s02-r2-burst_trial-0.25,2,2,burst_trial-0.25,burst_trial,0.25,5,64.55999999999949,2,750,1,1.0,1,1,1,1.0,1,1,1,pérdida contigua en ensayo,True,0,0,0,0.0,0,0,0,0.0,250,721,8,True,0.9613333333333334,fin,846.0,fin,80-100,0,0,0,0
s02-r2-burst_trial-0.25,2,2,burst_trial-0.25,burst_trial,0.25,6,80.17599999999948,1,750,1,1.0,1,1,1,1.0,1,1,1,pérdida contigua en ensayo,True,1,1,0,0.0,1,1,0,0.0,250,264,10,True,0.352,medio,389.0,medio,20-40,0,0,0,0
s02-r2-burst_trial-0.25,2,2,burst_trial-0.25,burst_trial,0.25,7,103.42000000000009,1,750,1,1.0,1,1,1,1.0,1,1,1,pérdida contigua en ensayo,True,1,1,0,0.0,1,1,0,0.0,250,515,13,True,0.6866666666666666,fin,640.0,medio,60-80,0,0,0,0
s02-r2-burst_trial-0.25,2,2,burst_trial-0.25,burst_trial,0.25,8,119.76800000000004,2,750,1,1.0,1,1,1,1.0,1,1,1,pérdida contigua en ensayo,True,0,0,0,0.0,0,0,0,0.0,250,287,15,True,0.38266666666666665,medio,412.0,medio,20-40,0,0,0,0
s02-r2-burst_trial-0.25,2,2,burst_trial-0.25,burst_trial,0.25,9,160.7520000000004,1,750,1,1.0,1,1,1,1.0,1,1,1,pérdida contigua en ensayo,True,1,1,0,0.0,1,1,0,0.0,250,339,20,True,0.452,medio,464.0,medio,40-60,0,0,0,0
s02-r2-burst_trial-0.25,2,2,burst_trial-0.25,burst_trial,0.25,10,176.71999999999937,2,750,1,1.0,1,1,1,1.0,1,1,1,pérdida contigua en ensayo,True,0,0,0,0.0,0,0,0,0.0,250,556,22,True,0.7413333333333333,fin,681.0,fin,60-80,0,0,0,0
s02-r2-burst_trial-0.25,2,2,burst_trial-0.25,burst_trial,0.25,11,192.6560000000009,2,750,1,1.0,1,1,1,1.0,1,1,1,pérdida contigua en ensayo,True,0,0,0,0.0,0,0,0,0.0,250,141,24,True,0.188,inicio,266.0,inicio,0-20,0,0,0,0
s02-r2-burst_trial-0.25,2,2,burst_trial-0.25,burst_trial,0.25,12,200.5,1,750,1,1.0,1,1,1,1.0,1,1,1,pérdida contigua en ensayo,True,1,1,0,0.0,1,1,0,0.0,250,281,25,True,0.37466666666666665,medio,406.0,medio,20-40,0,0,0,0
s02-r2-burst_trial-0.25,2,2,burst_trial-0.25,burst_trial,0.25,13,216.9320000000007,2,750,1,1.0,1,1,1,2.0,1,2,1,pérdida contigua en ensayo,True,0,0,0,0.0,1,1,0,0.0,250,234,27,True,0.312,inicio,359.0,medio,20-40,0,0,0,0
s02-r2-burst_trial-0.25,2,2,burst_trial-0.25,burst_trial,0.25,14,224.83200000000036,1,750,1,1.0,1,1,1,2.0,1,2,1,pérdida contigua en ensayo,True,1,1,0,0.0,0,0,0,0.0,250,638,28,True,0.8506666666666667,fin,763.0,fin,80-100,0,0,0,0
s02-r2-burst_trial-0.25,2,2,burst_trial-0.25,burst_trial,0.25,15,249.64799999999923,1,750,1,1.0,1,1,1,2.0,1,2,1,pérdida contigua en ensayo,True,1,1,0,0.0,0,0,0,0.0,250,514,31,True,0.6853333333333333,fin,639.0,medio,60-80,0,0,0,0
s02-r2-burst_trial-0.25,2,2,burst_trial-0.25,burst_trial,0.25,16,282.8080000000009,2,750,1,2.0,1,2,1,1.0,1,2,1,pérdida contigua en ensayo,True,1,1,0,0.0,0,1,1,1.0,250,446,35,True,0.5946666666666667,medio,571.0,medio,40-60,0,0,1,0
s02-r2-burst_trial-0.25,2,2,burst_trial-0.25,burst_trial,0.25,17,290.88800000000083,1,750,1,1.0,1,2,1,1.0,1,1,1,pérdida contigua en ensayo,True,1,0,1,1.0,1,1,0,0.0,250,271,36,True,0.36133333333333334,medio,396.0,medio,20-40,0,1,0,0
s02-r2-burst_trial-0.25,2,2,burst_trial-0.25,burst_trial,0.25,18,298.77599999999984,2,750,1,1.0,1,1,1,2.0,1,1,1,pérdida contigua en ensayo,True,0,0,0,0.0,1,0,1,1.0,250,65,37,True,0.08666666666666667,inicio,190.0,inicio,0-20,0,0,0,1
s02-r2-burst_trial-0.25,2,2,burst_trial-0.25,burst_trial,0.25,19,314.3279999999995,2,750,1,2.0,1,1,1,1.0,1,1,1,pérdida contigua en ensayo,True,1,0,1,1.0,0,0,0,0.0,250,378,39,True,0.504,medio,503.0,medio,40-60,0,1,0,0
s02-r2-burst_trial-0.25,2,2,burst_trial-0.25,burst_trial,0.25,20,338.52399999999943,2,750,1,1.0,1,1,1,1.0,1,1,1,pérdida contigua en ensayo,True,0,0,0,0.0,0,0,0,0.0,250,683,42,True,0.9106666666666666,fin,808.0,fin,80-100,0,0,0,0
s02-r2-burst_trial-0.25,2,2,burst_trial-0.25,burst_trial,0.25,21,347.0,2,750,1,2.0,1,2,1,2.0,1,2,1,pérdida contigua en ensayo,True,1,1,0,0.0,1,1,0,0.0,250,736,43,True,0.9813333333333333,fin,861.0,fin,80-100,0,0,0,0
s02-r2-burst_trial-0.25,2,2,burst_trial-0.25,burst_trial,0.25,22,354.6239999999998,2,750,1,1.0,1,1,1,2.0,1,2,1,pérdida contigua en ensayo,True,0,0,0,0.0,1,1,0,0.0,250,716,44,True,0.9546666666666667,fin,841.0,fin,80-100,0,0,0,0
s02-r2-burst_trial-0.25,2,2,burst_trial-0.25,burst_trial,0.25,23,379.02800000000025,1,750,1,2.0,1,2,1,2.0,1,1,1,pérdida contigua en ensayo,True,0,0,0,0.0,0,1,1,1.0,250,8,47,True,0.010666666666666666,inicio,133.0,inicio,0-20,0,0,1,0
s02-r2-burst_trial-0.4,2,2,burst_trial-0.4,burst_trial,0.4,0,1.0,1,600,1,1.0,1,1,1,2.0,1,2,1,pérdida contigua en ensayo,True,1,1,0,0.0,0,0,0,0.0,400,66,0,True,0.11,inicio,266.0,inicio,0-20,0,0,0,0
s02-r2-burst_trial-0.4,2,2,burst_trial-0.4,burst_trial,0.4,1,9.012000000000626,1,600,1,1.0,1,1,1,1.0,1,2,1,pérdida contigua en ensayo,True,1,1,0,0.0,1,0,1,1.0,400,217,1,True,0.3616666666666667,medio,417.0,medio,20-40,0,0,0,1
s02-r2-burst_trial-0.4,2,2,burst_trial-0.4,burst_trial,0.4,2,24.49200000000019,2,600,1,1.0,1,1,1,1.0,1,1,1,pérdida contigua en ensayo,True,0,0,0,0.0,0,0,0,0.0,400,513,3,True,0.855,fin,713.0,fin,80-100,0,0,0,0
s02-r2-burst_trial-0.4,2,2,burst_trial-0.4,burst_trial,0.4,3,32.52399999999943,1,600,1,1.0,1,1,1,2.0,1,2,1,pérdida contigua en ensayo,True,1,1,0,0.0,0,0,0,0.0,400,231,4,True,0.385,medio,431.0,medio,20-40,0,0,0,0
s02-r2-burst_trial-0.4,2,2,burst_trial-0.4,burst_trial,0.4,4,48.63600000000042,1,600,1,1.0,1,1,1,2.0,1,2,1,pérdida contigua en ensayo,True,1,1,0,0.0,0,0,0,0.0,400,192,6,True,0.32,inicio,392.0,medio,20-40,0,0,0,0
s02-r2-burst_trial-0.4,2,2,burst_trial-0.4,burst_trial,0.4,5,64.55999999999949,2,600,1,1.0,1,1,1,1.0,1,1,1,pérdida contigua en ensayo,True,0,0,0,0.0,0,0,0,0.0,400,101,8,True,0.16833333333333333,inicio,301.0,inicio,0-20,0,0,0,0
s02-r2-burst_trial-0.4,2,2,burst_trial-0.4,burst_trial,0.4,6,80.17599999999948,1,600,1,1.0,1,1,1,1.0,1,1,1,pérdida contigua en ensayo,True,1,1,0,0.0,1,1,0,0.0,400,276,10,True,0.46,medio,476.0,medio,40-60,0,0,0,0
s02-r2-burst_trial-0.4,2,2,burst_trial-0.4,burst_trial,0.4,7,103.42000000000009,1,600,1,1.0,1,1,1,1.0,1,1,1,pérdida contigua en ensayo,True,1,1,0,0.0,1,1,0,0.0,400,154,13,True,0.25666666666666665,inicio,354.0,medio,20-40,0,0,0,0
s02-r2-burst_trial-0.4,2,2,burst_trial-0.4,burst_trial,0.4,8,119.76800000000004,2,600,1,1.0,1,1,1,2.0,1,1,1,pérdida contigua en ensayo,True,0,0,0,0.0,1,0,1,1.0,400,380,15,True,0.6333333333333333,medio,580.0,medio,60-80,0,0,0,1
s02-r2-burst_trial-0.4,2,2,burst_trial-0.4,burst_trial,0.4,9,160.7520000000004,1,600,1,1.0,1,1,1,1.0,1,1,1,pérdida contigua en ensayo,True,1,1,0,0.0,1,1,0,0.0,400,343,20,True,0.5716666666666667,medio,543.0,medio,40-60,0,0,0,0
s02-r2-burst_trial-0.4,2,2,burst_trial-0.4,burst_trial,0.4,10,176.71999999999937,2,600,1,2.0,1,1,1,1.0,1,1,1,pérdida contigua en ensayo,True,1,0,1,1.0,0,0,0,0.0,400,89,22,True,0.14833333333333334,inicio,289.0,inicio,0-20,0,1,0,0
s02-r2-burst_trial-0.4,2,2,burst_trial-0.4,burst_trial,0.4,11,192.6560000000009,2,600,1,1.0,1,1,1,1.0,1,1,1,pérdida contigua en ensayo,True,0,0,0,0.0,0,0,0,0.0,400,572,24,True,0.9533333333333334,fin,772.0,fin,80-100,0,0,0,0
s02-r2-burst_trial-0.4,2,2,burst_trial-0.4,burst_trial,0.4,12,200.5,1,600,1,1.0,1,1,1,1.0,1,1,1,pérdida contigua en ensayo,True,1,1,0,0.0,1,1,0,0.0,400,497,25,True,0.8283333333333334,fin,697.0,fin,80-100,0,0,0,0
s02-r2-burst_trial-0.4,2,2,burst_trial-0.4,burst_trial,0.4,13,216.9320000000007,2,600,1,1.0,1,1,1,2.0,1,2,1,pérdida contigua en ensayo,True,0,0,0,0.0,1,1,0,0.0,400,175,27,True,0.2916666666666667,inicio,375.0,medio,20-40,0,0,0,0
s02-r2-burst_trial-0.4,2,2,burst_trial-0.4,burst_trial,0.4,14,224.83200000000036,1,600,1,2.0,1,1,1,2.0,1,2,1,pérdida contigua en ensayo,True,0,1,1,1.0,0,0,0,0.0,400,372,28,True,0.62,medio,572.0,medio,60-80,1,0,0,0
s02-r2-burst_trial-0.4,2,2,burst_trial-0.4,burst_trial,0.4,15,249.64799999999923,1,600,1,1.0,1,1,1,2.0,1,2,1,pérdida contigua en ensayo,True,1,1,0,0.0,0,0,0,0.0,400,22,31,True,0.03666666666666667,inicio,222.0,inicio,0-20,0,0,0,0
s02-r2-burst_trial-0.4,2,2,burst_trial-0.4,burst_trial,0.4,16,282.8079999999991,2,600,1,2.0,1,2,1,2.0,1,2,1,pérdida contigua en ensayo,True,1,1,0,0.0,1,1,0,0.0,400,217,35,True,0.3616666666666667,medio,417.0,medio,20-40,0,0,0,0
s02-r2-burst_trial-0.4,2,2,burst_trial-0.4,burst_trial,0.4,17,290.88800000000083,1,600,1,1.0,1,2,1,2.0,1,1,1,pérdida contigua en ensayo,True,1,0,1,1.0,0,1,1,1.0,400,32,36,True,0.05333333333333334,inicio,232.0,inicio,0-20,0,1,1,0
s02-r2-burst_trial-0.4,2,2,burst_trial-0.4,burst_trial,0.4,18,298.77599999999984,2,600,1,2.0,1,1,1,1.0,1,1,1,pérdida contigua en ensayo,True,1,0,1,1.0,0,0,0,0.0,400,298,37,True,0.49666666666666665,medio,498.0,medio,40-60,0,1,0,0
s02-r2-burst_trial-0.4,2,2,burst_trial-0.4,burst_trial,0.4,19,314.3279999999995,2,600,1,2.0,1,1,1,1.0,1,1,1,pérdida contigua en ensayo,True,1,0,1,1.0,0,0,0,0.0,400,293,39,True,0.48833333333333334,medio,493.0,medio,40-60,0,1,0,0
s02-r2-burst_trial-0.4,2,2,burst_trial-0.4,burst_trial,0.4,20,338.52399999999943,2,600,1,1.0,1,1,1,2.0,1,1,1,pérdida contigua en ensayo,True,0,0,0,0.0,1,0,1,1.0,400,25,42,True,0.041666666666666664,inicio,225.0,inicio,0-20,0,0,0,1
s02-r2-burst_trial-0.4,2,2,burst_trial-0.4,burst_trial,0.4,21,347.0,2,600,1,2.0,1,2,1,2.0,1,2,1,pérdida contigua en ensayo,True,1,1,0,0.0,1,1,0,0.0,400,591,43,True,0.985,fin,791.0,fin,80-100,0,0,0,0
s02-r2-burst_trial-0.4,2,2,burst_trial-0.4,burst_trial,0.4,22,354.6239999999998,2,600,1,1.0,1,1,1,2.0,1,2,1,pérdida contigua en ensayo,True,0,0,0,0.0,1,1,0,0.0,400,43,44,True,0.07166666666666667,inicio,243.0,inicio,0-20,0,0,0,0
s02-r2-burst_trial-0.4,2,2,burst_trial-0.4,burst_trial,0.4,23,379.02800000000025,1,600,1,2.0,1,2,1,1.0,1,1,1,pérdida contigua en ensayo,True,0,0,0,0.0,1,1,0,0.0,400,295,47,True,0.49166666666666664,medio,495.0,medio,40-60,0,0,0,0
s02-r3-burst_trial-0.1,2,3,burst_trial-0.1,burst_trial,0.1,0,1.0,2,900,1,1.0,1,1,1,2.0,1,2,1,pérdida contigua en ensayo,True,0,0,0,0.0,1,1,0,0.0,100,684,0,True,0.76,fin,734.0,fin,60-80,0,0,0,0
s02-r3-burst_trial-0.1,2,3,burst_trial-0.1,burst_trial,0.1,1,16.684000000001106,1,900,1,1.0,1,1,1,2.0,1,2,1,pérdida contigua en ensayo,True,1,1,0,0.0,0,0,0,0.0,100,480,2,True,0.5333333333333333,medio,530.0,medio,40-60,0,0,0,0
s02-r3-burst_trial-0.1,2,3,burst_trial-0.1,burst_trial,0.1,2,48.6359999999986,1,900,1,1.0,1,1,1,2.0,1,2,1,pérdida contigua en ensayo,True,1,1,0,0.0,0,0,0,0.0,100,838,6,True,0.9311111111111111,fin,888.0,fin,80-100,0,0,0,0
s02-r3-burst_trial-0.1,2,3,burst_trial-0.1,burst_trial,0.1,3,56.83599999999933,1,900,1,2.0,1,2,1,1.0,1,1,1,pérdida contigua en ensayo,True,0,0,0,0.0,1,1,0,0.0,100,517,7,True,0.5744444444444444,medio,567.0,medio,40-60,0,0,0,0
s02-r3-burst_trial-0.1,2,3,burst_trial-0.1,burst_trial,0.1,4,72.55199999999968,2,900,1,1.0,1,1,1,1.0,1,1,1,pérdida contigua en ensayo,True,0,0,0,0.0,0,0,0,0.0,100,632,9,True,0.7022222222222222,fin,682.0,fin,60-80,0,0,0,0
s02-r3-burst_trial-0.1,2,3,burst_trial-0.1,burst_trial,0.1,5,103.41999999999824,2,900,1,2.0,1,2,1,1.0,1,1,1,pérdida contigua en ensayo,True,1,1,0,0.0,0,0,0,0.0,100,478,13,True,0.5311111111111111,medio,528.0,medio,40-60,0,0,0,0
s02-r3-burst_trial-0.1,2,3,burst_trial-0.1,burst_trial,0.1,6,111.28800000000048,1,900,1,2.0,1,2,1,2.0,1,1,1,pérdida contigua en ensayo,True,0,0,0,0.0,0,1,1,1.0,100,84,14,True,0.09333333333333334,inicio,134.0,inicio,0-20,0,0,1,0
s02-r3-burst_trial-0.1,2,3,burst_trial-0.1,burst_trial,0.1,7,127.79999999999929,2,900,1,1.0,1,1,1,1.0,1,1,1,pérdida contigua en ensayo,True,0,0,0,0.0,0,0,0,0.0,100,505,16,True,0.5611111111111111,medio,555.0,medio,40-60,0,0,0,0
s02-r3-burst_trial-0.1,2,3,burst_trial-0.1,burst_trial,0.1,8,144.20799999999872,1,900,1,1.0,1,2,1,2.0,1,2,1,pérdida contigua en ensayo,True,1,0,1,1.0,0,0,0,0.0,100,478,18,True,0.5311111111111111,medio,528.0,medio,40-60,0,1,0,0
s02-r3-burst_trial-0.1,2,3,burst_trial-0.1,burst_trial,0.1,9,169.07200000000012,2,900,1,2.0,1,2,1,2.0,1,2,1,pérdida contigua en ensayo,True,1,1,0,0.0,1,1,0,0.0,100,233,21,True,0.2588888888888889,inicio,283.0,inicio,20-40,0,0,0,0
s02-r3-burst_trial-0.1,2,3,burst_trial-0.1,burst_trial,0.1,10,192.65599999999904,1,900,1,2.0,1,1,1,2.0,1,2,1,pérdida contigua en ensayo,True,0,1,1,1.0,0,0,0,0.0,100,788,24,True,0.8755555555555555,fin,838.0,fin,80-100,1,0,0,0
s02-r3-burst_trial-0.1,2,3,burst_trial-0.1,burst_trial,0.1,11,200.5,2,900,1,2.0,1,2,1,1.0,1,1,1,pérdida contigua en ensayo,True,1,1,0,0.0,0,0,0,0.0,100,734,25,True,0.8155555555555556,fin,784.0,fin,80-100,0,0,0,0
s02-r3-burst_trial-0.1,2,3,burst_trial-0.1,burst_trial,0.1,12,208.91600000000108,2,900,1,2.0,1,2,1,2.0,1,2,1,pérdida contigua en ensayo,True,1,1,0,0.0,1,1,0,0.0,100,742,26,True,0.8244444444444444,fin,792.0,fin,80-100,0,0,0,0
s02-r3-burst_trial-0.1,2,3,burst_trial-0.1,burst_trial,0.1,13,232.9360000000015,2,900,1,2.0,1,2,1,2.0,1,2,1,pérdida contigua en ensayo,True,1,1,0,0.0,1,1,0,0.0,100,714,29,True,0.7933333333333333,fin,764.0,fin,60-80,0,0,0,0
s02-r3-burst_trial-0.1,2,3,burst_trial-0.1,burst_trial,0.1,14,241.2200000000012,1,900,1,1.0,1,1,1,2.0,1,2,1,pérdida contigua en ensayo,True,1,1,0,0.0,0,0,0,0.0,100,863,30,True,0.9588888888888889,fin,913.0,fin,80-100,0,0,0,0
s02-r3-burst_trial-0.1,2,3,burst_trial-0.1,burst_trial,0.1,15,249.64800000000105,1,900,1,2.0,1,1,1,2.0,1,1,1,pérdida contigua en ensayo,True,0,1,1,1.0,0,1,1,1.0,100,428,31,True,0.47555555555555556,medio,478.0,medio,40-60,1,0,1,0
s02-r3-burst_trial-0.1,2,3,burst_trial-0.1,burst_trial,0.1,16,266.380000000001,2,900,1,2.0,1,2,1,2.0,1,2,1,pérdida contigua en ensayo,True,1,1,0,0.0,1,1,0,0.0,100,614,33,True,0.6822222222222222,fin,664.0,medio,60-80,0,0,0,0
s02-r3-burst_trial-0.1,2,3,burst_trial-0.1,burst_trial,0.1,17,274.5519999999997,1,900,1,2.0,1,2,1,2.0,1,2,1,pérdida contigua en ensayo,True,0,0,0,0.0,0,0,0,0.0,100,3,34,True,0.0033333333333333335,inicio,53.0,inicio,0-20,0,0,0,0
s02-r3-burst_trial-0.1,2,3,burst_trial-0.1,burst_trial,0.1,18,290.887999999999,2,900,1,2.0,1,2,1,1.0,1,1,1,pérdida contigua en ensayo,True,1,1,0,0.0,0,0,0,0.0,100,169,36,True,0.18777777777777777,inicio,219.0,inicio,0-20,0,0,0,0
s02-r3-burst_trial-0.1,2,3,burst_trial-0.1,burst_trial,0.1,19,298.77600000000166,2,900,1,2.0,1,2,1,1.0,1,1,1,pérdida contigua en ensayo,True,1,1,0,0.0,0,0,0,0.0,100,296,37,True,0.3288888888888889,inicio,346.0,medio,20-40,0,0,0,0
s02-r3-burst_trial-0.1,2,3,burst_trial-0.1,burst_trial,0.1,20,314.32800000000134,1,900,1,1.0,1,1,1,2.0,1,2,1,pérdida contigua en ensayo,True,1,1,0,0.0,0,0,0,0.0,100,567,39,True,0.63,medio,617.0,medio,60-80,0,0,0,0
s02-r3-burst_trial-0.1,2,3,burst_trial-0.1,burst_trial,0.1,21,362.3359999999993,1,900,1,1.0,1,2,1,2.0,1,2,1,pérdida contigua en ensayo,True,1,0,1,1.0,0,0,0,0.0,100,57,45,True,0.06333333333333334,inicio,107.0,inicio,0-20,0,1,0,0
s02-r3-burst_trial-0.1,2,3,burst_trial-0.1,burst_trial,0.1,22,370.7920000000013,2,900,1,2.0,1,1,1,1.0,1,2,1,pérdida contigua en ensayo,True,1,0,1,1.0,0,1,1,1.0,100,393,46,True,0.43666666666666665,medio,443.0,medio,40-60,0,1,1,0
s02-r3-burst_trial-0.1,2,3,burst_trial-0.1,burst_trial,0.1,23,379.0279999999984,1,900,1,1.0,1,1,1,1.0,1,1,1,pérdida contigua en ensayo,True,1,1,0,0.0,1,1,0,0.0,100,34,47,True,0.03777777777777778,inicio,84.0,inicio,0-20,0,0,0,0
s02-r3-burst_trial-0.25,2,3,burst_trial-0.25,burst_trial,0.25,0,1.0,2,750,1,1.0,1,1,1,2.0,1,2,1,pérdida contigua en ensayo,True,0,0,0,0.0,1,1,0,0.0,250,46,0,True,0.06133333333333333,inicio,171.0,inicio,0-20,0,0,0,0
s02-r3-burst_trial-0.25,2,3,burst_trial-0.25,burst_trial,0.25,1,16.684000000001106,1,750,1,1.0,1,1,1,2.0,1,2,1,pérdida contigua en ensayo,True,1,1,0,0.0,0,0,0,0.0,250,482,2,True,0.6426666666666667,medio,607.0,medio,60-80,0,0,0,0
s02-r3-burst_trial-0.25,2,3,burst_trial-0.25,burst_trial,0.25,2,48.6359999999986,1,750,1,1.0,1,1,1,2.0,1,2,1,pérdida contigua en ensayo,True,1,1,0,0.0,0,0,0,0.0,250,1,6,True,0.0013333333333333333,inicio,126.0,inicio,0-20,0,0,0,0
s02-r3-burst_trial-0.25,2,3,burst_trial-0.25,burst_trial,0.25,3,56.83599999999933,1,750,1,2.0,1,2,1,1.0,1,1,1,pérdida contigua en ensayo,True,0,0,0,0.0,1,1,0,0.0,250,173,7,True,0.23066666666666666,inicio,298.0,inicio,20-40,0,0,0,0
s02-r3-burst_trial-0.25,2,3,burst_trial-0.25,burst_trial,0.25,4,72.55199999999968,2,750,1,2.0,1,1,1,1.0,1,1,1,pérdida contigua en ensayo,True,1,0,1,1.0,0,0,0,0.0,250,739,9,True,0.9853333333333333,fin,864.0,fin,80-100,0,1,0,0
s02-r3-burst_trial-0.25,2,3,burst_trial-0.25,burst_trial,0.25,5,103.41999999999824,2,750,1,2.0,1,2,1,2.0,1,1,1,pérdida contigua en ensayo,True,1,1,0,0.0,1,0,1,1.0,250,257,13,True,0.3426666666666667,medio,382.0,medio,20-40,0,0,0,1
s02-r3-burst_trial-0.25,2,3,burst_trial-0.25,burst_trial,0.25,6,111.28800000000048,1,750,1,2.0,1,2,1,1.0,1,1,1,pérdida contigua en ensayo,True,0,0,0,0.0,1,1,0,0.0,250,324,14,True,0.432,medio,449.0,medio,40-60,0,0,0,0
s02-r3-burst_trial-0.25,2,3,burst_trial-0.25,burst_trial,0.25,7,127.79999999999929,2,750,1,1.0,1,1,1,1.0,1,1,1,pérdida contigua en ensayo,True,0,0,0,0.0,0,0,0,0.0,250,258,16,True,0.344,medio,383.0,medio,20-40,0,0,0,0
s02-r3-burst_trial-0.25,2,3,burst_trial-0.25,burst_trial,0.25,8,144.20799999999872,1,750,1,2.0,1,2,1,2.0,1,2,1,pérdida contigua en ensayo,True,0,0,0,0.0,0,0,0,0.0,250,668,18,True,0.8906666666666667,fin,793.0,fin,80-100,0,0,0,0
s02-r3-burst_trial-0.25,2,3,burst_trial-0.25,burst_trial,0.25,9,169.07200000000012,2,750,1,2.0,1,2,1,1.0,1,2,1,pérdida contigua en ensayo,True,1,1,0,0.0,0,1,1,1.0,250,286,21,True,0.38133333333333336,medio,411.0,medio,20-40,0,0,1,0
s02-r3-burst_trial-0.25,2,3,burst_trial-0.25,burst_trial,0.25,10,192.65599999999904,1,750,1,1.0,1,1,1,2.0,1,2,1,pérdida contigua en ensayo,True,1,1,0,0.0,0,0,0,0.0,250,197,24,True,0.26266666666666666,inicio,322.0,inicio,20-40,0,0,0,0
s02-r3-burst_trial-0.25,2,3,burst_trial-0.25,burst_trial,0.25,11,200.5,2,750,1,2.0,1,2,1,1.0,1,1,1,pérdida contigua en ensayo,True,1,1,0,0.0,0,0,0,0.0,250,31,25,True,0.04133333333333333,inicio,156.0,inicio,0-20,0,0,0,0
s02-r3-burst_trial-0.25,2,3,burst_trial-0.25,burst_trial,0.25,12,208.91600000000108,2,750,1,2.0,1,2,1,2.0,1,2,1,pérdida contigua en ensayo,True,1,1,0,0.0,1,1,0,0.0,250,508,26,True,0.6773333333333333,fin,633.0,medio,60-80,0,0,0,0
s02-r3-burst_trial-0.25,2,3,burst_trial-0.25,burst_trial,0.25,13,232.9360000000015,2,750,1,2.0,1,2,1,2.0,1,2,1,pérdida contigua en ensayo,True,1,1,0,0.0,1,1,0,0.0,250,366,29,True,0.488,medio,491.0,medio,40-60,0,0,0,0
s02-r3-burst_trial-0.25,2,3,burst_trial-0.25,burst_trial,0.25,14,241.2200000000012,1,750,1,2.0,1,1,1,2.0,1,2,1,pérdida contigua en ensayo,True,0,1,1,1.0,0,0,0,0.0,250,390,30,True,0.52,medio,515.0,medio,40-60,1,0,0,0
s02-r3-burst_trial-0.25,2,3,burst_trial-0.25,burst_trial,0.25,15,249.64800000000105,1,750,1,1.0,1,1,1,1.0,1,1,1,pérdida contigua en ensayo,True,1,1,0,0.0,1,1,0,0.0,250,3,31,True,0.004,inicio,128.0,inicio,0-20,0,0,0,0
s02-r3-burst_trial-0.25,2,3,burst_trial-0.25,burst_trial,0.25,16,266.380000000001,2,750,1,2.0,1,2,1,2.0,1,2,1,pérdida contigua en ensayo,True,1,1,0,0.0,1,1,0,0.0,250,217,33,True,0.28933333333333333,inicio,342.0,medio,20-40,0,0,0,0
s02-r3-burst_trial-0.25,2,3,burst_trial-0.25,burst_trial,0.25,17,274.5519999999997,1,750,1,2.0,1,2,1,2.0,1,2,1,pérdida contigua en ensayo,True,0,0,0,0.0,0,0,0,0.0,250,391,34,True,0.5213333333333333,medio,516.0,medio,40-60,0,0,0,0
s02-r3-burst_trial-0.25,2,3,burst_trial-0.25,burst_trial,0.25,18,290.887999999999,2,750,1,1.0,1,2,1,1.0,1,1,1,pérdida contigua en ensayo,True,0,1,1,1.0,0,0,0,0.0,250,643,36,True,0.8573333333333333,fin,768.0,fin,80-100,1,0,0,0
s02-r3-burst_trial-0.25,2,3,burst_trial-0.25,burst_trial,0.25,19,298.77600000000166,2,750,1,2.0,1,2,1,1.0,1,1,1,pérdida contigua en ensayo,True,1,1,0,0.0,0,0,0,0.0,250,486,37,True,0.648,medio,611.0,medio,60-80,0,0,0,0
s02-r3-burst_trial-0.25,2,3,burst_trial-0.25,burst_trial,0.25,20,314.32800000000134,1,750,1,1.0,1,1,1,1.0,1,2,1,pérdida contigua en ensayo,True,1,1,0,0.0,1,0,1,1.0,250,725,39,True,0.9666666666666667,fin,850.0,fin,80-100,0,0,0,1
s02-r3-burst_trial-0.25,2,3,burst_trial-0.25,burst_trial,0.25,21,362.3359999999993,1,750,1,2.0,1,2,1,2.0,1,2,1,pérdida contigua en ensayo,True,0,0,0,0.0,0,0,0,0.0,250,723,45,True,0.964,fin,848.0,fin,80-100,0,0,0,0
s02-r3-burst_trial-0.25,2,3,burst_trial-0.25,burst_trial,0.25,22,370.7920000000013,2,750,1,2.0,1,1,1,1.0,1,2,1,pérdida contigua en ensayo,True,1,0,1,1.0,0,1,1,1.0,250,339,46,True,0.452,medio,464.0,medio,40-60,0,1,1,0
s02-r3-burst_trial-0.25,2,3,burst_trial-0.25,burst_trial,0.25,23,379.0279999999984,1,750,1,2.0,1,1,1,1.0,1,1,1,pérdida contigua en ensayo,True,0,1,1,1.0,1,1,0,0.0,250,720,47,True,0.96,fin,845.0,fin,80-100,1,0,0,0
s02-r3-burst_trial-0.4,2,3,burst_trial-0.4,burst_trial,0.4,0,1.0,2,600,1,1.0,1,1,1,2.0,1,2,1,pérdida contigua en ensayo,True,0,0,0,0.0,1,1,0,0.0,400,83,0,True,0.13833333333333334,inicio,283.0,inicio,0-20,0,0,0,0
s02-r3-burst_trial-0.4,2,3,burst_trial-0.4,burst_trial,0.4,1,16.684000000001106,1,600,1,1.0,1,1,1,2.0,1,2,1,pérdida contigua en ensayo,True,1,1,0,0.0,0,0,0,0.0,400,41,2,True,0.06833333333333333,inicio,241.0,inicio,0-20,0,0,0,0
s02-r3-burst_trial-0.4,2,3,burst_trial-0.4,burst_trial,0.4,2,48.6359999999986,1,600,1,2.0,1,1,1,1.0,1,2,1,pérdida contigua en ensayo,True,0,1,1,1.0,1,0,1,1.0,400,553,6,True,0.9216666666666666,fin,753.0,fin,80-100,1,0,0,1
s02-r3-burst_trial-0.4,2,3,burst_trial-0.4,burst_trial,0.4,3,56.83599999999933,1,600,1,2.0,1,2,1,1.0,1,1,1,pérdida contigua en ensayo,True,0,0,0,0.0,1,1,0,0.0,400,510,7,True,0.85,fin,710.0,fin,80-100,0,0,0,0
s02-r3-burst_trial-0.4,2,3,burst_trial-0.4,burst_trial,0.4,4,72.55199999999968,2,600,1,2.0,1,1,1,1.0,1,1,1,pérdida contigua en ensayo,True,1,0,1,1.0,0,0,0,0.0,400,435,9,True,0.725,fin,635.0,medio,60-80,0,1,0,0
s02-r3-burst_trial-0.4,2,3,burst_trial-0.4,burst_trial,0.4,5,103.41999999999824,2,600,1,2.0,1,2,1,2.0,1,1,1,pérdida contigua en ensayo,True,1,1,0,0.0,1,0,1,1.0,400,170,13,True,0.2833333333333333,inicio,370.0,medio,20-40,0,0,0,1
s02-r3-burst_trial-0.4,2,3,burst_trial-0.4,burst_trial,0.4,6,111.28800000000048,1,600,1,2.0,1,2,1,1.0,1,1,1,pérdida contigua en ensayo,True,0,0,0,0.0,1,1,0,0.0,400,453,14,True,0.755,fin,653.0,medio,60-80,0,0,0,0
s02-r3-burst_trial-0.4,2,3,burst_trial-0.4,burst_trial,0.4,7,127.79999999999929,2,600,1,1.0,1,1,1,1.0,1,1,1,pérdida contigua en ensayo,True,0,0,0,0.0,0,0,0,0.0,400,352,16,True,0.5866666666666667,medio,552.0,medio,40-60,0,0,0,0
s02-r3-burst_trial-0.4,2,3,burst_trial-0.4,burst_trial,0.4,8,144.20799999999872,1,600,1,2.0,1,2,1,2.0,1,2,1,pérdida contigua en ensayo,True,0,0,0,0.0,0,0,0,0.0,400,107,18,True,0.17833333333333334,inicio,307.0,inicio,0-20,0,0,0,0
s02-r3-burst_trial-0.4,2,3,burst_trial-0.4,burst_trial,0.4,9,169.07200000000012,2,600,1,2.0,1,2,1,1.0,1,2,1,pérdida contigua en ensayo,True,1,1,0,0.0,0,1,1,1.0,400,240,21,True,0.4,medio,440.0,medio,20-40,0,0,1,0
s02-r3-burst_trial-0.4,2,3,burst_trial-0.4,burst_trial,0.4,10,192.65599999999904,1,600,1,2.0,1,1,1,1.0,1,2,1,pérdida contigua en ensayo,True,0,1,1,1.0,1,0,1,1.0,400,403,24,True,0.6716666666666666,fin,603.0,medio,60-80,1,0,0,1
s02-r3-burst_trial-0.4,2,3,burst_trial-0.4,burst_trial,0.4,11,200.5,2,600,1,2.0,1,2,1,1.0,1,1,1,pérdida contigua en ensayo,True,1,1,0,0.0,0,0,0,0.0,400,415,25,True,0.6916666666666667,fin,615.0,medio,60-80,0,0,0,0
s02-r3-burst_trial-0.4,2,3,burst_trial-0.4,burst_trial,0.4,12,208.91600000000108,2,600,1,2.0,1,2,1,1.0,1,2,1,pérdida contigua en ensayo,True,1,1,0,0.0,0,1,1,1.0,400,285,26,True,0.475,medio,485.0,medio,40-60,0,0,1,0
s02-r3-burst_trial-0.4,2,3,burst_trial-0.4,burst_trial,0.4,13,232.9360000000015,2,600,1,2.0,1,2,1,2.0,1,2,1,pérdida contigua en ensayo,True,1,1,0,0.0,1,1,0,0.0,400,142,29,True,0.23666666666666666,inicio,342.0,medio,20-40,0,0,0,0
s02-r3-burst_trial-0.4,2,3,burst_trial-0.4,burst_trial,0.4,14,241.2200000000012,1,600,1,2.0,1,1,1,2.0,1,2,1,pérdida contigua en ensayo,True,0,1,1,1.0,0,0,0,0.0,400,186,30,True,0.31,inicio,386.0,medio,20-40,1,0,0,0
s02-r3-burst_trial-0.4,2,3,burst_trial-0.4,burst_trial,0.4,15,249.64800000000105,1,600,1,1.0,1,1,1,1.0,1,1,1,pérdida contigua en ensayo,True,1,1,0,0.0,1,1,0,0.0,400,41,31,True,0.06833333333333333,inicio,241.0,inicio,0-20,0,0,0,0
s02-r3-burst_trial-0.4,2,3,burst_trial-0.4,burst_trial,0.4,16,266.380000000001,2,600,1,1.0,1,2,1,2.0,1,2,1,pérdida contigua en ensayo,True,0,1,1,1.0,1,1,0,0.0,400,120,33,True,0.2,inicio,320.0,inicio,0-20,1,0,0,0
s02-r3-burst_trial-0.4,2,3,burst_trial-0.4,burst_trial,0.4,17,274.5519999999997,1,600,1,2.0,1,2,1,2.0,1,2,1,pérdida contigua en ensayo,True,0,0,0,0.0,0,0,0,0.0,400,301,34,True,0.5016666666666667,medio,501.0,medio,40-60,0,0,0,0
s02-r3-burst_trial-0.4,2,3,burst_trial-0.4,burst_trial,0.4,18,290.887999999999,2,600,1,2.0,1,2,1,1.0,1,1,1,pérdida contigua en ensayo,True,1,1,0,0.0,0,0,0,0.0,400,223,36,True,0.37166666666666665,medio,423.0,medio,20-40,0,0,0,0
s02-r3-burst_trial-0.4,2,3,burst_trial-0.4,burst_trial,0.4,19,298.77600000000166,2,600,1,2.0,1,2,1,1.0,1,1,1,pérdida contigua en ensayo,True,1,1,0,0.0,0,0,0,0.0,400,59,37,True,0.09833333333333333,inicio,259.0,inicio,0-20,0,0,0,0
s02-r3-burst_trial-0.4,2,3,burst_trial-0.4,burst_trial,0.4,20,314.32800000000134,1,600,1,2.0,1,1,1,2.0,1,2,1,pérdida contigua en ensayo,True,0,1,1,1.0,0,0,0,0.0,400,130,39,True,0.21666666666666667,inicio,330.0,inicio,20-40,1,0,0,0
s02-r3-burst_trial-0.4,2,3,burst_trial-0.4,burst_trial,0.4,21,362.3359999999993,1,600,1,2.0,1,2,1,2.0,1,2,1,pérdida contigua en ensayo,True,0,0,0,0.0,0,0,0,0.0,400,392,45,True,0.6533333333333333,medio,592.0,medio,60-80,0,0,0,0
s02-r3-burst_trial-0.4,2,3,burst_trial-0.4,burst_trial,0.4,22,370.7920000000013,2,600,1,2.0,1,1,1,1.0,1,2,1,pérdida contigua en ensayo,True,1,0,1,1.0,0,1,1,1.0,400,217,46,True,0.3616666666666667,medio,417.0,medio,20-40,0,1,1,0
s02-r3-burst_trial-0.4,2,3,burst_trial-0.4,burst_trial,0.4,23,379.0279999999984,1,600,1,1.0,1,1,1,1.0,1,1,1,pérdida contigua en ensayo,True,1,1,0,0.0,1,1,0,0.0,400,209,47,True,0.34833333333333333,medio,409.0,medio,20-40,0,0,0,0
s02-r4-burst_trial-0.1,2,4,burst_trial-0.1,burst_trial,0.1,0,1.0,2,900,1,1.0,1,1,1,1.0,1,2,1,pérdida contigua en ensayo,True,0,0,0,0.0,0,1,1,1.0,100,294,0,True,0.32666666666666666,inicio,344.0,medio,20-40,0,0,1,0
s02-r4-burst_trial-0.1,2,4,burst_trial-0.1,burst_trial,0.1,1,9.011999999998809,1,900,1,1.0,1,1,1,1.0,1,1,1,pérdida contigua en ensayo,True,1,1,0,0.0,1,1,0,0.0,100,738,1,True,0.82,fin,788.0,fin,80-100,0,0,0,0
s02-r4-burst_trial-0.1,2,4,burst_trial-0.1,burst_trial,0.1,2,16.684000000001106,1,900,1,1.0,1,1,1,2.0,1,1,1,pérdida contigua en ensayo,True,1,1,0,0.0,0,1,1,1.0,100,229,2,True,0.2544444444444444,inicio,279.0,inicio,20-40,0,0,1,0
s02-r4-burst_trial-0.1,2,4,burst_trial-0.1,burst_trial,0.1,3,40.96800000000076,2,900,1,1.0,1,1,1,1.0,1,1,1,pérdida contigua en ensayo,True,0,0,0,0.0,0,0,0,0.0,100,528,5,True,0.5866666666666667,medio,578.0,medio,40-60,0,0,0,0
s02-r4-burst_trial-0.1,2,4,burst_trial-0.1,burst_trial,0.1,4,64.56000000000131,1,900,1,1.0,1,1,1,2.0,1,2,1,pérdida contigua en ensayo,True,1,1,0,0.0,0,0,0,0.0,100,329,8,True,0.3655555555555556,medio,379.0,medio,20-40,0,0,0,0
s02-r4-burst_trial-0.1,2,4,burst_trial-0.1,burst_trial,0.1,5,80.17599999999948,1,900,1,1.0,1,1,1,1.0,1,1,1,pérdida contigua en ensayo,True,1,1,0,0.0,1,1,0,0.0,100,449,10,True,0.4988888888888889,medio,499.0,medio,40-60,0,0,0,0
s02-r4-burst_trial-0.1,2,4,burst_trial-0.1,burst_trial,0.1,6,87.75600000000122,1,900,1,2.0,1,2,1,1.0,1,1,1,pérdida contigua en ensayo,True,0,0,0,0.0,1,1,0,0.0,100,120,11,True,0.13333333333333333,inicio,170.0,inicio,0-20,0,0,0,0
s02-r4-burst_trial-0.1,2,4,burst_trial-0.1,burst_trial,0.1,7,95.64400000000025,2,900,1,2.0,1,2,1,1.0,1,1,1,pérdida contigua en ensayo,True,1,1,0,0.0,0,0,0,0.0,100,328,12,True,0.36444444444444446,medio,378.0,medio,20-40,0,0,0,0
s02-r4-burst_trial-0.1,2,4,burst_trial-0.1,burst_trial,0.1,8,119.76800000000004,2,900,1,2.0,1,2,1,2.0,1,1,1,pérdida contigua en ensayo,True,1,1,0,0.0,1,0,1,1.0,100,576,15,True,0.64,medio,626.0,medio,60-80,0,0,0,1
s02-r4-burst_trial-0.1,2,4,burst_trial-0.1,burst_trial,0.1,9,169.07200000000012,2,900,1,2.0,1,2,1,1.0,1,1,1,pérdida contigua en ensayo,True,1,1,0,0.0,0,0,0,0.0,100,795,21,True,0.8833333333333333,fin,845.0,fin,80-100,0,0,0,0
s02-r4-burst_trial-0.1,2,4,burst_trial-0.1,burst_trial,0.1,10,176.72000000000116,2,900,1,1.0,1,1,1,2.0,1,2,1,pérdida contigua en ensayo,True,0,0,0,0.0,1,1,0,0.0,100,111,22,True,0.12333333333333334,inicio,161.0,inicio,0-20,0,0,0,0
s02-r4-burst_trial-0.1,2,4,burst_trial-0.1,burst_trial,0.1,11,192.65599999999904,1,900,1,2.0,1,1,1,1.0,1,1,1,pérdida contigua en ensayo,True,0,1,1,1.0,1,1,0,0.0,100,703,24,True,0.7811111111111111,fin,753.0,fin,60-80,1,0,0,0
s02-r4-burst_trial-0.1,2,4,burst_trial-0.1,burst_trial,0.1,12,200.5,2,900,1,1.0,1,1,1,1.0,1,1,1,pérdida contigua en ensayo,True,0,0,0,0.0,0,0,0,0.0,100,323,25,True,0.35888888888888887,medio,373.0,medio,20-40,0,0,0,0
s02-r4-burst_trial-0.1,2,4,burst_trial-0.1,burst_trial,0.1,13,208.91600000000108,2,900,1,2.0,1,2,1,2.0,1,2,1,pérdida contigua en ensayo,True,1,1,0,0.0,1,1,0,0.0,100,647,26,True,0.7188888888888889,fin,697.0,fin,60-80,0,0,0,0
s02-r4-burst_trial-0.1,2,4,burst_trial-0.1,burst_trial,0.1,14,216.9320000000007,2,900,1,2.0,1,2,1,1.0,1,1,1,pérdida contigua en ensayo,True,1,1,0,0.0,0,0,0,0.0,100,843,27,True,0.9366666666666666,fin,893.0,fin,80-100,0,0,0,0
s02-r4-burst_trial-0.1,2,4,burst_trial-0.1,burst_trial,0.1,15,241.2200000000012,1,900,1,1.0,1,2,1,1.0,1,1,1,pérdida contigua en ensayo,True,1,0,1,1.0,1,1,0,0.0,100,586,30,True,0.6511111111111111,medio,636.0,medio,60-80,0,1,0,0
s02-r4-burst_trial-0.1,2,4,burst_trial-0.1,burst_trial,0.1,16,258.0159999999996,1,900,1,1.0,1,1,1,2.0,1,2,1,pérdida contigua en ensayo,True,1,1,0,0.0,0,0,0,0.0,100,205,32,True,0.22777777777777777,inicio,255.0,inicio,20-40,0,0,0,0
s02-r4-burst_trial-0.1,2,4,burst_trial-0.1,burst_trial,0.1,17,274.5519999999997,1,900,1,2.0,1,2,1,1.0,1,1,1,pérdida contigua en ensayo,True,0,0,0,0.0,1,1,0,0.0,100,309,34,True,0.3433333333333333,medio,359.0,medio,20-40,0,0,0,0
s02-r4-burst_trial-0.1,2,4,burst_trial-0.1,burst_trial,0.1,18,290.887999999999,1,900,1,1.0,1,1,1,2.0,1,2,1,pérdida contigua en ensayo,True,1,1,0,0.0,0,0,0,0.0,100,31,36,True,0.034444444444444444,inicio,81.0,inicio,0-20,0,0,0,0
s02-r4-burst_trial-0.1,2,4,burst_trial-0.1,burst_trial,0.1,19,306.6280000000006,1,900,1,2.0,1,2,1,1.0,1,1,1,pérdida contigua en ensayo,True,0,0,0,0.0,1,1,0,0.0,100,547,38,True,0.6077777777777778,medio,597.0,medio,60-80,0,0,0,0
s02-r4-burst_trial-0.1,2,4,burst_trial-0.1,burst_trial,0.1,20,314.32800000000134,2,900,1,2.0,1,2,1,2.0,1,2,1,pérdida contigua en ensayo,True,1,1,0,0.0,1,1,0,0.0,100,164,39,True,0.18222222222222223,inicio,214.0,inicio,0-20,0,0,0,0
s02-r4-burst_trial-0.1,2,4,burst_trial-0.1,burst_trial,0.1,21,347.0,1,900,1,1.0,1,1,1,2.0,1,2,1,pérdida contigua en ensayo,True,1,1,0,0.0,0,0,0,0.0,100,199,43,True,0.22111111111111112,inicio,249.0,inicio,20-40,0,0,0,0
s02-r4-burst_trial-0.1,2,4,burst_trial-0.1,burst_trial,0.1,22,354.6239999999998,2,900,1,2.0,1,2,1,2.0,1,2,1,pérdida contigua en ensayo,True,1,1,0,0.0,1,1,0,0.0,100,854,44,True,0.9488888888888889,fin,904.0,fin,80-100,0,0,0,0
s02-r4-burst_trial-0.1,2,4,burst_trial-0.1,burst_trial,0.1,23,370.7920000000013,2,900,1,2.0,1,2,1,1.0,1,1,1,pérdida contigua en ensayo,True,1,1,0,0.0,0,0,0,0.0,100,794,46,True,0.8822222222222222,fin,844.0,fin,80-100,0,0,0,0
s02-r4-burst_trial-0.25,2,4,burst_trial-0.25,burst_trial,0.25,0,1.0,2,750,1,1.0,1,1,1,1.0,1,2,1,pérdida contigua en ensayo,True,0,0,0,0.0,0,1,1,1.0,250,348,0,True,0.464,medio,473.0,medio,40-60,0,0,1,0
s02-r4-burst_trial-0.25,2,4,burst_trial-0.25,burst_trial,0.25,1,9.011999999998809,1,750,1,1.0,1,1,1,1.0,1,1,1,pérdida contigua en ensayo,True,1,1,0,0.0,1,1,0,0.0,250,72,1,True,0.096,inicio,197.0,inicio,0-20,0,0,0,0
s02-r4-burst_trial-0.25,2,4,burst_trial-0.25,burst_trial,0.25,2,16.684000000001106,1,750,1,1.0,1,1,1,1.0,1,1,1,pérdida contigua en ensayo,True,1,1,0,0.0,1,1,0,0.0,250,665,2,True,0.8866666666666667,fin,790.0,fin,80-100,0,0,0,0
s02-r4-burst_trial-0.25,2,4,burst_trial-0.25,burst_trial,0.25,3,40.96800000000076,2,750,1,1.0,1,1,1,1.0,1,1,1,pérdida contigua en ensayo,True,0,0,0,0.0,0,0,0,0.0,250,616,5,True,0.8213333333333334,fin,741.0,fin,80-100,0,0,0,0
s02-r4-burst_trial-0.25,2,4,burst_trial-0.25,burst_trial,0.25,4,64.56000000000131,1,750,1,1.0,1,1,1,2.0,1,2,1,pérdida contigua en ensayo,True,1,1,0,0.0,0,0,0,0.0,250,244,8,True,0.3253333333333333,inicio,369.0,medio,20-40,0,0,0,0
s02-r4-burst_trial-0.25,2,4,burst_trial-0.25,burst_trial,0.25,5,80.17599999999948,1,750,1,1.0,1,1,1,1.0,1,1,1,pérdida contigua en ensayo,True,1,1,0,0.0,1,1,0,0.0,250,355,10,True,0.47333333333333333,medio,480.0,medio,40-60,0,0,0,0
s02-r4-burst_trial-0.25,2,4,burst_trial-0.25,burst_trial,0.25,6,87.75600000000122,1,750,1,2.0,1,2,1,1.0,1,1,1,pérdida contigua en ensayo,True,0,0,0,0.0,1,1,0,0.0,250,31,11,True,0.04133333333333333,inicio,156.0,inicio,0-20,0,0,0,0
s02-r4-burst_trial-0.25,2,4,burst_trial-0.25,burst_trial,0.25,7,95.64400000000025,2,750,1,2.0,1,2,1,1.0,1,1,1,pérdida contigua en ensayo,True,1,1,0,0.0,0,0,0,0.0,250,576,12,True,0.768,fin,701.0,fin,60-80,0,0,0,0
s02-r4-burst_trial-0.25,2,4,burst_trial-0.25,burst_trial,0.25,8,119.76800000000004,2,750,1,2.0,1,2,1,2.0,1,1,1,pérdida contigua en ensayo,True,1,1,0,0.0,1,0,1,1.0,250,15,15,True,0.02,inicio,140.0,inicio,0-20,0,0,0,1
s02-r4-burst_trial-0.25,2,4,burst_trial-0.25,burst_trial,0.25,9,169.07200000000012,2,750,1,1.0,1,2,1,1.0,1,1,1,pérdida contigua en ensayo,True,0,1,1,1.0,0,0,0,0.0,250,295,21,True,0.3933333333333333,medio,420.0,medio,20-40,1,0,0,0
s02-r4-burst_trial-0.25,2,4,burst_trial-0.25,burst_trial,0.25,10,176.72000000000116,2,750,1,1.0,1,1,1,2.0,1,2,1,pérdida contigua en ensayo,True,0,0,0,0.0,1,1,0,0.0,250,359,22,True,0.4786666666666667,medio,484.0,medio,40-60,0,0,0,0
s02-r4-burst_trial-0.25,2,4,burst_trial-0.25,burst_trial,0.25,11,192.65599999999904,1,750,1,1.0,1,1,1,1.0,1,1,1,pérdida contigua en ensayo,True,1,1,0,0.0,1,1,0,0.0,250,542,24,True,0.7226666666666667,fin,667.0,fin,60-80,0,0,0,0
s02-r4-burst_trial-0.25,2,4,burst_trial-0.25,burst_trial,0.25,12,200.5,2,750,1,1.0,1,1,1,1.0,1,1,1,pérdida contigua en ensayo,True,0,0,0,0.0,0,0,0,0.0,250,327,25,True,0.436,medio,452.0,medio,40-60,0,0,0,0
s02-r4-burst_trial-0.25,2,4,burst_trial-0.25,burst_trial,0.25,13,208.91600000000108,2,750,1,2.0,1,2,1,2.0,1,2,1,pérdida contigua en ensayo,True,1,1,0,0.0,1,1,0,0.0,250,567,26,True,0.756,fin,692.0,fin,60-80,0,0,0,0
s02-r4-burst_trial-0.25,2,4,burst_trial-0.25,burst_trial,0.25,14,216.9320000000007,2,750,1,2.0,1,2,1,1.0,1,1,1,pérdida contigua en ensayo,True,1,1,0,0.0,0,0,0,0.0,250,108,27,True,0.144,inicio,233.0,inicio,0-20,0,0,0,0
s02-r4-burst_trial-0.25,2,4,burst_trial-0.25,burst_trial,0.25,15,241.2200000000012,1,750,1,1.0,1,2,1,1.0,1,1,1,pérdida contigua en ensayo,True,1,0,1,1.0,1,1,0,0.0,250,636,30,True,0.848,fin,761.0,fin,80-100,0,1,0,0
s02-r4-burst_trial-0.25,2,4,burst_trial-0.25,burst_trial,0.25,16,258.0159999999996,1,750,1,1.0,1,1,1,1.0,1,2,1,pérdida contigua en ensayo,True,1,1,0,0.0,1,0,1,1.0,250,356,32,True,0.4746666666666667,medio,481.0,medio,40-60,0,0,0,1
s02-r4-burst_trial-0.25,2,4,burst_trial-0.25,burst_trial,0.25,17,274.5519999999997,1,750,1,2.0,1,2,1,2.0,1,1,1,pérdida contigua en ensayo,True,0,0,0,0.0,0,1,1,1.0,250,101,34,True,0.13466666666666666,inicio,226.0,inicio,0-20,0,0,1,0
s02-r4-burst_trial-0.25,2,4,burst_trial-0.25,burst_trial,0.25,18,290.887999999999,1,750,1,1.0,1,1,1,2.0,1,2,1,pérdida contigua en ensayo,True,1,1,0,0.0,0,0,0,0.0,250,501,36,True,0.668,fin,626.0,medio,60-80,0,0,0,0
s02-r4-burst_trial-0.25,2,4,burst_trial-0.25,burst_trial,0.25,19,306.6280000000006,1,750,1,2.0,1,2,1,1.0,1,1,1,pérdida contigua en ensayo,True,0,0,0,0.0,1,1,0,0.0,250,557,38,True,0.7426666666666667,fin,682.0,fin,60-80,0,0,0,0
s02-r4-burst_trial-0.25,2,4,burst_trial-0.25,burst_trial,0.25,20,314.32800000000134,2,750,1,1.0,1,2,1,1.0,1,2,1,pérdida contigua en ensayo,True,0,1,1,1.0,0,1,1,1.0,250,714,39,True,0.952,fin,839.0,fin,80-100,1,0,1,0
s02-r4-burst_trial-0.25,2,4,burst_trial-0.25,burst_trial,0.25,21,347.0,1,750,1,1.0,1,1,1,2.0,1,2,1,pérdida contigua en ensayo,True,1,1,0,0.0,0,0,0,0.0,250,571,43,True,0.7613333333333333,fin,696.0,fin,60-80,0,0,0,0
s02-r4-burst_trial-0.25,2,4,burst_trial-0.25,burst_trial,0.25,22,354.6239999999998,2,750,1,2.0,1,2,1,2.0,1,2,1,pérdida contigua en ensayo,True,1,1,0,0.0,1,1,0,0.0,250,411,44,True,0.548,medio,536.0,medio,40-60,0,0,0,0
s02-r4-burst_trial-0.25,2,4,burst_trial-0.25,burst_trial,0.25,23,370.7920000000013,2,750,1,2.0,1,2,1,1.0,1,1,1,pérdida contigua en ensayo,True,1,1,0,0.0,0,0,0,0.0,250,511,46,True,0.6813333333333333,fin,636.0,medio,60-80,0,0,0,0
s02-r4-burst_trial-0.4,2,4,burst_trial-0.4,burst_trial,0.4,0,1.0,2,600,1,1.0,1,1,1,2.0,1,2,1,pérdida contigua en ensayo,True,0,0,0,0.0,1,1,0,0.0,400,429,0,True,0.715,fin,629.0,medio,60-80,0,0,0,0
s02-r4-burst_trial-0.4,2,4,burst_trial-0.4,burst_trial,0.4,1,9.011999999998809,1,600,1,1.0,1,1,1,1.0,1,1,1,pérdida contigua en ensayo,True,1,1,0,0.0,1,1,0,0.0,400,175,1,True,0.2916666666666667,inicio,375.0,medio,20-40,0,0,0,0
s02-r4-burst_trial-0.4,2,4,burst_trial-0.4,burst_trial,0.4,2,16.684000000001106,1,600,1,1.0,1,1,1,2.0,1,1,1,pérdida contigua en ensayo,True,1,1,0,0.0,0,1,1,1.0,400,36,2,True,0.06,inicio,236.0,inicio,0-20,0,0,1,0
s02-r4-burst_trial-0.4,2,4,burst_trial-0.4,burst_trial,0.4,3,40.96800000000076,2,600,1,1.0,1,1,1,1.0,1,1,1,pérdida contigua en ensayo,True,0,0,0,0.0,0,0,0,0.0,400,371,5,True,0.6183333333333333,medio,571.0,medio,60-80,0,0,0,0
s02-r4-burst_trial-0.4,2,4,burst_trial-0.4,burst_trial,0.4,4,64.56000000000131,1,600,1,1.0,1,1,1,2.0,1,2,1,pérdida contigua en ensayo,True,1,1,0,0.0,0,0,0,0.0,400,177,8,True,0.295,inicio,377.0,medio,20-40,0,0,0,0
s02-r4-burst_trial-0.4,2,4,burst_trial-0.4,burst_trial,0.4,5,80.17599999999948,1,600,1,1.0,1,1,1,1.0,1,1,1,pérdida contigua en ensayo,True,1,1,0,0.0,1,1,0,0.0,400,7,10,True,0.011666666666666667,inicio,207.0,inicio,0-20,0,0,0,0
s02-r4-burst_trial-0.4,2,4,burst_trial-0.4,burst_trial,0.4,6,87.75600000000122,1,600,1,2.0,1,2,1,1.0,1,1,1,pérdida contigua en ensayo,True,0,0,0,0.0,1,1,0,0.0,400,109,11,True,0.18166666666666667,inicio,309.0,inicio,0-20,0,0,0,0
s02-r4-burst_trial-0.4,2,4,burst_trial-0.4,burst_trial,0.4,7,95.64400000000025,2,600,1,2.0,1,2,1,1.0,1,1,1,pérdida contigua en ensayo,True,1,1,0,0.0,0,0,0,0.0,400,271,12,True,0.45166666666666666,medio,471.0,medio,40-60,0,0,0,0
s02-r4-burst_trial-0.4,2,4,burst_trial-0.4,burst_trial,0.4,8,119.76800000000004,2,600,1,2.0,1,2,1,2.0,1,1,1,pérdida contigua en ensayo,True,1,1,0,0.0,1,0,1,1.0,400,368,15,True,0.6133333333333333,medio,568.0,medio,60-80,0,0,0,1
s02-r4-burst_trial-0.4,2,4,burst_trial-0.4,burst_trial,0.4,9,169.07200000000012,2,600,1,1.0,1,2,1,1.0,1,1,1,pérdida contigua en ensayo,True,0,1,1,1.0,0,0,0,0.0,400,59,21,True,0.09833333333333333,inicio,259.0,inicio,0-20,1,0,0,0
s02-r4-burst_trial-0.4,2,4,burst_trial-0.4,burst_trial,0.4,10,176.72000000000116,2,600,1,1.0,1,1,1,1.0,1,2,1,pérdida contigua en ensayo,True,0,0,0,0.0,0,1,1,1.0,400,555,22,True,0.925,fin,755.0,fin,80-100,0,0,1,0
s02-r4-burst_trial-0.4,2,4,burst_trial-0.4,burst_trial,0.4,11,192.65599999999904,1,600,1,2.0,1,1,1,1.0,1,1,1,pérdida contigua en ensayo,True,0,1,1,1.0,1,1,0,0.0,400,186,24,True,0.31,inicio,386.0,medio,20-40,1,0,0,0
s02-r4-burst_trial-0.4,2,4,burst_trial-0.4,burst_trial,0.4,12,200.5,2,600,1,1.0,1,1,1,1.0,1,1,1,pérdida contigua en ensayo,True,0,0,0,0.0,0,0,0,0.0,400,254,25,True,0.42333333333333334,medio,454.0,medio,40-60,0,0,0,0
s02-r4-burst_trial-0.4,2,4,burst_trial-0.4,burst_trial,0.4,13,208.91600000000108,2,600,1,1.0,1,2,1,1.0,1,2,1,pérdida contigua en ensayo,True,0,1,1,1.0,0,1,1,1.0,400,276,26,True,0.46,medio,476.0,medio,40-60,1,0,1,0
s02-r4-burst_trial-0.4,2,4,burst_trial-0.4,burst_trial,0.4,14,216.9320000000007,2,600,1,2.0,1,2,1,1.0,1,1,1,pérdida contigua en ensayo,True,1,1,0,0.0,0,0,0,0.0,400,303,27,True,0.505,medio,503.0,medio,40-60,0,0,0,0
s02-r4-burst_trial-0.4,2,4,burst_trial-0.4,burst_trial,0.4,15,241.2200000000012,1,600,1,1.0,1,2,1,1.0,1,1,1,pérdida contigua en ensayo,True,1,0,1,1.0,1,1,0,0.0,400,547,30,True,0.9116666666666666,fin,747.0,fin,80-100,0,1,0,0
s02-r4-burst_trial-0.4,2,4,burst_trial-0.4,burst_trial,0.4,16,258.0159999999996,1,600,1,1.0,1,1,1,1.0,1,2,1,pérdida contigua en ensayo,True,1,1,0,0.0,1,0,1,1.0,400,576,32,True,0.96,fin,776.0,fin,80-100,0,0,0,1
s02-r4-burst_trial-0.4,2,4,burst_trial-0.4,burst_trial,0.4,17,274.5519999999997,1,600,1,2.0,1,2,1,2.0,1,1,1,pérdida contigua en ensayo,True,0,0,0,0.0,0,1,1,1.0,400,84,34,True,0.14,inicio,284.0,inicio,0-20,0,0,1,0
s02-r4-burst_trial-0.4,2,4,burst_trial-0.4,burst_trial,0.4,18,290.887999999999,1,600,1,1.0,1,1,1,2.0,1,2,1,pérdida contigua en ensayo,True,1,1,0,0.0,0,0,0,0.0,400,599,36,True,0.9983333333333333,fin,799.0,fin,80-100,0,0,0,0
s02-r4-burst_trial-0.4,2,4,burst_trial-0.4,burst_trial,0.4,19,306.6280000000006,1,600,1,2.0,1,2,1,1.0,1,1,1,pérdida contigua en ensayo,True,0,0,0,0.0,1,1,0,0.0,400,280,38,True,0.4666666666666667,medio,480.0,medio,40-60,0,0,0,0
s02-r4-burst_trial-0.4,2,4,burst_trial-0.4,burst_trial,0.4,20,314.32800000000134,2,600,1,1.0,1,2,1,1.0,1,2,1,pérdida contigua en ensayo,True,0,1,1,1.0,0,1,1,1.0,400,388,39,True,0.6466666666666666,medio,588.0,medio,60-80,1,0,1,0
s02-r4-burst_trial-0.4,2,4,burst_trial-0.4,burst_trial,0.4,21,347.0,1,600,1,2.0,1,1,1,2.0,1,2,1,pérdida contigua en ensayo,True,0,1,1,1.0,0,0,0,0.0,400,565,43,True,0.9416666666666667,fin,765.0,fin,80-100,1,0,0,0
s02-r4-burst_trial-0.4,2,4,burst_trial-0.4,burst_trial,0.4,22,354.6239999999998,2,600,1,2.0,1,2,1,1.0,1,2,1,pérdida contigua en ensayo,True,1,1,0,0.0,0,1,1,1.0,400,339,44,True,0.565,medio,539.0,medio,40-60,0,0,1,0
s02-r4-burst_trial-0.4,2,4,burst_trial-0.4,burst_trial,0.4,23,370.7920000000013,2,600,1,2.0,1,2,1,1.0,1,1,1,pérdida contigua en ensayo,True,1,1,0,0.0,0,0,0,0.0,400,379,46,True,0.6316666666666667,medio,579.0,medio,60-80,0,0,0,0
s03-r0-burst_trial-0.1,3,0,burst_trial-0.1,burst_trial,0.1,0,1.0,1,900,1,1.0,1,1,1,1.0,1,1,1,pérdida contigua en ensayo,True,1,1,0,0.0,1,1,0,0.0,100,179,0,True,0.1988888888888889,inicio,229.0,inicio,0-20,0,0,0,0
s03-r0-burst_trial-0.1,3,0,burst_trial-0.1,burst_trial,0.1,1,9.011999999999944,2,900,1,2.0,1,2,1,2.0,1,2,1,pérdida contigua en ensayo,True,1,1,0,0.0,1,1,0,0.0,100,659,1,True,0.7322222222222222,fin,709.0,fin,60-80,0,0,0,0
s03-r0-burst_trial-0.1,3,0,burst_trial-0.1,burst_trial,0.1,2,16.68399999999997,2,900,1,2.0,1,2,1,2.0,1,1,1,pérdida contigua en ensayo,True,1,1,0,0.0,1,0,1,1.0,100,687,2,True,0.7633333333333333,fin,737.0,fin,60-80,0,0,0,1
s03-r0-burst_trial-0.1,3,0,burst_trial-0.1,burst_trial,0.1,3,24.49199999999996,1,900,1,2.0,1,2,1,1.0,1,1,1,pérdida contigua en ensayo,True,0,0,0,0.0,1,1,0,0.0,100,92,3,True,0.10222222222222223,inicio,142.0,inicio,0-20,0,0,0,0
s03-r0-burst_trial-0.1,3,0,burst_trial-0.1,burst_trial,0.1,4,32.524000000000115,2,900,1,2.0,1,2,1,2.0,1,2,1,pérdida contigua en ensayo,True,1,1,0,0.0,1,1,0,0.0,100,876,4,True,0.9733333333333334,fin,926.0,fin,80-100,0,0,0,0
s03-r0-burst_trial-0.1,3,0,burst_trial-0.1,burst_trial,0.1,5,40.96800000000008,1,900,1,1.0,1,1,1,1.0,1,1,1,pérdida contigua en ensayo,True,1,1,0,0.0,1,1,0,0.0,100,222,5,True,0.24666666666666667,inicio,272.0,inicio,20-40,0,0,0,0
s03-r0-burst_trial-0.1,3,0,burst_trial-0.1,burst_trial,0.1,6,48.63599999999997,2,900,1,2.0,1,2,1,2.0,1,2,1,pérdida contigua en ensayo,True,1,1,0,0.0,1,1,0,0.0,100,802,6,True,0.8911111111111111,fin,852.0,fin,80-100,0,0,0,0
s03-r0-burst_trial-0.1,3,0,burst_trial-0.1,burst_trial,0.1,7,64.55999999999995,2,900,1,2.0,1,2,1,2.0,1,2,1,pérdida contigua en ensayo,True,1,1,0,0.0,1,1,0,0.0,100,341,8,True,0.3788888888888889,medio,391.0,medio,20-40,0,0,0,0
s03-r0-burst_trial-0.1,3,0,burst_trial-0.1,burst_trial,0.1,8,80.17599999999993,1,900,1,1.0,1,1,1,1.0,1,1,1,pérdida contigua en ensayo,True,1,1,0,0.0,1,1,0,0.0,100,823,10,True,0.9144444444444444,fin,873.0,fin,80-100,0,0,0,0
s03-r0-burst_trial-0.1,3,0,burst_trial-0.1,burst_trial,0.1,9,95.644,2,900,1,2.0,1,2,1,2.0,1,2,1,pérdida contigua en ensayo,True,1,1,0,0.0,1,1,0,0.0,100,368,12,True,0.4088888888888889,medio,418.0,medio,40-60,0,0,0,0
s03-r0-burst_trial-0.1,3,0,burst_trial-0.1,burst_trial,0.1,10,103.42000000000009,1,900,1,1.0,1,1,1,2.0,1,1,1,pérdida contigua en ensayo,True,1,1,0,0.0,0,1,1,1.0,100,724,13,True,0.8044444444444444,fin,774.0,fin,80-100,0,0,1,0
s03-r0-burst_trial-0.1,3,0,burst_trial-0.1,burst_trial,0.1,11,152.47199999999998,1,900,1,1.0,1,1,1,1.0,1,1,1,pérdida contigua en ensayo,True,1,1,0,0.0,1,1,0,0.0,100,392,19,True,0.43555555555555553,medio,442.0,medio,40-60,0,0,0,0
s03-r0-burst_trial-0.1,3,0,burst_trial-0.1,burst_trial,0.1,12,169.0719999999999,2,900,1,2.0,1,2,1,2.0,1,2,1,pérdida contigua en ensayo,True,1,1,0,0.0,1,1,0,0.0,100,723,21,True,0.8033333333333333,fin,773.0,fin,80-100,0,0,0,0
s03-r0-burst_trial-0.1,3,0,burst_trial-0.1,burst_trial,0.1,13,176.72000000000003,1,900,1,1.0,1,1,1,1.0,1,1,1,pérdida contigua en ensayo,True,1,1,0,0.0,1,1,0,0.0,100,692,22,True,0.7688888888888888,fin,742.0,fin,60-80,0,0,0,0
s03-r0-burst_trial-0.1,3,0,burst_trial-0.1,burst_trial,0.1,14,184.84400000000005,1,900,1,2.0,1,2,1,1.0,1,1,1,pérdida contigua en ensayo,True,0,0,0,0.0,1,1,0,0.0,100,296,23,True,0.3288888888888889,inicio,346.0,medio,20-40,0,0,0,0
s03-r0-burst_trial-0.1,3,0,burst_trial-0.1,burst_trial,0.1,15,208.91599999999997,1,900,1,1.0,1,1,1,1.0,1,1,1,pérdida contigua en ensayo,True,1,1,0,0.0,1,1,0,0.0,100,600,26,True,0.6666666666666666,medio,650.0,medio,60-80,0,0,0,0
s03-r0-burst_trial-0.1,3,0,burst_trial-0.1,burst_trial,0.1,16,241.22000000000003,1,900,1,2.0,1,2,1,1.0,1,1,1,pérdida contigua en ensayo,True,0,0,0,0.0,1,1,0,0.0,100,68,30,True,0.07555555555555556,inicio,118.0,inicio,0-20,0,0,0,0
s03-r0-burst_trial-0.1,3,0,burst_trial-0.1,burst_trial,0.1,17,249.6479999999999,2,900,1,2.0,1,2,1,2.0,1,2,1,pérdida contigua en ensayo,True,1,1,0,0.0,1,1,0,0.0,100,722,31,True,0.8022222222222222,fin,772.0,fin,80-100,0,0,0,0
s03-r0-burst_trial-0.1,3,0,burst_trial-0.1,burst_trial,0.1,18,258.01599999999985,1,900,1,1.0,1,1,1,1.0,1,1,1,pérdida contigua en ensayo,True,1,1,0,0.0,1,1,0,0.0,100,137,32,True,0.15222222222222223,inicio,187.0,inicio,0-20,0,0,0,0
s03-r0-burst_trial-0.1,3,0,burst_trial-0.1,burst_trial,0.1,19,266.3799999999999,2,900,1,2.0,1,2,1,2.0,1,2,1,pérdida contigua en ensayo,True,1,1,0,0.0,1,1,0,0.0,100,491,33,True,0.5455555555555556,medio,541.0,medio,40-60,0,0,0,0
s03-r0-burst_trial-0.1,3,0,burst_trial-0.1,burst_trial,0.1,20,274.5519999999999,2,900,1,2.0,1,2,1,2.0,1,2,1,pérdida contigua en ensayo,True,1,1,0,0.0,1,1,0,0.0,100,306,34,True,0.34,medio,356.0,medio,20-40,0,0,0,0
s03-r0-burst_trial-0.1,3,0,burst_trial-0.1,burst_trial,0.1,21,282.8080000000002,1,900,1,1.0,1,1,1,1.0,1,1,1,pérdida contigua en ensayo,True,1,1,0,0.0,1,1,0,0.0,100,341,35,True,0.3788888888888889,medio,391.0,medio,20-40,0,0,0,0
s03-r0-burst_trial-0.1,3,0,burst_trial-0.1,burst_trial,0.1,22,290.88800000000015,2,900,1,2.0,1,2,1,2.0,1,2,1,pérdida contigua en ensayo,True,1,1,0,0.0,1,1,0,0.0,100,553,36,True,0.6144444444444445,medio,603.0,medio,60-80,0,0,0,0
s03-r0-burst_trial-0.1,3,0,burst_trial-0.1,burst_trial,0.1,23,306.628,2,900,1,2.0,1,2,1,2.0,1,2,1,pérdida contigua en ensayo,True,1,1,0,0.0,1,1,0,0.0,100,258,38,True,0.2866666666666667,inicio,308.0,inicio,20-40,0,0,0,0
s03-r0-burst_trial-0.25,3,0,burst_trial-0.25,burst_trial,0.25,0,1.0,1,750,1,2.0,1,1,1,1.0,1,1,1,pérdida contigua en ensayo,True,0,1,1,1.0,1,1,0,0.0,250,597,0,True,0.796,fin,722.0,fin,60-80,1,0,0,0
s03-r0-burst_trial-0.25,3,0,burst_trial-0.25,burst_trial,0.25,1,9.011999999999944,2,750,1,2.0,1,2,1,2.0,1,2,1,pérdida contigua en ensayo,True,1,1,0,0.0,1,1,0,0.0,250,615,1,True,0.82,fin,740.0,fin,80-100,0,0,0,0
s03-r0-burst_trial-0.25,3,0,burst_trial-0.25,burst_trial,0.25,2,16.68399999999997,2,750,1,2.0,1,2,1,2.0,1,1,1,pérdida contigua en ensayo,True,1,1,0,0.0,1,0,1,1.0,250,443,2,True,0.5906666666666667,medio,568.0,medio,40-60,0,0,0,1
s03-r0-burst_trial-0.25,3,0,burst_trial-0.25,burst_trial,0.25,3,24.49199999999996,1,750,1,2.0,1,2,1,1.0,1,1,1,pérdida contigua en ensayo,True,0,0,0,0.0,1,1,0,0.0,250,651,3,True,0.868,fin,776.0,fin,80-100,0,0,0,0
s03-r0-burst_trial-0.25,3,0,burst_trial-0.25,burst_trial,0.25,4,32.524000000000115,2,750,1,2.0,1,2,1,2.0,1,2,1,pérdida contigua en ensayo,True,1,1,0,0.0,1,1,0,0.0,250,709,4,True,0.9453333333333334,fin,834.0,fin,80-100,0,0,0,0
s03-r0-burst_trial-0.25,3,0,burst_trial-0.25,burst_trial,0.25,5,40.96800000000008,1,750,1,1.0,1,1,1,1.0,1,1,1,pérdida contigua en ensayo,True,1,1,0,0.0,1,1,0,0.0,250,193,5,True,0.25733333333333336,inicio,318.0,inicio,20-40,0,0,0,0
s03-r0-burst_trial-0.25,3,0,burst_trial-0.25,burst_trial,0.25,6,48.63599999999997,2,750,1,2.0,1,2,1,2.0,1,2,1,pérdida contigua en ensayo,True,1,1,0,0.0,1,1,0,0.0,250,148,6,True,0.19733333333333333,inicio,273.0,inicio,0-20,0,0,0,0
s03-r0-burst_trial-0.25,3,0,burst_trial-0.25,burst_trial,0.25,7,64.55999999999995,2,750,1,2.0,1,2,1,2.0,1,2,1,pérdida contigua en ensayo,True,1,1,0,0.0,1,1,0,0.0,250,746,8,True,0.9946666666666667,fin,871.0,fin,80-100,0,0,0,0
s03-r0-burst_trial-0.25,3,0,burst_trial-0.25,burst_trial,0.25,8,80.17599999999993,1,750,1,1.0,1,1,1,1.0,1,1,1,pérdida contigua en ensayo,True,1,1,0,0.0,1,1,0,0.0,250,231,10,True,0.308,inicio,356.0,medio,20-40,0,0,0,0
s03-r0-burst_trial-0.25,3,0,burst_trial-0.25,burst_trial,0.25,9,95.644,2,750,1,2.0,1,2,1,2.0,1,2,1,pérdida contigua en ensayo,True,1,1,0,0.0,1,1,0,0.0,250,54,12,True,0.072,inicio,179.0,inicio,0-20,0,0,0,0
s03-r0-burst_trial-0.25,3,0,burst_trial-0.25,burst_trial,0.25,10,103.42000000000009,1,750,1,1.0,1,1,1,2.0,1,1,1,pérdida contigua en ensayo,True,1,1,0,0.0,0,1,1,1.0,250,168,13,True,0.224,inicio,293.0,inicio,20-40,0,0,1,0
s03-r0-burst_trial-0.25,3,0,burst_trial-0.25,burst_trial,0.25,11,152.47199999999998,1,750,1,1.0,1,1,1,1.0,1,1,1,pérdida contigua en ensayo,True,1,1,0,0.0,1,1,0,0.0,250,530,19,True,0.7066666666666667,fin,655.0,medio,60-80,0,0,0,0
s03-r0-burst_trial-0.25,3,0,burst_trial-0.25,burst_trial,0.25,12,169.0719999999999,2,750,1,2.0,1,2,1,2.0,1,2,1,pérdida contigua en ensayo,True,1,1,0,0.0,1,1,0,0.0,250,366,21,True,0.488,medio,491.0,medio,40-60,0,0,0,0
s03-r0-burst_trial-0.25,3,0,burst_trial-0.25,burst_trial,0.25,13,176.72000000000003,1,750,1,1.0,1,1,1,1.0,1,1,1,pérdida contigua en ensayo,True,1,1,0,0.0,1,1,0,0.0,250,302,22,True,0.4026666666666667,medio,427.0,medio,40-60,0,0,0,0
s03-r0-burst_trial-0.25,3,0,burst_trial-0.25,burst_trial,0.25,14,184.84400000000005,1,750,1,2.0,1,2,1,1.0,1,1,1,pérdida contigua en ensayo,True,0,0,0,0.0,1,1,0,0.0,250,737,23,True,0.9826666666666667,fin,862.0,fin,80-100,0,0,0,0
s03-r0-burst_trial-0.25,3,0,burst_trial-0.25,burst_trial,0.25,15,208.91599999999997,1,750,1,2.0,1,1,1,1.0,1,1,1,pérdida contigua en ensayo,True,0,1,1,1.0,1,1,0,0.0,250,632,26,True,0.8426666666666667,fin,757.0,fin,80-100,1,0,0,0
s03-r0-burst_trial-0.25,3,0,burst_trial-0.25,burst_trial,0.25,16,241.22000000000003,1,750,1,2.0,1,2,1,1.0,1,1,1,pérdida contigua en ensayo,True,0,0,0,0.0,1,1,0,0.0,250,200,30,True,0.26666666666666666,inicio,325.0,inicio,20-40,0,0,0,0
s03-r0-burst_trial-0.25,3,0,burst_trial-0.25,burst_trial,0.25,17,249.6479999999999,2,750,1,2.0,1,2,1,2.0,1,2,1,pérdida contigua en ensayo,True,1,1,0,0.0,1,1,0,0.0,250,499,31,True,0.6653333333333333,medio,624.0,medio,60-80,0,0,0,0
s03-r0-burst_trial-0.25,3,0,burst_trial-0.25,burst_trial,0.25,18,258.01599999999985,1,750,1,1.0,1,1,1,1.0,1,1,1,pérdida contigua en ensayo,True,1,1,0,0.0,1,1,0,0.0,250,150,32,True,0.2,inicio,275.0,inicio,0-20,0,0,0,0
s03-r0-burst_trial-0.25,3,0,burst_trial-0.25,burst_trial,0.25,19,266.3799999999999,2,750,1,2.0,1,2,1,2.0,1,2,1,pérdida contigua en ensayo,True,1,1,0,0.0,1,1,0,0.0,250,643,33,True,0.8573333333333333,fin,768.0,fin,80-100,0,0,0,0
s03-r0-burst_trial-0.25,3,0,burst_trial-0.25,burst_trial,0.25,20,274.5519999999999,2,750,1,2.0,1,2,1,2.0,1,2,1,pérdida contigua en ensayo,True,1,1,0,0.0,1,1,0,0.0,250,207,34,True,0.276,inicio,332.0,inicio,20-40,0,0,0,0
s03-r0-burst_trial-0.25,3,0,burst_trial-0.25,burst_trial,0.25,21,282.80799999999977,1,750,1,1.0,1,1,1,1.0,1,1,1,pérdida contigua en ensayo,True,1,1,0,0.0,1,1,0,0.0,250,300,35,True,0.4,medio,425.0,medio,20-40,0,0,0,0
s03-r0-burst_trial-0.25,3,0,burst_trial-0.25,burst_trial,0.25,22,290.88800000000015,2,750,1,2.0,1,2,1,2.0,1,2,1,pérdida contigua en ensayo,True,1,1,0,0.0,1,1,0,0.0,250,326,36,True,0.43466666666666665,medio,451.0,medio,40-60,0,0,0,0
s03-r0-burst_trial-0.25,3,0,burst_trial-0.25,burst_trial,0.25,23,306.628,2,750,1,2.0,1,2,1,2.0,1,2,1,pérdida contigua en ensayo,True,1,1,0,0.0,1,1,0,0.0,250,662,38,True,0.8826666666666667,fin,787.0,fin,80-100,0,0,0,0
s03-r0-burst_trial-0.4,3,0,burst_trial-0.4,burst_trial,0.4,0,1.0,1,600,1,1.0,1,1,1,2.0,1,1,1,pérdida contigua en ensayo,True,1,1,0,0.0,0,1,1,1.0,400,238,0,True,0.39666666666666667,medio,438.0,medio,20-40,0,0,1,0
s03-r0-burst_trial-0.4,3,0,burst_trial-0.4,burst_trial,0.4,1,9.011999999999944,2,600,1,2.0,1,2,1,1.0,1,2,1,pérdida contigua en ensayo,True,1,1,0,0.0,0,1,1,1.0,400,24,1,True,0.04,inicio,224.0,inicio,0-20,0,0,1,0
s03-r0-burst_trial-0.4,3,0,burst_trial-0.4,burst_trial,0.4,2,16.68399999999997,2,600,1,2.0,1,2,1,2.0,1,1,1,pérdida contigua en ensayo,True,1,1,0,0.0,1,0,1,1.0,400,99,2,True,0.165,inicio,299.0,inicio,0-20,0,0,0,1
s03-r0-burst_trial-0.4,3,0,burst_trial-0.4,burst_trial,0.4,3,24.49199999999996,1,600,1,2.0,1,2,1,1.0,1,1,1,pérdida contigua en ensayo,True,0,0,0,0.0,1,1,0,0.0,400,553,3,True,0.9216666666666666,fin,753.0,fin,80-100,0,0,0,0
s03-r0-burst_trial-0.4,3,0,burst_trial-0.4,burst_trial,0.4,4,32.52399999999989,2,600,1,2.0,1,2,1,2.0,1,2,1,pérdida contigua en ensayo,True,1,1,0,0.0,1,1,0,0.0,400,468,4,True,0.78,fin,668.0,fin,60-80,0,0,0,0
s03-r0-burst_trial-0.4,3,0,burst_trial-0.4,burst_trial,0.4,5,40.96800000000008,1,600,1,1.0,1,1,1,1.0,1,1,1,pérdida contigua en ensayo,True,1,1,0,0.0,1,1,0,0.0,400,592,5,True,0.9866666666666667,fin,792.0,fin,80-100,0,0,0,0
s03-r0-burst_trial-0.4,3,0,burst_trial-0.4,burst_trial,0.4,6,48.63599999999997,2,600,1,2.0,1,2,1,2.0,1,2,1,pérdida contigua en ensayo,True,1,1,0,0.0,1,1,0,0.0,400,87,6,True,0.145,inicio,287.0,inicio,0-20,0,0,0,0
s03-r0-burst_trial-0.4,3,0,burst_trial-0.4,burst_trial,0.4,7,64.55999999999995,2,600,1,1.0,1,2,1,2.0,1,2,1,pérdida contigua en ensayo,True,0,1,1,1.0,1,1,0,0.0,400,438,8,True,0.73,fin,638.0,medio,60-80,1,0,0,0
s03-r0-burst_trial-0.4,3,0,burst_trial-0.4,burst_trial,0.4,8,80.17599999999993,1,600,1,1.0,1,1,1,1.0,1,1,1,pérdida contigua en ensayo,True,1,1,0,0.0,1,1,0,0.0,400,500,10,True,0.8333333333333334,fin,700.0,fin,80-100,0,0,0,0
s03-r0-burst_trial-0.4,3,0,burst_trial-0.4,burst_trial,0.4,9,95.644,2,600,1,2.0,1,2,1,2.0,1,2,1,pérdida contigua en ensayo,True,1,1,0,0.0,1,1,0,0.0,400,377,12,True,0.6283333333333333,medio,577.0,medio,60-80,0,0,0,0
s03-r0-burst_trial-0.4,3,0,burst_trial-0.4,burst_trial,0.4,10,103.42000000000009,1,600,1,1.0,1,1,1,1.0,1,1,1,pérdida contigua en ensayo,True,1,1,0,0.0,1,1,0,0.0,400,273,13,True,0.455,medio,473.0,medio,40-60,0,0,0,0
s03-r0-burst_trial-0.4,3,0,burst_trial-0.4,burst_trial,0.4,11,152.47199999999998,1,600,1,1.0,1,1,1,1.0,1,1,1,pérdida contigua en ensayo,True,1,1,0,0.0,1,1,0,0.0,400,204,19,True,0.34,medio,404.0,medio,20-40,0,0,0,0
s03-r0-burst_trial-0.4,3,0,burst_trial-0.4,burst_trial,0.4,12,169.07200000000012,2,601,1,2.0,1,2,1,1.0,1,2,1,pérdida contigua en ensayo,True,1,1,0,0.0,0,1,1,1.0,400,0,21,True,0.0,inicio,200.0,inicio,0-20,0,0,1,0
s03-r0-burst_trial-0.4,3,0,burst_trial-0.4,burst_trial,0.4,13,176.72000000000003,1,600,1,1.0,1,1,1,1.0,1,1,1,pérdida contigua en ensayo,True,1,1,0,0.0,1,1,0,0.0,400,64,22,True,0.10666666666666667,inicio,264.0,inicio,0-20,0,0,0,0
s03-r0-burst_trial-0.4,3,0,burst_trial-0.4,burst_trial,0.4,14,184.84400000000005,1,600,1,2.0,1,2,1,1.0,1,1,1,pérdida contigua en ensayo,True,0,0,0,0.0,1,1,0,0.0,400,251,23,True,0.41833333333333333,medio,451.0,medio,40-60,0,0,0,0
s03-r0-burst_trial-0.4,3,0,burst_trial-0.4,burst_trial,0.4,15,208.91599999999997,1,600,1,2.0,1,1,1,1.0,1,1,1,pérdida contigua en ensayo,True,0,1,1,1.0,1,1,0,0.0,400,550,26,True,0.9166666666666666,fin,750.0,fin,80-100,1,0,0,0
s03-r0-burst_trial-0.4,3,0,burst_trial-0.4,burst_trial,0.4,16,241.22000000000003,1,601,1,2.0,1,2,1,1.0,1,1,1,pérdida contigua en ensayo,True,0,0,0,0.0,1,1,0,0.0,400,576,30,True,0.96,fin,776.0,fin,80-100,0,0,0,0
s03-r0-burst_trial-0.4,3,0,burst_trial-0.4,burst_trial,0.4,17,249.6480000000001,2,600,1,2.0,1,2,1,2.0,1,2,1,pérdida contigua en ensayo,True,1,1,0,0.0,1,1,0,0.0,400,195,31,True,0.325,inicio,395.0,medio,20-40,0,0,0,0
s03-r0-burst_trial-0.4,3,0,burst_trial-0.4,burst_trial,0.4,18,258.0160000000001,1,600,1,1.0,1,1,1,1.0,1,1,1,pérdida contigua en ensayo,True,1,1,0,0.0,1,1,0,0.0,400,199,32,True,0.33166666666666667,inicio,399.0,medio,20-40,0,0,0,0
s03-r0-burst_trial-0.4,3,0,burst_trial-0.4,burst_trial,0.4,19,266.3800000000001,2,600,1,2.0,1,2,1,2.0,1,2,1,pérdida contigua en ensayo,True,1,1,0,0.0,1,1,0,0.0,400,592,33,True,0.9866666666666667,fin,792.0,fin,80-100,0,0,0,0
s03-r0-burst_trial-0.4,3,0,burst_trial-0.4,burst_trial,0.4,20,274.55200000000013,2,600,1,2.0,1,2,1,2.0,1,2,1,pérdida contigua en ensayo,True,1,1,0,0.0,1,1,0,0.0,400,320,34,True,0.5333333333333333,medio,520.0,medio,40-60,0,0,0,0
s03-r0-burst_trial-0.4,3,0,burst_trial-0.4,burst_trial,0.4,21,282.808,1,600,1,1.0,1,1,1,1.0,1,1,1,pérdida contigua en ensayo,True,1,1,0,0.0,1,1,0,0.0,400,402,35,True,0.67,fin,602.0,medio,60-80,0,0,0,0
s03-r0-burst_trial-0.4,3,0,burst_trial-0.4,burst_trial,0.4,22,290.8879999999999,2,600,1,2.0,1,2,1,2.0,1,2,1,pérdida contigua en ensayo,True,1,1,0,0.0,1,1,0,0.0,400,546,36,True,0.91,fin,746.0,fin,80-100,0,0,0,0
s03-r0-burst_trial-0.4,3,0,burst_trial-0.4,burst_trial,0.4,23,306.62800000000016,2,600,1,2.0,1,2,1,2.0,1,2,1,pérdida contigua en ensayo,True,1,1,0,0.0,1,1,0,0.0,400,531,38,True,0.885,fin,731.0,fin,80-100,0,0,0,0
s03-r1-burst_trial-0.1,3,1,burst_trial-0.1,burst_trial,0.1,0,16.684000000000196,2,900,1,2.0,1,2,1,2.0,1,2,1,pérdida contigua en ensayo,True,1,1,0,0.0,1,1,0,0.0,100,734,2,True,0.8155555555555556,fin,784.0,fin,80-100,0,0,0,0
s03-r1-burst_trial-0.1,3,1,burst_trial-0.1,burst_trial,0.1,1,24.49200000000019,1,900,1,1.0,1,1,1,1.0,1,1,1,pérdida contigua en ensayo,True,1,1,0,0.0,1,1,0,0.0,100,278,3,True,0.3088888888888889,inicio,328.0,inicio,20-40,0,0,0,0
s03-r1-burst_trial-0.1,3,1,burst_trial-0.1,burst_trial,0.1,2,32.52400000000034,1,900,1,1.0,1,2,1,1.0,1,1,1,pérdida contigua en ensayo,True,1,0,1,1.0,1,1,0,0.0,100,17,4,True,0.01888888888888889,inicio,67.0,inicio,0-20,0,1,0,0
s03-r1-burst_trial-0.1,3,1,burst_trial-0.1,burst_trial,0.1,3,40.96799999999985,2,900,1,2.0,1,2,1,2.0,1,2,1,pérdida contigua en ensayo,True,1,1,0,0.0,1,1,0,0.0,100,140,5,True,0.15555555555555556,inicio,190.0,inicio,0-20,0,0,0,0
s03-r1-burst_trial-0.1,3,1,burst_trial-0.1,burst_trial,0.1,4,64.5600000000004,2,900,1,2.0,1,2,1,2.0,1,2,1,pérdida contigua en ensayo,True,1,1,0,0.0,1,1,0,0.0,100,722,8,True,0.8022222222222222,fin,772.0,fin,80-100,0,0,0,0
s03-r1-burst_trial-0.1,3,1,burst_trial-0.1,burst_trial,0.1,5,80.17600000000039,1,900,1,1.0,1,1,1,1.0,1,1,1,pérdida contigua en ensayo,True,1,1,0,0.0,1,1,0,0.0,100,84,10,True,0.09333333333333334,inicio,134.0,inicio,0-20,0,0,0,0
s03-r1-burst_trial-0.1,3,1,burst_trial-0.1,burst_trial,0.1,6,87.75600000000031,1,900,1,1.0,1,1,1,1.0,1,1,1,pérdida contigua en ensayo,True,1,1,0,0.0,1,1,0,0.0,100,765,11,True,0.85,fin,815.0,fin,80-100,0,0,0,0
s03-r1-burst_trial-0.1,3,1,burst_trial-0.1,burst_trial,0.1,7,95.64400000000025,1,900,1,1.0,1,2,1,1.0,1,1,1,pérdida contigua en ensayo,True,1,0,1,1.0,1,1,0,0.0,100,549,12,True,0.61,medio,599.0,medio,60-80,0,1,0,0
s03-r1-burst_trial-0.1,3,1,burst_trial-0.1,burst_trial,0.1,8,111.28799999999956,2,900,1,2.0,1,2,1,2.0,1,2,1,pérdida contigua en ensayo,True,1,1,0,0.0,1,1,0,0.0,100,577,14,True,0.6411111111111111,medio,627.0,medio,60-80,0,0,0,0
s03-r1-burst_trial-0.1,3,1,burst_trial-0.1,burst_trial,0.1,9,119.76800000000004,2,900,1,2.0,1,2,1,2.0,1,2,1,pérdida contigua en ensayo,True,1,1,0,0.0,1,1,0,0.0,100,393,15,True,0.43666666666666665,medio,443.0,medio,40-60,0,0,0,0
s03-r1-burst_trial-0.1,3,1,burst_trial-0.1,burst_trial,0.1,10,127.80000000000018,1,900,1,1.0,1,1,1,1.0,1,1,1,pérdida contigua en ensayo,True,1,1,0,0.0,1,1,0,0.0,100,121,16,True,0.13444444444444445,inicio,171.0,inicio,0-20,0,0,0,0
s03-r1-burst_trial-0.1,3,1,burst_trial-0.1,burst_trial,0.1,11,136.0640000000003,1,900,1,1.0,1,1,1,1.0,1,1,1,pérdida contigua en ensayo,True,1,1,0,0.0,1,1,0,0.0,100,494,17,True,0.5488888888888889,medio,544.0,medio,40-60,0,0,0,0
s03-r1-burst_trial-0.1,3,1,burst_trial-0.1,burst_trial,0.1,12,152.47199999999975,1,900,1,1.0,1,1,1,1.0,1,1,1,pérdida contigua en ensayo,True,1,1,0,0.0,1,1,0,0.0,100,843,19,True,0.9366666666666666,fin,893.0,fin,80-100,0,0,0,0
s03-r1-burst_trial-0.1,3,1,burst_trial-0.1,burst_trial,0.1,13,160.7520000000004,2,900,1,2.0,1,2,1,2.0,1,2,1,pérdida contigua en ensayo,True,1,1,0,0.0,1,1,0,0.0,100,390,20,True,0.43333333333333335,medio,440.0,medio,40-60,0,0,0,0
s03-r1-burst_trial-0.1,3,1,burst_trial-0.1,burst_trial,0.1,14,192.65599999999995,1,900,1,1.0,1,1,1,1.0,1,1,1,pérdida contigua en ensayo,True,1,1,0,0.0,1,1,0,0.0,100,21,24,True,0.023333333333333334,inicio,71.0,inicio,0-20,0,0,0,0
s03-r1-burst_trial-0.1,3,1,burst_trial-0.1,burst_trial,0.1,15,216.9319999999998,2,900,1,2.0,1,2,1,2.0,1,2,1,pérdida contigua en ensayo,True,1,1,0,0.0,1,1,0,0.0,100,644,27,True,0.7155555555555555,fin,694.0,fin,60-80,0,0,0,0
s03-r1-burst_trial-0.1,3,1,burst_trial-0.1,burst_trial,0.1,16,241.22000000000023,2,900,1,2.0,1,2,1,2.0,1,2,1,pérdida contigua en ensayo,True,1,1,0,0.0,1,1,0,0.0,100,304,30,True,0.3377777777777778,medio,354.0,medio,20-40,0,0,0,0
s03-r1-burst_trial-0.1,3,1,burst_trial-0.1,burst_trial,0.1,17,249.6480000000001,1,900,1,1.0,1,1,1,1.0,1,1,1,pérdida contigua en ensayo,True,1,1,0,0.0,1,1,0,0.0,100,10,31,True,0.011111111111111112,inicio,60.0,inicio,0-20,0,0,0,0
s03-r1-burst_trial-0.1,3,1,burst_trial-0.1,burst_trial,0.1,18,258.0159999999996,2,900,1,2.0,1,2,1,2.0,1,2,1,pérdida contigua en ensayo,True,1,1,0,0.0,1,1,0,0.0,100,587,32,True,0.6522222222222223,medio,637.0,medio,60-80,0,0,0,0
s03-r1-burst_trial-0.1,3,1,burst_trial-0.1,burst_trial,0.1,19,306.6279999999997,1,900,1,1.0,1,1,1,1.0,1,1,1,pérdida contigua en ensayo,True,1,1,0,0.0,1,1,0,0.0,100,448,38,True,0.49777777777777776,medio,498.0,medio,40-60,0,0,0,0
s03-r1-burst_trial-0.1,3,1,burst_trial-0.1,burst_trial,0.1,20,322.65200000000004,2,900,1,2.0,1,2,1,2.0,1,2,1,pérdida contigua en ensayo,True,1,1,0,0.0,1,1,0,0.0,100,382,40,True,0.42444444444444446,medio,432.0,medio,40-60,0,0,0,0
s03-r1-burst_trial-0.1,3,1,burst_trial-0.1,burst_trial,0.1,21,338.52400000000034,2,900,1,2.0,1,2,1,2.0,1,2,1,pérdida contigua en ensayo,True,1,1,0,0.0,1,1,0,0.0,100,410,42,True,0.45555555555555555,medio,460.0,medio,40-60,0,0,0,0
s03-r1-burst_trial-0.1,3,1,burst_trial-0.1,burst_trial,0.1,22,362.3360000000002,2,900,1,2.0,1,2,1,2.0,1,2,1,pérdida contigua en ensayo,True,1,1,0,0.0,1,1,0,0.0,100,580,45,True,0.6444444444444445,medio,630.0,medio,60-80,0,0,0,0
s03-r1-burst_trial-0.1,3,1,burst_trial-0.1,burst_trial,0.1,23,379.02800000000025,1,900,1,1.0,1,1,1,1.0,1,1,1,pérdida contigua en ensayo,True,1,1,0,0.0,1,1,0,0.0,100,679,47,True,0.7544444444444445,fin,729.0,fin,60-80,0,0,0,0
s03-r1-burst_trial-0.25,3,1,burst_trial-0.25,burst_trial,0.25,0,16.684000000000196,2,750,1,2.0,1,2,1,2.0,1,2,1,pérdida contigua en ensayo,True,1,1,0,0.0,1,1,0,0.0,250,600,2,True,0.8,fin,725.0,fin,60-80,0,0,0,0
s03-r1-burst_trial-0.25,3,1,burst_trial-0.25,burst_trial,0.25,1,24.49200000000019,1,750,1,1.0,1,1,1,1.0,1,1,1,pérdida contigua en ensayo,True,1,1,0,0.0,1,1,0,0.0,250,28,3,True,0.037333333333333336,inicio,153.0,inicio,0-20,0,0,0,0
s03-r1-burst_trial-0.25,3,1,burst_trial-0.25,burst_trial,0.25,2,32.52400000000034,1,750,1,2.0,1,2,1,1.0,1,1,1,pérdida contigua en ensayo,True,0,0,0,0.0,1,1,0,0.0,250,127,4,True,0.16933333333333334,inicio,252.0,inicio,0-20,0,0,0,0
s03-r1-burst_trial-0.25,3,1,burst_trial-0.25,burst_trial,0.25,3,40.96799999999985,2,750,1,2.0,1,2,1,2.0,1,2,1,pérdida contigua en ensayo,True,1,1,0,0.0,1,1,0,0.0,250,130,5,True,0.17333333333333334,inicio,255.0,inicio,0-20,0,0,0,0
s03-r1-burst_trial-0.25,3,1,burst_trial-0.25,burst_trial,0.25,4,64.5600000000004,2,750,1,2.0,1,2,1,2.0,1,2,1,pérdida contigua en ensayo,True,1,1,0,0.0,1,1,0,0.0,250,643,8,True,0.8573333333333333,fin,768.0,fin,80-100,0,0,0,0
s03-r1-burst_trial-0.25,3,1,burst_trial-0.25,burst_trial,0.25,5,80.17600000000039,1,750,1,1.0,1,1,1,1.0,1,1,1,pérdida contigua en ensayo,True,1,1,0,0.0,1,1,0,0.0,250,36,10,True,0.048,inicio,161.0,inicio,0-20,0,0,0,0
s03-r1-burst_trial-0.25,3,1,burst_trial-0.25,burst_trial,0.25,6,87.75600000000031,1,750,1,1.0,1,1,1,1.0,1,1,1,pérdida contigua en ensayo,True,1,1,0,0.0,1,1,0,0.0,250,348,11,True,0.464,medio,473.0,medio,40-60,0,0,0,0
s03-r1-burst_trial-0.25,3,1,burst_trial-0.25,burst_trial,0.25,7,95.64400000000025,1,750,1,1.0,1,2,1,1.0,1,1,1,pérdida contigua en ensayo,True,1,0,1,1.0,1,1,0,0.0,250,635,12,True,0.8466666666666667,fin,760.0,fin,80-100,0,1,0,0
s03-r1-burst_trial-0.25,3,1,burst_trial-0.25,burst_trial,0.25,8,111.28799999999956,2,750,1,2.0,1,2,1,2.0,1,2,1,pérdida contigua en ensayo,True,1,1,0,0.0,1,1,0,0.0,250,296,14,True,0.39466666666666667,medio,421.0,medio,20-40,0,0,0,0
s03-r1-burst_trial-0.25,3,1,burst_trial-0.25,burst_trial,0.25,9,119.76800000000004,2,750,1,2.0,1,2,1,2.0,1,2,1,pérdida contigua en ensayo,True,1,1,0,0.0,1,1,0,0.0,250,401,15,True,0.5346666666666666,medio,526.0,medio,40-60,0,0,0,0
s03-r1-burst_trial-0.25,3,1,burst_trial-0.25,burst_trial,0.25,10,127.80000000000018,1,750,1,1.0,1,1,1,1.0,1,1,1,pérdida contigua en ensayo,True,1,1,0,0.0,1,1,0,0.0,250,155,16,True,0.20666666666666667,inicio,280.0,inicio,20-40,0,0,0,0
s03-r1-burst_trial-0.25,3,1,burst_trial-0.25,burst_trial,0.25,11,136.0640000000003,1,750,1,1.0,1,1,1,1.0,1,1,1,pérdida contigua en ensayo,True,1,1,0,0.0,1,1,0,0.0,250,523,17,True,0.6973333333333334,fin,648.0,medio,60-80,0,0,0,0
s03-r1-burst_trial-0.25,3,1,burst_trial-0.25,burst_trial,0.25,12,152.47199999999975,1,750,1,1.0,1,1,1,2.0,1,1,1,pérdida contigua en ensayo,True,1,1,0,0.0,0,1,1,1.0,250,576,19,True,0.768,fin,701.0,fin,60-80,0,0,1,0
s03-r1-burst_trial-0.25,3,1,burst_trial-0.25,burst_trial,0.25,13,160.7520000000004,2,750,1,2.0,1,2,1,2.0,1,2,1,pérdida contigua en ensayo,True,1,1,0,0.0,1,1,0,0.0,250,574,20,True,0.7653333333333333,fin,699.0,fin,60-80,0,0,0,0
s03-r1-burst_trial-0.25,3,1,burst_trial-0.25,burst_trial,0.25,14,192.65599999999995,1,750,1,1.0,1,1,1,1.0,1,1,1,pérdida contigua en ensayo,True,1,1,0,0.0,1,1,0,0.0,250,383,24,True,0.5106666666666667,medio,508.0,medio,40-60,0,0,0,0
s03-r1-burst_trial-0.25,3,1,burst_trial-0.25,burst_trial,0.25,15,216.9319999999998,2,750,1,2.0,1,2,1,2.0,1,2,1,pérdida contigua en ensayo,True,1,1,0,0.0,1,1,0,0.0,250,29,27,True,0.03866666666666667,inicio,154.0,inicio,0-20,0,0,0,0
s03-r1-burst_trial-0.25,3,1,burst_trial-0.25,burst_trial,0.25,16,241.22000000000023,2,750,1,2.0,1,2,1,2.0,1,2,1,pérdida contigua en ensayo,True,1,1,0,0.0,1,1,0,0.0,250,471,30,True,0.628,medio,596.0,medio,60-80,0,0,0,0
s03-r1-burst_trial-0.25,3,1,burst_trial-0.25,burst_trial,0.25,17,249.6480000000001,1,750,1,1.0,1,1,1,1.0,1,1,1,pérdida contigua en ensayo,True,1,1,0,0.0,1,1,0,0.0,250,619,31,True,0.8253333333333334,fin,744.0,fin,80-100,0,0,0,0
s03-r1-burst_trial-0.25,3,1,burst_trial-0.25,burst_trial,0.25,18,258.0159999999996,2,750,1,2.0,1,2,1,2.0,1,2,1,pérdida contigua en ensayo,True,1,1,0,0.0,1,1,0,0.0,250,441,32,True,0.588,medio,566.0,medio,40-60,0,0,0,0
s03-r1-burst_trial-0.25,3,1,burst_trial-0.25,burst_trial,0.25,19,306.6279999999997,1,750,1,1.0,1,1,1,1.0,1,1,1,pérdida contigua en ensayo,True,1,1,0,0.0,1,1,0,0.0,250,554,38,True,0.7386666666666667,fin,679.0,fin,60-80,0,0,0,0
s03-r1-burst_trial-0.25,3,1,burst_trial-0.25,burst_trial,0.25,20,322.65200000000004,2,750,1,2.0,1,2,1,2.0,1,2,1,pérdida contigua en ensayo,True,1,1,0,0.0,1,1,0,0.0,250,363,40,True,0.484,medio,488.0,medio,40-60,0,0,0,0
s03-r1-burst_trial-0.25,3,1,burst_trial-0.25,burst_trial,0.25,21,338.52400000000034,2,750,1,2.0,1,2,1,2.0,1,2,1,pérdida contigua en ensayo,True,1,1,0,0.0,1,1,0,0.0,250,79,42,True,0.10533333333333333,inicio,204.0,inicio,0-20,0,0,0,0
s03-r1-burst_trial-0.25,3,1,burst_trial-0.25,burst_trial,0.25,22,362.3360000000002,2,750,1,2.0,1,2,1,2.0,1,2,1,pérdida contigua en ensayo,True,1,1,0,0.0,1,1,0,0.0,250,362,45,True,0.4826666666666667,medio,487.0,medio,40-60,0,0,0,0
s03-r1-burst_trial-0.25,3,1,burst_trial-0.25,burst_trial,0.25,23,379.02800000000025,1,750,1,1.0,1,1,1,1.0,1,1,1,pérdida contigua en ensayo,True,1,1,0,0.0,1,1,0,0.0,250,478,47,True,0.6373333333333333,medio,603.0,medio,60-80,0,0,0,0
s03-r1-burst_trial-0.4,3,1,burst_trial-0.4,burst_trial,0.4,0,16.684000000000196,2,600,1,2.0,1,2,1,2.0,1,2,1,pérdida contigua en ensayo,True,1,1,0,0.0,1,1,0,0.0,400,207,2,True,0.345,medio,407.0,medio,20-40,0,0,0,0
s03-r1-burst_trial-0.4,3,1,burst_trial-0.4,burst_trial,0.4,1,24.49200000000019,1,600,1,1.0,1,1,1,1.0,1,1,1,pérdida contigua en ensayo,True,1,1,0,0.0,1,1,0,0.0,400,444,3,True,0.74,fin,644.0,medio,60-80,0,0,0,0
s03-r1-burst_trial-0.4,3,1,burst_trial-0.4,burst_trial,0.4,2,32.52400000000034,1,600,1,1.0,1,2,1,1.0,1,1,1,pérdida contigua en ensayo,True,1,0,1,1.0,1,1,0,0.0,400,238,4,True,0.39666666666666667,medio,438.0,medio,20-40,0,1,0,0
s03-r1-burst_trial-0.4,3,1,burst_trial-0.4,burst_trial,0.4,3,40.96799999999985,2,600,1,2.0,1,2,1,2.0,1,2,1,pérdida contigua en ensayo,True,1,1,0,0.0,1,1,0,0.0,400,166,5,True,0.27666666666666667,inicio,366.0,medio,20-40,0,0,0,0
s03-r1-burst_trial-0.4,3,1,burst_trial-0.4,burst_trial,0.4,4,64.5600000000004,2,600,1,2.0,1,2,1,2.0,1,2,1,pérdida contigua en ensayo,True,1,1,0,0.0,1,1,0,0.0,400,73,8,True,0.12166666666666667,inicio,273.0,inicio,0-20,0,0,0,0
s03-r1-burst_trial-0.4,3,1,burst_trial-0.4,burst_trial,0.4,5,80.17600000000039,1,600,1,1.0,1,1,1,1.0,1,1,1,pérdida contigua en ensayo,True,1,1,0,0.0,1,1,0,0.0,400,10,10,True,0.016666666666666666,inicio,210.0,inicio,0-20,0,0,0,0
s03-r1-burst_trial-0.4,3,1,burst_trial-0.4,burst_trial,0.4,6,87.75600000000031,1,600,1,2.0,1,1,1,1.0,1,1,1,pérdida contigua en ensayo,True,0,1,1,1.0,1,1,0,0.0,400,434,11,True,0.7233333333333334,fin,634.0,medio,60-80,1,0,0,0
s03-r1-burst_trial-0.4,3,1,burst_trial-0.4,burst_trial,0.4,7,95.64400000000025,1,600,1,2.0,1,2,1,1.0,1,1,1,pérdida contigua en ensayo,True,0,0,0,0.0,1,1,0,0.0,400,84,12,True,0.14,inicio,284.0,inicio,0-20,0,0,0,0
s03-r1-burst_trial-0.4,3,1,burst_trial-0.4,burst_trial,0.4,8,111.28799999999956,2,600,1,2.0,1,2,1,2.0,1,2,1,pérdida contigua en ensayo,True,1,1,0,0.0,1,1,0,0.0,400,29,14,True,0.04833333333333333,inicio,229.0,inicio,0-20,0,0,0,0
s03-r1-burst_trial-0.4,3,1,burst_trial-0.4,burst_trial,0.4,9,119.76800000000004,2,600,1,2.0,1,2,1,2.0,1,2,1,pérdida contigua en ensayo,True,1,1,0,0.0,1,1,0,0.0,400,90,15,True,0.15,inicio,290.0,inicio,0-20,0,0,0,0
s03-r1-burst_trial-0.4,3,1,burst_trial-0.4,burst_trial,0.4,10,127.80000000000018,1,600,1,1.0,1,1,1,1.0,1,1,1,pérdida contigua en ensayo,True,1,1,0,0.0,1,1,0,0.0,400,411,16,True,0.685,fin,611.0,medio,60-80,0,0,0,0
s03-r1-burst_trial-0.4,3,1,burst_trial-0.4,burst_trial,0.4,11,136.0640000000003,1,600,1,1.0,1,1,1,1.0,1,1,1,pérdida contigua en ensayo,True,1,1,0,0.0,1,1,0,0.0,400,70,17,True,0.11666666666666667,inicio,270.0,inicio,0-20,0,0,0,0
s03-r1-burst_trial-0.4,3,1,burst_trial-0.4,burst_trial,0.4,12,152.47199999999975,1,600,1,1.0,1,1,1,1.0,1,1,1,pérdida contigua en ensayo,True,1,1,0,0.0,1,1,0,0.0,400,203,19,True,0.3383333333333333,medio,403.0,medio,20-40,0,0,0,0
s03-r1-burst_trial-0.4,3,1,burst_trial-0.4,burst_trial,0.4,13,160.7520000000004,2,600,1,2.0,1,2,1,2.0,1,2,1,pérdida contigua en ensayo,True,1,1,0,0.0,1,1,0,0.0,400,530,20,True,0.8833333333333333,fin,730.0,fin,80-100,0,0,0,0
s03-r1-burst_trial-0.4,3,1,burst_trial-0.4,burst_trial,0.4,14,192.65599999999995,1,600,1,1.0,1,1,1,1.0,1,1,1,pérdida contigua en ensayo,True,1,1,0,0.0,1,1,0,0.0,400,501,24,True,0.835,fin,701.0,fin,80-100,0,0,0,0
s03-r1-burst_trial-0.4,3,1,burst_trial-0.4,burst_trial,0.4,15,216.9319999999998,2,600,1,2.0,1,2,1,2.0,1,2,1,pérdida contigua en ensayo,True,1,1,0,0.0,1,1,0,0.0,400,504,27,True,0.84,fin,704.0,fin,80-100,0,0,0,0
s03-r1-burst_trial-0.4,3,1,burst_trial-0.4,burst_trial,0.4,16,241.22000000000023,2,600,1,2.0,1,2,1,2.0,1,2,1,pérdida contigua en ensayo,True,1,1,0,0.0,1,1,0,0.0,400,331,30,True,0.5516666666666666,medio,531.0,medio,40-60,0,0,0,0
s03-r1-burst_trial-0.4,3,1,burst_trial-0.4,burst_trial,0.4,17,249.6480000000001,1,600,1,1.0,1,1,1,1.0,1,1,1,pérdida contigua en ensayo,True,1,1,0,0.0,1,1,0,0.0,400,17,31,True,0.028333333333333332,inicio,217.0,inicio,0-20,0,0,0,0
s03-r1-burst_trial-0.4,3,1,burst_trial-0.4,burst_trial,0.4,18,258.0159999999996,2,600,1,2.0,1,2,1,2.0,1,2,1,pérdida contigua en ensayo,True,1,1,0,0.0,1,1,0,0.0,400,449,32,True,0.7483333333333333,fin,649.0,medio,60-80,0,0,0,0
s03-r1-burst_trial-0.4,3,1,burst_trial-0.4,burst_trial,0.4,19,306.6279999999997,1,600,1,1.0,1,1,1,1.0,1,1,1,pérdida contigua en ensayo,True,1,1,0,0.0,1,1,0,0.0,400,252,38,True,0.42,medio,452.0,medio,40-60,0,0,0,0
s03-r1-burst_trial-0.4,3,1,burst_trial-0.4,burst_trial,0.4,20,322.65200000000004,2,600,1,2.0,1,2,1,2.0,1,2,1,pérdida contigua en ensayo,True,1,1,0,0.0,1,1,0,0.0,400,118,40,True,0.19666666666666666,inicio,318.0,inicio,0-20,0,0,0,0
s03-r1-burst_trial-0.4,3,1,burst_trial-0.4,burst_trial,0.4,21,338.52400000000034,2,600,1,2.0,1,2,1,2.0,1,2,1,pérdida contigua en ensayo,True,1,1,0,0.0,1,1,0,0.0,400,398,42,True,0.6633333333333333,medio,598.0,medio,60-80,0,0,0,0
s03-r1-burst_trial-0.4,3,1,burst_trial-0.4,burst_trial,0.4,22,362.3360000000002,2,600,1,2.0,1,2,1,2.0,1,2,1,pérdida contigua en ensayo,True,1,1,0,0.0,1,1,0,0.0,400,516,45,True,0.86,fin,716.0,fin,80-100,0,0,0,0
s03-r1-burst_trial-0.4,3,1,burst_trial-0.4,burst_trial,0.4,23,379.02800000000025,1,600,1,1.0,1,1,1,1.0,1,1,1,pérdida contigua en ensayo,True,1,1,0,0.0,1,1,0,0.0,400,311,47,True,0.5183333333333333,medio,511.0,medio,40-60,0,0,0,0
s03-r2-burst_trial-0.1,3,2,burst_trial-0.1,burst_trial,0.1,0,1.0,1,900,1,1.0,1,1,1,1.0,1,1,1,pérdida contigua en ensayo,True,1,1,0,0.0,1,1,0,0.0,100,879,0,True,0.9766666666666667,fin,929.0,fin,80-100,0,0,0,0
s03-r2-burst_trial-0.1,3,2,burst_trial-0.1,burst_trial,0.1,1,9.012000000000626,1,900,1,1.0,1,1,1,1.0,1,1,1,pérdida contigua en ensayo,True,1,1,0,0.0,1,1,0,0.0,100,873,1,True,0.97,fin,923.0,fin,80-100,0,0,0,0
s03-r2-burst_trial-0.1,3,2,burst_trial-0.1,burst_trial,0.1,2,24.49200000000019,2,900,1,2.0,1,2,1,2.0,1,2,1,pérdida contigua en ensayo,True,1,1,0,0.0,1,1,0,0.0,100,295,3,True,0.3277777777777778,inicio,345.0,medio,20-40,0,0,0,0
s03-r2-burst_trial-0.1,3,2,burst_trial-0.1,burst_trial,0.1,3,32.52399999999943,1,900,1,1.0,1,1,1,1.0,1,1,1,pérdida contigua en ensayo,True,1,1,0,0.0,1,1,0,0.0,100,569,4,True,0.6322222222222222,medio,619.0,medio,60-80,0,0,0,0
s03-r2-burst_trial-0.1,3,2,burst_trial-0.1,burst_trial,0.1,4,48.63600000000042,1,900,1,1.0,1,1,1,1.0,1,1,1,pérdida contigua en ensayo,True,1,1,0,0.0,1,1,0,0.0,100,522,6,True,0.58,medio,572.0,medio,40-60,0,0,0,0
s03-r2-burst_trial-0.1,3,2,burst_trial-0.1,burst_trial,0.1,5,64.55999999999949,2,900,1,2.0,1,2,1,2.0,1,2,1,pérdida contigua en ensayo,True,1,1,0,0.0,1,1,0,0.0,100,481,8,True,0.5344444444444445,medio,531.0,medio,40-60,0,0,0,0
s03-r2-burst_trial-0.1,3,2,burst_trial-0.1,burst_trial,0.1,6,80.17599999999948,1,900,1,1.0,1,1,1,1.0,1,1,1,pérdida contigua en ensayo,True,1,1,0,0.0,1,1,0,0.0,100,384,10,True,0.4266666666666667,medio,434.0,medio,40-60,0,0,0,0
s03-r2-burst_trial-0.1,3,2,burst_trial-0.1,burst_trial,0.1,7,103.42000000000009,1,900,1,2.0,1,1,1,1.0,1,1,1,pérdida contigua en ensayo,True,0,1,1,1.0,1,1,0,0.0,100,351,13,True,0.39,medio,401.0,medio,20-40,1,0,0,0
s03-r2-burst_trial-0.1,3,2,burst_trial-0.1,burst_trial,0.1,8,119.76800000000004,2,900,1,2.0,1,2,1,2.0,1,2,1,pérdida contigua en ensayo,True,1,1,0,0.0,1,1,0,0.0,100,57,15,True,0.06333333333333334,inicio,107.0,inicio,0-20,0,0,0,0
s03-r2-burst_trial-0.1,3,2,burst_trial-0.1,burst_trial,0.1,9,160.7520000000004,1,900,1,1.0,1,1,1,1.0,1,1,1,pérdida contigua en ensayo,True,1,1,0,0.0,1,1,0,0.0,100,218,20,True,0.24222222222222223,inicio,268.0,inicio,20-40,0,0,0,0
s03-r2-burst_trial-0.1,3,2,burst_trial-0.1,burst_trial,0.1,10,176.71999999999937,2,900,1,2.0,1,2,1,2.0,1,2,1,pérdida contigua en ensayo,True,1,1,0,0.0,1,1,0,0.0,100,691,22,True,0.7677777777777778,fin,741.0,fin,60-80,0,0,0,0
s03-r2-burst_trial-0.1,3,2,burst_trial-0.1,burst_trial,0.1,11,192.6560000000009,2,900,1,2.0,1,2,1,2.0,1,2,1,pérdida contigua en ensayo,True,1,1,0,0.0,1,1,0,0.0,100,166,24,True,0.18444444444444444,inicio,216.0,inicio,0-20,0,0,0,0
s03-r2-burst_trial-0.1,3,2,burst_trial-0.1,burst_trial,0.1,12,200.5,1,900,1,1.0,1,1,1,1.0,1,1,1,pérdida contigua en ensayo,True,1,1,0,0.0,1,1,0,0.0,100,416,25,True,0.4622222222222222,medio,466.0,medio,40-60,0,0,0,0
s03-r2-burst_trial-0.1,3,2,burst_trial-0.1,burst_trial,0.1,13,216.9320000000007,2,900,1,2.0,1,2,1,2.0,1,2,1,pérdida contigua en ensayo,True,1,1,0,0.0,1,1,0,0.0,100,262,27,True,0.2911111111111111,inicio,312.0,inicio,20-40,0,0,0,0
s03-r2-burst_trial-0.1,3,2,burst_trial-0.1,burst_trial,0.1,14,224.83200000000036,1,900,1,1.0,1,1,1,1.0,1,1,1,pérdida contigua en ensayo,True,1,1,0,0.0,1,1,0,0.0,100,721,28,True,0.8011111111111111,fin,771.0,fin,80-100,0,0,0,0
s03-r2-burst_trial-0.1,3,2,burst_trial-0.1,burst_trial,0.1,15,249.64799999999923,1,900,1,1.0,1,1,1,1.0,1,1,1,pérdida contigua en ensayo,True,1,1,0,0.0,1,1,0,0.0,100,602,31,True,0.6688888888888889,fin,652.0,medio,60-80,0,0,0,0
s03-r2-burst_trial-0.1,3,2,burst_trial-0.1,burst_trial,0.1,16,282.8080000000009,2,900,1,2.0,1,2,1,2.0,1,2,1,pérdida contigua en ensayo,True,1,1,0,0.0,1,1,0,0.0,100,205,35,True,0.22777777777777777,inicio,255.0,inicio,20-40,0,0,0,0
s03-r2-burst_trial-0.1,3,2,burst_trial-0.1,burst_trial,0.1,17,290.88800000000083,1,900,1,1.0,1,1,1,1.0,1,1,1,pérdida contigua en ensayo,True,1,1,0,0.0,1,1,0,0.0,100,866,36,True,0.9622222222222222,fin,916.0,fin,80-100,0,0,0,0
s03-r2-burst_trial-0.1,3,2,burst_trial-0.1,burst_trial,0.1,18,298.77599999999984,2,900,1,2.0,1,2,1,2.0,1,2,1,pérdida contigua en ensayo,True,1,1,0,0.0,1,1,0,0.0,100,329,37,True,0.3655555555555556,medio,379.0,medio,20-40,0,0,0,0
s03-r2-burst_trial-0.1,3,2,burst_trial-0.1,burst_trial,0.1,19,314.3279999999995,2,900,1,2.0,1,2,1,2.0,1,2,1,pérdida contigua en ensayo,True,1,1,0,0.0,1,1,0,0.0,100,527,39,True,0.5855555555555556,medio,577.0,medio,40-60,0,0,0,0
s03-r2-burst_trial-0.1,3,2,burst_trial-0.1,burst_trial,0.1,20,338.52399999999943,2,900,1,2.0,1,2,1,2.0,1,2,1,pérdida contigua en ensayo,True,1,1,0,0.0,1,1,0,0.0,100,817,42,True,0.9077777777777778,fin,867.0,fin,80-100,0,0,0,0
s03-r2-burst_trial-0.1,3,2,burst_trial-0.1,burst_trial,0.1,21,347.0,2,900,1,2.0,1,2,1,2.0,1,2,1,pérdida contigua en ensayo,True,1,1,0,0.0,1,1,0,0.0,100,119,43,True,0.1322222222222222,inicio,169.0,inicio,0-20,0,0,0,0
s03-r2-burst_trial-0.1,3,2,burst_trial-0.1,burst_trial,0.1,22,354.6239999999998,2,900,1,2.0,1,2,1,2.0,1,2,1,pérdida contigua en ensayo,True,1,1,0,0.0,1,1,0,0.0,100,877,44,True,0.9744444444444444,fin,927.0,fin,80-100,0,0,0,0
s03-r2-burst_trial-0.1,3,2,burst_trial-0.1,burst_trial,0.1,23,379.02800000000025,1,900,1,2.0,1,2,1,1.0,1,1,1,pérdida contigua en ensayo,True,0,0,0,0.0,1,1,0,0.0,100,3,47,True,0.0033333333333333335,inicio,53.0,inicio,0-20,0,0,0,0
s03-r2-burst_trial-0.25,3,2,burst_trial-0.25,burst_trial,0.25,0,1.0,1,750,1,1.0,1,1,1,1.0,1,1,1,pérdida contigua en ensayo,True,1,1,0,0.0,1,1,0,0.0,250,617,0,True,0.8226666666666667,fin,742.0,fin,80-100,0,0,0,0
s03-r2-burst_trial-0.25,3,2,burst_trial-0.25,burst_trial,0.25,1,9.012000000000626,1,750,1,1.0,1,1,1,1.0,1,1,1,pérdida contigua en ensayo,True,1,1,0,0.0,1,1,0,0.0,250,550,1,True,0.7333333333333333,fin,675.0,fin,60-80,0,0,0,0
s03-r2-burst_trial-0.25,3,2,burst_trial-0.25,burst_trial,0.25,2,24.49200000000019,2,750,1,2.0,1,2,1,2.0,1,2,1,pérdida contigua en ensayo,True,1,1,0,0.0,1,1,0,0.0,250,603,3,True,0.804,fin,728.0,fin,80-100,0,0,0,0
s03-r2-burst_trial-0.25,3,2,burst_trial-0.25,burst_trial,0.25,3,32.52399999999943,1,750,1,1.0,1,1,1,1.0,1,1,1,pérdida contigua en ensayo,True,1,1,0,0.0,1,1,0,0.0,250,479,4,True,0.6386666666666667,medio,604.0,medio,60-80,0,0,0,0
s03-r2-burst_trial-0.25,3,2,burst_trial-0.25,burst_trial,0.25,4,48.63600000000042,1,750,1,1.0,1,1,1,1.0,1,1,1,pérdida contigua en ensayo,True,1,1,0,0.0,1,1,0,0.0,250,382,6,True,0.5093333333333333,medio,507.0,medio,40-60,0,0,0,0
s03-r2-burst_trial-0.25,3,2,burst_trial-0.25,burst_trial,0.25,5,64.55999999999949,2,750,1,2.0,1,2,1,2.0,1,2,1,pérdida contigua en ensayo,True,1,1,0,0.0,1,1,0,0.0,250,204,8,True,0.272,inicio,329.0,inicio,20-40,0,0,0,0
s03-r2-burst_trial-0.25,3,2,burst_trial-0.25,burst_trial,0.25,6,80.17599999999948,1,750,1,1.0,1,1,1,1.0,1,1,1,pérdida contigua en ensayo,True,1,1,0,0.0,1,1,0,0.0,250,620,10,True,0.8266666666666667,fin,745.0,fin,80-100,0,0,0,0
s03-r2-burst_trial-0.25,3,2,burst_trial-0.25,burst_trial,0.25,7,103.42000000000009,1,750,1,2.0,1,1,1,1.0,1,1,1,pérdida contigua en ensayo,True,0,1,1,1.0,1,1,0,0.0,250,139,13,True,0.18533333333333332,inicio,264.0,inicio,0-20,1,0,0,0
s03-r2-burst_trial-0.25,3,2,burst_trial-0.25,burst_trial,0.25,8,119.76800000000004,2,750,1,2.0,1,2,1,2.0,1,2,1,pérdida contigua en ensayo,True,1,1,0,0.0,1,1,0,0.0,250,258,15,True,0.344,medio,383.0,medio,20-40,0,0,0,0
s03-r2-burst_trial-0.25,3,2,burst_trial-0.25,burst_trial,0.25,9,160.7520000000004,1,750,1,2.0,1,1,1,2.0,1,1,1,pérdida contigua en ensayo,True,0,1,1,1.0,0,1,1,1.0,250,552,20,True,0.736,fin,677.0,fin,60-80,1,0,1,0
s03-r2-burst_trial-0.25,3,2,burst_trial-0.25,burst_trial,0.25,10,176.71999999999937,2,750,1,2.0,1,2,1,2.0,1,2,1,pérdida contigua en ensayo,True,1,1,0,0.0,1,1,0,0.0,250,538,22,True,0.7173333333333334,fin,663.0,medio,60-80,0,0,0,0
s03-r2-burst_trial-0.25,3,2,burst_trial-0.25,burst_trial,0.25,11,192.6560000000009,2,750,1,2.0,1,2,1,2.0,1,2,1,pérdida contigua en ensayo,True,1,1,0,0.0,1,1,0,0.0,250,120,24,True,0.16,inicio,245.0,inicio,0-20,0,0,0,0
s03-r2-burst_trial-0.25,3,2,burst_trial-0.25,burst_trial,0.25,12,200.5,1,750,1,1.0,1,1,1,1.0,1,1,1,pérdida contigua en ensayo,True,1,1,0,0.0,1,1,0,0.0,250,53,25,True,0.07066666666666667,inicio,178.0,inicio,0-20,0,0,0,0
s03-r2-burst_trial-0.25,3,2,burst_trial-0.25,burst_trial,0.25,13,216.9320000000007,2,750,1,2.0,1,2,1,2.0,1,2,1,pérdida contigua en ensayo,True,1,1,0,0.0,1,1,0,0.0,250,742,27,True,0.9893333333333333,fin,867.0,fin,80-100,0,0,0,0
s03-r2-burst_trial-0.25,3,2,burst_trial-0.25,burst_trial,0.25,14,224.83200000000036,1,750,1,1.0,1,1,1,1.0,1,1,1,pérdida contigua en ensayo,True,1,1,0,0.0,1,1,0,0.0,250,525,28,True,0.7,fin,650.0,medio,60-80,0,0,0,0
s03-r2-burst_trial-0.25,3,2,burst_trial-0.25,burst_trial,0.25,15,249.64799999999923,1,750,1,1.0,1,1,1,1.0,1,1,1,pérdida contigua en ensayo,True,1,1,0,0.0,1,1,0,0.0,250,319,31,True,0.42533333333333334,medio,444.0,medio,40-60,0,0,0,0
s03-r2-burst_trial-0.25,3,2,burst_trial-0.25,burst_trial,0.25,16,282.8079999999991,2,750,1,2.0,1,2,1,2.0,1,2,1,pérdida contigua en ensayo,True,1,1,0,0.0,1,1,0,0.0,250,305,35,True,0.4066666666666667,medio,430.0,medio,40-60,0,0,0,0
s03-r2-burst_trial-0.25,3,2,burst_trial-0.25,burst_trial,0.25,17,290.88800000000083,1,750,1,2.0,1,1,1,1.0,1,1,1,pérdida contigua en ensayo,True,0,1,1,1.0,1,1,0,0.0,250,410,36,True,0.5466666666666666,medio,535.0,medio,40-60,1,0,0,0
s03-r2-burst_trial-0.25,3,2,burst_trial-0.25,burst_trial,0.25,18,298.77599999999984,2,750,1,2.0,1,2,1,2.0,1,2,1,pérdida contigua en ensayo,True,1,1,0,0.0,1,1,0,0.0,250,344,37,True,0.45866666666666667,medio,469.0,medio,40-60,0,0,0,0
s03-r2-burst_trial-0.25,3,2,burst_trial-0.25,burst_trial,0.25,19,314.3279999999995,2,750,1,2.0,1,2,1,2.0,1,2,1,pérdida contigua en ensayo,True,1,1,0,0.0,1,1,0,0.0,250,300,39,True,0.4,medio,425.0,medio,20-40,0,0,0,0
s03-r2-burst_trial-0.25,3,2,burst_trial-0.25,burst_trial,0.25,20,338.52399999999943,2,750,1,2.0,1,2,1,2.0,1,2,1,pérdida contigua en ensayo,True,1,1,0,0.0,1,1,0,0.0,250,222,42,True,0.296,inicio,347.0,medio,20-40,0,0,0,0
s03-r2-burst_trial-0.25,3,2,burst_trial-0.25,burst_trial,0.25,21,347.0,2,750,1,2.0,1,2,1,2.0,1,2,1,pérdida contigua en ensayo,True,1,1,0,0.0,1,1,0,0.0,250,673,43,True,0.8973333333333333,fin,798.0,fin,80-100,0,0,0,0
s03-r2-burst_trial-0.25,3,2,burst_trial-0.25,burst_trial,0.25,22,354.6239999999998,2,750,1,2.0,1,2,1,2.0,1,2,1,pérdida contigua en ensayo,True,1,1,0,0.0,1,1,0,0.0,250,647,44,True,0.8626666666666667,fin,772.0,fin,80-100,0,0,0,0
s03-r2-burst_trial-0.25,3,2,burst_trial-0.25,burst_trial,0.25,23,379.02800000000025,1,750,1,2.0,1,2,1,2.0,1,1,1,pérdida contigua en ensayo,True,0,0,0,0.0,0,1,1,1.0,250,316,47,True,0.42133333333333334,medio,441.0,medio,40-60,0,0,1,0
s03-r2-burst_trial-0.4,3,2,burst_trial-0.4,burst_trial,0.4,0,1.0,1,600,1,1.0,1,1,1,1.0,1,1,1,pérdida contigua en ensayo,True,1,1,0,0.0,1,1,0,0.0,400,550,0,True,0.9166666666666666,fin,750.0,fin,80-100,0,0,0,0
s03-r2-burst_trial-0.4,3,2,burst_trial-0.4,burst_trial,0.4,1,9.012000000000626,1,600,1,1.0,1,1,1,1.0,1,1,1,pérdida contigua en ensayo,True,1,1,0,0.0,1,1,0,0.0,400,450,1,True,0.75,fin,650.0,medio,60-80,0,0,0,0
s03-r2-burst_trial-0.4,3,2,burst_trial-0.4,burst_trial,0.4,2,24.49200000000019,2,600,1,2.0,1,2,1,2.0,1,2,1,pérdida contigua en ensayo,True,1,1,0,0.0,1,1,0,0.0,400,510,3,True,0.85,fin,710.0,fin,80-100,0,0,0,0
s03-r2-burst_trial-0.4,3,2,burst_trial-0.4,burst_trial,0.4,3,32.52399999999943,1,600,1,1.0,1,1,1,1.0,1,1,1,pérdida contigua en ensayo,True,1,1,0,0.0,1,1,0,0.0,400,409,4,True,0.6816666666666666,fin,609.0,medio,60-80,0,0,0,0
s03-r2-burst_trial-0.4,3,2,burst_trial-0.4,burst_trial,0.4,4,48.63600000000042,1,600,1,1.0,1,1,1,1.0,1,1,1,pérdida contigua en ensayo,True,1,1,0,0.0,1,1,0,0.0,400,290,6,True,0.48333333333333334,medio,490.0,medio,40-60,0,0,0,0
s03-r2-burst_trial-0.4,3,2,burst_trial-0.4,burst_trial,0.4,5,64.55999999999949,2,600,1,2.0,1,2,1,2.0,1,2,1,pérdida contigua en ensayo,True,1,1,0,0.0,1,1,0,0.0,400,50,8,True,0.08333333333333333,inicio,250.0,inicio,0-20,0,0,0,0
s03-r2-burst_trial-0.4,3,2,burst_trial-0.4,burst_trial,0.4,6,80.17599999999948,1,600,1,2.0,1,1,1,1.0,1,1,1,pérdida contigua en ensayo,True,0,1,1,1.0,1,1,0,0.0,400,126,10,True,0.21,inicio,326.0,inicio,20-40,1,0,0,0
s03-r2-burst_trial-0.4,3,2,burst_trial-0.4,burst_trial,0.4,7,103.42000000000009,1,600,1,1.0,1,1,1,1.0,1,1,1,pérdida contigua en ensayo,True,1,1,0,0.0,1,1,0,0.0,400,455,13,True,0.7583333333333333,fin,655.0,medio,60-80,0,0,0,0
s03-r2-burst_trial-0.4,3,2,burst_trial-0.4,burst_trial,0.4,8,119.76800000000004,2,600,1,2.0,1,2,1,2.0,1,2,1,pérdida contigua en ensayo,True,1,1,0,0.0,1,1,0,0.0,400,322,15,True,0.5366666666666666,medio,522.0,medio,40-60,0,0,0,0
s03-r2-burst_trial-0.4,3,2,burst_trial-0.4,burst_trial,0.4,9,160.7520000000004,1,600,1,2.0,1,1,1,2.0,1,1,1,pérdida contigua en ensayo,True,0,1,1,1.0,0,1,1,1.0,400,589,20,True,0.9816666666666667,fin,789.0,fin,80-100,1,0,1,0
s03-r2-burst_trial-0.4,3,2,burst_trial-0.4,burst_trial,0.4,10,176.71999999999937,2,600,1,2.0,1,2,1,2.0,1,2,1,pérdida contigua en ensayo,True,1,1,0,0.0,1,1,0,0.0,400,375,22,True,0.625,medio,575.0,medio,60-80,0,0,0,0
s03-r2-burst_trial-0.4,3,2,burst_trial-0.4,burst_trial,0.4,11,192.6560000000009,2,600,1,2.0,1,2,1,2.0,1,2,1,pérdida contigua en ensayo,True,1,1,0,0.0,1,1,0,0.0,400,149,24,True,0.24833333333333332,inicio,349.0,medio,20-40,0,0,0,0
s03-r2-burst_trial-0.4,3,2,burst_trial-0.4,burst_trial,0.4,12,200.5,1,600,1,1.0,1,1,1,2.0,1,1,1,pérdida contigua en ensayo,True,1,1,0,0.0,0,1,1,1.0,400,211,25,True,0.3516666666666667,medio,411.0,medio,20-40,0,0,1,0
s03-r2-burst_trial-0.4,3,2,burst_trial-0.4,burst_trial,0.4,13,216.9320000000007,2,600,1,2.0,1,2,1,2.0,1,2,1,pérdida contigua en ensayo,True,1,1,0,0.0,1,1,0,0.0,400,171,27,True,0.285,inicio,371.0,medio,20-40,0,0,0,0
s03-r2-burst_trial-0.4,3,2,burst_trial-0.4,burst_trial,0.4,14,224.83200000000036,1,600,1,1.0,1,1,1,1.0,1,1,1,pérdida contigua en ensayo,True,1,1,0,0.0,1,1,0,0.0,400,8,28,True,0.013333333333333334,inicio,208.0,inicio,0-20,0,0,0,0
s03-r2-burst_trial-0.4,3,2,burst_trial-0.4,burst_trial,0.4,15,249.64799999999923,1,600,1,1.0,1,1,1,1.0,1,1,1,pérdida contigua en ensayo,True,1,1,0,0.0,1,1,0,0.0,400,241,31,True,0.40166666666666667,medio,441.0,medio,40-60,0,0,0,0
s03-r2-burst_trial-0.4,3,2,burst_trial-0.4,burst_trial,0.4,16,282.8079999999991,2,600,1,2.0,1,2,1,2.0,1,2,1,pérdida contigua en ensayo,True,1,1,0,0.0,1,1,0,0.0,400,416,35,True,0.6933333333333334,fin,616.0,medio,60-80,0,0,0,0
s03-r2-burst_trial-0.4,3,2,burst_trial-0.4,burst_trial,0.4,17,290.88800000000083,1,600,1,1.0,1,1,1,1.0,1,1,1,pérdida contigua en ensayo,True,1,1,0,0.0,1,1,0,0.0,400,537,36,True,0.895,fin,737.0,fin,80-100,0,0,0,0
s03-r2-burst_trial-0.4,3,2,burst_trial-0.4,burst_trial,0.4,18,298.77599999999984,2,600,1,2.0,1,2,1,2.0,1,2,1,pérdida contigua en ensayo,True,1,1,0,0.0,1,1,0,0.0,400,237,37,True,0.395,medio,437.0,medio,20-40,0,0,0,0
s03-r2-burst_trial-0.4,3,2,burst_trial-0.4,burst_trial,0.4,19,314.3279999999995,2,600,1,2.0,1,2,1,2.0,1,2,1,pérdida contigua en ensayo,True,1,1,0,0.0,1,1,0,0.0,400,547,39,True,0.9116666666666666,fin,747.0,fin,80-100,0,0,0,0
s03-r2-burst_trial-0.4,3,2,burst_trial-0.4,burst_trial,0.4,20,338.52399999999943,2,600,1,2.0,1,2,1,2.0,1,2,1,pérdida contigua en ensayo,True,1,1,0,0.0,1,1,0,0.0,400,195,42,True,0.325,inicio,395.0,medio,20-40,0,0,0,0
s03-r2-burst_trial-0.4,3,2,burst_trial-0.4,burst_trial,0.4,21,347.0,2,600,1,2.0,1,2,1,2.0,1,2,1,pérdida contigua en ensayo,True,1,1,0,0.0,1,1,0,0.0,400,453,43,True,0.755,fin,653.0,medio,60-80,0,0,0,0
s03-r2-burst_trial-0.4,3,2,burst_trial-0.4,burst_trial,0.4,22,354.6239999999998,2,600,1,2.0,1,2,1,2.0,1,2,1,pérdida contigua en ensayo,True,1,1,0,0.0,1,1,0,0.0,400,126,44,True,0.21,inicio,326.0,inicio,20-40,0,0,0,0
s03-r2-burst_trial-0.4,3,2,burst_trial-0.4,burst_trial,0.4,23,379.02800000000025,1,600,1,2.0,1,2,1,1.0,1,1,1,pérdida contigua en ensayo,True,0,0,0,0.0,1,1,0,0.0,400,569,47,True,0.9483333333333334,fin,769.0,fin,80-100,0,0,0,0
s03-r3-burst_trial-0.1,3,3,burst_trial-0.1,burst_trial,0.1,0,1.0,2,900,1,2.0,1,2,1,1.0,1,2,1,pérdida contigua en ensayo,True,1,1,0,0.0,0,1,1,1.0,100,763,0,True,0.8477777777777777,fin,813.0,fin,80-100,0,0,1,0
s03-r3-burst_trial-0.1,3,3,burst_trial-0.1,burst_trial,0.1,1,16.684000000001106,1,900,1,1.0,1,1,1,1.0,1,1,1,pérdida contigua en ensayo,True,1,1,0,0.0,1,1,0,0.0,100,855,2,True,0.95,fin,905.0,fin,80-100,0,0,0,0
s03-r3-burst_trial-0.1,3,3,burst_trial-0.1,burst_trial,0.1,2,48.6359999999986,1,900,1,2.0,1,2,1,2.0,1,2,1,pérdida contigua en ensayo,True,0,0,0,0.0,0,0,0,0.0,100,408,6,True,0.4533333333333333,medio,458.0,medio,40-60,0,0,0,0
s03-r3-burst_trial-0.1,3,3,burst_trial-0.1,burst_trial,0.1,3,56.83599999999933,1,900,1,1.0,1,1,1,1.0,1,1,1,pérdida contigua en ensayo,True,1,1,0,0.0,1,1,0,0.0,100,61,7,True,0.06777777777777778,inicio,111.0,inicio,0-20,0,0,0,0
s03-r3-burst_trial-0.1,3,3,burst_trial-0.1,burst_trial,0.1,4,72.55199999999968,2,900,1,2.0,1,2,1,2.0,1,2,1,pérdida contigua en ensayo,True,1,1,0,0.0,1,1,0,0.0,100,121,9,True,0.13444444444444445,inicio,171.0,inicio,0-20,0,0,0,0
s03-r3-burst_trial-0.1,3,3,burst_trial-0.1,burst_trial,0.1,5,103.41999999999824,2,900,1,2.0,1,2,1,2.0,1,2,1,pérdida contigua en ensayo,True,1,1,0,0.0,1,1,0,0.0,100,180,13,True,0.2,inicio,230.0,inicio,0-20,0,0,0,0
s03-r3-burst_trial-0.1,3,3,burst_trial-0.1,burst_trial,0.1,6,111.28800000000048,1,900,1,1.0,1,1,1,2.0,1,1,1,pérdida contigua en ensayo,True,1,1,0,0.0,0,1,1,1.0,100,644,14,True,0.7155555555555555,fin,694.0,fin,60-80,0,0,1,0
s03-r3-burst_trial-0.1,3,3,burst_trial-0.1,burst_trial,0.1,7,127.79999999999929,2,900,1,2.0,1,2,1,2.0,1,2,1,pérdida contigua en ensayo,True,1,1,0,0.0,1,1,0,0.0,100,361,16,True,0.4011111111111111,medio,411.0,medio,40-60,0,0,0,0
s03-r3-burst_trial-0.1,3,3,burst_trial-0.1,burst_trial,0.1,8,144.20799999999872,1,900,1,1.0,1,1,1,1.0,1,1,1,pérdida contigua en ensayo,True,1,1,0,0.0,1,1,0,0.0,100,290,18,True,0.32222222222222224,inicio,340.0,medio,20-40,0,0,0,0
s03-r3-burst_trial-0.1,3,3,burst_trial-0.1,burst_trial,0.1,9,169.07200000000012,2,900,1,2.0,1,2,1,2.0,1,2,1,pérdida contigua en ensayo,True,1,1,0,0.0,1,1,0,0.0,100,508,21,True,0.5644444444444444,medio,558.0,medio,40-60,0,0,0,0
s03-r3-burst_trial-0.1,3,3,burst_trial-0.1,burst_trial,0.1,10,192.65599999999904,1,900,1,1.0,1,1,1,1.0,1,1,1,pérdida contigua en ensayo,True,1,1,0,0.0,1,1,0,0.0,100,704,24,True,0.7822222222222223,fin,754.0,fin,60-80,0,0,0,0
s03-r3-burst_trial-0.1,3,3,burst_trial-0.1,burst_trial,0.1,11,200.5,2,900,1,2.0,1,2,1,2.0,1,2,1,pérdida contigua en ensayo,True,1,1,0,0.0,1,1,0,0.0,100,221,25,True,0.24555555555555555,inicio,271.0,inicio,20-40,0,0,0,0
s03-r3-burst_trial-0.1,3,3,burst_trial-0.1,burst_trial,0.1,12,208.91600000000108,2,900,1,2.0,1,2,1,2.0,1,2,1,pérdida contigua en ensayo,True,1,1,0,0.0,1,1,0,0.0,100,181,26,True,0.2011111111111111,inicio,231.0,inicio,20-40,0,0,0,0
s03-r3-burst_trial-0.1,3,3,burst_trial-0.1,burst_trial,0.1,13,232.9360000000015,2,900,1,2.0,1,2,1,2.0,1,2,1,pérdida contigua en ensayo,True,1,1,0,0.0,1,1,0,0.0,100,879,29,True,0.9766666666666667,fin,929.0,fin,80-100,0,0,0,0
s03-r3-burst_trial-0.1,3,3,burst_trial-0.1,burst_trial,0.1,14,241.2200000000012,1,900,1,1.0,1,1,1,1.0,1,1,1,pérdida contigua en ensayo,True,1,1,0,0.0,1,1,0,0.0,100,579,30,True,0.6433333333333333,medio,629.0,medio,60-80,0,0,0,0
s03-r3-burst_trial-0.1,3,3,burst_trial-0.1,burst_trial,0.1,15,249.64800000000105,1,900,1,1.0,1,1,1,1.0,1,1,1,pérdida contigua en ensayo,True,1,1,0,0.0,1,1,0,0.0,100,144,31,True,0.16,inicio,194.0,inicio,0-20,0,0,0,0
s03-r3-burst_trial-0.1,3,3,burst_trial-0.1,burst_trial,0.1,16,266.380000000001,2,900,1,2.0,1,2,1,2.0,1,2,1,pérdida contigua en ensayo,True,1,1,0,0.0,1,1,0,0.0,100,191,33,True,0.21222222222222223,inicio,241.0,inicio,20-40,0,0,0,0
s03-r3-burst_trial-0.1,3,3,burst_trial-0.1,burst_trial,0.1,17,274.5519999999997,1,900,1,2.0,1,2,1,1.0,1,1,1,pérdida contigua en ensayo,True,0,0,0,0.0,1,1,0,0.0,100,833,34,True,0.9255555555555556,fin,883.0,fin,80-100,0,0,0,0
s03-r3-burst_trial-0.1,3,3,burst_trial-0.1,burst_trial,0.1,18,290.887999999999,2,900,1,2.0,1,2,1,2.0,1,2,1,pérdida contigua en ensayo,True,1,1,0,0.0,1,1,0,0.0,100,359,36,True,0.3988888888888889,medio,409.0,medio,20-40,0,0,0,0
s03-r3-burst_trial-0.1,3,3,burst_trial-0.1,burst_trial,0.1,19,298.77600000000166,2,900,1,2.0,1,2,1,2.0,1,1,1,pérdida contigua en ensayo,True,1,1,0,0.0,1,0,1,1.0,100,473,37,True,0.5255555555555556,medio,523.0,medio,40-60,0,0,0,1
s03-r3-burst_trial-0.1,3,3,burst_trial-0.1,burst_trial,0.1,20,314.32800000000134,1,900,1,1.0,1,1,1,1.0,1,1,1,pérdida contigua en ensayo,True,1,1,0,0.0,1,1,0,0.0,100,895,39,True,0.9944444444444445,fin,945.0,fin,80-100,0,0,0,0
s03-r3-burst_trial-0.1,3,3,burst_trial-0.1,burst_trial,0.1,21,362.3359999999993,1,900,1,1.0,1,1,1,1.0,1,1,1,pérdida contigua en ensayo,True,1,1,0,0.0,1,1,0,0.0,100,323,45,True,0.35888888888888887,medio,373.0,medio,20-40,0,0,0,0
s03-r3-burst_trial-0.1,3,3,burst_trial-0.1,burst_trial,0.1,22,370.7920000000013,2,900,1,2.0,1,2,1,2.0,1,2,1,pérdida contigua en ensayo,True,1,1,0,0.0,1,1,0,0.0,100,172,46,True,0.19111111111111112,inicio,222.0,inicio,0-20,0,0,0,0
s03-r3-burst_trial-0.1,3,3,burst_trial-0.1,burst_trial,0.1,23,379.0279999999984,1,900,1,2.0,1,2,1,1.0,1,1,1,pérdida contigua en ensayo,True,0,0,0,0.0,1,1,0,0.0,100,847,47,True,0.9411111111111111,fin,897.0,fin,80-100,0,0,0,0
s03-r3-burst_trial-0.25,3,3,burst_trial-0.25,burst_trial,0.25,0,1.0,2,750,1,2.0,1,2,1,2.0,1,2,1,pérdida contigua en ensayo,True,1,1,0,0.0,1,1,0,0.0,250,143,0,True,0.19066666666666668,inicio,268.0,inicio,0-20,0,0,0,0
s03-r3-burst_trial-0.25,3,3,burst_trial-0.25,burst_trial,0.25,1,16.684000000001106,1,750,1,1.0,1,1,1,1.0,1,1,1,pérdida contigua en ensayo,True,1,1,0,0.0,1,1,0,0.0,250,709,2,True,0.9453333333333334,fin,834.0,fin,80-100,0,0,0,0
s03-r3-burst_trial-0.25,3,3,burst_trial-0.25,burst_trial,0.25,2,48.6359999999986,1,750,1,2.0,1,2,1,2.0,1,2,1,pérdida contigua en ensayo,True,0,0,0,0.0,0,0,0,0.0,250,423,6,True,0.564,medio,548.0,medio,40-60,0,0,0,0
s03-r3-burst_trial-0.25,3,3,burst_trial-0.25,burst_trial,0.25,3,56.83599999999933,1,750,1,1.0,1,1,1,1.0,1,1,1,pérdida contigua en ensayo,True,1,1,0,0.0,1,1,0,0.0,250,260,7,True,0.3466666666666667,medio,385.0,medio,20-40,0,0,0,0
s03-r3-burst_trial-0.25,3,3,burst_trial-0.25,burst_trial,0.25,4,72.55199999999968,2,750,1,2.0,1,2,1,2.0,1,2,1,pérdida contigua en ensayo,True,1,1,0,0.0,1,1,0,0.0,250,39,9,True,0.052,inicio,164.0,inicio,0-20,0,0,0,0
s03-r3-burst_trial-0.25,3,3,burst_trial-0.25,burst_trial,0.25,5,103.41999999999824,2,750,1,2.0,1,2,1,2.0,1,2,1,pérdida contigua en ensayo,True,1,1,0,0.0,1,1,0,0.0,250,217,13,True,0.28933333333333333,inicio,342.0,medio,20-40,0,0,0,0
s03-r3-burst_trial-0.25,3,3,burst_trial-0.25,burst_trial,0.25,6,111.28800000000048,1,750,1,1.0,1,1,1,1.0,1,1,1,pérdida contigua en ensayo,True,1,1,0,0.0,1,1,0,0.0,250,709,14,True,0.9453333333333334,fin,834.0,fin,80-100,0,0,0,0
s03-r3-burst_trial-0.25,3,3,burst_trial-0.25,burst_trial,0.25,7,127.79999999999929,2,750,1,2.0,1,2,1,2.0,1,2,1,pérdida contigua en ensayo,True,1,1,0,0.0,1,1,0,0.0,250,143,16,True,0.19066666666666668,inicio,268.0,inicio,0-20,0,0,0,0
s03-r3-burst_trial-0.25,3,3,burst_trial-0.25,burst_trial,0.25,8,144.20799999999872,1,750,1,1.0,1,1,1,1.0,1,1,1,pérdida contigua en ensayo,True,1,1,0,0.0,1,1,0,0.0,250,602,18,True,0.8026666666666666,fin,727.0,fin,80-100,0,0,0,0
s03-r3-burst_trial-0.25,3,3,burst_trial-0.25,burst_trial,0.25,9,169.07200000000012,2,750,1,2.0,1,2,1,2.0,1,2,1,pérdida contigua en ensayo,True,1,1,0,0.0,1,1,0,0.0,250,67,21,True,0.08933333333333333,inicio,192.0,inicio,0-20,0,0,0,0
s03-r3-burst_trial-0.25,3,3,burst_trial-0.25,burst_trial,0.25,10,192.65599999999904,1,750,1,1.0,1,1,1,1.0,1,1,1,pérdida contigua en ensayo,True,1,1,0,0.0,1,1,0,0.0,250,105,24,True,0.14,inicio,230.0,inicio,0-20,0,0,0,0
s03-r3-burst_trial-0.25,3,3,burst_trial-0.25,burst_trial,0.25,11,200.5,2,750,1,2.0,1,2,1,2.0,1,2,1,pérdida contigua en ensayo,True,1,1,0,0.0,1,1,0,0.0,250,547,25,True,0.7293333333333333,fin,672.0,fin,60-80,0,0,0,0
s03-r3-burst_trial-0.25,3,3,burst_trial-0.25,burst_trial,0.25,12,208.91600000000108,2,750,1,2.0,1,2,1,2.0,1,2,1,pérdida contigua en ensayo,True,1,1,0,0.0,1,1,0,0.0,250,332,26,True,0.44266666666666665,medio,457.0,medio,40-60,0,0,0,0
s03-r3-burst_trial-0.25,3,3,burst_trial-0.25,burst_trial,0.25,13,232.9360000000015,2,750,1,2.0,1,2,1,2.0,1,2,1,pérdida contigua en ensayo,True,1,1,0,0.0,1,1,0,0.0,250,603,29,True,0.804,fin,728.0,fin,80-100,0,0,0,0
s03-r3-burst_trial-0.25,3,3,burst_trial-0.25,burst_trial,0.25,14,241.2200000000012,1,750,1,1.0,1,1,1,1.0,1,1,1,pérdida contigua en ensayo,True,1,1,0,0.0,1,1,0,0.0,250,121,30,True,0.16133333333333333,inicio,246.0,inicio,0-20,0,0,0,0
s03-r3-burst_trial-0.25,3,3,burst_trial-0.25,burst_trial,0.25,15,249.64800000000105,1,750,1,1.0,1,1,1,1.0,1,1,1,pérdida contigua en ensayo,True,1,1,0,0.0,1,1,0,0.0,250,94,31,True,0.12533333333333332,inicio,219.0,inicio,0-20,0,0,0,0
s03-r3-burst_trial-0.25,3,3,burst_trial-0.25,burst_trial,0.25,16,266.380000000001,2,750,1,2.0,1,2,1,2.0,1,2,1,pérdida contigua en ensayo,True,1,1,0,0.0,1,1,0,0.0,250,313,33,True,0.41733333333333333,medio,438.0,medio,40-60,0,0,0,0
s03-r3-burst_trial-0.25,3,3,burst_trial-0.25,burst_trial,0.25,17,274.5519999999997,1,750,1,2.0,1,2,1,1.0,1,1,1,pérdida contigua en ensayo,True,0,0,0,0.0,1,1,0,0.0,250,503,34,True,0.6706666666666666,fin,628.0,medio,60-80,0,0,0,0
s03-r3-burst_trial-0.25,3,3,burst_trial-0.25,burst_trial,0.25,18,290.887999999999,2,750,1,2.0,1,2,1,2.0,1,2,1,pérdida contigua en ensayo,True,1,1,0,0.0,1,1,0,0.0,250,33,36,True,0.044,inicio,158.0,inicio,0-20,0,0,0,0
s03-r3-burst_trial-0.25,3,3,burst_trial-0.25,burst_trial,0.25,19,298.77600000000166,2,750,1,2.0,1,2,1,1.0,1,1,1,pérdida contigua en ensayo,True,1,1,0,0.0,0,0,0,0.0,250,312,37,True,0.416,medio,437.0,medio,40-60,0,0,0,0
s03-r3-burst_trial-0.25,3,3,burst_trial-0.25,burst_trial,0.25,20,314.32800000000134,1,750,1,1.0,1,1,1,1.0,1,1,1,pérdida contigua en ensayo,True,1,1,0,0.0,1,1,0,0.0,250,435,39,True,0.58,medio,560.0,medio,40-60,0,0,0,0
s03-r3-burst_trial-0.25,3,3,burst_trial-0.25,burst_trial,0.25,21,362.3359999999993,1,750,1,1.0,1,1,1,1.0,1,1,1,pérdida contigua en ensayo,True,1,1,0,0.0,1,1,0,0.0,250,45,45,True,0.06,inicio,170.0,inicio,0-20,0,0,0,0
s03-r3-burst_trial-0.25,3,3,burst_trial-0.25,burst_trial,0.25,22,370.7920000000013,2,750,1,2.0,1,2,1,2.0,1,2,1,pérdida contigua en ensayo,True,1,1,0,0.0,1,1,0,0.0,250,60,46,True,0.08,inicio,185.0,inicio,0-20,0,0,0,0
s03-r3-burst_trial-0.25,3,3,burst_trial-0.25,burst_trial,0.25,23,379.0279999999984,1,750,1,2.0,1,2,1,1.0,1,1,1,pérdida contigua en ensayo,True,0,0,0,0.0,1,1,0,0.0,250,475,47,True,0.6333333333333333,medio,600.0,medio,60-80,0,0,0,0
s03-r3-burst_trial-0.4,3,3,burst_trial-0.4,burst_trial,0.4,0,1.0,2,600,1,2.0,1,2,1,1.0,1,2,1,pérdida contigua en ensayo,True,1,1,0,0.0,0,1,1,1.0,400,443,0,True,0.7383333333333333,fin,643.0,medio,60-80,0,0,1,0
s03-r3-burst_trial-0.4,3,3,burst_trial-0.4,burst_trial,0.4,1,16.684000000001106,1,600,1,1.0,1,1,1,1.0,1,1,1,pérdida contigua en ensayo,True,1,1,0,0.0,1,1,0,0.0,400,8,2,True,0.013333333333333334,inicio,208.0,inicio,0-20,0,0,0,0
s03-r3-burst_trial-0.4,3,3,burst_trial-0.4,burst_trial,0.4,2,48.6359999999986,1,600,1,2.0,1,2,1,2.0,1,2,1,pérdida contigua en ensayo,True,0,0,0,0.0,0,0,0,0.0,400,500,6,True,0.8333333333333334,fin,700.0,fin,80-100,0,0,0,0
s03-r3-burst_trial-0.4,3,3,burst_trial-0.4,burst_trial,0.4,3,56.83599999999933,1,600,1,1.0,1,1,1,1.0,1,1,1,pérdida contigua en ensayo,True,1,1,0,0.0,1,1,0,0.0,400,112,7,True,0.18666666666666668,inicio,312.0,inicio,0-20,0,0,0,0
s03-r3-burst_trial-0.4,3,3,burst_trial-0.4,burst_trial,0.4,4,72.55199999999968,2,600,1,2.0,1,2,1,2.0,1,2,1,pérdida contigua en ensayo,True,1,1,0,0.0,1,1,0,0.0,400,400,9,True,0.6666666666666666,medio,600.0,medio,60-80,0,0,0,0
s03-r3-burst_trial-0.4,3,3,burst_trial-0.4,burst_trial,0.4,5,103.41999999999824,2,600,1,2.0,1,2,1,2.0,1,2,1,pérdida contigua en ensayo,True,1,1,0,0.0,1,1,0,0.0,400,318,13,True,0.53,medio,518.0,medio,40-60,0,0,0,0
s03-r3-burst_trial-0.4,3,3,burst_trial-0.4,burst_trial,0.4,6,111.28800000000048,1,600,1,2.0,1,1,1,2.0,1,1,1,pérdida contigua en ensayo,True,0,1,1,1.0,0,1,1,1.0,400,356,14,True,0.5933333333333334,medio,556.0,medio,40-60,1,0,1,0
s03-r3-burst_trial-0.4,3,3,burst_trial-0.4,burst_trial,0.4,7,127.79999999999929,2,600,1,2.0,1,2,1,2.0,1,2,1,pérdida contigua en ensayo,True,1,1,0,0.0,1,1,0,0.0,400,462,16,True,0.77,fin,662.0,medio,60-80,0,0,0,0
s03-r3-burst_trial-0.4,3,3,burst_trial-0.4,burst_trial,0.4,8,144.20799999999872,1,600,1,2.0,1,1,1,1.0,1,1,1,pérdida contigua en ensayo,True,0,1,1,1.0,1,1,0,0.0,400,124,18,True,0.20666666666666667,inicio,324.0,inicio,20-40,1,0,0,0
s03-r3-burst_trial-0.4,3,3,burst_trial-0.4,burst_trial,0.4,9,169.07200000000012,2,600,1,2.0,1,2,1,2.0,1,2,1,pérdida contigua en ensayo,True,1,1,0,0.0,1,1,0,0.0,400,301,21,True,0.5016666666666667,medio,501.0,medio,40-60,0,0,0,0
s03-r3-burst_trial-0.4,3,3,burst_trial-0.4,burst_trial,0.4,10,192.65599999999904,1,600,1,1.0,1,1,1,1.0,1,1,1,pérdida contigua en ensayo,True,1,1,0,0.0,1,1,0,0.0,400,293,24,True,0.48833333333333334,medio,493.0,medio,40-60,0,0,0,0
s03-r3-burst_trial-0.4,3,3,burst_trial-0.4,burst_trial,0.4,11,200.5,2,600,1,2.0,1,2,1,2.0,1,2,1,pérdida contigua en ensayo,True,1,1,0,0.0,1,1,0,0.0,400,316,25,True,0.5266666666666666,medio,516.0,medio,40-60,0,0,0,0
s03-r3-burst_trial-0.4,3,3,burst_trial-0.4,burst_trial,0.4,12,208.91600000000108,2,600,1,2.0,1,2,1,2.0,1,2,1,pérdida contigua en ensayo,True,1,1,0,0.0,1,1,0,0.0,400,6,26,True,0.01,inicio,206.0,inicio,0-20,0,0,0,0
s03-r3-burst_trial-0.4,3,3,burst_trial-0.4,burst_trial,0.4,13,232.9360000000015,2,600,1,2.0,1,2,1,2.0,1,2,1,pérdida contigua en ensayo,True,1,1,0,0.0,1,1,0,0.0,400,48,29,True,0.08,inicio,248.0,inicio,0-20,0,0,0,0
s03-r3-burst_trial-0.4,3,3,burst_trial-0.4,burst_trial,0.4,14,241.2200000000012,1,600,1,1.0,1,1,1,1.0,1,1,1,pérdida contigua en ensayo,True,1,1,0,0.0,1,1,0,0.0,400,211,30,True,0.3516666666666667,medio,411.0,medio,20-40,0,0,0,0
s03-r3-burst_trial-0.4,3,3,burst_trial-0.4,burst_trial,0.4,15,249.64800000000105,1,600,1,2.0,1,1,1,1.0,1,1,1,pérdida contigua en ensayo,True,0,1,1,1.0,1,1,0,0.0,400,527,31,True,0.8783333333333333,fin,727.0,fin,80-100,1,0,0,0
s03-r3-burst_trial-0.4,3,3,burst_trial-0.4,burst_trial,0.4,16,266.380000000001,2,600,1,2.0,1,2,1,2.0,1,2,1,pérdida contigua en ensayo,True,1,1,0,0.0,1,1,0,0.0,400,295,33,True,0.49166666666666664,medio,495.0,medio,40-60,0,0,0,0
s03-r3-burst_trial-0.4,3,3,burst_trial-0.4,burst_trial,0.4,17,274.5519999999997,1,600,1,2.0,1,2,1,1.0,1,1,1,pérdida contigua en ensayo,True,0,0,0,0.0,1,1,0,0.0,400,493,34,True,0.8216666666666667,fin,693.0,fin,80-100,0,0,0,0
s03-r3-burst_trial-0.4,3,3,burst_trial-0.4,burst_trial,0.4,18,290.887999999999,2,600,1,2.0,1,2,1,2.0,1,2,1,pérdida contigua en ensayo,True,1,1,0,0.0,1,1,0,0.0,400,141,36,True,0.235,inicio,341.0,medio,20-40,0,0,0,0
s03-r3-burst_trial-0.4,3,3,burst_trial-0.4,burst_trial,0.4,19,298.77600000000166,2,600,1,2.0,1,2,1,2.0,1,1,1,pérdida contigua en ensayo,True,1,1,0,0.0,1,0,1,1.0,400,177,37,True,0.295,inicio,377.0,medio,20-40,0,0,0,1
s03-r3-burst_trial-0.4,3,3,burst_trial-0.4,burst_trial,0.4,20,314.32800000000134,1,600,1,2.0,1,1,1,1.0,1,1,1,pérdida contigua en ensayo,True,0,1,1,1.0,1,1,0,0.0,400,251,39,True,0.41833333333333333,medio,451.0,medio,40-60,1,0,0,0
s03-r3-burst_trial-0.4,3,3,burst_trial-0.4,burst_trial,0.4,21,362.3359999999993,1,600,1,2.0,1,1,1,1.0,1,1,1,pérdida contigua en ensayo,True,0,1,1,1.0,1,1,0,0.0,400,558,45,True,0.93,fin,758.0,fin,80-100,1,0,0,0
s03-r3-burst_trial-0.4,3,3,burst_trial-0.4,burst_trial,0.4,22,370.7920000000013,2,600,1,2.0,1,2,1,2.0,1,2,1,pérdida contigua en ensayo,True,1,1,0,0.0,1,1,0,0.0,400,47,46,True,0.07833333333333334,inicio,247.0,inicio,0-20,0,0,0,0
s03-r3-burst_trial-0.4,3,3,burst_trial-0.4,burst_trial,0.4,23,379.0279999999984,1,600,1,2.0,1,2,1,2.0,1,1,1,pérdida contigua en ensayo,True,0,0,0,0.0,0,1,1,1.0,400,331,47,True,0.5516666666666666,medio,531.0,medio,40-60,0,0,1,0
s03-r4-burst_trial-0.1,3,4,burst_trial-0.1,burst_trial,0.1,0,1.0,2,900,1,2.0,1,2,1,1.0,1,1,1,pérdida contigua en ensayo,True,1,1,0,0.0,0,0,0,0.0,100,740,0,True,0.8222222222222222,fin,790.0,fin,80-100,0,0,0,0
s03-r4-burst_trial-0.1,3,4,burst_trial-0.1,burst_trial,0.1,1,9.011999999998809,1,900,1,1.0,1,1,1,1.0,1,1,1,pérdida contigua en ensayo,True,1,1,0,0.0,1,1,0,0.0,100,318,1,True,0.35333333333333333,medio,368.0,medio,20-40,0,0,0,0
s03-r4-burst_trial-0.1,3,4,burst_trial-0.1,burst_trial,0.1,2,16.684000000001106,1,900,1,1.0,1,1,1,1.0,1,1,1,pérdida contigua en ensayo,True,1,1,0,0.0,1,1,0,0.0,100,434,2,True,0.4822222222222222,medio,484.0,medio,40-60,0,0,0,0
s03-r4-burst_trial-0.1,3,4,burst_trial-0.1,burst_trial,0.1,3,40.96800000000076,2,900,1,2.0,1,2,1,2.0,1,2,1,pérdida contigua en ensayo,True,1,1,0,0.0,1,1,0,0.0,100,149,5,True,0.16555555555555557,inicio,199.0,inicio,0-20,0,0,0,0
s03-r4-burst_trial-0.1,3,4,burst_trial-0.1,burst_trial,0.1,4,64.56000000000131,1,900,1,2.0,1,2,1,2.0,1,2,1,pérdida contigua en ensayo,True,0,0,0,0.0,0,0,0,0.0,100,183,8,True,0.20333333333333334,inicio,233.0,inicio,20-40,0,0,0,0
s03-r4-burst_trial-0.1,3,4,burst_trial-0.1,burst_trial,0.1,5,80.17599999999948,1,900,1,1.0,1,1,1,1.0,1,1,1,pérdida contigua en ensayo,True,1,1,0,0.0,1,1,0,0.0,100,372,10,True,0.41333333333333333,medio,422.0,medio,40-60,0,0,0,0
s03-r4-burst_trial-0.1,3,4,burst_trial-0.1,burst_trial,0.1,6,87.75600000000122,1,900,1,2.0,1,2,1,1.0,1,1,1,pérdida contigua en ensayo,True,0,0,0,0.0,1,1,0,0.0,100,589,11,True,0.6544444444444445,medio,639.0,medio,60-80,0,0,0,0
s03-r4-burst_trial-0.1,3,4,burst_trial-0.1,burst_trial,0.1,7,95.64400000000025,2,900,1,2.0,1,2,1,2.0,1,2,1,pérdida contigua en ensayo,True,1,1,0,0.0,1,1,0,0.0,100,283,12,True,0.31444444444444447,inicio,333.0,inicio,20-40,0,0,0,0
s03-r4-burst_trial-0.1,3,4,burst_trial-0.1,burst_trial,0.1,8,119.76800000000004,2,900,1,2.0,1,2,1,2.0,1,2,1,pérdida contigua en ensayo,True,1,1,0,0.0,1,1,0,0.0,100,49,15,True,0.05444444444444444,inicio,99.0,inicio,0-20,0,0,0,0
s03-r4-burst_trial-0.1,3,4,burst_trial-0.1,burst_trial,0.1,9,169.07200000000012,2,900,1,2.0,1,2,1,2.0,1,2,1,pérdida contigua en ensayo,True,1,1,0,0.0,1,1,0,0.0,100,47,21,True,0.052222222222222225,inicio,97.0,inicio,0-20,0,0,0,0
s03-r4-burst_trial-0.1,3,4,burst_trial-0.1,burst_trial,0.1,10,176.72000000000116,2,900,1,2.0,1,2,1,2.0,1,2,1,pérdida contigua en ensayo,True,1,1,0,0.0,1,1,0,0.0,100,216,22,True,0.24,inicio,266.0,inicio,20-40,0,0,0,0
s03-r4-burst_trial-0.1,3,4,burst_trial-0.1,burst_trial,0.1,11,192.65599999999904,1,900,1,1.0,1,1,1,2.0,1,1,1,pérdida contigua en ensayo,True,1,1,0,0.0,0,1,1,1.0,100,373,24,True,0.41444444444444445,medio,423.0,medio,40-60,0,0,1,0
s03-r4-burst_trial-0.1,3,4,burst_trial-0.1,burst_trial,0.1,12,200.5,2,900,1,2.0,1,2,1,2.0,1,2,1,pérdida contigua en ensayo,True,1,1,0,0.0,1,1,0,0.0,100,897,25,True,0.9966666666666667,fin,947.0,fin,80-100,0,0,0,0
s03-r4-burst_trial-0.1,3,4,burst_trial-0.1,burst_trial,0.1,13,208.91600000000108,2,900,1,2.0,1,2,1,2.0,1,2,1,pérdida contigua en ensayo,True,1,1,0,0.0,1,1,0,0.0,100,466,26,True,0.5177777777777778,medio,516.0,medio,40-60,0,0,0,0
s03-r4-burst_trial-0.1,3,4,burst_trial-0.1,burst_trial,0.1,14,216.9320000000007,2,900,1,2.0,1,2,1,2.0,1,2,1,pérdida contigua en ensayo,True,1,1,0,0.0,1,1,0,0.0,100,723,27,True,0.8033333333333333,fin,773.0,fin,80-100,0,0,0,0
s03-r4-burst_trial-0.1,3,4,burst_trial-0.1,burst_trial,0.1,15,241.2200000000012,1,900,1,1.0,1,1,1,1.0,1,1,1,pérdida contigua en ensayo,True,1,1,0,0.0,1,1,0,0.0,100,580,30,True,0.6444444444444445,medio,630.0,medio,60-80,0,0,0,0
s03-r4-burst_trial-0.1,3,4,burst_trial-0.1,burst_trial,0.1,16,258.0159999999996,1,900,1,1.0,1,1,1,2.0,1,2,1,pérdida contigua en ensayo,True,1,1,0,0.0,0,0,0,0.0,100,104,32,True,0.11555555555555555,inicio,154.0,inicio,0-20,0,0,0,0
s03-r4-burst_trial-0.1,3,4,burst_trial-0.1,burst_trial,0.1,17,274.5519999999997,1,900,1,1.0,1,1,1,1.0,1,1,1,pérdida contigua en ensayo,True,1,1,0,0.0,1,1,0,0.0,100,654,34,True,0.7266666666666667,fin,704.0,fin,60-80,0,0,0,0
s03-r4-burst_trial-0.1,3,4,burst_trial-0.1,burst_trial,0.1,18,290.887999999999,1,900,1,1.0,1,1,1,1.0,1,1,1,pérdida contigua en ensayo,True,1,1,0,0.0,1,1,0,0.0,100,882,36,True,0.98,fin,932.0,fin,80-100,0,0,0,0
s03-r4-burst_trial-0.1,3,4,burst_trial-0.1,burst_trial,0.1,19,306.6280000000006,1,900,1,1.0,1,1,1,1.0,1,1,1,pérdida contigua en ensayo,True,1,1,0,0.0,1,1,0,0.0,100,499,38,True,0.5544444444444444,medio,549.0,medio,40-60,0,0,0,0
s03-r4-burst_trial-0.1,3,4,burst_trial-0.1,burst_trial,0.1,20,314.32800000000134,2,900,1,2.0,1,2,1,2.0,1,2,1,pérdida contigua en ensayo,True,1,1,0,0.0,1,1,0,0.0,100,754,39,True,0.8377777777777777,fin,804.0,fin,80-100,0,0,0,0
s03-r4-burst_trial-0.1,3,4,burst_trial-0.1,burst_trial,0.1,21,347.0,1,900,1,1.0,1,1,1,1.0,1,1,1,pérdida contigua en ensayo,True,1,1,0,0.0,1,1,0,0.0,100,235,43,True,0.2611111111111111,inicio,285.0,inicio,20-40,0,0,0,0
s03-r4-burst_trial-0.1,3,4,burst_trial-0.1,burst_trial,0.1,22,354.6239999999998,2,900,1,2.0,1,2,1,2.0,1,2,1,pérdida contigua en ensayo,True,1,1,0,0.0,1,1,0,0.0,100,301,44,True,0.33444444444444443,medio,351.0,medio,20-40,0,0,0,0
s03-r4-burst_trial-0.1,3,4,burst_trial-0.1,burst_trial,0.1,23,370.7920000000013,2,900,1,2.0,1,2,1,2.0,1,2,1,pérdida contigua en ensayo,True,1,1,0,0.0,1,1,0,0.0,100,832,46,True,0.9244444444444444,fin,882.0,fin,80-100,0,0,0,0
s03-r4-burst_trial-0.25,3,4,burst_trial-0.25,burst_trial,0.25,0,1.0,2,750,1,2.0,1,2,1,1.0,1,1,1,pérdida contigua en ensayo,True,1,1,0,0.0,0,0,0,0.0,250,7,0,True,0.009333333333333334,inicio,132.0,inicio,0-20,0,0,0,0
s03-r4-burst_trial-0.25,3,4,burst_trial-0.25,burst_trial,0.25,1,9.011999999998809,1,750,1,1.0,1,1,1,1.0,1,1,1,pérdida contigua en ensayo,True,1,1,0,0.0,1,1,0,0.0,250,541,1,True,0.7213333333333334,fin,666.0,medio,60-80,0,0,0,0
s03-r4-burst_trial-0.25,3,4,burst_trial-0.25,burst_trial,0.25,2,16.684000000001106,1,750,1,1.0,1,1,1,1.0,1,1,1,pérdida contigua en ensayo,True,1,1,0,0.0,1,1,0,0.0,250,742,2,True,0.9893333333333333,fin,867.0,fin,80-100,0,0,0,0
s03-r4-burst_trial-0.25,3,4,burst_trial-0.25,burst_trial,0.25,3,40.96800000000076,2,750,1,2.0,1,2,1,2.0,1,2,1,pérdida contigua en ensayo,True,1,1,0,0.0,1,1,0,0.0,250,682,5,True,0.9093333333333333,fin,807.0,fin,80-100,0,0,0,0
s03-r4-burst_trial-0.25,3,4,burst_trial-0.25,burst_trial,0.25,4,64.56000000000131,1,750,1,2.0,1,2,1,2.0,1,2,1,pérdida contigua en ensayo,True,0,0,0,0.0,0,0,0,0.0,250,378,8,True,0.504,medio,503.0,medio,40-60,0,0,0,0
s03-r4-burst_trial-0.25,3,4,burst_trial-0.25,burst_trial,0.25,5,80.17599999999948,1,750,1,1.0,1,1,1,1.0,1,1,1,pérdida contigua en ensayo,True,1,1,0,0.0,1,1,0,0.0,250,205,10,True,0.2733333333333333,inicio,330.0,inicio,20-40,0,0,0,0
s03-r4-burst_trial-0.25,3,4,burst_trial-0.25,burst_trial,0.25,6,87.75600000000122,1,750,1,2.0,1,2,1,2.0,1,1,1,pérdida contigua en ensayo,True,0,0,0,0.0,0,1,1,1.0,250,182,11,True,0.24266666666666667,inicio,307.0,inicio,20-40,0,0,1,0
s03-r4-burst_trial-0.25,3,4,burst_trial-0.25,burst_trial,0.25,7,95.64400000000025,2,750,1,2.0,1,2,1,2.0,1,2,1,pérdida contigua en ensayo,True,1,1,0,0.0,1,1,0,0.0,250,567,12,True,0.756,fin,692.0,fin,60-80,0,0,0,0
s03-r4-burst_trial-0.25,3,4,burst_trial-0.25,burst_trial,0.25,8,119.76800000000004,2,750,1,2.0,1,2,1,2.0,1,2,1,pérdida contigua en ensayo,True,1,1,0,0.0,1,1,0,0.0,250,62,15,True,0.08266666666666667,inicio,187.0,inicio,0-20,0,0,0,0
s03-r4-burst_trial-0.25,3,4,burst_trial-0.25,burst_trial,0.25,9,169.07200000000012,2,750,1,2.0,1,2,1,2.0,1,2,1,pérdida contigua en ensayo,True,1,1,0,0.0,1,1,0,0.0,250,137,21,True,0.18266666666666667,inicio,262.0,inicio,0-20,0,0,0,0
s03-r4-burst_trial-0.25,3,4,burst_trial-0.25,burst_trial,0.25,10,176.72000000000116,2,750,1,2.0,1,2,1,2.0,1,2,1,pérdida contigua en ensayo,True,1,1,0,0.0,1,1,0,0.0,250,267,22,True,0.356,medio,392.0,medio,20-40,0,0,0,0
s03-r4-burst_trial-0.25,3,4,burst_trial-0.25,burst_trial,0.25,11,192.65599999999904,1,750,1,1.0,1,1,1,1.0,1,1,1,pérdida contigua en ensayo,True,1,1,0,0.0,1,1,0,0.0,250,544,24,True,0.7253333333333334,fin,669.0,fin,60-80,0,0,0,0
s03-r4-burst_trial-0.25,3,4,burst_trial-0.25,burst_trial,0.25,12,200.5,2,750,1,2.0,1,2,1,2.0,1,2,1,pérdida contigua en ensayo,True,1,1,0,0.0,1,1,0,0.0,250,508,25,True,0.6773333333333333,fin,633.0,medio,60-80,0,0,0,0
s03-r4-burst_trial-0.25,3,4,burst_trial-0.25,burst_trial,0.25,13,208.91600000000108,2,750,1,2.0,1,2,1,2.0,1,2,1,pérdida contigua en ensayo,True,1,1,0,0.0,1,1,0,0.0,250,360,26,True,0.48,medio,485.0,medio,40-60,0,0,0,0
s03-r4-burst_trial-0.25,3,4,burst_trial-0.25,burst_trial,0.25,14,216.9320000000007,2,750,1,2.0,1,2,1,2.0,1,2,1,pérdida contigua en ensayo,True,1,1,0,0.0,1,1,0,0.0,250,293,27,True,0.39066666666666666,medio,418.0,medio,20-40,0,0,0,0
s03-r4-burst_trial-0.25,3,4,burst_trial-0.25,burst_trial,0.25,15,241.2200000000012,1,750,1,1.0,1,1,1,1.0,1,1,1,pérdida contigua en ensayo,True,1,1,0,0.0,1,1,0,0.0,250,475,30,True,0.6333333333333333,medio,600.0,medio,60-80,0,0,0,0
s03-r4-burst_trial-0.25,3,4,burst_trial-0.25,burst_trial,0.25,16,258.0159999999996,1,750,1,1.0,1,1,1,1.0,1,2,1,pérdida contigua en ensayo,True,1,1,0,0.0,1,0,1,1.0,250,19,32,True,0.025333333333333333,inicio,144.0,inicio,0-20,0,0,0,1
s03-r4-burst_trial-0.25,3,4,burst_trial-0.25,burst_trial,0.25,17,274.5519999999997,1,750,1,1.0,1,1,1,1.0,1,1,1,pérdida contigua en ensayo,True,1,1,0,0.0,1,1,0,0.0,250,107,34,True,0.14266666666666666,inicio,232.0,inicio,0-20,0,0,0,0
s03-r4-burst_trial-0.25,3,4,burst_trial-0.25,burst_trial,0.25,18,290.887999999999,1,750,1,1.0,1,1,1,1.0,1,1,1,pérdida contigua en ensayo,True,1,1,0,0.0,1,1,0,0.0,250,219,36,True,0.292,inicio,344.0,medio,20-40,0,0,0,0
s03-r4-burst_trial-0.25,3,4,burst_trial-0.25,burst_trial,0.25,19,306.6280000000006,1,750,1,1.0,1,1,1,1.0,1,1,1,pérdida contigua en ensayo,True,1,1,0,0.0,1,1,0,0.0,250,393,38,True,0.524,medio,518.0,medio,40-60,0,0,0,0
s03-r4-burst_trial-0.25,3,4,burst_trial-0.25,burst_trial,0.25,20,314.32800000000134,2,750,1,2.0,1,2,1,2.0,1,2,1,pérdida contigua en ensayo,True,1,1,0,0.0,1,1,0,0.0,250,180,39,True,0.24,inicio,305.0,inicio,20-40,0,0,0,0
s03-r4-burst_trial-0.25,3,4,burst_trial-0.25,burst_trial,0.25,21,347.0,1,750,1,1.0,1,1,1,1.0,1,1,1,pérdida contigua en ensayo,True,1,1,0,0.0,1,1,0,0.0,250,82,43,True,0.10933333333333334,inicio,207.0,inicio,0-20,0,0,0,0
s03-r4-burst_trial-0.25,3,4,burst_trial-0.25,burst_trial,0.25,22,354.6239999999998,2,750,1,2.0,1,2,1,2.0,1,2,1,pérdida contigua en ensayo,True,1,1,0,0.0,1,1,0,0.0,250,562,44,True,0.7493333333333333,fin,687.0,fin,60-80,0,0,0,0
s03-r4-burst_trial-0.25,3,4,burst_trial-0.25,burst_trial,0.25,23,370.7920000000013,2,750,1,2.0,1,2,1,2.0,1,2,1,pérdida contigua en ensayo,True,1,1,0,0.0,1,1,0,0.0,250,1,46,True,0.0013333333333333333,inicio,126.0,inicio,0-20,0,0,0,0
s03-r4-burst_trial-0.4,3,4,burst_trial-0.4,burst_trial,0.4,0,1.0,2,600,1,2.0,1,2,1,2.0,1,1,1,pérdida contigua en ensayo,True,1,1,0,0.0,1,0,1,1.0,400,453,0,True,0.755,fin,653.0,medio,60-80,0,0,0,1
s03-r4-burst_trial-0.4,3,4,burst_trial-0.4,burst_trial,0.4,1,9.011999999998809,1,600,1,1.0,1,1,1,1.0,1,1,1,pérdida contigua en ensayo,True,1,1,0,0.0,1,1,0,0.0,400,346,1,True,0.5766666666666667,medio,546.0,medio,40-60,0,0,0,0
s03-r4-burst_trial-0.4,3,4,burst_trial-0.4,burst_trial,0.4,2,16.684000000001106,1,600,1,1.0,1,1,1,1.0,1,1,1,pérdida contigua en ensayo,True,1,1,0,0.0,1,1,0,0.0,400,289,2,True,0.4816666666666667,medio,489.0,medio,40-60,0,0,0,0
s03-r4-burst_trial-0.4,3,4,burst_trial-0.4,burst_trial,0.4,3,40.96800000000076,2,600,1,2.0,1,2,1,2.0,1,2,1,pérdida contigua en ensayo,True,1,1,0,0.0,1,1,0,0.0,400,441,5,True,0.735,fin,641.0,medio,60-80,0,0,0,0
s03-r4-burst_trial-0.4,3,4,burst_trial-0.4,burst_trial,0.4,4,64.56000000000131,1,600,1,2.0,1,2,1,2.0,1,2,1,pérdida contigua en ensayo,True,0,0,0,0.0,0,0,0,0.0,400,391,8,True,0.6516666666666666,medio,591.0,medio,60-80,0,0,0,0
s03-r4-burst_trial-0.4,3,4,burst_trial-0.4,burst_trial,0.4,5,80.17599999999948,1,600,1,1.0,1,1,1,1.0,1,1,1,pérdida contigua en ensayo,True,1,1,0,0.0,1,1,0,0.0,400,83,10,True,0.13833333333333334,inicio,283.0,inicio,0-20,0,0,0,0
s03-r4-burst_trial-0.4,3,4,burst_trial-0.4,burst_trial,0.4,6,87.75600000000122,1,600,1,2.0,1,2,1,1.0,1,1,1,pérdida contigua en ensayo,True,0,0,0,0.0,1,1,0,0.0,400,396,11,True,0.66,medio,596.0,medio,60-80,0,0,0,0
s03-r4-burst_trial-0.4,3,4,burst_trial-0.4,burst_trial,0.4,7,95.64400000000025,2,600,1,2.0,1,2,1,2.0,1,2,1,pérdida contigua en ensayo,True,1,1,0,0.0,1,1,0,0.0,400,366,12,True,0.61,medio,566.0,medio,60-80,0,0,0,0
s03-r4-burst_trial-0.4,3,4,burst_trial-0.4,burst_trial,0.4,8,119.76800000000004,2,600,1,2.0,1,2,1,2.0,1,2,1,pérdida contigua en ensayo,True,1,1,0,0.0,1,1,0,0.0,400,592,15,True,0.9866666666666667,fin,792.0,fin,80-100,0,0,0,0
s03-r4-burst_trial-0.4,3,4,burst_trial-0.4,burst_trial,0.4,9,169.07200000000012,2,600,1,2.0,1,2,1,2.0,1,2,1,pérdida contigua en ensayo,True,1,1,0,0.0,1,1,0,0.0,400,331,21,True,0.5516666666666666,medio,531.0,medio,40-60,0,0,0,0
s03-r4-burst_trial-0.4,3,4,burst_trial-0.4,burst_trial,0.4,10,176.72000000000116,2,600,1,2.0,1,2,1,2.0,1,2,1,pérdida contigua en ensayo,True,1,1,0,0.0,1,1,0,0.0,400,455,22,True,0.7583333333333333,fin,655.0,medio,60-80,0,0,0,0
s03-r4-burst_trial-0.4,3,4,burst_trial-0.4,burst_trial,0.4,11,192.65599999999904,1,600,1,1.0,1,1,1,2.0,1,1,1,pérdida contigua en ensayo,True,1,1,0,0.0,0,1,1,1.0,400,248,24,True,0.41333333333333333,medio,448.0,medio,40-60,0,0,1,0
s03-r4-burst_trial-0.4,3,4,burst_trial-0.4,burst_trial,0.4,12,200.5,2,600,1,2.0,1,2,1,2.0,1,2,1,pérdida contigua en ensayo,True,1,1,0,0.0,1,1,0,0.0,400,407,25,True,0.6783333333333333,fin,607.0,medio,60-80,0,0,0,0
s03-r4-burst_trial-0.4,3,4,burst_trial-0.4,burst_trial,0.4,13,208.91600000000108,2,600,1,2.0,1,2,1,2.0,1,2,1,pérdida contigua en ensayo,True,1,1,0,0.0,1,1,0,0.0,400,28,26,True,0.04666666666666667,inicio,228.0,inicio,0-20,0,0,0,0
s03-r4-burst_trial-0.4,3,4,burst_trial-0.4,burst_trial,0.4,14,216.9320000000007,2,600,1,2.0,1,2,1,2.0,1,2,1,pérdida contigua en ensayo,True,1,1,0,0.0,1,1,0,0.0,400,526,27,True,0.8766666666666667,fin,726.0,fin,80-100,0,0,0,0
s03-r4-burst_trial-0.4,3,4,burst_trial-0.4,burst_trial,0.4,15,241.2200000000012,1,600,1,1.0,1,1,1,1.0,1,1,1,pérdida contigua en ensayo,True,1,1,0,0.0,1,1,0,0.0,400,195,30,True,0.325,inicio,395.0,medio,20-40,0,0,0,0
s03-r4-burst_trial-0.4,3,4,burst_trial-0.4,burst_trial,0.4,16,258.0159999999996,1,600,1,1.0,1,1,1,2.0,1,2,1,pérdida contigua en ensayo,True,1,1,0,0.0,0,0,0,0.0,400,54,32,True,0.09,inicio,254.0,inicio,0-20,0,0,0,0
s03-r4-burst_trial-0.4,3,4,burst_trial-0.4,burst_trial,0.4,17,274.5519999999997,1,600,1,1.0,1,1,1,1.0,1,1,1,pérdida contigua en ensayo,True,1,1,0,0.0,1,1,0,0.0,400,496,34,True,0.8266666666666667,fin,696.0,fin,80-100,0,0,0,0
s03-r4-burst_trial-0.4,3,4,burst_trial-0.4,burst_trial,0.4,18,290.887999999999,1,600,1,1.0,1,1,1,2.0,1,1,1,pérdida contigua en ensayo,True,1,1,0,0.0,0,1,1,1.0,400,64,36,True,0.10666666666666667,inicio,264.0,inicio,0-20,0,0,1,0
s03-r4-burst_trial-0.4,3,4,burst_trial-0.4,burst_trial,0.4,19,306.6280000000006,1,600,1,1.0,1,1,1,1.0,1,1,1,pérdida contigua en ensayo,True,1,1,0,0.0,1,1,0,0.0,400,329,38,True,0.5483333333333333,medio,529.0,medio,40-60,0,0,0,0
s03-r4-burst_trial-0.4,3,4,burst_trial-0.4,burst_trial,0.4,20,314.32800000000134,2,600,1,2.0,1,2,1,2.0,1,2,1,pérdida contigua en ensayo,True,1,1,0,0.0,1,1,0,0.0,400,582,39,True,0.97,fin,782.0,fin,80-100,0,0,0,0
s03-r4-burst_trial-0.4,3,4,burst_trial-0.4,burst_trial,0.4,21,347.0,1,600,1,1.0,1,1,1,1.0,1,1,1,pérdida contigua en ensayo,True,1,1,0,0.0,1,1,0,0.0,400,181,43,True,0.3016666666666667,inicio,381.0,medio,20-40,0,0,0,0
s03-r4-burst_trial-0.4,3,4,burst_trial-0.4,burst_trial,0.4,22,354.6239999999998,2,600,1,2.0,1,2,1,2.0,1,2,1,pérdida contigua en ensayo,True,1,1,0,0.0,1,1,0,0.0,400,513,44,True,0.855,fin,713.0,fin,80-100,0,0,0,0
s03-r4-burst_trial-0.4,3,4,burst_trial-0.4,burst_trial,0.4,23,370.7920000000013,2,600,1,2.0,1,2,1,2.0,1,2,1,pérdida contigua en ensayo,True,1,1,0,0.0,1,1,0,0.0,400,151,46,True,0.25166666666666665,inicio,351.0,medio,20-40,0,0,0,0
s04-r0-burst_trial-0.1,4,0,burst_trial-0.1,burst_trial,0.1,0,16.684000000000196,2,900,1,2.0,1,2,1,2.0,1,2,1,pérdida contigua en ensayo,True,1,1,0,0.0,1,1,0,0.0,100,602,2,True,0.6688888888888889,fin,652.0,medio,60-80,0,0,0,0
s04-r0-burst_trial-0.1,4,0,burst_trial-0.1,burst_trial,0.1,1,24.49200000000019,1,900,1,2.0,1,2,1,1.0,1,1,1,pérdida contigua en ensayo,True,0,0,0,0.0,1,1,0,0.0,100,267,3,True,0.2966666666666667,inicio,317.0,inicio,20-40,0,0,0,0
s04-r0-burst_trial-0.1,4,0,burst_trial-0.1,burst_trial,0.1,2,32.52399999999989,1,900,1,2.0,1,2,1,1.0,1,1,1,pérdida contigua en ensayo,True,0,0,0,0.0,1,1,0,0.0,100,775,4,True,0.8611111111111112,fin,825.0,fin,80-100,0,0,0,0
s04-r0-burst_trial-0.1,4,0,burst_trial-0.1,burst_trial,0.1,3,40.96799999999985,2,900,1,1.0,1,2,1,1.0,1,1,1,pérdida contigua en ensayo,True,0,1,1,1.0,0,0,0,0.0,100,111,5,True,0.12333333333333334,inicio,161.0,inicio,0-20,1,0,0,0
s04-r0-burst_trial-0.1,4,0,burst_trial-0.1,burst_trial,0.1,4,64.55999999999995,2,900,1,2.0,1,2,1,2.0,1,2,1,pérdida contigua en ensayo,True,1,1,0,0.0,1,1,0,0.0,100,21,8,True,0.023333333333333334,inicio,71.0,inicio,0-20,0,0,0,0
s04-r0-burst_trial-0.1,4,0,burst_trial-0.1,burst_trial,0.1,5,80.17599999999993,1,900,1,1.0,1,1,1,1.0,1,1,1,pérdida contigua en ensayo,True,1,1,0,0.0,1,1,0,0.0,100,213,10,True,0.23666666666666666,inicio,263.0,inicio,20-40,0,0,0,0
s04-r0-burst_trial-0.1,4,0,burst_trial-0.1,burst_trial,0.1,6,87.75599999999986,1,900,1,2.0,1,2,1,2.0,1,1,1,pérdida contigua en ensayo,True,0,0,0,0.0,0,1,1,1.0,100,15,11,True,0.016666666666666666,inicio,65.0,inicio,0-20,0,0,1,0
s04-r0-burst_trial-0.1,4,0,burst_trial-0.1,burst_trial,0.1,7,95.64399999999978,1,900,1,2.0,1,2,1,1.0,1,1,1,pérdida contigua en ensayo,True,0,0,0,0.0,1,1,0,0.0,100,586,12,True,0.6511111111111111,medio,636.0,medio,60-80,0,0,0,0
s04-r0-burst_trial-0.1,4,0,burst_trial-0.1,burst_trial,0.1,8,111.288,2,900,1,2.0,1,2,1,1.0,1,1,1,pérdida contigua en ensayo,True,1,1,0,0.0,0,0,0,0.0,100,652,14,True,0.7244444444444444,fin,702.0,fin,60-80,0,0,0,0
s04-r0-burst_trial-0.1,4,0,burst_trial-0.1,burst_trial,0.1,9,119.76800000000004,2,900,1,2.0,1,2,1,2.0,1,2,1,pérdida contigua en ensayo,True,1,1,0,0.0,1,1,0,0.0,100,447,15,True,0.49666666666666665,medio,497.0,medio,40-60,0,0,0,0
s04-r0-burst_trial-0.1,4,0,burst_trial-0.1,burst_trial,0.1,10,127.80000000000018,1,900,1,2.0,1,1,1,2.0,1,2,1,pérdida contigua en ensayo,True,0,1,1,1.0,0,0,0,0.0,100,191,16,True,0.21222222222222223,inicio,241.0,inicio,20-40,1,0,0,0
s04-r0-burst_trial-0.1,4,0,burst_trial-0.1,burst_trial,0.1,11,136.06399999999985,1,900,1,1.0,1,1,1,1.0,1,1,1,pérdida contigua en ensayo,True,1,1,0,0.0,1,1,0,0.0,100,590,17,True,0.6555555555555556,medio,640.0,medio,60-80,0,0,0,0
s04-r0-burst_trial-0.1,4,0,burst_trial-0.1,burst_trial,0.1,12,152.4720000000002,1,900,1,1.0,1,1,1,2.0,1,2,1,pérdida contigua en ensayo,True,1,1,0,0.0,0,0,0,0.0,100,867,19,True,0.9633333333333334,fin,917.0,fin,80-100,0,0,0,0
s04-r0-burst_trial-0.1,4,0,burst_trial-0.1,burst_trial,0.1,13,160.75199999999995,2,900,1,2.0,1,2,1,1.0,1,1,1,pérdida contigua en ensayo,True,1,1,0,0.0,0,0,0,0.0,100,205,20,True,0.22777777777777777,inicio,255.0,inicio,20-40,0,0,0,0
s04-r0-burst_trial-0.1,4,0,burst_trial-0.1,burst_trial,0.1,14,192.65599999999995,1,900,1,1.0,1,1,1,1.0,1,1,1,pérdida contigua en ensayo,True,1,1,0,0.0,1,1,0,0.0,100,220,24,True,0.24444444444444444,inicio,270.0,inicio,20-40,0,0,0,0
s04-r0-burst_trial-0.1,4,0,burst_trial-0.1,burst_trial,0.1,15,216.9319999999998,2,900,1,2.0,1,2,1,2.0,1,2,1,pérdida contigua en ensayo,True,1,1,0,0.0,1,1,0,0.0,100,694,27,True,0.7711111111111111,fin,744.0,fin,60-80,0,0,0,0
s04-r0-burst_trial-0.1,4,0,burst_trial-0.1,burst_trial,0.1,16,241.2199999999998,2,900,1,2.0,1,2,1,1.0,1,1,1,pérdida contigua en ensayo,True,1,1,0,0.0,0,0,0,0.0,100,833,30,True,0.9255555555555556,fin,883.0,fin,80-100,0,0,0,0
s04-r0-burst_trial-0.1,4,0,burst_trial-0.1,burst_trial,0.1,17,249.6480000000001,1,900,1,2.0,1,2,1,1.0,1,1,1,pérdida contigua en ensayo,True,0,0,0,0.0,1,1,0,0.0,100,55,31,True,0.06111111111111111,inicio,105.0,inicio,0-20,0,0,0,0
s04-r0-burst_trial-0.1,4,0,burst_trial-0.1,burst_trial,0.1,18,258.0160000000001,2,900,1,2.0,1,2,1,2.0,1,2,1,pérdida contigua en ensayo,True,1,1,0,0.0,1,1,0,0.0,100,263,32,True,0.2922222222222222,inicio,313.0,inicio,20-40,0,0,0,0
s04-r0-burst_trial-0.1,4,0,burst_trial-0.1,burst_trial,0.1,19,306.62800000000016,1,900,1,1.0,1,1,1,2.0,1,2,1,pérdida contigua en ensayo,True,1,1,0,0.0,0,0,0,0.0,100,771,38,True,0.8566666666666667,fin,821.0,fin,80-100,0,0,0,0
s04-r0-burst_trial-0.1,4,0,burst_trial-0.1,burst_trial,0.1,20,322.65200000000004,2,900,1,2.0,1,2,1,2.0,1,2,1,pérdida contigua en ensayo,True,1,1,0,0.0,1,1,0,0.0,100,813,40,True,0.9033333333333333,fin,863.0,fin,80-100,0,0,0,0
s04-r0-burst_trial-0.1,4,0,burst_trial-0.1,burst_trial,0.1,21,338.5239999999999,2,900,1,2.0,1,2,1,1.0,1,1,1,pérdida contigua en ensayo,True,1,1,0,0.0,0,0,0,0.0,100,287,42,True,0.3188888888888889,inicio,337.0,medio,20-40,0,0,0,0
s04-r0-burst_trial-0.1,4,0,burst_trial-0.1,burst_trial,0.1,22,362.3359999999998,2,900,1,2.0,1,2,1,2.0,1,2,1,pérdida contigua en ensayo,True,1,1,0,0.0,1,1,0,0.0,100,716,45,True,0.7955555555555556,fin,766.0,fin,60-80,0,0,0,0
s04-r0-burst_trial-0.1,4,0,burst_trial-0.1,burst_trial,0.1,23,379.0279999999998,1,900,1,1.0,1,1,1,1.0,1,1,1,pérdida contigua en ensayo,True,1,1,0,0.0,1,1,0,0.0,100,710,47,True,0.7888888888888889,fin,760.0,fin,60-80,0,0,0,0
s04-r0-burst_trial-0.25,4,0,burst_trial-0.25,burst_trial,0.25,0,16.684000000000196,2,750,1,2.0,1,2,1,2.0,1,2,1,pérdida contigua en ensayo,True,1,1,0,0.0,1,1,0,0.0,250,560,2,True,0.7466666666666667,fin,685.0,fin,60-80,0,0,0,0
s04-r0-burst_trial-0.25,4,0,burst_trial-0.25,burst_trial,0.25,1,24.49200000000019,1,750,1,2.0,1,2,1,1.0,1,1,1,pérdida contigua en ensayo,True,0,0,0,0.0,1,1,0,0.0,250,542,3,True,0.7226666666666667,fin,667.0,fin,60-80,0,0,0,0
s04-r0-burst_trial-0.25,4,0,burst_trial-0.25,burst_trial,0.25,2,32.52399999999989,1,750,1,2.0,1,2,1,1.0,1,1,1,pérdida contigua en ensayo,True,0,0,0,0.0,1,1,0,0.0,250,481,4,True,0.6413333333333333,medio,606.0,medio,60-80,0,0,0,0
s04-r0-burst_trial-0.25,4,0,burst_trial-0.25,burst_trial,0.25,3,40.96799999999985,2,750,1,2.0,1,2,1,1.0,1,1,1,pérdida contigua en ensayo,True,1,1,0,0.0,0,0,0,0.0,250,708,5,True,0.944,fin,833.0,fin,80-100,0,0,0,0
s04-r0-burst_trial-0.25,4,0,burst_trial-0.25,burst_trial,0.25,4,64.55999999999995,2,750,1,2.0,1,2,1,2.0,1,2,1,pérdida contigua en ensayo,True,1,1,0,0.0,1,1,0,0.0,250,732,8,True,0.976,fin,857.0,fin,80-100,0,0,0,0
s04-r0-burst_trial-0.25,4,0,burst_trial-0.25,burst_trial,0.25,5,80.17599999999993,1,750,1,1.0,1,1,1,1.0,1,1,1,pérdida contigua en ensayo,True,1,1,0,0.0,1,1,0,0.0,250,369,10,True,0.492,medio,494.0,medio,40-60,0,0,0,0
s04-r0-burst_trial-0.25,4,0,burst_trial-0.25,burst_trial,0.25,6,87.75599999999986,1,750,1,2.0,1,2,1,1.0,1,1,1,pérdida contigua en ensayo,True,0,0,0,0.0,1,1,0,0.0,250,160,11,True,0.21333333333333335,inicio,285.0,inicio,20-40,0,0,0,0
s04-r0-burst_trial-0.25,4,0,burst_trial-0.25,burst_trial,0.25,7,95.64400000000025,1,750,1,1.0,1,2,1,1.0,1,1,1,pérdida contigua en ensayo,True,1,0,1,1.0,1,1,0,0.0,250,327,12,True,0.436,medio,452.0,medio,40-60,0,1,0,0
s04-r0-burst_trial-0.25,4,0,burst_trial-0.25,burst_trial,0.25,8,111.288,2,750,1,1.0,1,2,1,1.0,1,1,1,pérdida contigua en ensayo,True,0,1,1,1.0,0,0,0,0.0,250,597,14,True,0.796,fin,722.0,fin,60-80,1,0,0,0
s04-r0-burst_trial-0.25,4,0,burst_trial-0.25,burst_trial,0.25,9,119.76800000000004,2,750,1,2.0,1,2,1,2.0,1,2,1,pérdida contigua en ensayo,True,1,1,0,0.0,1,1,0,0.0,250,110,15,True,0.14666666666666667,inicio,235.0,inicio,0-20,0,0,0,0
s04-r0-burst_trial-0.25,4,0,burst_trial-0.25,burst_trial,0.25,10,127.80000000000018,1,750,1,1.0,1,1,1,1.0,1,2,1,pérdida contigua en ensayo,True,1,1,0,0.0,1,0,1,1.0,250,295,16,True,0.3933333333333333,medio,420.0,medio,20-40,0,0,0,1
s04-r0-burst_trial-0.25,4,0,burst_trial-0.25,burst_trial,0.25,11,136.06399999999985,1,750,1,1.0,1,1,1,1.0,1,1,1,pérdida contigua en ensayo,True,1,1,0,0.0,1,1,0,0.0,250,476,17,True,0.6346666666666667,medio,601.0,medio,60-80,0,0,0,0
s04-r0-burst_trial-0.25,4,0,burst_trial-0.25,burst_trial,0.25,12,152.4720000000002,1,750,1,1.0,1,1,1,1.0,1,2,1,pérdida contigua en ensayo,True,1,1,0,0.0,1,0,1,1.0,250,137,19,True,0.18266666666666667,inicio,262.0,inicio,0-20,0,0,0,1
s04-r0-burst_trial-0.25,4,0,burst_trial-0.25,burst_trial,0.25,13,160.75199999999995,2,750,1,2.0,1,2,1,1.0,1,1,1,pérdida contigua en ensayo,True,1,1,0,0.0,0,0,0,0.0,250,391,20,True,0.5213333333333333,medio,516.0,medio,40-60,0,0,0,0
s04-r0-burst_trial-0.25,4,0,burst_trial-0.25,burst_trial,0.25,14,192.65599999999995,1,750,1,1.0,1,1,1,1.0,1,1,1,pérdida contigua en ensayo,True,1,1,0,0.0,1,1,0,0.0,250,545,24,True,0.7266666666666667,fin,670.0,fin,60-80,0,0,0,0
s04-r0-burst_trial-0.25,4,0,burst_trial-0.25,burst_trial,0.25,15,216.9319999999998,2,750,1,2.0,1,2,1,2.0,1,2,1,pérdida contigua en ensayo,True,1,1,0,0.0,1,1,0,0.0,250,399,27,True,0.532,medio,524.0,medio,40-60,0,0,0,0
s04-r0-burst_trial-0.25,4,0,burst_trial-0.25,burst_trial,0.25,16,241.2199999999998,2,750,1,2.0,1,2,1,1.0,1,1,1,pérdida contigua en ensayo,True,1,1,0,0.0,0,0,0,0.0,250,720,30,True,0.96,fin,845.0,fin,80-100,0,0,0,0
s04-r0-burst_trial-0.25,4,0,burst_trial-0.25,burst_trial,0.25,17,249.6480000000001,1,750,1,2.0,1,2,1,1.0,1,1,1,pérdida contigua en ensayo,True,0,0,0,0.0,1,1,0,0.0,250,268,31,True,0.35733333333333334,medio,393.0,medio,20-40,0,0,0,0
s04-r0-burst_trial-0.25,4,0,burst_trial-0.25,burst_trial,0.25,18,258.0160000000001,2,750,1,2.0,1,2,1,2.0,1,2,1,pérdida contigua en ensayo,True,1,1,0,0.0,1,1,0,0.0,250,608,32,True,0.8106666666666666,fin,733.0,fin,80-100,0,0,0,0
s04-r0-burst_trial-0.25,4,0,burst_trial-0.25,burst_trial,0.25,19,306.62800000000016,1,750,1,1.0,1,1,1,2.0,1,2,1,pérdida contigua en ensayo,True,1,1,0,0.0,0,0,0,0.0,250,357,38,True,0.476,medio,482.0,medio,40-60,0,0,0,0
s04-r0-burst_trial-0.25,4,0,burst_trial-0.25,burst_trial,0.25,20,322.65200000000004,2,750,1,2.0,1,2,1,2.0,1,2,1,pérdida contigua en ensayo,True,1,1,0,0.0,1,1,0,0.0,250,517,40,True,0.6893333333333334,fin,642.0,medio,60-80,0,0,0,0
s04-r0-burst_trial-0.25,4,0,burst_trial-0.25,burst_trial,0.25,21,338.5239999999999,2,750,1,2.0,1,2,1,1.0,1,1,1,pérdida contigua en ensayo,True,1,1,0,0.0,0,0,0,0.0,250,523,42,True,0.6973333333333334,fin,648.0,medio,60-80,0,0,0,0
s04-r0-burst_trial-0.25,4,0,burst_trial-0.25,burst_trial,0.25,22,362.3360000000002,2,750,1,2.0,1,2,1,2.0,1,2,1,pérdida contigua en ensayo,True,1,1,0,0.0,1,1,0,0.0,250,91,45,True,0.12133333333333333,inicio,216.0,inicio,0-20,0,0,0,0
s04-r0-burst_trial-0.25,4,0,burst_trial-0.25,burst_trial,0.25,23,379.02800000000025,1,750,1,1.0,1,1,1,1.0,1,1,1,pérdida contigua en ensayo,True,1,1,0,0.0,1,1,0,0.0,250,698,47,True,0.9306666666666666,fin,823.0,fin,80-100,0,0,0,0
s04-r0-burst_trial-0.4,4,0,burst_trial-0.4,burst_trial,0.4,0,16.684000000000196,2,600,1,2.0,1,2,1,2.0,1,2,1,pérdida contigua en ensayo,True,1,1,0,0.0,1,1,0,0.0,400,29,2,True,0.04833333333333333,inicio,229.0,inicio,0-20,0,0,0,0
s04-r0-burst_trial-0.4,4,0,burst_trial-0.4,burst_trial,0.4,1,24.49200000000019,1,600,1,2.0,1,2,1,1.0,1,1,1,pérdida contigua en ensayo,True,0,0,0,0.0,1,1,0,0.0,400,248,3,True,0.41333333333333333,medio,448.0,medio,40-60,0,0,0,0
s04-r0-burst_trial-0.4,4,0,burst_trial-0.4,burst_trial,0.4,2,32.52399999999989,1,600,1,1.0,1,2,1,1.0,1,1,1,pérdida contigua en ensayo,True,1,0,1,1.0,1,1,0,0.0,400,14,4,True,0.023333333333333334,inicio,214.0,inicio,0-20,0,1,0,0
s04-r0-burst_trial-0.4,4,0,burst_trial-0.4,burst_trial,0.4,3,40.96799999999985,2,600,1,1.0,1,2,1,1.0,1,1,1,pérdida contigua en ensayo,True,0,1,1,1.0,0,0,0,0.0,400,154,5,True,0.25666666666666665,inicio,354.0,medio,20-40,1,0,0,0
s04-r0-burst_trial-0.4,4,0,burst_trial-0.4,burst_trial,0.4,4,64.55999999999995,2,600,1,2.0,1,2,1,2.0,1,2,1,pérdida contigua en ensayo,True,1,1,0,0.0,1,1,0,0.0,400,1,8,True,0.0016666666666666668,inicio,201.0,inicio,0-20,0,0,0,0
s04-r0-burst_trial-0.4,4,0,burst_trial-0.4,burst_trial,0.4,5,80.17599999999993,1,600,1,2.0,1,1,1,1.0,1,1,1,pérdida contigua en ensayo,True,0,1,1,1.0,1,1,0,0.0,400,383,10,True,0.6383333333333333,medio,583.0,medio,60-80,1,0,0,0
s04-r0-burst_trial-0.4,4,0,burst_trial-0.4,burst_trial,0.4,6,87.75599999999986,1,600,1,2.0,1,2,1,1.0,1,1,1,pérdida contigua en ensayo,True,0,0,0,0.0,1,1,0,0.0,400,26,11,True,0.043333333333333335,inicio,226.0,inicio,0-20,0,0,0,0
s04-r0-burst_trial-0.4,4,0,burst_trial-0.4,burst_trial,0.4,7,95.64399999999978,1,600,1,1.0,1,2,1,1.0,1,1,1,pérdida contigua en ensayo,True,1,0,1,1.0,1,1,0,0.0,400,190,12,True,0.31666666666666665,inicio,390.0,medio,20-40,0,1,0,0
s04-r0-burst_trial-0.4,4,0,burst_trial-0.4,burst_trial,0.4,8,111.288,2,600,1,1.0,1,2,1,1.0,1,1,1,pérdida contigua en ensayo,True,0,1,1,1.0,0,0,0,0.0,400,569,14,True,0.9483333333333334,fin,769.0,fin,80-100,1,0,0,0
s04-r0-burst_trial-0.4,4,0,burst_trial-0.4,burst_trial,0.4,9,119.76800000000004,2,600,1,1.0,1,2,1,2.0,1,2,1,pérdida contigua en ensayo,True,0,1,1,1.0,1,1,0,0.0,400,153,15,True,0.255,inicio,353.0,medio,20-40,1,0,0,0
s04-r0-burst_trial-0.4,4,0,burst_trial-0.4,burst_trial,0.4,10,127.80000000000018,1,600,1,2.0,1,1,1,2.0,1,2,1,pérdida contigua en ensayo,True,0,1,1,1.0,0,0,0,0.0,400,88,16,True,0.14666666666666667,inicio,288.0,inicio,0-20,1,0,0,0
s04-r0-burst_trial-0.4,4,0,burst_trial-0.4,burst_trial,0.4,11,136.06399999999985,1,600,1,1.0,1,1,1,1.0,1,1,1,pérdida contigua en ensayo,True,1,1,0,0.0,1,1,0,0.0,400,315,17,True,0.525,medio,515.0,medio,40-60,0,0,0,0
s04-r0-burst_trial-0.4,4,0,burst_trial-0.4,burst_trial,0.4,12,152.4720000000002,1,600,1,2.0,1,1,1,1.0,1,2,1,pérdida contigua en ensayo,True,0,1,1,1.0,1,0,1,1.0,400,510,19,True,0.85,fin,710.0,fin,80-100,1,0,0,1
s04-r0-burst_trial-0.4,4,0,burst_trial-0.4,burst_trial,0.4,13,160.75199999999995,2,600,1,2.0,1,2,1,1.0,1,1,1,pérdida contigua en ensayo,True,1,1,0,0.0,0,0,0,0.0,400,82,20,True,0.13666666666666666,inicio,282.0,inicio,0-20,0,0,0,0
s04-r0-burst_trial-0.4,4,0,burst_trial-0.4,burst_trial,0.4,14,192.65599999999995,1,600,1,1.0,1,1,1,1.0,1,1,1,pérdida contigua en ensayo,True,1,1,0,0.0,1,1,0,0.0,400,88,24,True,0.14666666666666667,inicio,288.0,inicio,0-20,0,0,0,0
s04-r0-burst_trial-0.4,4,0,burst_trial-0.4,burst_trial,0.4,15,216.9319999999998,2,600,1,2.0,1,2,1,1.0,1,2,1,pérdida contigua en ensayo,True,1,1,0,0.0,0,1,1,1.0,400,322,27,True,0.5366666666666666,medio,522.0,medio,40-60,0,0,1,0
s04-r0-burst_trial-0.4,4,0,burst_trial-0.4,burst_trial,0.4,16,241.2199999999998,2,600,1,2.0,1,2,1,1.0,1,1,1,pérdida contigua en ensayo,True,1,1,0,0.0,0,0,0,0.0,400,394,30,True,0.6566666666666666,medio,594.0,medio,60-80,0,0,0,0
s04-r0-burst_trial-0.4,4,0,burst_trial-0.4,burst_trial,0.4,17,249.6480000000001,1,600,1,1.0,1,2,1,1.0,1,1,1,pérdida contigua en ensayo,True,1,0,1,1.0,1,1,0,0.0,400,569,31,True,0.9483333333333334,fin,769.0,fin,80-100,0,1,0,0
s04-r0-burst_trial-0.4,4,0,burst_trial-0.4,burst_trial,0.4,18,258.0160000000001,2,600,1,2.0,1,2,1,2.0,1,2,1,pérdida contigua en ensayo,True,1,1,0,0.0,1,1,0,0.0,400,292,32,True,0.4866666666666667,medio,492.0,medio,40-60,0,0,0,0
s04-r0-burst_trial-0.4,4,0,burst_trial-0.4,burst_trial,0.4,19,306.62800000000016,1,600,1,1.0,1,1,1,1.0,1,2,1,pérdida contigua en ensayo,True,1,1,0,0.0,1,0,1,1.0,400,281,38,True,0.4683333333333333,medio,481.0,medio,40-60,0,0,0,1
s04-r0-burst_trial-0.4,4,0,burst_trial-0.4,burst_trial,0.4,20,322.65200000000004,2,600,1,2.0,1,2,1,2.0,1,2,1,pérdida contigua en ensayo,True,1,1,0,0.0,1,1,0,0.0,400,28,40,True,0.04666666666666667,inicio,228.0,inicio,0-20,0,0,0,0
s04-r0-burst_trial-0.4,4,0,burst_trial-0.4,burst_trial,0.4,21,338.5239999999999,2,600,1,1.0,1,2,1,1.0,1,1,1,pérdida contigua en ensayo,True,0,1,1,1.0,0,0,0,0.0,400,577,42,True,0.9616666666666667,fin,777.0,fin,80-100,1,0,0,0
s04-r0-burst_trial-0.4,4,0,burst_trial-0.4,burst_trial,0.4,22,362.3359999999998,2,600,1,2.0,1,2,1,2.0,1,2,1,pérdida contigua en ensayo,True,1,1,0,0.0,1,1,0,0.0,400,266,45,True,0.44333333333333336,medio,466.0,medio,40-60,0,0,0,0
s04-r0-burst_trial-0.4,4,0,burst_trial-0.4,burst_trial,0.4,23,379.0279999999998,1,600,1,2.0,1,1,1,1.0,1,1,1,pérdida contigua en ensayo,True,0,1,1,1.0,1,1,0,0.0,400,527,47,True,0.8783333333333333,fin,727.0,fin,80-100,1,0,0,0
s04-r1-burst_trial-0.1,4,1,burst_trial-0.1,burst_trial,0.1,0,1.0,1,900,1,2.0,1,2,1,2.0,1,2,1,pérdida contigua en ensayo,True,0,0,0,0.0,0,0,0,0.0,100,724,0,True,0.8044444444444444,fin,774.0,fin,80-100,0,0,0,0
s04-r1-burst_trial-0.1,4,1,burst_trial-0.1,burst_trial,0.1,1,9.012000000000626,1,900,1,2.0,1,2,1,1.0,1,1,1,pérdida contigua en ensayo,True,0,0,0,0.0,1,1,0,0.0,100,862,1,True,0.9577777777777777,fin,912.0,fin,80-100,0,0,0,0
s04-r1-burst_trial-0.1,4,1,burst_trial-0.1,burst_trial,0.1,2,24.49200000000019,2,900,1,2.0,1,2,1,2.0,1,2,1,pérdida contigua en ensayo,True,1,1,0,0.0,1,1,0,0.0,100,134,3,True,0.14888888888888888,inicio,184.0,inicio,0-20,0,0,0,0
s04-r1-burst_trial-0.1,4,1,burst_trial-0.1,burst_trial,0.1,3,32.52399999999943,1,900,1,2.0,1,2,1,1.0,1,1,1,pérdida contigua en ensayo,True,0,0,0,0.0,1,1,0,0.0,100,234,4,True,0.26,inicio,284.0,inicio,20-40,0,0,0,0
s04-r1-burst_trial-0.1,4,1,burst_trial-0.1,burst_trial,0.1,4,48.63600000000042,1,900,1,2.0,1,2,1,2.0,1,2,1,pérdida contigua en ensayo,True,0,0,0,0.0,0,0,0,0.0,100,242,6,True,0.2688888888888889,inicio,292.0,inicio,20-40,0,0,0,0
s04-r1-burst_trial-0.1,4,1,burst_trial-0.1,burst_trial,0.1,5,64.55999999999949,2,900,1,2.0,1,2,1,2.0,1,2,1,pérdida contigua en ensayo,True,1,1,0,0.0,1,1,0,0.0,100,88,8,True,0.09777777777777778,inicio,138.0,inicio,0-20,0,0,0,0
s04-r1-burst_trial-0.1,4,1,burst_trial-0.1,burst_trial,0.1,6,80.17599999999948,1,900,1,2.0,1,2,1,1.0,1,1,1,pérdida contigua en ensayo,True,0,0,0,0.0,1,1,0,0.0,100,208,10,True,0.2311111111111111,inicio,258.0,inicio,20-40,0,0,0,0
s04-r1-burst_trial-0.1,4,1,burst_trial-0.1,burst_trial,0.1,7,103.42000000000009,1,900,1,1.0,1,1,1,1.0,1,1,1,pérdida contigua en ensayo,True,1,1,0,0.0,1,1,0,0.0,100,342,13,True,0.38,medio,392.0,medio,20-40,0,0,0,0
s04-r1-burst_trial-0.1,4,1,burst_trial-0.1,burst_trial,0.1,8,119.76800000000004,2,900,1,2.0,1,2,1,2.0,1,2,1,pérdida contigua en ensayo,True,1,1,0,0.0,1,1,0,0.0,100,403,15,True,0.4477777777777778,medio,453.0,medio,40-60,0,0,0,0
s04-r1-burst_trial-0.1,4,1,burst_trial-0.1,burst_trial,0.1,9,160.7520000000004,1,900,1,1.0,1,2,1,1.0,1,1,1,pérdida contigua en ensayo,True,1,0,1,1.0,1,1,0,0.0,100,395,20,True,0.4388888888888889,medio,445.0,medio,40-60,0,1,0,0
s04-r1-burst_trial-0.1,4,1,burst_trial-0.1,burst_trial,0.1,10,176.71999999999937,2,900,1,2.0,1,2,1,1.0,1,1,1,pérdida contigua en ensayo,True,1,1,0,0.0,0,0,0,0.0,100,532,22,True,0.5911111111111111,medio,582.0,medio,40-60,0,0,0,0
s04-r1-burst_trial-0.1,4,1,burst_trial-0.1,burst_trial,0.1,11,192.6560000000009,2,900,1,2.0,1,2,1,2.0,1,2,1,pérdida contigua en ensayo,True,1,1,0,0.0,1,1,0,0.0,100,108,24,True,0.12,inicio,158.0,inicio,0-20,0,0,0,0
s04-r1-burst_trial-0.1,4,1,burst_trial-0.1,burst_trial,0.1,12,200.5,1,900,1,2.0,1,2,1,2.0,1,2,1,pérdida contigua en ensayo,True,0,0,0,0.0,0,0,0,0.0,100,61,25,True,0.06777777777777778,inicio,111.0,inicio,0-20,0,0,0,0
s04-r1-burst_trial-0.1,4,1,burst_trial-0.1,burst_trial,0.1,13,216.9320000000007,2,900,1,2.0,1,2,1,2.0,1,1,1,pérdida contigua en ensayo,True,1,1,0,0.0,1,0,1,1.0,100,104,27,True,0.11555555555555555,inicio,154.0,inicio,0-20,0,0,0,1
s04-r1-burst_trial-0.1,4,1,burst_trial-0.1,burst_trial,0.1,14,224.83200000000036,1,900,1,2.0,1,2,1,2.0,1,2,1,pérdida contigua en ensayo,True,0,0,0,0.0,0,0,0,0.0,100,778,28,True,0.8644444444444445,fin,828.0,fin,80-100,0,0,0,0
s04-r1-burst_trial-0.1,4,1,burst_trial-0.1,burst_trial,0.1,15,249.64799999999923,1,900,1,1.0,1,1,1,1.0,1,1,1,pérdida contigua en ensayo,True,1,1,0,0.0,1,1,0,0.0,100,440,31,True,0.4888888888888889,medio,490.0,medio,40-60,0,0,0,0
s04-r1-burst_trial-0.1,4,1,burst_trial-0.1,burst_trial,0.1,16,282.8080000000009,2,900,1,2.0,1,2,1,2.0,1,2,1,pérdida contigua en ensayo,True,1,1,0,0.0,1,1,0,0.0,100,285,35,True,0.31666666666666665,inicio,335.0,medio,20-40,0,0,0,0
s04-r1-burst_trial-0.1,4,1,burst_trial-0.1,burst_trial,0.1,17,290.88800000000083,1,900,1,1.0,1,1,1,1.0,1,1,1,pérdida contigua en ensayo,True,1,1,0,0.0,1,1,0,0.0,100,633,36,True,0.7033333333333334,fin,683.0,fin,60-80,0,0,0,0
s04-r1-burst_trial-0.1,4,1,burst_trial-0.1,burst_trial,0.1,18,298.77599999999984,2,900,1,2.0,1,2,1,2.0,1,2,1,pérdida contigua en ensayo,True,1,1,0,0.0,1,1,0,0.0,100,579,37,True,0.6433333333333333,medio,629.0,medio,60-80,0,0,0,0
s04-r1-burst_trial-0.1,4,1,burst_trial-0.1,burst_trial,0.1,19,314.3279999999995,2,900,1,2.0,1,2,1,2.0,1,1,1,pérdida contigua en ensayo,True,1,1,0,0.0,1,0,1,1.0,100,335,39,True,0.37222222222222223,medio,385.0,medio,20-40,0,0,0,1
s04-r1-burst_trial-0.1,4,1,burst_trial-0.1,burst_trial,0.1,20,338.52399999999943,2,900,1,2.0,1,2,1,2.0,1,2,1,pérdida contigua en ensayo,True,1,1,0,0.0,1,1,0,0.0,100,717,42,True,0.7966666666666666,fin,767.0,fin,60-80,0,0,0,0
s04-r1-burst_trial-0.1,4,1,burst_trial-0.1,burst_trial,0.1,21,347.0,2,900,1,2.0,1,2,1,2.0,1,2,1,pérdida contigua en ensayo,True,1,1,0,0.0,1,1,0,0.0,100,759,43,True,0.8433333333333334,fin,809.0,fin,80-100,0,0,0,0
s04-r1-burst_trial-0.1,4,1,burst_trial-0.1,burst_trial,0.1,22,354.6239999999998,2,900,1,2.0,1,1,1,2.0,1,2,1,pérdida contigua en ensayo,True,1,0,1,1.0,1,1,0,0.0,100,564,44,True,0.6266666666666667,medio,614.0,medio,60-80,0,1,0,0
s04-r1-burst_trial-0.1,4,1,burst_trial-0.1,burst_trial,0.1,23,379.02800000000025,1,900,1,2.0,1,2,1,2.0,1,2,1,pérdida contigua en ensayo,True,0,0,0,0.0,0,0,0,0.0,100,646,47,True,0.7177777777777777,fin,696.0,fin,60-80,0,0,0,0
s04-r1-burst_trial-0.25,4,1,burst_trial-0.25,burst_trial,0.25,0,1.0,1,750,1,2.0,1,2,1,2.0,1,2,1,pérdida contigua en ensayo,True,0,0,0,0.0,0,0,0,0.0,250,358,0,True,0.47733333333333333,medio,483.0,medio,40-60,0,0,0,0
s04-r1-burst_trial-0.25,4,1,burst_trial-0.25,burst_trial,0.25,1,9.012000000000626,1,750,1,2.0,1,2,1,1.0,1,1,1,pérdida contigua en ensayo,True,0,0,0,0.0,1,1,0,0.0,250,134,1,True,0.17866666666666667,inicio,259.0,inicio,0-20,0,0,0,0
s04-r1-burst_trial-0.25,4,1,burst_trial-0.25,burst_trial,0.25,2,24.49200000000019,2,750,1,2.0,1,2,1,2.0,1,2,1,pérdida contigua en ensayo,True,1,1,0,0.0,1,1,0,0.0,250,676,3,True,0.9013333333333333,fin,801.0,fin,80-100,0,0,0,0
s04-r1-burst_trial-0.25,4,1,burst_trial-0.25,burst_trial,0.25,3,32.52399999999943,1,750,1,2.0,1,2,1,1.0,1,1,1,pérdida contigua en ensayo,True,0,0,0,0.0,1,1,0,0.0,250,38,4,True,0.050666666666666665,inicio,163.0,inicio,0-20,0,0,0,0
s04-r1-burst_trial-0.25,4,1,burst_trial-0.25,burst_trial,0.25,4,48.63600000000042,1,750,1,2.0,1,2,1,2.0,1,2,1,pérdida contigua en ensayo,True,0,0,0,0.0,0,0,0,0.0,250,218,6,True,0.2906666666666667,inicio,343.0,medio,20-40,0,0,0,0
s04-r1-burst_trial-0.25,4,1,burst_trial-0.25,burst_trial,0.25,5,64.55999999999949,2,750,1,2.0,1,2,1,1.0,1,2,1,pérdida contigua en ensayo,True,1,1,0,0.0,0,1,1,1.0,250,281,8,True,0.37466666666666665,medio,406.0,medio,20-40,0,0,1,0
s04-r1-burst_trial-0.25,4,1,burst_trial-0.25,burst_trial,0.25,6,80.17599999999948,1,750,1,2.0,1,2,1,1.0,1,1,1,pérdida contigua en ensayo,True,0,0,0,0.0,1,1,0,0.0,250,104,10,True,0.13866666666666666,inicio,229.0,inicio,0-20,0,0,0,0
s04-r1-burst_trial-0.25,4,1,burst_trial-0.25,burst_trial,0.25,7,103.42000000000009,1,750,1,1.0,1,1,1,1.0,1,1,1,pérdida contigua en ensayo,True,1,1,0,0.0,1,1,0,0.0,250,578,13,True,0.7706666666666667,fin,703.0,fin,60-80,0,0,0,0
s04-r1-burst_trial-0.25,4,1,burst_trial-0.25,burst_trial,0.25,8,119.76800000000004,2,750,1,2.0,1,2,1,2.0,1,2,1,pérdida contigua en ensayo,True,1,1,0,0.0,1,1,0,0.0,250,654,15,True,0.872,fin,779.0,fin,80-100,0,0,0,0
s04-r1-burst_trial-0.25,4,1,burst_trial-0.25,burst_trial,0.25,9,160.7520000000004,1,750,1,2.0,1,2,1,1.0,1,1,1,pérdida contigua en ensayo,True,0,0,0,0.0,1,1,0,0.0,250,313,20,True,0.41733333333333333,medio,438.0,medio,40-60,0,0,0,0
s04-r1-burst_trial-0.25,4,1,burst_trial-0.25,burst_trial,0.25,10,176.71999999999937,2,750,1,2.0,1,2,1,1.0,1,1,1,pérdida contigua en ensayo,True,1,1,0,0.0,0,0,0,0.0,250,738,22,True,0.984,fin,863.0,fin,80-100,0,0,0,0
s04-r1-burst_trial-0.25,4,1,burst_trial-0.25,burst_trial,0.25,11,192.6560000000009,2,750,1,2.0,1,2,1,2.0,1,2,1,pérdida contigua en ensayo,True,1,1,0,0.0,1,1,0,0.0,250,393,24,True,0.524,medio,518.0,medio,40-60,0,0,0,0
s04-r1-burst_trial-0.25,4,1,burst_trial-0.25,burst_trial,0.25,12,200.5,1,750,1,2.0,1,2,1,1.0,1,2,1,pérdida contigua en ensayo,True,0,0,0,0.0,1,0,1,1.0,250,462,25,True,0.616,medio,587.0,medio,60-80,0,0,0,1
s04-r1-burst_trial-0.25,4,1,burst_trial-0.25,burst_trial,0.25,13,216.9320000000007,2,750,1,2.0,1,2,1,1.0,1,1,1,pérdida contigua en ensayo,True,1,1,0,0.0,0,0,0,0.0,250,258,27,True,0.344,medio,383.0,medio,20-40,0,0,0,0
s04-r1-burst_trial-0.25,4,1,burst_trial-0.25,burst_trial,0.25,14,224.83200000000036,1,750,1,2.0,1,2,1,2.0,1,2,1,pérdida contigua en ensayo,True,0,0,0,0.0,0,0,0,0.0,250,669,28,True,0.892,fin,794.0,fin,80-100,0,0,0,0
s04-r1-burst_trial-0.25,4,1,burst_trial-0.25,burst_trial,0.25,15,249.64799999999923,1,750,1,1.0,1,1,1,1.0,1,1,1,pérdida contigua en ensayo,True,1,1,0,0.0,1,1,0,0.0,250,430,31,True,0.5733333333333334,medio,555.0,medio,40-60,0,0,0,0
s04-r1-burst_trial-0.25,4,1,burst_trial-0.25,burst_trial,0.25,16,282.8080000000009,2,750,1,2.0,1,2,1,2.0,1,2,1,pérdida contigua en ensayo,True,1,1,0,0.0,1,1,0,0.0,250,99,35,True,0.132,inicio,224.0,inicio,0-20,0,0,0,0
s04-r1-burst_trial-0.25,4,1,burst_trial-0.25,burst_trial,0.25,17,290.88800000000083,1,750,1,1.0,1,1,1,1.0,1,1,1,pérdida contigua en ensayo,True,1,1,0,0.0,1,1,0,0.0,250,242,36,True,0.32266666666666666,inicio,367.0,medio,20-40,0,0,0,0
s04-r1-burst_trial-0.25,4,1,burst_trial-0.25,burst_trial,0.25,18,298.77599999999984,2,750,1,1.0,1,2,1,2.0,1,2,1,pérdida contigua en ensayo,True,0,1,1,1.0,1,1,0,0.0,250,242,37,True,0.32266666666666666,inicio,367.0,medio,20-40,1,0,0,0
s04-r1-burst_trial-0.25,4,1,burst_trial-0.25,burst_trial,0.25,19,314.3279999999995,2,750,1,2.0,1,2,1,1.0,1,1,1,pérdida contigua en ensayo,True,1,1,0,0.0,0,0,0,0.0,250,565,39,True,0.7533333333333333,fin,690.0,fin,60-80,0,0,0,0
s04-r1-burst_trial-0.25,4,1,burst_trial-0.25,burst_trial,0.25,20,338.52399999999943,2,750,1,2.0,1,2,1,2.0,1,2,1,pérdida contigua en ensayo,True,1,1,0,0.0,1,1,0,0.0,250,555,42,True,0.74,fin,680.0,fin,60-80,0,0,0,0
s04-r1-burst_trial-0.25,4,1,burst_trial-0.25,burst_trial,0.25,21,347.0,2,750,1,1.0,1,2,1,1.0,1,2,1,pérdida contigua en ensayo,True,0,1,1,1.0,0,1,1,1.0,250,121,43,True,0.16133333333333333,inicio,246.0,inicio,0-20,1,0,1,0
s04-r1-burst_trial-0.25,4,1,burst_trial-0.25,burst_trial,0.25,22,354.6239999999998,2,750,1,2.0,1,1,1,2.0,1,2,1,pérdida contigua en ensayo,True,1,0,1,1.0,1,1,0,0.0,250,606,44,True,0.808,fin,731.0,fin,80-100,0,1,0,0
s04-r1-burst_trial-0.25,4,1,burst_trial-0.25,burst_trial,0.25,23,379.02800000000025,1,750,1,2.0,1,2,1,2.0,1,2,1,pérdida contigua en ensayo,True,0,0,0,0.0,0,0,0,0.0,250,709,47,True,0.9453333333333334,fin,834.0,fin,80-100,0,0,0,0
s04-r1-burst_trial-0.4,4,1,burst_trial-0.4,burst_trial,0.4,0,1.0,1,600,1,2.0,1,2,1,2.0,1,2,1,pérdida contigua en ensayo,True,0,0,0,0.0,0,0,0,0.0,400,597,0,True,0.995,fin,797.0,fin,80-100,0,0,0,0
s04-r1-burst_trial-0.4,4,1,burst_trial-0.4,burst_trial,0.4,1,9.012000000000626,1,600,1,2.0,1,2,1,1.0,1,1,1,pérdida contigua en ensayo,True,0,0,0,0.0,1,1,0,0.0,400,129,1,True,0.215,inicio,329.0,inicio,20-40,0,0,0,0
s04-r1-burst_trial-0.4,4,1,burst_trial-0.4,burst_trial,0.4,2,24.49200000000019,2,600,1,2.0,1,2,1,2.0,1,2,1,pérdida contigua en ensayo,True,1,1,0,0.0,1,1,0,0.0,400,13,3,True,0.021666666666666667,inicio,213.0,inicio,0-20,0,0,0,0
s04-r1-burst_trial-0.4,4,1,burst_trial-0.4,burst_trial,0.4,3,32.52399999999943,1,600,1,2.0,1,2,1,1.0,1,1,1,pérdida contigua en ensayo,True,0,0,0,0.0,1,1,0,0.0,400,32,4,True,0.05333333333333334,inicio,232.0,inicio,0-20,0,0,0,0
s04-r1-burst_trial-0.4,4,1,burst_trial-0.4,burst_trial,0.4,4,48.63600000000042,1,600,1,2.0,1,2,1,2.0,1,2,1,pérdida contigua en ensayo,True,0,0,0,0.0,0,0,0,0.0,400,429,6,True,0.715,fin,629.0,medio,60-80,0,0,0,0
s04-r1-burst_trial-0.4,4,1,burst_trial-0.4,burst_trial,0.4,5,64.55999999999949,2,600,1,2.0,1,2,1,1.0,1,2,1,pérdida contigua en ensayo,True,1,1,0,0.0,0,1,1,1.0,400,521,8,True,0.8683333333333333,fin,721.0,fin,80-100,0,0,1,0
s04-r1-burst_trial-0.4,4,1,burst_trial-0.4,burst_trial,0.4,6,80.17599999999948,1,600,1,2.0,1,2,1,1.0,1,1,1,pérdida contigua en ensayo,True,0,0,0,0.0,1,1,0,0.0,400,523,10,True,0.8716666666666667,fin,723.0,fin,80-100,0,0,0,0
s04-r1-burst_trial-0.4,4,1,burst_trial-0.4,burst_trial,0.4,7,103.42000000000009,1,600,1,1.0,1,1,1,1.0,1,1,1,pérdida contigua en ensayo,True,1,1,0,0.0,1,1,0,0.0,400,360,13,True,0.6,medio,560.0,medio,40-60,0,0,0,0
s04-r1-burst_trial-0.4,4,1,burst_trial-0.4,burst_trial,0.4,8,119.76800000000004,2,600,1,2.0,1,2,1,2.0,1,2,1,pérdida contigua en ensayo,True,1,1,0,0.0,1,1,0,0.0,400,442,15,True,0.7366666666666667,fin,642.0,medio,60-80,0,0,0,0
s04-r1-burst_trial-0.4,4,1,burst_trial-0.4,burst_trial,0.4,9,160.7520000000004,1,600,1,1.0,1,2,1,1.0,1,1,1,pérdida contigua en ensayo,True,1,0,1,1.0,1,1,0,0.0,400,194,20,True,0.3233333333333333,inicio,394.0,medio,20-40,0,1,0,0
s04-r1-burst_trial-0.4,4,1,burst_trial-0.4,burst_trial,0.4,10,176.71999999999937,2,600,1,2.0,1,2,1,1.0,1,1,1,pérdida contigua en ensayo,True,1,1,0,0.0,0,0,0,0.0,400,49,22,True,0.08166666666666667,inicio,249.0,inicio,0-20,0,0,0,0
s04-r1-burst_trial-0.4,4,1,burst_trial-0.4,burst_trial,0.4,11,192.6560000000009,2,600,1,2.0,1,2,1,1.0,1,2,1,pérdida contigua en ensayo,True,1,1,0,0.0,0,1,1,1.0,400,43,24,True,0.07166666666666667,inicio,243.0,inicio,0-20,0,0,1,0
s04-r1-burst_trial-0.4,4,1,burst_trial-0.4,burst_trial,0.4,12,200.5,1,600,1,2.0,1,2,1,1.0,1,2,1,pérdida contigua en ensayo,True,0,0,0,0.0,1,0,1,1.0,400,406,25,True,0.6766666666666666,fin,606.0,medio,60-80,0,0,0,1
s04-r1-burst_trial-0.4,4,1,burst_trial-0.4,burst_trial,0.4,13,216.9320000000007,2,600,1,2.0,1,2,1,1.0,1,1,1,pérdida contigua en ensayo,True,1,1,0,0.0,0,0,0,0.0,400,443,27,True,0.7383333333333333,fin,643.0,medio,60-80,0,0,0,0
s04-r1-burst_trial-0.4,4,1,burst_trial-0.4,burst_trial,0.4,14,224.83200000000036,1,600,1,2.0,1,2,1,1.0,1,2,1,pérdida contigua en ensayo,True,0,0,0,0.0,1,0,1,1.0,400,37,28,True,0.06166666666666667,inicio,237.0,inicio,0-20,0,0,0,1
s04-r1-burst_trial-0.4,4,1,burst_trial-0.4,burst_trial,0.4,15,249.64799999999923,1,600,1,2.0,1,1,1,1.0,1,1,1,pérdida contigua en ensayo,True,0,1,1,1.0,1,1,0,0.0,400,127,31,True,0.21166666666666667,inicio,327.0,inicio,20-40,1,0,0,0
s04-r1-burst_trial-0.4,4,1,burst_trial-0.4,burst_trial,0.4,16,282.8079999999991,2,600,1,2.0,1,2,1,2.0,1,2,1,pérdida contigua en ensayo,True,1,1,0,0.0,1,1,0,0.0,400,455,35,True,0.7583333333333333,fin,655.0,medio,60-80,0,0,0,0
s04-r1-burst_trial-0.4,4,1,burst_trial-0.4,burst_trial,0.4,17,290.88800000000083,1,600,1,1.0,1,1,1,1.0,1,1,1,pérdida contigua en ensayo,True,1,1,0,0.0,1,1,0,0.0,400,54,36,True,0.09,inicio,254.0,inicio,0-20,0,0,0,0
s04-r1-burst_trial-0.4,4,1,burst_trial-0.4,burst_trial,0.4,18,298.77599999999984,2,600,1,1.0,1,2,1,2.0,1,2,1,pérdida contigua en ensayo,True,0,1,1,1.0,1,1,0,0.0,400,127,37,True,0.21166666666666667,inicio,327.0,inicio,20-40,1,0,0,0
s04-r1-burst_trial-0.4,4,1,burst_trial-0.4,burst_trial,0.4,19,314.3279999999995,2,600,1,2.0,1,2,1,1.0,1,1,1,pérdida contigua en ensayo,True,1,1,0,0.0,0,0,0,0.0,400,187,39,True,0.31166666666666665,inicio,387.0,medio,20-40,0,0,0,0
s04-r1-burst_trial-0.4,4,1,burst_trial-0.4,burst_trial,0.4,20,338.52399999999943,2,600,1,2.0,1,2,1,2.0,1,2,1,pérdida contigua en ensayo,True,1,1,0,0.0,1,1,0,0.0,400,594,42,True,0.99,fin,794.0,fin,80-100,0,0,0,0
s04-r1-burst_trial-0.4,4,1,burst_trial-0.4,burst_trial,0.4,21,347.0,2,600,1,2.0,1,2,1,1.0,1,2,1,pérdida contigua en ensayo,True,1,1,0,0.0,0,1,1,1.0,400,487,43,True,0.8116666666666666,fin,687.0,fin,80-100,0,0,1,0
s04-r1-burst_trial-0.4,4,1,burst_trial-0.4,burst_trial,0.4,22,354.6239999999998,2,600,1,2.0,1,1,1,2.0,1,2,1,pérdida contigua en ensayo,True,1,0,1,1.0,1,1,0,0.0,400,559,44,True,0.9316666666666666,fin,759.0,fin,80-100,0,1,0,0
s04-r1-burst_trial-0.4,4,1,burst_trial-0.4,burst_trial,0.4,23,379.02800000000025,1,600,1,2.0,1,2,1,2.0,1,2,1,pérdida contigua en ensayo,True,0,0,0,0.0,0,0,0,0.0,400,592,47,True,0.9866666666666667,fin,792.0,fin,80-100,0,0,0,0
s04-r2-burst_trial-0.1,4,2,burst_trial-0.1,burst_trial,0.1,0,1.0,2,900,1,2.0,1,2,1,1.0,1,1,1,pérdida contigua en ensayo,True,1,1,0,0.0,0,0,0,0.0,100,460,0,True,0.5111111111111111,medio,510.0,medio,40-60,0,0,0,0
s04-r2-burst_trial-0.1,4,2,burst_trial-0.1,burst_trial,0.1,1,16.683999999999287,1,900,1,2.0,1,2,1,1.0,1,1,1,pérdida contigua en ensayo,True,0,0,0,0.0,1,1,0,0.0,100,552,2,True,0.6133333333333333,medio,602.0,medio,60-80,0,0,0,0
s04-r2-burst_trial-0.1,4,2,burst_trial-0.1,burst_trial,0.1,2,48.63600000000042,1,900,1,1.0,1,1,1,1.0,1,1,1,pérdida contigua en ensayo,True,1,1,0,0.0,1,1,0,0.0,100,685,6,True,0.7611111111111111,fin,735.0,fin,60-80,0,0,0,0
s04-r2-burst_trial-0.1,4,2,burst_trial-0.1,burst_trial,0.1,3,56.83599999999933,1,900,1,2.0,1,2,1,1.0,1,1,1,pérdida contigua en ensayo,True,0,0,0,0.0,1,1,0,0.0,100,93,7,True,0.10333333333333333,inicio,143.0,inicio,0-20,0,0,0,0
s04-r2-burst_trial-0.1,4,2,burst_trial-0.1,burst_trial,0.1,4,72.55199999999968,2,900,1,2.0,1,2,1,1.0,1,2,1,pérdida contigua en ensayo,True,1,1,0,0.0,0,1,1,1.0,100,577,9,True,0.6411111111111111,medio,627.0,medio,60-80,0,0,1,0
s04-r2-burst_trial-0.1,4,2,burst_trial-0.1,burst_trial,0.1,5,103.42000000000009,2,900,1,1.0,1,1,1,1.0,1,1,1,pérdida contigua en ensayo,True,0,0,0,0.0,0,0,0,0.0,100,456,13,True,0.5066666666666667,medio,506.0,medio,40-60,0,0,0,0
s04-r2-burst_trial-0.1,4,2,burst_trial-0.1,burst_trial,0.1,6,111.28800000000048,1,900,1,2.0,1,2,1,1.0,1,1,1,pérdida contigua en ensayo,True,0,0,0,0.0,1,1,0,0.0,100,529,14,True,0.5877777777777777,medio,579.0,medio,40-60,0,0,0,0
s04-r2-burst_trial-0.1,4,2,burst_trial-0.1,burst_trial,0.1,7,127.79999999999929,2,900,1,2.0,1,2,1,1.0,1,1,1,pérdida contigua en ensayo,True,1,1,0,0.0,0,0,0,0.0,100,799,16,True,0.8877777777777778,fin,849.0,fin,80-100,0,0,0,0
s04-r2-burst_trial-0.1,4,2,burst_trial-0.1,burst_trial,0.1,8,144.20800000000054,1,900,1,2.0,1,2,1,1.0,1,1,1,pérdida contigua en ensayo,True,0,0,0,0.0,1,1,0,0.0,100,680,18,True,0.7555555555555555,fin,730.0,fin,60-80,0,0,0,0
s04-r2-burst_trial-0.1,4,2,burst_trial-0.1,burst_trial,0.1,9,169.07200000000012,2,900,1,2.0,1,2,1,1.0,1,1,1,pérdida contigua en ensayo,True,1,1,0,0.0,0,0,0,0.0,100,211,21,True,0.23444444444444446,inicio,261.0,inicio,20-40,0,0,0,0
s04-r2-burst_trial-0.1,4,2,burst_trial-0.1,burst_trial,0.1,10,192.6560000000009,1,900,1,2.0,1,2,1,2.0,1,2,1,pérdida contigua en ensayo,True,0,0,0,0.0,0,0,0,0.0,100,327,24,True,0.36333333333333334,medio,377.0,medio,20-40,0,0,0,0
s04-r2-burst_trial-0.1,4,2,burst_trial-0.1,burst_trial,0.1,11,200.5,2,900,1,2.0,1,2,1,2.0,1,2,1,pérdida contigua en ensayo,True,1,1,0,0.0,1,1,0,0.0,100,386,25,True,0.4288888888888889,medio,436.0,medio,40-60,0,0,0,0
s04-r2-burst_trial-0.1,4,2,burst_trial-0.1,burst_trial,0.1,12,208.9159999999993,2,900,1,2.0,1,2,1,2.0,1,2,1,pérdida contigua en ensayo,True,1,1,0,0.0,1,1,0,0.0,100,585,26,True,0.65,medio,635.0,medio,60-80,0,0,0,0
s04-r2-burst_trial-0.1,4,2,burst_trial-0.1,burst_trial,0.1,13,232.9359999999997,2,900,1,2.0,1,2,1,1.0,1,1,1,pérdida contigua en ensayo,True,1,1,0,0.0,0,0,0,0.0,100,418,29,True,0.46444444444444444,medio,468.0,medio,40-60,0,0,0,0
s04-r2-burst_trial-0.1,4,2,burst_trial-0.1,burst_trial,0.1,14,241.21999999999932,1,900,1,1.0,1,1,1,1.0,1,1,1,pérdida contigua en ensayo,True,1,1,0,0.0,1,1,0,0.0,100,589,30,True,0.6544444444444445,medio,639.0,medio,60-80,0,0,0,0
s04-r2-burst_trial-0.1,4,2,burst_trial-0.1,burst_trial,0.1,15,249.64799999999923,1,900,1,2.0,1,2,1,1.0,1,1,1,pérdida contigua en ensayo,True,0,0,0,0.0,1,1,0,0.0,100,482,31,True,0.5355555555555556,medio,532.0,medio,40-60,0,0,0,0
s04-r2-burst_trial-0.1,4,2,burst_trial-0.1,burst_trial,0.1,16,266.3799999999992,2,900,1,2.0,1,2,1,2.0,1,2,1,pérdida contigua en ensayo,True,1,1,0,0.0,1,1,0,0.0,100,770,33,True,0.8555555555555555,fin,820.0,fin,80-100,0,0,0,0
s04-r2-burst_trial-0.1,4,2,burst_trial-0.1,burst_trial,0.1,17,274.5519999999997,1,900,1,2.0,1,2,1,1.0,1,1,1,pérdida contigua en ensayo,True,0,0,0,0.0,1,1,0,0.0,100,502,34,True,0.5577777777777778,medio,552.0,medio,40-60,0,0,0,0
s04-r2-burst_trial-0.1,4,2,burst_trial-0.1,burst_trial,0.1,18,290.88800000000083,2,900,1,2.0,1,2,1,2.0,1,2,1,pérdida contigua en ensayo,True,1,1,0,0.0,1,1,0,0.0,100,579,36,True,0.6433333333333333,medio,629.0,medio,60-80,0,0,0,0
s04-r2-burst_trial-0.1,4,2,burst_trial-0.1,burst_trial,0.1,19,298.77599999999984,2,900,1,1.0,1,1,1,1.0,1,1,1,pérdida contigua en ensayo,True,0,0,0,0.0,0,0,0,0.0,100,82,37,True,0.09111111111111111,inicio,132.0,inicio,0-20,0,0,0,0
s04-r2-burst_trial-0.1,4,2,burst_trial-0.1,burst_trial,0.1,20,314.3279999999995,1,900,1,1.0,1,1,1,1.0,1,1,1,pérdida contigua en ensayo,True,1,1,0,0.0,1,1,0,0.0,100,38,39,True,0.042222222222222223,inicio,88.0,inicio,0-20,0,0,0,0
s04-r2-burst_trial-0.1,4,2,burst_trial-0.1,burst_trial,0.1,21,362.3359999999993,1,900,1,2.0,1,2,1,1.0,1,1,1,pérdida contigua en ensayo,True,0,0,0,0.0,1,1,0,0.0,100,382,45,True,0.42444444444444446,medio,432.0,medio,40-60,0,0,0,0
s04-r2-burst_trial-0.1,4,2,burst_trial-0.1,burst_trial,0.1,22,370.79199999999946,2,900,1,2.0,1,2,1,2.0,1,2,1,pérdida contigua en ensayo,True,1,1,0,0.0,1,1,0,0.0,100,475,46,True,0.5277777777777778,medio,525.0,medio,40-60,0,0,0,0
s04-r2-burst_trial-0.1,4,2,burst_trial-0.1,burst_trial,0.1,23,379.02800000000025,1,900,1,1.0,1,1,1,1.0,1,1,1,pérdida contigua en ensayo,True,1,1,0,0.0,1,1,0,0.0,100,311,47,True,0.34555555555555556,medio,361.0,medio,20-40,0,0,0,0
s04-r2-burst_trial-0.25,4,2,burst_trial-0.25,burst_trial,0.25,0,1.0,2,750,1,2.0,1,2,1,1.0,1,1,1,pérdida contigua en ensayo,True,1,1,0,0.0,0,0,0,0.0,250,497,0,True,0.6626666666666666,medio,622.0,medio,60-80,0,0,0,0
s04-r2-burst_trial-0.25,4,2,burst_trial-0.25,burst_trial,0.25,1,16.683999999999287,1,750,1,2.0,1,2,1,1.0,1,1,1,pérdida contigua en ensayo,True,0,0,0,0.0,1,1,0,0.0,250,664,2,True,0.8853333333333333,fin,789.0,fin,80-100,0,0,0,0
s04-r2-burst_trial-0.25,4,2,burst_trial-0.25,burst_trial,0.25,2,48.63600000000042,1,750,1,2.0,1,1,1,1.0,1,1,1,pérdida contigua en ensayo,True,0,1,1,1.0,1,1,0,0.0,250,266,6,True,0.3546666666666667,medio,391.0,medio,20-40,1,0,0,0
s04-r2-burst_trial-0.25,4,2,burst_trial-0.25,burst_trial,0.25,3,56.83599999999933,1,750,1,2.0,1,2,1,1.0,1,1,1,pérdida contigua en ensayo,True,0,0,0,0.0,1,1,0,0.0,250,423,7,True,0.564,medio,548.0,medio,40-60,0,0,0,0
s04-r2-burst_trial-0.25,4,2,burst_trial-0.25,burst_trial,0.25,4,72.55199999999968,2,750,1,1.0,1,2,1,1.0,1,2,1,pérdida contigua en ensayo,True,0,1,1,1.0,0,1,1,1.0,250,509,9,True,0.6786666666666666,fin,634.0,medio,60-80,1,0,1,0
s04-r2-burst_trial-0.25,4,2,burst_trial-0.25,burst_trial,0.25,5,103.42000000000009,2,750,1,1.0,1,1,1,1.0,1,1,1,pérdida contigua en ensayo,True,0,0,0,0.0,0,0,0,0.0,250,642,13,True,0.856,fin,767.0,fin,80-100,0,0,0,0
s04-r2-burst_trial-0.25,4,2,burst_trial-0.25,burst_trial,0.25,6,111.28800000000048,1,750,1,1.0,1,2,1,1.0,1,1,1,pérdida contigua en ensayo,True,1,0,1,1.0,1,1,0,0.0,250,17,14,True,0.02266666666666667,inicio,142.0,inicio,0-20,0,1,0,0
s04-r2-burst_trial-0.25,4,2,burst_trial-0.25,burst_trial,0.25,7,127.79999999999929,2,750,1,2.0,1,2,1,1.0,1,1,1,pérdida contigua en ensayo,True,1,1,0,0.0,0,0,0,0.0,250,496,16,True,0.6613333333333333,medio,621.0,medio,60-80,0,0,0,0
s04-r2-burst_trial-0.25,4,2,burst_trial-0.25,burst_trial,0.25,8,144.20800000000054,1,750,1,1.0,1,2,1,1.0,1,1,1,pérdida contigua en ensayo,True,1,0,1,1.0,1,1,0,0.0,250,432,18,True,0.576,medio,557.0,medio,40-60,0,1,0,0
s04-r2-burst_trial-0.25,4,2,burst_trial-0.25,burst_trial,0.25,9,169.07200000000012,2,750,1,2.0,1,2,1,1.0,1,1,1,pérdida contigua en ensayo,True,1,1,0,0.0,0,0,0,0.0,250,204,21,True,0.272,inicio,329.0,inicio,20-40,0,0,0,0
s04-r2-burst_trial-0.25,4,2,burst_trial-0.25,burst_trial,0.25,10,192.6560000000009,1,750,1,2.0,1,2,1,2.0,1,2,1,pérdida contigua en ensayo,True,0,0,0,0.0,0,0,0,0.0,250,157,24,True,0.20933333333333334,inicio,282.0,inicio,20-40,0,0,0,0
s04-r2-burst_trial-0.25,4,2,burst_trial-0.25,burst_trial,0.25,11,200.5,2,750,1,2.0,1,2,1,2.0,1,2,1,pérdida contigua en ensayo,True,1,1,0,0.0,1,1,0,0.0,250,226,25,True,0.30133333333333334,inicio,351.0,medio,20-40,0,0,0,0
s04-r2-burst_trial-0.25,4,2,burst_trial-0.25,burst_trial,0.25,12,208.9159999999993,2,750,1,2.0,1,2,1,1.0,1,2,1,pérdida contigua en ensayo,True,1,1,0,0.0,0,1,1,1.0,250,192,26,True,0.256,inicio,317.0,inicio,20-40,0,0,1,0
s04-r2-burst_trial-0.25,4,2,burst_trial-0.25,burst_trial,0.25,13,232.9359999999997,2,750,1,2.0,1,2,1,1.0,1,1,1,pérdida contigua en ensayo,True,1,1,0,0.0,0,0,0,0.0,250,561,29,True,0.748,fin,686.0,fin,60-80,0,0,0,0
s04-r2-burst_trial-0.25,4,2,burst_trial-0.25,burst_trial,0.25,14,241.21999999999932,1,750,1,1.0,1,1,1,1.0,1,1,1,pérdida contigua en ensayo,True,1,1,0,0.0,1,1,0,0.0,250,1,30,True,0.0013333333333333333,inicio,126.0,inicio,0-20,0,0,0,0
s04-r2-burst_trial-0.25,4,2,burst_trial-0.25,burst_trial,0.25,15,249.64799999999923,1,750,1,2.0,1,2,1,1.0,1,1,1,pérdida contigua en ensayo,True,0,0,0,0.0,1,1,0,0.0,250,419,31,True,0.5586666666666666,medio,544.0,medio,40-60,0,0,0,0
s04-r2-burst_trial-0.25,4,2,burst_trial-0.25,burst_trial,0.25,16,266.3799999999992,2,750,1,2.0,1,2,1,2.0,1,2,1,pérdida contigua en ensayo,True,1,1,0,0.0,1,1,0,0.0,250,332,33,True,0.44266666666666665,medio,457.0,medio,40-60,0,0,0,0
s04-r2-burst_trial-0.25,4,2,burst_trial-0.25,burst_trial,0.25,17,274.5519999999997,1,750,1,2.0,1,2,1,1.0,1,1,1,pérdida contigua en ensayo,True,0,0,0,0.0,1,1,0,0.0,250,688,34,True,0.9173333333333333,fin,813.0,fin,80-100,0,0,0,0
s04-r2-burst_trial-0.25,4,2,burst_trial-0.25,burst_trial,0.25,18,290.88800000000083,2,750,1,2.0,1,2,1,2.0,1,2,1,pérdida contigua en ensayo,True,1,1,0,0.0,1,1,0,0.0,250,83,36,True,0.11066666666666666,inicio,208.0,inicio,0-20,0,0,0,0
s04-r2-burst_trial-0.25,4,2,burst_trial-0.25,burst_trial,0.25,19,298.77599999999984,2,750,1,1.0,1,1,1,1.0,1,1,1,pérdida contigua en ensayo,True,0,0,0,0.0,0,0,0,0.0,250,596,37,True,0.7946666666666666,fin,721.0,fin,60-80,0,0,0,0
s04-r2-burst_trial-0.25,4,2,burst_trial-0.25,burst_trial,0.25,20,314.3279999999995,1,750,1,1.0,1,1,1,1.0,1,1,1,pérdida contigua en ensayo,True,1,1,0,0.0,1,1,0,0.0,250,63,39,True,0.084,inicio,188.0,inicio,0-20,0,0,0,0
s04-r2-burst_trial-0.25,4,2,burst_trial-0.25,burst_trial,0.25,21,362.3359999999993,1,750,1,2.0,1,2,1,1.0,1,1,1,pérdida contigua en ensayo,True,0,0,0,0.0,1,1,0,0.0,250,461,45,True,0.6146666666666667,medio,586.0,medio,60-80,0,0,0,0
s04-r2-burst_trial-0.25,4,2,burst_trial-0.25,burst_trial,0.25,22,370.79199999999946,2,750,1,2.0,1,2,1,2.0,1,2,1,pérdida contigua en ensayo,True,1,1,0,0.0,1,1,0,0.0,250,381,46,True,0.508,medio,506.0,medio,40-60,0,0,0,0
s04-r2-burst_trial-0.25,4,2,burst_trial-0.25,burst_trial,0.25,23,379.02800000000025,1,750,1,1.0,1,1,1,1.0,1,1,1,pérdida contigua en ensayo,True,1,1,0,0.0,1,1,0,0.0,250,238,47,True,0.31733333333333336,inicio,363.0,medio,20-40,0,0,0,0
s04-r2-burst_trial-0.4,4,2,burst_trial-0.4,burst_trial,0.4,0,1.0,2,600,1,2.0,1,2,1,1.0,1,1,1,pérdida contigua en ensayo,True,1,1,0,0.0,0,0,0,0.0,400,202,0,True,0.33666666666666667,medio,402.0,medio,20-40,0,0,0,0
s04-r2-burst_trial-0.4,4,2,burst_trial-0.4,burst_trial,0.4,1,16.683999999999287,1,600,1,2.0,1,2,1,1.0,1,1,1,pérdida contigua en ensayo,True,0,0,0,0.0,1,1,0,0.0,400,411,2,True,0.685,fin,611.0,medio,60-80,0,0,0,0
s04-r2-burst_trial-0.4,4,2,burst_trial-0.4,burst_trial,0.4,2,48.63600000000042,1,600,1,2.0,1,1,1,1.0,1,1,1,pérdida contigua en ensayo,True,0,1,1,1.0,1,1,0,0.0,400,288,6,True,0.48,medio,488.0,medio,40-60,1,0,0,0
s04-r2-burst_trial-0.4,4,2,burst_trial-0.4,burst_trial,0.4,3,56.83599999999933,1,600,1,2.0,1,2,1,1.0,1,1,1,pérdida contigua en ensayo,True,0,0,0,0.0,1,1,0,0.0,400,151,7,True,0.25166666666666665,inicio,351.0,medio,20-40,0,0,0,0
s04-r2-burst_trial-0.4,4,2,burst_trial-0.4,burst_trial,0.4,4,72.55199999999968,2,600,1,2.0,1,2,1,1.0,1,2,1,pérdida contigua en ensayo,True,1,1,0,0.0,0,1,1,1.0,400,521,9,True,0.8683333333333333,fin,721.0,fin,80-100,0,0,1,0
s04-r2-burst_trial-0.4,4,2,burst_trial-0.4,burst_trial,0.4,5,103.42000000000009,2,600,1,1.0,1,1,1,1.0,1,1,1,pérdida contigua en ensayo,True,0,0,0,0.0,0,0,0,0.0,400,159,13,True,0.265,inicio,359.0,medio,20-40,0,0,0,0
s04-r2-burst_trial-0.4,4,2,burst_trial-0.4,burst_trial,0.4,6,111.28800000000048,1,600,1,1.0,1,2,1,1.0,1,1,1,pérdida contigua en ensayo,True,1,0,1,1.0,1,1,0,0.0,400,403,14,True,0.6716666666666666,fin,603.0,medio,60-80,0,1,0,0
s04-r2-burst_trial-0.4,4,2,burst_trial-0.4,burst_trial,0.4,7,127.79999999999929,2,600,1,2.0,1,2,1,1.0,1,1,1,pérdida contigua en ensayo,True,1,1,0,0.0,0,0,0,0.0,400,276,16,True,0.46,medio,476.0,medio,40-60,0,0,0,0
s04-r2-burst_trial-0.4,4,2,burst_trial-0.4,burst_trial,0.4,8,144.20800000000054,1,600,1,1.0,1,2,1,1.0,1,1,1,pérdida contigua en ensayo,True,1,0,1,1.0,1,1,0,0.0,400,334,18,True,0.5566666666666666,medio,534.0,medio,40-60,0,1,0,0
s04-r2-burst_trial-0.4,4,2,burst_trial-0.4,burst_trial,0.4,9,169.07200000000012,2,600,1,2.0,1,2,1,1.0,1,1,1,pérdida contigua en ensayo,True,1,1,0,0.0,0,0,0,0.0,400,364,21,True,0.6066666666666667,medio,564.0,medio,60-80,0,0,0,0
s04-r2-burst_trial-0.4,4,2,burst_trial-0.4,burst_trial,0.4,10,192.6560000000009,1,600,1,2.0,1,2,1,1.0,1,2,1,pérdida contigua en ensayo,True,0,0,0,0.0,1,0,1,1.0,400,174,24,True,0.29,inicio,374.0,medio,20-40,0,0,0,1
s04-r2-burst_trial-0.4,4,2,burst_trial-0.4,burst_trial,0.4,11,200.5,2,600,1,2.0,1,2,1,1.0,1,2,1,pérdida contigua en ensayo,True,1,1,0,0.0,0,1,1,1.0,400,253,25,True,0.4216666666666667,medio,453.0,medio,40-60,0,0,1,0
s04-r2-burst_trial-0.4,4,2,burst_trial-0.4,burst_trial,0.4,12,208.9159999999993,2,600,1,1.0,1,2,1,1.0,1,2,1,pérdida contigua en ensayo,True,0,1,1,1.0,0,1,1,1.0,400,415,26,True,0.6916666666666667,fin,615.0,medio,60-80,1,0,1,0
s04-r2-burst_trial-0.4,4,2,burst_trial-0.4,burst_trial,0.4,13,232.9359999999997,2,600,1,2.0,1,2,1,1.0,1,1,1,pérdida contigua en ensayo,True,1,1,0,0.0,0,0,0,0.0,400,81,29,True,0.135,inicio,281.0,inicio,0-20,0,0,0,0
s04-r2-burst_trial-0.4,4,2,burst_trial-0.4,burst_trial,0.4,14,241.21999999999932,1,600,1,1.0,1,1,1,1.0,1,1,1,pérdida contigua en ensayo,True,1,1,0,0.0,1,1,0,0.0,400,298,30,True,0.49666666666666665,medio,498.0,medio,40-60,0,0,0,0
s04-r2-burst_trial-0.4,4,2,burst_trial-0.4,burst_trial,0.4,15,249.64799999999923,1,600,1,2.0,1,2,1,1.0,1,1,1,pérdida contigua en ensayo,True,0,0,0,0.0,1,1,0,0.0,400,55,31,True,0.09166666666666666,inicio,255.0,inicio,0-20,0,0,0,0
s04-r2-burst_trial-0.4,4,2,burst_trial-0.4,burst_trial,0.4,16,266.3799999999992,2,600,1,2.0,1,2,1,2.0,1,2,1,pérdida contigua en ensayo,True,1,1,0,0.0,1,1,0,0.0,400,414,33,True,0.69,fin,614.0,medio,60-80,0,0,0,0
s04-r2-burst_trial-0.4,4,2,burst_trial-0.4,burst_trial,0.4,17,274.5519999999997,1,600,1,2.0,1,2,1,1.0,1,1,1,pérdida contigua en ensayo,True,0,0,0,0.0,1,1,0,0.0,400,476,34,True,0.7933333333333333,fin,676.0,fin,60-80,0,0,0,0
s04-r2-burst_trial-0.4,4,2,burst_trial-0.4,burst_trial,0.4,18,290.88800000000083,2,600,1,2.0,1,2,1,2.0,1,2,1,pérdida contigua en ensayo,True,1,1,0,0.0,1,1,0,0.0,400,155,36,True,0.25833333333333336,inicio,355.0,medio,20-40,0,0,0,0
s04-r2-burst_trial-0.4,4,2,burst_trial-0.4,burst_trial,0.4,19,298.77599999999984,2,600,1,2.0,1,1,1,1.0,1,1,1,pérdida contigua en ensayo,True,1,0,1,1.0,0,0,0,0.0,400,524,37,True,0.8733333333333333,fin,724.0,fin,80-100,0,1,0,0
s04-r2-burst_trial-0.4,4,2,burst_trial-0.4,burst_trial,0.4,20,314.3279999999995,1,600,1,2.0,1,1,1,1.0,1,1,1,pérdida contigua en ensayo,True,0,1,1,1.0,1,1,0,0.0,400,98,39,True,0.16333333333333333,inicio,298.0,inicio,0-20,1,0,0,0
s04-r2-burst_trial-0.4,4,2,burst_trial-0.4,burst_trial,0.4,21,362.3359999999993,1,600,1,2.0,1,2,1,1.0,1,1,1,pérdida contigua en ensayo,True,0,0,0,0.0,1,1,0,0.0,400,344,45,True,0.5733333333333334,medio,544.0,medio,40-60,0,0,0,0
s04-r2-burst_trial-0.4,4,2,burst_trial-0.4,burst_trial,0.4,22,370.79199999999946,2,600,1,2.0,1,2,1,1.0,1,2,1,pérdida contigua en ensayo,True,1,1,0,0.0,0,1,1,1.0,400,59,46,True,0.09833333333333333,inicio,259.0,inicio,0-20,0,0,1,0
s04-r2-burst_trial-0.4,4,2,burst_trial-0.4,burst_trial,0.4,23,379.02800000000025,1,600,1,1.0,1,1,1,1.0,1,1,1,pérdida contigua en ensayo,True,1,1,0,0.0,1,1,0,0.0,400,526,47,True,0.8766666666666667,fin,726.0,fin,80-100,0,0,0,0
s04-r3-burst_trial-0.1,4,3,burst_trial-0.1,burst_trial,0.1,0,1.0,2,900,1,2.0,1,2,1,2.0,1,2,1,pérdida contigua en ensayo,True,1,1,0,0.0,1,1,0,0.0,100,770,0,True,0.8555555555555555,fin,820.0,fin,80-100,0,0,0,0
s04-r3-burst_trial-0.1,4,3,burst_trial-0.1,burst_trial,0.1,1,9.011999999998809,1,900,1,2.0,1,1,1,1.0,1,1,1,pérdida contigua en ensayo,True,0,1,1,1.0,1,1,0,0.0,100,880,1,True,0.9777777777777777,fin,930.0,fin,80-100,1,0,0,0
s04-r3-burst_trial-0.1,4,3,burst_trial-0.1,burst_trial,0.1,2,16.684000000001106,1,900,1,2.0,1,2,1,1.0,1,1,1,pérdida contigua en ensayo,True,0,0,0,0.0,1,1,0,0.0,100,388,2,True,0.4311111111111111,medio,438.0,medio,40-60,0,0,0,0
s04-r3-burst_trial-0.1,4,3,burst_trial-0.1,burst_trial,0.1,3,40.96800000000076,2,900,1,2.0,1,2,1,2.0,1,2,1,pérdida contigua en ensayo,True,1,1,0,0.0,1,1,0,0.0,100,302,5,True,0.33555555555555555,medio,352.0,medio,20-40,0,0,0,0
s04-r3-burst_trial-0.1,4,3,burst_trial-0.1,burst_trial,0.1,4,64.56000000000131,1,900,1,2.0,1,2,1,1.0,1,1,1,pérdida contigua en ensayo,True,0,0,0,0.0,1,1,0,0.0,100,605,8,True,0.6722222222222223,fin,655.0,medio,60-80,0,0,0,0
s04-r3-burst_trial-0.1,4,3,burst_trial-0.1,burst_trial,0.1,5,80.17599999999948,1,900,1,1.0,1,1,1,1.0,1,1,1,pérdida contigua en ensayo,True,1,1,0,0.0,1,1,0,0.0,100,306,10,True,0.34,medio,356.0,medio,20-40,0,0,0,0
s04-r3-burst_trial-0.1,4,3,burst_trial-0.1,burst_trial,0.1,6,87.75600000000122,1,900,1,2.0,1,2,1,1.0,1,1,1,pérdida contigua en ensayo,True,0,0,0,0.0,1,1,0,0.0,100,710,11,True,0.7888888888888889,fin,760.0,fin,60-80,0,0,0,0
s04-r3-burst_trial-0.1,4,3,burst_trial-0.1,burst_trial,0.1,7,95.64400000000025,2,900,1,2.0,1,2,1,1.0,1,2,1,pérdida contigua en ensayo,True,1,1,0,0.0,0,1,1,1.0,100,476,12,True,0.5288888888888889,medio,526.0,medio,40-60,0,0,1,0
s04-r3-burst_trial-0.1,4,3,burst_trial-0.1,burst_trial,0.1,8,119.76800000000004,2,900,1,2.0,1,2,1,2.0,1,2,1,pérdida contigua en ensayo,True,1,1,0,0.0,1,1,0,0.0,100,320,15,True,0.35555555555555557,medio,370.0,medio,20-40,0,0,0,0
s04-r3-burst_trial-0.1,4,3,burst_trial-0.1,burst_trial,0.1,9,169.07200000000012,2,900,1,2.0,1,2,1,2.0,1,2,1,pérdida contigua en ensayo,True,1,1,0,0.0,1,1,0,0.0,100,781,21,True,0.8677777777777778,fin,831.0,fin,80-100,0,0,0,0
s04-r3-burst_trial-0.1,4,3,burst_trial-0.1,burst_trial,0.1,10,176.72000000000116,2,900,1,2.0,1,2,1,1.0,1,1,1,pérdida contigua en ensayo,True,1,1,0,0.0,0,0,0,0.0,100,519,22,True,0.5766666666666667,medio,569.0,medio,40-60,0,0,0,0
s04-r3-burst_trial-0.1,4,3,burst_trial-0.1,burst_trial,0.1,11,192.65599999999904,1,900,1,2.0,1,2,1,1.0,1,1,1,pérdida contigua en ensayo,True,0,0,0,0.0,1,1,0,0.0,100,510,24,True,0.5666666666666667,medio,560.0,medio,40-60,0,0,0,0
s04-r3-burst_trial-0.1,4,3,burst_trial-0.1,burst_trial,0.1,12,200.5,2,900,1,2.0,1,2,1,2.0,1,2,1,pérdida contigua en ensayo,True,1,1,0,0.0,1,1,0,0.0,100,324,25,True,0.36,medio,374.0,medio,20-40,0,0,0,0
s04-r3-burst_trial-0.1,4,3,burst_trial-0.1,burst_trial,0.1,13,208.91600000000108,2,900,1,2.0,1,2,1,1.0,1,1,1,pérdida contigua en ensayo,True,1,1,0,0.0,0,0,0,0.0,100,563,26,True,0.6255555555555555,medio,613.0,medio,60-80,0,0,0,0
s04-r3-burst_trial-0.1,4,3,burst_trial-0.1,burst_trial,0.1,14,216.9320000000007,2,900,1,2.0,1,2,1,2.0,1,2,1,pérdida contigua en ensayo,True,1,1,0,0.0,1,1,0,0.0,100,899,27,True,0.9988888888888889,fin,949.0,fin,80-100,0,0,0,0
s04-r3-burst_trial-0.1,4,3,burst_trial-0.1,burst_trial,0.1,15,241.2200000000012,1,900,1,2.0,1,2,1,1.0,1,1,1,pérdida contigua en ensayo,True,0,0,0,0.0,1,1,0,0.0,100,667,30,True,0.7411111111111112,fin,717.0,fin,60-80,0,0,0,0
s04-r3-burst_trial-0.1,4,3,burst_trial-0.1,burst_trial,0.1,16,258.0159999999996,1,900,1,2.0,1,2,1,2.0,1,2,1,pérdida contigua en ensayo,True,0,0,0,0.0,0,0,0,0.0,100,131,32,True,0.14555555555555555,inicio,181.0,inicio,0-20,0,0,0,0
s04-r3-burst_trial-0.1,4,3,burst_trial-0.1,burst_trial,0.1,17,274.5519999999997,1,900,1,2.0,1,2,1,1.0,1,1,1,pérdida contigua en ensayo,True,0,0,0,0.0,1,1,0,0.0,100,18,34,True,0.02,inicio,68.0,inicio,0-20,0,0,0,0
s04-r3-burst_trial-0.1,4,3,burst_trial-0.1,burst_trial,0.1,18,290.887999999999,1,900,1,1.0,1,1,1,1.0,1,1,1,pérdida contigua en ensayo,True,1,1,0,0.0,1,1,0,0.0,100,453,36,True,0.5033333333333333,medio,503.0,medio,40-60,0,0,0,0
s04-r3-burst_trial-0.1,4,3,burst_trial-0.1,burst_trial,0.1,19,306.6280000000006,1,900,1,2.0,1,2,1,2.0,1,2,1,pérdida contigua en ensayo,True,0,0,0,0.0,0,0,0,0.0,100,745,38,True,0.8277777777777777,fin,795.0,fin,80-100,0,0,0,0
s04-r3-burst_trial-0.1,4,3,burst_trial-0.1,burst_trial,0.1,20,314.32800000000134,2,900,1,1.0,1,1,1,2.0,1,2,1,pérdida contigua en ensayo,True,0,0,0,0.0,1,1,0,0.0,100,112,39,True,0.12444444444444444,inicio,162.0,inicio,0-20,0,0,0,0
s04-r3-burst_trial-0.1,4,3,burst_trial-0.1,burst_trial,0.1,21,347.0,1,900,1,1.0,1,1,1,1.0,1,1,1,pérdida contigua en ensayo,True,1,1,0,0.0,1,1,0,0.0,100,794,43,True,0.8822222222222222,fin,844.0,fin,80-100,0,0,0,0
s04-r3-burst_trial-0.1,4,3,burst_trial-0.1,burst_trial,0.1,22,354.6239999999998,2,900,1,2.0,1,2,1,2.0,1,2,1,pérdida contigua en ensayo,True,1,1,0,0.0,1,1,0,0.0,100,363,44,True,0.4033333333333333,medio,413.0,medio,40-60,0,0,0,0
s04-r3-burst_trial-0.1,4,3,burst_trial-0.1,burst_trial,0.1,23,370.7920000000013,2,900,1,2.0,1,2,1,1.0,1,1,1,pérdida contigua en ensayo,True,1,1,0,0.0,0,0,0,0.0,100,612,46,True,0.68,fin,662.0,medio,60-80,0,0,0,0
s04-r3-burst_trial-0.25,4,3,burst_trial-0.25,burst_trial,0.25,0,1.0,2,750,1,2.0,1,2,1,2.0,1,2,1,pérdida contigua en ensayo,True,1,1,0,0.0,1,1,0,0.0,250,734,0,True,0.9786666666666667,fin,859.0,fin,80-100,0,0,0,0
s04-r3-burst_trial-0.25,4,3,burst_trial-0.25,burst_trial,0.25,1,9.011999999998809,1,750,1,2.0,1,1,1,1.0,1,1,1,pérdida contigua en ensayo,True,0,1,1,1.0,1,1,0,0.0,250,327,1,True,0.436,medio,452.0,medio,40-60,1,0,0,0
s04-r3-burst_trial-0.25,4,3,burst_trial-0.25,burst_trial,0.25,2,16.684000000001106,1,750,1,1.0,1,2,1,1.0,1,1,1,pérdida contigua en ensayo,True,1,0,1,1.0,1,1,0,0.0,250,136,2,True,0.18133333333333335,inicio,261.0,inicio,0-20,0,1,0,0
s04-r3-burst_trial-0.25,4,3,burst_trial-0.25,burst_trial,0.25,3,40.96800000000076,2,750,1,2.0,1,2,1,2.0,1,2,1,pérdida contigua en ensayo,True,1,1,0,0.0,1,1,0,0.0,250,524,5,True,0.6986666666666667,fin,649.0,medio,60-80,0,0,0,0
s04-r3-burst_trial-0.25,4,3,burst_trial-0.25,burst_trial,0.25,4,64.56000000000131,1,750,1,2.0,1,2,1,1.0,1,1,1,pérdida contigua en ensayo,True,0,0,0,0.0,1,1,0,0.0,250,142,8,True,0.18933333333333333,inicio,267.0,inicio,0-20,0,0,0,0
s04-r3-burst_trial-0.25,4,3,burst_trial-0.25,burst_trial,0.25,5,80.17599999999948,1,750,1,1.0,1,1,1,1.0,1,1,1,pérdida contigua en ensayo,True,1,1,0,0.0,1,1,0,0.0,250,326,10,True,0.43466666666666665,medio,451.0,medio,40-60,0,0,0,0
s04-r3-burst_trial-0.25,4,3,burst_trial-0.25,burst_trial,0.25,6,87.75600000000122,1,750,1,2.0,1,2,1,1.0,1,1,1,pérdida contigua en ensayo,True,0,0,0,0.0,1,1,0,0.0,250,577,11,True,0.7693333333333333,fin,702.0,fin,60-80,0,0,0,0
s04-r3-burst_trial-0.25,4,3,burst_trial-0.25,burst_trial,0.25,7,95.64400000000025,2,750,1,2.0,1,2,1,1.0,1,2,1,pérdida contigua en ensayo,True,1,1,0,0.0,0,1,1,1.0,250,678,12,True,0.904,fin,803.0,fin,80-100,0,0,1,0
s04-r3-burst_trial-0.25,4,3,burst_trial-0.25,burst_trial,0.25,8,119.76800000000004,2,750,1,1.0,1,2,1,2.0,1,2,1,pérdida contigua en ensayo,True,0,1,1,1.0,1,1,0,0.0,250,750,15,True,1.0,fin,875.0,fin,80-100,1,0,0,0
s04-r3-burst_trial-0.25,4,3,burst_trial-0.25,burst_trial,0.25,9,169.07200000000012,2,750,1,2.0,1,2,1,2.0,1,2,1,pérdida contigua en ensayo,True,1,1,0,0.0,1,1,0,0.0,250,64,21,True,0.08533333333333333,inicio,189.0,inicio,0-20,0,0,0,0
s04-r3-burst_trial-0.25,4,3,burst_trial-0.25,burst_trial,0.25,10,176.72000000000116,2,750,1,2.0,1,2,1,1.0,1,1,1,pérdida contigua en ensayo,True,1,1,0,0.0,0,0,0,0.0,250,411,22,True,0.548,medio,536.0,medio,40-60,0,0,0,0
s04-r3-burst_trial-0.25,4,3,burst_trial-0.25,burst_trial,0.25,11,192.65599999999904,1,750,1,2.0,1,2,1,1.0,1,1,1,pérdida contigua en ensayo,True,0,0,0,0.0,1,1,0,0.0,250,642,24,True,0.856,fin,767.0,fin,80-100,0,0,0,0
s04-r3-burst_trial-0.25,4,3,burst_trial-0.25,burst_trial,0.25,12,200.5,2,750,1,2.0,1,2,1,2.0,1,2,1,pérdida contigua en ensayo,True,1,1,0,0.0,1,1,0,0.0,250,305,25,True,0.4066666666666667,medio,430.0,medio,40-60,0,0,0,0
s04-r3-burst_trial-0.25,4,3,burst_trial-0.25,burst_trial,0.25,13,208.91600000000108,2,750,1,2.0,1,2,1,1.0,1,1,1,pérdida contigua en ensayo,True,1,1,0,0.0,0,0,0,0.0,250,520,26,True,0.6933333333333334,fin,645.0,medio,60-80,0,0,0,0
s04-r3-burst_trial-0.25,4,3,burst_trial-0.25,burst_trial,0.25,14,216.9320000000007,2,750,1,2.0,1,2,1,2.0,1,2,1,pérdida contigua en ensayo,True,1,1,0,0.0,1,1,0,0.0,250,496,27,True,0.6613333333333333,medio,621.0,medio,60-80,0,0,0,0
s04-r3-burst_trial-0.25,4,3,burst_trial-0.25,burst_trial,0.25,15,241.2200000000012,1,750,1,2.0,1,2,1,1.0,1,1,1,pérdida contigua en ensayo,True,0,0,0,0.0,1,1,0,0.0,250,109,30,True,0.14533333333333334,inicio,234.0,inicio,0-20,0,0,0,0
s04-r3-burst_trial-0.25,4,3,burst_trial-0.25,burst_trial,0.25,16,258.0159999999996,1,750,1,2.0,1,2,1,2.0,1,2,1,pérdida contigua en ensayo,True,0,0,0,0.0,0,0,0,0.0,250,700,32,True,0.9333333333333333,fin,825.0,fin,80-100,0,0,0,0
s04-r3-burst_trial-0.25,4,3,burst_trial-0.25,burst_trial,0.25,17,274.5519999999997,1,750,1,2.0,1,2,1,1.0,1,1,1,pérdida contigua en ensayo,True,0,0,0,0.0,1,1,0,0.0,250,123,34,True,0.164,inicio,248.0,inicio,0-20,0,0,0,0
s04-r3-burst_trial-0.25,4,3,burst_trial-0.25,burst_trial,0.25,18,290.887999999999,1,750,1,1.0,1,1,1,1.0,1,1,1,pérdida contigua en ensayo,True,1,1,0,0.0,1,1,0,0.0,250,310,36,True,0.41333333333333333,medio,435.0,medio,40-60,0,0,0,0
s04-r3-burst_trial-0.25,4,3,burst_trial-0.25,burst_trial,0.25,19,306.6280000000006,1,750,1,2.0,1,2,1,2.0,1,2,1,pérdida contigua en ensayo,True,0,0,0,0.0,0,0,0,0.0,250,510,38,True,0.68,fin,635.0,medio,60-80,0,0,0,0
s04-r3-burst_trial-0.25,4,3,burst_trial-0.25,burst_trial,0.25,20,314.32800000000134,2,750,1,1.0,1,1,1,1.0,1,2,1,pérdida contigua en ensayo,True,0,0,0,0.0,0,1,1,1.0,250,627,39,True,0.836,fin,752.0,fin,80-100,0,0,1,0
s04-r3-burst_trial-0.25,4,3,burst_trial-0.25,burst_trial,0.25,21,347.0,1,750,1,1.0,1,1,1,1.0,1,1,1,pérdida contigua en ensayo,True,1,1,0,0.0,1,1,0,0.0,250,220,43,True,0.29333333333333333,inicio,345.0,medio,20-40,0,0,0,0
s04-r3-burst_trial-0.25,4,3,burst_trial-0.25,burst_trial,0.25,22,354.6239999999998,2,750,1,2.0,1,2,1,2.0,1,2,1,pérdida contigua en ensayo,True,1,1,0,0.0,1,1,0,0.0,250,281,44,True,0.37466666666666665,medio,406.0,medio,20-40,0,0,0,0
s04-r3-burst_trial-0.25,4,3,burst_trial-0.25,burst_trial,0.25,23,370.7920000000013,2,750,1,2.0,1,2,1,2.0,1,1,1,pérdida contigua en ensayo,True,1,1,0,0.0,1,0,1,1.0,250,287,46,True,0.38266666666666665,medio,412.0,medio,20-40,0,0,0,1
s04-r3-burst_trial-0.4,4,3,burst_trial-0.4,burst_trial,0.4,0,1.0,2,600,1,1.0,1,2,1,1.0,1,2,1,pérdida contigua en ensayo,True,0,1,1,1.0,0,1,1,1.0,400,95,0,True,0.15833333333333333,inicio,295.0,inicio,0-20,1,0,1,0
s04-r3-burst_trial-0.4,4,3,burst_trial-0.4,burst_trial,0.4,1,9.011999999998809,1,600,1,1.0,1,1,1,1.0,1,1,1,pérdida contigua en ensayo,True,1,1,0,0.0,1,1,0,0.0,400,512,1,True,0.8533333333333334,fin,712.0,fin,80-100,0,0,0,0
s04-r3-burst_trial-0.4,4,3,burst_trial-0.4,burst_trial,0.4,2,16.684000000001106,1,600,1,1.0,1,2,1,1.0,1,1,1,pérdida contigua en ensayo,True,1,0,1,1.0,1,1,0,0.0,400,506,2,True,0.8433333333333334,fin,706.0,fin,80-100,0,1,0,0
s04-r3-burst_trial-0.4,4,3,burst_trial-0.4,burst_trial,0.4,3,40.96800000000076,2,600,1,2.0,1,2,1,2.0,1,2,1,pérdida contigua en ensayo,True,1,1,0,0.0,1,1,0,0.0,400,497,5,True,0.8283333333333334,fin,697.0,fin,80-100,0,0,0,0
s04-r3-burst_trial-0.4,4,3,burst_trial-0.4,burst_trial,0.4,4,64.56000000000131,1,600,1,2.0,1,2,1,1.0,1,1,1,pérdida contigua en ensayo,True,0,0,0,0.0,1,1,0,0.0,400,148,8,True,0.24666666666666667,inicio,348.0,medio,20-40,0,0,0,0
s04-r3-burst_trial-0.4,4,3,burst_trial-0.4,burst_trial,0.4,5,80.17599999999948,1,600,1,1.0,1,1,1,1.0,1,1,1,pérdida contigua en ensayo,True,1,1,0,0.0,1,1,0,0.0,400,288,10,True,0.48,medio,488.0,medio,40-60,0,0,0,0
s04-r3-burst_trial-0.4,4,3,burst_trial-0.4,burst_trial,0.4,6,87.75600000000122,1,600,1,2.0,1,2,1,1.0,1,1,1,pérdida contigua en ensayo,True,0,0,0,0.0,1,1,0,0.0,400,427,11,True,0.7116666666666667,fin,627.0,medio,60-80,0,0,0,0
s04-r3-burst_trial-0.4,4,3,burst_trial-0.4,burst_trial,0.4,7,95.64400000000025,2,600,1,2.0,1,2,1,1.0,1,2,1,pérdida contigua en ensayo,True,1,1,0,0.0,0,1,1,1.0,400,428,12,True,0.7133333333333334,fin,628.0,medio,60-80,0,0,1,0
s04-r3-burst_trial-0.4,4,3,burst_trial-0.4,burst_trial,0.4,8,119.76800000000004,2,600,1,2.0,1,2,1,2.0,1,2,1,pérdida contigua en ensayo,True,1,1,0,0.0,1,1,0,0.0,400,439,15,True,0.7316666666666667,fin,639.0,medio,60-80,0,0,0,0
s04-r3-burst_trial-0.4,4,3,burst_trial-0.4,burst_trial,0.4,9,169.07200000000012,2,600,1,2.0,1,2,1,2.0,1,2,1,pérdida contigua en ensayo,True,1,1,0,0.0,1,1,0,0.0,400,365,21,True,0.6083333333333333,medio,565.0,medio,60-80,0,0,0,0
s04-r3-burst_trial-0.4,4,3,burst_trial-0.4,burst_trial,0.4,10,176.72000000000116,2,600,1,2.0,1,2,1,1.0,1,1,1,pérdida contigua en ensayo,True,1,1,0,0.0,0,0,0,0.0,400,236,22,True,0.3933333333333333,medio,436.0,medio,20-40,0,0,0,0
s04-r3-burst_trial-0.4,4,3,burst_trial-0.4,burst_trial,0.4,11,192.65599999999904,1,600,1,2.0,1,2,1,1.0,1,1,1,pérdida contigua en ensayo,True,0,0,0,0.0,1,1,0,0.0,400,243,24,True,0.405,medio,443.0,medio,40-60,0,0,0,0
s04-r3-burst_trial-0.4,4,3,burst_trial-0.4,burst_trial,0.4,12,200.5,2,600,1,2.0,1,2,1,2.0,1,2,1,pérdida contigua en ensayo,True,1,1,0,0.0,1,1,0,0.0,400,129,25,True,0.215,inicio,329.0,inicio,20-40,0,0,0,0
s04-r3-burst_trial-0.4,4,3,burst_trial-0.4,burst_trial,0.4,13,208.91600000000108,2,600,1,2.0,1,2,1,1.0,1,1,1,pérdida contigua en ensayo,True,1,1,0,0.0,0,0,0,0.0,400,425,26,True,0.7083333333333334,fin,625.0,medio,60-80,0,0,0,0
s04-r3-burst_trial-0.4,4,3,burst_trial-0.4,burst_trial,0.4,14,216.9320000000007,2,600,1,2.0,1,2,1,1.0,1,2,1,pérdida contigua en ensayo,True,1,1,0,0.0,0,1,1,1.0,400,157,27,True,0.26166666666666666,inicio,357.0,medio,20-40,0,0,1,0
s04-r3-burst_trial-0.4,4,3,burst_trial-0.4,burst_trial,0.4,15,241.2200000000012,1,600,1,1.0,1,2,1,1.0,1,1,1,pérdida contigua en ensayo,True,1,0,1,1.0,1,1,0,0.0,400,543,30,True,0.905,fin,743.0,fin,80-100,0,1,0,0
s04-r3-burst_trial-0.4,4,3,burst_trial-0.4,burst_trial,0.4,16,258.0159999999996,1,600,1,2.0,1,2,1,1.0,1,2,1,pérdida contigua en ensayo,True,0,0,0,0.0,1,0,1,1.0,400,222,32,True,0.37,medio,422.0,medio,20-40,0,0,0,1
s04-r3-burst_trial-0.4,4,3,burst_trial-0.4,burst_trial,0.4,17,274.5519999999997,1,600,1,2.0,1,2,1,1.0,1,1,1,pérdida contigua en ensayo,True,0,0,0,0.0,1,1,0,0.0,400,298,34,True,0.49666666666666665,medio,498.0,medio,40-60,0,0,0,0
s04-r3-burst_trial-0.4,4,3,burst_trial-0.4,burst_trial,0.4,18,290.887999999999,1,600,1,1.0,1,1,1,1.0,1,1,1,pérdida contigua en ensayo,True,1,1,0,0.0,1,1,0,0.0,400,59,36,True,0.09833333333333333,inicio,259.0,inicio,0-20,0,0,0,0
s04-r3-burst_trial-0.4,4,3,burst_trial-0.4,burst_trial,0.4,19,306.6280000000006,1,600,1,2.0,1,2,1,1.0,1,2,1,pérdida contigua en ensayo,True,0,0,0,0.0,1,0,1,1.0,400,502,38,True,0.8366666666666667,fin,702.0,fin,80-100,0,0,0,1
s04-r3-burst_trial-0.4,4,3,burst_trial-0.4,burst_trial,0.4,20,314.32800000000134,2,600,1,1.0,1,1,1,2.0,1,2,1,pérdida contigua en ensayo,True,0,0,0,0.0,1,1,0,0.0,400,79,39,True,0.13166666666666665,inicio,279.0,inicio,0-20,0,0,0,0
s04-r3-burst_trial-0.4,4,3,burst_trial-0.4,burst_trial,0.4,21,347.0,1,600,1,1.0,1,1,1,2.0,1,1,1,pérdida contigua en ensayo,True,1,1,0,0.0,0,1,1,1.0,400,418,43,True,0.6966666666666667,fin,618.0,medio,60-80,0,0,1,0
s04-r3-burst_trial-0.4,4,3,burst_trial-0.4,burst_trial,0.4,22,354.6239999999998,2,600,1,2.0,1,2,1,1.0,1,2,1,pérdida contigua en ensayo,True,1,1,0,0.0,0,1,1,1.0,400,224,44,True,0.37333333333333335,medio,424.0,medio,20-40,0,0,1,0
s04-r3-burst_trial-0.4,4,3,burst_trial-0.4,burst_trial,0.4,23,370.7920000000013,2,600,1,2.0,1,2,1,1.0,1,1,1,pérdida contigua en ensayo,True,1,1,0,0.0,0,0,0,0.0,400,479,46,True,0.7983333333333333,fin,679.0,fin,60-80,0,0,0,0
s04-r4-burst_trial-0.1,4,4,burst_trial-0.1,burst_trial,0.1,0,9.011999999998809,1,900,1,2.0,1,2,1,1.0,1,1,1,pérdida contigua en ensayo,True,0,0,0,0.0,1,1,0,0.0,100,56,1,True,0.06222222222222222,inicio,106.0,inicio,0-20,0,0,0,0
s04-r4-burst_trial-0.1,4,4,burst_trial-0.1,burst_trial,0.1,1,24.49199999999837,2,900,1,2.0,1,2,1,1.0,1,2,1,pérdida contigua en ensayo,True,1,1,0,0.0,0,1,1,1.0,100,266,3,True,0.29555555555555557,inicio,316.0,inicio,20-40,0,0,1,0
s04-r4-burst_trial-0.1,4,4,burst_trial-0.1,burst_trial,0.1,2,40.96800000000076,1,900,1,2.0,1,2,1,1.0,1,1,1,pérdida contigua en ensayo,True,0,0,0,0.0,1,1,0,0.0,100,217,5,True,0.2411111111111111,inicio,267.0,inicio,20-40,0,0,0,0
s04-r4-burst_trial-0.1,4,4,burst_trial-0.1,burst_trial,0.1,3,48.6359999999986,1,900,1,2.0,1,2,1,1.0,1,1,1,pérdida contigua en ensayo,True,0,0,0,0.0,1,1,0,0.0,100,864,6,True,0.96,fin,914.0,fin,80-100,0,0,0,0
s04-r4-burst_trial-0.1,4,4,burst_trial-0.1,burst_trial,0.1,4,72.55199999999968,2,900,1,2.0,1,2,1,1.0,1,1,1,pérdida contigua en ensayo,True,1,1,0,0.0,0,0,0,0.0,100,825,9,True,0.9166666666666666,fin,875.0,fin,80-100,0,0,0,0
s04-r4-burst_trial-0.1,4,4,burst_trial-0.1,burst_trial,0.1,5,87.75600000000122,2,900,1,2.0,1,2,1,1.0,1,1,1,pérdida contigua en ensayo,True,1,1,0,0.0,0,0,0,0.0,100,178,11,True,0.19777777777777777,inicio,228.0,inicio,0-20,0,0,0,0
s04-r4-burst_trial-0.1,4,4,burst_trial-0.1,burst_trial,0.1,6,95.64400000000025,2,900,1,2.0,1,2,1,2.0,1,2,1,pérdida contigua en ensayo,True,1,1,0,0.0,1,1,0,0.0,100,339,12,True,0.37666666666666665,medio,389.0,medio,20-40,0,0,0,0
s04-r4-burst_trial-0.1,4,4,burst_trial-0.1,burst_trial,0.1,7,103.41999999999824,1,900,1,2.0,1,2,1,1.0,1,1,1,pérdida contigua en ensayo,True,0,0,0,0.0,1,1,0,0.0,100,818,13,True,0.9088888888888889,fin,868.0,fin,80-100,0,0,0,0
s04-r4-burst_trial-0.1,4,4,burst_trial-0.1,burst_trial,0.1,8,111.28800000000048,2,900,1,2.0,1,2,1,2.0,1,2,1,pérdida contigua en ensayo,True,1,1,0,0.0,1,1,0,0.0,100,411,14,True,0.45666666666666667,medio,461.0,medio,40-60,0,0,0,0
s04-r4-burst_trial-0.1,4,4,burst_trial-0.1,burst_trial,0.1,9,136.0639999999985,2,900,1,2.0,1,2,1,2.0,1,2,1,pérdida contigua en ensayo,True,1,1,0,0.0,1,1,0,0.0,100,258,17,True,0.2866666666666667,inicio,308.0,inicio,20-40,0,0,0,0
s04-r4-burst_trial-0.1,4,4,burst_trial-0.1,burst_trial,0.1,10,144.20799999999872,2,900,1,2.0,1,2,1,2.0,1,2,1,pérdida contigua en ensayo,True,1,1,0,0.0,1,1,0,0.0,100,286,18,True,0.31777777777777777,inicio,336.0,medio,20-40,0,0,0,0
s04-r4-burst_trial-0.1,4,4,burst_trial-0.1,burst_trial,0.1,11,152.47200000000157,2,900,1,2.0,1,2,1,2.0,1,2,1,pérdida contigua en ensayo,True,1,1,0,0.0,1,1,0,0.0,100,254,19,True,0.2822222222222222,inicio,304.0,inicio,20-40,0,0,0,0
s04-r4-burst_trial-0.1,4,4,burst_trial-0.1,burst_trial,0.1,12,160.7520000000004,2,900,1,2.0,1,2,1,1.0,1,1,1,pérdida contigua en ensayo,True,1,1,0,0.0,0,0,0,0.0,100,689,20,True,0.7655555555555555,fin,739.0,fin,60-80,0,0,0,0
s04-r4-burst_trial-0.1,4,4,burst_trial-0.1,burst_trial,0.1,13,200.5,1,900,1,2.0,1,1,1,1.0,1,1,1,pérdida contigua en ensayo,True,0,1,1,1.0,1,1,0,0.0,100,393,25,True,0.43666666666666665,medio,443.0,medio,40-60,1,0,0,0
s04-r4-burst_trial-0.1,4,4,burst_trial-0.1,burst_trial,0.1,14,208.91600000000108,2,900,1,2.0,1,2,1,2.0,1,2,1,pérdida contigua en ensayo,True,1,1,0,0.0,1,1,0,0.0,100,201,26,True,0.22333333333333333,inicio,251.0,inicio,20-40,0,0,0,0
s04-r4-burst_trial-0.1,4,4,burst_trial-0.1,burst_trial,0.1,15,224.8319999999985,2,900,1,2.0,1,2,1,2.0,1,2,1,pérdida contigua en ensayo,True,1,1,0,0.0,1,1,0,0.0,100,366,28,True,0.4066666666666667,medio,416.0,medio,40-60,0,0,0,0
s04-r4-burst_trial-0.1,4,4,burst_trial-0.1,burst_trial,0.1,16,232.9360000000015,1,900,1,1.0,1,1,1,1.0,1,1,1,pérdida contigua en ensayo,True,1,1,0,0.0,1,1,0,0.0,100,211,29,True,0.23444444444444446,inicio,261.0,inicio,20-40,0,0,0,0
s04-r4-burst_trial-0.1,4,4,burst_trial-0.1,burst_trial,0.1,17,249.64800000000105,1,900,1,1.0,1,1,1,1.0,1,1,1,pérdida contigua en ensayo,True,1,1,0,0.0,1,1,0,0.0,100,518,31,True,0.5755555555555556,medio,568.0,medio,40-60,0,0,0,0
s04-r4-burst_trial-0.1,4,4,burst_trial-0.1,burst_trial,0.1,18,266.380000000001,1,900,1,2.0,1,2,1,1.0,1,1,1,pérdida contigua en ensayo,True,0,0,0,0.0,1,1,0,0.0,100,870,33,True,0.9666666666666667,fin,920.0,fin,80-100,0,0,0,0
s04-r4-burst_trial-0.1,4,4,burst_trial-0.1,burst_trial,0.1,19,274.5519999999997,1,900,1,2.0,1,2,1,1.0,1,1,1,pérdida contigua en ensayo,True,0,0,0,0.0,1,1,0,0.0,100,379,34,True,0.4211111111111111,medio,429.0,medio,40-60,0,0,0,0
s04-r4-burst_trial-0.1,4,4,burst_trial-0.1,burst_trial,0.1,20,282.8080000000009,1,900,1,2.0,1,2,1,1.0,1,1,1,pérdida contigua en ensayo,True,0,0,0,0.0,1,1,0,0.0,100,129,35,True,0.14333333333333334,inicio,179.0,inicio,0-20,0,0,0,0
s04-r4-burst_trial-0.1,4,4,burst_trial-0.1,burst_trial,0.1,21,290.887999999999,1,900,1,2.0,1,2,1,1.0,1,1,1,pérdida contigua en ensayo,True,0,0,0,0.0,1,1,0,0.0,100,117,36,True,0.13,inicio,167.0,inicio,0-20,0,0,0,0
s04-r4-burst_trial-0.1,4,4,burst_trial-0.1,burst_trial,0.1,22,322.6519999999982,2,900,1,2.0,1,2,1,2.0,1,2,1,pérdida contigua en ensayo,True,1,1,0,0.0,1,1,0,0.0,100,440,40,True,0.4888888888888889,medio,490.0,medio,40-60,0,0,0,0
s04-r4-burst_trial-0.1,4,4,burst_trial-0.1,burst_trial,0.1,23,370.7920000000013,1,900,1,2.0,1,2,1,1.0,1,1,1,pérdida contigua en ensayo,True,0,0,0,0.0,1,1,0,0.0,100,252,46,True,0.28,inicio,302.0,inicio,20-40,0,0,0,0
s04-r4-burst_trial-0.25,4,4,burst_trial-0.25,burst_trial,0.25,0,9.011999999998809,1,750,1,2.0,1,2,1,1.0,1,1,1,pérdida contigua en ensayo,True,0,0,0,0.0,1,1,0,0.0,250,668,1,True,0.8906666666666667,fin,793.0,fin,80-100,0,0,0,0
s04-r4-burst_trial-0.25,4,4,burst_trial-0.25,burst_trial,0.25,1,24.49199999999837,2,750,1,2.0,1,2,1,1.0,1,2,1,pérdida contigua en ensayo,True,1,1,0,0.0,0,1,1,1.0,250,484,3,True,0.6453333333333333,medio,609.0,medio,60-80,0,0,1,0
s04-r4-burst_trial-0.25,4,4,burst_trial-0.25,burst_trial,0.25,2,40.96800000000076,1,750,1,2.0,1,2,1,1.0,1,1,1,pérdida contigua en ensayo,True,0,0,0,0.0,1,1,0,0.0,250,202,5,True,0.2693333333333333,inicio,327.0,inicio,20-40,0,0,0,0
s04-r4-burst_trial-0.25,4,4,burst_trial-0.25,burst_trial,0.25,3,48.6359999999986,1,750,1,2.0,1,2,1,1.0,1,1,1,pérdida contigua en ensayo,True,0,0,0,0.0,1,1,0,0.0,250,510,6,True,0.68,fin,635.0,medio,60-80,0,0,0,0
s04-r4-burst_trial-0.25,4,4,burst_trial-0.25,burst_trial,0.25,4,72.55199999999968,2,750,1,2.0,1,2,1,1.0,1,1,1,pérdida contigua en ensayo,True,1,1,0,0.0,0,0,0,0.0,250,72,9,True,0.096,inicio,197.0,inicio,0-20,0,0,0,0
s04-r4-burst_trial-0.25,4,4,burst_trial-0.25,burst_trial,0.25,5,87.75600000000122,2,750,1,2.0,1,2,1,1.0,1,1,1,pérdida contigua en ensayo,True,1,1,0,0.0,0,0,0,0.0,250,58,11,True,0.07733333333333334,inicio,183.0,inicio,0-20,0,0,0,0
s04-r4-burst_trial-0.25,4,4,burst_trial-0.25,burst_trial,0.25,6,95.64400000000025,2,750,1,2.0,1,2,1,2.0,1,2,1,pérdida contigua en ensayo,True,1,1,0,0.0,1,1,0,0.0,250,113,12,True,0.15066666666666667,inicio,238.0,inicio,0-20,0,0,0,0
s04-r4-burst_trial-0.25,4,4,burst_trial-0.25,burst_trial,0.25,7,103.41999999999824,1,750,1,2.0,1,2,1,1.0,1,1,1,pérdida contigua en ensayo,True,0,0,0,0.0,1,1,0,0.0,250,362,13,True,0.4826666666666667,medio,487.0,medio,40-60,0,0,0,0
s04-r4-burst_trial-0.25,4,4,burst_trial-0.25,burst_trial,0.25,8,111.28800000000048,2,750,1,2.0,1,2,1,2.0,1,2,1,pérdida contigua en ensayo,True,1,1,0,0.0,1,1,0,0.0,250,681,14,True,0.908,fin,806.0,fin,80-100,0,0,0,0
s04-r4-burst_trial-0.25,4,4,burst_trial-0.25,burst_trial,0.25,9,136.0639999999985,2,750,1,2.0,1,2,1,2.0,1,2,1,pérdida contigua en ensayo,True,1,1,0,0.0,1,1,0,0.0,250,234,17,True,0.312,inicio,359.0,medio,20-40,0,0,0,0
s04-r4-burst_trial-0.25,4,4,burst_trial-0.25,burst_trial,0.25,10,144.20799999999872,2,750,1,2.0,1,2,1,1.0,1,2,1,pérdida contigua en ensayo,True,1,1,0,0.0,0,1,1,1.0,250,490,18,True,0.6533333333333333,medio,615.0,medio,60-80,0,0,1,0
s04-r4-burst_trial-0.25,4,4,burst_trial-0.25,burst_trial,0.25,11,152.47200000000157,2,750,1,2.0,1,2,1,2.0,1,2,1,pérdida contigua en ensayo,True,1,1,0,0.0,1,1,0,0.0,250,92,19,True,0.12266666666666666,inicio,217.0,inicio,0-20,0,0,0,0
s04-r4-burst_trial-0.25,4,4,burst_trial-0.25,burst_trial,0.25,12,160.7520000000004,2,750,1,2.0,1,2,1,1.0,1,1,1,pérdida contigua en ensayo,True,1,1,0,0.0,0,0,0,0.0,250,227,20,True,0.30266666666666664,inicio,352.0,medio,20-40,0,0,0,0
s04-r4-burst_trial-0.25,4,4,burst_trial-0.25,burst_trial,0.25,13,200.5,1,750,1,2.0,1,1,1,1.0,1,1,1,pérdida contigua en ensayo,True,0,1,1,1.0,1,1,0,0.0,250,359,25,True,0.4786666666666667,medio,484.0,medio,40-60,1,0,0,0
s04-r4-burst_trial-0.25,4,4,burst_trial-0.25,burst_trial,0.25,14,208.91600000000108,2,750,1,2.0,1,2,1,2.0,1,2,1,pérdida contigua en ensayo,True,1,1,0,0.0,1,1,0,0.0,250,370,26,True,0.49333333333333335,medio,495.0,medio,40-60,0,0,0,0
s04-r4-burst_trial-0.25,4,4,burst_trial-0.25,burst_trial,0.25,15,224.8319999999985,2,750,1,2.0,1,2,1,2.0,1,2,1,pérdida contigua en ensayo,True,1,1,0,0.0,1,1,0,0.0,250,600,28,True,0.8,fin,725.0,fin,60-80,0,0,0,0
s04-r4-burst_trial-0.25,4,4,burst_trial-0.25,burst_trial,0.25,16,232.9360000000015,1,750,1,1.0,1,1,1,1.0,1,1,1,pérdida contigua en ensayo,True,1,1,0,0.0,1,1,0,0.0,250,494,29,True,0.6586666666666666,medio,619.0,medio,60-80,0,0,0,0
s04-r4-burst_trial-0.25,4,4,burst_trial-0.25,burst_trial,0.25,17,249.64800000000105,1,750,1,1.0,1,1,1,1.0,1,1,1,pérdida contigua en ensayo,True,1,1,0,0.0,1,1,0,0.0,250,47,31,True,0.06266666666666666,inicio,172.0,inicio,0-20,0,0,0,0
s04-r4-burst_trial-0.25,4,4,burst_trial-0.25,burst_trial,0.25,18,266.380000000001,1,750,1,2.0,1,2,1,2.0,1,1,1,pérdida contigua en ensayo,True,0,0,0,0.0,0,1,1,1.0,250,80,33,True,0.10666666666666667,inicio,205.0,inicio,0-20,0,0,1,0
s04-r4-burst_trial-0.25,4,4,burst_trial-0.25,burst_trial,0.25,19,274.5519999999997,1,750,1,2.0,1,2,1,1.0,1,1,1,pérdida contigua en ensayo,True,0,0,0,0.0,1,1,0,0.0,250,31,34,True,0.04133333333333333,inicio,156.0,inicio,0-20,0,0,0,0
s04-r4-burst_trial-0.25,4,4,burst_trial-0.25,burst_trial,0.25,20,282.8080000000009,1,750,1,2.0,1,2,1,1.0,1,1,1,pérdida contigua en ensayo,True,0,0,0,0.0,1,1,0,0.0,250,328,35,True,0.43733333333333335,medio,453.0,medio,40-60,0,0,0,0
s04-r4-burst_trial-0.25,4,4,burst_trial-0.25,burst_trial,0.25,21,290.887999999999,1,750,1,2.0,1,2,1,1.0,1,1,1,pérdida contigua en ensayo,True,0,0,0,0.0,1,1,0,0.0,250,482,36,True,0.6426666666666667,medio,607.0,medio,60-80,0,0,0,0
s04-r4-burst_trial-0.25,4,4,burst_trial-0.25,burst_trial,0.25,22,322.6519999999982,2,750,1,2.0,1,2,1,2.0,1,2,1,pérdida contigua en ensayo,True,1,1,0,0.0,1,1,0,0.0,250,498,40,True,0.664,medio,623.0,medio,60-80,0,0,0,0
s04-r4-burst_trial-0.25,4,4,burst_trial-0.25,burst_trial,0.25,23,370.7920000000013,1,750,1,2.0,1,2,1,1.0,1,1,1,pérdida contigua en ensayo,True,0,0,0,0.0,1,1,0,0.0,250,475,46,True,0.6333333333333333,medio,600.0,medio,60-80,0,0,0,0
s04-r4-burst_trial-0.4,4,4,burst_trial-0.4,burst_trial,0.4,0,9.011999999998809,1,600,1,2.0,1,2,1,1.0,1,1,1,pérdida contigua en ensayo,True,0,0,0,0.0,1,1,0,0.0,400,266,1,True,0.44333333333333336,medio,466.0,medio,40-60,0,0,0,0
s04-r4-burst_trial-0.4,4,4,burst_trial-0.4,burst_trial,0.4,1,24.49199999999837,2,600,1,2.0,1,2,1,1.0,1,2,1,pérdida contigua en ensayo,True,1,1,0,0.0,0,1,1,1.0,400,348,3,True,0.58,medio,548.0,medio,40-60,0,0,1,0
s04-r4-burst_trial-0.4,4,4,burst_trial-0.4,burst_trial,0.4,2,40.96800000000076,1,600,1,1.0,1,2,1,1.0,1,1,1,pérdida contigua en ensayo,True,1,0,1,1.0,1,1,0,0.0,400,384,5,True,0.64,medio,584.0,medio,60-80,0,1,0,0
s04-r4-burst_trial-0.4,4,4,burst_trial-0.4,burst_trial,0.4,3,48.6359999999986,1,600,1,2.0,1,2,1,1.0,1,1,1,pérdida contigua en ensayo,True,0,0,0,0.0,1,1,0,0.0,400,257,6,True,0.42833333333333334,medio,457.0,medio,40-60,0,0,0,0
s04-r4-burst_trial-0.4,4,4,burst_trial-0.4,burst_trial,0.4,4,72.55199999999968,2,600,1,2.0,1,2,1,1.0,1,1,1,pérdida contigua en ensayo,True,1,1,0,0.0,0,0,0,0.0,400,372,9,True,0.62,medio,572.0,medio,60-80,0,0,0,0
s04-r4-burst_trial-0.4,4,4,burst_trial-0.4,burst_trial,0.4,5,87.75600000000122,2,600,1,2.0,1,2,1,1.0,1,1,1,pérdida contigua en ensayo,True,1,1,0,0.0,0,0,0,0.0,400,404,11,True,0.6733333333333333,fin,604.0,medio,60-80,0,0,0,0
s04-r4-burst_trial-0.4,4,4,burst_trial-0.4,burst_trial,0.4,6,95.64400000000025,2,600,1,2.0,1,2,1,2.0,1,2,1,pérdida contigua en ensayo,True,1,1,0,0.0,1,1,0,0.0,400,129,12,True,0.215,inicio,329.0,inicio,20-40,0,0,0,0
s04-r4-burst_trial-0.4,4,4,burst_trial-0.4,burst_trial,0.4,7,103.41999999999824,1,600,1,2.0,1,2,1,1.0,1,1,1,pérdida contigua en ensayo,True,0,0,0,0.0,1,1,0,0.0,400,248,13,True,0.41333333333333333,medio,448.0,medio,40-60,0,0,0,0
s04-r4-burst_trial-0.4,4,4,burst_trial-0.4,burst_trial,0.4,8,111.28800000000048,2,600,1,2.0,1,2,1,2.0,1,2,1,pérdida contigua en ensayo,True,1,1,0,0.0,1,1,0,0.0,400,135,14,True,0.225,inicio,335.0,medio,20-40,0,0,0,0
s04-r4-burst_trial-0.4,4,4,burst_trial-0.4,burst_trial,0.4,9,136.0639999999985,2,600,1,2.0,1,2,1,2.0,1,2,1,pérdida contigua en ensayo,True,1,1,0,0.0,1,1,0,0.0,400,581,17,True,0.9683333333333334,fin,781.0,fin,80-100,0,0,0,0
s04-r4-burst_trial-0.4,4,4,burst_trial-0.4,burst_trial,0.4,10,144.20799999999872,2,600,1,2.0,1,2,1,2.0,1,2,1,pérdida contigua en ensayo,True,1,1,0,0.0,1,1,0,0.0,400,3,18,True,0.005,inicio,203.0,inicio,0-20,0,0,0,0
s04-r4-burst_trial-0.4,4,4,burst_trial-0.4,burst_trial,0.4,11,152.47200000000157,2,600,1,2.0,1,2,1,2.0,1,2,1,pérdida contigua en ensayo,True,1,1,0,0.0,1,1,0,0.0,400,458,19,True,0.7633333333333333,fin,658.0,medio,60-80,0,0,0,0
s04-r4-burst_trial-0.4,4,4,burst_trial-0.4,burst_trial,0.4,12,160.7520000000004,2,600,1,2.0,1,2,1,1.0,1,1,1,pérdida contigua en ensayo,True,1,1,0,0.0,0,0,0,0.0,400,396,20,True,0.66,medio,596.0,medio,60-80,0,0,0,0
s04-r4-burst_trial-0.4,4,4,burst_trial-0.4,burst_trial,0.4,13,200.5,1,600,1,2.0,1,1,1,1.0,1,1,1,pérdida contigua en ensayo,True,0,1,1,1.0,1,1,0,0.0,400,425,25,True,0.7083333333333334,fin,625.0,medio,60-80,1,0,0,0
s04-r4-burst_trial-0.4,4,4,burst_trial-0.4,burst_trial,0.4,14,208.91600000000108,2,600,1,2.0,1,2,1,2.0,1,2,1,pérdida contigua en ensayo,True,1,1,0,0.0,1,1,0,0.0,400,469,26,True,0.7816666666666666,fin,669.0,fin,60-80,0,0,0,0
s04-r4-burst_trial-0.4,4,4,burst_trial-0.4,burst_trial,0.4,15,224.8319999999985,2,600,1,2.0,1,2,1,1.0,1,2,1,pérdida contigua en ensayo,True,1,1,0,0.0,0,1,1,1.0,400,243,28,True,0.405,medio,443.0,medio,40-60,0,0,1,0
s04-r4-burst_trial-0.4,4,4,burst_trial-0.4,burst_trial,0.4,16,232.9360000000015,1,600,1,1.0,1,1,1,1.0,1,1,1,pérdida contigua en ensayo,True,1,1,0,0.0,1,1,0,0.0,400,434,29,True,0.7233333333333334,fin,634.0,medio,60-80,0,0,0,0
s04-r4-burst_trial-0.4,4,4,burst_trial-0.4,burst_trial,0.4,17,249.64800000000105,1,600,1,1.0,1,1,1,1.0,1,1,1,pérdida contigua en ensayo,True,1,1,0,0.0,1,1,0,0.0,400,94,31,True,0.15666666666666668,inicio,294.0,inicio,0-20,0,0,0,0
s04-r4-burst_trial-0.4,4,4,burst_trial-0.4,burst_trial,0.4,18,266.380000000001,1,600,1,2.0,1,2,1,1.0,1,1,1,pérdida contigua en ensayo,True,0,0,0,0.0,1,1,0,0.0,400,190,33,True,0.31666666666666665,inicio,390.0,medio,20-40,0,0,0,0
s04-r4-burst_trial-0.4,4,4,burst_trial-0.4,burst_trial,0.4,19,274.5519999999997,1,600,1,2.0,1,2,1,2.0,1,1,1,pérdida contigua en ensayo,True,0,0,0,0.0,0,1,1,1.0,400,409,34,True,0.6816666666666666,fin,609.0,medio,60-80,0,0,1,0
s04-r4-burst_trial-0.4,4,4,burst_trial-0.4,burst_trial,0.4,20,282.8080000000009,1,600,1,2.0,1,2,1,2.0,1,1,1,pérdida contigua en ensayo,True,0,0,0,0.0,0,1,1,1.0,400,40,35,True,0.06666666666666667,inicio,240.0,inicio,0-20,0,0,1,0
s04-r4-burst_trial-0.4,4,4,burst_trial-0.4,burst_trial,0.4,21,290.887999999999,1,600,1,2.0,1,2,1,1.0,1,1,1,pérdida contigua en ensayo,True,0,0,0,0.0,1,1,0,0.0,400,352,36,True,0.5866666666666667,medio,552.0,medio,40-60,0,0,0,0
s04-r4-burst_trial-0.4,4,4,burst_trial-0.4,burst_trial,0.4,22,322.6519999999982,2,600,1,2.0,1,2,1,1.0,1,2,1,pérdida contigua en ensayo,True,1,1,0,0.0,0,1,1,1.0,400,268,40,True,0.44666666666666666,medio,468.0,medio,40-60,0,0,1,0
s04-r4-burst_trial-0.4,4,4,burst_trial-0.4,burst_trial,0.4,23,370.7920000000013,1,600,1,2.0,1,2,1,1.0,1,1,1,pérdida contigua en ensayo,True,0,0,0,0.0,1,1,0,0.0,400,433,46,True,0.7216666666666667,fin,633.0,medio,60-80,0,0,0,0
s05-r0-burst_trial-0.1,5,0,burst_trial-0.1,burst_trial,0.1,0,1.0,1,900,1,1.0,1,1,1,1.0,1,1,1,pérdida contigua en ensayo,True,1,1,0,0.0,1,1,0,0.0,100,220,0,True,0.24444444444444444,inicio,270.0,inicio,20-40,0,0,0,0
s05-r0-burst_trial-0.1,5,0,burst_trial-0.1,burst_trial,0.1,1,9.012000000000173,2,900,1,2.0,1,2,1,2.0,1,2,1,pérdida contigua en ensayo,True,1,1,0,0.0,1,1,0,0.0,100,780,1,True,0.8666666666666667,fin,830.0,fin,80-100,0,0,0,0
s05-r0-burst_trial-0.1,5,0,burst_trial-0.1,burst_trial,0.1,2,16.684000000000196,2,900,1,2.0,1,2,1,2.0,1,2,1,pérdida contigua en ensayo,True,1,1,0,0.0,1,1,0,0.0,100,612,2,True,0.68,fin,662.0,medio,60-80,0,0,0,0
s05-r0-burst_trial-0.1,5,0,burst_trial-0.1,burst_trial,0.1,3,24.49200000000019,1,900,1,2.0,1,1,1,1.0,1,1,1,pérdida contigua en ensayo,True,0,1,1,1.0,1,1,0,0.0,100,427,3,True,0.47444444444444445,medio,477.0,medio,40-60,1,0,0,0
s05-r0-burst_trial-0.1,5,0,burst_trial-0.1,burst_trial,0.1,4,32.52399999999989,2,900,1,2.0,1,2,1,1.0,1,2,1,pérdida contigua en ensayo,True,1,1,0,0.0,0,1,1,1.0,100,389,4,True,0.43222222222222223,medio,439.0,medio,40-60,0,0,1,0
s05-r0-burst_trial-0.1,5,0,burst_trial-0.1,burst_trial,0.1,5,40.96799999999985,1,900,1,2.0,1,2,1,1.0,1,1,1,pérdida contigua en ensayo,True,0,0,0,0.0,1,1,0,0.0,100,189,5,True,0.21,inicio,239.0,inicio,20-40,0,0,0,0
s05-r0-burst_trial-0.1,5,0,burst_trial-0.1,burst_trial,0.1,6,48.63599999999997,2,900,1,2.0,1,2,1,1.0,1,1,1,pérdida contigua en ensayo,True,1,1,0,0.0,0,0,0,0.0,100,244,6,True,0.27111111111111114,inicio,294.0,inicio,20-40,0,0,0,0
s05-r0-burst_trial-0.1,5,0,burst_trial-0.1,burst_trial,0.1,7,64.55999999999995,2,900,1,2.0,1,1,1,2.0,1,2,1,pérdida contigua en ensayo,True,1,0,1,1.0,1,1,0,0.0,100,420,8,True,0.4666666666666667,medio,470.0,medio,40-60,0,1,0,0
s05-r0-burst_trial-0.1,5,0,burst_trial-0.1,burst_trial,0.1,8,80.17599999999993,1,900,1,2.0,1,2,1,1.0,1,1,1,pérdida contigua en ensayo,True,0,0,0,0.0,1,1,0,0.0,100,21,10,True,0.023333333333333334,inicio,71.0,inicio,0-20,0,0,0,0
s05-r0-burst_trial-0.1,5,0,burst_trial-0.1,burst_trial,0.1,9,95.64400000000025,2,900,1,2.0,1,2,1,1.0,1,1,1,pérdida contigua en ensayo,True,1,1,0,0.0,0,0,0,0.0,100,332,12,True,0.3688888888888889,medio,382.0,medio,20-40,0,0,0,0
s05-r0-burst_trial-0.1,5,0,burst_trial-0.1,burst_trial,0.1,10,103.42000000000009,1,900,1,2.0,1,2,1,2.0,1,2,1,pérdida contigua en ensayo,True,0,0,0,0.0,0,0,0,0.0,100,254,13,True,0.2822222222222222,inicio,304.0,inicio,20-40,0,0,0,0
s05-r0-burst_trial-0.1,5,0,burst_trial-0.1,burst_trial,0.1,11,152.4720000000002,1,900,1,2.0,1,1,1,2.0,1,2,1,pérdida contigua en ensayo,True,0,1,1,1.0,0,0,0,0.0,100,199,19,True,0.22111111111111112,inicio,249.0,inicio,20-40,1,0,0,0
s05-r0-burst_trial-0.1,5,0,burst_trial-0.1,burst_trial,0.1,12,169.07200000000012,2,900,1,1.0,1,2,1,2.0,1,2,1,pérdida contigua en ensayo,True,0,1,1,1.0,1,1,0,0.0,100,209,21,True,0.23222222222222222,inicio,259.0,inicio,20-40,1,0,0,0
s05-r0-burst_trial-0.1,5,0,burst_trial-0.1,burst_trial,0.1,13,176.7199999999998,1,900,1,2.0,1,2,1,2.0,1,1,1,pérdida contigua en ensayo,True,0,0,0,0.0,0,1,1,1.0,100,338,22,True,0.37555555555555553,medio,388.0,medio,20-40,0,0,1,0
s05-r0-burst_trial-0.1,5,0,burst_trial-0.1,burst_trial,0.1,14,184.84400000000005,1,900,1,2.0,1,2,1,2.0,1,2,1,pérdida contigua en ensayo,True,0,0,0,0.0,0,0,0,0.0,100,62,23,True,0.06888888888888889,inicio,112.0,inicio,0-20,0,0,0,0
s05-r0-burst_trial-0.1,5,0,burst_trial-0.1,burst_trial,0.1,15,208.91600000000017,1,900,1,2.0,1,2,1,1.0,1,1,1,pérdida contigua en ensayo,True,0,0,0,0.0,1,1,0,0.0,100,173,26,True,0.1922222222222222,inicio,223.0,inicio,0-20,0,0,0,0
s05-r0-burst_trial-0.1,5,0,burst_trial-0.1,burst_trial,0.1,16,241.2199999999998,1,900,1,2.0,1,2,1,2.0,1,2,1,pérdida contigua en ensayo,True,0,0,0,0.0,0,0,0,0.0,100,813,30,True,0.9033333333333333,fin,863.0,fin,80-100,0,0,0,0
s05-r0-burst_trial-0.1,5,0,burst_trial-0.1,burst_trial,0.1,17,249.6480000000001,2,900,1,2.0,1,2,1,1.0,1,1,1,pérdida contigua en ensayo,True,1,1,0,0.0,0,0,0,0.0,100,74,31,True,0.08222222222222222,inicio,124.0,inicio,0-20,0,0,0,0
s05-r0-burst_trial-0.1,5,0,burst_trial-0.1,burst_trial,0.1,18,258.0160000000001,1,900,1,2.0,1,1,1,1.0,1,1,1,pérdida contigua en ensayo,True,0,1,1,1.0,1,1,0,0.0,100,472,32,True,0.5244444444444445,medio,522.0,medio,40-60,1,0,0,0
s05-r0-burst_trial-0.1,5,0,burst_trial-0.1,burst_trial,0.1,19,266.3800000000001,2,900,1,2.0,1,1,1,2.0,1,2,1,pérdida contigua en ensayo,True,1,0,1,1.0,1,1,0,0.0,100,842,33,True,0.9355555555555556,fin,892.0,fin,80-100,0,1,0,0
s05-r0-burst_trial-0.1,5,0,burst_trial-0.1,burst_trial,0.1,20,274.55200000000013,2,900,1,2.0,1,2,1,2.0,1,2,1,pérdida contigua en ensayo,True,1,1,0,0.0,1,1,0,0.0,100,92,34,True,0.10222222222222223,inicio,142.0,inicio,0-20,0,0,0,0
s05-r0-burst_trial-0.1,5,0,burst_trial-0.1,burst_trial,0.1,21,282.808,1,900,1,1.0,1,1,1,1.0,1,1,1,pérdida contigua en ensayo,True,1,1,0,0.0,1,1,0,0.0,100,130,35,True,0.14444444444444443,inicio,180.0,inicio,0-20,0,0,0,0
s05-r0-burst_trial-0.1,5,0,burst_trial-0.1,burst_trial,0.1,22,290.8879999999999,2,900,1,2.0,1,2,1,1.0,1,1,1,pérdida contigua en ensayo,True,1,1,0,0.0,0,0,0,0.0,100,860,36,True,0.9555555555555556,fin,910.0,fin,80-100,0,0,0,0
s05-r0-burst_trial-0.1,5,0,burst_trial-0.1,burst_trial,0.1,23,306.62800000000016,2,900,1,2.0,1,2,1,2.0,1,2,1,pérdida contigua en ensayo,True,1,1,0,0.0,1,1,0,0.0,100,886,38,True,0.9844444444444445,fin,936.0,fin,80-100,0,0,0,0
s05-r0-burst_trial-0.25,5,0,burst_trial-0.25,burst_trial,0.25,0,1.0,1,750,1,1.0,1,1,1,1.0,1,1,1,pérdida contigua en ensayo,True,1,1,0,0.0,1,1,0,0.0,250,394,0,True,0.5253333333333333,medio,519.0,medio,40-60,0,0,0,0
s05-r0-burst_trial-0.25,5,0,burst_trial-0.25,burst_trial,0.25,1,9.012000000000173,2,750,1,1.0,1,2,1,2.0,1,2,1,pérdida contigua en ensayo,True,0,1,1,1.0,1,1,0,0.0,250,560,1,True,0.7466666666666667,fin,685.0,fin,60-80,1,0,0,0
s05-r0-burst_trial-0.25,5,0,burst_trial-0.25,burst_trial,0.25,2,16.684000000000196,2,750,1,1.0,1,2,1,1.0,1,2,1,pérdida contigua en ensayo,True,0,1,1,1.0,0,1,1,1.0,250,432,2,True,0.576,medio,557.0,medio,40-60,1,0,1,0
s05-r0-burst_trial-0.25,5,0,burst_trial-0.25,burst_trial,0.25,3,24.49200000000019,1,750,1,2.0,1,1,1,1.0,1,1,1,pérdida contigua en ensayo,True,0,1,1,1.0,1,1,0,0.0,250,536,3,True,0.7146666666666667,fin,661.0,medio,60-80,1,0,0,0
s05-r0-burst_trial-0.25,5,0,burst_trial-0.25,burst_trial,0.25,4,32.52399999999989,2,750,1,2.0,1,2,1,1.0,1,2,1,pérdida contigua en ensayo,True,1,1,0,0.0,0,1,1,1.0,250,395,4,True,0.5266666666666666,medio,520.0,medio,40-60,0,0,1,0
s05-r0-burst_trial-0.25,5,0,burst_trial-0.25,burst_trial,0.25,5,40.96799999999985,1,750,1,2.0,1,2,1,1.0,1,1,1,pérdida contigua en ensayo,True,0,0,0,0.0,1,1,0,0.0,250,54,5,True,0.072,inicio,179.0,inicio,0-20,0,0,0,0
s05-r0-burst_trial-0.25,5,0,burst_trial-0.25,burst_trial,0.25,6,48.63599999999997,2,750,1,2.0,1,2,1,1.0,1,1,1,pérdida contigua en ensayo,True,1,1,0,0.0,0,0,0,0.0,250,294,6,True,0.392,medio,419.0,medio,20-40,0,0,0,0
s05-r0-burst_trial-0.25,5,0,burst_trial-0.25,burst_trial,0.25,7,64.55999999999995,2,750,1,1.0,1,1,1,2.0,1,2,1,pérdida contigua en ensayo,True,0,0,0,0.0,1,1,0,0.0,250,427,8,True,0.5693333333333334,medio,552.0,medio,40-60,0,0,0,0
s05-r0-burst_trial-0.25,5,0,burst_trial-0.25,burst_trial,0.25,8,80.17599999999993,1,750,1,2.0,1,2,1,1.0,1,1,1,pérdida contigua en ensayo,True,0,0,0,0.0,1,1,0,0.0,250,154,10,True,0.20533333333333334,inicio,279.0,inicio,20-40,0,0,0,0
s05-r0-burst_trial-0.25,5,0,burst_trial-0.25,burst_trial,0.25,9,95.64400000000025,2,750,1,2.0,1,2,1,1.0,1,1,1,pérdida contigua en ensayo,True,1,1,0,0.0,0,0,0,0.0,250,149,12,True,0.19866666666666666,inicio,274.0,inicio,0-20,0,0,0,0
s05-r0-burst_trial-0.25,5,0,burst_trial-0.25,burst_trial,0.25,10,103.42000000000009,1,750,1,2.0,1,2,1,1.0,1,2,1,pérdida contigua en ensayo,True,0,0,0,0.0,1,0,1,1.0,250,540,13,True,0.72,fin,665.0,medio,60-80,0,0,0,1
s05-r0-burst_trial-0.25,5,0,burst_trial-0.25,burst_trial,0.25,11,152.4720000000002,1,750,1,1.0,1,1,1,1.0,1,2,1,pérdida contigua en ensayo,True,1,1,0,0.0,1,0,1,1.0,250,563,19,True,0.7506666666666667,fin,688.0,fin,60-80,0,0,0,1
s05-r0-burst_trial-0.25,5,0,burst_trial-0.25,burst_trial,0.25,12,169.07200000000012,2,750,1,1.0,1,2,1,2.0,1,2,1,pérdida contigua en ensayo,True,0,1,1,1.0,1,1,0,0.0,250,125,21,True,0.16666666666666666,inicio,250.0,inicio,0-20,1,0,0,0
s05-r0-burst_trial-0.25,5,0,burst_trial-0.25,burst_trial,0.25,13,176.7199999999998,1,750,1,2.0,1,2,1,2.0,1,1,1,pérdida contigua en ensayo,True,0,0,0,0.0,0,1,1,1.0,250,201,22,True,0.268,inicio,326.0,inicio,20-40,0,0,1,0
s05-r0-burst_trial-0.25,5,0,burst_trial-0.25,burst_trial,0.25,14,184.84400000000005,1,750,1,2.0,1,2,1,1.0,1,2,1,pérdida contigua en ensayo,True,0,0,0,0.0,1,0,1,1.0,250,669,23,True,0.892,fin,794.0,fin,80-100,0,0,0,1
s05-r0-burst_trial-0.25,5,0,burst_trial-0.25,burst_trial,0.25,15,208.91600000000017,1,750,1,2.0,1,2,1,1.0,1,1,1,pérdida contigua en ensayo,True,0,0,0,0.0,1,1,0,0.0,250,676,26,True,0.9013333333333333,fin,801.0,fin,80-100,0,0,0,0
s05-r0-burst_trial-0.25,5,0,burst_trial-0.25,burst_trial,0.25,16,241.2199999999998,1,750,1,1.0,1,2,1,1.0,1,2,1,pérdida contigua en ensayo,True,1,0,1,1.0,1,0,1,1.0,250,371,30,True,0.49466666666666664,medio,496.0,medio,40-60,0,1,0,1
s05-r0-burst_trial-0.25,5,0,burst_trial-0.25,burst_trial,0.25,17,249.6480000000001,2,750,1,2.0,1,2,1,1.0,1,1,1,pérdida contigua en ensayo,True,1,1,0,0.0,0,0,0,0.0,250,124,31,True,0.16533333333333333,inicio,249.0,inicio,0-20,0,0,0,0
s05-r0-burst_trial-0.25,5,0,burst_trial-0.25,burst_trial,0.25,18,258.0160000000001,1,750,1,2.0,1,1,1,1.0,1,1,1,pérdida contigua en ensayo,True,0,1,1,1.0,1,1,0,0.0,250,700,32,True,0.9333333333333333,fin,825.0,fin,80-100,1,0,0,0
s05-r0-burst_trial-0.25,5,0,burst_trial-0.25,burst_trial,0.25,19,266.3800000000001,2,750,1,1.0,1,1,1,2.0,1,2,1,pérdida contigua en ensayo,True,0,0,0,0.0,1,1,0,0.0,250,679,33,True,0.9053333333333333,fin,804.0,fin,80-100,0,0,0,0
s05-r0-burst_trial-0.25,5,0,burst_trial-0.25,burst_trial,0.25,20,274.55200000000013,2,750,1,2.0,1,2,1,2.0,1,2,1,pérdida contigua en ensayo,True,1,1,0,0.0,1,1,0,0.0,250,747,34,True,0.996,fin,872.0,fin,80-100,0,0,0,0
s05-r0-burst_trial-0.25,5,0,burst_trial-0.25,burst_trial,0.25,21,282.808,1,750,1,2.0,1,1,1,1.0,1,1,1,pérdida contigua en ensayo,True,0,1,1,1.0,1,1,0,0.0,250,733,35,True,0.9773333333333334,fin,858.0,fin,80-100,1,0,0,0
s05-r0-burst_trial-0.25,5,0,burst_trial-0.25,burst_trial,0.25,22,290.8879999999999,2,750,1,2.0,1,2,1,1.0,1,1,1,pérdida contigua en ensayo,True,1,1,0,0.0,0,0,0,0.0,250,476,36,True,0.6346666666666667,medio,601.0,medio,60-80,0,0,0,0
s05-r0-burst_trial-0.25,5,0,burst_trial-0.25,burst_trial,0.25,23,306.62800000000016,2,750,1,2.0,1,2,1,2.0,1,2,1,pérdida contigua en ensayo,True,1,1,0,0.0,1,1,0,0.0,250,549,38,True,0.732,fin,674.0,fin,60-80,0,0,0,0
s05-r0-burst_trial-0.4,5,0,burst_trial-0.4,burst_trial,0.4,0,1.0,1,600,1,1.0,1,1,1,1.0,1,1,1,pérdida contigua en ensayo,True,1,1,0,0.0,1,1,0,0.0,400,466,0,True,0.7766666666666666,fin,666.0,medio,60-80,0,0,0,0
s05-r0-burst_trial-0.4,5,0,burst_trial-0.4,burst_trial,0.4,1,9.012000000000173,2,600,1,1.0,1,2,1,2.0,1,2,1,pérdida contigua en ensayo,True,0,1,1,1.0,1,1,0,0.0,400,499,1,True,0.8316666666666667,fin,699.0,fin,80-100,1,0,0,0
s05-r0-burst_trial-0.4,5,0,burst_trial-0.4,burst_trial,0.4,2,16.684000000000196,2,600,1,2.0,1,2,1,1.0,1,2,1,pérdida contigua en ensayo,True,1,1,0,0.0,0,1,1,1.0,400,343,2,True,0.5716666666666667,medio,543.0,medio,40-60,0,0,1,0
s05-r0-burst_trial-0.4,5,0,burst_trial-0.4,burst_trial,0.4,3,24.49200000000019,1,600,1,1.0,1,1,1,1.0,1,1,1,pérdida contigua en ensayo,True,1,1,0,0.0,1,1,0,0.0,400,483,3,True,0.805,fin,683.0,fin,80-100,0,0,0,0
s05-r0-burst_trial-0.4,5,0,burst_trial-0.4,burst_trial,0.4,4,32.52399999999989,2,600,1,2.0,1,2,1,1.0,1,2,1,pérdida contigua en ensayo,True,1,1,0,0.0,0,1,1,1.0,400,501,4,True,0.835,fin,701.0,fin,80-100,0,0,1,0
s05-r0-burst_trial-0.4,5,0,burst_trial-0.4,burst_trial,0.4,5,40.96799999999985,1,600,1,2.0,1,2,1,1.0,1,1,1,pérdida contigua en ensayo,True,0,0,0,0.0,1,1,0,0.0,400,326,5,True,0.5433333333333333,medio,526.0,medio,40-60,0,0,0,0
s05-r0-burst_trial-0.4,5,0,burst_trial-0.4,burst_trial,0.4,6,48.63599999999997,2,600,1,2.0,1,2,1,1.0,1,1,1,pérdida contigua en ensayo,True,1,1,0,0.0,0,0,0,0.0,400,210,6,True,0.35,medio,410.0,medio,20-40,0,0,0,0
s05-r0-burst_trial-0.4,5,0,burst_trial-0.4,burst_trial,0.4,7,64.55999999999995,2,600,1,1.0,1,1,1,1.0,1,2,1,pérdida contigua en ensayo,True,0,0,0,0.0,0,1,1,1.0,400,182,8,True,0.30333333333333334,inicio,382.0,medio,20-40,0,0,1,0
s05-r0-burst_trial-0.4,5,0,burst_trial-0.4,burst_trial,0.4,8,80.17599999999993,1,600,1,2.0,1,2,1,1.0,1,1,1,pérdida contigua en ensayo,True,0,0,0,0.0,1,1,0,0.0,400,47,10,True,0.07833333333333334,inicio,247.0,inicio,0-20,0,0,0,0
s05-r0-burst_trial-0.4,5,0,burst_trial-0.4,burst_trial,0.4,9,95.64399999999978,2,600,1,2.0,1,2,1,2.0,1,1,1,pérdida contigua en ensayo,True,1,1,0,0.0,1,0,1,1.0,400,260,12,True,0.43333333333333335,medio,460.0,medio,40-60,0,0,0,1
s05-r0-burst_trial-0.4,5,0,burst_trial-0.4,burst_trial,0.4,10,103.42000000000009,1,600,1,2.0,1,2,1,1.0,1,2,1,pérdida contigua en ensayo,True,0,0,0,0.0,1,0,1,1.0,400,175,13,True,0.2916666666666667,inicio,375.0,medio,20-40,0,0,0,1
s05-r0-burst_trial-0.4,5,0,burst_trial-0.4,burst_trial,0.4,11,152.4720000000002,1,600,1,2.0,1,1,1,1.0,1,2,1,pérdida contigua en ensayo,True,0,1,1,1.0,1,0,1,1.0,400,327,19,True,0.545,medio,527.0,medio,40-60,1,0,0,1
s05-r0-burst_trial-0.4,5,0,burst_trial-0.4,burst_trial,0.4,12,169.07200000000012,2,600,1,2.0,1,2,1,2.0,1,2,1,pérdida contigua en ensayo,True,1,1,0,0.0,1,1,0,0.0,400,583,21,True,0.9716666666666667,fin,783.0,fin,80-100,0,0,0,0
s05-r0-burst_trial-0.4,5,0,burst_trial-0.4,burst_trial,0.4,13,176.7199999999998,1,600,1,2.0,1,2,1,1.0,1,1,1,pérdida contigua en ensayo,True,0,0,0,0.0,1,1,0,0.0,400,477,22,True,0.795,fin,677.0,fin,60-80,0,0,0,0
s05-r0-burst_trial-0.4,5,0,burst_trial-0.4,burst_trial,0.4,14,184.84400000000005,1,600,1,2.0,1,2,1,1.0,1,2,1,pérdida contigua en ensayo,True,0,0,0,0.0,1,0,1,1.0,400,581,23,True,0.9683333333333334,fin,781.0,fin,80-100,0,0,0,1
s05-r0-burst_trial-0.4,5,0,burst_trial-0.4,burst_trial,0.4,15,208.91600000000017,1,600,1,2.0,1,2,1,1.0,1,1,1,pérdida contigua en ensayo,True,0,0,0,0.0,1,1,0,0.0,400,140,26,True,0.23333333333333334,inicio,340.0,medio,20-40,0,0,0,0
s05-r0-burst_trial-0.4,5,0,burst_trial-0.4,burst_trial,0.4,16,241.2199999999998,1,600,1,1.0,1,2,1,2.0,1,2,1,pérdida contigua en ensayo,True,1,0,1,1.0,0,0,0,0.0,400,277,30,True,0.46166666666666667,medio,477.0,medio,40-60,0,1,0,0
s05-r0-burst_trial-0.4,5,0,burst_trial-0.4,burst_trial,0.4,17,249.6480000000001,2,600,1,2.0,1,2,1,1.0,1,1,1,pérdida contigua en ensayo,True,1,1,0,0.0,0,0,0,0.0,400,283,31,True,0.4716666666666667,medio,483.0,medio,40-60,0,0,0,0
s05-r0-burst_trial-0.4,5,0,burst_trial-0.4,burst_trial,0.4,18,258.0160000000001,1,600,1,1.0,1,1,1,1.0,1,1,1,pérdida contigua en ensayo,True,1,1,0,0.0,1,1,0,0.0,400,100,32,True,0.16666666666666666,inicio,300.0,inicio,0-20,0,0,0,0
s05-r0-burst_trial-0.4,5,0,burst_trial-0.4,burst_trial,0.4,19,266.3800000000001,2,600,1,2.0,1,1,1,1.0,1,2,1,pérdida contigua en ensayo,True,1,0,1,1.0,0,1,1,1.0,400,451,33,True,0.7516666666666667,fin,651.0,medio,60-80,0,1,1,0
s05-r0-burst_trial-0.4,5,0,burst_trial-0.4,burst_trial,0.4,20,274.55200000000013,2,600,1,2.0,1,2,1,2.0,1,2,1,pérdida contigua en ensayo,True,1,1,0,0.0,1,1,0,0.0,400,551,34,True,0.9183333333333333,fin,751.0,fin,80-100,0,0,0,0
s05-r0-burst_trial-0.4,5,0,burst_trial-0.4,burst_trial,0.4,21,282.808,1,600,1,1.0,1,1,1,1.0,1,1,1,pérdida contigua en ensayo,True,1,1,0,0.0,1,1,0,0.0,400,390,35,True,0.65,medio,590.0,medio,60-80,0,0,0,0
s05-r0-burst_trial-0.4,5,0,burst_trial-0.4,burst_trial,0.4,22,290.8879999999999,2,600,1,2.0,1,2,1,1.0,1,1,1,pérdida contigua en ensayo,True,1,1,0,0.0,0,0,0,0.0,400,375,36,True,0.625,medio,575.0,medio,60-80,0,0,0,0
s05-r0-burst_trial-0.4,5,0,burst_trial-0.4,burst_trial,0.4,23,306.62800000000016,2,600,1,2.0,1,2,1,1.0,1,2,1,pérdida contigua en ensayo,True,1,1,0,0.0,0,1,1,1.0,400,456,38,True,0.76,fin,656.0,medio,60-80,0,0,1,0
s05-r1-burst_trial-0.1,5,1,burst_trial-0.1,burst_trial,0.1,0,16.683999999999287,2,900,1,2.0,1,2,1,1.0,1,2,1,pérdida contigua en ensayo,True,1,1,0,0.0,0,1,1,1.0,100,110,2,True,0.12222222222222222,inicio,160.0,inicio,0-20,0,0,1,0
s05-r1-burst_trial-0.1,5,1,burst_trial-0.1,burst_trial,0.1,1,24.49200000000019,1,900,1,1.0,1,1,1,2.0,1,1,1,pérdida contigua en ensayo,True,1,1,0,0.0,0,1,1,1.0,100,560,3,True,0.6222222222222222,medio,610.0,medio,60-80,0,0,1,0
s05-r1-burst_trial-0.1,5,1,burst_trial-0.1,burst_trial,0.1,2,32.52399999999943,1,900,1,2.0,1,2,1,1.0,1,1,1,pérdida contigua en ensayo,True,0,0,0,0.0,1,1,0,0.0,100,125,4,True,0.1388888888888889,inicio,175.0,inicio,0-20,0,0,0,0
s05-r1-burst_trial-0.1,5,1,burst_trial-0.1,burst_trial,0.1,3,40.96800000000076,2,900,1,2.0,1,2,1,2.0,1,2,1,pérdida contigua en ensayo,True,1,1,0,0.0,1,1,0,0.0,100,232,5,True,0.2577777777777778,inicio,282.0,inicio,20-40,0,0,0,0
s05-r1-burst_trial-0.1,5,1,burst_trial-0.1,burst_trial,0.1,4,64.55999999999949,2,900,1,1.0,1,1,1,2.0,1,1,1,pérdida contigua en ensayo,True,0,0,0,0.0,1,0,1,1.0,100,853,8,True,0.9477777777777778,fin,903.0,fin,80-100,0,0,0,1
s05-r1-burst_trial-0.1,5,1,burst_trial-0.1,burst_trial,0.1,5,80.17599999999948,1,900,1,1.0,1,1,1,2.0,1,1,1,pérdida contigua en ensayo,True,1,1,0,0.0,0,1,1,1.0,100,277,10,True,0.30777777777777776,inicio,327.0,inicio,20-40,0,0,1,0
s05-r1-burst_trial-0.1,5,1,burst_trial-0.1,burst_trial,0.1,6,87.7559999999994,1,900,1,2.0,1,2,1,1.0,1,1,1,pérdida contigua en ensayo,True,0,0,0,0.0,1,1,0,0.0,100,332,11,True,0.3688888888888889,medio,382.0,medio,20-40,0,0,0,0
s05-r1-burst_trial-0.1,5,1,burst_trial-0.1,burst_trial,0.1,7,95.64400000000025,1,900,1,1.0,1,1,1,1.0,1,1,1,pérdida contigua en ensayo,True,1,1,0,0.0,1,1,0,0.0,100,132,12,True,0.14666666666666667,inicio,182.0,inicio,0-20,0,0,0,0
s05-r1-burst_trial-0.1,5,1,burst_trial-0.1,burst_trial,0.1,8,111.28800000000048,2,900,1,2.0,1,2,1,2.0,1,1,1,pérdida contigua en ensayo,True,1,1,0,0.0,1,0,1,1.0,100,890,14,True,0.9888888888888889,fin,940.0,fin,80-100,0,0,0,1
s05-r1-burst_trial-0.1,5,1,burst_trial-0.1,burst_trial,0.1,9,119.76800000000004,2,900,1,2.0,1,2,1,1.0,1,1,1,pérdida contigua en ensayo,True,1,1,0,0.0,0,0,0,0.0,100,396,15,True,0.44,medio,446.0,medio,40-60,0,0,0,0
s05-r1-burst_trial-0.1,5,1,burst_trial-0.1,burst_trial,0.1,10,127.79999999999929,1,900,1,2.0,1,1,1,2.0,1,2,1,pérdida contigua en ensayo,True,0,1,1,1.0,0,0,0,0.0,100,61,16,True,0.06777777777777778,inicio,111.0,inicio,0-20,1,0,0,0
s05-r1-burst_trial-0.1,5,1,burst_trial-0.1,burst_trial,0.1,11,136.0640000000003,1,900,1,2.0,1,2,1,1.0,1,1,1,pérdida contigua en ensayo,True,0,0,0,0.0,1,1,0,0.0,100,874,17,True,0.9711111111111111,fin,924.0,fin,80-100,0,0,0,0
s05-r1-burst_trial-0.1,5,1,burst_trial-0.1,burst_trial,0.1,12,152.47199999999975,1,900,1,2.0,1,2,1,2.0,1,2,1,pérdida contigua en ensayo,True,0,0,0,0.0,0,0,0,0.0,100,548,19,True,0.6088888888888889,medio,598.0,medio,60-80,0,0,0,0
s05-r1-burst_trial-0.1,5,1,burst_trial-0.1,burst_trial,0.1,13,160.7520000000004,2,900,1,2.0,1,2,1,1.0,1,1,1,pérdida contigua en ensayo,True,1,1,0,0.0,0,0,0,0.0,100,52,20,True,0.057777777777777775,inicio,102.0,inicio,0-20,0,0,0,0
s05-r1-burst_trial-0.1,5,1,burst_trial-0.1,burst_trial,0.1,14,192.6560000000009,1,900,1,1.0,1,1,1,2.0,1,2,1,pérdida contigua en ensayo,True,1,1,0,0.0,0,0,0,0.0,100,843,24,True,0.9366666666666666,fin,893.0,fin,80-100,0,0,0,0
s05-r1-burst_trial-0.1,5,1,burst_trial-0.1,burst_trial,0.1,15,216.9320000000007,2,900,1,2.0,1,2,1,2.0,1,2,1,pérdida contigua en ensayo,True,1,1,0,0.0,1,1,0,0.0,100,447,27,True,0.49666666666666665,medio,497.0,medio,40-60,0,0,0,0
s05-r1-burst_trial-0.1,5,1,burst_trial-0.1,burst_trial,0.1,16,241.21999999999932,2,900,1,2.0,1,1,1,1.0,1,2,1,pérdida contigua en ensayo,True,1,0,1,1.0,0,1,1,1.0,100,58,30,True,0.06444444444444444,inicio,108.0,inicio,0-20,0,1,1,0
s05-r1-burst_trial-0.1,5,1,burst_trial-0.1,burst_trial,0.1,17,249.64799999999923,1,900,1,2.0,1,2,1,1.0,1,2,1,pérdida contigua en ensayo,True,0,0,0,0.0,1,0,1,1.0,100,468,31,True,0.52,medio,518.0,medio,40-60,0,0,0,1
s05-r1-burst_trial-0.1,5,1,burst_trial-0.1,burst_trial,0.1,18,258.0159999999996,2,900,1,2.0,1,2,1,2.0,1,2,1,pérdida contigua en ensayo,True,1,1,0,0.0,1,1,0,0.0,100,881,32,True,0.9788888888888889,fin,931.0,fin,80-100,0,0,0,0
s05-r1-burst_trial-0.1,5,1,burst_trial-0.1,burst_trial,0.1,19,306.6280000000006,1,900,1,2.0,1,2,1,2.0,1,2,1,pérdida contigua en ensayo,True,0,0,0,0.0,0,0,0,0.0,100,104,38,True,0.11555555555555555,inicio,154.0,inicio,0-20,0,0,0,0
s05-r1-burst_trial-0.1,5,1,burst_trial-0.1,burst_trial,0.1,20,322.65200000000004,2,900,1,2.0,1,2,1,1.0,1,2,1,pérdida contigua en ensayo,True,1,1,0,0.0,0,1,1,1.0,100,790,40,True,0.8777777777777778,fin,840.0,fin,80-100,0,0,1,0
s05-r1-burst_trial-0.1,5,1,burst_trial-0.1,burst_trial,0.1,21,338.52399999999943,2,900,1,2.0,1,2,1,2.0,1,2,1,pérdida contigua en ensayo,True,1,1,0,0.0,1,1,0,0.0,100,86,42,True,0.09555555555555556,inicio,136.0,inicio,0-20,0,0,0,0
s05-r1-burst_trial-0.1,5,1,burst_trial-0.1,burst_trial,0.1,22,362.3359999999993,2,900,1,1.0,1,1,1,2.0,1,2,1,pérdida contigua en ensayo,True,0,0,0,0.0,1,1,0,0.0,100,215,45,True,0.2388888888888889,inicio,265.0,inicio,20-40,0,0,0,0
s05-r1-burst_trial-0.1,5,1,burst_trial-0.1,burst_trial,0.1,23,379.02800000000025,1,900,1,2.0,1,2,1,2.0,1,2,1,pérdida contigua en ensayo,True,0,0,0,0.0,0,0,0,0.0,100,554,47,True,0.6155555555555555,medio,604.0,medio,60-80,0,0,0,0
s05-r1-burst_trial-0.25,5,1,burst_trial-0.25,burst_trial,0.25,0,16.683999999999287,2,750,1,2.0,1,2,1,1.0,1,2,1,pérdida contigua en ensayo,True,1,1,0,0.0,0,1,1,1.0,250,41,2,True,0.05466666666666667,inicio,166.0,inicio,0-20,0,0,1,0
s05-r1-burst_trial-0.25,5,1,burst_trial-0.25,burst_trial,0.25,1,24.49200000000019,1,750,1,1.0,1,1,1,1.0,1,1,1,pérdida contigua en ensayo,True,1,1,0,0.0,1,1,0,0.0,250,532,3,True,0.7093333333333334,fin,657.0,medio,60-80,0,0,0,0
s05-r1-burst_trial-0.25,5,1,burst_trial-0.25,burst_trial,0.25,2,32.52399999999943,1,750,1,2.0,1,2,1,1.0,1,1,1,pérdida contigua en ensayo,True,0,0,0,0.0,1,1,0,0.0,250,525,4,True,0.7,fin,650.0,medio,60-80,0,0,0,0
s05-r1-burst_trial-0.25,5,1,burst_trial-0.25,burst_trial,0.25,3,40.96800000000076,2,750,1,2.0,1,2,1,2.0,1,2,1,pérdida contigua en ensayo,True,1,1,0,0.0,1,1,0,0.0,250,744,5,True,0.992,fin,869.0,fin,80-100,0,0,0,0
s05-r1-burst_trial-0.25,5,1,burst_trial-0.25,burst_trial,0.25,4,64.55999999999949,2,750,1,2.0,1,1,1,1.0,1,1,1,pérdida contigua en ensayo,True,1,0,1,1.0,0,0,0,0.0,250,76,8,True,0.10133333333333333,inicio,201.0,inicio,0-20,0,1,0,0
s05-r1-burst_trial-0.25,5,1,burst_trial-0.25,burst_trial,0.25,5,80.17599999999948,1,750,1,1.0,1,1,1,1.0,1,1,1,pérdida contigua en ensayo,True,1,1,0,0.0,1,1,0,0.0,250,545,10,True,0.7266666666666667,fin,670.0,fin,60-80,0,0,0,0
s05-r1-burst_trial-0.25,5,1,burst_trial-0.25,burst_trial,0.25,6,87.7559999999994,1,750,1,1.0,1,2,1,1.0,1,1,1,pérdida contigua en ensayo,True,1,0,1,1.0,1,1,0,0.0,250,579,11,True,0.772,fin,704.0,fin,60-80,0,1,0,0
s05-r1-burst_trial-0.25,5,1,burst_trial-0.25,burst_trial,0.25,7,95.64400000000025,1,750,1,1.0,1,1,1,1.0,1,1,1,pérdida contigua en ensayo,True,1,1,0,0.0,1,1,0,0.0,250,491,12,True,0.6546666666666666,medio,616.0,medio,60-80,0,0,0,0
s05-r1-burst_trial-0.25,5,1,burst_trial-0.25,burst_trial,0.25,8,111.28800000000048,2,750,1,2.0,1,2,1,1.0,1,1,1,pérdida contigua en ensayo,True,1,1,0,0.0,0,0,0,0.0,250,304,14,True,0.4053333333333333,medio,429.0,medio,40-60,0,0,0,0
s05-r1-burst_trial-0.25,5,1,burst_trial-0.25,burst_trial,0.25,9,119.76800000000004,2,750,1,2.0,1,2,1,1.0,1,1,1,pérdida contigua en ensayo,True,1,1,0,0.0,0,0,0,0.0,250,6,15,True,0.008,inicio,131.0,inicio,0-20,0,0,0,0
s05-r1-burst_trial-0.25,5,1,burst_trial-0.25,burst_trial,0.25,10,127.79999999999929,1,750,1,2.0,1,1,1,1.0,1,2,1,pérdida contigua en ensayo,True,0,1,1,1.0,1,0,1,1.0,250,682,16,True,0.9093333333333333,fin,807.0,fin,80-100,1,0,0,1
s05-r1-burst_trial-0.25,5,1,burst_trial-0.25,burst_trial,0.25,11,136.0640000000003,1,750,1,2.0,1,2,1,1.0,1,1,1,pérdida contigua en ensayo,True,0,0,0,0.0,1,1,0,0.0,250,653,17,True,0.8706666666666667,fin,778.0,fin,80-100,0,0,0,0
s05-r1-burst_trial-0.25,5,1,burst_trial-0.25,burst_trial,0.25,12,152.47199999999975,1,750,1,2.0,1,2,1,2.0,1,2,1,pérdida contigua en ensayo,True,0,0,0,0.0,0,0,0,0.0,250,720,19,True,0.96,fin,845.0,fin,80-100,0,0,0,0
s05-r1-burst_trial-0.25,5,1,burst_trial-0.25,burst_trial,0.25,13,160.7520000000004,2,750,1,2.0,1,2,1,1.0,1,1,1,pérdida contigua en ensayo,True,1,1,0,0.0,0,0,0,0.0,250,678,20,True,0.904,fin,803.0,fin,80-100,0,0,0,0
s05-r1-burst_trial-0.25,5,1,burst_trial-0.25,burst_trial,0.25,14,192.6560000000009,1,750,1,1.0,1,1,1,1.0,1,2,1,pérdida contigua en ensayo,True,1,1,0,0.0,1,0,1,1.0,250,437,24,True,0.5826666666666667,medio,562.0,medio,40-60,0,0,0,1
s05-r1-burst_trial-0.25,5,1,burst_trial-0.25,burst_trial,0.25,15,216.9320000000007,2,750,1,2.0,1,2,1,1.0,1,2,1,pérdida contigua en ensayo,True,1,1,0,0.0,0,1,1,1.0,250,698,27,True,0.9306666666666666,fin,823.0,fin,80-100,0,0,1,0
s05-r1-burst_trial-0.25,5,1,burst_trial-0.25,burst_trial,0.25,16,241.21999999999932,2,750,1,2.0,1,1,1,1.0,1,2,1,pérdida contigua en ensayo,True,1,0,1,1.0,0,1,1,1.0,250,582,30,True,0.776,fin,707.0,fin,60-80,0,1,1,0
s05-r1-burst_trial-0.25,5,1,burst_trial-0.25,burst_trial,0.25,17,249.64799999999923,1,750,1,2.0,1,2,1,1.0,1,2,1,pérdida contigua en ensayo,True,0,0,0,0.0,1,0,1,1.0,250,667,31,True,0.8893333333333333,fin,792.0,fin,80-100,0,0,0,1
s05-r1-burst_trial-0.25,5,1,burst_trial-0.25,burst_trial,0.25,18,258.0159999999996,2,750,1,2.0,1,2,1,1.0,1,2,1,pérdida contigua en ensayo,True,1,1,0,0.0,0,1,1,1.0,250,458,32,True,0.6106666666666667,medio,583.0,medio,60-80,0,0,1,0
s05-r1-burst_trial-0.25,5,1,burst_trial-0.25,burst_trial,0.25,19,306.6280000000006,1,750,1,2.0,1,2,1,1.0,1,2,1,pérdida contigua en ensayo,True,0,0,0,0.0,1,0,1,1.0,250,598,38,True,0.7973333333333333,fin,723.0,fin,60-80,0,0,0,1
s05-r1-burst_trial-0.25,5,1,burst_trial-0.25,burst_trial,0.25,20,322.65200000000004,2,750,1,2.0,1,2,1,1.0,1,2,1,pérdida contigua en ensayo,True,1,1,0,0.0,0,1,1,1.0,250,281,40,True,0.37466666666666665,medio,406.0,medio,20-40,0,0,1,0
s05-r1-burst_trial-0.25,5,1,burst_trial-0.25,burst_trial,0.25,21,338.52399999999943,2,750,1,2.0,1,2,1,2.0,1,2,1,pérdida contigua en ensayo,True,1,1,0,0.0,1,1,0,0.0,250,688,42,True,0.9173333333333333,fin,813.0,fin,80-100,0,0,0,0
s05-r1-burst_trial-0.25,5,1,burst_trial-0.25,burst_trial,0.25,22,362.3359999999993,2,750,1,1.0,1,1,1,1.0,1,2,1,pérdida contigua en ensayo,True,0,0,0,0.0,0,1,1,1.0,250,64,45,True,0.08533333333333333,inicio,189.0,inicio,0-20,0,0,1,0
s05-r1-burst_trial-0.25,5,1,burst_trial-0.25,burst_trial,0.25,23,379.02800000000025,1,750,1,2.0,1,2,1,2.0,1,2,1,pérdida contigua en ensayo,True,0,0,0,0.0,0,0,0,0.0,250,71,47,True,0.09466666666666666,inicio,196.0,inicio,0-20,0,0,0,0
s05-r1-burst_trial-0.4,5,1,burst_trial-0.4,burst_trial,0.4,0,16.683999999999287,2,600,1,1.0,1,2,1,1.0,1,2,1,pérdida contigua en ensayo,True,0,1,1,1.0,0,1,1,1.0,400,342,2,True,0.57,medio,542.0,medio,40-60,1,0,1,0
s05-r1-burst_trial-0.4,5,1,burst_trial-0.4,burst_trial,0.4,1,24.49200000000019,1,600,1,2.0,1,1,1,1.0,1,1,1,pérdida contigua en ensayo,True,0,1,1,1.0,1,1,0,0.0,400,237,3,True,0.395,medio,437.0,medio,20-40,1,0,0,0
s05-r1-burst_trial-0.4,5,1,burst_trial-0.4,burst_trial,0.4,2,32.52399999999943,1,600,1,2.0,1,2,1,1.0,1,1,1,pérdida contigua en ensayo,True,0,0,0,0.0,1,1,0,0.0,400,316,4,True,0.5266666666666666,medio,516.0,medio,40-60,0,0,0,0
s05-r1-burst_trial-0.4,5,1,burst_trial-0.4,burst_trial,0.4,3,40.96800000000076,2,600,1,2.0,1,2,1,2.0,1,2,1,pérdida contigua en ensayo,True,1,1,0,0.0,1,1,0,0.0,400,138,5,True,0.23,inicio,338.0,medio,20-40,0,0,0,0
s05-r1-burst_trial-0.4,5,1,burst_trial-0.4,burst_trial,0.4,4,64.55999999999949,2,600,1,1.0,1,1,1,1.0,1,1,1,pérdida contigua en ensayo,True,0,0,0,0.0,0,0,0,0.0,400,312,8,True,0.52,medio,512.0,medio,40-60,0,0,0,0
s05-r1-burst_trial-0.4,5,1,burst_trial-0.4,burst_trial,0.4,5,80.17599999999948,1,600,1,1.0,1,1,1,1.0,1,1,1,pérdida contigua en ensayo,True,1,1,0,0.0,1,1,0,0.0,400,227,10,True,0.37833333333333335,medio,427.0,medio,20-40,0,0,0,0
s05-r1-burst_trial-0.4,5,1,burst_trial-0.4,burst_trial,0.4,6,87.7559999999994,1,600,1,2.0,1,2,1,1.0,1,1,1,pérdida contigua en ensayo,True,0,0,0,0.0,1,1,0,0.0,400,213,11,True,0.355,medio,413.0,medio,20-40,0,0,0,0
s05-r1-burst_trial-0.4,5,1,burst_trial-0.4,burst_trial,0.4,7,95.64400000000025,1,600,1,1.0,1,1,1,1.0,1,1,1,pérdida contigua en ensayo,True,1,1,0,0.0,1,1,0,0.0,400,136,12,True,0.22666666666666666,inicio,336.0,medio,20-40,0,0,0,0
s05-r1-burst_trial-0.4,5,1,burst_trial-0.4,burst_trial,0.4,8,111.28800000000048,2,600,1,2.0,1,2,1,2.0,1,1,1,pérdida contigua en ensayo,True,1,1,0,0.0,1,0,1,1.0,400,551,14,True,0.9183333333333333,fin,751.0,fin,80-100,0,0,0,1
s05-r1-burst_trial-0.4,5,1,burst_trial-0.4,burst_trial,0.4,9,119.76800000000004,2,600,1,2.0,1,2,1,1.0,1,1,1,pérdida contigua en ensayo,True,1,1,0,0.0,0,0,0,0.0,400,412,15,True,0.6866666666666666,fin,612.0,medio,60-80,0,0,0,0
s05-r1-burst_trial-0.4,5,1,burst_trial-0.4,burst_trial,0.4,10,127.79999999999929,1,600,1,1.0,1,1,1,1.0,1,2,1,pérdida contigua en ensayo,True,1,1,0,0.0,1,0,1,1.0,400,305,16,True,0.5083333333333333,medio,505.0,medio,40-60,0,0,0,1
s05-r1-burst_trial-0.4,5,1,burst_trial-0.4,burst_trial,0.4,11,136.0640000000003,1,600,1,2.0,1,2,1,1.0,1,1,1,pérdida contigua en ensayo,True,0,0,0,0.0,1,1,0,0.0,400,71,17,True,0.11833333333333333,inicio,271.0,inicio,0-20,0,0,0,0
s05-r1-burst_trial-0.4,5,1,burst_trial-0.4,burst_trial,0.4,12,152.47199999999975,1,600,1,2.0,1,2,1,2.0,1,2,1,pérdida contigua en ensayo,True,0,0,0,0.0,0,0,0,0.0,400,292,19,True,0.4866666666666667,medio,492.0,medio,40-60,0,0,0,0
s05-r1-burst_trial-0.4,5,1,burst_trial-0.4,burst_trial,0.4,13,160.7520000000004,2,600,1,2.0,1,2,1,1.0,1,1,1,pérdida contigua en ensayo,True,1,1,0,0.0,0,0,0,0.0,400,436,20,True,0.7266666666666667,fin,636.0,medio,60-80,0,0,0,0
s05-r1-burst_trial-0.4,5,1,burst_trial-0.4,burst_trial,0.4,14,192.6560000000009,1,600,1,1.0,1,1,1,1.0,1,2,1,pérdida contigua en ensayo,True,1,1,0,0.0,1,0,1,1.0,400,387,24,True,0.645,medio,587.0,medio,60-80,0,0,0,1
s05-r1-burst_trial-0.4,5,1,burst_trial-0.4,burst_trial,0.4,15,216.9320000000007,2,600,1,2.0,1,2,1,1.0,1,2,1,pérdida contigua en ensayo,True,1,1,0,0.0,0,1,1,1.0,400,593,27,True,0.9883333333333333,fin,793.0,fin,80-100,0,0,1,0
s05-r1-burst_trial-0.4,5,1,burst_trial-0.4,burst_trial,0.4,16,241.21999999999932,2,600,1,1.0,1,1,1,1.0,1,2,1,pérdida contigua en ensayo,True,0,0,0,0.0,0,1,1,1.0,400,431,30,True,0.7183333333333334,fin,631.0,medio,60-80,0,0,1,0
s05-r1-burst_trial-0.4,5,1,burst_trial-0.4,burst_trial,0.4,17,249.64799999999923,1,600,1,2.0,1,2,1,1.0,1,2,1,pérdida contigua en ensayo,True,0,0,0,0.0,1,0,1,1.0,400,106,31,True,0.17666666666666667,inicio,306.0,inicio,0-20,0,0,0,1
s05-r1-burst_trial-0.4,5,1,burst_trial-0.4,burst_trial,0.4,18,258.0159999999996,2,600,1,2.0,1,2,1,1.0,1,2,1,pérdida contigua en ensayo,True,1,1,0,0.0,0,1,1,1.0,400,92,32,True,0.15333333333333332,inicio,292.0,inicio,0-20,0,0,1,0
s05-r1-burst_trial-0.4,5,1,burst_trial-0.4,burst_trial,0.4,19,306.6280000000006,1,600,1,2.0,1,2,1,1.0,1,2,1,pérdida contigua en ensayo,True,0,0,0,0.0,1,0,1,1.0,400,424,38,True,0.7066666666666667,fin,624.0,medio,60-80,0,0,0,1
s05-r1-burst_trial-0.4,5,1,burst_trial-0.4,burst_trial,0.4,20,322.65200000000004,2,600,1,2.0,1,2,1,1.0,1,2,1,pérdida contigua en ensayo,True,1,1,0,0.0,0,1,1,1.0,400,409,40,True,0.6816666666666666,fin,609.0,medio,60-80,0,0,1,0
s05-r1-burst_trial-0.4,5,1,burst_trial-0.4,burst_trial,0.4,21,338.52399999999943,2,600,1,2.0,1,2,1,2.0,1,2,1,pérdida contigua en ensayo,True,1,1,0,0.0,1,1,0,0.0,400,79,42,True,0.13166666666666665,inicio,279.0,inicio,0-20,0,0,0,0
s05-r1-burst_trial-0.4,5,1,burst_trial-0.4,burst_trial,0.4,22,362.3359999999993,2,600,1,1.0,1,1,1,1.0,1,2,1,pérdida contigua en ensayo,True,0,0,0,0.0,0,1,1,1.0,400,438,45,True,0.73,fin,638.0,medio,60-80,0,0,1,0
s05-r1-burst_trial-0.4,5,1,burst_trial-0.4,burst_trial,0.4,23,379.02800000000025,1,600,1,2.0,1,2,1,1.0,1,2,1,pérdida contigua en ensayo,True,0,0,0,0.0,1,0,1,1.0,400,92,47,True,0.15333333333333332,inicio,292.0,inicio,0-20,0,0,0,1
s05-r2-burst_trial-0.1,5,2,burst_trial-0.1,burst_trial,0.1,0,1.0,1,900,1,1.0,1,1,1,2.0,1,2,1,pérdida contigua en ensayo,True,1,1,0,0.0,0,0,0,0.0,100,61,0,True,0.06777777777777778,inicio,111.0,inicio,0-20,0,0,0,0
s05-r2-burst_trial-0.1,5,2,burst_trial-0.1,burst_trial,0.1,1,9.012000000000626,1,900,1,2.0,1,1,1,2.0,1,1,1,pérdida contigua en ensayo,True,0,1,1,1.0,0,1,1,1.0,100,6,1,True,0.006666666666666667,inicio,56.0,inicio,0-20,1,0,1,0
s05-r2-burst_trial-0.1,5,2,burst_trial-0.1,burst_trial,0.1,2,24.49200000000019,2,900,1,2.0,1,2,1,1.0,1,1,1,pérdida contigua en ensayo,True,1,1,0,0.0,0,0,0,0.0,100,710,3,True,0.7888888888888889,fin,760.0,fin,60-80,0,0,0,0
s05-r2-burst_trial-0.1,5,2,burst_trial-0.1,burst_trial,0.1,3,32.52399999999943,1,900,1,2.0,1,2,1,2.0,1,2,1,pérdida contigua en ensayo,True,0,0,0,0.0,0,0,0,0.0,100,412,4,True,0.4577777777777778,medio,462.0,medio,40-60,0,0,0,0
s05-r2-burst_trial-0.1,5,2,burst_trial-0.1,burst_trial,0.1,4,48.63600000000042,1,900,1,2.0,1,2,1,2.0,1,2,1,pérdida contigua en ensayo,True,0,0,0,0.0,0,0,0,0.0,100,144,6,True,0.16,inicio,194.0,inicio,0-20,0,0,0,0
s05-r2-burst_trial-0.1,5,2,burst_trial-0.1,burst_trial,0.1,5,64.55999999999949,2,900,1,2.0,1,2,1,1.0,1,1,1,pérdida contigua en ensayo,True,1,1,0,0.0,0,0,0,0.0,100,13,8,True,0.014444444444444444,inicio,63.0,inicio,0-20,0,0,0,0
s05-r2-burst_trial-0.1,5,2,burst_trial-0.1,burst_trial,0.1,6,80.17599999999948,1,900,1,1.0,1,1,1,1.0,1,1,1,pérdida contigua en ensayo,True,1,1,0,0.0,1,1,0,0.0,100,133,10,True,0.14777777777777779,inicio,183.0,inicio,0-20,0,0,0,0
s05-r2-burst_trial-0.1,5,2,burst_trial-0.1,burst_trial,0.1,7,103.42000000000009,1,900,1,2.0,1,2,1,1.0,1,1,1,pérdida contigua en ensayo,True,0,0,0,0.0,1,1,0,0.0,100,714,13,True,0.7933333333333333,fin,764.0,fin,60-80,0,0,0,0
s05-r2-burst_trial-0.1,5,2,burst_trial-0.1,burst_trial,0.1,8,119.76800000000004,2,900,1,2.0,1,2,1,2.0,1,2,1,pérdida contigua en ensayo,True,1,1,0,0.0,1,1,0,0.0,100,731,15,True,0.8122222222222222,fin,781.0,fin,80-100,0,0,0,0
s05-r2-burst_trial-0.1,5,2,burst_trial-0.1,burst_trial,0.1,9,160.7520000000004,1,900,1,2.0,1,2,1,1.0,1,2,1,pérdida contigua en ensayo,True,0,0,0,0.0,1,0,1,1.0,100,472,20,True,0.5244444444444445,medio,522.0,medio,40-60,0,0,0,1
s05-r2-burst_trial-0.1,5,2,burst_trial-0.1,burst_trial,0.1,10,176.71999999999937,2,900,1,2.0,1,2,1,1.0,1,1,1,pérdida contigua en ensayo,True,1,1,0,0.0,0,0,0,0.0,100,727,22,True,0.8077777777777778,fin,777.0,fin,80-100,0,0,0,0
s05-r2-burst_trial-0.1,5,2,burst_trial-0.1,burst_trial,0.1,11,192.6560000000009,2,900,1,2.0,1,2,1,2.0,1,2,1,pérdida contigua en ensayo,True,1,1,0,0.0,1,1,0,0.0,100,358,24,True,0.3977777777777778,medio,408.0,medio,20-40,0,0,0,0
s05-r2-burst_trial-0.1,5,2,burst_trial-0.1,burst_trial,0.1,12,200.5,1,900,1,2.0,1,2,1,1.0,1,2,1,pérdida contigua en ensayo,True,0,0,0,0.0,1,0,1,1.0,100,29,25,True,0.03222222222222222,inicio,79.0,inicio,0-20,0,0,0,1
s05-r2-burst_trial-0.1,5,2,burst_trial-0.1,burst_trial,0.1,13,216.9320000000007,2,900,1,2.0,1,2,1,2.0,1,2,1,pérdida contigua en ensayo,True,1,1,0,0.0,1,1,0,0.0,100,212,27,True,0.23555555555555555,inicio,262.0,inicio,20-40,0,0,0,0
s05-r2-burst_trial-0.1,5,2,burst_trial-0.1,burst_trial,0.1,14,224.83200000000036,1,900,1,2.0,1,2,1,2.0,1,1,1,pérdida contigua en ensayo,True,0,0,0,0.0,0,1,1,1.0,100,846,28,True,0.94,fin,896.0,fin,80-100,0,0,1,0
s05-r2-burst_trial-0.1,5,2,burst_trial-0.1,burst_trial,0.1,15,249.64799999999923,1,900,1,2.0,1,2,1,1.0,1,1,1,pérdida contigua en ensayo,True,0,0,0,0.0,1,1,0,0.0,100,819,31,True,0.91,fin,869.0,fin,80-100,0,0,0,0
s05-r2-burst_trial-0.1,5,2,burst_trial-0.1,burst_trial,0.1,16,282.8079999999991,2,900,1,2.0,1,2,1,1.0,1,1,1,pérdida contigua en ensayo,True,1,1,0,0.0,0,0,0,0.0,100,517,35,True,0.5744444444444444,medio,567.0,medio,40-60,0,0,0,0
s05-r2-burst_trial-0.1,5,2,burst_trial-0.1,burst_trial,0.1,17,290.88800000000083,1,900,1,2.0,1,2,1,1.0,1,1,1,pérdida contigua en ensayo,True,0,0,0,0.0,1,1,0,0.0,100,498,36,True,0.5533333333333333,medio,548.0,medio,40-60,0,0,0,0
s05-r2-burst_trial-0.1,5,2,burst_trial-0.1,burst_trial,0.1,18,298.77599999999984,2,900,1,2.0,1,2,1,2.0,1,2,1,pérdida contigua en ensayo,True,1,1,0,0.0,1,1,0,0.0,100,852,37,True,0.9466666666666667,fin,902.0,fin,80-100,0,0,0,0
s05-r2-burst_trial-0.1,5,2,burst_trial-0.1,burst_trial,0.1,19,314.3279999999995,2,900,1,2.0,1,2,1,2.0,1,2,1,pérdida contigua en ensayo,True,1,1,0,0.0,1,1,0,0.0,100,569,39,True,0.6322222222222222,medio,619.0,medio,60-80,0,0,0,0
s05-r2-burst_trial-0.1,5,2,burst_trial-0.1,burst_trial,0.1,20,338.52399999999943,2,900,1,2.0,1,2,1,1.0,1,1,1,pérdida contigua en ensayo,True,1,1,0,0.0,0,0,0,0.0,100,805,42,True,0.8944444444444445,fin,855.0,fin,80-100,0,0,0,0
s05-r2-burst_trial-0.1,5,2,burst_trial-0.1,burst_trial,0.1,21,347.0,2,900,1,2.0,1,2,1,1.0,1,1,1,pérdida contigua en ensayo,True,1,1,0,0.0,0,0,0,0.0,100,697,43,True,0.7744444444444445,fin,747.0,fin,60-80,0,0,0,0
s05-r2-burst_trial-0.1,5,2,burst_trial-0.1,burst_trial,0.1,22,354.6239999999998,2,900,1,2.0,1,2,1,2.0,1,2,1,pérdida contigua en ensayo,True,1,1,0,0.0,1,1,0,0.0,100,812,44,True,0.9022222222222223,fin,862.0,fin,80-100,0,0,0,0
s05-r2-burst_trial-0.1,5,2,burst_trial-0.1,burst_trial,0.1,23,379.02800000000025,1,900,1,2.0,1,2,1,1.0,1,1,1,pérdida contigua en ensayo,True,0,0,0,0.0,1,1,0,0.0,100,25,47,True,0.027777777777777776,inicio,75.0,inicio,0-20,0,0,0,0
s05-r2-burst_trial-0.25,5,2,burst_trial-0.25,burst_trial,0.25,0,1.0,1,750,1,2.0,1,1,1,2.0,1,2,1,pérdida contigua en ensayo,True,0,1,1,1.0,0,0,0,0.0,250,501,0,True,0.668,fin,626.0,medio,60-80,1,0,0,0
s05-r2-burst_trial-0.25,5,2,burst_trial-0.25,burst_trial,0.25,1,9.012000000000626,1,750,1,1.0,1,1,1,1.0,1,1,1,pérdida contigua en ensayo,True,1,1,0,0.0,1,1,0,0.0,250,687,1,True,0.916,fin,812.0,fin,80-100,0,0,0,0
s05-r2-burst_trial-0.25,5,2,burst_trial-0.25,burst_trial,0.25,2,24.49200000000019,2,750,1,2.0,1,2,1,1.0,1,1,1,pérdida contigua en ensayo,True,1,1,0,0.0,0,0,0,0.0,250,546,3,True,0.728,fin,671.0,fin,60-80,0,0,0,0
s05-r2-burst_trial-0.25,5,2,burst_trial-0.25,burst_trial,0.25,3,32.52399999999943,1,750,1,2.0,1,2,1,2.0,1,2,1,pérdida contigua en ensayo,True,0,0,0,0.0,0,0,0,0.0,250,731,4,True,0.9746666666666667,fin,856.0,fin,80-100,0,0,0,0
s05-r2-burst_trial-0.25,5,2,burst_trial-0.25,burst_trial,0.25,4,48.63600000000042,1,750,1,2.0,1,2,1,1.0,1,2,1,pérdida contigua en ensayo,True,0,0,0,0.0,1,0,1,1.0,250,402,6,True,0.536,medio,527.0,medio,40-60,0,0,0,1
s05-r2-burst_trial-0.25,5,2,burst_trial-0.25,burst_trial,0.25,5,64.55999999999949,2,750,1,2.0,1,2,1,1.0,1,1,1,pérdida contigua en ensayo,True,1,1,0,0.0,0,0,0,0.0,250,209,8,True,0.2786666666666667,inicio,334.0,medio,20-40,0,0,0,0
s05-r2-burst_trial-0.25,5,2,burst_trial-0.25,burst_trial,0.25,6,80.17599999999948,1,750,1,2.0,1,1,1,1.0,1,1,1,pérdida contigua en ensayo,True,0,1,1,1.0,1,1,0,0.0,250,320,10,True,0.4266666666666667,medio,445.0,medio,40-60,1,0,0,0
s05-r2-burst_trial-0.25,5,2,burst_trial-0.25,burst_trial,0.25,7,103.42000000000009,1,750,1,2.0,1,2,1,1.0,1,1,1,pérdida contigua en ensayo,True,0,0,0,0.0,1,1,0,0.0,250,213,13,True,0.284,inicio,338.0,medio,20-40,0,0,0,0
s05-r2-burst_trial-0.25,5,2,burst_trial-0.25,burst_trial,0.25,8,119.76800000000004,2,750,1,1.0,1,2,1,2.0,1,2,1,pérdida contigua en ensayo,True,0,1,1,1.0,1,1,0,0.0,250,641,15,True,0.8546666666666667,fin,766.0,fin,80-100,1,0,0,0
s05-r2-burst_trial-0.25,5,2,burst_trial-0.25,burst_trial,0.25,9,160.7520000000004,1,750,1,2.0,1,2,1,2.0,1,2,1,pérdida contigua en ensayo,True,0,0,0,0.0,0,0,0,0.0,250,557,20,True,0.7426666666666667,fin,682.0,fin,60-80,0,0,0,0
s05-r2-burst_trial-0.25,5,2,burst_trial-0.25,burst_trial,0.25,10,176.71999999999937,2,750,1,1.0,1,2,1,1.0,1,1,1,pérdida contigua en ensayo,True,0,1,1,1.0,0,0,0,0.0,250,712,22,True,0.9493333333333334,fin,837.0,fin,80-100,1,0,0,0
s05-r2-burst_trial-0.25,5,2,burst_trial-0.25,burst_trial,0.25,11,192.6560000000009,2,750,1,2.0,1,2,1,1.0,1,2,1,pérdida contigua en ensayo,True,1,1,0,0.0,0,1,1,1.0,250,519,24,True,0.692,fin,644.0,medio,60-80,0,0,1,0
s05-r2-burst_trial-0.25,5,2,burst_trial-0.25,burst_trial,0.25,12,200.5,1,750,1,2.0,1,2,1,2.0,1,2,1,pérdida contigua en ensayo,True,0,0,0,0.0,0,0,0,0.0,250,186,25,True,0.248,inicio,311.0,inicio,20-40,0,0,0,0
s05-r2-burst_trial-0.25,5,2,burst_trial-0.25,burst_trial,0.25,13,216.9320000000007,2,750,1,2.0,1,2,1,2.0,1,2,1,pérdida contigua en ensayo,True,1,1,0,0.0,1,1,0,0.0,250,720,27,True,0.96,fin,845.0,fin,80-100,0,0,0,0
s05-r2-burst_trial-0.25,5,2,burst_trial-0.25,burst_trial,0.25,14,224.83200000000036,1,750,1,2.0,1,2,1,1.0,1,1,1,pérdida contigua en ensayo,True,0,0,0,0.0,1,1,0,0.0,250,427,28,True,0.5693333333333334,medio,552.0,medio,40-60,0,0,0,0
s05-r2-burst_trial-0.25,5,2,burst_trial-0.25,burst_trial,0.25,15,249.64799999999923,1,750,1,2.0,1,2,1,1.0,1,1,1,pérdida contigua en ensayo,True,0,0,0,0.0,1,1,0,0.0,250,294,31,True,0.392,medio,419.0,medio,20-40,0,0,0,0
s05-r2-burst_trial-0.25,5,2,burst_trial-0.25,burst_trial,0.25,16,282.8079999999991,2,750,1,2.0,1,2,1,2.0,1,1,1,pérdida contigua en ensayo,True,1,1,0,0.0,1,0,1,1.0,250,153,35,True,0.204,inicio,278.0,inicio,20-40,0,0,0,1
s05-r2-burst_trial-0.25,5,2,burst_trial-0.25,burst_trial,0.25,17,290.88800000000083,1,750,1,2.0,1,2,1,1.0,1,1,1,pérdida contigua en ensayo,True,0,0,0,0.0,1,1,0,0.0,250,13,36,True,0.017333333333333333,inicio,138.0,inicio,0-20,0,0,0,0
s05-r2-burst_trial-0.25,5,2,burst_trial-0.25,burst_trial,0.25,18,298.77599999999984,2,750,1,2.0,1,2,1,1.0,1,2,1,pérdida contigua en ensayo,True,1,1,0,0.0,0,1,1,1.0,250,615,37,True,0.82,fin,740.0,fin,80-100,0,0,1,0
s05-r2-burst_trial-0.25,5,2,burst_trial-0.25,burst_trial,0.25,19,314.3279999999995,2,750,1,2.0,1,2,1,1.0,1,2,1,pérdida contigua en ensayo,True,1,1,0,0.0,0,1,1,1.0,250,349,39,True,0.4653333333333333,medio,474.0,medio,40-60,0,0,1,0
s05-r2-burst_trial-0.25,5,2,burst_trial-0.25,burst_trial,0.25,20,338.52399999999943,2,750,1,2.0,1,2,1,1.0,1,1,1,pérdida contigua en ensayo,True,1,1,0,0.0,0,0,0,0.0,250,718,42,True,0.9573333333333334,fin,843.0,fin,80-100,0,0,0,0
s05-r2-burst_trial-0.25,5,2,burst_trial-0.25,burst_trial,0.25,21,347.0,2,750,1,2.0,1,2,1,1.0,1,1,1,pérdida contigua en ensayo,True,1,1,0,0.0,0,0,0,0.0,250,663,43,True,0.884,fin,788.0,fin,80-100,0,0,0,0
s05-r2-burst_trial-0.25,5,2,burst_trial-0.25,burst_trial,0.25,22,354.6239999999998,2,750,1,2.0,1,2,1,2.0,1,2,1,pérdida contigua en ensayo,True,1,1,0,0.0,1,1,0,0.0,250,324,44,True,0.432,medio,449.0,medio,40-60,0,0,0,0
s05-r2-burst_trial-0.25,5,2,burst_trial-0.25,burst_trial,0.25,23,379.02800000000025,1,750,1,2.0,1,2,1,1.0,1,1,1,pérdida contigua en ensayo,True,0,0,0,0.0,1,1,0,0.0,250,344,47,True,0.45866666666666667,medio,469.0,medio,40-60,0,0,0,0
s05-r2-burst_trial-0.4,5,2,burst_trial-0.4,burst_trial,0.4,0,1.0,1,600,1,1.0,1,1,1,2.0,1,2,1,pérdida contigua en ensayo,True,1,1,0,0.0,0,0,0,0.0,400,278,0,True,0.4633333333333333,medio,478.0,medio,40-60,0,0,0,0
s05-r2-burst_trial-0.4,5,2,burst_trial-0.4,burst_trial,0.4,1,9.012000000000626,1,600,1,2.0,1,1,1,2.0,1,1,1,pérdida contigua en ensayo,True,0,1,1,1.0,0,1,1,1.0,400,14,1,True,0.023333333333333334,inicio,214.0,inicio,0-20,1,0,1,0
s05-r2-burst_trial-0.4,5,2,burst_trial-0.4,burst_trial,0.4,2,24.49200000000019,2,600,1,2.0,1,2,1,1.0,1,1,1,pérdida contigua en ensayo,True,1,1,0,0.0,0,0,0,0.0,400,520,3,True,0.8666666666666667,fin,720.0,fin,80-100,0,0,0,0
s05-r2-burst_trial-0.4,5,2,burst_trial-0.4,burst_trial,0.4,3,32.52399999999943,1,600,1,2.0,1,2,1,1.0,1,2,1,pérdida contigua en ensayo,True,0,0,0,0.0,1,0,1,1.0,400,311,4,True,0.5183333333333333,medio,511.0,medio,40-60,0,0,0,1
s05-r2-burst_trial-0.4,5,2,burst_trial-0.4,burst_trial,0.4,4,48.63600000000042,1,600,1,1.0,1,2,1,1.0,1,2,1,pérdida contigua en ensayo,True,1,0,1,1.0,1,0,1,1.0,400,109,6,True,0.18166666666666667,inicio,309.0,inicio,0-20,0,1,0,1
s05-r2-burst_trial-0.4,5,2,burst_trial-0.4,burst_trial,0.4,5,64.55999999999949,2,600,1,2.0,1,2,1,1.0,1,1,1,pérdida contigua en ensayo,True,1,1,0,0.0,0,0,0,0.0,400,435,8,True,0.725,fin,635.0,medio,60-80,0,0,0,0
s05-r2-burst_trial-0.4,5,2,burst_trial-0.4,burst_trial,0.4,6,80.17599999999948,1,600,1,1.0,1,1,1,1.0,1,1,1,pérdida contigua en ensayo,True,1,1,0,0.0,1,1,0,0.0,400,92,10,True,0.15333333333333332,inicio,292.0,inicio,0-20,0,0,0,0
s05-r2-burst_trial-0.4,5,2,burst_trial-0.4,burst_trial,0.4,7,103.42000000000009,1,600,1,2.0,1,2,1,1.0,1,1,1,pérdida contigua en ensayo,True,0,0,0,0.0,1,1,0,0.0,400,109,13,True,0.18166666666666667,inicio,309.0,inicio,0-20,0,0,0,0
s05-r2-burst_trial-0.4,5,2,burst_trial-0.4,burst_trial,0.4,8,119.76800000000004,2,600,1,2.0,1,2,1,2.0,1,2,1,pérdida contigua en ensayo,True,1,1,0,0.0,1,1,0,0.0,400,164,15,True,0.2733333333333333,inicio,364.0,medio,20-40,0,0,0,0
s05-r2-burst_trial-0.4,5,2,burst_trial-0.4,burst_trial,0.4,9,160.7520000000004,1,600,1,2.0,1,2,1,1.0,1,2,1,pérdida contigua en ensayo,True,0,0,0,0.0,1,0,1,1.0,400,321,20,True,0.535,medio,521.0,medio,40-60,0,0,0,1
s05-r2-burst_trial-0.4,5,2,burst_trial-0.4,burst_trial,0.4,10,176.71999999999937,2,600,1,2.0,1,2,1,1.0,1,1,1,pérdida contigua en ensayo,True,1,1,0,0.0,0,0,0,0.0,400,191,22,True,0.31833333333333336,inicio,391.0,medio,20-40,0,0,0,0
s05-r2-burst_trial-0.4,5,2,burst_trial-0.4,burst_trial,0.4,11,192.6560000000009,2,600,1,2.0,1,2,1,1.0,1,2,1,pérdida contigua en ensayo,True,1,1,0,0.0,0,1,1,1.0,400,599,24,True,0.9983333333333333,fin,799.0,fin,80-100,0,0,1,0
s05-r2-burst_trial-0.4,5,2,burst_trial-0.4,burst_trial,0.4,12,200.5,1,600,1,2.0,1,2,1,1.0,1,2,1,pérdida contigua en ensayo,True,0,0,0,0.0,1,0,1,1.0,400,453,25,True,0.755,fin,653.0,medio,60-80,0,0,0,1
s05-r2-burst_trial-0.4,5,2,burst_trial-0.4,burst_trial,0.4,13,216.9320000000007,2,600,1,2.0,1,2,1,1.0,1,2,1,pérdida contigua en ensayo,True,1,1,0,0.0,0,1,1,1.0,400,439,27,True,0.7316666666666667,fin,639.0,medio,60-80,0,0,1,0
s05-r2-burst_trial-0.4,5,2,burst_trial-0.4,burst_trial,0.4,14,224.83200000000036,1,600,1,2.0,1,2,1,1.0,1,1,1,pérdida contigua en ensayo,True,0,0,0,0.0,1,1,0,0.0,400,482,28,True,0.8033333333333333,fin,682.0,fin,80-100,0,0,0,0
s05-r2-burst_trial-0.4,5,2,burst_trial-0.4,burst_trial,0.4,15,249.64799999999923,1,600,1,2.0,1,2,1,1.0,1,1,1,pérdida contigua en ensayo,True,0,0,0,0.0,1,1,0,0.0,400,184,31,True,0.30666666666666664,inicio,384.0,medio,20-40,0,0,0,0
s05-r2-burst_trial-0.4,5,2,burst_trial-0.4,burst_trial,0.4,16,282.8079999999991,2,600,1,2.0,1,2,1,1.0,1,1,1,pérdida contigua en ensayo,True,1,1,0,0.0,0,0,0,0.0,400,5,35,True,0.008333333333333333,inicio,205.0,inicio,0-20,0,0,0,0
s05-r2-burst_trial-0.4,5,2,burst_trial-0.4,burst_trial,0.4,17,290.88800000000083,1,600,1,2.0,1,2,1,1.0,1,1,1,pérdida contigua en ensayo,True,0,0,0,0.0,1,1,0,0.0,400,382,36,True,0.6366666666666667,medio,582.0,medio,60-80,0,0,0,0
s05-r2-burst_trial-0.4,5,2,burst_trial-0.4,burst_trial,0.4,18,298.77599999999984,2,600,1,2.0,1,2,1,2.0,1,2,1,pérdida contigua en ensayo,True,1,1,0,0.0,1,1,0,0.0,400,215,37,True,0.35833333333333334,medio,415.0,medio,20-40,0,0,0,0
s05-r2-burst_trial-0.4,5,2,burst_trial-0.4,burst_trial,0.4,19,314.3279999999995,2,600,1,2.0,1,2,1,2.0,1,2,1,pérdida contigua en ensayo,True,1,1,0,0.0,1,1,0,0.0,400,272,39,True,0.4533333333333333,medio,472.0,medio,40-60,0,0,0,0
s05-r2-burst_trial-0.4,5,2,burst_trial-0.4,burst_trial,0.4,20,338.52399999999943,2,600,1,2.0,1,2,1,1.0,1,1,1,pérdida contigua en ensayo,True,1,1,0,0.0,0,0,0,0.0,400,219,42,True,0.365,medio,419.0,medio,20-40,0,0,0,0
s05-r2-burst_trial-0.4,5,2,burst_trial-0.4,burst_trial,0.4,21,347.0,2,600,1,2.0,1,2,1,1.0,1,1,1,pérdida contigua en ensayo,True,1,1,0,0.0,0,0,0,0.0,400,472,43,True,0.7866666666666666,fin,672.0,fin,60-80,0,0,0,0
s05-r2-burst_trial-0.4,5,2,burst_trial-0.4,burst_trial,0.4,22,354.6239999999998,2,600,1,2.0,1,2,1,2.0,1,2,1,pérdida contigua en ensayo,True,1,1,0,0.0,1,1,0,0.0,400,573,44,True,0.955,fin,773.0,fin,80-100,0,0,0,0
s05-r2-burst_trial-0.4,5,2,burst_trial-0.4,burst_trial,0.4,23,379.02800000000025,1,600,1,2.0,1,2,1,1.0,1,1,1,pérdida contigua en ensayo,True,0,0,0,0.0,1,1,0,0.0,400,402,47,True,0.67,fin,602.0,medio,60-80,0,0,0,0
s05-r3-burst_trial-0.1,5,3,burst_trial-0.1,burst_trial,0.1,0,1.0,2,900,1,2.0,1,2,1,2.0,1,2,1,pérdida contigua en ensayo,True,1,1,0,0.0,1,1,0,0.0,100,782,0,True,0.8688888888888889,fin,832.0,fin,80-100,0,0,0,0
s05-r3-burst_trial-0.1,5,3,burst_trial-0.1,burst_trial,0.1,1,16.684000000001106,1,900,1,1.0,1,1,1,2.0,1,2,1,pérdida contigua en ensayo,True,1,1,0,0.0,0,0,0,0.0,100,650,2,True,0.7222222222222222,fin,700.0,fin,60-80,0,0,0,0
s05-r3-burst_trial-0.1,5,3,burst_trial-0.1,burst_trial,0.1,2,48.6359999999986,1,900,1,2.0,1,2,1,1.0,1,1,1,pérdida contigua en ensayo,True,0,0,0,0.0,1,1,0,0.0,100,352,6,True,0.39111111111111113,medio,402.0,medio,20-40,0,0,0,0
s05-r3-burst_trial-0.1,5,3,burst_trial-0.1,burst_trial,0.1,3,56.83599999999933,1,900,1,2.0,1,2,1,1.0,1,2,1,pérdida contigua en ensayo,True,0,0,0,0.0,1,0,1,1.0,100,104,7,True,0.11555555555555555,inicio,154.0,inicio,0-20,0,0,0,1
s05-r3-burst_trial-0.1,5,3,burst_trial-0.1,burst_trial,0.1,4,72.55199999999968,2,900,1,2.0,1,2,1,2.0,1,1,1,pérdida contigua en ensayo,True,1,1,0,0.0,1,0,1,1.0,100,510,9,True,0.5666666666666667,medio,560.0,medio,40-60,0,0,0,1
s05-r3-burst_trial-0.1,5,3,burst_trial-0.1,burst_trial,0.1,5,103.41999999999824,2,900,1,2.0,1,2,1,1.0,1,1,1,pérdida contigua en ensayo,True,1,1,0,0.0,0,0,0,0.0,100,708,13,True,0.7866666666666666,fin,758.0,fin,60-80,0,0,0,0
s05-r3-burst_trial-0.1,5,3,burst_trial-0.1,burst_trial,0.1,6,111.28800000000048,1,900,1,2.0,1,2,1,1.0,1,1,1,pérdida contigua en ensayo,True,0,0,0,0.0,1,1,0,0.0,100,800,14,True,0.8888888888888888,fin,850.0,fin,80-100,0,0,0,0
s05-r3-burst_trial-0.1,5,3,burst_trial-0.1,burst_trial,0.1,7,127.79999999999929,2,900,1,2.0,1,2,1,1.0,1,2,1,pérdida contigua en ensayo,True,1,1,0,0.0,0,1,1,1.0,100,51,16,True,0.056666666666666664,inicio,101.0,inicio,0-20,0,0,1,0
s05-r3-burst_trial-0.1,5,3,burst_trial-0.1,burst_trial,0.1,8,144.20799999999872,1,900,1,2.0,1,2,1,1.0,1,1,1,pérdida contigua en ensayo,True,0,0,0,0.0,1,1,0,0.0,100,556,18,True,0.6177777777777778,medio,606.0,medio,60-80,0,0,0,0
s05-r3-burst_trial-0.1,5,3,burst_trial-0.1,burst_trial,0.1,9,169.07200000000012,2,900,1,2.0,1,2,1,1.0,1,2,1,pérdida contigua en ensayo,True,1,1,0,0.0,0,1,1,1.0,100,689,21,True,0.7655555555555555,fin,739.0,fin,60-80,0,0,1,0
s05-r3-burst_trial-0.1,5,3,burst_trial-0.1,burst_trial,0.1,10,192.65599999999904,1,900,1,1.0,1,1,1,1.0,1,1,1,pérdida contigua en ensayo,True,1,1,0,0.0,1,1,0,0.0,100,671,24,True,0.7455555555555555,fin,721.0,fin,60-80,0,0,0,0
s05-r3-burst_trial-0.1,5,3,burst_trial-0.1,burst_trial,0.1,11,200.5,2,900,1,2.0,1,2,1,1.0,1,1,1,pérdida contigua en ensayo,True,1,1,0,0.0,0,0,0,0.0,100,325,25,True,0.3611111111111111,medio,375.0,medio,20-40,0,0,0,0
s05-r3-burst_trial-0.1,5,3,burst_trial-0.1,burst_trial,0.1,12,208.91600000000108,2,900,1,2.0,1,2,1,1.0,1,1,1,pérdida contigua en ensayo,True,1,1,0,0.0,0,0,0,0.0,100,558,26,True,0.62,medio,608.0,medio,60-80,0,0,0,0
s05-r3-burst_trial-0.1,5,3,burst_trial-0.1,burst_trial,0.1,13,232.9360000000015,2,900,1,2.0,1,2,1,2.0,1,2,1,pérdida contigua en ensayo,True,1,1,0,0.0,1,1,0,0.0,100,480,29,True,0.5333333333333333,medio,530.0,medio,40-60,0,0,0,0
s05-r3-burst_trial-0.1,5,3,burst_trial-0.1,burst_trial,0.1,14,241.2200000000012,1,900,1,1.0,1,1,1,1.0,1,2,1,pérdida contigua en ensayo,True,1,1,0,0.0,1,0,1,1.0,100,382,30,True,0.42444444444444446,medio,432.0,medio,40-60,0,0,0,1
s05-r3-burst_trial-0.1,5,3,burst_trial-0.1,burst_trial,0.1,15,249.64800000000105,1,900,1,2.0,1,2,1,1.0,1,2,1,pérdida contigua en ensayo,True,0,0,0,0.0,1,0,1,1.0,100,667,31,True,0.7411111111111112,fin,717.0,fin,60-80,0,0,0,1
s05-r3-burst_trial-0.1,5,3,burst_trial-0.1,burst_trial,0.1,16,266.380000000001,2,900,1,2.0,1,2,1,2.0,1,2,1,pérdida contigua en ensayo,True,1,1,0,0.0,1,1,0,0.0,100,549,33,True,0.61,medio,599.0,medio,60-80,0,0,0,0
s05-r3-burst_trial-0.1,5,3,burst_trial-0.1,burst_trial,0.1,17,274.5519999999997,1,900,1,2.0,1,2,1,2.0,1,2,1,pérdida contigua en ensayo,True,0,0,0,0.0,0,0,0,0.0,100,300,34,True,0.3333333333333333,inicio,350.0,medio,20-40,0,0,0,0
s05-r3-burst_trial-0.1,5,3,burst_trial-0.1,burst_trial,0.1,18,290.887999999999,2,900,1,2.0,1,1,1,2.0,1,2,1,pérdida contigua en ensayo,True,1,0,1,1.0,1,1,0,0.0,100,809,36,True,0.8988888888888888,fin,859.0,fin,80-100,0,1,0,0
s05-r3-burst_trial-0.1,5,3,burst_trial-0.1,burst_trial,0.1,19,298.77600000000166,2,900,1,2.0,1,2,1,2.0,1,2,1,pérdida contigua en ensayo,True,1,1,0,0.0,1,1,0,0.0,100,716,37,True,0.7955555555555556,fin,766.0,fin,60-80,0,0,0,0
s05-r3-burst_trial-0.1,5,3,burst_trial-0.1,burst_trial,0.1,20,314.32800000000134,1,900,1,2.0,1,2,1,1.0,1,2,1,pérdida contigua en ensayo,True,0,0,0,0.0,1,0,1,1.0,100,400,39,True,0.4444444444444444,medio,450.0,medio,40-60,0,0,0,1
s05-r3-burst_trial-0.1,5,3,burst_trial-0.1,burst_trial,0.1,21,362.3359999999993,1,900,1,1.0,1,1,1,2.0,1,2,1,pérdida contigua en ensayo,True,1,1,0,0.0,0,0,0,0.0,100,573,45,True,0.6366666666666667,medio,623.0,medio,60-80,0,0,0,0
s05-r3-burst_trial-0.1,5,3,burst_trial-0.1,burst_trial,0.1,22,370.7920000000013,2,900,1,2.0,1,2,1,2.0,1,2,1,pérdida contigua en ensayo,True,1,1,0,0.0,1,1,0,0.0,100,455,46,True,0.5055555555555555,medio,505.0,medio,40-60,0,0,0,0
s05-r3-burst_trial-0.1,5,3,burst_trial-0.1,burst_trial,0.1,23,379.0279999999984,1,900,1,2.0,1,2,1,1.0,1,1,1,pérdida contigua en ensayo,True,0,0,0,0.0,1,1,0,0.0,100,283,47,True,0.31444444444444447,inicio,333.0,inicio,20-40,0,0,0,0
s05-r3-burst_trial-0.25,5,3,burst_trial-0.25,burst_trial,0.25,0,1.0,2,750,1,2.0,1,2,1,1.0,1,2,1,pérdida contigua en ensayo,True,1,1,0,0.0,0,1,1,1.0,250,474,0,True,0.632,medio,599.0,medio,60-80,0,0,1,0
s05-r3-burst_trial-0.25,5,3,burst_trial-0.25,burst_trial,0.25,1,16.684000000001106,1,750,1,1.0,1,1,1,1.0,1,2,1,pérdida contigua en ensayo,True,1,1,0,0.0,1,0,1,1.0,250,585,2,True,0.78,fin,710.0,fin,60-80,0,0,0,1
s05-r3-burst_trial-0.25,5,3,burst_trial-0.25,burst_trial,0.25,2,48.6359999999986,1,750,1,2.0,1,2,1,2.0,1,1,1,pérdida contigua en ensayo,True,0,0,0,0.0,0,1,1,1.0,250,713,6,True,0.9506666666666667,fin,838.0,fin,80-100,0,0,1,0
s05-r3-burst_trial-0.25,5,3,burst_trial-0.25,burst_trial,0.25,3,56.83599999999933,1,750,1,2.0,1,2,1,1.0,1,2,1,pérdida contigua en ensayo,True,0,0,0,0.0,1,0,1,1.0,250,599,7,True,0.7986666666666666,fin,724.0,fin,60-80,0,0,0,1
s05-r3-burst_trial-0.25,5,3,burst_trial-0.25,burst_trial,0.25,4,72.55199999999968,2,750,1,2.0,1,2,1,1.0,1,1,1,pérdida contigua en ensayo,True,1,1,0,0.0,0,0,0,0.0,250,203,9,True,0.27066666666666667,inicio,328.0,inicio,20-40,0,0,0,0
s05-r3-burst_trial-0.25,5,3,burst_trial-0.25,burst_trial,0.25,5,103.41999999999824,2,750,1,2.0,1,2,1,1.0,1,1,1,pérdida contigua en ensayo,True,1,1,0,0.0,0,0,0,0.0,250,386,13,True,0.5146666666666667,medio,511.0,medio,40-60,0,0,0,0
s05-r3-burst_trial-0.25,5,3,burst_trial-0.25,burst_trial,0.25,6,111.28800000000048,1,750,1,2.0,1,2,1,1.0,1,1,1,pérdida contigua en ensayo,True,0,0,0,0.0,1,1,0,0.0,250,421,14,True,0.5613333333333334,medio,546.0,medio,40-60,0,0,0,0
s05-r3-burst_trial-0.25,5,3,burst_trial-0.25,burst_trial,0.25,7,127.79999999999929,2,750,1,2.0,1,2,1,1.0,1,2,1,pérdida contigua en ensayo,True,1,1,0,0.0,0,1,1,1.0,250,381,16,True,0.508,medio,506.0,medio,40-60,0,0,1,0
s05-r3-burst_trial-0.25,5,3,burst_trial-0.25,burst_trial,0.25,8,144.20799999999872,1,750,1,2.0,1,2,1,1.0,1,1,1,pérdida contigua en ensayo,True,0,0,0,0.0,1,1,0,0.0,250,408,18,True,0.544,medio,533.0,medio,40-60,0,0,0,0
s05-r3-burst_trial-0.25,5,3,burst_trial-0.25,burst_trial,0.25,9,169.07200000000012,2,750,1,2.0,1,2,1,1.0,1,2,1,pérdida contigua en ensayo,True,1,1,0,0.0,0,1,1,1.0,250,71,21,True,0.09466666666666666,inicio,196.0,inicio,0-20,0,0,1,0
s05-r3-burst_trial-0.25,5,3,burst_trial-0.25,burst_trial,0.25,10,192.65599999999904,1,750,1,1.0,1,1,1,1.0,1,1,1,pérdida contigua en ensayo,True,1,1,0,0.0,1,1,0,0.0,250,443,24,True,0.5906666666666667,medio,568.0,medio,40-60,0,0,0,0
s05-r3-burst_trial-0.25,5,3,burst_trial-0.25,burst_trial,0.25,11,200.5,2,750,1,2.0,1,2,1,1.0,1,1,1,pérdida contigua en ensayo,True,1,1,0,0.0,0,0,0,0.0,250,44,25,True,0.058666666666666666,inicio,169.0,inicio,0-20,0,0,0,0
s05-r3-burst_trial-0.25,5,3,burst_trial-0.25,burst_trial,0.25,12,208.91600000000108,2,750,1,2.0,1,2,1,1.0,1,1,1,pérdida contigua en ensayo,True,1,1,0,0.0,0,0,0,0.0,250,489,26,True,0.652,medio,614.0,medio,60-80,0,0,0,0
s05-r3-burst_trial-0.25,5,3,burst_trial-0.25,burst_trial,0.25,13,232.9360000000015,2,750,1,2.0,1,2,1,2.0,1,2,1,pérdida contigua en ensayo,True,1,1,0,0.0,1,1,0,0.0,250,151,29,True,0.20133333333333334,inicio,276.0,inicio,20-40,0,0,0,0
s05-r3-burst_trial-0.25,5,3,burst_trial-0.25,burst_trial,0.25,14,241.2200000000012,1,750,1,2.0,1,1,1,1.0,1,2,1,pérdida contigua en ensayo,True,0,1,1,1.0,1,0,1,1.0,250,188,30,True,0.25066666666666665,inicio,313.0,inicio,20-40,1,0,0,1
s05-r3-burst_trial-0.25,5,3,burst_trial-0.25,burst_trial,0.25,15,249.64800000000105,1,750,1,2.0,1,2,1,1.0,1,2,1,pérdida contigua en ensayo,True,0,0,0,0.0,1,0,1,1.0,250,711,31,True,0.948,fin,836.0,fin,80-100,0,0,0,1
s05-r3-burst_trial-0.25,5,3,burst_trial-0.25,burst_trial,0.25,16,266.380000000001,2,750,1,2.0,1,2,1,2.0,1,2,1,pérdida contigua en ensayo,True,1,1,0,0.0,1,1,0,0.0,250,248,33,True,0.33066666666666666,inicio,373.0,medio,20-40,0,0,0,0
s05-r3-burst_trial-0.25,5,3,burst_trial-0.25,burst_trial,0.25,17,274.5519999999997,1,750,1,2.0,1,2,1,1.0,1,2,1,pérdida contigua en ensayo,True,0,0,0,0.0,1,0,1,1.0,250,232,34,True,0.30933333333333335,inicio,357.0,medio,20-40,0,0,0,1
s05-r3-burst_trial-0.25,5,3,burst_trial-0.25,burst_trial,0.25,18,290.887999999999,2,750,1,1.0,1,1,1,2.0,1,2,1,pérdida contigua en ensayo,True,0,0,0,0.0,1,1,0,0.0,250,255,36,True,0.34,medio,380.0,medio,20-40,0,0,0,0
s05-r3-burst_trial-0.25,5,3,burst_trial-0.25,burst_trial,0.25,19,298.77600000000166,2,750,1,2.0,1,2,1,2.0,1,2,1,pérdida contigua en ensayo,True,1,1,0,0.0,1,1,0,0.0,250,383,37,True,0.5106666666666667,medio,508.0,medio,40-60,0,0,0,0
s05-r3-burst_trial-0.25,5,3,burst_trial-0.25,burst_trial,0.25,20,314.32800000000134,1,750,1,2.0,1,2,1,1.0,1,2,1,pérdida contigua en ensayo,True,0,0,0,0.0,1,0,1,1.0,250,296,39,True,0.39466666666666667,medio,421.0,medio,20-40,0,0,0,1
s05-r3-burst_trial-0.25,5,3,burst_trial-0.25,burst_trial,0.25,21,362.3359999999993,1,750,1,1.0,1,1,1,2.0,1,2,1,pérdida contigua en ensayo,True,1,1,0,0.0,0,0,0,0.0,250,416,45,True,0.5546666666666666,medio,541.0,medio,40-60,0,0,0,0
s05-r3-burst_trial-0.25,5,3,burst_trial-0.25,burst_trial,0.25,22,370.7920000000013,2,750,1,2.0,1,2,1,2.0,1,2,1,pérdida contigua en ensayo,True,1,1,0,0.0,1,1,0,0.0,250,204,46,True,0.272,inicio,329.0,inicio,20-40,0,0,0,0
s05-r3-burst_trial-0.25,5,3,burst_trial-0.25,burst_trial,0.25,23,379.0279999999984,1,750,1,2.0,1,2,1,1.0,1,1,1,pérdida contigua en ensayo,True,0,0,0,0.0,1,1,0,0.0,250,339,47,True,0.452,medio,464.0,medio,40-60,0,0,0,0
s05-r3-burst_trial-0.4,5,3,burst_trial-0.4,burst_trial,0.4,0,1.0,2,600,1,2.0,1,2,1,2.0,1,2,1,pérdida contigua en ensayo,True,1,1,0,0.0,1,1,0,0.0,400,600,0,True,1.0,fin,800.0,fin,80-100,0,0,0,0
s05-r3-burst_trial-0.4,5,3,burst_trial-0.4,burst_trial,0.4,1,16.684000000001106,1,600,1,2.0,1,1,1,2.0,1,2,1,pérdida contigua en ensayo,True,0,1,1,1.0,0,0,0,0.0,400,54,2,True,0.09,inicio,254.0,inicio,0-20,1,0,0,0
s05-r3-burst_trial-0.4,5,3,burst_trial-0.4,burst_trial,0.4,2,48.6359999999986,1,600,1,2.0,1,2,1,1.0,1,1,1,pérdida contigua en ensayo,True,0,0,0,0.0,1,1,0,0.0,400,512,6,True,0.8533333333333334,fin,712.0,fin,80-100,0,0,0,0
s05-r3-burst_trial-0.4,5,3,burst_trial-0.4,burst_trial,0.4,3,56.83599999999933,1,600,1,2.0,1,2,1,2.0,1,2,1,pérdida contigua en ensayo,True,0,0,0,0.0,0,0,0,0.0,400,304,7,True,0.5066666666666667,medio,504.0,medio,40-60,0,0,0,0
s05-r3-burst_trial-0.4,5,3,burst_trial-0.4,burst_trial,0.4,4,72.55199999999968,2,600,1,2.0,1,2,1,1.0,1,1,1,pérdida contigua en ensayo,True,1,1,0,0.0,0,0,0,0.0,400,189,9,True,0.315,inicio,389.0,medio,20-40,0,0,0,0
s05-r3-burst_trial-0.4,5,3,burst_trial-0.4,burst_trial,0.4,5,103.41999999999824,2,600,1,2.0,1,2,1,1.0,1,1,1,pérdida contigua en ensayo,True,1,1,0,0.0,0,0,0,0.0,400,185,13,True,0.30833333333333335,inicio,385.0,medio,20-40,0,0,0,0
s05-r3-burst_trial-0.4,5,3,burst_trial-0.4,burst_trial,0.4,6,111.28800000000048,1,600,1,2.0,1,2,1,1.0,1,1,1,pérdida contigua en ensayo,True,0,0,0,0.0,1,1,0,0.0,400,513,14,True,0.855,fin,713.0,fin,80-100,0,0,0,0
s05-r3-burst_trial-0.4,5,3,burst_trial-0.4,burst_trial,0.4,7,127.79999999999929,2,600,1,2.0,1,2,1,1.0,1,2,1,pérdida contigua en ensayo,True,1,1,0,0.0,0,1,1,1.0,400,407,16,True,0.6783333333333333,fin,607.0,medio,60-80,0,0,1,0
s05-r3-burst_trial-0.4,5,3,burst_trial-0.4,burst_trial,0.4,8,144.20799999999872,1,600,1,2.0,1,2,1,1.0,1,1,1,pérdida contigua en ensayo,True,0,0,0,0.0,1,1,0,0.0,400,314,18,True,0.5233333333333333,medio,514.0,medio,40-60,0,0,0,0
s05-r3-burst_trial-0.4,5,3,burst_trial-0.4,burst_trial,0.4,9,169.07200000000012,2,600,1,2.0,1,2,1,2.0,1,2,1,pérdida contigua en ensayo,True,1,1,0,0.0,1,1,0,0.0,400,48,21,True,0.08,inicio,248.0,inicio,0-20,0,0,0,0
s05-r3-burst_trial-0.4,5,3,burst_trial-0.4,burst_trial,0.4,10,192.65599999999904,1,600,1,1.0,1,1,1,1.0,1,1,1,pérdida contigua en ensayo,True,1,1,0,0.0,1,1,0,0.0,400,524,24,True,0.8733333333333333,fin,724.0,fin,80-100,0,0,0,0
s05-r3-burst_trial-0.4,5,3,burst_trial-0.4,burst_trial,0.4,11,200.5,2,600,1,2.0,1,2,1,1.0,1,1,1,pérdida contigua en ensayo,True,1,1,0,0.0,0,0,0,0.0,400,136,25,True,0.22666666666666666,inicio,336.0,medio,20-40,0,0,0,0
s05-r3-burst_trial-0.4,5,3,burst_trial-0.4,burst_trial,0.4,12,208.91600000000108,2,600,1,2.0,1,2,1,1.0,1,1,1,pérdida contigua en ensayo,True,1,1,0,0.0,0,0,0,0.0,400,245,26,True,0.4083333333333333,medio,445.0,medio,40-60,0,0,0,0
s05-r3-burst_trial-0.4,5,3,burst_trial-0.4,burst_trial,0.4,13,232.9360000000015,2,600,1,2.0,1,2,1,2.0,1,2,1,pérdida contigua en ensayo,True,1,1,0,0.0,1,1,0,0.0,400,536,29,True,0.8933333333333333,fin,736.0,fin,80-100,0,0,0,0
s05-r3-burst_trial-0.4,5,3,burst_trial-0.4,burst_trial,0.4,14,241.2200000000012,1,600,1,2.0,1,1,1,1.0,1,2,1,pérdida contigua en ensayo,True,0,1,1,1.0,1,0,1,1.0,400,400,30,True,0.6666666666666666,medio,600.0,medio,60-80,1,0,0,1
s05-r3-burst_trial-0.4,5,3,burst_trial-0.4,burst_trial,0.4,15,249.64800000000105,1,600,1,2.0,1,2,1,1.0,1,2,1,pérdida contigua en ensayo,True,0,0,0,0.0,1,0,1,1.0,400,512,31,True,0.8533333333333334,fin,712.0,fin,80-100,0,0,0,1
s05-r3-burst_trial-0.4,5,3,burst_trial-0.4,burst_trial,0.4,16,266.380000000001,2,600,1,2.0,1,2,1,2.0,1,2,1,pérdida contigua en ensayo,True,1,1,0,0.0,1,1,0,0.0,400,57,33,True,0.095,inicio,257.0,inicio,0-20,0,0,0,0
s05-r3-burst_trial-0.4,5,3,burst_trial-0.4,burst_trial,0.4,17,274.5519999999997,1,600,1,1.0,1,2,1,1.0,1,2,1,pérdida contigua en ensayo,True,1,0,1,1.0,1,0,1,1.0,400,112,34,True,0.18666666666666668,inicio,312.0,inicio,0-20,0,1,0,1
s05-r3-burst_trial-0.4,5,3,burst_trial-0.4,burst_trial,0.4,18,290.887999999999,2,600,1,1.0,1,1,1,1.0,1,2,1,pérdida contigua en ensayo,True,0,0,0,0.0,0,1,1,1.0,400,356,36,True,0.5933333333333334,medio,556.0,medio,40-60,0,0,1,0
s05-r3-burst_trial-0.4,5,3,burst_trial-0.4,burst_trial,0.4,19,298.77600000000166,2,600,1,2.0,1,2,1,1.0,1,2,1,pérdida contigua en ensayo,True,1,1,0,0.0,0,1,1,1.0,400,420,37,True,0.7,fin,620.0,medio,60-80,0,0,1,0
s05-r3-burst_trial-0.4,5,3,burst_trial-0.4,burst_trial,0.4,20,314.32800000000134,1,600,1,2.0,1,2,1,1.0,1,2,1,pérdida contigua en ensayo,True,0,0,0,0.0,1,0,1,1.0,400,399,39,True,0.665,medio,599.0,medio,60-80,0,0,0,1
s05-r3-burst_trial-0.4,5,3,burst_trial-0.4,burst_trial,0.4,21,362.3359999999993,1,600,1,1.0,1,1,1,2.0,1,2,1,pérdida contigua en ensayo,True,1,1,0,0.0,0,0,0,0.0,400,319,45,True,0.5316666666666666,medio,519.0,medio,40-60,0,0,0,0
s05-r3-burst_trial-0.4,5,3,burst_trial-0.4,burst_trial,0.4,22,370.7920000000013,2,600,1,2.0,1,2,1,2.0,1,2,1,pérdida contigua en ensayo,True,1,1,0,0.0,1,1,0,0.0,400,211,46,True,0.3516666666666667,medio,411.0,medio,20-40,0,0,0,0
s05-r3-burst_trial-0.4,5,3,burst_trial-0.4,burst_trial,0.4,23,379.0279999999984,1,600,1,2.0,1,2,1,1.0,1,1,1,pérdida contigua en ensayo,True,0,0,0,0.0,1,1,0,0.0,400,322,47,True,0.5366666666666666,medio,522.0,medio,40-60,0,0,0,0
s05-r4-burst_trial-0.1,5,4,burst_trial-0.1,burst_trial,0.1,0,1.0,2,900,1,2.0,1,2,1,2.0,1,2,1,pérdida contigua en ensayo,True,1,1,0,0.0,1,1,0,0.0,100,171,0,True,0.19,inicio,221.0,inicio,0-20,0,0,0,0
s05-r4-burst_trial-0.1,5,4,burst_trial-0.1,burst_trial,0.1,1,9.011999999998809,1,900,1,1.0,1,2,1,1.0,1,1,1,pérdida contigua en ensayo,True,1,0,1,1.0,1,1,0,0.0,100,46,1,True,0.051111111111111114,inicio,96.0,inicio,0-20,0,1,0,0
s05-r4-burst_trial-0.1,5,4,burst_trial-0.1,burst_trial,0.1,2,16.684000000001106,1,900,1,2.0,1,1,1,1.0,1,1,1,pérdida contigua en ensayo,True,0,1,1,1.0,1,1,0,0.0,100,83,2,True,0.09222222222222222,inicio,133.0,inicio,0-20,1,0,0,0
s05-r4-burst_trial-0.1,5,4,burst_trial-0.1,burst_trial,0.1,3,40.96800000000076,2,900,1,2.0,1,2,1,1.0,1,1,1,pérdida contigua en ensayo,True,1,1,0,0.0,0,0,0,0.0,100,346,5,True,0.3844444444444444,medio,396.0,medio,20-40,0,0,0,0
s05-r4-burst_trial-0.1,5,4,burst_trial-0.1,burst_trial,0.1,4,64.56000000000131,1,900,1,2.0,1,2,1,1.0,1,1,1,pérdida contigua en ensayo,True,0,0,0,0.0,1,1,0,0.0,100,47,8,True,0.052222222222222225,inicio,97.0,inicio,0-20,0,0,0,0
s05-r4-burst_trial-0.1,5,4,burst_trial-0.1,burst_trial,0.1,5,80.17599999999948,1,900,1,2.0,1,2,1,1.0,1,1,1,pérdida contigua en ensayo,True,0,0,0,0.0,1,1,0,0.0,100,45,10,True,0.05,inicio,95.0,inicio,0-20,0,0,0,0
s05-r4-burst_trial-0.1,5,4,burst_trial-0.1,burst_trial,0.1,6,87.75600000000122,1,900,1,2.0,1,2,1,1.0,1,1,1,pérdida contigua en ensayo,True,0,0,0,0.0,1,1,0,0.0,100,764,11,True,0.8488888888888889,fin,814.0,fin,80-100,0,0,0,0
s05-r4-burst_trial-0.1,5,4,burst_trial-0.1,burst_trial,0.1,7,95.64400000000025,2,900,1,2.0,1,1,1,1.0,1,1,1,pérdida contigua en ensayo,True,1,0,1,1.0,0,0,0,0.0,100,149,12,True,0.16555555555555557,inicio,199.0,inicio,0-20,0,1,0,0
s05-r4-burst_trial-0.1,5,4,burst_trial-0.1,burst_trial,0.1,8,119.76800000000004,2,900,1,2.0,1,2,1,2.0,1,2,1,pérdida contigua en ensayo,True,1,1,0,0.0,1,1,0,0.0,100,23,15,True,0.025555555555555557,inicio,73.0,inicio,0-20,0,0,0,0
s05-r4-burst_trial-0.1,5,4,burst_trial-0.1,burst_trial,0.1,9,169.07200000000012,2,900,1,2.0,1,2,1,2.0,1,2,1,pérdida contigua en ensayo,True,1,1,0,0.0,1,1,0,0.0,100,692,21,True,0.7688888888888888,fin,742.0,fin,60-80,0,0,0,0
s05-r4-burst_trial-0.1,5,4,burst_trial-0.1,burst_trial,0.1,10,176.72000000000116,2,900,1,1.0,1,2,1,2.0,1,2,1,pérdida contigua en ensayo,True,0,1,1,1.0,1,1,0,0.0,100,126,22,True,0.14,inicio,176.0,inicio,0-20,1,0,0,0
s05-r4-burst_trial-0.1,5,4,burst_trial-0.1,burst_trial,0.1,11,192.65599999999904,1,900,1,1.0,1,1,1,1.0,1,2,1,pérdida contigua en ensayo,True,1,1,0,0.0,1,0,1,1.0,100,328,24,True,0.36444444444444446,medio,378.0,medio,20-40,0,0,0,1
s05-r4-burst_trial-0.1,5,4,burst_trial-0.1,burst_trial,0.1,12,200.5,2,900,1,2.0,1,2,1,2.0,1,2,1,pérdida contigua en ensayo,True,1,1,0,0.0,1,1,0,0.0,100,333,25,True,0.37,medio,383.0,medio,20-40,0,0,0,0
s05-r4-burst_trial-0.1,5,4,burst_trial-0.1,burst_trial,0.1,13,208.91600000000108,2,900,1,2.0,1,2,1,2.0,1,2,1,pérdida contigua en ensayo,True,1,1,0,0.0,1,1,0,0.0,100,669,26,True,0.7433333333333333,fin,719.0,fin,60-80,0,0,0,0
s05-r4-burst_trial-0.1,5,4,burst_trial-0.1,burst_trial,0.1,14,216.9320000000007,2,900,1,2.0,1,2,1,2.0,1,2,1,pérdida contigua en ensayo,True,1,1,0,0.0,1,1,0,0.0,100,799,27,True,0.8877777777777778,fin,849.0,fin,80-100,0,0,0,0
s05-r4-burst_trial-0.1,5,4,burst_trial-0.1,burst_trial,0.1,15,241.2200000000012,1,900,1,2.0,1,2,1,2.0,1,2,1,pérdida contigua en ensayo,True,0,0,0,0.0,0,0,0,0.0,100,576,30,True,0.64,medio,626.0,medio,60-80,0,0,0,0
s05-r4-burst_trial-0.1,5,4,burst_trial-0.1,burst_trial,0.1,16,258.0159999999996,1,900,1,2.0,1,2,1,1.0,1,1,1,pérdida contigua en ensayo,True,0,0,0,0.0,1,1,0,0.0,100,7,32,True,0.0077777777777777776,inicio,57.0,inicio,0-20,0,0,0,0
s05-r4-burst_trial-0.1,5,4,burst_trial-0.1,burst_trial,0.1,17,274.5519999999997,1,900,1,2.0,1,2,1,2.0,1,2,1,pérdida contigua en ensayo,True,0,0,0,0.0,0,0,0,0.0,100,556,34,True,0.6177777777777778,medio,606.0,medio,60-80,0,0,0,0
s05-r4-burst_trial-0.1,5,4,burst_trial-0.1,burst_trial,0.1,18,290.887999999999,1,900,1,2.0,1,2,1,2.0,1,2,1,pérdida contigua en ensayo,True,0,0,0,0.0,0,0,0,0.0,100,555,36,True,0.6166666666666667,medio,605.0,medio,60-80,0,0,0,0
s05-r4-burst_trial-0.1,5,4,burst_trial-0.1,burst_trial,0.1,19,306.6280000000006,1,900,1,2.0,1,2,1,1.0,1,1,1,pérdida contigua en ensayo,True,0,0,0,0.0,1,1,0,0.0,100,117,38,True,0.13,inicio,167.0,inicio,0-20,0,0,0,0
s05-r4-burst_trial-0.1,5,4,burst_trial-0.1,burst_trial,0.1,20,314.32800000000134,2,900,1,1.0,1,2,1,1.0,1,1,1,pérdida contigua en ensayo,True,0,1,1,1.0,0,0,0,0.0,100,521,39,True,0.5788888888888889,medio,571.0,medio,40-60,1,0,0,0
s05-r4-burst_trial-0.1,5,4,burst_trial-0.1,burst_trial,0.1,21,347.0,1,900,1,2.0,1,2,1,2.0,1,2,1,pérdida contigua en ensayo,True,0,0,0,0.0,0,0,0,0.0,100,184,43,True,0.20444444444444446,inicio,234.0,inicio,20-40,0,0,0,0
s05-r4-burst_trial-0.1,5,4,burst_trial-0.1,burst_trial,0.1,22,354.6239999999998,2,900,1,2.0,1,2,1,1.0,1,1,1,pérdida contigua en ensayo,True,1,1,0,0.0,0,0,0,0.0,100,178,44,True,0.19777777777777777,inicio,228.0,inicio,0-20,0,0,0,0
s05-r4-burst_trial-0.1,5,4,burst_trial-0.1,burst_trial,0.1,23,370.7920000000013,2,900,1,2.0,1,2,1,2.0,1,1,1,pérdida contigua en ensayo,True,1,1,0,0.0,1,0,1,1.0,100,525,46,True,0.5833333333333334,medio,575.0,medio,40-60,0,0,0,1
s05-r4-burst_trial-0.25,5,4,burst_trial-0.25,burst_trial,0.25,0,1.0,2,750,1,2.0,1,2,1,2.0,1,2,1,pérdida contigua en ensayo,True,1,1,0,0.0,1,1,0,0.0,250,464,0,True,0.6186666666666667,medio,589.0,medio,60-80,0,0,0,0
s05-r4-burst_trial-0.25,5,4,burst_trial-0.25,burst_trial,0.25,1,9.011999999998809,1,750,1,2.0,1,2,1,1.0,1,1,1,pérdida contigua en ensayo,True,0,0,0,0.0,1,1,0,0.0,250,348,1,True,0.464,medio,473.0,medio,40-60,0,0,0,0
s05-r4-burst_trial-0.25,5,4,burst_trial-0.25,burst_trial,0.25,2,16.684000000001106,1,750,1,1.0,1,1,1,1.0,1,1,1,pérdida contigua en ensayo,True,1,1,0,0.0,1,1,0,0.0,250,8,2,True,0.010666666666666666,inicio,133.0,inicio,0-20,0,0,0,0
s05-r4-burst_trial-0.25,5,4,burst_trial-0.25,burst_trial,0.25,3,40.96800000000076,2,750,1,2.0,1,2,1,1.0,1,1,1,pérdida contigua en ensayo,True,1,1,0,0.0,0,0,0,0.0,250,4,5,True,0.005333333333333333,inicio,129.0,inicio,0-20,0,0,0,0
s05-r4-burst_trial-0.25,5,4,burst_trial-0.25,burst_trial,0.25,4,64.56000000000131,1,750,1,2.0,1,2,1,1.0,1,1,1,pérdida contigua en ensayo,True,0,0,0,0.0,1,1,0,0.0,250,169,8,True,0.22533333333333333,inicio,294.0,inicio,20-40,0,0,0,0
s05-r4-burst_trial-0.25,5,4,burst_trial-0.25,burst_trial,0.25,5,80.17599999999948,1,750,1,2.0,1,2,1,1.0,1,1,1,pérdida contigua en ensayo,True,0,0,0,0.0,1,1,0,0.0,250,649,10,True,0.8653333333333333,fin,774.0,fin,80-100,0,0,0,0
s05-r4-burst_trial-0.25,5,4,burst_trial-0.25,burst_trial,0.25,6,87.75600000000122,1,750,1,2.0,1,2,1,1.0,1,1,1,pérdida contigua en ensayo,True,0,0,0,0.0,1,1,0,0.0,250,38,11,True,0.050666666666666665,inicio,163.0,inicio,0-20,0,0,0,0
s05-r4-burst_trial-0.25,5,4,burst_trial-0.25,burst_trial,0.25,7,95.64400000000025,2,750,1,1.0,1,1,1,1.0,1,1,1,pérdida contigua en ensayo,True,0,0,0,0.0,0,0,0,0.0,250,575,12,True,0.7666666666666667,fin,700.0,fin,60-80,0,0,0,0
s05-r4-burst_trial-0.25,5,4,burst_trial-0.25,burst_trial,0.25,8,119.76800000000004,2,750,1,2.0,1,2,1,2.0,1,2,1,pérdida contigua en ensayo,True,1,1,0,0.0,1,1,0,0.0,250,215,15,True,0.2866666666666667,inicio,340.0,medio,20-40,0,0,0,0
s05-r4-burst_trial-0.25,5,4,burst_trial-0.25,burst_trial,0.25,9,169.07200000000012,2,750,1,2.0,1,2,1,2.0,1,2,1,pérdida contigua en ensayo,True,1,1,0,0.0,1,1,0,0.0,250,200,21,True,0.26666666666666666,inicio,325.0,inicio,20-40,0,0,0,0
s05-r4-burst_trial-0.25,5,4,burst_trial-0.25,burst_trial,0.25,10,176.72000000000116,2,750,1,2.0,1,2,1,2.0,1,2,1,pérdida contigua en ensayo,True,1,1,0,0.0,1,1,0,0.0,250,497,22,True,0.6626666666666666,medio,622.0,medio,60-80,0,0,0,0
s05-r4-burst_trial-0.25,5,4,burst_trial-0.25,burst_trial,0.25,11,192.65599999999904,1,750,1,1.0,1,1,1,1.0,1,2,1,pérdida contigua en ensayo,True,1,1,0,0.0,1,0,1,1.0,250,12,24,True,0.016,inicio,137.0,inicio,0-20,0,0,0,1
s05-r4-burst_trial-0.25,5,4,burst_trial-0.25,burst_trial,0.25,12,200.5,2,750,1,2.0,1,2,1,2.0,1,2,1,pérdida contigua en ensayo,True,1,1,0,0.0,1,1,0,0.0,250,478,25,True,0.6373333333333333,medio,603.0,medio,60-80,0,0,0,0
s05-r4-burst_trial-0.25,5,4,burst_trial-0.25,burst_trial,0.25,13,208.91600000000108,2,750,1,2.0,1,2,1,2.0,1,2,1,pérdida contigua en ensayo,True,1,1,0,0.0,1,1,0,0.0,250,634,26,True,0.8453333333333334,fin,759.0,fin,80-100,0,0,0,0
s05-r4-burst_trial-0.25,5,4,burst_trial-0.25,burst_trial,0.25,14,216.9320000000007,2,750,1,2.0,1,2,1,2.0,1,2,1,pérdida contigua en ensayo,True,1,1,0,0.0,1,1,0,0.0,250,427,27,True,0.5693333333333334,medio,552.0,medio,40-60,0,0,0,0
s05-r4-burst_trial-0.25,5,4,burst_trial-0.25,burst_trial,0.25,15,241.2200000000012,1,750,1,2.0,1,2,1,2.0,1,2,1,pérdida contigua en ensayo,True,0,0,0,0.0,0,0,0,0.0,250,4,30,True,0.005333333333333333,inicio,129.0,inicio,0-20,0,0,0,0
s05-r4-burst_trial-0.25,5,4,burst_trial-0.25,burst_trial,0.25,16,258.0159999999996,1,750,1,2.0,1,2,1,1.0,1,1,1,pérdida contigua en ensayo,True,0,0,0,0.0,1,1,0,0.0,250,424,32,True,0.5653333333333334,medio,549.0,medio,40-60,0,0,0,0
s05-r4-burst_trial-0.25,5,4,burst_trial-0.25,burst_trial,0.25,17,274.5519999999997,1,750,1,2.0,1,2,1,2.0,1,2,1,pérdida contigua en ensayo,True,0,0,0,0.0,0,0,0,0.0,250,281,34,True,0.37466666666666665,medio,406.0,medio,20-40,0,0,0,0
s05-r4-burst_trial-0.25,5,4,burst_trial-0.25,burst_trial,0.25,18,290.887999999999,1,750,1,2.0,1,2,1,2.0,1,2,1,pérdida contigua en ensayo,True,0,0,0,0.0,0,0,0,0.0,250,515,36,True,0.6866666666666666,fin,640.0,medio,60-80,0,0,0,0
s05-r4-burst_trial-0.25,5,4,burst_trial-0.25,burst_trial,0.25,19,306.6280000000006,1,750,1,2.0,1,2,1,1.0,1,1,1,pérdida contigua en ensayo,True,0,0,0,0.0,1,1,0,0.0,250,275,38,True,0.36666666666666664,medio,400.0,medio,20-40,0,0,0,0
s05-r4-burst_trial-0.25,5,4,burst_trial-0.25,burst_trial,0.25,20,314.32800000000134,2,750,1,1.0,1,2,1,1.0,1,1,1,pérdida contigua en ensayo,True,0,1,1,1.0,0,0,0,0.0,250,447,39,True,0.596,medio,572.0,medio,40-60,1,0,0,0
s05-r4-burst_trial-0.25,5,4,burst_trial-0.25,burst_trial,0.25,21,347.0,1,750,1,2.0,1,2,1,1.0,1,2,1,pérdida contigua en ensayo,True,0,0,0,0.0,1,0,1,1.0,250,453,43,True,0.604,medio,578.0,medio,60-80,0,0,0,1
s05-r4-burst_trial-0.25,5,4,burst_trial-0.25,burst_trial,0.25,22,354.6239999999998,2,750,1,2.0,1,2,1,1.0,1,1,1,pérdida contigua en ensayo,True,1,1,0,0.0,0,0,0,0.0,250,396,44,True,0.528,medio,521.0,medio,40-60,0,0,0,0
s05-r4-burst_trial-0.25,5,4,burst_trial-0.25,burst_trial,0.25,23,370.7920000000013,2,750,1,2.0,1,2,1,1.0,1,1,1,pérdida contigua en ensayo,True,1,1,0,0.0,0,0,0,0.0,250,95,46,True,0.12666666666666668,inicio,220.0,inicio,0-20,0,0,0,0
s05-r4-burst_trial-0.4,5,4,burst_trial-0.4,burst_trial,0.4,0,1.0,2,600,1,2.0,1,2,1,2.0,1,2,1,pérdida contigua en ensayo,True,1,1,0,0.0,1,1,0,0.0,400,502,0,True,0.8366666666666667,fin,702.0,fin,80-100,0,0,0,0
s05-r4-burst_trial-0.4,5,4,burst_trial-0.4,burst_trial,0.4,1,9.011999999998809,1,600,1,2.0,1,2,1,1.0,1,1,1,pérdida contigua en ensayo,True,0,0,0,0.0,1,1,0,0.0,400,269,1,True,0.4483333333333333,medio,469.0,medio,40-60,0,0,0,0
s05-r4-burst_trial-0.4,5,4,burst_trial-0.4,burst_trial,0.4,2,16.684000000001106,1,600,1,2.0,1,1,1,1.0,1,1,1,pérdida contigua en ensayo,True,0,1,1,1.0,1,1,0,0.0,400,293,2,True,0.48833333333333334,medio,493.0,medio,40-60,1,0,0,0
s05-r4-burst_trial-0.4,5,4,burst_trial-0.4,burst_trial,0.4,3,40.96800000000076,2,600,1,1.0,1,2,1,1.0,1,1,1,pérdida contigua en ensayo,True,0,1,1,1.0,0,0,0,0.0,400,199,5,True,0.33166666666666667,inicio,399.0,medio,20-40,1,0,0,0
s05-r4-burst_trial-0.4,5,4,burst_trial-0.4,burst_trial,0.4,4,64.56000000000131,1,600,1,2.0,1,2,1,1.0,1,1,1,pérdida contigua en ensayo,True,0,0,0,0.0,1,1,0,0.0,400,600,8,True,1.0,fin,800.0,fin,80-100,0,0,0,0
s05-r4-burst_trial-0.4,5,4,burst_trial-0.4,burst_trial,0.4,5,80.17599999999948,1,600,1,2.0,1,2,1,1.0,1,1,1,pérdida contigua en ensayo,True,0,0,0,0.0,1,1,0,0.0,400,296,10,True,0.49333333333333335,medio,496.0,medio,40-60,0,0,0,0
s05-r4-burst_trial-0.4,5,4,burst_trial-0.4,burst_trial,0.4,6,87.75600000000122,1,600,1,2.0,1,2,1,1.0,1,1,1,pérdida contigua en ensayo,True,0,0,0,0.0,1,1,0,0.0,400,288,11,True,0.48,medio,488.0,medio,40-60,0,0,0,0
s05-r4-burst_trial-0.4,5,4,burst_trial-0.4,burst_trial,0.4,7,95.64400000000025,2,600,1,1.0,1,1,1,1.0,1,1,1,pérdida contigua en ensayo,True,0,0,0,0.0,0,0,0,0.0,400,414,12,True,0.69,fin,614.0,medio,60-80,0,0,0,0
s05-r4-burst_trial-0.4,5,4,burst_trial-0.4,burst_trial,0.4,8,119.76800000000004,2,600,1,2.0,1,2,1,1.0,1,2,1,pérdida contigua en ensayo,True,1,1,0,0.0,0,1,1,1.0,400,565,15,True,0.9416666666666667,fin,765.0,fin,80-100,0,0,1,0
s05-r4-burst_trial-0.4,5,4,burst_trial-0.4,burst_trial,0.4,9,169.07200000000012,2,600,1,2.0,1,2,1,1.0,1,2,1,pérdida contigua en ensayo,True,1,1,0,0.0,0,1,1,1.0,400,267,21,True,0.445,medio,467.0,medio,40-60,0,0,1,0
s05-r4-burst_trial-0.4,5,4,burst_trial-0.4,burst_trial,0.4,10,176.72000000000116,2,600,1,2.0,1,2,1,1.0,1,2,1,pérdida contigua en ensayo,True,1,1,0,0.0,0,1,1,1.0,400,537,22,True,0.895,fin,737.0,fin,80-100,0,0,1,0
s05-r4-burst_trial-0.4,5,4,burst_trial-0.4,burst_trial,0.4,11,192.65599999999904,1,600,1,2.0,1,1,1,1.0,1,2,1,pérdida contigua en ensayo,True,0,1,1,1.0,1,0,1,1.0,400,328,24,True,0.5466666666666666,medio,528.0,medio,40-60,1,0,0,1
s05-r4-burst_trial-0.4,5,4,burst_trial-0.4,burst_trial,0.4,12,200.5,2,600,1,2.0,1,2,1,1.0,1,2,1,pérdida contigua en ensayo,True,1,1,0,0.0,0,1,1,1.0,400,176,25,True,0.29333333333333333,inicio,376.0,medio,20-40,0,0,1,0
s05-r4-burst_trial-0.4,5,4,burst_trial-0.4,burst_trial,0.4,13,208.91600000000108,2,600,1,2.0,1,2,1,1.0,1,2,1,pérdida contigua en ensayo,True,1,1,0,0.0,0,1,1,1.0,400,260,26,True,0.43333333333333335,medio,460.0,medio,40-60,0,0,1,0
s05-r4-burst_trial-0.4,5,4,burst_trial-0.4,burst_trial,0.4,14,216.9320000000007,2,600,1,2.0,1,2,1,2.0,1,2,1,pérdida contigua en ensayo,True,1,1,0,0.0,1,1,0,0.0,400,39,27,True,0.065,inicio,239.0,inicio,0-20,0,0,0,0
s05-r4-burst_trial-0.4,5,4,burst_trial-0.4,burst_trial,0.4,15,241.2200000000012,1,600,1,2.0,1,2,1,2.0,1,2,1,pérdida contigua en ensayo,True,0,0,0,0.0,0,0,0,0.0,400,36,30,True,0.06,inicio,236.0,inicio,0-20,0,0,0,0
s05-r4-burst_trial-0.4,5,4,burst_trial-0.4,burst_trial,0.4,16,258.0159999999996,1,600,1,2.0,1,2,1,2.0,1,1,1,pérdida contigua en ensayo,True,0,0,0,0.0,0,1,1,1.0,400,569,32,True,0.9483333333333334,fin,769.0,fin,80-100,0,0,1,0
s05-r4-burst_trial-0.4,5,4,burst_trial-0.4,burst_trial,0.4,17,274.5519999999997,1,600,1,2.0,1,2,1,2.0,1,2,1,pérdida contigua en ensayo,True,0,0,0,0.0,0,0,0,0.0,400,532,34,True,0.8866666666666667,fin,732.0,fin,80-100,0,0,0,0
s05-r4-burst_trial-0.4,5,4,burst_trial-0.4,burst_trial,0.4,18,290.887999999999,1,600,1,2.0,1,2,1,1.0,1,2,1,pérdida contigua en ensayo,True,0,0,0,0.0,1,0,1,1.0,400,81,36,True,0.135,inicio,281.0,inicio,0-20,0,0,0,1
s05-r4-burst_trial-0.4,5,4,burst_trial-0.4,burst_trial,0.4,19,306.6280000000006,1,600,1,2.0,1,2,1,1.0,1,1,1,pérdida contigua en ensayo,True,0,0,0,0.0,1,1,0,0.0,400,294,38,True,0.49,medio,494.0,medio,40-60,0,0,0,0
s05-r4-burst_trial-0.4,5,4,burst_trial-0.4,burst_trial,0.4,20,314.32800000000134,2,600,1,1.0,1,2,1,1.0,1,1,1,pérdida contigua en ensayo,True,0,1,1,1.0,0,0,0,0.0,400,479,39,True,0.7983333333333333,fin,679.0,fin,60-80,1,0,0,0
s05-r4-burst_trial-0.4,5,4,burst_trial-0.4,burst_trial,0.4,21,347.0,1,600,1,2.0,1,2,1,2.0,1,2,1,pérdida contigua en ensayo,True,0,0,0,0.0,0,0,0,0.0,400,522,43,True,0.87,fin,722.0,fin,80-100,0,0,0,0
s05-r4-burst_trial-0.4,5,4,burst_trial-0.4,burst_trial,0.4,22,354.6239999999998,2,600,1,2.0,1,2,1,2.0,1,1,1,pérdida contigua en ensayo,True,1,1,0,0.0,1,0,1,1.0,400,568,44,True,0.9466666666666667,fin,768.0,fin,80-100,0,0,0,1
s05-r4-burst_trial-0.4,5,4,burst_trial-0.4,burst_trial,0.4,23,370.7920000000013,2,600,1,2.0,1,2,1,1.0,1,1,1,pérdida contigua en ensayo,True,1,1,0,0.0,0,0,0,0.0,400,587,46,True,0.9783333333333334,fin,787.0,fin,80-100,0,0,0,0
s06-r0-burst_trial-0.1,6,0,burst_trial-0.1,burst_trial,0.1,0,1.0,1,900,1,1.0,1,1,1,1.0,1,1,1,pérdida contigua en ensayo,True,1,1,0,0.0,1,1,0,0.0,100,271,0,True,0.3011111111111111,inicio,321.0,inicio,20-40,0,0,0,0
s06-r0-burst_trial-0.1,6,0,burst_trial-0.1,burst_trial,0.1,1,9.012000000000173,2,900,1,1.0,1,1,1,1.0,1,1,1,pérdida contigua en ensayo,True,0,0,0,0.0,0,0,0,0.0,100,734,1,True,0.8155555555555556,fin,784.0,fin,80-100,0,0,0,0
s06-r0-burst_trial-0.1,6,0,burst_trial-0.1,burst_trial,0.1,2,16.684000000000196,2,900,1,1.0,1,1,1,1.0,1,2,1,pérdida contigua en ensayo,True,0,0,0,0.0,0,1,1,1.0,100,502,2,True,0.5577777777777778,medio,552.0,medio,40-60,0,0,1,0
s06-r0-burst_trial-0.1,6,0,burst_trial-0.1,burst_trial,0.1,3,24.49200000000019,1,900,1,1.0,1,1,1,1.0,1,1,1,pérdida contigua en ensayo,True,1,1,0,0.0,1,1,0,0.0,100,141,3,True,0.15666666666666668,inicio,191.0,inicio,0-20,0,0,0,0
s06-r0-burst_trial-0.1,6,0,burst_trial-0.1,burst_trial,0.1,4,32.52399999999989,2,900,1,1.0,1,1,1,1.0,1,1,1,pérdida contigua en ensayo,True,0,0,0,0.0,0,0,0,0.0,100,236,4,True,0.26222222222222225,inicio,286.0,inicio,20-40,0,0,0,0
s06-r0-burst_trial-0.1,6,0,burst_trial-0.1,burst_trial,0.1,5,40.96799999999985,1,900,1,1.0,1,1,1,1.0,1,1,1,pérdida contigua en ensayo,True,1,1,0,0.0,1,1,0,0.0,100,22,5,True,0.024444444444444446,inicio,72.0,inicio,0-20,0,0,0,0
s06-r0-burst_trial-0.1,6,0,burst_trial-0.1,burst_trial,0.1,6,48.63599999999997,2,900,1,1.0,1,1,1,1.0,1,1,1,pérdida contigua en ensayo,True,0,0,0,0.0,0,0,0,0.0,100,562,6,True,0.6244444444444445,medio,612.0,medio,60-80,0,0,0,0
s06-r0-burst_trial-0.1,6,0,burst_trial-0.1,burst_trial,0.1,7,64.55999999999995,2,900,1,1.0,1,1,1,2.0,1,2,1,pérdida contigua en ensayo,True,0,0,0,0.0,1,1,0,0.0,100,443,8,True,0.4922222222222222,medio,493.0,medio,40-60,0,0,0,0
s06-r0-burst_trial-0.1,6,0,burst_trial-0.1,burst_trial,0.1,8,80.17599999999993,1,900,1,1.0,1,1,1,1.0,1,1,1,pérdida contigua en ensayo,True,1,1,0,0.0,1,1,0,0.0,100,383,10,True,0.4255555555555556,medio,433.0,medio,40-60,0,0,0,0
s06-r0-burst_trial-0.1,6,0,burst_trial-0.1,burst_trial,0.1,9,95.64400000000025,2,900,1,2.0,1,2,1,1.0,1,1,1,pérdida contigua en ensayo,True,1,1,0,0.0,0,0,0,0.0,100,341,12,True,0.3788888888888889,medio,391.0,medio,20-40,0,0,0,0
s06-r0-burst_trial-0.1,6,0,burst_trial-0.1,burst_trial,0.1,10,103.42000000000009,1,900,1,1.0,1,1,1,1.0,1,1,1,pérdida contigua en ensayo,True,1,1,0,0.0,1,1,0,0.0,100,112,13,True,0.12444444444444444,inicio,162.0,inicio,0-20,0,0,0,0
s06-r0-burst_trial-0.1,6,0,burst_trial-0.1,burst_trial,0.1,11,152.4720000000002,1,900,1,1.0,1,1,1,1.0,1,1,1,pérdida contigua en ensayo,True,1,1,0,0.0,1,1,0,0.0,100,316,19,True,0.3511111111111111,medio,366.0,medio,20-40,0,0,0,0
s06-r0-burst_trial-0.1,6,0,burst_trial-0.1,burst_trial,0.1,12,169.07200000000012,2,900,1,2.0,1,2,1,2.0,1,2,1,pérdida contigua en ensayo,True,1,1,0,0.0,1,1,0,0.0,100,540,21,True,0.6,medio,590.0,medio,40-60,0,0,0,0
s06-r0-burst_trial-0.1,6,0,burst_trial-0.1,burst_trial,0.1,13,176.7199999999998,1,900,1,1.0,1,1,1,1.0,1,1,1,pérdida contigua en ensayo,True,1,1,0,0.0,1,1,0,0.0,100,775,22,True,0.8611111111111112,fin,825.0,fin,80-100,0,0,0,0
s06-r0-burst_trial-0.1,6,0,burst_trial-0.1,burst_trial,0.1,14,184.84400000000005,1,900,1,1.0,1,1,1,1.0,1,1,1,pérdida contigua en ensayo,True,1,1,0,0.0,1,1,0,0.0,100,399,23,True,0.44333333333333336,medio,449.0,medio,40-60,0,0,0,0
s06-r0-burst_trial-0.1,6,0,burst_trial-0.1,burst_trial,0.1,15,208.91600000000017,1,900,1,1.0,1,1,1,1.0,1,1,1,pérdida contigua en ensayo,True,1,1,0,0.0,1,1,0,0.0,100,256,26,True,0.28444444444444444,inicio,306.0,inicio,20-40,0,0,0,0
s06-r0-burst_trial-0.1,6,0,burst_trial-0.1,burst_trial,0.1,16,241.2199999999998,1,900,1,1.0,1,1,1,2.0,1,2,1,pérdida contigua en ensayo,True,1,1,0,0.0,0,0,0,0.0,100,89,30,True,0.09888888888888889,inicio,139.0,inicio,0-20,0,0,0,0
s06-r0-burst_trial-0.1,6,0,burst_trial-0.1,burst_trial,0.1,17,249.6480000000001,2,900,1,1.0,1,1,1,2.0,1,2,1,pérdida contigua en ensayo,True,0,0,0,0.0,1,1,0,0.0,100,713,31,True,0.7922222222222223,fin,763.0,fin,60-80,0,0,0,0
s06-r0-burst_trial-0.1,6,0,burst_trial-0.1,burst_trial,0.1,18,258.0160000000001,1,900,1,1.0,1,1,1,1.0,1,1,1,pérdida contigua en ensayo,True,1,1,0,0.0,1,1,0,0.0,100,307,32,True,0.3411111111111111,medio,357.0,medio,20-40,0,0,0,0
s06-r0-burst_trial-0.1,6,0,burst_trial-0.1,burst_trial,0.1,19,266.3800000000001,2,900,1,2.0,1,2,1,1.0,1,1,1,pérdida contigua en ensayo,True,1,1,0,0.0,0,0,0,0.0,100,554,33,True,0.6155555555555555,medio,604.0,medio,60-80,0,0,0,0
s06-r0-burst_trial-0.1,6,0,burst_trial-0.1,burst_trial,0.1,20,274.5519999999997,2,900,1,1.0,1,1,1,2.0,1,2,1,pérdida contigua en ensayo,True,0,0,0,0.0,1,1,0,0.0,100,141,34,True,0.15666666666666668,inicio,191.0,inicio,0-20,0,0,0,0
s06-r0-burst_trial-0.1,6,0,burst_trial-0.1,burst_trial,0.1,21,282.808,1,900,1,1.0,1,1,1,1.0,1,1,1,pérdida contigua en ensayo,True,1,1,0,0.0,1,1,0,0.0,100,521,35,True,0.5788888888888889,medio,571.0,medio,40-60,0,0,0,0
s06-r0-burst_trial-0.1,6,0,burst_trial-0.1,burst_trial,0.1,22,290.8879999999999,2,900,1,2.0,1,2,1,2.0,1,2,1,pérdida contigua en ensayo,True,1,1,0,0.0,1,1,0,0.0,100,781,36,True,0.8677777777777778,fin,831.0,fin,80-100,0,0,0,0
s06-r0-burst_trial-0.1,6,0,burst_trial-0.1,burst_trial,0.1,23,306.6279999999997,2,900,1,1.0,1,1,1,2.0,1,2,1,pérdida contigua en ensayo,True,0,0,0,0.0,1,1,0,0.0,100,428,38,True,0.47555555555555556,medio,478.0,medio,40-60,0,0,0,0
s06-r0-burst_trial-0.25,6,0,burst_trial-0.25,burst_trial,0.25,0,1.0,1,750,1,1.0,1,1,1,1.0,1,1,1,pérdida contigua en ensayo,True,1,1,0,0.0,1,1,0,0.0,250,65,0,True,0.08666666666666667,inicio,190.0,inicio,0-20,0,0,0,0
s06-r0-burst_trial-0.25,6,0,burst_trial-0.25,burst_trial,0.25,1,9.012000000000173,2,750,1,1.0,1,1,1,1.0,1,1,1,pérdida contigua en ensayo,True,0,0,0,0.0,0,0,0,0.0,250,496,1,True,0.6613333333333333,medio,621.0,medio,60-80,0,0,0,0
s06-r0-burst_trial-0.25,6,0,burst_trial-0.25,burst_trial,0.25,2,16.684000000000196,2,750,1,1.0,1,1,1,1.0,1,2,1,pérdida contigua en ensayo,True,0,0,0,0.0,0,1,1,1.0,250,494,2,True,0.6586666666666666,medio,619.0,medio,60-80,0,0,1,0
s06-r0-burst_trial-0.25,6,0,burst_trial-0.25,burst_trial,0.25,3,24.49200000000019,1,750,1,1.0,1,1,1,1.0,1,1,1,pérdida contigua en ensayo,True,1,1,0,0.0,1,1,0,0.0,250,633,3,True,0.844,fin,758.0,fin,80-100,0,0,0,0
s06-r0-burst_trial-0.25,6,0,burst_trial-0.25,burst_trial,0.25,4,32.52399999999989,2,750,1,1.0,1,1,1,1.0,1,1,1,pérdida contigua en ensayo,True,0,0,0,0.0,0,0,0,0.0,250,439,4,True,0.5853333333333334,medio,564.0,medio,40-60,0,0,0,0
s06-r0-burst_trial-0.25,6,0,burst_trial-0.25,burst_trial,0.25,5,40.96799999999985,1,750,1,1.0,1,1,1,1.0,1,1,1,pérdida contigua en ensayo,True,1,1,0,0.0,1,1,0,0.0,250,192,5,True,0.256,inicio,317.0,inicio,20-40,0,0,0,0
s06-r0-burst_trial-0.25,6,0,burst_trial-0.25,burst_trial,0.25,6,48.63599999999997,2,750,1,1.0,1,1,1,1.0,1,1,1,pérdida contigua en ensayo,True,0,0,0,0.0,0,0,0,0.0,250,290,6,True,0.38666666666666666,medio,415.0,medio,20-40,0,0,0,0
s06-r0-burst_trial-0.25,6,0,burst_trial-0.25,burst_trial,0.25,7,64.55999999999995,2,750,1,1.0,1,1,1,2.0,1,2,1,pérdida contigua en ensayo,True,0,0,0,0.0,1,1,0,0.0,250,601,8,True,0.8013333333333333,fin,726.0,fin,80-100,0,0,0,0
s06-r0-burst_trial-0.25,6,0,burst_trial-0.25,burst_trial,0.25,8,80.17599999999993,1,750,1,1.0,1,1,1,1.0,1,1,1,pérdida contigua en ensayo,True,1,1,0,0.0,1,1,0,0.0,250,297,10,True,0.396,medio,422.0,medio,20-40,0,0,0,0
s06-r0-burst_trial-0.25,6,0,burst_trial-0.25,burst_trial,0.25,9,95.64400000000025,2,750,1,2.0,1,2,1,1.0,1,1,1,pérdida contigua en ensayo,True,1,1,0,0.0,0,0,0,0.0,250,333,12,True,0.444,medio,458.0,medio,40-60,0,0,0,0
s06-r0-burst_trial-0.25,6,0,burst_trial-0.25,burst_trial,0.25,10,103.42000000000009,1,750,1,1.0,1,1,1,1.0,1,1,1,pérdida contigua en ensayo,True,1,1,0,0.0,1,1,0,0.0,250,87,13,True,0.116,inicio,212.0,inicio,0-20,0,0,0,0
s06-r0-burst_trial-0.25,6,0,burst_trial-0.25,burst_trial,0.25,11,152.4720000000002,1,750,1,1.0,1,1,1,1.0,1,1,1,pérdida contigua en ensayo,True,1,1,0,0.0,1,1,0,0.0,250,619,19,True,0.8253333333333334,fin,744.0,fin,80-100,0,0,0,0
s06-r0-burst_trial-0.25,6,0,burst_trial-0.25,burst_trial,0.25,12,169.07200000000012,2,750,1,2.0,1,2,1,2.0,1,2,1,pérdida contigua en ensayo,True,1,1,0,0.0,1,1,0,0.0,250,465,21,True,0.62,medio,590.0,medio,60-80,0,0,0,0
s06-r0-burst_trial-0.25,6,0,burst_trial-0.25,burst_trial,0.25,13,176.7199999999998,1,750,1,1.0,1,1,1,1.0,1,1,1,pérdida contigua en ensayo,True,1,1,0,0.0,1,1,0,0.0,250,700,22,True,0.9333333333333333,fin,825.0,fin,80-100,0,0,0,0
s06-r0-burst_trial-0.25,6,0,burst_trial-0.25,burst_trial,0.25,14,184.84400000000005,1,750,1,1.0,1,1,1,1.0,1,1,1,pérdida contigua en ensayo,True,1,1,0,0.0,1,1,0,0.0,250,720,23,True,0.96,fin,845.0,fin,80-100,0,0,0,0
s06-r0-burst_trial-0.25,6,0,burst_trial-0.25,burst_trial,0.25,15,208.91600000000017,1,750,1,1.0,1,1,1,1.0,1,1,1,pérdida contigua en ensayo,True,1,1,0,0.0,1,1,0,0.0,250,703,26,True,0.9373333333333334,fin,828.0,fin,80-100,0,0,0,0
s06-r0-burst_trial-0.25,6,0,burst_trial-0.25,burst_trial,0.25,16,241.2199999999998,1,750,1,1.0,1,1,1,1.0,1,2,1,pérdida contigua en ensayo,True,1,1,0,0.0,1,0,1,1.0,250,498,30,True,0.664,medio,623.0,medio,60-80,0,0,0,1
s06-r0-burst_trial-0.25,6,0,burst_trial-0.25,burst_trial,0.25,17,249.6480000000001,2,750,1,1.0,1,1,1,2.0,1,2,1,pérdida contigua en ensayo,True,0,0,0,0.0,1,1,0,0.0,250,645,31,True,0.86,fin,770.0,fin,80-100,0,0,0,0
s06-r0-burst_trial-0.25,6,0,burst_trial-0.25,burst_trial,0.25,18,258.0160000000001,1,750,1,1.0,1,1,1,1.0,1,1,1,pérdida contigua en ensayo,True,1,1,0,0.0,1,1,0,0.0,250,3,32,True,0.004,inicio,128.0,inicio,0-20,0,0,0,0
s06-r0-burst_trial-0.25,6,0,burst_trial-0.25,burst_trial,0.25,19,266.3800000000001,2,750,1,2.0,1,2,1,1.0,1,1,1,pérdida contigua en ensayo,True,1,1,0,0.0,0,0,0,0.0,250,750,33,True,1.0,fin,875.0,fin,80-100,0,0,0,0
s06-r0-burst_trial-0.25,6,0,burst_trial-0.25,burst_trial,0.25,20,274.5519999999997,2,750,1,1.0,1,1,1,2.0,1,2,1,pérdida contigua en ensayo,True,0,0,0,0.0,1,1,0,0.0,250,447,34,True,0.596,medio,572.0,medio,40-60,0,0,0,0
s06-r0-burst_trial-0.25,6,0,burst_trial-0.25,burst_trial,0.25,21,282.808,1,750,1,1.0,1,1,1,1.0,1,1,1,pérdida contigua en ensayo,True,1,1,0,0.0,1,1,0,0.0,250,128,35,True,0.17066666666666666,inicio,253.0,inicio,0-20,0,0,0,0
s06-r0-burst_trial-0.25,6,0,burst_trial-0.25,burst_trial,0.25,22,290.8879999999999,2,750,1,2.0,1,2,1,2.0,1,2,1,pérdida contigua en ensayo,True,1,1,0,0.0,1,1,0,0.0,250,730,36,True,0.9733333333333334,fin,855.0,fin,80-100,0,0,0,0
s06-r0-burst_trial-0.25,6,0,burst_trial-0.25,burst_trial,0.25,23,306.6279999999997,2,750,1,1.0,1,1,1,1.0,1,2,1,pérdida contigua en ensayo,True,0,0,0,0.0,0,1,1,1.0,250,512,38,True,0.6826666666666666,fin,637.0,medio,60-80,0,0,1,0
s06-r0-burst_trial-0.4,6,0,burst_trial-0.4,burst_trial,0.4,0,1.0,1,600,1,1.0,1,1,1,1.0,1,1,1,pérdida contigua en ensayo,True,1,1,0,0.0,1,1,0,0.0,400,421,0,True,0.7016666666666667,fin,621.0,medio,60-80,0,0,0,0
s06-r0-burst_trial-0.4,6,0,burst_trial-0.4,burst_trial,0.4,1,9.012000000000173,2,600,1,1.0,1,1,1,1.0,1,1,1,pérdida contigua en ensayo,True,0,0,0,0.0,0,0,0,0.0,400,395,1,True,0.6583333333333333,medio,595.0,medio,60-80,0,0,0,0
s06-r0-burst_trial-0.4,6,0,burst_trial-0.4,burst_trial,0.4,2,16.684000000000196,2,600,1,1.0,1,1,1,1.0,1,2,1,pérdida contigua en ensayo,True,0,0,0,0.0,0,1,1,1.0,400,430,2,True,0.7166666666666667,fin,630.0,medio,60-80,0,0,1,0
s06-r0-burst_trial-0.4,6,0,burst_trial-0.4,burst_trial,0.4,3,24.49200000000019,1,600,1,1.0,1,1,1,1.0,1,1,1,pérdida contigua en ensayo,True,1,1,0,0.0,1,1,0,0.0,400,526,3,True,0.8766666666666667,fin,726.0,fin,80-100,0,0,0,0
s06-r0-burst_trial-0.4,6,0,burst_trial-0.4,burst_trial,0.4,4,32.52399999999989,2,600,1,1.0,1,1,1,1.0,1,1,1,pérdida contigua en ensayo,True,0,0,0,0.0,0,0,0,0.0,400,222,4,True,0.37,medio,422.0,medio,20-40,0,0,0,0
s06-r0-burst_trial-0.4,6,0,burst_trial-0.4,burst_trial,0.4,5,40.96799999999985,1,600,1,1.0,1,1,1,1.0,1,1,1,pérdida contigua en ensayo,True,1,1,0,0.0,1,1,0,0.0,400,531,5,True,0.885,fin,731.0,fin,80-100,0,0,0,0
s06-r0-burst_trial-0.4,6,0,burst_trial-0.4,burst_trial,0.4,6,48.63599999999997,2,600,1,2.0,1,1,1,1.0,1,1,1,pérdida contigua en ensayo,True,1,0,1,1.0,0,0,0,0.0,400,555,6,True,0.925,fin,755.0,fin,80-100,0,1,0,0
s06-r0-burst_trial-0.4,6,0,burst_trial-0.4,burst_trial,0.4,7,64.55999999999995,2,600,1,2.0,1,1,1,1.0,1,2,1,pérdida contigua en ensayo,True,1,0,1,1.0,0,1,1,1.0,400,129,8,True,0.215,inicio,329.0,inicio,20-40,0,1,1,0
s06-r0-burst_trial-0.4,6,0,burst_trial-0.4,burst_trial,0.4,8,80.17599999999993,1,600,1,1.0,1,1,1,1.0,1,1,1,pérdida contigua en ensayo,True,1,1,0,0.0,1,1,0,0.0,400,478,10,True,0.7966666666666666,fin,678.0,fin,60-80,0,0,0,0
s06-r0-burst_trial-0.4,6,0,burst_trial-0.4,burst_trial,0.4,9,95.64399999999978,2,600,1,2.0,1,2,1,1.0,1,1,1,pérdida contigua en ensayo,True,1,1,0,0.0,0,0,0,0.0,400,254,12,True,0.42333333333333334,medio,454.0,medio,40-60,0,0,0,0
s06-r0-burst_trial-0.4,6,0,burst_trial-0.4,burst_trial,0.4,10,103.42000000000009,1,600,1,1.0,1,1,1,1.0,1,1,1,pérdida contigua en ensayo,True,1,1,0,0.0,1,1,0,0.0,400,159,13,True,0.265,inicio,359.0,medio,20-40,0,0,0,0
s06-r0-burst_trial-0.4,6,0,burst_trial-0.4,burst_trial,0.4,11,152.4720000000002,1,600,1,1.0,1,1,1,1.0,1,1,1,pérdida contigua en ensayo,True,1,1,0,0.0,1,1,0,0.0,400,335,19,True,0.5583333333333333,medio,535.0,medio,40-60,0,0,0,0
s06-r0-burst_trial-0.4,6,0,burst_trial-0.4,burst_trial,0.4,12,169.07200000000012,2,600,1,2.0,1,2,1,2.0,1,2,1,pérdida contigua en ensayo,True,1,1,0,0.0,1,1,0,0.0,400,475,21,True,0.7916666666666666,fin,675.0,fin,60-80,0,0,0,0
s06-r0-burst_trial-0.4,6,0,burst_trial-0.4,burst_trial,0.4,13,176.7199999999998,1,600,1,1.0,1,1,1,1.0,1,1,1,pérdida contigua en ensayo,True,1,1,0,0.0,1,1,0,0.0,400,86,22,True,0.14333333333333334,inicio,286.0,inicio,0-20,0,0,0,0
s06-r0-burst_trial-0.4,6,0,burst_trial-0.4,burst_trial,0.4,14,184.84400000000005,1,600,1,1.0,1,1,1,1.0,1,1,1,pérdida contigua en ensayo,True,1,1,0,0.0,1,1,0,0.0,400,592,23,True,0.9866666666666667,fin,792.0,fin,80-100,0,0,0,0
s06-r0-burst_trial-0.4,6,0,burst_trial-0.4,burst_trial,0.4,15,208.91600000000017,1,600,1,1.0,1,1,1,1.0,1,1,1,pérdida contigua en ensayo,True,1,1,0,0.0,1,1,0,0.0,400,69,26,True,0.115,inicio,269.0,inicio,0-20,0,0,0,0
s06-r0-burst_trial-0.4,6,0,burst_trial-0.4,burst_trial,0.4,16,241.2199999999998,1,600,1,1.0,1,1,1,1.0,1,2,1,pérdida contigua en ensayo,True,1,1,0,0.0,1,0,1,1.0,400,540,30,True,0.9,fin,740.0,fin,80-100,0,0,0,1
s06-r0-burst_trial-0.4,6,0,burst_trial-0.4,burst_trial,0.4,17,249.6480000000001,2,600,1,1.0,1,1,1,2.0,1,2,1,pérdida contigua en ensayo,True,0,0,0,0.0,1,1,0,0.0,400,370,31,True,0.6166666666666667,medio,570.0,medio,60-80,0,0,0,0
s06-r0-burst_trial-0.4,6,0,burst_trial-0.4,burst_trial,0.4,18,258.0160000000001,1,600,1,1.0,1,1,1,1.0,1,1,1,pérdida contigua en ensayo,True,1,1,0,0.0,1,1,0,0.0,400,77,32,True,0.12833333333333333,inicio,277.0,inicio,0-20,0,0,0,0
s06-r0-burst_trial-0.4,6,0,burst_trial-0.4,burst_trial,0.4,19,266.3800000000001,2,600,1,2.0,1,2,1,1.0,1,1,1,pérdida contigua en ensayo,True,1,1,0,0.0,0,0,0,0.0,400,173,33,True,0.28833333333333333,inicio,373.0,medio,20-40,0,0,0,0
s06-r0-burst_trial-0.4,6,0,burst_trial-0.4,burst_trial,0.4,20,274.55200000000013,2,600,1,1.0,1,1,1,2.0,1,2,1,pérdida contigua en ensayo,True,0,0,0,0.0,1,1,0,0.0,400,285,34,True,0.475,medio,485.0,medio,40-60,0,0,0,0
s06-r0-burst_trial-0.4,6,0,burst_trial-0.4,burst_trial,0.4,21,282.80800000000045,1,600,1,1.0,1,1,1,1.0,1,1,1,pérdida contigua en ensayo,True,1,1,0,0.0,1,1,0,0.0,400,281,35,True,0.4683333333333333,medio,481.0,medio,40-60,0,0,0,0
s06-r0-burst_trial-0.4,6,0,burst_trial-0.4,burst_trial,0.4,22,290.8880000000004,2,600,1,1.0,1,2,1,1.0,1,2,1,pérdida contigua en ensayo,True,0,1,1,1.0,0,1,1,1.0,400,113,36,True,0.18833333333333332,inicio,313.0,inicio,0-20,1,0,1,0
s06-r0-burst_trial-0.4,6,0,burst_trial-0.4,burst_trial,0.4,23,306.62800000000016,2,600,1,1.0,1,1,1,1.0,1,2,1,pérdida contigua en ensayo,True,0,0,0,0.0,0,1,1,1.0,400,465,38,True,0.775,fin,665.0,medio,60-80,0,0,1,0
s06-r1-burst_trial-0.1,6,1,burst_trial-0.1,burst_trial,0.1,0,16.683999999999287,2,900,1,2.0,1,2,1,1.0,1,2,1,pérdida contigua en ensayo,True,1,1,0,0.0,0,1,1,1.0,100,736,2,True,0.8177777777777778,fin,786.0,fin,80-100,0,0,1,0
s06-r1-burst_trial-0.1,6,1,burst_trial-0.1,burst_trial,0.1,1,24.49200000000019,1,900,1,1.0,1,1,1,1.0,1,1,1,pérdida contigua en ensayo,True,1,1,0,0.0,1,1,0,0.0,100,631,3,True,0.7011111111111111,fin,681.0,fin,60-80,0,0,0,0
s06-r1-burst_trial-0.1,6,1,burst_trial-0.1,burst_trial,0.1,2,32.52399999999943,1,900,1,1.0,1,1,1,1.0,1,1,1,pérdida contigua en ensayo,True,1,1,0,0.0,1,1,0,0.0,100,868,4,True,0.9644444444444444,fin,918.0,fin,80-100,0,0,0,0
s06-r1-burst_trial-0.1,6,1,burst_trial-0.1,burst_trial,0.1,3,40.96800000000076,2,900,1,1.0,1,1,1,1.0,1,1,1,pérdida contigua en ensayo,True,0,0,0,0.0,0,0,0,0.0,100,428,5,True,0.47555555555555556,medio,478.0,medio,40-60,0,0,0,0
s06-r1-burst_trial-0.1,6,1,burst_trial-0.1,burst_trial,0.1,4,64.55999999999949,2,900,1,1.0,1,1,1,1.0,1,1,1,pérdida contigua en ensayo,True,0,0,0,0.0,0,0,0,0.0,100,739,8,True,0.8211111111111111,fin,789.0,fin,80-100,0,0,0,0
s06-r1-burst_trial-0.1,6,1,burst_trial-0.1,burst_trial,0.1,5,80.17599999999948,1,900,1,1.0,1,1,1,1.0,1,1,1,pérdida contigua en ensayo,True,1,1,0,0.0,1,1,0,0.0,100,646,10,True,0.7177777777777777,fin,696.0,fin,60-80,0,0,0,0
s06-r1-burst_trial-0.1,6,1,burst_trial-0.1,burst_trial,0.1,6,87.7559999999994,1,900,1,2.0,1,1,1,1.0,1,1,1,pérdida contigua en ensayo,True,0,1,1,1.0,1,1,0,0.0,100,714,11,True,0.7933333333333333,fin,764.0,fin,60-80,1,0,0,0
s06-r1-burst_trial-0.1,6,1,burst_trial-0.1,burst_trial,0.1,7,95.64400000000025,1,900,1,1.0,1,1,1,1.0,1,1,1,pérdida contigua en ensayo,True,1,1,0,0.0,1,1,0,0.0,100,879,12,True,0.9766666666666667,fin,929.0,fin,80-100,0,0,0,0
s06-r1-burst_trial-0.1,6,1,burst_trial-0.1,burst_trial,0.1,8,111.28800000000048,2,900,1,1.0,1,1,1,1.0,1,1,1,pérdida contigua en ensayo,True,0,0,0,0.0,0,0,0,0.0,100,285,14,True,0.31666666666666665,inicio,335.0,medio,20-40,0,0,0,0
s06-r1-burst_trial-0.1,6,1,burst_trial-0.1,burst_trial,0.1,9,119.76800000000004,2,900,1,2.0,1,2,1,2.0,1,2,1,pérdida contigua en ensayo,True,1,1,0,0.0,1,1,0,0.0,100,624,15,True,0.6933333333333334,fin,674.0,fin,60-80,0,0,0,0
s06-r1-burst_trial-0.1,6,1,burst_trial-0.1,burst_trial,0.1,10,127.79999999999929,1,900,1,1.0,1,1,1,1.0,1,1,1,pérdida contigua en ensayo,True,1,1,0,0.0,1,1,0,0.0,100,289,16,True,0.3211111111111111,inicio,339.0,medio,20-40,0,0,0,0
s06-r1-burst_trial-0.1,6,1,burst_trial-0.1,burst_trial,0.1,11,136.0640000000003,1,900,1,1.0,1,1,1,2.0,1,2,1,pérdida contigua en ensayo,True,1,1,0,0.0,0,0,0,0.0,100,211,17,True,0.23444444444444446,inicio,261.0,inicio,20-40,0,0,0,0
s06-r1-burst_trial-0.1,6,1,burst_trial-0.1,burst_trial,0.1,12,152.47199999999975,1,900,1,1.0,1,1,1,2.0,1,1,1,pérdida contigua en ensayo,True,1,1,0,0.0,0,1,1,1.0,100,40,19,True,0.044444444444444446,inicio,90.0,inicio,0-20,0,0,1,0
s06-r1-burst_trial-0.1,6,1,burst_trial-0.1,burst_trial,0.1,13,160.7520000000004,2,900,1,1.0,1,1,1,1.0,1,1,1,pérdida contigua en ensayo,True,0,0,0,0.0,0,0,0,0.0,100,387,20,True,0.43,medio,437.0,medio,40-60,0,0,0,0
s06-r1-burst_trial-0.1,6,1,burst_trial-0.1,burst_trial,0.1,14,192.6560000000009,1,900,1,1.0,1,1,1,1.0,1,1,1,pérdida contigua en ensayo,True,1,1,0,0.0,1,1,0,0.0,100,212,24,True,0.23555555555555555,inicio,262.0,inicio,20-40,0,0,0,0
s06-r1-burst_trial-0.1,6,1,burst_trial-0.1,burst_trial,0.1,15,216.9320000000007,2,900,1,1.0,1,1,1,2.0,1,2,1,pérdida contigua en ensayo,True,0,0,0,0.0,1,1,0,0.0,100,455,27,True,0.5055555555555555,medio,505.0,medio,40-60,0,0,0,0
s06-r1-burst_trial-0.1,6,1,burst_trial-0.1,burst_trial,0.1,16,241.21999999999932,2,900,1,1.0,1,2,1,1.0,1,1,1,pérdida contigua en ensayo,True,0,1,1,1.0,0,0,0,0.0,100,536,30,True,0.5955555555555555,medio,586.0,medio,40-60,1,0,0,0
s06-r1-burst_trial-0.1,6,1,burst_trial-0.1,burst_trial,0.1,17,249.64799999999923,1,900,1,1.0,1,1,1,1.0,1,1,1,pérdida contigua en ensayo,True,1,1,0,0.0,1,1,0,0.0,100,53,31,True,0.058888888888888886,inicio,103.0,inicio,0-20,0,0,0,0
s06-r1-burst_trial-0.1,6,1,burst_trial-0.1,burst_trial,0.1,18,258.0159999999996,2,900,1,1.0,1,1,1,2.0,1,2,1,pérdida contigua en ensayo,True,0,0,0,0.0,1,1,0,0.0,100,845,32,True,0.9388888888888889,fin,895.0,fin,80-100,0,0,0,0
s06-r1-burst_trial-0.1,6,1,burst_trial-0.1,burst_trial,0.1,19,306.6280000000006,1,900,1,2.0,1,2,1,2.0,1,2,1,pérdida contigua en ensayo,True,0,0,0,0.0,0,0,0,0.0,100,871,38,True,0.9677777777777777,fin,921.0,fin,80-100,0,0,0,0
s06-r1-burst_trial-0.1,6,1,burst_trial-0.1,burst_trial,0.1,20,322.65200000000004,2,900,1,1.0,1,1,1,1.0,1,1,1,pérdida contigua en ensayo,True,0,0,0,0.0,0,0,0,0.0,100,151,40,True,0.16777777777777778,inicio,201.0,inicio,0-20,0,0,0,0
s06-r1-burst_trial-0.1,6,1,burst_trial-0.1,burst_trial,0.1,21,338.52399999999943,2,900,1,1.0,1,1,1,1.0,1,1,1,pérdida contigua en ensayo,True,0,0,0,0.0,0,0,0,0.0,100,730,42,True,0.8111111111111111,fin,780.0,fin,80-100,0,0,0,0
s06-r1-burst_trial-0.1,6,1,burst_trial-0.1,burst_trial,0.1,22,362.3359999999993,2,900,1,1.0,1,1,1,2.0,1,2,1,pérdida contigua en ensayo,True,0,0,0,0.0,1,1,0,0.0,100,547,45,True,0.6077777777777778,medio,597.0,medio,60-80,0,0,0,0
s06-r1-burst_trial-0.1,6,1,burst_trial-0.1,burst_trial,0.1,23,379.02800000000025,1,900,1,1.0,1,1,1,1.0,1,1,1,pérdida contigua en ensayo,True,1,1,0,0.0,1,1,0,0.0,100,73,47,True,0.0811111111111111,inicio,123.0,inicio,0-20,0,0,0,0
s06-r1-burst_trial-0.25,6,1,burst_trial-0.25,burst_trial,0.25,0,16.683999999999287,2,750,1,2.0,1,2,1,1.0,1,2,1,pérdida contigua en ensayo,True,1,1,0,0.0,0,1,1,1.0,250,714,2,True,0.952,fin,839.0,fin,80-100,0,0,1,0
s06-r1-burst_trial-0.25,6,1,burst_trial-0.25,burst_trial,0.25,1,24.49200000000019,1,750,1,1.0,1,1,1,1.0,1,1,1,pérdida contigua en ensayo,True,1,1,0,0.0,1,1,0,0.0,250,151,3,True,0.20133333333333334,inicio,276.0,inicio,20-40,0,0,0,0
s06-r1-burst_trial-0.25,6,1,burst_trial-0.25,burst_trial,0.25,2,32.52399999999943,1,750,1,1.0,1,1,1,1.0,1,1,1,pérdida contigua en ensayo,True,1,1,0,0.0,1,1,0,0.0,250,165,4,True,0.22,inicio,290.0,inicio,20-40,0,0,0,0
s06-r1-burst_trial-0.25,6,1,burst_trial-0.25,burst_trial,0.25,3,40.96800000000076,2,750,1,1.0,1,1,1,1.0,1,1,1,pérdida contigua en ensayo,True,0,0,0,0.0,0,0,0,0.0,250,686,5,True,0.9146666666666666,fin,811.0,fin,80-100,0,0,0,0
s06-r1-burst_trial-0.25,6,1,burst_trial-0.25,burst_trial,0.25,4,64.55999999999949,2,750,1,1.0,1,1,1,1.0,1,1,1,pérdida contigua en ensayo,True,0,0,0,0.0,0,0,0,0.0,250,152,8,True,0.20266666666666666,inicio,277.0,inicio,20-40,0,0,0,0
s06-r1-burst_trial-0.25,6,1,burst_trial-0.25,burst_trial,0.25,5,80.17599999999948,1,750,1,1.0,1,1,1,1.0,1,1,1,pérdida contigua en ensayo,True,1,1,0,0.0,1,1,0,0.0,250,604,10,True,0.8053333333333333,fin,729.0,fin,80-100,0,0,0,0
s06-r1-burst_trial-0.25,6,1,burst_trial-0.25,burst_trial,0.25,6,87.7559999999994,1,750,1,1.0,1,1,1,1.0,1,1,1,pérdida contigua en ensayo,True,1,1,0,0.0,1,1,0,0.0,250,176,11,True,0.23466666666666666,inicio,301.0,inicio,20-40,0,0,0,0
s06-r1-burst_trial-0.25,6,1,burst_trial-0.25,burst_trial,0.25,7,95.64400000000025,1,750,1,1.0,1,1,1,1.0,1,1,1,pérdida contigua en ensayo,True,1,1,0,0.0,1,1,0,0.0,250,332,12,True,0.44266666666666665,medio,457.0,medio,40-60,0,0,0,0
s06-r1-burst_trial-0.25,6,1,burst_trial-0.25,burst_trial,0.25,8,111.28800000000048,2,750,1,1.0,1,1,1,1.0,1,1,1,pérdida contigua en ensayo,True,0,0,0,0.0,0,0,0,0.0,250,84,14,True,0.112,inicio,209.0,inicio,0-20,0,0,0,0
s06-r1-burst_trial-0.25,6,1,burst_trial-0.25,burst_trial,0.25,9,119.76800000000004,2,750,1,2.0,1,2,1,2.0,1,2,1,pérdida contigua en ensayo,True,1,1,0,0.0,1,1,0,0.0,250,292,15,True,0.3893333333333333,medio,417.0,medio,20-40,0,0,0,0
s06-r1-burst_trial-0.25,6,1,burst_trial-0.25,burst_trial,0.25,10,127.79999999999929,1,750,1,1.0,1,1,1,1.0,1,1,1,pérdida contigua en ensayo,True,1,1,0,0.0,1,1,0,0.0,250,674,16,True,0.8986666666666666,fin,799.0,fin,80-100,0,0,0,0
s06-r1-burst_trial-0.25,6,1,burst_trial-0.25,burst_trial,0.25,11,136.0640000000003,1,750,1,1.0,1,1,1,2.0,1,2,1,pérdida contigua en ensayo,True,1,1,0,0.0,0,0,0,0.0,250,510,17,True,0.68,fin,635.0,medio,60-80,0,0,0,0
s06-r1-burst_trial-0.25,6,1,burst_trial-0.25,burst_trial,0.25,12,152.47199999999975,1,750,1,1.0,1,1,1,1.0,1,1,1,pérdida contigua en ensayo,True,1,1,0,0.0,1,1,0,0.0,250,487,19,True,0.6493333333333333,medio,612.0,medio,60-80,0,0,0,0
s06-r1-burst_trial-0.25,6,1,burst_trial-0.25,burst_trial,0.25,13,160.7520000000004,2,750,1,1.0,1,1,1,1.0,1,1,1,pérdida contigua en ensayo,True,0,0,0,0.0,0,0,0,0.0,250,120,20,True,0.16,inicio,245.0,inicio,0-20,0,0,0,0
s06-r1-burst_trial-0.25,6,1,burst_trial-0.25,burst_trial,0.25,14,192.6560000000009,1,750,1,1.0,1,1,1,1.0,1,1,1,pérdida contigua en ensayo,True,1,1,0,0.0,1,1,0,0.0,250,126,24,True,0.168,inicio,251.0,inicio,0-20,0,0,0,0
s06-r1-burst_trial-0.25,6,1,burst_trial-0.25,burst_trial,0.25,15,216.9320000000007,2,750,1,1.0,1,1,1,2.0,1,2,1,pérdida contigua en ensayo,True,0,0,0,0.0,1,1,0,0.0,250,745,27,True,0.9933333333333333,fin,870.0,fin,80-100,0,0,0,0
s06-r1-burst_trial-0.25,6,1,burst_trial-0.25,burst_trial,0.25,16,241.21999999999932,2,750,1,2.0,1,2,1,1.0,1,1,1,pérdida contigua en ensayo,True,1,1,0,0.0,0,0,0,0.0,250,691,30,True,0.9213333333333333,fin,816.0,fin,80-100,0,0,0,0
s06-r1-burst_trial-0.25,6,1,burst_trial-0.25,burst_trial,0.25,17,249.64799999999923,1,750,1,1.0,1,1,1,1.0,1,1,1,pérdida contigua en ensayo,True,1,1,0,0.0,1,1,0,0.0,250,503,31,True,0.6706666666666666,fin,628.0,medio,60-80,0,0,0,0
s06-r1-burst_trial-0.25,6,1,burst_trial-0.25,burst_trial,0.25,18,258.0159999999996,2,750,1,1.0,1,1,1,1.0,1,2,1,pérdida contigua en ensayo,True,0,0,0,0.0,0,1,1,1.0,250,107,32,True,0.14266666666666666,inicio,232.0,inicio,0-20,0,0,1,0
s06-r1-burst_trial-0.25,6,1,burst_trial-0.25,burst_trial,0.25,19,306.6280000000006,1,750,1,2.0,1,2,1,1.0,1,2,1,pérdida contigua en ensayo,True,0,0,0,0.0,1,0,1,1.0,250,545,38,True,0.7266666666666667,fin,670.0,fin,60-80,0,0,0,1
s06-r1-burst_trial-0.25,6,1,burst_trial-0.25,burst_trial,0.25,20,322.65200000000004,2,750,1,2.0,1,1,1,1.0,1,1,1,pérdida contigua en ensayo,True,1,0,1,1.0,0,0,0,0.0,250,608,40,True,0.8106666666666666,fin,733.0,fin,80-100,0,1,0,0
s06-r1-burst_trial-0.25,6,1,burst_trial-0.25,burst_trial,0.25,21,338.52399999999943,2,750,1,2.0,1,1,1,1.0,1,1,1,pérdida contigua en ensayo,True,1,0,1,1.0,0,0,0,0.0,250,184,42,True,0.24533333333333332,inicio,309.0,inicio,20-40,0,1,0,0
s06-r1-burst_trial-0.25,6,1,burst_trial-0.25,burst_trial,0.25,22,362.3359999999993,2,750,1,1.0,1,1,1,2.0,1,2,1,pérdida contigua en ensayo,True,0,0,0,0.0,1,1,0,0.0,250,696,45,True,0.928,fin,821.0,fin,80-100,0,0,0,0
s06-r1-burst_trial-0.25,6,1,burst_trial-0.25,burst_trial,0.25,23,379.02800000000025,1,750,1,1.0,1,1,1,1.0,1,1,1,pérdida contigua en ensayo,True,1,1,0,0.0,1,1,0,0.0,250,566,47,True,0.7546666666666667,fin,691.0,fin,60-80,0,0,0,0
s06-r1-burst_trial-0.4,6,1,burst_trial-0.4,burst_trial,0.4,0,16.683999999999287,2,600,1,1.0,1,2,1,1.0,1,2,1,pérdida contigua en ensayo,True,0,1,1,1.0,0,1,1,1.0,400,286,2,True,0.4766666666666667,medio,486.0,medio,40-60,1,0,1,0
s06-r1-burst_trial-0.4,6,1,burst_trial-0.4,burst_trial,0.4,1,24.49200000000019,1,600,1,1.0,1,1,1,1.0,1,1,1,pérdida contigua en ensayo,True,1,1,0,0.0,1,1,0,0.0,400,131,3,True,0.21833333333333332,inicio,331.0,inicio,20-40,0,0,0,0
s06-r1-burst_trial-0.4,6,1,burst_trial-0.4,burst_trial,0.4,2,32.52399999999943,1,600,1,1.0,1,1,1,1.0,1,1,1,pérdida contigua en ensayo,True,1,1,0,0.0,1,1,0,0.0,400,388,4,True,0.6466666666666666,medio,588.0,medio,60-80,0,0,0,0
s06-r1-burst_trial-0.4,6,1,burst_trial-0.4,burst_trial,0.4,3,40.96800000000076,2,600,1,1.0,1,1,1,1.0,1,1,1,pérdida contigua en ensayo,True,0,0,0,0.0,0,0,0,0.0,400,117,5,True,0.195,inicio,317.0,inicio,0-20,0,0,0,0
s06-r1-burst_trial-0.4,6,1,burst_trial-0.4,burst_trial,0.4,4,64.55999999999949,2,600,1,1.0,1,1,1,1.0,1,1,1,pérdida contigua en ensayo,True,0,0,0,0.0,0,0,0,0.0,400,561,8,True,0.935,fin,761.0,fin,80-100,0,0,0,0
s06-r1-burst_trial-0.4,6,1,burst_trial-0.4,burst_trial,0.4,5,80.17599999999948,1,600,1,1.0,1,1,1,1.0,1,1,1,pérdida contigua en ensayo,True,1,1,0,0.0,1,1,0,0.0,400,121,10,True,0.20166666666666666,inicio,321.0,inicio,20-40,0,0,0,0
s06-r1-burst_trial-0.4,6,1,burst_trial-0.4,burst_trial,0.4,6,87.7559999999994,1,600,1,2.0,1,1,1,1.0,1,1,1,pérdida contigua en ensayo,True,0,1,1,1.0,1,1,0,0.0,400,461,11,True,0.7683333333333333,fin,661.0,medio,60-80,1,0,0,0
s06-r1-burst_trial-0.4,6,1,burst_trial-0.4,burst_trial,0.4,7,95.64400000000025,1,600,1,1.0,1,1,1,1.0,1,1,1,pérdida contigua en ensayo,True,1,1,0,0.0,1,1,0,0.0,400,137,12,True,0.22833333333333333,inicio,337.0,medio,20-40,0,0,0,0
s06-r1-burst_trial-0.4,6,1,burst_trial-0.4,burst_trial,0.4,8,111.28800000000048,2,600,1,1.0,1,1,1,1.0,1,1,1,pérdida contigua en ensayo,True,0,0,0,0.0,0,0,0,0.0,400,528,14,True,0.88,fin,728.0,fin,80-100,0,0,0,0
s06-r1-burst_trial-0.4,6,1,burst_trial-0.4,burst_trial,0.4,9,119.76800000000004,2,600,1,1.0,1,2,1,1.0,1,2,1,pérdida contigua en ensayo,True,0,1,1,1.0,0,1,1,1.0,400,487,15,True,0.8116666666666666,fin,687.0,fin,80-100,1,0,1,0
s06-r1-burst_trial-0.4,6,1,burst_trial-0.4,burst_trial,0.4,10,127.79999999999929,1,600,1,1.0,1,1,1,1.0,1,1,1,pérdida contigua en ensayo,True,1,1,0,0.0,1,1,0,0.0,400,208,16,True,0.3466666666666667,medio,408.0,medio,20-40,0,0,0,0
s06-r1-burst_trial-0.4,6,1,burst_trial-0.4,burst_trial,0.4,11,136.0640000000003,1,600,1,1.0,1,1,1,1.0,1,2,1,pérdida contigua en ensayo,True,1,1,0,0.0,1,0,1,1.0,400,600,17,True,1.0,fin,800.0,fin,80-100,0,0,0,1
s06-r1-burst_trial-0.4,6,1,burst_trial-0.4,burst_trial,0.4,12,152.47199999999975,1,600,1,1.0,1,1,1,1.0,1,1,1,pérdida contigua en ensayo,True,1,1,0,0.0,1,1,0,0.0,400,517,19,True,0.8616666666666667,fin,717.0,fin,80-100,0,0,0,0
s06-r1-burst_trial-0.4,6,1,burst_trial-0.4,burst_trial,0.4,13,160.7520000000004,2,600,1,1.0,1,1,1,1.0,1,1,1,pérdida contigua en ensayo,True,0,0,0,0.0,0,0,0,0.0,400,139,20,True,0.23166666666666666,inicio,339.0,medio,20-40,0,0,0,0
s06-r1-burst_trial-0.4,6,1,burst_trial-0.4,burst_trial,0.4,14,192.6560000000009,1,600,1,1.0,1,1,1,1.0,1,1,1,pérdida contigua en ensayo,True,1,1,0,0.0,1,1,0,0.0,400,480,24,True,0.8,fin,680.0,fin,60-80,0,0,0,0
s06-r1-burst_trial-0.4,6,1,burst_trial-0.4,burst_trial,0.4,15,216.9320000000007,2,600,1,2.0,1,1,1,1.0,1,2,1,pérdida contigua en ensayo,True,1,0,1,1.0,0,1,1,1.0,400,472,27,True,0.7866666666666666,fin,672.0,fin,60-80,0,1,1,0
s06-r1-burst_trial-0.4,6,1,burst_trial-0.4,burst_trial,0.4,16,241.21999999999932,2,600,1,2.0,1,2,1,1.0,1,1,1,pérdida contigua en ensayo,True,1,1,0,0.0,0,0,0,0.0,400,181,30,True,0.3016666666666667,inicio,381.0,medio,20-40,0,0,0,0
s06-r1-burst_trial-0.4,6,1,burst_trial-0.4,burst_trial,0.4,17,249.64799999999923,1,600,1,1.0,1,1,1,1.0,1,1,1,pérdida contigua en ensayo,True,1,1,0,0.0,1,1,0,0.0,400,13,31,True,0.021666666666666667,inicio,213.0,inicio,0-20,0,0,0,0
s06-r1-burst_trial-0.4,6,1,burst_trial-0.4,burst_trial,0.4,18,258.0159999999996,2,600,1,1.0,1,1,1,1.0,1,2,1,pérdida contigua en ensayo,True,0,0,0,0.0,0,1,1,1.0,400,160,32,True,0.26666666666666666,inicio,360.0,medio,20-40,0,0,1,0
s06-r1-burst_trial-0.4,6,1,burst_trial-0.4,burst_trial,0.4,19,306.6280000000006,1,600,1,1.0,1,2,1,2.0,1,2,1,pérdida contigua en ensayo,True,1,0,1,1.0,0,0,0,0.0,400,591,38,True,0.985,fin,791.0,fin,80-100,0,1,0,0
s06-r1-burst_trial-0.4,6,1,burst_trial-0.4,burst_trial,0.4,20,322.65200000000004,2,600,1,1.0,1,1,1,1.0,1,1,1,pérdida contigua en ensayo,True,0,0,0,0.0,0,0,0,0.0,400,306,40,True,0.51,medio,506.0,medio,40-60,0,0,0,0
s06-r1-burst_trial-0.4,6,1,burst_trial-0.4,burst_trial,0.4,21,338.52399999999943,2,600,1,2.0,1,1,1,1.0,1,1,1,pérdida contigua en ensayo,True,1,0,1,1.0,0,0,0,0.0,400,325,42,True,0.5416666666666666,medio,525.0,medio,40-60,0,1,0,0
s06-r1-burst_trial-0.4,6,1,burst_trial-0.4,burst_trial,0.4,22,362.3359999999993,2,600,1,1.0,1,1,1,1.0,1,2,1,pérdida contigua en ensayo,True,0,0,0,0.0,0,1,1,1.0,400,157,45,True,0.26166666666666666,inicio,357.0,medio,20-40,0,0,1,0
s06-r1-burst_trial-0.4,6,1,burst_trial-0.4,burst_trial,0.4,23,379.02800000000025,1,600,1,1.0,1,1,1,1.0,1,1,1,pérdida contigua en ensayo,True,1,1,0,0.0,1,1,0,0.0,400,540,47,True,0.9,fin,740.0,fin,80-100,0,0,0,0
s06-r2-burst_trial-0.1,6,2,burst_trial-0.1,burst_trial,0.1,0,1.0,1,900,1,1.0,1,1,1,1.0,1,1,1,pérdida contigua en ensayo,True,1,1,0,0.0,1,1,0,0.0,100,891,0,True,0.99,fin,941.0,fin,80-100,0,0,0,0
s06-r2-burst_trial-0.1,6,2,burst_trial-0.1,burst_trial,0.1,1,9.012000000000626,1,900,1,1.0,1,1,1,1.0,1,1,1,pérdida contigua en ensayo,True,1,1,0,0.0,1,1,0,0.0,100,77,1,True,0.08555555555555555,inicio,127.0,inicio,0-20,0,0,0,0
s06-r2-burst_trial-0.1,6,2,burst_trial-0.1,burst_trial,0.1,2,24.49200000000019,2,900,1,2.0,1,2,1,2.0,1,2,1,pérdida contigua en ensayo,True,1,1,0,0.0,1,1,0,0.0,100,819,3,True,0.91,fin,869.0,fin,80-100,0,0,0,0
s06-r2-burst_trial-0.1,6,2,burst_trial-0.1,burst_trial,0.1,3,32.52399999999943,1,900,1,1.0,1,1,1,1.0,1,1,1,pérdida contigua en ensayo,True,1,1,0,0.0,1,1,0,0.0,100,682,4,True,0.7577777777777778,fin,732.0,fin,60-80,0,0,0,0
s06-r2-burst_trial-0.1,6,2,burst_trial-0.1,burst_trial,0.1,4,48.63600000000042,1,900,1,1.0,1,1,1,1.0,1,1,1,pérdida contigua en ensayo,True,1,1,0,0.0,1,1,0,0.0,100,670,6,True,0.7444444444444445,fin,720.0,fin,60-80,0,0,0,0
s06-r2-burst_trial-0.1,6,2,burst_trial-0.1,burst_trial,0.1,5,64.55999999999949,2,900,1,2.0,1,2,1,1.0,1,1,1,pérdida contigua en ensayo,True,1,1,0,0.0,0,0,0,0.0,100,730,8,True,0.8111111111111111,fin,780.0,fin,80-100,0,0,0,0
s06-r2-burst_trial-0.1,6,2,burst_trial-0.1,burst_trial,0.1,6,80.17599999999948,1,900,1,1.0,1,1,1,1.0,1,1,1,pérdida contigua en ensayo,True,1,1,0,0.0,1,1,0,0.0,100,227,10,True,0.25222222222222224,inicio,277.0,inicio,20-40,0,0,0,0
s06-r2-burst_trial-0.1,6,2,burst_trial-0.1,burst_trial,0.1,7,103.42000000000009,1,900,1,1.0,1,1,1,1.0,1,1,1,pérdida contigua en ensayo,True,1,1,0,0.0,1,1,0,0.0,100,896,13,True,0.9955555555555555,fin,946.0,fin,80-100,0,0,0,0
s06-r2-burst_trial-0.1,6,2,burst_trial-0.1,burst_trial,0.1,8,119.76800000000004,2,900,1,1.0,1,1,1,2.0,1,2,1,pérdida contigua en ensayo,True,0,0,0,0.0,1,1,0,0.0,100,417,15,True,0.4633333333333333,medio,467.0,medio,40-60,0,0,0,0
s06-r2-burst_trial-0.1,6,2,burst_trial-0.1,burst_trial,0.1,9,160.7520000000004,1,900,1,1.0,1,1,1,1.0,1,1,1,pérdida contigua en ensayo,True,1,1,0,0.0,1,1,0,0.0,100,335,20,True,0.37222222222222223,medio,385.0,medio,20-40,0,0,0,0
s06-r2-burst_trial-0.1,6,2,burst_trial-0.1,burst_trial,0.1,10,176.71999999999937,2,900,1,1.0,1,1,1,2.0,1,1,1,pérdida contigua en ensayo,True,0,0,0,0.0,1,0,1,1.0,100,780,22,True,0.8666666666666667,fin,830.0,fin,80-100,0,0,0,1
s06-r2-burst_trial-0.1,6,2,burst_trial-0.1,burst_trial,0.1,11,192.6560000000009,2,900,1,1.0,1,1,1,1.0,1,1,1,pérdida contigua en ensayo,True,0,0,0,0.0,0,0,0,0.0,100,576,24,True,0.64,medio,626.0,medio,60-80,0,0,0,0
s06-r2-burst_trial-0.1,6,2,burst_trial-0.1,burst_trial,0.1,12,200.5,1,900,1,2.0,1,1,1,1.0,1,1,1,pérdida contigua en ensayo,True,0,1,1,1.0,1,1,0,0.0,100,793,25,True,0.8811111111111111,fin,843.0,fin,80-100,1,0,0,0
s06-r2-burst_trial-0.1,6,2,burst_trial-0.1,burst_trial,0.1,13,216.9320000000007,2,900,1,1.0,1,1,1,2.0,1,2,1,pérdida contigua en ensayo,True,0,0,0,0.0,1,1,0,0.0,100,410,27,True,0.45555555555555555,medio,460.0,medio,40-60,0,0,0,0
s06-r2-burst_trial-0.1,6,2,burst_trial-0.1,burst_trial,0.1,14,224.83200000000036,1,900,1,1.0,1,1,1,2.0,1,2,1,pérdida contigua en ensayo,True,1,1,0,0.0,0,0,0,0.0,100,778,28,True,0.8644444444444445,fin,828.0,fin,80-100,0,0,0,0
s06-r2-burst_trial-0.1,6,2,burst_trial-0.1,burst_trial,0.1,15,249.64799999999923,1,900,1,1.0,1,1,1,1.0,1,2,1,pérdida contigua en ensayo,True,1,1,0,0.0,1,0,1,1.0,100,694,31,True,0.7711111111111111,fin,744.0,fin,60-80,0,0,0,1
s06-r2-burst_trial-0.1,6,2,burst_trial-0.1,burst_trial,0.1,16,282.8080000000009,2,900,1,1.0,1,1,1,1.0,1,2,1,pérdida contigua en ensayo,True,0,0,0,0.0,0,1,1,1.0,100,480,35,True,0.5333333333333333,medio,530.0,medio,40-60,0,0,1,0
s06-r2-burst_trial-0.1,6,2,burst_trial-0.1,burst_trial,0.1,17,290.88800000000083,1,900,1,1.0,1,1,1,2.0,1,2,1,pérdida contigua en ensayo,True,1,1,0,0.0,0,0,0,0.0,100,664,36,True,0.7377777777777778,fin,714.0,fin,60-80,0,0,0,0
s06-r2-burst_trial-0.1,6,2,burst_trial-0.1,burst_trial,0.1,18,298.77599999999984,2,900,1,2.0,1,2,1,2.0,1,2,1,pérdida contigua en ensayo,True,1,1,0,0.0,1,1,0,0.0,100,278,37,True,0.3088888888888889,inicio,328.0,inicio,20-40,0,0,0,0
s06-r2-burst_trial-0.1,6,2,burst_trial-0.1,burst_trial,0.1,19,314.3279999999995,2,900,1,1.0,1,1,1,1.0,1,1,1,pérdida contigua en ensayo,True,0,0,0,0.0,0,0,0,0.0,100,180,39,True,0.2,inicio,230.0,inicio,0-20,0,0,0,0
s06-r2-burst_trial-0.1,6,2,burst_trial-0.1,burst_trial,0.1,20,338.52399999999943,2,900,1,2.0,1,2,1,1.0,1,1,1,pérdida contigua en ensayo,True,1,1,0,0.0,0,0,0,0.0,100,550,42,True,0.6111111111111112,medio,600.0,medio,60-80,0,0,0,0
s06-r2-burst_trial-0.1,6,2,burst_trial-0.1,burst_trial,0.1,21,347.0,2,900,1,1.0,1,1,1,1.0,1,2,1,pérdida contigua en ensayo,True,0,0,0,0.0,0,1,1,1.0,100,208,43,True,0.2311111111111111,inicio,258.0,inicio,20-40,0,0,1,0
s06-r2-burst_trial-0.1,6,2,burst_trial-0.1,burst_trial,0.1,22,354.6239999999998,2,900,1,2.0,1,2,1,2.0,1,2,1,pérdida contigua en ensayo,True,1,1,0,0.0,1,1,0,0.0,100,356,44,True,0.39555555555555555,medio,406.0,medio,20-40,0,0,0,0
s06-r2-burst_trial-0.1,6,2,burst_trial-0.1,burst_trial,0.1,23,379.02800000000025,1,900,1,1.0,1,1,1,1.0,1,1,1,pérdida contigua en ensayo,True,1,1,0,0.0,1,1,0,0.0,100,879,47,True,0.9766666666666667,fin,929.0,fin,80-100,0,0,0,0
s06-r2-burst_trial-0.25,6,2,burst_trial-0.25,burst_trial,0.25,0,1.0,1,750,1,1.0,1,1,1,1.0,1,1,1,pérdida contigua en ensayo,True,1,1,0,0.0,1,1,0,0.0,250,737,0,True,0.9826666666666667,fin,862.0,fin,80-100,0,0,0,0
s06-r2-burst_trial-0.25,6,2,burst_trial-0.25,burst_trial,0.25,1,9.012000000000626,1,750,1,1.0,1,1,1,1.0,1,1,1,pérdida contigua en ensayo,True,1,1,0,0.0,1,1,0,0.0,250,89,1,True,0.11866666666666667,inicio,214.0,inicio,0-20,0,0,0,0
s06-r2-burst_trial-0.25,6,2,burst_trial-0.25,burst_trial,0.25,2,24.49200000000019,2,750,1,2.0,1,2,1,2.0,1,2,1,pérdida contigua en ensayo,True,1,1,0,0.0,1,1,0,0.0,250,386,3,True,0.5146666666666667,medio,511.0,medio,40-60,0,0,0,0
s06-r2-burst_trial-0.25,6,2,burst_trial-0.25,burst_trial,0.25,3,32.52399999999943,1,750,1,1.0,1,1,1,1.0,1,1,1,pérdida contigua en ensayo,True,1,1,0,0.0,1,1,0,0.0,250,510,4,True,0.68,fin,635.0,medio,60-80,0,0,0,0
s06-r2-burst_trial-0.25,6,2,burst_trial-0.25,burst_trial,0.25,4,48.63600000000042,1,750,1,1.0,1,1,1,1.0,1,1,1,pérdida contigua en ensayo,True,1,1,0,0.0,1,1,0,0.0,250,658,6,True,0.8773333333333333,fin,783.0,fin,80-100,0,0,0,0
s06-r2-burst_trial-0.25,6,2,burst_trial-0.25,burst_trial,0.25,5,64.55999999999949,2,750,1,2.0,1,2,1,1.0,1,1,1,pérdida contigua en ensayo,True,1,1,0,0.0,0,0,0,0.0,250,459,8,True,0.612,medio,584.0,medio,60-80,0,0,0,0
s06-r2-burst_trial-0.25,6,2,burst_trial-0.25,burst_trial,0.25,6,80.17599999999948,1,750,1,1.0,1,1,1,1.0,1,1,1,pérdida contigua en ensayo,True,1,1,0,0.0,1,1,0,0.0,250,85,10,True,0.11333333333333333,inicio,210.0,inicio,0-20,0,0,0,0
s06-r2-burst_trial-0.25,6,2,burst_trial-0.25,burst_trial,0.25,7,103.42000000000009,1,750,1,1.0,1,1,1,1.0,1,1,1,pérdida contigua en ensayo,True,1,1,0,0.0,1,1,0,0.0,250,193,13,True,0.25733333333333336,inicio,318.0,inicio,20-40,0,0,0,0
s06-r2-burst_trial-0.25,6,2,burst_trial-0.25,burst_trial,0.25,8,119.76800000000004,2,750,1,1.0,1,1,1,2.0,1,2,1,pérdida contigua en ensayo,True,0,0,0,0.0,1,1,0,0.0,250,69,15,True,0.092,inicio,194.0,inicio,0-20,0,0,0,0
s06-r2-burst_trial-0.25,6,2,burst_trial-0.25,burst_trial,0.25,9,160.7520000000004,1,750,1,1.0,1,1,1,1.0,1,1,1,pérdida contigua en ensayo,True,1,1,0,0.0,1,1,0,0.0,250,749,20,True,0.9986666666666667,fin,874.0,fin,80-100,0,0,0,0
s06-r2-burst_trial-0.25,6,2,burst_trial-0.25,burst_trial,0.25,10,176.71999999999937,2,750,1,1.0,1,1,1,1.0,1,1,1,pérdida contigua en ensayo,True,0,0,0,0.0,0,0,0,0.0,250,110,22,True,0.14666666666666667,inicio,235.0,inicio,0-20,0,0,0,0
s06-r2-burst_trial-0.25,6,2,burst_trial-0.25,burst_trial,0.25,11,192.6560000000009,2,750,1,1.0,1,1,1,1.0,1,1,1,pérdida contigua en ensayo,True,0,0,0,0.0,0,0,0,0.0,250,692,24,True,0.9226666666666666,fin,817.0,fin,80-100,0,0,0,0
s06-r2-burst_trial-0.25,6,2,burst_trial-0.25,burst_trial,0.25,12,200.5,1,750,1,1.0,1,1,1,1.0,1,1,1,pérdida contigua en ensayo,True,1,1,0,0.0,1,1,0,0.0,250,600,25,True,0.8,fin,725.0,fin,60-80,0,0,0,0
s06-r2-burst_trial-0.25,6,2,burst_trial-0.25,burst_trial,0.25,13,216.9320000000007,2,750,1,2.0,1,1,1,2.0,1,2,1,pérdida contigua en ensayo,True,1,0,1,1.0,1,1,0,0.0,250,596,27,True,0.7946666666666666,fin,721.0,fin,60-80,0,1,0,0
s06-r2-burst_trial-0.25,6,2,burst_trial-0.25,burst_trial,0.25,14,224.83200000000036,1,750,1,1.0,1,1,1,2.0,1,2,1,pérdida contigua en ensayo,True,1,1,0,0.0,0,0,0,0.0,250,109,28,True,0.14533333333333334,inicio,234.0,inicio,0-20,0,0,0,0
s06-r2-burst_trial-0.25,6,2,burst_trial-0.25,burst_trial,0.25,15,249.64799999999923,1,750,1,1.0,1,1,1,2.0,1,2,1,pérdida contigua en ensayo,True,1,1,0,0.0,0,0,0,0.0,250,188,31,True,0.25066666666666665,inicio,313.0,inicio,20-40,0,0,0,0
s06-r2-burst_trial-0.25,6,2,burst_trial-0.25,burst_trial,0.25,16,282.8079999999991,2,750,1,1.0,1,1,1,1.0,1,2,1,pérdida contigua en ensayo,True,0,0,0,0.0,0,1,1,1.0,250,51,35,True,0.068,inicio,176.0,inicio,0-20,0,0,1,0
s06-r2-burst_trial-0.25,6,2,burst_trial-0.25,burst_trial,0.25,17,290.88800000000083,1,750,1,1.0,1,1,1,1.0,1,2,1,pérdida contigua en ensayo,True,1,1,0,0.0,1,0,1,1.0,250,145,36,True,0.19333333333333333,inicio,270.0,inicio,0-20,0,0,0,1
s06-r2-burst_trial-0.25,6,2,burst_trial-0.25,burst_trial,0.25,18,298.77599999999984,2,750,1,2.0,1,2,1,1.0,1,2,1,pérdida contigua en ensayo,True,1,1,0,0.0,0,1,1,1.0,250,590,37,True,0.7866666666666666,fin,715.0,fin,60-80,0,0,1,0
s06-r2-burst_trial-0.25,6,2,burst_trial-0.25,burst_trial,0.25,19,314.3279999999995,2,750,1,1.0,1,1,1,1.0,1,1,1,pérdida contigua en ensayo,True,0,0,0,0.0,0,0,0,0.0,250,623,39,True,0.8306666666666667,fin,748.0,fin,80-100,0,0,0,0
s06-r2-burst_trial-0.25,6,2,burst_trial-0.25,burst_trial,0.25,20,338.52399999999943,2,750,1,2.0,1,2,1,1.0,1,1,1,pérdida contigua en ensayo,True,1,1,0,0.0,0,0,0,0.0,250,98,42,True,0.13066666666666665,inicio,223.0,inicio,0-20,0,0,0,0
s06-r2-burst_trial-0.25,6,2,burst_trial-0.25,burst_trial,0.25,21,347.0,2,750,1,1.0,1,1,1,1.0,1,2,1,pérdida contigua en ensayo,True,0,0,0,0.0,0,1,1,1.0,250,212,43,True,0.2826666666666667,inicio,337.0,medio,20-40,0,0,1,0
s06-r2-burst_trial-0.25,6,2,burst_trial-0.25,burst_trial,0.25,22,354.6239999999998,2,750,1,1.0,1,2,1,2.0,1,2,1,pérdida contigua en ensayo,True,0,1,1,1.0,1,1,0,0.0,250,257,44,True,0.3426666666666667,medio,382.0,medio,20-40,1,0,0,0
s06-r2-burst_trial-0.25,6,2,burst_trial-0.25,burst_trial,0.25,23,379.02800000000025,1,750,1,1.0,1,1,1,1.0,1,1,1,pérdida contigua en ensayo,True,1,1,0,0.0,1,1,0,0.0,250,238,47,True,0.31733333333333336,inicio,363.0,medio,20-40,0,0,0,0
s06-r2-burst_trial-0.4,6,2,burst_trial-0.4,burst_trial,0.4,0,1.0,1,600,1,1.0,1,1,1,1.0,1,1,1,pérdida contigua en ensayo,True,1,1,0,0.0,1,1,0,0.0,400,550,0,True,0.9166666666666666,fin,750.0,fin,80-100,0,0,0,0
s06-r2-burst_trial-0.4,6,2,burst_trial-0.4,burst_trial,0.4,1,9.012000000000626,1,600,1,1.0,1,1,1,1.0,1,1,1,pérdida contigua en ensayo,True,1,1,0,0.0,1,1,0,0.0,400,98,1,True,0.16333333333333333,inicio,298.0,inicio,0-20,0,0,0,0
s06-r2-burst_trial-0.4,6,2,burst_trial-0.4,burst_trial,0.4,2,24.49200000000019,2,600,1,2.0,1,2,1,1.0,1,2,1,pérdida contigua en ensayo,True,1,1,0,0.0,0,1,1,1.0,400,201,3,True,0.335,medio,401.0,medio,20-40,0,0,1,0
s06-r2-burst_trial-0.4,6,2,burst_trial-0.4,burst_trial,0.4,3,32.52399999999943,1,600,1,1.0,1,1,1,1.0,1,1,1,pérdida contigua en ensayo,True,1,1,0,0.0,1,1,0,0.0,400,175,4,True,0.2916666666666667,inicio,375.0,medio,20-40,0,0,0,0
s06-r2-burst_trial-0.4,6,2,burst_trial-0.4,burst_trial,0.4,4,48.63600000000042,1,600,1,1.0,1,1,1,1.0,1,1,1,pérdida contigua en ensayo,True,1,1,0,0.0,1,1,0,0.0,400,305,6,True,0.5083333333333333,medio,505.0,medio,40-60,0,0,0,0
s06-r2-burst_trial-0.4,6,2,burst_trial-0.4,burst_trial,0.4,5,64.55999999999949,2,600,1,2.0,1,2,1,1.0,1,1,1,pérdida contigua en ensayo,True,1,1,0,0.0,0,0,0,0.0,400,66,8,True,0.11,inicio,266.0,inicio,0-20,0,0,0,0
s06-r2-burst_trial-0.4,6,2,burst_trial-0.4,burst_trial,0.4,6,80.17599999999948,1,600,1,2.0,1,1,1,1.0,1,1,1,pérdida contigua en ensayo,True,0,1,1,1.0,1,1,0,0.0,400,30,10,True,0.05,inicio,230.0,inicio,0-20,1,0,0,0
s06-r2-burst_trial-0.4,6,2,burst_trial-0.4,burst_trial,0.4,7,103.42000000000009,1,600,1,1.0,1,1,1,2.0,1,1,1,pérdida contigua en ensayo,True,1,1,0,0.0,0,1,1,1.0,400,48,13,True,0.08,inicio,248.0,inicio,0-20,0,0,1,0
s06-r2-burst_trial-0.4,6,2,burst_trial-0.4,burst_trial,0.4,8,119.76800000000004,2,600,1,1.0,1,1,1,1.0,1,2,1,pérdida contigua en ensayo,True,0,0,0,0.0,0,1,1,1.0,400,100,15,True,0.16666666666666666,inicio,300.0,inicio,0-20,0,0,1,0
s06-r2-burst_trial-0.4,6,2,burst_trial-0.4,burst_trial,0.4,9,160.7520000000004,1,600,1,1.0,1,1,1,1.0,1,1,1,pérdida contigua en ensayo,True,1,1,0,0.0,1,1,0,0.0,400,306,20,True,0.51,medio,506.0,medio,40-60,0,0,0,0
s06-r2-burst_trial-0.4,6,2,burst_trial-0.4,burst_trial,0.4,10,176.71999999999937,2,600,1,1.0,1,1,1,1.0,1,1,1,pérdida contigua en ensayo,True,0,0,0,0.0,0,0,0,0.0,400,381,22,True,0.635,medio,581.0,medio,60-80,0,0,0,0
s06-r2-burst_trial-0.4,6,2,burst_trial-0.4,burst_trial,0.4,11,192.6560000000009,2,600,1,1.0,1,1,1,1.0,1,1,1,pérdida contigua en ensayo,True,0,0,0,0.0,0,0,0,0.0,400,511,24,True,0.8516666666666667,fin,711.0,fin,80-100,0,0,0,0
s06-r2-burst_trial-0.4,6,2,burst_trial-0.4,burst_trial,0.4,12,200.5,1,600,1,1.0,1,1,1,1.0,1,1,1,pérdida contigua en ensayo,True,1,1,0,0.0,1,1,0,0.0,400,119,25,True,0.19833333333333333,inicio,319.0,inicio,0-20,0,0,0,0
s06-r2-burst_trial-0.4,6,2,burst_trial-0.4,burst_trial,0.4,13,216.9320000000007,2,600,1,1.0,1,1,1,1.0,1,2,1,pérdida contigua en ensayo,True,0,0,0,0.0,0,1,1,1.0,400,134,27,True,0.22333333333333333,inicio,334.0,medio,20-40,0,0,1,0
s06-r2-burst_trial-0.4,6,2,burst_trial-0.4,burst_trial,0.4,14,224.83200000000036,1,600,1,2.0,1,1,1,1.0,1,2,1,pérdida contigua en ensayo,True,0,1,1,1.0,1,0,1,1.0,400,167,28,True,0.2783333333333333,inicio,367.0,medio,20-40,1,0,0,1
s06-r2-burst_trial-0.4,6,2,burst_trial-0.4,burst_trial,0.4,15,249.64799999999923,1,600,1,2.0,1,1,1,1.0,1,2,1,pérdida contigua en ensayo,True,0,1,1,1.0,1,0,1,1.0,400,327,31,True,0.545,medio,527.0,medio,40-60,1,0,0,1
s06-r2-burst_trial-0.4,6,2,burst_trial-0.4,burst_trial,0.4,16,282.8080000000009,2,600,1,1.0,1,1,1,1.0,1,2,1,pérdida contigua en ensayo,True,0,0,0,0.0,0,1,1,1.0,400,575,35,True,0.9583333333333334,fin,775.0,fin,80-100,0,0,1,0
s06-r2-burst_trial-0.4,6,2,burst_trial-0.4,burst_trial,0.4,17,290.88800000000083,1,600,1,1.0,1,1,1,1.0,1,2,1,pérdida contigua en ensayo,True,1,1,0,0.0,1,0,1,1.0,400,168,36,True,0.28,inicio,368.0,medio,20-40,0,0,0,1
s06-r2-burst_trial-0.4,6,2,burst_trial-0.4,burst_trial,0.4,18,298.77599999999984,2,600,1,2.0,1,2,1,1.0,1,2,1,pérdida contigua en ensayo,True,1,1,0,0.0,0,1,1,1.0,400,442,37,True,0.7366666666666667,fin,642.0,medio,60-80,0,0,1,0
s06-r2-burst_trial-0.4,6,2,burst_trial-0.4,burst_trial,0.4,19,314.3279999999995,2,600,1,1.0,1,1,1,1.0,1,1,1,pérdida contigua en ensayo,True,0,0,0,0.0,0,0,0,0.0,400,550,39,True,0.9166666666666666,fin,750.0,fin,80-100,0,0,0,0
s06-r2-burst_trial-0.4,6,2,burst_trial-0.4,burst_trial,0.4,20,338.52399999999943,2,600,1,2.0,1,2,1,1.0,1,1,1,pérdida contigua en ensayo,True,1,1,0,0.0,0,0,0,0.0,400,42,42,True,0.07,inicio,242.0,inicio,0-20,0,0,0,0
s06-r2-burst_trial-0.4,6,2,burst_trial-0.4,burst_trial,0.4,21,347.0,2,600,1,1.0,1,1,1,1.0,1,2,1,pérdida contigua en ensayo,True,0,0,0,0.0,0,1,1,1.0,400,301,43,True,0.5016666666666667,medio,501.0,medio,40-60,0,0,1,0
s06-r2-burst_trial-0.4,6,2,burst_trial-0.4,burst_trial,0.4,22,354.6239999999998,2,600,1,1.0,1,2,1,2.0,1,2,1,pérdida contigua en ensayo,True,0,1,1,1.0,1,1,0,0.0,400,378,44,True,0.63,medio,578.0,medio,60-80,1,0,0,0
s06-r2-burst_trial-0.4,6,2,burst_trial-0.4,burst_trial,0.4,23,379.02800000000025,1,600,1,1.0,1,1,1,1.0,1,1,1,pérdida contigua en ensayo,True,1,1,0,0.0,1,1,0,0.0,400,465,47,True,0.775,fin,665.0,medio,60-80,0,0,0,0
s06-r3-burst_trial-0.1,6,3,burst_trial-0.1,burst_trial,0.1,0,1.0,2,900,1,1.0,1,2,1,1.0,1,1,1,pérdida contigua en ensayo,True,0,1,1,1.0,0,0,0,0.0,100,220,0,True,0.24444444444444444,inicio,270.0,inicio,20-40,1,0,0,0
s06-r3-burst_trial-0.1,6,3,burst_trial-0.1,burst_trial,0.1,1,16.684000000001106,1,900,1,1.0,1,1,1,1.0,1,1,1,pérdida contigua en ensayo,True,1,1,0,0.0,1,1,0,0.0,100,703,2,True,0.7811111111111111,fin,753.0,fin,60-80,0,0,0,0
s06-r3-burst_trial-0.1,6,3,burst_trial-0.1,burst_trial,0.1,2,48.6359999999986,1,900,1,2.0,1,1,1,1.0,1,1,1,pérdida contigua en ensayo,True,0,1,1,1.0,1,1,0,0.0,100,210,6,True,0.23333333333333334,inicio,260.0,inicio,20-40,1,0,0,0
s06-r3-burst_trial-0.1,6,3,burst_trial-0.1,burst_trial,0.1,3,56.83599999999933,1,900,1,1.0,1,1,1,1.0,1,1,1,pérdida contigua en ensayo,True,1,1,0,0.0,1,1,0,0.0,100,755,7,True,0.8388888888888889,fin,805.0,fin,80-100,0,0,0,0
s06-r3-burst_trial-0.1,6,3,burst_trial-0.1,burst_trial,0.1,4,72.55199999999968,2,900,1,2.0,1,2,1,1.0,1,1,1,pérdida contigua en ensayo,True,1,1,0,0.0,0,0,0,0.0,100,259,9,True,0.2877777777777778,inicio,309.0,inicio,20-40,0,0,0,0
s06-r3-burst_trial-0.1,6,3,burst_trial-0.1,burst_trial,0.1,5,103.41999999999824,2,900,1,1.0,1,1,1,2.0,1,2,1,pérdida contigua en ensayo,True,0,0,0,0.0,1,1,0,0.0,100,107,13,True,0.11888888888888889,inicio,157.0,inicio,0-20,0,0,0,0
s06-r3-burst_trial-0.1,6,3,burst_trial-0.1,burst_trial,0.1,6,111.28800000000048,1,900,1,1.0,1,1,1,2.0,1,2,1,pérdida contigua en ensayo,True,1,1,0,0.0,0,0,0,0.0,100,646,14,True,0.7177777777777777,fin,696.0,fin,60-80,0,0,0,0
s06-r3-burst_trial-0.1,6,3,burst_trial-0.1,burst_trial,0.1,7,127.79999999999929,2,900,1,1.0,1,1,1,2.0,1,2,1,pérdida contigua en ensayo,True,0,0,0,0.0,1,1,0,0.0,100,351,16,True,0.39,medio,401.0,medio,20-40,0,0,0,0
s06-r3-burst_trial-0.1,6,3,burst_trial-0.1,burst_trial,0.1,8,144.20799999999872,1,900,1,1.0,1,1,1,1.0,1,2,1,pérdida contigua en ensayo,True,1,1,0,0.0,1,0,1,1.0,100,798,18,True,0.8866666666666667,fin,848.0,fin,80-100,0,0,0,1
s06-r3-burst_trial-0.1,6,3,burst_trial-0.1,burst_trial,0.1,9,169.07200000000012,2,900,1,1.0,1,1,1,1.0,1,1,1,pérdida contigua en ensayo,True,0,0,0,0.0,0,0,0,0.0,100,370,21,True,0.4111111111111111,medio,420.0,medio,40-60,0,0,0,0
s06-r3-burst_trial-0.1,6,3,burst_trial-0.1,burst_trial,0.1,10,192.65599999999904,1,900,1,1.0,1,1,1,1.0,1,1,1,pérdida contigua en ensayo,True,1,1,0,0.0,1,1,0,0.0,100,614,24,True,0.6822222222222222,fin,664.0,medio,60-80,0,0,0,0
s06-r3-burst_trial-0.1,6,3,burst_trial-0.1,burst_trial,0.1,11,200.5,2,900,1,1.0,1,1,1,2.0,1,2,1,pérdida contigua en ensayo,True,0,0,0,0.0,1,1,0,0.0,100,22,25,True,0.024444444444444446,inicio,72.0,inicio,0-20,0,0,0,0
s06-r3-burst_trial-0.1,6,3,burst_trial-0.1,burst_trial,0.1,12,208.91600000000108,2,900,1,1.0,1,1,1,1.0,1,1,1,pérdida contigua en ensayo,True,0,0,0,0.0,0,0,0,0.0,100,86,26,True,0.09555555555555556,inicio,136.0,inicio,0-20,0,0,0,0
s06-r3-burst_trial-0.1,6,3,burst_trial-0.1,burst_trial,0.1,13,232.9360000000015,2,900,1,2.0,1,2,1,2.0,1,2,1,pérdida contigua en ensayo,True,1,1,0,0.0,1,1,0,0.0,100,168,29,True,0.18666666666666668,inicio,218.0,inicio,0-20,0,0,0,0
s06-r3-burst_trial-0.1,6,3,burst_trial-0.1,burst_trial,0.1,14,241.2200000000012,1,900,1,1.0,1,1,1,1.0,1,1,1,pérdida contigua en ensayo,True,1,1,0,0.0,1,1,0,0.0,100,623,30,True,0.6922222222222222,fin,673.0,fin,60-80,0,0,0,0
s06-r3-burst_trial-0.1,6,3,burst_trial-0.1,burst_trial,0.1,15,249.64800000000105,1,900,1,1.0,1,1,1,1.0,1,1,1,pérdida contigua en ensayo,True,1,1,0,0.0,1,1,0,0.0,100,192,31,True,0.21333333333333335,inicio,242.0,inicio,20-40,0,0,0,0
s06-r3-burst_trial-0.1,6,3,burst_trial-0.1,burst_trial,0.1,16,266.380000000001,2,900,1,1.0,1,1,1,1.0,1,1,1,pérdida contigua en ensayo,True,0,0,0,0.0,0,0,0,0.0,100,817,33,True,0.9077777777777778,fin,867.0,fin,80-100,0,0,0,0
s06-r3-burst_trial-0.1,6,3,burst_trial-0.1,burst_trial,0.1,17,274.5519999999997,1,900,1,1.0,1,1,1,1.0,1,1,1,pérdida contigua en ensayo,True,1,1,0,0.0,1,1,0,0.0,100,24,34,True,0.02666666666666667,inicio,74.0,inicio,0-20,0,0,0,0
s06-r3-burst_trial-0.1,6,3,burst_trial-0.1,burst_trial,0.1,18,290.887999999999,2,900,1,1.0,1,1,1,2.0,1,2,1,pérdida contigua en ensayo,True,0,0,0,0.0,1,1,0,0.0,100,297,36,True,0.33,inicio,347.0,medio,20-40,0,0,0,0
s06-r3-burst_trial-0.1,6,3,burst_trial-0.1,burst_trial,0.1,19,298.77600000000166,2,900,1,2.0,1,2,1,2.0,1,2,1,pérdida contigua en ensayo,True,1,1,0,0.0,1,1,0,0.0,100,880,37,True,0.9777777777777777,fin,930.0,fin,80-100,0,0,0,0
s06-r3-burst_trial-0.1,6,3,burst_trial-0.1,burst_trial,0.1,20,314.32800000000134,1,900,1,1.0,1,1,1,1.0,1,1,1,pérdida contigua en ensayo,True,1,1,0,0.0,1,1,0,0.0,100,472,39,True,0.5244444444444445,medio,522.0,medio,40-60,0,0,0,0
s06-r3-burst_trial-0.1,6,3,burst_trial-0.1,burst_trial,0.1,21,362.3359999999993,1,900,1,1.0,1,1,1,1.0,1,1,1,pérdida contigua en ensayo,True,1,1,0,0.0,1,1,0,0.0,100,236,45,True,0.26222222222222225,inicio,286.0,inicio,20-40,0,0,0,0
s06-r3-burst_trial-0.1,6,3,burst_trial-0.1,burst_trial,0.1,22,370.7920000000013,2,900,1,2.0,1,2,1,2.0,1,2,1,pérdida contigua en ensayo,True,1,1,0,0.0,1,1,0,0.0,100,570,46,True,0.6333333333333333,medio,620.0,medio,60-80,0,0,0,0
s06-r3-burst_trial-0.1,6,3,burst_trial-0.1,burst_trial,0.1,23,379.0279999999984,1,900,1,1.0,1,1,1,1.0,1,1,1,pérdida contigua en ensayo,True,1,1,0,0.0,1,1,0,0.0,100,586,47,True,0.6511111111111111,medio,636.0,medio,60-80,0,0,0,0
s06-r3-burst_trial-0.25,6,3,burst_trial-0.25,burst_trial,0.25,0,1.0,2,750,1,2.0,1,2,1,1.0,1,1,1,pérdida contigua en ensayo,True,1,1,0,0.0,0,0,0,0.0,250,37,0,True,0.04933333333333333,inicio,162.0,inicio,0-20,0,0,0,0
s06-r3-burst_trial-0.25,6,3,burst_trial-0.25,burst_trial,0.25,1,16.684000000001106,1,750,1,1.0,1,1,1,1.0,1,1,1,pérdida contigua en ensayo,True,1,1,0,0.0,1,1,0,0.0,250,259,2,True,0.3453333333333333,medio,384.0,medio,20-40,0,0,0,0
s06-r3-burst_trial-0.25,6,3,burst_trial-0.25,burst_trial,0.25,2,48.6359999999986,1,750,1,1.0,1,1,1,1.0,1,1,1,pérdida contigua en ensayo,True,1,1,0,0.0,1,1,0,0.0,250,614,6,True,0.8186666666666667,fin,739.0,fin,80-100,0,0,0,0
s06-r3-burst_trial-0.25,6,3,burst_trial-0.25,burst_trial,0.25,3,56.83599999999933,1,750,1,1.0,1,1,1,1.0,1,1,1,pérdida contigua en ensayo,True,1,1,0,0.0,1,1,0,0.0,250,73,7,True,0.09733333333333333,inicio,198.0,inicio,0-20,0,0,0,0
s06-r3-burst_trial-0.25,6,3,burst_trial-0.25,burst_trial,0.25,4,72.55199999999968,2,750,1,1.0,1,2,1,1.0,1,1,1,pérdida contigua en ensayo,True,0,1,1,1.0,0,0,0,0.0,250,500,9,True,0.6666666666666666,medio,625.0,medio,60-80,1,0,0,0
s06-r3-burst_trial-0.25,6,3,burst_trial-0.25,burst_trial,0.25,5,103.41999999999824,2,750,1,1.0,1,1,1,2.0,1,2,1,pérdida contigua en ensayo,True,0,0,0,0.0,1,1,0,0.0,250,496,13,True,0.6613333333333333,medio,621.0,medio,60-80,0,0,0,0
s06-r3-burst_trial-0.25,6,3,burst_trial-0.25,burst_trial,0.25,6,111.28800000000048,1,750,1,1.0,1,1,1,1.0,1,2,1,pérdida contigua en ensayo,True,1,1,0,0.0,1,0,1,1.0,250,131,14,True,0.17466666666666666,inicio,256.0,inicio,0-20,0,0,0,1
s06-r3-burst_trial-0.25,6,3,burst_trial-0.25,burst_trial,0.25,7,127.79999999999929,2,750,1,1.0,1,1,1,1.0,1,2,1,pérdida contigua en ensayo,True,0,0,0,0.0,0,1,1,1.0,250,457,16,True,0.6093333333333333,medio,582.0,medio,60-80,0,0,1,0
s06-r3-burst_trial-0.25,6,3,burst_trial-0.25,burst_trial,0.25,8,144.20799999999872,1,750,1,1.0,1,1,1,2.0,1,2,1,pérdida contigua en ensayo,True,1,1,0,0.0,0,0,0,0.0,250,561,18,True,0.748,fin,686.0,fin,60-80,0,0,0,0
s06-r3-burst_trial-0.25,6,3,burst_trial-0.25,burst_trial,0.25,9,169.07200000000012,2,750,1,1.0,1,1,1,1.0,1,1,1,pérdida contigua en ensayo,True,0,0,0,0.0,0,0,0,0.0,250,599,21,True,0.7986666666666666,fin,724.0,fin,60-80,0,0,0,0
s06-r3-burst_trial-0.25,6,3,burst_trial-0.25,burst_trial,0.25,10,192.65599999999904,1,750,1,1.0,1,1,1,1.0,1,1,1,pérdida contigua en ensayo,True,1,1,0,0.0,1,1,0,0.0,250,281,24,True,0.37466666666666665,medio,406.0,medio,20-40,0,0,0,0
s06-r3-burst_trial-0.25,6,3,burst_trial-0.25,burst_trial,0.25,11,200.5,2,750,1,1.0,1,1,1,2.0,1,2,1,pérdida contigua en ensayo,True,0,0,0,0.0,1,1,0,0.0,250,161,25,True,0.21466666666666667,inicio,286.0,inicio,20-40,0,0,0,0
s06-r3-burst_trial-0.25,6,3,burst_trial-0.25,burst_trial,0.25,12,208.91600000000108,2,750,1,1.0,1,1,1,1.0,1,1,1,pérdida contigua en ensayo,True,0,0,0,0.0,0,0,0,0.0,250,154,26,True,0.20533333333333334,inicio,279.0,inicio,20-40,0,0,0,0
s06-r3-burst_trial-0.25,6,3,burst_trial-0.25,burst_trial,0.25,13,232.9360000000015,2,750,1,1.0,1,2,1,2.0,1,2,1,pérdida contigua en ensayo,True,0,1,1,1.0,1,1,0,0.0,250,38,29,True,0.050666666666666665,inicio,163.0,inicio,0-20,1,0,0,0
s06-r3-burst_trial-0.25,6,3,burst_trial-0.25,burst_trial,0.25,14,241.2200000000012,1,750,1,1.0,1,1,1,1.0,1,1,1,pérdida contigua en ensayo,True,1,1,0,0.0,1,1,0,0.0,250,56,30,True,0.07466666666666667,inicio,181.0,inicio,0-20,0,0,0,0
s06-r3-burst_trial-0.25,6,3,burst_trial-0.25,burst_trial,0.25,15,249.64800000000105,1,750,1,1.0,1,1,1,1.0,1,1,1,pérdida contigua en ensayo,True,1,1,0,0.0,1,1,0,0.0,250,658,31,True,0.8773333333333333,fin,783.0,fin,80-100,0,0,0,0
s06-r3-burst_trial-0.25,6,3,burst_trial-0.25,burst_trial,0.25,16,266.380000000001,2,750,1,1.0,1,1,1,1.0,1,1,1,pérdida contigua en ensayo,True,0,0,0,0.0,0,0,0,0.0,250,507,33,True,0.676,fin,632.0,medio,60-80,0,0,0,0
s06-r3-burst_trial-0.25,6,3,burst_trial-0.25,burst_trial,0.25,17,274.5519999999997,1,750,1,1.0,1,1,1,1.0,1,1,1,pérdida contigua en ensayo,True,1,1,0,0.0,1,1,0,0.0,250,303,34,True,0.404,medio,428.0,medio,40-60,0,0,0,0
s06-r3-burst_trial-0.25,6,3,burst_trial-0.25,burst_trial,0.25,18,290.887999999999,2,750,1,1.0,1,1,1,1.0,1,2,1,pérdida contigua en ensayo,True,0,0,0,0.0,0,1,1,1.0,250,380,36,True,0.5066666666666667,medio,505.0,medio,40-60,0,0,1,0
s06-r3-burst_trial-0.25,6,3,burst_trial-0.25,burst_trial,0.25,19,298.77600000000166,2,750,1,2.0,1,2,1,2.0,1,2,1,pérdida contigua en ensayo,True,1,1,0,0.0,1,1,0,0.0,250,653,37,True,0.8706666666666667,fin,778.0,fin,80-100,0,0,0,0
s06-r3-burst_trial-0.25,6,3,burst_trial-0.25,burst_trial,0.25,20,314.32800000000134,1,750,1,1.0,1,1,1,1.0,1,1,1,pérdida contigua en ensayo,True,1,1,0,0.0,1,1,0,0.0,250,75,39,True,0.1,inicio,200.0,inicio,0-20,0,0,0,0
s06-r3-burst_trial-0.25,6,3,burst_trial-0.25,burst_trial,0.25,21,362.3359999999993,1,750,1,1.0,1,1,1,1.0,1,1,1,pérdida contigua en ensayo,True,1,1,0,0.0,1,1,0,0.0,250,457,45,True,0.6093333333333333,medio,582.0,medio,60-80,0,0,0,0
s06-r3-burst_trial-0.25,6,3,burst_trial-0.25,burst_trial,0.25,22,370.7920000000013,2,750,1,2.0,1,2,1,2.0,1,2,1,pérdida contigua en ensayo,True,1,1,0,0.0,1,1,0,0.0,250,530,46,True,0.7066666666666667,fin,655.0,medio,60-80,0,0,0,0
s06-r3-burst_trial-0.25,6,3,burst_trial-0.25,burst_trial,0.25,23,379.0279999999984,1,750,1,1.0,1,1,1,1.0,1,1,1,pérdida contigua en ensayo,True,1,1,0,0.0,1,1,0,0.0,250,468,47,True,0.624,medio,593.0,medio,60-80,0,0,0,0
s06-r3-burst_trial-0.4,6,3,burst_trial-0.4,burst_trial,0.4,0,1.0,2,600,1,2.0,1,2,1,1.0,1,1,1,pérdida contigua en ensayo,True,1,1,0,0.0,0,0,0,0.0,400,53,0,True,0.08833333333333333,inicio,253.0,inicio,0-20,0,0,0,0
s06-r3-burst_trial-0.4,6,3,burst_trial-0.4,burst_trial,0.4,1,16.684000000001106,1,600,1,1.0,1,1,1,1.0,1,1,1,pérdida contigua en ensayo,True,1,1,0,0.0,1,1,0,0.0,400,8,2,True,0.013333333333333334,inicio,208.0,inicio,0-20,0,0,0,0
s06-r3-burst_trial-0.4,6,3,burst_trial-0.4,burst_trial,0.4,2,48.6359999999986,1,600,1,1.0,1,1,1,1.0,1,1,1,pérdida contigua en ensayo,True,1,1,0,0.0,1,1,0,0.0,400,524,6,True,0.8733333333333333,fin,724.0,fin,80-100,0,0,0,0
s06-r3-burst_trial-0.4,6,3,burst_trial-0.4,burst_trial,0.4,3,56.83599999999933,1,600,1,1.0,1,1,1,1.0,1,1,1,pérdida contigua en ensayo,True,1,1,0,0.0,1,1,0,0.0,400,169,7,True,0.2816666666666667,inicio,369.0,medio,20-40,0,0,0,0
s06-r3-burst_trial-0.4,6,3,burst_trial-0.4,burst_trial,0.4,4,72.55199999999968,2,600,1,1.0,1,2,1,1.0,1,1,1,pérdida contigua en ensayo,True,0,1,1,1.0,0,0,0,0.0,400,449,9,True,0.7483333333333333,fin,649.0,medio,60-80,1,0,0,0
s06-r3-burst_trial-0.4,6,3,burst_trial-0.4,burst_trial,0.4,5,103.41999999999824,2,600,1,1.0,1,1,1,2.0,1,2,1,pérdida contigua en ensayo,True,0,0,0,0.0,1,1,0,0.0,400,520,13,True,0.8666666666666667,fin,720.0,fin,80-100,0,0,0,0
s06-r3-burst_trial-0.4,6,3,burst_trial-0.4,burst_trial,0.4,6,111.28800000000048,1,600,1,1.0,1,1,1,1.0,1,2,1,pérdida contigua en ensayo,True,1,1,0,0.0,1,0,1,1.0,400,407,14,True,0.6783333333333333,fin,607.0,medio,60-80,0,0,0,1
s06-r3-burst_trial-0.4,6,3,burst_trial-0.4,burst_trial,0.4,7,127.79999999999929,2,600,1,1.0,1,1,1,1.0,1,2,1,pérdida contigua en ensayo,True,0,0,0,0.0,0,1,1,1.0,400,216,16,True,0.36,medio,416.0,medio,20-40,0,0,1,0
s06-r3-burst_trial-0.4,6,3,burst_trial-0.4,burst_trial,0.4,8,144.20799999999872,1,600,1,1.0,1,1,1,1.0,1,2,1,pérdida contigua en ensayo,True,1,1,0,0.0,1,0,1,1.0,400,46,18,True,0.07666666666666666,inicio,246.0,inicio,0-20,0,0,0,1
s06-r3-burst_trial-0.4,6,3,burst_trial-0.4,burst_trial,0.4,9,169.07200000000012,2,600,1,2.0,1,1,1,1.0,1,1,1,pérdida contigua en ensayo,True,1,0,1,1.0,0,0,0,0.0,400,252,21,True,0.42,medio,452.0,medio,40-60,0,1,0,0
s06-r3-burst_trial-0.4,6,3,burst_trial-0.4,burst_trial,0.4,10,192.65599999999904,1,600,1,1.0,1,1,1,1.0,1,1,1,pérdida contigua en ensayo,True,1,1,0,0.0,1,1,0,0.0,400,525,24,True,0.875,fin,725.0,fin,80-100,0,0,0,0
s06-r3-burst_trial-0.4,6,3,burst_trial-0.4,burst_trial,0.4,11,200.5,2,600,1,1.0,1,1,1,2.0,1,2,1,pérdida contigua en ensayo,True,0,0,0,0.0,1,1,0,0.0,400,498,25,True,0.83,fin,698.0,fin,80-100,0,0,0,0
s06-r3-burst_trial-0.4,6,3,burst_trial-0.4,burst_trial,0.4,12,208.91600000000108,2,600,1,1.0,1,1,1,1.0,1,1,1,pérdida contigua en ensayo,True,0,0,0,0.0,0,0,0,0.0,400,475,26,True,0.7916666666666666,fin,675.0,fin,60-80,0,0,0,0
s06-r3-burst_trial-0.4,6,3,burst_trial-0.4,burst_trial,0.4,13,232.9360000000015,2,600,1,1.0,1,2,1,1.0,1,2,1,pérdida contigua en ensayo,True,0,1,1,1.0,0,1,1,1.0,400,144,29,True,0.24,inicio,344.0,medio,20-40,1,0,1,0
s06-r3-burst_trial-0.4,6,3,burst_trial-0.4,burst_trial,0.4,14,241.2200000000012,1,600,1,1.0,1,1,1,1.0,1,1,1,pérdida contigua en ensayo,True,1,1,0,0.0,1,1,0,0.0,400,204,30,True,0.34,medio,404.0,medio,20-40,0,0,0,0
s06-r3-burst_trial-0.4,6,3,burst_trial-0.4,burst_trial,0.4,15,249.64800000000105,1,600,1,1.0,1,1,1,1.0,1,1,1,pérdida contigua en ensayo,True,1,1,0,0.0,1,1,0,0.0,400,129,31,True,0.215,inicio,329.0,inicio,20-40,0,0,0,0
s06-r3-burst_trial-0.4,6,3,burst_trial-0.4,burst_trial,0.4,16,266.380000000001,2,600,1,1.0,1,1,1,2.0,1,1,1,pérdida contigua en ensayo,True,0,0,0,0.0,1,0,1,1.0,400,431,33,True,0.7183333333333334,fin,631.0,medio,60-80,0,0,0,1
s06-r3-burst_trial-0.4,6,3,burst_trial-0.4,burst_trial,0.4,17,274.5519999999997,1,600,1,1.0,1,1,1,1.0,1,1,1,pérdida contigua en ensayo,True,1,1,0,0.0,1,1,0,0.0,400,310,34,True,0.5166666666666667,medio,510.0,medio,40-60,0,0,0,0
s06-r3-burst_trial-0.4,6,3,burst_trial-0.4,burst_trial,0.4,18,290.887999999999,2,600,1,1.0,1,1,1,1.0,1,2,1,pérdida contigua en ensayo,True,0,0,0,0.0,0,1,1,1.0,400,92,36,True,0.15333333333333332,inicio,292.0,inicio,0-20,0,0,1,0
s06-r3-burst_trial-0.4,6,3,burst_trial-0.4,burst_trial,0.4,19,298.77600000000166,2,600,1,2.0,1,2,1,2.0,1,2,1,pérdida contigua en ensayo,True,1,1,0,0.0,1,1,0,0.0,400,203,37,True,0.3383333333333333,medio,403.0,medio,20-40,0,0,0,0
s06-r3-burst_trial-0.4,6,3,burst_trial-0.4,burst_trial,0.4,20,314.32800000000134,1,600,1,1.0,1,1,1,1.0,1,1,1,pérdida contigua en ensayo,True,1,1,0,0.0,1,1,0,0.0,400,130,39,True,0.21666666666666667,inicio,330.0,inicio,20-40,0,0,0,0
s06-r3-burst_trial-0.4,6,3,burst_trial-0.4,burst_trial,0.4,21,362.3359999999993,1,600,1,1.0,1,1,1,1.0,1,1,1,pérdida contigua en ensayo,True,1,1,0,0.0,1,1,0,0.0,400,298,45,True,0.49666666666666665,medio,498.0,medio,40-60,0,0,0,0
s06-r3-burst_trial-0.4,6,3,burst_trial-0.4,burst_trial,0.4,22,370.7920000000013,2,600,1,2.0,1,2,1,2.0,1,2,1,pérdida contigua en ensayo,True,1,1,0,0.0,1,1,0,0.0,400,567,46,True,0.945,fin,767.0,fin,80-100,0,0,0,0
s06-r3-burst_trial-0.4,6,3,burst_trial-0.4,burst_trial,0.4,23,379.0279999999984,1,600,1,1.0,1,1,1,1.0,1,1,1,pérdida contigua en ensayo,True,1,1,0,0.0,1,1,0,0.0,400,234,47,True,0.39,medio,434.0,medio,20-40,0,0,0,0
s06-r4-burst_trial-0.1,6,4,burst_trial-0.1,burst_trial,0.1,0,1.0,2,900,1,1.0,1,1,1,2.0,1,2,1,pérdida contigua en ensayo,True,0,0,0,0.0,1,1,0,0.0,100,292,0,True,0.3244444444444444,inicio,342.0,medio,20-40,0,0,0,0
s06-r4-burst_trial-0.1,6,4,burst_trial-0.1,burst_trial,0.1,1,9.011999999998809,1,900,1,1.0,1,1,1,2.0,1,2,1,pérdida contigua en ensayo,True,1,1,0,0.0,0,0,0,0.0,100,94,1,True,0.10444444444444445,inicio,144.0,inicio,0-20,0,0,0,0
s06-r4-burst_trial-0.1,6,4,burst_trial-0.1,burst_trial,0.1,2,16.684000000001106,1,900,1,1.0,1,1,1,1.0,1,1,1,pérdida contigua en ensayo,True,1,1,0,0.0,1,1,0,0.0,100,802,2,True,0.8911111111111111,fin,852.0,fin,80-100,0,0,0,0
s06-r4-burst_trial-0.1,6,4,burst_trial-0.1,burst_trial,0.1,3,40.96800000000076,2,900,1,1.0,1,1,1,1.0,1,1,1,pérdida contigua en ensayo,True,0,0,0,0.0,0,0,0,0.0,100,611,5,True,0.6788888888888889,fin,661.0,medio,60-80,0,0,0,0
s06-r4-burst_trial-0.1,6,4,burst_trial-0.1,burst_trial,0.1,4,64.56000000000131,1,900,1,1.0,1,1,1,1.0,1,1,1,pérdida contigua en ensayo,True,1,1,0,0.0,1,1,0,0.0,100,642,8,True,0.7133333333333334,fin,692.0,fin,60-80,0,0,0,0
s06-r4-burst_trial-0.1,6,4,burst_trial-0.1,burst_trial,0.1,5,80.17599999999948,1,900,1,1.0,1,1,1,1.0,1,1,1,pérdida contigua en ensayo,True,1,1,0,0.0,1,1,0,0.0,100,575,10,True,0.6388888888888888,medio,625.0,medio,60-80,0,0,0,0
s06-r4-burst_trial-0.1,6,4,burst_trial-0.1,burst_trial,0.1,6,87.75600000000122,1,900,1,1.0,1,1,1,1.0,1,1,1,pérdida contigua en ensayo,True,1,1,0,0.0,1,1,0,0.0,100,208,11,True,0.2311111111111111,inicio,258.0,inicio,20-40,0,0,0,0
s06-r4-burst_trial-0.1,6,4,burst_trial-0.1,burst_trial,0.1,7,95.64400000000025,2,900,1,2.0,1,2,1,2.0,1,2,1,pérdida contigua en ensayo,True,1,1,0,0.0,1,1,0,0.0,100,780,12,True,0.8666666666666667,fin,830.0,fin,80-100,0,0,0,0
s06-r4-burst_trial-0.1,6,4,burst_trial-0.1,burst_trial,0.1,8,119.76800000000004,2,900,1,1.0,1,1,1,2.0,1,2,1,pérdida contigua en ensayo,True,0,0,0,0.0,1,1,0,0.0,100,328,15,True,0.36444444444444446,medio,378.0,medio,20-40,0,0,0,0
s06-r4-burst_trial-0.1,6,4,burst_trial-0.1,burst_trial,0.1,9,169.07200000000012,2,900,1,1.0,1,1,1,2.0,1,2,1,pérdida contigua en ensayo,True,0,0,0,0.0,1,1,0,0.0,100,692,21,True,0.7688888888888888,fin,742.0,fin,60-80,0,0,0,0
s06-r4-burst_trial-0.1,6,4,burst_trial-0.1,burst_trial,0.1,10,176.72000000000116,2,900,1,1.0,1,1,1,2.0,1,2,1,pérdida contigua en ensayo,True,0,0,0,0.0,1,1,0,0.0,100,521,22,True,0.5788888888888889,medio,571.0,medio,40-60,0,0,0,0
s06-r4-burst_trial-0.1,6,4,burst_trial-0.1,burst_trial,0.1,11,192.65599999999904,1,900,1,1.0,1,1,1,2.0,1,2,1,pérdida contigua en ensayo,True,1,1,0,0.0,0,0,0,0.0,100,640,24,True,0.7111111111111111,fin,690.0,fin,60-80,0,0,0,0
s06-r4-burst_trial-0.1,6,4,burst_trial-0.1,burst_trial,0.1,12,200.5,2,900,1,1.0,1,1,1,1.0,1,1,1,pérdida contigua en ensayo,True,0,0,0,0.0,0,0,0,0.0,100,492,25,True,0.5466666666666666,medio,542.0,medio,40-60,0,0,0,0
s06-r4-burst_trial-0.1,6,4,burst_trial-0.1,burst_trial,0.1,13,208.91600000000108,2,900,1,1.0,1,1,1,1.0,1,1,1,pérdida contigua en ensayo,True,0,0,0,0.0,0,0,0,0.0,100,11,26,True,0.012222222222222223,inicio,61.0,inicio,0-20,0,0,0,0
s06-r4-burst_trial-0.1,6,4,burst_trial-0.1,burst_trial,0.1,14,216.9320000000007,2,900,1,1.0,1,1,1,2.0,1,2,1,pérdida contigua en ensayo,True,0,0,0,0.0,1,1,0,0.0,100,115,27,True,0.12777777777777777,inicio,165.0,inicio,0-20,0,0,0,0
s06-r4-burst_trial-0.1,6,4,burst_trial-0.1,burst_trial,0.1,15,241.2200000000012,1,900,1,1.0,1,1,1,1.0,1,1,1,pérdida contigua en ensayo,True,1,1,0,0.0,1,1,0,0.0,100,128,30,True,0.14222222222222222,inicio,178.0,inicio,0-20,0,0,0,0
s06-r4-burst_trial-0.1,6,4,burst_trial-0.1,burst_trial,0.1,16,258.0159999999996,1,900,1,1.0,1,1,1,1.0,1,1,1,pérdida contigua en ensayo,True,1,1,0,0.0,1,1,0,0.0,100,354,32,True,0.3933333333333333,medio,404.0,medio,20-40,0,0,0,0
s06-r4-burst_trial-0.1,6,4,burst_trial-0.1,burst_trial,0.1,17,274.5519999999997,1,900,1,1.0,1,1,1,1.0,1,1,1,pérdida contigua en ensayo,True,1,1,0,0.0,1,1,0,0.0,100,867,34,True,0.9633333333333334,fin,917.0,fin,80-100,0,0,0,0
s06-r4-burst_trial-0.1,6,4,burst_trial-0.1,burst_trial,0.1,18,290.887999999999,1,900,1,2.0,1,2,1,1.0,1,1,1,pérdida contigua en ensayo,True,0,0,0,0.0,1,1,0,0.0,100,781,36,True,0.8677777777777778,fin,831.0,fin,80-100,0,0,0,0
s06-r4-burst_trial-0.1,6,4,burst_trial-0.1,burst_trial,0.1,19,306.6280000000006,1,900,1,2.0,1,2,1,1.0,1,1,1,pérdida contigua en ensayo,True,0,0,0,0.0,1,1,0,0.0,100,107,38,True,0.11888888888888889,inicio,157.0,inicio,0-20,0,0,0,0
s06-r4-burst_trial-0.1,6,4,burst_trial-0.1,burst_trial,0.1,20,314.32800000000134,2,900,1,1.0,1,1,1,1.0,1,1,1,pérdida contigua en ensayo,True,0,0,0,0.0,0,0,0,0.0,100,236,39,True,0.26222222222222225,inicio,286.0,inicio,20-40,0,0,0,0
s06-r4-burst_trial-0.1,6,4,burst_trial-0.1,burst_trial,0.1,21,347.0,1,900,1,1.0,1,1,1,2.0,1,1,1,pérdida contigua en ensayo,True,1,1,0,0.0,0,1,1,1.0,100,56,43,True,0.06222222222222222,inicio,106.0,inicio,0-20,0,0,1,0
s06-r4-burst_trial-0.1,6,4,burst_trial-0.1,burst_trial,0.1,22,354.6239999999998,2,900,1,1.0,1,1,1,1.0,1,2,1,pérdida contigua en ensayo,True,0,0,0,0.0,0,1,1,1.0,100,665,44,True,0.7388888888888889,fin,715.0,fin,60-80,0,0,1,0
s06-r4-burst_trial-0.1,6,4,burst_trial-0.1,burst_trial,0.1,23,370.7920000000013,2,900,1,2.0,1,2,1,2.0,1,2,1,pérdida contigua en ensayo,True,1,1,0,0.0,1,1,0,0.0,100,614,46,True,0.6822222222222222,fin,664.0,medio,60-80,0,0,0,0
s06-r4-burst_trial-0.25,6,4,burst_trial-0.25,burst_trial,0.25,0,1.0,2,750,1,2.0,1,1,1,1.0,1,2,1,pérdida contigua en ensayo,True,1,0,1,1.0,0,1,1,1.0,250,664,0,True,0.8853333333333333,fin,789.0,fin,80-100,0,1,1,0
s06-r4-burst_trial-0.25,6,4,burst_trial-0.25,burst_trial,0.25,1,9.011999999998809,1,750,1,1.0,1,1,1,1.0,1,2,1,pérdida contigua en ensayo,True,1,1,0,0.0,1,0,1,1.0,250,723,1,True,0.964,fin,848.0,fin,80-100,0,0,0,1
s06-r4-burst_trial-0.25,6,4,burst_trial-0.25,burst_trial,0.25,2,16.684000000001106,1,750,1,1.0,1,1,1,1.0,1,1,1,pérdida contigua en ensayo,True,1,1,0,0.0,1,1,0,0.0,250,445,2,True,0.5933333333333334,medio,570.0,medio,40-60,0,0,0,0
s06-r4-burst_trial-0.25,6,4,burst_trial-0.25,burst_trial,0.25,3,40.96800000000076,2,750,1,1.0,1,1,1,2.0,1,1,1,pérdida contigua en ensayo,True,0,0,0,0.0,1,0,1,1.0,250,85,5,True,0.11333333333333333,inicio,210.0,inicio,0-20,0,0,0,1
s06-r4-burst_trial-0.25,6,4,burst_trial-0.25,burst_trial,0.25,4,64.56000000000131,1,750,1,1.0,1,1,1,1.0,1,1,1,pérdida contigua en ensayo,True,1,1,0,0.0,1,1,0,0.0,250,559,8,True,0.7453333333333333,fin,684.0,fin,60-80,0,0,0,0
s06-r4-burst_trial-0.25,6,4,burst_trial-0.25,burst_trial,0.25,5,80.17599999999948,1,750,1,1.0,1,1,1,1.0,1,1,1,pérdida contigua en ensayo,True,1,1,0,0.0,1,1,0,0.0,250,721,10,True,0.9613333333333334,fin,846.0,fin,80-100,0,0,0,0
s06-r4-burst_trial-0.25,6,4,burst_trial-0.25,burst_trial,0.25,6,87.75600000000122,1,750,1,1.0,1,1,1,1.0,1,1,1,pérdida contigua en ensayo,True,1,1,0,0.0,1,1,0,0.0,250,727,11,True,0.9693333333333334,fin,852.0,fin,80-100,0,0,0,0
s06-r4-burst_trial-0.25,6,4,burst_trial-0.25,burst_trial,0.25,7,95.64400000000025,2,750,1,2.0,1,2,1,2.0,1,2,1,pérdida contigua en ensayo,True,1,1,0,0.0,1,1,0,0.0,250,232,12,True,0.30933333333333335,inicio,357.0,medio,20-40,0,0,0,0
s06-r4-burst_trial-0.25,6,4,burst_trial-0.25,burst_trial,0.25,8,119.76800000000004,2,750,1,1.0,1,1,1,1.0,1,2,1,pérdida contigua en ensayo,True,0,0,0,0.0,0,1,1,1.0,250,361,15,True,0.48133333333333334,medio,486.0,medio,40-60,0,0,1,0
s06-r4-burst_trial-0.25,6,4,burst_trial-0.25,burst_trial,0.25,9,169.07200000000012,2,750,1,1.0,1,1,1,2.0,1,2,1,pérdida contigua en ensayo,True,0,0,0,0.0,1,1,0,0.0,250,359,21,True,0.4786666666666667,medio,484.0,medio,40-60,0,0,0,0
s06-r4-burst_trial-0.25,6,4,burst_trial-0.25,burst_trial,0.25,10,176.72000000000116,2,750,1,1.0,1,1,1,1.0,1,2,1,pérdida contigua en ensayo,True,0,0,0,0.0,0,1,1,1.0,250,199,22,True,0.2653333333333333,inicio,324.0,inicio,20-40,0,0,1,0
s06-r4-burst_trial-0.25,6,4,burst_trial-0.25,burst_trial,0.25,11,192.65599999999904,1,750,1,1.0,1,1,1,1.0,1,2,1,pérdida contigua en ensayo,True,1,1,0,0.0,1,0,1,1.0,250,118,24,True,0.15733333333333333,inicio,243.0,inicio,0-20,0,0,0,1
s06-r4-burst_trial-0.25,6,4,burst_trial-0.25,burst_trial,0.25,12,200.5,2,750,1,1.0,1,1,1,2.0,1,1,1,pérdida contigua en ensayo,True,0,0,0,0.0,1,0,1,1.0,250,664,25,True,0.8853333333333333,fin,789.0,fin,80-100,0,0,0,1
s06-r4-burst_trial-0.25,6,4,burst_trial-0.25,burst_trial,0.25,13,208.91600000000108,2,750,1,1.0,1,1,1,1.0,1,1,1,pérdida contigua en ensayo,True,0,0,0,0.0,0,0,0,0.0,250,654,26,True,0.872,fin,779.0,fin,80-100,0,0,0,0
s06-r4-burst_trial-0.25,6,4,burst_trial-0.25,burst_trial,0.25,14,216.9320000000007,2,750,1,1.0,1,1,1,2.0,1,2,1,pérdida contigua en ensayo,True,0,0,0,0.0,1,1,0,0.0,250,113,27,True,0.15066666666666667,inicio,238.0,inicio,0-20,0,0,0,0
s06-r4-burst_trial-0.25,6,4,burst_trial-0.25,burst_trial,0.25,15,241.2200000000012,1,750,1,1.0,1,1,1,1.0,1,1,1,pérdida contigua en ensayo,True,1,1,0,0.0,1,1,0,0.0,250,395,30,True,0.5266666666666666,medio,520.0,medio,40-60,0,0,0,0
s06-r4-burst_trial-0.25,6,4,burst_trial-0.25,burst_trial,0.25,16,258.0159999999996,1,750,1,1.0,1,1,1,1.0,1,1,1,pérdida contigua en ensayo,True,1,1,0,0.0,1,1,0,0.0,250,462,32,True,0.616,medio,587.0,medio,60-80,0,0,0,0
s06-r4-burst_trial-0.25,6,4,burst_trial-0.25,burst_trial,0.25,17,274.5519999999997,1,750,1,1.0,1,1,1,1.0,1,1,1,pérdida contigua en ensayo,True,1,1,0,0.0,1,1,0,0.0,250,69,34,True,0.092,inicio,194.0,inicio,0-20,0,0,0,0
s06-r4-burst_trial-0.25,6,4,burst_trial-0.25,burst_trial,0.25,18,290.887999999999,1,750,1,1.0,1,2,1,1.0,1,1,1,pérdida contigua en ensayo,True,1,0,1,1.0,1,1,0,0.0,250,299,36,True,0.39866666666666667,medio,424.0,medio,20-40,0,1,0,0
s06-r4-burst_trial-0.25,6,4,burst_trial-0.25,burst_trial,0.25,19,306.6280000000006,1,750,1,2.0,1,2,1,1.0,1,1,1,pérdida contigua en ensayo,True,0,0,0,0.0,1,1,0,0.0,250,150,38,True,0.2,inicio,275.0,inicio,0-20,0,0,0,0
s06-r4-burst_trial-0.25,6,4,burst_trial-0.25,burst_trial,0.25,20,314.32800000000134,2,750,1,1.0,1,1,1,1.0,1,1,1,pérdida contigua en ensayo,True,0,0,0,0.0,0,0,0,0.0,250,584,39,True,0.7786666666666666,fin,709.0,fin,60-80,0,0,0,0
s06-r4-burst_trial-0.25,6,4,burst_trial-0.25,burst_trial,0.25,21,347.0,1,750,1,1.0,1,1,1,1.0,1,1,1,pérdida contigua en ensayo,True,1,1,0,0.0,1,1,0,0.0,250,681,43,True,0.908,fin,806.0,fin,80-100,0,0,0,0
s06-r4-burst_trial-0.25,6,4,burst_trial-0.25,burst_trial,0.25,22,354.6239999999998,2,750,1,1.0,1,1,1,2.0,1,2,1,pérdida contigua en ensayo,True,0,0,0,0.0,1,1,0,0.0,250,319,44,True,0.42533333333333334,medio,444.0,medio,40-60,0,0,0,0
s06-r4-burst_trial-0.25,6,4,burst_trial-0.25,burst_trial,0.25,23,370.7920000000013,2,750,1,2.0,1,2,1,2.0,1,2,1,pérdida contigua en ensayo,True,1,1,0,0.0,1,1,0,0.0,250,37,46,True,0.04933333333333333,inicio,162.0,inicio,0-20,0,0,0,0
s06-r4-burst_trial-0.4,6,4,burst_trial-0.4,burst_trial,0.4,0,1.0,2,600,1,1.0,1,1,1,1.0,1,2,1,pérdida contigua en ensayo,True,0,0,0,0.0,0,1,1,1.0,400,231,0,True,0.385,medio,431.0,medio,20-40,0,0,1,0
s06-r4-burst_trial-0.4,6,4,burst_trial-0.4,burst_trial,0.4,1,9.011999999998809,1,600,1,1.0,1,1,1,1.0,1,2,1,pérdida contigua en ensayo,True,1,1,0,0.0,1,0,1,1.0,400,116,1,True,0.19333333333333333,inicio,316.0,inicio,0-20,0,0,0,1
s06-r4-burst_trial-0.4,6,4,burst_trial-0.4,burst_trial,0.4,2,16.684000000001106,1,600,1,1.0,1,1,1,1.0,1,1,1,pérdida contigua en ensayo,True,1,1,0,0.0,1,1,0,0.0,400,220,2,True,0.36666666666666664,medio,420.0,medio,20-40,0,0,0,0
s06-r4-burst_trial-0.4,6,4,burst_trial-0.4,burst_trial,0.4,3,40.96800000000076,2,600,1,1.0,1,1,1,1.0,1,1,1,pérdida contigua en ensayo,True,0,0,0,0.0,0,0,0,0.0,400,452,5,True,0.7533333333333333,fin,652.0,medio,60-80,0,0,0,0
s06-r4-burst_trial-0.4,6,4,burst_trial-0.4,burst_trial,0.4,4,64.56000000000131,1,600,1,1.0,1,1,1,1.0,1,1,1,pérdida contigua en ensayo,True,1,1,0,0.0,1,1,0,0.0,400,477,8,True,0.795,fin,677.0,fin,60-80,0,0,0,0
s06-r4-burst_trial-0.4,6,4,burst_trial-0.4,burst_trial,0.4,5,80.17599999999948,1,600,1,1.0,1,1,1,1.0,1,1,1,pérdida contigua en ensayo,True,1,1,0,0.0,1,1,0,0.0,400,495,10,True,0.825,fin,695.0,fin,80-100,0,0,0,0
s06-r4-burst_trial-0.4,6,4,burst_trial-0.4,burst_trial,0.4,6,87.75600000000122,1,600,1,1.0,1,1,1,1.0,1,1,1,pérdida contigua en ensayo,True,1,1,0,0.0,1,1,0,0.0,400,240,11,True,0.4,medio,440.0,medio,20-40,0,0,0,0
s06-r4-burst_trial-0.4,6,4,burst_trial-0.4,burst_trial,0.4,7,95.64400000000025,2,600,1,2.0,1,2,1,1.0,1,2,1,pérdida contigua en ensayo,True,1,1,0,0.0,0,1,1,1.0,400,245,12,True,0.4083333333333333,medio,445.0,medio,40-60,0,0,1,0
s06-r4-burst_trial-0.4,6,4,burst_trial-0.4,burst_trial,0.4,8,119.76800000000004,2,600,1,1.0,1,1,1,1.0,1,2,1,pérdida contigua en ensayo,True,0,0,0,0.0,0,1,1,1.0,400,45,15,True,0.075,inicio,245.0,inicio,0-20,0,0,1,0
s06-r4-burst_trial-0.4,6,4,burst_trial-0.4,burst_trial,0.4,9,169.07200000000012,2,600,1,1.0,1,1,1,2.0,1,2,1,pérdida contigua en ensayo,True,0,0,0,0.0,1,1,0,0.0,400,549,21,True,0.915,fin,749.0,fin,80-100,0,0,0,0
s06-r4-burst_trial-0.4,6,4,burst_trial-0.4,burst_trial,0.4,10,176.72000000000116,2,600,1,1.0,1,1,1,2.0,1,2,1,pérdida contigua en ensayo,True,0,0,0,0.0,1,1,0,0.0,400,353,22,True,0.5883333333333334,medio,553.0,medio,40-60,0,0,0,0
s06-r4-burst_trial-0.4,6,4,burst_trial-0.4,burst_trial,0.4,11,192.65599999999904,1,600,1,1.0,1,1,1,1.0,1,2,1,pérdida contigua en ensayo,True,1,1,0,0.0,1,0,1,1.0,400,301,24,True,0.5016666666666667,medio,501.0,medio,40-60,0,0,0,1
s06-r4-burst_trial-0.4,6,4,burst_trial-0.4,burst_trial,0.4,12,200.5,2,600,1,1.0,1,1,1,1.0,1,1,1,pérdida contigua en ensayo,True,0,0,0,0.0,0,0,0,0.0,400,339,25,True,0.565,medio,539.0,medio,40-60,0,0,0,0
s06-r4-burst_trial-0.4,6,4,burst_trial-0.4,burst_trial,0.4,13,208.91600000000108,2,600,1,1.0,1,1,1,1.0,1,1,1,pérdida contigua en ensayo,True,0,0,0,0.0,0,0,0,0.0,400,483,26,True,0.805,fin,683.0,fin,80-100,0,0,0,0
s06-r4-burst_trial-0.4,6,4,burst_trial-0.4,burst_trial,0.4,14,216.9320000000007,2,600,1,1.0,1,1,1,1.0,1,2,1,pérdida contigua en ensayo,True,0,0,0,0.0,0,1,1,1.0,400,141,27,True,0.235,inicio,341.0,medio,20-40,0,0,1,0
s06-r4-burst_trial-0.4,6,4,burst_trial-0.4,burst_trial,0.4,15,241.2200000000012,1,600,1,1.0,1,1,1,1.0,1,1,1,pérdida contigua en ensayo,True,1,1,0,0.0,1,1,0,0.0,400,257,30,True,0.42833333333333334,medio,457.0,medio,40-60,0,0,0,0
s06-r4-burst_trial-0.4,6,4,burst_trial-0.4,burst_trial,0.4,16,258.0159999999996,1,600,1,2.0,1,1,1,1.0,1,1,1,pérdida contigua en ensayo,True,0,1,1,1.0,1,1,0,0.0,400,475,32,True,0.7916666666666666,fin,675.0,fin,60-80,1,0,0,0
s06-r4-burst_trial-0.4,6,4,burst_trial-0.4,burst_trial,0.4,17,274.5519999999997,1,600,1,1.0,1,1,1,1.0,1,1,1,pérdida contigua en ensayo,True,1,1,0,0.0,1,1,0,0.0,400,284,34,True,0.47333333333333333,medio,484.0,medio,40-60,0,0,0,0
s06-r4-burst_trial-0.4,6,4,burst_trial-0.4,burst_trial,0.4,18,290.887999999999,1,600,1,2.0,1,2,1,1.0,1,1,1,pérdida contigua en ensayo,True,0,0,0,0.0,1,1,0,0.0,400,414,36,True,0.69,fin,614.0,medio,60-80,0,0,0,0
s06-r4-burst_trial-0.4,6,4,burst_trial-0.4,burst_trial,0.4,19,306.6280000000006,1,600,1,2.0,1,2,1,1.0,1,1,1,pérdida contigua en ensayo,True,0,0,0,0.0,1,1,0,0.0,400,2,38,True,0.0033333333333333335,inicio,202.0,inicio,0-20,0,0,0,0
s06-r4-burst_trial-0.4,6,4,burst_trial-0.4,burst_trial,0.4,20,314.32800000000134,2,600,1,2.0,1,1,1,1.0,1,1,1,pérdida contigua en ensayo,True,1,0,1,1.0,0,0,0,0.0,400,252,39,True,0.42,medio,452.0,medio,40-60,0,1,0,0
s06-r4-burst_trial-0.4,6,4,burst_trial-0.4,burst_trial,0.4,21,347.0,1,600,1,1.0,1,1,1,1.0,1,1,1,pérdida contigua en ensayo,True,1,1,0,0.0,1,1,0,0.0,400,379,43,True,0.6316666666666667,medio,579.0,medio,60-80,0,0,0,0
s06-r4-burst_trial-0.4,6,4,burst_trial-0.4,burst_trial,0.4,22,354.6239999999998,2,600,1,1.0,1,1,1,1.0,1,2,1,pérdida contigua en ensayo,True,0,0,0,0.0,0,1,1,1.0,400,403,44,True,0.6716666666666666,fin,603.0,medio,60-80,0,0,1,0
s06-r4-burst_trial-0.4,6,4,burst_trial-0.4,burst_trial,0.4,23,370.7920000000013,2,600,1,2.0,1,2,1,1.0,1,2,1,pérdida contigua en ensayo,True,1,1,0,0.0,0,1,1,1.0,400,317,46,True,0.5283333333333333,medio,517.0,medio,40-60,0,0,1,0
s07-r0-burst_trial-0.1,7,0,burst_trial-0.1,burst_trial,0.1,0,1.0,1,900,1,1.0,1,1,1,1.0,1,1,1,pérdida contigua en ensayo,True,1,1,0,0.0,1,1,0,0.0,100,664,0,True,0.7377777777777778,fin,714.0,fin,60-80,0,0,0,0
s07-r0-burst_trial-0.1,7,0,burst_trial-0.1,burst_trial,0.1,1,9.011999999999716,2,900,1,2.0,1,1,1,2.0,1,2,1,pérdida contigua en ensayo,True,1,0,1,1.0,1,1,0,0.0,100,245,1,True,0.2722222222222222,inicio,295.0,inicio,20-40,0,1,0,0
s07-r0-burst_trial-0.1,7,0,burst_trial-0.1,burst_trial,0.1,2,16.684000000000196,2,900,1,2.0,1,2,1,2.0,1,2,1,pérdida contigua en ensayo,True,1,1,0,0.0,1,1,0,0.0,100,609,2,True,0.6766666666666666,fin,659.0,medio,60-80,0,0,0,0
s07-r0-burst_trial-0.1,7,0,burst_trial-0.1,burst_trial,0.1,3,24.49200000000019,1,900,1,1.0,1,1,1,1.0,1,1,1,pérdida contigua en ensayo,True,1,1,0,0.0,1,1,0,0.0,100,860,3,True,0.9555555555555556,fin,910.0,fin,80-100,0,0,0,0
s07-r0-burst_trial-0.1,7,0,burst_trial-0.1,burst_trial,0.1,4,32.52400000000034,2,900,1,2.0,1,2,1,1.0,1,1,1,pérdida contigua en ensayo,True,1,1,0,0.0,0,0,0,0.0,100,243,4,True,0.27,inicio,293.0,inicio,20-40,0,0,0,0
s07-r0-burst_trial-0.1,7,0,burst_trial-0.1,burst_trial,0.1,5,40.96799999999985,1,900,1,1.0,1,1,1,1.0,1,1,1,pérdida contigua en ensayo,True,1,1,0,0.0,1,1,0,0.0,100,180,5,True,0.2,inicio,230.0,inicio,0-20,0,0,0,0
s07-r0-burst_trial-0.1,7,0,burst_trial-0.1,burst_trial,0.1,6,48.63600000000042,2,900,1,2.0,1,2,1,1.0,1,2,1,pérdida contigua en ensayo,True,1,1,0,0.0,0,1,1,1.0,100,28,6,True,0.03111111111111111,inicio,78.0,inicio,0-20,0,0,1,0
s07-r0-burst_trial-0.1,7,0,burst_trial-0.1,burst_trial,0.1,7,64.5600000000004,2,900,1,2.0,1,2,1,2.0,1,2,1,pérdida contigua en ensayo,True,1,1,0,0.0,1,1,0,0.0,100,572,8,True,0.6355555555555555,medio,622.0,medio,60-80,0,0,0,0
s07-r0-burst_trial-0.1,7,0,burst_trial-0.1,burst_trial,0.1,8,80.17600000000039,1,900,1,1.0,1,1,1,1.0,1,2,1,pérdida contigua en ensayo,True,1,1,0,0.0,1,0,1,1.0,100,748,10,True,0.8311111111111111,fin,798.0,fin,80-100,0,0,0,1
s07-r0-burst_trial-0.1,7,0,burst_trial-0.1,burst_trial,0.1,9,95.64400000000025,2,900,1,2.0,1,2,1,1.0,1,1,1,pérdida contigua en ensayo,True,1,1,0,0.0,0,0,0,0.0,100,187,12,True,0.20777777777777778,inicio,237.0,inicio,20-40,0,0,0,0
s07-r0-burst_trial-0.1,7,0,burst_trial-0.1,burst_trial,0.1,10,103.42000000000009,1,900,1,1.0,1,1,1,2.0,1,2,1,pérdida contigua en ensayo,True,1,1,0,0.0,0,0,0,0.0,100,364,13,True,0.40444444444444444,medio,414.0,medio,40-60,0,0,0,0
s07-r0-burst_trial-0.1,7,0,burst_trial-0.1,burst_trial,0.1,11,152.47199999999975,1,900,1,2.0,1,2,1,1.0,1,1,1,pérdida contigua en ensayo,True,0,0,0,0.0,1,1,0,0.0,100,820,19,True,0.9111111111111111,fin,870.0,fin,80-100,0,0,0,0
s07-r0-burst_trial-0.1,7,0,burst_trial-0.1,burst_trial,0.1,12,169.07200000000012,2,900,1,2.0,1,2,1,2.0,1,2,1,pérdida contigua en ensayo,True,1,1,0,0.0,1,1,0,0.0,100,271,21,True,0.3011111111111111,inicio,321.0,inicio,20-40,0,0,0,0
s07-r0-burst_trial-0.1,7,0,burst_trial-0.1,burst_trial,0.1,13,176.72000000000023,1,900,1,1.0,1,1,1,2.0,1,2,1,pérdida contigua en ensayo,True,1,1,0,0.0,0,0,0,0.0,100,774,22,True,0.86,fin,824.0,fin,80-100,0,0,0,0
s07-r0-burst_trial-0.1,7,0,burst_trial-0.1,burst_trial,0.1,14,184.84400000000005,1,900,1,1.0,1,1,1,1.0,1,1,1,pérdida contigua en ensayo,True,1,1,0,0.0,1,1,0,0.0,100,275,23,True,0.3055555555555556,inicio,325.0,inicio,20-40,0,0,0,0
s07-r0-burst_trial-0.1,7,0,burst_trial-0.1,burst_trial,0.1,15,208.91600000000017,1,900,1,1.0,1,1,1,1.0,1,1,1,pérdida contigua en ensayo,True,1,1,0,0.0,1,1,0,0.0,100,830,26,True,0.9222222222222223,fin,880.0,fin,80-100,0,0,0,0
s07-r0-burst_trial-0.1,7,0,burst_trial-0.1,burst_trial,0.1,16,241.22000000000023,1,900,1,2.0,1,2,1,1.0,1,1,1,pérdida contigua en ensayo,True,0,0,0,0.0,1,1,0,0.0,100,282,30,True,0.31333333333333335,inicio,332.0,inicio,20-40,0,0,0,0
s07-r0-burst_trial-0.1,7,0,burst_trial-0.1,burst_trial,0.1,17,249.6480000000001,2,900,1,2.0,1,2,1,2.0,1,2,1,pérdida contigua en ensayo,True,1,1,0,0.0,1,1,0,0.0,100,80,31,True,0.08888888888888889,inicio,130.0,inicio,0-20,0,0,0,0
s07-r0-burst_trial-0.1,7,0,burst_trial-0.1,burst_trial,0.1,18,258.0159999999996,1,900,1,2.0,1,2,1,2.0,1,2,1,pérdida contigua en ensayo,True,0,0,0,0.0,0,0,0,0.0,100,309,32,True,0.3433333333333333,medio,359.0,medio,20-40,0,0,0,0
s07-r0-burst_trial-0.1,7,0,burst_trial-0.1,burst_trial,0.1,19,266.3800000000001,2,900,1,2.0,1,2,1,2.0,1,2,1,pérdida contigua en ensayo,True,1,1,0,0.0,1,1,0,0.0,100,385,33,True,0.42777777777777776,medio,435.0,medio,40-60,0,0,0,0
s07-r0-burst_trial-0.1,7,0,burst_trial-0.1,burst_trial,0.1,20,274.5519999999997,2,900,1,2.0,1,2,1,2.0,1,2,1,pérdida contigua en ensayo,True,1,1,0,0.0,1,1,0,0.0,100,823,34,True,0.9144444444444444,fin,873.0,fin,80-100,0,0,0,0
s07-r0-burst_trial-0.1,7,0,burst_trial-0.1,burst_trial,0.1,21,282.808,1,900,1,2.0,1,1,1,1.0,1,2,1,pérdida contigua en ensayo,True,0,1,1,1.0,1,0,1,1.0,100,865,35,True,0.9611111111111111,fin,915.0,fin,80-100,1,0,0,1
s07-r0-burst_trial-0.1,7,0,burst_trial-0.1,burst_trial,0.1,22,290.8879999999999,2,900,1,2.0,1,2,1,2.0,1,2,1,pérdida contigua en ensayo,True,1,1,0,0.0,1,1,0,0.0,100,560,36,True,0.6222222222222222,medio,610.0,medio,60-80,0,0,0,0
s07-r0-burst_trial-0.1,7,0,burst_trial-0.1,burst_trial,0.1,23,306.6279999999997,2,900,1,2.0,1,2,1,2.0,1,2,1,pérdida contigua en ensayo,True,1,1,0,0.0,1,1,0,0.0,100,491,38,True,0.5455555555555556,medio,541.0,medio,40-60,0,0,0,0
s07-r0-burst_trial-0.25,7,0,burst_trial-0.25,burst_trial,0.25,0,1.0,1,750,1,1.0,1,1,1,1.0,1,1,1,pérdida contigua en ensayo,True,1,1,0,0.0,1,1,0,0.0,250,582,0,True,0.776,fin,707.0,fin,60-80,0,0,0,0
s07-r0-burst_trial-0.25,7,0,burst_trial-0.25,burst_trial,0.25,1,9.011999999999716,2,750,1,1.0,1,1,1,1.0,1,2,1,pérdida contigua en ensayo,True,0,0,0,0.0,0,1,1,1.0,250,474,1,True,0.632,medio,599.0,medio,60-80,0,0,1,0
s07-r0-burst_trial-0.25,7,0,burst_trial-0.25,burst_trial,0.25,2,16.684000000000196,2,750,1,2.0,1,2,1,2.0,1,2,1,pérdida contigua en ensayo,True,1,1,0,0.0,1,1,0,0.0,250,292,2,True,0.3893333333333333,medio,417.0,medio,20-40,0,0,0,0
s07-r0-burst_trial-0.25,7,0,burst_trial-0.25,burst_trial,0.25,3,24.49200000000019,1,750,1,1.0,1,1,1,1.0,1,1,1,pérdida contigua en ensayo,True,1,1,0,0.0,1,1,0,0.0,250,741,3,True,0.988,fin,866.0,fin,80-100,0,0,0,0
s07-r0-burst_trial-0.25,7,0,burst_trial-0.25,burst_trial,0.25,4,32.52400000000034,2,750,1,2.0,1,2,1,1.0,1,1,1,pérdida contigua en ensayo,True,1,1,0,0.0,0,0,0,0.0,250,566,4,True,0.7546666666666667,fin,691.0,fin,60-80,0,0,0,0
s07-r0-burst_trial-0.25,7,0,burst_trial-0.25,burst_trial,0.25,5,40.96799999999985,1,750,1,1.0,1,1,1,1.0,1,1,1,pérdida contigua en ensayo,True,1,1,0,0.0,1,1,0,0.0,250,395,5,True,0.5266666666666666,medio,520.0,medio,40-60,0,0,0,0
s07-r0-burst_trial-0.25,7,0,burst_trial-0.25,burst_trial,0.25,6,48.63600000000042,2,750,1,2.0,1,2,1,2.0,1,2,1,pérdida contigua en ensayo,True,1,1,0,0.0,1,1,0,0.0,250,473,6,True,0.6306666666666667,medio,598.0,medio,60-80,0,0,0,0
s07-r0-burst_trial-0.25,7,0,burst_trial-0.25,burst_trial,0.25,7,64.5600000000004,2,750,1,2.0,1,2,1,2.0,1,2,1,pérdida contigua en ensayo,True,1,1,0,0.0,1,1,0,0.0,250,297,8,True,0.396,medio,422.0,medio,20-40,0,0,0,0
s07-r0-burst_trial-0.25,7,0,burst_trial-0.25,burst_trial,0.25,8,80.17600000000039,1,750,1,1.0,1,1,1,2.0,1,2,1,pérdida contigua en ensayo,True,1,1,0,0.0,0,0,0,0.0,250,306,10,True,0.408,medio,431.0,medio,40-60,0,0,0,0
s07-r0-burst_trial-0.25,7,0,burst_trial-0.25,burst_trial,0.25,9,95.64400000000025,2,750,1,2.0,1,2,1,1.0,1,1,1,pérdida contigua en ensayo,True,1,1,0,0.0,0,0,0,0.0,250,43,12,True,0.05733333333333333,inicio,168.0,inicio,0-20,0,0,0,0
s07-r0-burst_trial-0.25,7,0,burst_trial-0.25,burst_trial,0.25,10,103.42000000000009,1,750,1,1.0,1,1,1,2.0,1,2,1,pérdida contigua en ensayo,True,1,1,0,0.0,0,0,0,0.0,250,353,13,True,0.4706666666666667,medio,478.0,medio,40-60,0,0,0,0
s07-r0-burst_trial-0.25,7,0,burst_trial-0.25,burst_trial,0.25,11,152.47199999999975,1,750,1,2.0,1,2,1,1.0,1,1,1,pérdida contigua en ensayo,True,0,0,0,0.0,1,1,0,0.0,250,590,19,True,0.7866666666666666,fin,715.0,fin,60-80,0,0,0,0
s07-r0-burst_trial-0.25,7,0,burst_trial-0.25,burst_trial,0.25,12,169.07200000000012,2,750,1,1.0,1,2,1,1.0,1,2,1,pérdida contigua en ensayo,True,0,1,1,1.0,0,1,1,1.0,250,576,21,True,0.768,fin,701.0,fin,60-80,1,0,1,0
s07-r0-burst_trial-0.25,7,0,burst_trial-0.25,burst_trial,0.25,13,176.72000000000023,1,750,1,1.0,1,1,1,2.0,1,2,1,pérdida contigua en ensayo,True,1,1,0,0.0,0,0,0,0.0,250,600,22,True,0.8,fin,725.0,fin,60-80,0,0,0,0
s07-r0-burst_trial-0.25,7,0,burst_trial-0.25,burst_trial,0.25,14,184.84400000000005,1,750,1,2.0,1,1,1,1.0,1,1,1,pérdida contigua en ensayo,True,0,1,1,1.0,1,1,0,0.0,250,326,23,True,0.43466666666666665,medio,451.0,medio,40-60,1,0,0,0
s07-r0-burst_trial-0.25,7,0,burst_trial-0.25,burst_trial,0.25,15,208.91600000000017,1,750,1,1.0,1,1,1,1.0,1,1,1,pérdida contigua en ensayo,True,1,1,0,0.0,1,1,0,0.0,250,55,26,True,0.07333333333333333,inicio,180.0,inicio,0-20,0,0,0,0
s07-r0-burst_trial-0.25,7,0,burst_trial-0.25,burst_trial,0.25,16,241.22000000000023,1,750,1,2.0,1,2,1,1.0,1,1,1,pérdida contigua en ensayo,True,0,0,0,0.0,1,1,0,0.0,250,463,30,True,0.6173333333333333,medio,588.0,medio,60-80,0,0,0,0
s07-r0-burst_trial-0.25,7,0,burst_trial-0.25,burst_trial,0.25,17,249.6480000000001,2,750,1,2.0,1,2,1,2.0,1,2,1,pérdida contigua en ensayo,True,1,1,0,0.0,1,1,0,0.0,250,250,31,True,0.3333333333333333,inicio,375.0,medio,20-40,0,0,0,0
s07-r0-burst_trial-0.25,7,0,burst_trial-0.25,burst_trial,0.25,18,258.0159999999996,1,750,1,2.0,1,2,1,2.0,1,2,1,pérdida contigua en ensayo,True,0,0,0,0.0,0,0,0,0.0,250,437,32,True,0.5826666666666667,medio,562.0,medio,40-60,0,0,0,0
s07-r0-burst_trial-0.25,7,0,burst_trial-0.25,burst_trial,0.25,19,266.3800000000001,2,750,1,2.0,1,2,1,1.0,1,2,1,pérdida contigua en ensayo,True,1,1,0,0.0,0,1,1,1.0,250,72,33,True,0.096,inicio,197.0,inicio,0-20,0,0,1,0
s07-r0-burst_trial-0.25,7,0,burst_trial-0.25,burst_trial,0.25,20,274.5519999999997,2,750,1,2.0,1,2,1,2.0,1,2,1,pérdida contigua en ensayo,True,1,1,0,0.0,1,1,0,0.0,250,524,34,True,0.6986666666666667,fin,649.0,medio,60-80,0,0,0,0
s07-r0-burst_trial-0.25,7,0,burst_trial-0.25,burst_trial,0.25,21,282.808,1,750,1,1.0,1,1,1,2.0,1,2,1,pérdida contigua en ensayo,True,1,1,0,0.0,0,0,0,0.0,250,201,35,True,0.268,inicio,326.0,inicio,20-40,0,0,0,0
s07-r0-burst_trial-0.25,7,0,burst_trial-0.25,burst_trial,0.25,22,290.8879999999999,2,750,1,2.0,1,2,1,2.0,1,2,1,pérdida contigua en ensayo,True,1,1,0,0.0,1,1,0,0.0,250,107,36,True,0.14266666666666666,inicio,232.0,inicio,0-20,0,0,0,0
s07-r0-burst_trial-0.25,7,0,burst_trial-0.25,burst_trial,0.25,23,306.6279999999997,2,750,1,2.0,1,2,1,2.0,1,2,1,pérdida contigua en ensayo,True,1,1,0,0.0,1,1,0,0.0,250,2,38,True,0.0026666666666666666,inicio,127.0,inicio,0-20,0,0,0,0
s07-r0-burst_trial-0.4,7,0,burst_trial-0.4,burst_trial,0.4,0,1.0,1,600,1,2.0,1,1,1,2.0,1,1,1,pérdida contigua en ensayo,True,0,1,1,1.0,0,1,1,1.0,400,386,0,True,0.6433333333333333,medio,586.0,medio,60-80,1,0,1,0
s07-r0-burst_trial-0.4,7,0,burst_trial-0.4,burst_trial,0.4,1,9.011999999999716,2,600,1,2.0,1,1,1,1.0,1,2,1,pérdida contigua en ensayo,True,1,0,1,1.0,0,1,1,1.0,400,101,1,True,0.16833333333333333,inicio,301.0,inicio,0-20,0,1,1,0
s07-r0-burst_trial-0.4,7,0,burst_trial-0.4,burst_trial,0.4,2,16.684000000000196,2,600,1,1.0,1,2,1,1.0,1,2,1,pérdida contigua en ensayo,True,0,1,1,1.0,0,1,1,1.0,400,80,2,True,0.13333333333333333,inicio,280.0,inicio,0-20,1,0,1,0
s07-r0-burst_trial-0.4,7,0,burst_trial-0.4,burst_trial,0.4,3,24.49200000000019,1,600,1,2.0,1,1,1,1.0,1,1,1,pérdida contigua en ensayo,True,0,1,1,1.0,1,1,0,0.0,400,449,3,True,0.7483333333333333,fin,649.0,medio,60-80,1,0,0,0
s07-r0-burst_trial-0.4,7,0,burst_trial-0.4,burst_trial,0.4,4,32.52400000000034,2,600,1,2.0,1,2,1,1.0,1,1,1,pérdida contigua en ensayo,True,1,1,0,0.0,0,0,0,0.0,400,6,4,True,0.01,inicio,206.0,inicio,0-20,0,0,0,0
s07-r0-burst_trial-0.4,7,0,burst_trial-0.4,burst_trial,0.4,5,40.96799999999985,1,600,1,1.0,1,1,1,1.0,1,1,1,pérdida contigua en ensayo,True,1,1,0,0.0,1,1,0,0.0,400,381,5,True,0.635,medio,581.0,medio,60-80,0,0,0,0
s07-r0-burst_trial-0.4,7,0,burst_trial-0.4,burst_trial,0.4,6,48.63600000000042,2,600,1,2.0,1,2,1,1.0,1,2,1,pérdida contigua en ensayo,True,1,1,0,0.0,0,1,1,1.0,400,10,6,True,0.016666666666666666,inicio,210.0,inicio,0-20,0,0,1,0
s07-r0-burst_trial-0.4,7,0,burst_trial-0.4,burst_trial,0.4,7,64.5600000000004,2,600,1,2.0,1,2,1,1.0,1,2,1,pérdida contigua en ensayo,True,1,1,0,0.0,0,1,1,1.0,400,581,8,True,0.9683333333333334,fin,781.0,fin,80-100,0,0,1,0
s07-r0-burst_trial-0.4,7,0,burst_trial-0.4,burst_trial,0.4,8,80.17600000000039,1,600,1,1.0,1,1,1,1.0,1,2,1,pérdida contigua en ensayo,True,1,1,0,0.0,1,0,1,1.0,400,410,10,True,0.6833333333333333,fin,610.0,medio,60-80,0,0,0,1
s07-r0-burst_trial-0.4,7,0,burst_trial-0.4,burst_trial,0.4,9,95.64400000000025,2,600,1,1.0,1,2,1,1.0,1,1,1,pérdida contigua en ensayo,True,0,1,1,1.0,0,0,0,0.0,400,189,12,True,0.315,inicio,389.0,medio,20-40,1,0,0,0
s07-r0-burst_trial-0.4,7,0,burst_trial-0.4,burst_trial,0.4,10,103.42000000000009,1,600,1,1.0,1,1,1,1.0,1,2,1,pérdida contigua en ensayo,True,1,1,0,0.0,1,0,1,1.0,400,536,13,True,0.8933333333333333,fin,736.0,fin,80-100,0,0,0,1
s07-r0-burst_trial-0.4,7,0,burst_trial-0.4,burst_trial,0.4,11,152.47199999999975,1,600,1,2.0,1,2,1,1.0,1,1,1,pérdida contigua en ensayo,True,0,0,0,0.0,1,1,0,0.0,400,420,19,True,0.7,fin,620.0,medio,60-80,0,0,0,0
s07-r0-burst_trial-0.4,7,0,burst_trial-0.4,burst_trial,0.4,12,169.07200000000012,2,600,1,2.0,1,2,1,2.0,1,2,1,pérdida contigua en ensayo,True,1,1,0,0.0,1,1,0,0.0,400,189,21,True,0.315,inicio,389.0,medio,20-40,0,0,0,0
s07-r0-burst_trial-0.4,7,0,burst_trial-0.4,burst_trial,0.4,13,176.72000000000023,1,600,1,1.0,1,1,1,2.0,1,2,1,pérdida contigua en ensayo,True,1,1,0,0.0,0,0,0,0.0,400,318,22,True,0.53,medio,518.0,medio,40-60,0,0,0,0
s07-r0-burst_trial-0.4,7,0,burst_trial-0.4,burst_trial,0.4,14,184.84400000000005,1,600,1,2.0,1,1,1,1.0,1,1,1,pérdida contigua en ensayo,True,0,1,1,1.0,1,1,0,0.0,400,254,23,True,0.42333333333333334,medio,454.0,medio,40-60,1,0,0,0
s07-r0-burst_trial-0.4,7,0,burst_trial-0.4,burst_trial,0.4,15,208.91600000000017,1,600,1,1.0,1,1,1,1.0,1,1,1,pérdida contigua en ensayo,True,1,1,0,0.0,1,1,0,0.0,400,419,26,True,0.6983333333333334,fin,619.0,medio,60-80,0,0,0,0
s07-r0-burst_trial-0.4,7,0,burst_trial-0.4,burst_trial,0.4,16,241.22000000000023,1,600,1,2.0,1,2,1,1.0,1,1,1,pérdida contigua en ensayo,True,0,0,0,0.0,1,1,0,0.0,400,314,30,True,0.5233333333333333,medio,514.0,medio,40-60,0,0,0,0
s07-r0-burst_trial-0.4,7,0,burst_trial-0.4,burst_trial,0.4,17,249.6480000000001,2,600,1,2.0,1,2,1,2.0,1,2,1,pérdida contigua en ensayo,True,1,1,0,0.0,1,1,0,0.0,400,225,31,True,0.375,medio,425.0,medio,20-40,0,0,0,0
s07-r0-burst_trial-0.4,7,0,burst_trial-0.4,burst_trial,0.4,18,258.0159999999996,1,600,1,2.0,1,2,1,2.0,1,2,1,pérdida contigua en ensayo,True,0,0,0,0.0,0,0,0,0.0,400,181,32,True,0.3016666666666667,inicio,381.0,medio,20-40,0,0,0,0
s07-r0-burst_trial-0.4,7,0,burst_trial-0.4,burst_trial,0.4,19,266.3800000000001,2,600,1,2.0,1,2,1,2.0,1,2,1,pérdida contigua en ensayo,True,1,1,0,0.0,1,1,0,0.0,400,284,33,True,0.47333333333333333,medio,484.0,medio,40-60,0,0,0,0
s07-r0-burst_trial-0.4,7,0,burst_trial-0.4,burst_trial,0.4,20,274.5519999999997,2,600,1,2.0,1,2,1,2.0,1,2,1,pérdida contigua en ensayo,True,1,1,0,0.0,1,1,0,0.0,400,18,34,True,0.03,inicio,218.0,inicio,0-20,0,0,0,0
s07-r0-burst_trial-0.4,7,0,burst_trial-0.4,burst_trial,0.4,21,282.808,1,600,1,1.0,1,1,1,2.0,1,2,1,pérdida contigua en ensayo,True,1,1,0,0.0,0,0,0,0.0,400,88,35,True,0.14666666666666667,inicio,288.0,inicio,0-20,0,0,0,0
s07-r0-burst_trial-0.4,7,0,burst_trial-0.4,burst_trial,0.4,22,290.8879999999999,2,600,1,2.0,1,2,1,1.0,1,2,1,pérdida contigua en ensayo,True,1,1,0,0.0,0,1,1,1.0,400,531,36,True,0.885,fin,731.0,fin,80-100,0,0,1,0
s07-r0-burst_trial-0.4,7,0,burst_trial-0.4,burst_trial,0.4,23,306.6279999999997,2,600,1,2.0,1,2,1,2.0,1,2,1,pérdida contigua en ensayo,True,1,1,0,0.0,1,1,0,0.0,400,206,38,True,0.3433333333333333,medio,406.0,medio,20-40,0,0,0,0
s07-r1-burst_trial-0.1,7,1,burst_trial-0.1,burst_trial,0.1,0,16.683999999999287,2,900,1,2.0,1,2,1,2.0,1,2,1,pérdida contigua en ensayo,True,1,1,0,0.0,1,1,0,0.0,100,142,2,True,0.15777777777777777,inicio,192.0,inicio,0-20,0,0,0,0
s07-r1-burst_trial-0.1,7,1,burst_trial-0.1,burst_trial,0.1,1,24.49200000000019,1,900,1,1.0,1,1,1,2.0,1,2,1,pérdida contigua en ensayo,True,1,1,0,0.0,0,0,0,0.0,100,411,3,True,0.45666666666666667,medio,461.0,medio,40-60,0,0,0,0
s07-r1-burst_trial-0.1,7,1,burst_trial-0.1,burst_trial,0.1,2,32.52399999999943,1,900,1,1.0,1,1,1,2.0,1,2,1,pérdida contigua en ensayo,True,1,1,0,0.0,0,0,0,0.0,100,801,4,True,0.89,fin,851.0,fin,80-100,0,0,0,0
s07-r1-burst_trial-0.1,7,1,burst_trial-0.1,burst_trial,0.1,3,40.96800000000076,2,900,1,2.0,1,2,1,2.0,1,2,1,pérdida contigua en ensayo,True,1,1,0,0.0,1,1,0,0.0,100,538,5,True,0.5977777777777777,medio,588.0,medio,40-60,0,0,0,0
s07-r1-burst_trial-0.1,7,1,burst_trial-0.1,burst_trial,0.1,4,64.55999999999949,2,900,1,2.0,1,2,1,2.0,1,2,1,pérdida contigua en ensayo,True,1,1,0,0.0,1,1,0,0.0,100,66,8,True,0.07333333333333333,inicio,116.0,inicio,0-20,0,0,0,0
s07-r1-burst_trial-0.1,7,1,burst_trial-0.1,burst_trial,0.1,5,80.17599999999948,1,900,1,2.0,1,2,1,2.0,1,2,1,pérdida contigua en ensayo,True,0,0,0,0.0,0,0,0,0.0,100,74,10,True,0.08222222222222222,inicio,124.0,inicio,0-20,0,0,0,0
s07-r1-burst_trial-0.1,7,1,burst_trial-0.1,burst_trial,0.1,6,87.7559999999994,1,900,1,1.0,1,1,1,1.0,1,1,1,pérdida contigua en ensayo,True,1,1,0,0.0,1,1,0,0.0,100,55,11,True,0.06111111111111111,inicio,105.0,inicio,0-20,0,0,0,0
s07-r1-burst_trial-0.1,7,1,burst_trial-0.1,burst_trial,0.1,7,95.64400000000025,1,900,1,2.0,1,2,1,1.0,1,1,1,pérdida contigua en ensayo,True,0,0,0,0.0,1,1,0,0.0,100,690,12,True,0.7666666666666667,fin,740.0,fin,60-80,0,0,0,0
s07-r1-burst_trial-0.1,7,1,burst_trial-0.1,burst_trial,0.1,8,111.28800000000048,2,900,1,2.0,1,2,1,2.0,1,2,1,pérdida contigua en ensayo,True,1,1,0,0.0,1,1,0,0.0,100,1,14,True,0.0011111111111111111,inicio,51.0,inicio,0-20,0,0,0,0
s07-r1-burst_trial-0.1,7,1,burst_trial-0.1,burst_trial,0.1,9,119.76800000000004,2,900,1,2.0,1,2,1,2.0,1,2,1,pérdida contigua en ensayo,True,1,1,0,0.0,1,1,0,0.0,100,221,15,True,0.24555555555555555,inicio,271.0,inicio,20-40,0,0,0,0
s07-r1-burst_trial-0.1,7,1,burst_trial-0.1,burst_trial,0.1,10,127.79999999999929,1,900,1,1.0,1,1,1,1.0,1,1,1,pérdida contigua en ensayo,True,1,1,0,0.0,1,1,0,0.0,100,498,16,True,0.5533333333333333,medio,548.0,medio,40-60,0,0,0,0
s07-r1-burst_trial-0.1,7,1,burst_trial-0.1,burst_trial,0.1,11,136.0640000000003,1,900,1,1.0,1,1,1,1.0,1,1,1,pérdida contigua en ensayo,True,1,1,0,0.0,1,1,0,0.0,100,583,17,True,0.6477777777777778,medio,633.0,medio,60-80,0,0,0,0
s07-r1-burst_trial-0.1,7,1,burst_trial-0.1,burst_trial,0.1,12,152.47199999999975,1,900,1,2.0,1,2,1,2.0,1,2,1,pérdida contigua en ensayo,True,0,0,0,0.0,0,0,0,0.0,100,744,19,True,0.8266666666666667,fin,794.0,fin,80-100,0,0,0,0
s07-r1-burst_trial-0.1,7,1,burst_trial-0.1,burst_trial,0.1,13,160.7520000000004,2,900,1,2.0,1,2,1,2.0,1,2,1,pérdida contigua en ensayo,True,1,1,0,0.0,1,1,0,0.0,100,365,20,True,0.40555555555555556,medio,415.0,medio,40-60,0,0,0,0
s07-r1-burst_trial-0.1,7,1,burst_trial-0.1,burst_trial,0.1,14,192.6560000000009,1,900,1,2.0,1,2,1,2.0,1,2,1,pérdida contigua en ensayo,True,0,0,0,0.0,0,0,0,0.0,100,715,24,True,0.7944444444444444,fin,765.0,fin,60-80,0,0,0,0
s07-r1-burst_trial-0.1,7,1,burst_trial-0.1,burst_trial,0.1,15,216.9320000000007,2,900,1,2.0,1,2,1,2.0,1,2,1,pérdida contigua en ensayo,True,1,1,0,0.0,1,1,0,0.0,100,686,27,True,0.7622222222222222,fin,736.0,fin,60-80,0,0,0,0
s07-r1-burst_trial-0.1,7,1,burst_trial-0.1,burst_trial,0.1,16,241.21999999999932,2,900,1,2.0,1,2,1,2.0,1,2,1,pérdida contigua en ensayo,True,1,1,0,0.0,1,1,0,0.0,100,134,30,True,0.14888888888888888,inicio,184.0,inicio,0-20,0,0,0,0
s07-r1-burst_trial-0.1,7,1,burst_trial-0.1,burst_trial,0.1,17,249.64799999999923,1,900,1,2.0,1,2,1,1.0,1,1,1,pérdida contigua en ensayo,True,0,0,0,0.0,1,1,0,0.0,100,387,31,True,0.43,medio,437.0,medio,40-60,0,0,0,0
s07-r1-burst_trial-0.1,7,1,burst_trial-0.1,burst_trial,0.1,18,258.0159999999996,2,900,1,2.0,1,2,1,1.0,1,1,1,pérdida contigua en ensayo,True,1,1,0,0.0,0,0,0,0.0,100,619,32,True,0.6877777777777778,fin,669.0,fin,60-80,0,0,0,0
s07-r1-burst_trial-0.1,7,1,burst_trial-0.1,burst_trial,0.1,19,306.6280000000006,1,900,1,1.0,1,1,1,1.0,1,1,1,pérdida contigua en ensayo,True,1,1,0,0.0,1,1,0,0.0,100,47,38,True,0.052222222222222225,inicio,97.0,inicio,0-20,0,0,0,0
s07-r1-burst_trial-0.1,7,1,burst_trial-0.1,burst_trial,0.1,20,322.65200000000004,2,900,1,2.0,1,2,1,2.0,1,2,1,pérdida contigua en ensayo,True,1,1,0,0.0,1,1,0,0.0,100,57,40,True,0.06333333333333334,inicio,107.0,inicio,0-20,0,0,0,0
s07-r1-burst_trial-0.1,7,1,burst_trial-0.1,burst_trial,0.1,21,338.52399999999943,2,900,1,2.0,1,2,1,2.0,1,2,1,pérdida contigua en ensayo,True,1,1,0,0.0,1,1,0,0.0,100,581,42,True,0.6455555555555555,medio,631.0,medio,60-80,0,0,0,0
s07-r1-burst_trial-0.1,7,1,burst_trial-0.1,burst_trial,0.1,22,362.3359999999993,2,900,1,2.0,1,2,1,2.0,1,2,1,pérdida contigua en ensayo,True,1,1,0,0.0,1,1,0,0.0,100,226,45,True,0.2511111111111111,inicio,276.0,inicio,20-40,0,0,0,0
s07-r1-burst_trial-0.1,7,1,burst_trial-0.1,burst_trial,0.1,23,379.02800000000025,1,900,1,1.0,1,1,1,1.0,1,1,1,pérdida contigua en ensayo,True,1,1,0,0.0,1,1,0,0.0,100,509,47,True,0.5655555555555556,medio,559.0,medio,40-60,0,0,0,0
s07-r1-burst_trial-0.25,7,1,burst_trial-0.25,burst_trial,0.25,0,16.683999999999287,2,750,1,2.0,1,2,1,2.0,1,2,1,pérdida contigua en ensayo,True,1,1,0,0.0,1,1,0,0.0,250,287,2,True,0.38266666666666665,medio,412.0,medio,20-40,0,0,0,0
s07-r1-burst_trial-0.25,7,1,burst_trial-0.25,burst_trial,0.25,1,24.49200000000019,1,750,1,1.0,1,1,1,2.0,1,2,1,pérdida contigua en ensayo,True,1,1,0,0.0,0,0,0,0.0,250,315,3,True,0.42,medio,440.0,medio,40-60,0,0,0,0
s07-r1-burst_trial-0.25,7,1,burst_trial-0.25,burst_trial,0.25,2,32.52399999999943,1,750,1,1.0,1,1,1,2.0,1,2,1,pérdida contigua en ensayo,True,1,1,0,0.0,0,0,0,0.0,250,46,4,True,0.06133333333333333,inicio,171.0,inicio,0-20,0,0,0,0
s07-r1-burst_trial-0.25,7,1,burst_trial-0.25,burst_trial,0.25,3,40.96800000000076,2,750,1,2.0,1,2,1,2.0,1,2,1,pérdida contigua en ensayo,True,1,1,0,0.0,1,1,0,0.0,250,602,5,True,0.8026666666666666,fin,727.0,fin,80-100,0,0,0,0
s07-r1-burst_trial-0.25,7,1,burst_trial-0.25,burst_trial,0.25,4,64.55999999999949,2,750,1,2.0,1,2,1,2.0,1,2,1,pérdida contigua en ensayo,True,1,1,0,0.0,1,1,0,0.0,250,621,8,True,0.828,fin,746.0,fin,80-100,0,0,0,0
s07-r1-burst_trial-0.25,7,1,burst_trial-0.25,burst_trial,0.25,5,80.17599999999948,1,750,1,2.0,1,2,1,1.0,1,2,1,pérdida contigua en ensayo,True,0,0,0,0.0,1,0,1,1.0,250,664,10,True,0.8853333333333333,fin,789.0,fin,80-100,0,0,0,1
s07-r1-burst_trial-0.25,7,1,burst_trial-0.25,burst_trial,0.25,6,87.7559999999994,1,750,1,1.0,1,1,1,1.0,1,1,1,pérdida contigua en ensayo,True,1,1,0,0.0,1,1,0,0.0,250,161,11,True,0.21466666666666667,inicio,286.0,inicio,20-40,0,0,0,0
s07-r1-burst_trial-0.25,7,1,burst_trial-0.25,burst_trial,0.25,7,95.64400000000025,1,750,1,2.0,1,2,1,1.0,1,1,1,pérdida contigua en ensayo,True,0,0,0,0.0,1,1,0,0.0,250,687,12,True,0.916,fin,812.0,fin,80-100,0,0,0,0
s07-r1-burst_trial-0.25,7,1,burst_trial-0.25,burst_trial,0.25,8,111.28800000000048,2,750,1,2.0,1,2,1,2.0,1,2,1,pérdida contigua en ensayo,True,1,1,0,0.0,1,1,0,0.0,250,195,14,True,0.26,inicio,320.0,inicio,20-40,0,0,0,0
s07-r1-burst_trial-0.25,7,1,burst_trial-0.25,burst_trial,0.25,9,119.76800000000004,2,750,1,2.0,1,2,1,1.0,1,2,1,pérdida contigua en ensayo,True,1,1,0,0.0,0,1,1,1.0,250,14,15,True,0.018666666666666668,inicio,139.0,inicio,0-20,0,0,1,0
s07-r1-burst_trial-0.25,7,1,burst_trial-0.25,burst_trial,0.25,10,127.79999999999929,1,750,1,1.0,1,1,1,1.0,1,1,1,pérdida contigua en ensayo,True,1,1,0,0.0,1,1,0,0.0,250,519,16,True,0.692,fin,644.0,medio,60-80,0,0,0,0
s07-r1-burst_trial-0.25,7,1,burst_trial-0.25,burst_trial,0.25,11,136.0640000000003,1,750,1,2.0,1,1,1,1.0,1,1,1,pérdida contigua en ensayo,True,0,1,1,1.0,1,1,0,0.0,250,328,17,True,0.43733333333333335,medio,453.0,medio,40-60,1,0,0,0
s07-r1-burst_trial-0.25,7,1,burst_trial-0.25,burst_trial,0.25,12,152.47199999999975,1,750,1,1.0,1,2,1,2.0,1,2,1,pérdida contigua en ensayo,True,1,0,1,1.0,0,0,0,0.0,250,385,19,True,0.5133333333333333,medio,510.0,medio,40-60,0,1,0,0
s07-r1-burst_trial-0.25,7,1,burst_trial-0.25,burst_trial,0.25,13,160.7520000000004,2,750,1,2.0,1,2,1,2.0,1,2,1,pérdida contigua en ensayo,True,1,1,0,0.0,1,1,0,0.0,250,444,20,True,0.592,medio,569.0,medio,40-60,0,0,0,0
s07-r1-burst_trial-0.25,7,1,burst_trial-0.25,burst_trial,0.25,14,192.6560000000009,1,750,1,2.0,1,2,1,2.0,1,2,1,pérdida contigua en ensayo,True,0,0,0,0.0,0,0,0,0.0,250,266,24,True,0.3546666666666667,medio,391.0,medio,20-40,0,0,0,0
s07-r1-burst_trial-0.25,7,1,burst_trial-0.25,burst_trial,0.25,15,216.9320000000007,2,750,1,2.0,1,2,1,2.0,1,2,1,pérdida contigua en ensayo,True,1,1,0,0.0,1,1,0,0.0,250,80,27,True,0.10666666666666667,inicio,205.0,inicio,0-20,0,0,0,0
s07-r1-burst_trial-0.25,7,1,burst_trial-0.25,burst_trial,0.25,16,241.21999999999932,2,750,1,2.0,1,2,1,1.0,1,2,1,pérdida contigua en ensayo,True,1,1,0,0.0,0,1,1,1.0,250,651,30,True,0.868,fin,776.0,fin,80-100,0,0,1,0
s07-r1-burst_trial-0.25,7,1,burst_trial-0.25,burst_trial,0.25,17,249.64799999999923,1,750,1,1.0,1,2,1,1.0,1,1,1,pérdida contigua en ensayo,True,1,0,1,1.0,1,1,0,0.0,250,64,31,True,0.08533333333333333,inicio,189.0,inicio,0-20,0,1,0,0
s07-r1-burst_trial-0.25,7,1,burst_trial-0.25,burst_trial,0.25,18,258.0159999999996,2,750,1,2.0,1,2,1,1.0,1,1,1,pérdida contigua en ensayo,True,1,1,0,0.0,0,0,0,0.0,250,577,32,True,0.7693333333333333,fin,702.0,fin,60-80,0,0,0,0
s07-r1-burst_trial-0.25,7,1,burst_trial-0.25,burst_trial,0.25,19,306.6280000000006,1,750,1,2.0,1,1,1,1.0,1,1,1,pérdida contigua en ensayo,True,0,1,1,1.0,1,1,0,0.0,250,155,38,True,0.20666666666666667,inicio,280.0,inicio,20-40,1,0,0,0
s07-r1-burst_trial-0.25,7,1,burst_trial-0.25,burst_trial,0.25,20,322.65200000000004,2,750,1,2.0,1,2,1,2.0,1,2,1,pérdida contigua en ensayo,True,1,1,0,0.0,1,1,0,0.0,250,22,40,True,0.029333333333333333,inicio,147.0,inicio,0-20,0,0,0,0
s07-r1-burst_trial-0.25,7,1,burst_trial-0.25,burst_trial,0.25,21,338.52399999999943,2,750,1,2.0,1,2,1,2.0,1,2,1,pérdida contigua en ensayo,True,1,1,0,0.0,1,1,0,0.0,250,383,42,True,0.5106666666666667,medio,508.0,medio,40-60,0,0,0,0
s07-r1-burst_trial-0.25,7,1,burst_trial-0.25,burst_trial,0.25,22,362.3359999999993,2,750,1,2.0,1,2,1,2.0,1,2,1,pérdida contigua en ensayo,True,1,1,0,0.0,1,1,0,0.0,250,111,45,True,0.148,inicio,236.0,inicio,0-20,0,0,0,0
s07-r1-burst_trial-0.25,7,1,burst_trial-0.25,burst_trial,0.25,23,379.02800000000025,1,750,1,2.0,1,1,1,1.0,1,1,1,pérdida contigua en ensayo,True,0,1,1,1.0,1,1,0,0.0,250,205,47,True,0.2733333333333333,inicio,330.0,inicio,20-40,1,0,0,0
s07-r1-burst_trial-0.4,7,1,burst_trial-0.4,burst_trial,0.4,0,16.683999999999287,2,600,1,2.0,1,2,1,1.0,1,2,1,pérdida contigua en ensayo,True,1,1,0,0.0,0,1,1,1.0,400,33,2,True,0.055,inicio,233.0,inicio,0-20,0,0,1,0
s07-r1-burst_trial-0.4,7,1,burst_trial-0.4,burst_trial,0.4,1,24.49200000000019,1,600,1,2.0,1,1,1,1.0,1,2,1,pérdida contigua en ensayo,True,0,1,1,1.0,1,0,1,1.0,400,507,3,True,0.845,fin,707.0,fin,80-100,1,0,0,1
s07-r1-burst_trial-0.4,7,1,burst_trial-0.4,burst_trial,0.4,2,32.52399999999943,1,600,1,2.0,1,1,1,1.0,1,2,1,pérdida contigua en ensayo,True,0,1,1,1.0,1,0,1,1.0,400,579,4,True,0.965,fin,779.0,fin,80-100,1,0,0,1
s07-r1-burst_trial-0.4,7,1,burst_trial-0.4,burst_trial,0.4,3,40.96800000000076,2,600,1,2.0,1,2,1,1.0,1,2,1,pérdida contigua en ensayo,True,1,1,0,0.0,0,1,1,1.0,400,548,5,True,0.9133333333333333,fin,748.0,fin,80-100,0,0,1,0
s07-r1-burst_trial-0.4,7,1,burst_trial-0.4,burst_trial,0.4,4,64.55999999999949,2,600,1,2.0,1,2,1,2.0,1,2,1,pérdida contigua en ensayo,True,1,1,0,0.0,1,1,0,0.0,400,381,8,True,0.635,medio,581.0,medio,60-80,0,0,0,0
s07-r1-burst_trial-0.4,7,1,burst_trial-0.4,burst_trial,0.4,5,80.17599999999948,1,600,1,2.0,1,2,1,1.0,1,2,1,pérdida contigua en ensayo,True,0,0,0,0.0,1,0,1,1.0,400,475,10,True,0.7916666666666666,fin,675.0,fin,60-80,0,0,0,1
s07-r1-burst_trial-0.4,7,1,burst_trial-0.4,burst_trial,0.4,6,87.7559999999994,1,600,1,1.0,1,1,1,1.0,1,1,1,pérdida contigua en ensayo,True,1,1,0,0.0,1,1,0,0.0,400,212,11,True,0.35333333333333333,medio,412.0,medio,20-40,0,0,0,0
s07-r1-burst_trial-0.4,7,1,burst_trial-0.4,burst_trial,0.4,7,95.64400000000025,1,600,1,2.0,1,2,1,1.0,1,1,1,pérdida contigua en ensayo,True,0,0,0,0.0,1,1,0,0.0,400,192,12,True,0.32,inicio,392.0,medio,20-40,0,0,0,0
s07-r1-burst_trial-0.4,7,1,burst_trial-0.4,burst_trial,0.4,8,111.28800000000048,2,600,1,2.0,1,2,1,1.0,1,2,1,pérdida contigua en ensayo,True,1,1,0,0.0,0,1,1,1.0,400,521,14,True,0.8683333333333333,fin,721.0,fin,80-100,0,0,1,0
s07-r1-burst_trial-0.4,7,1,burst_trial-0.4,burst_trial,0.4,9,119.76800000000004,2,600,1,2.0,1,2,1,1.0,1,2,1,pérdida contigua en ensayo,True,1,1,0,0.0,0,1,1,1.0,400,391,15,True,0.6516666666666666,medio,591.0,medio,60-80,0,0,1,0
s07-r1-burst_trial-0.4,7,1,burst_trial-0.4,burst_trial,0.4,10,127.79999999999929,1,600,1,2.0,1,1,1,1.0,1,1,1,pérdida contigua en ensayo,True,0,1,1,1.0,1,1,0,0.0,400,154,16,True,0.25666666666666665,inicio,354.0,medio,20-40,1,0,0,0
s07-r1-burst_trial-0.4,7,1,burst_trial-0.4,burst_trial,0.4,11,136.0640000000003,1,600,1,1.0,1,1,1,1.0,1,1,1,pérdida contigua en ensayo,True,1,1,0,0.0,1,1,0,0.0,400,573,17,True,0.955,fin,773.0,fin,80-100,0,0,0,0
s07-r1-burst_trial-0.4,7,1,burst_trial-0.4,burst_trial,0.4,12,152.47199999999975,1,600,1,1.0,1,2,1,1.0,1,2,1,pérdida contigua en ensayo,True,1,0,1,1.0,1,0,1,1.0,400,338,19,True,0.5633333333333334,medio,538.0,medio,40-60,0,1,0,1
s07-r1-burst_trial-0.4,7,1,burst_trial-0.4,burst_trial,0.4,13,160.7520000000004,2,600,1,2.0,1,2,1,2.0,1,2,1,pérdida contigua en ensayo,True,1,1,0,0.0,1,1,0,0.0,400,403,20,True,0.6716666666666666,fin,603.0,medio,60-80,0,0,0,0
s07-r1-burst_trial-0.4,7,1,burst_trial-0.4,burst_trial,0.4,14,192.6560000000009,1,600,1,2.0,1,2,1,2.0,1,2,1,pérdida contigua en ensayo,True,0,0,0,0.0,0,0,0,0.0,400,422,24,True,0.7033333333333334,fin,622.0,medio,60-80,0,0,0,0
s07-r1-burst_trial-0.4,7,1,burst_trial-0.4,burst_trial,0.4,15,216.9320000000007,2,600,1,2.0,1,2,1,2.0,1,2,1,pérdida contigua en ensayo,True,1,1,0,0.0,1,1,0,0.0,400,464,27,True,0.7733333333333333,fin,664.0,medio,60-80,0,0,0,0
s07-r1-burst_trial-0.4,7,1,burst_trial-0.4,burst_trial,0.4,16,241.21999999999932,2,600,1,2.0,1,2,1,2.0,1,2,1,pérdida contigua en ensayo,True,1,1,0,0.0,1,1,0,0.0,400,177,30,True,0.295,inicio,377.0,medio,20-40,0,0,0,0
s07-r1-burst_trial-0.4,7,1,burst_trial-0.4,burst_trial,0.4,17,249.64799999999923,1,600,1,1.0,1,2,1,1.0,1,1,1,pérdida contigua en ensayo,True,1,0,1,1.0,1,1,0,0.0,400,409,31,True,0.6816666666666666,fin,609.0,medio,60-80,0,1,0,0
s07-r1-burst_trial-0.4,7,1,burst_trial-0.4,burst_trial,0.4,18,258.0159999999996,2,600,1,2.0,1,2,1,1.0,1,1,1,pérdida contigua en ensayo,True,1,1,0,0.0,0,0,0,0.0,400,470,32,True,0.7833333333333333,fin,670.0,fin,60-80,0,0,0,0
s07-r1-burst_trial-0.4,7,1,burst_trial-0.4,burst_trial,0.4,19,306.6280000000006,1,600,1,2.0,1,1,1,1.0,1,1,1,pérdida contigua en ensayo,True,0,1,1,1.0,1,1,0,0.0,400,24,38,True,0.04,inicio,224.0,inicio,0-20,1,0,0,0
s07-r1-burst_trial-0.4,7,1,burst_trial-0.4,burst_trial,0.4,20,322.65200000000004,2,600,1,2.0,1,2,1,2.0,1,2,1,pérdida contigua en ensayo,True,1,1,0,0.0,1,1,0,0.0,400,75,40,True,0.125,inicio,275.0,inicio,0-20,0,0,0,0
s07-r1-burst_trial-0.4,7,1,burst_trial-0.4,burst_trial,0.4,21,338.52399999999943,2,600,1,2.0,1,2,1,2.0,1,2,1,pérdida contigua en ensayo,True,1,1,0,0.0,1,1,0,0.0,400,252,42,True,0.42,medio,452.0,medio,40-60,0,0,0,0
s07-r1-burst_trial-0.4,7,1,burst_trial-0.4,burst_trial,0.4,22,362.3359999999993,2,600,1,2.0,1,2,1,2.0,1,2,1,pérdida contigua en ensayo,True,1,1,0,0.0,1,1,0,0.0,400,404,45,True,0.6733333333333333,fin,604.0,medio,60-80,0,0,0,0
s07-r1-burst_trial-0.4,7,1,burst_trial-0.4,burst_trial,0.4,23,379.02800000000025,1,600,1,2.0,1,1,1,2.0,1,1,1,pérdida contigua en ensayo,True,0,1,1,1.0,0,1,1,1.0,400,369,47,True,0.615,medio,569.0,medio,60-80,1,0,1,0
s07-r2-burst_trial-0.1,7,2,burst_trial-0.1,burst_trial,0.1,0,1.0,1,900,1,2.0,1,1,1,2.0,1,2,1,pérdida contigua en ensayo,True,0,1,1,1.0,0,0,0,0.0,100,822,0,True,0.9133333333333333,fin,872.0,fin,80-100,1,0,0,0
s07-r2-burst_trial-0.1,7,2,burst_trial-0.1,burst_trial,0.1,1,9.012000000000626,1,900,1,2.0,1,2,1,1.0,1,1,1,pérdida contigua en ensayo,True,0,0,0,0.0,1,1,0,0.0,100,110,1,True,0.12222222222222222,inicio,160.0,inicio,0-20,0,0,0,0
s07-r2-burst_trial-0.1,7,2,burst_trial-0.1,burst_trial,0.1,2,24.49200000000019,2,900,1,2.0,1,2,1,2.0,1,2,1,pérdida contigua en ensayo,True,1,1,0,0.0,1,1,0,0.0,100,641,3,True,0.7122222222222222,fin,691.0,fin,60-80,0,0,0,0
s07-r2-burst_trial-0.1,7,2,burst_trial-0.1,burst_trial,0.1,3,32.52399999999943,1,900,1,2.0,1,2,1,1.0,1,1,1,pérdida contigua en ensayo,True,0,0,0,0.0,1,1,0,0.0,100,303,4,True,0.33666666666666667,medio,353.0,medio,20-40,0,0,0,0
s07-r2-burst_trial-0.1,7,2,burst_trial-0.1,burst_trial,0.1,4,48.63600000000042,1,900,1,2.0,1,2,1,1.0,1,1,1,pérdida contigua en ensayo,True,0,0,0,0.0,1,1,0,0.0,100,808,6,True,0.8977777777777778,fin,858.0,fin,80-100,0,0,0,0
s07-r2-burst_trial-0.1,7,2,burst_trial-0.1,burst_trial,0.1,5,64.55999999999949,2,900,1,2.0,1,2,1,2.0,1,2,1,pérdida contigua en ensayo,True,1,1,0,0.0,1,1,0,0.0,100,111,8,True,0.12333333333333334,inicio,161.0,inicio,0-20,0,0,0,0
s07-r2-burst_trial-0.1,7,2,burst_trial-0.1,burst_trial,0.1,6,80.17599999999948,1,900,1,2.0,1,2,1,1.0,1,2,1,pérdida contigua en ensayo,True,0,0,0,0.0,1,0,1,1.0,100,644,10,True,0.7155555555555555,fin,694.0,fin,60-80,0,0,0,1
s07-r2-burst_trial-0.1,7,2,burst_trial-0.1,burst_trial,0.1,7,103.42000000000009,1,900,1,2.0,1,2,1,2.0,1,2,1,pérdida contigua en ensayo,True,0,0,0,0.0,0,0,0,0.0,100,890,13,True,0.9888888888888889,fin,940.0,fin,80-100,0,0,0,0
s07-r2-burst_trial-0.1,7,2,burst_trial-0.1,burst_trial,0.1,8,119.76800000000004,2,900,1,2.0,1,2,1,2.0,1,2,1,pérdida contigua en ensayo,True,1,1,0,0.0,1,1,0,0.0,100,744,15,True,0.8266666666666667,fin,794.0,fin,80-100,0,0,0,0
s07-r2-burst_trial-0.1,7,2,burst_trial-0.1,burst_trial,0.1,9,160.7520000000004,1,900,1,1.0,1,1,1,1.0,1,2,1,pérdida contigua en ensayo,True,1,1,0,0.0,1,0,1,1.0,100,244,20,True,0.27111111111111114,inicio,294.0,inicio,20-40,0,0,0,1
s07-r2-burst_trial-0.1,7,2,burst_trial-0.1,burst_trial,0.1,10,176.71999999999937,2,900,1,2.0,1,2,1,2.0,1,2,1,pérdida contigua en ensayo,True,1,1,0,0.0,1,1,0,0.0,100,421,22,True,0.4677777777777778,medio,471.0,medio,40-60,0,0,0,0
s07-r2-burst_trial-0.1,7,2,burst_trial-0.1,burst_trial,0.1,11,192.6560000000009,2,900,1,2.0,1,2,1,2.0,1,2,1,pérdida contigua en ensayo,True,1,1,0,0.0,1,1,0,0.0,100,464,24,True,0.5155555555555555,medio,514.0,medio,40-60,0,0,0,0
s07-r2-burst_trial-0.1,7,2,burst_trial-0.1,burst_trial,0.1,12,200.5,1,900,1,1.0,1,1,1,1.0,1,1,1,pérdida contigua en ensayo,True,1,1,0,0.0,1,1,0,0.0,100,454,25,True,0.5044444444444445,medio,504.0,medio,40-60,0,0,0,0
s07-r2-burst_trial-0.1,7,2,burst_trial-0.1,burst_trial,0.1,13,216.9320000000007,2,900,1,2.0,1,2,1,2.0,1,2,1,pérdida contigua en ensayo,True,1,1,0,0.0,1,1,0,0.0,100,19,27,True,0.021111111111111112,inicio,69.0,inicio,0-20,0,0,0,0
s07-r2-burst_trial-0.1,7,2,burst_trial-0.1,burst_trial,0.1,14,224.83200000000036,1,900,1,2.0,1,2,1,2.0,1,2,1,pérdida contigua en ensayo,True,0,0,0,0.0,0,0,0,0.0,100,433,28,True,0.4811111111111111,medio,483.0,medio,40-60,0,0,0,0
s07-r2-burst_trial-0.1,7,2,burst_trial-0.1,burst_trial,0.1,15,249.64799999999923,1,900,1,2.0,1,2,1,1.0,1,1,1,pérdida contigua en ensayo,True,0,0,0,0.0,1,1,0,0.0,100,407,31,True,0.45222222222222225,medio,457.0,medio,40-60,0,0,0,0
s07-r2-burst_trial-0.1,7,2,burst_trial-0.1,burst_trial,0.1,16,282.8080000000009,2,900,1,2.0,1,2,1,2.0,1,2,1,pérdida contigua en ensayo,True,1,1,0,0.0,1,1,0,0.0,100,839,35,True,0.9322222222222222,fin,889.0,fin,80-100,0,0,0,0
s07-r2-burst_trial-0.1,7,2,burst_trial-0.1,burst_trial,0.1,17,290.88800000000083,1,900,1,2.0,1,2,1,2.0,1,2,1,pérdida contigua en ensayo,True,0,0,0,0.0,0,0,0,0.0,100,583,36,True,0.6477777777777778,medio,633.0,medio,60-80,0,0,0,0
s07-r2-burst_trial-0.1,7,2,burst_trial-0.1,burst_trial,0.1,18,298.77599999999984,2,900,1,2.0,1,2,1,2.0,1,2,1,pérdida contigua en ensayo,True,1,1,0,0.0,1,1,0,0.0,100,694,37,True,0.7711111111111111,fin,744.0,fin,60-80,0,0,0,0
s07-r2-burst_trial-0.1,7,2,burst_trial-0.1,burst_trial,0.1,19,314.3279999999995,2,900,1,2.0,1,2,1,2.0,1,2,1,pérdida contigua en ensayo,True,1,1,0,0.0,1,1,0,0.0,100,753,39,True,0.8366666666666667,fin,803.0,fin,80-100,0,0,0,0
s07-r2-burst_trial-0.1,7,2,burst_trial-0.1,burst_trial,0.1,20,338.52399999999943,2,900,1,2.0,1,2,1,2.0,1,2,1,pérdida contigua en ensayo,True,1,1,0,0.0,1,1,0,0.0,100,311,42,True,0.34555555555555556,medio,361.0,medio,20-40,0,0,0,0
s07-r2-burst_trial-0.1,7,2,burst_trial-0.1,burst_trial,0.1,21,347.0,2,900,1,2.0,1,2,1,2.0,1,2,1,pérdida contigua en ensayo,True,1,1,0,0.0,1,1,0,0.0,100,126,43,True,0.14,inicio,176.0,inicio,0-20,0,0,0,0
s07-r2-burst_trial-0.1,7,2,burst_trial-0.1,burst_trial,0.1,22,354.6239999999998,2,900,1,2.0,1,2,1,2.0,1,2,1,pérdida contigua en ensayo,True,1,1,0,0.0,1,1,0,0.0,100,495,44,True,0.55,medio,545.0,medio,40-60,0,0,0,0
s07-r2-burst_trial-0.1,7,2,burst_trial-0.1,burst_trial,0.1,23,379.02800000000025,1,900,1,2.0,1,2,1,1.0,1,1,1,pérdida contigua en ensayo,True,0,0,0,0.0,1,1,0,0.0,100,874,47,True,0.9711111111111111,fin,924.0,fin,80-100,0,0,0,0
s07-r2-burst_trial-0.25,7,2,burst_trial-0.25,burst_trial,0.25,0,1.0,1,750,1,1.0,1,1,1,2.0,1,2,1,pérdida contigua en ensayo,True,1,1,0,0.0,0,0,0,0.0,250,512,0,True,0.6826666666666666,fin,637.0,medio,60-80,0,0,0,0
s07-r2-burst_trial-0.25,7,2,burst_trial-0.25,burst_trial,0.25,1,9.012000000000626,1,750,1,1.0,1,2,1,1.0,1,1,1,pérdida contigua en ensayo,True,1,0,1,1.0,1,1,0,0.0,250,706,1,True,0.9413333333333334,fin,831.0,fin,80-100,0,1,0,0
s07-r2-burst_trial-0.25,7,2,burst_trial-0.25,burst_trial,0.25,2,24.49200000000019,2,750,1,2.0,1,2,1,1.0,1,2,1,pérdida contigua en ensayo,True,1,1,0,0.0,0,1,1,1.0,250,21,3,True,0.028,inicio,146.0,inicio,0-20,0,0,1,0
s07-r2-burst_trial-0.25,7,2,burst_trial-0.25,burst_trial,0.25,3,32.52399999999943,1,750,1,2.0,1,2,1,1.0,1,1,1,pérdida contigua en ensayo,True,0,0,0,0.0,1,1,0,0.0,250,601,4,True,0.8013333333333333,fin,726.0,fin,80-100,0,0,0,0
s07-r2-burst_trial-0.25,7,2,burst_trial-0.25,burst_trial,0.25,4,48.63600000000042,1,750,1,2.0,1,2,1,1.0,1,1,1,pérdida contigua en ensayo,True,0,0,0,0.0,1,1,0,0.0,250,427,6,True,0.5693333333333334,medio,552.0,medio,40-60,0,0,0,0
s07-r2-burst_trial-0.25,7,2,burst_trial-0.25,burst_trial,0.25,5,64.55999999999949,2,750,1,2.0,1,2,1,1.0,1,2,1,pérdida contigua en ensayo,True,1,1,0,0.0,0,1,1,1.0,250,682,8,True,0.9093333333333333,fin,807.0,fin,80-100,0,0,1,0
s07-r2-burst_trial-0.25,7,2,burst_trial-0.25,burst_trial,0.25,6,80.17599999999948,1,750,1,2.0,1,2,1,1.0,1,2,1,pérdida contigua en ensayo,True,0,0,0,0.0,1,0,1,1.0,250,696,10,True,0.928,fin,821.0,fin,80-100,0,0,0,1
s07-r2-burst_trial-0.25,7,2,burst_trial-0.25,burst_trial,0.25,7,103.42000000000009,1,750,1,2.0,1,2,1,1.0,1,2,1,pérdida contigua en ensayo,True,0,0,0,0.0,1,0,1,1.0,250,714,13,True,0.952,fin,839.0,fin,80-100,0,0,0,1
s07-r2-burst_trial-0.25,7,2,burst_trial-0.25,burst_trial,0.25,8,119.76800000000004,2,750,1,2.0,1,2,1,1.0,1,2,1,pérdida contigua en ensayo,True,1,1,0,0.0,0,1,1,1.0,250,665,15,True,0.8866666666666667,fin,790.0,fin,80-100,0,0,1,0
s07-r2-burst_trial-0.25,7,2,burst_trial-0.25,burst_trial,0.25,9,160.7520000000004,1,750,1,1.0,1,1,1,2.0,1,2,1,pérdida contigua en ensayo,True,1,1,0,0.0,0,0,0,0.0,250,336,20,True,0.448,medio,461.0,medio,40-60,0,0,0,0
s07-r2-burst_trial-0.25,7,2,burst_trial-0.25,burst_trial,0.25,10,176.71999999999937,2,750,1,2.0,1,2,1,2.0,1,2,1,pérdida contigua en ensayo,True,1,1,0,0.0,1,1,0,0.0,250,356,22,True,0.4746666666666667,medio,481.0,medio,40-60,0,0,0,0
s07-r2-burst_trial-0.25,7,2,burst_trial-0.25,burst_trial,0.25,11,192.6560000000009,2,750,1,2.0,1,2,1,1.0,1,2,1,pérdida contigua en ensayo,True,1,1,0,0.0,0,1,1,1.0,250,724,24,True,0.9653333333333334,fin,849.0,fin,80-100,0,0,1,0
s07-r2-burst_trial-0.25,7,2,burst_trial-0.25,burst_trial,0.25,12,200.5,1,750,1,1.0,1,1,1,1.0,1,1,1,pérdida contigua en ensayo,True,1,1,0,0.0,1,1,0,0.0,250,326,25,True,0.43466666666666665,medio,451.0,medio,40-60,0,0,0,0
s07-r2-burst_trial-0.25,7,2,burst_trial-0.25,burst_trial,0.25,13,216.9320000000007,2,750,1,2.0,1,2,1,1.0,1,2,1,pérdida contigua en ensayo,True,1,1,0,0.0,0,1,1,1.0,250,111,27,True,0.148,inicio,236.0,inicio,0-20,0,0,1,0
s07-r2-burst_trial-0.25,7,2,burst_trial-0.25,burst_trial,0.25,14,224.83200000000036,1,750,1,2.0,1,2,1,1.0,1,2,1,pérdida contigua en ensayo,True,0,0,0,0.0,1,0,1,1.0,250,533,28,True,0.7106666666666667,fin,658.0,medio,60-80,0,0,0,1
s07-r2-burst_trial-0.25,7,2,burst_trial-0.25,burst_trial,0.25,15,249.64799999999923,1,750,1,2.0,1,2,1,1.0,1,1,1,pérdida contigua en ensayo,True,0,0,0,0.0,1,1,0,0.0,250,659,31,True,0.8786666666666667,fin,784.0,fin,80-100,0,0,0,0
s07-r2-burst_trial-0.25,7,2,burst_trial-0.25,burst_trial,0.25,16,282.8080000000009,2,750,1,2.0,1,2,1,1.0,1,2,1,pérdida contigua en ensayo,True,1,1,0,0.0,0,1,1,1.0,250,608,35,True,0.8106666666666666,fin,733.0,fin,80-100,0,0,1,0
s07-r2-burst_trial-0.25,7,2,burst_trial-0.25,burst_trial,0.25,17,290.88800000000083,1,750,1,2.0,1,2,1,1.0,1,2,1,pérdida contigua en ensayo,True,0,0,0,0.0,1,0,1,1.0,250,563,36,True,0.7506666666666667,fin,688.0,fin,60-80,0,0,0,1
s07-r2-burst_trial-0.25,7,2,burst_trial-0.25,burst_trial,0.25,18,298.77599999999984,2,750,1,2.0,1,2,1,2.0,1,2,1,pérdida contigua en ensayo,True,1,1,0,0.0,1,1,0,0.0,250,320,37,True,0.4266666666666667,medio,445.0,medio,40-60,0,0,0,0
s07-r2-burst_trial-0.25,7,2,burst_trial-0.25,burst_trial,0.25,19,314.3279999999995,2,750,1,2.0,1,2,1,2.0,1,2,1,pérdida contigua en ensayo,True,1,1,0,0.0,1,1,0,0.0,250,312,39,True,0.416,medio,437.0,medio,40-60,0,0,0,0
s07-r2-burst_trial-0.25,7,2,burst_trial-0.25,burst_trial,0.25,20,338.52399999999943,2,750,1,2.0,1,2,1,1.0,1,2,1,pérdida contigua en ensayo,True,1,1,0,0.0,0,1,1,1.0,250,592,42,True,0.7893333333333333,fin,717.0,fin,60-80,0,0,1,0
s07-r2-burst_trial-0.25,7,2,burst_trial-0.25,burst_trial,0.25,21,347.0,2,750,1,2.0,1,2,1,2.0,1,2,1,pérdida contigua en ensayo,True,1,1,0,0.0,1,1,0,0.0,250,728,43,True,0.9706666666666667,fin,853.0,fin,80-100,0,0,0,0
s07-r2-burst_trial-0.25,7,2,burst_trial-0.25,burst_trial,0.25,22,354.6239999999998,2,750,1,2.0,1,2,1,2.0,1,2,1,pérdida contigua en ensayo,True,1,1,0,0.0,1,1,0,0.0,250,522,44,True,0.696,fin,647.0,medio,60-80,0,0,0,0
s07-r2-burst_trial-0.25,7,2,burst_trial-0.25,burst_trial,0.25,23,379.02800000000025,1,750,1,2.0,1,2,1,1.0,1,1,1,pérdida contigua en ensayo,True,0,0,0,0.0,1,1,0,0.0,250,704,47,True,0.9386666666666666,fin,829.0,fin,80-100,0,0,0,0
s07-r2-burst_trial-0.4,7,2,burst_trial-0.4,burst_trial,0.4,0,1.0,1,600,1,1.0,1,1,1,1.0,1,2,1,pérdida contigua en ensayo,True,1,1,0,0.0,1,0,1,1.0,400,526,0,True,0.8766666666666667,fin,726.0,fin,80-100,0,0,0,1
s07-r2-burst_trial-0.4,7,2,burst_trial-0.4,burst_trial,0.4,1,9.012000000000626,1,600,1,2.0,1,2,1,1.0,1,1,1,pérdida contigua en ensayo,True,0,0,0,0.0,1,1,0,0.0,400,340,1,True,0.5666666666666667,medio,540.0,medio,40-60,0,0,0,0
s07-r2-burst_trial-0.4,7,2,burst_trial-0.4,burst_trial,0.4,2,24.49200000000019,2,600,1,2.0,1,2,1,1.0,1,2,1,pérdida contigua en ensayo,True,1,1,0,0.0,0,1,1,1.0,400,581,3,True,0.9683333333333334,fin,781.0,fin,80-100,0,0,1,0
s07-r2-burst_trial-0.4,7,2,burst_trial-0.4,burst_trial,0.4,3,32.52399999999943,1,600,1,2.0,1,2,1,1.0,1,1,1,pérdida contigua en ensayo,True,0,0,0,0.0,1,1,0,0.0,400,117,4,True,0.195,inicio,317.0,inicio,0-20,0,0,0,0
s07-r2-burst_trial-0.4,7,2,burst_trial-0.4,burst_trial,0.4,4,48.63600000000042,1,600,1,2.0,1,2,1,1.0,1,1,1,pérdida contigua en ensayo,True,0,0,0,0.0,1,1,0,0.0,400,242,6,True,0.4033333333333333,medio,442.0,medio,40-60,0,0,0,0
s07-r2-burst_trial-0.4,7,2,burst_trial-0.4,burst_trial,0.4,5,64.55999999999949,2,600,1,2.0,1,2,1,1.0,1,2,1,pérdida contigua en ensayo,True,1,1,0,0.0,0,1,1,1.0,400,520,8,True,0.8666666666666667,fin,720.0,fin,80-100,0,0,1,0
s07-r2-burst_trial-0.4,7,2,burst_trial-0.4,burst_trial,0.4,6,80.17599999999948,1,600,1,2.0,1,2,1,1.0,1,2,1,pérdida contigua en ensayo,True,0,0,0,0.0,1,0,1,1.0,400,357,10,True,0.595,medio,557.0,medio,40-60,0,0,0,1
s07-r2-burst_trial-0.4,7,2,burst_trial-0.4,burst_trial,0.4,7,103.42000000000009,1,600,1,1.0,1,2,1,1.0,1,2,1,pérdida contigua en ensayo,True,1,0,1,1.0,1,0,1,1.0,400,583,13,True,0.9716666666666667,fin,783.0,fin,80-100,0,1,0,1
s07-r2-burst_trial-0.4,7,2,burst_trial-0.4,burst_trial,0.4,8,119.76800000000004,2,600,1,2.0,1,2,1,1.0,1,2,1,pérdida contigua en ensayo,True,1,1,0,0.0,0,1,1,1.0,400,51,15,True,0.085,inicio,251.0,inicio,0-20,0,0,1,0
s07-r2-burst_trial-0.4,7,2,burst_trial-0.4,burst_trial,0.4,9,160.7520000000004,1,600,1,1.0,1,1,1,1.0,1,2,1,pérdida contigua en ensayo,True,1,1,0,0.0,1,0,1,1.0,400,157,20,True,0.26166666666666666,inicio,357.0,medio,20-40,0,0,0,1
s07-r2-burst_trial-0.4,7,2,burst_trial-0.4,burst_trial,0.4,10,176.71999999999937,2,600,1,2.0,1,2,1,1.0,1,2,1,pérdida contigua en ensayo,True,1,1,0,0.0,0,1,1,1.0,400,293,22,True,0.48833333333333334,medio,493.0,medio,40-60,0,0,1,0
s07-r2-burst_trial-0.4,7,2,burst_trial-0.4,burst_trial,0.4,11,192.6560000000009,2,600,1,2.0,1,2,1,2.0,1,2,1,pérdida contigua en ensayo,True,1,1,0,0.0,1,1,0,0.0,400,252,24,True,0.42,medio,452.0,medio,40-60,0,0,0,0
s07-r2-burst_trial-0.4,7,2,burst_trial-0.4,burst_trial,0.4,12,200.5,1,600,1,1.0,1,1,1,1.0,1,1,1,pérdida contigua en ensayo,True,1,1,0,0.0,1,1,0,0.0,400,179,25,True,0.29833333333333334,inicio,379.0,medio,20-40,0,0,0,0
s07-r2-burst_trial-0.4,7,2,burst_trial-0.4,burst_trial,0.4,13,216.9320000000007,2,600,1,2.0,1,2,1,2.0,1,2,1,pérdida contigua en ensayo,True,1,1,0,0.0,1,1,0,0.0,400,369,27,True,0.615,medio,569.0,medio,60-80,0,0,0,0
s07-r2-burst_trial-0.4,7,2,burst_trial-0.4,burst_trial,0.4,14,224.83200000000036,1,600,1,2.0,1,2,1,1.0,1,2,1,pérdida contigua en ensayo,True,0,0,0,0.0,1,0,1,1.0,400,71,28,True,0.11833333333333333,inicio,271.0,inicio,0-20,0,0,0,1
s07-r2-burst_trial-0.4,7,2,burst_trial-0.4,burst_trial,0.4,15,249.64799999999923,1,600,1,2.0,1,2,1,1.0,1,1,1,pérdida contigua en ensayo,True,0,0,0,0.0,1,1,0,0.0,400,572,31,True,0.9533333333333334,fin,772.0,fin,80-100,0,0,0,0
s07-r2-burst_trial-0.4,7,2,burst_trial-0.4,burst_trial,0.4,16,282.8079999999991,2,600,1,2.0,1,2,1,2.0,1,2,1,pérdida contigua en ensayo,True,1,1,0,0.0,1,1,0,0.0,400,304,35,True,0.5066666666666667,medio,504.0,medio,40-60,0,0,0,0
s07-r2-burst_trial-0.4,7,2,burst_trial-0.4,burst_trial,0.4,17,290.88800000000083,1,600,1,2.0,1,2,1,1.0,1,2,1,pérdida contigua en ensayo,True,0,0,0,0.0,1,0,1,1.0,400,97,36,True,0.16166666666666665,inicio,297.0,inicio,0-20,0,0,0,1
s07-r2-burst_trial-0.4,7,2,burst_trial-0.4,burst_trial,0.4,18,298.77599999999984,2,600,1,2.0,1,2,1,2.0,1,2,1,pérdida contigua en ensayo,True,1,1,0,0.0,1,1,0,0.0,400,5,37,True,0.008333333333333333,inicio,205.0,inicio,0-20,0,0,0,0
s07-r2-burst_trial-0.4,7,2,burst_trial-0.4,burst_trial,0.4,19,314.3279999999995,2,600,1,2.0,1,2,1,1.0,1,2,1,pérdida contigua en ensayo,True,1,1,0,0.0,0,1,1,1.0,400,464,39,True,0.7733333333333333,fin,664.0,medio,60-80,0,0,1,0
s07-r2-burst_trial-0.4,7,2,burst_trial-0.4,burst_trial,0.4,20,338.52399999999943,2,600,1,2.0,1,2,1,2.0,1,2,1,pérdida contigua en ensayo,True,1,1,0,0.0,1,1,0,0.0,400,48,42,True,0.08,inicio,248.0,inicio,0-20,0,0,0,0
s07-r2-burst_trial-0.4,7,2,burst_trial-0.4,burst_trial,0.4,21,347.0,2,600,1,2.0,1,2,1,2.0,1,2,1,pérdida contigua en ensayo,True,1,1,0,0.0,1,1,0,0.0,400,107,43,True,0.17833333333333334,inicio,307.0,inicio,0-20,0,0,0,0
s07-r2-burst_trial-0.4,7,2,burst_trial-0.4,burst_trial,0.4,22,354.6239999999998,2,600,1,2.0,1,2,1,2.0,1,2,1,pérdida contigua en ensayo,True,1,1,0,0.0,1,1,0,0.0,400,307,44,True,0.5116666666666667,medio,507.0,medio,40-60,0,0,0,0
s07-r2-burst_trial-0.4,7,2,burst_trial-0.4,burst_trial,0.4,23,379.02800000000025,1,600,1,2.0,1,2,1,1.0,1,1,1,pérdida contigua en ensayo,True,0,0,0,0.0,1,1,0,0.0,400,132,47,True,0.22,inicio,332.0,inicio,20-40,0,0,0,0
s07-r3-burst_trial-0.1,7,3,burst_trial-0.1,burst_trial,0.1,0,1.0,2,900,1,2.0,1,2,1,2.0,1,2,1,pérdida contigua en ensayo,True,1,1,0,0.0,1,1,0,0.0,100,543,0,True,0.6033333333333334,medio,593.0,medio,60-80,0,0,0,0
s07-r3-burst_trial-0.1,7,3,burst_trial-0.1,burst_trial,0.1,1,16.684000000001106,1,900,1,1.0,1,1,1,2.0,1,2,1,pérdida contigua en ensayo,True,1,1,0,0.0,0,0,0,0.0,100,429,2,True,0.4766666666666667,medio,479.0,medio,40-60,0,0,0,0
s07-r3-burst_trial-0.1,7,3,burst_trial-0.1,burst_trial,0.1,2,48.6359999999986,1,900,1,1.0,1,1,1,1.0,1,1,1,pérdida contigua en ensayo,True,1,1,0,0.0,1,1,0,0.0,100,874,6,True,0.9711111111111111,fin,924.0,fin,80-100,0,0,0,0
s07-r3-burst_trial-0.1,7,3,burst_trial-0.1,burst_trial,0.1,3,56.83599999999933,1,900,1,2.0,1,2,1,1.0,1,1,1,pérdida contigua en ensayo,True,0,0,0,0.0,1,1,0,0.0,100,202,7,True,0.22444444444444445,inicio,252.0,inicio,20-40,0,0,0,0
s07-r3-burst_trial-0.1,7,3,burst_trial-0.1,burst_trial,0.1,4,72.55199999999968,2,900,1,2.0,1,2,1,2.0,1,2,1,pérdida contigua en ensayo,True,1,1,0,0.0,1,1,0,0.0,100,868,9,True,0.9644444444444444,fin,918.0,fin,80-100,0,0,0,0
s07-r3-burst_trial-0.1,7,3,burst_trial-0.1,burst_trial,0.1,5,103.41999999999824,2,900,1,2.0,1,2,1,2.0,1,2,1,pérdida contigua en ensayo,True,1,1,0,0.0,1,1,0,0.0,100,631,13,True,0.7011111111111111,fin,681.0,fin,60-80,0,0,0,0
s07-r3-burst_trial-0.1,7,3,burst_trial-0.1,burst_trial,0.1,6,111.28800000000048,1,900,1,2.0,1,2,1,2.0,1,2,1,pérdida contigua en ensayo,True,0,0,0,0.0,0,0,0,0.0,100,782,14,True,0.8688888888888889,fin,832.0,fin,80-100,0,0,0,0
s07-r3-burst_trial-0.1,7,3,burst_trial-0.1,burst_trial,0.1,7,127.79999999999929,2,900,1,2.0,1,2,1,1.0,1,1,1,pérdida contigua en ensayo,True,1,1,0,0.0,0,0,0,0.0,100,203,16,True,0.22555555555555556,inicio,253.0,inicio,20-40,0,0,0,0
s07-r3-burst_trial-0.1,7,3,burst_trial-0.1,burst_trial,0.1,8,144.20799999999872,1,900,1,2.0,1,2,1,1.0,1,1,1,pérdida contigua en ensayo,True,0,0,0,0.0,1,1,0,0.0,100,862,18,True,0.9577777777777777,fin,912.0,fin,80-100,0,0,0,0
s07-r3-burst_trial-0.1,7,3,burst_trial-0.1,burst_trial,0.1,9,169.07200000000012,2,900,1,2.0,1,2,1,1.0,1,1,1,pérdida contigua en ensayo,True,1,1,0,0.0,0,0,0,0.0,100,870,21,True,0.9666666666666667,fin,920.0,fin,80-100,0,0,0,0
s07-r3-burst_trial-0.1,7,3,burst_trial-0.1,burst_trial,0.1,10,192.65599999999904,1,900,1,1.0,1,1,1,1.0,1,1,1,pérdida contigua en ensayo,True,1,1,0,0.0,1,1,0,0.0,100,549,24,True,0.61,medio,599.0,medio,60-80,0,0,0,0
s07-r3-burst_trial-0.1,7,3,burst_trial-0.1,burst_trial,0.1,11,200.5,2,900,1,2.0,1,2,1,2.0,1,2,1,pérdida contigua en ensayo,True,1,1,0,0.0,1,1,0,0.0,100,466,25,True,0.5177777777777778,medio,516.0,medio,40-60,0,0,0,0
s07-r3-burst_trial-0.1,7,3,burst_trial-0.1,burst_trial,0.1,12,208.91600000000108,2,900,1,2.0,1,2,1,2.0,1,2,1,pérdida contigua en ensayo,True,1,1,0,0.0,1,1,0,0.0,100,564,26,True,0.6266666666666667,medio,614.0,medio,60-80,0,0,0,0
s07-r3-burst_trial-0.1,7,3,burst_trial-0.1,burst_trial,0.1,13,232.9360000000015,2,900,1,2.0,1,2,1,2.0,1,2,1,pérdida contigua en ensayo,True,1,1,0,0.0,1,1,0,0.0,100,365,29,True,0.40555555555555556,medio,415.0,medio,40-60,0,0,0,0
s07-r3-burst_trial-0.1,7,3,burst_trial-0.1,burst_trial,0.1,14,241.2200000000012,1,900,1,2.0,1,2,1,1.0,1,1,1,pérdida contigua en ensayo,True,0,0,0,0.0,1,1,0,0.0,100,844,30,True,0.9377777777777778,fin,894.0,fin,80-100,0,0,0,0
s07-r3-burst_trial-0.1,7,3,burst_trial-0.1,burst_trial,0.1,15,249.64800000000105,1,900,1,2.0,1,2,1,1.0,1,1,1,pérdida contigua en ensayo,True,0,0,0,0.0,1,1,0,0.0,100,836,31,True,0.9288888888888889,fin,886.0,fin,80-100,0,0,0,0
s07-r3-burst_trial-0.1,7,3,burst_trial-0.1,burst_trial,0.1,16,266.380000000001,2,900,1,2.0,1,2,1,1.0,1,1,1,pérdida contigua en ensayo,True,1,1,0,0.0,0,0,0,0.0,100,477,33,True,0.53,medio,527.0,medio,40-60,0,0,0,0
s07-r3-burst_trial-0.1,7,3,burst_trial-0.1,burst_trial,0.1,17,274.5519999999997,1,900,1,1.0,1,1,1,1.0,1,1,1,pérdida contigua en ensayo,True,1,1,0,0.0,1,1,0,0.0,100,848,34,True,0.9422222222222222,fin,898.0,fin,80-100,0,0,0,0
s07-r3-burst_trial-0.1,7,3,burst_trial-0.1,burst_trial,0.1,18,290.887999999999,2,900,1,2.0,1,2,1,2.0,1,2,1,pérdida contigua en ensayo,True,1,1,0,0.0,1,1,0,0.0,100,164,36,True,0.18222222222222223,inicio,214.0,inicio,0-20,0,0,0,0
s07-r3-burst_trial-0.1,7,3,burst_trial-0.1,burst_trial,0.1,19,298.77600000000166,2,900,1,2.0,1,2,1,1.0,1,2,1,pérdida contigua en ensayo,True,1,1,0,0.0,0,1,1,1.0,100,712,37,True,0.7911111111111111,fin,762.0,fin,60-80,0,0,1,0
s07-r3-burst_trial-0.1,7,3,burst_trial-0.1,burst_trial,0.1,20,314.32800000000134,1,900,1,1.0,1,1,1,1.0,1,1,1,pérdida contigua en ensayo,True,1,1,0,0.0,1,1,0,0.0,100,481,39,True,0.5344444444444445,medio,531.0,medio,40-60,0,0,0,0
s07-r3-burst_trial-0.1,7,3,burst_trial-0.1,burst_trial,0.1,21,362.3359999999993,1,900,1,2.0,1,2,1,2.0,1,1,1,pérdida contigua en ensayo,True,0,0,0,0.0,0,1,1,1.0,100,231,45,True,0.25666666666666665,inicio,281.0,inicio,20-40,0,0,1,0
s07-r3-burst_trial-0.1,7,3,burst_trial-0.1,burst_trial,0.1,22,370.7920000000013,2,900,1,2.0,1,2,1,2.0,1,2,1,pérdida contigua en ensayo,True,1,1,0,0.0,1,1,0,0.0,100,376,46,True,0.4177777777777778,medio,426.0,medio,40-60,0,0,0,0
s07-r3-burst_trial-0.1,7,3,burst_trial-0.1,burst_trial,0.1,23,379.0279999999984,1,900,1,2.0,1,2,1,2.0,1,2,1,pérdida contigua en ensayo,True,0,0,0,0.0,0,0,0,0.0,100,346,47,True,0.3844444444444444,medio,396.0,medio,20-40,0,0,0,0
s07-r3-burst_trial-0.25,7,3,burst_trial-0.25,burst_trial,0.25,0,1.0,2,750,1,2.0,1,2,1,2.0,1,2,1,pérdida contigua en ensayo,True,1,1,0,0.0,1,1,0,0.0,250,549,0,True,0.732,fin,674.0,fin,60-80,0,0,0,0
s07-r3-burst_trial-0.25,7,3,burst_trial-0.25,burst_trial,0.25,1,16.684000000001106,1,750,1,1.0,1,1,1,2.0,1,2,1,pérdida contigua en ensayo,True,1,1,0,0.0,0,0,0,0.0,250,200,2,True,0.26666666666666666,inicio,325.0,inicio,20-40,0,0,0,0
s07-r3-burst_trial-0.25,7,3,burst_trial-0.25,burst_trial,0.25,2,48.6359999999986,1,750,1,1.0,1,1,1,1.0,1,1,1,pérdida contigua en ensayo,True,1,1,0,0.0,1,1,0,0.0,250,523,6,True,0.6973333333333334,fin,648.0,medio,60-80,0,0,0,0
s07-r3-burst_trial-0.25,7,3,burst_trial-0.25,burst_trial,0.25,3,56.83599999999933,1,750,1,2.0,1,2,1,1.0,1,1,1,pérdida contigua en ensayo,True,0,0,0,0.0,1,1,0,0.0,250,197,7,True,0.26266666666666666,inicio,322.0,inicio,20-40,0,0,0,0
s07-r3-burst_trial-0.25,7,3,burst_trial-0.25,burst_trial,0.25,4,72.55199999999968,2,750,1,2.0,1,2,1,2.0,1,2,1,pérdida contigua en ensayo,True,1,1,0,0.0,1,1,0,0.0,250,337,9,True,0.4493333333333333,medio,462.0,medio,40-60,0,0,0,0
s07-r3-burst_trial-0.25,7,3,burst_trial-0.25,burst_trial,0.25,5,103.41999999999824,2,750,1,2.0,1,2,1,2.0,1,2,1,pérdida contigua en ensayo,True,1,1,0,0.0,1,1,0,0.0,250,435,13,True,0.58,medio,560.0,medio,40-60,0,0,0,0
s07-r3-burst_trial-0.25,7,3,burst_trial-0.25,burst_trial,0.25,6,111.28800000000048,1,750,1,2.0,1,2,1,1.0,1,2,1,pérdida contigua en ensayo,True,0,0,0,0.0,1,0,1,1.0,250,164,14,True,0.21866666666666668,inicio,289.0,inicio,20-40,0,0,0,1
s07-r3-burst_trial-0.25,7,3,burst_trial-0.25,burst_trial,0.25,7,127.79999999999929,2,750,1,2.0,1,2,1,1.0,1,1,1,pérdida contigua en ensayo,True,1,1,0,0.0,0,0,0,0.0,250,66,16,True,0.088,inicio,191.0,inicio,0-20,0,0,0,0
s07-r3-burst_trial-0.25,7,3,burst_trial-0.25,burst_trial,0.25,8,144.20799999999872,1,750,1,1.0,1,2,1,2.0,1,1,1,pérdida contigua en ensayo,True,1,0,1,1.0,0,1,1,1.0,250,237,18,True,0.316,inicio,362.0,medio,20-40,0,1,1,0
s07-r3-burst_trial-0.25,7,3,burst_trial-0.25,burst_trial,0.25,9,169.07200000000012,2,750,1,2.0,1,2,1,1.0,1,1,1,pérdida contigua en ensayo,True,1,1,0,0.0,0,0,0,0.0,250,299,21,True,0.39866666666666667,medio,424.0,medio,20-40,0,0,0,0
s07-r3-burst_trial-0.25,7,3,burst_trial-0.25,burst_trial,0.25,10,192.65599999999904,1,750,1,1.0,1,1,1,1.0,1,1,1,pérdida contigua en ensayo,True,1,1,0,0.0,1,1,0,0.0,250,44,24,True,0.058666666666666666,inicio,169.0,inicio,0-20,0,0,0,0
s07-r3-burst_trial-0.25,7,3,burst_trial-0.25,burst_trial,0.25,11,200.5,2,750,1,2.0,1,2,1,2.0,1,2,1,pérdida contigua en ensayo,True,1,1,0,0.0,1,1,0,0.0,250,307,25,True,0.4093333333333333,medio,432.0,medio,40-60,0,0,0,0
s07-r3-burst_trial-0.25,7,3,burst_trial-0.25,burst_trial,0.25,12,208.91600000000108,2,750,1,2.0,1,2,1,1.0,1,2,1,pérdida contigua en ensayo,True,1,1,0,0.0,0,1,1,1.0,250,25,26,True,0.03333333333333333,inicio,150.0,inicio,0-20,0,0,1,0
s07-r3-burst_trial-0.25,7,3,burst_trial-0.25,burst_trial,0.25,13,232.9360000000015,2,750,1,2.0,1,2,1,2.0,1,2,1,pérdida contigua en ensayo,True,1,1,0,0.0,1,1,0,0.0,250,299,29,True,0.39866666666666667,medio,424.0,medio,20-40,0,0,0,0
s07-r3-burst_trial-0.25,7,3,burst_trial-0.25,burst_trial,0.25,14,241.2200000000012,1,750,1,2.0,1,2,1,2.0,1,1,1,pérdida contigua en ensayo,True,0,0,0,0.0,0,1,1,1.0,250,213,30,True,0.284,inicio,338.0,medio,20-40,0,0,1,0
s07-r3-burst_trial-0.25,7,3,burst_trial-0.25,burst_trial,0.25,15,249.64800000000105,1,750,1,2.0,1,2,1,2.0,1,1,1,pérdida contigua en ensayo,True,0,0,0,0.0,0,1,1,1.0,250,288,31,True,0.384,medio,413.0,medio,20-40,0,0,1,0
s07-r3-burst_trial-0.25,7,3,burst_trial-0.25,burst_trial,0.25,16,266.380000000001,2,750,1,2.0,1,2,1,1.0,1,1,1,pérdida contigua en ensayo,True,1,1,0,0.0,0,0,0,0.0,250,128,33,True,0.17066666666666666,inicio,253.0,inicio,0-20,0,0,0,0
s07-r3-burst_trial-0.25,7,3,burst_trial-0.25,burst_trial,0.25,17,274.5519999999997,1,750,1,1.0,1,1,1,1.0,1,1,1,pérdida contigua en ensayo,True,1,1,0,0.0,1,1,0,0.0,250,620,34,True,0.8266666666666667,fin,745.0,fin,80-100,0,0,0,0
s07-r3-burst_trial-0.25,7,3,burst_trial-0.25,burst_trial,0.25,18,290.887999999999,2,750,1,2.0,1,2,1,1.0,1,2,1,pérdida contigua en ensayo,True,1,1,0,0.0,0,1,1,1.0,250,620,36,True,0.8266666666666667,fin,745.0,fin,80-100,0,0,1,0
s07-r3-burst_trial-0.25,7,3,burst_trial-0.25,burst_trial,0.25,19,298.77600000000166,2,750,1,2.0,1,2,1,2.0,1,2,1,pérdida contigua en ensayo,True,1,1,0,0.0,1,1,0,0.0,250,303,37,True,0.404,medio,428.0,medio,40-60,0,0,0,0
s07-r3-burst_trial-0.25,7,3,burst_trial-0.25,burst_trial,0.25,20,314.32800000000134,1,750,1,1.0,1,1,1,2.0,1,1,1,pérdida contigua en ensayo,True,1,1,0,0.0,0,1,1,1.0,250,401,39,True,0.5346666666666666,medio,526.0,medio,40-60,0,0,1,0
s07-r3-burst_trial-0.25,7,3,burst_trial-0.25,burst_trial,0.25,21,362.3359999999993,1,750,1,2.0,1,2,1,1.0,1,1,1,pérdida contigua en ensayo,True,0,0,0,0.0,1,1,0,0.0,250,401,45,True,0.5346666666666666,medio,526.0,medio,40-60,0,0,0,0
s07-r3-burst_trial-0.25,7,3,burst_trial-0.25,burst_trial,0.25,22,370.7920000000013,2,750,1,2.0,1,2,1,2.0,1,2,1,pérdida contigua en ensayo,True,1,1,0,0.0,1,1,0,0.0,250,362,46,True,0.4826666666666667,medio,487.0,medio,40-60,0,0,0,0
s07-r3-burst_trial-0.25,7,3,burst_trial-0.25,burst_trial,0.25,23,379.0279999999984,1,750,1,2.0,1,2,1,2.0,1,2,1,pérdida contigua en ensayo,True,0,0,0,0.0,0,0,0,0.0,250,143,47,True,0.19066666666666668,inicio,268.0,inicio,0-20,0,0,0,0
s07-r3-burst_trial-0.4,7,3,burst_trial-0.4,burst_trial,0.4,0,1.0,2,600,1,2.0,1,2,1,2.0,1,2,1,pérdida contigua en ensayo,True,1,1,0,0.0,1,1,0,0.0,400,164,0,True,0.2733333333333333,inicio,364.0,medio,20-40,0,0,0,0
s07-r3-burst_trial-0.4,7,3,burst_trial-0.4,burst_trial,0.4,1,16.684000000001106,1,600,1,1.0,1,1,1,1.0,1,2,1,pérdida contigua en ensayo,True,1,1,0,0.0,1,0,1,1.0,400,5,2,True,0.008333333333333333,inicio,205.0,inicio,0-20,0,0,0,1
s07-r3-burst_trial-0.4,7,3,burst_trial-0.4,burst_trial,0.4,2,48.6359999999986,1,600,1,1.0,1,1,1,1.0,1,1,1,pérdida contigua en ensayo,True,1,1,0,0.0,1,1,0,0.0,400,137,6,True,0.22833333333333333,inicio,337.0,medio,20-40,0,0,0,0
s07-r3-burst_trial-0.4,7,3,burst_trial-0.4,burst_trial,0.4,3,56.83599999999933,1,600,1,2.0,1,2,1,1.0,1,1,1,pérdida contigua en ensayo,True,0,0,0,0.0,1,1,0,0.0,400,310,7,True,0.5166666666666667,medio,510.0,medio,40-60,0,0,0,0
s07-r3-burst_trial-0.4,7,3,burst_trial-0.4,burst_trial,0.4,4,72.55199999999968,2,600,1,2.0,1,2,1,2.0,1,2,1,pérdida contigua en ensayo,True,1,1,0,0.0,1,1,0,0.0,400,306,9,True,0.51,medio,506.0,medio,40-60,0,0,0,0
s07-r3-burst_trial-0.4,7,3,burst_trial-0.4,burst_trial,0.4,5,103.41999999999824,2,600,1,2.0,1,2,1,2.0,1,2,1,pérdida contigua en ensayo,True,1,1,0,0.0,1,1,0,0.0,400,253,13,True,0.4216666666666667,medio,453.0,medio,40-60,0,0,0,0
s07-r3-burst_trial-0.4,7,3,burst_trial-0.4,burst_trial,0.4,6,111.28800000000048,1,600,1,2.0,1,2,1,2.0,1,2,1,pérdida contigua en ensayo,True,0,0,0,0.0,0,0,0,0.0,400,417,14,True,0.695,fin,617.0,medio,60-80,0,0,0,0
s07-r3-burst_trial-0.4,7,3,burst_trial-0.4,burst_trial,0.4,7,127.79999999999929,2,600,1,2.0,1,2,1,1.0,1,1,1,pérdida contigua en ensayo,True,1,1,0,0.0,0,0,0,0.0,400,497,16,True,0.8283333333333334,fin,697.0,fin,80-100,0,0,0,0
s07-r3-burst_trial-0.4,7,3,burst_trial-0.4,burst_trial,0.4,8,144.20799999999872,1,600,1,2.0,1,2,1,1.0,1,1,1,pérdida contigua en ensayo,True,0,0,0,0.0,1,1,0,0.0,400,133,18,True,0.22166666666666668,inicio,333.0,inicio,20-40,0,0,0,0
s07-r3-burst_trial-0.4,7,3,burst_trial-0.4,burst_trial,0.4,9,169.07200000000012,2,600,1,2.0,1,2,1,1.0,1,1,1,pérdida contigua en ensayo,True,1,1,0,0.0,0,0,0,0.0,400,256,21,True,0.4266666666666667,medio,456.0,medio,40-60,0,0,0,0
s07-r3-burst_trial-0.4,7,3,burst_trial-0.4,burst_trial,0.4,10,192.65599999999904,1,600,1,1.0,1,1,1,1.0,1,1,1,pérdida contigua en ensayo,True,1,1,0,0.0,1,1,0,0.0,400,575,24,True,0.9583333333333334,fin,775.0,fin,80-100,0,0,0,0
s07-r3-burst_trial-0.4,7,3,burst_trial-0.4,burst_trial,0.4,11,200.5,2,600,1,2.0,1,2,1,1.0,1,2,1,pérdida contigua en ensayo,True,1,1,0,0.0,0,1,1,1.0,400,44,25,True,0.07333333333333333,inicio,244.0,inicio,0-20,0,0,1,0
s07-r3-burst_trial-0.4,7,3,burst_trial-0.4,burst_trial,0.4,12,208.91600000000108,2,600,1,2.0,1,2,1,1.0,1,2,1,pérdida contigua en ensayo,True,1,1,0,0.0,0,1,1,1.0,400,182,26,True,0.30333333333333334,inicio,382.0,medio,20-40,0,0,1,0
s07-r3-burst_trial-0.4,7,3,burst_trial-0.4,burst_trial,0.4,13,232.9360000000015,2,600,1,1.0,1,2,1,2.0,1,2,1,pérdida contigua en ensayo,True,0,1,1,1.0,1,1,0,0.0,400,69,29,True,0.115,inicio,269.0,inicio,0-20,1,0,0,0
s07-r3-burst_trial-0.4,7,3,burst_trial-0.4,burst_trial,0.4,14,241.2200000000012,1,600,1,2.0,1,2,1,1.0,1,1,1,pérdida contigua en ensayo,True,0,0,0,0.0,1,1,0,0.0,400,104,30,True,0.17333333333333334,inicio,304.0,inicio,0-20,0,0,0,0
s07-r3-burst_trial-0.4,7,3,burst_trial-0.4,burst_trial,0.4,15,249.64800000000105,1,600,1,2.0,1,2,1,1.0,1,1,1,pérdida contigua en ensayo,True,0,0,0,0.0,1,1,0,0.0,400,456,31,True,0.76,fin,656.0,medio,60-80,0,0,0,0
s07-r3-burst_trial-0.4,7,3,burst_trial-0.4,burst_trial,0.4,16,266.380000000001,2,600,1,2.0,1,2,1,1.0,1,1,1,pérdida contigua en ensayo,True,1,1,0,0.0,0,0,0,0.0,400,237,33,True,0.395,medio,437.0,medio,20-40,0,0,0,0
s07-r3-burst_trial-0.4,7,3,burst_trial-0.4,burst_trial,0.4,17,274.5519999999997,1,600,1,2.0,1,1,1,1.0,1,1,1,pérdida contigua en ensayo,True,0,1,1,1.0,1,1,0,0.0,400,35,34,True,0.058333333333333334,inicio,235.0,inicio,0-20,1,0,0,0
s07-r3-burst_trial-0.4,7,3,burst_trial-0.4,burst_trial,0.4,18,290.887999999999,2,600,1,2.0,1,2,1,2.0,1,2,1,pérdida contigua en ensayo,True,1,1,0,0.0,1,1,0,0.0,400,330,36,True,0.55,medio,530.0,medio,40-60,0,0,0,0
s07-r3-burst_trial-0.4,7,3,burst_trial-0.4,burst_trial,0.4,19,298.77600000000166,2,600,1,2.0,1,2,1,1.0,1,2,1,pérdida contigua en ensayo,True,1,1,0,0.0,0,1,1,1.0,400,175,37,True,0.2916666666666667,inicio,375.0,medio,20-40,0,0,1,0
s07-r3-burst_trial-0.4,7,3,burst_trial-0.4,burst_trial,0.4,20,314.32800000000134,1,600,1,1.0,1,1,1,1.0,1,1,1,pérdida contigua en ensayo,True,1,1,0,0.0,1,1,0,0.0,400,594,39,True,0.99,fin,794.0,fin,80-100,0,0,0,0
s07-r3-burst_trial-0.4,7,3,burst_trial-0.4,burst_trial,0.4,21,362.3359999999993,1,600,1,2.0,1,2,1,1.0,1,1,1,pérdida contigua en ensayo,True,0,0,0,0.0,1,1,0,0.0,400,346,45,True,0.5766666666666667,medio,546.0,medio,40-60,0,0,0,0
s07-r3-burst_trial-0.4,7,3,burst_trial-0.4,burst_trial,0.4,22,370.7920000000013,2,600,1,2.0,1,2,1,2.0,1,2,1,pérdida contigua en ensayo,True,1,1,0,0.0,1,1,0,0.0,400,269,46,True,0.4483333333333333,medio,469.0,medio,40-60,0,0,0,0
s07-r3-burst_trial-0.4,7,3,burst_trial-0.4,burst_trial,0.4,23,379.0279999999984,1,600,1,2.0,1,2,1,2.0,1,2,1,pérdida contigua en ensayo,True,0,0,0,0.0,0,0,0,0.0,400,202,47,True,0.33666666666666667,medio,402.0,medio,20-40,0,0,0,0
s07-r4-burst_trial-0.1,7,4,burst_trial-0.1,burst_trial,0.1,0,1.0,2,900,1,2.0,1,2,1,2.0,1,2,1,pérdida contigua en ensayo,True,1,1,0,0.0,1,1,0,0.0,100,862,0,True,0.9577777777777777,fin,912.0,fin,80-100,0,0,0,0
s07-r4-burst_trial-0.1,7,4,burst_trial-0.1,burst_trial,0.1,1,9.011999999998809,1,900,1,2.0,1,2,1,1.0,1,1,1,pérdida contigua en ensayo,True,0,0,0,0.0,1,1,0,0.0,100,416,1,True,0.4622222222222222,medio,466.0,medio,40-60,0,0,0,0
s07-r4-burst_trial-0.1,7,4,burst_trial-0.1,burst_trial,0.1,2,16.684000000001106,1,900,1,2.0,1,2,1,1.0,1,1,1,pérdida contigua en ensayo,True,0,0,0,0.0,1,1,0,0.0,100,121,2,True,0.13444444444444445,inicio,171.0,inicio,0-20,0,0,0,0
s07-r4-burst_trial-0.1,7,4,burst_trial-0.1,burst_trial,0.1,3,40.96800000000076,2,900,1,2.0,1,2,1,2.0,1,2,1,pérdida contigua en ensayo,True,1,1,0,0.0,1,1,0,0.0,100,332,5,True,0.3688888888888889,medio,382.0,medio,20-40,0,0,0,0
s07-r4-burst_trial-0.1,7,4,burst_trial-0.1,burst_trial,0.1,4,64.56000000000131,1,900,1,2.0,1,2,1,1.0,1,2,1,pérdida contigua en ensayo,True,0,0,0,0.0,1,0,1,1.0,100,485,8,True,0.5388888888888889,medio,535.0,medio,40-60,0,0,0,1
s07-r4-burst_trial-0.1,7,4,burst_trial-0.1,burst_trial,0.1,5,80.17599999999948,1,900,1,2.0,1,2,1,2.0,1,2,1,pérdida contigua en ensayo,True,0,0,0,0.0,0,0,0,0.0,100,465,10,True,0.5166666666666667,medio,515.0,medio,40-60,0,0,0,0
s07-r4-burst_trial-0.1,7,4,burst_trial-0.1,burst_trial,0.1,6,87.75600000000122,1,900,1,1.0,1,1,1,1.0,1,1,1,pérdida contigua en ensayo,True,1,1,0,0.0,1,1,0,0.0,100,611,11,True,0.6788888888888889,fin,661.0,medio,60-80,0,0,0,0
s07-r4-burst_trial-0.1,7,4,burst_trial-0.1,burst_trial,0.1,7,95.64400000000025,2,900,1,2.0,1,2,1,1.0,1,1,1,pérdida contigua en ensayo,True,1,1,0,0.0,0,0,0,0.0,100,168,12,True,0.18666666666666668,inicio,218.0,inicio,0-20,0,0,0,0
s07-r4-burst_trial-0.1,7,4,burst_trial-0.1,burst_trial,0.1,8,119.76800000000004,2,900,1,2.0,1,2,1,2.0,1,2,1,pérdida contigua en ensayo,True,1,1,0,0.0,1,1,0,0.0,100,835,15,True,0.9277777777777778,fin,885.0,fin,80-100,0,0,0,0
s07-r4-burst_trial-0.1,7,4,burst_trial-0.1,burst_trial,0.1,9,169.07200000000012,2,900,1,2.0,1,2,1,1.0,1,2,1,pérdida contigua en ensayo,True,1,1,0,0.0,0,1,1,1.0,100,170,21,True,0.18888888888888888,inicio,220.0,inicio,0-20,0,0,1,0
s07-r4-burst_trial-0.1,7,4,burst_trial-0.1,burst_trial,0.1,10,176.72000000000116,2,900,1,2.0,1,2,1,1.0,1,1,1,pérdida contigua en ensayo,True,1,1,0,0.0,0,0,0,0.0,100,632,22,True,0.7022222222222222,fin,682.0,fin,60-80,0,0,0,0
s07-r4-burst_trial-0.1,7,4,burst_trial-0.1,burst_trial,0.1,11,192.65599999999904,1,900,1,2.0,1,2,1,1.0,1,1,1,pérdida contigua en ensayo,True,0,0,0,0.0,1,1,0,0.0,100,806,24,True,0.8955555555555555,fin,856.0,fin,80-100,0,0,0,0
s07-r4-burst_trial-0.1,7,4,burst_trial-0.1,burst_trial,0.1,12,200.5,2,900,1,1.0,1,2,1,2.0,1,2,1,pérdida contigua en ensayo,True,0,1,1,1.0,1,1,0,0.0,100,710,25,True,0.7888888888888889,fin,760.0,fin,60-80,1,0,0,0
s07-r4-burst_trial-0.1,7,4,burst_trial-0.1,burst_trial,0.1,13,208.91600000000108,2,900,1,2.0,1,2,1,2.0,1,2,1,pérdida contigua en ensayo,True,1,1,0,0.0,1,1,0,0.0,100,172,26,True,0.19111111111111112,inicio,222.0,inicio,0-20,0,0,0,0
s07-r4-burst_trial-0.1,7,4,burst_trial-0.1,burst_trial,0.1,14,216.9320000000007,2,900,1,2.0,1,2,1,2.0,1,2,1,pérdida contigua en ensayo,True,1,1,0,0.0,1,1,0,0.0,100,894,27,True,0.9933333333333333,fin,944.0,fin,80-100,0,0,0,0
s07-r4-burst_trial-0.1,7,4,burst_trial-0.1,burst_trial,0.1,15,241.2200000000012,1,900,1,1.0,1,1,1,1.0,1,1,1,pérdida contigua en ensayo,True,1,1,0,0.0,1,1,0,0.0,100,898,30,True,0.9977777777777778,fin,948.0,fin,80-100,0,0,0,0
s07-r4-burst_trial-0.1,7,4,burst_trial-0.1,burst_trial,0.1,16,258.0159999999996,1,900,1,1.0,1,1,1,1.0,1,2,1,pérdida contigua en ensayo,True,1,1,0,0.0,1,0,1,1.0,100,800,32,True,0.8888888888888888,fin,850.0,fin,80-100,0,0,0,1
s07-r4-burst_trial-0.1,7,4,burst_trial-0.1,burst_trial,0.1,17,274.5519999999997,1,900,1,1.0,1,1,1,2.0,1,1,1,pérdida contigua en ensayo,True,1,1,0,0.0,0,1,1,1.0,100,388,34,True,0.4311111111111111,medio,438.0,medio,40-60,0,0,1,0
s07-r4-burst_trial-0.1,7,4,burst_trial-0.1,burst_trial,0.1,18,290.887999999999,1,900,1,1.0,1,2,1,1.0,1,1,1,pérdida contigua en ensayo,True,1,0,1,1.0,1,1,0,0.0,100,501,36,True,0.5566666666666666,medio,551.0,medio,40-60,0,1,0,0
s07-r4-burst_trial-0.1,7,4,burst_trial-0.1,burst_trial,0.1,19,306.6280000000006,1,900,1,2.0,1,2,1,2.0,1,2,1,pérdida contigua en ensayo,True,0,0,0,0.0,0,0,0,0.0,100,392,38,True,0.43555555555555553,medio,442.0,medio,40-60,0,0,0,0
s07-r4-burst_trial-0.1,7,4,burst_trial-0.1,burst_trial,0.1,20,314.32800000000134,2,900,1,2.0,1,2,1,2.0,1,2,1,pérdida contigua en ensayo,True,1,1,0,0.0,1,1,0,0.0,100,134,39,True,0.14888888888888888,inicio,184.0,inicio,0-20,0,0,0,0
s07-r4-burst_trial-0.1,7,4,burst_trial-0.1,burst_trial,0.1,21,347.0,1,900,1,2.0,1,2,1,1.0,1,1,1,pérdida contigua en ensayo,True,0,0,0,0.0,1,1,0,0.0,100,283,43,True,0.31444444444444447,inicio,333.0,inicio,20-40,0,0,0,0
s07-r4-burst_trial-0.1,7,4,burst_trial-0.1,burst_trial,0.1,22,354.6239999999998,2,900,1,2.0,1,2,1,2.0,1,2,1,pérdida contigua en ensayo,True,1,1,0,0.0,1,1,0,0.0,100,75,44,True,0.08333333333333333,inicio,125.0,inicio,0-20,0,0,0,0
s07-r4-burst_trial-0.1,7,4,burst_trial-0.1,burst_trial,0.1,23,370.7920000000013,2,900,1,2.0,1,2,1,1.0,1,2,1,pérdida contigua en ensayo,True,1,1,0,0.0,0,1,1,1.0,100,851,46,True,0.9455555555555556,fin,901.0,fin,80-100,0,0,1,0
s07-r4-burst_trial-0.25,7,4,burst_trial-0.25,burst_trial,0.25,0,1.0,2,750,1,2.0,1,2,1,1.0,1,2,1,pérdida contigua en ensayo,True,1,1,0,0.0,0,1,1,1.0,250,11,0,True,0.014666666666666666,inicio,136.0,inicio,0-20,0,0,1,0
s07-r4-burst_trial-0.25,7,4,burst_trial-0.25,burst_trial,0.25,1,9.011999999998809,1,750,1,2.0,1,2,1,1.0,1,1,1,pérdida contigua en ensayo,True,0,0,0,0.0,1,1,0,0.0,250,244,1,True,0.3253333333333333,inicio,369.0,medio,20-40,0,0,0,0
s07-r4-burst_trial-0.25,7,4,burst_trial-0.25,burst_trial,0.25,2,16.684000000001106,1,750,1,2.0,1,2,1,1.0,1,1,1,pérdida contigua en ensayo,True,0,0,0,0.0,1,1,0,0.0,250,687,2,True,0.916,fin,812.0,fin,80-100,0,0,0,0
s07-r4-burst_trial-0.25,7,4,burst_trial-0.25,burst_trial,0.25,3,40.96800000000076,2,750,1,2.0,1,2,1,1.0,1,2,1,pérdida contigua en ensayo,True,1,1,0,0.0,0,1,1,1.0,250,129,5,True,0.172,inicio,254.0,inicio,0-20,0,0,1,0
s07-r4-burst_trial-0.25,7,4,burst_trial-0.25,burst_trial,0.25,4,64.56000000000131,1,750,1,2.0,1,2,1,2.0,1,2,1,pérdida contigua en ensayo,True,0,0,0,0.0,0,0,0,0.0,250,287,8,True,0.38266666666666665,medio,412.0,medio,20-40,0,0,0,0
s07-r4-burst_trial-0.25,7,4,burst_trial-0.25,burst_trial,0.25,5,80.17599999999948,1,750,1,2.0,1,2,1,2.0,1,2,1,pérdida contigua en ensayo,True,0,0,0,0.0,0,0,0,0.0,250,81,10,True,0.108,inicio,206.0,inicio,0-20,0,0,0,0
s07-r4-burst_trial-0.25,7,4,burst_trial-0.25,burst_trial,0.25,6,87.75600000000122,1,750,1,1.0,1,1,1,1.0,1,1,1,pérdida contigua en ensayo,True,1,1,0,0.0,1,1,0,0.0,250,521,11,True,0.6946666666666667,fin,646.0,medio,60-80,0,0,0,0
s07-r4-burst_trial-0.25,7,4,burst_trial-0.25,burst_trial,0.25,7,95.64400000000025,2,750,1,2.0,1,2,1,1.0,1,1,1,pérdida contigua en ensayo,True,1,1,0,0.0,0,0,0,0.0,250,582,12,True,0.776,fin,707.0,fin,60-80,0,0,0,0
s07-r4-burst_trial-0.25,7,4,burst_trial-0.25,burst_trial,0.25,8,119.76800000000004,2,750,1,2.0,1,2,1,2.0,1,2,1,pérdida contigua en ensayo,True,1,1,0,0.0,1,1,0,0.0,250,635,15,True,0.8466666666666667,fin,760.0,fin,80-100,0,0,0,0
s07-r4-burst_trial-0.25,7,4,burst_trial-0.25,burst_trial,0.25,9,169.07200000000012,2,750,1,2.0,1,2,1,1.0,1,2,1,pérdida contigua en ensayo,True,1,1,0,0.0,0,1,1,1.0,250,716,21,True,0.9546666666666667,fin,841.0,fin,80-100,0,0,1,0
s07-r4-burst_trial-0.25,7,4,burst_trial-0.25,burst_trial,0.25,10,176.72000000000116,2,750,1,2.0,1,2,1,1.0,1,1,1,pérdida contigua en ensayo,True,1,1,0,0.0,0,0,0,0.0,250,380,22,True,0.5066666666666667,medio,505.0,medio,40-60,0,0,0,0
s07-r4-burst_trial-0.25,7,4,burst_trial-0.25,burst_trial,0.25,11,192.65599999999904,1,750,1,2.0,1,2,1,1.0,1,1,1,pérdida contigua en ensayo,True,0,0,0,0.0,1,1,0,0.0,250,679,24,True,0.9053333333333333,fin,804.0,fin,80-100,0,0,0,0
s07-r4-burst_trial-0.25,7,4,burst_trial-0.25,burst_trial,0.25,12,200.5,2,750,1,1.0,1,2,1,2.0,1,2,1,pérdida contigua en ensayo,True,0,1,1,1.0,1,1,0,0.0,250,366,25,True,0.488,medio,491.0,medio,40-60,1,0,0,0
s07-r4-burst_trial-0.25,7,4,burst_trial-0.25,burst_trial,0.25,13,208.91600000000108,2,750,1,2.0,1,2,1,2.0,1,2,1,pérdida contigua en ensayo,True,1,1,0,0.0,1,1,0,0.0,250,432,26,True,0.576,medio,557.0,medio,40-60,0,0,0,0
s07-r4-burst_trial-0.25,7,4,burst_trial-0.25,burst_trial,0.25,14,216.9320000000007,2,750,1,2.0,1,2,1,1.0,1,2,1,pérdida contigua en ensayo,True,1,1,0,0.0,0,1,1,1.0,250,478,27,True,0.6373333333333333,medio,603.0,medio,60-80,0,0,1,0
s07-r4-burst_trial-0.25,7,4,burst_trial-0.25,burst_trial,0.25,15,241.2200000000012,1,750,1,1.0,1,1,1,1.0,1,1,1,pérdida contigua en ensayo,True,1,1,0,0.0,1,1,0,0.0,250,160,30,True,0.21333333333333335,inicio,285.0,inicio,20-40,0,0,0,0
s07-r4-burst_trial-0.25,7,4,burst_trial-0.25,burst_trial,0.25,16,258.0159999999996,1,750,1,1.0,1,1,1,1.0,1,2,1,pérdida contigua en ensayo,True,1,1,0,0.0,1,0,1,1.0,250,662,32,True,0.8826666666666667,fin,787.0,fin,80-100,0,0,0,1
s07-r4-burst_trial-0.25,7,4,burst_trial-0.25,burst_trial,0.25,17,274.5519999999997,1,750,1,1.0,1,1,1,1.0,1,1,1,pérdida contigua en ensayo,True,1,1,0,0.0,1,1,0,0.0,250,607,34,True,0.8093333333333333,fin,732.0,fin,80-100,0,0,0,0
s07-r4-burst_trial-0.25,7,4,burst_trial-0.25,burst_trial,0.25,18,290.887999999999,1,750,1,2.0,1,2,1,1.0,1,1,1,pérdida contigua en ensayo,True,0,0,0,0.0,1,1,0,0.0,250,189,36,True,0.252,inicio,314.0,inicio,20-40,0,0,0,0
s07-r4-burst_trial-0.25,7,4,burst_trial-0.25,burst_trial,0.25,19,306.6280000000006,1,750,1,2.0,1,2,1,2.0,1,2,1,pérdida contigua en ensayo,True,0,0,0,0.0,0,0,0,0.0,250,314,38,True,0.4186666666666667,medio,439.0,medio,40-60,0,0,0,0
s07-r4-burst_trial-0.25,7,4,burst_trial-0.25,burst_trial,0.25,20,314.32800000000134,2,750,1,2.0,1,2,1,2.0,1,2,1,pérdida contigua en ensayo,True,1,1,0,0.0,1,1,0,0.0,250,406,39,True,0.5413333333333333,medio,531.0,medio,40-60,0,0,0,0
s07-r4-burst_trial-0.25,7,4,burst_trial-0.25,burst_trial,0.25,21,347.0,1,750,1,2.0,1,2,1,1.0,1,1,1,pérdida contigua en ensayo,True,0,0,0,0.0,1,1,0,0.0,250,82,43,True,0.10933333333333334,inicio,207.0,inicio,0-20,0,0,0,0
s07-r4-burst_trial-0.25,7,4,burst_trial-0.25,burst_trial,0.25,22,354.6239999999998,2,750,1,2.0,1,2,1,2.0,1,2,1,pérdida contigua en ensayo,True,1,1,0,0.0,1,1,0,0.0,250,542,44,True,0.7226666666666667,fin,667.0,fin,60-80,0,0,0,0
s07-r4-burst_trial-0.25,7,4,burst_trial-0.25,burst_trial,0.25,23,370.7920000000013,2,750,1,2.0,1,2,1,1.0,1,2,1,pérdida contigua en ensayo,True,1,1,0,0.0,0,1,1,1.0,250,670,46,True,0.8933333333333333,fin,795.0,fin,80-100,0,0,1,0
s07-r4-burst_trial-0.4,7,4,burst_trial-0.4,burst_trial,0.4,0,1.0,2,600,1,2.0,1,2,1,2.0,1,2,1,pérdida contigua en ensayo,True,1,1,0,0.0,1,1,0,0.0,400,385,0,True,0.6416666666666667,medio,585.0,medio,60-80,0,0,0,0
s07-r4-burst_trial-0.4,7,4,burst_trial-0.4,burst_trial,0.4,1,9.011999999998809,1,600,1,2.0,1,2,1,1.0,1,1,1,pérdida contigua en ensayo,True,0,0,0,0.0,1,1,0,0.0,400,185,1,True,0.30833333333333335,inicio,385.0,medio,20-40,0,0,0,0
s07-r4-burst_trial-0.4,7,4,burst_trial-0.4,burst_trial,0.4,2,16.684000000001106,1,600,1,2.0,1,2,1,1.0,1,1,1,pérdida contigua en ensayo,True,0,0,0,0.0,1,1,0,0.0,400,305,2,True,0.5083333333333333,medio,505.0,medio,40-60,0,0,0,0
s07-r4-burst_trial-0.4,7,4,burst_trial-0.4,burst_trial,0.4,3,40.96800000000076,2,600,1,2.0,1,2,1,1.0,1,2,1,pérdida contigua en ensayo,True,1,1,0,0.0,0,1,1,1.0,400,268,5,True,0.44666666666666666,medio,468.0,medio,40-60,0,0,1,0
s07-r4-burst_trial-0.4,7,4,burst_trial-0.4,burst_trial,0.4,4,64.56000000000131,1,600,1,2.0,1,2,1,1.0,1,2,1,pérdida contigua en ensayo,True,0,0,0,0.0,1,0,1,1.0,400,437,8,True,0.7283333333333334,fin,637.0,medio,60-80,0,0,0,1
s07-r4-burst_trial-0.4,7,4,burst_trial-0.4,burst_trial,0.4,5,80.17599999999948,1,600,1,2.0,1,2,1,1.0,1,2,1,pérdida contigua en ensayo,True,0,0,0,0.0,1,0,1,1.0,400,542,10,True,0.9033333333333333,fin,742.0,fin,80-100,0,0,0,1
s07-r4-burst_trial-0.4,7,4,burst_trial-0.4,burst_trial,0.4,6,87.75600000000122,1,600,1,1.0,1,1,1,1.0,1,1,1,pérdida contigua en ensayo,True,1,1,0,0.0,1,1,0,0.0,400,385,11,True,0.6416666666666667,medio,585.0,medio,60-80,0,0,0,0
s07-r4-burst_trial-0.4,7,4,burst_trial-0.4,burst_trial,0.4,7,95.64400000000025,2,600,1,2.0,1,2,1,2.0,1,1,1,pérdida contigua en ensayo,True,1,1,0,0.0,1,0,1,1.0,400,280,12,True,0.4666666666666667,medio,480.0,medio,40-60,0,0,0,1
s07-r4-burst_trial-0.4,7,4,burst_trial-0.4,burst_trial,0.4,8,119.76800000000004,2,600,1,1.0,1,2,1,2.0,1,2,1,pérdida contigua en ensayo,True,0,1,1,1.0,1,1,0,0.0,400,312,15,True,0.52,medio,512.0,medio,40-60,1,0,0,0
s07-r4-burst_trial-0.4,7,4,burst_trial-0.4,burst_trial,0.4,9,169.07200000000012,2,600,1,2.0,1,2,1,2.0,1,2,1,pérdida contigua en ensayo,True,1,1,0,0.0,1,1,0,0.0,400,307,21,True,0.5116666666666667,medio,507.0,medio,40-60,0,0,0,0
s07-r4-burst_trial-0.4,7,4,burst_trial-0.4,burst_trial,0.4,10,176.72000000000116,2,600,1,2.0,1,2,1,1.0,1,1,1,pérdida contigua en ensayo,True,1,1,0,0.0,0,0,0,0.0,400,579,22,True,0.965,fin,779.0,fin,80-100,0,0,0,0
s07-r4-burst_trial-0.4,7,4,burst_trial-0.4,burst_trial,0.4,11,192.65599999999904,1,600,1,2.0,1,2,1,1.0,1,1,1,pérdida contigua en ensayo,True,0,0,0,0.0,1,1,0,0.0,400,269,24,True,0.4483333333333333,medio,469.0,medio,40-60,0,0,0,0
s07-r4-burst_trial-0.4,7,4,burst_trial-0.4,burst_trial,0.4,12,200.5,2,600,1,2.0,1,2,1,1.0,1,2,1,pérdida contigua en ensayo,True,1,1,0,0.0,0,1,1,1.0,400,21,25,True,0.035,inicio,221.0,inicio,0-20,0,0,1,0
s07-r4-burst_trial-0.4,7,4,burst_trial-0.4,burst_trial,0.4,13,208.91600000000108,2,600,1,2.0,1,2,1,1.0,1,2,1,pérdida contigua en ensayo,True,1,1,0,0.0,0,1,1,1.0,400,573,26,True,0.955,fin,773.0,fin,80-100,0,0,1,0
s07-r4-burst_trial-0.4,7,4,burst_trial-0.4,burst_trial,0.4,14,216.9320000000007,2,600,1,2.0,1,2,1,1.0,1,2,1,pérdida contigua en ensayo,True,1,1,0,0.0,0,1,1,1.0,400,16,27,True,0.02666666666666667,inicio,216.0,inicio,0-20,0,0,1,0
s07-r4-burst_trial-0.4,7,4,burst_trial-0.4,burst_trial,0.4,15,241.2200000000012,1,600,1,1.0,1,1,1,1.0,1,1,1,pérdida contigua en ensayo,True,1,1,0,0.0,1,1,0,0.0,400,198,30,True,0.33,inicio,398.0,medio,20-40,0,0,0,0
s07-r4-burst_trial-0.4,7,4,burst_trial-0.4,burst_trial,0.4,16,258.0159999999996,1,600,1,1.0,1,1,1,1.0,1,2,1,pérdida contigua en ensayo,True,1,1,0,0.0,1,0,1,1.0,400,526,32,True,0.8766666666666667,fin,726.0,fin,80-100,0,0,0,1
s07-r4-burst_trial-0.4,7,4,burst_trial-0.4,burst_trial,0.4,17,274.5519999999997,1,600,1,1.0,1,1,1,1.0,1,1,1,pérdida contigua en ensayo,True,1,1,0,0.0,1,1,0,0.0,400,559,34,True,0.9316666666666666,fin,759.0,fin,80-100,0,0,0,0
s07-r4-burst_trial-0.4,7,4,burst_trial-0.4,burst_trial,0.4,18,290.887999999999,1,600,1,2.0,1,2,1,1.0,1,1,1,pérdida contigua en ensayo,True,0,0,0,0.0,1,1,0,0.0,400,257,36,True,0.42833333333333334,medio,457.0,medio,40-60,0,0,0,0
s07-r4-burst_trial-0.4,7,4,burst_trial-0.4,burst_trial,0.4,19,306.6280000000006,1,600,1,2.0,1,2,1,1.0,1,2,1,pérdida contigua en ensayo,True,0,0,0,0.0,1,0,1,1.0,400,348,38,True,0.58,medio,548.0,medio,40-60,0,0,0,1
s07-r4-burst_trial-0.4,7,4,burst_trial-0.4,burst_trial,0.4,20,314.32800000000134,2,600,1,2.0,1,2,1,2.0,1,2,1,pérdida contigua en ensayo,True,1,1,0,0.0,1,1,0,0.0,400,146,39,True,0.24333333333333335,inicio,346.0,medio,20-40,0,0,0,0
s07-r4-burst_trial-0.4,7,4,burst_trial-0.4,burst_trial,0.4,21,347.0,1,600,1,2.0,1,2,1,1.0,1,1,1,pérdida contigua en ensayo,True,0,0,0,0.0,1,1,0,0.0,400,435,43,True,0.725,fin,635.0,medio,60-80,0,0,0,0
s07-r4-burst_trial-0.4,7,4,burst_trial-0.4,burst_trial,0.4,22,354.6239999999998,2,600,1,2.0,1,2,1,2.0,1,2,1,pérdida contigua en ensayo,True,1,1,0,0.0,1,1,0,0.0,400,129,44,True,0.215,inicio,329.0,inicio,20-40,0,0,0,0
s07-r4-burst_trial-0.4,7,4,burst_trial-0.4,burst_trial,0.4,23,370.7920000000013,2,600,1,2.0,1,2,1,1.0,1,2,1,pérdida contigua en ensayo,True,1,1,0,0.0,0,1,1,1.0,400,136,46,True,0.22666666666666666,inicio,336.0,medio,20-40,0,0,1,0
s08-r0-burst_trial-0.1,8,0,burst_trial-0.1,burst_trial,0.1,0,1.0,1,900,1,1.0,1,1,1,1.0,1,1,1,pérdida contigua en ensayo,True,1,1,0,0.0,1,1,0,0.0,100,272,0,True,0.3022222222222222,inicio,322.0,inicio,20-40,0,0,0,0
s08-r0-burst_trial-0.1,8,0,burst_trial-0.1,burst_trial,0.1,1,9.011999999999716,2,900,1,2.0,1,2,1,2.0,1,2,1,pérdida contigua en ensayo,True,1,1,0,0.0,1,1,0,0.0,100,602,1,True,0.6688888888888889,fin,652.0,medio,60-80,0,0,0,0
s08-r0-burst_trial-0.1,8,0,burst_trial-0.1,burst_trial,0.1,2,16.684000000000196,2,900,1,2.0,1,2,1,1.0,1,1,1,pérdida contigua en ensayo,True,1,1,0,0.0,0,0,0,0.0,100,772,2,True,0.8577777777777778,fin,822.0,fin,80-100,0,0,0,0
s08-r0-burst_trial-0.1,8,0,burst_trial-0.1,burst_trial,0.1,3,24.49200000000019,1,900,1,1.0,1,1,1,1.0,1,1,1,pérdida contigua en ensayo,True,1,1,0,0.0,1,1,0,0.0,100,843,3,True,0.9366666666666666,fin,893.0,fin,80-100,0,0,0,0
s08-r0-burst_trial-0.1,8,0,burst_trial-0.1,burst_trial,0.1,4,32.52400000000034,2,900,1,2.0,1,2,1,2.0,1,2,1,pérdida contigua en ensayo,True,1,1,0,0.0,1,1,0,0.0,100,76,4,True,0.08444444444444445,inicio,126.0,inicio,0-20,0,0,0,0
s08-r0-burst_trial-0.1,8,0,burst_trial-0.1,burst_trial,0.1,5,40.96799999999985,1,900,1,1.0,1,1,1,1.0,1,1,1,pérdida contigua en ensayo,True,1,1,0,0.0,1,1,0,0.0,100,568,5,True,0.6311111111111111,medio,618.0,medio,60-80,0,0,0,0
s08-r0-burst_trial-0.1,8,0,burst_trial-0.1,burst_trial,0.1,6,48.63600000000042,2,900,1,2.0,1,2,1,2.0,1,2,1,pérdida contigua en ensayo,True,1,1,0,0.0,1,1,0,0.0,100,531,6,True,0.59,medio,581.0,medio,40-60,0,0,0,0
s08-r0-burst_trial-0.1,8,0,burst_trial-0.1,burst_trial,0.1,7,64.5600000000004,2,900,1,2.0,1,2,1,2.0,1,2,1,pérdida contigua en ensayo,True,1,1,0,0.0,1,1,0,0.0,100,820,8,True,0.9111111111111111,fin,870.0,fin,80-100,0,0,0,0
s08-r0-burst_trial-0.1,8,0,burst_trial-0.1,burst_trial,0.1,8,80.17600000000039,1,900,1,1.0,1,1,1,1.0,1,1,1,pérdida contigua en ensayo,True,1,1,0,0.0,1,1,0,0.0,100,554,10,True,0.6155555555555555,medio,604.0,medio,60-80,0,0,0,0
s08-r0-burst_trial-0.1,8,0,burst_trial-0.1,burst_trial,0.1,9,95.64400000000025,2,900,1,2.0,1,2,1,2.0,1,2,1,pérdida contigua en ensayo,True,1,1,0,0.0,1,1,0,0.0,100,765,12,True,0.85,fin,815.0,fin,80-100,0,0,0,0
s08-r0-burst_trial-0.1,8,0,burst_trial-0.1,burst_trial,0.1,10,103.42000000000009,1,900,1,2.0,1,2,1,2.0,1,2,1,pérdida contigua en ensayo,True,0,0,0,0.0,0,0,0,0.0,100,239,13,True,0.26555555555555554,inicio,289.0,inicio,20-40,0,0,0,0
s08-r0-burst_trial-0.1,8,0,burst_trial-0.1,burst_trial,0.1,11,152.47199999999975,1,900,1,1.0,1,1,1,1.0,1,1,1,pérdida contigua en ensayo,True,1,1,0,0.0,1,1,0,0.0,100,665,19,True,0.7388888888888889,fin,715.0,fin,60-80,0,0,0,0
s08-r0-burst_trial-0.1,8,0,burst_trial-0.1,burst_trial,0.1,12,169.07200000000012,2,900,1,1.0,1,2,1,2.0,1,2,1,pérdida contigua en ensayo,True,0,1,1,1.0,1,1,0,0.0,100,660,21,True,0.7333333333333333,fin,710.0,fin,60-80,1,0,0,0
s08-r0-burst_trial-0.1,8,0,burst_trial-0.1,burst_trial,0.1,13,176.72000000000023,1,900,1,1.0,1,1,1,1.0,1,1,1,pérdida contigua en ensayo,True,1,1,0,0.0,1,1,0,0.0,100,367,22,True,0.4077777777777778,medio,417.0,medio,40-60,0,0,0,0
s08-r0-burst_trial-0.1,8,0,burst_trial-0.1,burst_trial,0.1,14,184.84400000000005,1,900,1,1.0,1,1,1,1.0,1,1,1,pérdida contigua en ensayo,True,1,1,0,0.0,1,1,0,0.0,100,247,23,True,0.27444444444444444,inicio,297.0,inicio,20-40,0,0,0,0
s08-r0-burst_trial-0.1,8,0,burst_trial-0.1,burst_trial,0.1,15,208.91600000000017,1,900,1,1.0,1,1,1,1.0,1,1,1,pérdida contigua en ensayo,True,1,1,0,0.0,1,1,0,0.0,100,396,26,True,0.44,medio,446.0,medio,40-60,0,0,0,0
s08-r0-burst_trial-0.1,8,0,burst_trial-0.1,burst_trial,0.1,16,241.22000000000023,1,900,1,1.0,1,1,1,1.0,1,1,1,pérdida contigua en ensayo,True,1,1,0,0.0,1,1,0,0.0,100,602,30,True,0.6688888888888889,fin,652.0,medio,60-80,0,0,0,0
s08-r0-burst_trial-0.1,8,0,burst_trial-0.1,burst_trial,0.1,17,249.6480000000001,2,900,1,2.0,1,2,1,2.0,1,2,1,pérdida contigua en ensayo,True,1,1,0,0.0,1,1,0,0.0,100,828,31,True,0.92,fin,878.0,fin,80-100,0,0,0,0
s08-r0-burst_trial-0.1,8,0,burst_trial-0.1,burst_trial,0.1,18,258.0159999999996,1,900,1,1.0,1,1,1,1.0,1,1,1,pérdida contigua en ensayo,True,1,1,0,0.0,1,1,0,0.0,100,112,32,True,0.12444444444444444,inicio,162.0,inicio,0-20,0,0,0,0
s08-r0-burst_trial-0.1,8,0,burst_trial-0.1,burst_trial,0.1,19,266.3800000000001,2,900,1,2.0,1,2,1,2.0,1,2,1,pérdida contigua en ensayo,True,1,1,0,0.0,1,1,0,0.0,100,299,33,True,0.3322222222222222,inicio,349.0,medio,20-40,0,0,0,0
s08-r0-burst_trial-0.1,8,0,burst_trial-0.1,burst_trial,0.1,20,274.5519999999997,2,900,1,2.0,1,2,1,2.0,1,2,1,pérdida contigua en ensayo,True,1,1,0,0.0,1,1,0,0.0,100,818,34,True,0.9088888888888889,fin,868.0,fin,80-100,0,0,0,0
s08-r0-burst_trial-0.1,8,0,burst_trial-0.1,burst_trial,0.1,21,282.808,1,900,1,1.0,1,1,1,1.0,1,1,1,pérdida contigua en ensayo,True,1,1,0,0.0,1,1,0,0.0,100,486,35,True,0.54,medio,536.0,medio,40-60,0,0,0,0
s08-r0-burst_trial-0.1,8,0,burst_trial-0.1,burst_trial,0.1,22,290.8879999999999,2,900,1,2.0,1,2,1,2.0,1,2,1,pérdida contigua en ensayo,True,1,1,0,0.0,1,1,0,0.0,100,616,36,True,0.6844444444444444,fin,666.0,medio,60-80,0,0,0,0
s08-r0-burst_trial-0.1,8,0,burst_trial-0.1,burst_trial,0.1,23,306.6279999999997,2,900,1,2.0,1,2,1,2.0,1,2,1,pérdida contigua en ensayo,True,1,1,0,0.0,1,1,0,0.0,100,114,38,True,0.12666666666666668,inicio,164.0,inicio,0-20,0,0,0,0
s08-r0-burst_trial-0.25,8,0,burst_trial-0.25,burst_trial,0.25,0,1.0,1,750,1,1.0,1,1,1,1.0,1,1,1,pérdida contigua en ensayo,True,1,1,0,0.0,1,1,0,0.0,250,197,0,True,0.26266666666666666,inicio,322.0,inicio,20-40,0,0,0,0
s08-r0-burst_trial-0.25,8,0,burst_trial-0.25,burst_trial,0.25,1,9.011999999999716,2,750,1,2.0,1,2,1,2.0,1,2,1,pérdida contigua en ensayo,True,1,1,0,0.0,1,1,0,0.0,250,606,1,True,0.808,fin,731.0,fin,80-100,0,0,0,0
s08-r0-burst_trial-0.25,8,0,burst_trial-0.25,burst_trial,0.25,2,16.684000000000196,2,750,1,2.0,1,2,1,1.0,1,1,1,pérdida contigua en ensayo,True,1,1,0,0.0,0,0,0,0.0,250,490,2,True,0.6533333333333333,medio,615.0,medio,60-80,0,0,0,0
s08-r0-burst_trial-0.25,8,0,burst_trial-0.25,burst_trial,0.25,3,24.49200000000019,1,750,1,1.0,1,1,1,1.0,1,1,1,pérdida contigua en ensayo,True,1,1,0,0.0,1,1,0,0.0,250,51,3,True,0.068,inicio,176.0,inicio,0-20,0,0,0,0
s08-r0-burst_trial-0.25,8,0,burst_trial-0.25,burst_trial,0.25,4,32.52400000000034,2,750,1,2.0,1,2,1,2.0,1,2,1,pérdida contigua en ensayo,True,1,1,0,0.0,1,1,0,0.0,250,73,4,True,0.09733333333333333,inicio,198.0,inicio,0-20,0,0,0,0
s08-r0-burst_trial-0.25,8,0,burst_trial-0.25,burst_trial,0.25,5,40.96799999999985,1,750,1,1.0,1,1,1,1.0,1,1,1,pérdida contigua en ensayo,True,1,1,0,0.0,1,1,0,0.0,250,43,5,True,0.05733333333333333,inicio,168.0,inicio,0-20,0,0,0,0
s08-r0-burst_trial-0.25,8,0,burst_trial-0.25,burst_trial,0.25,6,48.63600000000042,2,750,1,2.0,1,2,1,2.0,1,2,1,pérdida contigua en ensayo,True,1,1,0,0.0,1,1,0,0.0,250,26,6,True,0.034666666666666665,inicio,151.0,inicio,0-20,0,0,0,0
s08-r0-burst_trial-0.25,8,0,burst_trial-0.25,burst_trial,0.25,7,64.5600000000004,2,750,1,2.0,1,2,1,2.0,1,2,1,pérdida contigua en ensayo,True,1,1,0,0.0,1,1,0,0.0,250,149,8,True,0.19866666666666666,inicio,274.0,inicio,0-20,0,0,0,0
s08-r0-burst_trial-0.25,8,0,burst_trial-0.25,burst_trial,0.25,8,80.17600000000039,1,750,1,1.0,1,1,1,1.0,1,1,1,pérdida contigua en ensayo,True,1,1,0,0.0,1,1,0,0.0,250,330,10,True,0.44,medio,455.0,medio,40-60,0,0,0,0
s08-r0-burst_trial-0.25,8,0,burst_trial-0.25,burst_trial,0.25,9,95.64400000000025,2,750,1,2.0,1,2,1,2.0,1,2,1,pérdida contigua en ensayo,True,1,1,0,0.0,1,1,0,0.0,250,483,12,True,0.644,medio,608.0,medio,60-80,0,0,0,0
s08-r0-burst_trial-0.25,8,0,burst_trial-0.25,burst_trial,0.25,10,103.42000000000009,1,750,1,2.0,1,2,1,1.0,1,2,1,pérdida contigua en ensayo,True,0,0,0,0.0,1,0,1,1.0,250,376,13,True,0.5013333333333333,medio,501.0,medio,40-60,0,0,0,1
s08-r0-burst_trial-0.25,8,0,burst_trial-0.25,burst_trial,0.25,11,152.47199999999975,1,750,1,1.0,1,1,1,1.0,1,1,1,pérdida contigua en ensayo,True,1,1,0,0.0,1,1,0,0.0,250,480,19,True,0.64,medio,605.0,medio,60-80,0,0,0,0
s08-r0-burst_trial-0.25,8,0,burst_trial-0.25,burst_trial,0.25,12,169.07200000000012,2,750,1,2.0,1,2,1,2.0,1,2,1,pérdida contigua en ensayo,True,1,1,0,0.0,1,1,0,0.0,250,451,21,True,0.6013333333333334,medio,576.0,medio,60-80,0,0,0,0
s08-r0-burst_trial-0.25,8,0,burst_trial-0.25,burst_trial,0.25,13,176.72000000000023,1,750,1,1.0,1,1,1,1.0,1,1,1,pérdida contigua en ensayo,True,1,1,0,0.0,1,1,0,0.0,250,71,22,True,0.09466666666666666,inicio,196.0,inicio,0-20,0,0,0,0
s08-r0-burst_trial-0.25,8,0,burst_trial-0.25,burst_trial,0.25,14,184.84400000000005,1,750,1,1.0,1,1,1,1.0,1,1,1,pérdida contigua en ensayo,True,1,1,0,0.0,1,1,0,0.0,250,50,23,True,0.06666666666666667,inicio,175.0,inicio,0-20,0,0,0,0
s08-r0-burst_trial-0.25,8,0,burst_trial-0.25,burst_trial,0.25,15,208.91600000000017,1,750,1,1.0,1,1,1,1.0,1,1,1,pérdida contigua en ensayo,True,1,1,0,0.0,1,1,0,0.0,250,5,26,True,0.006666666666666667,inicio,130.0,inicio,0-20,0,0,0,0
s08-r0-burst_trial-0.25,8,0,burst_trial-0.25,burst_trial,0.25,16,241.22000000000023,1,750,1,1.0,1,1,1,1.0,1,1,1,pérdida contigua en ensayo,True,1,1,0,0.0,1,1,0,0.0,250,287,30,True,0.38266666666666665,medio,412.0,medio,20-40,0,0,0,0
s08-r0-burst_trial-0.25,8,0,burst_trial-0.25,burst_trial,0.25,17,249.6480000000001,2,750,1,2.0,1,2,1,2.0,1,2,1,pérdida contigua en ensayo,True,1,1,0,0.0,1,1,0,0.0,250,407,31,True,0.5426666666666666,medio,532.0,medio,40-60,0,0,0,0
s08-r0-burst_trial-0.25,8,0,burst_trial-0.25,burst_trial,0.25,18,258.0159999999996,1,750,1,1.0,1,1,1,1.0,1,1,1,pérdida contigua en ensayo,True,1,1,0,0.0,1,1,0,0.0,250,259,32,True,0.3453333333333333,medio,384.0,medio,20-40,0,0,0,0
s08-r0-burst_trial-0.25,8,0,burst_trial-0.25,burst_trial,0.25,19,266.3800000000001,2,750,1,2.0,1,2,1,2.0,1,2,1,pérdida contigua en ensayo,True,1,1,0,0.0,1,1,0,0.0,250,284,33,True,0.37866666666666665,medio,409.0,medio,20-40,0,0,0,0
s08-r0-burst_trial-0.25,8,0,burst_trial-0.25,burst_trial,0.25,20,274.5519999999997,2,750,1,2.0,1,2,1,1.0,1,2,1,pérdida contigua en ensayo,True,1,1,0,0.0,0,1,1,1.0,250,148,34,True,0.19733333333333333,inicio,273.0,inicio,0-20,0,0,1,0
s08-r0-burst_trial-0.25,8,0,burst_trial-0.25,burst_trial,0.25,21,282.808,1,750,1,1.0,1,1,1,1.0,1,1,1,pérdida contigua en ensayo,True,1,1,0,0.0,1,1,0,0.0,250,19,35,True,0.025333333333333333,inicio,144.0,inicio,0-20,0,0,0,0
s08-r0-burst_trial-0.25,8,0,burst_trial-0.25,burst_trial,0.25,22,290.8879999999999,2,750,1,2.0,1,2,1,2.0,1,2,1,pérdida contigua en ensayo,True,1,1,0,0.0,1,1,0,0.0,250,743,36,True,0.9906666666666667,fin,868.0,fin,80-100,0,0,0,0
s08-r0-burst_trial-0.25,8,0,burst_trial-0.25,burst_trial,0.25,23,306.6279999999997,2,750,1,2.0,1,2,1,2.0,1,2,1,pérdida contigua en ensayo,True,1,1,0,0.0,1,1,0,0.0,250,502,38,True,0.6693333333333333,fin,627.0,medio,60-80,0,0,0,0
s08-r0-burst_trial-0.4,8,0,burst_trial-0.4,burst_trial,0.4,0,1.0,1,600,1,1.0,1,1,1,1.0,1,1,1,pérdida contigua en ensayo,True,1,1,0,0.0,1,1,0,0.0,400,130,0,True,0.21666666666666667,inicio,330.0,inicio,20-40,0,0,0,0
s08-r0-burst_trial-0.4,8,0,burst_trial-0.4,burst_trial,0.4,1,9.011999999999716,2,600,1,2.0,1,2,1,2.0,1,2,1,pérdida contigua en ensayo,True,1,1,0,0.0,1,1,0,0.0,400,368,1,True,0.6133333333333333,medio,568.0,medio,60-80,0,0,0,0
s08-r0-burst_trial-0.4,8,0,burst_trial-0.4,burst_trial,0.4,2,16.684000000000196,2,600,1,2.0,1,2,1,1.0,1,1,1,pérdida contigua en ensayo,True,1,1,0,0.0,0,0,0,0.0,400,12,2,True,0.02,inicio,212.0,inicio,0-20,0,0,0,0
s08-r0-burst_trial-0.4,8,0,burst_trial-0.4,burst_trial,0.4,3,24.49200000000019,1,600,1,1.0,1,1,1,1.0,1,1,1,pérdida contigua en ensayo,True,1,1,0,0.0,1,1,0,0.0,400,515,3,True,0.8583333333333333,fin,715.0,fin,80-100,0,0,0,0
s08-r0-burst_trial-0.4,8,0,burst_trial-0.4,burst_trial,0.4,4,32.52400000000034,2,600,1,2.0,1,2,1,2.0,1,2,1,pérdida contigua en ensayo,True,1,1,0,0.0,1,1,0,0.0,400,120,4,True,0.2,inicio,320.0,inicio,0-20,0,0,0,0
s08-r0-burst_trial-0.4,8,0,burst_trial-0.4,burst_trial,0.4,5,40.96799999999985,1,600,1,1.0,1,1,1,1.0,1,1,1,pérdida contigua en ensayo,True,1,1,0,0.0,1,1,0,0.0,400,425,5,True,0.7083333333333334,fin,625.0,medio,60-80,0,0,0,0
s08-r0-burst_trial-0.4,8,0,burst_trial-0.4,burst_trial,0.4,6,48.63600000000042,2,600,1,2.0,1,2,1,1.0,1,2,1,pérdida contigua en ensayo,True,1,1,0,0.0,0,1,1,1.0,400,344,6,True,0.5733333333333334,medio,544.0,medio,40-60,0,0,1,0
s08-r0-burst_trial-0.4,8,0,burst_trial-0.4,burst_trial,0.4,7,64.5600000000004,2,600,1,2.0,1,2,1,2.0,1,2,1,pérdida contigua en ensayo,True,1,1,0,0.0,1,1,0,0.0,400,447,8,True,0.745,fin,647.0,medio,60-80,0,0,0,0
s08-r0-burst_trial-0.4,8,0,burst_trial-0.4,burst_trial,0.4,8,80.17600000000039,1,600,1,1.0,1,1,1,1.0,1,1,1,pérdida contigua en ensayo,True,1,1,0,0.0,1,1,0,0.0,400,490,10,True,0.8166666666666667,fin,690.0,fin,80-100,0,0,0,0
s08-r0-burst_trial-0.4,8,0,burst_trial-0.4,burst_trial,0.4,9,95.64400000000025,2,600,1,2.0,1,2,1,2.0,1,2,1,pérdida contigua en ensayo,True,1,1,0,0.0,1,1,0,0.0,400,394,12,True,0.6566666666666666,medio,594.0,medio,60-80,0,0,0,0
s08-r0-burst_trial-0.4,8,0,burst_trial-0.4,burst_trial,0.4,10,103.42000000000009,1,600,1,2.0,1,2,1,1.0,1,2,1,pérdida contigua en ensayo,True,0,0,0,0.0,1,0,1,1.0,400,526,13,True,0.8766666666666667,fin,726.0,fin,80-100,0,0,0,1
s08-r0-burst_trial-0.4,8,0,burst_trial-0.4,burst_trial,0.4,11,152.47199999999975,1,600,1,2.0,1,1,1,1.0,1,1,1,pérdida contigua en ensayo,True,0,1,1,1.0,1,1,0,0.0,400,577,19,True,0.9616666666666667,fin,777.0,fin,80-100,1,0,0,0
s08-r0-burst_trial-0.4,8,0,burst_trial-0.4,burst_trial,0.4,12,169.07200000000012,2,600,1,2.0,1,2,1,2.0,1,2,1,pérdida contigua en ensayo,True,1,1,0,0.0,1,1,0,0.0,400,581,21,True,0.9683333333333334,fin,781.0,fin,80-100,0,0,0,0
s08-r0-burst_trial-0.4,8,0,burst_trial-0.4,burst_trial,0.4,13,176.72000000000023,1,600,1,1.0,1,1,1,1.0,1,1,1,pérdida contigua en ensayo,True,1,1,0,0.0,1,1,0,0.0,400,462,22,True,0.77,fin,662.0,medio,60-80,0,0,0,0
s08-r0-burst_trial-0.4,8,0,burst_trial-0.4,burst_trial,0.4,14,184.84400000000005,1,600,1,1.0,1,1,1,1.0,1,1,1,pérdida contigua en ensayo,True,1,1,0,0.0,1,1,0,0.0,400,432,23,True,0.72,fin,632.0,medio,60-80,0,0,0,0
s08-r0-burst_trial-0.4,8,0,burst_trial-0.4,burst_trial,0.4,15,208.91600000000017,1,600,1,1.0,1,1,1,1.0,1,1,1,pérdida contigua en ensayo,True,1,1,0,0.0,1,1,0,0.0,400,399,26,True,0.665,medio,599.0,medio,60-80,0,0,0,0
s08-r0-burst_trial-0.4,8,0,burst_trial-0.4,burst_trial,0.4,16,241.22000000000023,1,600,1,1.0,1,1,1,1.0,1,1,1,pérdida contigua en ensayo,True,1,1,0,0.0,1,1,0,0.0,400,21,30,True,0.035,inicio,221.0,inicio,0-20,0,0,0,0
s08-r0-burst_trial-0.4,8,0,burst_trial-0.4,burst_trial,0.4,17,249.6480000000001,2,600,1,2.0,1,2,1,2.0,1,2,1,pérdida contigua en ensayo,True,1,1,0,0.0,1,1,0,0.0,400,519,31,True,0.865,fin,719.0,fin,80-100,0,0,0,0
s08-r0-burst_trial-0.4,8,0,burst_trial-0.4,burst_trial,0.4,18,258.0159999999996,1,600,1,1.0,1,1,1,1.0,1,1,1,pérdida contigua en ensayo,True,1,1,0,0.0,1,1,0,0.0,400,441,32,True,0.735,fin,641.0,medio,60-80,0,0,0,0
s08-r0-burst_trial-0.4,8,0,burst_trial-0.4,burst_trial,0.4,19,266.3800000000001,2,600,1,2.0,1,2,1,2.0,1,2,1,pérdida contigua en ensayo,True,1,1,0,0.0,1,1,0,0.0,400,562,33,True,0.9366666666666666,fin,762.0,fin,80-100,0,0,0,0
s08-r0-burst_trial-0.4,8,0,burst_trial-0.4,burst_trial,0.4,20,274.5519999999997,2,600,1,2.0,1,2,1,2.0,1,2,1,pérdida contigua en ensayo,True,1,1,0,0.0,1,1,0,0.0,400,351,34,True,0.585,medio,551.0,medio,40-60,0,0,0,0
s08-r0-burst_trial-0.4,8,0,burst_trial-0.4,burst_trial,0.4,21,282.808,1,600,1,1.0,1,1,1,1.0,1,1,1,pérdida contigua en ensayo,True,1,1,0,0.0,1,1,0,0.0,400,108,35,True,0.18,inicio,308.0,inicio,0-20,0,0,0,0
s08-r0-burst_trial-0.4,8,0,burst_trial-0.4,burst_trial,0.4,22,290.8879999999999,2,600,1,2.0,1,2,1,2.0,1,2,1,pérdida contigua en ensayo,True,1,1,0,0.0,1,1,0,0.0,400,247,36,True,0.4116666666666667,medio,447.0,medio,40-60,0,0,0,0
s08-r0-burst_trial-0.4,8,0,burst_trial-0.4,burst_trial,0.4,23,306.6279999999997,2,600,1,2.0,1,2,1,2.0,1,2,1,pérdida contigua en ensayo,True,1,1,0,0.0,1,1,0,0.0,400,408,38,True,0.68,fin,608.0,medio,60-80,0,0,0,0
s08-r1-burst_trial-0.1,8,1,burst_trial-0.1,burst_trial,0.1,0,16.683999999999287,2,900,1,2.0,1,2,1,2.0,1,2,1,pérdida contigua en ensayo,True,1,1,0,0.0,1,1,0,0.0,100,80,2,True,0.08888888888888889,inicio,130.0,inicio,0-20,0,0,0,0
s08-r1-burst_trial-0.1,8,1,burst_trial-0.1,burst_trial,0.1,1,24.49200000000019,1,900,1,1.0,1,1,1,1.0,1,1,1,pérdida contigua en ensayo,True,1,1,0,0.0,1,1,0,0.0,100,278,3,True,0.3088888888888889,inicio,328.0,inicio,20-40,0,0,0,0
s08-r1-burst_trial-0.1,8,1,burst_trial-0.1,burst_trial,0.1,2,32.52399999999943,1,900,1,1.0,1,1,1,1.0,1,1,1,pérdida contigua en ensayo,True,1,1,0,0.0,1,1,0,0.0,100,52,4,True,0.057777777777777775,inicio,102.0,inicio,0-20,0,0,0,0
s08-r1-burst_trial-0.1,8,1,burst_trial-0.1,burst_trial,0.1,3,40.96800000000076,2,900,1,2.0,1,2,1,2.0,1,2,1,pérdida contigua en ensayo,True,1,1,0,0.0,1,1,0,0.0,100,759,5,True,0.8433333333333334,fin,809.0,fin,80-100,0,0,0,0
s08-r1-burst_trial-0.1,8,1,burst_trial-0.1,burst_trial,0.1,4,64.55999999999949,2,900,1,2.0,1,2,1,1.0,1,1,1,pérdida contigua en ensayo,True,1,1,0,0.0,0,0,0,0.0,100,229,8,True,0.2544444444444444,inicio,279.0,inicio,20-40,0,0,0,0
s08-r1-burst_trial-0.1,8,1,burst_trial-0.1,burst_trial,0.1,5,80.17599999999948,1,900,1,1.0,1,1,1,1.0,1,1,1,pérdida contigua en ensayo,True,1,1,0,0.0,1,1,0,0.0,100,446,10,True,0.4955555555555556,medio,496.0,medio,40-60,0,0,0,0
s08-r1-burst_trial-0.1,8,1,burst_trial-0.1,burst_trial,0.1,6,87.7559999999994,1,900,1,1.0,1,1,1,1.0,1,1,1,pérdida contigua en ensayo,True,1,1,0,0.0,1,1,0,0.0,100,375,11,True,0.4166666666666667,medio,425.0,medio,40-60,0,0,0,0
s08-r1-burst_trial-0.1,8,1,burst_trial-0.1,burst_trial,0.1,7,95.64400000000025,1,900,1,2.0,1,2,1,1.0,1,1,1,pérdida contigua en ensayo,True,0,0,0,0.0,1,1,0,0.0,100,320,12,True,0.35555555555555557,medio,370.0,medio,20-40,0,0,0,0
s08-r1-burst_trial-0.1,8,1,burst_trial-0.1,burst_trial,0.1,8,111.28800000000048,2,900,1,2.0,1,2,1,2.0,1,2,1,pérdida contigua en ensayo,True,1,1,0,0.0,1,1,0,0.0,100,190,14,True,0.2111111111111111,inicio,240.0,inicio,20-40,0,0,0,0
s08-r1-burst_trial-0.1,8,1,burst_trial-0.1,burst_trial,0.1,9,119.76800000000004,2,900,1,2.0,1,2,1,2.0,1,2,1,pérdida contigua en ensayo,True,1,1,0,0.0,1,1,0,0.0,100,787,15,True,0.8744444444444445,fin,837.0,fin,80-100,0,0,0,0
s08-r1-burst_trial-0.1,8,1,burst_trial-0.1,burst_trial,0.1,10,127.79999999999929,1,900,1,1.0,1,1,1,1.0,1,1,1,pérdida contigua en ensayo,True,1,1,0,0.0,1,1,0,0.0,100,126,16,True,0.14,inicio,176.0,inicio,0-20,0,0,0,0
s08-r1-burst_trial-0.1,8,1,burst_trial-0.1,burst_trial,0.1,11,136.0640000000003,1,900,1,1.0,1,1,1,1.0,1,1,1,pérdida contigua en ensayo,True,1,1,0,0.0,1,1,0,0.0,100,111,17,True,0.12333333333333334,inicio,161.0,inicio,0-20,0,0,0,0
s08-r1-burst_trial-0.1,8,1,burst_trial-0.1,burst_trial,0.1,12,152.47199999999975,1,900,1,1.0,1,1,1,1.0,1,1,1,pérdida contigua en ensayo,True,1,1,0,0.0,1,1,0,0.0,100,292,19,True,0.3244444444444444,inicio,342.0,medio,20-40,0,0,0,0
s08-r1-burst_trial-0.1,8,1,burst_trial-0.1,burst_trial,0.1,13,160.7520000000004,2,900,1,2.0,1,2,1,2.0,1,2,1,pérdida contigua en ensayo,True,1,1,0,0.0,1,1,0,0.0,100,687,20,True,0.7633333333333333,fin,737.0,fin,60-80,0,0,0,0
s08-r1-burst_trial-0.1,8,1,burst_trial-0.1,burst_trial,0.1,14,192.6560000000009,1,900,1,1.0,1,1,1,1.0,1,1,1,pérdida contigua en ensayo,True,1,1,0,0.0,1,1,0,0.0,100,41,24,True,0.04555555555555556,inicio,91.0,inicio,0-20,0,0,0,0
s08-r1-burst_trial-0.1,8,1,burst_trial-0.1,burst_trial,0.1,15,216.9320000000007,2,900,1,2.0,1,2,1,2.0,1,2,1,pérdida contigua en ensayo,True,1,1,0,0.0,1,1,0,0.0,100,745,27,True,0.8277777777777777,fin,795.0,fin,80-100,0,0,0,0
s08-r1-burst_trial-0.1,8,1,burst_trial-0.1,burst_trial,0.1,16,241.21999999999932,2,900,1,2.0,1,2,1,2.0,1,2,1,pérdida contigua en ensayo,True,1,1,0,0.0,1,1,0,0.0,100,267,30,True,0.2966666666666667,inicio,317.0,inicio,20-40,0,0,0,0
s08-r1-burst_trial-0.1,8,1,burst_trial-0.1,burst_trial,0.1,17,249.64799999999923,1,900,1,1.0,1,1,1,1.0,1,1,1,pérdida contigua en ensayo,True,1,1,0,0.0,1,1,0,0.0,100,385,31,True,0.42777777777777776,medio,435.0,medio,40-60,0,0,0,0
s08-r1-burst_trial-0.1,8,1,burst_trial-0.1,burst_trial,0.1,18,258.0159999999996,2,900,1,2.0,1,2,1,2.0,1,2,1,pérdida contigua en ensayo,True,1,1,0,0.0,1,1,0,0.0,100,65,32,True,0.07222222222222222,inicio,115.0,inicio,0-20,0,0,0,0
s08-r1-burst_trial-0.1,8,1,burst_trial-0.1,burst_trial,0.1,19,306.6280000000006,1,900,1,1.0,1,1,1,1.0,1,1,1,pérdida contigua en ensayo,True,1,1,0,0.0,1,1,0,0.0,100,513,38,True,0.57,medio,563.0,medio,40-60,0,0,0,0
s08-r1-burst_trial-0.1,8,1,burst_trial-0.1,burst_trial,0.1,20,322.65200000000004,2,900,1,2.0,1,2,1,2.0,1,2,1,pérdida contigua en ensayo,True,1,1,0,0.0,1,1,0,0.0,100,150,40,True,0.16666666666666666,inicio,200.0,inicio,0-20,0,0,0,0
s08-r1-burst_trial-0.1,8,1,burst_trial-0.1,burst_trial,0.1,21,338.52399999999943,2,900,1,1.0,1,1,1,2.0,1,2,1,pérdida contigua en ensayo,True,0,0,0,0.0,1,1,0,0.0,100,456,42,True,0.5066666666666667,medio,506.0,medio,40-60,0,0,0,0
s08-r1-burst_trial-0.1,8,1,burst_trial-0.1,burst_trial,0.1,22,362.3359999999993,2,900,1,2.0,1,2,1,2.0,1,2,1,pérdida contigua en ensayo,True,1,1,0,0.0,1,1,0,0.0,100,662,45,True,0.7355555555555555,fin,712.0,fin,60-80,0,0,0,0
s08-r1-burst_trial-0.1,8,1,burst_trial-0.1,burst_trial,0.1,23,379.02800000000025,1,900,1,1.0,1,1,1,1.0,1,1,1,pérdida contigua en ensayo,True,1,1,0,0.0,1,1,0,0.0,100,790,47,True,0.8777777777777778,fin,840.0,fin,80-100,0,0,0,0
s08-r1-burst_trial-0.25,8,1,burst_trial-0.25,burst_trial,0.25,0,16.683999999999287,2,750,1,1.0,1,2,1,1.0,1,2,1,pérdida contigua en ensayo,True,0,1,1,1.0,0,1,1,1.0,250,307,2,True,0.4093333333333333,medio,432.0,medio,40-60,1,0,1,0
s08-r1-burst_trial-0.25,8,1,burst_trial-0.25,burst_trial,0.25,1,24.49200000000019,1,750,1,1.0,1,1,1,1.0,1,1,1,pérdida contigua en ensayo,True,1,1,0,0.0,1,1,0,0.0,250,578,3,True,0.7706666666666667,fin,703.0,fin,60-80,0,0,0,0
s08-r1-burst_trial-0.25,8,1,burst_trial-0.25,burst_trial,0.25,2,32.52399999999943,1,750,1,1.0,1,1,1,1.0,1,1,1,pérdida contigua en ensayo,True,1,1,0,0.0,1,1,0,0.0,250,581,4,True,0.7746666666666666,fin,706.0,fin,60-80,0,0,0,0
s08-r1-burst_trial-0.25,8,1,burst_trial-0.25,burst_trial,0.25,3,40.96800000000076,2,750,1,2.0,1,2,1,2.0,1,2,1,pérdida contigua en ensayo,True,1,1,0,0.0,1,1,0,0.0,250,539,5,True,0.7186666666666667,fin,664.0,medio,60-80,0,0,0,0
s08-r1-burst_trial-0.25,8,1,burst_trial-0.25,burst_trial,0.25,4,64.55999999999949,2,750,1,2.0,1,2,1,1.0,1,1,1,pérdida contigua en ensayo,True,1,1,0,0.0,0,0,0,0.0,250,749,8,True,0.9986666666666667,fin,874.0,fin,80-100,0,0,0,0
s08-r1-burst_trial-0.25,8,1,burst_trial-0.25,burst_trial,0.25,5,80.17599999999948,1,750,1,1.0,1,1,1,1.0,1,1,1,pérdida contigua en ensayo,True,1,1,0,0.0,1,1,0,0.0,250,611,10,True,0.8146666666666667,fin,736.0,fin,80-100,0,0,0,0
s08-r1-burst_trial-0.25,8,1,burst_trial-0.25,burst_trial,0.25,6,87.7559999999994,1,750,1,1.0,1,1,1,1.0,1,1,1,pérdida contigua en ensayo,True,1,1,0,0.0,1,1,0,0.0,250,194,11,True,0.25866666666666666,inicio,319.0,inicio,20-40,0,0,0,0
s08-r1-burst_trial-0.25,8,1,burst_trial-0.25,burst_trial,0.25,7,95.64400000000025,1,750,1,2.0,1,2,1,1.0,1,1,1,pérdida contigua en ensayo,True,0,0,0,0.0,1,1,0,0.0,250,520,12,True,0.6933333333333334,fin,645.0,medio,60-80,0,0,0,0
s08-r1-burst_trial-0.25,8,1,burst_trial-0.25,burst_trial,0.25,8,111.28800000000048,2,750,1,2.0,1,2,1,2.0,1,2,1,pérdida contigua en ensayo,True,1,1,0,0.0,1,1,0,0.0,250,139,14,True,0.18533333333333332,inicio,264.0,inicio,0-20,0,0,0,0
s08-r1-burst_trial-0.25,8,1,burst_trial-0.25,burst_trial,0.25,9,119.76800000000004,2,750,1,2.0,1,2,1,2.0,1,2,1,pérdida contigua en ensayo,True,1,1,0,0.0,1,1,0,0.0,250,455,15,True,0.6066666666666667,medio,580.0,medio,60-80,0,0,0,0
s08-r1-burst_trial-0.25,8,1,burst_trial-0.25,burst_trial,0.25,10,127.79999999999929,1,750,1,1.0,1,1,1,1.0,1,1,1,pérdida contigua en ensayo,True,1,1,0,0.0,1,1,0,0.0,250,384,16,True,0.512,medio,509.0,medio,40-60,0,0,0,0
s08-r1-burst_trial-0.25,8,1,burst_trial-0.25,burst_trial,0.25,11,136.0640000000003,1,750,1,1.0,1,1,1,1.0,1,1,1,pérdida contigua en ensayo,True,1,1,0,0.0,1,1,0,0.0,250,546,17,True,0.728,fin,671.0,fin,60-80,0,0,0,0
s08-r1-burst_trial-0.25,8,1,burst_trial-0.25,burst_trial,0.25,12,152.47199999999975,1,750,1,1.0,1,1,1,1.0,1,1,1,pérdida contigua en ensayo,True,1,1,0,0.0,1,1,0,0.0,250,717,19,True,0.956,fin,842.0,fin,80-100,0,0,0,0
s08-r1-burst_trial-0.25,8,1,burst_trial-0.25,burst_trial,0.25,13,160.7520000000004,2,750,1,2.0,1,2,1,2.0,1,2,1,pérdida contigua en ensayo,True,1,1,0,0.0,1,1,0,0.0,250,201,20,True,0.268,inicio,326.0,inicio,20-40,0,0,0,0
s08-r1-burst_trial-0.25,8,1,burst_trial-0.25,burst_trial,0.25,14,192.6560000000009,1,750,1,1.0,1,1,1,1.0,1,1,1,pérdida contigua en ensayo,True,1,1,0,0.0,1,1,0,0.0,250,185,24,True,0.24666666666666667,inicio,310.0,inicio,20-40,0,0,0,0
s08-r1-burst_trial-0.25,8,1,burst_trial-0.25,burst_trial,0.25,15,216.9320000000007,2,750,1,2.0,1,2,1,2.0,1,2,1,pérdida contigua en ensayo,True,1,1,0,0.0,1,1,0,0.0,250,5,27,True,0.006666666666666667,inicio,130.0,inicio,0-20,0,0,0,0
s08-r1-burst_trial-0.25,8,1,burst_trial-0.25,burst_trial,0.25,16,241.21999999999932,2,750,1,2.0,1,2,1,2.0,1,2,1,pérdida contigua en ensayo,True,1,1,0,0.0,1,1,0,0.0,250,175,30,True,0.23333333333333334,inicio,300.0,inicio,20-40,0,0,0,0
s08-r1-burst_trial-0.25,8,1,burst_trial-0.25,burst_trial,0.25,17,249.64799999999923,1,750,1,1.0,1,1,1,1.0,1,1,1,pérdida contigua en ensayo,True,1,1,0,0.0,1,1,0,0.0,250,724,31,True,0.9653333333333334,fin,849.0,fin,80-100,0,0,0,0
s08-r1-burst_trial-0.25,8,1,burst_trial-0.25,burst_trial,0.25,18,258.0159999999996,2,750,1,2.0,1,2,1,2.0,1,2,1,pérdida contigua en ensayo,True,1,1,0,0.0,1,1,0,0.0,250,371,32,True,0.49466666666666664,medio,496.0,medio,40-60,0,0,0,0
s08-r1-burst_trial-0.25,8,1,burst_trial-0.25,burst_trial,0.25,19,306.6280000000006,1,750,1,1.0,1,1,1,1.0,1,1,1,pérdida contigua en ensayo,True,1,1,0,0.0,1,1,0,0.0,250,719,38,True,0.9586666666666667,fin,844.0,fin,80-100,0,0,0,0
s08-r1-burst_trial-0.25,8,1,burst_trial-0.25,burst_trial,0.25,20,322.65200000000004,2,750,1,2.0,1,2,1,1.0,1,2,1,pérdida contigua en ensayo,True,1,1,0,0.0,0,1,1,1.0,250,259,40,True,0.3453333333333333,medio,384.0,medio,20-40,0,0,1,0
s08-r1-burst_trial-0.25,8,1,burst_trial-0.25,burst_trial,0.25,21,338.52399999999943,2,750,1,1.0,1,1,1,2.0,1,2,1,pérdida contigua en ensayo,True,0,0,0,0.0,1,1,0,0.0,250,415,42,True,0.5533333333333333,medio,540.0,medio,40-60,0,0,0,0
s08-r1-burst_trial-0.25,8,1,burst_trial-0.25,burst_trial,0.25,22,362.3359999999993,2,750,1,2.0,1,2,1,2.0,1,2,1,pérdida contigua en ensayo,True,1,1,0,0.0,1,1,0,0.0,250,413,45,True,0.5506666666666666,medio,538.0,medio,40-60,0,0,0,0
s08-r1-burst_trial-0.25,8,1,burst_trial-0.25,burst_trial,0.25,23,379.02800000000025,1,750,1,1.0,1,1,1,1.0,1,1,1,pérdida contigua en ensayo,True,1,1,0,0.0,1,1,0,0.0,250,202,47,True,0.2693333333333333,inicio,327.0,inicio,20-40,0,0,0,0
s08-r1-burst_trial-0.4,8,1,burst_trial-0.4,burst_trial,0.4,0,16.683999999999287,2,600,1,1.0,1,2,1,1.0,1,2,1,pérdida contigua en ensayo,True,0,1,1,1.0,0,1,1,1.0,400,147,2,True,0.245,inicio,347.0,medio,20-40,1,0,1,0
s08-r1-burst_trial-0.4,8,1,burst_trial-0.4,burst_trial,0.4,1,24.49200000000019,1,600,1,1.0,1,1,1,1.0,1,1,1,pérdida contigua en ensayo,True,1,1,0,0.0,1,1,0,0.0,400,558,3,True,0.93,fin,758.0,fin,80-100,0,0,0,0
s08-r1-burst_trial-0.4,8,1,burst_trial-0.4,burst_trial,0.4,2,32.52399999999943,1,600,1,1.0,1,1,1,1.0,1,1,1,pérdida contigua en ensayo,True,1,1,0,0.0,1,1,0,0.0,400,169,4,True,0.2816666666666667,inicio,369.0,medio,20-40,0,0,0,0
s08-r1-burst_trial-0.4,8,1,burst_trial-0.4,burst_trial,0.4,3,40.96800000000076,2,600,1,2.0,1,2,1,2.0,1,2,1,pérdida contigua en ensayo,True,1,1,0,0.0,1,1,0,0.0,400,11,5,True,0.018333333333333333,inicio,211.0,inicio,0-20,0,0,0,0
s08-r1-burst_trial-0.4,8,1,burst_trial-0.4,burst_trial,0.4,4,64.55999999999949,2,600,1,2.0,1,2,1,1.0,1,1,1,pérdida contigua en ensayo,True,1,1,0,0.0,0,0,0,0.0,400,222,8,True,0.37,medio,422.0,medio,20-40,0,0,0,0
s08-r1-burst_trial-0.4,8,1,burst_trial-0.4,burst_trial,0.4,5,80.17599999999948,1,600,1,1.0,1,1,1,1.0,1,1,1,pérdida contigua en ensayo,True,1,1,0,0.0,1,1,0,0.0,400,512,10,True,0.8533333333333334,fin,712.0,fin,80-100,0,0,0,0
s08-r1-burst_trial-0.4,8,1,burst_trial-0.4,burst_trial,0.4,6,87.7559999999994,1,600,1,1.0,1,1,1,1.0,1,1,1,pérdida contigua en ensayo,True,1,1,0,0.0,1,1,0,0.0,400,21,11,True,0.035,inicio,221.0,inicio,0-20,0,0,0,0
s08-r1-burst_trial-0.4,8,1,burst_trial-0.4,burst_trial,0.4,7,95.64400000000025,1,600,1,2.0,1,2,1,1.0,1,1,1,pérdida contigua en ensayo,True,0,0,0,0.0,1,1,0,0.0,400,58,12,True,0.09666666666666666,inicio,258.0,inicio,0-20,0,0,0,0
s08-r1-burst_trial-0.4,8,1,burst_trial-0.4,burst_trial,0.4,8,111.28800000000048,2,600,1,2.0,1,2,1,2.0,1,2,1,pérdida contigua en ensayo,True,1,1,0,0.0,1,1,0,0.0,400,309,14,True,0.515,medio,509.0,medio,40-60,0,0,0,0
s08-r1-burst_trial-0.4,8,1,burst_trial-0.4,burst_trial,0.4,9,119.76800000000004,2,600,1,2.0,1,2,1,2.0,1,2,1,pérdida contigua en ensayo,True,1,1,0,0.0,1,1,0,0.0,400,265,15,True,0.44166666666666665,medio,465.0,medio,40-60,0,0,0,0
s08-r1-burst_trial-0.4,8,1,burst_trial-0.4,burst_trial,0.4,10,127.79999999999929,1,600,1,1.0,1,1,1,1.0,1,1,1,pérdida contigua en ensayo,True,1,1,0,0.0,1,1,0,0.0,400,36,16,True,0.06,inicio,236.0,inicio,0-20,0,0,0,0
s08-r1-burst_trial-0.4,8,1,burst_trial-0.4,burst_trial,0.4,11,136.0640000000003,1,600,1,1.0,1,1,1,1.0,1,1,1,pérdida contigua en ensayo,True,1,1,0,0.0,1,1,0,0.0,400,284,17,True,0.47333333333333333,medio,484.0,medio,40-60,0,0,0,0
s08-r1-burst_trial-0.4,8,1,burst_trial-0.4,burst_trial,0.4,12,152.47199999999975,1,600,1,1.0,1,1,1,1.0,1,1,1,pérdida contigua en ensayo,True,1,1,0,0.0,1,1,0,0.0,400,545,19,True,0.9083333333333333,fin,745.0,fin,80-100,0,0,0,0
s08-r1-burst_trial-0.4,8,1,burst_trial-0.4,burst_trial,0.4,13,160.7520000000004,2,600,1,2.0,1,2,1,2.0,1,2,1,pérdida contigua en ensayo,True,1,1,0,0.0,1,1,0,0.0,400,59,20,True,0.09833333333333333,inicio,259.0,inicio,0-20,0,0,0,0
s08-r1-burst_trial-0.4,8,1,burst_trial-0.4,burst_trial,0.4,14,192.6560000000009,1,600,1,1.0,1,1,1,1.0,1,1,1,pérdida contigua en ensayo,True,1,1,0,0.0,1,1,0,0.0,400,413,24,True,0.6883333333333334,fin,613.0,medio,60-80,0,0,0,0
s08-r1-burst_trial-0.4,8,1,burst_trial-0.4,burst_trial,0.4,15,216.9320000000007,2,600,1,2.0,1,2,1,2.0,1,2,1,pérdida contigua en ensayo,True,1,1,0,0.0,1,1,0,0.0,400,585,27,True,0.975,fin,785.0,fin,80-100,0,0,0,0
s08-r1-burst_trial-0.4,8,1,burst_trial-0.4,burst_trial,0.4,16,241.21999999999932,2,600,1,2.0,1,2,1,2.0,1,2,1,pérdida contigua en ensayo,True,1,1,0,0.0,1,1,0,0.0,400,489,30,True,0.815,fin,689.0,fin,80-100,0,0,0,0
s08-r1-burst_trial-0.4,8,1,burst_trial-0.4,burst_trial,0.4,17,249.64799999999923,1,600,1,1.0,1,1,1,1.0,1,1,1,pérdida contigua en ensayo,True,1,1,0,0.0,1,1,0,0.0,400,180,31,True,0.3,inicio,380.0,medio,20-40,0,0,0,0
s08-r1-burst_trial-0.4,8,1,burst_trial-0.4,burst_trial,0.4,18,258.0159999999996,2,600,1,2.0,1,2,1,2.0,1,2,1,pérdida contigua en ensayo,True,1,1,0,0.0,1,1,0,0.0,400,425,32,True,0.7083333333333334,fin,625.0,medio,60-80,0,0,0,0
s08-r1-burst_trial-0.4,8,1,burst_trial-0.4,burst_trial,0.4,19,306.6280000000006,1,600,1,1.0,1,1,1,1.0,1,1,1,pérdida contigua en ensayo,True,1,1,0,0.0,1,1,0,0.0,400,244,38,True,0.4066666666666667,medio,444.0,medio,40-60,0,0,0,0
s08-r1-burst_trial-0.4,8,1,burst_trial-0.4,burst_trial,0.4,20,322.65200000000004,2,600,1,2.0,1,2,1,1.0,1,2,1,pérdida contigua en ensayo,True,1,1,0,0.0,0,1,1,1.0,400,356,40,True,0.5933333333333334,medio,556.0,medio,40-60,0,0,1,0
s08-r1-burst_trial-0.4,8,1,burst_trial-0.4,burst_trial,0.4,21,338.52399999999943,2,600,1,1.0,1,1,1,2.0,1,2,1,pérdida contigua en ensayo,True,0,0,0,0.0,1,1,0,0.0,400,507,42,True,0.845,fin,707.0,fin,80-100,0,0,0,0
s08-r1-burst_trial-0.4,8,1,burst_trial-0.4,burst_trial,0.4,22,362.3359999999993,2,600,1,2.0,1,2,1,2.0,1,2,1,pérdida contigua en ensayo,True,1,1,0,0.0,1,1,0,0.0,400,387,45,True,0.645,medio,587.0,medio,60-80,0,0,0,0
s08-r1-burst_trial-0.4,8,1,burst_trial-0.4,burst_trial,0.4,23,379.02800000000025,1,600,1,1.0,1,1,1,1.0,1,1,1,pérdida contigua en ensayo,True,1,1,0,0.0,1,1,0,0.0,400,384,47,True,0.64,medio,584.0,medio,60-80,0,0,0,0
s08-r2-burst_trial-0.1,8,2,burst_trial-0.1,burst_trial,0.1,0,1.0,1,900,1,1.0,1,1,1,1.0,1,1,1,pérdida contigua en ensayo,True,1,1,0,0.0,1,1,0,0.0,100,213,0,True,0.23666666666666666,inicio,263.0,inicio,20-40,0,0,0,0
s08-r2-burst_trial-0.1,8,2,burst_trial-0.1,burst_trial,0.1,1,9.011999999998809,1,900,1,1.0,1,1,1,1.0,1,1,1,pérdida contigua en ensayo,True,1,1,0,0.0,1,1,0,0.0,100,282,1,True,0.31333333333333335,inicio,332.0,inicio,20-40,0,0,0,0
s08-r2-burst_trial-0.1,8,2,burst_trial-0.1,burst_trial,0.1,2,24.49199999999837,2,900,1,2.0,1,2,1,2.0,1,2,1,pérdida contigua en ensayo,True,1,1,0,0.0,1,1,0,0.0,100,376,3,True,0.4177777777777778,medio,426.0,medio,40-60,0,0,0,0
s08-r2-burst_trial-0.1,8,2,burst_trial-0.1,burst_trial,0.1,3,32.52400000000125,1,900,1,1.0,1,1,1,1.0,1,1,1,pérdida contigua en ensayo,True,1,1,0,0.0,1,1,0,0.0,100,234,4,True,0.26,inicio,284.0,inicio,20-40,0,0,0,0
s08-r2-burst_trial-0.1,8,2,burst_trial-0.1,burst_trial,0.1,4,48.6359999999986,1,900,1,1.0,1,1,1,1.0,1,1,1,pérdida contigua en ensayo,True,1,1,0,0.0,1,1,0,0.0,100,762,6,True,0.8466666666666667,fin,812.0,fin,80-100,0,0,0,0
s08-r2-burst_trial-0.1,8,2,burst_trial-0.1,burst_trial,0.1,5,64.56000000000131,2,900,1,2.0,1,2,1,2.0,1,2,1,pérdida contigua en ensayo,True,1,1,0,0.0,1,1,0,0.0,100,512,8,True,0.5688888888888889,medio,562.0,medio,40-60,0,0,0,0
s08-r2-burst_trial-0.1,8,2,burst_trial-0.1,burst_trial,0.1,6,80.17599999999948,1,900,1,1.0,1,1,1,1.0,1,1,1,pérdida contigua en ensayo,True,1,1,0,0.0,1,1,0,0.0,100,833,10,True,0.9255555555555556,fin,883.0,fin,80-100,0,0,0,0
s08-r2-burst_trial-0.1,8,2,burst_trial-0.1,burst_trial,0.1,7,103.41999999999824,1,900,1,1.0,1,1,1,1.0,1,1,1,pérdida contigua en ensayo,True,1,1,0,0.0,1,1,0,0.0,100,159,13,True,0.17666666666666667,inicio,209.0,inicio,0-20,0,0,0,0
s08-r2-burst_trial-0.1,8,2,burst_trial-0.1,burst_trial,0.1,8,119.76800000000004,2,900,1,2.0,1,2,1,2.0,1,2,1,pérdida contigua en ensayo,True,1,1,0,0.0,1,1,0,0.0,100,148,15,True,0.16444444444444445,inicio,198.0,inicio,0-20,0,0,0,0
s08-r2-burst_trial-0.1,8,2,burst_trial-0.1,burst_trial,0.1,9,160.7520000000004,1,900,1,1.0,1,1,1,1.0,1,1,1,pérdida contigua en ensayo,True,1,1,0,0.0,1,1,0,0.0,100,466,20,True,0.5177777777777778,medio,516.0,medio,40-60,0,0,0,0
s08-r2-burst_trial-0.1,8,2,burst_trial-0.1,burst_trial,0.1,10,176.72000000000116,2,900,1,2.0,1,2,1,2.0,1,2,1,pérdida contigua en ensayo,True,1,1,0,0.0,1,1,0,0.0,100,686,22,True,0.7622222222222222,fin,736.0,fin,60-80,0,0,0,0
s08-r2-burst_trial-0.1,8,2,burst_trial-0.1,burst_trial,0.1,11,192.65599999999904,2,900,1,2.0,1,2,1,2.0,1,2,1,pérdida contigua en ensayo,True,1,1,0,0.0,1,1,0,0.0,100,157,24,True,0.17444444444444446,inicio,207.0,inicio,0-20,0,0,0,0
s08-r2-burst_trial-0.1,8,2,burst_trial-0.1,burst_trial,0.1,12,200.5,1,900,1,1.0,1,1,1,1.0,1,1,1,pérdida contigua en ensayo,True,1,1,0,0.0,1,1,0,0.0,100,326,25,True,0.3622222222222222,medio,376.0,medio,20-40,0,0,0,0
s08-r2-burst_trial-0.1,8,2,burst_trial-0.1,burst_trial,0.1,13,216.9320000000007,2,900,1,2.0,1,2,1,2.0,1,2,1,pérdida contigua en ensayo,True,1,1,0,0.0,1,1,0,0.0,100,424,27,True,0.4711111111111111,medio,474.0,medio,40-60,0,0,0,0
s08-r2-burst_trial-0.1,8,2,burst_trial-0.1,burst_trial,0.1,14,224.8319999999985,1,900,1,1.0,1,1,1,1.0,1,1,1,pérdida contigua en ensayo,True,1,1,0,0.0,1,1,0,0.0,100,396,28,True,0.44,medio,446.0,medio,40-60,0,0,0,0
s08-r2-burst_trial-0.1,8,2,burst_trial-0.1,burst_trial,0.1,15,249.64800000000105,1,900,1,1.0,1,1,1,1.0,1,1,1,pérdida contigua en ensayo,True,1,1,0,0.0,1,1,0,0.0,100,891,31,True,0.99,fin,941.0,fin,80-100,0,0,0,0
s08-r2-burst_trial-0.1,8,2,burst_trial-0.1,burst_trial,0.1,16,282.8080000000009,2,900,1,2.0,1,2,1,1.0,1,2,1,pérdida contigua en ensayo,True,1,1,0,0.0,0,1,1,1.0,100,640,35,True,0.7111111111111111,fin,690.0,fin,60-80,0,0,1,0
s08-r2-burst_trial-0.1,8,2,burst_trial-0.1,burst_trial,0.1,17,290.887999999999,1,900,1,1.0,1,1,1,1.0,1,1,1,pérdida contigua en ensayo,True,1,1,0,0.0,1,1,0,0.0,100,630,36,True,0.7,fin,680.0,fin,60-80,0,0,0,0
s08-r2-burst_trial-0.1,8,2,burst_trial-0.1,burst_trial,0.1,18,298.77600000000166,2,900,1,2.0,1,2,1,2.0,1,2,1,pérdida contigua en ensayo,True,1,1,0,0.0,1,1,0,0.0,100,320,37,True,0.35555555555555557,medio,370.0,medio,20-40,0,0,0,0
s08-r2-burst_trial-0.1,8,2,burst_trial-0.1,burst_trial,0.1,19,314.32800000000134,2,900,1,2.0,1,2,1,2.0,1,2,1,pérdida contigua en ensayo,True,1,1,0,0.0,1,1,0,0.0,100,718,39,True,0.7977777777777778,fin,768.0,fin,60-80,0,0,0,0
s08-r2-burst_trial-0.1,8,2,burst_trial-0.1,burst_trial,0.1,20,338.52400000000125,2,900,1,2.0,1,2,1,2.0,1,2,1,pérdida contigua en ensayo,True,1,1,0,0.0,1,1,0,0.0,100,589,42,True,0.6544444444444445,medio,639.0,medio,60-80,0,0,0,0
s08-r2-burst_trial-0.1,8,2,burst_trial-0.1,burst_trial,0.1,21,347.0,2,900,1,2.0,1,2,1,2.0,1,2,1,pérdida contigua en ensayo,True,1,1,0,0.0,1,1,0,0.0,100,574,43,True,0.6377777777777778,medio,624.0,medio,60-80,0,0,0,0
s08-r2-burst_trial-0.1,8,2,burst_trial-0.1,burst_trial,0.1,22,354.6239999999998,2,900,1,1.0,1,1,1,2.0,1,2,1,pérdida contigua en ensayo,True,0,0,0,0.0,1,1,0,0.0,100,291,44,True,0.3233333333333333,inicio,341.0,medio,20-40,0,0,0,0
s08-r2-burst_trial-0.1,8,2,burst_trial-0.1,burst_trial,0.1,23,379.0279999999984,1,900,1,1.0,1,1,1,1.0,1,1,1,pérdida contigua en ensayo,True,1,1,0,0.0,1,1,0,0.0,100,112,47,True,0.12444444444444444,inicio,162.0,inicio,0-20,0,0,0,0
s08-r2-burst_trial-0.25,8,2,burst_trial-0.25,burst_trial,0.25,0,1.0,1,750,1,1.0,1,1,1,1.0,1,1,1,pérdida contigua en ensayo,True,1,1,0,0.0,1,1,0,0.0,250,469,0,True,0.6253333333333333,medio,594.0,medio,60-80,0,0,0,0
s08-r2-burst_trial-0.25,8,2,burst_trial-0.25,burst_trial,0.25,1,9.011999999998809,1,750,1,1.0,1,1,1,1.0,1,1,1,pérdida contigua en ensayo,True,1,1,0,0.0,1,1,0,0.0,250,114,1,True,0.152,inicio,239.0,inicio,0-20,0,0,0,0
s08-r2-burst_trial-0.25,8,2,burst_trial-0.25,burst_trial,0.25,2,24.49199999999837,2,750,1,2.0,1,2,1,2.0,1,2,1,pérdida contigua en ensayo,True,1,1,0,0.0,1,1,0,0.0,250,700,3,True,0.9333333333333333,fin,825.0,fin,80-100,0,0,0,0
s08-r2-burst_trial-0.25,8,2,burst_trial-0.25,burst_trial,0.25,3,32.52400000000125,1,750,1,1.0,1,1,1,1.0,1,1,1,pérdida contigua en ensayo,True,1,1,0,0.0,1,1,0,0.0,250,111,4,True,0.148,inicio,236.0,inicio,0-20,0,0,0,0
s08-r2-burst_trial-0.25,8,2,burst_trial-0.25,burst_trial,0.25,4,48.6359999999986,1,750,1,1.0,1,1,1,1.0,1,1,1,pérdida contigua en ensayo,True,1,1,0,0.0,1,1,0,0.0,250,623,6,True,0.8306666666666667,fin,748.0,fin,80-100,0,0,0,0
s08-r2-burst_trial-0.25,8,2,burst_trial-0.25,burst_trial,0.25,5,64.56000000000131,2,750,1,2.0,1,2,1,2.0,1,2,1,pérdida contigua en ensayo,True,1,1,0,0.0,1,1,0,0.0,250,356,8,True,0.4746666666666667,medio,481.0,medio,40-60,0,0,0,0
s08-r2-burst_trial-0.25,8,2,burst_trial-0.25,burst_trial,0.25,6,80.17599999999948,1,750,1,1.0,1,1,1,1.0,1,1,1,pérdida contigua en ensayo,True,1,1,0,0.0,1,1,0,0.0,250,561,10,True,0.748,fin,686.0,fin,60-80,0,0,0,0
s08-r2-burst_trial-0.25,8,2,burst_trial-0.25,burst_trial,0.25,7,103.41999999999824,1,750,1,1.0,1,1,1,1.0,1,1,1,pérdida contigua en ensayo,True,1,1,0,0.0,1,1,0,0.0,250,378,13,True,0.504,medio,503.0,medio,40-60,0,0,0,0
s08-r2-burst_trial-0.25,8,2,burst_trial-0.25,burst_trial,0.25,8,119.76800000000004,2,750,1,1.0,1,2,1,1.0,1,2,1,pérdida contigua en ensayo,True,0,1,1,1.0,0,1,1,1.0,250,327,15,True,0.436,medio,452.0,medio,40-60,1,0,1,0
s08-r2-burst_trial-0.25,8,2,burst_trial-0.25,burst_trial,0.25,9,160.7520000000004,1,750,1,1.0,1,1,1,1.0,1,1,1,pérdida contigua en ensayo,True,1,1,0,0.0,1,1,0,0.0,250,480,20,True,0.64,medio,605.0,medio,60-80,0,0,0,0
s08-r2-burst_trial-0.25,8,2,burst_trial-0.25,burst_trial,0.25,10,176.72000000000116,2,750,1,2.0,1,2,1,2.0,1,2,1,pérdida contigua en ensayo,True,1,1,0,0.0,1,1,0,0.0,250,712,22,True,0.9493333333333334,fin,837.0,fin,80-100,0,0,0,0
s08-r2-burst_trial-0.25,8,2,burst_trial-0.25,burst_trial,0.25,11,192.65599999999904,2,750,1,2.0,1,2,1,2.0,1,2,1,pérdida contigua en ensayo,True,1,1,0,0.0,1,1,0,0.0,250,185,24,True,0.24666666666666667,inicio,310.0,inicio,20-40,0,0,0,0
s08-r2-burst_trial-0.25,8,2,burst_trial-0.25,burst_trial,0.25,12,200.5,1,750,1,1.0,1,1,1,1.0,1,1,1,pérdida contigua en ensayo,True,1,1,0,0.0,1,1,0,0.0,250,385,25,True,0.5133333333333333,medio,510.0,medio,40-60,0,0,0,0
s08-r2-burst_trial-0.25,8,2,burst_trial-0.25,burst_trial,0.25,13,216.9320000000007,2,750,1,2.0,1,2,1,2.0,1,2,1,pérdida contigua en ensayo,True,1,1,0,0.0,1,1,0,0.0,250,505,27,True,0.6733333333333333,fin,630.0,medio,60-80,0,0,0,0
s08-r2-burst_trial-0.25,8,2,burst_trial-0.25,burst_trial,0.25,14,224.8319999999985,1,750,1,1.0,1,1,1,1.0,1,1,1,pérdida contigua en ensayo,True,1,1,0,0.0,1,1,0,0.0,250,710,28,True,0.9466666666666667,fin,835.0,fin,80-100,0,0,0,0
s08-r2-burst_trial-0.25,8,2,burst_trial-0.25,burst_trial,0.25,15,249.64800000000105,1,750,1,1.0,1,1,1,1.0,1,1,1,pérdida contigua en ensayo,True,1,1,0,0.0,1,1,0,0.0,250,538,31,True,0.7173333333333334,fin,663.0,medio,60-80,0,0,0,0
s08-r2-burst_trial-0.25,8,2,burst_trial-0.25,burst_trial,0.25,16,282.8080000000009,2,750,1,2.0,1,2,1,1.0,1,2,1,pérdida contigua en ensayo,True,1,1,0,0.0,0,1,1,1.0,250,513,35,True,0.684,fin,638.0,medio,60-80,0,0,1,0
s08-r2-burst_trial-0.25,8,2,burst_trial-0.25,burst_trial,0.25,17,290.887999999999,1,750,1,1.0,1,1,1,1.0,1,1,1,pérdida contigua en ensayo,True,1,1,0,0.0,1,1,0,0.0,250,199,36,True,0.2653333333333333,inicio,324.0,inicio,20-40,0,0,0,0
s08-r2-burst_trial-0.25,8,2,burst_trial-0.25,burst_trial,0.25,18,298.77600000000166,2,750,1,2.0,1,2,1,2.0,1,2,1,pérdida contigua en ensayo,True,1,1,0,0.0,1,1,0,0.0,250,97,37,True,0.12933333333333333,inicio,222.0,inicio,0-20,0,0,0,0
s08-r2-burst_trial-0.25,8,2,burst_trial-0.25,burst_trial,0.25,19,314.32800000000134,2,750,1,2.0,1,2,1,2.0,1,2,1,pérdida contigua en ensayo,True,1,1,0,0.0,1,1,0,0.0,250,499,39,True,0.6653333333333333,medio,624.0,medio,60-80,0,0,0,0
s08-r2-burst_trial-0.25,8,2,burst_trial-0.25,burst_trial,0.25,20,338.52400000000125,2,750,1,2.0,1,2,1,2.0,1,2,1,pérdida contigua en ensayo,True,1,1,0,0.0,1,1,0,0.0,250,361,42,True,0.48133333333333334,medio,486.0,medio,40-60,0,0,0,0
s08-r2-burst_trial-0.25,8,2,burst_trial-0.25,burst_trial,0.25,21,347.0,2,750,1,2.0,1,2,1,1.0,1,2,1,pérdida contigua en ensayo,True,1,1,0,0.0,0,1,1,1.0,250,272,43,True,0.3626666666666667,medio,397.0,medio,20-40,0,0,1,0
s08-r2-burst_trial-0.25,8,2,burst_trial-0.25,burst_trial,0.25,22,354.6239999999998,2,750,1,2.0,1,1,1,2.0,1,2,1,pérdida contigua en ensayo,True,1,0,1,1.0,1,1,0,0.0,250,438,44,True,0.584,medio,563.0,medio,40-60,0,1,0,0
s08-r2-burst_trial-0.25,8,2,burst_trial-0.25,burst_trial,0.25,23,379.0279999999984,1,750,1,1.0,1,1,1,1.0,1,1,1,pérdida contigua en ensayo,True,1,1,0,0.0,1,1,0,0.0,250,426,47,True,0.568,medio,551.0,medio,40-60,0,0,0,0
s08-r2-burst_trial-0.4,8,2,burst_trial-0.4,burst_trial,0.4,0,1.0,1,600,1,1.0,1,1,1,1.0,1,1,1,pérdida contigua en ensayo,True,1,1,0,0.0,1,1,0,0.0,400,549,0,True,0.915,fin,749.0,fin,80-100,0,0,0,0
s08-r2-burst_trial-0.4,8,2,burst_trial-0.4,burst_trial,0.4,1,9.011999999998809,1,600,1,1.0,1,1,1,1.0,1,1,1,pérdida contigua en ensayo,True,1,1,0,0.0,1,1,0,0.0,400,333,1,True,0.555,medio,533.0,medio,40-60,0,0,0,0
s08-r2-burst_trial-0.4,8,2,burst_trial-0.4,burst_trial,0.4,2,24.49199999999837,2,600,1,1.0,1,2,1,1.0,1,2,1,pérdida contigua en ensayo,True,0,1,1,1.0,0,1,1,1.0,400,161,3,True,0.2683333333333333,inicio,361.0,medio,20-40,1,0,1,0
s08-r2-burst_trial-0.4,8,2,burst_trial-0.4,burst_trial,0.4,3,32.52400000000125,1,600,1,1.0,1,1,1,1.0,1,1,1,pérdida contigua en ensayo,True,1,1,0,0.0,1,1,0,0.0,400,342,4,True,0.57,medio,542.0,medio,40-60,0,0,0,0
s08-r2-burst_trial-0.4,8,2,burst_trial-0.4,burst_trial,0.4,4,48.6359999999986,1,600,1,1.0,1,1,1,1.0,1,1,1,pérdida contigua en ensayo,True,1,1,0,0.0,1,1,0,0.0,400,373,6,True,0.6216666666666667,medio,573.0,medio,60-80,0,0,0,0
s08-r2-burst_trial-0.4,8,2,burst_trial-0.4,burst_trial,0.4,5,64.56000000000131,2,600,1,2.0,1,2,1,1.0,1,2,1,pérdida contigua en ensayo,True,1,1,0,0.0,0,1,1,1.0,400,250,8,True,0.4166666666666667,medio,450.0,medio,40-60,0,0,1,0
s08-r2-burst_trial-0.4,8,2,burst_trial-0.4,burst_trial,0.4,6,80.17599999999948,1,600,1,1.0,1,1,1,1.0,1,1,1,pérdida contigua en ensayo,True,1,1,0,0.0,1,1,0,0.0,400,160,10,True,0.26666666666666666,inicio,360.0,medio,20-40,0,0,0,0
s08-r2-burst_trial-0.4,8,2,burst_trial-0.4,burst_trial,0.4,7,103.41999999999824,1,600,1,1.0,1,1,1,1.0,1,1,1,pérdida contigua en ensayo,True,1,1,0,0.0,1,1,0,0.0,400,59,13,True,0.09833333333333333,inicio,259.0,inicio,0-20,0,0,0,0
s08-r2-burst_trial-0.4,8,2,burst_trial-0.4,burst_trial,0.4,8,119.76800000000004,2,600,1,2.0,1,2,1,2.0,1,2,1,pérdida contigua en ensayo,True,1,1,0,0.0,1,1,0,0.0,400,495,15,True,0.825,fin,695.0,fin,80-100,0,0,0,0
s08-r2-burst_trial-0.4,8,2,burst_trial-0.4,burst_trial,0.4,9,160.7520000000004,1,600,1,1.0,1,1,1,1.0,1,1,1,pérdida contigua en ensayo,True,1,1,0,0.0,1,1,0,0.0,400,103,20,True,0.17166666666666666,inicio,303.0,inicio,0-20,0,0,0,0
s08-r2-burst_trial-0.4,8,2,burst_trial-0.4,burst_trial,0.4,10,176.72000000000116,2,600,1,2.0,1,2,1,2.0,1,2,1,pérdida contigua en ensayo,True,1,1,0,0.0,1,1,0,0.0,400,300,22,True,0.5,medio,500.0,medio,40-60,0,0,0,0
s08-r2-burst_trial-0.4,8,2,burst_trial-0.4,burst_trial,0.4,11,192.65599999999904,2,600,1,2.0,1,2,1,2.0,1,2,1,pérdida contigua en ensayo,True,1,1,0,0.0,1,1,0,0.0,400,430,24,True,0.7166666666666667,fin,630.0,medio,60-80,0,0,0,0
s08-r2-burst_trial-0.4,8,2,burst_trial-0.4,burst_trial,0.4,12,200.5,1,600,1,1.0,1,1,1,1.0,1,1,1,pérdida contigua en ensayo,True,1,1,0,0.0,1,1,0,0.0,400,116,25,True,0.19333333333333333,inicio,316.0,inicio,0-20,0,0,0,0
s08-r2-burst_trial-0.4,8,2,burst_trial-0.4,burst_trial,0.4,13,216.9320000000007,2,600,1,2.0,1,2,1,2.0,1,2,1,pérdida contigua en ensayo,True,1,1,0,0.0,1,1,0,0.0,400,530,27,True,0.8833333333333333,fin,730.0,fin,80-100,0,0,0,0
s08-r2-burst_trial-0.4,8,2,burst_trial-0.4,burst_trial,0.4,14,224.8319999999985,1,600,1,1.0,1,1,1,1.0,1,1,1,pérdida contigua en ensayo,True,1,1,0,0.0,1,1,0,0.0,400,259,28,True,0.43166666666666664,medio,459.0,medio,40-60,0,0,0,0
s08-r2-burst_trial-0.4,8,2,burst_trial-0.4,burst_trial,0.4,15,249.64800000000105,1,600,1,1.0,1,1,1,1.0,1,1,1,pérdida contigua en ensayo,True,1,1,0,0.0,1,1,0,0.0,400,103,31,True,0.17166666666666666,inicio,303.0,inicio,0-20,0,0,0,0
s08-r2-burst_trial-0.4,8,2,burst_trial-0.4,burst_trial,0.4,16,282.8080000000009,2,600,1,2.0,1,2,1,1.0,1,2,1,pérdida contigua en ensayo,True,1,1,0,0.0,0,1,1,1.0,400,546,35,True,0.91,fin,746.0,fin,80-100,0,0,1,0
s08-r2-burst_trial-0.4,8,2,burst_trial-0.4,burst_trial,0.4,17,290.887999999999,1,600,1,1.0,1,1,1,1.0,1,1,1,pérdida contigua en ensayo,True,1,1,0,0.0,1,1,0,0.0,400,190,36,True,0.31666666666666665,inicio,390.0,medio,20-40,0,0,0,0
s08-r2-burst_trial-0.4,8,2,burst_trial-0.4,burst_trial,0.4,18,298.77600000000166,2,600,1,2.0,1,2,1,1.0,1,2,1,pérdida contigua en ensayo,True,1,1,0,0.0,0,1,1,1.0,400,254,37,True,0.42333333333333334,medio,454.0,medio,40-60,0,0,1,0
s08-r2-burst_trial-0.4,8,2,burst_trial-0.4,burst_trial,0.4,19,314.32800000000134,2,600,1,2.0,1,2,1,2.0,1,2,1,pérdida contigua en ensayo,True,1,1,0,0.0,1,1,0,0.0,400,431,39,True,0.7183333333333334,fin,631.0,medio,60-80,0,0,0,0
s08-r2-burst_trial-0.4,8,2,burst_trial-0.4,burst_trial,0.4,20,338.52400000000125,2,600,1,2.0,1,2,1,1.0,1,2,1,pérdida contigua en ensayo,True,1,1,0,0.0,0,1,1,1.0,400,529,42,True,0.8816666666666667,fin,729.0,fin,80-100,0,0,1,0
s08-r2-burst_trial-0.4,8,2,burst_trial-0.4,burst_trial,0.4,21,347.0,2,600,1,2.0,1,2,1,2.0,1,2,1,pérdida contigua en ensayo,True,1,1,0,0.0,1,1,0,0.0,400,523,43,True,0.8716666666666667,fin,723.0,fin,80-100,0,0,0,0
s08-r2-burst_trial-0.4,8,2,burst_trial-0.4,burst_trial,0.4,22,354.6239999999998,2,600,1,2.0,1,1,1,2.0,1,2,1,pérdida contigua en ensayo,True,1,0,1,1.0,1,1,0,0.0,400,485,44,True,0.8083333333333333,fin,685.0,fin,80-100,0,1,0,0
s08-r2-burst_trial-0.4,8,2,burst_trial-0.4,burst_trial,0.4,23,379.0279999999984,1,600,1,1.0,1,1,1,1.0,1,1,1,pérdida contigua en ensayo,True,1,1,0,0.0,1,1,0,0.0,400,378,47,True,0.63,medio,578.0,medio,60-80,0,0,0,0
s08-r3-burst_trial-0.1,8,3,burst_trial-0.1,burst_trial,0.1,0,1.0,2,900,1,2.0,1,2,1,1.0,1,1,1,pérdida contigua en ensayo,True,1,1,0,0.0,0,0,0,0.0,100,348,0,True,0.38666666666666666,medio,398.0,medio,20-40,0,0,0,0
s08-r3-burst_trial-0.1,8,3,burst_trial-0.1,burst_trial,0.1,1,16.684000000001106,1,900,1,1.0,1,1,1,1.0,1,1,1,pérdida contigua en ensayo,True,1,1,0,0.0,1,1,0,0.0,100,849,2,True,0.9433333333333334,fin,899.0,fin,80-100,0,0,0,0
s08-r3-burst_trial-0.1,8,3,burst_trial-0.1,burst_trial,0.1,2,48.6359999999986,1,900,1,1.0,1,1,1,1.0,1,1,1,pérdida contigua en ensayo,True,1,1,0,0.0,1,1,0,0.0,100,332,6,True,0.3688888888888889,medio,382.0,medio,20-40,0,0,0,0
s08-r3-burst_trial-0.1,8,3,burst_trial-0.1,burst_trial,0.1,3,56.83599999999933,1,900,1,1.0,1,1,1,1.0,1,1,1,pérdida contigua en ensayo,True,1,1,0,0.0,1,1,0,0.0,100,562,7,True,0.6244444444444445,medio,612.0,medio,60-80,0,0,0,0
s08-r3-burst_trial-0.1,8,3,burst_trial-0.1,burst_trial,0.1,4,72.55199999999968,2,900,1,2.0,1,2,1,2.0,1,2,1,pérdida contigua en ensayo,True,1,1,0,0.0,1,1,0,0.0,100,614,9,True,0.6822222222222222,fin,664.0,medio,60-80,0,0,0,0
s08-r3-burst_trial-0.1,8,3,burst_trial-0.1,burst_trial,0.1,5,103.41999999999824,2,900,1,2.0,1,2,1,2.0,1,2,1,pérdida contigua en ensayo,True,1,1,0,0.0,1,1,0,0.0,100,615,13,True,0.6833333333333333,fin,665.0,medio,60-80,0,0,0,0
s08-r3-burst_trial-0.1,8,3,burst_trial-0.1,burst_trial,0.1,6,111.28800000000048,1,900,1,1.0,1,1,1,1.0,1,1,1,pérdida contigua en ensayo,True,1,1,0,0.0,1,1,0,0.0,100,782,14,True,0.8688888888888889,fin,832.0,fin,80-100,0,0,0,0
s08-r3-burst_trial-0.1,8,3,burst_trial-0.1,burst_trial,0.1,7,127.79999999999929,2,900,1,2.0,1,2,1,2.0,1,2,1,pérdida contigua en ensayo,True,1,1,0,0.0,1,1,0,0.0,100,119,16,True,0.1322222222222222,inicio,169.0,inicio,0-20,0,0,0,0
s08-r3-burst_trial-0.1,8,3,burst_trial-0.1,burst_trial,0.1,8,144.20799999999872,1,900,1,1.0,1,1,1,1.0,1,1,1,pérdida contigua en ensayo,True,1,1,0,0.0,1,1,0,0.0,100,527,18,True,0.5855555555555556,medio,577.0,medio,40-60,0,0,0,0
s08-r3-burst_trial-0.1,8,3,burst_trial-0.1,burst_trial,0.1,9,169.07200000000012,2,900,1,2.0,1,2,1,2.0,1,2,1,pérdida contigua en ensayo,True,1,1,0,0.0,1,1,0,0.0,100,790,21,True,0.8777777777777778,fin,840.0,fin,80-100,0,0,0,0
s08-r3-burst_trial-0.1,8,3,burst_trial-0.1,burst_trial,0.1,10,192.65599999999904,1,900,1,1.0,1,1,1,1.0,1,1,1,pérdida contigua en ensayo,True,1,1,0,0.0,1,1,0,0.0,100,1,24,True,0.0011111111111111111,inicio,51.0,inicio,0-20,0,0,0,0
s08-r3-burst_trial-0.1,8,3,burst_trial-0.1,burst_trial,0.1,11,200.5,2,900,1,2.0,1,2,1,1.0,1,2,1,pérdida contigua en ensayo,True,1,1,0,0.0,0,1,1,1.0,100,324,25,True,0.36,medio,374.0,medio,20-40,0,0,1,0
s08-r3-burst_trial-0.1,8,3,burst_trial-0.1,burst_trial,0.1,12,208.91600000000108,2,900,1,2.0,1,2,1,2.0,1,2,1,pérdida contigua en ensayo,True,1,1,0,0.0,1,1,0,0.0,100,310,26,True,0.34444444444444444,medio,360.0,medio,20-40,0,0,0,0
s08-r3-burst_trial-0.1,8,3,burst_trial-0.1,burst_trial,0.1,13,232.9360000000015,2,900,1,2.0,1,2,1,2.0,1,2,1,pérdida contigua en ensayo,True,1,1,0,0.0,1,1,0,0.0,100,235,29,True,0.2611111111111111,inicio,285.0,inicio,20-40,0,0,0,0
s08-r3-burst_trial-0.1,8,3,burst_trial-0.1,burst_trial,0.1,14,241.2200000000012,1,900,1,1.0,1,1,1,1.0,1,1,1,pérdida contigua en ensayo,True,1,1,0,0.0,1,1,0,0.0,100,215,30,True,0.2388888888888889,inicio,265.0,inicio,20-40,0,0,0,0
s08-r3-burst_trial-0.1,8,3,burst_trial-0.1,burst_trial,0.1,15,249.64800000000105,1,900,1,1.0,1,1,1,1.0,1,1,1,pérdida contigua en ensayo,True,1,1,0,0.0,1,1,0,0.0,100,158,31,True,0.17555555555555555,inicio,208.0,inicio,0-20,0,0,0,0
s08-r3-burst_trial-0.1,8,3,burst_trial-0.1,burst_trial,0.1,16,266.380000000001,2,900,1,2.0,1,2,1,2.0,1,2,1,pérdida contigua en ensayo,True,1,1,0,0.0,1,1,0,0.0,100,408,33,True,0.4533333333333333,medio,458.0,medio,40-60,0,0,0,0
s08-r3-burst_trial-0.1,8,3,burst_trial-0.1,burst_trial,0.1,17,274.5519999999997,1,900,1,1.0,1,1,1,1.0,1,1,1,pérdida contigua en ensayo,True,1,1,0,0.0,1,1,0,0.0,100,797,34,True,0.8855555555555555,fin,847.0,fin,80-100,0,0,0,0
s08-r3-burst_trial-0.1,8,3,burst_trial-0.1,burst_trial,0.1,18,290.887999999999,2,900,1,1.0,1,1,1,2.0,1,2,1,pérdida contigua en ensayo,True,0,0,0,0.0,1,1,0,0.0,100,315,36,True,0.35,medio,365.0,medio,20-40,0,0,0,0
s08-r3-burst_trial-0.1,8,3,burst_trial-0.1,burst_trial,0.1,19,298.77600000000166,2,900,1,2.0,1,2,1,2.0,1,2,1,pérdida contigua en ensayo,True,1,1,0,0.0,1,1,0,0.0,100,573,37,True,0.6366666666666667,medio,623.0,medio,60-80,0,0,0,0
s08-r3-burst_trial-0.1,8,3,burst_trial-0.1,burst_trial,0.1,20,314.32800000000134,1,900,1,1.0,1,1,1,1.0,1,1,1,pérdida contigua en ensayo,True,1,1,0,0.0,1,1,0,0.0,100,733,39,True,0.8144444444444444,fin,783.0,fin,80-100,0,0,0,0
s08-r3-burst_trial-0.1,8,3,burst_trial-0.1,burst_trial,0.1,21,362.3359999999993,1,900,1,1.0,1,1,1,1.0,1,1,1,pérdida contigua en ensayo,True,1,1,0,0.0,1,1,0,0.0,100,837,45,True,0.93,fin,887.0,fin,80-100,0,0,0,0
s08-r3-burst_trial-0.1,8,3,burst_trial-0.1,burst_trial,0.1,22,370.7920000000013,2,900,1,2.0,1,2,1,2.0,1,2,1,pérdida contigua en ensayo,True,1,1,0,0.0,1,1,0,0.0,100,585,46,True,0.65,medio,635.0,medio,60-80,0,0,0,0
s08-r3-burst_trial-0.1,8,3,burst_trial-0.1,burst_trial,0.1,23,379.0279999999984,1,900,1,1.0,1,1,1,1.0,1,1,1,pérdida contigua en ensayo,True,1,1,0,0.0,1,1,0,0.0,100,853,47,True,0.9477777777777778,fin,903.0,fin,80-100,0,0,0,0
s08-r3-burst_trial-0.25,8,3,burst_trial-0.25,burst_trial,0.25,0,1.0,2,750,1,2.0,1,2,1,1.0,1,1,1,pérdida contigua en ensayo,True,1,1,0,0.0,0,0,0,0.0,250,148,0,True,0.19733333333333333,inicio,273.0,inicio,0-20,0,0,0,0
s08-r3-burst_trial-0.25,8,3,burst_trial-0.25,burst_trial,0.25,1,16.684000000001106,1,750,1,1.0,1,1,1,1.0,1,1,1,pérdida contigua en ensayo,True,1,1,0,0.0,1,1,0,0.0,250,439,2,True,0.5853333333333334,medio,564.0,medio,40-60,0,0,0,0
s08-r3-burst_trial-0.25,8,3,burst_trial-0.25,burst_trial,0.25,2,48.6359999999986,1,750,1,1.0,1,1,1,1.0,1,1,1,pérdida contigua en ensayo,True,1,1,0,0.0,1,1,0,0.0,250,385,6,True,0.5133333333333333,medio,510.0,medio,40-60,0,0,0,0
s08-r3-burst_trial-0.25,8,3,burst_trial-0.25,burst_trial,0.25,3,56.83599999999933,1,750,1,1.0,1,1,1,1.0,1,1,1,pérdida contigua en ensayo,True,1,1,0,0.0,1,1,0,0.0,250,174,7,True,0.232,inicio,299.0,inicio,20-40,0,0,0,0
s08-r3-burst_trial-0.25,8,3,burst_trial-0.25,burst_trial,0.25,4,72.55199999999968,2,750,1,2.0,1,2,1,1.0,1,2,1,pérdida contigua en ensayo,True,1,1,0,0.0,0,1,1,1.0,250,218,9,True,0.2906666666666667,inicio,343.0,medio,20-40,0,0,1,0
s08-r3-burst_trial-0.25,8,3,burst_trial-0.25,burst_trial,0.25,5,103.41999999999824,2,750,1,2.0,1,2,1,2.0,1,2,1,pérdida contigua en ensayo,True,1,1,0,0.0,1,1,0,0.0,250,399,13,True,0.532,medio,524.0,medio,40-60,0,0,0,0
s08-r3-burst_trial-0.25,8,3,burst_trial-0.25,burst_trial,0.25,6,111.28800000000048,1,750,1,1.0,1,1,1,1.0,1,1,1,pérdida contigua en ensayo,True,1,1,0,0.0,1,1,0,0.0,250,570,14,True,0.76,fin,695.0,fin,60-80,0,0,0,0
s08-r3-burst_trial-0.25,8,3,burst_trial-0.25,burst_trial,0.25,7,127.79999999999929,2,750,1,2.0,1,2,1,2.0,1,2,1,pérdida contigua en ensayo,True,1,1,0,0.0,1,1,0,0.0,250,18,16,True,0.024,inicio,143.0,inicio,0-20,0,0,0,0
s08-r3-burst_trial-0.25,8,3,burst_trial-0.25,burst_trial,0.25,8,144.20799999999872,1,750,1,1.0,1,1,1,1.0,1,1,1,pérdida contigua en ensayo,True,1,1,0,0.0,1,1,0,0.0,250,450,18,True,0.6,medio,575.0,medio,40-60,0,0,0,0
s08-r3-burst_trial-0.25,8,3,burst_trial-0.25,burst_trial,0.25,9,169.07200000000012,2,750,1,2.0,1,2,1,1.0,1,2,1,pérdida contigua en ensayo,True,1,1,0,0.0,0,1,1,1.0,250,79,21,True,0.10533333333333333,inicio,204.0,inicio,0-20,0,0,1,0
s08-r3-burst_trial-0.25,8,3,burst_trial-0.25,burst_trial,0.25,10,192.65599999999904,1,750,1,1.0,1,1,1,1.0,1,1,1,pérdida contigua en ensayo,True,1,1,0,0.0,1,1,0,0.0,250,416,24,True,0.5546666666666666,medio,541.0,medio,40-60,0,0,0,0
s08-r3-burst_trial-0.25,8,3,burst_trial-0.25,burst_trial,0.25,11,200.5,2,750,1,2.0,1,2,1,2.0,1,2,1,pérdida contigua en ensayo,True,1,1,0,0.0,1,1,0,0.0,250,734,25,True,0.9786666666666667,fin,859.0,fin,80-100,0,0,0,0
s08-r3-burst_trial-0.25,8,3,burst_trial-0.25,burst_trial,0.25,12,208.91600000000108,2,750,1,2.0,1,2,1,1.0,1,2,1,pérdida contigua en ensayo,True,1,1,0,0.0,0,1,1,1.0,250,97,26,True,0.12933333333333333,inicio,222.0,inicio,0-20,0,0,1,0
s08-r3-burst_trial-0.25,8,3,burst_trial-0.25,burst_trial,0.25,13,232.9360000000015,2,750,1,2.0,1,2,1,2.0,1,2,1,pérdida contigua en ensayo,True,1,1,0,0.0,1,1,0,0.0,250,587,29,True,0.7826666666666666,fin,712.0,fin,60-80,0,0,0,0
s08-r3-burst_trial-0.25,8,3,burst_trial-0.25,burst_trial,0.25,14,241.2200000000012,1,750,1,1.0,1,1,1,1.0,1,1,1,pérdida contigua en ensayo,True,1,1,0,0.0,1,1,0,0.0,250,442,30,True,0.5893333333333334,medio,567.0,medio,40-60,0,0,0,0
s08-r3-burst_trial-0.25,8,3,burst_trial-0.25,burst_trial,0.25,15,249.64800000000105,1,750,1,1.0,1,1,1,1.0,1,1,1,pérdida contigua en ensayo,True,1,1,0,0.0,1,1,0,0.0,250,533,31,True,0.7106666666666667,fin,658.0,medio,60-80,0,0,0,0
s08-r3-burst_trial-0.25,8,3,burst_trial-0.25,burst_trial,0.25,16,266.380000000001,2,750,1,2.0,1,2,1,2.0,1,2,1,pérdida contigua en ensayo,True,1,1,0,0.0,1,1,0,0.0,250,649,33,True,0.8653333333333333,fin,774.0,fin,80-100,0,0,0,0
s08-r3-burst_trial-0.25,8,3,burst_trial-0.25,burst_trial,0.25,17,274.5519999999997,1,750,1,1.0,1,1,1,1.0,1,1,1,pérdida contigua en ensayo,True,1,1,0,0.0,1,1,0,0.0,250,133,34,True,0.17733333333333334,inicio,258.0,inicio,0-20,0,0,0,0
s08-r3-burst_trial-0.25,8,3,burst_trial-0.25,burst_trial,0.25,18,290.887999999999,2,750,1,1.0,1,1,1,2.0,1,2,1,pérdida contigua en ensayo,True,0,0,0,0.0,1,1,0,0.0,250,701,36,True,0.9346666666666666,fin,826.0,fin,80-100,0,0,0,0
s08-r3-burst_trial-0.25,8,3,burst_trial-0.25,burst_trial,0.25,19,298.77600000000166,2,750,1,2.0,1,2,1,2.0,1,2,1,pérdida contigua en ensayo,True,1,1,0,0.0,1,1,0,0.0,250,619,37,True,0.8253333333333334,fin,744.0,fin,80-100,0,0,0,0
s08-r3-burst_trial-0.25,8,3,burst_trial-0.25,burst_trial,0.25,20,314.32800000000134,1,750,1,1.0,1,1,1,1.0,1,1,1,pérdida contigua en ensayo,True,1,1,0,0.0,1,1,0,0.0,250,265,39,True,0.35333333333333333,medio,390.0,medio,20-40,0,0,0,0
s08-r3-burst_trial-0.25,8,3,burst_trial-0.25,burst_trial,0.25,21,362.3359999999993,1,750,1,1.0,1,1,1,2.0,1,1,1,pérdida contigua en ensayo,True,1,1,0,0.0,0,1,1,1.0,250,166,45,True,0.22133333333333333,inicio,291.0,inicio,20-40,0,0,1,0
s08-r3-burst_trial-0.25,8,3,burst_trial-0.25,burst_trial,0.25,22,370.7920000000013,2,750,1,2.0,1,2,1,2.0,1,2,1,pérdida contigua en ensayo,True,1,1,0,0.0,1,1,0,0.0,250,691,46,True,0.9213333333333333,fin,816.0,fin,80-100,0,0,0,0
s08-r3-burst_trial-0.25,8,3,burst_trial-0.25,burst_trial,0.25,23,379.0279999999984,1,750,1,1.0,1,1,1,1.0,1,1,1,pérdida contigua en ensayo,True,1,1,0,0.0,1,1,0,0.0,250,503,47,True,0.6706666666666666,fin,628.0,medio,60-80,0,0,0,0
s08-r3-burst_trial-0.4,8,3,burst_trial-0.4,burst_trial,0.4,0,1.0,2,600,1,2.0,1,2,1,1.0,1,1,1,pérdida contigua en ensayo,True,1,1,0,0.0,0,0,0,0.0,400,505,0,True,0.8416666666666667,fin,705.0,fin,80-100,0,0,0,0
s08-r3-burst_trial-0.4,8,3,burst_trial-0.4,burst_trial,0.4,1,16.684000000001106,1,600,1,2.0,1,1,1,2.0,1,1,1,pérdida contigua en ensayo,True,0,1,1,1.0,0,1,1,1.0,400,28,2,True,0.04666666666666667,inicio,228.0,inicio,0-20,1,0,1,0
s08-r3-burst_trial-0.4,8,3,burst_trial-0.4,burst_trial,0.4,2,48.6359999999986,1,600,1,1.0,1,1,1,1.0,1,1,1,pérdida contigua en ensayo,True,1,1,0,0.0,1,1,0,0.0,400,406,6,True,0.6766666666666666,fin,606.0,medio,60-80,0,0,0,0
s08-r3-burst_trial-0.4,8,3,burst_trial-0.4,burst_trial,0.4,3,56.83599999999933,1,600,1,1.0,1,1,1,1.0,1,1,1,pérdida contigua en ensayo,True,1,1,0,0.0,1,1,0,0.0,400,17,7,True,0.028333333333333332,inicio,217.0,inicio,0-20,0,0,0,0
s08-r3-burst_trial-0.4,8,3,burst_trial-0.4,burst_trial,0.4,4,72.55199999999968,2,600,1,2.0,1,2,1,1.0,1,2,1,pérdida contigua en ensayo,True,1,1,0,0.0,0,1,1,1.0,400,79,9,True,0.13166666666666665,inicio,279.0,inicio,0-20,0,0,1,0
s08-r3-burst_trial-0.4,8,3,burst_trial-0.4,burst_trial,0.4,5,103.41999999999824,2,600,1,2.0,1,2,1,2.0,1,2,1,pérdida contigua en ensayo,True,1,1,0,0.0,1,1,0,0.0,400,23,13,True,0.03833333333333333,inicio,223.0,inicio,0-20,0,0,0,0
s08-r3-burst_trial-0.4,8,3,burst_trial-0.4,burst_trial,0.4,6,111.28800000000048,1,600,1,1.0,1,1,1,1.0,1,1,1,pérdida contigua en ensayo,True,1,1,0,0.0,1,1,0,0.0,400,298,14,True,0.49666666666666665,medio,498.0,medio,40-60,0,0,0,0
s08-r3-burst_trial-0.4,8,3,burst_trial-0.4,burst_trial,0.4,7,127.79999999999929,2,600,1,2.0,1,2,1,2.0,1,2,1,pérdida contigua en ensayo,True,1,1,0,0.0,1,1,0,0.0,400,381,16,True,0.635,medio,581.0,medio,60-80,0,0,0,0
s08-r3-burst_trial-0.4,8,3,burst_trial-0.4,burst_trial,0.4,8,144.20799999999872,1,600,1,1.0,1,1,1,1.0,1,1,1,pérdida contigua en ensayo,True,1,1,0,0.0,1,1,0,0.0,400,340,18,True,0.5666666666666667,medio,540.0,medio,40-60,0,0,0,0
s08-r3-burst_trial-0.4,8,3,burst_trial-0.4,burst_trial,0.4,9,169.07200000000012,2,600,1,2.0,1,2,1,2.0,1,2,1,pérdida contigua en ensayo,True,1,1,0,0.0,1,1,0,0.0,400,265,21,True,0.44166666666666665,medio,465.0,medio,40-60,0,0,0,0
s08-r3-burst_trial-0.4,8,3,burst_trial-0.4,burst_trial,0.4,10,192.65599999999904,1,600,1,1.0,1,1,1,1.0,1,1,1,pérdida contigua en ensayo,True,1,1,0,0.0,1,1,0,0.0,400,353,24,True,0.5883333333333334,medio,553.0,medio,40-60,0,0,0,0
s08-r3-burst_trial-0.4,8,3,burst_trial-0.4,burst_trial,0.4,11,200.5,2,600,1,2.0,1,2,1,1.0,1,2,1,pérdida contigua en ensayo,True,1,1,0,0.0,0,1,1,1.0,400,40,25,True,0.06666666666666667,inicio,240.0,inicio,0-20,0,0,1,0
s08-r3-burst_trial-0.4,8,3,burst_trial-0.4,burst_trial,0.4,12,208.91600000000108,2,600,1,2.0,1,2,1,2.0,1,2,1,pérdida contigua en ensayo,True,1,1,0,0.0,1,1,0,0.0,400,8,26,True,0.013333333333333334,inicio,208.0,inicio,0-20,0,0,0,0
s08-r3-burst_trial-0.4,8,3,burst_trial-0.4,burst_trial,0.4,13,232.9360000000015,2,600,1,2.0,1,2,1,2.0,1,2,1,pérdida contigua en ensayo,True,1,1,0,0.0,1,1,0,0.0,400,327,29,True,0.545,medio,527.0,medio,40-60,0,0,0,0
s08-r3-burst_trial-0.4,8,3,burst_trial-0.4,burst_trial,0.4,14,241.2200000000012,1,600,1,1.0,1,1,1,1.0,1,1,1,pérdida contigua en ensayo,True,1,1,0,0.0,1,1,0,0.0,400,151,30,True,0.25166666666666665,inicio,351.0,medio,20-40,0,0,0,0
s08-r3-burst_trial-0.4,8,3,burst_trial-0.4,burst_trial,0.4,15,249.64800000000105,1,600,1,1.0,1,1,1,1.0,1,1,1,pérdida contigua en ensayo,True,1,1,0,0.0,1,1,0,0.0,400,22,31,True,0.03666666666666667,inicio,222.0,inicio,0-20,0,0,0,0
s08-r3-burst_trial-0.4,8,3,burst_trial-0.4,burst_trial,0.4,16,266.380000000001,2,600,1,2.0,1,2,1,2.0,1,2,1,pérdida contigua en ensayo,True,1,1,0,0.0,1,1,0,0.0,400,484,33,True,0.8066666666666666,fin,684.0,fin,80-100,0,0,0,0
s08-r3-burst_trial-0.4,8,3,burst_trial-0.4,burst_trial,0.4,17,274.5519999999997,1,600,1,1.0,1,1,1,1.0,1,1,1,pérdida contigua en ensayo,True,1,1,0,0.0,1,1,0,0.0,400,238,34,True,0.39666666666666667,medio,438.0,medio,20-40,0,0,0,0
s08-r3-burst_trial-0.4,8,3,burst_trial-0.4,burst_trial,0.4,18,290.887999999999,2,600,1,1.0,1,1,1,2.0,1,2,1,pérdida contigua en ensayo,True,0,0,0,0.0,1,1,0,0.0,400,362,36,True,0.6033333333333334,medio,562.0,medio,60-80,0,0,0,0
s08-r3-burst_trial-0.4,8,3,burst_trial-0.4,burst_trial,0.4,19,298.77600000000166,2,600,1,2.0,1,2,1,2.0,1,2,1,pérdida contigua en ensayo,True,1,1,0,0.0,1,1,0,0.0,400,225,37,True,0.375,medio,425.0,medio,20-40,0,0,0,0
s08-r3-burst_trial-0.4,8,3,burst_trial-0.4,burst_trial,0.4,20,314.32800000000134,1,600,1,1.0,1,1,1,1.0,1,1,1,pérdida contigua en ensayo,True,1,1,0,0.0,1,1,0,0.0,400,183,39,True,0.305,inicio,383.0,medio,20-40,0,0,0,0
s08-r3-burst_trial-0.4,8,3,burst_trial-0.4,burst_trial,0.4,21,362.3359999999993,1,600,1,2.0,1,1,1,2.0,1,1,1,pérdida contigua en ensayo,True,0,1,1,1.0,0,1,1,1.0,400,92,45,True,0.15333333333333332,inicio,292.0,inicio,0-20,1,0,1,0
s08-r3-burst_trial-0.4,8,3,burst_trial-0.4,burst_trial,0.4,22,370.7920000000013,2,600,1,2.0,1,2,1,2.0,1,2,1,pérdida contigua en ensayo,True,1,1,0,0.0,1,1,0,0.0,400,379,46,True,0.6316666666666667,medio,579.0,medio,60-80,0,0,0,0
s08-r3-burst_trial-0.4,8,3,burst_trial-0.4,burst_trial,0.4,23,379.0279999999984,1,600,1,1.0,1,1,1,1.0,1,1,1,pérdida contigua en ensayo,True,1,1,0,0.0,1,1,0,0.0,400,143,47,True,0.23833333333333334,inicio,343.0,medio,20-40,0,0,0,0
s08-r4-burst_trial-0.1,8,4,burst_trial-0.1,burst_trial,0.1,0,1.0,2,900,1,2.0,1,2,1,2.0,1,2,1,pérdida contigua en ensayo,True,1,1,0,0.0,1,1,0,0.0,100,372,0,True,0.41333333333333333,medio,422.0,medio,40-60,0,0,0,0
s08-r4-burst_trial-0.1,8,4,burst_trial-0.1,burst_trial,0.1,1,9.011999999998809,1,900,1,1.0,1,1,1,1.0,1,1,1,pérdida contigua en ensayo,True,1,1,0,0.0,1,1,0,0.0,100,639,1,True,0.71,fin,689.0,fin,60-80,0,0,0,0
s08-r4-burst_trial-0.1,8,4,burst_trial-0.1,burst_trial,0.1,2,16.684000000001106,1,900,1,1.0,1,1,1,1.0,1,1,1,pérdida contigua en ensayo,True,1,1,0,0.0,1,1,0,0.0,100,552,2,True,0.6133333333333333,medio,602.0,medio,60-80,0,0,0,0
s08-r4-burst_trial-0.1,8,4,burst_trial-0.1,burst_trial,0.1,3,40.96800000000076,2,900,1,1.0,1,2,1,1.0,1,2,1,pérdida contigua en ensayo,True,0,1,1,1.0,0,1,1,1.0,100,575,5,True,0.6388888888888888,medio,625.0,medio,60-80,1,0,1,0
s08-r4-burst_trial-0.1,8,4,burst_trial-0.1,burst_trial,0.1,4,64.56000000000131,1,900,1,1.0,1,1,1,1.0,1,1,1,pérdida contigua en ensayo,True,1,1,0,0.0,1,1,0,0.0,100,432,8,True,0.48,medio,482.0,medio,40-60,0,0,0,0
s08-r4-burst_trial-0.1,8,4,burst_trial-0.1,burst_trial,0.1,5,80.17599999999948,1,900,1,1.0,1,1,1,1.0,1,1,1,pérdida contigua en ensayo,True,1,1,0,0.0,1,1,0,0.0,100,315,10,True,0.35,medio,365.0,medio,20-40,0,0,0,0
s08-r4-burst_trial-0.1,8,4,burst_trial-0.1,burst_trial,0.1,6,87.75600000000122,1,900,1,1.0,1,1,1,1.0,1,1,1,pérdida contigua en ensayo,True,1,1,0,0.0,1,1,0,0.0,100,499,11,True,0.5544444444444444,medio,549.0,medio,40-60,0,0,0,0
s08-r4-burst_trial-0.1,8,4,burst_trial-0.1,burst_trial,0.1,7,95.64400000000025,2,900,1,2.0,1,2,1,2.0,1,2,1,pérdida contigua en ensayo,True,1,1,0,0.0,1,1,0,0.0,100,535,12,True,0.5944444444444444,medio,585.0,medio,40-60,0,0,0,0
s08-r4-burst_trial-0.1,8,4,burst_trial-0.1,burst_trial,0.1,8,119.76800000000004,2,900,1,2.0,1,2,1,2.0,1,2,1,pérdida contigua en ensayo,True,1,1,0,0.0,1,1,0,0.0,100,521,15,True,0.5788888888888889,medio,571.0,medio,40-60,0,0,0,0
s08-r4-burst_trial-0.1,8,4,burst_trial-0.1,burst_trial,0.1,9,169.07200000000012,2,900,1,2.0,1,2,1,2.0,1,2,1,pérdida contigua en ensayo,True,1,1,0,0.0,1,1,0,0.0,100,327,21,True,0.36333333333333334,medio,377.0,medio,20-40,0,0,0,0
s08-r4-burst_trial-0.1,8,4,burst_trial-0.1,burst_trial,0.1,10,176.72000000000116,2,900,1,2.0,1,2,1,2.0,1,2,1,pérdida contigua en ensayo,True,1,1,0,0.0,1,1,0,0.0,100,385,22,True,0.42777777777777776,medio,435.0,medio,40-60,0,0,0,0
s08-r4-burst_trial-0.1,8,4,burst_trial-0.1,burst_trial,0.1,11,192.65599999999904,1,900,1,1.0,1,1,1,1.0,1,1,1,pérdida contigua en ensayo,True,1,1,0,0.0,1,1,0,0.0,100,867,24,True,0.9633333333333334,fin,917.0,fin,80-100,0,0,0,0
s08-r4-burst_trial-0.1,8,4,burst_trial-0.1,burst_trial,0.1,12,200.5,2,900,1,2.0,1,2,1,2.0,1,2,1,pérdida contigua en ensayo,True,1,1,0,0.0,1,1,0,0.0,100,4,25,True,0.0044444444444444444,inicio,54.0,inicio,0-20,0,0,0,0
s08-r4-burst_trial-0.1,8,4,burst_trial-0.1,burst_trial,0.1,13,208.91600000000108,2,900,1,1.0,1,1,1,2.0,1,2,1,pérdida contigua en ensayo,True,0,0,0,0.0,1,1,0,0.0,100,123,26,True,0.13666666666666666,inicio,173.0,inicio,0-20,0,0,0,0
s08-r4-burst_trial-0.1,8,4,burst_trial-0.1,burst_trial,0.1,14,216.9320000000007,2,900,1,1.0,1,1,1,2.0,1,2,1,pérdida contigua en ensayo,True,0,0,0,0.0,1,1,0,0.0,100,74,27,True,0.08222222222222222,inicio,124.0,inicio,0-20,0,0,0,0
s08-r4-burst_trial-0.1,8,4,burst_trial-0.1,burst_trial,0.1,15,241.2200000000012,1,900,1,1.0,1,1,1,1.0,1,1,1,pérdida contigua en ensayo,True,1,1,0,0.0,1,1,0,0.0,100,683,30,True,0.7588888888888888,fin,733.0,fin,60-80,0,0,0,0
s08-r4-burst_trial-0.1,8,4,burst_trial-0.1,burst_trial,0.1,16,258.0159999999996,1,900,1,1.0,1,1,1,2.0,1,2,1,pérdida contigua en ensayo,True,1,1,0,0.0,0,0,0,0.0,100,34,32,True,0.03777777777777778,inicio,84.0,inicio,0-20,0,0,0,0
s08-r4-burst_trial-0.1,8,4,burst_trial-0.1,burst_trial,0.1,17,274.5519999999997,1,900,1,1.0,1,1,1,1.0,1,1,1,pérdida contigua en ensayo,True,1,1,0,0.0,1,1,0,0.0,100,420,34,True,0.4666666666666667,medio,470.0,medio,40-60,0,0,0,0
s08-r4-burst_trial-0.1,8,4,burst_trial-0.1,burst_trial,0.1,18,290.887999999999,1,900,1,1.0,1,1,1,2.0,1,2,1,pérdida contigua en ensayo,True,1,1,0,0.0,0,0,0,0.0,100,196,36,True,0.21777777777777776,inicio,246.0,inicio,20-40,0,0,0,0
s08-r4-burst_trial-0.1,8,4,burst_trial-0.1,burst_trial,0.1,19,306.6280000000006,1,900,1,1.0,1,1,1,1.0,1,1,1,pérdida contigua en ensayo,True,1,1,0,0.0,1,1,0,0.0,100,90,38,True,0.1,inicio,140.0,inicio,0-20,0,0,0,0
s08-r4-burst_trial-0.1,8,4,burst_trial-0.1,burst_trial,0.1,20,314.32800000000134,2,900,1,2.0,1,2,1,2.0,1,2,1,pérdida contigua en ensayo,True,1,1,0,0.0,1,1,0,0.0,100,428,39,True,0.47555555555555556,medio,478.0,medio,40-60,0,0,0,0
s08-r4-burst_trial-0.1,8,4,burst_trial-0.1,burst_trial,0.1,21,347.0,1,900,1,1.0,1,1,1,1.0,1,1,1,pérdida contigua en ensayo,True,1,1,0,0.0,1,1,0,0.0,100,53,43,True,0.058888888888888886,inicio,103.0,inicio,0-20,0,0,0,0
s08-r4-burst_trial-0.1,8,4,burst_trial-0.1,burst_trial,0.1,22,354.6239999999998,2,900,1,2.0,1,2,1,2.0,1,2,1,pérdida contigua en ensayo,True,1,1,0,0.0,1,1,0,0.0,100,291,44,True,0.3233333333333333,inicio,341.0,medio,20-40,0,0,0,0
s08-r4-burst_trial-0.1,8,4,burst_trial-0.1,burst_trial,0.1,23,370.7920000000013,2,900,1,2.0,1,2,1,2.0,1,2,1,pérdida contigua en ensayo,True,1,1,0,0.0,1,1,0,0.0,100,213,46,True,0.23666666666666666,inicio,263.0,inicio,20-40,0,0,0,0
s08-r4-burst_trial-0.25,8,4,burst_trial-0.25,burst_trial,0.25,0,1.0,2,750,1,2.0,1,2,1,2.0,1,2,1,pérdida contigua en ensayo,True,1,1,0,0.0,1,1,0,0.0,250,16,0,True,0.021333333333333333,inicio,141.0,inicio,0-20,0,0,0,0
s08-r4-burst_trial-0.25,8,4,burst_trial-0.25,burst_trial,0.25,1,9.011999999998809,1,750,1,1.0,1,1,1,1.0,1,1,1,pérdida contigua en ensayo,True,1,1,0,0.0,1,1,0,0.0,250,459,1,True,0.612,medio,584.0,medio,60-80,0,0,0,0
s08-r4-burst_trial-0.25,8,4,burst_trial-0.25,burst_trial,0.25,2,16.684000000001106,1,750,1,1.0,1,1,1,1.0,1,1,1,pérdida contigua en ensayo,True,1,1,0,0.0,1,1,0,0.0,250,659,2,True,0.8786666666666667,fin,784.0,fin,80-100,0,0,0,0
s08-r4-burst_trial-0.25,8,4,burst_trial-0.25,burst_trial,0.25,3,40.96800000000076,2,750,1,1.0,1,2,1,1.0,1,2,1,pérdida contigua en ensayo,True,0,1,1,1.0,0,1,1,1.0,250,570,5,True,0.76,fin,695.0,fin,60-80,1,0,1,0
s08-r4-burst_trial-0.25,8,4,burst_trial-0.25,burst_trial,0.25,4,64.56000000000131,1,750,1,1.0,1,1,1,1.0,1,1,1,pérdida contigua en ensayo,True,1,1,0,0.0,1,1,0,0.0,250,598,8,True,0.7973333333333333,fin,723.0,fin,60-80,0,0,0,0
s08-r4-burst_trial-0.25,8,4,burst_trial-0.25,burst_trial,0.25,5,80.17599999999948,1,750,1,1.0,1,1,1,1.0,1,1,1,pérdida contigua en ensayo,True,1,1,0,0.0,1,1,0,0.0,250,520,10,True,0.6933333333333334,fin,645.0,medio,60-80,0,0,0,0
s08-r4-burst_trial-0.25,8,4,burst_trial-0.25,burst_trial,0.25,6,87.75600000000122,1,750,1,1.0,1,1,1,1.0,1,1,1,pérdida contigua en ensayo,True,1,1,0,0.0,1,1,0,0.0,250,90,11,True,0.12,inicio,215.0,inicio,0-20,0,0,0,0
s08-r4-burst_trial-0.25,8,4,burst_trial-0.25,burst_trial,0.25,7,95.64400000000025,2,750,1,2.0,1,2,1,2.0,1,2,1,pérdida contigua en ensayo,True,1,1,0,0.0,1,1,0,0.0,250,655,12,True,0.8733333333333333,fin,780.0,fin,80-100,0,0,0,0
s08-r4-burst_trial-0.25,8,4,burst_trial-0.25,burst_trial,0.25,8,119.76800000000004,2,750,1,2.0,1,2,1,2.0,1,2,1,pérdida contigua en ensayo,True,1,1,0,0.0,1,1,0,0.0,250,359,15,True,0.4786666666666667,medio,484.0,medio,40-60,0,0,0,0
s08-r4-burst_trial-0.25,8,4,burst_trial-0.25,burst_trial,0.25,9,169.07200000000012,2,750,1,2.0,1,2,1,2.0,1,2,1,pérdida contigua en ensayo,True,1,1,0,0.0,1,1,0,0.0,250,486,21,True,0.648,medio,611.0,medio,60-80,0,0,0,0
s08-r4-burst_trial-0.25,8,4,burst_trial-0.25,burst_trial,0.25,10,176.72000000000116,2,750,1,2.0,1,2,1,2.0,1,2,1,pérdida contigua en ensayo,True,1,1,0,0.0,1,1,0,0.0,250,503,22,True,0.6706666666666666,fin,628.0,medio,60-80,0,0,0,0
s08-r4-burst_trial-0.25,8,4,burst_trial-0.25,burst_trial,0.25,11,192.65599999999904,1,750,1,1.0,1,1,1,1.0,1,1,1,pérdida contigua en ensayo,True,1,1,0,0.0,1,1,0,0.0,250,4,24,True,0.005333333333333333,inicio,129.0,inicio,0-20,0,0,0,0
s08-r4-burst_trial-0.25,8,4,burst_trial-0.25,burst_trial,0.25,12,200.5,2,750,1,2.0,1,2,1,2.0,1,2,1,pérdida contigua en ensayo,True,1,1,0,0.0,1,1,0,0.0,250,696,25,True,0.928,fin,821.0,fin,80-100,0,0,0,0
s08-r4-burst_trial-0.25,8,4,burst_trial-0.25,burst_trial,0.25,13,208.91600000000108,2,750,1,2.0,1,1,1,2.0,1,2,1,pérdida contigua en ensayo,True,1,0,1,1.0,1,1,0,0.0,250,50,26,True,0.06666666666666667,inicio,175.0,inicio,0-20,0,1,0,0
s08-r4-burst_trial-0.25,8,4,burst_trial-0.25,burst_trial,0.25,14,216.9320000000007,2,750,1,1.0,1,1,1,2.0,1,2,1,pérdida contigua en ensayo,True,0,0,0,0.0,1,1,0,0.0,250,665,27,True,0.8866666666666667,fin,790.0,fin,80-100,0,0,0,0
s08-r4-burst_trial-0.25,8,4,burst_trial-0.25,burst_trial,0.25,15,241.2200000000012,1,750,1,1.0,1,1,1,1.0,1,1,1,pérdida contigua en ensayo,True,1,1,0,0.0,1,1,0,0.0,250,331,30,True,0.44133333333333336,medio,456.0,medio,40-60,0,0,0,0
s08-r4-burst_trial-0.25,8,4,burst_trial-0.25,burst_trial,0.25,16,258.0159999999996,1,750,1,1.0,1,1,1,2.0,1,2,1,pérdida contigua en ensayo,True,1,1,0,0.0,0,0,0,0.0,250,167,32,True,0.22266666666666668,inicio,292.0,inicio,20-40,0,0,0,0
s08-r4-burst_trial-0.25,8,4,burst_trial-0.25,burst_trial,0.25,17,274.5519999999997,1,750,1,1.0,1,1,1,1.0,1,1,1,pérdida contigua en ensayo,True,1,1,0,0.0,1,1,0,0.0,250,417,34,True,0.556,medio,542.0,medio,40-60,0,0,0,0
s08-r4-burst_trial-0.25,8,4,burst_trial-0.25,burst_trial,0.25,18,290.887999999999,1,750,1,1.0,1,1,1,2.0,1,2,1,pérdida contigua en ensayo,True,1,1,0,0.0,0,0,0,0.0,250,1,36,True,0.0013333333333333333,inicio,126.0,inicio,0-20,0,0,0,0
s08-r4-burst_trial-0.25,8,4,burst_trial-0.25,burst_trial,0.25,19,306.6280000000006,1,750,1,1.0,1,1,1,1.0,1,1,1,pérdida contigua en ensayo,True,1,1,0,0.0,1,1,0,0.0,250,282,38,True,0.376,medio,407.0,medio,20-40,0,0,0,0
s08-r4-burst_trial-0.25,8,4,burst_trial-0.25,burst_trial,0.25,20,314.32800000000134,2,750,1,2.0,1,2,1,2.0,1,2,1,pérdida contigua en ensayo,True,1,1,0,0.0,1,1,0,0.0,250,524,39,True,0.6986666666666667,fin,649.0,medio,60-80,0,0,0,0
s08-r4-burst_trial-0.25,8,4,burst_trial-0.25,burst_trial,0.25,21,347.0,1,750,1,1.0,1,1,1,1.0,1,1,1,pérdida contigua en ensayo,True,1,1,0,0.0,1,1,0,0.0,250,190,43,True,0.25333333333333335,inicio,315.0,inicio,20-40,0,0,0,0
s08-r4-burst_trial-0.25,8,4,burst_trial-0.25,burst_trial,0.25,22,354.6239999999998,2,750,1,2.0,1,2,1,2.0,1,2,1,pérdida contigua en ensayo,True,1,1,0,0.0,1,1,0,0.0,250,601,44,True,0.8013333333333333,fin,726.0,fin,80-100,0,0,0,0
s08-r4-burst_trial-0.25,8,4,burst_trial-0.25,burst_trial,0.25,23,370.7920000000013,2,750,1,2.0,1,2,1,2.0,1,2,1,pérdida contigua en ensayo,True,1,1,0,0.0,1,1,0,0.0,250,63,46,True,0.084,inicio,188.0,inicio,0-20,0,0,0,0
s08-r4-burst_trial-0.4,8,4,burst_trial-0.4,burst_trial,0.4,0,1.0,2,600,1,2.0,1,2,1,2.0,1,2,1,pérdida contigua en ensayo,True,1,1,0,0.0,1,1,0,0.0,400,383,0,True,0.6383333333333333,medio,583.0,medio,60-80,0,0,0,0
s08-r4-burst_trial-0.4,8,4,burst_trial-0.4,burst_trial,0.4,1,9.011999999998809,1,600,1,1.0,1,1,1,1.0,1,1,1,pérdida contigua en ensayo,True,1,1,0,0.0,1,1,0,0.0,400,191,1,True,0.31833333333333336,inicio,391.0,medio,20-40,0,0,0,0
s08-r4-burst_trial-0.4,8,4,burst_trial-0.4,burst_trial,0.4,2,16.684000000001106,1,600,1,1.0,1,1,1,1.0,1,1,1,pérdida contigua en ensayo,True,1,1,0,0.0,1,1,0,0.0,400,443,2,True,0.7383333333333333,fin,643.0,medio,60-80,0,0,0,0
s08-r4-burst_trial-0.4,8,4,burst_trial-0.4,burst_trial,0.4,3,40.96800000000076,2,600,1,1.0,1,2,1,1.0,1,2,1,pérdida contigua en ensayo,True,0,1,1,1.0,0,1,1,1.0,400,463,5,True,0.7716666666666666,fin,663.0,medio,60-80,1,0,1,0
s08-r4-burst_trial-0.4,8,4,burst_trial-0.4,burst_trial,0.4,4,64.56000000000131,1,600,1,1.0,1,1,1,1.0,1,1,1,pérdida contigua en ensayo,True,1,1,0,0.0,1,1,0,0.0,400,340,8,True,0.5666666666666667,medio,540.0,medio,40-60,0,0,0,0
s08-r4-burst_trial-0.4,8,4,burst_trial-0.4,burst_trial,0.4,5,80.17599999999948,1,600,1,1.0,1,1,1,1.0,1,1,1,pérdida contigua en ensayo,True,1,1,0,0.0,1,1,0,0.0,400,204,10,True,0.34,medio,404.0,medio,20-40,0,0,0,0
s08-r4-burst_trial-0.4,8,4,burst_trial-0.4,burst_trial,0.4,6,87.75600000000122,1,600,1,1.0,1,1,1,1.0,1,1,1,pérdida contigua en ensayo,True,1,1,0,0.0,1,1,0,0.0,400,465,11,True,0.775,fin,665.0,medio,60-80,0,0,0,0
s08-r4-burst_trial-0.4,8,4,burst_trial-0.4,burst_trial,0.4,7,95.64400000000025,2,600,1,2.0,1,2,1,2.0,1,2,1,pérdida contigua en ensayo,True,1,1,0,0.0,1,1,0,0.0,400,409,12,True,0.6816666666666666,fin,609.0,medio,60-80,0,0,0,0
s08-r4-burst_trial-0.4,8,4,burst_trial-0.4,burst_trial,0.4,8,119.76800000000004,2,600,1,2.0,1,2,1,2.0,1,2,1,pérdida contigua en ensayo,True,1,1,0,0.0,1,1,0,0.0,400,45,15,True,0.075,inicio,245.0,inicio,0-20,0,0,0,0
s08-r4-burst_trial-0.4,8,4,burst_trial-0.4,burst_trial,0.4,9,169.07200000000012,2,600,1,2.0,1,2,1,2.0,1,2,1,pérdida contigua en ensayo,True,1,1,0,0.0,1,1,0,0.0,400,191,21,True,0.31833333333333336,inicio,391.0,medio,20-40,0,0,0,0
s08-r4-burst_trial-0.4,8,4,burst_trial-0.4,burst_trial,0.4,10,176.72000000000116,2,600,1,2.0,1,2,1,2.0,1,2,1,pérdida contigua en ensayo,True,1,1,0,0.0,1,1,0,0.0,400,219,22,True,0.365,medio,419.0,medio,20-40,0,0,0,0
s08-r4-burst_trial-0.4,8,4,burst_trial-0.4,burst_trial,0.4,11,192.65599999999904,1,600,1,1.0,1,1,1,1.0,1,1,1,pérdida contigua en ensayo,True,1,1,0,0.0,1,1,0,0.0,400,505,24,True,0.8416666666666667,fin,705.0,fin,80-100,0,0,0,0
s08-r4-burst_trial-0.4,8,4,burst_trial-0.4,burst_trial,0.4,12,200.5,2,600,1,2.0,1,2,1,2.0,1,2,1,pérdida contigua en ensayo,True,1,1,0,0.0,1,1,0,0.0,400,124,25,True,0.20666666666666667,inicio,324.0,inicio,20-40,0,0,0,0
s08-r4-burst_trial-0.4,8,4,burst_trial-0.4,burst_trial,0.4,13,208.91600000000108,2,600,1,2.0,1,1,1,1.0,1,2,1,pérdida contigua en ensayo,True,1,0,1,1.0,0,1,1,1.0,400,28,26,True,0.04666666666666667,inicio,228.0,inicio,0-20,0,1,1,0
s08-r4-burst_trial-0.4,8,4,burst_trial-0.4,burst_trial,0.4,14,216.9320000000007,2,600,1,2.0,1,1,1,2.0,1,2,1,pérdida contigua en ensayo,True,1,0,1,1.0,1,1,0,0.0,400,235,27,True,0.39166666666666666,medio,435.0,medio,20-40,0,1,0,0
s08-r4-burst_trial-0.4,8,4,burst_trial-0.4,burst_trial,0.4,15,241.2200000000012,1,600,1,1.0,1,1,1,1.0,1,1,1,pérdida contigua en ensayo,True,1,1,0,0.0,1,1,0,0.0,400,510,30,True,0.85,fin,710.0,fin,80-100,0,0,0,0
s08-r4-burst_trial-0.4,8,4,burst_trial-0.4,burst_trial,0.4,16,258.0159999999996,1,600,1,1.0,1,1,1,2.0,1,2,1,pérdida contigua en ensayo,True,1,1,0,0.0,0,0,0,0.0,400,589,32,True,0.9816666666666667,fin,789.0,fin,80-100,0,0,0,0
s08-r4-burst_trial-0.4,8,4,burst_trial-0.4,burst_trial,0.4,17,274.5519999999997,1,600,1,1.0,1,1,1,1.0,1,1,1,pérdida contigua en ensayo,True,1,1,0,0.0,1,1,0,0.0,400,133,34,True,0.22166666666666668,inicio,333.0,inicio,20-40,0,0,0,0
s08-r4-burst_trial-0.4,8,4,burst_trial-0.4,burst_trial,0.4,18,290.887999999999,1,600,1,2.0,1,1,1,1.0,1,2,1,pérdida contigua en ensayo,True,0,1,1,1.0,1,0,1,1.0,400,240,36,True,0.4,medio,440.0,medio,20-40,1,0,0,1
s08-r4-burst_trial-0.4,8,4,burst_trial-0.4,burst_trial,0.4,19,306.6280000000006,1,600,1,1.0,1,1,1,1.0,1,1,1,pérdida contigua en ensayo,True,1,1,0,0.0,1,1,0,0.0,400,158,38,True,0.2633333333333333,inicio,358.0,medio,20-40,0,0,0,0
s08-r4-burst_trial-0.4,8,4,burst_trial-0.4,burst_trial,0.4,20,314.32800000000134,2,600,1,2.0,1,2,1,2.0,1,2,1,pérdida contigua en ensayo,True,1,1,0,0.0,1,1,0,0.0,400,232,39,True,0.38666666666666666,medio,432.0,medio,20-40,0,0,0,0
s08-r4-burst_trial-0.4,8,4,burst_trial-0.4,burst_trial,0.4,21,347.0,1,600,1,1.0,1,1,1,1.0,1,1,1,pérdida contigua en ensayo,True,1,1,0,0.0,1,1,0,0.0,400,577,43,True,0.9616666666666667,fin,777.0,fin,80-100,0,0,0,0
s08-r4-burst_trial-0.4,8,4,burst_trial-0.4,burst_trial,0.4,22,354.6239999999998,2,600,1,1.0,1,2,1,2.0,1,2,1,pérdida contigua en ensayo,True,0,1,1,1.0,1,1,0,0.0,400,112,44,True,0.18666666666666668,inicio,312.0,inicio,0-20,1,0,0,0
s08-r4-burst_trial-0.4,8,4,burst_trial-0.4,burst_trial,0.4,23,370.7920000000013,2,600,1,2.0,1,2,1,2.0,1,2,1,pérdida contigua en ensayo,True,1,1,0,0.0,1,1,0,0.0,400,509,46,True,0.8483333333333334,fin,709.0,fin,80-100,0,0,0,0
s09-r0-burst_trial-0.1,9,0,burst_trial-0.1,burst_trial,0.1,0,1.0,1,900,1,1.0,1,1,1,2.0,1,1,1,pérdida contigua en ensayo,True,1,1,0,0.0,0,1,1,1.0,100,840,0,True,0.9333333333333333,fin,890.0,fin,80-100,0,0,1,0
s09-r0-burst_trial-0.1,9,0,burst_trial-0.1,burst_trial,0.1,1,9.011999999999716,2,900,1,2.0,1,2,1,2.0,1,2,1,pérdida contigua en ensayo,True,1,1,0,0.0,1,1,0,0.0,100,270,1,True,0.3,inicio,320.0,inicio,20-40,0,0,0,0
s09-r0-burst_trial-0.1,9,0,burst_trial-0.1,burst_trial,0.1,2,16.684000000000196,2,900,1,2.0,1,2,1,2.0,1,2,1,pérdida contigua en ensayo,True,1,1,0,0.0,1,1,0,0.0,100,741,2,True,0.8233333333333334,fin,791.0,fin,80-100,0,0,0,0
s09-r0-burst_trial-0.1,9,0,burst_trial-0.1,burst_trial,0.1,3,24.49200000000019,1,900,1,1.0,1,1,1,1.0,1,1,1,pérdida contigua en ensayo,True,1,1,0,0.0,1,1,0,0.0,100,325,3,True,0.3611111111111111,medio,375.0,medio,20-40,0,0,0,0
s09-r0-burst_trial-0.1,9,0,burst_trial-0.1,burst_trial,0.1,4,32.52400000000034,2,900,1,2.0,1,2,1,2.0,1,2,1,pérdida contigua en ensayo,True,1,1,0,0.0,1,1,0,0.0,100,757,4,True,0.8411111111111111,fin,807.0,fin,80-100,0,0,0,0
s09-r0-burst_trial-0.1,9,0,burst_trial-0.1,burst_trial,0.1,5,40.96799999999985,1,900,1,1.0,1,1,1,1.0,1,1,1,pérdida contigua en ensayo,True,1,1,0,0.0,1,1,0,0.0,100,259,5,True,0.2877777777777778,inicio,309.0,inicio,20-40,0,0,0,0
s09-r0-burst_trial-0.1,9,0,burst_trial-0.1,burst_trial,0.1,6,48.63600000000042,2,900,1,2.0,1,2,1,2.0,1,2,1,pérdida contigua en ensayo,True,1,1,0,0.0,1,1,0,0.0,100,474,6,True,0.5266666666666666,medio,524.0,medio,40-60,0,0,0,0
s09-r0-burst_trial-0.1,9,0,burst_trial-0.1,burst_trial,0.1,7,64.5600000000004,2,900,1,2.0,1,2,1,2.0,1,2,1,pérdida contigua en ensayo,True,1,1,0,0.0,1,1,0,0.0,100,416,8,True,0.4622222222222222,medio,466.0,medio,40-60,0,0,0,0
s09-r0-burst_trial-0.1,9,0,burst_trial-0.1,burst_trial,0.1,8,80.17600000000039,1,900,1,1.0,1,1,1,1.0,1,1,1,pérdida contigua en ensayo,True,1,1,0,0.0,1,1,0,0.0,100,804,10,True,0.8933333333333333,fin,854.0,fin,80-100,0,0,0,0
s09-r0-burst_trial-0.1,9,0,burst_trial-0.1,burst_trial,0.1,9,95.64400000000025,2,900,1,1.0,1,1,1,2.0,1,2,1,pérdida contigua en ensayo,True,0,0,0,0.0,1,1,0,0.0,100,402,12,True,0.44666666666666666,medio,452.0,medio,40-60,0,0,0,0
s09-r0-burst_trial-0.1,9,0,burst_trial-0.1,burst_trial,0.1,10,103.42000000000009,1,900,1,1.0,1,1,1,1.0,1,1,1,pérdida contigua en ensayo,True,1,1,0,0.0,1,1,0,0.0,100,224,13,True,0.24888888888888888,inicio,274.0,inicio,20-40,0,0,0,0
s09-r0-burst_trial-0.1,9,0,burst_trial-0.1,burst_trial,0.1,11,152.47199999999975,1,900,1,1.0,1,1,1,1.0,1,1,1,pérdida contigua en ensayo,True,1,1,0,0.0,1,1,0,0.0,100,221,19,True,0.24555555555555555,inicio,271.0,inicio,20-40,0,0,0,0
s09-r0-burst_trial-0.1,9,0,burst_trial-0.1,burst_trial,0.1,12,169.07200000000012,2,900,1,2.0,1,2,1,2.0,1,2,1,pérdida contigua en ensayo,True,1,1,0,0.0,1,1,0,0.0,100,313,21,True,0.3477777777777778,medio,363.0,medio,20-40,0,0,0,0
s09-r0-burst_trial-0.1,9,0,burst_trial-0.1,burst_trial,0.1,13,176.72000000000023,1,900,1,1.0,1,1,1,1.0,1,1,1,pérdida contigua en ensayo,True,1,1,0,0.0,1,1,0,0.0,100,562,22,True,0.6244444444444445,medio,612.0,medio,60-80,0,0,0,0
s09-r0-burst_trial-0.1,9,0,burst_trial-0.1,burst_trial,0.1,14,184.84400000000005,1,900,1,1.0,1,1,1,1.0,1,1,1,pérdida contigua en ensayo,True,1,1,0,0.0,1,1,0,0.0,100,331,23,True,0.36777777777777776,medio,381.0,medio,20-40,0,0,0,0
s09-r0-burst_trial-0.1,9,0,burst_trial-0.1,burst_trial,0.1,15,208.91600000000017,1,900,1,2.0,1,2,1,1.0,1,1,1,pérdida contigua en ensayo,True,0,0,0,0.0,1,1,0,0.0,100,355,26,True,0.39444444444444443,medio,405.0,medio,20-40,0,0,0,0
s09-r0-burst_trial-0.1,9,0,burst_trial-0.1,burst_trial,0.1,16,241.22000000000023,1,900,1,1.0,1,1,1,1.0,1,1,1,pérdida contigua en ensayo,True,1,1,0,0.0,1,1,0,0.0,100,203,30,True,0.22555555555555556,inicio,253.0,inicio,20-40,0,0,0,0
s09-r0-burst_trial-0.1,9,0,burst_trial-0.1,burst_trial,0.1,17,249.6480000000001,2,900,1,2.0,1,2,1,2.0,1,2,1,pérdida contigua en ensayo,True,1,1,0,0.0,1,1,0,0.0,100,125,31,True,0.1388888888888889,inicio,175.0,inicio,0-20,0,0,0,0
s09-r0-burst_trial-0.1,9,0,burst_trial-0.1,burst_trial,0.1,18,258.0159999999996,1,900,1,1.0,1,1,1,1.0,1,1,1,pérdida contigua en ensayo,True,1,1,0,0.0,1,1,0,0.0,100,217,32,True,0.2411111111111111,inicio,267.0,inicio,20-40,0,0,0,0
s09-r0-burst_trial-0.1,9,0,burst_trial-0.1,burst_trial,0.1,19,266.3800000000001,2,900,1,2.0,1,2,1,2.0,1,2,1,pérdida contigua en ensayo,True,1,1,0,0.0,1,1,0,0.0,100,244,33,True,0.27111111111111114,inicio,294.0,inicio,20-40,0,0,0,0
s09-r0-burst_trial-0.1,9,0,burst_trial-0.1,burst_trial,0.1,20,274.5519999999997,2,900,1,2.0,1,2,1,2.0,1,2,1,pérdida contigua en ensayo,True,1,1,0,0.0,1,1,0,0.0,100,659,34,True,0.7322222222222222,fin,709.0,fin,60-80,0,0,0,0
s09-r0-burst_trial-0.1,9,0,burst_trial-0.1,burst_trial,0.1,21,282.808,1,900,1,1.0,1,1,1,1.0,1,1,1,pérdida contigua en ensayo,True,1,1,0,0.0,1,1,0,0.0,100,189,35,True,0.21,inicio,239.0,inicio,20-40,0,0,0,0
s09-r0-burst_trial-0.1,9,0,burst_trial-0.1,burst_trial,0.1,22,290.8879999999999,2,900,1,2.0,1,2,1,2.0,1,2,1,pérdida contigua en ensayo,True,1,1,0,0.0,1,1,0,0.0,100,481,36,True,0.5344444444444445,medio,531.0,medio,40-60,0,0,0,0
s09-r0-burst_trial-0.1,9,0,burst_trial-0.1,burst_trial,0.1,23,306.6279999999997,2,900,1,2.0,1,2,1,2.0,1,2,1,pérdida contigua en ensayo,True,1,1,0,0.0,1,1,0,0.0,100,379,38,True,0.4211111111111111,medio,429.0,medio,40-60,0,0,0,0
s09-r0-burst_trial-0.25,9,0,burst_trial-0.25,burst_trial,0.25,0,1.0,1,750,1,1.0,1,1,1,1.0,1,1,1,pérdida contigua en ensayo,True,1,1,0,0.0,1,1,0,0.0,250,292,0,True,0.3893333333333333,medio,417.0,medio,20-40,0,0,0,0
s09-r0-burst_trial-0.25,9,0,burst_trial-0.25,burst_trial,0.25,1,9.011999999999716,2,750,1,2.0,1,2,1,2.0,1,2,1,pérdida contigua en ensayo,True,1,1,0,0.0,1,1,0,0.0,250,30,1,True,0.04,inicio,155.0,inicio,0-20,0,0,0,0
s09-r0-burst_trial-0.25,9,0,burst_trial-0.25,burst_trial,0.25,2,16.684000000000196,2,750,1,2.0,1,2,1,2.0,1,2,1,pérdida contigua en ensayo,True,1,1,0,0.0,1,1,0,0.0,250,197,2,True,0.26266666666666666,inicio,322.0,inicio,20-40,0,0,0,0
s09-r0-burst_trial-0.25,9,0,burst_trial-0.25,burst_trial,0.25,3,24.49200000000019,1,750,1,1.0,1,1,1,1.0,1,1,1,pérdida contigua en ensayo,True,1,1,0,0.0,1,1,0,0.0,250,62,3,True,0.08266666666666667,inicio,187.0,inicio,0-20,0,0,0,0
s09-r0-burst_trial-0.25,9,0,burst_trial-0.25,burst_trial,0.25,4,32.52400000000034,2,750,1,2.0,1,2,1,2.0,1,2,1,pérdida contigua en ensayo,True,1,1,0,0.0,1,1,0,0.0,250,289,4,True,0.38533333333333336,medio,414.0,medio,20-40,0,0,0,0
s09-r0-burst_trial-0.25,9,0,burst_trial-0.25,burst_trial,0.25,5,40.96799999999985,1,750,1,1.0,1,1,1,1.0,1,1,1,pérdida contigua en ensayo,True,1,1,0,0.0,1,1,0,0.0,250,507,5,True,0.676,fin,632.0,medio,60-80,0,0,0,0
s09-r0-burst_trial-0.25,9,0,burst_trial-0.25,burst_trial,0.25,6,48.63600000000042,2,750,1,2.0,1,2,1,2.0,1,2,1,pérdida contigua en ensayo,True,1,1,0,0.0,1,1,0,0.0,250,61,6,True,0.08133333333333333,inicio,186.0,inicio,0-20,0,0,0,0
s09-r0-burst_trial-0.25,9,0,burst_trial-0.25,burst_trial,0.25,7,64.5600000000004,2,750,1,2.0,1,2,1,2.0,1,2,1,pérdida contigua en ensayo,True,1,1,0,0.0,1,1,0,0.0,250,654,8,True,0.872,fin,779.0,fin,80-100,0,0,0,0
s09-r0-burst_trial-0.25,9,0,burst_trial-0.25,burst_trial,0.25,8,80.17600000000039,1,750,1,1.0,1,1,1,1.0,1,1,1,pérdida contigua en ensayo,True,1,1,0,0.0,1,1,0,0.0,250,719,10,True,0.9586666666666667,fin,844.0,fin,80-100,0,0,0,0
s09-r0-burst_trial-0.25,9,0,burst_trial-0.25,burst_trial,0.25,9,95.64400000000025,2,750,1,1.0,1,1,1,2.0,1,2,1,pérdida contigua en ensayo,True,0,0,0,0.0,1,1,0,0.0,250,573,12,True,0.764,fin,698.0,fin,60-80,0,0,0,0
s09-r0-burst_trial-0.25,9,0,burst_trial-0.25,burst_trial,0.25,10,103.42000000000009,1,750,1,1.0,1,1,1,1.0,1,1,1,pérdida contigua en ensayo,True,1,1,0,0.0,1,1,0,0.0,250,695,13,True,0.9266666666666666,fin,820.0,fin,80-100,0,0,0,0
s09-r0-burst_trial-0.25,9,0,burst_trial-0.25,burst_trial,0.25,11,152.47199999999975,1,750,1,1.0,1,1,1,1.0,1,1,1,pérdida contigua en ensayo,True,1,1,0,0.0,1,1,0,0.0,250,299,19,True,0.39866666666666667,medio,424.0,medio,20-40,0,0,0,0
s09-r0-burst_trial-0.25,9,0,burst_trial-0.25,burst_trial,0.25,12,169.07200000000012,2,750,1,2.0,1,2,1,1.0,1,2,1,pérdida contigua en ensayo,True,1,1,0,0.0,0,1,1,1.0,250,388,21,True,0.5173333333333333,medio,513.0,medio,40-60,0,0,1,0
s09-r0-burst_trial-0.25,9,0,burst_trial-0.25,burst_trial,0.25,13,176.72000000000023,1,750,1,1.0,1,1,1,1.0,1,1,1,pérdida contigua en ensayo,True,1,1,0,0.0,1,1,0,0.0,250,387,22,True,0.516,medio,512.0,medio,40-60,0,0,0,0
s09-r0-burst_trial-0.25,9,0,burst_trial-0.25,burst_trial,0.25,14,184.84400000000005,1,750,1,2.0,1,1,1,1.0,1,1,1,pérdida contigua en ensayo,True,0,1,1,1.0,1,1,0,0.0,250,659,23,True,0.8786666666666667,fin,784.0,fin,80-100,1,0,0,0
s09-r0-burst_trial-0.25,9,0,burst_trial-0.25,burst_trial,0.25,15,208.91600000000017,1,750,1,2.0,1,2,1,1.0,1,1,1,pérdida contigua en ensayo,True,0,0,0,0.0,1,1,0,0.0,250,147,26,True,0.196,inicio,272.0,inicio,0-20,0,0,0,0
s09-r0-burst_trial-0.25,9,0,burst_trial-0.25,burst_trial,0.25,16,241.22000000000023,1,750,1,1.0,1,1,1,1.0,1,1,1,pérdida contigua en ensayo,True,1,1,0,0.0,1,1,0,0.0,250,526,30,True,0.7013333333333334,fin,651.0,medio,60-80,0,0,0,0
s09-r0-burst_trial-0.25,9,0,burst_trial-0.25,burst_trial,0.25,17,249.6480000000001,2,750,1,2.0,1,2,1,2.0,1,2,1,pérdida contigua en ensayo,True,1,1,0,0.0,1,1,0,0.0,250,704,31,True,0.9386666666666666,fin,829.0,fin,80-100,0,0,0,0
s09-r0-burst_trial-0.25,9,0,burst_trial-0.25,burst_trial,0.25,18,258.0159999999996,1,750,1,1.0,1,1,1,1.0,1,1,1,pérdida contigua en ensayo,True,1,1,0,0.0,1,1,0,0.0,250,281,32,True,0.37466666666666665,medio,406.0,medio,20-40,0,0,0,0
s09-r0-burst_trial-0.25,9,0,burst_trial-0.25,burst_trial,0.25,19,266.3800000000001,2,750,1,2.0,1,2,1,1.0,1,2,1,pérdida contigua en ensayo,True,1,1,0,0.0,0,1,1,1.0,250,340,33,True,0.4533333333333333,medio,465.0,medio,40-60,0,0,1,0
s09-r0-burst_trial-0.25,9,0,burst_trial-0.25,burst_trial,0.25,20,274.5519999999997,2,750,1,2.0,1,2,1,2.0,1,2,1,pérdida contigua en ensayo,True,1,1,0,0.0,1,1,0,0.0,250,183,34,True,0.244,inicio,308.0,inicio,20-40,0,0,0,0
s09-r0-burst_trial-0.25,9,0,burst_trial-0.25,burst_trial,0.25,21,282.808,1,750,1,1.0,1,1,1,1.0,1,1,1,pérdida contigua en ensayo,True,1,1,0,0.0,1,1,0,0.0,250,552,35,True,0.736,fin,677.0,fin,60-80,0,0,0,0
s09-r0-burst_trial-0.25,9,0,burst_trial-0.25,burst_trial,0.25,22,290.8879999999999,2,750,1,2.0,1,2,1,2.0,1,2,1,pérdida contigua en ensayo,True,1,1,0,0.0,1,1,0,0.0,250,345,36,True,0.46,medio,470.0,medio,40-60,0,0,0,0
s09-r0-burst_trial-0.25,9,0,burst_trial-0.25,burst_trial,0.25,23,306.6279999999997,2,750,1,2.0,1,2,1,2.0,1,2,1,pérdida contigua en ensayo,True,1,1,0,0.0,1,1,0,0.0,250,83,38,True,0.11066666666666666,inicio,208.0,inicio,0-20,0,0,0,0
s09-r0-burst_trial-0.4,9,0,burst_trial-0.4,burst_trial,0.4,0,1.0,1,600,1,1.0,1,1,1,1.0,1,1,1,pérdida contigua en ensayo,True,1,1,0,0.0,1,1,0,0.0,400,348,0,True,0.58,medio,548.0,medio,40-60,0,0,0,0
s09-r0-burst_trial-0.4,9,0,burst_trial-0.4,burst_trial,0.4,1,9.011999999999716,2,600,1,2.0,1,2,1,2.0,1,2,1,pérdida contigua en ensayo,True,1,1,0,0.0,1,1,0,0.0,400,261,1,True,0.435,medio,461.0,medio,40-60,0,0,0,0
s09-r0-burst_trial-0.4,9,0,burst_trial-0.4,burst_trial,0.4,2,16.684000000000196,2,600,1,2.0,1,2,1,2.0,1,2,1,pérdida contigua en ensayo,True,1,1,0,0.0,1,1,0,0.0,400,57,2,True,0.095,inicio,257.0,inicio,0-20,0,0,0,0
s09-r0-burst_trial-0.4,9,0,burst_trial-0.4,burst_trial,0.4,3,24.49200000000019,1,600,1,1.0,1,1,1,1.0,1,1,1,pérdida contigua en ensayo,True,1,1,0,0.0,1,1,0,0.0,400,170,3,True,0.2833333333333333,inicio,370.0,medio,20-40,0,0,0,0
s09-r0-burst_trial-0.4,9,0,burst_trial-0.4,burst_trial,0.4,4,32.52400000000034,2,600,1,2.0,1,2,1,2.0,1,2,1,pérdida contigua en ensayo,True,1,1,0,0.0,1,1,0,0.0,400,519,4,True,0.865,fin,719.0,fin,80-100,0,0,0,0
s09-r0-burst_trial-0.4,9,0,burst_trial-0.4,burst_trial,0.4,5,40.96799999999985,1,600,1,1.0,1,1,1,1.0,1,1,1,pérdida contigua en ensayo,True,1,1,0,0.0,1,1,0,0.0,400,304,5,True,0.5066666666666667,medio,504.0,medio,40-60,0,0,0,0
s09-r0-burst_trial-0.4,9,0,burst_trial-0.4,burst_trial,0.4,6,48.63600000000042,2,600,1,1.0,1,2,1,1.0,1,2,1,pérdida contigua en ensayo,True,0,1,1,1.0,0,1,1,1.0,400,254,6,True,0.42333333333333334,medio,454.0,medio,40-60,1,0,1,0
s09-r0-burst_trial-0.4,9,0,burst_trial-0.4,burst_trial,0.4,7,64.5600000000004,2,600,1,2.0,1,2,1,1.0,1,2,1,pérdida contigua en ensayo,True,1,1,0,0.0,0,1,1,1.0,400,314,8,True,0.5233333333333333,medio,514.0,medio,40-60,0,0,1,0
s09-r0-burst_trial-0.4,9,0,burst_trial-0.4,burst_trial,0.4,8,80.17600000000039,1,600,1,1.0,1,1,1,1.0,1,1,1,pérdida contigua en ensayo,True,1,1,0,0.0,1,1,0,0.0,400,293,10,True,0.48833333333333334,medio,493.0,medio,40-60,0,0,0,0
s09-r0-burst_trial-0.4,9,0,burst_trial-0.4,burst_trial,0.4,9,95.64400000000025,2,600,1,1.0,1,1,1,2.0,1,2,1,pérdida contigua en ensayo,True,0,0,0,0.0,1,1,0,0.0,400,41,12,True,0.06833333333333333,inicio,241.0,inicio,0-20,0,0,0,0
s09-r0-burst_trial-0.4,9,0,burst_trial-0.4,burst_trial,0.4,10,103.42000000000009,1,600,1,1.0,1,1,1,1.0,1,1,1,pérdida contigua en ensayo,True,1,1,0,0.0,1,1,0,0.0,400,229,13,True,0.38166666666666665,medio,429.0,medio,20-40,0,0,0,0
s09-r0-burst_trial-0.4,9,0,burst_trial-0.4,burst_trial,0.4,11,152.47199999999975,1,600,1,1.0,1,1,1,1.0,1,1,1,pérdida contigua en ensayo,True,1,1,0,0.0,1,1,0,0.0,400,98,19,True,0.16333333333333333,inicio,298.0,inicio,0-20,0,0,0,0
s09-r0-burst_trial-0.4,9,0,burst_trial-0.4,burst_trial,0.4,12,169.07200000000012,2,600,1,2.0,1,2,1,1.0,1,2,1,pérdida contigua en ensayo,True,1,1,0,0.0,0,1,1,1.0,400,206,21,True,0.3433333333333333,medio,406.0,medio,20-40,0,0,1,0
s09-r0-burst_trial-0.4,9,0,burst_trial-0.4,burst_trial,0.4,13,176.72000000000023,1,600,1,1.0,1,1,1,1.0,1,1,1,pérdida contigua en ensayo,True,1,1,0,0.0,1,1,0,0.0,400,123,22,True,0.205,inicio,323.0,inicio,20-40,0,0,0,0
s09-r0-burst_trial-0.4,9,0,burst_trial-0.4,burst_trial,0.4,14,184.84400000000005,1,600,1,2.0,1,1,1,1.0,1,1,1,pérdida contigua en ensayo,True,0,1,1,1.0,1,1,0,0.0,400,303,23,True,0.505,medio,503.0,medio,40-60,1,0,0,0
s09-r0-burst_trial-0.4,9,0,burst_trial-0.4,burst_trial,0.4,15,208.91600000000017,1,600,1,2.0,1,2,1,1.0,1,1,1,pérdida contigua en ensayo,True,0,0,0,0.0,1,1,0,0.0,400,54,26,True,0.09,inicio,254.0,inicio,0-20,0,0,0,0
s09-r0-burst_trial-0.4,9,0,burst_trial-0.4,burst_trial,0.4,16,241.22000000000023,1,600,1,1.0,1,1,1,1.0,1,1,1,pérdida contigua en ensayo,True,1,1,0,0.0,1,1,0,0.0,400,417,30,True,0.695,fin,617.0,medio,60-80,0,0,0,0
s09-r0-burst_trial-0.4,9,0,burst_trial-0.4,burst_trial,0.4,17,249.6480000000001,2,600,1,2.0,1,2,1,2.0,1,2,1,pérdida contigua en ensayo,True,1,1,0,0.0,1,1,0,0.0,400,226,31,True,0.37666666666666665,medio,426.0,medio,20-40,0,0,0,0
s09-r0-burst_trial-0.4,9,0,burst_trial-0.4,burst_trial,0.4,18,258.0159999999996,1,600,1,1.0,1,1,1,2.0,1,1,1,pérdida contigua en ensayo,True,1,1,0,0.0,0,1,1,1.0,400,30,32,True,0.05,inicio,230.0,inicio,0-20,0,0,1,0
s09-r0-burst_trial-0.4,9,0,burst_trial-0.4,burst_trial,0.4,19,266.3800000000001,2,600,1,2.0,1,2,1,1.0,1,2,1,pérdida contigua en ensayo,True,1,1,0,0.0,0,1,1,1.0,400,263,33,True,0.43833333333333335,medio,463.0,medio,40-60,0,0,1,0
s09-r0-burst_trial-0.4,9,0,burst_trial-0.4,burst_trial,0.4,20,274.5519999999997,2,600,1,2.0,1,2,1,2.0,1,2,1,pérdida contigua en ensayo,True,1,1,0,0.0,1,1,0,0.0,400,15,34,True,0.025,inicio,215.0,inicio,0-20,0,0,0,0
s09-r0-burst_trial-0.4,9,0,burst_trial-0.4,burst_trial,0.4,21,282.808,1,600,1,1.0,1,1,1,1.0,1,1,1,pérdida contigua en ensayo,True,1,1,0,0.0,1,1,0,0.0,400,73,35,True,0.12166666666666667,inicio,273.0,inicio,0-20,0,0,0,0
s09-r0-burst_trial-0.4,9,0,burst_trial-0.4,burst_trial,0.4,22,290.8879999999999,2,600,1,2.0,1,2,1,2.0,1,2,1,pérdida contigua en ensayo,True,1,1,0,0.0,1,1,0,0.0,400,228,36,True,0.38,medio,428.0,medio,20-40,0,0,0,0
s09-r0-burst_trial-0.4,9,0,burst_trial-0.4,burst_trial,0.4,23,306.6279999999997,2,600,1,2.0,1,2,1,2.0,1,2,1,pérdida contigua en ensayo,True,1,1,0,0.0,1,1,0,0.0,400,418,38,True,0.6966666666666667,fin,618.0,medio,60-80,0,0,0,0
s09-r1-burst_trial-0.1,9,1,burst_trial-0.1,burst_trial,0.1,0,16.683999999999287,2,900,1,2.0,1,2,1,2.0,1,2,1,pérdida contigua en ensayo,True,1,1,0,0.0,1,1,0,0.0,100,119,2,True,0.1322222222222222,inicio,169.0,inicio,0-20,0,0,0,0
s09-r1-burst_trial-0.1,9,1,burst_trial-0.1,burst_trial,0.1,1,24.49200000000019,1,900,1,1.0,1,1,1,2.0,1,2,1,pérdida contigua en ensayo,True,1,1,0,0.0,0,0,0,0.0,100,91,3,True,0.10111111111111111,inicio,141.0,inicio,0-20,0,0,0,0
s09-r1-burst_trial-0.1,9,1,burst_trial-0.1,burst_trial,0.1,2,32.52399999999943,1,900,1,1.0,1,1,1,2.0,1,1,1,pérdida contigua en ensayo,True,1,1,0,0.0,0,1,1,1.0,100,128,4,True,0.14222222222222222,inicio,178.0,inicio,0-20,0,0,1,0
s09-r1-burst_trial-0.1,9,1,burst_trial-0.1,burst_trial,0.1,3,40.96800000000076,2,900,1,2.0,1,2,1,2.0,1,2,1,pérdida contigua en ensayo,True,1,1,0,0.0,1,1,0,0.0,100,138,5,True,0.15333333333333332,inicio,188.0,inicio,0-20,0,0,0,0
s09-r1-burst_trial-0.1,9,1,burst_trial-0.1,burst_trial,0.1,4,64.55999999999949,2,900,1,2.0,1,2,1,2.0,1,2,1,pérdida contigua en ensayo,True,1,1,0,0.0,1,1,0,0.0,100,411,8,True,0.45666666666666667,medio,461.0,medio,40-60,0,0,0,0
s09-r1-burst_trial-0.1,9,1,burst_trial-0.1,burst_trial,0.1,5,80.17599999999948,1,900,1,1.0,1,1,1,1.0,1,1,1,pérdida contigua en ensayo,True,1,1,0,0.0,1,1,0,0.0,100,176,10,True,0.19555555555555557,inicio,226.0,inicio,0-20,0,0,0,0
s09-r1-burst_trial-0.1,9,1,burst_trial-0.1,burst_trial,0.1,6,87.7559999999994,1,900,1,1.0,1,1,1,1.0,1,1,1,pérdida contigua en ensayo,True,1,1,0,0.0,1,1,0,0.0,100,184,11,True,0.20444444444444446,inicio,234.0,inicio,20-40,0,0,0,0
s09-r1-burst_trial-0.1,9,1,burst_trial-0.1,burst_trial,0.1,7,95.64400000000025,1,900,1,1.0,1,1,1,1.0,1,1,1,pérdida contigua en ensayo,True,1,1,0,0.0,1,1,0,0.0,100,365,12,True,0.40555555555555556,medio,415.0,medio,40-60,0,0,0,0
s09-r1-burst_trial-0.1,9,1,burst_trial-0.1,burst_trial,0.1,8,111.28800000000048,2,900,1,2.0,1,2,1,2.0,1,2,1,pérdida contigua en ensayo,True,1,1,0,0.0,1,1,0,0.0,100,119,14,True,0.1322222222222222,inicio,169.0,inicio,0-20,0,0,0,0
s09-r1-burst_trial-0.1,9,1,burst_trial-0.1,burst_trial,0.1,9,119.76800000000004,2,900,1,2.0,1,2,1,2.0,1,2,1,pérdida contigua en ensayo,True,1,1,0,0.0,1,1,0,0.0,100,614,15,True,0.6822222222222222,fin,664.0,medio,60-80,0,0,0,0
s09-r1-burst_trial-0.1,9,1,burst_trial-0.1,burst_trial,0.1,10,127.79999999999929,1,900,1,1.0,1,1,1,1.0,1,1,1,pérdida contigua en ensayo,True,1,1,0,0.0,1,1,0,0.0,100,104,16,True,0.11555555555555555,inicio,154.0,inicio,0-20,0,0,0,0
s09-r1-burst_trial-0.1,9,1,burst_trial-0.1,burst_trial,0.1,11,136.0640000000003,1,900,1,1.0,1,1,1,1.0,1,1,1,pérdida contigua en ensayo,True,1,1,0,0.0,1,1,0,0.0,100,746,17,True,0.8288888888888889,fin,796.0,fin,80-100,0,0,0,0
s09-r1-burst_trial-0.1,9,1,burst_trial-0.1,burst_trial,0.1,12,152.47199999999975,1,900,1,1.0,1,1,1,1.0,1,1,1,pérdida contigua en ensayo,True,1,1,0,0.0,1,1,0,0.0,100,497,19,True,0.5522222222222222,medio,547.0,medio,40-60,0,0,0,0
s09-r1-burst_trial-0.1,9,1,burst_trial-0.1,burst_trial,0.1,13,160.7520000000004,2,900,1,2.0,1,2,1,2.0,1,2,1,pérdida contigua en ensayo,True,1,1,0,0.0,1,1,0,0.0,100,339,20,True,0.37666666666666665,medio,389.0,medio,20-40,0,0,0,0
s09-r1-burst_trial-0.1,9,1,burst_trial-0.1,burst_trial,0.1,14,192.6560000000009,1,900,1,1.0,1,1,1,1.0,1,1,1,pérdida contigua en ensayo,True,1,1,0,0.0,1,1,0,0.0,100,545,24,True,0.6055555555555555,medio,595.0,medio,60-80,0,0,0,0
s09-r1-burst_trial-0.1,9,1,burst_trial-0.1,burst_trial,0.1,15,216.9320000000007,2,900,1,2.0,1,2,1,2.0,1,2,1,pérdida contigua en ensayo,True,1,1,0,0.0,1,1,0,0.0,100,877,27,True,0.9744444444444444,fin,927.0,fin,80-100,0,0,0,0
s09-r1-burst_trial-0.1,9,1,burst_trial-0.1,burst_trial,0.1,16,241.21999999999932,2,900,1,2.0,1,2,1,2.0,1,2,1,pérdida contigua en ensayo,True,1,1,0,0.0,1,1,0,0.0,100,716,30,True,0.7955555555555556,fin,766.0,fin,60-80,0,0,0,0
s09-r1-burst_trial-0.1,9,1,burst_trial-0.1,burst_trial,0.1,17,249.64799999999923,1,900,1,1.0,1,1,1,1.0,1,1,1,pérdida contigua en ensayo,True,1,1,0,0.0,1,1,0,0.0,100,456,31,True,0.5066666666666667,medio,506.0,medio,40-60,0,0,0,0
s09-r1-burst_trial-0.1,9,1,burst_trial-0.1,burst_trial,0.1,18,258.0159999999996,2,900,1,2.0,1,2,1,2.0,1,2,1,pérdida contigua en ensayo,True,1,1,0,0.0,1,1,0,0.0,100,445,32,True,0.49444444444444446,medio,495.0,medio,40-60,0,0,0,0
s09-r1-burst_trial-0.1,9,1,burst_trial-0.1,burst_trial,0.1,19,306.6280000000006,1,900,1,1.0,1,1,1,1.0,1,1,1,pérdida contigua en ensayo,True,1,1,0,0.0,1,1,0,0.0,100,615,38,True,0.6833333333333333,fin,665.0,medio,60-80,0,0,0,0
s09-r1-burst_trial-0.1,9,1,burst_trial-0.1,burst_trial,0.1,20,322.65200000000004,2,900,1,2.0,1,2,1,2.0,1,2,1,pérdida contigua en ensayo,True,1,1,0,0.0,1,1,0,0.0,100,116,40,True,0.1288888888888889,inicio,166.0,inicio,0-20,0,0,0,0
s09-r1-burst_trial-0.1,9,1,burst_trial-0.1,burst_trial,0.1,21,338.52399999999943,2,900,1,2.0,1,2,1,2.0,1,2,1,pérdida contigua en ensayo,True,1,1,0,0.0,1,1,0,0.0,100,345,42,True,0.38333333333333336,medio,395.0,medio,20-40,0,0,0,0
s09-r1-burst_trial-0.1,9,1,burst_trial-0.1,burst_trial,0.1,22,362.3359999999993,2,900,1,2.0,1,2,1,2.0,1,2,1,pérdida contigua en ensayo,True,1,1,0,0.0,1,1,0,0.0,100,118,45,True,0.13111111111111112,inicio,168.0,inicio,0-20,0,0,0,0
s09-r1-burst_trial-0.1,9,1,burst_trial-0.1,burst_trial,0.1,23,379.02800000000025,1,900,1,1.0,1,1,1,1.0,1,1,1,pérdida contigua en ensayo,True,1,1,0,0.0,1,1,0,0.0,100,408,47,True,0.4533333333333333,medio,458.0,medio,40-60,0,0,0,0
s09-r1-burst_trial-0.25,9,1,burst_trial-0.25,burst_trial,0.25,0,16.683999999999287,2,750,1,2.0,1,2,1,2.0,1,2,1,pérdida contigua en ensayo,True,1,1,0,0.0,1,1,0,0.0,250,352,2,True,0.4693333333333333,medio,477.0,medio,40-60,0,0,0,0
s09-r1-burst_trial-0.25,9,1,burst_trial-0.25,burst_trial,0.25,1,24.49200000000019,1,750,1,1.0,1,1,1,2.0,1,2,1,pérdida contigua en ensayo,True,1,1,0,0.0,0,0,0,0.0,250,627,3,True,0.836,fin,752.0,fin,80-100,0,0,0,0
s09-r1-burst_trial-0.25,9,1,burst_trial-0.25,burst_trial,0.25,2,32.52399999999943,1,750,1,1.0,1,1,1,1.0,1,1,1,pérdida contigua en ensayo,True,1,1,0,0.0,1,1,0,0.0,250,225,4,True,0.3,inicio,350.0,medio,20-40,0,0,0,0
s09-r1-burst_trial-0.25,9,1,burst_trial-0.25,burst_trial,0.25,3,40.96800000000076,2,750,1,2.0,1,2,1,2.0,1,2,1,pérdida contigua en ensayo,True,1,1,0,0.0,1,1,0,0.0,250,227,5,True,0.30266666666666664,inicio,352.0,medio,20-40,0,0,0,0
s09-r1-burst_trial-0.25,9,1,burst_trial-0.25,burst_trial,0.25,4,64.55999999999949,2,750,1,2.0,1,2,1,2.0,1,2,1,pérdida contigua en ensayo,True,1,1,0,0.0,1,1,0,0.0,250,96,8,True,0.128,inicio,221.0,inicio,0-20,0,0,0,0
s09-r1-burst_trial-0.25,9,1,burst_trial-0.25,burst_trial,0.25,5,80.17599999999948,1,750,1,1.0,1,1,1,1.0,1,1,1,pérdida contigua en ensayo,True,1,1,0,0.0,1,1,0,0.0,250,586,10,True,0.7813333333333333,fin,711.0,fin,60-80,0,0,0,0
s09-r1-burst_trial-0.25,9,1,burst_trial-0.25,burst_trial,0.25,6,87.7559999999994,1,750,1,1.0,1,1,1,1.0,1,1,1,pérdida contigua en ensayo,True,1,1,0,0.0,1,1,0,0.0,250,424,11,True,0.5653333333333334,medio,549.0,medio,40-60,0,0,0,0
s09-r1-burst_trial-0.25,9,1,burst_trial-0.25,burst_trial,0.25,7,95.64400000000025,1,750,1,1.0,1,1,1,1.0,1,1,1,pérdida contigua en ensayo,True,1,1,0,0.0,1,1,0,0.0,250,141,12,True,0.188,inicio,266.0,inicio,0-20,0,0,0,0
s09-r1-burst_trial-0.25,9,1,burst_trial-0.25,burst_trial,0.25,8,111.28800000000048,2,750,1,2.0,1,2,1,2.0,1,2,1,pérdida contigua en ensayo,True,1,1,0,0.0,1,1,0,0.0,250,274,14,True,0.36533333333333334,medio,399.0,medio,20-40,0,0,0,0
s09-r1-burst_trial-0.25,9,1,burst_trial-0.25,burst_trial,0.25,9,119.76800000000004,2,750,1,2.0,1,2,1,2.0,1,2,1,pérdida contigua en ensayo,True,1,1,0,0.0,1,1,0,0.0,250,466,15,True,0.6213333333333333,medio,591.0,medio,60-80,0,0,0,0
s09-r1-burst_trial-0.25,9,1,burst_trial-0.25,burst_trial,0.25,10,127.79999999999929,1,750,1,1.0,1,1,1,1.0,1,1,1,pérdida contigua en ensayo,True,1,1,0,0.0,1,1,0,0.0,250,219,16,True,0.292,inicio,344.0,medio,20-40,0,0,0,0
s09-r1-burst_trial-0.25,9,1,burst_trial-0.25,burst_trial,0.25,11,136.0640000000003,1,750,1,1.0,1,1,1,1.0,1,1,1,pérdida contigua en ensayo,True,1,1,0,0.0,1,1,0,0.0,250,627,17,True,0.836,fin,752.0,fin,80-100,0,0,0,0
s09-r1-burst_trial-0.25,9,1,burst_trial-0.25,burst_trial,0.25,12,152.47199999999975,1,750,1,1.0,1,1,1,1.0,1,1,1,pérdida contigua en ensayo,True,1,1,0,0.0,1,1,0,0.0,250,404,19,True,0.5386666666666666,medio,529.0,medio,40-60,0,0,0,0
s09-r1-burst_trial-0.25,9,1,burst_trial-0.25,burst_trial,0.25,13,160.7520000000004,2,750,1,2.0,1,2,1,2.0,1,2,1,pérdida contigua en ensayo,True,1,1,0,0.0,1,1,0,0.0,250,132,20,True,0.176,inicio,257.0,inicio,0-20,0,0,0,0
s09-r1-burst_trial-0.25,9,1,burst_trial-0.25,burst_trial,0.25,14,192.6560000000009,1,750,1,1.0,1,1,1,1.0,1,1,1,pérdida contigua en ensayo,True,1,1,0,0.0,1,1,0,0.0,250,748,24,True,0.9973333333333333,fin,873.0,fin,80-100,0,0,0,0
s09-r1-burst_trial-0.25,9,1,burst_trial-0.25,burst_trial,0.25,15,216.9320000000007,2,750,1,2.0,1,2,1,2.0,1,2,1,pérdida contigua en ensayo,True,1,1,0,0.0,1,1,0,0.0,250,152,27,True,0.20266666666666666,inicio,277.0,inicio,20-40,0,0,0,0
s09-r1-burst_trial-0.25,9,1,burst_trial-0.25,burst_trial,0.25,16,241.21999999999932,2,750,1,2.0,1,2,1,1.0,1,2,1,pérdida contigua en ensayo,True,1,1,0,0.0,0,1,1,1.0,250,201,30,True,0.268,inicio,326.0,inicio,20-40,0,0,1,0
s09-r1-burst_trial-0.25,9,1,burst_trial-0.25,burst_trial,0.25,17,249.64799999999923,1,750,1,1.0,1,1,1,1.0,1,1,1,pérdida contigua en ensayo,True,1,1,0,0.0,1,1,0,0.0,250,564,31,True,0.752,fin,689.0,fin,60-80,0,0,0,0
s09-r1-burst_trial-0.25,9,1,burst_trial-0.25,burst_trial,0.25,18,258.0159999999996,2,750,1,2.0,1,2,1,2.0,1,2,1,pérdida contigua en ensayo,True,1,1,0,0.0,1,1,0,0.0,250,96,32,True,0.128,inicio,221.0,inicio,0-20,0,0,0,0
s09-r1-burst_trial-0.25,9,1,burst_trial-0.25,burst_trial,0.25,19,306.6280000000006,1,750,1,1.0,1,1,1,1.0,1,1,1,pérdida contigua en ensayo,True,1,1,0,0.0,1,1,0,0.0,250,677,38,True,0.9026666666666666,fin,802.0,fin,80-100,0,0,0,0
s09-r1-burst_trial-0.25,9,1,burst_trial-0.25,burst_trial,0.25,20,322.65200000000004,2,750,1,2.0,1,2,1,2.0,1,2,1,pérdida contigua en ensayo,True,1,1,0,0.0,1,1,0,0.0,250,732,40,True,0.976,fin,857.0,fin,80-100,0,0,0,0
s09-r1-burst_trial-0.25,9,1,burst_trial-0.25,burst_trial,0.25,21,338.52399999999943,2,750,1,2.0,1,2,1,2.0,1,2,1,pérdida contigua en ensayo,True,1,1,0,0.0,1,1,0,0.0,250,729,42,True,0.972,fin,854.0,fin,80-100,0,0,0,0
s09-r1-burst_trial-0.25,9,1,burst_trial-0.25,burst_trial,0.25,22,362.3359999999993,2,750,1,2.0,1,2,1,2.0,1,2,1,pérdida contigua en ensayo,True,1,1,0,0.0,1,1,0,0.0,250,109,45,True,0.14533333333333334,inicio,234.0,inicio,0-20,0,0,0,0
s09-r1-burst_trial-0.25,9,1,burst_trial-0.25,burst_trial,0.25,23,379.02800000000025,1,750,1,1.0,1,1,1,1.0,1,1,1,pérdida contigua en ensayo,True,1,1,0,0.0,1,1,0,0.0,250,508,47,True,0.6773333333333333,fin,633.0,medio,60-80,0,0,0,0
s09-r1-burst_trial-0.4,9,1,burst_trial-0.4,burst_trial,0.4,0,16.683999999999287,2,600,1,2.0,1,2,1,2.0,1,2,1,pérdida contigua en ensayo,True,1,1,0,0.0,1,1,0,0.0,400,13,2,True,0.021666666666666667,inicio,213.0,inicio,0-20,0,0,0,0
s09-r1-burst_trial-0.4,9,1,burst_trial-0.4,burst_trial,0.4,1,24.49200000000019,1,600,1,1.0,1,1,1,1.0,1,2,1,pérdida contigua en ensayo,True,1,1,0,0.0,1,0,1,1.0,400,191,3,True,0.31833333333333336,inicio,391.0,medio,20-40,0,0,0,1
s09-r1-burst_trial-0.4,9,1,burst_trial-0.4,burst_trial,0.4,2,32.52399999999943,1,600,1,1.0,1,1,1,1.0,1,1,1,pérdida contigua en ensayo,True,1,1,0,0.0,1,1,0,0.0,400,229,4,True,0.38166666666666665,medio,429.0,medio,20-40,0,0,0,0
s09-r1-burst_trial-0.4,9,1,burst_trial-0.4,burst_trial,0.4,3,40.96800000000076,2,600,1,2.0,1,2,1,2.0,1,2,1,pérdida contigua en ensayo,True,1,1,0,0.0,1,1,0,0.0,400,242,5,True,0.4033333333333333,medio,442.0,medio,40-60,0,0,0,0
s09-r1-burst_trial-0.4,9,1,burst_trial-0.4,burst_trial,0.4,4,64.55999999999949,2,600,1,2.0,1,2,1,2.0,1,2,1,pérdida contigua en ensayo,True,1,1,0,0.0,1,1,0,0.0,400,57,8,True,0.095,inicio,257.0,inicio,0-20,0,0,0,0
s09-r1-burst_trial-0.4,9,1,burst_trial-0.4,burst_trial,0.4,5,80.17599999999948,1,600,1,1.0,1,1,1,1.0,1,1,1,pérdida contigua en ensayo,True,1,1,0,0.0,1,1,0,0.0,400,465,10,True,0.775,fin,665.0,medio,60-80,0,0,0,0
s09-r1-burst_trial-0.4,9,1,burst_trial-0.4,burst_trial,0.4,6,87.7559999999994,1,600,1,1.0,1,1,1,1.0,1,1,1,pérdida contigua en ensayo,True,1,1,0,0.0,1,1,0,0.0,400,131,11,True,0.21833333333333332,inicio,331.0,inicio,20-40,0,0,0,0
s09-r1-burst_trial-0.4,9,1,burst_trial-0.4,burst_trial,0.4,7,95.64400000000025,1,600,1,1.0,1,1,1,2.0,1,1,1,pérdida contigua en ensayo,True,1,1,0,0.0,0,1,1,1.0,400,17,12,True,0.028333333333333332,inicio,217.0,inicio,0-20,0,0,1,0
s09-r1-burst_trial-0.4,9,1,burst_trial-0.4,burst_trial,0.4,8,111.28800000000048,2,600,1,2.0,1,2,1,2.0,1,2,1,pérdida contigua en ensayo,True,1,1,0,0.0,1,1,0,0.0,400,540,14,True,0.9,fin,740.0,fin,80-100,0,0,0,0
s09-r1-burst_trial-0.4,9,1,burst_trial-0.4,burst_trial,0.4,9,119.76800000000004,2,600,1,2.0,1,2,1,2.0,1,2,1,pérdida contigua en ensayo,True,1,1,0,0.0,1,1,0,0.0,400,581,15,True,0.9683333333333334,fin,781.0,fin,80-100,0,0,0,0
s09-r1-burst_trial-0.4,9,1,burst_trial-0.4,burst_trial,0.4,10,127.79999999999929,1,600,1,1.0,1,1,1,1.0,1,1,1,pérdida contigua en ensayo,True,1,1,0,0.0,1,1,0,0.0,400,75,16,True,0.125,inicio,275.0,inicio,0-20,0,0,0,0
s09-r1-burst_trial-0.4,9,1,burst_trial-0.4,burst_trial,0.4,11,136.0640000000003,1,600,1,1.0,1,1,1,1.0,1,1,1,pérdida contigua en ensayo,True,1,1,0,0.0,1,1,0,0.0,400,132,17,True,0.22,inicio,332.0,inicio,20-40,0,0,0,0
s09-r1-burst_trial-0.4,9,1,burst_trial-0.4,burst_trial,0.4,12,152.47199999999975,1,600,1,1.0,1,1,1,1.0,1,1,1,pérdida contigua en ensayo,True,1,1,0,0.0,1,1,0,0.0,400,413,19,True,0.6883333333333334,fin,613.0,medio,60-80,0,0,0,0
s09-r1-burst_trial-0.4,9,1,burst_trial-0.4,burst_trial,0.4,13,160.7520000000004,2,600,1,2.0,1,2,1,1.0,1,2,1,pérdida contigua en ensayo,True,1,1,0,0.0,0,1,1,1.0,400,221,20,True,0.36833333333333335,medio,421.0,medio,20-40,0,0,1,0
s09-r1-burst_trial-0.4,9,1,burst_trial-0.4,burst_trial,0.4,14,192.6560000000009,1,600,1,1.0,1,1,1,1.0,1,1,1,pérdida contigua en ensayo,True,1,1,0,0.0,1,1,0,0.0,400,389,24,True,0.6483333333333333,medio,589.0,medio,60-80,0,0,0,0
s09-r1-burst_trial-0.4,9,1,burst_trial-0.4,burst_trial,0.4,15,216.9320000000007,2,600,1,2.0,1,2,1,2.0,1,2,1,pérdida contigua en ensayo,True,1,1,0,0.0,1,1,0,0.0,400,390,27,True,0.65,medio,590.0,medio,60-80,0,0,0,0
s09-r1-burst_trial-0.4,9,1,burst_trial-0.4,burst_trial,0.4,16,241.21999999999932,2,600,1,2.0,1,2,1,1.0,1,2,1,pérdida contigua en ensayo,True,1,1,0,0.0,0,1,1,1.0,400,351,30,True,0.585,medio,551.0,medio,40-60,0,0,1,0
s09-r1-burst_trial-0.4,9,1,burst_trial-0.4,burst_trial,0.4,17,249.64799999999923,1,600,1,1.0,1,1,1,1.0,1,1,1,pérdida contigua en ensayo,True,1,1,0,0.0,1,1,0,0.0,400,165,31,True,0.275,inicio,365.0,medio,20-40,0,0,0,0
s09-r1-burst_trial-0.4,9,1,burst_trial-0.4,burst_trial,0.4,18,258.0159999999996,2,600,1,2.0,1,2,1,2.0,1,2,1,pérdida contigua en ensayo,True,1,1,0,0.0,1,1,0,0.0,400,365,32,True,0.6083333333333333,medio,565.0,medio,60-80,0,0,0,0
s09-r1-burst_trial-0.4,9,1,burst_trial-0.4,burst_trial,0.4,19,306.6280000000006,1,600,1,1.0,1,1,1,1.0,1,1,1,pérdida contigua en ensayo,True,1,1,0,0.0,1,1,0,0.0,400,60,38,True,0.1,inicio,260.0,inicio,0-20,0,0,0,0
s09-r1-burst_trial-0.4,9,1,burst_trial-0.4,burst_trial,0.4,20,322.65200000000004,2,600,1,2.0,1,2,1,2.0,1,2,1,pérdida contigua en ensayo,True,1,1,0,0.0,1,1,0,0.0,400,229,40,True,0.38166666666666665,medio,429.0,medio,20-40,0,0,0,0
s09-r1-burst_trial-0.4,9,1,burst_trial-0.4,burst_trial,0.4,21,338.52399999999943,2,600,1,2.0,1,2,1,1.0,1,2,1,pérdida contigua en ensayo,True,1,1,0,0.0,0,1,1,1.0,400,137,42,True,0.22833333333333333,inicio,337.0,medio,20-40,0,0,1,0
s09-r1-burst_trial-0.4,9,1,burst_trial-0.4,burst_trial,0.4,22,362.3359999999993,2,600,1,2.0,1,2,1,1.0,1,2,1,pérdida contigua en ensayo,True,1,1,0,0.0,0,1,1,1.0,400,95,45,True,0.15833333333333333,inicio,295.0,inicio,0-20,0,0,1,0
s09-r1-burst_trial-0.4,9,1,burst_trial-0.4,burst_trial,0.4,23,379.02800000000025,1,600,1,1.0,1,1,1,1.0,1,1,1,pérdida contigua en ensayo,True,1,1,0,0.0,1,1,0,0.0,400,226,47,True,0.37666666666666665,medio,426.0,medio,20-40,0,0,0,0
s09-r2-burst_trial-0.1,9,2,burst_trial-0.1,burst_trial,0.1,0,1.0,1,900,1,1.0,1,1,1,1.0,1,1,1,pérdida contigua en ensayo,True,1,1,0,0.0,1,1,0,0.0,100,898,0,True,0.9977777777777778,fin,948.0,fin,80-100,0,0,0,0
s09-r2-burst_trial-0.1,9,2,burst_trial-0.1,burst_trial,0.1,1,9.011999999998809,1,900,1,1.0,1,1,1,1.0,1,1,1,pérdida contigua en ensayo,True,1,1,0,0.0,1,1,0,0.0,100,531,1,True,0.59,medio,581.0,medio,40-60,0,0,0,0
s09-r2-burst_trial-0.1,9,2,burst_trial-0.1,burst_trial,0.1,2,24.49199999999837,2,900,1,2.0,1,2,1,2.0,1,2,1,pérdida contigua en ensayo,True,1,1,0,0.0,1,1,0,0.0,100,688,3,True,0.7644444444444445,fin,738.0,fin,60-80,0,0,0,0
s09-r2-burst_trial-0.1,9,2,burst_trial-0.1,burst_trial,0.1,3,32.52400000000125,1,900,1,1.0,1,1,1,1.0,1,1,1,pérdida contigua en ensayo,True,1,1,0,0.0,1,1,0,0.0,100,242,4,True,0.2688888888888889,inicio,292.0,inicio,20-40,0,0,0,0
s09-r2-burst_trial-0.1,9,2,burst_trial-0.1,burst_trial,0.1,4,48.6359999999986,1,900,1,1.0,1,1,1,1.0,1,1,1,pérdida contigua en ensayo,True,1,1,0,0.0,1,1,0,0.0,100,669,6,True,0.7433333333333333,fin,719.0,fin,60-80,0,0,0,0
s09-r2-burst_trial-0.1,9,2,burst_trial-0.1,burst_trial,0.1,5,64.56000000000131,2,900,1,2.0,1,2,1,2.0,1,2,1,pérdida contigua en ensayo,True,1,1,0,0.0,1,1,0,0.0,100,372,8,True,0.41333333333333333,medio,422.0,medio,40-60,0,0,0,0
s09-r2-burst_trial-0.1,9,2,burst_trial-0.1,burst_trial,0.1,6,80.17599999999948,1,900,1,1.0,1,1,1,1.0,1,1,1,pérdida contigua en ensayo,True,1,1,0,0.0,1,1,0,0.0,100,629,10,True,0.6988888888888889,fin,679.0,fin,60-80,0,0,0,0
s09-r2-burst_trial-0.1,9,2,burst_trial-0.1,burst_trial,0.1,7,103.41999999999824,1,900,1,1.0,1,1,1,1.0,1,1,1,pérdida contigua en ensayo,True,1,1,0,0.0,1,1,0,0.0,100,532,13,True,0.5911111111111111,medio,582.0,medio,40-60,0,0,0,0
s09-r2-burst_trial-0.1,9,2,burst_trial-0.1,burst_trial,0.1,8,119.76800000000004,2,900,1,2.0,1,2,1,2.0,1,2,1,pérdida contigua en ensayo,True,1,1,0,0.0,1,1,0,0.0,100,317,15,True,0.3522222222222222,medio,367.0,medio,20-40,0,0,0,0
s09-r2-burst_trial-0.1,9,2,burst_trial-0.1,burst_trial,0.1,9,160.7520000000004,1,900,1,1.0,1,1,1,1.0,1,1,1,pérdida contigua en ensayo,True,1,1,0,0.0,1,1,0,0.0,100,441,20,True,0.49,medio,491.0,medio,40-60,0,0,0,0
s09-r2-burst_trial-0.1,9,2,burst_trial-0.1,burst_trial,0.1,10,176.72000000000116,2,900,1,2.0,1,2,1,2.0,1,2,1,pérdida contigua en ensayo,True,1,1,0,0.0,1,1,0,0.0,100,829,22,True,0.9211111111111111,fin,879.0,fin,80-100,0,0,0,0
s09-r2-burst_trial-0.1,9,2,burst_trial-0.1,burst_trial,0.1,11,192.65599999999904,2,900,1,1.0,1,1,1,2.0,1,2,1,pérdida contigua en ensayo,True,0,0,0,0.0,1,1,0,0.0,100,872,24,True,0.9688888888888889,fin,922.0,fin,80-100,0,0,0,0
s09-r2-burst_trial-0.1,9,2,burst_trial-0.1,burst_trial,0.1,12,200.5,1,900,1,1.0,1,1,1,1.0,1,1,1,pérdida contigua en ensayo,True,1,1,0,0.0,1,1,0,0.0,100,13,25,True,0.014444444444444444,inicio,63.0,inicio,0-20,0,0,0,0
s09-r2-burst_trial-0.1,9,2,burst_trial-0.1,burst_trial,0.1,13,216.9320000000007,2,900,1,2.0,1,2,1,2.0,1,2,1,pérdida contigua en ensayo,True,1,1,0,0.0,1,1,0,0.0,100,343,27,True,0.3811111111111111,medio,393.0,medio,20-40,0,0,0,0
s09-r2-burst_trial-0.1,9,2,burst_trial-0.1,burst_trial,0.1,14,224.8319999999985,1,900,1,1.0,1,1,1,1.0,1,1,1,pérdida contigua en ensayo,True,1,1,0,0.0,1,1,0,0.0,100,639,28,True,0.71,fin,689.0,fin,60-80,0,0,0,0
s09-r2-burst_trial-0.1,9,2,burst_trial-0.1,burst_trial,0.1,15,249.64800000000105,1,900,1,1.0,1,2,1,1.0,1,1,1,pérdida contigua en ensayo,True,1,0,1,1.0,1,1,0,0.0,100,68,31,True,0.07555555555555556,inicio,118.0,inicio,0-20,0,1,0,0
s09-r2-burst_trial-0.1,9,2,burst_trial-0.1,burst_trial,0.1,16,282.8080000000009,2,900,1,2.0,1,2,1,2.0,1,2,1,pérdida contigua en ensayo,True,1,1,0,0.0,1,1,0,0.0,100,490,35,True,0.5444444444444444,medio,540.0,medio,40-60,0,0,0,0
s09-r2-burst_trial-0.1,9,2,burst_trial-0.1,burst_trial,0.1,17,290.887999999999,1,900,1,1.0,1,1,1,1.0,1,2,1,pérdida contigua en ensayo,True,1,1,0,0.0,1,0,1,1.0,100,564,36,True,0.6266666666666667,medio,614.0,medio,60-80,0,0,0,1
s09-r2-burst_trial-0.1,9,2,burst_trial-0.1,burst_trial,0.1,18,298.77600000000166,2,900,1,1.0,1,2,1,2.0,1,2,1,pérdida contigua en ensayo,True,0,1,1,1.0,1,1,0,0.0,100,361,37,True,0.4011111111111111,medio,411.0,medio,40-60,1,0,0,0
s09-r2-burst_trial-0.1,9,2,burst_trial-0.1,burst_trial,0.1,19,314.32800000000134,2,900,1,2.0,1,2,1,2.0,1,2,1,pérdida contigua en ensayo,True,1,1,0,0.0,1,1,0,0.0,100,491,39,True,0.5455555555555556,medio,541.0,medio,40-60,0,0,0,0
s09-r2-burst_trial-0.1,9,2,burst_trial-0.1,burst_trial,0.1,20,338.52400000000125,2,900,1,2.0,1,2,1,2.0,1,2,1,pérdida contigua en ensayo,True,1,1,0,0.0,1,1,0,0.0,100,277,42,True,0.30777777777777776,inicio,327.0,inicio,20-40,0,0,0,0
s09-r2-burst_trial-0.1,9,2,burst_trial-0.1,burst_trial,0.1,21,347.0,2,900,1,1.0,1,2,1,2.0,1,2,1,pérdida contigua en ensayo,True,0,1,1,1.0,1,1,0,0.0,100,88,43,True,0.09777777777777778,inicio,138.0,inicio,0-20,1,0,0,0
s09-r2-burst_trial-0.1,9,2,burst_trial-0.1,burst_trial,0.1,22,354.6239999999998,2,900,1,2.0,1,2,1,2.0,1,2,1,pérdida contigua en ensayo,True,1,1,0,0.0,1,1,0,0.0,100,875,44,True,0.9722222222222222,fin,925.0,fin,80-100,0,0,0,0
s09-r2-burst_trial-0.1,9,2,burst_trial-0.1,burst_trial,0.1,23,379.0279999999984,1,900,1,1.0,1,1,1,1.0,1,1,1,pérdida contigua en ensayo,True,1,1,0,0.0,1,1,0,0.0,100,836,47,True,0.9288888888888889,fin,886.0,fin,80-100,0,0,0,0
s09-r2-burst_trial-0.25,9,2,burst_trial-0.25,burst_trial,0.25,0,1.0,1,750,1,1.0,1,1,1,1.0,1,1,1,pérdida contigua en ensayo,True,1,1,0,0.0,1,1,0,0.0,250,351,0,True,0.468,medio,476.0,medio,40-60,0,0,0,0
s09-r2-burst_trial-0.25,9,2,burst_trial-0.25,burst_trial,0.25,1,9.011999999998809,1,750,1,1.0,1,1,1,1.0,1,1,1,pérdida contigua en ensayo,True,1,1,0,0.0,1,1,0,0.0,250,424,1,True,0.5653333333333334,medio,549.0,medio,40-60,0,0,0,0
s09-r2-burst_trial-0.25,9,2,burst_trial-0.25,burst_trial,0.25,2,24.49199999999837,2,750,1,2.0,1,2,1,2.0,1,2,1,pérdida contigua en ensayo,True,1,1,0,0.0,1,1,0,0.0,250,718,3,True,0.9573333333333334,fin,843.0,fin,80-100,0,0,0,0
s09-r2-burst_trial-0.25,9,2,burst_trial-0.25,burst_trial,0.25,3,32.52400000000125,1,750,1,1.0,1,1,1,1.0,1,1,1,pérdida contigua en ensayo,True,1,1,0,0.0,1,1,0,0.0,250,188,4,True,0.25066666666666665,inicio,313.0,inicio,20-40,0,0,0,0
s09-r2-burst_trial-0.25,9,2,burst_trial-0.25,burst_trial,0.25,4,48.6359999999986,1,750,1,1.0,1,1,1,1.0,1,1,1,pérdida contigua en ensayo,True,1,1,0,0.0,1,1,0,0.0,250,614,6,True,0.8186666666666667,fin,739.0,fin,80-100,0,0,0,0
s09-r2-burst_trial-0.25,9,2,burst_trial-0.25,burst_trial,0.25,5,64.56000000000131,2,750,1,2.0,1,2,1,2.0,1,2,1,pérdida contigua en ensayo,True,1,1,0,0.0,1,1,0,0.0,250,126,8,True,0.168,inicio,251.0,inicio,0-20,0,0,0,0
s09-r2-burst_trial-0.25,9,2,burst_trial-0.25,burst_trial,0.25,6,80.17599999999948,1,750,1,1.0,1,1,1,1.0,1,1,1,pérdida contigua en ensayo,True,1,1,0,0.0,1,1,0,0.0,250,44,10,True,0.058666666666666666,inicio,169.0,inicio,0-20,0,0,0,0
s09-r2-burst_trial-0.25,9,2,burst_trial-0.25,burst_trial,0.25,7,103.41999999999824,1,750,1,1.0,1,1,1,1.0,1,1,1,pérdida contigua en ensayo,True,1,1,0,0.0,1,1,0,0.0,250,632,13,True,0.8426666666666667,fin,757.0,fin,80-100,0,0,0,0
s09-r2-burst_trial-0.25,9,2,burst_trial-0.25,burst_trial,0.25,8,119.76800000000004,2,750,1,2.0,1,2,1,2.0,1,2,1,pérdida contigua en ensayo,True,1,1,0,0.0,1,1,0,0.0,250,688,15,True,0.9173333333333333,fin,813.0,fin,80-100,0,0,0,0
s09-r2-burst_trial-0.25,9,2,burst_trial-0.25,burst_trial,0.25,9,160.7520000000004,1,750,1,2.0,1,1,1,1.0,1,1,1,pérdida contigua en ensayo,True,0,1,1,1.0,1,1,0,0.0,250,725,20,True,0.9666666666666667,fin,850.0,fin,80-100,1,0,0,0
s09-r2-burst_trial-0.25,9,2,burst_trial-0.25,burst_trial,0.25,10,176.72000000000116,2,750,1,2.0,1,2,1,2.0,1,2,1,pérdida contigua en ensayo,True,1,1,0,0.0,1,1,0,0.0,250,191,22,True,0.25466666666666665,inicio,316.0,inicio,20-40,0,0,0,0
s09-r2-burst_trial-0.25,9,2,burst_trial-0.25,burst_trial,0.25,11,192.65599999999904,2,750,1,2.0,1,1,1,2.0,1,2,1,pérdida contigua en ensayo,True,1,0,1,1.0,1,1,0,0.0,250,579,24,True,0.772,fin,704.0,fin,60-80,0,1,0,0
s09-r2-burst_trial-0.25,9,2,burst_trial-0.25,burst_trial,0.25,12,200.5,1,750,1,1.0,1,1,1,1.0,1,1,1,pérdida contigua en ensayo,True,1,1,0,0.0,1,1,0,0.0,250,68,25,True,0.09066666666666667,inicio,193.0,inicio,0-20,0,0,0,0
s09-r2-burst_trial-0.25,9,2,burst_trial-0.25,burst_trial,0.25,13,216.9320000000007,2,750,1,2.0,1,2,1,2.0,1,2,1,pérdida contigua en ensayo,True,1,1,0,0.0,1,1,0,0.0,250,55,27,True,0.07333333333333333,inicio,180.0,inicio,0-20,0,0,0,0
s09-r2-burst_trial-0.25,9,2,burst_trial-0.25,burst_trial,0.25,14,224.8319999999985,1,750,1,1.0,1,1,1,1.0,1,1,1,pérdida contigua en ensayo,True,1,1,0,0.0,1,1,0,0.0,250,400,28,True,0.5333333333333333,medio,525.0,medio,40-60,0,0,0,0
s09-r2-burst_trial-0.25,9,2,burst_trial-0.25,burst_trial,0.25,15,249.64800000000105,1,750,1,2.0,1,2,1,1.0,1,1,1,pérdida contigua en ensayo,True,0,0,0,0.0,1,1,0,0.0,250,163,31,True,0.21733333333333332,inicio,288.0,inicio,20-40,0,0,0,0
s09-r2-burst_trial-0.25,9,2,burst_trial-0.25,burst_trial,0.25,16,282.8080000000009,2,750,1,2.0,1,2,1,2.0,1,2,1,pérdida contigua en ensayo,True,1,1,0,0.0,1,1,0,0.0,250,25,35,True,0.03333333333333333,inicio,150.0,inicio,0-20,0,0,0,0
s09-r2-burst_trial-0.25,9,2,burst_trial-0.25,burst_trial,0.25,17,290.887999999999,1,750,1,1.0,1,1,1,1.0,1,2,1,pérdida contigua en ensayo,True,1,1,0,0.0,1,0,1,1.0,250,395,36,True,0.5266666666666666,medio,520.0,medio,40-60,0,0,0,1
s09-r2-burst_trial-0.25,9,2,burst_trial-0.25,burst_trial,0.25,18,298.77600000000166,2,750,1,2.0,1,2,1,2.0,1,2,1,pérdida contigua en ensayo,True,1,1,0,0.0,1,1,0,0.0,250,282,37,True,0.376,medio,407.0,medio,20-40,0,0,0,0
s09-r2-burst_trial-0.25,9,2,burst_trial-0.25,burst_trial,0.25,19,314.32800000000134,2,750,1,2.0,1,2,1,2.0,1,2,1,pérdida contigua en ensayo,True,1,1,0,0.0,1,1,0,0.0,250,142,39,True,0.18933333333333333,inicio,267.0,inicio,0-20,0,0,0,0
s09-r2-burst_trial-0.25,9,2,burst_trial-0.25,burst_trial,0.25,20,338.52400000000125,2,750,1,2.0,1,2,1,2.0,1,2,1,pérdida contigua en ensayo,True,1,1,0,0.0,1,1,0,0.0,250,525,42,True,0.7,fin,650.0,medio,60-80,0,0,0,0
s09-r2-burst_trial-0.25,9,2,burst_trial-0.25,burst_trial,0.25,21,347.0,2,750,1,2.0,1,2,1,2.0,1,2,1,pérdida contigua en ensayo,True,1,1,0,0.0,1,1,0,0.0,250,708,43,True,0.944,fin,833.0,fin,80-100,0,0,0,0
s09-r2-burst_trial-0.25,9,2,burst_trial-0.25,burst_trial,0.25,22,354.6239999999998,2,750,1,2.0,1,2,1,2.0,1,2,1,pérdida contigua en ensayo,True,1,1,0,0.0,1,1,0,0.0,250,467,44,True,0.6226666666666667,medio,592.0,medio,60-80,0,0,0,0
s09-r2-burst_trial-0.25,9,2,burst_trial-0.25,burst_trial,0.25,23,379.0279999999984,1,750,1,1.0,1,1,1,1.0,1,1,1,pérdida contigua en ensayo,True,1,1,0,0.0,1,1,0,0.0,250,31,47,True,0.04133333333333333,inicio,156.0,inicio,0-20,0,0,0,0
s09-r2-burst_trial-0.4,9,2,burst_trial-0.4,burst_trial,0.4,0,1.0,1,600,1,1.0,1,1,1,1.0,1,1,1,pérdida contigua en ensayo,True,1,1,0,0.0,1,1,0,0.0,400,166,0,True,0.27666666666666667,inicio,366.0,medio,20-40,0,0,0,0
s09-r2-burst_trial-0.4,9,2,burst_trial-0.4,burst_trial,0.4,1,9.011999999998809,1,600,1,1.0,1,1,1,1.0,1,1,1,pérdida contigua en ensayo,True,1,1,0,0.0,1,1,0,0.0,400,502,1,True,0.8366666666666667,fin,702.0,fin,80-100,0,0,0,0
s09-r2-burst_trial-0.4,9,2,burst_trial-0.4,burst_trial,0.4,2,24.49199999999837,2,600,1,2.0,1,2,1,2.0,1,2,1,pérdida contigua en ensayo,True,1,1,0,0.0,1,1,0,0.0,400,69,3,True,0.115,inicio,269.0,inicio,0-20,0,0,0,0
s09-r2-burst_trial-0.4,9,2,burst_trial-0.4,burst_trial,0.4,3,32.52400000000125,1,600,1,1.0,1,1,1,1.0,1,1,1,pérdida contigua en ensayo,True,1,1,0,0.0,1,1,0,0.0,400,129,4,True,0.215,inicio,329.0,inicio,20-40,0,0,0,0
s09-r2-burst_trial-0.4,9,2,burst_trial-0.4,burst_trial,0.4,4,48.6359999999986,1,600,1,1.0,1,1,1,1.0,1,1,1,pérdida contigua en ensayo,True,1,1,0,0.0,1,1,0,0.0,400,457,6,True,0.7616666666666667,fin,657.0,medio,60-80,0,0,0,0
s09-r2-burst_trial-0.4,9,2,burst_trial-0.4,burst_trial,0.4,5,64.56000000000131,2,600,1,1.0,1,2,1,2.0,1,2,1,pérdida contigua en ensayo,True,0,1,1,1.0,1,1,0,0.0,400,315,8,True,0.525,medio,515.0,medio,40-60,1,0,0,0
s09-r2-burst_trial-0.4,9,2,burst_trial-0.4,burst_trial,0.4,6,80.17599999999948,1,600,1,1.0,1,1,1,1.0,1,1,1,pérdida contigua en ensayo,True,1,1,0,0.0,1,1,0,0.0,400,432,10,True,0.72,fin,632.0,medio,60-80,0,0,0,0
s09-r2-burst_trial-0.4,9,2,burst_trial-0.4,burst_trial,0.4,7,103.41999999999824,1,600,1,1.0,1,1,1,2.0,1,1,1,pérdida contigua en ensayo,True,1,1,0,0.0,0,1,1,1.0,400,36,13,True,0.06,inicio,236.0,inicio,0-20,0,0,1,0
s09-r2-burst_trial-0.4,9,2,burst_trial-0.4,burst_trial,0.4,8,119.76800000000004,2,600,1,2.0,1,2,1,2.0,1,2,1,pérdida contigua en ensayo,True,1,1,0,0.0,1,1,0,0.0,400,219,15,True,0.365,medio,419.0,medio,20-40,0,0,0,0
s09-r2-burst_trial-0.4,9,2,burst_trial-0.4,burst_trial,0.4,9,160.7520000000004,1,600,1,2.0,1,1,1,1.0,1,1,1,pérdida contigua en ensayo,True,0,1,1,1.0,1,1,0,0.0,400,322,20,True,0.5366666666666666,medio,522.0,medio,40-60,1,0,0,0
s09-r2-burst_trial-0.4,9,2,burst_trial-0.4,burst_trial,0.4,10,176.72000000000116,2,600,1,2.0,1,2,1,2.0,1,2,1,pérdida contigua en ensayo,True,1,1,0,0.0,1,1,0,0.0,400,337,22,True,0.5616666666666666,medio,537.0,medio,40-60,0,0,0,0
s09-r2-burst_trial-0.4,9,2,burst_trial-0.4,burst_trial,0.4,11,192.65599999999904,2,600,1,2.0,1,1,1,2.0,1,2,1,pérdida contigua en ensayo,True,1,0,1,1.0,1,1,0,0.0,400,318,24,True,0.53,medio,518.0,medio,40-60,0,1,0,0
s09-r2-burst_trial-0.4,9,2,burst_trial-0.4,burst_trial,0.4,12,200.5,1,600,1,1.0,1,1,1,1.0,1,1,1,pérdida contigua en ensayo,True,1,1,0,0.0,1,1,0,0.0,400,588,25,True,0.98,fin,788.0,fin,80-100,0,0,0,0
s09-r2-burst_trial-0.4,9,2,burst_trial-0.4,burst_trial,0.4,13,216.9320000000007,2,600,1,2.0,1,2,1,2.0,1,2,1,pérdida contigua en ensayo,True,1,1,0,0.0,1,1,0,0.0,400,338,27,True,0.5633333333333334,medio,538.0,medio,40-60,0,0,0,0
s09-r2-burst_trial-0.4,9,2,burst_trial-0.4,burst_trial,0.4,14,224.8319999999985,1,600,1,1.0,1,1,1,1.0,1,1,1,pérdida contigua en ensayo,True,1,1,0,0.0,1,1,0,0.0,400,356,28,True,0.5933333333333334,medio,556.0,medio,40-60,0,0,0,0
s09-r2-burst_trial-0.4,9,2,burst_trial-0.4,burst_trial,0.4,15,249.64800000000105,1,600,1,1.0,1,2,1,1.0,1,1,1,pérdida contigua en ensayo,True,1,0,1,1.0,1,1,0,0.0,400,589,31,True,0.9816666666666667,fin,789.0,fin,80-100,0,1,0,0
s09-r2-burst_trial-0.4,9,2,burst_trial-0.4,burst_trial,0.4,16,282.8080000000009,2,600,1,2.0,1,2,1,1.0,1,2,1,pérdida contigua en ensayo,True,1,1,0,0.0,0,1,1,1.0,400,242,35,True,0.4033333333333333,medio,442.0,medio,40-60,0,0,1,0
s09-r2-burst_trial-0.4,9,2,burst_trial-0.4,burst_trial,0.4,17,290.887999999999,1,600,1,2.0,1,1,1,1.0,1,2,1,pérdida contigua en ensayo,True,0,1,1,1.0,1,0,1,1.0,400,51,36,True,0.085,inicio,251.0,inicio,0-20,1,0,0,1
s09-r2-burst_trial-0.4,9,2,burst_trial-0.4,burst_trial,0.4,18,298.77600000000166,2,600,1,2.0,1,2,1,1.0,1,2,1,pérdida contigua en ensayo,True,1,1,0,0.0,0,1,1,1.0,400,115,37,True,0.19166666666666668,inicio,315.0,inicio,0-20,0,0,1,0
s09-r2-burst_trial-0.4,9,2,burst_trial-0.4,burst_trial,0.4,19,314.32800000000134,2,600,1,2.0,1,2,1,1.0,1,2,1,pérdida contigua en ensayo,True,1,1,0,0.0,0,1,1,1.0,400,122,39,True,0.20333333333333334,inicio,322.0,inicio,20-40,0,0,1,0
s09-r2-burst_trial-0.4,9,2,burst_trial-0.4,burst_trial,0.4,20,338.52400000000125,2,600,1,2.0,1,2,1,2.0,1,2,1,pérdida contigua en ensayo,True,1,1,0,0.0,1,1,0,0.0,400,39,42,True,0.065,inicio,239.0,inicio,0-20,0,0,0,0
s09-r2-burst_trial-0.4,9,2,burst_trial-0.4,burst_trial,0.4,21,347.0,2,600,1,2.0,1,2,1,2.0,1,2,1,pérdida contigua en ensayo,True,1,1,0,0.0,1,1,0,0.0,400,544,43,True,0.9066666666666666,fin,744.0,fin,80-100,0,0,0,0
s09-r2-burst_trial-0.4,9,2,burst_trial-0.4,burst_trial,0.4,22,354.6239999999998,2,600,1,2.0,1,2,1,1.0,1,2,1,pérdida contigua en ensayo,True,1,1,0,0.0,0,1,1,1.0,400,226,44,True,0.37666666666666665,medio,426.0,medio,20-40,0,0,1,0
s09-r2-burst_trial-0.4,9,2,burst_trial-0.4,burst_trial,0.4,23,379.0279999999984,1,600,1,1.0,1,1,1,1.0,1,1,1,pérdida contigua en ensayo,True,1,1,0,0.0,1,1,0,0.0,400,86,47,True,0.14333333333333334,inicio,286.0,inicio,0-20,0,0,0,0
s09-r3-burst_trial-0.1,9,3,burst_trial-0.1,burst_trial,0.1,0,1.0,2,900,1,1.0,1,1,1,1.0,1,1,1,pérdida contigua en ensayo,True,0,0,0,0.0,0,0,0,0.0,100,627,0,True,0.6966666666666667,fin,677.0,fin,60-80,0,0,0,0
s09-r3-burst_trial-0.1,9,3,burst_trial-0.1,burst_trial,0.1,1,16.684000000001106,1,900,1,1.0,1,1,1,1.0,1,1,1,pérdida contigua en ensayo,True,1,1,0,0.0,1,1,0,0.0,100,209,2,True,0.23222222222222222,inicio,259.0,inicio,20-40,0,0,0,0
s09-r3-burst_trial-0.1,9,3,burst_trial-0.1,burst_trial,0.1,2,48.6359999999986,1,900,1,1.0,1,1,1,1.0,1,1,1,pérdida contigua en ensayo,True,1,1,0,0.0,1,1,0,0.0,100,628,6,True,0.6977777777777778,fin,678.0,fin,60-80,0,0,0,0
s09-r3-burst_trial-0.1,9,3,burst_trial-0.1,burst_trial,0.1,3,56.83599999999933,1,900,1,1.0,1,1,1,1.0,1,1,1,pérdida contigua en ensayo,True,1,1,0,0.0,1,1,0,0.0,100,53,7,True,0.058888888888888886,inicio,103.0,inicio,0-20,0,0,0,0
s09-r3-burst_trial-0.1,9,3,burst_trial-0.1,burst_trial,0.1,4,72.55199999999968,2,900,1,2.0,1,2,1,2.0,1,2,1,pérdida contigua en ensayo,True,1,1,0,0.0,1,1,0,0.0,100,260,9,True,0.28888888888888886,inicio,310.0,inicio,20-40,0,0,0,0
s09-r3-burst_trial-0.1,9,3,burst_trial-0.1,burst_trial,0.1,5,103.41999999999824,2,900,1,1.0,1,1,1,2.0,1,2,1,pérdida contigua en ensayo,True,0,0,0,0.0,1,1,0,0.0,100,821,13,True,0.9122222222222223,fin,871.0,fin,80-100,0,0,0,0
s09-r3-burst_trial-0.1,9,3,burst_trial-0.1,burst_trial,0.1,6,111.28800000000048,1,900,1,1.0,1,1,1,1.0,1,1,1,pérdida contigua en ensayo,True,1,1,0,0.0,1,1,0,0.0,100,49,14,True,0.05444444444444444,inicio,99.0,inicio,0-20,0,0,0,0
s09-r3-burst_trial-0.1,9,3,burst_trial-0.1,burst_trial,0.1,7,127.79999999999929,2,900,1,2.0,1,1,1,1.0,1,2,1,pérdida contigua en ensayo,True,1,0,1,1.0,0,1,1,1.0,100,187,16,True,0.20777777777777778,inicio,237.0,inicio,20-40,0,1,1,0
s09-r3-burst_trial-0.1,9,3,burst_trial-0.1,burst_trial,0.1,8,144.20799999999872,1,900,1,1.0,1,1,1,2.0,1,2,1,pérdida contigua en ensayo,True,1,1,0,0.0,0,0,0,0.0,100,670,18,True,0.7444444444444445,fin,720.0,fin,60-80,0,0,0,0
s09-r3-burst_trial-0.1,9,3,burst_trial-0.1,burst_trial,0.1,9,169.07200000000012,2,900,1,2.0,1,2,1,2.0,1,2,1,pérdida contigua en ensayo,True,1,1,0,0.0,1,1,0,0.0,100,578,21,True,0.6422222222222222,medio,628.0,medio,60-80,0,0,0,0
s09-r3-burst_trial-0.1,9,3,burst_trial-0.1,burst_trial,0.1,10,192.65599999999904,1,900,1,1.0,1,1,1,1.0,1,1,1,pérdida contigua en ensayo,True,1,1,0,0.0,1,1,0,0.0,100,825,24,True,0.9166666666666666,fin,875.0,fin,80-100,0,0,0,0
s09-r3-burst_trial-0.1,9,3,burst_trial-0.1,burst_trial,0.1,11,200.5,2,900,1,2.0,1,2,1,2.0,1,2,1,pérdida contigua en ensayo,True,1,1,0,0.0,1,1,0,0.0,100,824,25,True,0.9155555555555556,fin,874.0,fin,80-100,0,0,0,0
s09-r3-burst_trial-0.1,9,3,burst_trial-0.1,burst_trial,0.1,12,208.91600000000108,2,900,1,2.0,1,2,1,2.0,1,2,1,pérdida contigua en ensayo,True,1,1,0,0.0,1,1,0,0.0,100,542,26,True,0.6022222222222222,medio,592.0,medio,60-80,0,0,0,0
s09-r3-burst_trial-0.1,9,3,burst_trial-0.1,burst_trial,0.1,13,232.9360000000015,2,900,1,2.0,1,2,1,2.0,1,2,1,pérdida contigua en ensayo,True,1,1,0,0.0,1,1,0,0.0,100,460,29,True,0.5111111111111111,medio,510.0,medio,40-60,0,0,0,0
s09-r3-burst_trial-0.1,9,3,burst_trial-0.1,burst_trial,0.1,14,241.2200000000012,1,900,1,1.0,1,1,1,1.0,1,1,1,pérdida contigua en ensayo,True,1,1,0,0.0,1,1,0,0.0,100,157,30,True,0.17444444444444446,inicio,207.0,inicio,0-20,0,0,0,0
s09-r3-burst_trial-0.1,9,3,burst_trial-0.1,burst_trial,0.1,15,249.64800000000105,1,900,1,2.0,1,1,1,1.0,1,1,1,pérdida contigua en ensayo,True,0,1,1,1.0,1,1,0,0.0,100,236,31,True,0.26222222222222225,inicio,286.0,inicio,20-40,1,0,0,0
s09-r3-burst_trial-0.1,9,3,burst_trial-0.1,burst_trial,0.1,16,266.380000000001,2,900,1,2.0,1,2,1,2.0,1,2,1,pérdida contigua en ensayo,True,1,1,0,0.0,1,1,0,0.0,100,377,33,True,0.41888888888888887,medio,427.0,medio,40-60,0,0,0,0
s09-r3-burst_trial-0.1,9,3,burst_trial-0.1,burst_trial,0.1,17,274.5519999999997,1,900,1,1.0,1,1,1,1.0,1,2,1,pérdida contigua en ensayo,True,1,1,0,0.0,1,0,1,1.0,100,447,34,True,0.49666666666666665,medio,497.0,medio,40-60,0,0,0,1
s09-r3-burst_trial-0.1,9,3,burst_trial-0.1,burst_trial,0.1,18,290.887999999999,2,900,1,2.0,1,2,1,2.0,1,2,1,pérdida contigua en ensayo,True,1,1,0,0.0,1,1,0,0.0,100,690,36,True,0.7666666666666667,fin,740.0,fin,60-80,0,0,0,0
s09-r3-burst_trial-0.1,9,3,burst_trial-0.1,burst_trial,0.1,19,298.77600000000166,2,900,1,2.0,1,2,1,2.0,1,2,1,pérdida contigua en ensayo,True,1,1,0,0.0,1,1,0,0.0,100,670,37,True,0.7444444444444445,fin,720.0,fin,60-80,0,0,0,0
s09-r3-burst_trial-0.1,9,3,burst_trial-0.1,burst_trial,0.1,20,314.32800000000134,1,900,1,1.0,1,1,1,1.0,1,1,1,pérdida contigua en ensayo,True,1,1,0,0.0,1,1,0,0.0,100,496,39,True,0.5511111111111111,medio,546.0,medio,40-60,0,0,0,0
s09-r3-burst_trial-0.1,9,3,burst_trial-0.1,burst_trial,0.1,21,362.3359999999993,1,900,1,1.0,1,1,1,1.0,1,1,1,pérdida contigua en ensayo,True,1,1,0,0.0,1,1,0,0.0,100,646,45,True,0.7177777777777777,fin,696.0,fin,60-80,0,0,0,0
s09-r3-burst_trial-0.1,9,3,burst_trial-0.1,burst_trial,0.1,22,370.7920000000013,2,900,1,2.0,1,2,1,2.0,1,2,1,pérdida contigua en ensayo,True,1,1,0,0.0,1,1,0,0.0,100,209,46,True,0.23222222222222222,inicio,259.0,inicio,20-40,0,0,0,0
s09-r3-burst_trial-0.1,9,3,burst_trial-0.1,burst_trial,0.1,23,379.0279999999984,1,900,1,1.0,1,1,1,1.0,1,1,1,pérdida contigua en ensayo,True,1,1,0,0.0,1,1,0,0.0,100,645,47,True,0.7166666666666667,fin,695.0,fin,60-80,0,0,0,0
s09-r3-burst_trial-0.25,9,3,burst_trial-0.25,burst_trial,0.25,0,1.0,2,750,1,1.0,1,1,1,2.0,1,1,1,pérdida contigua en ensayo,True,0,0,0,0.0,1,0,1,1.0,250,671,0,True,0.8946666666666667,fin,796.0,fin,80-100,0,0,0,1
s09-r3-burst_trial-0.25,9,3,burst_trial-0.25,burst_trial,0.25,1,16.684000000001106,1,750,1,1.0,1,1,1,2.0,1,1,1,pérdida contigua en ensayo,True,1,1,0,0.0,0,1,1,1.0,250,9,2,True,0.012,inicio,134.0,inicio,0-20,0,0,1,0
s09-r3-burst_trial-0.25,9,3,burst_trial-0.25,burst_trial,0.25,2,48.6359999999986,1,750,1,1.0,1,1,1,1.0,1,1,1,pérdida contigua en ensayo,True,1,1,0,0.0,1,1,0,0.0,250,238,6,True,0.31733333333333336,inicio,363.0,medio,20-40,0,0,0,0
s09-r3-burst_trial-0.25,9,3,burst_trial-0.25,burst_trial,0.25,3,56.83599999999933,1,750,1,1.0,1,1,1,1.0,1,1,1,pérdida contigua en ensayo,True,1,1,0,0.0,1,1,0,0.0,250,157,7,True,0.20933333333333334,inicio,282.0,inicio,20-40,0,0,0,0
s09-r3-burst_trial-0.25,9,3,burst_trial-0.25,burst_trial,0.25,4,72.55199999999968,2,750,1,2.0,1,2,1,2.0,1,2,1,pérdida contigua en ensayo,True,1,1,0,0.0,1,1,0,0.0,250,583,9,True,0.7773333333333333,fin,708.0,fin,60-80,0,0,0,0
s09-r3-burst_trial-0.25,9,3,burst_trial-0.25,burst_trial,0.25,5,103.41999999999824,2,750,1,1.0,1,1,1,2.0,1,2,1,pérdida contigua en ensayo,True,0,0,0,0.0,1,1,0,0.0,250,692,13,True,0.9226666666666666,fin,817.0,fin,80-100,0,0,0,0
s09-r3-burst_trial-0.25,9,3,burst_trial-0.25,burst_trial,0.25,6,111.28800000000048,1,750,1,1.0,1,1,1,1.0,1,1,1,pérdida contigua en ensayo,True,1,1,0,0.0,1,1,0,0.0,250,725,14,True,0.9666666666666667,fin,850.0,fin,80-100,0,0,0,0
s09-r3-burst_trial-0.25,9,3,burst_trial-0.25,burst_trial,0.25,7,127.79999999999929,2,750,1,2.0,1,1,1,1.0,1,2,1,pérdida contigua en ensayo,True,1,0,1,1.0,0,1,1,1.0,250,218,16,True,0.2906666666666667,inicio,343.0,medio,20-40,0,1,1,0
s09-r3-burst_trial-0.25,9,3,burst_trial-0.25,burst_trial,0.25,8,144.20799999999872,1,750,1,1.0,1,1,1,2.0,1,2,1,pérdida contigua en ensayo,True,1,1,0,0.0,0,0,0,0.0,250,689,18,True,0.9186666666666666,fin,814.0,fin,80-100,0,0,0,0
s09-r3-burst_trial-0.25,9,3,burst_trial-0.25,burst_trial,0.25,9,169.07200000000012,2,750,1,2.0,1,2,1,2.0,1,2,1,pérdida contigua en ensayo,True,1,1,0,0.0,1,1,0,0.0,250,410,21,True,0.5466666666666666,medio,535.0,medio,40-60,0,0,0,0
s09-r3-burst_trial-0.25,9,3,burst_trial-0.25,burst_trial,0.25,10,192.65599999999904,1,750,1,1.0,1,1,1,1.0,1,1,1,pérdida contigua en ensayo,True,1,1,0,0.0,1,1,0,0.0,250,3,24,True,0.004,inicio,128.0,inicio,0-20,0,0,0,0
s09-r3-burst_trial-0.25,9,3,burst_trial-0.25,burst_trial,0.25,11,200.5,2,750,1,1.0,1,2,1,2.0,1,2,1,pérdida contigua en ensayo,True,0,1,1,1.0,1,1,0,0.0,250,255,25,True,0.34,medio,380.0,medio,20-40,1,0,0,0
s09-r3-burst_trial-0.25,9,3,burst_trial-0.25,burst_trial,0.25,12,208.91600000000108,2,750,1,2.0,1,2,1,2.0,1,2,1,pérdida contigua en ensayo,True,1,1,0,0.0,1,1,0,0.0,250,535,26,True,0.7133333333333334,fin,660.0,medio,60-80,0,0,0,0
s09-r3-burst_trial-0.25,9,3,burst_trial-0.25,burst_trial,0.25,13,232.9360000000015,2,750,1,2.0,1,2,1,2.0,1,2,1,pérdida contigua en ensayo,True,1,1,0,0.0,1,1,0,0.0,250,185,29,True,0.24666666666666667,inicio,310.0,inicio,20-40,0,0,0,0
s09-r3-burst_trial-0.25,9,3,burst_trial-0.25,burst_trial,0.25,14,241.2200000000012,1,750,1,1.0,1,1,1,1.0,1,1,1,pérdida contigua en ensayo,True,1,1,0,0.0,1,1,0,0.0,250,434,30,True,0.5786666666666667,medio,559.0,medio,40-60,0,0,0,0
s09-r3-burst_trial-0.25,9,3,burst_trial-0.25,burst_trial,0.25,15,249.64800000000105,1,750,1,1.0,1,1,1,1.0,1,1,1,pérdida contigua en ensayo,True,1,1,0,0.0,1,1,0,0.0,250,561,31,True,0.748,fin,686.0,fin,60-80,0,0,0,0
s09-r3-burst_trial-0.25,9,3,burst_trial-0.25,burst_trial,0.25,16,266.380000000001,2,750,1,2.0,1,2,1,2.0,1,2,1,pérdida contigua en ensayo,True,1,1,0,0.0,1,1,0,0.0,250,661,33,True,0.8813333333333333,fin,786.0,fin,80-100,0,0,0,0
s09-r3-burst_trial-0.25,9,3,burst_trial-0.25,burst_trial,0.25,17,274.5519999999997,1,750,1,1.0,1,1,1,1.0,1,2,1,pérdida contigua en ensayo,True,1,1,0,0.0,1,0,1,1.0,250,208,34,True,0.2773333333333333,inicio,333.0,inicio,20-40,0,0,0,1
s09-r3-burst_trial-0.25,9,3,burst_trial-0.25,burst_trial,0.25,18,290.887999999999,2,750,1,2.0,1,2,1,2.0,1,2,1,pérdida contigua en ensayo,True,1,1,0,0.0,1,1,0,0.0,250,5,36,True,0.006666666666666667,inicio,130.0,inicio,0-20,0,0,0,0
s09-r3-burst_trial-0.25,9,3,burst_trial-0.25,burst_trial,0.25,19,298.77600000000166,2,750,1,2.0,1,2,1,2.0,1,2,1,pérdida contigua en ensayo,True,1,1,0,0.0,1,1,0,0.0,250,330,37,True,0.44,medio,455.0,medio,40-60,0,0,0,0
s09-r3-burst_trial-0.25,9,3,burst_trial-0.25,burst_trial,0.25,20,314.32800000000134,1,750,1,1.0,1,1,1,1.0,1,1,1,pérdida contigua en ensayo,True,1,1,0,0.0,1,1,0,0.0,250,499,39,True,0.6653333333333333,medio,624.0,medio,60-80,0,0,0,0
s09-r3-burst_trial-0.25,9,3,burst_trial-0.25,burst_trial,0.25,21,362.3359999999993,1,750,1,1.0,1,1,1,1.0,1,1,1,pérdida contigua en ensayo,True,1,1,0,0.0,1,1,0,0.0,250,496,45,True,0.6613333333333333,medio,621.0,medio,60-80,0,0,0,0
s09-r3-burst_trial-0.25,9,3,burst_trial-0.25,burst_trial,0.25,22,370.7920000000013,2,750,1,2.0,1,2,1,2.0,1,2,1,pérdida contigua en ensayo,True,1,1,0,0.0,1,1,0,0.0,250,485,46,True,0.6466666666666666,medio,610.0,medio,60-80,0,0,0,0
s09-r3-burst_trial-0.25,9,3,burst_trial-0.25,burst_trial,0.25,23,379.0279999999984,1,750,1,1.0,1,1,1,1.0,1,1,1,pérdida contigua en ensayo,True,1,1,0,0.0,1,1,0,0.0,250,529,47,True,0.7053333333333334,fin,654.0,medio,60-80,0,0,0,0
s09-r3-burst_trial-0.4,9,3,burst_trial-0.4,burst_trial,0.4,0,1.0,2,600,1,1.0,1,1,1,2.0,1,1,1,pérdida contigua en ensayo,True,0,0,0,0.0,1,0,1,1.0,400,573,0,True,0.955,fin,773.0,fin,80-100,0,0,0,1
s09-r3-burst_trial-0.4,9,3,burst_trial-0.4,burst_trial,0.4,1,16.684000000001106,1,600,1,1.0,1,1,1,1.0,1,1,1,pérdida contigua en ensayo,True,1,1,0,0.0,1,1,0,0.0,400,316,2,True,0.5266666666666666,medio,516.0,medio,40-60,0,0,0,0
s09-r3-burst_trial-0.4,9,3,burst_trial-0.4,burst_trial,0.4,2,48.6359999999986,1,600,1,1.0,1,1,1,1.0,1,1,1,pérdida contigua en ensayo,True,1,1,0,0.0,1,1,0,0.0,400,98,6,True,0.16333333333333333,inicio,298.0,inicio,0-20,0,0,0,0
s09-r3-burst_trial-0.4,9,3,burst_trial-0.4,burst_trial,0.4,3,56.83599999999933,1,600,1,1.0,1,1,1,1.0,1,1,1,pérdida contigua en ensayo,True,1,1,0,0.0,1,1,0,0.0,400,244,7,True,0.4066666666666667,medio,444.0,medio,40-60,0,0,0,0
s09-r3-burst_trial-0.4,9,3,burst_trial-0.4,burst_trial,0.4,4,72.55199999999968,2,600,1,2.0,1,2,1,2.0,1,2,1,pérdida contigua en ensayo,True,1,1,0,0.0,1,1,0,0.0,400,527,9,True,0.8783333333333333,fin,727.0,fin,80-100,0,0,0,0
s09-r3-burst_trial-0.4,9,3,burst_trial-0.4,burst_trial,0.4,5,103.41999999999824,2,600,1,1.0,1,1,1,1.0,1,2,1,pérdida contigua en ensayo,True,0,0,0,0.0,0,1,1,1.0,400,300,13,True,0.5,medio,500.0,medio,40-60,0,0,1,0
s09-r3-burst_trial-0.4,9,3,burst_trial-0.4,burst_trial,0.4,6,111.28800000000048,1,600,1,1.0,1,1,1,1.0,1,1,1,pérdida contigua en ensayo,True,1,1,0,0.0,1,1,0,0.0,400,197,14,True,0.3283333333333333,inicio,397.0,medio,20-40,0,0,0,0
s09-r3-burst_trial-0.4,9,3,burst_trial-0.4,burst_trial,0.4,7,127.79999999999929,2,600,1,1.0,1,1,1,2.0,1,2,1,pérdida contigua en ensayo,True,0,0,0,0.0,1,1,0,0.0,400,513,16,True,0.855,fin,713.0,fin,80-100,0,0,0,0
s09-r3-burst_trial-0.4,9,3,burst_trial-0.4,burst_trial,0.4,8,144.20799999999872,1,600,1,1.0,1,1,1,2.0,1,2,1,pérdida contigua en ensayo,True,1,1,0,0.0,0,0,0,0.0,400,584,18,True,0.9733333333333334,fin,784.0,fin,80-100,0,0,0,0
s09-r3-burst_trial-0.4,9,3,burst_trial-0.4,burst_trial,0.4,9,169.07200000000012,2,600,1,2.0,1,2,1,2.0,1,2,1,pérdida contigua en ensayo,True,1,1,0,0.0,1,1,0,0.0,400,562,21,True,0.9366666666666666,fin,762.0,fin,80-100,0,0,0,0
s09-r3-burst_trial-0.4,9,3,burst_trial-0.4,burst_trial,0.4,10,192.65599999999904,1,600,1,1.0,1,1,1,1.0,1,1,1,pérdida contigua en ensayo,True,1,1,0,0.0,1,1,0,0.0,400,600,24,True,1.0,fin,800.0,fin,80-100,0,0,0,0
s09-r3-burst_trial-0.4,9,3,burst_trial-0.4,burst_trial,0.4,11,200.5,2,600,1,2.0,1,2,1,2.0,1,2,1,pérdida contigua en ensayo,True,1,1,0,0.0,1,1,0,0.0,400,180,25,True,0.3,inicio,380.0,medio,20-40,0,0,0,0
s09-r3-burst_trial-0.4,9,3,burst_trial-0.4,burst_trial,0.4,12,208.91600000000108,2,600,1,2.0,1,2,1,2.0,1,2,1,pérdida contigua en ensayo,True,1,1,0,0.0,1,1,0,0.0,400,541,26,True,0.9016666666666666,fin,741.0,fin,80-100,0,0,0,0
s09-r3-burst_trial-0.4,9,3,burst_trial-0.4,burst_trial,0.4,13,232.9360000000015,2,600,1,1.0,1,2,1,1.0,1,2,1,pérdida contigua en ensayo,True,0,1,1,1.0,0,1,1,1.0,400,146,29,True,0.24333333333333335,inicio,346.0,medio,20-40,1,0,1,0
s09-r3-burst_trial-0.4,9,3,burst_trial-0.4,burst_trial,0.4,14,241.2200000000012,1,600,1,1.0,1,1,1,1.0,1,1,1,pérdida contigua en ensayo,True,1,1,0,0.0,1,1,0,0.0,400,553,30,True,0.9216666666666666,fin,753.0,fin,80-100,0,0,0,0
s09-r3-burst_trial-0.4,9,3,burst_trial-0.4,burst_trial,0.4,15,249.64800000000105,1,600,1,2.0,1,1,1,1.0,1,1,1,pérdida contigua en ensayo,True,0,1,1,1.0,1,1,0,0.0,400,164,31,True,0.2733333333333333,inicio,364.0,medio,20-40,1,0,0,0
s09-r3-burst_trial-0.4,9,3,burst_trial-0.4,burst_trial,0.4,16,266.380000000001,2,600,1,2.0,1,2,1,2.0,1,2,1,pérdida contigua en ensayo,True,1,1,0,0.0,1,1,0,0.0,400,533,33,True,0.8883333333333333,fin,733.0,fin,80-100,0,0,0,0
s09-r3-burst_trial-0.4,9,3,burst_trial-0.4,burst_trial,0.4,17,274.5519999999997,1,600,1,1.0,1,1,1,1.0,1,2,1,pérdida contigua en ensayo,True,1,1,0,0.0,1,0,1,1.0,400,286,34,True,0.4766666666666667,medio,486.0,medio,40-60,0,0,0,1
s09-r3-burst_trial-0.4,9,3,burst_trial-0.4,burst_trial,0.4,18,290.887999999999,2,600,1,2.0,1,2,1,2.0,1,2,1,pérdida contigua en ensayo,True,1,1,0,0.0,1,1,0,0.0,400,595,36,True,0.9916666666666667,fin,795.0,fin,80-100,0,0,0,0
s09-r3-burst_trial-0.4,9,3,burst_trial-0.4,burst_trial,0.4,19,298.77600000000166,2,600,1,2.0,1,2,1,1.0,1,2,1,pérdida contigua en ensayo,True,1,1,0,0.0,0,1,1,1.0,400,156,37,True,0.26,inicio,356.0,medio,20-40,0,0,1,0
s09-r3-burst_trial-0.4,9,3,burst_trial-0.4,burst_trial,0.4,20,314.32800000000134,1,600,1,1.0,1,1,1,1.0,1,1,1,pérdida contigua en ensayo,True,1,1,0,0.0,1,1,0,0.0,400,295,39,True,0.49166666666666664,medio,495.0,medio,40-60,0,0,0,0
s09-r3-burst_trial-0.4,9,3,burst_trial-0.4,burst_trial,0.4,21,362.3359999999993,1,600,1,1.0,1,1,1,2.0,1,1,1,pérdida contigua en ensayo,True,1,1,0,0.0,0,1,1,1.0,400,58,45,True,0.09666666666666666,inicio,258.0,inicio,0-20,0,0,1,0
s09-r3-burst_trial-0.4,9,3,burst_trial-0.4,burst_trial,0.4,22,370.7920000000013,2,600,1,2.0,1,2,1,2.0,1,2,1,pérdida contigua en ensayo,True,1,1,0,0.0,1,1,0,0.0,400,109,46,True,0.18166666666666667,inicio,309.0,inicio,0-20,0,0,0,0
s09-r3-burst_trial-0.4,9,3,burst_trial-0.4,burst_trial,0.4,23,379.0279999999984,1,600,1,2.0,1,1,1,1.0,1,1,1,pérdida contigua en ensayo,True,0,1,1,1.0,1,1,0,0.0,400,191,47,True,0.31833333333333336,inicio,391.0,medio,20-40,1,0,0,0
s09-r4-burst_trial-0.1,9,4,burst_trial-0.1,burst_trial,0.1,0,1.0,2,900,1,2.0,1,2,1,2.0,1,2,1,pérdida contigua en ensayo,True,1,1,0,0.0,1,1,0,0.0,100,204,0,True,0.22666666666666666,inicio,254.0,inicio,20-40,0,0,0,0
s09-r4-burst_trial-0.1,9,4,burst_trial-0.1,burst_trial,0.1,1,9.011999999998809,1,900,1,1.0,1,1,1,1.0,1,1,1,pérdida contigua en ensayo,True,1,1,0,0.0,1,1,0,0.0,100,288,1,True,0.32,inicio,338.0,medio,20-40,0,0,0,0
s09-r4-burst_trial-0.1,9,4,burst_trial-0.1,burst_trial,0.1,2,16.684000000001106,1,900,1,1.0,1,1,1,1.0,1,1,1,pérdida contigua en ensayo,True,1,1,0,0.0,1,1,0,0.0,100,114,2,True,0.12666666666666668,inicio,164.0,inicio,0-20,0,0,0,0
s09-r4-burst_trial-0.1,9,4,burst_trial-0.1,burst_trial,0.1,3,40.96800000000076,2,900,1,2.0,1,2,1,1.0,1,1,1,pérdida contigua en ensayo,True,1,1,0,0.0,0,0,0,0.0,100,576,5,True,0.64,medio,626.0,medio,60-80,0,0,0,0
s09-r4-burst_trial-0.1,9,4,burst_trial-0.1,burst_trial,0.1,4,64.56000000000131,1,900,1,2.0,1,2,1,1.0,1,1,1,pérdida contigua en ensayo,True,0,0,0,0.0,1,1,0,0.0,100,828,8,True,0.92,fin,878.0,fin,80-100,0,0,0,0
s09-r4-burst_trial-0.1,9,4,burst_trial-0.1,burst_trial,0.1,5,80.17599999999948,1,900,1,1.0,1,1,1,1.0,1,1,1,pérdida contigua en ensayo,True,1,1,0,0.0,1,1,0,0.0,100,33,10,True,0.03666666666666667,inicio,83.0,inicio,0-20,0,0,0,0
s09-r4-burst_trial-0.1,9,4,burst_trial-0.1,burst_trial,0.1,6,87.75600000000122,1,900,1,2.0,1,1,1,1.0,1,1,1,pérdida contigua en ensayo,True,0,1,1,1.0,1,1,0,0.0,100,387,11,True,0.43,medio,437.0,medio,40-60,1,0,0,0
s09-r4-burst_trial-0.1,9,4,burst_trial-0.1,burst_trial,0.1,7,95.64400000000025,2,900,1,2.0,1,2,1,2.0,1,2,1,pérdida contigua en ensayo,True,1,1,0,0.0,1,1,0,0.0,100,875,12,True,0.9722222222222222,fin,925.0,fin,80-100,0,0,0,0
s09-r4-burst_trial-0.1,9,4,burst_trial-0.1,burst_trial,0.1,8,119.76800000000004,2,900,1,2.0,1,2,1,2.0,1,2,1,pérdida contigua en ensayo,True,1,1,0,0.0,1,1,0,0.0,100,484,15,True,0.5377777777777778,medio,534.0,medio,40-60,0,0,0,0
s09-r4-burst_trial-0.1,9,4,burst_trial-0.1,burst_trial,0.1,9,169.07200000000012,2,900,1,2.0,1,2,1,2.0,1,2,1,pérdida contigua en ensayo,True,1,1,0,0.0,1,1,0,0.0,100,580,21,True,0.6444444444444445,medio,630.0,medio,60-80,0,0,0,0
s09-r4-burst_trial-0.1,9,4,burst_trial-0.1,burst_trial,0.1,10,176.72000000000116,2,900,1,2.0,1,2,1,2.0,1,2,1,pérdida contigua en ensayo,True,1,1,0,0.0,1,1,0,0.0,100,338,22,True,0.37555555555555553,medio,388.0,medio,20-40,0,0,0,0
s09-r4-burst_trial-0.1,9,4,burst_trial-0.1,burst_trial,0.1,11,192.65599999999904,1,900,1,1.0,1,1,1,1.0,1,1,1,pérdida contigua en ensayo,True,1,1,0,0.0,1,1,0,0.0,100,362,24,True,0.4022222222222222,medio,412.0,medio,40-60,0,0,0,0
s09-r4-burst_trial-0.1,9,4,burst_trial-0.1,burst_trial,0.1,12,200.5,2,900,1,2.0,1,2,1,2.0,1,2,1,pérdida contigua en ensayo,True,1,1,0,0.0,1,1,0,0.0,100,257,25,True,0.28555555555555556,inicio,307.0,inicio,20-40,0,0,0,0
s09-r4-burst_trial-0.1,9,4,burst_trial-0.1,burst_trial,0.1,13,208.91600000000108,2,900,1,2.0,1,2,1,2.0,1,2,1,pérdida contigua en ensayo,True,1,1,0,0.0,1,1,0,0.0,100,501,26,True,0.5566666666666666,medio,551.0,medio,40-60,0,0,0,0
s09-r4-burst_trial-0.1,9,4,burst_trial-0.1,burst_trial,0.1,14,216.9320000000007,2,900,1,2.0,1,2,1,2.0,1,2,1,pérdida contigua en ensayo,True,1,1,0,0.0,1,1,0,0.0,100,661,27,True,0.7344444444444445,fin,711.0,fin,60-80,0,0,0,0
s09-r4-burst_trial-0.1,9,4,burst_trial-0.1,burst_trial,0.1,15,241.2200000000012,1,900,1,1.0,1,1,1,1.0,1,1,1,pérdida contigua en ensayo,True,1,1,0,0.0,1,1,0,0.0,100,497,30,True,0.5522222222222222,medio,547.0,medio,40-60,0,0,0,0
s09-r4-burst_trial-0.1,9,4,burst_trial-0.1,burst_trial,0.1,16,258.0159999999996,1,900,1,1.0,1,1,1,1.0,1,1,1,pérdida contigua en ensayo,True,1,1,0,0.0,1,1,0,0.0,100,180,32,True,0.2,inicio,230.0,inicio,0-20,0,0,0,0
s09-r4-burst_trial-0.1,9,4,burst_trial-0.1,burst_trial,0.1,17,274.5519999999997,1,900,1,1.0,1,1,1,2.0,1,2,1,pérdida contigua en ensayo,True,1,1,0,0.0,0,0,0,0.0,100,649,34,True,0.7211111111111111,fin,699.0,fin,60-80,0,0,0,0
s09-r4-burst_trial-0.1,9,4,burst_trial-0.1,burst_trial,0.1,18,290.887999999999,1,900,1,1.0,1,2,1,1.0,1,1,1,pérdida contigua en ensayo,True,1,0,1,1.0,1,1,0,0.0,100,754,36,True,0.8377777777777777,fin,804.0,fin,80-100,0,1,0,0
s09-r4-burst_trial-0.1,9,4,burst_trial-0.1,burst_trial,0.1,19,306.6280000000006,1,900,1,1.0,1,1,1,2.0,1,2,1,pérdida contigua en ensayo,True,1,1,0,0.0,0,0,0,0.0,100,755,38,True,0.8388888888888889,fin,805.0,fin,80-100,0,0,0,0
s09-r4-burst_trial-0.1,9,4,burst_trial-0.1,burst_trial,0.1,20,314.32800000000134,2,900,1,2.0,1,2,1,2.0,1,2,1,pérdida contigua en ensayo,True,1,1,0,0.0,1,1,0,0.0,100,594,39,True,0.66,medio,644.0,medio,60-80,0,0,0,0
s09-r4-burst_trial-0.1,9,4,burst_trial-0.1,burst_trial,0.1,21,347.0,1,900,1,1.0,1,1,1,2.0,1,2,1,pérdida contigua en ensayo,True,1,1,0,0.0,0,0,0,0.0,100,843,43,True,0.9366666666666666,fin,893.0,fin,80-100,0,0,0,0
s09-r4-burst_trial-0.1,9,4,burst_trial-0.1,burst_trial,0.1,22,354.6239999999998,2,900,1,2.0,1,2,1,2.0,1,2,1,pérdida contigua en ensayo,True,1,1,0,0.0,1,1,0,0.0,100,105,44,True,0.11666666666666667,inicio,155.0,inicio,0-20,0,0,0,0
s09-r4-burst_trial-0.1,9,4,burst_trial-0.1,burst_trial,0.1,23,370.7920000000013,2,900,1,2.0,1,2,1,2.0,1,2,1,pérdida contigua en ensayo,True,1,1,0,0.0,1,1,0,0.0,100,705,46,True,0.7833333333333333,fin,755.0,fin,60-80,0,0,0,0
s09-r4-burst_trial-0.25,9,4,burst_trial-0.25,burst_trial,0.25,0,1.0,2,750,1,2.0,1,2,1,2.0,1,2,1,pérdida contigua en ensayo,True,1,1,0,0.0,1,1,0,0.0,250,676,0,True,0.9013333333333333,fin,801.0,fin,80-100,0,0,0,0
s09-r4-burst_trial-0.25,9,4,burst_trial-0.25,burst_trial,0.25,1,9.011999999998809,1,750,1,1.0,1,1,1,1.0,1,1,1,pérdida contigua en ensayo,True,1,1,0,0.0,1,1,0,0.0,250,411,1,True,0.548,medio,536.0,medio,40-60,0,0,0,0
s09-r4-burst_trial-0.25,9,4,burst_trial-0.25,burst_trial,0.25,2,16.684000000001106,1,750,1,1.0,1,1,1,1.0,1,1,1,pérdida contigua en ensayo,True,1,1,0,0.0,1,1,0,0.0,250,167,2,True,0.22266666666666668,inicio,292.0,inicio,20-40,0,0,0,0
s09-r4-burst_trial-0.25,9,4,burst_trial-0.25,burst_trial,0.25,3,40.96800000000076,2,750,1,2.0,1,2,1,1.0,1,1,1,pérdida contigua en ensayo,True,1,1,0,0.0,0,0,0,0.0,250,650,5,True,0.8666666666666667,fin,775.0,fin,80-100,0,0,0,0
s09-r4-burst_trial-0.25,9,4,burst_trial-0.25,burst_trial,0.25,4,64.56000000000131,1,750,1,2.0,1,2,1,1.0,1,1,1,pérdida contigua en ensayo,True,0,0,0,0.0,1,1,0,0.0,250,370,8,True,0.49333333333333335,medio,495.0,medio,40-60,0,0,0,0
s09-r4-burst_trial-0.25,9,4,burst_trial-0.25,burst_trial,0.25,5,80.17599999999948,1,750,1,1.0,1,1,1,1.0,1,1,1,pérdida contigua en ensayo,True,1,1,0,0.0,1,1,0,0.0,250,304,10,True,0.4053333333333333,medio,429.0,medio,40-60,0,0,0,0
s09-r4-burst_trial-0.25,9,4,burst_trial-0.25,burst_trial,0.25,6,87.75600000000122,1,750,1,1.0,1,1,1,1.0,1,1,1,pérdida contigua en ensayo,True,1,1,0,0.0,1,1,0,0.0,250,141,11,True,0.188,inicio,266.0,inicio,0-20,0,0,0,0
s09-r4-burst_trial-0.25,9,4,burst_trial-0.25,burst_trial,0.25,7,95.64400000000025,2,750,1,2.0,1,2,1,1.0,1,2,1,pérdida contigua en ensayo,True,1,1,0,0.0,0,1,1,1.0,250,194,12,True,0.25866666666666666,inicio,319.0,inicio,20-40,0,0,1,0
s09-r4-burst_trial-0.25,9,4,burst_trial-0.25,burst_trial,0.25,8,119.76800000000004,2,750,1,2.0,1,2,1,2.0,1,2,1,pérdida contigua en ensayo,True,1,1,0,0.0,1,1,0,0.0,250,78,15,True,0.104,inicio,203.0,inicio,0-20,0,0,0,0
s09-r4-burst_trial-0.25,9,4,burst_trial-0.25,burst_trial,0.25,9,169.07200000000012,2,750,1,2.0,1,2,1,2.0,1,2,1,pérdida contigua en ensayo,True,1,1,0,0.0,1,1,0,0.0,250,95,21,True,0.12666666666666668,inicio,220.0,inicio,0-20,0,0,0,0
s09-r4-burst_trial-0.25,9,4,burst_trial-0.25,burst_trial,0.25,10,176.72000000000116,2,750,1,2.0,1,2,1,2.0,1,2,1,pérdida contigua en ensayo,True,1,1,0,0.0,1,1,0,0.0,250,2,22,True,0.0026666666666666666,inicio,127.0,inicio,0-20,0,0,0,0
s09-r4-burst_trial-0.25,9,4,burst_trial-0.25,burst_trial,0.25,11,192.65599999999904,1,750,1,1.0,1,1,1,1.0,1,1,1,pérdida contigua en ensayo,True,1,1,0,0.0,1,1,0,0.0,250,330,24,True,0.44,medio,455.0,medio,40-60,0,0,0,0
s09-r4-burst_trial-0.25,9,4,burst_trial-0.25,burst_trial,0.25,12,200.5,2,750,1,2.0,1,2,1,2.0,1,2,1,pérdida contigua en ensayo,True,1,1,0,0.0,1,1,0,0.0,250,732,25,True,0.976,fin,857.0,fin,80-100,0,0,0,0
s09-r4-burst_trial-0.25,9,4,burst_trial-0.25,burst_trial,0.25,13,208.91600000000108,2,750,1,2.0,1,2,1,2.0,1,2,1,pérdida contigua en ensayo,True,1,1,0,0.0,1,1,0,0.0,250,2,26,True,0.0026666666666666666,inicio,127.0,inicio,0-20,0,0,0,0
s09-r4-burst_trial-0.25,9,4,burst_trial-0.25,burst_trial,0.25,14,216.9320000000007,2,750,1,2.0,1,2,1,2.0,1,2,1,pérdida contigua en ensayo,True,1,1,0,0.0,1,1,0,0.0,250,562,27,True,0.7493333333333333,fin,687.0,fin,60-80,0,0,0,0
s09-r4-burst_trial-0.25,9,4,burst_trial-0.25,burst_trial,0.25,15,241.2200000000012,1,750,1,2.0,1,1,1,2.0,1,1,1,pérdida contigua en ensayo,True,0,1,1,1.0,0,1,1,1.0,250,16,30,True,0.021333333333333333,inicio,141.0,inicio,0-20,1,0,1,0
s09-r4-burst_trial-0.25,9,4,burst_trial-0.25,burst_trial,0.25,16,258.0159999999996,1,750,1,1.0,1,1,1,1.0,1,1,1,pérdida contigua en ensayo,True,1,1,0,0.0,1,1,0,0.0,250,632,32,True,0.8426666666666667,fin,757.0,fin,80-100,0,0,0,0
s09-r4-burst_trial-0.25,9,4,burst_trial-0.25,burst_trial,0.25,17,274.5519999999997,1,750,1,1.0,1,1,1,1.0,1,2,1,pérdida contigua en ensayo,True,1,1,0,0.0,1,0,1,1.0,250,183,34,True,0.244,inicio,308.0,inicio,20-40,0,0,0,1
s09-r4-burst_trial-0.25,9,4,burst_trial-0.25,burst_trial,0.25,18,290.887999999999,1,750,1,2.0,1,2,1,1.0,1,1,1,pérdida contigua en ensayo,True,0,0,0,0.0,1,1,0,0.0,250,527,36,True,0.7026666666666667,fin,652.0,medio,60-80,0,0,0,0
s09-r4-burst_trial-0.25,9,4,burst_trial-0.25,burst_trial,0.25,19,306.6280000000006,1,750,1,2.0,1,1,1,2.0,1,2,1,pérdida contigua en ensayo,True,0,1,1,1.0,0,0,0,0.0,250,48,38,True,0.064,inicio,173.0,inicio,0-20,1,0,0,0
s09-r4-burst_trial-0.25,9,4,burst_trial-0.25,burst_trial,0.25,20,314.32800000000134,2,750,1,1.0,1,2,1,2.0,1,2,1,pérdida contigua en ensayo,True,0,1,1,1.0,1,1,0,0.0,250,26,39,True,0.034666666666666665,inicio,151.0,inicio,0-20,1,0,0,0
s09-r4-burst_trial-0.25,9,4,burst_trial-0.25,burst_trial,0.25,21,347.0,1,750,1,2.0,1,1,1,2.0,1,2,1,pérdida contigua en ensayo,True,0,1,1,1.0,0,0,0,0.0,250,633,43,True,0.844,fin,758.0,fin,80-100,1,0,0,0
s09-r4-burst_trial-0.25,9,4,burst_trial-0.25,burst_trial,0.25,22,354.6239999999998,2,750,1,2.0,1,2,1,2.0,1,2,1,pérdida contigua en ensayo,True,1,1,0,0.0,1,1,0,0.0,250,617,44,True,0.8226666666666667,fin,742.0,fin,80-100,0,0,0,0
s09-r4-burst_trial-0.25,9,4,burst_trial-0.25,burst_trial,0.25,23,370.7920000000013,2,750,1,2.0,1,2,1,2.0,1,2,1,pérdida contigua en ensayo,True,1,1,0,0.0,1,1,0,0.0,250,93,46,True,0.124,inicio,218.0,inicio,0-20,0,0,0,0
s09-r4-burst_trial-0.4,9,4,burst_trial-0.4,burst_trial,0.4,0,1.0,2,600,1,1.0,1,2,1,1.0,1,2,1,pérdida contigua en ensayo,True,0,1,1,1.0,0,1,1,1.0,400,95,0,True,0.15833333333333333,inicio,295.0,inicio,0-20,1,0,1,0
s09-r4-burst_trial-0.4,9,4,burst_trial-0.4,burst_trial,0.4,1,9.011999999998809,1,600,1,1.0,1,1,1,1.0,1,1,1,pérdida contigua en ensayo,True,1,1,0,0.0,1,1,0,0.0,400,305,1,True,0.5083333333333333,medio,505.0,medio,40-60,0,0,0,0
s09-r4-burst_trial-0.4,9,4,burst_trial-0.4,burst_trial,0.4,2,16.684000000001106,1,600,1,1.0,1,1,1,1.0,1,1,1,pérdida contigua en ensayo,True,1,1,0,0.0,1,1,0,0.0,400,522,2,True,0.87,fin,722.0,fin,80-100,0,0,0,0
s09-r4-burst_trial-0.4,9,4,burst_trial-0.4,burst_trial,0.4,3,40.96800000000076,2,600,1,2.0,1,2,1,1.0,1,1,1,pérdida contigua en ensayo,True,1,1,0,0.0,0,0,0,0.0,400,342,5,True,0.57,medio,542.0,medio,40-60,0,0,0,0
s09-r4-burst_trial-0.4,9,4,burst_trial-0.4,burst_trial,0.4,4,64.56000000000131,1,600,1,2.0,1,2,1,1.0,1,1,1,pérdida contigua en ensayo,True,0,0,0,0.0,1,1,0,0.0,400,494,8,True,0.8233333333333334,fin,694.0,fin,80-100,0,0,0,0
s09-r4-burst_trial-0.4,9,4,burst_trial-0.4,burst_trial,0.4,5,80.17599999999948,1,600,1,1.0,1,1,1,2.0,1,1,1,pérdida contigua en ensayo,True,1,1,0,0.0,0,1,1,1.0,400,16,10,True,0.02666666666666667,inicio,216.0,inicio,0-20,0,0,1,0
s09-r4-burst_trial-0.4,9,4,burst_trial-0.4,burst_trial,0.4,6,87.75600000000122,1,600,1,1.0,1,1,1,1.0,1,1,1,pérdida contigua en ensayo,True,1,1,0,0.0,1,1,0,0.0,400,554,11,True,0.9233333333333333,fin,754.0,fin,80-100,0,0,0,0
s09-r4-burst_trial-0.4,9,4,burst_trial-0.4,burst_trial,0.4,7,95.64400000000025,2,600,1,2.0,1,2,1,2.0,1,2,1,pérdida contigua en ensayo,True,1,1,0,0.0,1,1,0,0.0,400,288,12,True,0.48,medio,488.0,medio,40-60,0,0,0,0
s09-r4-burst_trial-0.4,9,4,burst_trial-0.4,burst_trial,0.4,8,119.76800000000004,2,600,1,2.0,1,2,1,1.0,1,2,1,pérdida contigua en ensayo,True,1,1,0,0.0,0,1,1,1.0,400,203,15,True,0.3383333333333333,medio,403.0,medio,20-40,0,0,1,0
s09-r4-burst_trial-0.4,9,4,burst_trial-0.4,burst_trial,0.4,9,169.07200000000012,2,600,1,2.0,1,2,1,2.0,1,2,1,pérdida contigua en ensayo,True,1,1,0,0.0,1,1,0,0.0,400,4,21,True,0.006666666666666667,inicio,204.0,inicio,0-20,0,0,0,0
s09-r4-burst_trial-0.4,9,4,burst_trial-0.4,burst_trial,0.4,10,176.72000000000116,2,600,1,2.0,1,2,1,2.0,1,2,1,pérdida contigua en ensayo,True,1,1,0,0.0,1,1,0,0.0,400,501,22,True,0.835,fin,701.0,fin,80-100,0,0,0,0
s09-r4-burst_trial-0.4,9,4,burst_trial-0.4,burst_trial,0.4,11,192.65599999999904,1,600,1,1.0,1,1,1,1.0,1,1,1,pérdida contigua en ensayo,True,1,1,0,0.0,1,1,0,0.0,400,397,24,True,0.6616666666666666,medio,597.0,medio,60-80,0,0,0,0
s09-r4-burst_trial-0.4,9,4,burst_trial-0.4,burst_trial,0.4,12,200.5,2,600,1,2.0,1,2,1,1.0,1,2,1,pérdida contigua en ensayo,True,1,1,0,0.0,0,1,1,1.0,400,215,25,True,0.35833333333333334,medio,415.0,medio,20-40,0,0,1,0
s09-r4-burst_trial-0.4,9,4,burst_trial-0.4,burst_trial,0.4,13,208.91600000000108,2,600,1,2.0,1,2,1,2.0,1,2,1,pérdida contigua en ensayo,True,1,1,0,0.0,1,1,0,0.0,400,25,26,True,0.041666666666666664,inicio,225.0,inicio,0-20,0,0,0,0
s09-r4-burst_trial-0.4,9,4,burst_trial-0.4,burst_trial,0.4,14,216.9320000000007,2,600,1,2.0,1,2,1,1.0,1,2,1,pérdida contigua en ensayo,True,1,1,0,0.0,0,1,1,1.0,400,177,27,True,0.295,inicio,377.0,medio,20-40,0,0,1,0
s09-r4-burst_trial-0.4,9,4,burst_trial-0.4,burst_trial,0.4,15,241.2200000000012,1,600,1,1.0,1,1,1,1.0,1,1,1,pérdida contigua en ensayo,True,1,1,0,0.0,1,1,0,0.0,400,501,30,True,0.835,fin,701.0,fin,80-100,0,0,0,0
s09-r4-burst_trial-0.4,9,4,burst_trial-0.4,burst_trial,0.4,16,258.0159999999996,1,600,1,1.0,1,1,1,1.0,1,1,1,pérdida contigua en ensayo,True,1,1,0,0.0,1,1,0,0.0,400,122,32,True,0.20333333333333334,inicio,322.0,inicio,20-40,0,0,0,0
s09-r4-burst_trial-0.4,9,4,burst_trial-0.4,burst_trial,0.4,17,274.5519999999997,1,600,1,1.0,1,1,1,1.0,1,2,1,pérdida contigua en ensayo,True,1,1,0,0.0,1,0,1,1.0,400,386,34,True,0.6433333333333333,medio,586.0,medio,60-80,0,0,0,1
s09-r4-burst_trial-0.4,9,4,burst_trial-0.4,burst_trial,0.4,18,290.887999999999,1,600,1,2.0,1,2,1,1.0,1,1,1,pérdida contigua en ensayo,True,0,0,0,0.0,1,1,0,0.0,400,156,36,True,0.26,inicio,356.0,medio,20-40,0,0,0,0
s09-r4-burst_trial-0.4,9,4,burst_trial-0.4,burst_trial,0.4,19,306.6280000000006,1,600,1,1.0,1,1,1,1.0,1,2,1,pérdida contigua en ensayo,True,1,1,0,0.0,1,0,1,1.0,400,350,38,True,0.5833333333333334,medio,550.0,medio,40-60,0,0,0,1
s09-r4-burst_trial-0.4,9,4,burst_trial-0.4,burst_trial,0.4,20,314.32800000000134,2,600,1,2.0,1,2,1,2.0,1,2,1,pérdida contigua en ensayo,True,1,1,0,0.0,1,1,0,0.0,400,362,39,True,0.6033333333333334,medio,562.0,medio,60-80,0,0,0,0
s09-r4-burst_trial-0.4,9,4,burst_trial-0.4,burst_trial,0.4,21,347.0,1,600,1,1.0,1,1,1,1.0,1,2,1,pérdida contigua en ensayo,True,1,1,0,0.0,1,0,1,1.0,400,295,43,True,0.49166666666666664,medio,495.0,medio,40-60,0,0,0,1
s09-r4-burst_trial-0.4,9,4,burst_trial-0.4,burst_trial,0.4,22,354.6239999999998,2,600,1,2.0,1,2,1,2.0,1,2,1,pérdida contigua en ensayo,True,1,1,0,0.0,1,1,0,0.0,400,290,44,True,0.48333333333333334,medio,490.0,medio,40-60,0,0,0,0
s09-r4-burst_trial-0.4,9,4,burst_trial-0.4,burst_trial,0.4,23,370.7920000000013,2,600,1,2.0,1,2,1,2.0,1,2,1,pérdida contigua en ensayo,True,1,1,0,0.0,1,1,0,0.0,400,510,46,True,0.85,fin,710.0,fin,80-100,0,0,0,0
