exec_id,i,subject,severity,d_pre,d_post,pad_tocado,chg_csp,chg_net
s01-r0-disconnect-0.5,0,1,0.5,0,0,False,0,0
s01-r0-disconnect-0.5,1,1,0.5,0,0,False,0,0
s01-r0-disconnect-0.5,2,1,0.5,0,0,False,0,0
s01-r0-disconnect-0.5,3,1,0.5,0,0,False,0,0
s01-r0-disconnect-0.5,4,1,0.5,0,0,False,0,0
s01-r0-disconnect-0.5,5,1,0.5,0,0,False,0,0
s01-r0-disconnect-0.5,6,1,0.5,0,0,False,0,0
s01-r0-disconnect-0.5,7,1,0.5,0,0,False,0,0
s01-r0-disconnect-0.5,8,1,0.5,0,0,False,0,0
s01-r0-disconnect-0.5,9,1,0.5,0,0,False,0,0
s01-r0-disconnect-0.5,10,1,0.5,0,0,False,0,0
s01-r0-disconnect-0.5,11,1,0.5,0,0,False,0,0
s01-r0-disconnect-0.5,12,1,0.5,0,0,False,0,0
s01-r0-disconnect-0.5,13,1,0.5,0,0,False,0,0
s01-r0-disconnect-0.5,14,1,0.5,0,0,False,0,0
s01-r0-disconnect-0.5,15,1,0.5,0,0,False,0,0
s01-r0-disconnect-0.5,16,1,0.5,0,0,False,0,0
s01-r0-disconnect-0.5,17,1,0.5,0,0,False,0,0
s01-r0-disconnect-0.5,18,1,0.5,0,0,False,0,0
s01-r0-disconnect-0.5,19,1,0.5,0,0,False,0,0
s01-r0-disconnect-0.5,20,1,0.5,0,0,False,0,0
s01-r0-disconnect-0.5,21,1,0.5,0,0,False,0,0
s01-r0-disconnect-0.5,23,1,0.5,50,0,True,0,0
s01-r0-disconnect-1,0,1,1.0,0,0,False,0,0
s01-r0-disconnect-1,1,1,1.0,0,0,False,0,0
s01-r0-disconnect-1,2,1,1.0,0,0,False,0,0
s01-r0-disconnect-1,3,1,1.0,0,0,False,0,0
s01-r0-disconnect-1,4,1,1.0,0,0,False,0,0
s01-r0-disconnect-1,5,1,1.0,0,0,False,0,0
s01-r0-disconnect-1,6,1,1.0,0,0,False,0,0
s01-r0-disconnect-1,7,1,1.0,0,0,False,0,0
s01-r0-disconnect-1,8,1,1.0,0,0,False,0,0
s01-r0-disconnect-1,9,1,1.0,0,0,False,0,0
s01-r0-disconnect-1,11,1,1.0,0,0,False,0,0
s01-r0-disconnect-1,12,1,1.0,0,0,False,0,0
s01-r0-disconnect-1,13,1,1.0,0,0,False,0,0
s01-r0-disconnect-1,14,1,1.0,0,0,False,0,0
s01-r0-disconnect-1,15,1,1.0,0,0,False,0,0
s01-r0-disconnect-1,16,1,1.0,0,0,False,0,0
s01-r0-disconnect-1,17,1,1.0,0,0,False,0,0
s01-r0-disconnect-1,18,1,1.0,0,0,False,0,0
s01-r0-disconnect-1,19,1,1.0,0,0,False,0,0
s01-r0-disconnect-1,20,1,1.0,0,0,False,0,0
s01-r0-disconnect-1,21,1,1.0,0,0,False,0,0
s01-r0-disconnect-1,22,1,1.0,0,0,False,0,0
s01-r0-disconnect-1,23,1,1.0,0,0,False,0,0
s01-r0-disconnect-3,0,1,3.0,0,0,False,0,0
s01-r0-disconnect-3,1,1,3.0,0,0,False,0,0
s01-r0-disconnect-3,2,1,3.0,0,0,False,0,0
s01-r0-disconnect-3,3,1,3.0,0,0,False,0,0
s01-r0-disconnect-3,5,1,3.0,250,0,True,0,0
s01-r0-disconnect-3,6,1,3.0,0,0,False,0,0
s01-r0-disconnect-3,7,1,3.0,0,0,False,0,0
s01-r0-disconnect-3,8,1,3.0,0,0,False,0,0
s01-r0-disconnect-3,9,1,3.0,0,0,False,0,0
s01-r0-disconnect-3,10,1,3.0,0,0,False,0,0
s01-r0-disconnect-3,11,1,3.0,0,0,False,0,0
s01-r0-disconnect-3,13,1,3.0,0,0,False,0,0
s01-r0-disconnect-3,14,1,3.0,0,0,False,0,0
s01-r0-disconnect-3,15,1,3.0,0,0,False,0,0
s01-r0-disconnect-3,16,1,3.0,0,0,False,0,0
s01-r0-disconnect-3,17,1,3.0,0,0,False,0,0
s01-r0-disconnect-3,18,1,3.0,0,0,False,0,0
s01-r0-disconnect-3,19,1,3.0,0,0,False,0,0
s01-r0-disconnect-3,20,1,3.0,0,0,False,0,0
s01-r0-disconnect-3,21,1,3.0,0,0,False,0,0
s01-r0-disconnect-3,22,1,3.0,0,0,False,0,0
s01-r0-disconnect-3,23,1,3.0,0,0,False,0,0
s01-r1-disconnect-0.5,1,1,0.5,0,0,False,0,0
s01-r1-disconnect-0.5,2,1,0.5,0,0,False,0,0
s01-r1-disconnect-0.5,3,1,0.5,0,0,False,0,0
s01-r1-disconnect-0.5,4,1,0.5,0,0,False,0,0
s01-r1-disconnect-0.5,5,1,0.5,0,0,False,0,0
s01-r1-disconnect-0.5,6,1,0.5,0,0,False,0,0
s01-r1-disconnect-0.5,7,1,0.5,0,0,False,0,0
s01-r1-disconnect-0.5,8,1,0.5,0,0,False,0,0
s01-r1-disconnect-0.5,9,1,0.5,0,0,False,0,0
s01-r1-disconnect-0.5,10,1,0.5,0,0,False,0,0
s01-r1-disconnect-0.5,11,1,0.5,0,0,False,0,0
s01-r1-disconnect-0.5,12,1,0.5,0,0,False,0,0
s01-r1-disconnect-0.5,13,1,0.5,0,0,False,0,0
s01-r1-disconnect-0.5,14,1,0.5,0,0,False,0,0
s01-r1-disconnect-0.5,15,1,0.5,0,0,False,0,0
s01-r1-disconnect-0.5,16,1,0.5,0,0,False,0,0
s01-r1-disconnect-0.5,17,1,0.5,160,0,True,0,0
s01-r1-disconnect-0.5,18,1,0.5,0,0,False,0,0
s01-r1-disconnect-0.5,19,1,0.5,0,0,False,0,0
s01-r1-disconnect-0.5,21,1,0.5,30,0,True,0,0
s01-r1-disconnect-0.5,22,1,0.5,0,0,False,0,0
s01-r1-disconnect-0.5,23,1,0.5,0,0,False,0,0
s01-r1-disconnect-1,0,1,1.0,0,0,False,0,0
s01-r1-disconnect-1,1,1,1.0,0,0,False,0,0
s01-r1-disconnect-1,3,1,1.0,0,0,False,0,0
s01-r1-disconnect-1,4,1,1.0,0,0,False,0,0
s01-r1-disconnect-1,7,1,1.0,0,0,False,0,0
s01-r1-disconnect-1,8,1,1.0,0,0,False,0,0
s01-r1-disconnect-1,9,1,1.0,0,0,False,0,0
s01-r1-disconnect-1,10,1,1.0,0,0,False,0,0
s01-r1-disconnect-1,11,1,1.0,0,0,False,0,0
s01-r1-disconnect-1,13,1,1.0,0,0,False,0,0
s01-r1-disconnect-1,14,1,1.0,0,0,False,0,0
s01-r1-disconnect-1,15,1,1.0,0,0,False,0,0
s01-r1-disconnect-1,17,1,1.0,0,0,False,0,0
s01-r1-disconnect-1,18,1,1.0,0,0,False,0,0
s01-r1-disconnect-1,19,1,1.0,0,0,False,0,0
s01-r1-disconnect-1,20,1,1.0,0,0,False,0,0
s01-r1-disconnect-1,21,1,1.0,0,0,False,0,0
s01-r1-disconnect-1,22,1,1.0,0,0,False,0,0
s01-r1-disconnect-1,23,1,1.0,0,0,False,0,0
s01-r1-disconnect-3,0,1,3.0,0,0,False,0,0
s01-r1-disconnect-3,2,1,3.0,0,0,False,0,0
s01-r1-disconnect-3,3,1,3.0,0,0,False,0,0
s01-r1-disconnect-3,4,1,3.0,0,0,False,0,0
s01-r1-disconnect-3,5,1,3.0,0,0,False,0,0
s01-r1-disconnect-3,6,1,3.0,0,0,False,0,0
s01-r1-disconnect-3,7,1,3.0,0,0,False,0,0
s01-r1-disconnect-3,8,1,3.0,0,0,False,0,0
s01-r1-disconnect-3,9,1,3.0,0,0,False,0,0
s01-r1-disconnect-3,10,1,3.0,0,0,False,0,0
s01-r1-disconnect-3,11,1,3.0,0,0,False,0,0
s01-r1-disconnect-3,12,1,3.0,0,0,False,0,0
s01-r1-disconnect-3,13,1,3.0,0,0,False,0,0
s01-r1-disconnect-3,14,1,3.0,0,0,False,0,0
s01-r1-disconnect-3,15,1,3.0,0,0,False,0,0
s01-r1-disconnect-3,16,1,3.0,0,0,False,0,0
s01-r1-disconnect-3,17,1,3.0,0,0,False,0,0
s01-r1-disconnect-3,18,1,3.0,0,0,False,0,0
s01-r1-disconnect-3,19,1,3.0,0,0,False,0,0
s01-r1-disconnect-3,20,1,3.0,0,0,False,0,0
s01-r1-disconnect-3,21,1,3.0,0,0,False,0,0
s01-r1-disconnect-3,23,1,3.0,0,0,False,0,0
s01-r2-disconnect-0.5,0,1,0.5,0,0,False,0,0
s01-r2-disconnect-0.5,1,1,0.5,0,0,False,0,0
s01-r2-disconnect-0.5,2,1,0.5,0,0,False,0,0
s01-r2-disconnect-0.5,3,1,0.5,0,0,False,0,0
s01-r2-disconnect-0.5,4,1,0.5,0,0,False,0,0
s01-r2-disconnect-0.5,5,1,0.5,0,0,False,0,0
s01-r2-disconnect-0.5,6,1,0.5,0,0,False,0,0
s01-r2-disconnect-0.5,7,1,0.5,0,0,False,0,0
s01-r2-disconnect-0.5,8,1,0.5,0,0,False,0,0
s01-r2-disconnect-0.5,9,1,0.5,0,0,False,0,0
s01-r2-disconnect-0.5,10,1,0.5,0,0,False,0,0
s01-r2-disconnect-0.5,11,1,0.5,0,0,False,0,0
s01-r2-disconnect-0.5,12,1,0.5,0,0,False,0,0
s01-r2-disconnect-0.5,13,1,0.5,0,0,False,0,0
s01-r2-disconnect-0.5,14,1,0.5,0,0,False,0,0
s01-r2-disconnect-0.5,15,1,0.5,0,0,False,0,0
s01-r2-disconnect-0.5,16,1,0.5,0,0,False,0,0
s01-r2-disconnect-0.5,17,1,0.5,0,0,False,0,0
s01-r2-disconnect-0.5,18,1,0.5,0,0,False,0,0
s01-r2-disconnect-0.5,19,1,0.5,0,0,False,0,0
s01-r2-disconnect-0.5,20,1,0.5,0,0,False,0,0
s01-r2-disconnect-0.5,21,1,0.5,0,0,False,0,0
s01-r2-disconnect-0.5,22,1,0.5,0,0,False,0,0
s01-r2-disconnect-0.5,23,1,0.5,0,0,False,0,0
s01-r2-disconnect-1,0,1,1.0,0,0,False,0,0
s01-r2-disconnect-1,1,1,1.0,0,0,False,0,0
s01-r2-disconnect-1,2,1,1.0,0,0,False,0,0
s01-r2-disconnect-1,3,1,1.0,0,0,False,0,0
s01-r2-disconnect-1,4,1,1.0,0,0,False,0,0
s01-r2-disconnect-1,5,1,1.0,10,0,True,0,0
s01-r2-disconnect-1,7,1,1.0,0,0,False,0,0
s01-r2-disconnect-1,8,1,1.0,0,0,False,0,0
s01-r2-disconnect-1,9,1,1.0,0,0,False,0,0
s01-r2-disconnect-1,10,1,1.0,0,0,False,0,0
s01-r2-disconnect-1,11,1,1.0,0,0,False,0,0
s01-r2-disconnect-1,12,1,1.0,0,0,False,0,0
s01-r2-disconnect-1,13,1,1.0,0,0,False,0,0
s01-r2-disconnect-1,14,1,1.0,220,0,True,0,0
s01-r2-disconnect-1,15,1,1.0,0,0,False,0,0
s01-r2-disconnect-1,16,1,1.0,0,0,False,0,0
s01-r2-disconnect-1,17,1,1.0,0,0,False,0,0
s01-r2-disconnect-1,18,1,1.0,0,0,False,0,0
s01-r2-disconnect-1,19,1,1.0,0,0,False,0,0
s01-r2-disconnect-1,20,1,1.0,0,0,False,0,0
s01-r2-disconnect-1,21,1,1.0,0,0,False,0,0
s01-r2-disconnect-1,22,1,1.0,0,0,False,0,0
s01-r2-disconnect-1,23,1,1.0,0,0,False,0,0
s01-r2-disconnect-3,0,1,3.0,0,0,False,0,0
s01-r2-disconnect-3,1,1,3.0,0,0,False,0,0
s01-r2-disconnect-3,2,1,3.0,0,0,False,0,0
s01-r2-disconnect-3,3,1,3.0,0,0,False,0,0
s01-r2-disconnect-3,4,1,3.0,0,0,False,0,0
s01-r2-disconnect-3,5,1,3.0,0,0,False,0,0
s01-r2-disconnect-3,6,1,3.0,0,0,False,0,0
s01-r2-disconnect-3,7,1,3.0,0,0,False,0,0
s01-r2-disconnect-3,8,1,3.0,0,0,False,0,0
s01-r2-disconnect-3,9,1,3.0,0,0,False,0,0
s01-r2-disconnect-3,10,1,3.0,0,0,False,0,0
s01-r2-disconnect-3,11,1,3.0,0,0,False,0,0
s01-r2-disconnect-3,12,1,3.0,0,0,False,0,0
s01-r2-disconnect-3,14,1,3.0,0,0,False,0,0
s01-r2-disconnect-3,15,1,3.0,0,0,False,0,0
s01-r2-disconnect-3,16,1,3.0,0,0,False,0,0
s01-r2-disconnect-3,17,1,3.0,0,0,False,0,0
s01-r2-disconnect-3,18,1,3.0,0,0,False,0,0
s01-r2-disconnect-3,19,1,3.0,0,0,False,0,0
s01-r2-disconnect-3,20,1,3.0,0,0,False,0,0
s01-r2-disconnect-3,21,1,3.0,0,0,False,0,0
s01-r2-disconnect-3,22,1,3.0,0,0,False,0,0
s01-r2-disconnect-3,23,1,3.0,0,0,False,0,0
s01-r3-disconnect-0.5,0,1,0.5,0,0,False,0,0
s01-r3-disconnect-0.5,1,1,0.5,0,0,False,0,0
s01-r3-disconnect-0.5,2,1,0.5,0,0,False,0,0
s01-r3-disconnect-0.5,3,1,0.5,0,0,False,0,0
s01-r3-disconnect-0.5,4,1,0.5,0,0,False,0,0
s01-r3-disconnect-0.5,5,1,0.5,0,0,False,0,0
s01-r3-disconnect-0.5,7,1,0.5,0,0,False,0,0
s01-r3-disconnect-0.5,8,1,0.5,0,0,False,0,0
s01-r3-disconnect-0.5,9,1,0.5,0,0,False,0,0
s01-r3-disconnect-0.5,10,1,0.5,0,0,False,0,0
s01-r3-disconnect-0.5,11,1,0.5,0,0,False,0,0
s01-r3-disconnect-0.5,12,1,0.5,0,0,False,0,0
s01-r3-disconnect-0.5,13,1,0.5,0,0,False,0,0
s01-r3-disconnect-0.5,14,1,0.5,0,0,False,0,0
s01-r3-disconnect-0.5,16,1,0.5,0,0,False,0,0
s01-r3-disconnect-0.5,17,1,0.5,0,0,False,0,0
s01-r3-disconnect-0.5,18,1,0.5,0,0,False,0,0
s01-r3-disconnect-0.5,19,1,0.5,0,0,False,0,0
s01-r3-disconnect-0.5,20,1,0.5,0,0,False,0,0
s01-r3-disconnect-0.5,21,1,0.5,0,0,False,0,0
s01-r3-disconnect-0.5,22,1,0.5,0,0,False,0,0
s01-r3-disconnect-0.5,23,1,0.5,0,0,False,0,0
s01-r3-disconnect-1,0,1,1.0,0,0,False,0,0
s01-r3-disconnect-1,1,1,1.0,0,0,False,0,0
s01-r3-disconnect-1,2,1,1.0,0,0,False,0,0
s01-r3-disconnect-1,3,1,1.0,0,0,False,0,0
s01-r3-disconnect-1,4,1,1.0,0,0,False,0,0
s01-r3-disconnect-1,5,1,1.0,0,0,False,0,0
s01-r3-disconnect-1,6,1,1.0,0,0,False,0,0
s01-r3-disconnect-1,7,1,1.0,0,0,False,0,0
s01-r3-disconnect-1,10,1,1.0,0,0,False,0,0
s01-r3-disconnect-1,11,1,1.0,0,0,False,0,0
s01-r3-disconnect-1,12,1,1.0,0,0,False,0,0
s01-r3-disconnect-1,13,1,1.0,0,0,False,0,0
s01-r3-disconnect-1,14,1,1.0,0,0,False,0,0
s01-r3-disconnect-1,15,1,1.0,0,0,False,0,0
s01-r3-disconnect-1,16,1,1.0,0,0,False,0,0
s01-r3-disconnect-1,17,1,1.0,0,0,False,0,0
s01-r3-disconnect-1,18,1,1.0,0,0,False,0,0
s01-r3-disconnect-1,19,1,1.0,0,0,False,0,0
s01-r3-disconnect-1,20,1,1.0,0,0,False,0,0
s01-r3-disconnect-1,21,1,1.0,0,0,False,0,0
s01-r3-disconnect-1,22,1,1.0,0,0,False,0,0
s01-r3-disconnect-1,23,1,1.0,0,0,False,0,0
s01-r3-disconnect-3,0,1,3.0,0,0,False,0,0
s01-r3-disconnect-3,1,1,3.0,0,0,False,0,0
s01-r3-disconnect-3,2,1,3.0,0,0,False,0,0
s01-r3-disconnect-3,3,1,3.0,0,0,False,0,0
s01-r3-disconnect-3,4,1,3.0,0,0,False,0,0
s01-r3-disconnect-3,6,1,3.0,0,0,False,0,0
s01-r3-disconnect-3,7,1,3.0,0,0,False,0,0
s01-r3-disconnect-3,8,1,3.0,0,0,False,0,0
s01-r3-disconnect-3,9,1,3.0,0,0,False,0,0
s01-r3-disconnect-3,10,1,3.0,0,0,False,0,0
s01-r3-disconnect-3,11,1,3.0,0,0,False,0,0
s01-r3-disconnect-3,12,1,3.0,0,0,False,0,0
s01-r3-disconnect-3,13,1,3.0,0,0,False,0,0
s01-r3-disconnect-3,14,1,3.0,0,0,False,0,0
s01-r3-disconnect-3,15,1,3.0,0,0,False,0,0
s01-r3-disconnect-3,16,1,3.0,0,0,False,0,0
s01-r3-disconnect-3,17,1,3.0,0,0,False,0,0
s01-r3-disconnect-3,18,1,3.0,0,0,False,0,0
s01-r3-disconnect-3,19,1,3.0,0,0,False,0,0
s01-r3-disconnect-3,21,1,3.0,0,0,False,0,0
s01-r3-disconnect-3,22,1,3.0,0,0,False,0,0
s01-r3-disconnect-3,23,1,3.0,0,0,False,0,0
s01-r4-disconnect-0.5,0,1,0.5,0,0,False,0,0
s01-r4-disconnect-0.5,1,1,0.5,0,0,False,0,0
s01-r4-disconnect-0.5,2,1,0.5,0,0,False,0,0
s01-r4-disconnect-0.5,4,1,0.5,0,0,False,0,0
s01-r4-disconnect-0.5,5,1,0.5,0,0,False,0,0
s01-r4-disconnect-0.5,6,1,0.5,0,0,False,0,0
s01-r4-disconnect-0.5,7,1,0.5,0,0,False,0,0
s01-r4-disconnect-0.5,8,1,0.5,0,0,False,0,0
s01-r4-disconnect-0.5,9,1,0.5,0,0,False,0,0
s01-r4-disconnect-0.5,10,1,0.5,0,0,False,0,0
s01-r4-disconnect-0.5,11,1,0.5,0,0,False,0,0
s01-r4-disconnect-0.5,12,1,0.5,0,0,False,0,0
s01-r4-disconnect-0.5,13,1,0.5,0,0,False,0,0
s01-r4-disconnect-0.5,14,1,0.5,0,0,False,0,0
s01-r4-disconnect-0.5,15,1,0.5,0,0,False,0,0
s01-r4-disconnect-0.5,16,1,0.5,0,210,True,0,0
s01-r4-disconnect-0.5,17,1,0.5,0,0,False,0,0
s01-r4-disconnect-0.5,18,1,0.5,0,0,False,0,0
s01-r4-disconnect-0.5,19,1,0.5,0,0,False,0,0
s01-r4-disconnect-0.5,20,1,0.5,0,0,False,0,0
s01-r4-disconnect-0.5,21,1,0.5,0,0,False,0,0
s01-r4-disconnect-0.5,22,1,0.5,0,0,False,0,0
s01-r4-disconnect-0.5,23,1,0.5,0,0,False,0,0
s01-r4-disconnect-1,0,1,1.0,0,0,False,0,0
s01-r4-disconnect-1,1,1,1.0,0,0,False,0,0
s01-r4-disconnect-1,2,1,1.0,0,0,False,0,0
s01-r4-disconnect-1,3,1,1.0,0,0,False,0,0
s01-r4-disconnect-1,4,1,1.0,0,0,False,0,0
s01-r4-disconnect-1,5,1,1.0,0,0,False,0,0
s01-r4-disconnect-1,6,1,1.0,0,0,False,0,0
s01-r4-disconnect-1,7,1,1.0,0,0,False,0,0
s01-r4-disconnect-1,8,1,1.0,0,0,False,0,0
s01-r4-disconnect-1,9,1,1.0,0,0,False,0,0
s01-r4-disconnect-1,10,1,1.0,0,0,False,0,0
s01-r4-disconnect-1,11,1,1.0,0,0,False,0,0
s01-r4-disconnect-1,12,1,1.0,0,0,False,0,0
s01-r4-disconnect-1,13,1,1.0,0,0,False,0,0
s01-r4-disconnect-1,14,1,1.0,0,0,False,0,0
s01-r4-disconnect-1,15,1,1.0,0,0,False,0,0
s01-r4-disconnect-1,16,1,1.0,0,0,False,0,0
s01-r4-disconnect-1,17,1,1.0,0,0,False,0,0
s01-r4-disconnect-1,18,1,1.0,0,0,False,0,0
s01-r4-disconnect-1,19,1,1.0,0,0,False,0,0
s01-r4-disconnect-1,20,1,1.0,0,0,False,0,0
s01-r4-disconnect-1,21,1,1.0,0,110,True,0,0
s01-r4-disconnect-1,22,1,1.0,20,0,True,0,0
s01-r4-disconnect-1,23,1,1.0,0,0,False,0,0
s01-r4-disconnect-3,0,1,3.0,0,0,False,0,0
s01-r4-disconnect-3,1,1,3.0,0,0,False,0,0
s01-r4-disconnect-3,2,1,3.0,0,0,False,0,0
s01-r4-disconnect-3,4,1,3.0,0,0,False,0,0
s01-r4-disconnect-3,5,1,3.0,0,0,False,0,0
s01-r4-disconnect-3,6,1,3.0,0,0,False,0,0
s01-r4-disconnect-3,7,1,3.0,0,0,False,0,0
s01-r4-disconnect-3,8,1,3.0,0,0,False,0,0
s01-r4-disconnect-3,9,1,3.0,0,0,False,0,0
s01-r4-disconnect-3,10,1,3.0,0,0,False,0,0
s01-r4-disconnect-3,11,1,3.0,0,0,False,0,0
s01-r4-disconnect-3,12,1,3.0,0,0,False,0,0
s01-r4-disconnect-3,13,1,3.0,0,0,False,0,0
s01-r4-disconnect-3,14,1,3.0,0,0,False,0,0
s01-r4-disconnect-3,16,1,3.0,0,0,False,0,0
s01-r4-disconnect-3,17,1,3.0,0,0,False,0,0
s01-r4-disconnect-3,18,1,3.0,0,0,False,0,0
s01-r4-disconnect-3,19,1,3.0,0,0,False,0,0
s01-r4-disconnect-3,20,1,3.0,0,0,False,0,0
s01-r4-disconnect-3,21,1,3.0,0,0,False,0,0
s01-r4-disconnect-3,22,1,3.0,0,0,False,0,0
s01-r4-disconnect-3,23,1,3.0,0,0,False,0,0
s02-r0-disconnect-0.5,0,2,0.5,0,0,False,0,0
s02-r0-disconnect-0.5,1,2,0.5,0,0,False,0,0
s02-r0-disconnect-0.5,3,2,0.5,0,0,False,0,0
s02-r0-disconnect-0.5,4,2,0.5,0,0,False,0,0
s02-r0-disconnect-0.5,5,2,0.5,0,0,False,0,0
s02-r0-disconnect-0.5,6,2,0.5,0,0,False,0,0
s02-r0-disconnect-0.5,7,2,0.5,0,0,False,0,0
s02-r0-disconnect-0.5,8,2,0.5,0,0,False,0,0
s02-r0-disconnect-0.5,10,2,0.5,0,0,False,0,0
s02-r0-disconnect-0.5,11,2,0.5,0,0,False,0,0
s02-r0-disconnect-0.5,12,2,0.5,0,0,False,0,0
s02-r0-disconnect-0.5,13,2,0.5,0,0,False,0,0
s02-r0-disconnect-0.5,14,2,0.5,0,0,False,0,0
s02-r0-disconnect-0.5,15,2,0.5,0,0,False,0,0
s02-r0-disconnect-0.5,16,2,0.5,0,0,False,0,0
s02-r0-disconnect-0.5,17,2,0.5,0,0,False,0,0
s02-r0-disconnect-0.5,18,2,0.5,0,0,False,0,0
s02-r0-disconnect-0.5,20,2,0.5,0,0,False,0,0
s02-r0-disconnect-0.5,21,2,0.5,0,0,False,0,0
s02-r0-disconnect-0.5,22,2,0.5,0,0,False,0,0
s02-r0-disconnect-0.5,23,2,0.5,0,0,False,0,0
s02-r0-disconnect-1,0,2,1.0,0,0,False,0,0
s02-r0-disconnect-1,1,2,1.0,0,0,False,0,0
s02-r0-disconnect-1,2,2,1.0,0,0,False,0,0
s02-r0-disconnect-1,4,2,1.0,0,0,False,0,0
s02-r0-disconnect-1,5,2,1.0,0,0,False,0,0
s02-r0-disconnect-1,6,2,1.0,0,0,False,0,0
s02-r0-disconnect-1,7,2,1.0,0,0,False,0,0
s02-r0-disconnect-1,9,2,1.0,0,0,False,0,0
s02-r0-disconnect-1,10,2,1.0,0,0,False,0,0
s02-r0-disconnect-1,11,2,1.0,0,0,False,0,0
s02-r0-disconnect-1,12,2,1.0,0,0,False,0,0
s02-r0-disconnect-1,13,2,1.0,0,0,False,0,0
s02-r0-disconnect-1,14,2,1.0,0,0,False,0,0
s02-r0-disconnect-1,15,2,1.0,0,0,False,0,0
s02-r0-disconnect-1,16,2,1.0,0,0,False,0,0
s02-r0-disconnect-1,17,2,1.0,180,0,True,0,0
s02-r0-disconnect-1,18,2,1.0,0,0,False,0,0
s02-r0-disconnect-1,19,2,1.0,0,0,False,0,0
s02-r0-disconnect-1,20,2,1.0,0,0,False,0,0
s02-r0-disconnect-1,21,2,1.0,0,0,False,0,0
s02-r0-disconnect-1,22,2,1.0,0,0,False,0,0
s02-r0-disconnect-1,23,2,1.0,0,0,False,0,0
s02-r0-disconnect-3,0,2,3.0,0,0,False,0,0
s02-r0-disconnect-3,1,2,3.0,0,0,False,0,0
s02-r0-disconnect-3,2,2,3.0,0,0,False,0,0
s02-r0-disconnect-3,3,2,3.0,0,0,False,0,0
s02-r0-disconnect-3,4,2,3.0,0,0,False,0,0
s02-r0-disconnect-3,5,2,3.0,0,0,False,0,0
s02-r0-disconnect-3,6,2,3.0,0,0,False,0,0
s02-r0-disconnect-3,7,2,3.0,0,0,False,0,0
s02-r0-disconnect-3,8,2,3.0,0,0,False,0,0
s02-r0-disconnect-3,9,2,3.0,0,0,False,0,0
s02-r0-disconnect-3,10,2,3.0,0,0,False,0,0
s02-r0-disconnect-3,12,2,3.0,0,0,False,0,0
s02-r0-disconnect-3,13,2,3.0,0,0,False,0,0
s02-r0-disconnect-3,14,2,3.0,0,0,False,0,0
s02-r0-disconnect-3,16,2,3.0,0,0,False,0,0
s02-r0-disconnect-3,17,2,3.0,0,0,False,0,0
s02-r0-disconnect-3,18,2,3.0,0,0,False,0,0
s02-r0-disconnect-3,19,2,3.0,0,0,False,0,0
s02-r0-disconnect-3,21,2,3.0,250,0,True,0,0
s02-r0-disconnect-3,22,2,3.0,0,0,False,0,0
s02-r0-disconnect-3,23,2,3.0,0,0,False,0,0
s02-r1-disconnect-0.5,0,2,0.5,0,0,False,0,0
s02-r1-disconnect-0.5,1,2,0.5,0,0,False,0,0
s02-r1-disconnect-0.5,2,2,0.5,0,0,False,0,0
s02-r1-disconnect-0.5,3,2,0.5,0,0,False,0,0
s02-r1-disconnect-0.5,4,2,0.5,0,0,False,0,0
s02-r1-disconnect-0.5,5,2,0.5,0,0,False,0,0
s02-r1-disconnect-0.5,6,2,0.5,0,0,False,0,0
s02-r1-disconnect-0.5,7,2,0.5,0,0,False,0,0
s02-r1-disconnect-0.5,8,2,0.5,0,0,False,0,0
s02-r1-disconnect-0.5,9,2,0.5,0,0,False,0,0
s02-r1-disconnect-0.5,10,2,0.5,0,0,False,0,0
s02-r1-disconnect-0.5,11,2,0.5,0,0,False,0,0
s02-r1-disconnect-0.5,12,2,0.5,0,0,False,0,0
s02-r1-disconnect-0.5,13,2,0.5,0,0,False,0,0
s02-r1-disconnect-0.5,14,2,0.5,0,0,False,0,0
s02-r1-disconnect-0.5,15,2,0.5,0,0,False,0,0
s02-r1-disconnect-0.5,16,2,0.5,0,0,False,0,0
s02-r1-disconnect-0.5,17,2,0.5,0,0,False,0,0
s02-r1-disconnect-0.5,18,2,0.5,0,0,False,0,0
s02-r1-disconnect-0.5,19,2,0.5,0,0,False,0,0
s02-r1-disconnect-0.5,20,2,0.5,0,0,False,0,0
s02-r1-disconnect-0.5,21,2,0.5,0,0,False,0,0
s02-r1-disconnect-0.5,22,2,0.5,0,0,False,0,0
s02-r1-disconnect-0.5,23,2,0.5,0,0,False,0,0
s02-r1-disconnect-1,0,2,1.0,0,0,False,0,0
s02-r1-disconnect-1,2,2,1.0,0,0,False,0,0
s02-r1-disconnect-1,3,2,1.0,0,0,False,0,0
s02-r1-disconnect-1,5,2,1.0,0,0,False,0,0
s02-r1-disconnect-1,6,2,1.0,0,0,False,0,0
s02-r1-disconnect-1,7,2,1.0,0,0,False,0,0
s02-r1-disconnect-1,8,2,1.0,0,0,False,0,0
s02-r1-disconnect-1,9,2,1.0,0,0,False,0,0
s02-r1-disconnect-1,10,2,1.0,0,0,False,0,0
s02-r1-disconnect-1,11,2,1.0,0,0,False,0,0
s02-r1-disconnect-1,12,2,1.0,250,0,True,0,0
s02-r1-disconnect-1,13,2,1.0,0,0,False,0,0
s02-r1-disconnect-1,14,2,1.0,0,0,False,0,0
s02-r1-disconnect-1,15,2,1.0,0,0,False,0,0
s02-r1-disconnect-1,16,2,1.0,0,0,False,0,0
s02-r1-disconnect-1,17,2,1.0,0,0,False,0,0
s02-r1-disconnect-1,18,2,1.0,0,0,False,0,0
s02-r1-disconnect-1,19,2,1.0,0,0,False,0,0
s02-r1-disconnect-1,21,2,1.0,0,0,False,0,0
s02-r1-disconnect-1,22,2,1.0,0,0,False,0,0
s02-r1-disconnect-1,23,2,1.0,0,0,False,0,0
s02-r1-disconnect-3,0,2,3.0,0,0,False,0,0
s02-r1-disconnect-3,1,2,3.0,0,0,False,0,0
s02-r1-disconnect-3,4,2,3.0,0,0,False,0,0
s02-r1-disconnect-3,5,2,3.0,0,0,False,0,0
s02-r1-disconnect-3,6,2,3.0,0,0,False,0,0
s02-r1-disconnect-3,7,2,3.0,0,0,False,0,0
s02-r1-disconnect-3,8,2,3.0,0,0,False,0,0
s02-r1-disconnect-3,9,2,3.0,0,0,False,0,0
s02-r1-disconnect-3,10,2,3.0,0,0,False,0,0
s02-r1-disconnect-3,11,2,3.0,0,0,False,0,0
s02-r1-disconnect-3,12,2,3.0,0,0,False,0,0
s02-r1-disconnect-3,14,2,3.0,0,0,False,0,0
s02-r1-disconnect-3,15,2,3.0,0,0,False,0,0
s02-r1-disconnect-3,16,2,3.0,0,0,False,0,0
s02-r1-disconnect-3,17,2,3.0,0,0,False,0,0
s02-r1-disconnect-3,18,2,3.0,0,0,False,0,0
s02-r1-disconnect-3,19,2,3.0,0,0,False,0,0
s02-r1-disconnect-3,20,2,3.0,0,0,False,0,0
s02-r1-disconnect-3,21,2,3.0,0,0,False,0,0
s02-r1-disconnect-3,22,2,3.0,0,0,False,0,0
s02-r1-disconnect-3,23,2,3.0,0,0,False,0,0
s02-r2-disconnect-0.5,0,2,0.5,0,0,False,0,0
s02-r2-disconnect-0.5,1,2,0.5,0,0,False,0,0
s02-r2-disconnect-0.5,2,2,0.5,0,0,False,0,0
s02-r2-disconnect-0.5,3,2,0.5,0,0,False,0,0
s02-r2-disconnect-0.5,4,2,0.5,0,0,False,0,0
s02-r2-disconnect-0.5,5,2,0.5,250,0,True,0,0
s02-r2-disconnect-0.5,6,2,0.5,0,0,False,0,0
s02-r2-disconnect-0.5,8,2,0.5,0,0,False,0,0
s02-r2-disconnect-0.5,9,2,0.5,0,0,False,0,0
s02-r2-disconnect-0.5,10,2,0.5,0,0,False,0,0
s02-r2-disconnect-0.5,11,2,0.5,0,0,False,0,0
s02-r2-disconnect-0.5,12,2,0.5,0,0,False,0,0
s02-r2-disconnect-0.5,13,2,0.5,0,0,False,0,0
s02-r2-disconnect-0.5,14,2,0.5,0,0,False,0,0
s02-r2-disconnect-0.5,15,2,0.5,0,0,False,0,0
s02-r2-disconnect-0.5,16,2,0.5,0,0,False,0,0
s02-r2-disconnect-0.5,18,2,0.5,0,0,False,0,0
s02-r2-disconnect-0.5,19,2,0.5,0,0,False,0,0
s02-r2-disconnect-0.5,20,2,0.5,0,0,False,0,0
s02-r2-disconnect-0.5,21,2,0.5,0,0,False,0,0
s02-r2-disconnect-0.5,22,2,0.5,0,0,False,0,0
s02-r2-disconnect-0.5,23,2,0.5,0,0,False,0,0
s02-r2-disconnect-1,0,2,1.0,0,0,False,0,0
s02-r2-disconnect-1,1,2,1.0,0,0,False,0,0
s02-r2-disconnect-1,2,2,1.0,0,0,False,0,0
s02-r2-disconnect-1,3,2,1.0,0,0,False,0,0
s02-r2-disconnect-1,4,2,1.0,0,0,False,0,0
s02-r2-disconnect-1,5,2,1.0,0,0,False,0,0
s02-r2-disconnect-1,6,2,1.0,0,0,False,0,0
s02-r2-disconnect-1,7,2,1.0,0,0,False,0,0
s02-r2-disconnect-1,8,2,1.0,0,0,False,0,0
s02-r2-disconnect-1,9,2,1.0,0,0,False,0,0
s02-r2-disconnect-1,10,2,1.0,0,0,False,0,0
s02-r2-disconnect-1,11,2,1.0,0,0,False,0,0
s02-r2-disconnect-1,12,2,1.0,0,0,False,0,0
s02-r2-disconnect-1,13,2,1.0,0,0,False,0,0
s02-r2-disconnect-1,14,2,1.0,0,0,False,0,0
s02-r2-disconnect-1,15,2,1.0,0,0,False,0,0
s02-r2-disconnect-1,16,2,1.0,0,0,False,0,0
s02-r2-disconnect-1,17,2,1.0,0,0,False,0,0
s02-r2-disconnect-1,18,2,1.0,0,0,False,0,0
s02-r2-disconnect-1,19,2,1.0,0,0,False,0,0
s02-r2-disconnect-1,20,2,1.0,0,0,False,0,0
s02-r2-disconnect-1,21,2,1.0,0,0,False,0,0
s02-r2-disconnect-1,22,2,1.0,0,0,False,0,0
s02-r2-disconnect-1,23,2,1.0,0,0,False,0,0
s02-r2-disconnect-3,0,2,3.0,0,0,False,0,0
s02-r2-disconnect-3,1,2,3.0,0,0,False,0,0
s02-r2-disconnect-3,2,2,3.0,0,0,False,0,0
s02-r2-disconnect-3,3,2,3.0,0,0,False,0,0
s02-r2-disconnect-3,4,2,3.0,0,0,False,0,0
s02-r2-disconnect-3,6,2,3.0,0,0,False,0,0
s02-r2-disconnect-3,7,2,3.0,0,0,False,0,0
s02-r2-disconnect-3,8,2,3.0,0,0,False,0,0
s02-r2-disconnect-3,9,2,3.0,0,0,False,0,0
s02-r2-disconnect-3,10,2,3.0,0,0,False,0,0
s02-r2-disconnect-3,11,2,3.0,0,0,False,0,0
s02-r2-disconnect-3,12,2,3.0,0,0,False,0,0
s02-r2-disconnect-3,13,2,3.0,0,0,False,0,0
s02-r2-disconnect-3,14,2,3.0,0,0,False,0,0
s02-r2-disconnect-3,15,2,3.0,0,0,False,0,0
s02-r2-disconnect-3,17,2,3.0,0,0,False,0,0
s02-r2-disconnect-3,18,2,3.0,0,0,False,0,0
s02-r2-disconnect-3,19,2,3.0,0,0,False,0,0
s02-r2-disconnect-3,20,2,3.0,0,0,False,0,0
s02-r2-disconnect-3,21,2,3.0,0,0,False,0,0
s02-r2-disconnect-3,22,2,3.0,0,0,False,0,0
s02-r2-disconnect-3,23,2,3.0,0,0,False,0,0
s02-r3-disconnect-0.5,0,2,0.5,0,0,False,0,0
s02-r3-disconnect-0.5,1,2,0.5,0,0,False,0,0
s02-r3-disconnect-0.5,2,2,0.5,0,0,False,0,0
s02-r3-disconnect-0.5,3,2,0.5,0,0,False,0,0
s02-r3-disconnect-0.5,4,2,0.5,0,0,False,0,0
s02-r3-disconnect-0.5,5,2,0.5,0,0,False,0,0
s02-r3-disconnect-0.5,6,2,0.5,0,0,False,0,0
s02-r3-disconnect-0.5,7,2,0.5,0,0,False,0,0
s02-r3-disconnect-0.5,8,2,0.5,0,0,False,0,0
s02-r3-disconnect-0.5,9,2,0.5,0,0,False,0,0
s02-r3-disconnect-0.5,10,2,0.5,0,0,False,0,0
s02-r3-disconnect-0.5,11,2,0.5,0,0,False,0,0
s02-r3-disconnect-0.5,12,2,0.5,0,0,False,0,0
s02-r3-disconnect-0.5,13,2,0.5,0,0,False,0,0
s02-r3-disconnect-0.5,14,2,0.5,0,0,False,0,0
s02-r3-disconnect-0.5,15,2,0.5,0,0,False,0,0
s02-r3-disconnect-0.5,16,2,0.5,0,0,False,0,0
s02-r3-disconnect-0.5,17,2,0.5,0,0,False,0,0
s02-r3-disconnect-0.5,18,2,0.5,0,0,False,0,0
s02-r3-disconnect-0.5,19,2,0.5,0,0,False,0,0
s02-r3-disconnect-0.5,20,2,0.5,0,0,False,0,0
s02-r3-disconnect-0.5,21,2,0.5,0,0,False,0,0
s02-r3-disconnect-0.5,22,2,0.5,0,0,False,0,0
s02-r3-disconnect-0.5,23,2,0.5,0,0,False,0,0
s02-r3-disconnect-1,0,2,1.0,0,0,False,0,0
s02-r3-disconnect-1,1,2,1.0,0,0,False,0,0
s02-r3-disconnect-1,2,2,1.0,0,0,False,0,0
s02-r3-disconnect-1,3,2,1.0,0,0,False,0,0
s02-r3-disconnect-1,4,2,1.0,0,0,False,0,0
s02-r3-disconnect-1,5,2,1.0,0,0,False,0,0
s02-r3-disconnect-1,7,2,1.0,0,0,False,0,0
s02-r3-disconnect-1,8,2,1.0,0,0,False,0,0
s02-r3-disconnect-1,9,2,1.0,0,0,False,0,0
s02-r3-disconnect-1,10,2,1.0,0,0,False,0,0
s02-r3-disconnect-1,11,2,1.0,0,0,False,0,0
s02-r3-disconnect-1,12,2,1.0,0,0,False,0,0
s02-r3-disconnect-1,13,2,1.0,250,0,True,0,0
s02-r3-disconnect-1,14,2,1.0,0,0,False,0,0
s02-r3-disconnect-1,15,2,1.0,0,0,False,0,0
s02-r3-disconnect-1,16,2,1.0,0,0,False,0,0
s02-r3-disconnect-1,18,2,1.0,0,0,False,0,0
s02-r3-disconnect-1,19,2,1.0,0,0,False,0,0
s02-r3-disconnect-1,20,2,1.0,0,0,False,0,0
s02-r3-disconnect-1,21,2,1.0,0,0,False,0,0
s02-r3-disconnect-1,22,2,1.0,0,0,False,0,0
s02-r3-disconnect-1,23,2,1.0,0,0,False,0,0
s02-r3-disconnect-3,0,2,3.0,0,0,False,0,0
s02-r3-disconnect-3,1,2,3.0,0,0,False,0,0
s02-r3-disconnect-3,2,2,3.0,0,0,False,0,0
s02-r3-disconnect-3,3,2,3.0,0,0,False,0,0
s02-r3-disconnect-3,4,2,3.0,0,0,False,0,0
s02-r3-disconnect-3,5,2,3.0,0,0,False,0,0
s02-r3-disconnect-3,6,2,3.0,0,0,False,0,0
s02-r3-disconnect-3,7,2,3.0,0,0,False,0,0
s02-r3-disconnect-3,8,2,3.0,0,0,False,0,0
s02-r3-disconnect-3,9,2,3.0,0,0,False,0,0
s02-r3-disconnect-3,10,2,3.0,0,0,False,0,0
s02-r3-disconnect-3,12,2,3.0,0,0,False,0,0
s02-r3-disconnect-3,13,2,3.0,0,0,False,0,0
s02-r3-disconnect-3,14,2,3.0,0,0,False,0,0
s02-r3-disconnect-3,15,2,3.0,0,0,False,0,0
s02-r3-disconnect-3,16,2,3.0,0,0,False,0,0
s02-r3-disconnect-3,17,2,3.0,0,0,False,0,0
s02-r3-disconnect-3,18,2,3.0,0,0,False,0,0
s02-r3-disconnect-3,19,2,3.0,0,0,False,0,0
s02-r3-disconnect-3,20,2,3.0,0,0,False,0,0
s02-r3-disconnect-3,21,2,3.0,0,0,False,0,0
s02-r3-disconnect-3,22,2,3.0,0,0,False,0,0
s02-r3-disconnect-3,23,2,3.0,0,0,False,0,0
s02-r4-disconnect-0.5,0,2,0.5,0,0,False,0,0
s02-r4-disconnect-0.5,1,2,0.5,0,0,False,0,0
s02-r4-disconnect-0.5,2,2,0.5,0,0,False,0,0
s02-r4-disconnect-0.5,3,2,0.5,0,0,False,0,0
s02-r4-disconnect-0.5,4,2,0.5,0,0,False,0,0
s02-r4-disconnect-0.5,5,2,0.5,0,0,False,0,0
s02-r4-disconnect-0.5,6,2,0.5,0,0,False,0,0
s02-r4-disconnect-0.5,7,2,0.5,0,0,False,0,0
s02-r4-disconnect-0.5,9,2,0.5,0,0,False,0,0
s02-r4-disconnect-0.5,10,2,0.5,0,0,False,0,0
s02-r4-disconnect-0.5,11,2,0.5,250,0,True,0,0
s02-r4-disconnect-0.5,12,2,0.5,0,0,False,0,0
s02-r4-disconnect-0.5,13,2,0.5,0,0,False,0,0
s02-r4-disconnect-0.5,14,2,0.5,0,0,False,0,0
s02-r4-disconnect-0.5,15,2,0.5,170,0,True,0,0
s02-r4-disconnect-0.5,16,2,0.5,0,0,False,0,0
s02-r4-disconnect-0.5,17,2,0.5,0,0,False,0,0
s02-r4-disconnect-0.5,18,2,0.5,0,0,False,0,0
s02-r4-disconnect-0.5,19,2,0.5,0,0,False,0,0
s02-r4-disconnect-0.5,20,2,0.5,0,0,False,0,0
s02-r4-disconnect-0.5,21,2,0.5,0,0,False,0,0
s02-r4-disconnect-0.5,22,2,0.5,0,0,False,0,0
s02-r4-disconnect-0.5,23,2,0.5,0,0,False,0,0
s02-r4-disconnect-1,0,2,1.0,0,0,False,0,0
s02-r4-disconnect-1,1,2,1.0,0,0,False,0,0
s02-r4-disconnect-1,2,2,1.0,0,0,False,0,0
s02-r4-disconnect-1,3,2,1.0,0,0,False,0,0
s02-r4-disconnect-1,4,2,1.0,0,0,False,0,0
s02-r4-disconnect-1,5,2,1.0,0,0,False,0,0
s02-r4-disconnect-1,6,2,1.0,0,0,False,0,0
s02-r4-disconnect-1,7,2,1.0,0,0,False,0,0
s02-r4-disconnect-1,8,2,1.0,0,0,False,0,0
s02-r4-disconnect-1,9,2,1.0,0,0,False,0,0
s02-r4-disconnect-1,10,2,1.0,0,0,False,0,0
s02-r4-disconnect-1,11,2,1.0,0,0,False,0,0
s02-r4-disconnect-1,12,2,1.0,0,0,False,0,0
s02-r4-disconnect-1,13,2,1.0,0,0,False,0,0
s02-r4-disconnect-1,14,2,1.0,0,0,False,0,0
s02-r4-disconnect-1,15,2,1.0,0,0,False,0,0
s02-r4-disconnect-1,16,2,1.0,0,0,False,0,0
s02-r4-disconnect-1,17,2,1.0,0,0,False,0,0
s02-r4-disconnect-1,18,2,1.0,0,0,False,0,0
s02-r4-disconnect-1,19,2,1.0,0,0,False,0,0
s02-r4-disconnect-1,20,2,1.0,0,0,False,0,0
s02-r4-disconnect-1,21,2,1.0,0,0,False,0,0
s02-r4-disconnect-1,22,2,1.0,240,0,True,0,0
s02-r4-disconnect-1,23,2,1.0,0,0,False,0,0
s02-r4-disconnect-3,0,2,3.0,0,0,False,0,0
s02-r4-disconnect-3,1,2,3.0,0,0,False,0,0
s02-r4-disconnect-3,2,2,3.0,0,0,False,0,0
s02-r4-disconnect-3,3,2,3.0,0,0,False,0,0
s02-r4-disconnect-3,4,2,3.0,0,0,False,0,0
s02-r4-disconnect-3,5,2,3.0,0,0,False,0,0
s02-r4-disconnect-3,6,2,3.0,0,0,False,0,0
s02-r4-disconnect-3,7,2,3.0,0,0,False,0,0
s02-r4-disconnect-3,8,2,3.0,0,0,False,0,0
s02-r4-disconnect-3,9,2,3.0,0,0,False,0,0
s02-r4-disconnect-3,10,2,3.0,0,0,False,0,0
s02-r4-disconnect-3,11,2,3.0,0,0,False,0,0
s02-r4-disconnect-3,12,2,3.0,0,0,False,0,0
s02-r4-disconnect-3,14,2,3.0,250,0,True,0,0
s02-r4-disconnect-3,15,2,3.0,0,0,False,0,0
s02-r4-disconnect-3,16,2,3.0,0,0,False,0,0
s02-r4-disconnect-3,17,2,3.0,0,0,False,0,0
s02-r4-disconnect-3,19,2,3.0,0,0,False,0,0
s02-r4-disconnect-3,20,2,3.0,0,0,False,0,0
s02-r4-disconnect-3,21,2,3.0,0,0,False,0,0
s02-r4-disconnect-3,22,2,3.0,0,0,False,0,0
s02-r4-disconnect-3,23,2,3.0,0,0,False,0,0
s03-r0-disconnect-0.5,0,3,0.5,0,0,False,0,0
s03-r0-disconnect-0.5,1,3,0.5,0,0,False,0,0
s03-r0-disconnect-0.5,2,3,0.5,0,0,False,0,0
s03-r0-disconnect-0.5,3,3,0.5,0,0,False,0,0
s03-r0-disconnect-0.5,4,3,0.5,0,0,False,0,0
s03-r0-disconnect-0.5,5,3,0.5,0,0,False,0,0
s03-r0-disconnect-0.5,6,3,0.5,0,0,False,0,0
s03-r0-disconnect-0.5,7,3,0.5,0,0,False,0,0
s03-r0-disconnect-0.5,8,3,0.5,0,0,False,0,0
s03-r0-disconnect-0.5,9,3,0.5,0,0,False,0,0
s03-r0-disconnect-0.5,10,3,0.5,0,0,False,0,0
s03-r0-disconnect-0.5,11,3,0.5,0,0,False,0,0
s03-r0-disconnect-0.5,12,3,0.5,0,0,False,0,0
s03-r0-disconnect-0.5,13,3,0.5,0,0,False,0,0
s03-r0-disconnect-0.5,14,3,0.5,0,0,False,0,0
s03-r0-disconnect-0.5,15,3,0.5,0,0,False,0,0
s03-r0-disconnect-0.5,16,3,0.5,0,0,False,0,0
s03-r0-disconnect-0.5,17,3,0.5,0,0,False,0,0
s03-r0-disconnect-0.5,18,3,0.5,0,0,False,0,0
s03-r0-disconnect-0.5,19,3,0.5,0,0,False,0,0
s03-r0-disconnect-0.5,20,3,0.5,0,0,False,0,0
s03-r0-disconnect-0.5,21,3,0.5,0,0,False,0,0
s03-r0-disconnect-0.5,22,3,0.5,0,0,False,0,0
s03-r0-disconnect-0.5,23,3,0.5,0,0,False,0,0
s03-r0-disconnect-1,0,3,1.0,0,0,False,0,0
s03-r0-disconnect-1,1,3,1.0,0,0,False,0,0
s03-r0-disconnect-1,2,3,1.0,0,0,False,0,0
s03-r0-disconnect-1,3,3,1.0,0,0,False,0,0
s03-r0-disconnect-1,4,3,1.0,0,0,False,0,0
s03-r0-disconnect-1,5,3,1.0,0,0,False,0,0
s03-r0-disconnect-1,6,3,1.0,0,0,False,0,0
s03-r0-disconnect-1,7,3,1.0,0,0,False,0,0
s03-r0-disconnect-1,8,3,1.0,0,0,False,0,0
s03-r0-disconnect-1,9,3,1.0,0,0,False,0,0
s03-r0-disconnect-1,10,3,1.0,0,0,False,0,0
s03-r0-disconnect-1,11,3,1.0,0,0,False,0,0
s03-r0-disconnect-1,12,3,1.0,0,0,False,0,0
s03-r0-disconnect-1,13,3,1.0,0,0,False,0,0
s03-r0-disconnect-1,14,3,1.0,0,0,False,0,0
s03-r0-disconnect-1,15,3,1.0,0,0,False,0,0
s03-r0-disconnect-1,16,3,1.0,0,0,False,0,0
s03-r0-disconnect-1,17,3,1.0,0,0,False,0,0
s03-r0-disconnect-1,18,3,1.0,0,0,False,0,0
s03-r0-disconnect-1,19,3,1.0,0,0,False,0,0
s03-r0-disconnect-1,20,3,1.0,0,0,False,0,0
s03-r0-disconnect-1,21,3,1.0,0,0,False,0,0
s03-r0-disconnect-1,22,3,1.0,0,0,False,0,0
s03-r0-disconnect-1,23,3,1.0,0,0,False,0,0
s03-r0-disconnect-3,0,3,3.0,0,0,False,0,0
s03-r0-disconnect-3,1,3,3.0,0,0,False,0,0
s03-r0-disconnect-3,2,3,3.0,0,0,False,0,0
s03-r0-disconnect-3,3,3,3.0,0,0,False,0,0
s03-r0-disconnect-3,4,3,3.0,0,0,False,0,0
s03-r0-disconnect-3,5,3,3.0,0,0,False,0,0
s03-r0-disconnect-3,6,3,3.0,0,0,False,0,0
s03-r0-disconnect-3,7,3,3.0,0,0,False,0,0
s03-r0-disconnect-3,8,3,3.0,0,0,False,0,0
s03-r0-disconnect-3,9,3,3.0,0,0,False,0,0
s03-r0-disconnect-3,10,3,3.0,0,0,False,0,0
s03-r0-disconnect-3,11,3,3.0,0,0,False,0,0
s03-r0-disconnect-3,12,3,3.0,0,0,False,0,0
s03-r0-disconnect-3,13,3,3.0,0,0,False,0,0
s03-r0-disconnect-3,14,3,3.0,0,0,False,0,0
s03-r0-disconnect-3,15,3,3.0,0,0,False,0,0
s03-r0-disconnect-3,16,3,3.0,0,0,False,0,0
s03-r0-disconnect-3,17,3,3.0,0,0,False,0,0
s03-r0-disconnect-3,18,3,3.0,0,0,False,0,0
s03-r0-disconnect-3,19,3,3.0,0,0,False,0,0
s03-r0-disconnect-3,20,3,3.0,0,0,False,0,0
s03-r0-disconnect-3,21,3,3.0,0,0,False,0,0
s03-r0-disconnect-3,22,3,3.0,0,0,False,0,0
s03-r0-disconnect-3,23,3,3.0,0,0,False,0,0
s03-r1-disconnect-0.5,0,3,0.5,0,0,False,0,0
s03-r1-disconnect-0.5,1,3,0.5,0,0,False,0,0
s03-r1-disconnect-0.5,2,3,0.5,0,0,False,0,0
s03-r1-disconnect-0.5,3,3,0.5,0,0,False,0,0
s03-r1-disconnect-0.5,4,3,0.5,0,0,False,0,0
s03-r1-disconnect-0.5,5,3,0.5,0,0,False,0,0
s03-r1-disconnect-0.5,6,3,0.5,0,0,False,0,0
s03-r1-disconnect-0.5,7,3,0.5,0,0,False,0,0
s03-r1-disconnect-0.5,8,3,0.5,0,0,False,0,0
s03-r1-disconnect-0.5,9,3,0.5,0,0,False,0,0
s03-r1-disconnect-0.5,10,3,0.5,0,0,False,0,0
s03-r1-disconnect-0.5,11,3,0.5,0,0,False,0,0
s03-r1-disconnect-0.5,12,3,0.5,0,0,False,0,0
s03-r1-disconnect-0.5,13,3,0.5,0,0,False,0,0
s03-r1-disconnect-0.5,14,3,0.5,0,0,False,0,0
s03-r1-disconnect-0.5,15,3,0.5,0,0,False,0,0
s03-r1-disconnect-0.5,16,3,0.5,0,0,False,0,0
s03-r1-disconnect-0.5,17,3,0.5,0,0,False,0,0
s03-r1-disconnect-0.5,18,3,0.5,0,0,False,0,0
s03-r1-disconnect-0.5,19,3,0.5,240,0,True,0,0
s03-r1-disconnect-0.5,20,3,0.5,0,0,False,0,0
s03-r1-disconnect-0.5,21,3,0.5,0,0,False,0,0
s03-r1-disconnect-0.5,22,3,0.5,0,0,False,0,0
s03-r1-disconnect-0.5,23,3,0.5,0,0,False,0,0
s03-r1-disconnect-1,0,3,1.0,0,0,False,0,0
s03-r1-disconnect-1,1,3,1.0,0,0,False,0,0
s03-r1-disconnect-1,3,3,1.0,0,0,False,0,0
s03-r1-disconnect-1,4,3,1.0,0,0,False,0,0
s03-r1-disconnect-1,7,3,1.0,0,0,False,0,0
s03-r1-disconnect-1,8,3,1.0,0,0,False,0,0
s03-r1-disconnect-1,9,3,1.0,0,0,False,0,0
s03-r1-disconnect-1,10,3,1.0,0,0,False,0,0
s03-r1-disconnect-1,11,3,1.0,0,0,False,0,0
s03-r1-disconnect-1,12,3,1.0,0,0,False,0,0
s03-r1-disconnect-1,13,3,1.0,0,0,False,0,0
s03-r1-disconnect-1,14,3,1.0,0,0,False,0,0
s03-r1-disconnect-1,16,3,1.0,0,0,False,0,0
s03-r1-disconnect-1,17,3,1.0,120,0,True,0,0
s03-r1-disconnect-1,18,3,1.0,0,0,False,0,0
s03-r1-disconnect-1,19,3,1.0,0,0,False,0,0
s03-r1-disconnect-1,20,3,1.0,0,0,False,0,0
s03-r1-disconnect-1,21,3,1.0,0,0,False,0,0
s03-r1-disconnect-1,22,3,1.0,0,0,False,0,0
s03-r1-disconnect-1,23,3,1.0,0,0,False,0,0
s03-r1-disconnect-3,0,3,3.0,0,0,False,0,0
s03-r1-disconnect-3,1,3,3.0,0,0,False,0,0
s03-r1-disconnect-3,2,3,3.0,0,0,False,0,0
s03-r1-disconnect-3,3,3,3.0,0,0,False,0,0
s03-r1-disconnect-3,4,3,3.0,0,0,False,0,0
s03-r1-disconnect-3,5,3,3.0,0,0,False,0,0
s03-r1-disconnect-3,6,3,3.0,0,0,False,0,0
s03-r1-disconnect-3,7,3,3.0,0,0,False,0,0
s03-r1-disconnect-3,8,3,3.0,0,0,False,0,0
s03-r1-disconnect-3,9,3,3.0,0,0,False,0,0
s03-r1-disconnect-3,10,3,3.0,0,0,False,0,0
s03-r1-disconnect-3,11,3,3.0,0,210,True,0,0
s03-r1-disconnect-3,14,3,3.0,0,0,False,0,0
s03-r1-disconnect-3,15,3,3.0,0,0,False,0,0
s03-r1-disconnect-3,16,3,3.0,0,0,False,0,0
s03-r1-disconnect-3,17,3,3.0,0,0,False,0,0
s03-r1-disconnect-3,18,3,3.0,0,0,False,0,0
s03-r1-disconnect-3,19,3,3.0,0,0,False,0,0
s03-r1-disconnect-3,20,3,3.0,0,0,False,0,0
s03-r1-disconnect-3,21,3,3.0,0,0,False,0,0
s03-r1-disconnect-3,22,3,3.0,0,0,False,0,0
s03-r1-disconnect-3,23,3,3.0,0,0,False,0,0
s03-r2-disconnect-0.5,0,3,0.5,0,0,False,0,0
s03-r2-disconnect-0.5,1,3,0.5,0,0,False,0,0
s03-r2-disconnect-0.5,3,3,0.5,0,0,False,0,0
s03-r2-disconnect-0.5,4,3,0.5,0,0,False,0,0
s03-r2-disconnect-0.5,5,3,0.5,0,0,False,0,0
s03-r2-disconnect-0.5,6,3,0.5,0,0,False,0,0
s03-r2-disconnect-0.5,7,3,0.5,0,0,False,0,0
s03-r2-disconnect-0.5,8,3,0.5,0,0,False,0,0
s03-r2-disconnect-0.5,9,3,0.5,0,0,False,0,0
s03-r2-disconnect-0.5,10,3,0.5,0,0,False,0,0
s03-r2-disconnect-0.5,12,3,0.5,0,0,False,0,0
s03-r2-disconnect-0.5,13,3,0.5,0,0,False,0,0
s03-r2-disconnect-0.5,14,3,0.5,0,0,False,0,0
s03-r2-disconnect-0.5,15,3,0.5,0,0,False,0,0
s03-r2-disconnect-0.5,16,3,0.5,0,0,False,0,0
s03-r2-disconnect-0.5,17,3,0.5,0,0,False,0,0
s03-r2-disconnect-0.5,18,3,0.5,250,0,True,0,0
s03-r2-disconnect-0.5,19,3,0.5,0,0,False,0,0
s03-r2-disconnect-0.5,20,3,0.5,0,0,False,0,0
s03-r2-disconnect-0.5,21,3,0.5,0,0,False,0,0
s03-r2-disconnect-0.5,22,3,0.5,0,0,False,0,0
s03-r2-disconnect-0.5,23,3,0.5,0,0,False,0,0
s03-r2-disconnect-1,0,3,1.0,0,0,False,0,0
s03-r2-disconnect-1,1,3,1.0,0,0,False,0,0
s03-r2-disconnect-1,2,3,1.0,0,0,False,0,0
s03-r2-disconnect-1,3,3,1.0,0,0,False,0,0
s03-r2-disconnect-1,4,3,1.0,0,0,False,0,0
s03-r2-disconnect-1,5,3,1.0,0,0,False,0,0
s03-r2-disconnect-1,6,3,1.0,0,0,False,0,0
s03-r2-disconnect-1,7,3,1.0,0,0,False,0,0
s03-r2-disconnect-1,8,3,1.0,0,0,False,0,0
s03-r2-disconnect-1,9,3,1.0,0,0,False,0,0
s03-r2-disconnect-1,10,3,1.0,0,0,False,0,0
s03-r2-disconnect-1,11,3,1.0,0,0,False,0,0
s03-r2-disconnect-1,12,3,1.0,0,0,False,0,0
s03-r2-disconnect-1,14,3,1.0,0,0,False,0,0
s03-r2-disconnect-1,15,3,1.0,0,0,False,0,0
s03-r2-disconnect-1,16,3,1.0,0,0,False,0,0
s03-r2-disconnect-1,18,3,1.0,0,0,False,0,0
s03-r2-disconnect-1,19,3,1.0,0,0,False,0,0
s03-r2-disconnect-1,20,3,1.0,0,0,False,0,0
s03-r2-disconnect-1,21,3,1.0,0,0,False,0,0
s03-r2-disconnect-1,22,3,1.0,0,0,False,0,0
s03-r2-disconnect-1,23,3,1.0,0,0,False,0,0
s03-r2-disconnect-3,0,3,3.0,0,0,False,0,0
s03-r2-disconnect-3,1,3,3.0,0,0,False,0,0
s03-r2-disconnect-3,3,3,3.0,0,0,False,0,0
s03-r2-disconnect-3,4,3,3.0,0,0,False,0,0
s03-r2-disconnect-3,5,3,3.0,0,0,False,0,0
s03-r2-disconnect-3,6,3,3.0,0,0,False,0,0
s03-r2-disconnect-3,7,3,3.0,0,0,False,0,0
s03-r2-disconnect-3,9,3,3.0,0,0,False,0,0
s03-r2-disconnect-3,10,3,3.0,0,0,False,0,0
s03-r2-disconnect-3,11,3,3.0,0,0,False,0,0
s03-r2-disconnect-3,12,3,3.0,0,0,False,0,0
s03-r2-disconnect-3,13,3,3.0,0,0,False,0,0
s03-r2-disconnect-3,14,3,3.0,0,0,False,0,0
s03-r2-disconnect-3,15,3,3.0,0,0,False,0,0
s03-r2-disconnect-3,16,3,3.0,0,0,False,0,0
s03-r2-disconnect-3,17,3,3.0,0,0,False,0,0
s03-r2-disconnect-3,18,3,3.0,0,0,False,0,0
s03-r2-disconnect-3,19,3,3.0,0,0,False,0,0
s03-r2-disconnect-3,20,3,3.0,0,0,False,0,0
s03-r2-disconnect-3,21,3,3.0,0,0,False,0,0
s03-r2-disconnect-3,22,3,3.0,0,0,False,0,0
s03-r2-disconnect-3,23,3,3.0,0,0,False,0,0
s03-r3-disconnect-0.5,0,3,0.5,0,0,False,0,0
s03-r3-disconnect-0.5,1,3,0.5,0,0,False,0,0
s03-r3-disconnect-0.5,3,3,0.5,250,0,True,0,0
s03-r3-disconnect-0.5,4,3,0.5,0,0,False,0,0
s03-r3-disconnect-0.5,5,3,0.5,0,0,False,0,0
s03-r3-disconnect-0.5,6,3,0.5,0,0,False,0,0
s03-r3-disconnect-0.5,7,3,0.5,0,0,False,0,0
s03-r3-disconnect-0.5,8,3,0.5,0,0,False,0,0
s03-r3-disconnect-0.5,9,3,0.5,0,0,False,0,0
s03-r3-disconnect-0.5,10,3,0.5,0,0,False,0,0
s03-r3-disconnect-0.5,11,3,0.5,0,0,False,0,0
s03-r3-disconnect-0.5,12,3,0.5,0,0,False,0,0
s03-r3-disconnect-0.5,13,3,0.5,0,0,False,0,0
s03-r3-disconnect-0.5,14,3,0.5,0,0,False,0,0
s03-r3-disconnect-0.5,15,3,0.5,0,0,False,0,0
s03-r3-disconnect-0.5,16,3,0.5,0,0,False,0,0
s03-r3-disconnect-0.5,17,3,0.5,0,0,False,0,0
s03-r3-disconnect-0.5,18,3,0.5,0,0,False,0,0
s03-r3-disconnect-0.5,19,3,0.5,0,0,False,0,0
s03-r3-disconnect-0.5,20,3,0.5,0,0,False,0,0
s03-r3-disconnect-0.5,21,3,0.5,0,0,False,0,0
s03-r3-disconnect-0.5,22,3,0.5,0,0,False,0,0
s03-r3-disconnect-0.5,23,3,0.5,0,0,False,0,0
s03-r3-disconnect-1,0,3,1.0,0,0,False,0,0
s03-r3-disconnect-1,1,3,1.0,0,0,False,0,0
s03-r3-disconnect-1,2,3,1.0,0,0,False,0,0
s03-r3-disconnect-1,3,3,1.0,0,0,False,0,0
s03-r3-disconnect-1,4,3,1.0,0,0,False,0,0
s03-r3-disconnect-1,5,3,1.0,0,0,False,0,0
s03-r3-disconnect-1,6,3,1.0,0,0,False,0,0
s03-r3-disconnect-1,7,3,1.0,0,0,False,0,0
s03-r3-disconnect-1,8,3,1.0,0,0,False,0,0
s03-r3-disconnect-1,10,3,1.0,0,0,False,0,0
s03-r3-disconnect-1,11,3,1.0,0,0,False,0,0
s03-r3-disconnect-1,12,3,1.0,0,0,False,0,0
s03-r3-disconnect-1,13,3,1.0,0,0,False,0,0
s03-r3-disconnect-1,14,3,1.0,0,0,False,0,0
s03-r3-disconnect-1,15,3,1.0,0,0,False,0,0
s03-r3-disconnect-1,16,3,1.0,0,0,False,0,0
s03-r3-disconnect-1,17,3,1.0,0,0,False,0,0
s03-r3-disconnect-1,18,3,1.0,0,0,False,0,0
s03-r3-disconnect-1,19,3,1.0,0,0,False,0,0
s03-r3-disconnect-1,20,3,1.0,0,0,False,0,0
s03-r3-disconnect-1,21,3,1.0,0,0,False,0,0
s03-r3-disconnect-1,22,3,1.0,0,0,False,0,0
s03-r3-disconnect-1,23,3,1.0,0,0,False,0,0
s03-r3-disconnect-3,0,3,3.0,0,0,False,0,0
s03-r3-disconnect-3,1,3,3.0,0,0,False,0,0
s03-r3-disconnect-3,2,3,3.0,0,0,False,0,0
s03-r3-disconnect-3,3,3,3.0,0,0,False,0,0
s03-r3-disconnect-3,4,3,3.0,0,0,False,0,0
s03-r3-disconnect-3,5,3,3.0,0,0,False,0,0
s03-r3-disconnect-3,6,3,3.0,0,0,False,0,0
s03-r3-disconnect-3,7,3,3.0,0,0,False,0,0
s03-r3-disconnect-3,8,3,3.0,0,0,False,0,0
s03-r3-disconnect-3,9,3,3.0,0,0,False,0,0
s03-r3-disconnect-3,10,3,3.0,0,0,False,0,0
s03-r3-disconnect-3,11,3,3.0,0,0,False,0,0
s03-r3-disconnect-3,12,3,3.0,0,0,False,0,0
s03-r3-disconnect-3,13,3,3.0,0,0,False,0,0
s03-r3-disconnect-3,14,3,3.0,0,0,False,0,0
s03-r3-disconnect-3,16,3,3.0,0,0,False,0,0
s03-r3-disconnect-3,17,3,3.0,0,0,False,0,0
s03-r3-disconnect-3,18,3,3.0,0,0,False,0,0
s03-r3-disconnect-3,19,3,3.0,0,0,False,0,0
s03-r3-disconnect-3,20,3,3.0,0,0,False,0,0
s03-r3-disconnect-3,22,3,3.0,0,0,False,0,0
s03-r3-disconnect-3,23,3,3.0,0,0,False,0,0
s03-r4-disconnect-0.5,0,3,0.5,0,0,False,0,0
s03-r4-disconnect-0.5,1,3,0.5,0,0,False,0,0
s03-r4-disconnect-0.5,2,3,0.5,0,0,False,0,0
s03-r4-disconnect-0.5,3,3,0.5,0,0,False,0,0
s03-r4-disconnect-0.5,4,3,0.5,0,0,False,0,0
s03-r4-disconnect-0.5,5,3,0.5,0,0,False,0,0
s03-r4-disconnect-0.5,6,3,0.5,0,0,False,0,0
s03-r4-disconnect-0.5,7,3,0.5,0,0,False,0,0
s03-r4-disconnect-0.5,8,3,0.5,0,0,False,0,0
s03-r4-disconnect-0.5,9,3,0.5,0,0,False,0,0
s03-r4-disconnect-0.5,10,3,0.5,0,0,False,0,0
s03-r4-disconnect-0.5,11,3,0.5,0,0,False,0,0
s03-r4-disconnect-0.5,12,3,0.5,0,0,False,0,0
s03-r4-disconnect-0.5,13,3,0.5,0,0,False,0,0
s03-r4-disconnect-0.5,14,3,0.5,0,0,False,0,0
s03-r4-disconnect-0.5,15,3,0.5,0,0,False,0,0
s03-r4-disconnect-0.5,16,3,0.5,0,0,False,0,0
s03-r4-disconnect-0.5,17,3,0.5,0,0,False,0,0
s03-r4-disconnect-0.5,18,3,0.5,0,0,False,0,0
s03-r4-disconnect-0.5,19,3,0.5,0,0,False,0,0
s03-r4-disconnect-0.5,20,3,0.5,0,0,False,0,0
s03-r4-disconnect-0.5,21,3,0.5,0,0,False,0,0
s03-r4-disconnect-0.5,22,3,0.5,230,0,True,0,0
s03-r4-disconnect-0.5,23,3,0.5,0,0,False,0,0
s03-r4-disconnect-1,0,3,1.0,0,0,False,0,0
s03-r4-disconnect-1,1,3,1.0,0,0,False,0,0
s03-r4-disconnect-1,3,3,1.0,0,0,False,0,0
s03-r4-disconnect-1,4,3,1.0,70,0,True,0,0
s03-r4-disconnect-1,5,3,1.0,0,0,False,0,0
s03-r4-disconnect-1,6,3,1.0,0,0,False,0,0
s03-r4-disconnect-1,7,3,1.0,0,0,False,0,0
s03-r4-disconnect-1,8,3,1.0,0,0,False,0,0
s03-r4-disconnect-1,9,3,1.0,0,0,False,0,0
s03-r4-disconnect-1,10,3,1.0,0,0,False,0,0
s03-r4-disconnect-1,11,3,1.0,0,0,False,0,0
s03-r4-disconnect-1,12,3,1.0,0,0,False,0,0
s03-r4-disconnect-1,13,3,1.0,0,0,False,0,0
s03-r4-disconnect-1,14,3,1.0,0,0,False,0,0
s03-r4-disconnect-1,15,3,1.0,0,0,False,0,0
s03-r4-disconnect-1,16,3,1.0,0,0,False,0,0
s03-r4-disconnect-1,17,3,1.0,0,0,False,0,0
s03-r4-disconnect-1,18,3,1.0,0,0,False,0,0
s03-r4-disconnect-1,19,3,1.0,0,0,False,0,0
s03-r4-disconnect-1,20,3,1.0,0,0,False,0,0
s03-r4-disconnect-1,21,3,1.0,0,0,False,0,0
s03-r4-disconnect-1,23,3,1.0,0,0,False,0,0
s03-r4-disconnect-3,0,3,3.0,0,0,False,0,0
s03-r4-disconnect-3,1,3,3.0,0,0,False,0,0
s03-r4-disconnect-3,2,3,3.0,0,0,False,0,0
s03-r4-disconnect-3,3,3,3.0,0,0,False,0,0
s03-r4-disconnect-3,4,3,3.0,0,0,False,0,0
s03-r4-disconnect-3,5,3,3.0,0,0,False,0,0
s03-r4-disconnect-3,6,3,3.0,0,0,False,0,0
s03-r4-disconnect-3,7,3,3.0,0,0,False,0,0
s03-r4-disconnect-3,8,3,3.0,0,0,False,0,0
s03-r4-disconnect-3,9,3,3.0,0,0,False,0,0
s03-r4-disconnect-3,10,3,3.0,0,0,False,0,0
s03-r4-disconnect-3,11,3,3.0,0,0,False,0,0
s03-r4-disconnect-3,12,3,3.0,0,0,False,0,0
s03-r4-disconnect-3,13,3,3.0,0,0,False,0,0
s03-r4-disconnect-3,14,3,3.0,0,0,False,0,0
s03-r4-disconnect-3,15,3,3.0,0,0,False,0,0
s03-r4-disconnect-3,16,3,3.0,0,0,False,0,0
s03-r4-disconnect-3,17,3,3.0,0,0,False,0,0
s03-r4-disconnect-3,18,3,3.0,0,0,False,0,0
s03-r4-disconnect-3,19,3,3.0,0,90,True,0,0
s03-r4-disconnect-3,20,3,3.0,250,90,True,0,0
s03-r4-disconnect-3,21,3,3.0,0,0,False,0,0
s03-r4-disconnect-3,22,3,3.0,0,0,False,0,0
s03-r4-disconnect-3,23,3,3.0,0,0,False,0,0
s04-r0-disconnect-0.5,0,4,0.5,0,0,False,0,0
s04-r0-disconnect-0.5,1,4,0.5,0,0,False,0,0
s04-r0-disconnect-0.5,2,4,0.5,0,0,False,0,0
s04-r0-disconnect-0.5,4,4,0.5,0,0,False,0,0
s04-r0-disconnect-0.5,5,4,0.5,0,0,False,0,0
s04-r0-disconnect-0.5,6,4,0.5,0,0,False,0,0
s04-r0-disconnect-0.5,7,4,0.5,0,0,False,0,0
s04-r0-disconnect-0.5,8,4,0.5,0,0,False,0,0
s04-r0-disconnect-0.5,9,4,0.5,0,0,False,0,0
s04-r0-disconnect-0.5,10,4,0.5,0,0,False,0,0
s04-r0-disconnect-0.5,12,4,0.5,0,0,False,0,0
s04-r0-disconnect-0.5,13,4,0.5,0,0,False,0,0
s04-r0-disconnect-0.5,14,4,0.5,0,0,False,0,0
s04-r0-disconnect-0.5,15,4,0.5,0,0,False,0,0
s04-r0-disconnect-0.5,16,4,0.5,0,0,False,0,0
s04-r0-disconnect-0.5,17,4,0.5,0,0,False,0,0
s04-r0-disconnect-0.5,18,4,0.5,0,0,False,0,0
s04-r0-disconnect-0.5,19,4,0.5,0,0,False,0,0
s04-r0-disconnect-0.5,20,4,0.5,0,0,False,0,0
s04-r0-disconnect-0.5,21,4,0.5,0,0,False,0,0
s04-r0-disconnect-0.5,22,4,0.5,0,0,False,0,0
s04-r0-disconnect-0.5,23,4,0.5,0,0,False,0,0
s04-r0-disconnect-1,0,4,1.0,0,0,False,0,0
s04-r0-disconnect-1,1,4,1.0,0,0,False,0,0
s04-r0-disconnect-1,2,4,1.0,0,0,False,0,0
s04-r0-disconnect-1,3,4,1.0,0,0,False,0,0
s04-r0-disconnect-1,4,4,1.0,0,0,False,0,0
s04-r0-disconnect-1,5,4,1.0,0,0,False,0,0
s04-r0-disconnect-1,6,4,1.0,0,0,False,0,0
s04-r0-disconnect-1,7,4,1.0,0,0,False,0,0
s04-r0-disconnect-1,8,4,1.0,0,0,False,0,0
s04-r0-disconnect-1,10,4,1.0,0,0,False,0,0
s04-r0-disconnect-1,11,4,1.0,0,0,False,0,0
s04-r0-disconnect-1,12,4,1.0,0,0,False,0,0
s04-r0-disconnect-1,13,4,1.0,0,0,False,0,0
s04-r0-disconnect-1,14,4,1.0,0,0,False,0,0
s04-r0-disconnect-1,15,4,1.0,0,0,False,0,0
s04-r0-disconnect-1,16,4,1.0,0,0,False,0,0
s04-r0-disconnect-1,17,4,1.0,0,0,False,0,0
s04-r0-disconnect-1,18,4,1.0,0,0,False,0,0
s04-r0-disconnect-1,19,4,1.0,0,0,False,0,0
s04-r0-disconnect-1,20,4,1.0,0,0,False,0,0
s04-r0-disconnect-1,21,4,1.0,0,0,False,0,0
s04-r0-disconnect-1,22,4,1.0,0,0,False,0,0
s04-r0-disconnect-1,23,4,1.0,0,0,False,0,0
s04-r0-disconnect-3,0,4,3.0,0,0,False,0,0
s04-r0-disconnect-3,1,4,3.0,0,0,False,0,0
s04-r0-disconnect-3,2,4,3.0,0,0,False,0,0
s04-r0-disconnect-3,3,4,3.0,0,0,False,0,0
s04-r0-disconnect-3,4,4,3.0,0,0,False,0,0
s04-r0-disconnect-3,5,4,3.0,0,0,False,0,0
s04-r0-disconnect-3,6,4,3.0,0,0,False,0,0
s04-r0-disconnect-3,7,4,3.0,0,0,False,0,0
s04-r0-disconnect-3,8,4,3.0,0,0,False,0,0
s04-r0-disconnect-3,9,4,3.0,0,0,False,0,0
s04-r0-disconnect-3,10,4,3.0,0,0,False,0,0
s04-r0-disconnect-3,11,4,3.0,0,0,False,0,0
s04-r0-disconnect-3,12,4,3.0,0,0,False,0,0
s04-r0-disconnect-3,13,4,3.0,0,0,False,0,0
s04-r0-disconnect-3,14,4,3.0,130,0,True,0,0
s04-r0-disconnect-3,15,4,3.0,0,0,False,0,0
s04-r0-disconnect-3,16,4,3.0,0,20,True,0,0
s04-r0-disconnect-3,17,4,3.0,250,0,True,0,0
s04-r0-disconnect-3,18,4,3.0,0,0,False,0,0
s04-r0-disconnect-3,19,4,3.0,0,0,False,0,0
s04-r0-disconnect-3,20,4,3.0,0,0,False,0,0
s04-r0-disconnect-3,21,4,3.0,0,100,True,0,0
s04-r0-disconnect-3,22,4,3.0,0,0,False,0,0
s04-r0-disconnect-3,23,4,3.0,0,0,False,0,0
s04-r1-disconnect-0.5,0,4,0.5,0,0,False,0,0
s04-r1-disconnect-0.5,1,4,0.5,0,0,False,0,0
s04-r1-disconnect-0.5,2,4,0.5,0,0,False,0,0
s04-r1-disconnect-0.5,3,4,0.5,0,0,False,0,0
s04-r1-disconnect-0.5,4,4,0.5,0,0,False,0,0
s04-r1-disconnect-0.5,5,4,0.5,0,0,False,0,0
s04-r1-disconnect-0.5,6,4,0.5,0,0,False,0,0
s04-r1-disconnect-0.5,7,4,0.5,100,0,True,0,0
s04-r1-disconnect-0.5,8,4,0.5,0,0,False,0,0
s04-r1-disconnect-0.5,9,4,0.5,0,0,False,0,0
s04-r1-disconnect-0.5,10,4,0.5,0,0,False,0,0
s04-r1-disconnect-0.5,11,4,0.5,0,0,False,0,0
s04-r1-disconnect-0.5,12,4,0.5,0,0,False,0,0
s04-r1-disconnect-0.5,13,4,0.5,0,0,False,0,0
s04-r1-disconnect-0.5,14,4,0.5,0,0,False,0,0
s04-r1-disconnect-0.5,15,4,0.5,0,0,False,0,0
s04-r1-disconnect-0.5,16,4,0.5,0,0,False,0,0
s04-r1-disconnect-0.5,17,4,0.5,250,0,True,0,0
s04-r1-disconnect-0.5,18,4,0.5,0,0,False,0,0
s04-r1-disconnect-0.5,19,4,0.5,0,0,False,0,0
s04-r1-disconnect-0.5,20,4,0.5,0,0,False,0,0
s04-r1-disconnect-0.5,21,4,0.5,0,0,False,0,0
s04-r1-disconnect-0.5,22,4,0.5,0,0,False,0,0
s04-r1-disconnect-0.5,23,4,0.5,0,0,False,0,0
s04-r1-disconnect-1,0,4,1.0,0,0,False,0,0
s04-r1-disconnect-1,1,4,1.0,0,0,False,0,0
s04-r1-disconnect-1,2,4,1.0,0,0,False,0,0
s04-r1-disconnect-1,3,4,1.0,0,0,False,0,0
s04-r1-disconnect-1,4,4,1.0,0,0,False,0,0
s04-r1-disconnect-1,6,4,1.0,0,0,False,0,0
s04-r1-disconnect-1,7,4,1.0,0,0,False,0,0
s04-r1-disconnect-1,8,4,1.0,0,0,False,0,0
s04-r1-disconnect-1,9,4,1.0,0,0,False,0,0
s04-r1-disconnect-1,10,4,1.0,0,0,False,0,0
s04-r1-disconnect-1,11,4,1.0,0,0,False,0,0
s04-r1-disconnect-1,12,4,1.0,0,0,False,0,0
s04-r1-disconnect-1,13,4,1.0,0,0,False,0,0
s04-r1-disconnect-1,14,4,1.0,0,0,False,0,0
s04-r1-disconnect-1,15,4,1.0,0,0,False,0,0
s04-r1-disconnect-1,16,4,1.0,0,0,False,0,0
s04-r1-disconnect-1,17,4,1.0,0,0,False,0,0
s04-r1-disconnect-1,18,4,1.0,0,0,False,0,0
s04-r1-disconnect-1,19,4,1.0,0,0,False,0,0
s04-r1-disconnect-1,20,4,1.0,0,0,False,0,0
s04-r1-disconnect-1,21,4,1.0,0,0,False,0,0
s04-r1-disconnect-1,22,4,1.0,0,0,False,0,0
s04-r1-disconnect-1,23,4,1.0,0,0,False,0,0
s04-r1-disconnect-3,0,4,3.0,0,0,False,0,0
s04-r1-disconnect-3,1,4,3.0,0,0,False,0,0
s04-r1-disconnect-3,2,4,3.0,0,0,False,0,0
s04-r1-disconnect-3,3,4,3.0,0,0,False,0,0
s04-r1-disconnect-3,4,4,3.0,0,0,False,0,0
s04-r1-disconnect-3,5,4,3.0,0,0,False,0,0
s04-r1-disconnect-3,6,4,3.0,0,0,False,0,0
s04-r1-disconnect-3,7,4,3.0,0,0,False,0,0
s04-r1-disconnect-3,8,4,3.0,0,0,False,0,0
s04-r1-disconnect-3,10,4,3.0,0,0,False,0,0
s04-r1-disconnect-3,11,4,3.0,0,0,False,0,0
s04-r1-disconnect-3,12,4,3.0,0,0,False,0,0
s04-r1-disconnect-3,13,4,3.0,0,0,False,0,0
s04-r1-disconnect-3,14,4,3.0,0,0,False,0,0
s04-r1-disconnect-3,15,4,3.0,0,0,False,0,0
s04-r1-disconnect-3,16,4,3.0,0,0,False,0,0
s04-r1-disconnect-3,17,4,3.0,0,0,False,0,0
s04-r1-disconnect-3,19,4,3.0,0,0,False,0,0
s04-r1-disconnect-3,20,4,3.0,0,0,False,0,0
s04-r1-disconnect-3,21,4,3.0,0,0,False,0,0
s04-r1-disconnect-3,22,4,3.0,0,0,False,0,0
s04-r1-disconnect-3,23,4,3.0,0,0,False,0,0
s04-r2-disconnect-0.5,0,4,0.5,0,0,False,0,0
s04-r2-disconnect-0.5,1,4,0.5,0,0,False,0,0
s04-r2-disconnect-0.5,2,4,0.5,0,0,False,0,0
s04-r2-disconnect-0.5,3,4,0.5,0,0,False,0,0
s04-r2-disconnect-0.5,5,4,0.5,0,0,False,0,0
s04-r2-disconnect-0.5,6,4,0.5,0,0,False,0,0
s04-r2-disconnect-0.5,8,4,0.5,0,0,False,0,0
s04-r2-disconnect-0.5,9,4,0.5,0,0,False,0,0
s04-r2-disconnect-0.5,10,4,0.5,0,0,False,0,0
s04-r2-disconnect-0.5,11,4,0.5,0,0,False,0,0
s04-r2-disconnect-0.5,12,4,0.5,0,0,False,0,0
s04-r2-disconnect-0.5,13,4,0.5,0,0,False,0,0
s04-r2-disconnect-0.5,14,4,0.5,0,0,False,0,0
s04-r2-disconnect-0.5,15,4,0.5,0,0,False,0,0
s04-r2-disconnect-0.5,16,4,0.5,0,0,False,0,0
s04-r2-disconnect-0.5,18,4,0.5,0,0,False,0,0
s04-r2-disconnect-0.5,19,4,0.5,0,0,False,0,0
s04-r2-disconnect-0.5,20,4,0.5,0,0,False,0,0
s04-r2-disconnect-0.5,21,4,0.5,0,0,False,0,0
s04-r2-disconnect-0.5,22,4,0.5,0,0,False,0,0
s04-r2-disconnect-0.5,23,4,0.5,0,0,False,0,0
s04-r2-disconnect-1,0,4,1.0,0,0,False,0,0
s04-r2-disconnect-1,1,4,1.0,0,0,False,0,0
s04-r2-disconnect-1,2,4,1.0,0,0,False,0,0
s04-r2-disconnect-1,3,4,1.0,0,0,False,0,0
s04-r2-disconnect-1,4,4,1.0,0,0,False,0,0
s04-r2-disconnect-1,5,4,1.0,0,0,False,0,0
s04-r2-disconnect-1,6,4,1.0,0,0,False,0,0
s04-r2-disconnect-1,7,4,1.0,0,0,False,0,0
s04-r2-disconnect-1,8,4,1.0,0,0,False,0,0
s04-r2-disconnect-1,9,4,1.0,80,0,True,0,0
s04-r2-disconnect-1,10,4,1.0,0,0,False,0,0
s04-r2-disconnect-1,11,4,1.0,0,0,False,0,0
s04-r2-disconnect-1,12,4,1.0,0,0,False,0,0
s04-r2-disconnect-1,13,4,1.0,0,0,False,0,0
s04-r2-disconnect-1,14,4,1.0,0,0,False,0,0
s04-r2-disconnect-1,16,4,1.0,0,0,False,0,0
s04-r2-disconnect-1,17,4,1.0,0,0,False,0,0
s04-r2-disconnect-1,18,4,1.0,0,0,False,0,0
s04-r2-disconnect-1,19,4,1.0,0,0,False,0,0
s04-r2-disconnect-1,21,4,1.0,0,0,False,0,0
s04-r2-disconnect-1,22,4,1.0,0,0,False,0,0
s04-r2-disconnect-1,23,4,1.0,0,0,False,0,0
s04-r2-disconnect-3,0,4,3.0,0,0,False,0,0
s04-r2-disconnect-3,1,4,3.0,0,0,False,0,0
s04-r2-disconnect-3,2,4,3.0,0,0,False,0,0
s04-r2-disconnect-3,3,4,3.0,0,0,False,0,0
s04-r2-disconnect-3,4,4,3.0,0,0,False,0,0
s04-r2-disconnect-3,5,4,3.0,0,0,False,0,0
s04-r2-disconnect-3,6,4,3.0,0,0,False,0,0
s04-r2-disconnect-3,7,4,3.0,0,0,False,0,0
s04-r2-disconnect-3,8,4,3.0,100,0,True,0,0
s04-r2-disconnect-3,9,4,3.0,0,0,False,0,0
s04-r2-disconnect-3,10,4,3.0,0,0,False,0,0
s04-r2-disconnect-3,11,4,3.0,0,0,False,0,0
s04-r2-disconnect-3,12,4,3.0,0,0,False,0,0
s04-r2-disconnect-3,13,4,3.0,0,0,False,0,0
s04-r2-disconnect-3,14,4,3.0,220,0,True,0,0
s04-r2-disconnect-3,15,4,3.0,0,0,False,0,0
s04-r2-disconnect-3,16,4,3.0,0,0,False,0,0
s04-r2-disconnect-3,17,4,3.0,0,0,False,0,0
s04-r2-disconnect-3,18,4,3.0,0,0,False,0,0
s04-r2-disconnect-3,19,4,3.0,0,0,False,0,0
s04-r2-disconnect-3,20,4,3.0,0,0,False,0,0
s04-r2-disconnect-3,21,4,3.0,0,0,False,0,0
s04-r2-disconnect-3,22,4,3.0,0,0,False,0,0
s04-r2-disconnect-3,23,4,3.0,0,0,False,0,0
s04-r3-disconnect-0.5,0,4,0.5,0,0,False,0,0
s04-r3-disconnect-0.5,1,4,0.5,0,0,False,0,0
s04-r3-disconnect-0.5,2,4,0.5,0,0,False,0,0
s04-r3-disconnect-0.5,3,4,0.5,0,0,False,0,0
s04-r3-disconnect-0.5,4,4,0.5,0,0,False,0,0
s04-r3-disconnect-0.5,6,4,0.5,0,0,False,0,0
s04-r3-disconnect-0.5,7,4,0.5,0,0,False,0,0
s04-r3-disconnect-0.5,8,4,0.5,0,0,False,0,0
s04-r3-disconnect-0.5,9,4,0.5,0,0,False,0,0
s04-r3-disconnect-0.5,11,4,0.5,0,0,False,0,0
s04-r3-disconnect-0.5,12,4,0.5,0,0,False,0,0
s04-r3-disconnect-0.5,13,4,0.5,0,0,False,0,0
s04-r3-disconnect-0.5,14,4,0.5,0,0,False,0,0
s04-r3-disconnect-0.5,15,4,0.5,0,0,False,0,0
s04-r3-disconnect-0.5,16,4,0.5,0,0,False,0,0
s04-r3-disconnect-0.5,17,4,0.5,0,0,False,0,0
s04-r3-disconnect-0.5,18,4,0.5,0,0,False,0,0
s04-r3-disconnect-0.5,19,4,0.5,0,0,False,0,0
s04-r3-disconnect-0.5,20,4,0.5,0,0,False,0,0
s04-r3-disconnect-0.5,21,4,0.5,0,0,False,0,0
s04-r3-disconnect-0.5,22,4,0.5,0,0,False,0,0
s04-r3-disconnect-0.5,23,4,0.5,0,0,False,0,0
s04-r3-disconnect-1,0,4,1.0,0,0,False,0,0
s04-r3-disconnect-1,1,4,1.0,0,0,False,0,0
s04-r3-disconnect-1,2,4,1.0,0,0,False,0,0
s04-r3-disconnect-1,3,4,1.0,0,0,False,0,0
s04-r3-disconnect-1,4,4,1.0,0,0,False,0,0
s04-r3-disconnect-1,5,4,1.0,0,0,False,0,0
s04-r3-disconnect-1,6,4,1.0,0,0,False,0,0
s04-r3-disconnect-1,7,4,1.0,0,0,False,0,0
s04-r3-disconnect-1,8,4,1.0,0,0,False,0,0
s04-r3-disconnect-1,9,4,1.0,0,0,False,0,0
s04-r3-disconnect-1,10,4,1.0,0,0,False,0,0
s04-r3-disconnect-1,11,4,1.0,0,0,False,0,0
s04-r3-disconnect-1,12,4,1.0,0,0,False,0,0
s04-r3-disconnect-1,13,4,1.0,0,0,False,0,0
s04-r3-disconnect-1,14,4,1.0,0,0,False,0,0
s04-r3-disconnect-1,15,4,1.0,0,0,False,0,0
s04-r3-disconnect-1,16,4,1.0,0,0,False,0,0
s04-r3-disconnect-1,17,4,1.0,0,0,False,0,0
s04-r3-disconnect-1,18,4,1.0,0,0,False,0,0
s04-r3-disconnect-1,19,4,1.0,0,0,False,0,0
s04-r3-disconnect-1,20,4,1.0,0,0,False,0,0
s04-r3-disconnect-1,22,4,1.0,0,0,False,0,0
s04-r3-disconnect-1,23,4,1.0,0,0,False,0,0
s04-r3-disconnect-3,0,4,3.0,0,0,False,0,0
s04-r3-disconnect-3,1,4,3.0,0,0,False,0,0
s04-r3-disconnect-3,2,4,3.0,0,0,False,0,0
s04-r3-disconnect-3,3,4,3.0,0,0,False,0,0
s04-r3-disconnect-3,4,4,3.0,0,0,False,0,0
s04-r3-disconnect-3,5,4,3.0,0,0,False,0,0
s04-r3-disconnect-3,6,4,3.0,0,0,False,0,0
s04-r3-disconnect-3,9,4,3.0,0,0,False,0,0
s04-r3-disconnect-3,10,4,3.0,0,0,False,0,0
s04-r3-disconnect-3,11,4,3.0,0,0,False,0,0
s04-r3-disconnect-3,12,4,3.0,0,0,False,0,0
s04-r3-disconnect-3,13,4,3.0,0,0,False,0,0
s04-r3-disconnect-3,15,4,3.0,0,0,False,0,0
s04-r3-disconnect-3,16,4,3.0,0,0,False,0,0
s04-r3-disconnect-3,17,4,3.0,0,0,False,0,0
s04-r3-disconnect-3,18,4,3.0,0,0,False,0,0
s04-r3-disconnect-3,20,4,3.0,0,0,False,0,0
s04-r3-disconnect-3,21,4,3.0,0,0,False,0,0
s04-r3-disconnect-3,22,4,3.0,0,0,False,0,0
s04-r3-disconnect-3,23,4,3.0,0,0,False,0,0
s04-r4-disconnect-0.5,0,4,0.5,0,0,False,0,0
s04-r4-disconnect-0.5,1,4,0.5,0,0,False,0,0
s04-r4-disconnect-0.5,2,4,0.5,0,0,False,0,0
s04-r4-disconnect-0.5,4,4,0.5,0,0,False,0,0
s04-r4-disconnect-0.5,5,4,0.5,0,0,False,0,0
s04-r4-disconnect-0.5,6,4,0.5,0,0,False,0,0
s04-r4-disconnect-0.5,7,4,0.5,0,0,False,0,0
s04-r4-disconnect-0.5,8,4,0.5,0,0,False,0,0
s04-r4-disconnect-0.5,9,4,0.5,0,0,False,0,0
s04-r4-disconnect-0.5,10,4,0.5,0,0,False,0,0
s04-r4-disconnect-0.5,11,4,0.5,0,0,False,0,0
s04-r4-disconnect-0.5,12,4,0.5,0,0,False,0,0
s04-r4-disconnect-0.5,13,4,0.5,0,0,False,0,0
s04-r4-disconnect-0.5,14,4,0.5,0,0,False,0,0
s04-r4-disconnect-0.5,15,4,0.5,0,0,False,0,0
s04-r4-disconnect-0.5,16,4,0.5,0,0,False,0,0
s04-r4-disconnect-0.5,17,4,0.5,0,0,False,0,0
s04-r4-disconnect-0.5,18,4,0.5,0,0,False,0,0
s04-r4-disconnect-0.5,19,4,0.5,0,0,False,0,0
s04-r4-disconnect-0.5,20,4,0.5,0,0,False,0,0
s04-r4-disconnect-0.5,22,4,0.5,0,0,False,0,0
s04-r4-disconnect-0.5,23,4,0.5,0,0,False,0,0
s04-r4-disconnect-1,0,4,1.0,0,0,False,0,0
s04-r4-disconnect-1,1,4,1.0,0,0,False,0,0
s04-r4-disconnect-1,2,4,1.0,230,0,True,0,0
s04-r4-disconnect-1,3,4,1.0,0,0,False,0,0
s04-r4-disconnect-1,4,4,1.0,0,0,False,0,0
s04-r4-disconnect-1,5,4,1.0,0,0,False,0,0
s04-r4-disconnect-1,6,4,1.0,0,0,False,0,0
s04-r4-disconnect-1,7,4,1.0,0,0,False,0,0
s04-r4-disconnect-1,8,4,1.0,0,0,False,0,0
s04-r4-disconnect-1,9,4,1.0,0,0,False,0,0
s04-r4-disconnect-1,10,4,1.0,0,0,False,0,0
s04-r4-disconnect-1,11,4,1.0,50,0,True,0,0
s04-r4-disconnect-1,13,4,1.0,0,0,False,0,0
s04-r4-disconnect-1,14,4,1.0,0,0,False,0,0
s04-r4-disconnect-1,15,4,1.0,0,0,False,0,0
s04-r4-disconnect-1,16,4,1.0,0,0,False,0,0
s04-r4-disconnect-1,17,4,1.0,0,0,False,0,0
s04-r4-disconnect-1,18,4,1.0,0,0,False,0,0
s04-r4-disconnect-1,19,4,1.0,0,0,False,0,0
s04-r4-disconnect-1,20,4,1.0,0,0,False,0,0
s04-r4-disconnect-1,21,4,1.0,0,0,False,0,0
s04-r4-disconnect-1,22,4,1.0,0,0,False,0,0
s04-r4-disconnect-1,23,4,1.0,0,0,False,0,0
s04-r4-disconnect-3,0,4,3.0,0,0,False,0,0
s04-r4-disconnect-3,1,4,3.0,0,0,False,0,0
s04-r4-disconnect-3,2,4,3.0,0,0,False,0,0
s04-r4-disconnect-3,3,4,3.0,0,0,False,0,0
s04-r4-disconnect-3,4,4,3.0,0,0,False,0,0
s04-r4-disconnect-3,6,4,3.0,0,0,False,0,0
s04-r4-disconnect-3,8,4,3.0,0,0,False,0,0
s04-r4-disconnect-3,9,4,3.0,0,0,False,0,0
s04-r4-disconnect-3,10,4,3.0,0,0,False,0,0
s04-r4-disconnect-3,11,4,3.0,0,0,False,0,0
s04-r4-disconnect-3,12,4,3.0,0,0,False,0,0
s04-r4-disconnect-3,13,4,3.0,0,0,False,0,0
s04-r4-disconnect-3,14,4,3.0,0,0,False,0,0
s04-r4-disconnect-3,15,4,3.0,0,0,False,0,0
s04-r4-disconnect-3,17,4,3.0,0,0,False,0,0
s04-r4-disconnect-3,18,4,3.0,0,0,False,0,0
s04-r4-disconnect-3,19,4,3.0,0,0,False,0,0
s04-r4-disconnect-3,20,4,3.0,0,0,False,0,0
s04-r4-disconnect-3,21,4,3.0,0,0,False,0,0
s04-r4-disconnect-3,22,4,3.0,0,0,False,0,0
s04-r4-disconnect-3,23,4,3.0,0,0,False,0,0
s05-r0-disconnect-0.5,0,5,0.5,0,0,False,0,0
s05-r0-disconnect-0.5,1,5,0.5,0,0,False,0,0
s05-r0-disconnect-0.5,3,5,0.5,0,0,False,0,0
s05-r0-disconnect-0.5,4,5,0.5,0,0,False,0,0
s05-r0-disconnect-0.5,5,5,0.5,0,0,False,0,0
s05-r0-disconnect-0.5,6,5,0.5,0,0,False,0,0
s05-r0-disconnect-0.5,7,5,0.5,0,0,False,0,0
s05-r0-disconnect-0.5,8,5,0.5,0,0,False,0,0
s05-r0-disconnect-0.5,9,5,0.5,0,0,False,0,0
s05-r0-disconnect-0.5,11,5,0.5,0,0,False,0,0
s05-r0-disconnect-0.5,12,5,0.5,0,0,False,0,0
s05-r0-disconnect-0.5,13,5,0.5,0,0,False,0,0
s05-r0-disconnect-0.5,14,5,0.5,0,0,False,0,0
s05-r0-disconnect-0.5,15,5,0.5,0,0,False,0,0
s05-r0-disconnect-0.5,16,5,0.5,0,0,False,0,0
s05-r0-disconnect-0.5,17,5,0.5,0,0,False,0,0
s05-r0-disconnect-0.5,18,5,0.5,0,0,False,0,0
s05-r0-disconnect-0.5,19,5,0.5,0,0,False,0,0
s05-r0-disconnect-0.5,20,5,0.5,0,0,False,0,0
s05-r0-disconnect-0.5,21,5,0.5,0,0,False,0,0
s05-r0-disconnect-0.5,22,5,0.5,0,0,False,0,0
s05-r0-disconnect-0.5,23,5,0.5,0,0,False,0,0
s05-r0-disconnect-1,0,5,1.0,0,0,False,0,0
s05-r0-disconnect-1,1,5,1.0,0,0,False,0,0
s05-r0-disconnect-1,2,5,1.0,0,0,False,0,0
s05-r0-disconnect-1,3,5,1.0,0,0,False,0,0
s05-r0-disconnect-1,4,5,1.0,0,0,False,0,0
s05-r0-disconnect-1,5,5,1.0,0,0,False,0,0
s05-r0-disconnect-1,6,5,1.0,0,0,False,0,0
s05-r0-disconnect-1,7,5,1.0,0,0,False,0,0
s05-r0-disconnect-1,8,5,1.0,0,0,False,0,0
s05-r0-disconnect-1,9,5,1.0,0,0,False,0,0
s05-r0-disconnect-1,10,5,1.0,0,0,False,0,0
s05-r0-disconnect-1,11,5,1.0,0,0,False,0,0
s05-r0-disconnect-1,12,5,1.0,0,0,False,0,0
s05-r0-disconnect-1,13,5,1.0,0,0,False,0,0
s05-r0-disconnect-1,14,5,1.0,0,0,False,0,0
s05-r0-disconnect-1,15,5,1.0,0,0,False,0,0
s05-r0-disconnect-1,16,5,1.0,0,0,False,0,0
s05-r0-disconnect-1,17,5,1.0,0,0,False,0,0
s05-r0-disconnect-1,18,5,1.0,0,0,False,0,0
s05-r0-disconnect-1,19,5,1.0,0,0,False,0,0
s05-r0-disconnect-1,20,5,1.0,0,0,False,0,0
s05-r0-disconnect-1,22,5,1.0,0,0,False,0,0
s05-r0-disconnect-1,23,5,1.0,0,0,False,0,0
s05-r0-disconnect-3,0,5,3.0,0,0,False,0,0
s05-r0-disconnect-3,1,5,3.0,0,0,False,0,0
s05-r0-disconnect-3,2,5,3.0,0,0,False,0,0
s05-r0-disconnect-3,3,5,3.0,0,0,False,0,0
s05-r0-disconnect-3,4,5,3.0,0,0,False,0,0
s05-r0-disconnect-3,5,5,3.0,0,0,False,0,0
s05-r0-disconnect-3,6,5,3.0,0,0,False,0,0
s05-r0-disconnect-3,7,5,3.0,0,0,False,0,0
s05-r0-disconnect-3,8,5,3.0,0,0,False,0,0
s05-r0-disconnect-3,9,5,3.0,0,0,False,0,0
s05-r0-disconnect-3,10,5,3.0,0,0,False,0,0
s05-r0-disconnect-3,11,5,3.0,0,0,False,0,0
s05-r0-disconnect-3,12,5,3.0,0,0,False,0,0
s05-r0-disconnect-3,13,5,3.0,0,0,False,0,0
s05-r0-disconnect-3,14,5,3.0,0,0,False,0,0
s05-r0-disconnect-3,15,5,3.0,0,0,False,0,0
s05-r0-disconnect-3,16,5,3.0,0,0,False,0,0
s05-r0-disconnect-3,17,5,3.0,0,0,False,0,0
s05-r0-disconnect-3,18,5,3.0,0,0,False,0,0
s05-r0-disconnect-3,20,5,3.0,0,0,False,0,0
s05-r0-disconnect-3,22,5,3.0,0,0,False,0,0
s05-r0-disconnect-3,23,5,3.0,0,0,False,0,0
s05-r1-disconnect-0.5,0,5,0.5,0,0,False,0,0
s05-r1-disconnect-0.5,1,5,0.5,0,0,False,0,0
s05-r1-disconnect-0.5,2,5,0.5,0,0,False,0,0
s05-r1-disconnect-0.5,3,5,0.5,0,0,False,0,0
s05-r1-disconnect-0.5,4,5,0.5,0,0,False,0,0
s05-r1-disconnect-0.5,5,5,0.5,0,0,False,0,0
s05-r1-disconnect-0.5,6,5,0.5,0,0,False,0,0
s05-r1-disconnect-0.5,7,5,0.5,0,0,False,0,0
s05-r1-disconnect-0.5,10,5,0.5,0,0,False,0,0
s05-r1-disconnect-0.5,12,5,0.5,0,0,False,0,0
s05-r1-disconnect-0.5,14,5,0.5,0,0,False,0,0
s05-r1-disconnect-0.5,15,5,0.5,0,0,False,0,0
s05-r1-disconnect-0.5,16,5,0.5,0,0,False,0,0
s05-r1-disconnect-0.5,17,5,0.5,0,0,False,0,0
s05-r1-disconnect-0.5,18,5,0.5,0,0,False,0,0
s05-r1-disconnect-0.5,19,5,0.5,0,0,False,0,0
s05-r1-disconnect-0.5,20,5,0.5,0,0,False,0,0
s05-r1-disconnect-0.5,21,5,0.5,0,0,False,0,0
s05-r1-disconnect-0.5,22,5,0.5,0,0,False,0,0
s05-r1-disconnect-0.5,23,5,0.5,0,0,False,0,0
s05-r1-disconnect-1,0,5,1.0,0,0,False,0,0
s05-r1-disconnect-1,1,5,1.0,0,0,False,0,0
s05-r1-disconnect-1,3,5,1.0,0,0,False,0,0
s05-r1-disconnect-1,4,5,1.0,0,0,False,0,0
s05-r1-disconnect-1,5,5,1.0,0,0,False,0,0
s05-r1-disconnect-1,6,5,1.0,0,0,False,0,0
s05-r1-disconnect-1,7,5,1.0,0,0,False,0,0
s05-r1-disconnect-1,8,5,1.0,0,0,False,0,0
s05-r1-disconnect-1,9,5,1.0,0,0,False,0,0
s05-r1-disconnect-1,11,5,1.0,0,0,False,0,0
s05-r1-disconnect-1,12,5,1.0,0,0,False,0,0
s05-r1-disconnect-1,13,5,1.0,0,0,False,0,0
s05-r1-disconnect-1,14,5,1.0,0,0,False,0,0
s05-r1-disconnect-1,15,5,1.0,0,0,False,0,0
s05-r1-disconnect-1,16,5,1.0,0,0,False,0,0
s05-r1-disconnect-1,17,5,1.0,0,0,False,0,0
s05-r1-disconnect-1,18,5,1.0,0,0,False,0,0
s05-r1-disconnect-1,19,5,1.0,0,0,False,0,0
s05-r1-disconnect-1,20,5,1.0,0,0,False,0,0
s05-r1-disconnect-1,21,5,1.0,240,0,True,0,0
s05-r1-disconnect-1,22,5,1.0,0,0,False,0,0
s05-r1-disconnect-1,23,5,1.0,0,0,False,0,0
s05-r1-disconnect-3,0,5,3.0,0,0,False,0,0
s05-r1-disconnect-3,1,5,3.0,0,0,False,0,0
s05-r1-disconnect-3,2,5,3.0,0,0,False,0,0
s05-r1-disconnect-3,3,5,3.0,0,0,False,0,0
s05-r1-disconnect-3,4,5,3.0,0,0,False,0,0
s05-r1-disconnect-3,5,5,3.0,0,0,False,0,0
s05-r1-disconnect-3,6,5,3.0,0,0,False,0,0
s05-r1-disconnect-3,7,5,3.0,0,0,False,0,0
s05-r1-disconnect-3,8,5,3.0,0,0,False,0,0
s05-r1-disconnect-3,9,5,3.0,0,0,False,0,0
s05-r1-disconnect-3,10,5,3.0,0,0,False,0,0
s05-r1-disconnect-3,11,5,3.0,0,0,False,0,0
s05-r1-disconnect-3,12,5,3.0,0,0,False,0,0
s05-r1-disconnect-3,16,5,3.0,0,0,False,0,0
s05-r1-disconnect-3,17,5,3.0,0,0,False,0,0
s05-r1-disconnect-3,18,5,3.0,0,0,False,0,0
s05-r1-disconnect-3,19,5,3.0,0,0,False,0,0
s05-r1-disconnect-3,20,5,3.0,0,0,False,0,0
s05-r1-disconnect-3,21,5,3.0,0,0,False,0,0
s05-r1-disconnect-3,22,5,3.0,0,0,False,0,0
s05-r1-disconnect-3,23,5,3.0,0,0,False,0,0
s05-r2-disconnect-0.5,0,5,0.5,0,0,False,0,0
s05-r2-disconnect-0.5,1,5,0.5,0,0,False,0,0
s05-r2-disconnect-0.5,2,5,0.5,0,0,False,0,0
s05-r2-disconnect-0.5,3,5,0.5,0,0,False,0,0
s05-r2-disconnect-0.5,4,5,0.5,0,0,False,0,0
s05-r2-disconnect-0.5,5,5,0.5,0,0,False,0,0
s05-r2-disconnect-0.5,6,5,0.5,0,0,False,0,0
s05-r2-disconnect-0.5,7,5,0.5,0,0,False,0,0
s05-r2-disconnect-0.5,8,5,0.5,0,0,False,0,0
s05-r2-disconnect-0.5,9,5,0.5,0,0,False,0,0
s05-r2-disconnect-0.5,10,5,0.5,0,0,False,0,0
s05-r2-disconnect-0.5,12,5,0.5,0,0,False,0,0
s05-r2-disconnect-0.5,13,5,0.5,0,0,False,0,0
s05-r2-disconnect-0.5,14,5,0.5,0,0,False,0,0
s05-r2-disconnect-0.5,15,5,0.5,0,0,False,0,0
s05-r2-disconnect-0.5,16,5,0.5,0,0,False,0,0
s05-r2-disconnect-0.5,17,5,0.5,0,0,False,0,0
s05-r2-disconnect-0.5,18,5,0.5,0,0,False,0,0
s05-r2-disconnect-0.5,19,5,0.5,0,0,False,0,0
s05-r2-disconnect-0.5,20,5,0.5,0,0,False,0,0
s05-r2-disconnect-0.5,21,5,0.5,0,0,False,0,0
s05-r2-disconnect-0.5,22,5,0.5,0,0,False,0,0
s05-r2-disconnect-0.5,23,5,0.5,0,0,False,0,0
s05-r2-disconnect-1,0,5,1.0,0,0,False,0,0
s05-r2-disconnect-1,1,5,1.0,0,0,False,0,0
s05-r2-disconnect-1,2,5,1.0,0,0,False,0,0
s05-r2-disconnect-1,3,5,1.0,0,0,False,0,0
s05-r2-disconnect-1,4,5,1.0,0,0,False,0,0
s05-r2-disconnect-1,5,5,1.0,0,0,False,0,0
s05-r2-disconnect-1,6,5,1.0,0,0,False,0,0
s05-r2-disconnect-1,7,5,1.0,0,0,False,0,0
s05-r2-disconnect-1,9,5,1.0,0,0,False,0,0
s05-r2-disconnect-1,10,5,1.0,0,0,False,0,0
s05-r2-disconnect-1,11,5,1.0,0,0,False,0,0
s05-r2-disconnect-1,12,5,1.0,0,0,False,0,0
s05-r2-disconnect-1,13,5,1.0,0,0,False,0,0
s05-r2-disconnect-1,14,5,1.0,0,0,False,0,0
s05-r2-disconnect-1,15,5,1.0,0,0,False,0,0
s05-r2-disconnect-1,16,5,1.0,0,0,False,0,0
s05-r2-disconnect-1,17,5,1.0,0,0,False,0,0
s05-r2-disconnect-1,19,5,1.0,0,0,False,0,0
s05-r2-disconnect-1,20,5,1.0,0,0,False,0,0
s05-r2-disconnect-1,21,5,1.0,0,0,False,0,0
s05-r2-disconnect-1,22,5,1.0,0,0,False,0,0
s05-r2-disconnect-1,23,5,1.0,0,0,False,0,0
s05-r2-disconnect-3,0,5,3.0,0,0,False,0,0
s05-r2-disconnect-3,1,5,3.0,0,0,False,0,0
s05-r2-disconnect-3,2,5,3.0,0,0,False,0,0
s05-r2-disconnect-3,3,5,3.0,0,0,False,0,0
s05-r2-disconnect-3,4,5,3.0,0,0,False,0,0
s05-r2-disconnect-3,5,5,3.0,0,0,False,0,0
s05-r2-disconnect-3,6,5,3.0,0,0,False,0,0
s05-r2-disconnect-3,7,5,3.0,0,0,False,0,0
s05-r2-disconnect-3,8,5,3.0,0,0,False,0,0
s05-r2-disconnect-3,9,5,3.0,0,0,False,0,0
s05-r2-disconnect-3,10,5,3.0,0,0,False,0,0
s05-r2-disconnect-3,11,5,3.0,0,0,False,0,0
s05-r2-disconnect-3,12,5,3.0,0,0,False,0,0
s05-r2-disconnect-3,14,5,3.0,0,0,False,0,0
s05-r2-disconnect-3,15,5,3.0,0,0,False,0,0
s05-r2-disconnect-3,16,5,3.0,250,0,True,0,0
s05-r2-disconnect-3,17,5,3.0,0,0,False,0,0
s05-r2-disconnect-3,18,5,3.0,0,0,False,0,0
s05-r2-disconnect-3,19,5,3.0,0,0,False,0,0
s05-r2-disconnect-3,20,5,3.0,0,0,False,0,0
s05-r2-disconnect-3,22,5,3.0,0,60,True,0,0
s05-r2-disconnect-3,23,5,3.0,0,0,False,0,0
s05-r3-disconnect-0.5,0,5,0.5,0,0,False,0,0
s05-r3-disconnect-0.5,1,5,0.5,0,0,False,0,0
s05-r3-disconnect-0.5,2,5,0.5,0,0,False,0,0
s05-r3-disconnect-0.5,3,5,0.5,0,0,False,0,0
s05-r3-disconnect-0.5,4,5,0.5,0,0,False,0,0
s05-r3-disconnect-0.5,5,5,0.5,0,0,False,0,0
s05-r3-disconnect-0.5,6,5,0.5,0,0,False,0,0
s05-r3-disconnect-0.5,8,5,0.5,0,0,False,0,0
s05-r3-disconnect-0.5,9,5,0.5,0,0,False,0,0
s05-r3-disconnect-0.5,10,5,0.5,0,0,False,0,0
s05-r3-disconnect-0.5,11,5,0.5,0,0,False,0,0
s05-r3-disconnect-0.5,12,5,0.5,0,0,False,0,0
s05-r3-disconnect-0.5,13,5,0.5,0,0,False,0,0
s05-r3-disconnect-0.5,14,5,0.5,0,0,False,0,0
s05-r3-disconnect-0.5,15,5,0.5,0,0,False,0,0
s05-r3-disconnect-0.5,16,5,0.5,0,0,False,0,0
s05-r3-disconnect-0.5,17,5,0.5,0,0,False,0,0
s05-r3-disconnect-0.5,18,5,0.5,0,0,False,0,0
s05-r3-disconnect-0.5,19,5,0.5,0,0,False,0,0
s05-r3-disconnect-0.5,20,5,0.5,0,0,False,0,0
s05-r3-disconnect-0.5,22,5,0.5,0,0,False,0,0
s05-r3-disconnect-0.5,23,5,0.5,0,0,False,0,0
s05-r3-disconnect-1,0,5,1.0,0,0,False,0,0
s05-r3-disconnect-1,1,5,1.0,0,0,False,0,0
s05-r3-disconnect-1,2,5,1.0,0,0,False,0,0
s05-r3-disconnect-1,3,5,1.0,0,0,False,0,0
s05-r3-disconnect-1,5,5,1.0,0,0,False,0,0
s05-r3-disconnect-1,6,5,1.0,0,0,False,0,0
s05-r3-disconnect-1,7,5,1.0,0,0,False,0,0
s05-r3-disconnect-1,8,5,1.0,0,0,False,0,0
s05-r3-disconnect-1,9,5,1.0,0,0,False,0,0
s05-r3-disconnect-1,10,5,1.0,0,0,False,0,0
s05-r3-disconnect-1,11,5,1.0,0,0,False,0,0
s05-r3-disconnect-1,12,5,1.0,0,0,False,0,0
s05-r3-disconnect-1,13,5,1.0,0,0,False,0,0
s05-r3-disconnect-1,14,5,1.0,0,0,False,0,0
s05-r3-disconnect-1,15,5,1.0,0,0,False,0,0
s05-r3-disconnect-1,16,5,1.0,180,0,True,0,0
s05-r3-disconnect-1,17,5,1.0,0,0,False,0,0
s05-r3-disconnect-1,18,5,1.0,150,0,True,0,0
s05-r3-disconnect-1,19,5,1.0,0,0,False,0,0
s05-r3-disconnect-1,20,5,1.0,0,0,False,0,0
s05-r3-disconnect-1,21,5,1.0,0,0,False,0,0
s05-r3-disconnect-1,22,5,1.0,0,0,False,0,0
s05-r3-disconnect-1,23,5,1.0,0,0,False,0,0
s05-r3-disconnect-3,0,5,3.0,0,0,False,0,0
s05-r3-disconnect-3,1,5,3.0,0,0,False,0,0
s05-r3-disconnect-3,2,5,3.0,0,0,False,0,0
s05-r3-disconnect-3,3,5,3.0,0,0,False,0,0
s05-r3-disconnect-3,4,5,3.0,0,0,False,0,0
s05-r3-disconnect-3,5,5,3.0,0,0,False,0,0
s05-r3-disconnect-3,7,5,3.0,0,0,False,0,0
s05-r3-disconnect-3,8,5,3.0,0,0,False,0,0
s05-r3-disconnect-3,9,5,3.0,0,0,False,0,0
s05-r3-disconnect-3,10,5,3.0,0,0,False,0,0
s05-r3-disconnect-3,12,5,3.0,0,0,False,0,0
s05-r3-disconnect-3,13,5,3.0,0,0,False,0,0
s05-r3-disconnect-3,14,5,3.0,0,0,False,0,0
s05-r3-disconnect-3,15,5,3.0,0,0,False,0,0
s05-r3-disconnect-3,16,5,3.0,0,0,False,0,0
s05-r3-disconnect-3,17,5,3.0,0,0,False,0,0
s05-r3-disconnect-3,18,5,3.0,0,0,False,0,0
s05-r3-disconnect-3,19,5,3.0,0,0,False,0,0
s05-r3-disconnect-3,20,5,3.0,0,10,True,0,0
s05-r3-disconnect-3,21,5,3.0,0,0,False,0,0
s05-r3-disconnect-3,22,5,3.0,0,0,False,0,0
s05-r3-disconnect-3,23,5,3.0,0,0,False,0,0
s05-r4-disconnect-0.5,0,5,0.5,0,0,False,0,0
s05-r4-disconnect-0.5,1,5,0.5,0,0,False,0,0
s05-r4-disconnect-0.5,2,5,0.5,0,0,False,0,0
s05-r4-disconnect-0.5,3,5,0.5,0,0,False,0,0
s05-r4-disconnect-0.5,4,5,0.5,0,0,False,0,0
s05-r4-disconnect-0.5,5,5,0.5,0,0,False,0,0
s05-r4-disconnect-0.5,6,5,0.5,0,0,False,0,0
s05-r4-disconnect-0.5,7,5,0.5,0,0,False,0,0
s05-r4-disconnect-0.5,8,5,0.5,0,0,False,0,0
s05-r4-disconnect-0.5,9,5,0.5,0,0,False,0,0
s05-r4-disconnect-0.5,10,5,0.5,0,0,False,0,0
s05-r4-disconnect-0.5,11,5,0.5,0,0,False,0,0
s05-r4-disconnect-0.5,12,5,0.5,0,0,False,0,0
s05-r4-disconnect-0.5,13,5,0.5,0,0,False,0,0
s05-r4-disconnect-0.5,14,5,0.5,0,0,False,0,0
s05-r4-disconnect-0.5,15,5,0.5,0,0,False,0,0
s05-r4-disconnect-0.5,16,5,0.5,0,0,False,0,0
s05-r4-disconnect-0.5,17,5,0.5,0,0,False,0,0
s05-r4-disconnect-0.5,18,5,0.5,0,0,False,0,0
s05-r4-disconnect-0.5,19,5,0.5,0,0,False,0,0
s05-r4-disconnect-0.5,20,5,0.5,0,0,False,0,0
s05-r4-disconnect-0.5,21,5,0.5,0,0,False,0,0
s05-r4-disconnect-0.5,22,5,0.5,0,0,False,0,0
s05-r4-disconnect-0.5,23,5,0.5,0,0,False,0,0
s05-r4-disconnect-1,0,5,1.0,0,0,False,0,0
s05-r4-disconnect-1,1,5,1.0,0,0,False,0,0
s05-r4-disconnect-1,3,5,1.0,0,0,False,0,0
s05-r4-disconnect-1,4,5,1.0,0,0,False,0,0
s05-r4-disconnect-1,5,5,1.0,0,0,False,0,0
s05-r4-disconnect-1,6,5,1.0,0,0,False,0,0
s05-r4-disconnect-1,7,5,1.0,0,0,False,0,0
s05-r4-disconnect-1,8,5,1.0,0,0,False,0,0
s05-r4-disconnect-1,9,5,1.0,0,0,False,0,0
s05-r4-disconnect-1,10,5,1.0,0,0,False,0,0
s05-r4-disconnect-1,11,5,1.0,0,0,False,0,0
s05-r4-disconnect-1,12,5,1.0,0,0,False,0,0
s05-r4-disconnect-1,13,5,1.0,0,0,False,0,0
s05-r4-disconnect-1,14,5,1.0,0,0,False,0,0
s05-r4-disconnect-1,15,5,1.0,0,0,False,0,0
s05-r4-disconnect-1,16,5,1.0,0,0,False,0,0
s05-r4-disconnect-1,17,5,1.0,0,0,False,0,0
s05-r4-disconnect-1,18,5,1.0,0,0,False,0,0
s05-r4-disconnect-1,19,5,1.0,0,0,False,0,0
s05-r4-disconnect-1,20,5,1.0,0,0,False,0,0
s05-r4-disconnect-1,21,5,1.0,0,0,False,0,0
s05-r4-disconnect-1,22,5,1.0,0,0,False,0,0
s05-r4-disconnect-1,23,5,1.0,0,0,False,0,0
s05-r4-disconnect-3,0,5,3.0,0,0,False,0,0
s05-r4-disconnect-3,1,5,3.0,0,0,False,0,0
s05-r4-disconnect-3,2,5,3.0,0,0,False,0,0
s05-r4-disconnect-3,3,5,3.0,0,0,False,0,0
s05-r4-disconnect-3,4,5,3.0,0,0,False,0,0
s05-r4-disconnect-3,5,5,3.0,0,0,False,0,0
s05-r4-disconnect-3,6,5,3.0,0,0,False,0,0
s05-r4-disconnect-3,7,5,3.0,0,0,False,0,0
s05-r4-disconnect-3,8,5,3.0,0,0,False,0,0
s05-r4-disconnect-3,9,5,3.0,0,0,False,0,0
s05-r4-disconnect-3,10,5,3.0,0,0,False,0,0
s05-r4-disconnect-3,12,5,3.0,0,0,False,0,0
s05-r4-disconnect-3,13,5,3.0,0,0,False,0,0
s05-r4-disconnect-3,14,5,3.0,0,0,False,0,0
s05-r4-disconnect-3,15,5,3.0,0,0,False,0,0
s05-r4-disconnect-3,16,5,3.0,0,0,False,0,0
s05-r4-disconnect-3,17,5,3.0,0,0,False,0,0
s05-r4-disconnect-3,18,5,3.0,0,0,False,0,0
s05-r4-disconnect-3,19,5,3.0,0,0,False,0,0
s05-r4-disconnect-3,20,5,3.0,0,0,False,0,0
s05-r4-disconnect-3,21,5,3.0,0,0,False,0,0
s05-r4-disconnect-3,22,5,3.0,0,0,False,0,0
s05-r4-disconnect-3,23,5,3.0,0,0,False,0,0
s06-r0-disconnect-0.5,0,6,0.5,0,0,False,0,0
s06-r0-disconnect-0.5,1,6,0.5,0,0,False,0,0
s06-r0-disconnect-0.5,2,6,0.5,0,0,False,0,0
s06-r0-disconnect-0.5,3,6,0.5,0,0,False,0,0
s06-r0-disconnect-0.5,5,6,0.5,0,0,False,0,0
s06-r0-disconnect-0.5,6,6,0.5,0,0,False,0,0
s06-r0-disconnect-0.5,7,6,0.5,0,0,False,0,0
s06-r0-disconnect-0.5,8,6,0.5,0,0,False,0,0
s06-r0-disconnect-0.5,9,6,0.5,0,0,False,0,0
s06-r0-disconnect-0.5,10,6,0.5,0,0,False,0,0
s06-r0-disconnect-0.5,11,6,0.5,0,0,False,0,0
s06-r0-disconnect-0.5,13,6,0.5,0,0,False,0,0
s06-r0-disconnect-0.5,14,6,0.5,0,0,False,0,0
s06-r0-disconnect-0.5,15,6,0.5,0,0,False,0,0
s06-r0-disconnect-0.5,16,6,0.5,0,0,False,0,0
s06-r0-disconnect-0.5,17,6,0.5,0,0,False,0,0
s06-r0-disconnect-0.5,19,6,0.5,0,0,False,0,0
s06-r0-disconnect-0.5,20,6,0.5,0,0,False,0,0
s06-r0-disconnect-0.5,21,6,0.5,0,0,False,0,0
s06-r0-disconnect-0.5,22,6,0.5,0,0,False,0,0
s06-r0-disconnect-0.5,23,6,0.5,0,0,False,0,0
s06-r0-disconnect-1,0,6,1.0,0,0,False,0,0
s06-r0-disconnect-1,1,6,1.0,0,0,False,0,0
s06-r0-disconnect-1,2,6,1.0,0,0,False,0,0
s06-r0-disconnect-1,3,6,1.0,0,0,False,0,0
s06-r0-disconnect-1,4,6,1.0,0,0,False,0,0
s06-r0-disconnect-1,5,6,1.0,0,0,False,0,0
s06-r0-disconnect-1,6,6,1.0,0,0,False,0,0
s06-r0-disconnect-1,7,6,1.0,0,0,False,0,0
s06-r0-disconnect-1,8,6,1.0,0,0,False,0,0
s06-r0-disconnect-1,9,6,1.0,0,0,False,0,0
s06-r0-disconnect-1,10,6,1.0,0,0,False,0,0
s06-r0-disconnect-1,11,6,1.0,0,0,False,0,0
s06-r0-disconnect-1,12,6,1.0,0,0,False,0,0
s06-r0-disconnect-1,13,6,1.0,0,0,False,0,0
s06-r0-disconnect-1,14,6,1.0,0,0,False,0,0
s06-r0-disconnect-1,15,6,1.0,0,0,False,0,0
s06-r0-disconnect-1,16,6,1.0,0,0,False,0,0
s06-r0-disconnect-1,17,6,1.0,0,0,False,0,0
s06-r0-disconnect-1,18,6,1.0,0,0,False,0,0
s06-r0-disconnect-1,20,6,1.0,0,0,False,0,0
s06-r0-disconnect-1,22,6,1.0,0,0,False,0,0
s06-r0-disconnect-1,23,6,1.0,0,0,False,0,0
s06-r0-disconnect-3,0,6,3.0,0,0,False,0,0
s06-r0-disconnect-3,1,6,3.0,0,0,False,0,0
s06-r0-disconnect-3,2,6,3.0,0,0,False,0,0
s06-r0-disconnect-3,4,6,3.0,0,0,False,0,0
s06-r0-disconnect-3,5,6,3.0,0,0,False,0,0
s06-r0-disconnect-3,6,6,3.0,0,0,False,0,0
s06-r0-disconnect-3,7,6,3.0,0,0,False,0,0
s06-r0-disconnect-3,8,6,3.0,0,0,False,0,0
s06-r0-disconnect-3,9,6,3.0,0,0,False,0,0
s06-r0-disconnect-3,10,6,3.0,0,0,False,0,0
s06-r0-disconnect-3,11,6,3.0,0,0,False,0,0
s06-r0-disconnect-3,12,6,3.0,0,0,False,0,0
s06-r0-disconnect-3,13,6,3.0,0,0,False,0,0
s06-r0-disconnect-3,14,6,3.0,0,0,False,0,0
s06-r0-disconnect-3,15,6,3.0,0,0,False,0,0
s06-r0-disconnect-3,16,6,3.0,0,0,False,0,0
s06-r0-disconnect-3,17,6,3.0,0,0,False,0,0
s06-r0-disconnect-3,18,6,3.0,0,0,False,0,0
s06-r0-disconnect-3,19,6,3.0,0,0,False,0,0
s06-r0-disconnect-3,20,6,3.0,0,0,False,0,0
s06-r0-disconnect-3,21,6,3.0,0,0,False,0,0
s06-r0-disconnect-3,22,6,3.0,0,0,False,0,0
s06-r0-disconnect-3,23,6,3.0,0,50,True,0,0
s06-r1-disconnect-0.5,0,6,0.5,0,0,False,0,0
s06-r1-disconnect-0.5,1,6,0.5,0,0,False,0,0
s06-r1-disconnect-0.5,2,6,0.5,0,0,False,0,0
s06-r1-disconnect-0.5,3,6,0.5,0,0,False,0,0
s06-r1-disconnect-0.5,4,6,0.5,0,0,False,0,0
s06-r1-disconnect-0.5,6,6,0.5,0,0,False,0,0
s06-r1-disconnect-0.5,7,6,0.5,0,0,False,0,0
s06-r1-disconnect-0.5,8,6,0.5,0,0,False,0,0
s06-r1-disconnect-0.5,9,6,0.5,50,0,True,0,0
s06-r1-disconnect-0.5,10,6,0.5,0,0,False,0,0
s06-r1-disconnect-0.5,11,6,0.5,0,0,False,0,0
s06-r1-disconnect-0.5,13,6,0.5,0,0,False,0,0
s06-r1-disconnect-0.5,14,6,0.5,0,0,False,0,0
s06-r1-disconnect-0.5,15,6,0.5,0,0,False,0,0
s06-r1-disconnect-0.5,16,6,0.5,0,0,False,0,0
s06-r1-disconnect-0.5,17,6,0.5,0,0,False,0,0
s06-r1-disconnect-0.5,18,6,0.5,0,0,False,0,0
s06-r1-disconnect-0.5,19,6,0.5,0,0,False,0,0
s06-r1-disconnect-0.5,20,6,0.5,0,0,False,0,0
s06-r1-disconnect-0.5,21,6,0.5,0,0,False,0,0
s06-r1-disconnect-0.5,22,6,0.5,0,0,False,0,0
s06-r1-disconnect-0.5,23,6,0.5,0,0,False,0,0
s06-r1-disconnect-1,0,6,1.0,0,0,False,0,0
s06-r1-disconnect-1,1,6,1.0,0,0,False,0,0
s06-r1-disconnect-1,2,6,1.0,0,0,False,0,0
s06-r1-disconnect-1,3,6,1.0,0,0,False,0,0
s06-r1-disconnect-1,5,6,1.0,0,0,False,0,0
s06-r1-disconnect-1,6,6,1.0,0,0,False,0,0
s06-r1-disconnect-1,7,6,1.0,0,0,False,0,0
s06-r1-disconnect-1,8,6,1.0,0,0,False,0,0
s06-r1-disconnect-1,9,6,1.0,0,0,False,0,0
s06-r1-disconnect-1,11,6,1.0,0,0,False,0,0
s06-r1-disconnect-1,12,6,1.0,0,0,False,0,0
s06-r1-disconnect-1,13,6,1.0,0,0,False,0,0
s06-r1-disconnect-1,15,6,1.0,170,0,True,0,0
s06-r1-disconnect-1,16,6,1.0,0,0,False,0,0
s06-r1-disconnect-1,17,6,1.0,0,0,False,0,0
s06-r1-disconnect-1,18,6,1.0,0,0,False,0,0
s06-r1-disconnect-1,19,6,1.0,0,0,False,0,0
s06-r1-disconnect-1,20,6,1.0,0,0,False,0,0
s06-r1-disconnect-1,21,6,1.0,0,0,False,0,0
s06-r1-disconnect-1,22,6,1.0,0,0,False,0,0
s06-r1-disconnect-1,23,6,1.0,0,0,False,0,0
s06-r1-disconnect-3,0,6,3.0,0,0,False,0,0
s06-r1-disconnect-3,1,6,3.0,0,0,False,0,0
s06-r1-disconnect-3,2,6,3.0,0,0,False,0,0
s06-r1-disconnect-3,3,6,3.0,0,0,False,0,0
s06-r1-disconnect-3,5,6,3.0,0,0,False,0,0
s06-r1-disconnect-3,6,6,3.0,0,0,False,0,0
s06-r1-disconnect-3,7,6,3.0,0,0,False,0,0
s06-r1-disconnect-3,8,6,3.0,0,0,False,0,0
s06-r1-disconnect-3,9,6,3.0,0,0,False,0,0
s06-r1-disconnect-3,12,6,3.0,0,0,False,0,0
s06-r1-disconnect-3,14,6,3.0,0,0,False,0,0
s06-r1-disconnect-3,15,6,3.0,0,0,False,0,0
s06-r1-disconnect-3,16,6,3.0,0,0,False,0,0
s06-r1-disconnect-3,17,6,3.0,0,0,False,0,0
s06-r1-disconnect-3,18,6,3.0,0,0,False,0,0
s06-r1-disconnect-3,19,6,3.0,0,0,False,0,0
s06-r1-disconnect-3,20,6,3.0,0,0,False,0,0
s06-r1-disconnect-3,21,6,3.0,0,0,False,0,0
s06-r1-disconnect-3,22,6,3.0,0,0,False,0,0
s06-r1-disconnect-3,23,6,3.0,0,0,False,0,0
s06-r2-disconnect-0.5,0,6,0.5,0,0,False,0,0
s06-r2-disconnect-0.5,1,6,0.5,0,0,False,0,0
s06-r2-disconnect-0.5,2,6,0.5,0,0,False,0,0
s06-r2-disconnect-0.5,3,6,0.5,0,0,False,0,0
s06-r2-disconnect-0.5,4,6,0.5,0,0,False,0,0
s06-r2-disconnect-0.5,5,6,0.5,0,0,False,0,0
s06-r2-disconnect-0.5,6,6,0.5,0,0,False,0,0
s06-r2-disconnect-0.5,7,6,0.5,0,0,False,0,0
s06-r2-disconnect-0.5,8,6,0.5,0,0,False,0,0
s06-r2-disconnect-0.5,9,6,0.5,0,0,False,0,0
s06-r2-disconnect-0.5,10,6,0.5,0,0,False,0,0
s06-r2-disconnect-0.5,11,6,0.5,0,0,False,0,0
s06-r2-disconnect-0.5,12,6,0.5,0,0,False,0,0
s06-r2-disconnect-0.5,13,6,0.5,0,0,False,0,0
s06-r2-disconnect-0.5,14,6,0.5,0,0,False,0,0
s06-r2-disconnect-0.5,15,6,0.5,0,0,False,0,0
s06-r2-disconnect-0.5,16,6,0.5,0,0,False,0,0
s06-r2-disconnect-0.5,18,6,0.5,0,0,False,0,0
s06-r2-disconnect-0.5,19,6,0.5,0,0,False,0,0
s06-r2-disconnect-0.5,20,6,0.5,0,0,False,0,0
s06-r2-disconnect-0.5,21,6,0.5,0,0,False,0,0
s06-r2-disconnect-0.5,22,6,0.5,0,0,False,0,0
s06-r2-disconnect-0.5,23,6,0.5,0,0,False,0,0
s06-r2-disconnect-1,0,6,1.0,0,0,False,0,0
s06-r2-disconnect-1,1,6,1.0,0,0,False,0,0
s06-r2-disconnect-1,2,6,1.0,0,0,False,0,0
s06-r2-disconnect-1,3,6,1.0,0,0,False,0,0
s06-r2-disconnect-1,4,6,1.0,0,0,False,0,0
s06-r2-disconnect-1,5,6,1.0,0,0,False,0,0
s06-r2-disconnect-1,6,6,1.0,0,0,False,0,0
s06-r2-disconnect-1,7,6,1.0,0,0,False,0,0
s06-r2-disconnect-1,9,6,1.0,0,0,False,0,0
s06-r2-disconnect-1,10,6,1.0,0,0,False,0,0
s06-r2-disconnect-1,11,6,1.0,0,0,False,0,0
s06-r2-disconnect-1,12,6,1.0,0,0,False,0,0
s06-r2-disconnect-1,13,6,1.0,0,0,False,0,0
s06-r2-disconnect-1,14,6,1.0,0,0,False,0,0
s06-r2-disconnect-1,15,6,1.0,0,0,False,0,0
s06-r2-disconnect-1,16,6,1.0,250,0,True,0,0
s06-r2-disconnect-1,17,6,1.0,0,0,False,0,0
s06-r2-disconnect-1,18,6,1.0,0,0,False,0,0
s06-r2-disconnect-1,19,6,1.0,0,0,False,0,0
s06-r2-disconnect-1,20,6,1.0,0,0,False,0,0
s06-r2-disconnect-1,21,6,1.0,0,0,False,0,0
s06-r2-disconnect-1,22,6,1.0,0,0,False,0,0
s06-r2-disconnect-1,23,6,1.0,0,0,False,0,0
s06-r2-disconnect-3,0,6,3.0,0,0,False,0,0
s06-r2-disconnect-3,1,6,3.0,0,150,True,0,0
s06-r2-disconnect-3,2,6,3.0,0,0,False,0,0
s06-r2-disconnect-3,3,6,3.0,0,0,False,0,0
s06-r2-disconnect-3,4,6,3.0,0,0,False,0,0
s06-r2-disconnect-3,5,6,3.0,0,0,False,0,0
s06-r2-disconnect-3,7,6,3.0,0,0,False,0,0
s06-r2-disconnect-3,8,6,3.0,0,0,False,0,0
s06-r2-disconnect-3,9,6,3.0,0,0,False,0,0
s06-r2-disconnect-3,10,6,3.0,0,0,False,0,0
s06-r2-disconnect-3,11,6,3.0,0,0,False,0,0
s06-r2-disconnect-3,12,6,3.0,0,0,False,0,0
s06-r2-disconnect-3,13,6,3.0,0,0,False,0,0
s06-r2-disconnect-3,14,6,3.0,0,0,False,0,0
s06-r2-disconnect-3,15,6,3.0,0,0,False,0,0
s06-r2-disconnect-3,17,6,3.0,0,0,False,0,0
s06-r2-disconnect-3,18,6,3.0,0,0,False,0,0
s06-r2-disconnect-3,19,6,3.0,0,0,False,0,0
s06-r2-disconnect-3,20,6,3.0,0,0,False,0,0
s06-r2-disconnect-3,21,6,3.0,0,0,False,0,0
s06-r2-disconnect-3,22,6,3.0,0,0,False,0,0
s06-r2-disconnect-3,23,6,3.0,0,0,False,0,0
s06-r3-disconnect-0.5,0,6,0.5,0,0,False,0,0
s06-r3-disconnect-0.5,1,6,0.5,0,0,False,0,0
s06-r3-disconnect-0.5,2,6,0.5,0,0,False,0,0
s06-r3-disconnect-0.5,3,6,0.5,0,0,False,0,0
s06-r3-disconnect-0.5,4,6,0.5,0,0,False,0,0
s06-r3-disconnect-0.5,5,6,0.5,0,0,False,0,0
s06-r3-disconnect-0.5,6,6,0.5,0,0,False,0,0
s06-r3-disconnect-0.5,7,6,0.5,0,0,False,0,0
s06-r3-disconnect-0.5,8,6,0.5,0,0,False,0,0
s06-r3-disconnect-0.5,9,6,0.5,0,150,True,0,0
s06-r3-disconnect-0.5,10,6,0.5,0,0,False,0,0
s06-r3-disconnect-0.5,11,6,0.5,0,0,False,0,0
s06-r3-disconnect-0.5,12,6,0.5,0,0,False,0,0
s06-r3-disconnect-0.5,13,6,0.5,0,0,False,0,0
s06-r3-disconnect-0.5,14,6,0.5,0,130,True,0,0
s06-r3-disconnect-0.5,15,6,0.5,0,0,False,0,0
s06-r3-disconnect-0.5,16,6,0.5,0,0,False,0,0
s06-r3-disconnect-0.5,17,6,0.5,0,0,False,0,0
s06-r3-disconnect-0.5,18,6,0.5,0,0,False,0,0
s06-r3-disconnect-0.5,19,6,0.5,0,0,False,0,0
s06-r3-disconnect-0.5,21,6,0.5,0,0,False,0,0
s06-r3-disconnect-0.5,22,6,0.5,0,0,False,0,0
s06-r3-disconnect-0.5,23,6,0.5,0,0,False,0,0
s06-r3-disconnect-1,0,6,1.0,0,0,False,0,0
s06-r3-disconnect-1,1,6,1.0,0,0,False,0,0
s06-r3-disconnect-1,2,6,1.0,0,0,False,0,0
s06-r3-disconnect-1,3,6,1.0,0,0,False,0,0
s06-r3-disconnect-1,4,6,1.0,0,0,False,0,0
s06-r3-disconnect-1,5,6,1.0,0,0,False,0,0
s06-r3-disconnect-1,6,6,1.0,0,0,False,0,0
s06-r3-disconnect-1,7,6,1.0,0,0,False,0,0
s06-r3-disconnect-1,8,6,1.0,0,0,False,0,0
s06-r3-disconnect-1,9,6,1.0,0,0,False,0,0
s06-r3-disconnect-1,11,6,1.0,0,0,False,0,0
s06-r3-disconnect-1,12,6,1.0,0,0,False,0,0
s06-r3-disconnect-1,13,6,1.0,0,0,False,0,0
s06-r3-disconnect-1,14,6,1.0,0,0,False,0,0
s06-r3-disconnect-1,15,6,1.0,20,0,True,0,0
s06-r3-disconnect-1,16,6,1.0,0,0,False,0,0
s06-r3-disconnect-1,18,6,1.0,0,0,False,0,0
s06-r3-disconnect-1,20,6,1.0,0,0,False,0,0
s06-r3-disconnect-1,21,6,1.0,0,0,False,0,0
s06-r3-disconnect-1,22,6,1.0,0,0,False,0,0
s06-r3-disconnect-1,23,6,1.0,0,0,False,0,0
s06-r3-disconnect-3,0,6,3.0,0,0,False,0,0
s06-r3-disconnect-3,1,6,3.0,0,0,False,0,0
s06-r3-disconnect-3,2,6,3.0,0,0,False,0,0
s06-r3-disconnect-3,4,6,3.0,0,0,False,0,0
s06-r3-disconnect-3,5,6,3.0,0,0,False,0,0
s06-r3-disconnect-3,6,6,3.0,0,0,False,0,0
s06-r3-disconnect-3,7,6,3.0,0,0,False,0,0
s06-r3-disconnect-3,8,6,3.0,0,0,False,0,0
s06-r3-disconnect-3,9,6,3.0,0,0,False,0,0
s06-r3-disconnect-3,10,6,3.0,0,0,False,0,0
s06-r3-disconnect-3,11,6,3.0,0,0,False,0,0
s06-r3-disconnect-3,12,6,3.0,0,0,False,0,0
s06-r3-disconnect-3,13,6,3.0,0,0,False,0,0
s06-r3-disconnect-3,15,6,3.0,0,0,False,0,0
s06-r3-disconnect-3,16,6,3.0,0,0,False,0,0
s06-r3-disconnect-3,17,6,3.0,0,0,False,0,0
s06-r3-disconnect-3,18,6,3.0,0,0,False,0,0
s06-r3-disconnect-3,19,6,3.0,0,0,False,0,0
s06-r3-disconnect-3,20,6,3.0,0,0,False,0,0
s06-r3-disconnect-3,21,6,3.0,0,0,False,0,0
s06-r3-disconnect-3,22,6,3.0,0,0,False,0,0
s06-r3-disconnect-3,23,6,3.0,0,0,False,0,0
s06-r4-disconnect-0.5,0,6,0.5,0,0,False,0,0
s06-r4-disconnect-0.5,1,6,0.5,0,0,False,0,0
s06-r4-disconnect-0.5,2,6,0.5,0,0,False,0,0
s06-r4-disconnect-0.5,3,6,0.5,0,0,False,0,0
s06-r4-disconnect-0.5,4,6,0.5,0,0,False,0,0
s06-r4-disconnect-0.5,5,6,0.5,0,0,False,0,0
s06-r4-disconnect-0.5,6,6,0.5,250,0,True,0,0
s06-r4-disconnect-0.5,7,6,0.5,0,0,False,0,0
s06-r4-disconnect-0.5,8,6,0.5,0,0,False,0,0
s06-r4-disconnect-0.5,9,6,0.5,0,0,False,0,0
s06-r4-disconnect-0.5,10,6,0.5,0,0,False,0,0
s06-r4-disconnect-0.5,11,6,0.5,0,0,False,0,0
s06-r4-disconnect-0.5,12,6,0.5,0,0,False,0,0
s06-r4-disconnect-0.5,14,6,0.5,0,0,False,0,0
s06-r4-disconnect-0.5,15,6,0.5,0,0,False,0,0
s06-r4-disconnect-0.5,17,6,0.5,0,0,False,0,0
s06-r4-disconnect-0.5,18,6,0.5,0,0,False,0,0
s06-r4-disconnect-0.5,19,6,0.5,0,0,False,0,0
s06-r4-disconnect-0.5,20,6,0.5,0,0,False,0,0
s06-r4-disconnect-0.5,21,6,0.5,0,0,False,0,0
s06-r4-disconnect-0.5,22,6,0.5,0,0,False,0,0
s06-r4-disconnect-0.5,23,6,0.5,0,0,False,0,0
s06-r4-disconnect-1,0,6,1.0,0,0,False,0,0
s06-r4-disconnect-1,1,6,1.0,0,0,False,0,0
s06-r4-disconnect-1,2,6,1.0,0,0,False,0,0
s06-r4-disconnect-1,3,6,1.0,0,0,False,0,0
s06-r4-disconnect-1,4,6,1.0,0,0,False,0,0
s06-r4-disconnect-1,5,6,1.0,0,0,False,0,0
s06-r4-disconnect-1,6,6,1.0,0,0,False,0,0
s06-r4-disconnect-1,7,6,1.0,0,0,False,0,0
s06-r4-disconnect-1,8,6,1.0,0,0,False,0,0
s06-r4-disconnect-1,9,6,1.0,0,0,False,0,0
s06-r4-disconnect-1,10,6,1.0,0,0,False,0,0
s06-r4-disconnect-1,11,6,1.0,0,0,False,0,0
s06-r4-disconnect-1,12,6,1.0,0,0,False,0,0
s06-r4-disconnect-1,13,6,1.0,0,0,False,0,0
s06-r4-disconnect-1,14,6,1.0,0,0,False,0,0
s06-r4-disconnect-1,15,6,1.0,0,0,False,0,0
s06-r4-disconnect-1,16,6,1.0,0,0,False,0,0
s06-r4-disconnect-1,17,6,1.0,0,0,False,0,0
s06-r4-disconnect-1,18,6,1.0,0,0,False,0,0
s06-r4-disconnect-1,19,6,1.0,120,0,True,0,0
s06-r4-disconnect-1,20,6,1.0,0,0,False,0,0
s06-r4-disconnect-1,21,6,1.0,0,0,False,0,0
s06-r4-disconnect-1,23,6,1.0,0,0,False,0,0
s06-r4-disconnect-3,0,6,3.0,0,0,False,0,0
s06-r4-disconnect-3,1,6,3.0,0,0,False,0,0
s06-r4-disconnect-3,2,6,3.0,0,0,False,0,0
s06-r4-disconnect-3,3,6,3.0,0,0,False,0,0
s06-r4-disconnect-3,4,6,3.0,0,0,False,0,0
s06-r4-disconnect-3,5,6,3.0,0,0,False,0,0
s06-r4-disconnect-3,6,6,3.0,0,0,False,0,0
s06-r4-disconnect-3,8,6,3.0,0,0,False,0,0
s06-r4-disconnect-3,9,6,3.0,0,0,False,0,0
s06-r4-disconnect-3,10,6,3.0,0,0,False,0,0
s06-r4-disconnect-3,13,6,3.0,0,0,False,0,0
s06-r4-disconnect-3,14,6,3.0,0,0,False,0,0
s06-r4-disconnect-3,15,6,3.0,0,0,False,0,0
s06-r4-disconnect-3,16,6,3.0,140,0,True,0,0
s06-r4-disconnect-3,17,6,3.0,0,0,False,0,0
s06-r4-disconnect-3,18,6,3.0,0,0,False,0,0
s06-r4-disconnect-3,19,6,3.0,0,0,False,0,0
s06-r4-disconnect-3,20,6,3.0,0,0,False,0,0
s06-r4-disconnect-3,21,6,3.0,0,0,False,0,0
s06-r4-disconnect-3,22,6,3.0,0,0,False,0,0
s06-r4-disconnect-3,23,6,3.0,0,0,False,0,0
s07-r0-disconnect-0.5,0,7,0.5,0,0,False,0,0
s07-r0-disconnect-0.5,1,7,0.5,0,0,False,0,0
s07-r0-disconnect-0.5,2,7,0.5,0,0,False,0,0
s07-r0-disconnect-0.5,3,7,0.5,0,0,False,0,0
s07-r0-disconnect-0.5,4,7,0.5,0,0,False,0,0
s07-r0-disconnect-0.5,5,7,0.5,0,0,False,0,0
s07-r0-disconnect-0.5,6,7,0.5,0,0,False,0,0
s07-r0-disconnect-0.5,7,7,0.5,0,0,False,0,0
s07-r0-disconnect-0.5,9,7,0.5,0,0,False,0,0
s07-r0-disconnect-0.5,10,7,0.5,0,0,False,0,0
s07-r0-disconnect-0.5,11,7,0.5,0,0,False,0,0
s07-r0-disconnect-0.5,12,7,0.5,0,0,False,0,0
s07-r0-disconnect-0.5,13,7,0.5,0,0,False,0,0
s07-r0-disconnect-0.5,14,7,0.5,0,0,False,0,0
s07-r0-disconnect-0.5,15,7,0.5,0,0,False,0,0
s07-r0-disconnect-0.5,16,7,0.5,0,0,False,0,0
s07-r0-disconnect-0.5,17,7,0.5,0,0,False,0,0
s07-r0-disconnect-0.5,18,7,0.5,0,0,False,0,0
s07-r0-disconnect-0.5,19,7,0.5,0,0,False,0,0
s07-r0-disconnect-0.5,22,7,0.5,0,0,False,0,0
s07-r0-disconnect-0.5,23,7,0.5,0,0,False,0,0
s07-r0-disconnect-1,0,7,1.0,0,0,False,0,0
s07-r0-disconnect-1,1,7,1.0,0,0,False,0,0
s07-r0-disconnect-1,2,7,1.0,0,0,False,0,0
s07-r0-disconnect-1,3,7,1.0,0,0,False,0,0
s07-r0-disconnect-1,4,7,1.0,0,0,False,0,0
s07-r0-disconnect-1,5,7,1.0,0,0,False,0,0
s07-r0-disconnect-1,6,7,1.0,0,0,False,0,0
s07-r0-disconnect-1,7,7,1.0,0,0,False,0,0
s07-r0-disconnect-1,8,7,1.0,0,0,False,0,0
s07-r0-disconnect-1,9,7,1.0,0,0,False,0,0
s07-r0-disconnect-1,10,7,1.0,0,0,False,0,0
s07-r0-disconnect-1,11,7,1.0,0,0,False,0,0
s07-r0-disconnect-1,12,7,1.0,0,0,False,0,0
s07-r0-disconnect-1,13,7,1.0,250,0,True,0,0
s07-r0-disconnect-1,14,7,1.0,0,0,False,0,0
s07-r0-disconnect-1,15,7,1.0,0,0,False,0,0
s07-r0-disconnect-1,16,7,1.0,0,0,False,0,0
s07-r0-disconnect-1,18,7,1.0,0,0,False,0,0
s07-r0-disconnect-1,19,7,1.0,0,0,False,0,0
s07-r0-disconnect-1,20,7,1.0,0,0,False,0,0
s07-r0-disconnect-1,21,7,1.0,0,0,False,0,0
s07-r0-disconnect-1,22,7,1.0,0,0,False,0,0
s07-r0-disconnect-1,23,7,1.0,0,0,False,0,0
s07-r0-disconnect-3,0,7,3.0,0,0,False,0,0
s07-r0-disconnect-3,1,7,3.0,0,0,False,0,0
s07-r0-disconnect-3,2,7,3.0,0,0,False,0,0
s07-r0-disconnect-3,3,7,3.0,0,0,False,0,0
s07-r0-disconnect-3,4,7,3.0,0,0,False,0,0
s07-r0-disconnect-3,5,7,3.0,0,0,False,0,0
s07-r0-disconnect-3,6,7,3.0,0,0,False,0,0
s07-r0-disconnect-3,7,7,3.0,0,0,False,0,0
s07-r0-disconnect-3,8,7,3.0,0,0,False,0,0
s07-r0-disconnect-3,9,7,3.0,0,0,False,0,0
s07-r0-disconnect-3,10,7,3.0,0,0,False,0,0
s07-r0-disconnect-3,11,7,3.0,0,0,False,0,0
s07-r0-disconnect-3,12,7,3.0,0,0,False,0,0
s07-r0-disconnect-3,14,7,3.0,100,0,True,0,0
s07-r0-disconnect-3,15,7,3.0,0,0,False,0,0
s07-r0-disconnect-3,16,7,3.0,0,0,False,0,0
s07-r0-disconnect-3,17,7,3.0,0,0,False,0,0
s07-r0-disconnect-3,19,7,3.0,0,0,False,0,0
s07-r0-disconnect-3,20,7,3.0,0,0,False,0,0
s07-r0-disconnect-3,21,7,3.0,0,0,False,0,0
s07-r0-disconnect-3,22,7,3.0,0,0,False,0,0
s07-r0-disconnect-3,23,7,3.0,0,0,False,0,0
s07-r1-disconnect-0.5,0,7,0.5,0,0,False,0,0
s07-r1-disconnect-0.5,1,7,0.5,0,0,False,0,0
s07-r1-disconnect-0.5,2,7,0.5,0,0,False,0,0
s07-r1-disconnect-0.5,3,7,0.5,0,0,False,0,0
s07-r1-disconnect-0.5,4,7,0.5,0,0,False,0,0
s07-r1-disconnect-0.5,5,7,0.5,0,0,False,0,0
s07-r1-disconnect-0.5,6,7,0.5,0,0,False,0,0
s07-r1-disconnect-0.5,7,7,0.5,0,0,False,0,0
s07-r1-disconnect-0.5,8,7,0.5,0,0,False,0,0
s07-r1-disconnect-0.5,10,7,0.5,0,0,False,0,0
s07-r1-disconnect-0.5,11,7,0.5,0,0,False,0,0
s07-r1-disconnect-0.5,12,7,0.5,0,0,False,0,0
s07-r1-disconnect-0.5,13,7,0.5,0,0,False,0,0
s07-r1-disconnect-0.5,14,7,0.5,0,0,False,0,0
s07-r1-disconnect-0.5,15,7,0.5,0,0,False,0,0
s07-r1-disconnect-0.5,17,7,0.5,0,0,False,0,0
s07-r1-disconnect-0.5,19,7,0.5,0,0,False,0,0
s07-r1-disconnect-0.5,21,7,0.5,0,0,False,0,0
s07-r1-disconnect-0.5,22,7,0.5,0,0,False,0,0
s07-r1-disconnect-0.5,23,7,0.5,0,0,False,0,0
s07-r1-disconnect-1,0,7,1.0,0,0,False,0,0
s07-r1-disconnect-1,1,7,1.0,0,0,False,0,0
s07-r1-disconnect-1,2,7,1.0,0,0,False,0,0
s07-r1-disconnect-1,3,7,1.0,0,0,False,0,0
s07-r1-disconnect-1,4,7,1.0,0,0,False,0,0
s07-r1-disconnect-1,5,7,1.0,0,0,False,0,0
s07-r1-disconnect-1,6,7,1.0,0,0,False,0,0
s07-r1-disconnect-1,7,7,1.0,0,0,False,0,0
s07-r1-disconnect-1,8,7,1.0,0,0,False,0,0
s07-r1-disconnect-1,9,7,1.0,0,0,False,0,0
s07-r1-disconnect-1,10,7,1.0,0,0,False,0,0
s07-r1-disconnect-1,11,7,1.0,0,0,False,0,0
s07-r1-disconnect-1,12,7,1.0,0,0,False,0,0
s07-r1-disconnect-1,13,7,1.0,0,0,False,0,0
s07-r1-disconnect-1,14,7,1.0,0,0,False,0,0
s07-r1-disconnect-1,15,7,1.0,0,0,False,0,0
s07-r1-disconnect-1,17,7,1.0,0,0,False,0,0
s07-r1-disconnect-1,18,7,1.0,0,0,False,0,0
s07-r1-disconnect-1,19,7,1.0,0,0,False,0,0
s07-r1-disconnect-1,20,7,1.0,0,0,False,0,0
s07-r1-disconnect-1,21,7,1.0,0,0,False,0,0
s07-r1-disconnect-1,22,7,1.0,0,0,False,0,0
s07-r1-disconnect-1,23,7,1.0,0,0,False,0,0
s07-r1-disconnect-3,0,7,3.0,0,0,False,0,0
s07-r1-disconnect-3,1,7,3.0,0,0,False,0,0
s07-r1-disconnect-3,2,7,3.0,0,0,False,0,0
s07-r1-disconnect-3,3,7,3.0,0,0,False,0,0
s07-r1-disconnect-3,4,7,3.0,0,0,False,0,0
s07-r1-disconnect-3,5,7,3.0,0,0,False,0,0
s07-r1-disconnect-3,6,7,3.0,0,0,False,0,0
s07-r1-disconnect-3,8,7,3.0,0,0,False,0,0
s07-r1-disconnect-3,9,7,3.0,0,0,False,0,0
s07-r1-disconnect-3,10,7,3.0,0,0,False,0,0
s07-r1-disconnect-3,11,7,3.0,0,0,False,0,0
s07-r1-disconnect-3,12,7,3.0,0,0,False,0,0
s07-r1-disconnect-3,13,7,3.0,0,0,False,0,0
s07-r1-disconnect-3,14,7,3.0,0,0,False,0,0
s07-r1-disconnect-3,15,7,3.0,0,0,False,0,0
s07-r1-disconnect-3,16,7,3.0,0,0,False,0,0
s07-r1-disconnect-3,17,7,3.0,0,0,False,0,0
s07-r1-disconnect-3,20,7,3.0,0,0,False,0,0
s07-r1-disconnect-3,21,7,3.0,0,0,False,0,0
s07-r1-disconnect-3,22,7,3.0,0,0,False,0,0
s07-r1-disconnect-3,23,7,3.0,0,0,False,0,0
s07-r2-disconnect-0.5,0,7,0.5,0,0,False,0,0
s07-r2-disconnect-0.5,1,7,0.5,0,0,False,0,0
s07-r2-disconnect-0.5,2,7,0.5,0,0,False,0,0
s07-r2-disconnect-0.5,4,7,0.5,0,0,False,0,0
s07-r2-disconnect-0.5,5,7,0.5,0,0,False,0,0
s07-r2-disconnect-0.5,6,7,0.5,0,0,False,0,0
s07-r2-disconnect-0.5,7,7,0.5,0,0,False,0,0
s07-r2-disconnect-0.5,9,7,0.5,0,0,False,0,0
s07-r2-disconnect-0.5,10,7,0.5,0,0,False,0,0
s07-r2-disconnect-0.5,11,7,0.5,0,0,False,0,0
s07-r2-disconnect-0.5,12,7,0.5,0,0,False,0,0
s07-r2-disconnect-0.5,13,7,0.5,0,0,False,0,0
s07-r2-disconnect-0.5,14,7,0.5,0,0,False,0,0
s07-r2-disconnect-0.5,15,7,0.5,0,0,False,0,0
s07-r2-disconnect-0.5,16,7,0.5,0,0,False,0,0
s07-r2-disconnect-0.5,17,7,0.5,0,0,False,0,0
s07-r2-disconnect-0.5,18,7,0.5,0,0,False,0,0
s07-r2-disconnect-0.5,19,7,0.5,0,0,False,0,0
s07-r2-disconnect-0.5,20,7,0.5,0,0,False,0,0
s07-r2-disconnect-0.5,21,7,0.5,0,0,False,0,0
s07-r2-disconnect-0.5,22,7,0.5,0,0,False,0,0
s07-r2-disconnect-0.5,23,7,0.5,0,0,False,0,0
s07-r2-disconnect-1,0,7,1.0,0,0,False,0,0
s07-r2-disconnect-1,1,7,1.0,0,0,False,0,0
s07-r2-disconnect-1,2,7,1.0,0,0,False,0,0
s07-r2-disconnect-1,3,7,1.0,0,0,False,0,0
s07-r2-disconnect-1,4,7,1.0,0,0,False,0,0
s07-r2-disconnect-1,5,7,1.0,0,0,False,0,0
s07-r2-disconnect-1,6,7,1.0,0,0,False,0,0
s07-r2-disconnect-1,7,7,1.0,0,0,False,0,0
s07-r2-disconnect-1,8,7,1.0,0,0,False,0,0
s07-r2-disconnect-1,9,7,1.0,0,0,False,0,0
s07-r2-disconnect-1,10,7,1.0,0,0,False,0,0
s07-r2-disconnect-1,11,7,1.0,0,0,False,0,0
s07-r2-disconnect-1,12,7,1.0,0,0,False,0,0
s07-r2-disconnect-1,13,7,1.0,0,0,False,0,0
s07-r2-disconnect-1,14,7,1.0,0,0,False,0,0
s07-r2-disconnect-1,15,7,1.0,0,0,False,0,0
s07-r2-disconnect-1,16,7,1.0,0,0,False,0,0
s07-r2-disconnect-1,17,7,1.0,0,0,False,0,0
s07-r2-disconnect-1,18,7,1.0,0,0,False,0,0
s07-r2-disconnect-1,19,7,1.0,0,0,False,0,0
s07-r2-disconnect-1,20,7,1.0,0,0,False,0,0
s07-r2-disconnect-1,21,7,1.0,0,0,False,0,0
s07-r2-disconnect-1,22,7,1.0,0,0,False,0,0
s07-r2-disconnect-1,23,7,1.0,0,0,False,0,0
s07-r2-disconnect-3,0,7,3.0,0,0,False,0,0
s07-r2-disconnect-3,1,7,3.0,0,0,False,0,0
s07-r2-disconnect-3,3,7,3.0,150,0,True,0,0
s07-r2-disconnect-3,4,7,3.0,0,0,False,0,0
s07-r2-disconnect-3,5,7,3.0,0,0,False,0,0
s07-r2-disconnect-3,6,7,3.0,0,0,False,0,0
s07-r2-disconnect-3,7,7,3.0,0,0,False,0,0
s07-r2-disconnect-3,8,7,3.0,0,0,False,0,0
s07-r2-disconnect-3,9,7,3.0,0,0,False,0,0
s07-r2-disconnect-3,11,7,3.0,0,0,False,0,0
s07-r2-disconnect-3,12,7,3.0,0,0,False,0,0
s07-r2-disconnect-3,13,7,3.0,0,0,False,0,0
s07-r2-disconnect-3,14,7,3.0,0,0,False,0,0
s07-r2-disconnect-3,15,7,3.0,0,0,False,0,0
s07-r2-disconnect-3,16,7,3.0,0,0,False,0,0
s07-r2-disconnect-3,17,7,3.0,0,0,False,0,0
s07-r2-disconnect-3,18,7,3.0,0,0,False,0,0
s07-r2-disconnect-3,19,7,3.0,0,0,False,0,0
s07-r2-disconnect-3,20,7,3.0,0,0,False,0,0
s07-r2-disconnect-3,21,7,3.0,0,0,False,0,0
s07-r2-disconnect-3,22,7,3.0,0,0,False,0,0
s07-r2-disconnect-3,23,7,3.0,0,0,False,0,0
s07-r3-disconnect-0.5,0,7,0.5,0,0,False,0,0
s07-r3-disconnect-0.5,1,7,0.5,0,0,False,0,0
s07-r3-disconnect-0.5,2,7,0.5,0,0,False,0,0
s07-r3-disconnect-0.5,3,7,0.5,0,0,False,0,0
s07-r3-disconnect-0.5,4,7,0.5,0,0,False,0,0
s07-r3-disconnect-0.5,5,7,0.5,0,0,False,0,0
s07-r3-disconnect-0.5,6,7,0.5,0,0,False,0,0
s07-r3-disconnect-0.5,8,7,0.5,0,0,False,0,0
s07-r3-disconnect-0.5,9,7,0.5,0,0,False,0,0
s07-r3-disconnect-0.5,10,7,0.5,200,0,True,0,0
s07-r3-disconnect-0.5,11,7,0.5,0,0,False,0,0
s07-r3-disconnect-0.5,12,7,0.5,0,0,False,0,0
s07-r3-disconnect-0.5,13,7,0.5,0,0,False,0,0
s07-r3-disconnect-0.5,14,7,0.5,0,0,False,0,0
s07-r3-disconnect-0.5,15,7,0.5,0,0,False,0,0
s07-r3-disconnect-0.5,16,7,0.5,0,0,False,0,0
s07-r3-disconnect-0.5,17,7,0.5,0,0,False,0,0
s07-r3-disconnect-0.5,20,7,0.5,0,0,False,0,0
s07-r3-disconnect-0.5,21,7,0.5,0,0,False,0,0
s07-r3-disconnect-0.5,22,7,0.5,0,0,False,0,0
s07-r3-disconnect-0.5,23,7,0.5,0,0,False,0,0
s07-r3-disconnect-1,0,7,1.0,0,0,False,0,0
s07-r3-disconnect-1,1,7,1.0,0,0,False,0,0
s07-r3-disconnect-1,2,7,1.0,0,0,False,0,0
s07-r3-disconnect-1,3,7,1.0,0,0,False,0,0
s07-r3-disconnect-1,4,7,1.0,0,0,False,0,0
s07-r3-disconnect-1,5,7,1.0,0,0,False,0,0
s07-r3-disconnect-1,6,7,1.0,0,0,False,0,0
s07-r3-disconnect-1,7,7,1.0,0,0,False,0,0
s07-r3-disconnect-1,8,7,1.0,0,0,False,0,0
s07-r3-disconnect-1,9,7,1.0,0,0,False,0,0
s07-r3-disconnect-1,10,7,1.0,0,0,False,0,0
s07-r3-disconnect-1,11,7,1.0,0,0,False,0,0
s07-r3-disconnect-1,12,7,1.0,0,0,False,0,0
s07-r3-disconnect-1,13,7,1.0,0,0,False,0,0
s07-r3-disconnect-1,14,7,1.0,0,0,False,0,0
s07-r3-disconnect-1,15,7,1.0,0,0,False,0,0
s07-r3-disconnect-1,16,7,1.0,0,0,False,0,0
s07-r3-disconnect-1,17,7,1.0,0,0,False,0,0
s07-r3-disconnect-1,18,7,1.0,0,0,False,0,0
s07-r3-disconnect-1,19,7,1.0,0,0,False,0,0
s07-r3-disconnect-1,20,7,1.0,0,0,False,0,0
s07-r3-disconnect-1,21,7,1.0,0,0,False,0,0
s07-r3-disconnect-1,22,7,1.0,0,0,False,0,0
s07-r3-disconnect-1,23,7,1.0,0,0,False,0,0
s07-r3-disconnect-3,0,7,3.0,0,0,False,0,0
s07-r3-disconnect-3,1,7,3.0,0,0,False,0,0
s07-r3-disconnect-3,2,7,3.0,0,0,False,0,0
s07-r3-disconnect-3,3,7,3.0,0,0,False,0,0
s07-r3-disconnect-3,4,7,3.0,0,0,False,0,0
s07-r3-disconnect-3,5,7,3.0,0,0,False,0,0
s07-r3-disconnect-3,6,7,3.0,0,0,False,0,0
s07-r3-disconnect-3,7,7,3.0,0,0,False,0,0
s07-r3-disconnect-3,8,7,3.0,0,0,False,0,0
s07-r3-disconnect-3,9,7,3.0,0,0,False,0,0
s07-r3-disconnect-3,11,7,3.0,0,0,False,0,0
s07-r3-disconnect-3,12,7,3.0,0,0,False,0,0
s07-r3-disconnect-3,13,7,3.0,0,0,False,0,0
s07-r3-disconnect-3,14,7,3.0,0,0,False,0,0
s07-r3-disconnect-3,15,7,3.0,0,0,False,0,0
s07-r3-disconnect-3,16,7,3.0,0,0,False,0,0
s07-r3-disconnect-3,18,7,3.0,0,0,False,0,0
s07-r3-disconnect-3,19,7,3.0,0,0,False,0,0
s07-r3-disconnect-3,20,7,3.0,0,0,False,0,0
s07-r3-disconnect-3,21,7,3.0,0,0,False,0,0
s07-r3-disconnect-3,22,7,3.0,0,0,False,0,0
s07-r3-disconnect-3,23,7,3.0,0,0,False,0,0
s07-r4-disconnect-0.5,0,7,0.5,0,0,False,0,0
s07-r4-disconnect-0.5,1,7,0.5,0,0,False,0,0
s07-r4-disconnect-0.5,2,7,0.5,0,0,False,0,0
s07-r4-disconnect-0.5,3,7,0.5,0,0,False,0,0
s07-r4-disconnect-0.5,4,7,0.5,0,0,False,0,0
s07-r4-disconnect-0.5,5,7,0.5,0,0,False,0,0
s07-r4-disconnect-0.5,6,7,0.5,0,0,False,0,0
s07-r4-disconnect-0.5,7,7,0.5,0,0,False,0,0
s07-r4-disconnect-0.5,8,7,0.5,0,0,False,0,0
s07-r4-disconnect-0.5,9,7,0.5,0,0,False,0,0
s07-r4-disconnect-0.5,10,7,0.5,0,0,False,0,0
s07-r4-disconnect-0.5,11,7,0.5,0,0,False,0,0
s07-r4-disconnect-0.5,12,7,0.5,0,0,False,0,0
s07-r4-disconnect-0.5,13,7,0.5,0,0,False,0,0
s07-r4-disconnect-0.5,14,7,0.5,0,0,False,0,0
s07-r4-disconnect-0.5,15,7,0.5,0,0,False,0,0
s07-r4-disconnect-0.5,16,7,0.5,0,0,False,0,0
s07-r4-disconnect-0.5,17,7,0.5,0,0,False,0,0
s07-r4-disconnect-0.5,18,7,0.5,250,0,True,0,0
s07-r4-disconnect-0.5,19,7,0.5,0,0,False,0,0
s07-r4-disconnect-0.5,20,7,0.5,0,0,False,0,0
s07-r4-disconnect-0.5,22,7,0.5,0,0,False,0,0
s07-r4-disconnect-0.5,23,7,0.5,0,0,False,0,0
s07-r4-disconnect-1,0,7,1.0,0,0,False,0,0
s07-r4-disconnect-1,1,7,1.0,0,0,False,0,0
s07-r4-disconnect-1,2,7,1.0,0,0,False,0,0
s07-r4-disconnect-1,3,7,1.0,0,0,False,0,0
s07-r4-disconnect-1,4,7,1.0,0,0,False,0,0
s07-r4-disconnect-1,5,7,1.0,50,0,True,0,0
s07-r4-disconnect-1,6,7,1.0,0,0,False,0,0
s07-r4-disconnect-1,7,7,1.0,0,0,False,0,0
s07-r4-disconnect-1,8,7,1.0,0,0,False,0,0
s07-r4-disconnect-1,9,7,1.0,0,0,False,0,0
s07-r4-disconnect-1,10,7,1.0,0,0,False,0,0
s07-r4-disconnect-1,11,7,1.0,0,0,False,0,0
s07-r4-disconnect-1,13,7,1.0,0,0,False,0,0
s07-r4-disconnect-1,14,7,1.0,0,0,False,0,0
s07-r4-disconnect-1,15,7,1.0,0,0,False,0,0
s07-r4-disconnect-1,16,7,1.0,0,0,False,0,0
s07-r4-disconnect-1,17,7,1.0,0,0,False,0,0
s07-r4-disconnect-1,18,7,1.0,0,0,False,0,0
s07-r4-disconnect-1,19,7,1.0,0,0,False,0,0
s07-r4-disconnect-1,20,7,1.0,0,0,False,0,0
s07-r4-disconnect-1,21,7,1.0,0,0,False,0,0
s07-r4-disconnect-1,22,7,1.0,0,0,False,0,0
s07-r4-disconnect-1,23,7,1.0,0,0,False,0,0
s07-r4-disconnect-3,0,7,3.0,0,0,False,0,0
s07-r4-disconnect-3,1,7,3.0,0,0,False,0,0
s07-r4-disconnect-3,2,7,3.0,0,0,False,0,0
s07-r4-disconnect-3,3,7,3.0,0,0,False,0,0
s07-r4-disconnect-3,4,7,3.0,0,0,False,0,0
s07-r4-disconnect-3,5,7,3.0,0,0,False,0,0
s07-r4-disconnect-3,6,7,3.0,0,0,False,0,0
s07-r4-disconnect-3,7,7,3.0,0,0,False,0,0
s07-r4-disconnect-3,8,7,3.0,0,0,False,0,0
s07-r4-disconnect-3,9,7,3.0,0,0,False,0,0
s07-r4-disconnect-3,10,7,3.0,0,0,False,0,0
s07-r4-disconnect-3,11,7,3.0,0,0,False,0,0
s07-r4-disconnect-3,13,7,3.0,0,0,False,0,0
s07-r4-disconnect-3,14,7,3.0,0,0,False,0,0
s07-r4-disconnect-3,15,7,3.0,0,0,False,0,0
s07-r4-disconnect-3,17,7,3.0,0,0,False,0,0
s07-r4-disconnect-3,19,7,3.0,0,0,False,0,0
s07-r4-disconnect-3,20,7,3.0,0,0,False,0,0
s07-r4-disconnect-3,21,7,3.0,0,0,False,0,0
s07-r4-disconnect-3,22,7,3.0,0,0,False,0,0
s07-r4-disconnect-3,23,7,3.0,0,0,False,0,0
s08-r0-disconnect-0.5,0,8,0.5,0,0,False,0,0
s08-r0-disconnect-0.5,1,8,0.5,0,0,False,0,0
s08-r0-disconnect-0.5,2,8,0.5,0,0,False,0,0
s08-r0-disconnect-0.5,4,8,0.5,0,0,False,0,0
s08-r0-disconnect-0.5,5,8,0.5,0,0,False,0,0
s08-r0-disconnect-0.5,6,8,0.5,0,0,False,0,0
s08-r0-disconnect-0.5,7,8,0.5,0,0,False,0,0
s08-r0-disconnect-0.5,8,8,0.5,0,0,False,0,0
s08-r0-disconnect-0.5,9,8,0.5,0,0,False,0,0
s08-r0-disconnect-0.5,10,8,0.5,0,0,False,0,0
s08-r0-disconnect-0.5,12,8,0.5,0,0,False,0,0
s08-r0-disconnect-0.5,13,8,0.5,0,0,False,0,0
s08-r0-disconnect-0.5,14,8,0.5,0,0,False,0,0
s08-r0-disconnect-0.5,15,8,0.5,250,0,True,0,0
s08-r0-disconnect-0.5,17,8,0.5,0,0,False,0,0
s08-r0-disconnect-0.5,18,8,0.5,0,0,False,0,0
s08-r0-disconnect-0.5,19,8,0.5,0,0,False,0,0
s08-r0-disconnect-0.5,20,8,0.5,0,0,False,0,0
s08-r0-disconnect-0.5,21,8,0.5,0,0,False,0,0
s08-r0-disconnect-0.5,22,8,0.5,0,0,False,0,0
s08-r0-disconnect-0.5,23,8,0.5,0,0,False,0,0
s08-r0-disconnect-1,0,8,1.0,0,0,False,0,0
s08-r0-disconnect-1,1,8,1.0,0,0,False,0,0
s08-r0-disconnect-1,2,8,1.0,0,0,False,0,0
s08-r0-disconnect-1,3,8,1.0,0,0,False,0,0
s08-r0-disconnect-1,4,8,1.0,0,0,False,0,0
s08-r0-disconnect-1,5,8,1.0,0,0,False,0,0
s08-r0-disconnect-1,7,8,1.0,0,0,False,0,0
s08-r0-disconnect-1,8,8,1.0,0,0,False,0,0
s08-r0-disconnect-1,9,8,1.0,0,0,False,0,0
s08-r0-disconnect-1,10,8,1.0,0,0,False,0,0
s08-r0-disconnect-1,11,8,1.0,0,0,False,0,0
s08-r0-disconnect-1,12,8,1.0,0,0,False,0,0
s08-r0-disconnect-1,13,8,1.0,0,0,False,0,0
s08-r0-disconnect-1,14,8,1.0,0,0,False,0,0
s08-r0-disconnect-1,15,8,1.0,0,0,False,0,0
s08-r0-disconnect-1,16,8,1.0,0,0,False,0,0
s08-r0-disconnect-1,17,8,1.0,0,0,False,0,0
s08-r0-disconnect-1,18,8,1.0,0,0,False,0,0
s08-r0-disconnect-1,19,8,1.0,0,0,False,0,0
s08-r0-disconnect-1,20,8,1.0,0,0,False,0,0
s08-r0-disconnect-1,21,8,1.0,0,0,False,0,0
s08-r0-disconnect-1,22,8,1.0,0,0,False,0,0
s08-r0-disconnect-1,23,8,1.0,0,0,False,0,0
s08-r0-disconnect-3,0,8,3.0,0,0,False,0,0
s08-r0-disconnect-3,1,8,3.0,0,0,False,0,0
s08-r0-disconnect-3,2,8,3.0,0,0,False,0,0
s08-r0-disconnect-3,3,8,3.0,0,0,False,0,0
s08-r0-disconnect-3,4,8,3.0,0,0,False,0,0
s08-r0-disconnect-3,6,8,3.0,0,0,False,0,0
s08-r0-disconnect-3,8,8,3.0,0,0,False,0,0
s08-r0-disconnect-3,9,8,3.0,0,0,False,0,0
s08-r0-disconnect-3,10,8,3.0,0,0,False,0,0
s08-r0-disconnect-3,11,8,3.0,0,0,False,0,0
s08-r0-disconnect-3,12,8,3.0,0,0,False,0,0
s08-r0-disconnect-3,13,8,3.0,0,0,False,0,0
s08-r0-disconnect-3,14,8,3.0,0,0,False,0,0
s08-r0-disconnect-3,15,8,3.0,0,0,False,0,0
s08-r0-disconnect-3,16,8,3.0,0,0,False,0,0
s08-r0-disconnect-3,18,8,3.0,0,0,False,0,0
s08-r0-disconnect-3,19,8,3.0,0,0,False,0,0
s08-r0-disconnect-3,20,8,3.0,0,0,False,0,0
s08-r0-disconnect-3,21,8,3.0,0,0,False,0,0
s08-r0-disconnect-3,22,8,3.0,0,0,False,0,0
s08-r0-disconnect-3,23,8,3.0,0,0,False,0,0
s08-r1-disconnect-0.5,0,8,0.5,0,0,False,0,0
s08-r1-disconnect-0.5,1,8,0.5,0,0,False,0,0
s08-r1-disconnect-0.5,2,8,0.5,0,0,False,0,0
s08-r1-disconnect-0.5,3,8,0.5,0,0,False,0,0
s08-r1-disconnect-0.5,4,8,0.5,40,0,True,0,0
s08-r1-disconnect-0.5,5,8,0.5,0,0,False,0,0
s08-r1-disconnect-0.5,6,8,0.5,0,0,False,0,0
s08-r1-disconnect-0.5,7,8,0.5,0,0,False,0,0
s08-r1-disconnect-0.5,8,8,0.5,0,0,False,0,0
s08-r1-disconnect-0.5,9,8,0.5,0,0,False,0,0
s08-r1-disconnect-0.5,10,8,0.5,0,0,False,0,0
s08-r1-disconnect-0.5,11,8,0.5,0,0,False,0,0
s08-r1-disconnect-0.5,12,8,0.5,0,0,False,0,0
s08-r1-disconnect-0.5,13,8,0.5,0,0,False,0,0
s08-r1-disconnect-0.5,14,8,0.5,0,0,False,0,0
s08-r1-disconnect-0.5,15,8,0.5,0,0,False,0,0
s08-r1-disconnect-0.5,16,8,0.5,0,0,False,0,0
s08-r1-disconnect-0.5,17,8,0.5,0,0,False,0,0
s08-r1-disconnect-0.5,18,8,0.5,0,0,False,0,0
s08-r1-disconnect-0.5,19,8,0.5,0,0,False,0,0
s08-r1-disconnect-0.5,20,8,0.5,0,0,False,0,0
s08-r1-disconnect-0.5,21,8,0.5,0,0,False,0,0
s08-r1-disconnect-0.5,22,8,0.5,0,0,False,0,0
s08-r1-disconnect-0.5,23,8,0.5,0,0,False,0,0
s08-r1-disconnect-1,0,8,1.0,0,0,False,0,0
s08-r1-disconnect-1,1,8,1.0,0,0,False,0,0
s08-r1-disconnect-1,3,8,1.0,0,0,False,0,0
s08-r1-disconnect-1,4,8,1.0,0,0,False,0,0
s08-r1-disconnect-1,5,8,1.0,0,0,False,0,0
s08-r1-disconnect-1,6,8,1.0,0,0,False,0,0
s08-r1-disconnect-1,7,8,1.0,0,0,False,0,0
s08-r1-disconnect-1,8,8,1.0,0,0,False,0,0
s08-r1-disconnect-1,9,8,1.0,0,0,False,0,0
s08-r1-disconnect-1,10,8,1.0,0,0,False,0,0
s08-r1-disconnect-1,11,8,1.0,0,0,False,0,0
s08-r1-disconnect-1,12,8,1.0,0,0,False,0,0
s08-r1-disconnect-1,13,8,1.0,0,0,False,0,0
s08-r1-disconnect-1,15,8,1.0,0,0,False,0,0
s08-r1-disconnect-1,16,8,1.0,0,0,False,0,0
s08-r1-disconnect-1,17,8,1.0,0,0,False,0,0
s08-r1-disconnect-1,18,8,1.0,0,0,False,0,0
s08-r1-disconnect-1,19,8,1.0,0,0,False,0,0
s08-r1-disconnect-1,20,8,1.0,240,0,True,0,0
s08-r1-disconnect-1,21,8,1.0,0,0,False,0,0
s08-r1-disconnect-1,22,8,1.0,0,0,False,0,0
s08-r1-disconnect-1,23,8,1.0,0,0,False,0,0
s08-r1-disconnect-3,0,8,3.0,0,0,False,0,0
s08-r1-disconnect-3,1,8,3.0,0,0,False,0,0
s08-r1-disconnect-3,2,8,3.0,0,0,False,0,0
s08-r1-disconnect-3,3,8,3.0,0,0,False,0,0
s08-r1-disconnect-3,4,8,3.0,0,0,False,0,0
s08-r1-disconnect-3,5,8,3.0,0,0,False,0,0
s08-r1-disconnect-3,6,8,3.0,0,0,False,0,0
s08-r1-disconnect-3,7,8,3.0,0,0,False,0,0
s08-r1-disconnect-3,8,8,3.0,0,0,False,0,0
s08-r1-disconnect-3,9,8,3.0,0,0,False,0,0
s08-r1-disconnect-3,10,8,3.0,0,0,False,0,0
s08-r1-disconnect-3,11,8,3.0,0,0,False,0,0
s08-r1-disconnect-3,12,8,3.0,0,0,False,0,0
s08-r1-disconnect-3,13,8,3.0,0,0,False,0,0
s08-r1-disconnect-3,15,8,3.0,0,0,False,0,0
s08-r1-disconnect-3,16,8,3.0,0,0,False,0,0
s08-r1-disconnect-3,17,8,3.0,0,0,False,0,0
s08-r1-disconnect-3,18,8,3.0,0,0,False,0,0
s08-r1-disconnect-3,19,8,3.0,0,0,False,0,0
s08-r1-disconnect-3,20,8,3.0,0,0,False,0,0
s08-r1-disconnect-3,21,8,3.0,0,0,False,0,0
s08-r1-disconnect-3,23,8,3.0,0,0,False,0,0
s08-r2-disconnect-0.5,0,8,0.5,0,0,False,0,0
s08-r2-disconnect-0.5,1,8,0.5,0,0,False,0,0
s08-r2-disconnect-0.5,2,8,0.5,0,0,False,0,0
s08-r2-disconnect-0.5,3,8,0.5,0,0,False,0,0
s08-r2-disconnect-0.5,4,8,0.5,0,0,False,0,0
s08-r2-disconnect-0.5,5,8,0.5,0,0,False,0,0
s08-r2-disconnect-0.5,7,8,0.5,80,0,True,0,0
s08-r2-disconnect-0.5,8,8,0.5,0,0,False,0,0
s08-r2-disconnect-0.5,9,8,0.5,0,0,False,0,0
s08-r2-disconnect-0.5,10,8,0.5,0,0,False,0,0
s08-r2-disconnect-0.5,11,8,0.5,0,0,False,0,0
s08-r2-disconnect-0.5,12,8,0.5,0,0,False,0,0
s08-r2-disconnect-0.5,13,8,0.5,0,0,False,0,0
s08-r2-disconnect-0.5,14,8,0.5,0,0,False,0,0
s08-r2-disconnect-0.5,15,8,0.5,0,0,False,0,0
s08-r2-disconnect-0.5,16,8,0.5,0,0,False,0,0
s08-r2-disconnect-0.5,17,8,0.5,0,0,False,0,0
s08-r2-disconnect-0.5,18,8,0.5,0,0,False,0,0
s08-r2-disconnect-0.5,19,8,0.5,0,0,False,0,0
s08-r2-disconnect-0.5,20,8,0.5,0,0,False,0,0
s08-r2-disconnect-0.5,22,8,0.5,0,0,False,0,0
s08-r2-disconnect-0.5,23,8,0.5,0,0,False,0,0
s08-r2-disconnect-1,0,8,1.0,0,0,False,0,0
s08-r2-disconnect-1,1,8,1.0,0,0,False,0,0
s08-r2-disconnect-1,2,8,1.0,0,0,False,0,0
s08-r2-disconnect-1,3,8,1.0,0,0,False,0,0
s08-r2-disconnect-1,4,8,1.0,0,0,False,0,0
s08-r2-disconnect-1,5,8,1.0,0,0,False,0,0
s08-r2-disconnect-1,6,8,1.0,0,0,False,0,0
s08-r2-disconnect-1,7,8,1.0,0,0,False,0,0
s08-r2-disconnect-1,8,8,1.0,0,0,False,0,0
s08-r2-disconnect-1,9,8,1.0,0,0,False,0,0
s08-r2-disconnect-1,10,8,1.0,0,0,False,0,0
s08-r2-disconnect-1,11,8,1.0,0,0,False,0,0
s08-r2-disconnect-1,12,8,1.0,0,0,False,0,0
s08-r2-disconnect-1,13,8,1.0,0,0,False,0,0
s08-r2-disconnect-1,14,8,1.0,0,0,False,0,0
s08-r2-disconnect-1,15,8,1.0,0,0,False,0,0
s08-r2-disconnect-1,16,8,1.0,0,0,False,0,0
s08-r2-disconnect-1,17,8,1.0,0,0,False,0,0
s08-r2-disconnect-1,18,8,1.0,0,0,False,0,0
s08-r2-disconnect-1,19,8,1.0,0,0,False,0,0
s08-r2-disconnect-1,20,8,1.0,0,0,False,0,0
s08-r2-disconnect-1,21,8,1.0,0,0,False,0,0
s08-r2-disconnect-1,22,8,1.0,0,0,False,0,0
s08-r2-disconnect-1,23,8,1.0,0,0,False,0,0
s08-r2-disconnect-3,0,8,3.0,0,0,False,0,0
s08-r2-disconnect-3,1,8,3.0,0,0,False,0,0
s08-r2-disconnect-3,2,8,3.0,0,0,False,0,0
s08-r2-disconnect-3,3,8,3.0,0,0,False,0,0
s08-r2-disconnect-3,4,8,3.0,0,0,False,0,0
s08-r2-disconnect-3,5,8,3.0,0,0,False,0,0
s08-r2-disconnect-3,6,8,3.0,0,0,False,0,0
s08-r2-disconnect-3,7,8,3.0,0,0,False,0,0
s08-r2-disconnect-3,8,8,3.0,0,0,False,0,0
s08-r2-disconnect-3,9,8,3.0,0,0,False,0,0
s08-r2-disconnect-3,10,8,3.0,0,0,False,0,0
s08-r2-disconnect-3,12,8,3.0,0,0,False,0,0
s08-r2-disconnect-3,13,8,3.0,0,0,False,0,0
s08-r2-disconnect-3,14,8,3.0,0,0,False,0,0
s08-r2-disconnect-3,15,8,3.0,0,0,False,0,0
s08-r2-disconnect-3,16,8,3.0,0,0,False,0,0
s08-r2-disconnect-3,17,8,3.0,0,0,False,0,0
s08-r2-disconnect-3,20,8,3.0,0,0,False,0,0
s08-r2-disconnect-3,21,8,3.0,0,0,False,0,0
s08-r2-disconnect-3,22,8,3.0,0,0,False,0,0
s08-r2-disconnect-3,23,8,3.0,0,0,False,0,0
s08-r3-disconnect-0.5,0,8,0.5,0,0,False,0,0
s08-r3-disconnect-0.5,1,8,0.5,0,0,False,0,0
s08-r3-disconnect-0.5,2,8,0.5,0,0,False,0,0
s08-r3-disconnect-0.5,3,8,0.5,0,0,False,0,0
s08-r3-disconnect-0.5,4,8,0.5,0,0,False,0,0
s08-r3-disconnect-0.5,5,8,0.5,0,0,False,0,0
s08-r3-disconnect-0.5,6,8,0.5,0,0,False,0,0
s08-r3-disconnect-0.5,7,8,0.5,0,0,False,0,0
s08-r3-disconnect-0.5,8,8,0.5,0,0,False,0,0
s08-r3-disconnect-0.5,9,8,0.5,0,0,False,0,0
s08-r3-disconnect-0.5,10,8,0.5,0,0,False,0,0
s08-r3-disconnect-0.5,11,8,0.5,0,0,False,0,0
s08-r3-disconnect-0.5,12,8,0.5,0,0,False,0,0
s08-r3-disconnect-0.5,13,8,0.5,0,0,False,0,0
s08-r3-disconnect-0.5,14,8,0.5,0,0,False,0,0
s08-r3-disconnect-0.5,15,8,0.5,0,0,False,0,0
s08-r3-disconnect-0.5,16,8,0.5,0,0,False,0,0
s08-r3-disconnect-0.5,17,8,0.5,0,0,False,0,0
s08-r3-disconnect-0.5,19,8,0.5,0,0,False,0,0
s08-r3-disconnect-0.5,20,8,0.5,0,0,False,0,0
s08-r3-disconnect-0.5,22,8,0.5,0,0,False,0,0
s08-r3-disconnect-0.5,23,8,0.5,0,0,False,0,0
s08-r3-disconnect-1,0,8,1.0,0,0,False,0,0
s08-r3-disconnect-1,1,8,1.0,0,0,False,0,0
s08-r3-disconnect-1,2,8,1.0,0,0,False,0,0
s08-r3-disconnect-1,3,8,1.0,0,0,False,0,0
s08-r3-disconnect-1,4,8,1.0,0,0,False,0,0
s08-r3-disconnect-1,5,8,1.0,0,0,False,0,0
s08-r3-disconnect-1,6,8,1.0,0,0,False,0,0
s08-r3-disconnect-1,8,8,1.0,0,0,False,0,0
s08-r3-disconnect-1,9,8,1.0,0,0,False,0,0
s08-r3-disconnect-1,10,8,1.0,0,0,False,0,0
s08-r3-disconnect-1,11,8,1.0,0,0,False,0,0
s08-r3-disconnect-1,12,8,1.0,0,0,False,0,0
s08-r3-disconnect-1,13,8,1.0,0,0,False,0,0
s08-r3-disconnect-1,14,8,1.0,0,0,False,0,0
s08-r3-disconnect-1,15,8,1.0,0,0,False,0,0
s08-r3-disconnect-1,17,8,1.0,0,0,False,0,0
s08-r3-disconnect-1,18,8,1.0,0,0,False,0,0
s08-r3-disconnect-1,19,8,1.0,0,0,False,0,0
s08-r3-disconnect-1,20,8,1.0,0,0,False,0,0
s08-r3-disconnect-1,21,8,1.0,0,0,False,0,0
s08-r3-disconnect-1,22,8,1.0,100,0,True,0,0
s08-r3-disconnect-1,23,8,1.0,0,0,False,0,0
s08-r3-disconnect-3,0,8,3.0,0,0,False,0,0
s08-r3-disconnect-3,1,8,3.0,0,0,False,0,0
s08-r3-disconnect-3,2,8,3.0,0,0,False,0,0
s08-r3-disconnect-3,3,8,3.0,0,0,False,0,0
s08-r3-disconnect-3,4,8,3.0,0,0,False,0,0
s08-r3-disconnect-3,5,8,3.0,0,0,False,0,0
s08-r3-disconnect-3,6,8,3.0,0,0,False,0,0
s08-r3-disconnect-3,7,8,3.0,0,0,False,0,0
s08-r3-disconnect-3,8,8,3.0,0,0,False,0,0
s08-r3-disconnect-3,10,8,3.0,0,0,False,0,0
s08-r3-disconnect-3,11,8,3.0,0,0,False,0,0
s08-r3-disconnect-3,12,8,3.0,0,0,False,0,0
s08-r3-disconnect-3,13,8,3.0,0,0,False,0,0
s08-r3-disconnect-3,14,8,3.0,0,0,False,0,0
s08-r3-disconnect-3,15,8,3.0,0,0,False,0,0
s08-r3-disconnect-3,16,8,3.0,0,0,False,0,0
s08-r3-disconnect-3,17,8,3.0,0,0,False,0,0
s08-r3-disconnect-3,18,8,3.0,0,0,False,0,0
s08-r3-disconnect-3,19,8,3.0,0,0,False,0,0
s08-r3-disconnect-3,20,8,3.0,0,0,False,0,0
s08-r3-disconnect-3,21,8,3.0,0,0,False,0,0
s08-r3-disconnect-3,22,8,3.0,0,0,False,0,0
s08-r3-disconnect-3,23,8,3.0,0,0,False,0,0
s08-r4-disconnect-0.5,0,8,0.5,0,0,False,0,0
s08-r4-disconnect-0.5,1,8,0.5,0,0,False,0,0
s08-r4-disconnect-0.5,2,8,0.5,0,0,False,0,0
s08-r4-disconnect-0.5,4,8,0.5,0,0,False,0,0
s08-r4-disconnect-0.5,5,8,0.5,0,0,False,0,0
s08-r4-disconnect-0.5,6,8,0.5,0,0,False,0,0
s08-r4-disconnect-0.5,7,8,0.5,0,0,False,0,0
s08-r4-disconnect-0.5,8,8,0.5,0,0,False,0,0
s08-r4-disconnect-0.5,9,8,0.5,0,0,False,0,0
s08-r4-disconnect-0.5,10,8,0.5,0,0,False,0,0
s08-r4-disconnect-0.5,11,8,0.5,0,0,False,0,0
s08-r4-disconnect-0.5,12,8,0.5,0,0,False,0,0
s08-r4-disconnect-0.5,13,8,0.5,0,0,False,0,0
s08-r4-disconnect-0.5,14,8,0.5,0,0,False,0,0
s08-r4-disconnect-0.5,15,8,0.5,0,0,False,0,0
s08-r4-disconnect-0.5,16,8,0.5,0,0,False,0,0
s08-r4-disconnect-0.5,17,8,0.5,0,0,False,0,0
s08-r4-disconnect-0.5,19,8,0.5,0,0,False,0,0
s08-r4-disconnect-0.5,20,8,0.5,0,0,False,0,0
s08-r4-disconnect-0.5,22,8,0.5,0,0,False,0,0
s08-r4-disconnect-0.5,23,8,0.5,0,0,False,0,0
s08-r4-disconnect-1,0,8,1.0,0,0,False,0,0
s08-r4-disconnect-1,1,8,1.0,0,0,False,0,0
s08-r4-disconnect-1,2,8,1.0,0,0,False,0,0
s08-r4-disconnect-1,4,8,1.0,0,0,False,0,0
s08-r4-disconnect-1,5,8,1.0,0,0,False,0,0
s08-r4-disconnect-1,6,8,1.0,0,0,False,0,0
s08-r4-disconnect-1,7,8,1.0,0,0,False,0,0
s08-r4-disconnect-1,8,8,1.0,0,0,False,0,0
s08-r4-disconnect-1,9,8,1.0,0,0,False,0,0
s08-r4-disconnect-1,10,8,1.0,250,0,True,0,0
s08-r4-disconnect-1,11,8,1.0,0,0,False,0,0
s08-r4-disconnect-1,12,8,1.0,0,0,False,0,0
s08-r4-disconnect-1,13,8,1.0,0,0,False,0,0
s08-r4-disconnect-1,15,8,1.0,0,0,False,0,0
s08-r4-disconnect-1,16,8,1.0,0,0,False,0,0
s08-r4-disconnect-1,17,8,1.0,0,0,False,0,0
s08-r4-disconnect-1,18,8,1.0,0,0,False,0,0
s08-r4-disconnect-1,19,8,1.0,0,0,False,0,0
s08-r4-disconnect-1,20,8,1.0,0,0,False,0,0
s08-r4-disconnect-1,21,8,1.0,0,0,False,0,0
s08-r4-disconnect-1,22,8,1.0,0,0,False,0,0
s08-r4-disconnect-1,23,8,1.0,0,0,False,0,0
s08-r4-disconnect-3,0,8,3.0,0,0,False,0,0
s08-r4-disconnect-3,1,8,3.0,0,0,False,0,0
s08-r4-disconnect-3,2,8,3.0,0,0,False,0,0
s08-r4-disconnect-3,3,8,3.0,0,0,False,0,0
s08-r4-disconnect-3,4,8,3.0,0,0,False,0,0
s08-r4-disconnect-3,5,8,3.0,0,0,False,0,0
s08-r4-disconnect-3,6,8,3.0,0,0,False,0,0
s08-r4-disconnect-3,7,8,3.0,0,0,False,0,0
s08-r4-disconnect-3,8,8,3.0,0,0,False,0,0
s08-r4-disconnect-3,9,8,3.0,0,0,False,0,0
s08-r4-disconnect-3,10,8,3.0,0,0,False,0,0
s08-r4-disconnect-3,11,8,3.0,0,0,False,0,0
s08-r4-disconnect-3,12,8,3.0,0,0,False,0,0
s08-r4-disconnect-3,13,8,3.0,0,0,False,0,0
s08-r4-disconnect-3,14,8,3.0,0,0,False,0,0
s08-r4-disconnect-3,15,8,3.0,0,0,False,0,0
s08-r4-disconnect-3,16,8,3.0,0,0,False,0,0
s08-r4-disconnect-3,17,8,3.0,0,0,False,0,0
s08-r4-disconnect-3,18,8,3.0,0,0,False,0,0
s08-r4-disconnect-3,19,8,3.0,0,0,False,0,0
s08-r4-disconnect-3,21,8,3.0,0,0,False,0,0
s08-r4-disconnect-3,22,8,3.0,0,60,True,0,0
s08-r4-disconnect-3,23,8,3.0,0,0,False,0,0
s09-r0-disconnect-0.5,0,9,0.5,0,0,False,0,0
s09-r0-disconnect-0.5,1,9,0.5,0,0,False,0,0
s09-r0-disconnect-0.5,2,9,0.5,0,0,False,0,0
s09-r0-disconnect-0.5,3,9,0.5,0,0,False,0,0
s09-r0-disconnect-0.5,4,9,0.5,0,0,False,0,0
s09-r0-disconnect-0.5,5,9,0.5,0,0,False,0,0
s09-r0-disconnect-0.5,6,9,0.5,0,0,False,0,0
s09-r0-disconnect-0.5,7,9,0.5,0,0,False,0,0
s09-r0-disconnect-0.5,8,9,0.5,0,0,False,0,0
s09-r0-disconnect-0.5,9,9,0.5,0,0,False,0,0
s09-r0-disconnect-0.5,10,9,0.5,0,0,False,0,0
s09-r0-disconnect-0.5,11,9,0.5,0,0,False,0,0
s09-r0-disconnect-0.5,12,9,0.5,0,0,False,0,0
s09-r0-disconnect-0.5,13,9,0.5,0,0,False,0,0
s09-r0-disconnect-0.5,14,9,0.5,0,0,False,0,0
s09-r0-disconnect-0.5,15,9,0.5,0,0,False,0,0
s09-r0-disconnect-0.5,16,9,0.5,0,0,False,0,0
s09-r0-disconnect-0.5,17,9,0.5,0,0,False,0,0
s09-r0-disconnect-0.5,18,9,0.5,0,0,False,0,0
s09-r0-disconnect-0.5,19,9,0.5,0,0,False,0,0
s09-r0-disconnect-0.5,21,9,0.5,0,0,False,0,0
s09-r0-disconnect-0.5,22,9,0.5,0,0,False,0,0
s09-r0-disconnect-0.5,23,9,0.5,0,0,False,0,0
s09-r0-disconnect-1,0,9,1.0,0,0,False,0,0
s09-r0-disconnect-1,1,9,1.0,0,0,False,0,0
s09-r0-disconnect-1,2,9,1.0,0,0,False,0,0
s09-r0-disconnect-1,3,9,1.0,0,0,False,0,0
s09-r0-disconnect-1,4,9,1.0,0,0,False,0,0
s09-r0-disconnect-1,5,9,1.0,0,0,False,0,0
s09-r0-disconnect-1,6,9,1.0,0,0,False,0,0
s09-r0-disconnect-1,7,9,1.0,0,0,False,0,0
s09-r0-disconnect-1,8,9,1.0,0,0,False,0,0
s09-r0-disconnect-1,9,9,1.0,0,0,False,0,0
s09-r0-disconnect-1,10,9,1.0,0,0,False,0,0
s09-r0-disconnect-1,11,9,1.0,0,0,False,0,0
s09-r0-disconnect-1,12,9,1.0,0,0,False,0,0
s09-r0-disconnect-1,14,9,1.0,0,0,False,0,0
s09-r0-disconnect-1,15,9,1.0,0,0,False,0,0
s09-r0-disconnect-1,16,9,1.0,0,0,False,0,0
s09-r0-disconnect-1,17,9,1.0,0,0,False,0,0
s09-r0-disconnect-1,18,9,1.0,0,0,False,0,0
s09-r0-disconnect-1,19,9,1.0,0,0,False,0,0
s09-r0-disconnect-1,20,9,1.0,0,0,False,0,0
s09-r0-disconnect-1,21,9,1.0,0,0,False,0,0
s09-r0-disconnect-1,22,9,1.0,0,0,False,0,0
s09-r0-disconnect-3,0,9,3.0,0,0,False,0,0
s09-r0-disconnect-3,1,9,3.0,0,0,False,0,0
s09-r0-disconnect-3,2,9,3.0,0,0,False,0,0
s09-r0-disconnect-3,3,9,3.0,0,0,False,0,0
s09-r0-disconnect-3,4,9,3.0,0,0,False,0,0
s09-r0-disconnect-3,5,9,3.0,0,0,False,0,0
s09-r0-disconnect-3,7,9,3.0,0,0,False,0,0
s09-r0-disconnect-3,9,9,3.0,0,0,False,0,0
s09-r0-disconnect-3,10,9,3.0,0,0,False,0,0
s09-r0-disconnect-3,11,9,3.0,0,0,False,0,0
s09-r0-disconnect-3,12,9,3.0,0,0,False,0,0
s09-r0-disconnect-3,13,9,3.0,0,0,False,0,0
s09-r0-disconnect-3,14,9,3.0,0,0,False,0,0
s09-r0-disconnect-3,15,9,3.0,0,0,False,0,0
s09-r0-disconnect-3,16,9,3.0,0,0,False,0,0
s09-r0-disconnect-3,17,9,3.0,0,0,False,0,0
s09-r0-disconnect-3,18,9,3.0,0,0,False,0,0
s09-r0-disconnect-3,20,9,3.0,0,0,False,0,0
s09-r0-disconnect-3,21,9,3.0,0,0,False,0,0
s09-r0-disconnect-3,22,9,3.0,0,0,False,0,0
s09-r0-disconnect-3,23,9,3.0,0,0,False,0,0
s09-r1-disconnect-0.5,0,9,0.5,0,0,False,0,0
s09-r1-disconnect-0.5,1,9,0.5,0,0,False,0,0
s09-r1-disconnect-0.5,2,9,0.5,0,0,False,0,0
s09-r1-disconnect-0.5,3,9,0.5,0,0,False,0,0
s09-r1-disconnect-0.5,4,9,0.5,0,0,False,0,0
s09-r1-disconnect-0.5,5,9,0.5,0,0,False,0,0
s09-r1-disconnect-0.5,6,9,0.5,0,0,False,0,0
s09-r1-disconnect-0.5,7,9,0.5,0,0,False,0,0
s09-r1-disconnect-0.5,8,9,0.5,0,0,False,0,0
s09-r1-disconnect-0.5,9,9,0.5,0,0,False,0,0
s09-r1-disconnect-0.5,10,9,0.5,0,0,False,0,0
s09-r1-disconnect-0.5,11,9,0.5,0,0,False,0,0
s09-r1-disconnect-0.5,12,9,0.5,0,0,False,0,0
s09-r1-disconnect-0.5,14,9,0.5,0,0,False,0,0
s09-r1-disconnect-0.5,15,9,0.5,0,0,False,0,0
s09-r1-disconnect-0.5,16,9,0.5,0,0,False,0,0
s09-r1-disconnect-0.5,17,9,0.5,0,0,False,0,0
s09-r1-disconnect-0.5,18,9,0.5,0,0,False,0,0
s09-r1-disconnect-0.5,19,9,0.5,0,0,False,0,0
s09-r1-disconnect-0.5,20,9,0.5,0,0,False,0,0
s09-r1-disconnect-0.5,21,9,0.5,0,0,False,0,0
s09-r1-disconnect-0.5,22,9,0.5,0,0,False,0,0
s09-r1-disconnect-0.5,23,9,0.5,0,0,False,0,0
s09-r1-disconnect-1,0,9,1.0,0,0,False,0,0
s09-r1-disconnect-1,1,9,1.0,0,0,False,0,0
s09-r1-disconnect-1,2,9,1.0,0,0,False,0,0
s09-r1-disconnect-1,3,9,1.0,0,0,False,0,0
s09-r1-disconnect-1,4,9,1.0,0,0,False,0,0
s09-r1-disconnect-1,5,9,1.0,0,0,False,0,0
s09-r1-disconnect-1,6,9,1.0,0,0,False,0,0
s09-r1-disconnect-1,7,9,1.0,0,0,False,0,0
s09-r1-disconnect-1,8,9,1.0,0,0,False,0,0
s09-r1-disconnect-1,9,9,1.0,0,0,False,0,0
s09-r1-disconnect-1,11,9,1.0,0,0,False,0,0
s09-r1-disconnect-1,12,9,1.0,0,0,False,0,0
s09-r1-disconnect-1,13,9,1.0,0,0,False,0,0
s09-r1-disconnect-1,14,9,1.0,0,0,False,0,0
s09-r1-disconnect-1,15,9,1.0,0,0,False,0,0
s09-r1-disconnect-1,16,9,1.0,0,0,False,0,0
s09-r1-disconnect-1,17,9,1.0,0,0,False,0,0
s09-r1-disconnect-1,18,9,1.0,0,0,False,0,0
s09-r1-disconnect-1,19,9,1.0,0,0,False,0,0
s09-r1-disconnect-1,20,9,1.0,0,0,False,0,0
s09-r1-disconnect-1,21,9,1.0,0,0,False,0,0
s09-r1-disconnect-1,22,9,1.0,250,0,True,0,0
s09-r1-disconnect-1,23,9,1.0,0,0,False,0,0
s09-r1-disconnect-3,0,9,3.0,0,0,False,0,0
s09-r1-disconnect-3,1,9,3.0,0,0,False,0,0
s09-r1-disconnect-3,2,9,3.0,0,0,False,0,0
s09-r1-disconnect-3,3,9,3.0,0,0,False,0,0
s09-r1-disconnect-3,4,9,3.0,0,0,False,0,0
s09-r1-disconnect-3,5,9,3.0,0,0,False,0,0
s09-r1-disconnect-3,6,9,3.0,0,0,False,0,0
s09-r1-disconnect-3,7,9,3.0,0,0,False,0,0
s09-r1-disconnect-3,9,9,3.0,0,0,False,0,0
s09-r1-disconnect-3,11,9,3.0,0,0,False,0,0
s09-r1-disconnect-3,12,9,3.0,0,0,False,0,0
s09-r1-disconnect-3,13,9,3.0,0,0,False,0,0
s09-r1-disconnect-3,14,9,3.0,0,0,False,0,0
s09-r1-disconnect-3,15,9,3.0,0,0,False,0,0
s09-r1-disconnect-3,16,9,3.0,0,0,False,0,0
s09-r1-disconnect-3,17,9,3.0,0,0,False,0,0
s09-r1-disconnect-3,18,9,3.0,0,0,False,0,0
s09-r1-disconnect-3,21,9,3.0,0,0,False,0,0
s09-r1-disconnect-3,22,9,3.0,0,0,False,0,0
s09-r1-disconnect-3,23,9,3.0,0,0,False,0,0
s09-r2-disconnect-0.5,0,9,0.5,0,0,False,0,0
s09-r2-disconnect-0.5,1,9,0.5,0,0,False,0,0
s09-r2-disconnect-0.5,4,9,0.5,0,0,False,0,0
s09-r2-disconnect-0.5,5,9,0.5,0,0,False,0,0
s09-r2-disconnect-0.5,6,9,0.5,0,0,False,0,0
s09-r2-disconnect-0.5,7,9,0.5,0,0,False,0,0
s09-r2-disconnect-0.5,8,9,0.5,0,0,False,0,0
s09-r2-disconnect-0.5,9,9,0.5,0,0,False,0,0
s09-r2-disconnect-0.5,10,9,0.5,0,0,False,0,0
s09-r2-disconnect-0.5,12,9,0.5,0,0,False,0,0
s09-r2-disconnect-0.5,13,9,0.5,0,0,False,0,0
s09-r2-disconnect-0.5,14,9,0.5,0,0,False,0,0
s09-r2-disconnect-0.5,15,9,0.5,0,0,False,0,0
s09-r2-disconnect-0.5,16,9,0.5,0,0,False,0,0
s09-r2-disconnect-0.5,17,9,0.5,0,0,False,0,0
s09-r2-disconnect-0.5,18,9,0.5,0,0,False,0,0
s09-r2-disconnect-0.5,19,9,0.5,0,20,True,0,0
s09-r2-disconnect-0.5,20,9,0.5,0,0,False,0,0
s09-r2-disconnect-0.5,21,9,0.5,0,0,False,0,0
s09-r2-disconnect-0.5,22,9,0.5,0,0,False,0,0
s09-r2-disconnect-0.5,23,9,0.5,0,0,False,0,0
s09-r2-disconnect-1,0,9,1.0,0,0,False,0,0
s09-r2-disconnect-1,1,9,1.0,0,0,False,0,0
s09-r2-disconnect-1,3,9,1.0,0,0,False,0,0
s09-r2-disconnect-1,4,9,1.0,240,0,True,0,0
s09-r2-disconnect-1,5,9,1.0,0,0,False,0,0
s09-r2-disconnect-1,6,9,1.0,0,0,False,0,0
s09-r2-disconnect-1,7,9,1.0,0,0,False,0,0
s09-r2-disconnect-1,8,9,1.0,0,0,False,0,0
s09-r2-disconnect-1,9,9,1.0,0,0,False,0,0
s09-r2-disconnect-1,11,9,1.0,0,0,False,0,0
s09-r2-disconnect-1,12,9,1.0,0,0,False,0,0
s09-r2-disconnect-1,13,9,1.0,0,0,False,0,0
s09-r2-disconnect-1,14,9,1.0,0,0,False,0,0
s09-r2-disconnect-1,15,9,1.0,0,0,False,0,0
s09-r2-disconnect-1,16,9,1.0,0,0,False,0,0
s09-r2-disconnect-1,17,9,1.0,0,0,False,0,0
s09-r2-disconnect-1,18,9,1.0,0,0,False,0,0
s09-r2-disconnect-1,19,9,1.0,0,0,False,0,0
s09-r2-disconnect-1,20,9,1.0,0,0,False,0,0
s09-r2-disconnect-1,21,9,1.0,0,0,False,0,0
s09-r2-disconnect-1,22,9,1.0,0,0,False,0,0
s09-r2-disconnect-1,23,9,1.0,0,0,False,0,0
s09-r2-disconnect-3,0,9,3.0,0,0,False,0,0
s09-r2-disconnect-3,1,9,3.0,0,0,False,0,0
s09-r2-disconnect-3,2,9,3.0,0,0,False,0,0
s09-r2-disconnect-3,3,9,3.0,0,0,False,0,0
s09-r2-disconnect-3,5,9,3.0,0,0,False,0,0
s09-r2-disconnect-3,8,9,3.0,0,0,False,0,0
s09-r2-disconnect-3,9,9,3.0,0,0,False,0,0
s09-r2-disconnect-3,10,9,3.0,0,0,False,0,0
s09-r2-disconnect-3,11,9,3.0,0,0,False,0,0
s09-r2-disconnect-3,12,9,3.0,0,0,False,0,0
s09-r2-disconnect-3,13,9,3.0,0,0,False,0,0
s09-r2-disconnect-3,14,9,3.0,0,0,False,0,0
s09-r2-disconnect-3,15,9,3.0,0,0,False,0,0
s09-r2-disconnect-3,16,9,3.0,0,0,False,0,0
s09-r2-disconnect-3,17,9,3.0,0,0,False,0,0
s09-r2-disconnect-3,18,9,3.0,0,0,False,0,0
s09-r2-disconnect-3,19,9,3.0,0,0,False,0,0
s09-r2-disconnect-3,20,9,3.0,0,0,False,0,0
s09-r2-disconnect-3,22,9,3.0,250,0,True,0,0
s09-r2-disconnect-3,23,9,3.0,0,0,False,0,0
s09-r3-disconnect-0.5,0,9,0.5,0,0,False,0,0
s09-r3-disconnect-0.5,1,9,0.5,0,0,False,0,0
s09-r3-disconnect-0.5,2,9,0.5,0,0,False,0,0
s09-r3-disconnect-0.5,3,9,0.5,0,0,False,0,0
s09-r3-disconnect-0.5,4,9,0.5,0,0,False,0,0
s09-r3-disconnect-0.5,5,9,0.5,0,0,False,0,0
s09-r3-disconnect-0.5,6,9,0.5,0,0,False,0,0
s09-r3-disconnect-0.5,7,9,0.5,0,0,False,0,0
s09-r3-disconnect-0.5,8,9,0.5,0,0,False,0,0
s09-r3-disconnect-0.5,9,9,0.5,0,0,False,0,0
s09-r3-disconnect-0.5,10,9,0.5,0,0,False,0,0
s09-r3-disconnect-0.5,11,9,0.5,0,0,False,0,0
s09-r3-disconnect-0.5,12,9,0.5,0,0,False,0,0
s09-r3-disconnect-0.5,13,9,0.5,0,0,False,0,0
s09-r3-disconnect-0.5,15,9,0.5,0,0,False,0,0
s09-r3-disconnect-0.5,16,9,0.5,0,0,False,0,0
s09-r3-disconnect-0.5,17,9,0.5,0,0,False,0,0
s09-r3-disconnect-0.5,19,9,0.5,0,0,False,0,0
s09-r3-disconnect-0.5,20,9,0.5,0,0,False,0,0
s09-r3-disconnect-0.5,22,9,0.5,0,0,False,0,0
s09-r3-disconnect-0.5,23,9,0.5,0,0,False,0,0
s09-r3-disconnect-1,0,9,1.0,0,0,False,0,0
s09-r3-disconnect-1,1,9,1.0,0,0,False,0,0
s09-r3-disconnect-1,2,9,1.0,250,0,True,0,0
s09-r3-disconnect-1,3,9,1.0,0,0,False,0,0
s09-r3-disconnect-1,4,9,1.0,0,0,False,0,0
s09-r3-disconnect-1,5,9,1.0,0,0,False,0,0
s09-r3-disconnect-1,6,9,1.0,0,0,False,0,0
s09-r3-disconnect-1,7,9,1.0,0,0,False,0,0
s09-r3-disconnect-1,9,9,1.0,40,0,True,0,0
s09-r3-disconnect-1,10,9,1.0,0,0,False,0,0
s09-r3-disconnect-1,11,9,1.0,0,0,False,0,0
s09-r3-disconnect-1,12,9,1.0,0,0,False,0,0
s09-r3-disconnect-1,13,9,1.0,0,0,False,0,0
s09-r3-disconnect-1,14,9,1.0,0,0,False,0,0
s09-r3-disconnect-1,15,9,1.0,0,0,False,0,0
s09-r3-disconnect-1,16,9,1.0,0,0,False,0,0
s09-r3-disconnect-1,18,9,1.0,0,0,False,0,0
s09-r3-disconnect-1,19,9,1.0,0,0,False,0,0
s09-r3-disconnect-1,20,9,1.0,0,0,False,0,0
s09-r3-disconnect-1,21,9,1.0,0,0,False,0,0
s09-r3-disconnect-1,22,9,1.0,0,0,False,0,0
s09-r3-disconnect-1,23,9,1.0,0,0,False,0,0
s09-r3-disconnect-3,0,9,3.0,0,0,False,0,0
s09-r3-disconnect-3,1,9,3.0,0,0,False,0,0
s09-r3-disconnect-3,2,9,3.0,0,0,False,0,0
s09-r3-disconnect-3,3,9,3.0,0,0,False,0,0
s09-r3-disconnect-3,4,9,3.0,0,0,False,0,0
s09-r3-disconnect-3,5,9,3.0,0,0,False,0,0
s09-r3-disconnect-3,6,9,3.0,0,0,False,0,0
s09-r3-disconnect-3,7,9,3.0,0,0,False,0,0
s09-r3-disconnect-3,8,9,3.0,0,0,False,0,0
s09-r3-disconnect-3,9,9,3.0,0,0,False,0,0
s09-r3-disconnect-3,10,9,3.0,0,0,False,0,0
s09-r3-disconnect-3,11,9,3.0,0,0,False,0,0
s09-r3-disconnect-3,12,9,3.0,0,0,False,0,0
s09-r3-disconnect-3,13,9,3.0,0,0,False,0,0
s09-r3-disconnect-3,14,9,3.0,0,0,False,0,0
s09-r3-disconnect-3,16,9,3.0,0,0,False,0,0
s09-r3-disconnect-3,17,9,3.0,0,0,False,0,0
s09-r3-disconnect-3,19,9,3.0,0,40,True,0,0
s09-r3-disconnect-3,20,9,3.0,0,0,False,0,0
s09-r3-disconnect-3,22,9,3.0,0,0,False,0,0
s09-r3-disconnect-3,23,9,3.0,0,0,False,0,0
s09-r4-disconnect-0.5,0,9,0.5,0,0,False,0,0
s09-r4-disconnect-0.5,1,9,0.5,0,0,False,0,0
s09-r4-disconnect-0.5,2,9,0.5,0,0,False,0,0
s09-r4-disconnect-0.5,3,9,0.5,0,0,False,0,0
s09-r4-disconnect-0.5,4,9,0.5,0,0,False,0,0
s09-r4-disconnect-0.5,6,9,0.5,0,0,False,0,0
s09-r4-disconnect-0.5,7,9,0.5,190,0,True,0,0
s09-r4-disconnect-0.5,8,9,0.5,0,0,False,0,0
s09-r4-disconnect-0.5,9,9,0.5,0,0,False,0,0
s09-r4-disconnect-0.5,10,9,0.5,0,0,False,0,0
s09-r4-disconnect-0.5,11,9,0.5,0,0,False,0,0
s09-r4-disconnect-0.5,12,9,0.5,0,0,False,0,0
s09-r4-disconnect-0.5,13,9,0.5,0,0,False,0,0
s09-r4-disconnect-0.5,14,9,0.5,0,0,False,0,0
s09-r4-disconnect-0.5,15,9,0.5,0,100,True,0,0
s09-r4-disconnect-0.5,16,9,0.5,0,0,False,0,0
s09-r4-disconnect-0.5,17,9,0.5,0,0,False,0,0
s09-r4-disconnect-0.5,18,9,0.5,0,0,False,0,0
s09-r4-disconnect-0.5,19,9,0.5,0,0,False,0,0
s09-r4-disconnect-0.5,20,9,0.5,0,0,False,0,0
s09-r4-disconnect-0.5,22,9,0.5,0,0,False,0,0
s09-r4-disconnect-0.5,23,9,0.5,0,0,False,0,0
s09-r4-disconnect-1,0,9,1.0,0,0,False,0,0
s09-r4-disconnect-1,1,9,1.0,0,0,False,0,0
s09-r4-disconnect-1,2,9,1.0,0,0,False,0,0
s09-r4-disconnect-1,3,9,1.0,0,0,False,0,0
s09-r4-disconnect-1,4,9,1.0,0,0,False,0,0
s09-r4-disconnect-1,6,9,1.0,0,0,False,0,0
s09-r4-disconnect-1,7,9,1.0,0,0,False,0,0
s09-r4-disconnect-1,8,9,1.0,0,0,False,0,0
s09-r4-disconnect-1,9,9,1.0,0,0,False,0,0
s09-r4-disconnect-1,10,9,1.0,0,0,False,0,0
s09-r4-disconnect-1,11,9,1.0,0,0,False,0,0
s09-r4-disconnect-1,12,9,1.0,0,20,True,0,0
s09-r4-disconnect-1,13,9,1.0,0,0,False,0,0
s09-r4-disconnect-1,14,9,1.0,0,0,False,0,0
s09-r4-disconnect-1,16,9,1.0,0,0,False,0,0
s09-r4-disconnect-1,17,9,1.0,0,0,False,0,0
s09-r4-disconnect-1,18,9,1.0,0,0,False,0,0
s09-r4-disconnect-1,19,9,1.0,0,0,False,0,0
s09-r4-disconnect-1,20,9,1.0,0,0,False,0,0
s09-r4-disconnect-1,21,9,1.0,0,0,False,0,0
s09-r4-disconnect-1,22,9,1.0,0,0,False,0,0
s09-r4-disconnect-1,23,9,1.0,0,0,False,0,0
s09-r4-disconnect-3,0,9,3.0,0,0,False,0,0
s09-r4-disconnect-3,1,9,3.0,0,0,False,0,0
s09-r4-disconnect-3,2,9,3.0,0,0,False,0,0
s09-r4-disconnect-3,3,9,3.0,0,0,False,0,0
s09-r4-disconnect-3,4,9,3.0,0,0,False,0,0
s09-r4-disconnect-3,5,9,3.0,0,0,False,0,0
s09-r4-disconnect-3,6,9,3.0,0,0,False,0,0
s09-r4-disconnect-3,7,9,3.0,0,0,False,0,0
s09-r4-disconnect-3,8,9,3.0,0,0,False,0,0
s09-r4-disconnect-3,9,9,3.0,0,0,False,0,0
s09-r4-disconnect-3,10,9,3.0,0,0,False,0,0
s09-r4-disconnect-3,12,9,3.0,0,0,False,0,0
s09-r4-disconnect-3,13,9,3.0,0,0,False,0,0
s09-r4-disconnect-3,14,9,3.0,0,0,False,0,0
s09-r4-disconnect-3,15,9,3.0,0,0,False,0,0
s09-r4-disconnect-3,16,9,3.0,0,0,False,0,0
s09-r4-disconnect-3,17,9,3.0,0,0,False,0,0
s09-r4-disconnect-3,18,9,3.0,250,0,True,0,0
s09-r4-disconnect-3,19,9,3.0,0,0,False,0,0
s09-r4-disconnect-3,20,9,3.0,0,0,False,0,0
s09-r4-disconnect-3,21,9,3.0,0,0,False,0,0
s09-r4-disconnect-3,22,9,3.0,0,0,False,0,0
s09-r4-disconnect-3,23,9,3.0,0,0,False,0,0
