exec_id,subject,run,label,k,ok_pairing,start_rel,end_rel,d_plan,d_log,n_gaps_row,sec_resume,hueco_ts,hueco_ia,d_nom,hueco_ia_corr,espera_hueco_ts,espera_hueco_ia_corr,pred_dlog,pred_dnom,err_hueco_ts_dlog,err_hueco_ts_dnom,err_hueco_ia_dlog,err_hueco_ia_dnom,err_hueco_ia_corr_dlog,err_hueco_ia_corr_dnom
s01-r0-disconnect-n10-1,1,0,disconnect-n10-1,0,True,37.64,38.64,1.0,1.0,1,39,1.52,1.56057,1.0,1.52057,0.52,0.52057,1.52,1.52,0.0,0.0,0.040569999999999995,0.040569999999999995,0.0005699999999999594,0.0005699999999999594
s01-r0-disconnect-n10-1,1,0,disconnect-n10-1,1,True,72.08,73.08,1.0,1.0,1,73,1.52,1.56167,1.0,1.5216699999999999,0.52,0.5216699999999999,1.52,1.52,0.0,0.0,0.041669999999999874,0.041669999999999874,0.0016699999999998383,0.0016699999999998383
s01-r0-disconnect-n10-1,1,0,disconnect-n10-1,2,True,99.8,100.8,1.0,1.0,1,101,1.52,1.56039,1.0,1.52039,0.52,0.5203899999999999,1.52,1.52,0.0,0.0,0.040389999999999926,0.040389999999999926,0.00038999999999989043,0.00038999999999989043
s01-r0-disconnect-n10-1,1,0,disconnect-n10-1,3,True,144.12,145.12,1.0,1.0,1,145,1.52,1.55506,1.0,1.51506,0.52,0.5150600000000001,1.52,1.52,0.0,0.0,0.03506000000000009,0.03506000000000009,-0.0049399999999999444,-0.0049399999999999444
s01-r0-disconnect-n10-1,1,0,disconnect-n10-1,4,True,181.24,182.24,1.0,1.0,1,182,1.52,1.5595,1.0,1.5195,0.52,0.5195000000000001,1.52,1.52,0.0,0.0,0.03950000000000009,0.03950000000000009,-0.0004999999999999449,-0.0004999999999999449
s01-r0-disconnect-n10-1,1,0,disconnect-n10-1,5,True,196.12,197.12,1.0,1.0,1,197,1.52,1.56072,1.0,1.52072,0.52,0.5207200000000001,1.52,1.52,0.0,0.0,0.04072000000000009,0.04072000000000009,0.0007200000000000539,0.0007200000000000539
s01-r0-disconnect-n10-1,1,0,disconnect-n10-1,6,True,233.32,234.32,1.0,1.0,1,234,1.52,1.56044,1.0,1.52044,0.52,0.52044,1.52,1.52,0.0,0.0,0.04044000000000003,0.04044000000000003,0.00043999999999999595,0.00043999999999999595
s01-r0-disconnect-n10-1,1,0,disconnect-n10-1,7,True,267.84,268.84,1.0,1.0,1,269,1.52,1.56052,1.0,1.5205199999999999,0.52,0.5205199999999999,1.52,1.52,0.0,0.0,0.04051999999999989,0.04051999999999989,0.0005199999999998539,0.0005199999999998539
s01-r0-disconnect-n10-1,1,0,disconnect-n10-1,8,True,310.2,311.2,1.0,1.0,1,311,1.52,1.55952,1.0,1.51952,0.52,0.51952,1.52,1.52,0.0,0.0,0.03952,0.03952,-0.00048000000000003595,-0.00048000000000003595
s01-r0-disconnect-n10-1,1,0,disconnect-n10-1,9,True,360.76,361.76,1.0,1.0,1,362,1.52,1.56107,1.0,1.52107,0.52,0.5210699999999999,1.52,1.52,0.0,0.0,0.04106999999999994,0.04106999999999994,0.0010699999999999044,0.0010699999999999044
s01-r0-disconnect-n2-1,1,0,disconnect-n2-1,0,True,136.36,137.36,1.0,1.0,1,137,1.52,1.55966,1.0,1.51966,0.52,0.51966,1.52,1.52,0.0,0.0,0.03966000000000003,0.03966000000000003,-0.00034000000000000696,-0.00034000000000000696
s01-r0-disconnect-n2-1,1,0,disconnect-n2-1,1,True,291.76,292.76,1.0,1.0,1,293,1.52,1.56029,1.0,1.52029,0.52,0.5202899999999999,1.52,1.52,0.0,0.0,0.04028999999999994,0.04028999999999994,0.00028999999999990145,0.00028999999999990145
s01-r0-disconnect-n20-1,1,0,disconnect-n20-1,0,True,20.88,21.88,1.0,1.0,1,22,1.52,1.55875,1.0,1.51875,0.52,0.51875,1.52,1.52,0.0,0.0,0.03875000000000006,0.03875000000000006,-0.0012499999999999734,-0.0012499999999999734
s01-r0-disconnect-n20-1,1,0,disconnect-n20-1,1,True,41.16,42.16,1.0,1.0,1,42,1.52,1.56002,1.0,1.52002,0.52,0.5200199999999999,1.52,1.52,0.0,0.0,0.040019999999999945,0.040019999999999945,1.999999999990898e-05,1.999999999990898e-05
s01-r0-disconnect-n20-1,1,0,disconnect-n20-1,2,True,51.76,52.76,1.0,1.0,1,53,1.52,1.56036,1.0,1.52036,0.52,0.5203599999999999,1.52,1.52,0.0,0.0,0.04035999999999995,0.04035999999999995,0.00035999999999991594,0.00035999999999991594
s01-r0-disconnect-n20-1,1,0,disconnect-n20-1,3,True,70.08,71.08,1.0,1.0,1,71,1.52,1.55595,1.0,1.51595,0.52,0.5159499999999999,1.52,1.52,0.0,0.0,0.035949999999999926,0.035949999999999926,-0.004050000000000109,-0.004050000000000109
s01-r0-disconnect-n20-1,1,0,disconnect-n20-1,4,True,91.48,92.48,1.0,1.0,1,93,1.52,1.55976,1.0,1.51976,0.52,0.51976,1.52,1.52,0.0,0.0,0.03976000000000002,0.03976000000000002,-0.00024000000000001798,-0.00024000000000001798
s01-r0-disconnect-n20-1,1,0,disconnect-n20-1,5,True,109.0,110.0,1.0,1.0,1,110,1.52,1.56077,1.0,1.52077,0.52,0.52077,1.52,1.52,0.0,0.0,0.04076999999999997,0.04076999999999997,0.0007699999999999374,0.0007699999999999374
s01-r0-disconnect-n20-1,1,0,disconnect-n20-1,6,True,130.96,131.96,1.0,1.0,1,132,1.52,1.55537,1.0,1.5153699999999999,0.52,0.5153699999999999,1.52,1.52,0.0,0.0,0.0353699999999999,0.0353699999999999,-0.004630000000000134,-0.004630000000000134
s01-r0-disconnect-n20-1,1,0,disconnect-n20-1,7,True,151.08,152.08,1.0,1.0,1,152,1.52,1.55943,1.0,1.51943,0.52,0.5194300000000001,1.52,1.52,0.0,0.0,0.039430000000000076,0.039430000000000076,-0.0005699999999999594,-0.0005699999999999594
s01-r0-disconnect-n20-1,1,0,disconnect-n20-1,8,True,166.32,167.32,1.0,1.0,1,167,1.52,1.56024,1.0,1.52024,0.52,0.52024,1.52,1.52,0.0,0.0,0.040240000000000054,0.040240000000000054,0.00024000000000001798,0.00024000000000001798
s01-r0-disconnect-n20-1,1,0,disconnect-n20-1,9,True,177.6,178.6,1.0,1.0,1,179,1.52,1.55955,1.0,1.51955,0.52,0.51955,1.52,1.52,0.0,0.0,0.039549999999999974,0.039549999999999974,-0.00045000000000006146,-0.00045000000000006146
s01-r0-disconnect-n20-1,1,0,disconnect-n20-1,10,True,204.52,205.52,1.0,1.0,1,206,1.52,1.55947,1.0,1.5194699999999999,0.52,0.5194699999999999,1.52,1.52,0.0,0.0,0.039469999999999894,0.039469999999999894,-0.0005300000000001415,-0.0005300000000001415
s01-r0-disconnect-n20-1,1,0,disconnect-n20-1,11,True,215.28,216.28,1.0,1.0,1,216,1.52,1.56052,1.0,1.5205199999999999,0.52,0.5205199999999999,1.52,1.52,0.0,0.0,0.04051999999999989,0.04051999999999989,0.0005199999999998539,0.0005199999999998539
s01-r0-disconnect-n20-1,1,0,disconnect-n20-1,12,True,231.96,232.96,1.0,1.0,1,233,1.52,1.56073,1.0,1.52073,0.52,0.5207299999999999,1.52,1.52,0.0,0.0,0.04072999999999993,0.04072999999999993,0.0007299999999998974,0.0007299999999998974
s01-r0-disconnect-n20-1,1,0,disconnect-n20-1,13,True,254.04,255.04,1.0,1.0,1,255,1.52,1.55998,1.0,1.5199799999999999,0.52,0.5199799999999999,1.52,1.52,0.0,0.0,0.039979999999999905,0.039979999999999905,-2.0000000000131024e-05,-2.0000000000131024e-05
s01-r0-disconnect-n20-1,1,0,disconnect-n20-1,14,True,272.92,273.92,1.0,1.0,1,274,1.52,1.55952,1.0,1.51952,0.52,0.51952,1.52,1.52,0.0,0.0,0.03952,0.03952,-0.00048000000000003595,-0.00048000000000003595
s01-r0-disconnect-n20-1,1,0,disconnect-n20-1,15,True,293.2,294.2,1.0,1.0,1,294,1.52,1.55984,1.0,1.5198399999999999,0.52,0.5198399999999999,1.52,1.52,0.0,0.0,0.039839999999999876,0.039839999999999876,-0.00016000000000016001,-0.00016000000000016001
s01-r0-disconnect-n20-1,1,0,disconnect-n20-1,16,True,304.0,305.0,1.0,1.0,1,305,1.52,1.55955,1.0,1.51955,0.52,0.51955,1.52,1.52,0.0,0.0,0.039549999999999974,0.039549999999999974,-0.00045000000000006146,-0.00045000000000006146
s01-r0-disconnect-n20-1,1,0,disconnect-n20-1,17,True,327.48,328.48,1.0,1.0,1,329,1.52,1.56423,1.0,1.52423,0.52,0.52423,1.52,1.52,0.0,0.0,0.04422999999999999,0.04422999999999999,0.004229999999999956,0.004229999999999956
s01-r0-disconnect-n20-1,1,0,disconnect-n20-1,18,True,343.16,344.16,1.0,1.0,1,344,1.52,1.55997,1.0,1.51997,0.52,0.51997,1.52,1.52,0.0,0.0,0.03997000000000006,0.03997000000000006,-2.999999999997449e-05,-2.999999999997449e-05
s01-r0-disconnect-n20-1,1,0,disconnect-n20-1,19,True,363.08,364.08,1.0,1.0,1,364,1.52,1.55545,1.0,1.51545,0.52,0.51545,1.52,1.52,0.0,0.0,0.03544999999999998,0.03544999999999998,-0.004550000000000054,-0.004550000000000054
s01-r0-disconnect-n5-1,1,0,disconnect-n5-1,0,True,17.8,18.8,1.0,1.0,1,19,1.52,1.5599,1.0,1.5199,0.52,0.5199,1.52,1.52,0.0,0.0,0.03990000000000005,0.03990000000000005,-9.999999999998899e-05,-9.999999999998899e-05
s01-r0-disconnect-n5-1,1,0,disconnect-n5-1,1,True,149.4,150.4,1.0,1.0,1,150,1.52,1.5606,1.0,1.5206,0.52,0.5206,1.52,1.52,0.0,0.0,0.04059999999999997,0.04059999999999997,0.0005999999999999339,0.0005999999999999339
s01-r0-disconnect-n5-1,1,0,disconnect-n5-1,2,True,163.08,164.08,1.0,1.0,1,164,1.52,1.55563,1.0,1.51563,0.52,0.51563,1.52,1.52,0.0,0.0,0.03563000000000005,0.03563000000000005,-0.004369999999999985,-0.004369999999999985
s01-r0-disconnect-n5-1,1,0,disconnect-n5-1,3,True,265.32,266.32,1.0,1.0,1,266,1.52,1.55999,1.0,1.51999,0.52,0.51999,1.52,1.52,0.0,0.0,0.03998999999999997,0.03998999999999997,-1.0000000000065512e-05,-1.0000000000065512e-05
s01-r0-disconnect-n5-1,1,0,disconnect-n5-1,4,True,310.96,311.96,1.0,1.0,1,312,1.52,1.56076,1.0,1.52076,0.52,0.5207599999999999,1.52,1.52,0.0,0.0,0.04075999999999991,0.04075999999999991,0.0007599999999998719,0.0007599999999998719
s01-r0-disconnect-n5-1.25,1,0,disconnect-n5-1.25,0,True,15.36,16.6,1.2499999999999982,1.240000000000002,1,17,2.04,2.07997,1.25,2.03997,0.799999999999998,0.7999699999999978,1.760000000000002,1.77,0.27999999999999803,0.27,0.31996999999999787,0.30996999999999986,0.27996999999999783,0.2699699999999998
s01-r0-disconnect-n5-1.25,1,0,disconnect-n5-1.25,1,True,107.48,108.72,1.25,1.2399999999999949,1,109,2.04,2.08098,1.25,2.04098,0.8000000000000052,0.8009800000000049,1.759999999999995,1.77,0.28000000000000513,0.27,0.32098000000000493,0.3109799999999998,0.2809800000000049,0.2709799999999998
s01-r0-disconnect-n5-1.25,1,0,disconnect-n5-1.25,2,True,208.4,209.64,1.25,1.2399999999999807,1,210,2.04,2.0788,1.25,2.0388,0.8000000000000194,0.7988000000000195,1.7599999999999807,1.77,0.28000000000001934,0.27,0.3188000000000195,0.3088000000000002,0.2788000000000195,0.26880000000000015
s01-r0-disconnect-n5-1.25,1,0,disconnect-n5-1.25,3,True,273.96,275.2,1.25,1.240000000000009,1,276,2.04,2.08094,1.25,2.04094,0.7999999999999909,0.8009399999999909,1.7600000000000091,1.77,0.2799999999999909,0.27,0.3209399999999909,0.31094,0.28093999999999086,0.27093999999999996
s01-r0-disconnect-n5-1.25,1,0,disconnect-n5-1.25,4,True,320.24,321.48,1.25,1.240000000000009,1,322,2.04,2.07972,1.25,2.03972,0.7999999999999909,0.7997199999999909,1.7600000000000091,1.77,0.2799999999999909,0.27,0.3197199999999909,0.30972,0.27971999999999086,0.26971999999999996
s01-r0-disconnect-n5-1.75,1,0,disconnect-n5-1.75,0,True,18.12,19.84,1.75,1.7199999999999989,1,20,2.52,2.5601,1.75,2.5201,0.8000000000000012,0.8001000000000009,2.239999999999999,2.27,0.28000000000000114,0.25,0.32010000000000094,0.2900999999999998,0.2801000000000009,0.25009999999999977
s01-r0-disconnect-n5-1.75,1,0,disconnect-n5-1.75,1,True,141.0,142.76,1.75,1.759999999999991,1,143,2.52,2.56233,1.75,2.52233,0.7600000000000091,0.7623300000000093,2.279999999999991,2.27,0.2400000000000091,0.25,0.2823300000000093,0.2923300000000002,0.24233000000000926,0.25233000000000017
s01-r0-disconnect-n5-1.75,1,0,disconnect-n5-1.75,2,True,212.8,214.56,1.75,1.759999999999991,1,215,2.52,2.56029,1.75,2.52029,0.7600000000000091,0.7602900000000092,2.279999999999991,2.27,0.2400000000000091,0.25,0.28029000000000925,0.29029000000000016,0.24029000000000922,0.2502900000000001
s01-r0-disconnect-n5-1.75,1,0,disconnect-n5-1.75,3,True,262.64,264.4,1.75,1.759999999999991,1,265,2.52,2.55891,1.75,2.51891,0.7600000000000091,0.7589100000000091,2.279999999999991,2.27,0.2400000000000091,0.25,0.2789100000000091,0.28891,0.23891000000000906,0.24890999999999996
s01-r0-disconnect-n5-1.75,1,0,disconnect-n5-1.75,4,True,318.48,320.24,1.75,1.759999999999991,1,321,2.52,2.55838,1.75,2.51838,0.7600000000000091,0.7583800000000092,2.279999999999991,2.27,0.2400000000000091,0.25,0.2783800000000092,0.2883800000000001,0.23838000000000914,0.24838000000000005
s01-r0-disconnect-n5-2.25,1,0,disconnect-n5-2.25,0,True,66.72,68.96,2.25,2.239999999999995,1,69,3.04,3.07827,2.25,3.03827,0.8000000000000052,0.7982700000000049,2.759999999999995,2.77,0.28000000000000513,0.27,0.31827000000000494,0.3082699999999998,0.2782700000000049,0.2682699999999998
s01-r0-disconnect-n5-2.25,1,0,disconnect-n5-2.25,1,True,148.56,150.84,2.25,2.280000000000001,1,151,3.04,3.07914,2.25,3.03914,0.7599999999999989,0.759139999999999,2.800000000000001,2.77,0.23999999999999888,0.27,0.27913999999999906,0.3091400000000002,0.23913999999999902,0.26914000000000016
s01-r0-disconnect-n5-2.25,1,0,disconnect-n5-2.25,2,True,175.76,178.0,2.25,2.240000000000009,1,178,3.04,3.07819,2.25,3.03819,0.7999999999999909,0.7981899999999911,2.760000000000009,2.77,0.2799999999999909,0.27,0.3181899999999911,0.3081900000000002,0.27818999999999106,0.26819000000000015
s01-r0-disconnect-n5-2.25,1,0,disconnect-n5-2.25,3,True,265.88,268.12,2.25,2.240000000000009,1,268,3.04,3.07875,2.25,3.03875,0.7999999999999909,0.7987499999999907,2.760000000000009,2.77,0.2799999999999909,0.27,0.31874999999999076,0.30874999999999986,0.2787499999999907,0.2687499999999998
s01-r0-disconnect-n5-2.25,1,0,disconnect-n5-2.25,4,True,350.28,352.52,2.25,2.240000000000009,1,353,3.04,3.07999,2.25,3.03999,0.7999999999999909,0.7999899999999909,2.760000000000009,2.77,0.2799999999999909,0.27,0.3199899999999909,0.30999,0.27998999999999086,0.26998999999999995
s01-r1-disconnect-n10-1,1,1,disconnect-n10-1,0,True,31.36,32.36,0.9999999999999964,1.0,1,32,1.52,1.56055,1.0,1.52055,0.52,0.5205500000000001,1.52,1.52,0.0,0.0,0.040550000000000086,0.040550000000000086,0.0005500000000000504,0.0005500000000000504
s01-r1-disconnect-n10-1,1,1,disconnect-n10-1,1,True,78.08,79.08,1.0,1.0,1,79,1.52,1.5607,1.0,1.5207,0.52,0.5206999999999999,1.52,1.52,0.0,0.0,0.04069999999999996,0.04069999999999996,0.0006999999999999229,0.0006999999999999229
s01-r1-disconnect-n10-1,1,1,disconnect-n10-1,2,True,92.64,93.64,1.0,1.0,1,94,1.52,1.55572,1.0,1.51572,0.52,0.51572,1.52,1.52,0.0,0.0,0.035719999999999974,0.035719999999999974,-0.0042800000000000615,-0.0042800000000000615
s01-r1-disconnect-n10-1,1,1,disconnect-n10-1,3,True,137.32,138.32,1.0,1.0,1,138,1.52,1.56054,1.0,1.52054,0.52,0.52054,1.52,1.52,0.0,0.0,0.04054000000000002,0.04054000000000002,0.0005399999999999849,0.0005399999999999849
s01-r1-disconnect-n10-1,1,1,disconnect-n10-1,4,True,171.44,172.44,1.0,1.0,1,172,1.52,1.56058,1.0,1.52058,0.52,0.52058,1.52,1.52,0.0,0.0,0.04058000000000006,0.04058000000000006,0.0005800000000000249,0.0005800000000000249
s01-r1-disconnect-n10-1,1,1,disconnect-n10-1,5,True,220.96,221.96,1.0,1.0,1,222,1.52,1.56022,1.0,1.52022,0.52,0.5202199999999999,1.52,1.52,0.0,0.0,0.04021999999999992,0.04021999999999992,0.00021999999999988695,0.00021999999999988695
s01-r1-disconnect-n10-1,1,1,disconnect-n10-1,6,True,236.44,237.44,1.0,1.0,1,237,1.52,1.56041,1.0,1.52041,0.52,0.52041,1.52,1.52,0.0,0.0,0.04041000000000006,0.04041000000000006,0.00041000000000002146,0.00041000000000002146
s01-r1-disconnect-n10-1,1,1,disconnect-n10-1,7,True,277.88,278.88,1.0,1.0,1,279,1.52,1.56012,1.0,1.52012,0.52,0.5201199999999999,1.52,1.52,0.0,0.0,0.040119999999999933,0.040119999999999933,0.00011999999999989797,0.00011999999999989797
s01-r1-disconnect-n10-1,1,1,disconnect-n10-1,8,True,318.8,319.8,1.0,1.0,1,320,1.52,1.5595,1.0,1.5195,0.52,0.5195000000000001,1.52,1.52,0.0,0.0,0.03950000000000009,0.03950000000000009,-0.0004999999999999449,-0.0004999999999999449
s01-r1-disconnect-n10-1,1,1,disconnect-n10-1,9,True,344.68,345.68,1.0,1.0,1,346,1.52,1.56093,1.0,1.52093,0.52,0.5209299999999999,1.52,1.52,0.0,0.0,0.04092999999999991,0.04092999999999991,0.0009299999999998754,0.0009299999999998754
s01-r1-disconnect-n2-1,1,1,disconnect-n2-1,0,True,85.88,86.88,1.0,1.0,1,87,1.52,1.55999,1.0,1.51999,0.52,0.51999,1.52,1.52,0.0,0.0,0.03998999999999997,0.03998999999999997,-1.0000000000065512e-05,-1.0000000000065512e-05
s01-r1-disconnect-n2-1,1,1,disconnect-n2-1,1,True,212.48,213.48,1.0,1.0,1,214,1.52,1.55898,1.0,1.51898,0.52,0.51898,1.52,1.52,0.0,0.0,0.038980000000000015,0.038980000000000015,-0.0010200000000000209,-0.0010200000000000209
s01-r1-disconnect-n20-1,1,1,disconnect-n20-1,0,True,23.68,24.68,1.0,1.0,1,25,1.52,1.55928,1.0,1.51928,0.52,0.51928,1.52,1.52,0.0,0.0,0.03927999999999998,0.03927999999999998,-0.0007200000000000539,-0.0007200000000000539
s01-r1-disconnect-n20-1,1,1,disconnect-n20-1,1,True,39.84,40.84,1.0,1.0,1,41,1.52,1.55902,1.0,1.51902,0.52,0.51902,1.52,1.52,0.0,0.0,0.039020000000000055,0.039020000000000055,-0.0009799999999999809,-0.0009799999999999809
s01-r1-disconnect-n20-1,1,1,disconnect-n20-1,2,True,58.0,59.0,1.0,1.0,1,59,1.52,1.55918,1.0,1.51918,0.52,0.51918,1.52,1.52,0.0,0.0,0.03917999999999999,0.03917999999999999,-0.0008200000000000429,-0.0008200000000000429
s01-r1-disconnect-n20-1,1,1,disconnect-n20-1,3,True,73.56,74.56,1.0,1.0,1,75,1.52,1.56078,1.0,1.52078,0.52,0.52078,1.52,1.52,0.0,0.0,0.04078000000000004,0.04078000000000004,0.0007800000000000029,0.0007800000000000029
s01-r1-disconnect-n20-1,1,1,disconnect-n20-1,4,True,93.88,94.88,1.0,1.0,1,95,1.52,1.56013,1.0,1.52013,0.52,0.52013,1.52,1.52,0.0,0.0,0.04013,0.04013,0.00012999999999996348,0.00012999999999996348
s01-r1-disconnect-n20-1,1,1,disconnect-n20-1,5,True,108.56,109.56,1.0,1.0,1,110,1.52,1.56006,1.0,1.52006,0.52,0.52006,1.52,1.52,0.0,0.0,0.040059999999999985,0.040059999999999985,5.999999999994898e-05,5.999999999994898e-05
s01-r1-disconnect-n20-1,1,1,disconnect-n20-1,6,True,125.88,126.88,1.0,1.0,1,127,1.52,1.55932,1.0,1.51932,0.52,0.51932,1.52,1.52,0.0,0.0,0.03932000000000002,0.03932000000000002,-0.0006800000000000139,-0.0006800000000000139
s01-r1-disconnect-n20-1,1,1,disconnect-n20-1,7,True,145.68,146.68,1.0,1.0,1,147,1.52,1.56005,1.0,1.52005,0.52,0.5200499999999999,1.52,1.52,0.0,0.0,0.04004999999999992,0.04004999999999992,4.999999999988347e-05,4.999999999988347e-05
s01-r1-disconnect-n20-1,1,1,disconnect-n20-1,8,True,162.52,163.52,1.0,1.0,1,164,1.52,1.5597,1.0,1.5197,0.52,0.5197,1.52,1.52,0.0,0.0,0.03970000000000007,0.03970000000000007,-0.00029999999999996696,-0.00029999999999996696
s01-r1-disconnect-n20-1,1,1,disconnect-n20-1,9,True,179.76,180.76,1.0,1.0,1,181,1.52,1.56002,1.0,1.52002,0.52,0.5200199999999999,1.52,1.52,0.0,0.0,0.040019999999999945,0.040019999999999945,1.999999999990898e-05,1.999999999990898e-05
s01-r1-disconnect-n20-1,1,1,disconnect-n20-1,10,True,201.32,202.32,1.0,1.0,1,202,1.52,1.55893,1.0,1.51893,0.52,0.5189299999999999,1.52,1.52,0.0,0.0,0.03892999999999991,0.03892999999999991,-0.0010700000000001264,-0.0010700000000001264
s01-r1-disconnect-n20-1,1,1,disconnect-n20-1,11,True,213.44,214.44,1.0,1.0,1,214,1.52,1.55984,1.0,1.5198399999999999,0.52,0.5198399999999999,1.52,1.52,0.0,0.0,0.039839999999999876,0.039839999999999876,-0.00016000000000016001,-0.00016000000000016001
s01-r1-disconnect-n20-1,1,1,disconnect-n20-1,12,True,236.04,237.04,1.0,1.0,1,237,1.52,1.56046,1.0,1.52046,0.52,0.5204599999999999,1.52,1.52,0.0,0.0,0.04045999999999994,0.04045999999999994,0.00045999999999990493,0.00045999999999990493
s01-r1-disconnect-n20-1,1,1,disconnect-n20-1,13,True,256.16,257.16,1.0,1.0,1,257,1.52,1.56037,1.0,1.52037,0.52,0.52037,1.52,1.52,0.0,0.0,0.04037000000000002,0.04037000000000002,0.00036999999999998145,0.00036999999999998145
s01-r1-disconnect-n20-1,1,1,disconnect-n20-1,14,True,270.56,271.56,1.0,1.0,1,272,1.52,1.56017,1.0,1.52017,0.52,0.52017,1.52,1.52,0.0,0.0,0.04017000000000004,0.04017000000000004,0.00017000000000000348,0.00017000000000000348
s01-r1-disconnect-n20-1,1,1,disconnect-n20-1,15,True,292.08,293.08,1.0,1.0,1,293,1.52,1.56064,1.0,1.52064,0.52,0.52064,1.52,1.52,0.0,0.0,0.04064000000000001,0.04064000000000001,0.0006399999999999739,0.0006399999999999739
s01-r1-disconnect-n20-1,1,1,disconnect-n20-1,16,True,307.84,308.84,1.0,1.0,1,309,1.52,1.55595,1.0,1.51595,0.52,0.5159499999999999,1.52,1.52,0.0,0.0,0.035949999999999926,0.035949999999999926,-0.004050000000000109,-0.004050000000000109
s01-r1-disconnect-n20-1,1,1,disconnect-n20-1,17,True,325.28,326.28,1.0,1.0,1,326,1.52,1.56049,1.0,1.52049,0.52,0.5204899999999999,1.52,1.52,0.0,0.0,0.040489999999999915,0.040489999999999915,0.0004899999999998794,0.0004899999999998794
s01-r1-disconnect-n20-1,1,1,disconnect-n20-1,18,True,339.36,340.36,1.0,1.0,1,340,1.52,1.5566,1.0,1.5166,0.52,0.5166,1.52,1.52,0.0,0.0,0.036599999999999966,0.036599999999999966,-0.0034000000000000696,-0.0034000000000000696
s01-r1-disconnect-n20-1,1,1,disconnect-n20-1,19,True,356.2,357.2,1.0,1.0,1,357,1.52,1.56029,1.0,1.52029,0.52,0.5202899999999999,1.52,1.52,0.0,0.0,0.04028999999999994,0.04028999999999994,0.00028999999999990145,0.00028999999999990145
s01-r1-disconnect-n5-1,1,1,disconnect-n5-1,0,True,50.32,51.32,1.0,1.0,1,51,1.52,1.55929,1.0,1.51929,0.52,0.51929,1.52,1.52,0.0,0.0,0.03929000000000005,0.03929000000000005,-0.0007099999999999884,-0.0007099999999999884
s01-r1-disconnect-n5-1,1,1,disconnect-n5-1,1,True,140.56,141.56,1.0,1.0,1,142,1.52,1.5601,1.0,1.5201,0.52,0.5201,1.52,1.52,0.0,0.0,0.040100000000000025,0.040100000000000025,9.999999999998899e-05,9.999999999998899e-05
s01-r1-disconnect-n5-1,1,1,disconnect-n5-1,2,True,220.68,221.68,1.0,1.0,1,222,1.52,1.56085,1.0,1.52085,0.52,0.52085,1.52,1.52,0.0,0.0,0.04085000000000005,0.04085000000000005,0.0008500000000000174,0.0008500000000000174
s01-r1-disconnect-n5-1,1,1,disconnect-n5-1,3,True,288.72,289.72,1.0,1.0,1,290,1.52,1.55971,1.0,1.51971,0.52,0.5197099999999999,1.52,1.52,0.0,0.0,0.03970999999999991,0.03970999999999991,-0.0002900000000001235,-0.0002900000000001235
s01-r1-disconnect-n5-1,1,1,disconnect-n5-1,4,True,325.48,326.48,1.0,1.0,1,327,1.52,1.55999,1.0,1.51999,0.52,0.51999,1.52,1.52,0.0,0.0,0.03998999999999997,0.03998999999999997,-1.0000000000065512e-05,-1.0000000000065512e-05
s01-r2-disconnect-n10-1,1,2,disconnect-n10-1,0,True,43.52,44.52,1.0,1.0,1,45,1.52,1.55963,1.0,1.51963,0.52,0.51963,1.52,1.52,0.0,0.0,0.039630000000000054,0.039630000000000054,-0.00036999999999998145,-0.00036999999999998145
s01-r2-disconnect-n10-1,1,2,disconnect-n10-1,1,True,67.48,68.48,1.0,1.0,1,69,1.52,1.56051,1.0,1.52051,0.52,0.52051,1.52,1.52,0.0,0.0,0.040510000000000046,0.040510000000000046,0.0005100000000000104,0.0005100000000000104
s01-r2-disconnect-n10-1,1,2,disconnect-n10-1,2,True,106.64,107.64,1.0,1.0,1,108,1.52,1.55983,1.0,1.51983,0.52,0.51983,1.52,1.52,0.0,0.0,0.03983000000000003,0.03983000000000003,-0.00017000000000000348,-0.00017000000000000348
s01-r2-disconnect-n10-1,1,2,disconnect-n10-1,3,True,144.96,145.96,1.0,1.0,1,146,1.52,1.55932,1.0,1.51932,0.52,0.51932,1.52,1.52,0.0,0.0,0.03932000000000002,0.03932000000000002,-0.0006800000000000139,-0.0006800000000000139
s01-r2-disconnect-n10-1,1,2,disconnect-n10-1,4,True,162.2,163.2,1.0,1.0,1,163,1.52,1.56004,1.0,1.52004,0.52,0.5200400000000001,1.52,1.52,0.0,0.0,0.040040000000000076,0.040040000000000076,4.0000000000040004e-05,4.0000000000040004e-05
s01-r2-disconnect-n10-1,1,2,disconnect-n10-1,5,True,214.24,215.24,1.0,1.0,1,215,1.52,1.55925,1.0,1.51925,0.52,0.51925,1.52,1.52,0.0,0.0,0.03925000000000001,0.03925000000000001,-0.0007500000000000284,-0.0007500000000000284
s01-r2-disconnect-n10-1,1,2,disconnect-n10-1,6,True,250.44,251.44,1.0,1.0,1,251,1.52,1.5642,1.0,1.5242,0.52,0.5242,1.52,1.52,0.0,0.0,0.04420000000000002,0.04420000000000002,0.0041999999999999815,0.0041999999999999815
s01-r2-disconnect-n10-1,1,2,disconnect-n10-1,7,True,274.72,275.72,1.0,1.0,1,276,1.52,1.55963,1.0,1.51963,0.52,0.51963,1.52,1.52,0.0,0.0,0.039630000000000054,0.039630000000000054,-0.00036999999999998145,-0.00036999999999998145
s01-r2-disconnect-n10-1,1,2,disconnect-n10-1,8,True,322.32,323.32,1.0,1.0,1,323,1.52,1.5602,1.0,1.5202,0.52,0.5202,1.52,1.52,0.0,0.0,0.040200000000000014,0.040200000000000014,0.00019999999999997797,0.00019999999999997797
s01-r2-disconnect-n10-1,1,2,disconnect-n10-1,9,True,354.56,355.56,1.0,1.0,1,356,1.52,1.56022,1.0,1.52022,0.52,0.5202199999999999,1.52,1.52,0.0,0.0,0.04021999999999992,0.04021999999999992,0.00021999999999988695,0.00021999999999988695
s01-r2-disconnect-n2-1,1,2,disconnect-n2-1,0,True,15.92,16.92,1.0,1.0000000000000018,1,17,1.52,1.56046,1.0,1.52046,0.5199999999999982,0.5204599999999981,1.5200000000000018,1.52,-1.7763568394002505e-15,0.0,0.040459999999998164,0.04045999999999994,0.00045999999999812857,0.00045999999999990493
s01-r2-disconnect-n2-1,1,2,disconnect-n2-1,1,True,237.6,238.6,1.0,1.0,1,239,1.52,1.55976,1.0,1.51976,0.52,0.51976,1.52,1.52,0.0,0.0,0.03976000000000002,0.03976000000000002,-0.00024000000000001798,-0.00024000000000001798
s01-r2-disconnect-n20-1,1,2,disconnect-n20-1,0,True,18.76,19.76,1.0,1.0,1,20,1.52,1.5599,1.0,1.5199,0.52,0.5199,1.52,1.52,0.0,0.0,0.03990000000000005,0.03990000000000005,-9.999999999998899e-05,-9.999999999998899e-05
s01-r2-disconnect-n20-1,1,2,disconnect-n20-1,1,True,35.6,36.6,1.0,1.0,1,37,1.52,1.56029,1.0,1.52029,0.52,0.5202899999999999,1.52,1.52,0.0,0.0,0.04028999999999994,0.04028999999999994,0.00028999999999990145,0.00028999999999990145
s01-r2-disconnect-n20-1,1,2,disconnect-n20-1,2,True,58.52,59.52,1.0,1.0,1,60,1.52,1.55992,1.0,1.51992,0.52,0.5199199999999999,1.52,1.52,0.0,0.0,0.039919999999999956,0.039919999999999956,-8.000000000008001e-05,-8.000000000008001e-05
s01-r2-disconnect-n20-1,1,2,disconnect-n20-1,3,True,78.08,79.08,1.0,1.0,1,79,1.52,1.56013,1.0,1.52013,0.52,0.52013,1.52,1.52,0.0,0.0,0.04013,0.04013,0.00012999999999996348,0.00012999999999996348
s01-r2-disconnect-n20-1,1,2,disconnect-n20-1,4,True,95.72,96.72,1.0,1.0,1,97,1.52,1.5554,1.0,1.5153999999999999,0.52,0.5153999999999999,1.52,1.52,0.0,0.0,0.035399999999999876,0.035399999999999876,-0.0046000000000001595,-0.0046000000000001595
s01-r2-disconnect-n20-1,1,2,disconnect-n20-1,5,True,114.76,115.76,1.0,1.0,1,116,1.52,1.55916,1.0,1.51916,0.52,0.5191600000000001,1.52,1.52,0.0,0.0,0.039160000000000084,0.039160000000000084,-0.0008399999999999519,-0.0008399999999999519
s01-r2-disconnect-n20-1,1,2,disconnect-n20-1,6,True,128.72,129.72,1.0,1.0,1,130,1.52,1.55948,1.0,1.51948,0.52,0.5194799999999999,1.52,1.52,0.0,0.0,0.03947999999999996,0.03947999999999996,-0.000520000000000076,-0.000520000000000076
s01-r2-disconnect-n20-1,1,2,disconnect-n20-1,7,True,140.96,141.96,1.0,1.0,1,142,1.52,1.56065,1.0,1.52065,0.52,0.5206500000000001,1.52,1.52,0.0,0.0,0.040650000000000075,0.040650000000000075,0.0006500000000000394,0.0006500000000000394
s01-r2-disconnect-n20-1,1,2,disconnect-n20-1,8,True,166.88,167.88,1.0,1.0,1,168,1.52,1.55938,1.0,1.51938,0.52,0.51938,1.52,1.52,0.0,0.0,0.03937999999999997,0.03937999999999997,-0.0006200000000000649,-0.0006200000000000649
s01-r2-disconnect-n20-1,1,2,disconnect-n20-1,9,True,181.48,182.48,1.0,1.0,1,183,1.52,1.55964,1.0,1.5196399999999999,0.52,0.5196399999999999,1.52,1.52,0.0,0.0,0.0396399999999999,0.0396399999999999,-0.000360000000000138,-0.000360000000000138
s01-r2-disconnect-n20-1,1,2,disconnect-n20-1,10,True,198.32,199.32,1.0,1.0,1,199,1.52,1.5603,1.0,1.5203,0.52,0.5203,1.52,1.52,0.0,0.0,0.0403,0.0403,0.00029999999999996696,0.00029999999999996696
s01-r2-disconnect-n20-1,1,2,disconnect-n20-1,11,True,214.84,215.84,1.0,1.0,1,216,1.52,1.55862,1.0,1.5186199999999999,0.52,0.5186199999999999,1.52,1.52,0.0,0.0,0.03861999999999988,0.03861999999999988,-0.0013800000000001589,-0.0013800000000001589
s01-r2-disconnect-n20-1,1,2,disconnect-n20-1,12,True,230.48,231.48,1.0,1.0,1,232,1.52,1.55938,1.0,1.51938,0.52,0.51938,1.52,1.52,0.0,0.0,0.03937999999999997,0.03937999999999997,-0.0006200000000000649,-0.0006200000000000649
s01-r2-disconnect-n20-1,1,2,disconnect-n20-1,13,True,252.8,253.8,1.0,1.0,1,254,1.52,1.56083,1.0,1.52083,0.52,0.5208299999999999,1.52,1.52,0.0,0.0,0.04082999999999992,0.04082999999999992,0.0008299999999998864,0.0008299999999998864
s01-r2-disconnect-n20-1,1,2,disconnect-n20-1,14,True,273.08,274.08,1.0,1.0,1,274,1.52,1.55544,1.0,1.51544,0.52,0.5154399999999999,1.52,1.52,0.0,0.0,0.035439999999999916,0.035439999999999916,-0.0045600000000001195,-0.0045600000000001195
s01-r2-disconnect-n20-1,1,2,disconnect-n20-1,15,True,286.8,287.8,1.0,1.0,1,288,1.52,1.5604,1.0,1.5204,0.52,0.5204,1.52,1.52,0.0,0.0,0.04039999999999999,0.04039999999999999,0.00039999999999995595,0.00039999999999995595
s01-r2-disconnect-n20-1,1,2,disconnect-n20-1,16,True,302.52,303.52,1.0,1.0,1,304,1.52,1.56041,1.0,1.52041,0.52,0.52041,1.52,1.52,0.0,0.0,0.04041000000000006,0.04041000000000006,0.00041000000000002146,0.00041000000000002146
s01-r2-disconnect-n20-1,1,2,disconnect-n20-1,17,True,325.2,326.2,1.0,1.0,1,326,1.52,1.55953,1.0,1.51953,0.52,0.51953,1.52,1.52,0.0,0.0,0.039530000000000065,0.039530000000000065,-0.00046999999999997044,-0.00046999999999997044
s01-r2-disconnect-n20-1,1,2,disconnect-n20-1,18,True,340.2,341.2,1.0,1.0,1,341,1.52,1.55962,1.0,1.51962,0.52,0.51962,1.52,1.52,0.0,0.0,0.03961999999999999,0.03961999999999999,-0.00038000000000004697,-0.00038000000000004697
s01-r2-disconnect-n20-1,1,2,disconnect-n20-1,19,True,357.04,358.04,1.0,1.0,1,358,1.52,1.55944,1.0,1.51944,0.52,0.5194399999999999,1.52,1.52,0.0,0.0,0.03943999999999992,0.03943999999999992,-0.000560000000000116,-0.000560000000000116
s01-r2-disconnect-n5-1,1,2,disconnect-n5-1,0,True,75.92,76.92,1.0,1.0,1,77,1.52,1.55985,1.0,1.51985,0.52,0.5198499999999999,1.52,1.52,0.0,0.0,0.03984999999999994,0.03984999999999994,-0.0001500000000000945,-0.0001500000000000945
s01-r2-disconnect-n5-1,1,2,disconnect-n5-1,1,True,150.4,151.4,1.0,1.0,1,151,1.52,1.56396,1.0,1.52396,0.52,0.52396,1.52,1.52,0.0,0.0,0.04396,0.04396,0.0039599999999999635,0.0039599999999999635
s01-r2-disconnect-n5-1,1,2,disconnect-n5-1,2,True,198.6,199.6,1.0,1.0,1,200,1.52,1.56021,1.0,1.52021,0.52,0.5202100000000001,1.52,1.52,0.0,0.0,0.04021000000000008,0.04021000000000008,0.00021000000000004349,0.00021000000000004349
s01-r2-disconnect-n5-1,1,2,disconnect-n5-1,3,True,243.8,244.8,1.0,1.0,1,245,1.52,1.55923,1.0,1.5192299999999999,0.52,0.5192299999999999,1.52,1.52,0.0,0.0,0.039229999999999876,0.039229999999999876,-0.0007700000000001594,-0.0007700000000001594
s01-r2-disconnect-n5-1,1,2,disconnect-n5-1,4,True,365.0,366.0,1.0,1.0,1,366,1.52,1.56063,1.0,1.52063,0.52,0.5206299999999999,1.52,1.52,0.0,0.0,0.040629999999999944,0.040629999999999944,0.0006299999999999084,0.0006299999999999084
s01-r3-disconnect-n10-1,1,3,disconnect-n10-1,0,True,38.04,39.04,1.0,1.0,1,39,1.52,1.56092,1.0,1.52092,0.52,0.52092,1.52,1.52,0.0,0.0,0.04092000000000007,0.04092000000000007,0.0009200000000000319,0.0009200000000000319
s01-r3-disconnect-n10-1,1,3,disconnect-n10-1,1,True,64.84,65.84,1.0,1.0,1,66,1.52,1.55908,1.0,1.51908,0.52,0.51908,1.52,1.52,0.0,0.0,0.039080000000000004,0.039080000000000004,-0.0009200000000000319,-0.0009200000000000319
s01-r3-disconnect-n10-1,1,3,disconnect-n10-1,2,True,112.68,113.68,1.0,1.0,1,114,1.52,1.55982,1.0,1.51982,0.52,0.51982,1.52,1.52,0.0,0.0,0.03981999999999997,0.03981999999999997,-0.000180000000000069,-0.000180000000000069
s01-r3-disconnect-n10-1,1,3,disconnect-n10-1,3,True,140.6,141.6,1.0,1.0,1,142,1.52,1.55986,1.0,1.51986,0.52,0.51986,1.52,1.52,0.0,0.0,0.03986000000000001,0.03986000000000001,-0.000140000000000029,-0.000140000000000029
s01-r3-disconnect-n10-1,1,3,disconnect-n10-1,4,True,177.44,178.44,1.0,1.0,1,178,1.52,1.56028,1.0,1.5202799999999999,0.52,0.5202799999999999,1.52,1.52,0.0,0.0,0.04027999999999987,0.04027999999999987,0.00027999999999983594,0.00027999999999983594
s01-r3-disconnect-n10-1,1,3,disconnect-n10-1,5,True,195.92,196.92,1.0,1.0,1,197,1.52,1.56039,1.0,1.52039,0.52,0.5203899999999999,1.52,1.52,0.0,0.0,0.040389999999999926,0.040389999999999926,0.00038999999999989043,0.00038999999999989043
s01-r3-disconnect-n10-1,1,3,disconnect-n10-1,6,True,229.36,230.36,1.0,1.0,1,230,1.52,1.56075,1.0,1.52075,0.52,0.52075,1.52,1.52,0.0,0.0,0.040750000000000064,0.040750000000000064,0.0007500000000000284,0.0007500000000000284
s01-r3-disconnect-n10-1,1,3,disconnect-n10-1,7,True,287.64,288.64,1.0,1.0,1,289,1.52,1.55972,1.0,1.51972,0.52,0.51972,1.52,1.52,0.0,0.0,0.03971999999999998,0.03971999999999998,-0.000280000000000058,-0.000280000000000058
s01-r3-disconnect-n10-1,1,3,disconnect-n10-1,8,True,300.8,301.8,1.0,1.0,1,302,1.52,1.55975,1.0,1.51975,0.52,0.5197499999999999,1.52,1.52,0.0,0.0,0.03974999999999995,0.03974999999999995,-0.0002500000000000835,-0.0002500000000000835
s01-r3-disconnect-n10-1,1,3,disconnect-n10-1,9,True,342.12,343.12,1.0,1.0,1,343,1.52,1.56018,1.0,1.5201799999999999,0.52,0.5201799999999999,1.52,1.52,0.0,0.0,0.04017999999999988,0.04017999999999988,0.00017999999999984695,0.00017999999999984695
s01-r3-disconnect-n2-1,1,3,disconnect-n2-1,0,True,134.52,135.52,1.0,1.0,1,136,1.52,1.55983,1.0,1.51983,0.52,0.51983,1.52,1.52,0.0,0.0,0.03983000000000003,0.03983000000000003,-0.00017000000000000348,-0.00017000000000000348
s01-r3-disconnect-n2-1,1,3,disconnect-n2-1,1,True,312.44,313.44,1.0,1.0,1,313,1.52,1.56022,1.0,1.52022,0.52,0.5202199999999999,1.52,1.52,0.0,0.0,0.04021999999999992,0.04021999999999992,0.00021999999999988695,0.00021999999999988695
s01-r3-disconnect-n20-1,1,3,disconnect-n20-1,0,True,19.84,20.84,1.0,1.0,1,21,1.52,1.5607,1.0,1.5207,0.52,0.5206999999999999,1.52,1.52,0.0,0.0,0.04069999999999996,0.04069999999999996,0.0006999999999999229,0.0006999999999999229
s01-r3-disconnect-n20-1,1,3,disconnect-n20-1,1,True,43.12,44.12,1.0,1.0,1,44,1.52,1.56031,1.0,1.52031,0.52,0.52031,1.52,1.52,0.0,0.0,0.04031000000000007,0.04031000000000007,0.00031000000000003247,0.00031000000000003247
s01-r3-disconnect-n20-1,1,3,disconnect-n20-1,2,True,50.88,51.88,1.0,1.0,1,52,1.52,1.56406,1.0,1.52406,0.52,0.52406,1.52,1.52,0.0,0.0,0.04405999999999999,0.04405999999999999,0.0040599999999999525,0.0040599999999999525
s01-r3-disconnect-n20-1,1,3,disconnect-n20-1,3,True,72.8,73.8,1.0,1.0,1,74,1.52,1.55963,1.0,1.51963,0.52,0.51963,1.52,1.52,0.0,0.0,0.039630000000000054,0.039630000000000054,-0.00036999999999998145,-0.00036999999999998145
s01-r3-disconnect-n20-1,1,3,disconnect-n20-1,4,True,96.88,97.88,1.0,1.0,1,98,1.52,1.55938,1.0,1.51938,0.52,0.51938,1.52,1.52,0.0,0.0,0.03937999999999997,0.03937999999999997,-0.0006200000000000649,-0.0006200000000000649
s01-r3-disconnect-n20-1,1,3,disconnect-n20-1,5,True,113.52,114.52,1.0,1.0,1,115,1.52,1.5601,1.0,1.5201,0.52,0.5201,1.52,1.52,0.0,0.0,0.040100000000000025,0.040100000000000025,9.999999999998899e-05,9.999999999998899e-05
s01-r3-disconnect-n20-1,1,3,disconnect-n20-1,6,True,127.52,128.52,0.9999999999999858,1.0000000000000142,1,129,1.52,1.55956,1.0,1.51956,0.5199999999999858,0.5195599999999858,1.5200000000000142,1.52,-1.4210854715202004e-14,0.0,0.03955999999998583,0.03956000000000004,-0.0004400000000142068,-0.00043999999999999595
s01-r3-disconnect-n20-1,1,3,disconnect-n20-1,7,True,140.12,141.12,1.0,1.0,1,141,1.52,1.56008,1.0,1.5200799999999999,0.52,0.5200799999999999,1.52,1.52,0.0,0.0,0.040079999999999893,0.040079999999999893,7.999999999985796e-05,7.999999999985796e-05
s01-r3-disconnect-n20-1,1,3,disconnect-n20-1,8,True,158.16,159.16,1.0,1.0,1,159,1.52,1.5598,1.0,1.5198,0.52,0.5198,1.52,1.52,0.0,0.0,0.03980000000000006,0.03980000000000006,-0.00019999999999997797,-0.00019999999999997797
s01-r3-disconnect-n20-1,1,3,disconnect-n20-1,9,True,181.28,182.28,1.0,1.0,1,182,1.52,1.56013,1.0,1.52013,0.52,0.52013,1.52,1.52,0.0,0.0,0.04013,0.04013,0.00012999999999996348,0.00012999999999996348
s01-r3-disconnect-n20-1,1,3,disconnect-n20-1,10,True,202.32,203.32,1.0,1.0,1,203,1.52,1.55934,1.0,1.51934,0.52,0.5193399999999999,1.52,1.52,0.0,0.0,0.03933999999999993,0.03933999999999993,-0.000660000000000105,-0.000660000000000105
s01-r3-disconnect-n20-1,1,3,disconnect-n20-1,11,True,214.48,215.48,1.0,1.0,1,216,1.52,1.56018,1.0,1.5201799999999999,0.52,0.5201799999999999,1.52,1.52,0.0,0.0,0.04017999999999988,0.04017999999999988,0.00017999999999984695,0.00017999999999984695
s01-r3-disconnect-n20-1,1,3,disconnect-n20-1,12,True,233.36,234.36,1.0,1.0,1,234,1.52,1.56043,1.0,1.52043,0.52,0.52043,1.52,1.52,0.0,0.0,0.040429999999999966,0.040429999999999966,0.00042999999999993044,0.00042999999999993044
s01-r3-disconnect-n20-1,1,3,disconnect-n20-1,13,True,252.16,253.16,1.0,1.0,1,253,1.52,1.56434,1.0,1.52434,0.52,0.52434,1.52,1.52,0.0,0.0,0.044340000000000046,0.044340000000000046,0.0043400000000000105,0.0043400000000000105
s01-r3-disconnect-n20-1,1,3,disconnect-n20-1,14,True,270.08,271.08,1.0,1.0,1,271,1.52,1.56054,1.0,1.52054,0.52,0.52054,1.52,1.52,0.0,0.0,0.04054000000000002,0.04054000000000002,0.0005399999999999849,0.0005399999999999849
s01-r3-disconnect-n20-1,1,3,disconnect-n20-1,15,True,291.2,292.2,1.0,1.0,1,292,1.52,1.55973,1.0,1.51973,0.52,0.51973,1.52,1.52,0.0,0.0,0.03973000000000004,0.03973000000000004,-0.00026999999999999247,-0.00026999999999999247
s01-r3-disconnect-n20-1,1,3,disconnect-n20-1,16,True,307.52,308.52,1.0,1.0,1,309,1.52,1.56025,1.0,1.5202499999999999,0.52,0.5202499999999999,1.52,1.52,0.0,0.0,0.0402499999999999,0.0402499999999999,0.00024999999999986144,0.00024999999999986144
s01-r3-disconnect-n20-1,1,3,disconnect-n20-1,17,True,319.32,320.32,1.0,1.0,1,320,1.52,1.5603,1.0,1.5203,0.52,0.5203,1.52,1.52,0.0,0.0,0.0403,0.0403,0.00029999999999996696,0.00029999999999996696
s01-r3-disconnect-n20-1,1,3,disconnect-n20-1,18,True,346.2,347.2,1.0,1.0,1,347,1.52,1.5598,1.0,1.5198,0.52,0.5198,1.52,1.52,0.0,0.0,0.03980000000000006,0.03980000000000006,-0.00019999999999997797,-0.00019999999999997797
s01-r3-disconnect-n20-1,1,3,disconnect-n20-1,19,True,358.76,359.76,1.0,1.0,1,360,1.52,1.56032,1.0,1.52032,0.52,0.5203199999999999,1.52,1.52,0.0,0.0,0.04031999999999991,0.04031999999999991,0.00031999999999987594,0.00031999999999987594
s01-r3-disconnect-n5-1,1,3,disconnect-n5-1,0,True,33.24,34.24,1.0,1.0,1,34,1.52,1.56037,1.0,1.52037,0.52,0.52037,1.52,1.52,0.0,0.0,0.04037000000000002,0.04037000000000002,0.00036999999999998145,0.00036999999999998145
s01-r3-disconnect-n5-1,1,3,disconnect-n5-1,1,True,124.36,125.36,1.0,1.0,1,125,1.52,1.56039,1.0,1.52039,0.52,0.5203899999999999,1.52,1.52,0.0,0.0,0.040389999999999926,0.040389999999999926,0.00038999999999989043,0.00038999999999989043
s01-r3-disconnect-n5-1,1,3,disconnect-n5-1,2,True,217.32,218.32,1.0,1.0,1,218,1.52,1.56026,1.0,1.52026,0.52,0.52026,1.52,1.52,0.0,0.0,0.04025999999999996,0.04025999999999996,0.00025999999999992696,0.00025999999999992696
s01-r3-disconnect-n5-1,1,3,disconnect-n5-1,3,True,251.96,252.96,1.0,1.0,1,253,1.52,1.56059,1.0,1.5205899999999999,0.52,0.5205899999999999,1.52,1.52,0.0,0.0,0.040589999999999904,0.040589999999999904,0.0005899999999998684,0.0005899999999998684
s01-r3-disconnect-n5-1,1,3,disconnect-n5-1,4,True,319.44,320.44,1.0,1.0,1,320,1.52,1.56031,1.0,1.52031,0.52,0.52031,1.52,1.52,0.0,0.0,0.04031000000000007,0.04031000000000007,0.00031000000000003247,0.00031000000000003247
s01-r4-disconnect-n10-1,1,4,disconnect-n10-1,0,True,43.64,44.64,1.0,1.0,1,45,1.52,1.55972,1.0,1.51972,0.52,0.51972,1.52,1.52,0.0,0.0,0.03971999999999998,0.03971999999999998,-0.000280000000000058,-0.000280000000000058
s01-r4-disconnect-n10-1,1,4,disconnect-n10-1,1,True,63.32,64.32,1.000000000000007,0.9999999999999929,1,64,1.52,1.55948,1.0,1.51948,0.5200000000000071,0.519480000000007,1.52,1.52,0.0,0.0,0.03947999999999996,0.03947999999999996,-0.000520000000000076,-0.000520000000000076
s01-r4-disconnect-n10-1,1,4,disconnect-n10-1,2,True,87.84,88.84,1.0,1.0,1,89,1.52,1.56027,1.0,1.52027,0.52,0.52027,1.52,1.52,0.0,0.0,0.04027000000000003,0.04027000000000003,0.00026999999999999247,0.00026999999999999247
s01-r4-disconnect-n10-1,1,4,disconnect-n10-1,3,True,146.12,147.12,1.0,1.0,1,147,1.52,1.55962,1.0,1.51962,0.52,0.51962,1.52,1.52,0.0,0.0,0.03961999999999999,0.03961999999999999,-0.00038000000000004697,-0.00038000000000004697
s01-r4-disconnect-n10-1,1,4,disconnect-n10-1,4,True,167.2,168.2,1.0,1.0,1,168,1.52,1.55885,1.0,1.51885,0.52,0.51885,1.52,1.52,0.0,0.0,0.03885000000000005,0.03885000000000005,-0.0011499999999999844,-0.0011499999999999844
s01-r4-disconnect-n10-1,1,4,disconnect-n10-1,5,True,222.96,223.96,1.0,1.0,1,224,1.52,1.55959,1.0,1.51959,0.52,0.51959,1.52,1.52,0.0,0.0,0.039590000000000014,0.039590000000000014,-0.00041000000000002146,-0.00041000000000002146
s01-r4-disconnect-n10-1,1,4,disconnect-n10-1,6,True,255.28,256.28,0.9999999999999716,0.9999999999999716,1,256,1.52,1.55646,1.0,1.51646,0.5200000000000284,0.5164600000000283,1.52,1.52,0.0,0.0,0.03645999999999994,0.03645999999999994,-0.0035400000000000986,-0.0035400000000000986
s01-r4-disconnect-n10-1,1,4,disconnect-n10-1,7,True,275.8,276.8,1.0,1.0,1,277,1.52,1.56206,1.0,1.52206,0.52,0.52206,1.52,1.52,0.0,0.0,0.042059999999999986,0.042059999999999986,0.0020599999999999508,0.0020599999999999508
s01-r4-disconnect-n10-1,1,4,disconnect-n10-1,8,True,303.24,304.24,1.0,1.0,1,304,1.52,1.55695,1.0,1.51695,0.52,0.51695,1.52,1.52,0.0,0.0,0.03695000000000004,0.03695000000000004,-0.003049999999999997,-0.003049999999999997
s01-r4-disconnect-n10-1,1,4,disconnect-n10-1,9,True,352.32,353.32,1.0,1.0,1,353,1.52,1.5609,1.0,1.5209,0.52,0.5208999999999999,1.52,1.52,0.0,0.0,0.040899999999999936,0.040899999999999936,0.0008999999999999009,0.0008999999999999009
s01-r4-disconnect-n2-1,1,4,disconnect-n2-1,0,True,169.36,170.36,1.0,1.0,1,170,1.52,1.55899,1.0,1.51899,0.52,0.5189900000000001,1.52,1.52,0.0,0.0,0.03899000000000008,0.03899000000000008,-0.0010099999999999554,-0.0010099999999999554
s01-r4-disconnect-n2-1,1,4,disconnect-n2-1,1,True,200.24,201.24,1.0,1.0,1,201,1.52,1.55959,1.0,1.51959,0.52,0.51959,1.52,1.52,0.0,0.0,0.039590000000000014,0.039590000000000014,-0.00041000000000002146,-0.00041000000000002146
s01-r4-disconnect-n20-1,1,4,disconnect-n20-1,0,True,25.64,26.64,1.0,1.0,1,27,1.52,1.55978,1.0,1.51978,0.52,0.5197799999999999,1.52,1.52,0.0,0.0,0.039779999999999927,0.039779999999999927,-0.000220000000000109,-0.000220000000000109
s01-r4-disconnect-n20-1,1,4,disconnect-n20-1,1,True,38.28,39.28,1.0,1.0,1,39,1.52,1.56438,1.0,1.52438,0.52,0.5243800000000001,1.52,1.52,0.0,0.0,0.044380000000000086,0.044380000000000086,0.0043800000000000505,0.0043800000000000505
s01-r4-disconnect-n20-1,1,4,disconnect-n20-1,2,True,58.28,59.28,1.0,1.0,1,59,1.52,1.55866,1.0,1.51866,0.52,0.5186599999999999,1.52,1.52,0.0,0.0,0.03865999999999992,0.03865999999999992,-0.0013400000000001189,-0.0013400000000001189
s01-r4-disconnect-n20-1,1,4,disconnect-n20-1,3,True,73.32,74.32,1.0,1.0,1,74,1.52,1.55926,1.0,1.51926,0.52,0.51926,1.52,1.52,0.0,0.0,0.03926000000000007,0.03926000000000007,-0.0007399999999999629,-0.0007399999999999629
s01-r4-disconnect-n20-1,1,4,disconnect-n20-1,4,True,88.44,89.44,1.0,1.0,1,89,1.52,1.55995,1.0,1.51995,0.52,0.5199499999999999,1.52,1.52,0.0,0.0,0.03994999999999993,0.03994999999999993,-5.0000000000105516e-05,-5.0000000000105516e-05
s01-r4-disconnect-n20-1,1,4,disconnect-n20-1,5,True,105.04,106.04,1.0,1.0,1,106,1.52,1.55975,1.0,1.51975,0.52,0.5197499999999999,1.52,1.52,0.0,0.0,0.03974999999999995,0.03974999999999995,-0.0002500000000000835,-0.0002500000000000835
s01-r4-disconnect-n20-1,1,4,disconnect-n20-1,6,True,133.6,134.6,1.0,1.0,1,135,1.52,1.55993,1.0,1.51993,0.52,0.51993,1.52,1.52,0.0,0.0,0.03993000000000002,0.03993000000000002,-7.00000000000145e-05,-7.00000000000145e-05
s01-r4-disconnect-n20-1,1,4,disconnect-n20-1,7,True,144.76,145.76,1.0,1.0,1,146,1.52,1.56034,1.0,1.52034,0.52,0.52034,1.52,1.52,0.0,0.0,0.04034000000000004,0.04034000000000004,0.00034000000000000696,0.00034000000000000696
s01-r4-disconnect-n20-1,1,4,disconnect-n20-1,8,True,162.6,163.6,1.0,1.0,1,164,1.52,1.56003,1.0,1.52003,0.52,0.52003,1.52,1.52,0.0,0.0,0.04003000000000001,0.04003000000000001,2.999999999997449e-05,2.999999999997449e-05
s01-r4-disconnect-n20-1,1,4,disconnect-n20-1,9,True,178.52,179.52,1.0,1.0,1,180,1.52,1.55918,1.0,1.51918,0.52,0.51918,1.52,1.52,0.0,0.0,0.03917999999999999,0.03917999999999999,-0.0008200000000000429,-0.0008200000000000429
s01-r4-disconnect-n20-1,1,4,disconnect-n20-1,10,True,200.04,201.04,1.0,1.0,1,201,1.52,1.55553,1.0,1.51553,0.52,0.51553,1.52,1.52,0.0,0.0,0.03553000000000006,0.03553000000000006,-0.004469999999999974,-0.004469999999999974
s01-r4-disconnect-n20-1,1,4,disconnect-n20-1,11,True,212.72,213.72,1.0,1.0,1,214,1.52,1.55994,1.0,1.51994,0.52,0.5199400000000001,1.52,1.52,0.0,0.0,0.03994000000000009,0.03994000000000009,-5.999999999994898e-05,-5.999999999994898e-05
s01-r4-disconnect-n20-1,1,4,disconnect-n20-1,12,True,229.92,230.92,1.0,1.0,1,231,1.52,1.55999,1.0,1.51999,0.52,0.51999,1.52,1.52,0.0,0.0,0.03998999999999997,0.03998999999999997,-1.0000000000065512e-05,-1.0000000000065512e-05
s01-r4-disconnect-n20-1,1,4,disconnect-n20-1,13,True,253.12,254.12,1.0,1.0,1,254,1.52,1.55628,1.0,1.51628,0.52,0.5162800000000001,1.52,1.52,0.0,0.0,0.03628000000000009,0.03628000000000009,-0.0037199999999999456,-0.0037199999999999456
s01-r4-disconnect-n20-1,1,4,disconnect-n20-1,14,True,268.04,269.04,1.0,1.0,1,269,1.52,1.56194,1.0,1.52194,0.52,0.5219400000000001,1.52,1.52,0.0,0.0,0.04194000000000009,0.04194000000000009,0.0019400000000000528,0.0019400000000000528
s01-r4-disconnect-n20-1,1,4,disconnect-n20-1,15,True,294.28,295.28,1.0,1.0,1,295,1.52,1.56169,1.0,1.52169,0.52,0.52169,1.52,1.52,0.0,0.0,0.041690000000000005,0.041690000000000005,0.0016899999999999693,0.0016899999999999693
s01-r4-disconnect-n20-1,1,4,disconnect-n20-1,16,True,307.12,308.12,1.0,1.0,1,308,1.52,1.55635,1.0,1.5163499999999999,0.52,0.5163499999999999,1.52,1.52,0.0,0.0,0.03634999999999988,0.03634999999999988,-0.003650000000000153,-0.003650000000000153
s01-r4-disconnect-n20-1,1,4,disconnect-n20-1,17,True,318.8,319.8,1.0,1.0,1,320,1.52,1.55999,1.0,1.51999,0.52,0.51999,1.52,1.52,0.0,0.0,0.03998999999999997,0.03998999999999997,-1.0000000000065512e-05,-1.0000000000065512e-05
s01-r4-disconnect-n20-1,1,4,disconnect-n20-1,18,True,337.2,338.2,1.0,1.0,1,338,1.52,1.5595,1.0,1.5195,0.52,0.5195000000000001,1.52,1.52,0.0,0.0,0.03950000000000009,0.03950000000000009,-0.0004999999999999449,-0.0004999999999999449
s01-r4-disconnect-n20-1,1,4,disconnect-n20-1,19,True,360.64,361.64,1.0,1.0,1,362,1.52,1.56076,1.0,1.52076,0.52,0.5207599999999999,1.52,1.52,0.0,0.0,0.04075999999999991,0.04075999999999991,0.0007599999999998719,0.0007599999999998719
s01-r4-disconnect-n5-1,1,4,disconnect-n5-1,0,True,20.6,21.6,1.0,1.0,1,22,1.52,1.56039,1.0,1.52039,0.52,0.5203899999999999,1.52,1.52,0.0,0.0,0.040389999999999926,0.040389999999999926,0.00038999999999989043,0.00038999999999989043
s01-r4-disconnect-n5-1,1,4,disconnect-n5-1,1,True,117.8,118.8,1.0,1.0,1,119,1.52,1.55529,1.0,1.51529,0.52,0.51529,1.52,1.52,0.0,0.0,0.035290000000000044,0.035290000000000044,-0.004709999999999992,-0.004709999999999992
s01-r4-disconnect-n5-1,1,4,disconnect-n5-1,2,True,221.32,222.32,1.0,1.0,1,222,1.52,1.55995,1.0,1.51995,0.52,0.5199499999999999,1.52,1.52,0.0,0.0,0.03994999999999993,0.03994999999999993,-5.0000000000105516e-05,-5.0000000000105516e-05
s01-r4-disconnect-n5-1,1,4,disconnect-n5-1,3,True,256.16,257.16,1.0,1.0,1,257,1.52,1.55628,1.0,1.51628,0.52,0.5162800000000001,1.52,1.52,0.0,0.0,0.03628000000000009,0.03628000000000009,-0.0037199999999999456,-0.0037199999999999456
s01-r4-disconnect-n5-1,1,4,disconnect-n5-1,4,True,322.16,323.16,1.0,1.0,1,323,1.52,1.56047,1.0,1.52047,0.52,0.52047,1.52,1.52,0.0,0.0,0.040470000000000006,0.040470000000000006,0.00046999999999997044,0.00046999999999997044
s02-r0-disconnect-n10-1,2,0,disconnect-n10-1,0,True,34.4,35.4,1.0,1.0,1,35,1.52,1.56019,1.0,1.52019,0.52,0.5201899999999999,1.52,1.52,0.0,0.0,0.04018999999999995,0.04018999999999995,0.00018999999999991246,0.00018999999999991246
s02-r0-disconnect-n10-1,2,0,disconnect-n10-1,1,True,79.36,80.36,1.0,1.0,1,80,1.52,1.56054,1.0,1.52054,0.52,0.52054,1.52,1.52,0.0,0.0,0.04054000000000002,0.04054000000000002,0.0005399999999999849,0.0005399999999999849
s02-r0-disconnect-n10-1,2,0,disconnect-n10-1,2,True,91.28,92.28,1.0,1.0,1,92,1.52,1.56025,1.0,1.5202499999999999,0.52,0.5202499999999999,1.52,1.52,0.0,0.0,0.0402499999999999,0.0402499999999999,0.00024999999999986144,0.00024999999999986144
s02-r0-disconnect-n10-1,2,0,disconnect-n10-1,3,True,128.28,129.28,1.0,1.0,1,129,1.52,1.56023,1.0,1.52023,0.52,0.52023,1.52,1.52,0.0,0.0,0.04022999999999999,0.04022999999999999,0.00022999999999995246,0.00022999999999995246
s02-r0-disconnect-n10-1,2,0,disconnect-n10-1,4,True,181.16,182.16,1.0,1.0,1,182,1.52,1.55994,1.0,1.51994,0.52,0.5199400000000001,1.52,1.52,0.0,0.0,0.03994000000000009,0.03994000000000009,-5.999999999994898e-05,-5.999999999994898e-05
s02-r0-disconnect-n10-1,2,0,disconnect-n10-1,5,True,220.28,221.28,1.0,1.0,1,221,1.52,1.56051,1.0,1.52051,0.52,0.52051,1.52,1.52,0.0,0.0,0.040510000000000046,0.040510000000000046,0.0005100000000000104,0.0005100000000000104
s02-r0-disconnect-n10-1,2,0,disconnect-n10-1,6,True,249.08,250.08,1.0,1.0,1,250,1.52,1.55957,1.0,1.5195699999999999,0.52,0.5195699999999999,1.52,1.52,0.0,0.0,0.03956999999999988,0.03956999999999988,-0.0004300000000001525,-0.0004300000000001525
s02-r0-disconnect-n10-1,2,0,disconnect-n10-1,7,True,287.72,288.72,1.0,1.0,1,289,1.52,1.56025,1.0,1.5202499999999999,0.52,0.5202499999999999,1.52,1.52,0.0,0.0,0.0402499999999999,0.0402499999999999,0.00024999999999986144,0.00024999999999986144
s02-r0-disconnect-n10-1,2,0,disconnect-n10-1,8,True,308.96,309.96,1.0,1.0,1,310,1.52,1.56482,1.0,1.52482,0.52,0.5248200000000001,1.52,1.52,0.0,0.0,0.04482000000000008,0.04482000000000008,0.0048200000000000465,0.0048200000000000465
s02-r0-disconnect-n10-1,2,0,disconnect-n10-1,9,True,340.68,341.68,1.0,1.0,1,342,1.52,1.56383,1.0,1.52383,0.52,0.52383,1.52,1.52,0.0,0.0,0.043830000000000036,0.043830000000000036,0.00383,0.00383
s02-r0-disconnect-n2-1,2,0,disconnect-n2-1,0,True,150.72,151.72,1.0,1.0,1,152,1.52,1.5602,1.0,1.5202,0.52,0.5202,1.52,1.52,0.0,0.0,0.040200000000000014,0.040200000000000014,0.00019999999999997797,0.00019999999999997797
s02-r0-disconnect-n2-1,2,0,disconnect-n2-1,1,True,276.52,277.52,1.0,1.0,1,278,1.52,1.56036,1.0,1.52036,0.52,0.5203599999999999,1.52,1.52,0.0,0.0,0.04035999999999995,0.04035999999999995,0.00035999999999991594,0.00035999999999991594
s02-r0-disconnect-n20-1,2,0,disconnect-n20-1,0,True,20.84,21.84,1.0,1.0,1,22,1.52,1.56091,1.0,1.52091,0.52,0.52091,1.52,1.52,0.0,0.0,0.04091,0.04091,0.0009099999999999664,0.0009099999999999664
s02-r0-disconnect-n20-1,2,0,disconnect-n20-1,1,True,39.2,40.2,1.0,1.0,1,40,1.52,1.56025,1.0,1.5202499999999999,0.52,0.5202499999999999,1.52,1.52,0.0,0.0,0.0402499999999999,0.0402499999999999,0.00024999999999986144,0.00024999999999986144
s02-r0-disconnect-n20-1,2,0,disconnect-n20-1,2,True,57.68,58.68,1.0,1.0,1,59,1.52,1.56029,1.0,1.52029,0.52,0.5202899999999999,1.52,1.52,0.0,0.0,0.04028999999999994,0.04028999999999994,0.00028999999999990145,0.00028999999999990145
s02-r0-disconnect-n20-1,2,0,disconnect-n20-1,3,True,69.2,70.2,1.0,1.0,1,70,1.52,1.5609,1.0,1.5209,0.52,0.5208999999999999,1.52,1.52,0.0,0.0,0.040899999999999936,0.040899999999999936,0.0008999999999999009,0.0008999999999999009
s02-r0-disconnect-n20-1,2,0,disconnect-n20-1,4,True,93.52,94.52,1.0,1.0,1,95,1.52,1.56028,1.0,1.5202799999999999,0.52,0.5202799999999999,1.52,1.52,0.0,0.0,0.04027999999999987,0.04027999999999987,0.00027999999999983594,0.00027999999999983594
s02-r0-disconnect-n20-1,2,0,disconnect-n20-1,5,True,115.16,116.16,1.0,1.0,1,116,1.52,1.55903,1.0,1.5190299999999999,0.52,0.5190299999999999,1.52,1.52,0.0,0.0,0.0390299999999999,0.0390299999999999,-0.0009700000000001374,-0.0009700000000001374
s02-r0-disconnect-n20-1,2,0,disconnect-n20-1,6,True,127.56,128.56,1.0,1.0,1,129,1.52,1.56098,1.0,1.52098,0.52,0.52098,1.52,1.52,0.0,0.0,0.040980000000000016,0.040980000000000016,0.0009799999999999809,0.0009799999999999809
s02-r0-disconnect-n20-1,2,0,disconnect-n20-1,7,True,142.64,143.64,1.0,1.0,1,144,1.52,1.56052,1.0,1.5205199999999999,0.52,0.5205199999999999,1.52,1.52,0.0,0.0,0.04051999999999989,0.04051999999999989,0.0005199999999998539,0.0005199999999998539
s02-r0-disconnect-n20-1,2,0,disconnect-n20-1,8,True,162.0,163.0,1.0,1.0,1,163,1.52,1.55562,1.0,1.51562,0.52,0.51562,1.52,1.52,0.0,0.0,0.035619999999999985,0.035619999999999985,-0.0043800000000000505,-0.0043800000000000505
s02-r0-disconnect-n20-1,2,0,disconnect-n20-1,9,True,183.64,184.64,1.0,1.0,1,185,1.52,1.55967,1.0,1.5196699999999999,0.52,0.5196699999999999,1.52,1.52,0.0,0.0,0.03966999999999987,0.03966999999999987,-0.0003300000000001635,-0.0003300000000001635
s02-r0-disconnect-n20-1,2,0,disconnect-n20-1,10,True,193.48,194.48,1.0,1.0,1,195,1.52,1.56058,1.0,1.52058,0.52,0.52058,1.52,1.52,0.0,0.0,0.04058000000000006,0.04058000000000006,0.0005800000000000249,0.0005800000000000249
s02-r0-disconnect-n20-1,2,0,disconnect-n20-1,11,True,215.2,216.2,1.0,1.0,1,216,1.52,1.5605,1.0,1.5205,0.52,0.5205,1.52,1.52,0.0,0.0,0.04049999999999998,0.04049999999999998,0.0004999999999999449,0.0004999999999999449
s02-r0-disconnect-n20-1,2,0,disconnect-n20-1,12,True,238.88,239.88,1.0,1.0,1,240,1.52,1.56081,1.0,1.52081,0.52,0.52081,1.52,1.52,0.0,0.0,0.04081000000000001,0.04081000000000001,0.0008099999999999774,0.0008099999999999774
s02-r0-disconnect-n20-1,2,0,disconnect-n20-1,13,True,253.44,254.44,1.0,1.0,1,254,1.52,1.56037,1.0,1.52037,0.52,0.52037,1.52,1.52,0.0,0.0,0.04037000000000002,0.04037000000000002,0.00036999999999998145,0.00036999999999998145
s02-r0-disconnect-n20-1,2,0,disconnect-n20-1,14,True,274.92,275.92,1.0,1.0,1,276,1.52,1.56042,1.0,1.5204199999999999,0.52,0.5204199999999999,1.52,1.52,0.0,0.0,0.0404199999999999,0.0404199999999999,0.0004199999999998649,0.0004199999999998649
s02-r0-disconnect-n20-1,2,0,disconnect-n20-1,15,True,283.64,284.64,1.0,1.0,1,285,1.52,1.56084,1.0,1.52084,0.52,0.52084,1.52,1.52,0.0,0.0,0.04083999999999999,0.04083999999999999,0.0008399999999999519,0.0008399999999999519
s02-r0-disconnect-n20-1,2,0,disconnect-n20-1,16,True,310.2,311.2,1.0,1.0,1,311,1.52,1.56083,1.0,1.52083,0.52,0.5208299999999999,1.52,1.52,0.0,0.0,0.04082999999999992,0.04082999999999992,0.0008299999999998864,0.0008299999999998864
s02-r0-disconnect-n20-1,2,0,disconnect-n20-1,17,True,329.48,330.48,1.0,1.0,1,331,1.52,1.56087,1.0,1.52087,0.52,0.5208699999999999,1.52,1.52,0.0,0.0,0.04086999999999996,0.04086999999999996,0.0008699999999999264,0.0008699999999999264
s02-r0-disconnect-n20-1,2,0,disconnect-n20-1,18,True,341.08,342.08,1.0,1.0,1,342,1.52,1.56068,1.0,1.52068,0.52,0.52068,1.52,1.52,0.0,0.0,0.04068000000000005,0.04068000000000005,0.0006800000000000139,0.0006800000000000139
s02-r0-disconnect-n20-1,2,0,disconnect-n20-1,19,True,355.56,356.56,1.0,1.0,1,357,1.52,1.56132,1.0,1.52132,0.52,0.52132,1.52,1.52,0.0,0.0,0.04132000000000002,0.04132000000000002,0.0013199999999999878,0.0013199999999999878
s02-r0-disconnect-n5-1,2,0,disconnect-n5-1,0,True,59.16,60.16,1.0,1.0,1,60,1.52,1.56496,1.0,1.5249599999999999,0.52,0.5249599999999999,1.52,1.52,0.0,0.0,0.04495999999999989,0.04495999999999989,0.004959999999999853,0.004959999999999853
s02-r0-disconnect-n5-1,2,0,disconnect-n5-1,1,True,101.32,102.32,1.0,1.0,1,102,1.52,1.56054,1.0,1.52054,0.52,0.52054,1.52,1.52,0.0,0.0,0.04054000000000002,0.04054000000000002,0.0005399999999999849,0.0005399999999999849
s02-r0-disconnect-n5-1,2,0,disconnect-n5-1,2,True,196.08,197.08,1.0,1.0,1,197,1.52,1.56039,1.0,1.52039,0.52,0.5203899999999999,1.52,1.52,0.0,0.0,0.040389999999999926,0.040389999999999926,0.00038999999999989043,0.00038999999999989043
s02-r0-disconnect-n5-1,2,0,disconnect-n5-1,3,True,246.32,247.32,1.0,1.0,1,247,1.56,1.59545,1.0,1.55545,0.56,0.55545,1.52,1.52,0.040000000000000036,0.040000000000000036,0.07545000000000002,0.07545000000000002,0.03544999999999998,0.03544999999999998
s02-r0-disconnect-n5-1,2,0,disconnect-n5-1,4,True,362.48,363.48,1.0,1.0,1,364,1.52,1.56054,1.0,1.52054,0.52,0.52054,1.52,1.52,0.0,0.0,0.04054000000000002,0.04054000000000002,0.0005399999999999849,0.0005399999999999849
s02-r0-disconnect-n5-1.25,2,0,disconnect-n5-1.25,0,True,15.32,16.56,1.25,1.2399999999999984,1,17,2.04,2.08027,1.25,2.04027,0.8000000000000016,0.8002700000000016,1.7599999999999985,1.77,0.2800000000000016,0.27,0.3202700000000016,0.31027000000000005,0.2802700000000016,0.27027
s02-r0-disconnect-n5-1.25,2,0,disconnect-n5-1.25,1,True,135.4,136.64,1.25,1.2399999999999807,1,137,2.04,2.07958,1.25,2.03958,0.8000000000000194,0.7995800000000193,1.7599999999999807,1.77,0.28000000000001934,0.27,0.3195800000000193,0.30957999999999997,0.27958000000001926,0.26957999999999993
s02-r0-disconnect-n5-1.25,2,0,disconnect-n5-1.25,2,True,196.68,197.96,1.25,1.2800000000000011,1,198,2.04,2.07945,1.25,2.03945,0.7599999999999989,0.7594499999999988,1.8000000000000012,1.77,0.23999999999999888,0.27,0.27944999999999887,0.30945,0.23944999999999883,0.26944999999999997
s02-r0-disconnect-n5-1.25,2,0,disconnect-n5-1.25,3,True,238.04,239.28,1.25,1.240000000000009,1,240,2.04,2.07982,1.25,2.0398199999999997,0.7999999999999909,0.7998199999999906,1.7600000000000091,1.77,0.2799999999999909,0.27,0.31981999999999067,0.30981999999999976,0.27981999999999063,0.2698199999999997
s02-r0-disconnect-n5-1.25,2,0,disconnect-n5-1.25,4,True,338.64,339.88,1.25,1.240000000000009,1,340,2.04,2.07866,1.25,2.03866,0.7999999999999909,0.798659999999991,1.7600000000000091,1.77,0.2799999999999909,0.27,0.31865999999999106,0.30866000000000016,0.278659999999991,0.2686600000000001
s02-r0-disconnect-n5-1.75,2,0,disconnect-n5-1.75,0,True,77.24,79.0,1.75,1.7600000000000051,1,79,2.52,2.55995,1.75,2.51995,0.7599999999999949,0.759949999999995,2.280000000000005,2.27,0.23999999999999488,0.25,0.27994999999999504,0.28995000000000015,0.239949999999995,0.24995000000000012
s02-r0-disconnect-n5-1.75,2,0,disconnect-n5-1.75,1,True,92.4,94.16,1.75,1.759999999999991,1,94,2.52,2.5577,1.75,2.5177,0.7600000000000091,0.7577000000000091,2.279999999999991,2.27,0.2400000000000091,0.25,0.27770000000000916,0.28770000000000007,0.23770000000000913,0.24770000000000003
s02-r0-disconnect-n5-1.75,2,0,disconnect-n5-1.75,2,True,202.52,204.28,1.75,1.759999999999991,1,205,2.52,2.56449,1.75,2.52449,0.7600000000000091,0.7644900000000092,2.279999999999991,2.27,0.2400000000000091,0.25,0.28449000000000924,0.29449000000000014,0.2444900000000092,0.2544900000000001
s02-r0-disconnect-n5-1.75,2,0,disconnect-n5-1.75,3,True,257.96,259.72,1.75,1.7600000000000477,1,260,2.52,2.55948,1.75,2.51948,0.7599999999999523,0.7594799999999524,2.2800000000000478,2.27,0.23999999999995225,0.25,0.27947999999995243,0.2894800000000002,0.2394799999999524,0.24948000000000015
s02-r0-disconnect-n5-1.75,2,0,disconnect-n5-1.75,4,True,336.76,338.48,1.75,1.7200000000000273,1,339,2.52,2.56247,1.75,2.5224699999999998,0.7999999999999727,0.8024699999999725,2.2400000000000273,2.27,0.2799999999999727,0.25,0.3224699999999725,0.2924699999999998,0.28246999999997247,0.25246999999999975
s02-r0-disconnect-n5-2.25,2,0,disconnect-n5-2.25,0,True,15.36,17.6,2.25,2.240000000000002,1,18,3.04,3.07807,2.25,3.03807,0.799999999999998,0.7980699999999978,2.760000000000002,2.77,0.27999999999999803,0.27,0.31806999999999785,0.30806999999999984,0.2780699999999978,0.2680699999999998
s02-r0-disconnect-n5-2.25,2,0,disconnect-n5-2.25,1,True,136.4,138.64,2.25,2.2399999999999807,1,139,3.04,3.07877,2.25,3.03877,0.8000000000000194,0.7987700000000193,2.7599999999999807,2.77,0.28000000000001934,0.27,0.3187700000000193,0.30877,0.2787700000000193,0.26876999999999995
s02-r0-disconnect-n5-2.25,2,0,disconnect-n5-2.25,2,True,214.28,216.56,2.25,2.280000000000001,1,217,3.04,3.07855,2.25,3.03855,0.7599999999999989,0.7585499999999987,2.800000000000001,2.77,0.23999999999999888,0.27,0.27854999999999874,0.3085499999999999,0.2385499999999987,0.26854999999999984
s02-r0-disconnect-n5-2.25,2,0,disconnect-n5-2.25,3,True,283.44,285.68,2.25,2.240000000000009,1,286,3.04,3.08364,2.25,3.04364,0.7999999999999909,0.8036399999999908,2.760000000000009,2.77,0.2799999999999909,0.27,0.3236399999999908,0.3136399999999999,0.2836399999999908,0.2736399999999999
s02-r0-disconnect-n5-2.25,2,0,disconnect-n5-2.25,4,True,346.16,348.4,2.25,2.2399999999999523,1,349,3.04,3.07903,2.25,3.03903,0.8000000000000478,0.7990300000000476,2.7599999999999523,2.77,0.28000000000004777,0.27,0.31903000000004766,0.3090299999999999,0.27903000000004763,0.2690299999999999
s02-r1-disconnect-n10-1,2,1,disconnect-n10-1,0,True,27.16,28.16,1.0,1.0,1,28,1.52,1.55999,1.0,1.51999,0.52,0.51999,1.52,1.52,0.0,0.0,0.03998999999999997,0.03998999999999997,-1.0000000000065512e-05,-1.0000000000065512e-05
s02-r1-disconnect-n10-1,2,1,disconnect-n10-1,1,True,70.12,71.12,1.0,1.0,1,71,1.52,1.55947,1.0,1.5194699999999999,0.52,0.5194699999999999,1.52,1.52,0.0,0.0,0.039469999999999894,0.039469999999999894,-0.0005300000000001415,-0.0005300000000001415
s02-r1-disconnect-n10-1,2,1,disconnect-n10-1,2,True,92.72,93.72,1.0,1.0,1,94,1.52,1.55556,1.0,1.51556,0.52,0.51556,1.52,1.52,0.0,0.0,0.035560000000000036,0.035560000000000036,-0.0044399999999999995,-0.0044399999999999995
s02-r1-disconnect-n10-1,2,1,disconnect-n10-1,3,True,149.48,150.48,1.0,1.0,1,151,1.52,1.56022,1.0,1.52022,0.52,0.5202199999999999,1.52,1.52,0.0,0.0,0.04021999999999992,0.04021999999999992,0.00021999999999988695,0.00021999999999988695
s02-r1-disconnect-n10-1,2,1,disconnect-n10-1,4,True,158.8,159.8,1.0,1.0,1,160,1.52,1.55988,1.0,1.51988,0.52,0.5198799999999999,1.52,1.52,0.0,0.0,0.039879999999999916,0.039879999999999916,-0.00012000000000012001,-0.00012000000000012001
s02-r1-disconnect-n10-1,2,1,disconnect-n10-1,5,True,206.4,207.4,1.0,1.0,1,207,1.52,1.56,1.0,1.52,0.52,0.52,1.52,1.52,0.0,0.0,0.040000000000000036,0.040000000000000036,0.0,0.0
s02-r1-disconnect-n10-1,2,1,disconnect-n10-1,6,True,233.56,234.56,1.0,1.0,1,235,1.52,1.56043,1.0,1.52043,0.52,0.52043,1.52,1.52,0.0,0.0,0.040429999999999966,0.040429999999999966,0.00042999999999993044,0.00042999999999993044
s02-r1-disconnect-n10-1,2,1,disconnect-n10-1,7,True,291.0,292.0,1.0,1.0,1,292,1.52,1.56001,1.0,1.5200099999999999,0.52,0.5200099999999999,1.52,1.52,0.0,0.0,0.04000999999999988,0.04000999999999988,9.999999999843467e-06,9.999999999843467e-06
s02-r1-disconnect-n10-1,2,1,disconnect-n10-1,8,True,328.28,329.28,1.0,1.0,1,329,1.52,1.56266,1.0,1.52266,0.52,0.5226599999999999,1.52,1.52,0.0,0.0,0.04265999999999992,0.04265999999999992,0.0026599999999998847,0.0026599999999998847
s02-r1-disconnect-n10-1,2,1,disconnect-n10-1,9,True,359.28,360.28,1.0,1.0,1,360,1.52,1.5578,1.0,1.5178,0.52,0.5178,1.52,1.52,0.0,0.0,0.037800000000000056,0.037800000000000056,-0.0021999999999999797,-0.0021999999999999797
s02-r1-disconnect-n2-1,2,1,disconnect-n2-1,0,True,52.64,53.64,1.0,1.0,1,54,1.52,1.55972,1.0,1.51972,0.52,0.51972,1.52,1.52,0.0,0.0,0.03971999999999998,0.03971999999999998,-0.000280000000000058,-0.000280000000000058
s02-r1-disconnect-n2-1,2,1,disconnect-n2-1,1,True,269.84,270.84,1.0,1.0,1,271,1.52,1.55933,1.0,1.51933,0.52,0.5193300000000001,1.52,1.52,0.0,0.0,0.03933000000000009,0.03933000000000009,-0.0006699999999999484,-0.0006699999999999484
s02-r1-disconnect-n20-1,2,1,disconnect-n20-1,0,True,25.8,26.8,1.0,1.0,1,27,1.52,1.56004,1.0,1.52004,0.52,0.5200400000000001,1.52,1.52,0.0,0.0,0.040040000000000076,0.040040000000000076,4.0000000000040004e-05,4.0000000000040004e-05
s02-r1-disconnect-n20-1,2,1,disconnect-n20-1,1,True,39.84,40.84,1.0,1.0,1,41,1.52,1.56018,1.0,1.5201799999999999,0.52,0.5201799999999999,1.52,1.52,0.0,0.0,0.04017999999999988,0.04017999999999988,0.00017999999999984695,0.00017999999999984695
s02-r1-disconnect-n20-1,2,1,disconnect-n20-1,2,True,54.08,55.08,1.0,1.0,1,55,1.52,1.55986,1.0,1.51986,0.52,0.51986,1.52,1.52,0.0,0.0,0.03986000000000001,0.03986000000000001,-0.000140000000000029,-0.000140000000000029
s02-r1-disconnect-n20-1,2,1,disconnect-n20-1,3,True,68.8,69.8,1.0,1.0,1,70,1.52,1.55899,1.0,1.51899,0.52,0.5189900000000001,1.52,1.52,0.0,0.0,0.03899000000000008,0.03899000000000008,-0.0010099999999999554,-0.0010099999999999554
s02-r1-disconnect-n20-1,2,1,disconnect-n20-1,4,True,93.56,94.56,1.0,1.0,1,95,1.52,1.56063,1.0,1.52063,0.52,0.5206299999999999,1.52,1.52,0.0,0.0,0.040629999999999944,0.040629999999999944,0.0006299999999999084,0.0006299999999999084
s02-r1-disconnect-n20-1,2,1,disconnect-n20-1,5,True,111.04,112.04,1.0,1.0,1,112,1.52,1.56002,1.0,1.52002,0.52,0.5200199999999999,1.52,1.52,0.0,0.0,0.040019999999999945,0.040019999999999945,1.999999999990898e-05,1.999999999990898e-05
s02-r1-disconnect-n20-1,2,1,disconnect-n20-1,6,True,129.56,130.56,1.0,1.0,1,131,1.52,1.55982,1.0,1.51982,0.52,0.51982,1.52,1.52,0.0,0.0,0.03981999999999997,0.03981999999999997,-0.000180000000000069,-0.000180000000000069
s02-r1-disconnect-n20-1,2,1,disconnect-n20-1,7,True,140.08,141.08,1.0,1.0,1,141,1.52,1.56015,1.0,1.52015,0.52,0.5201499999999999,1.52,1.52,0.0,0.0,0.04014999999999991,0.04014999999999991,0.00014999999999987246,0.00014999999999987246
s02-r1-disconnect-n20-1,2,1,disconnect-n20-1,8,True,168.4,169.4,1.0,1.0,1,169,1.52,1.56044,1.0,1.52044,0.52,0.52044,1.52,1.52,0.0,0.0,0.04044000000000003,0.04044000000000003,0.00043999999999999595,0.00043999999999999595
s02-r1-disconnect-n20-1,2,1,disconnect-n20-1,9,True,176.12,177.12,1.0,1.0,1,177,1.52,1.55947,1.0,1.5194699999999999,0.52,0.5194699999999999,1.52,1.52,0.0,0.0,0.039469999999999894,0.039469999999999894,-0.0005300000000001415,-0.0005300000000001415
s02-r1-disconnect-n20-1,2,1,disconnect-n20-1,10,True,200.36,201.36,1.0,1.0,1,201,1.52,1.5597,1.0,1.5197,0.52,0.5197,1.52,1.52,0.0,0.0,0.03970000000000007,0.03970000000000007,-0.00029999999999996696,-0.00029999999999996696
s02-r1-disconnect-n20-1,2,1,disconnect-n20-1,11,True,215.16,216.16,1.0,1.0,1,216,1.52,1.56016,1.0,1.52016,0.52,0.52016,1.52,1.52,0.0,0.0,0.040159999999999973,0.040159999999999973,0.00015999999999993797,0.00015999999999993797
s02-r1-disconnect-n20-1,2,1,disconnect-n20-1,12,True,239.24,240.24,1.0,1.0,1,240,1.52,1.55935,1.0,1.51935,0.52,0.51935,1.52,1.52,0.0,0.0,0.039349999999999996,0.039349999999999996,-0.0006500000000000394,-0.0006500000000000394
s02-r1-disconnect-n20-1,2,1,disconnect-n20-1,13,True,255.16,256.16,1.0,1.0000000000000284,1,256,1.52,1.5554,1.0,1.5153999999999999,0.5199999999999716,0.5153999999999714,1.5200000000000284,1.52,-2.842170943040401e-14,0.0,0.035399999999971454,0.035399999999999876,-0.004600000000028581,-0.0046000000000001595
s02-r1-disconnect-n20-1,2,1,disconnect-n20-1,14,True,266.72,267.72,1.0,1.0,1,268,1.52,1.55979,1.0,1.51979,0.52,0.51979,1.52,1.52,0.0,0.0,0.03978999999999999,0.03978999999999999,-0.00021000000000004349,-0.00021000000000004349
s02-r1-disconnect-n20-1,2,1,disconnect-n20-1,15,True,290.84,291.84,1.0,1.0,1,292,1.52,1.55958,1.0,1.51958,0.52,0.5195799999999999,1.52,1.52,0.0,0.0,0.03957999999999995,0.03957999999999995,-0.00042000000000008697,-0.00042000000000008697
s02-r1-disconnect-n20-1,2,1,disconnect-n20-1,16,True,311.16,312.16,1.0,1.0,1,312,1.52,1.55949,1.0,1.51949,0.52,0.51949,1.52,1.52,0.0,0.0,0.039490000000000025,0.039490000000000025,-0.0005100000000000104,-0.0005100000000000104
s02-r1-disconnect-n20-1,2,1,disconnect-n20-1,17,True,322.96,323.96,1.0,1.0,1,324,1.52,1.56054,1.0,1.52054,0.52,0.52054,1.52,1.52,0.0,0.0,0.04054000000000002,0.04054000000000002,0.0005399999999999849,0.0005399999999999849
s02-r1-disconnect-n20-1,2,1,disconnect-n20-1,18,True,345.92,346.92,1.0,1.0,1,347,1.52,1.56021,1.0,1.52021,0.52,0.5202100000000001,1.52,1.52,0.0,0.0,0.04021000000000008,0.04021000000000008,0.00021000000000004349,0.00021000000000004349
s02-r1-disconnect-n20-1,2,1,disconnect-n20-1,19,True,355.28,356.28,1.0,1.0,1,356,1.52,1.5605,1.0,1.5205,0.52,0.5205,1.52,1.52,0.0,0.0,0.04049999999999998,0.04049999999999998,0.0004999999999999449,0.0004999999999999449
s02-r1-disconnect-n5-1,2,1,disconnect-n5-1,0,True,71.84,72.84,1.0,1.0,1,73,1.52,1.5587,1.0,1.5187,0.52,0.5186999999999999,1.52,1.52,0.0,0.0,0.03869999999999996,0.03869999999999996,-0.0013000000000000789,-0.0013000000000000789
s02-r1-disconnect-n5-1,2,1,disconnect-n5-1,1,True,134.84,135.84,1.0,1.0,1,136,1.52,1.56121,1.0,1.52121,0.52,0.52121,1.52,1.52,0.0,0.0,0.04120999999999997,0.04120999999999997,0.0012099999999999334,0.0012099999999999334
s02-r1-disconnect-n5-1,2,1,disconnect-n5-1,2,True,175.76,176.76,1.0,1.0,1,177,1.52,1.56028,1.0,1.5202799999999999,0.52,0.5202799999999999,1.52,1.52,0.0,0.0,0.04027999999999987,0.04027999999999987,0.00027999999999983594,0.00027999999999983594
s02-r1-disconnect-n5-1,2,1,disconnect-n5-1,3,True,267.56,268.56,1.0,1.0,1,269,1.52,1.56065,1.0,1.52065,0.52,0.5206500000000001,1.52,1.52,0.0,0.0,0.040650000000000075,0.040650000000000075,0.0006500000000000394,0.0006500000000000394
s02-r1-disconnect-n5-1,2,1,disconnect-n5-1,4,True,312.08,313.08,1.0,1.0,1,313,1.52,1.55572,1.0,1.51572,0.52,0.51572,1.52,1.52,0.0,0.0,0.035719999999999974,0.035719999999999974,-0.0042800000000000615,-0.0042800000000000615
s02-r2-disconnect-n10-1,2,2,disconnect-n10-1,0,True,16.76,17.76,1.0,1.0,1,18,1.52,1.56008,1.0,1.5200799999999999,0.52,0.5200799999999999,1.52,1.52,0.0,0.0,0.040079999999999893,0.040079999999999893,7.999999999985796e-05,7.999999999985796e-05
s02-r2-disconnect-n10-1,2,2,disconnect-n10-1,1,True,58.28,59.28,1.0,1.0,1,59,1.52,1.56028,1.0,1.5202799999999999,0.52,0.5202799999999999,1.52,1.52,0.0,0.0,0.04027999999999987,0.04027999999999987,0.00027999999999983594,0.00027999999999983594
s02-r2-disconnect-n10-1,2,2,disconnect-n10-1,2,True,87.76,88.76,1.0,1.0,1,89,1.52,1.56086,1.0,1.5208599999999999,0.52,0.5208599999999999,1.52,1.52,0.0,0.0,0.040859999999999896,0.040859999999999896,0.0008599999999998609,0.0008599999999998609
s02-r2-disconnect-n10-1,2,2,disconnect-n10-1,3,True,125.6,126.6,1.0,1.0,1,127,1.52,1.55539,1.0,1.51539,0.52,0.51539,1.52,1.52,0.0,0.0,0.03539000000000003,0.03539000000000003,-0.004610000000000003,-0.004610000000000003
s02-r2-disconnect-n10-1,2,2,disconnect-n10-1,4,True,177.56,178.56,1.0,1.0,1,179,1.52,1.55907,1.0,1.51907,0.52,0.5190699999999999,1.52,1.52,0.0,0.0,0.03906999999999994,0.03906999999999994,-0.0009300000000000974,-0.0009300000000000974
s02-r2-disconnect-n10-1,2,2,disconnect-n10-1,5,True,214.28,215.28,1.0,1.0,1,215,1.52,1.56028,1.0,1.5202799999999999,0.52,0.5202799999999999,1.52,1.52,0.0,0.0,0.04027999999999987,0.04027999999999987,0.00027999999999983594,0.00027999999999983594
s02-r2-disconnect-n10-1,2,2,disconnect-n10-1,6,True,239.52,240.52,1.0,1.0,1,241,1.52,1.55991,1.0,1.5199099999999999,0.52,0.5199099999999999,1.52,1.52,0.0,0.0,0.03990999999999989,0.03990999999999989,-9.000000000014552e-05,-9.000000000014552e-05
s02-r2-disconnect-n10-1,2,2,disconnect-n10-1,7,True,294.36,295.36,1.0,1.0,1,295,1.52,1.55942,1.0,1.51942,0.52,0.51942,1.52,1.52,0.0,0.0,0.03942000000000001,0.03942000000000001,-0.0005800000000000249,-0.0005800000000000249
s02-r2-disconnect-n10-1,2,2,disconnect-n10-1,8,True,326.52,327.52,1.0,1.0,1,328,1.52,1.55969,1.0,1.51969,0.52,0.51969,1.52,1.52,0.0,0.0,0.03969,0.03969,-0.00031000000000003247,-0.00031000000000003247
s02-r2-disconnect-n10-1,2,2,disconnect-n10-1,9,True,337.56,338.56,1.0,1.0,1,339,1.52,1.56009,1.0,1.52009,0.52,0.5200899999999999,1.52,1.52,0.0,0.0,0.04008999999999996,0.04008999999999996,8.999999999992347e-05,8.999999999992347e-05
s02-r2-disconnect-n2-1,2,2,disconnect-n2-1,0,True,34.0,35.0,1.0,1.0,1,35,1.52,1.55909,1.0,1.51909,0.52,0.51909,1.52,1.52,0.0,0.0,0.03909000000000007,0.03909000000000007,-0.0009099999999999664,-0.0009099999999999664
s02-r2-disconnect-n2-1,2,2,disconnect-n2-1,1,True,311.16,312.16,1.0,1.0,1,312,1.52,1.55979,1.0,1.51979,0.52,0.51979,1.52,1.52,0.0,0.0,0.03978999999999999,0.03978999999999999,-0.00021000000000004349,-0.00021000000000004349
s02-r2-disconnect-n20-1,2,2,disconnect-n20-1,0,True,20.04,21.04,1.0,1.0,1,21,1.52,1.55543,1.0,1.51543,0.52,0.51543,1.52,1.52,0.0,0.0,0.03543000000000007,0.03543000000000007,-0.004569999999999963,-0.004569999999999963
s02-r2-disconnect-n20-1,2,2,disconnect-n20-1,1,True,43.8,44.8,1.0,1.0,1,45,1.52,1.56013,1.0,1.52013,0.52,0.52013,1.52,1.52,0.0,0.0,0.04013,0.04013,0.00012999999999996348,0.00012999999999996348
s02-r2-disconnect-n20-1,2,2,disconnect-n20-1,2,True,53.44,54.44,1.0,1.0,1,54,1.52,1.56003,1.0,1.52003,0.52,0.52003,1.52,1.52,0.0,0.0,0.04003000000000001,0.04003000000000001,2.999999999997449e-05,2.999999999997449e-05
s02-r2-disconnect-n20-1,2,2,disconnect-n20-1,3,True,71.8,72.8,1.0,1.0,1,73,1.52,1.55869,1.0,1.5186899999999999,0.52,0.5186899999999999,1.52,1.52,0.0,0.0,0.03868999999999989,0.03868999999999989,-0.0013100000000001444,-0.0013100000000001444
s02-r2-disconnect-n20-1,2,2,disconnect-n20-1,4,True,93.0,94.0,1.0,1.0,1,94,1.52,1.56066,1.0,1.52066,0.52,0.5206599999999999,1.52,1.52,0.0,0.0,0.04065999999999992,0.04065999999999992,0.0006599999999998829,0.0006599999999998829
s02-r2-disconnect-n20-1,2,2,disconnect-n20-1,5,True,113.68,114.68,1.0,1.0,1,115,1.52,1.56006,1.0,1.52006,0.52,0.52006,1.52,1.52,0.0,0.0,0.040059999999999985,0.040059999999999985,5.999999999994898e-05,5.999999999994898e-05
s02-r2-disconnect-n20-1,2,2,disconnect-n20-1,6,True,125.0,126.0,1.0,1.0,1,126,1.52,1.56009,1.0,1.52009,0.52,0.5200899999999999,1.52,1.52,0.0,0.0,0.04008999999999996,0.04008999999999996,8.999999999992347e-05,8.999999999992347e-05
s02-r2-disconnect-n20-1,2,2,disconnect-n20-1,7,True,147.64,148.64,1.0,1.0,1,149,1.52,1.56083,1.0,1.52083,0.52,0.5208299999999999,1.52,1.52,0.0,0.0,0.04082999999999992,0.04082999999999992,0.0008299999999998864,0.0008299999999998864
s02-r2-disconnect-n20-1,2,2,disconnect-n20-1,8,True,157.96,158.96,1.0,1.0,1,159,1.52,1.56177,1.0,1.52177,0.52,0.5217700000000001,1.52,1.52,0.0,0.0,0.041770000000000085,0.041770000000000085,0.0017700000000000493,0.0017700000000000493
s02-r2-disconnect-n20-1,2,2,disconnect-n20-1,9,True,179.64,180.64,1.0,1.0,1,181,1.52,1.5601,1.0,1.5201,0.52,0.5201,1.52,1.52,0.0,0.0,0.040100000000000025,0.040100000000000025,9.999999999998899e-05,9.999999999998899e-05
s02-r2-disconnect-n20-1,2,2,disconnect-n20-1,10,True,202.08,203.08,1.0,1.0,1,203,1.52,1.56003,1.0,1.52003,0.52,0.52003,1.52,1.52,0.0,0.0,0.04003000000000001,0.04003000000000001,2.999999999997449e-05,2.999999999997449e-05
s02-r2-disconnect-n20-1,2,2,disconnect-n20-1,11,True,216.48,217.48,1.0,1.0,1,218,1.52,1.56038,1.0,1.52038,0.52,0.5203800000000001,1.52,1.52,0.0,0.0,0.04038000000000008,0.04038000000000008,0.00038000000000004697,0.00038000000000004697
s02-r2-disconnect-n20-1,2,2,disconnect-n20-1,12,True,234.8,235.8,1.0,1.0,1,236,1.52,1.56384,1.0,1.5238399999999999,0.52,0.5238399999999999,1.52,1.52,0.0,0.0,0.04383999999999988,0.04383999999999988,0.0038399999999998435,0.0038399999999998435
s02-r2-disconnect-n20-1,2,2,disconnect-n20-1,13,True,250.56,251.56,1.0,1.0,1,252,1.52,1.55983,1.0,1.51983,0.52,0.51983,1.52,1.52,0.0,0.0,0.03983000000000003,0.03983000000000003,-0.00017000000000000348,-0.00017000000000000348
s02-r2-disconnect-n20-1,2,2,disconnect-n20-1,14,True,272.72,273.72,1.0,1.0,1,274,1.52,1.55866,1.0,1.51866,0.52,0.5186599999999999,1.52,1.52,0.0,0.0,0.03865999999999992,0.03865999999999992,-0.0013400000000001189,-0.0013400000000001189
s02-r2-disconnect-n20-1,2,2,disconnect-n20-1,15,True,292.6,293.6,1.0,1.0,1,294,1.52,1.55912,1.0,1.51912,0.52,0.51912,1.52,1.52,0.0,0.0,0.039120000000000044,0.039120000000000044,-0.0008799999999999919,-0.0008799999999999919
s02-r2-disconnect-n20-1,2,2,disconnect-n20-1,16,True,306.36,307.36,1.0,1.0,1,307,1.52,1.55998,1.0,1.5199799999999999,0.52,0.5199799999999999,1.52,1.52,0.0,0.0,0.039979999999999905,0.039979999999999905,-2.0000000000131024e-05,-2.0000000000131024e-05
s02-r2-disconnect-n20-1,2,2,disconnect-n20-1,17,True,328.72,329.72,1.0,1.0,1,330,1.52,1.56408,1.0,1.5240799999999999,0.52,0.5240799999999999,1.52,1.52,0.0,0.0,0.0440799999999999,0.0440799999999999,0.0040799999999998615,0.0040799999999998615
s02-r2-disconnect-n20-1,2,2,disconnect-n20-1,18,True,342.32,343.32,1.0,1.0,1,343,1.52,1.55893,1.0,1.51893,0.52,0.5189299999999999,1.52,1.52,0.0,0.0,0.03892999999999991,0.03892999999999991,-0.0010700000000001264,-0.0010700000000001264
s02-r2-disconnect-n20-1,2,2,disconnect-n20-1,19,True,365.84,366.84,1.0,1.0,1,367,1.52,1.56028,1.0,1.5202799999999999,0.52,0.5202799999999999,1.52,1.52,0.0,0.0,0.04027999999999987,0.04027999999999987,0.00027999999999983594,0.00027999999999983594
s02-r2-disconnect-n5-1,2,2,disconnect-n5-1,0,True,72.52,73.52,1.0,1.0,1,74,1.52,1.56054,1.0,1.52054,0.52,0.52054,1.52,1.52,0.0,0.0,0.04054000000000002,0.04054000000000002,0.0005399999999999849,0.0005399999999999849
s02-r2-disconnect-n5-1,2,2,disconnect-n5-1,1,True,123.24,124.24,1.0,1.0,1,124,1.52,1.56055,1.0,1.52055,0.52,0.5205500000000001,1.52,1.52,0.0,0.0,0.040550000000000086,0.040550000000000086,0.0005500000000000504,0.0005500000000000504
s02-r2-disconnect-n5-1,2,2,disconnect-n5-1,2,True,174.24,175.24,1.0,1.0,1,175,1.52,1.55973,1.0,1.51973,0.52,0.51973,1.52,1.52,0.0,0.0,0.03973000000000004,0.03973000000000004,-0.00026999999999999247,-0.00026999999999999247
s02-r2-disconnect-n5-1,2,2,disconnect-n5-1,3,True,253.84,254.84,1.0,1.0,1,255,1.52,1.56075,1.0,1.52075,0.52,0.52075,1.52,1.52,0.0,0.0,0.040750000000000064,0.040750000000000064,0.0007500000000000284,0.0007500000000000284
s02-r2-disconnect-n5-1,2,2,disconnect-n5-1,4,True,334.36,335.36,1.0,1.0,1,335,1.52,1.56342,1.0,1.52342,0.52,0.52342,1.52,1.52,0.0,0.0,0.043420000000000014,0.043420000000000014,0.0034199999999999786,0.0034199999999999786
s02-r3-disconnect-n10-1,2,3,disconnect-n10-1,0,True,40.44,41.44,1.0,1.0,1,41,1.52,1.55595,1.0,1.51595,0.52,0.5159499999999999,1.52,1.52,0.0,0.0,0.035949999999999926,0.035949999999999926,-0.004050000000000109,-0.004050000000000109
s02-r3-disconnect-n10-1,2,3,disconnect-n10-1,1,True,56.64,57.64,1.0,1.0,1,58,1.52,1.55995,1.0,1.51995,0.52,0.5199499999999999,1.52,1.52,0.0,0.0,0.03994999999999993,0.03994999999999993,-5.0000000000105516e-05,-5.0000000000105516e-05
s02-r3-disconnect-n10-1,2,3,disconnect-n10-1,2,True,107.92,108.92,1.0,1.0,1,109,1.52,1.55948,1.0,1.51948,0.52,0.5194799999999999,1.52,1.52,0.0,0.0,0.03947999999999996,0.03947999999999996,-0.000520000000000076,-0.000520000000000076
s02-r3-disconnect-n10-1,2,3,disconnect-n10-1,3,True,133.52,134.52,1.0,1.0,1,135,1.52,1.56065,1.0,1.52065,0.52,0.5206500000000001,1.52,1.52,0.0,0.0,0.040650000000000075,0.040650000000000075,0.0006500000000000394,0.0006500000000000394
s02-r3-disconnect-n10-1,2,3,disconnect-n10-1,4,True,186.92,187.92,1.0,1.0,1,188,1.52,1.55985,1.0,1.51985,0.52,0.5198499999999999,1.52,1.52,0.0,0.0,0.03984999999999994,0.03984999999999994,-0.0001500000000000945,-0.0001500000000000945
s02-r3-disconnect-n10-1,2,3,disconnect-n10-1,5,True,200.92,201.92,1.0,1.0,1,202,1.52,1.56076,1.0,1.52076,0.52,0.5207599999999999,1.52,1.52,0.0,0.0,0.04075999999999991,0.04075999999999991,0.0007599999999998719,0.0007599999999998719
s02-r3-disconnect-n10-1,2,3,disconnect-n10-1,6,True,235.44,236.44,1.0,1.0,1,236,1.52,1.56152,1.0,1.52152,0.52,0.52152,1.52,1.52,0.0,0.0,0.04152,0.04152,0.0015199999999999658,0.0015199999999999658
s02-r3-disconnect-n10-1,2,3,disconnect-n10-1,7,True,290.2,291.2,1.0,1.0,1,291,1.52,1.55985,1.0,1.51985,0.52,0.5198499999999999,1.52,1.52,0.0,0.0,0.03984999999999994,0.03984999999999994,-0.0001500000000000945,-0.0001500000000000945
s02-r3-disconnect-n10-1,2,3,disconnect-n10-1,8,True,327.36,328.36,1.0,1.0,1,328,1.52,1.56089,1.0,1.52089,0.52,0.5208900000000001,1.52,1.52,0.0,0.0,0.04089000000000009,0.04089000000000009,0.0008900000000000574,0.0008900000000000574
s02-r3-disconnect-n10-1,2,3,disconnect-n10-1,9,True,350.56,351.56,1.0,1.0,1,352,1.52,1.56081,1.0,1.52081,0.52,0.52081,1.52,1.52,0.0,0.0,0.04081000000000001,0.04081000000000001,0.0008099999999999774,0.0008099999999999774
s02-r3-disconnect-n2-1,2,3,disconnect-n2-1,0,True,139.12,140.12,1.0,1.0,1,140,1.52,1.55984,1.0,1.5198399999999999,0.52,0.5198399999999999,1.52,1.52,0.0,0.0,0.039839999999999876,0.039839999999999876,-0.00016000000000016001,-0.00016000000000016001
s02-r3-disconnect-n2-1,2,3,disconnect-n2-1,1,True,328.44,329.44,1.0,1.0,1,329,1.52,1.56055,1.0,1.52055,0.52,0.5205500000000001,1.52,1.52,0.0,0.0,0.040550000000000086,0.040550000000000086,0.0005500000000000504,0.0005500000000000504
s02-r3-disconnect-n20-1,2,3,disconnect-n20-1,0,True,22.8,23.8,1.0,1.0,1,24,1.52,1.55648,1.0,1.51648,0.52,0.51648,1.52,1.52,0.0,0.0,0.03648000000000007,0.03648000000000007,-0.0035199999999999676,-0.0035199999999999676
s02-r3-disconnect-n20-1,2,3,disconnect-n20-1,1,True,44.48,45.48,1.0,1.0,1,46,1.52,1.56036,1.0,1.52036,0.52,0.5203599999999999,1.52,1.52,0.0,0.0,0.04035999999999995,0.04035999999999995,0.00035999999999991594,0.00035999999999991594
s02-r3-disconnect-n20-1,2,3,disconnect-n20-1,2,True,58.92,59.92,1.0,1.0,1,60,1.52,1.56142,1.0,1.52142,0.52,0.52142,1.52,1.52,0.0,0.0,0.04142000000000001,0.04142000000000001,0.0014199999999999768,0.0014199999999999768
s02-r3-disconnect-n20-1,2,3,disconnect-n20-1,3,True,75.88,76.88,1.0,1.0,1,77,1.52,1.55983,1.0,1.51983,0.52,0.51983,1.52,1.52,0.0,0.0,0.03983000000000003,0.03983000000000003,-0.00017000000000000348,-0.00017000000000000348
s02-r3-disconnect-n20-1,2,3,disconnect-n20-1,4,True,87.96,88.96,1.0,1.0,1,89,1.52,1.55965,1.0,1.51965,0.52,0.51965,1.52,1.52,0.0,0.0,0.03964999999999996,0.03964999999999996,-0.0003500000000000725,-0.0003500000000000725
s02-r3-disconnect-n20-1,2,3,disconnect-n20-1,5,True,106.92,107.92,1.0,1.0,1,108,1.52,1.56082,1.0,1.52082,0.52,0.5208200000000001,1.52,1.52,0.0,0.0,0.04082000000000008,0.04082000000000008,0.0008200000000000429,0.0008200000000000429
s02-r3-disconnect-n20-1,2,3,disconnect-n20-1,6,True,122.32,123.32,1.0,1.0,1,123,1.52,1.55972,1.0,1.51972,0.52,0.51972,1.52,1.52,0.0,0.0,0.03971999999999998,0.03971999999999998,-0.000280000000000058,-0.000280000000000058
s02-r3-disconnect-n20-1,2,3,disconnect-n20-1,7,True,140.4,141.4,1.0,1.0,1,141,1.52,1.55633,1.0,1.51633,0.52,0.51633,1.52,1.52,0.0,0.0,0.03632999999999997,0.03632999999999997,-0.003670000000000062,-0.003670000000000062
s02-r3-disconnect-n20-1,2,3,disconnect-n20-1,8,True,166.6,167.6,1.0,1.0,1,168,1.52,1.56084,1.0,1.52084,0.52,0.52084,1.52,1.52,0.0,0.0,0.04083999999999999,0.04083999999999999,0.0008399999999999519,0.0008399999999999519
s02-r3-disconnect-n20-1,2,3,disconnect-n20-1,9,True,177.48,178.48,1.0,1.0,1,179,1.52,1.55971,1.0,1.51971,0.52,0.5197099999999999,1.52,1.52,0.0,0.0,0.03970999999999991,0.03970999999999991,-0.0002900000000001235,-0.0002900000000001235
s02-r3-disconnect-n20-1,2,3,disconnect-n20-1,10,True,196.76,197.76,1.0,1.0,1,198,1.52,1.5593,1.0,1.5192999999999999,0.52,0.5192999999999999,1.52,1.52,0.0,0.0,0.03929999999999989,0.03929999999999989,-0.000700000000000145,-0.000700000000000145
s02-r3-disconnect-n20-1,2,3,disconnect-n20-1,11,True,212.36,213.36,1.0,1.0,1,213,1.52,1.56038,1.0,1.52038,0.52,0.5203800000000001,1.52,1.52,0.0,0.0,0.04038000000000008,0.04038000000000008,0.00038000000000004697,0.00038000000000004697
s02-r3-disconnect-n20-1,2,3,disconnect-n20-1,12,True,235.52,236.52,1.0,1.0,1,237,1.52,1.56043,1.0,1.52043,0.52,0.52043,1.52,1.52,0.0,0.0,0.040429999999999966,0.040429999999999966,0.00042999999999993044,0.00042999999999993044
s02-r3-disconnect-n20-1,2,3,disconnect-n20-1,13,True,248.0,249.0,1.0,1.0,1,249,1.52,1.56078,1.0,1.52078,0.52,0.52078,1.52,1.52,0.0,0.0,0.04078000000000004,0.04078000000000004,0.0007800000000000029,0.0007800000000000029
s02-r3-disconnect-n20-1,2,3,disconnect-n20-1,14,True,270.36,271.36,1.0,1.0,1,271,1.52,1.55579,1.0,1.51579,0.52,0.51579,1.52,1.52,0.0,0.0,0.03578999999999999,0.03578999999999999,-0.004210000000000047,-0.004210000000000047
s02-r3-disconnect-n20-1,2,3,disconnect-n20-1,15,True,291.44,292.44,1.0,1.0,1,292,1.52,1.56024,1.0,1.52024,0.52,0.52024,1.52,1.52,0.0,0.0,0.040240000000000054,0.040240000000000054,0.00024000000000001798,0.00024000000000001798
s02-r3-disconnect-n20-1,2,3,disconnect-n20-1,16,True,312.12,313.12,1.0,1.0,1,313,1.52,1.56104,1.0,1.52104,0.52,0.52104,1.52,1.52,0.0,0.0,0.041039999999999965,0.041039999999999965,0.0010399999999999299,0.0010399999999999299
s02-r3-disconnect-n20-1,2,3,disconnect-n20-1,17,True,321.92,322.92,1.0,1.0,1,323,1.52,1.56055,1.0,1.52055,0.52,0.5205500000000001,1.52,1.52,0.0,0.0,0.040550000000000086,0.040550000000000086,0.0005500000000000504,0.0005500000000000504
s02-r3-disconnect-n20-1,2,3,disconnect-n20-1,18,True,340.0,341.0,1.0,1.0,1,341,1.52,1.55979,1.0,1.51979,0.52,0.51979,1.52,1.52,0.0,0.0,0.03978999999999999,0.03978999999999999,-0.00021000000000004349,-0.00021000000000004349
s02-r3-disconnect-n20-1,2,3,disconnect-n20-1,19,True,363.28,364.28,1.0,1.0,1,364,1.52,1.56067,1.0,1.52067,0.52,0.52067,1.52,1.52,0.0,0.0,0.040669999999999984,0.040669999999999984,0.0006699999999999484,0.0006699999999999484
s02-r3-disconnect-n5-1,2,3,disconnect-n5-1,0,True,60.08,61.08,1.0,1.0,1,61,1.52,1.55958,1.0,1.51958,0.52,0.5195799999999999,1.52,1.52,0.0,0.0,0.03957999999999995,0.03957999999999995,-0.00042000000000008697,-0.00042000000000008697
s02-r3-disconnect-n5-1,2,3,disconnect-n5-1,1,True,95.24,96.24,1.0,1.0,1,96,1.52,1.55927,1.0,1.51927,0.52,0.5192699999999999,1.52,1.52,0.0,0.0,0.039269999999999916,0.039269999999999916,-0.0007300000000001194,-0.0007300000000001194
s02-r3-disconnect-n5-1,2,3,disconnect-n5-1,2,True,177.68,178.68,1.0,1.0,1,179,1.52,1.55999,1.0,1.51999,0.52,0.51999,1.52,1.52,0.0,0.0,0.03998999999999997,0.03998999999999997,-1.0000000000065512e-05,-1.0000000000065512e-05
s02-r3-disconnect-n5-1,2,3,disconnect-n5-1,3,True,244.88,245.88,1.0,1.0,1,246,1.52,1.55902,1.0,1.51902,0.52,0.51902,1.52,1.52,0.0,0.0,0.039020000000000055,0.039020000000000055,-0.0009799999999999809,-0.0009799999999999809
s02-r3-disconnect-n5-1,2,3,disconnect-n5-1,4,True,361.8,362.8,1.0,1.0,1,363,1.52,1.56002,1.0,1.52002,0.52,0.5200199999999999,1.52,1.52,0.0,0.0,0.040019999999999945,0.040019999999999945,1.999999999990898e-05,1.999999999990898e-05
s02-r4-disconnect-n10-1,2,4,disconnect-n10-1,0,True,26.08,27.08,1.0,1.0,1,27,1.52,1.55997,1.0,1.51997,0.52,0.51997,1.52,1.52,0.0,0.0,0.03997000000000006,0.03997000000000006,-2.999999999997449e-05,-2.999999999997449e-05
s02-r4-disconnect-n10-1,2,4,disconnect-n10-1,1,True,59.08,60.08,1.0,1.0,1,60,1.52,1.55924,1.0,1.51924,0.52,0.5192399999999999,1.52,1.52,0.0,0.0,0.03923999999999994,0.03923999999999994,-0.0007600000000000939,-0.0007600000000000939
s02-r4-disconnect-n10-1,2,4,disconnect-n10-1,2,True,106.36,107.36,1.0,1.0,1,107,1.52,1.55954,1.0,1.51954,0.52,0.5195399999999999,1.52,1.52,0.0,0.0,0.03953999999999991,0.03953999999999991,-0.000460000000000127,-0.000460000000000127
s02-r4-disconnect-n10-1,2,4,disconnect-n10-1,3,True,140.76,141.76,1.0,1.0,1,142,1.52,1.55952,1.0,1.51952,0.52,0.51952,1.52,1.52,0.0,0.0,0.03952,0.03952,-0.00048000000000003595,-0.00048000000000003595
s02-r4-disconnect-n10-1,2,4,disconnect-n10-1,4,True,164.72,165.72,1.0,1.0,1,166,1.52,1.56009,1.0,1.52009,0.52,0.5200899999999999,1.52,1.52,0.0,0.0,0.04008999999999996,0.04008999999999996,8.999999999992347e-05,8.999999999992347e-05
s02-r4-disconnect-n10-1,2,4,disconnect-n10-1,5,True,222.52,223.52,1.0,1.0,1,224,1.52,1.5641,1.0,1.5241,0.52,0.5241,1.52,1.52,0.0,0.0,0.04410000000000003,0.04410000000000003,0.0040999999999999925,0.0040999999999999925
s02-r4-disconnect-n10-1,2,4,disconnect-n10-1,6,True,239.12,240.12,1.0,1.0,1,240,1.52,1.56168,1.0,1.52168,0.52,0.5216799999999999,1.52,1.52,0.0,0.0,0.04167999999999994,0.04167999999999994,0.0016799999999999038,0.0016799999999999038
s02-r4-disconnect-n10-1,2,4,disconnect-n10-1,7,True,286.64,287.64,1.0,1.0,1,288,1.52,1.56236,1.0,1.52236,0.52,0.5223599999999999,1.52,1.52,0.0,0.0,0.04235999999999995,0.04235999999999995,0.0023599999999999177,0.0023599999999999177
s02-r4-disconnect-n10-1,2,4,disconnect-n10-1,8,True,311.44,312.44,1.0,1.0,1,312,1.52,1.5609,1.0,1.5209,0.52,0.5208999999999999,1.52,1.52,0.0,0.0,0.040899999999999936,0.040899999999999936,0.0008999999999999009,0.0008999999999999009
s02-r4-disconnect-n10-1,2,4,disconnect-n10-1,9,True,354.92,355.92,1.0,1.0,1,356,1.52,1.56015,1.0,1.52015,0.52,0.5201499999999999,1.52,1.52,0.0,0.0,0.04014999999999991,0.04014999999999991,0.00014999999999987246,0.00014999999999987246
s02-r4-disconnect-n2-1,2,4,disconnect-n2-1,0,True,118.64,119.64,1.0,1.0,1,120,1.52,1.56048,1.0,1.52048,0.52,0.52048,1.52,1.52,0.0,0.0,0.04048000000000007,0.04048000000000007,0.00048000000000003595,0.00048000000000003595
s02-r4-disconnect-n2-1,2,4,disconnect-n2-1,1,True,206.4,207.4,1.0,1.0,1,207,1.52,1.56467,1.0,1.52467,0.52,0.52467,1.52,1.52,0.0,0.0,0.04466999999999999,0.04466999999999999,0.004669999999999952,0.004669999999999952
s02-r4-disconnect-n20-1,2,4,disconnect-n20-1,0,True,20.52,21.52,1.0,1.0,1,22,1.52,1.56031,1.0,1.52031,0.52,0.52031,1.52,1.52,0.0,0.0,0.04031000000000007,0.04031000000000007,0.00031000000000003247,0.00031000000000003247
s02-r4-disconnect-n20-1,2,4,disconnect-n20-1,1,True,42.08,43.08,1.0,1.0,1,43,1.52,1.55962,1.0,1.51962,0.52,0.51962,1.52,1.52,0.0,0.0,0.03961999999999999,0.03961999999999999,-0.00038000000000004697,-0.00038000000000004697
s02-r4-disconnect-n20-1,2,4,disconnect-n20-1,2,True,52.24,53.24,1.0,1.0,1,53,1.52,1.55851,1.0,1.51851,0.52,0.51851,1.52,1.52,0.0,0.0,0.038510000000000044,0.038510000000000044,-0.0014899999999999913,-0.0014899999999999913
s02-r4-disconnect-n20-1,2,4,disconnect-n20-1,3,True,69.72,70.72,1.0,1.0,1,71,1.52,1.56108,1.0,1.52108,0.52,0.52108,1.52,1.52,0.0,0.0,0.041080000000000005,0.041080000000000005,0.0010799999999999699,0.0010799999999999699
s02-r4-disconnect-n20-1,2,4,disconnect-n20-1,4,True,89.04,90.04,1.0,1.0,1,90,1.52,1.56012,1.0,1.52012,0.52,0.5201199999999999,1.52,1.52,0.0,0.0,0.040119999999999933,0.040119999999999933,0.00011999999999989797,0.00011999999999989797
s02-r4-disconnect-n20-1,2,4,disconnect-n20-1,5,True,110.56,111.56,1.0,1.0,1,112,1.52,1.56038,1.0,1.52038,0.52,0.5203800000000001,1.52,1.52,0.0,0.0,0.04038000000000008,0.04038000000000008,0.00038000000000004697,0.00038000000000004697
s02-r4-disconnect-n20-1,2,4,disconnect-n20-1,6,True,130.36,131.36,1.0,1.0,1,131,1.52,1.56054,1.0,1.52054,0.52,0.52054,1.52,1.52,0.0,0.0,0.04054000000000002,0.04054000000000002,0.0005399999999999849,0.0005399999999999849
s02-r4-disconnect-n20-1,2,4,disconnect-n20-1,7,True,143.84,144.84,1.0,1.0,1,145,1.52,1.56057,1.0,1.52057,0.52,0.52057,1.52,1.52,0.0,0.0,0.040569999999999995,0.040569999999999995,0.0005699999999999594,0.0005699999999999594
s02-r4-disconnect-n20-1,2,4,disconnect-n20-1,8,True,165.4,166.4,1.0,1.0,1,166,1.52,1.55962,1.0,1.51962,0.52,0.51962,1.52,1.52,0.0,0.0,0.03961999999999999,0.03961999999999999,-0.00038000000000004697,-0.00038000000000004697
s02-r4-disconnect-n20-1,2,4,disconnect-n20-1,9,True,185.0,186.0,1.0,1.0,1,186,1.52,1.56032,1.0,1.52032,0.52,0.5203199999999999,1.52,1.52,0.0,0.0,0.04031999999999991,0.04031999999999991,0.00031999999999987594,0.00031999999999987594
s02-r4-disconnect-n20-1,2,4,disconnect-n20-1,10,True,199.92,200.92,1.0,1.0,1,201,1.52,1.55947,1.0,1.5194699999999999,0.52,0.5194699999999999,1.52,1.52,0.0,0.0,0.039469999999999894,0.039469999999999894,-0.0005300000000001415,-0.0005300000000001415
s02-r4-disconnect-n20-1,2,4,disconnect-n20-1,11,True,215.12,216.12,1.0,1.0,1,216,1.52,1.56016,1.0,1.52016,0.52,0.52016,1.52,1.52,0.0,0.0,0.040159999999999973,0.040159999999999973,0.00015999999999993797,0.00015999999999993797
s02-r4-disconnect-n20-1,2,4,disconnect-n20-1,12,True,232.28,233.28,1.0,1.0,1,233,1.52,1.55912,1.0,1.51912,0.52,0.51912,1.52,1.52,0.0,0.0,0.039120000000000044,0.039120000000000044,-0.0008799999999999919,-0.0008799999999999919
s02-r4-disconnect-n20-1,2,4,disconnect-n20-1,13,True,247.76,248.76,1.0,1.0,1,249,1.52,1.55942,1.0,1.51942,0.52,0.51942,1.52,1.52,0.0,0.0,0.03942000000000001,0.03942000000000001,-0.0005800000000000249,-0.0005800000000000249
s02-r4-disconnect-n20-1,2,4,disconnect-n20-1,14,True,275.56,276.56,1.0,1.0,1,277,1.52,1.55905,1.0,1.51905,0.52,0.51905,1.52,1.52,0.0,0.0,0.03905000000000003,0.03905000000000003,-0.0009500000000000064,-0.0009500000000000064
s02-r4-disconnect-n20-1,2,4,disconnect-n20-1,15,True,290.64,291.64,1.0,1.0,1,292,1.52,1.5599,1.0,1.5199,0.52,0.5199,1.52,1.52,0.0,0.0,0.03990000000000005,0.03990000000000005,-9.999999999998899e-05,-9.999999999998899e-05
s02-r4-disconnect-n20-1,2,4,disconnect-n20-1,16,True,305.52,306.52,1.0,1.0,1,307,1.52,1.56037,1.0,1.52037,0.52,0.52037,1.52,1.52,0.0,0.0,0.04037000000000002,0.04037000000000002,0.00036999999999998145,0.00036999999999998145
s02-r4-disconnect-n20-1,2,4,disconnect-n20-1,17,True,322.0,323.0,1.0,1.0,1,323,1.52,1.55969,1.0,1.51969,0.52,0.51969,1.52,1.52,0.0,0.0,0.03969,0.03969,-0.00031000000000003247,-0.00031000000000003247
s02-r4-disconnect-n20-1,2,4,disconnect-n20-1,18,True,342.2,343.2,1.0,1.0,1,343,1.52,1.55985,1.0,1.51985,0.52,0.5198499999999999,1.52,1.52,0.0,0.0,0.03984999999999994,0.03984999999999994,-0.0001500000000000945,-0.0001500000000000945
s02-r4-disconnect-n20-1,2,4,disconnect-n20-1,19,True,358.68,359.68,1.0,1.0,1,360,1.52,1.56069,1.0,1.5206899999999999,0.52,0.5206899999999999,1.52,1.52,0.0,0.0,0.04068999999999989,0.04068999999999989,0.0006899999999998574,0.0006899999999998574
s02-r4-disconnect-n5-1,2,4,disconnect-n5-1,0,True,48.4,49.4,1.0,1.0,1,49,1.52,1.55906,1.0,1.5190599999999999,0.52,0.5190599999999999,1.52,1.52,0.0,0.0,0.03905999999999987,0.03905999999999987,-0.0009400000000001629,-0.0009400000000001629
s02-r4-disconnect-n5-1,2,4,disconnect-n5-1,1,True,122.72,123.72,1.0,1.0,1,124,1.52,1.56012,1.0,1.52012,0.52,0.5201199999999999,1.52,1.52,0.0,0.0,0.040119999999999933,0.040119999999999933,0.00011999999999989797,0.00011999999999989797
s02-r4-disconnect-n5-1,2,4,disconnect-n5-1,2,True,178.48,179.48,1.0,1.0,1,180,1.52,1.55902,1.0,1.51902,0.52,0.51902,1.52,1.52,0.0,0.0,0.039020000000000055,0.039020000000000055,-0.0009799999999999809,-0.0009799999999999809
s02-r4-disconnect-n5-1,2,4,disconnect-n5-1,3,True,290.52,291.52,1.0,1.0,1,292,1.52,1.55684,1.0,1.51684,0.52,0.51684,1.52,1.52,0.0,0.0,0.036839999999999984,0.036839999999999984,-0.0031600000000000517,-0.0031600000000000517
s02-r4-disconnect-n5-1,2,4,disconnect-n5-1,4,True,362.8,363.8,1.0,1.0,1,364,1.52,1.55958,1.0,1.51958,0.52,0.5195799999999999,1.52,1.52,0.0,0.0,0.03957999999999995,0.03957999999999995,-0.00042000000000008697,-0.00042000000000008697
s03-r0-disconnect-n10-1,3,0,disconnect-n10-1,0,True,29.08,30.08,1.0,1.0,1,30,1.52,1.56071,1.0,1.52071,0.52,0.52071,1.52,1.52,0.0,0.0,0.040710000000000024,0.040710000000000024,0.0007099999999999884,0.0007099999999999884
s03-r0-disconnect-n10-1,3,0,disconnect-n10-1,1,True,63.16,64.16,1.000000000000007,1.0,1,64,1.52,1.56032,1.0,1.52032,0.52,0.5203199999999999,1.52,1.52,0.0,0.0,0.04031999999999991,0.04031999999999991,0.00031999999999987594,0.00031999999999987594
s03-r0-disconnect-n10-1,3,0,disconnect-n10-1,2,True,110.08,111.08,1.0,1.0,1,111,1.52,1.55526,1.0,1.51526,0.52,0.51526,1.52,1.52,0.0,0.0,0.03526000000000007,0.03526000000000007,-0.0047399999999999665,-0.0047399999999999665
s03-r0-disconnect-n10-1,3,0,disconnect-n10-1,3,True,141.6,142.6,1.0,1.0,1,143,1.52,1.56056,1.0,1.52056,0.52,0.5205599999999999,1.52,1.52,0.0,0.0,0.04055999999999993,0.04055999999999993,0.0005599999999998939,0.0005599999999998939
s03-r0-disconnect-n10-1,3,0,disconnect-n10-1,4,True,185.84,186.84,1.0,1.0,1,187,1.52,1.55979,1.0,1.51979,0.52,0.51979,1.52,1.52,0.0,0.0,0.03978999999999999,0.03978999999999999,-0.00021000000000004349,-0.00021000000000004349
s03-r0-disconnect-n10-1,3,0,disconnect-n10-1,5,True,220.12,221.12,1.0,1.0,1,221,1.52,1.56355,1.0,1.52355,0.52,0.52355,1.52,1.52,0.0,0.0,0.04354999999999998,0.04354999999999998,0.003549999999999942,0.003549999999999942
s03-r0-disconnect-n10-1,3,0,disconnect-n10-1,6,True,234.2,235.2,1.0,1.0,1,235,1.52,1.56111,1.0,1.52111,0.52,0.52111,1.52,1.52,0.0,0.0,0.04110999999999998,0.04110999999999998,0.0011099999999999444,0.0011099999999999444
s03-r0-disconnect-n10-1,3,0,disconnect-n10-1,7,True,273.84,274.84,1.0,1.0,1,275,1.52,1.56057,1.0,1.52057,0.52,0.52057,1.52,1.52,0.0,0.0,0.040569999999999995,0.040569999999999995,0.0005699999999999594,0.0005699999999999594
s03-r0-disconnect-n10-1,3,0,disconnect-n10-1,8,True,313.24,314.24,1.0,1.0,1,314,1.52,1.56143,1.0,1.52143,0.52,0.5214300000000001,1.52,1.52,0.0,0.0,0.04143000000000008,0.04143000000000008,0.0014300000000000423,0.0014300000000000423
s03-r0-disconnect-n10-1,3,0,disconnect-n10-1,9,True,357.08,358.08,1.0,1.0,1,358,1.52,1.56098,1.0,1.52098,0.52,0.52098,1.52,1.52,0.0,0.0,0.040980000000000016,0.040980000000000016,0.0009799999999999809,0.0009799999999999809
s03-r0-disconnect-n2-1,3,0,disconnect-n2-1,0,True,177.12,178.12,1.0,1.0,1,178,1.52,1.55998,1.0,1.5199799999999999,0.52,0.5199799999999999,1.52,1.52,0.0,0.0,0.039979999999999905,0.039979999999999905,-2.0000000000131024e-05,-2.0000000000131024e-05
s03-r0-disconnect-n2-1,3,0,disconnect-n2-1,1,True,364.68,365.68,1.0,1.0,1,366,1.52,1.56096,1.0,1.5209599999999999,0.52,0.5209599999999999,1.52,1.52,0.0,0.0,0.040959999999999885,0.040959999999999885,0.0009599999999998499,0.0009599999999998499
s03-r0-disconnect-n20-1,3,0,disconnect-n20-1,0,True,21.12,22.12,1.0,1.0,1,22,1.52,1.5601,1.0,1.5201,0.52,0.5201,1.52,1.52,0.0,0.0,0.040100000000000025,0.040100000000000025,9.999999999998899e-05,9.999999999998899e-05
s03-r0-disconnect-n20-1,3,0,disconnect-n20-1,1,True,40.76,41.76,1.0,1.0,1,42,1.52,1.56033,1.0,1.52033,0.52,0.52033,1.52,1.52,0.0,0.0,0.04032999999999998,0.04032999999999998,0.00032999999999994145,0.00032999999999994145
s03-r0-disconnect-n20-1,3,0,disconnect-n20-1,2,True,60.32,61.32,1.0,1.0,1,61,1.52,1.56084,1.0,1.52084,0.52,0.52084,1.52,1.52,0.0,0.0,0.04083999999999999,0.04083999999999999,0.0008399999999999519,0.0008399999999999519
s03-r0-disconnect-n20-1,3,0,disconnect-n20-1,3,True,71.24,72.24,1.0,1.0,1,72,1.52,1.56079,1.0,1.5207899999999999,0.52,0.5207899999999999,1.52,1.52,0.0,0.0,0.04078999999999988,0.04078999999999988,0.0007899999999998464,0.0007899999999998464
s03-r0-disconnect-n20-1,3,0,disconnect-n20-1,4,True,97.12,98.12,1.0,1.0,1,98,1.52,1.55871,1.0,1.51871,0.52,0.51871,1.52,1.52,0.0,0.0,0.03871000000000002,0.03871000000000002,-0.0012900000000000134,-0.0012900000000000134
s03-r0-disconnect-n20-1,3,0,disconnect-n20-1,5,True,106.92,107.92,1.0,1.0,1,108,1.52,1.56042,1.0,1.5204199999999999,0.52,0.5204199999999999,1.52,1.52,0.0,0.0,0.0404199999999999,0.0404199999999999,0.0004199999999998649,0.0004199999999998649
s03-r0-disconnect-n20-1,3,0,disconnect-n20-1,6,True,127.84,128.84,1.0,1.0,1,129,1.52,1.56027,1.0,1.52027,0.52,0.52027,1.52,1.52,0.0,0.0,0.04027000000000003,0.04027000000000003,0.00026999999999999247,0.00026999999999999247
s03-r0-disconnect-n20-1,3,0,disconnect-n20-1,7,True,140.28,141.28,1.0,1.0,1,141,1.52,1.56122,1.0,1.52122,0.52,0.52122,1.52,1.52,0.0,0.0,0.041220000000000034,0.041220000000000034,0.0012199999999999989,0.0012199999999999989
s03-r0-disconnect-n20-1,3,0,disconnect-n20-1,8,True,167.96,168.96,1.0,1.0,1,169,1.52,1.5605,1.0,1.5205,0.52,0.5205,1.52,1.52,0.0,0.0,0.04049999999999998,0.04049999999999998,0.0004999999999999449,0.0004999999999999449
s03-r0-disconnect-n20-1,3,0,disconnect-n20-1,9,True,176.92,177.92,1.0,1.0,1,178,1.52,1.56025,1.0,1.5202499999999999,0.52,0.5202499999999999,1.52,1.52,0.0,0.0,0.0402499999999999,0.0402499999999999,0.00024999999999986144,0.00024999999999986144
s03-r0-disconnect-n20-1,3,0,disconnect-n20-1,10,True,205.04,206.04,1.0,1.0,1,206,1.52,1.5611,1.0,1.5211,0.52,0.5210999999999999,1.52,1.52,0.0,0.0,0.041099999999999914,0.041099999999999914,0.0010999999999998789,0.0010999999999998789
s03-r0-disconnect-n20-1,3,0,disconnect-n20-1,11,True,221.84,222.84,1.0,1.0,1,223,1.52,1.55967,1.0,1.5196699999999999,0.52,0.5196699999999999,1.52,1.52,0.0,0.0,0.03966999999999987,0.03966999999999987,-0.0003300000000001635,-0.0003300000000001635
s03-r0-disconnect-n20-1,3,0,disconnect-n20-1,12,True,234.44,235.44,1.0,1.0,1,235,1.52,1.55588,1.0,1.51588,0.52,0.5158799999999999,1.52,1.52,0.0,0.0,0.03587999999999991,0.03587999999999991,-0.0041200000000001236,-0.0041200000000001236
s03-r0-disconnect-n20-1,3,0,disconnect-n20-1,13,True,255.48,256.48,0.9999999999999716,1.0000000000000284,1,257,1.52,1.56029,1.0,1.52029,0.5199999999999716,0.5202899999999715,1.5200000000000284,1.52,-2.842170943040401e-14,0.0,0.040289999999971515,0.04028999999999994,0.00028999999997147974,0.00028999999999990145
s03-r0-disconnect-n20-1,3,0,disconnect-n20-1,14,True,275.76,276.76,1.0,1.0,1,277,1.52,1.56006,1.0,1.52006,0.52,0.52006,1.52,1.52,0.0,0.0,0.040059999999999985,0.040059999999999985,5.999999999994898e-05,5.999999999994898e-05
s03-r0-disconnect-n20-1,3,0,disconnect-n20-1,15,True,290.24,291.24,1.0,1.0,1,291,1.52,1.56022,1.0,1.52022,0.52,0.5202199999999999,1.52,1.52,0.0,0.0,0.04021999999999992,0.04021999999999992,0.00021999999999988695,0.00021999999999988695
s03-r0-disconnect-n20-1,3,0,disconnect-n20-1,16,True,306.2,307.2,1.0,1.0,1,307,1.52,1.55555,1.0,1.51555,0.52,0.51555,1.52,1.52,0.0,0.0,0.03554999999999997,0.03554999999999997,-0.004450000000000065,-0.004450000000000065
s03-r0-disconnect-n20-1,3,0,disconnect-n20-1,17,True,328.44,329.44,1.0,1.0,1,329,1.52,1.56125,1.0,1.52125,0.52,0.52125,1.52,1.52,0.0,0.0,0.04125000000000001,0.04125000000000001,0.0012499999999999734,0.0012499999999999734
s03-r0-disconnect-n20-1,3,0,disconnect-n20-1,18,True,344.8,345.8,1.0,1.0,1,346,1.52,1.56081,1.0,1.52081,0.52,0.52081,1.52,1.52,0.0,0.0,0.04081000000000001,0.04081000000000001,0.0008099999999999774,0.0008099999999999774
s03-r0-disconnect-n20-1,3,0,disconnect-n20-1,19,True,363.72,364.72,1.0,1.0,1,365,1.52,1.56115,1.0,1.52115,0.52,0.52115,1.52,1.52,0.0,0.0,0.04115000000000002,0.04115000000000002,0.0011499999999999844,0.0011499999999999844
s03-r0-disconnect-n5-1,3,0,disconnect-n5-1,0,True,69.64,70.64,1.0,1.0,1,71,1.52,1.56024,1.0,1.52024,0.52,0.52024,1.52,1.52,0.0,0.0,0.040240000000000054,0.040240000000000054,0.00024000000000001798,0.00024000000000001798
s03-r0-disconnect-n5-1,3,0,disconnect-n5-1,1,True,142.6,143.6,1.0,1.0,1,144,1.52,1.56016,1.0,1.52016,0.52,0.52016,1.52,1.52,0.0,0.0,0.040159999999999973,0.040159999999999973,0.00015999999999993797,0.00015999999999993797
s03-r0-disconnect-n5-1,3,0,disconnect-n5-1,2,True,195.04,196.04,1.0,1.0,1,196,1.52,1.56052,1.0,1.5205199999999999,0.52,0.5205199999999999,1.52,1.52,0.0,0.0,0.04051999999999989,0.04051999999999989,0.0005199999999998539,0.0005199999999998539
s03-r0-disconnect-n5-1,3,0,disconnect-n5-1,3,True,291.76,292.76,1.0,1.0,1,293,1.52,1.56002,1.0,1.52002,0.52,0.5200199999999999,1.52,1.52,0.0,0.0,0.040019999999999945,0.040019999999999945,1.999999999990898e-05,1.999999999990898e-05
s03-r0-disconnect-n5-1,3,0,disconnect-n5-1,4,True,352.6,353.6,1.0,1.0,1,354,1.52,1.56101,1.0,1.52101,0.52,0.52101,1.52,1.52,0.0,0.0,0.04100999999999999,0.04100999999999999,0.0010099999999999554,0.0010099999999999554
s03-r0-disconnect-n5-1.25,3,0,disconnect-n5-1.25,0,True,71.84,73.08,1.25,1.2399999999999949,1,73,2.04,2.07953,1.25,2.03953,0.8000000000000052,0.7995300000000052,1.759999999999995,1.77,0.28000000000000513,0.27,0.3195300000000052,0.3095300000000001,0.27953000000000516,0.26953000000000005
s03-r0-disconnect-n5-1.25,3,0,disconnect-n5-1.25,1,True,137.16,138.44,1.25,1.2800000000000011,1,139,2.04,2.07969,1.25,2.03969,0.7599999999999989,0.7596899999999986,1.8000000000000012,1.77,0.23999999999999888,0.27,0.27968999999999866,0.3096899999999998,0.23968999999999863,0.26968999999999976
s03-r0-disconnect-n5-1.25,3,0,disconnect-n5-1.25,2,True,162.52,163.76,1.25,1.2399999999999807,1,164,2.04,2.07969,1.25,2.03969,0.8000000000000194,0.7996900000000191,1.7599999999999807,1.77,0.28000000000001934,0.27,0.3196900000000191,0.3096899999999998,0.2796900000000191,0.26968999999999976
s03-r0-disconnect-n5-1.25,3,0,disconnect-n5-1.25,3,True,290.04,291.28,1.25,1.2399999999999523,1,292,2.04,2.07978,1.25,2.03978,0.8000000000000478,0.7997800000000477,1.7599999999999523,1.77,0.28000000000004777,0.27,0.3197800000000477,0.30977999999999994,0.27978000000004766,0.2697799999999999
s03-r0-disconnect-n5-1.25,3,0,disconnect-n5-1.25,4,True,328.4,329.68,1.25,1.2800000000000296,1,330,2.04,2.07968,1.25,2.03968,0.7599999999999705,0.7596799999999706,1.8000000000000296,1.77,0.23999999999997046,0.27,0.2796799999999706,0.3096800000000002,0.23967999999997058,0.26968000000000014
s03-r0-disconnect-n5-1.75,3,0,disconnect-n5-1.75,0,True,50.84,52.6,1.75,1.759999999999998,1,53,2.52,2.55642,1.75,2.51642,0.760000000000002,0.7564200000000021,2.279999999999998,2.27,0.240000000000002,0.25,0.2764200000000021,0.2864200000000001,0.23642000000000207,0.24642000000000008
s03-r0-disconnect-n5-1.75,3,0,disconnect-n5-1.75,1,True,131.56,133.28,1.75,1.7199999999999989,1,134,2.52,2.55758,1.75,2.51758,0.8000000000000012,0.7975800000000013,2.239999999999999,2.27,0.28000000000000114,0.25,0.3175800000000013,0.28758000000000017,0.27758000000000127,0.24758000000000013
s03-r0-disconnect-n5-1.75,3,0,disconnect-n5-1.75,2,True,197.44,199.2,1.75,1.759999999999991,1,199,2.52,2.5578,1.75,2.5178,0.7600000000000091,0.7578000000000089,2.279999999999991,2.27,0.2400000000000091,0.25,0.27780000000000893,0.28779999999999983,0.2378000000000089,0.2477999999999998
s03-r0-disconnect-n5-1.75,3,0,disconnect-n5-1.75,3,True,292.56,294.28,1.75,1.7199999999999704,1,295,2.52,2.55778,1.75,2.51778,0.8000000000000296,0.7977800000000297,2.2399999999999705,2.27,0.28000000000002956,0.25,0.3177800000000297,0.28778000000000015,0.27778000000002967,0.2477800000000001
s03-r0-disconnect-n5-1.75,3,0,disconnect-n5-1.75,4,True,347.12,348.84,1.75,1.7199999999999704,1,349,2.52,2.559,1.75,2.519,0.8000000000000296,0.7990000000000297,2.2399999999999705,2.27,0.28000000000002956,0.25,0.3190000000000297,0.28900000000000015,0.27900000000002967,0.2490000000000001
s03-r0-disconnect-n5-2.25,3,0,disconnect-n5-2.25,0,True,64.2,66.44,2.25,2.239999999999995,1,67,3.04,3.07809,2.25,3.03809,0.8000000000000052,0.7980900000000051,2.759999999999995,2.77,0.28000000000000513,0.27,0.3180900000000051,0.30809,0.27809000000000506,0.26808999999999994
s03-r0-disconnect-n5-2.25,3,0,disconnect-n5-2.25,1,True,102.88,105.12,2.25,2.240000000000009,1,105,3.04,3.07797,2.25,3.03797,0.7999999999999909,0.797969999999991,2.760000000000009,2.77,0.2799999999999909,0.27,0.317969999999991,0.3079700000000001,0.27796999999999095,0.26797000000000004
s03-r0-disconnect-n5-2.25,3,0,disconnect-n5-2.25,2,True,174.8,177.08,2.25,2.280000000000001,1,177,3.04,3.08398,2.25,3.04398,0.7599999999999989,0.7639799999999988,2.800000000000001,2.77,0.23999999999999888,0.27,0.2839799999999988,0.3139799999999999,0.24397999999999875,0.2739799999999999
s03-r0-disconnect-n5-2.25,3,0,disconnect-n5-2.25,3,True,250.92,253.16,2.25,2.240000000000009,1,253,3.04,3.08347,2.25,3.04347,0.7999999999999909,0.803469999999991,2.760000000000009,2.77,0.2799999999999909,0.27,0.32346999999999104,0.31347000000000014,0.283469999999991,0.2734700000000001
s03-r0-disconnect-n5-2.25,3,0,disconnect-n5-2.25,4,True,361.08,363.32,2.25,2.240000000000009,1,364,3.04,3.07834,2.25,3.03834,0.7999999999999909,0.7983399999999907,2.760000000000009,2.77,0.2799999999999909,0.27,0.31833999999999074,0.30833999999999984,0.2783399999999907,0.2683399999999998
s03-r1-disconnect-n10-1,3,1,disconnect-n10-1,0,True,16.44,17.44,1.0,1.0,1,17,1.52,1.55981,1.0,1.5198099999999999,0.52,0.5198099999999999,1.52,1.52,0.0,0.0,0.0398099999999999,0.0398099999999999,-0.0001900000000001345,-0.0001900000000001345
s03-r1-disconnect-n10-1,3,1,disconnect-n10-1,1,True,61.92,62.92,1.0,1.0,1,63,1.52,1.55943,1.0,1.51943,0.52,0.5194300000000001,1.52,1.52,0.0,0.0,0.039430000000000076,0.039430000000000076,-0.0005699999999999594,-0.0005699999999999594
s03-r1-disconnect-n10-1,3,1,disconnect-n10-1,2,True,105.72,106.72,1.0,1.0,1,107,1.52,1.55975,1.0,1.51975,0.52,0.5197499999999999,1.52,1.52,0.0,0.0,0.03974999999999995,0.03974999999999995,-0.0002500000000000835,-0.0002500000000000835
s03-r1-disconnect-n10-1,3,1,disconnect-n10-1,3,True,126.16,127.16,1.0,1.0,1,127,1.52,1.56045,1.0,1.5204499999999999,0.52,0.5204499999999999,1.52,1.52,0.0,0.0,0.040449999999999875,0.040449999999999875,0.0004499999999998394,0.0004499999999998394
s03-r1-disconnect-n10-1,3,1,disconnect-n10-1,4,True,175.12,176.12,1.0,1.0,1,176,1.52,1.55994,1.0,1.51994,0.52,0.5199400000000001,1.52,1.52,0.0,0.0,0.03994000000000009,0.03994000000000009,-5.999999999994898e-05,-5.999999999994898e-05
s03-r1-disconnect-n10-1,3,1,disconnect-n10-1,5,True,196.36,197.36,1.0,1.0,1,197,1.52,1.56036,1.0,1.52036,0.52,0.5203599999999999,1.52,1.52,0.0,0.0,0.04035999999999995,0.04035999999999995,0.00035999999999991594,0.00035999999999991594
s03-r1-disconnect-n10-1,3,1,disconnect-n10-1,6,True,248.72,249.72,1.0,1.0,1,250,1.52,1.55988,1.0,1.51988,0.52,0.5198799999999999,1.52,1.52,0.0,0.0,0.039879999999999916,0.039879999999999916,-0.00012000000000012001,-0.00012000000000012001
s03-r1-disconnect-n10-1,3,1,disconnect-n10-1,7,True,273.52,274.52,1.0,1.0,1,275,1.52,1.55972,1.0,1.51972,0.52,0.51972,1.52,1.52,0.0,0.0,0.03971999999999998,0.03971999999999998,-0.000280000000000058,-0.000280000000000058
s03-r1-disconnect-n10-1,3,1,disconnect-n10-1,8,True,323.88,324.88,1.0,1.0,1,325,1.52,1.56012,1.0,1.52012,0.52,0.5201199999999999,1.52,1.52,0.0,0.0,0.040119999999999933,0.040119999999999933,0.00011999999999989797,0.00011999999999989797
s03-r1-disconnect-n10-1,3,1,disconnect-n10-1,9,True,338.12,339.12,1.0,1.0,1,339,1.52,1.55982,1.0,1.51982,0.52,0.51982,1.52,1.52,0.0,0.0,0.03981999999999997,0.03981999999999997,-0.000180000000000069,-0.000180000000000069
s03-r1-disconnect-n2-1,3,1,disconnect-n2-1,0,True,164.24,165.24,1.0,1.0,1,165,1.52,1.56085,1.0,1.52085,0.52,0.52085,1.52,1.52,0.0,0.0,0.04085000000000005,0.04085000000000005,0.0008500000000000174,0.0008500000000000174
s03-r1-disconnect-n2-1,3,1,disconnect-n2-1,1,True,329.12,330.12,1.0,1.0,1,330,1.52,1.56048,1.0,1.52048,0.52,0.52048,1.52,1.52,0.0,0.0,0.04048000000000007,0.04048000000000007,0.00048000000000003595,0.00048000000000003595
s03-r1-disconnect-n20-1,3,1,disconnect-n20-1,0,True,18.44,19.44,1.0,1.0,1,19,1.52,1.56433,1.0,1.52433,0.52,0.52433,1.52,1.52,0.0,0.0,0.04432999999999998,0.04432999999999998,0.004329999999999945,0.004329999999999945
s03-r1-disconnect-n20-1,3,1,disconnect-n20-1,1,True,35.56,36.56,1.0,1.0,1,37,1.52,1.5595,1.0,1.5195,0.52,0.5195000000000001,1.52,1.52,0.0,0.0,0.03950000000000009,0.03950000000000009,-0.0004999999999999449,-0.0004999999999999449
s03-r1-disconnect-n20-1,3,1,disconnect-n20-1,2,True,52.64,53.64,1.0,1.0,1,54,1.52,1.55905,1.0,1.51905,0.52,0.51905,1.52,1.52,0.0,0.0,0.03905000000000003,0.03905000000000003,-0.0009500000000000064,-0.0009500000000000064
s03-r1-disconnect-n20-1,3,1,disconnect-n20-1,3,True,70.32,71.32,1.0,1.0,1,71,1.52,1.56048,1.0,1.52048,0.52,0.52048,1.52,1.52,0.0,0.0,0.04048000000000007,0.04048000000000007,0.00048000000000003595,0.00048000000000003595
s03-r1-disconnect-n20-1,3,1,disconnect-n20-1,4,True,87.12,88.12,1.0,1.0,1,88,1.52,1.56014,1.0,1.52014,0.52,0.52014,1.52,1.52,0.0,0.0,0.040140000000000065,0.040140000000000065,0.000140000000000029,0.000140000000000029
s03-r1-disconnect-n20-1,3,1,disconnect-n20-1,5,True,105.6,106.6,1.0,1.0,1,107,1.52,1.55937,1.0,1.5193699999999999,0.52,0.5193699999999999,1.52,1.52,0.0,0.0,0.039369999999999905,0.039369999999999905,-0.0006300000000001305,-0.0006300000000001305
s03-r1-disconnect-n20-1,3,1,disconnect-n20-1,6,True,123.12,124.12,1.0,1.0,1,124,1.52,1.56071,1.0,1.52071,0.52,0.52071,1.52,1.52,0.0,0.0,0.040710000000000024,0.040710000000000024,0.0007099999999999884,0.0007099999999999884
s03-r1-disconnect-n20-1,3,1,disconnect-n20-1,7,True,148.72,149.72,1.0,1.0,1,150,1.52,1.56008,1.0,1.5200799999999999,0.52,0.5200799999999999,1.52,1.52,0.0,0.0,0.040079999999999893,0.040079999999999893,7.999999999985796e-05,7.999999999985796e-05
s03-r1-disconnect-n20-1,3,1,disconnect-n20-1,8,True,161.08,162.08,1.0,1.0,1,162,1.52,1.56103,1.0,1.5210299999999999,0.52,0.5210299999999999,1.52,1.52,0.0,0.0,0.0410299999999999,0.0410299999999999,0.0010299999999998644,0.0010299999999998644
s03-r1-disconnect-n20-1,3,1,disconnect-n20-1,9,True,187.0,188.0,1.0,1.0,1,188,1.52,1.56122,1.0,1.52122,0.52,0.52122,1.52,1.52,0.0,0.0,0.041220000000000034,0.041220000000000034,0.0012199999999999989,0.0012199999999999989
s03-r1-disconnect-n20-1,3,1,disconnect-n20-1,10,True,196.28,197.28,1.0,1.0,1,197,1.52,1.56021,1.0,1.52021,0.52,0.5202100000000001,1.52,1.52,0.0,0.0,0.04021000000000008,0.04021000000000008,0.00021000000000004349,0.00021000000000004349
s03-r1-disconnect-n20-1,3,1,disconnect-n20-1,11,True,218.92,219.92,1.0,1.0,1,220,1.52,1.56067,1.0,1.52067,0.52,0.52067,1.52,1.52,0.0,0.0,0.040669999999999984,0.040669999999999984,0.0006699999999999484,0.0006699999999999484
s03-r1-disconnect-n20-1,3,1,disconnect-n20-1,12,True,232.2,233.2,1.0,1.0,1,233,1.52,1.55995,1.0,1.51995,0.52,0.5199499999999999,1.52,1.52,0.0,0.0,0.03994999999999993,0.03994999999999993,-5.0000000000105516e-05,-5.0000000000105516e-05
s03-r1-disconnect-n20-1,3,1,disconnect-n20-1,13,True,249.64,250.64,1.0,1.0,1,251,1.52,1.56058,1.0,1.52058,0.52,0.52058,1.52,1.52,0.0,0.0,0.04058000000000006,0.04058000000000006,0.0005800000000000249,0.0005800000000000249
s03-r1-disconnect-n20-1,3,1,disconnect-n20-1,14,True,269.8,270.8,1.0,1.0,1,271,1.52,1.56015,1.0,1.52015,0.52,0.5201499999999999,1.52,1.52,0.0,0.0,0.04014999999999991,0.04014999999999991,0.00014999999999987246,0.00014999999999987246
s03-r1-disconnect-n20-1,3,1,disconnect-n20-1,15,True,292.96,293.96,1.0,1.0,1,294,1.52,1.56031,1.0,1.52031,0.52,0.52031,1.52,1.52,0.0,0.0,0.04031000000000007,0.04031000000000007,0.00031000000000003247,0.00031000000000003247
s03-r1-disconnect-n20-1,3,1,disconnect-n20-1,16,True,310.28,311.28,1.0,1.0,1,311,1.52,1.56003,1.0,1.52003,0.52,0.52003,1.52,1.52,0.0,0.0,0.04003000000000001,0.04003000000000001,2.999999999997449e-05,2.999999999997449e-05
s03-r1-disconnect-n20-1,3,1,disconnect-n20-1,17,True,320.2,321.2,1.0,1.0,1,321,1.52,1.56022,1.0,1.52022,0.52,0.5202199999999999,1.52,1.52,0.0,0.0,0.04021999999999992,0.04021999999999992,0.00021999999999988695,0.00021999999999988695
s03-r1-disconnect-n20-1,3,1,disconnect-n20-1,18,True,338.52,339.52,1.0,1.0,1,340,1.52,1.55997,1.0,1.51997,0.52,0.51997,1.52,1.52,0.0,0.0,0.03997000000000006,0.03997000000000006,-2.999999999997449e-05,-2.999999999997449e-05
s03-r1-disconnect-n20-1,3,1,disconnect-n20-1,19,True,356.84,357.84,1.0,1.0,1,358,1.52,1.56049,1.0,1.52049,0.52,0.5204899999999999,1.52,1.52,0.0,0.0,0.040489999999999915,0.040489999999999915,0.0004899999999998794,0.0004899999999998794
s03-r1-disconnect-n5-1,3,1,disconnect-n5-1,0,True,34.4,35.4,1.0,1.0,1,35,1.52,1.56002,1.0,1.52002,0.52,0.5200199999999999,1.52,1.52,0.0,0.0,0.040019999999999945,0.040019999999999945,1.999999999990898e-05,1.999999999990898e-05
s03-r1-disconnect-n5-1,3,1,disconnect-n5-1,1,True,145.64,146.64,1.0,1.0,1,147,1.52,1.5597,1.0,1.5197,0.52,0.5197,1.52,1.52,0.0,0.0,0.03970000000000007,0.03970000000000007,-0.00029999999999996696,-0.00029999999999996696
s03-r1-disconnect-n5-1,3,1,disconnect-n5-1,2,True,219.76,220.76,1.0,1.0,1,221,1.52,1.55872,1.0,1.51872,0.52,0.5187200000000001,1.52,1.52,0.0,0.0,0.03872000000000009,0.03872000000000009,-0.0012799999999999478,-0.0012799999999999478
s03-r1-disconnect-n5-1,3,1,disconnect-n5-1,3,True,292.76,293.76,1.0,1.0,1,294,1.52,1.56014,1.0,1.52014,0.52,0.52014,1.52,1.52,0.0,0.0,0.040140000000000065,0.040140000000000065,0.000140000000000029,0.000140000000000029
s03-r1-disconnect-n5-1,3,1,disconnect-n5-1,4,True,307.64,308.64,1.0,1.0,1,309,1.52,1.55918,1.0,1.51918,0.52,0.51918,1.52,1.52,0.0,0.0,0.03917999999999999,0.03917999999999999,-0.0008200000000000429,-0.0008200000000000429
s03-r2-disconnect-n10-1,3,2,disconnect-n10-1,0,True,35.96,36.96,1.0,1.0,1,37,1.52,1.55921,1.0,1.51921,0.52,0.51921,1.52,1.52,0.0,0.0,0.03920999999999997,0.03920999999999997,-0.0007900000000000684,-0.0007900000000000684
s03-r2-disconnect-n10-1,3,2,disconnect-n10-1,1,True,73.76,74.76,1.0,1.0,1,75,1.52,1.55991,1.0,1.5199099999999999,0.52,0.5199099999999999,1.52,1.52,0.0,0.0,0.03990999999999989,0.03990999999999989,-9.000000000014552e-05,-9.000000000014552e-05
s03-r2-disconnect-n10-1,3,2,disconnect-n10-1,2,True,113.6,114.6,1.0,1.0,1,115,1.52,1.55967,1.0,1.5196699999999999,0.52,0.5196699999999999,1.52,1.52,0.0,0.0,0.03966999999999987,0.03966999999999987,-0.0003300000000001635,-0.0003300000000001635
s03-r2-disconnect-n10-1,3,2,disconnect-n10-1,3,True,136.64,137.64,1.0,1.0,1,138,1.52,1.56023,1.0,1.52023,0.52,0.52023,1.52,1.52,0.0,0.0,0.04022999999999999,0.04022999999999999,0.00022999999999995246,0.00022999999999995246
s03-r2-disconnect-n10-1,3,2,disconnect-n10-1,4,True,181.68,182.68,1.0,1.0,1,183,1.52,1.5604,1.0,1.5204,0.52,0.5204,1.52,1.52,0.0,0.0,0.04039999999999999,0.04039999999999999,0.00039999999999995595,0.00039999999999995595
s03-r2-disconnect-n10-1,3,2,disconnect-n10-1,5,True,206.04,207.04,1.0,1.0,1,207,1.56,1.60014,1.0,1.5601399999999999,0.56,0.5601399999999999,1.52,1.52,0.040000000000000036,0.040000000000000036,0.08013999999999988,0.08013999999999988,0.04013999999999984,0.04013999999999984
s03-r2-disconnect-n10-1,3,2,disconnect-n10-1,6,True,232.96,233.96,1.0,1.0,1,234,1.52,1.55951,1.0,1.51951,0.52,0.5195099999999999,1.52,1.52,0.0,0.0,0.039509999999999934,0.039509999999999934,-0.0004900000000001015,-0.0004900000000001015
s03-r2-disconnect-n10-1,3,2,disconnect-n10-1,7,True,294.4,295.4,1.0,1.0,1,295,1.52,1.56098,1.0,1.52098,0.52,0.52098,1.52,1.52,0.0,0.0,0.040980000000000016,0.040980000000000016,0.0009799999999999809,0.0009799999999999809
s03-r2-disconnect-n10-1,3,2,disconnect-n10-1,8,True,322.16,323.16,1.0,1.0,1,323,1.52,1.55978,1.0,1.51978,0.52,0.5197799999999999,1.52,1.52,0.0,0.0,0.039779999999999927,0.039779999999999927,-0.000220000000000109,-0.000220000000000109
s03-r2-disconnect-n10-1,3,2,disconnect-n10-1,9,True,355.36,356.36,1.0,1.0,1,356,1.52,1.56043,1.0,1.52043,0.52,0.52043,1.52,1.52,0.0,0.0,0.040429999999999966,0.040429999999999966,0.00042999999999993044,0.00042999999999993044
s03-r2-disconnect-n2-1,3,2,disconnect-n2-1,0,True,59.08,60.08,1.0,1.0,1,60,1.52,1.56004,1.0,1.52004,0.52,0.5200400000000001,1.52,1.52,0.0,0.0,0.040040000000000076,0.040040000000000076,4.0000000000040004e-05,4.0000000000040004e-05
s03-r2-disconnect-n2-1,3,2,disconnect-n2-1,1,True,204.8,205.8,1.0,1.0,1,206,1.52,1.55901,1.0,1.51901,0.52,0.51901,1.52,1.52,0.0,0.0,0.03900999999999999,0.03900999999999999,-0.0009900000000000464,-0.0009900000000000464
s03-r2-disconnect-n20-1,3,2,disconnect-n20-1,0,True,23.64,24.64,1.0,1.0,1,25,1.52,1.55582,1.0,1.51582,0.52,0.51582,1.52,1.52,0.0,0.0,0.03581999999999996,0.03581999999999996,-0.0041800000000000725,-0.0041800000000000725
s03-r2-disconnect-n20-1,3,2,disconnect-n20-1,1,True,32.96,33.96,1.0,1.0,1,34,1.52,1.55943,1.0,1.51943,0.52,0.5194300000000001,1.52,1.52,0.0,0.0,0.039430000000000076,0.039430000000000076,-0.0005699999999999594,-0.0005699999999999594
s03-r2-disconnect-n20-1,3,2,disconnect-n20-1,2,True,61.0,62.0,1.0,1.0,1,62,1.52,1.55955,1.0,1.51955,0.52,0.51955,1.52,1.52,0.0,0.0,0.039549999999999974,0.039549999999999974,-0.00045000000000006146,-0.00045000000000006146
s03-r2-disconnect-n20-1,3,2,disconnect-n20-1,3,True,71.04,72.04,1.0,1.0,1,72,1.52,1.55966,1.0,1.51966,0.52,0.51966,1.52,1.52,0.0,0.0,0.03966000000000003,0.03966000000000003,-0.00034000000000000696,-0.00034000000000000696
s03-r2-disconnect-n20-1,3,2,disconnect-n20-1,4,True,95.08,96.08,1.0,1.0,1,96,1.52,1.56016,1.0,1.52016,0.52,0.52016,1.52,1.52,0.0,0.0,0.040159999999999973,0.040159999999999973,0.00015999999999993797,0.00015999999999993797
s03-r2-disconnect-n20-1,3,2,disconnect-n20-1,5,True,111.16,112.16,1.0,1.0,1,112,1.52,1.55997,1.0,1.51997,0.52,0.51997,1.52,1.52,0.0,0.0,0.03997000000000006,0.03997000000000006,-2.999999999997449e-05,-2.999999999997449e-05
s03-r2-disconnect-n20-1,3,2,disconnect-n20-1,6,True,123.4,124.4,1.0,1.0,1,124,1.52,1.56008,1.0,1.5200799999999999,0.52,0.5200799999999999,1.52,1.52,0.0,0.0,0.040079999999999893,0.040079999999999893,7.999999999985796e-05,7.999999999985796e-05
s03-r2-disconnect-n20-1,3,2,disconnect-n20-1,7,True,150.32,151.32,1.0,1.0,1,151,1.52,1.55976,1.0,1.51976,0.52,0.51976,1.52,1.52,0.0,0.0,0.03976000000000002,0.03976000000000002,-0.00024000000000001798,-0.00024000000000001798
s03-r2-disconnect-n20-1,3,2,disconnect-n20-1,8,True,167.8,168.8,1.0,1.0,1,169,1.52,1.56031,1.0,1.52031,0.52,0.52031,1.52,1.52,0.0,0.0,0.04031000000000007,0.04031000000000007,0.00031000000000003247,0.00031000000000003247
s03-r2-disconnect-n20-1,3,2,disconnect-n20-1,9,True,185.68,186.68,1.0,1.0,1,187,1.52,1.55939,1.0,1.51939,0.52,0.51939,1.52,1.52,0.0,0.0,0.039390000000000036,0.039390000000000036,-0.0006099999999999994,-0.0006099999999999994
s03-r2-disconnect-n20-1,3,2,disconnect-n20-1,10,True,195.6,196.6,1.0,1.0,1,197,1.52,1.56011,1.0,1.52011,0.52,0.5201100000000001,1.52,1.52,0.0,0.0,0.04011000000000009,0.04011000000000009,0.0001100000000000545,0.0001100000000000545
s03-r2-disconnect-n20-1,3,2,disconnect-n20-1,11,True,217.56,218.56,1.0,1.0,1,219,1.52,1.55955,1.0,1.51955,0.52,0.51955,1.52,1.52,0.0,0.0,0.039549999999999974,0.039549999999999974,-0.00045000000000006146,-0.00045000000000006146
s03-r2-disconnect-n20-1,3,2,disconnect-n20-1,12,True,238.04,239.04,1.0,1.0,1,239,1.52,1.56004,1.0,1.52004,0.52,0.5200400000000001,1.52,1.52,0.0,0.0,0.040040000000000076,0.040040000000000076,4.0000000000040004e-05,4.0000000000040004e-05
s03-r2-disconnect-n20-1,3,2,disconnect-n20-1,13,True,250.0,251.0,1.0,1.0,1,251,1.52,1.55982,1.0,1.51982,0.52,0.51982,1.52,1.52,0.0,0.0,0.03981999999999997,0.03981999999999997,-0.000180000000000069,-0.000180000000000069
s03-r2-disconnect-n20-1,3,2,disconnect-n20-1,14,True,272.12,273.12,1.0,1.0,1,273,1.52,1.5597,1.0,1.5197,0.52,0.5197,1.52,1.52,0.0,0.0,0.03970000000000007,0.03970000000000007,-0.00029999999999996696,-0.00029999999999996696
s03-r2-disconnect-n20-1,3,2,disconnect-n20-1,15,True,283.68,284.68,1.0,1.0,1,285,1.52,1.56013,1.0,1.52013,0.52,0.52013,1.52,1.52,0.0,0.0,0.04013,0.04013,0.00012999999999996348,0.00012999999999996348
s03-r2-disconnect-n20-1,3,2,disconnect-n20-1,16,True,312.0,313.0,1.0,1.0,1,313,1.52,1.55584,1.0,1.5158399999999999,0.52,0.5158399999999999,1.52,1.52,0.0,0.0,0.03583999999999987,0.03583999999999987,-0.004160000000000164,-0.004160000000000164
s03-r2-disconnect-n20-1,3,2,disconnect-n20-1,17,True,324.76,325.76,1.0,1.0,1,326,1.52,1.55901,1.0,1.51901,0.52,0.51901,1.52,1.52,0.0,0.0,0.03900999999999999,0.03900999999999999,-0.0009900000000000464,-0.0009900000000000464
s03-r2-disconnect-n20-1,3,2,disconnect-n20-1,18,True,345.64,346.64,1.0,1.0,1,347,1.52,1.56023,1.0,1.52023,0.52,0.52023,1.52,1.52,0.0,0.0,0.04022999999999999,0.04022999999999999,0.00022999999999995246,0.00022999999999995246
s03-r2-disconnect-n20-1,3,2,disconnect-n20-1,19,True,365.08,366.08,1.0,1.0,1,366,1.52,1.5598,1.0,1.5198,0.52,0.5198,1.52,1.52,0.0,0.0,0.03980000000000006,0.03980000000000006,-0.00019999999999997797,-0.00019999999999997797
s03-r2-disconnect-n5-1,3,2,disconnect-n5-1,0,True,33.32,34.32,1.0,1.0,1,34,1.52,1.55975,1.0,1.51975,0.52,0.5197499999999999,1.52,1.52,0.0,0.0,0.03974999999999995,0.03974999999999995,-0.0002500000000000835,-0.0002500000000000835
s03-r2-disconnect-n5-1,3,2,disconnect-n5-1,1,True,139.28,140.28,1.0,1.0,1,140,1.52,1.55982,1.0,1.51982,0.52,0.51982,1.52,1.52,0.0,0.0,0.03981999999999997,0.03981999999999997,-0.000180000000000069,-0.000180000000000069
s03-r2-disconnect-n5-1,3,2,disconnect-n5-1,2,True,161.44,162.44,1.0,1.0,1,162,1.52,1.56035,1.0,1.5203499999999999,0.52,0.5203499999999999,1.52,1.52,0.0,0.0,0.040349999999999886,0.040349999999999886,0.00034999999999985043,0.00034999999999985043
s03-r2-disconnect-n5-1,3,2,disconnect-n5-1,3,True,257.4,258.4,1.0,1.0,1,258,1.52,1.55534,1.0,1.51534,0.52,0.5153399999999999,1.52,1.52,0.0,0.0,0.03533999999999993,0.03533999999999993,-0.0046600000000001085,-0.0046600000000001085
s03-r2-disconnect-n5-1,3,2,disconnect-n5-1,4,True,358.04,359.04,1.0,1.0,1,359,1.52,1.56106,1.0,1.5210599999999999,0.52,0.5210599999999999,1.52,1.52,0.0,0.0,0.041059999999999874,0.041059999999999874,0.0010599999999998388,0.0010599999999998388
s03-r3-disconnect-n10-1,3,3,disconnect-n10-1,0,True,18.96,19.96,1.0,1.0,1,20,1.52,1.56165,1.0,1.52165,0.52,0.52165,1.52,1.52,0.0,0.0,0.041649999999999965,0.041649999999999965,0.0016499999999999293,0.0016499999999999293
s03-r3-disconnect-n10-1,3,3,disconnect-n10-1,1,True,66.92,67.92,1.0,1.0,1,68,1.52,1.56068,1.0,1.52068,0.52,0.52068,1.52,1.52,0.0,0.0,0.04068000000000005,0.04068000000000005,0.0006800000000000139,0.0006800000000000139
s03-r3-disconnect-n10-1,3,3,disconnect-n10-1,2,True,97.64,98.64,1.0,1.0,1,99,1.52,1.55955,1.0,1.51955,0.52,0.51955,1.52,1.52,0.0,0.0,0.039549999999999974,0.039549999999999974,-0.00045000000000006146,-0.00045000000000006146
s03-r3-disconnect-n10-1,3,3,disconnect-n10-1,3,True,138.84,139.84,1.0,1.0,1,140,1.52,1.56095,1.0,1.52095,0.52,0.52095,1.52,1.52,0.0,0.0,0.04095000000000004,0.04095000000000004,0.0009500000000000064,0.0009500000000000064
s03-r3-disconnect-n10-1,3,3,disconnect-n10-1,4,True,172.24,173.24,1.0,1.0,1,173,1.52,1.56033,1.0,1.52033,0.52,0.52033,1.52,1.52,0.0,0.0,0.04032999999999998,0.04032999999999998,0.00032999999999994145,0.00032999999999994145
s03-r3-disconnect-n10-1,3,3,disconnect-n10-1,5,True,215.28,216.28,1.0,1.0,1,216,1.52,1.55975,1.0,1.51975,0.52,0.5197499999999999,1.52,1.52,0.0,0.0,0.03974999999999995,0.03974999999999995,-0.0002500000000000835,-0.0002500000000000835
s03-r3-disconnect-n10-1,3,3,disconnect-n10-1,6,True,249.44,250.44,1.0,1.0,1,250,1.52,1.56108,1.0,1.52108,0.52,0.52108,1.52,1.52,0.0,0.0,0.041080000000000005,0.041080000000000005,0.0010799999999999699,0.0010799999999999699
s03-r3-disconnect-n10-1,3,3,disconnect-n10-1,7,True,282.72,283.72,1.0,1.0,1,284,1.52,1.56025,1.0,1.5202499999999999,0.52,0.5202499999999999,1.52,1.52,0.0,0.0,0.0402499999999999,0.0402499999999999,0.00024999999999986144,0.00024999999999986144
s03-r3-disconnect-n10-1,3,3,disconnect-n10-1,8,True,314.92,315.92,1.0,1.0,1,316,1.52,1.56066,1.0,1.52066,0.52,0.5206599999999999,1.52,1.52,0.0,0.0,0.04065999999999992,0.04065999999999992,0.0006599999999998829,0.0006599999999998829
s03-r3-disconnect-n10-1,3,3,disconnect-n10-1,9,True,354.72,355.72,1.0,1.0,1,356,1.52,1.56088,1.0,1.52088,0.52,0.52088,1.52,1.52,0.0,0.0,0.04088000000000003,0.04088000000000003,0.0008799999999999919,0.0008799999999999919
s03-r3-disconnect-n2-1,3,3,disconnect-n2-1,0,True,168.64,169.64,1.0,1.0,1,170,1.52,1.55536,1.0,1.51536,0.52,0.51536,1.52,1.52,0.0,0.0,0.03536000000000006,0.03536000000000006,-0.0046399999999999775,-0.0046399999999999775
s03-r3-disconnect-n2-1,3,3,disconnect-n2-1,1,True,331.48,332.48,1.0,1.0,1,333,1.52,1.56472,1.0,1.52472,0.52,0.5247200000000001,1.52,1.52,0.0,0.0,0.04472000000000009,0.04472000000000009,0.0047200000000000575,0.0047200000000000575
s03-r3-disconnect-n20-1,3,3,disconnect-n20-1,0,True,15.4,16.4,1.0,0.9999999999999982,1,16,1.52,1.56132,1.0,1.52132,0.5200000000000018,0.5213200000000018,1.52,1.52,0.0,0.0,0.04132000000000002,0.04132000000000002,0.0013199999999999878,0.0013199999999999878
s03-r3-disconnect-n20-1,3,3,disconnect-n20-1,1,True,33.4,34.4,1.0,1.0,1,34,1.52,1.56037,1.0,1.52037,0.52,0.52037,1.52,1.52,0.0,0.0,0.04037000000000002,0.04037000000000002,0.00036999999999998145,0.00036999999999998145
s03-r3-disconnect-n20-1,3,3,disconnect-n20-1,2,True,51.04,52.04,1.0,1.0,1,52,1.52,1.56036,1.0,1.52036,0.52,0.5203599999999999,1.52,1.52,0.0,0.0,0.04035999999999995,0.04035999999999995,0.00035999999999991594,0.00035999999999991594
s03-r3-disconnect-n20-1,3,3,disconnect-n20-1,3,True,72.84,73.84,1.0,1.0,1,74,1.52,1.56025,1.0,1.5202499999999999,0.52,0.5202499999999999,1.52,1.52,0.0,0.0,0.0402499999999999,0.0402499999999999,0.00024999999999986144,0.00024999999999986144
s03-r3-disconnect-n20-1,3,3,disconnect-n20-1,4,True,87.12,88.12,1.0,1.0,1,88,1.52,1.55892,1.0,1.51892,0.52,0.51892,1.52,1.52,0.0,0.0,0.038920000000000066,0.038920000000000066,-0.0010799999999999699,-0.0010799999999999699
s03-r3-disconnect-n20-1,3,3,disconnect-n20-1,5,True,115.44,116.44,1.0,1.0,1,116,1.52,1.5603,1.0,1.5203,0.52,0.5203,1.52,1.52,0.0,0.0,0.0403,0.0403,0.00029999999999996696,0.00029999999999996696
s03-r3-disconnect-n20-1,3,3,disconnect-n20-1,6,True,126.6,127.6,1.0,1.0,1,128,1.52,1.55907,1.0,1.51907,0.52,0.5190699999999999,1.52,1.52,0.0,0.0,0.03906999999999994,0.03906999999999994,-0.0009300000000000974,-0.0009300000000000974
s03-r3-disconnect-n20-1,3,3,disconnect-n20-1,7,True,148.72,149.72,1.0,1.0,1,150,1.52,1.56057,1.0,1.52057,0.52,0.52057,1.52,1.52,0.0,0.0,0.040569999999999995,0.040569999999999995,0.0005699999999999594,0.0005699999999999594
s03-r3-disconnect-n20-1,3,3,disconnect-n20-1,8,True,167.8,168.8,1.0,1.0,1,169,1.52,1.55635,1.0,1.5163499999999999,0.52,0.5163499999999999,1.52,1.52,0.0,0.0,0.03634999999999988,0.03634999999999988,-0.003650000000000153,-0.003650000000000153
s03-r3-disconnect-n20-1,3,3,disconnect-n20-1,9,True,180.0,181.0,1.0,1.0,1,181,1.52,1.55952,1.0,1.51952,0.52,0.51952,1.52,1.52,0.0,0.0,0.03952,0.03952,-0.00048000000000003595,-0.00048000000000003595
s03-r3-disconnect-n20-1,3,3,disconnect-n20-1,10,True,200.84,201.84,1.0,1.0,1,202,1.52,1.561,1.0,1.521,0.52,0.5209999999999999,1.52,1.52,0.0,0.0,0.040999999999999925,0.040999999999999925,0.0009999999999998899,0.0009999999999998899
s03-r3-disconnect-n20-1,3,3,disconnect-n20-1,11,True,221.68,222.68,1.0,1.0,1,223,1.52,1.56021,1.0,1.52021,0.52,0.5202100000000001,1.52,1.52,0.0,0.0,0.04021000000000008,0.04021000000000008,0.00021000000000004349,0.00021000000000004349
s03-r3-disconnect-n20-1,3,3,disconnect-n20-1,12,True,234.4,235.4,1.0,1.0,1,235,1.52,1.56042,1.0,1.5204199999999999,0.52,0.5204199999999999,1.52,1.52,0.0,0.0,0.0404199999999999,0.0404199999999999,0.0004199999999998649,0.0004199999999998649
s03-r3-disconnect-n20-1,3,3,disconnect-n20-1,13,True,254.92,255.92,1.0,1.0,1,256,1.52,1.55994,1.0,1.51994,0.52,0.5199400000000001,1.52,1.52,0.0,0.0,0.03994000000000009,0.03994000000000009,-5.999999999994898e-05,-5.999999999994898e-05
s03-r3-disconnect-n20-1,3,3,disconnect-n20-1,14,True,275.88,276.88,1.0,1.0,1,277,1.52,1.56057,1.0,1.52057,0.52,0.52057,1.52,1.52,0.0,0.0,0.040569999999999995,0.040569999999999995,0.0005699999999999594,0.0005699999999999594
s03-r3-disconnect-n20-1,3,3,disconnect-n20-1,15,True,293.8,294.8,1.0,1.0,1,295,1.52,1.56073,1.0,1.52073,0.52,0.5207299999999999,1.52,1.52,0.0,0.0,0.04072999999999993,0.04072999999999993,0.0007299999999998974,0.0007299999999998974
s03-r3-disconnect-n20-1,3,3,disconnect-n20-1,16,True,301.52,302.52,1.0,1.0,1,303,1.52,1.55969,1.0,1.51969,0.52,0.51969,1.52,1.52,0.0,0.0,0.03969,0.03969,-0.00031000000000003247,-0.00031000000000003247
s03-r3-disconnect-n20-1,3,3,disconnect-n20-1,17,True,325.2,326.2,1.0,1.0,1,326,1.52,1.55999,1.0,1.51999,0.52,0.51999,1.52,1.52,0.0,0.0,0.03998999999999997,0.03998999999999997,-1.0000000000065512e-05,-1.0000000000065512e-05
s03-r3-disconnect-n20-1,3,3,disconnect-n20-1,18,True,345.16,346.16,1.0,1.0,1,346,1.52,1.55963,1.0,1.51963,0.52,0.51963,1.52,1.52,0.0,0.0,0.039630000000000054,0.039630000000000054,-0.00036999999999998145,-0.00036999999999998145
s03-r3-disconnect-n20-1,3,3,disconnect-n20-1,19,True,354.44,355.44,1.0,1.0,1,355,1.52,1.56069,1.0,1.5206899999999999,0.52,0.5206899999999999,1.52,1.52,0.0,0.0,0.04068999999999989,0.04068999999999989,0.0006899999999998574,0.0006899999999998574
s03-r3-disconnect-n5-1,3,3,disconnect-n5-1,0,True,78.92,79.92,1.0,1.0,1,80,1.52,1.56026,1.0,1.52026,0.52,0.52026,1.52,1.52,0.0,0.0,0.04025999999999996,0.04025999999999996,0.00025999999999992696,0.00025999999999992696
s03-r3-disconnect-n5-1,3,3,disconnect-n5-1,1,True,113.8,114.8,1.0,1.0,1,115,1.52,1.55948,1.0,1.51948,0.52,0.5194799999999999,1.52,1.52,0.0,0.0,0.03947999999999996,0.03947999999999996,-0.000520000000000076,-0.000520000000000076
s03-r3-disconnect-n5-1,3,3,disconnect-n5-1,2,True,218.8,219.8,1.0,1.0,1,220,1.52,1.56052,1.0,1.5205199999999999,0.52,0.5205199999999999,1.52,1.52,0.0,0.0,0.04051999999999989,0.04051999999999989,0.0005199999999998539,0.0005199999999998539
s03-r3-disconnect-n5-1,3,3,disconnect-n5-1,3,True,271.6,272.6,1.0,1.0,1,273,1.52,1.55562,1.0,1.51562,0.52,0.51562,1.52,1.52,0.0,0.0,0.035619999999999985,0.035619999999999985,-0.0043800000000000505,-0.0043800000000000505
s03-r3-disconnect-n5-1,3,3,disconnect-n5-1,4,True,340.84,341.84,1.0,1.0,1,342,1.52,1.56075,1.0,1.52075,0.52,0.52075,1.52,1.52,0.0,0.0,0.040750000000000064,0.040750000000000064,0.0007500000000000284,0.0007500000000000284
s03-r4-disconnect-n10-1,3,4,disconnect-n10-1,0,True,38.64,39.64,1.0,1.0,1,40,1.52,1.56091,1.0,1.52091,0.52,0.52091,1.52,1.52,0.0,0.0,0.04091,0.04091,0.0009099999999999664,0.0009099999999999664
s03-r4-disconnect-n10-1,3,4,disconnect-n10-1,1,True,77.16,78.16,1.0,1.0,1,78,1.52,1.56111,1.0,1.52111,0.52,0.52111,1.52,1.52,0.0,0.0,0.04110999999999998,0.04110999999999998,0.0011099999999999444,0.0011099999999999444
s03-r4-disconnect-n10-1,3,4,disconnect-n10-1,2,True,100.08,101.08,1.0,1.0,1,101,1.52,1.5593,1.0,1.5192999999999999,0.52,0.5192999999999999,1.52,1.52,0.0,0.0,0.03929999999999989,0.03929999999999989,-0.000700000000000145,-0.000700000000000145
s03-r4-disconnect-n10-1,3,4,disconnect-n10-1,3,True,132.28,133.28,1.0,1.0,1,133,1.52,1.55595,1.0,1.51595,0.52,0.5159499999999999,1.52,1.52,0.0,0.0,0.035949999999999926,0.035949999999999926,-0.004050000000000109,-0.004050000000000109
s03-r4-disconnect-n10-1,3,4,disconnect-n10-1,4,True,161.44,162.44,1.0,1.0,1,162,1.52,1.55985,1.0,1.51985,0.52,0.5198499999999999,1.52,1.52,0.0,0.0,0.03984999999999994,0.03984999999999994,-0.0001500000000000945,-0.0001500000000000945
s03-r4-disconnect-n10-1,3,4,disconnect-n10-1,5,True,203.16,204.16,1.0,1.0,1,204,1.52,1.55942,1.0,1.51942,0.52,0.51942,1.52,1.52,0.0,0.0,0.03942000000000001,0.03942000000000001,-0.0005800000000000249,-0.0005800000000000249
s03-r4-disconnect-n10-1,3,4,disconnect-n10-1,6,True,253.24,254.24,1.0,1.0,1,254,1.52,1.55976,1.0,1.51976,0.52,0.51976,1.52,1.52,0.0,0.0,0.03976000000000002,0.03976000000000002,-0.00024000000000001798,-0.00024000000000001798
s03-r4-disconnect-n10-1,3,4,disconnect-n10-1,7,True,292.52,293.52,1.0,1.0,1,294,1.52,1.56057,1.0,1.52057,0.52,0.52057,1.52,1.52,0.0,0.0,0.040569999999999995,0.040569999999999995,0.0005699999999999594,0.0005699999999999594
s03-r4-disconnect-n10-1,3,4,disconnect-n10-1,8,True,309.32,310.32,1.0,1.0,1,310,1.52,1.55975,1.0,1.51975,0.52,0.5197499999999999,1.52,1.52,0.0,0.0,0.03974999999999995,0.03974999999999995,-0.0002500000000000835,-0.0002500000000000835
s03-r4-disconnect-n10-1,3,4,disconnect-n10-1,9,True,339.96,340.96,1.0,1.0,1,341,1.52,1.55999,1.0,1.51999,0.52,0.51999,1.52,1.52,0.0,0.0,0.03998999999999997,0.03998999999999997,-1.0000000000065512e-05,-1.0000000000065512e-05
s03-r4-disconnect-n2-1,3,4,disconnect-n2-1,0,True,152.52,153.52,1.0,1.0,1,154,1.52,1.56044,1.0,1.52044,0.52,0.52044,1.52,1.52,0.0,0.0,0.04044000000000003,0.04044000000000003,0.00043999999999999595,0.00043999999999999595
s03-r4-disconnect-n2-1,3,4,disconnect-n2-1,1,True,208.56,209.56,1.0,1.0,1,210,1.52,1.56043,1.0,1.52043,0.52,0.52043,1.52,1.52,0.0,0.0,0.040429999999999966,0.040429999999999966,0.00042999999999993044,0.00042999999999993044
s03-r4-disconnect-n20-1,3,4,disconnect-n20-1,0,True,26.2,27.2,1.0,1.0,1,27,1.52,1.56051,1.0,1.52051,0.52,0.52051,1.52,1.52,0.0,0.0,0.040510000000000046,0.040510000000000046,0.0005100000000000104,0.0005100000000000104
s03-r4-disconnect-n20-1,3,4,disconnect-n20-1,1,True,33.4,34.4,1.0,1.0,1,34,1.52,1.56026,1.0,1.52026,0.52,0.52026,1.52,1.52,0.0,0.0,0.04025999999999996,0.04025999999999996,0.00025999999999992696,0.00025999999999992696
s03-r4-disconnect-n20-1,3,4,disconnect-n20-1,2,True,53.44,54.44,1.0,1.0,1,54,1.52,1.55973,1.0,1.51973,0.52,0.51973,1.52,1.52,0.0,0.0,0.03973000000000004,0.03973000000000004,-0.00026999999999999247,-0.00026999999999999247
s03-r4-disconnect-n20-1,3,4,disconnect-n20-1,3,True,75.04,76.04,1.0,1.0,1,76,1.52,1.56047,1.0,1.52047,0.52,0.52047,1.52,1.52,0.0,0.0,0.040470000000000006,0.040470000000000006,0.00046999999999997044,0.00046999999999997044
s03-r4-disconnect-n20-1,3,4,disconnect-n20-1,4,True,88.12,89.12,1.0,1.0,1,89,1.52,1.56007,1.0,1.52007,0.52,0.52007,1.52,1.52,0.0,0.0,0.04007000000000005,0.04007000000000005,7.00000000000145e-05,7.00000000000145e-05
s03-r4-disconnect-n20-1,3,4,disconnect-n20-1,5,True,114.64,115.64,1.0,1.0,1,116,1.52,1.56058,1.0,1.52058,0.52,0.52058,1.52,1.52,0.0,0.0,0.04058000000000006,0.04058000000000006,0.0005800000000000249,0.0005800000000000249
s03-r4-disconnect-n20-1,3,4,disconnect-n20-1,6,True,133.68,134.68,1.0,1.0,1,135,1.52,1.56055,1.0,1.52055,0.52,0.5205500000000001,1.52,1.52,0.0,0.0,0.040550000000000086,0.040550000000000086,0.0005500000000000504,0.0005500000000000504
s03-r4-disconnect-n20-1,3,4,disconnect-n20-1,7,True,150.96,151.96,1.0,1.0,1,152,1.52,1.5608,1.0,1.5208,0.52,0.5207999999999999,1.52,1.52,0.0,0.0,0.04079999999999995,0.04079999999999995,0.0007999999999999119,0.0007999999999999119
s03-r4-disconnect-n20-1,3,4,disconnect-n20-1,8,True,160.92,161.92,1.0,1.0,1,162,1.52,1.56085,1.0,1.52085,0.52,0.52085,1.52,1.52,0.0,0.0,0.04085000000000005,0.04085000000000005,0.0008500000000000174,0.0008500000000000174
s03-r4-disconnect-n20-1,3,4,disconnect-n20-1,9,True,185.64,186.64,1.0,1.0,1,187,1.52,1.55916,1.0,1.51916,0.52,0.5191600000000001,1.52,1.52,0.0,0.0,0.039160000000000084,0.039160000000000084,-0.0008399999999999519,-0.0008399999999999519
s03-r4-disconnect-n20-1,3,4,disconnect-n20-1,10,True,203.24,204.24,1.0,1.0,1,204,1.52,1.56003,1.0,1.52003,0.52,0.52003,1.52,1.52,0.0,0.0,0.04003000000000001,0.04003000000000001,2.999999999997449e-05,2.999999999997449e-05
s03-r4-disconnect-n20-1,3,4,disconnect-n20-1,11,True,216.48,217.48,1.0,1.0,1,218,1.52,1.55995,1.0,1.51995,0.52,0.5199499999999999,1.52,1.52,0.0,0.0,0.03994999999999993,0.03994999999999993,-5.0000000000105516e-05,-5.0000000000105516e-05
s03-r4-disconnect-n20-1,3,4,disconnect-n20-1,12,True,236.16,237.16,1.0,1.0,1,237,1.52,1.55919,1.0,1.51919,0.52,0.51919,1.52,1.52,0.0,0.0,0.03919000000000006,0.03919000000000006,-0.0008099999999999774,-0.0008099999999999774
s03-r4-disconnect-n20-1,3,4,disconnect-n20-1,13,True,247.8,248.8,1.0,1.0,1,249,1.52,1.55946,1.0,1.51946,0.52,0.51946,1.52,1.52,0.0,0.0,0.03946000000000005,0.03946000000000005,-0.0005399999999999849,-0.0005399999999999849
s03-r4-disconnect-n20-1,3,4,disconnect-n20-1,14,True,265.04,266.04,1.0,1.0,1,266,1.52,1.56142,1.0,1.52142,0.52,0.52142,1.52,1.52,0.0,0.0,0.04142000000000001,0.04142000000000001,0.0014199999999999768,0.0014199999999999768
s03-r4-disconnect-n20-1,3,4,disconnect-n20-1,15,True,285.0,286.0,1.0,1.0,1,286,1.52,1.56042,1.0,1.5204199999999999,0.52,0.5204199999999999,1.52,1.52,0.0,0.0,0.0404199999999999,0.0404199999999999,0.0004199999999998649,0.0004199999999998649
s03-r4-disconnect-n20-1,3,4,disconnect-n20-1,16,True,304.08,305.08,1.0,1.0,1,305,1.52,1.55895,1.0,1.51895,0.52,0.51895,1.52,1.52,0.0,0.0,0.03895000000000004,0.03895000000000004,-0.0010499999999999954,-0.0010499999999999954
s03-r4-disconnect-n20-1,3,4,disconnect-n20-1,17,True,325.84,326.84,1.0,1.0,1,327,1.52,1.56032,1.0,1.52032,0.52,0.5203199999999999,1.52,1.52,0.0,0.0,0.04031999999999991,0.04031999999999991,0.00031999999999987594,0.00031999999999987594
s03-r4-disconnect-n20-1,3,4,disconnect-n20-1,18,True,342.28,343.28,1.0,1.0,1,343,1.52,1.56053,1.0,1.52053,0.52,0.5205299999999999,1.52,1.52,0.0,0.0,0.040529999999999955,0.040529999999999955,0.0005299999999999194,0.0005299999999999194
s03-r4-disconnect-n20-1,3,4,disconnect-n20-1,19,True,355.28,356.28,1.0,1.0,1,356,1.52,1.55971,1.0,1.51971,0.52,0.5197099999999999,1.52,1.52,0.0,0.0,0.03970999999999991,0.03970999999999991,-0.0002900000000001235,-0.0002900000000001235
s03-r4-disconnect-n5-1,3,4,disconnect-n5-1,0,True,77.84,78.84,1.0,1.0,1,79,1.52,1.56031,1.0,1.52031,0.52,0.52031,1.52,1.52,0.0,0.0,0.04031000000000007,0.04031000000000007,0.00031000000000003247,0.00031000000000003247
s03-r4-disconnect-n5-1,3,4,disconnect-n5-1,1,True,100.32,101.32,1.0,1.0,1,101,1.52,1.56022,1.0,1.52022,0.52,0.5202199999999999,1.52,1.52,0.0,0.0,0.04021999999999992,0.04021999999999992,0.00021999999999988695,0.00021999999999988695
s03-r4-disconnect-n5-1,3,4,disconnect-n5-1,2,True,205.04,206.04,1.0,1.0,1,206,1.52,1.56009,1.0,1.52009,0.52,0.5200899999999999,1.52,1.52,0.0,0.0,0.04008999999999996,0.04008999999999996,8.999999999992347e-05,8.999999999992347e-05
s03-r4-disconnect-n5-1,3,4,disconnect-n5-1,3,True,248.12,249.12,1.0,1.0,1,249,1.52,1.55969,1.0,1.51969,0.52,0.51969,1.52,1.52,0.0,0.0,0.03969,0.03969,-0.00031000000000003247,-0.00031000000000003247
s03-r4-disconnect-n5-1,3,4,disconnect-n5-1,4,True,300.92,301.92,1.0,1.0,1,302,1.52,1.56003,1.0,1.52003,0.52,0.52003,1.52,1.52,0.0,0.0,0.04003000000000001,0.04003000000000001,2.999999999997449e-05,2.999999999997449e-05
s04-r0-disconnect-n10-1,4,0,disconnect-n10-1,0,True,43.8,44.8,1.0,1.0,1,45,1.52,1.55901,1.0,1.51901,0.52,0.51901,1.52,1.52,0.0,0.0,0.03900999999999999,0.03900999999999999,-0.0009900000000000464,-0.0009900000000000464
s04-r0-disconnect-n10-1,4,0,disconnect-n10-1,1,True,60.24,61.24,1.0,1.0,1,61,1.52,1.55598,1.0,1.5159799999999999,0.52,0.5159799999999999,1.52,1.52,0.0,0.0,0.0359799999999999,0.0359799999999999,-0.004020000000000135,-0.004020000000000135
s04-r0-disconnect-n10-1,4,0,disconnect-n10-1,2,True,93.92,94.92,1.0,1.0,1,95,1.52,1.56096,1.0,1.5209599999999999,0.52,0.5209599999999999,1.52,1.52,0.0,0.0,0.040959999999999885,0.040959999999999885,0.0009599999999998499,0.0009599999999998499
s04-r0-disconnect-n10-1,4,0,disconnect-n10-1,3,True,128.44,129.44,1.0,1.0,1,129,1.52,1.56,1.0,1.52,0.52,0.52,1.52,1.52,0.0,0.0,0.040000000000000036,0.040000000000000036,0.0,0.0
s04-r0-disconnect-n10-1,4,0,disconnect-n10-1,4,True,166.76,167.76,1.0,1.0,1,168,1.52,1.5564,1.0,1.5164,0.52,0.5164,1.52,1.52,0.0,0.0,0.03639999999999999,0.03639999999999999,-0.0036000000000000476,-0.0036000000000000476
s04-r0-disconnect-n10-1,4,0,disconnect-n10-1,5,True,210.56,211.56,1.0,1.0,1,212,1.52,1.55968,1.0,1.51968,0.52,0.5196799999999999,1.52,1.52,0.0,0.0,0.03967999999999994,0.03967999999999994,-0.000320000000000098,-0.000320000000000098
s04-r0-disconnect-n10-1,4,0,disconnect-n10-1,6,True,232.52,233.52,1.0,1.0,1,234,1.52,1.55982,1.0,1.51982,0.52,0.51982,1.52,1.52,0.0,0.0,0.03981999999999997,0.03981999999999997,-0.000180000000000069,-0.000180000000000069
s04-r0-disconnect-n10-1,4,0,disconnect-n10-1,7,True,267.88,268.88,1.0,1.0,1,269,1.52,1.56043,1.0,1.52043,0.52,0.52043,1.52,1.52,0.0,0.0,0.040429999999999966,0.040429999999999966,0.00042999999999993044,0.00042999999999993044
s04-r0-disconnect-n10-1,4,0,disconnect-n10-1,8,True,325.68,326.68,1.0,1.0,1,327,1.52,1.56056,1.0,1.52056,0.52,0.5205599999999999,1.52,1.52,0.0,0.0,0.04055999999999993,0.04055999999999993,0.0005599999999998939,0.0005599999999998939
s04-r0-disconnect-n10-1,4,0,disconnect-n10-1,9,True,344.32,345.32,1.0,1.0,1,345,1.52,1.56023,1.0,1.52023,0.52,0.52023,1.52,1.52,0.0,0.0,0.04022999999999999,0.04022999999999999,0.00022999999999995246,0.00022999999999995246
s04-r0-disconnect-n2-1,4,0,disconnect-n2-1,0,True,17.0,18.0,1.0,1.0,1,18,1.52,1.55949,1.0,1.51949,0.52,0.51949,1.52,1.52,0.0,0.0,0.039490000000000025,0.039490000000000025,-0.0005100000000000104,-0.0005100000000000104
s04-r0-disconnect-n2-1,4,0,disconnect-n2-1,1,True,256.0,257.0,0.9999999999999716,1.0,1,257,1.52,1.55942,1.0,1.51942,0.52,0.51942,1.52,1.52,0.0,0.0,0.03942000000000001,0.03942000000000001,-0.0005800000000000249,-0.0005800000000000249
s04-r0-disconnect-n20-1,4,0,disconnect-n20-1,0,True,19.64,20.64,1.0,1.0,1,21,1.52,1.55993,1.0,1.51993,0.52,0.51993,1.52,1.52,0.0,0.0,0.03993000000000002,0.03993000000000002,-7.00000000000145e-05,-7.00000000000145e-05
s04-r0-disconnect-n20-1,4,0,disconnect-n20-1,1,True,44.28,45.28,1.0,1.0,1,45,1.52,1.55963,1.0,1.51963,0.52,0.51963,1.52,1.52,0.0,0.0,0.039630000000000054,0.039630000000000054,-0.00036999999999998145,-0.00036999999999998145
s04-r0-disconnect-n20-1,4,0,disconnect-n20-1,2,True,60.72,61.72,1.0,1.0,1,62,1.52,1.5599,1.0,1.5199,0.52,0.5199,1.52,1.52,0.0,0.0,0.03990000000000005,0.03990000000000005,-9.999999999998899e-05,-9.999999999998899e-05
s04-r0-disconnect-n20-1,4,0,disconnect-n20-1,3,True,70.12,71.12,1.0,1.0,1,71,1.52,1.55539,1.0,1.51539,0.52,0.51539,1.52,1.52,0.0,0.0,0.03539000000000003,0.03539000000000003,-0.004610000000000003,-0.004610000000000003
s04-r0-disconnect-n20-1,4,0,disconnect-n20-1,4,True,93.0,94.0,1.0,1.0,1,94,1.52,1.56093,1.0,1.52093,0.52,0.5209299999999999,1.52,1.52,0.0,0.0,0.04092999999999991,0.04092999999999991,0.0009299999999998754,0.0009299999999998754
s04-r0-disconnect-n20-1,4,0,disconnect-n20-1,5,True,108.36,109.36,1.0,1.0,1,109,1.52,1.56027,1.0,1.52027,0.52,0.52027,1.52,1.52,0.0,0.0,0.04027000000000003,0.04027000000000003,0.00026999999999999247,0.00026999999999999247
s04-r0-disconnect-n20-1,4,0,disconnect-n20-1,6,True,128.68,129.68,1.0,1.0,1,130,1.52,1.56019,1.0,1.52019,0.52,0.5201899999999999,1.52,1.52,0.0,0.0,0.04018999999999995,0.04018999999999995,0.00018999999999991246,0.00018999999999991246
s04-r0-disconnect-n20-1,4,0,disconnect-n20-1,7,True,150.6,151.6,1.0,1.0,1,152,1.52,1.56008,1.0,1.5200799999999999,0.52,0.5200799999999999,1.52,1.52,0.0,0.0,0.040079999999999893,0.040079999999999893,7.999999999985796e-05,7.999999999985796e-05
s04-r0-disconnect-n20-1,4,0,disconnect-n20-1,8,True,161.44,162.44,1.0,1.0,1,162,1.52,1.56057,1.0,1.52057,0.52,0.52057,1.52,1.52,0.0,0.0,0.040569999999999995,0.040569999999999995,0.0005699999999999594,0.0005699999999999594
s04-r0-disconnect-n20-1,4,0,disconnect-n20-1,9,True,179.68,180.68,1.0,1.0,1,181,1.52,1.56051,1.0,1.52051,0.52,0.52051,1.52,1.52,0.0,0.0,0.040510000000000046,0.040510000000000046,0.0005100000000000104,0.0005100000000000104
s04-r0-disconnect-n20-1,4,0,disconnect-n20-1,10,True,198.56,199.56,1.0,1.0,1,200,1.52,1.55983,1.0,1.51983,0.52,0.51983,1.52,1.52,0.0,0.0,0.03983000000000003,0.03983000000000003,-0.00017000000000000348,-0.00017000000000000348
s04-r0-disconnect-n20-1,4,0,disconnect-n20-1,11,True,219.76,220.76,1.0,1.0,1,221,1.52,1.55976,1.0,1.51976,0.52,0.51976,1.52,1.52,0.0,0.0,0.03976000000000002,0.03976000000000002,-0.00024000000000001798,-0.00024000000000001798
s04-r0-disconnect-n20-1,4,0,disconnect-n20-1,12,True,235.0,236.0,1.0,1.0,1,236,1.52,1.56045,1.0,1.5204499999999999,0.52,0.5204499999999999,1.52,1.52,0.0,0.0,0.040449999999999875,0.040449999999999875,0.0004499999999998394,0.0004499999999998394
s04-r0-disconnect-n20-1,4,0,disconnect-n20-1,13,True,256.04,257.04,1.0,1.0,1,257,1.52,1.56015,1.0,1.52015,0.52,0.5201499999999999,1.52,1.52,0.0,0.0,0.04014999999999991,0.04014999999999991,0.00014999999999987246,0.00014999999999987246
s04-r0-disconnect-n20-1,4,0,disconnect-n20-1,14,True,266.08,267.08,1.0,1.0,1,267,1.52,1.56033,1.0,1.52033,0.52,0.52033,1.52,1.52,0.0,0.0,0.04032999999999998,0.04032999999999998,0.00032999999999994145,0.00032999999999994145
s04-r0-disconnect-n20-1,4,0,disconnect-n20-1,15,True,287.64,288.64,1.0,1.0,1,289,1.52,1.56056,1.0,1.52056,0.52,0.5205599999999999,1.52,1.52,0.0,0.0,0.04055999999999993,0.04055999999999993,0.0005599999999998939,0.0005599999999998939
s04-r0-disconnect-n20-1,4,0,disconnect-n20-1,16,True,305.68,306.68,1.0,1.0,1,307,1.52,1.5606,1.0,1.5206,0.52,0.5206,1.52,1.52,0.0,0.0,0.04059999999999997,0.04059999999999997,0.0005999999999999339,0.0005999999999999339
s04-r0-disconnect-n20-1,4,0,disconnect-n20-1,17,True,325.4,326.4,1.0,1.0,1,326,1.52,1.56063,1.0,1.52063,0.52,0.5206299999999999,1.52,1.52,0.0,0.0,0.040629999999999944,0.040629999999999944,0.0006299999999999084,0.0006299999999999084
s04-r0-disconnect-n20-1,4,0,disconnect-n20-1,18,True,336.56,337.56,1.0,1.0,1,338,1.52,1.5607,1.0,1.5207,0.52,0.5206999999999999,1.52,1.52,0.0,0.0,0.04069999999999996,0.04069999999999996,0.0006999999999999229,0.0006999999999999229
s04-r0-disconnect-n20-1,4,0,disconnect-n20-1,19,True,364.64,365.64,1.0,1.0,1,366,1.52,1.56036,1.0,1.52036,0.52,0.5203599999999999,1.52,1.52,0.0,0.0,0.04035999999999995,0.04035999999999995,0.00035999999999991594,0.00035999999999991594
s04-r0-disconnect-n5-1,4,0,disconnect-n5-1,0,True,52.4,53.4,1.0,1.0,1,53,1.52,1.56041,1.0,1.52041,0.52,0.52041,1.52,1.52,0.0,0.0,0.04041000000000006,0.04041000000000006,0.00041000000000002146,0.00041000000000002146
s04-r0-disconnect-n5-1,4,0,disconnect-n5-1,1,True,88.72,89.72,1.0,1.0,1,90,1.52,1.56053,1.0,1.52053,0.52,0.5205299999999999,1.52,1.52,0.0,0.0,0.040529999999999955,0.040529999999999955,0.0005299999999999194,0.0005299999999999194
s04-r0-disconnect-n5-1,4,0,disconnect-n5-1,2,True,166.76,167.76,1.0,1.0,1,168,1.52,1.55988,1.0,1.51988,0.52,0.5198799999999999,1.52,1.52,0.0,0.0,0.039879999999999916,0.039879999999999916,-0.00012000000000012001,-0.00012000000000012001
s04-r0-disconnect-n5-1,4,0,disconnect-n5-1,3,True,264.52,265.52,1.0,1.0,1,266,1.52,1.56031,1.0,1.52031,0.52,0.52031,1.52,1.52,0.0,0.0,0.04031000000000007,0.04031000000000007,0.00031000000000003247,0.00031000000000003247
s04-r0-disconnect-n5-1,4,0,disconnect-n5-1,4,True,334.08,335.08,1.0,1.0,1,335,1.52,1.55554,1.0,1.5155399999999999,0.52,0.5155399999999999,1.52,1.52,0.0,0.0,0.035539999999999905,0.035539999999999905,-0.0044600000000001305,-0.0044600000000001305
s04-r0-disconnect-n5-1.25,4,0,disconnect-n5-1.25,0,True,32.68,33.96,1.25,1.2800000000000011,1,34,2.04,2.07887,1.25,2.03887,0.7599999999999989,0.758869999999999,1.8000000000000012,1.77,0.23999999999999888,0.27,0.27886999999999906,0.3088700000000002,0.23886999999999903,0.26887000000000016
s04-r0-disconnect-n5-1.25,4,0,disconnect-n5-1.25,1,True,104.28,105.52,1.25,1.2399999999999949,1,106,2.04,2.07895,1.25,2.03895,0.8000000000000052,0.7989500000000049,1.759999999999995,1.77,0.28000000000000513,0.27,0.31895000000000495,0.30894999999999984,0.2789500000000049,0.2689499999999998
s04-r0-disconnect-n5-1.25,4,0,disconnect-n5-1.25,2,True,184.4,185.64,1.25,1.2399999999999807,1,186,2.04,2.07887,1.25,2.03887,0.8000000000000194,0.7988700000000195,1.7599999999999807,1.77,0.28000000000001934,0.27,0.3188700000000195,0.3088700000000002,0.2788700000000195,0.26887000000000016
s04-r0-disconnect-n5-1.25,4,0,disconnect-n5-1.25,3,True,292.04,293.28,1.25,1.2399999999999523,1,294,2.04,2.07835,1.25,2.03835,0.8000000000000478,0.7983500000000476,1.7599999999999523,1.77,0.28000000000004777,0.27,0.31835000000004765,0.3083499999999999,0.2783500000000476,0.26834999999999987
s04-r0-disconnect-n5-1.25,4,0,disconnect-n5-1.25,4,True,343.36,344.6,1.25,1.240000000000009,1,345,2.04,2.07994,1.25,2.03994,0.7999999999999909,0.799939999999991,1.7600000000000091,1.77,0.2799999999999909,0.27,0.319939999999991,0.3099400000000001,0.279939999999991,0.26994000000000007
s04-r0-disconnect-n5-1.75,4,0,disconnect-n5-1.75,0,True,74.56,76.32,1.75,1.759999999999991,1,77,2.52,2.55873,1.75,2.51873,0.7600000000000091,0.7587300000000092,2.279999999999991,2.27,0.2400000000000091,0.25,0.27873000000000925,0.28873000000000015,0.2387300000000092,0.24873000000000012
s04-r0-disconnect-n5-1.75,4,0,disconnect-n5-1.75,1,True,133.6,135.36,1.75,1.7600000000000193,1,136,2.52,2.55791,1.75,2.51791,0.7599999999999807,0.7579099999999808,2.2800000000000193,2.27,0.23999999999998067,0.25,0.2779099999999808,0.2879100000000001,0.23790999999998075,0.24791000000000007
s04-r0-disconnect-n5-1.75,4,0,disconnect-n5-1.75,2,True,215.0,216.76,1.75,1.759999999999991,1,217,2.52,2.55926,1.75,2.51926,0.7600000000000091,0.7592600000000091,2.279999999999991,2.27,0.2400000000000091,0.25,0.27926000000000917,0.2892600000000001,0.23926000000000913,0.24926000000000004
s04-r0-disconnect-n5-1.75,4,0,disconnect-n5-1.75,3,True,267.88,269.64,1.75,1.759999999999991,1,270,2.52,2.56415,1.75,2.52415,0.7600000000000091,0.7641500000000092,2.279999999999991,2.27,0.2400000000000091,0.25,0.28415000000000923,0.29415000000000013,0.2441500000000092,0.2541500000000001
s04-r0-disconnect-n5-1.75,4,0,disconnect-n5-1.75,4,True,335.52,337.24,1.75,1.7200000000000273,1,338,2.52,2.55959,1.75,2.51959,0.7999999999999727,0.7995899999999727,2.2400000000000273,2.27,0.2799999999999727,0.25,0.31958999999997273,0.28959,0.2795899999999727,0.24958999999999998
s04-r0-disconnect-n5-2.25,4,0,disconnect-n5-2.25,0,True,34.28,36.52,2.25,2.240000000000002,1,37,3.04,3.08105,2.25,3.04105,0.799999999999998,0.8010499999999978,2.760000000000002,2.77,0.27999999999999803,0.27,0.32104999999999784,0.3110499999999998,0.2810499999999978,0.2710499999999998
s04-r0-disconnect-n5-2.25,4,0,disconnect-n5-2.25,1,True,121.12,123.36,2.25,2.239999999999995,1,124,3.04,3.07865,2.25,3.03865,0.8000000000000052,0.7986500000000052,2.759999999999995,2.77,0.28000000000000513,0.27,0.3186500000000052,0.3086500000000001,0.27865000000000517,0.26865000000000006
s04-r0-disconnect-n5-2.25,4,0,disconnect-n5-2.25,2,True,199.68,201.92,2.25,2.2399999999999807,1,202,3.04,3.07911,2.25,3.03911,0.8000000000000194,0.7991100000000193,2.7599999999999807,2.77,0.28000000000001934,0.27,0.3191100000000193,0.30911,0.2791100000000193,0.26910999999999996
s04-r0-disconnect-n5-2.25,4,0,disconnect-n5-2.25,3,True,268.04,270.28,2.25,2.2399999999999523,1,271,3.04,3.08437,2.25,3.04437,0.8000000000000478,0.8043700000000475,2.7599999999999523,2.77,0.28000000000004777,0.27,0.32437000000004756,0.3143699999999998,0.28437000000004753,0.2743699999999998
s04-r0-disconnect-n5-2.25,4,0,disconnect-n5-2.25,4,True,313.4,315.64,2.25,2.240000000000009,1,316,3.04,3.07896,2.25,3.03896,0.7999999999999909,0.7989599999999908,2.760000000000009,2.77,0.2799999999999909,0.27,0.3189599999999908,0.3089599999999999,0.27895999999999077,0.26895999999999987
s04-r1-disconnect-n10-1,4,1,disconnect-n10-1,0,True,24.96,25.96,1.0,1.0,1,26,1.52,1.55946,1.0,1.51946,0.52,0.51946,1.52,1.52,0.0,0.0,0.03946000000000005,0.03946000000000005,-0.0005399999999999849,-0.0005399999999999849
s04-r1-disconnect-n10-1,4,1,disconnect-n10-1,1,True,64.48,65.48,1.0,1.0,1,66,1.52,1.55995,1.0,1.51995,0.52,0.5199499999999999,1.52,1.52,0.0,0.0,0.03994999999999993,0.03994999999999993,-5.0000000000105516e-05,-5.0000000000105516e-05
s04-r1-disconnect-n10-1,4,1,disconnect-n10-1,2,True,86.68,87.68,1.0,1.0,1,88,1.52,1.56043,1.0,1.52043,0.52,0.52043,1.52,1.52,0.0,0.0,0.040429999999999966,0.040429999999999966,0.00042999999999993044,0.00042999999999993044
s04-r1-disconnect-n10-1,4,1,disconnect-n10-1,3,True,148.2,149.2,1.0,1.0,1,149,1.52,1.55997,1.0,1.51997,0.52,0.51997,1.52,1.52,0.0,0.0,0.03997000000000006,0.03997000000000006,-2.999999999997449e-05,-2.999999999997449e-05
s04-r1-disconnect-n10-1,4,1,disconnect-n10-1,4,True,179.64,180.64,1.0,1.0,1,181,1.52,1.56109,1.0,1.52109,0.52,0.52109,1.52,1.52,0.0,0.0,0.04109000000000007,0.04109000000000007,0.0010900000000000354,0.0010900000000000354
s04-r1-disconnect-n10-1,4,1,disconnect-n10-1,5,True,202.28,203.28,1.0,1.0,1,203,1.52,1.56028,1.0,1.5202799999999999,0.52,0.5202799999999999,1.52,1.52,0.0,0.0,0.04027999999999987,0.04027999999999987,0.00027999999999983594,0.00027999999999983594
s04-r1-disconnect-n10-1,4,1,disconnect-n10-1,6,True,230.84,231.84,1.0,1.0,1,232,1.52,1.56481,1.0,1.52481,0.52,0.52481,1.52,1.52,0.0,0.0,0.044810000000000016,0.044810000000000016,0.004809999999999981,0.004809999999999981
s04-r1-disconnect-n10-1,4,1,disconnect-n10-1,7,True,277.08,278.08,1.0,1.0,1,278,1.52,1.56,1.0,1.52,0.52,0.52,1.52,1.52,0.0,0.0,0.040000000000000036,0.040000000000000036,0.0,0.0
s04-r1-disconnect-n10-1,4,1,disconnect-n10-1,8,True,301.8,302.8,1.0,1.0,1,303,1.52,1.56073,1.0,1.52073,0.52,0.5207299999999999,1.52,1.52,0.0,0.0,0.04072999999999993,0.04072999999999993,0.0007299999999998974,0.0007299999999998974
s04-r1-disconnect-n10-1,4,1,disconnect-n10-1,9,True,339.28,340.28,1.0,1.0,1,340,1.52,1.5606,1.0,1.5206,0.52,0.5206,1.52,1.52,0.0,0.0,0.04059999999999997,0.04059999999999997,0.0005999999999999339,0.0005999999999999339
s04-r1-disconnect-n2-1,4,1,disconnect-n2-1,0,True,140.04,141.04,1.0,1.0,1,141,1.52,1.55948,1.0,1.51948,0.52,0.5194799999999999,1.52,1.52,0.0,0.0,0.03947999999999996,0.03947999999999996,-0.000520000000000076,-0.000520000000000076
s04-r1-disconnect-n2-1,4,1,disconnect-n2-1,1,True,255.44,256.44,0.9999999999999716,1.0,1,256,1.52,1.56021,1.0,1.52021,0.52,0.5202100000000001,1.52,1.52,0.0,0.0,0.04021000000000008,0.04021000000000008,0.00021000000000004349,0.00021000000000004349
s04-r1-disconnect-n20-1,4,1,disconnect-n20-1,0,True,20.04,21.04,1.0,1.0,1,21,1.52,1.55966,1.0,1.51966,0.52,0.51966,1.52,1.52,0.0,0.0,0.03966000000000003,0.03966000000000003,-0.00034000000000000696,-0.00034000000000000696
s04-r1-disconnect-n20-1,4,1,disconnect-n20-1,1,True,37.8,38.8,1.0,1.0,1,39,1.52,1.56001,1.0,1.5200099999999999,0.52,0.5200099999999999,1.52,1.52,0.0,0.0,0.04000999999999988,0.04000999999999988,9.999999999843467e-06,9.999999999843467e-06
s04-r1-disconnect-n20-1,4,1,disconnect-n20-1,2,True,61.92,62.92,1.0,1.0,1,63,1.52,1.56017,1.0,1.52017,0.52,0.52017,1.52,1.52,0.0,0.0,0.04017000000000004,0.04017000000000004,0.00017000000000000348,0.00017000000000000348
s04-r1-disconnect-n20-1,4,1,disconnect-n20-1,3,True,77.36,78.36,1.0,1.0,1,78,1.52,1.5604,1.0,1.5204,0.52,0.5204,1.52,1.52,0.0,0.0,0.04039999999999999,0.04039999999999999,0.00039999999999995595,0.00039999999999995595
s04-r1-disconnect-n20-1,4,1,disconnect-n20-1,4,True,89.0,90.0,1.0,1.0,1,90,1.52,1.56071,1.0,1.52071,0.52,0.52071,1.52,1.52,0.0,0.0,0.040710000000000024,0.040710000000000024,0.0007099999999999884,0.0007099999999999884
s04-r1-disconnect-n20-1,4,1,disconnect-n20-1,5,True,106.48,107.48,1.0,1.0,1,108,1.52,1.5604,1.0,1.5204,0.52,0.5204,1.52,1.52,0.0,0.0,0.04039999999999999,0.04039999999999999,0.00039999999999995595,0.00039999999999995595
s04-r1-disconnect-n20-1,4,1,disconnect-n20-1,6,True,124.96,125.96,1.0,1.0,1,126,1.52,1.55605,1.0,1.51605,0.52,0.5160499999999999,1.52,1.52,0.0,0.0,0.036049999999999915,0.036049999999999915,-0.00395000000000012,-0.00395000000000012
s04-r1-disconnect-n20-1,4,1,disconnect-n20-1,7,True,147.68,148.68,1.0,1.0,1,149,1.52,1.56045,1.0,1.5204499999999999,0.52,0.5204499999999999,1.52,1.52,0.0,0.0,0.040449999999999875,0.040449999999999875,0.0004499999999998394,0.0004499999999998394
s04-r1-disconnect-n20-1,4,1,disconnect-n20-1,8,True,165.68,166.68,1.0,1.0,1,167,1.52,1.56058,1.0,1.52058,0.52,0.52058,1.52,1.52,0.0,0.0,0.04058000000000006,0.04058000000000006,0.0005800000000000249,0.0005800000000000249
s04-r1-disconnect-n20-1,4,1,disconnect-n20-1,9,True,186.0,187.0,1.0,1.0,1,187,1.52,1.56037,1.0,1.52037,0.52,0.52037,1.52,1.52,0.0,0.0,0.04037000000000002,0.04037000000000002,0.00036999999999998145,0.00036999999999998145
s04-r1-disconnect-n20-1,4,1,disconnect-n20-1,10,True,196.88,197.88,1.0,1.0,1,198,1.52,1.56032,1.0,1.52032,0.52,0.5203199999999999,1.52,1.52,0.0,0.0,0.04031999999999991,0.04031999999999991,0.00031999999999987594,0.00031999999999987594
s04-r1-disconnect-n20-1,4,1,disconnect-n20-1,11,True,216.96,217.96,1.0,1.0,1,218,1.52,1.56087,1.0,1.52087,0.52,0.5208699999999999,1.52,1.52,0.0,0.0,0.04086999999999996,0.04086999999999996,0.0008699999999999264,0.0008699999999999264
s04-r1-disconnect-n20-1,4,1,disconnect-n20-1,12,True,232.88,233.88,1.0,1.0,1,234,1.52,1.5602,1.0,1.5202,0.52,0.5202,1.52,1.52,0.0,0.0,0.040200000000000014,0.040200000000000014,0.00019999999999997797,0.00019999999999997797
s04-r1-disconnect-n20-1,4,1,disconnect-n20-1,13,True,255.2,256.2,0.9999999999999716,1.0,1,256,1.52,1.56034,1.0,1.52034,0.52,0.52034,1.52,1.52,0.0,0.0,0.04034000000000004,0.04034000000000004,0.00034000000000000696,0.00034000000000000696
s04-r1-disconnect-n20-1,4,1,disconnect-n20-1,14,True,267.24,268.24,1.0,1.0,1,268,1.52,1.5596,1.0,1.5196,0.52,0.5196000000000001,1.52,1.52,0.0,0.0,0.03960000000000008,0.03960000000000008,-0.00039999999999995595,-0.00039999999999995595
s04-r1-disconnect-n20-1,4,1,disconnect-n20-1,15,True,283.36,284.36,1.0,1.0,1,284,1.52,1.56052,1.0,1.5205199999999999,0.52,0.5205199999999999,1.52,1.52,0.0,0.0,0.04051999999999989,0.04051999999999989,0.0005199999999998539,0.0005199999999998539
s04-r1-disconnect-n20-1,4,1,disconnect-n20-1,16,True,307.0,308.0,1.0,1.0,1,308,1.52,1.56037,1.0,1.52037,0.52,0.52037,1.52,1.52,0.0,0.0,0.04037000000000002,0.04037000000000002,0.00036999999999998145,0.00036999999999998145
s04-r1-disconnect-n20-1,4,1,disconnect-n20-1,17,True,327.28,328.28,1.0,1.0,1,328,1.52,1.56074,1.0,1.52074,0.52,0.52074,1.52,1.52,0.0,0.0,0.04074,0.04074,0.0007399999999999629,0.0007399999999999629
s04-r1-disconnect-n20-1,4,1,disconnect-n20-1,18,True,341.84,342.84,1.0,1.0,1,343,1.52,1.55653,1.0,1.51653,0.52,0.5165299999999999,1.52,1.52,0.0,0.0,0.03652999999999995,0.03652999999999995,-0.003470000000000084,-0.003470000000000084
s04-r1-disconnect-n20-1,4,1,disconnect-n20-1,19,True,360.68,361.68,1.0,1.0,1,362,1.52,1.56088,1.0,1.52088,0.52,0.52088,1.52,1.52,0.0,0.0,0.04088000000000003,0.04088000000000003,0.0008799999999999919,0.0008799999999999919
s04-r1-disconnect-n5-1,4,1,disconnect-n5-1,0,True,16.32,17.32,1.0,1.0,1,17,1.52,1.55951,1.0,1.51951,0.52,0.5195099999999999,1.52,1.52,0.0,0.0,0.039509999999999934,0.039509999999999934,-0.0004900000000001015,-0.0004900000000001015
s04-r1-disconnect-n5-1,4,1,disconnect-n5-1,1,True,130.64,131.64,1.0,1.0,1,132,1.52,1.56058,1.0,1.52058,0.52,0.52058,1.52,1.52,0.0,0.0,0.04058000000000006,0.04058000000000006,0.0005800000000000249,0.0005800000000000249
s04-r1-disconnect-n5-1,4,1,disconnect-n5-1,2,True,170.84,171.84,1.0,1.0,1,172,1.52,1.56054,1.0,1.52054,0.52,0.52054,1.52,1.52,0.0,0.0,0.04054000000000002,0.04054000000000002,0.0005399999999999849,0.0005399999999999849
s04-r1-disconnect-n5-1,4,1,disconnect-n5-1,3,True,238.12,239.12,1.0,1.0,1,239,1.52,1.56003,1.0,1.52003,0.52,0.52003,1.52,1.52,0.0,0.0,0.04003000000000001,0.04003000000000001,2.999999999997449e-05,2.999999999997449e-05
s04-r1-disconnect-n5-1,4,1,disconnect-n5-1,4,True,360.04,361.04,1.0,1.0,1,361,1.52,1.56059,1.0,1.5205899999999999,0.52,0.5205899999999999,1.52,1.52,0.0,0.0,0.040589999999999904,0.040589999999999904,0.0005899999999998684,0.0005899999999998684
s04-r2-disconnect-n10-1,4,2,disconnect-n10-1,0,True,33.12,34.12,1.0,1.0,1,34,1.52,1.55989,1.0,1.51989,0.52,0.51989,1.52,1.52,0.0,0.0,0.03988999999999998,0.03988999999999998,-0.0001100000000000545,-0.0001100000000000545
s04-r2-disconnect-n10-1,4,2,disconnect-n10-1,1,True,58.68,59.68,1.0,1.0,1,60,1.52,1.55966,1.0,1.51966,0.52,0.51966,1.52,1.52,0.0,0.0,0.03966000000000003,0.03966000000000003,-0.00034000000000000696,-0.00034000000000000696
s04-r2-disconnect-n10-1,4,2,disconnect-n10-1,2,True,110.76,111.76,1.0,1.0,1,112,1.52,1.56,1.0,1.52,0.52,0.52,1.52,1.52,0.0,0.0,0.040000000000000036,0.040000000000000036,0.0,0.0
s04-r2-disconnect-n10-1,4,2,disconnect-n10-1,3,True,122.12,123.12,1.0,1.0,1,123,1.52,1.5639,1.0,1.5239,0.52,0.5239,1.52,1.52,0.0,0.0,0.04390000000000005,0.04390000000000005,0.0039000000000000146,0.0039000000000000146
s04-r2-disconnect-n10-1,4,2,disconnect-n10-1,4,True,161.68,162.68,1.0,1.0,1,163,1.52,1.56029,1.0,1.52029,0.52,0.5202899999999999,1.52,1.52,0.0,0.0,0.04028999999999994,0.04028999999999994,0.00028999999999990145,0.00028999999999990145
s04-r2-disconnect-n10-1,4,2,disconnect-n10-1,5,True,214.96,215.96,1.0,1.0,1,216,1.52,1.55862,1.0,1.5186199999999999,0.52,0.5186199999999999,1.52,1.52,0.0,0.0,0.03861999999999988,0.03861999999999988,-0.0013800000000001589,-0.0013800000000001589
s04-r2-disconnect-n10-1,4,2,disconnect-n10-1,6,True,229.96,230.96,1.0,1.0,1,231,1.52,1.56487,1.0,1.52487,0.52,0.52487,1.52,1.52,0.0,0.0,0.044869999999999965,0.044869999999999965,0.00486999999999993,0.00486999999999993
s04-r2-disconnect-n10-1,4,2,disconnect-n10-1,7,True,268.0,269.0,1.0,1.0,1,269,1.52,1.55918,1.0,1.51918,0.52,0.51918,1.52,1.52,0.0,0.0,0.03917999999999999,0.03917999999999999,-0.0008200000000000429,-0.0008200000000000429
s04-r2-disconnect-n10-1,4,2,disconnect-n10-1,8,True,304.08,305.08,1.0,1.0,1,305,1.52,1.56017,1.0,1.52017,0.52,0.52017,1.52,1.52,0.0,0.0,0.04017000000000004,0.04017000000000004,0.00017000000000000348,0.00017000000000000348
s04-r2-disconnect-n10-1,4,2,disconnect-n10-1,9,True,365.88,366.88,1.0,1.0,1,367,1.52,1.55995,1.0,1.51995,0.52,0.5199499999999999,1.52,1.52,0.0,0.0,0.03994999999999993,0.03994999999999993,-5.0000000000105516e-05,-5.0000000000105516e-05
s04-r2-disconnect-n2-1,4,2,disconnect-n2-1,0,True,152.96,153.96,1.0,1.0,1,154,1.52,1.55961,1.0,1.51961,0.52,0.5196099999999999,1.52,1.52,0.0,0.0,0.03960999999999992,0.03960999999999992,-0.0003900000000001125,-0.0003900000000001125
s04-r2-disconnect-n2-1,4,2,disconnect-n2-1,1,True,257.12,258.12,1.0,1.0,1,258,1.52,1.55944,1.0,1.51944,0.52,0.5194399999999999,1.52,1.52,0.0,0.0,0.03943999999999992,0.03943999999999992,-0.000560000000000116,-0.000560000000000116
s04-r2-disconnect-n20-1,4,2,disconnect-n20-1,0,True,15.36,16.36,1.0,1.0,1,16,1.52,1.55968,1.0,1.51968,0.52,0.5196799999999999,1.52,1.52,0.0,0.0,0.03967999999999994,0.03967999999999994,-0.000320000000000098,-0.000320000000000098
s04-r2-disconnect-n20-1,4,2,disconnect-n20-1,1,True,38.44,39.44,1.0,1.0,1,39,1.52,1.55977,1.0,1.51977,0.52,0.5197700000000001,1.52,1.52,0.0,0.0,0.03977000000000008,0.03977000000000008,-0.00022999999999995246,-0.00022999999999995246
s04-r2-disconnect-n20-1,4,2,disconnect-n20-1,2,True,55.68,56.68,1.0,1.0,1,57,1.52,1.55981,1.0,1.5198099999999999,0.52,0.5198099999999999,1.52,1.52,0.0,0.0,0.0398099999999999,0.0398099999999999,-0.0001900000000001345,-0.0001900000000001345
s04-r2-disconnect-n20-1,4,2,disconnect-n20-1,3,True,72.88,73.88,1.0,1.0,1,74,1.52,1.55915,1.0,1.51915,0.52,0.51915,1.52,1.52,0.0,0.0,0.03915000000000002,0.03915000000000002,-0.0008500000000000174,-0.0008500000000000174
s04-r2-disconnect-n20-1,4,2,disconnect-n20-1,4,True,97.6,98.6,1.0,1.0,1,99,1.52,1.55928,1.0,1.51928,0.52,0.51928,1.52,1.52,0.0,0.0,0.03927999999999998,0.03927999999999998,-0.0007200000000000539,-0.0007200000000000539
s04-r2-disconnect-n20-1,4,2,disconnect-n20-1,5,True,105.4,106.4,1.0,1.0,1,106,1.52,1.5596,1.0,1.5196,0.52,0.5196000000000001,1.52,1.52,0.0,0.0,0.03960000000000008,0.03960000000000008,-0.00039999999999995595,-0.00039999999999995595
s04-r2-disconnect-n20-1,4,2,disconnect-n20-1,6,True,123.16,124.16,1.0,1.0,1,124,1.52,1.56025,1.0,1.5202499999999999,0.52,0.5202499999999999,1.52,1.52,0.0,0.0,0.0402499999999999,0.0402499999999999,0.00024999999999986144,0.00024999999999986144
s04-r2-disconnect-n20-1,4,2,disconnect-n20-1,7,True,142.16,143.16,1.0,1.0,1,143,1.52,1.55992,1.0,1.51992,0.52,0.5199199999999999,1.52,1.52,0.0,0.0,0.039919999999999956,0.039919999999999956,-8.000000000008001e-05,-8.000000000008001e-05
s04-r2-disconnect-n20-1,4,2,disconnect-n20-1,8,True,162.28,163.28,1.0,1.0,1,163,1.52,1.55949,1.0,1.51949,0.52,0.51949,1.52,1.52,0.0,0.0,0.039490000000000025,0.039490000000000025,-0.0005100000000000104,-0.0005100000000000104
s04-r2-disconnect-n20-1,4,2,disconnect-n20-1,9,True,177.72,178.72,1.0,1.0,1,179,1.52,1.56042,1.0,1.5204199999999999,0.52,0.5204199999999999,1.52,1.52,0.0,0.0,0.0404199999999999,0.0404199999999999,0.0004199999999998649,0.0004199999999998649
s04-r2-disconnect-n20-1,4,2,disconnect-n20-1,10,True,195.96,196.96,1.0,1.0,1,197,1.52,1.56436,1.0,1.52436,0.52,0.5243599999999999,1.52,1.52,0.0,0.0,0.044359999999999955,0.044359999999999955,0.0043599999999999195,0.0043599999999999195
s04-r2-disconnect-n20-1,4,2,disconnect-n20-1,11,True,213.6,214.6,1.0,1.0,1,215,1.52,1.55977,1.0,1.51977,0.52,0.5197700000000001,1.52,1.52,0.0,0.0,0.03977000000000008,0.03977000000000008,-0.00022999999999995246,-0.00022999999999995246
s04-r2-disconnect-n20-1,4,2,disconnect-n20-1,12,True,240.4,241.4,1.0,1.0,1,241,1.52,1.5596,1.0,1.5196,0.52,0.5196000000000001,1.52,1.52,0.0,0.0,0.03960000000000008,0.03960000000000008,-0.00039999999999995595,-0.00039999999999995595
s04-r2-disconnect-n20-1,4,2,disconnect-n20-1,13,True,255.56,256.56,1.0,1.0,1,257,1.52,1.55986,1.0,1.51986,0.52,0.51986,1.52,1.52,0.0,0.0,0.03986000000000001,0.03986000000000001,-0.000140000000000029,-0.000140000000000029
s04-r2-disconnect-n20-1,4,2,disconnect-n20-1,14,True,276.36,277.36,1.0,1.0,1,277,1.52,1.55994,1.0,1.51994,0.52,0.5199400000000001,1.52,1.52,0.0,0.0,0.03994000000000009,0.03994000000000009,-5.999999999994898e-05,-5.999999999994898e-05
s04-r2-disconnect-n20-1,4,2,disconnect-n20-1,15,True,286.72,287.72,1.0,1.0,1,288,1.52,1.56014,1.0,1.52014,0.52,0.52014,1.52,1.52,0.0,0.0,0.040140000000000065,0.040140000000000065,0.000140000000000029,0.000140000000000029
s04-r2-disconnect-n20-1,4,2,disconnect-n20-1,16,True,308.52,309.52,1.0,1.0,1,310,1.52,1.55967,1.0,1.5196699999999999,0.52,0.5196699999999999,1.52,1.52,0.0,0.0,0.03966999999999987,0.03966999999999987,-0.0003300000000001635,-0.0003300000000001635
s04-r2-disconnect-n20-1,4,2,disconnect-n20-1,17,True,323.48,324.48,1.0,1.0,1,325,1.52,1.56064,1.0,1.52064,0.52,0.52064,1.52,1.52,0.0,0.0,0.04064000000000001,0.04064000000000001,0.0006399999999999739,0.0006399999999999739
s04-r2-disconnect-n20-1,4,2,disconnect-n20-1,18,True,347.96,348.96,1.0,1.0,1,349,1.52,1.55914,1.0,1.51914,0.52,0.5191399999999999,1.52,1.52,0.0,0.0,0.03913999999999995,0.03913999999999995,-0.0008600000000000829,-0.0008600000000000829
s04-r2-disconnect-n20-1,4,2,disconnect-n20-1,19,True,357.48,358.48,1.0,1.0,1,359,1.52,1.55988,1.0,1.51988,0.52,0.5198799999999999,1.52,1.52,0.0,0.0,0.039879999999999916,0.039879999999999916,-0.00012000000000012001,-0.00012000000000012001
s04-r2-disconnect-n5-1,4,2,disconnect-n5-1,0,True,25.88,26.88,1.0,1.0,1,27,1.52,1.55894,1.0,1.51894,0.52,0.51894,1.52,1.52,0.0,0.0,0.038939999999999975,0.038939999999999975,-0.001060000000000061,-0.001060000000000061
s04-r2-disconnect-n5-1,4,2,disconnect-n5-1,1,True,126.64,127.64,1.0,1.0,1,128,1.52,1.55943,1.0,1.51943,0.52,0.5194300000000001,1.52,1.52,0.0,0.0,0.039430000000000076,0.039430000000000076,-0.0005699999999999594,-0.0005699999999999594
s04-r2-disconnect-n5-1,4,2,disconnect-n5-1,2,True,171.32,172.32,1.0,1.0,1,172,1.52,1.56036,1.0,1.52036,0.52,0.5203599999999999,1.52,1.52,0.0,0.0,0.04035999999999995,0.04035999999999995,0.00035999999999991594,0.00035999999999991594
s04-r2-disconnect-n5-1,4,2,disconnect-n5-1,3,True,293.56,294.56,1.0,1.0,1,295,1.52,1.55997,1.0,1.51997,0.52,0.51997,1.52,1.52,0.0,0.0,0.03997000000000006,0.03997000000000006,-2.999999999997449e-05,-2.999999999997449e-05
s04-r2-disconnect-n5-1,4,2,disconnect-n5-1,4,True,325.8,326.8,1.0,1.0,1,327,1.52,1.55858,1.0,1.51858,0.52,0.51858,1.52,1.52,0.0,0.0,0.03858000000000006,0.03858000000000006,-0.0014199999999999768,-0.0014199999999999768
s04-r3-disconnect-n10-1,4,3,disconnect-n10-1,0,True,18.12,19.12,1.0,1.0,1,19,1.52,1.55966,1.0,1.51966,0.52,0.51966,1.52,1.52,0.0,0.0,0.03966000000000003,0.03966000000000003,-0.00034000000000000696,-0.00034000000000000696
s04-r3-disconnect-n10-1,4,3,disconnect-n10-1,1,True,52.84,53.84,1.0,1.0,1,54,1.52,1.55915,1.0,1.51915,0.52,0.51915,1.52,1.52,0.0,0.0,0.03915000000000002,0.03915000000000002,-0.0008500000000000174,-0.0008500000000000174
s04-r3-disconnect-n10-1,4,3,disconnect-n10-1,2,True,111.0,112.0,1.0,1.0,1,112,1.52,1.56003,1.0,1.52003,0.52,0.52003,1.52,1.52,0.0,0.0,0.04003000000000001,0.04003000000000001,2.999999999997449e-05,2.999999999997449e-05
s04-r3-disconnect-n10-1,4,3,disconnect-n10-1,3,True,144.56,145.56,1.0,1.0,1,146,1.52,1.55978,1.0,1.51978,0.52,0.5197799999999999,1.52,1.52,0.0,0.0,0.039779999999999927,0.039779999999999927,-0.000220000000000109,-0.000220000000000109
s04-r3-disconnect-n10-1,4,3,disconnect-n10-1,4,True,173.84,174.84,1.0,1.0,1,175,1.52,1.56029,1.0,1.52029,0.52,0.5202899999999999,1.52,1.52,0.0,0.0,0.04028999999999994,0.04028999999999994,0.00028999999999990145,0.00028999999999990145
s04-r3-disconnect-n10-1,4,3,disconnect-n10-1,5,True,218.48,219.48,1.0,1.0,1,220,1.52,1.56044,1.0,1.52044,0.52,0.52044,1.52,1.52,0.0,0.0,0.04044000000000003,0.04044000000000003,0.00043999999999999595,0.00043999999999999595
s04-r3-disconnect-n10-1,4,3,disconnect-n10-1,6,True,244.24,245.24,1.0,1.0,1,245,1.52,1.56054,1.0,1.52054,0.52,0.52054,1.52,1.52,0.0,0.0,0.04054000000000002,0.04054000000000002,0.0005399999999999849,0.0005399999999999849
s04-r3-disconnect-n10-1,4,3,disconnect-n10-1,7,True,277.84,278.84,1.0,1.0,1,279,1.52,1.55955,1.0,1.51955,0.52,0.51955,1.52,1.52,0.0,0.0,0.039549999999999974,0.039549999999999974,-0.00045000000000006146,-0.00045000000000006146
s04-r3-disconnect-n10-1,4,3,disconnect-n10-1,8,True,315.96,316.96,1.0,1.0,1,317,1.52,1.56081,1.0,1.52081,0.52,0.52081,1.52,1.52,0.0,0.0,0.04081000000000001,0.04081000000000001,0.0008099999999999774,0.0008099999999999774
s04-r3-disconnect-n10-1,4,3,disconnect-n10-1,9,True,354.32,355.32,1.0,1.0,1,355,1.52,1.5596,1.0,1.5196,0.52,0.5196000000000001,1.52,1.52,0.0,0.0,0.03960000000000008,0.03960000000000008,-0.00039999999999995595,-0.00039999999999995595
s04-r3-disconnect-n2-1,4,3,disconnect-n2-1,0,True,63.68,64.68,1.0,1.000000000000007,1,65,1.52,1.5597,1.0,1.5197,0.5199999999999929,0.519699999999993,1.5200000000000071,1.52,-7.105427357601002e-15,0.0,0.03969999999999296,0.03970000000000007,-0.0003000000000070724,-0.00029999999999996696
s04-r3-disconnect-n2-1,4,3,disconnect-n2-1,1,True,343.04,344.04,1.0,1.0,1,344,1.52,1.55941,1.0,1.51941,0.52,0.5194099999999999,1.52,1.52,0.0,0.0,0.039409999999999945,0.039409999999999945,-0.0005900000000000905,-0.0005900000000000905
s04-r3-disconnect-n20-1,4,3,disconnect-n20-1,0,True,20.4,21.4,1.0,1.0,1,21,1.52,1.56004,1.0,1.52004,0.52,0.5200400000000001,1.52,1.52,0.0,0.0,0.040040000000000076,0.040040000000000076,4.0000000000040004e-05,4.0000000000040004e-05
s04-r3-disconnect-n20-1,4,3,disconnect-n20-1,1,True,40.96,41.96,1.0,1.0,1,42,1.52,1.56043,1.0,1.52043,0.52,0.52043,1.52,1.52,0.0,0.0,0.040429999999999966,0.040429999999999966,0.00042999999999993044,0.00042999999999993044
s04-r3-disconnect-n20-1,4,3,disconnect-n20-1,2,True,57.04,58.04,1.0,1.0,1,58,1.52,1.55945,1.0,1.51945,0.52,0.51945,1.52,1.52,0.0,0.0,0.039449999999999985,0.039449999999999985,-0.0005500000000000504,-0.0005500000000000504
s04-r3-disconnect-n20-1,4,3,disconnect-n20-1,3,True,76.96,77.96,1.0,1.0,1,78,1.52,1.55927,1.0,1.51927,0.52,0.5192699999999999,1.52,1.52,0.0,0.0,0.039269999999999916,0.039269999999999916,-0.0007300000000001194,-0.0007300000000001194
s04-r3-disconnect-n20-1,4,3,disconnect-n20-1,4,True,88.24,89.24,1.0,1.0,1,89,1.52,1.55957,1.0,1.5195699999999999,0.52,0.5195699999999999,1.52,1.52,0.0,0.0,0.03956999999999988,0.03956999999999988,-0.0004300000000001525,-0.0004300000000001525
s04-r3-disconnect-n20-1,4,3,disconnect-n20-1,5,True,105.72,106.72,1.0,1.0,1,107,1.52,1.56053,1.0,1.52053,0.52,0.5205299999999999,1.52,1.52,0.0,0.0,0.040529999999999955,0.040529999999999955,0.0005299999999999194,0.0005299999999999194
s04-r3-disconnect-n20-1,4,3,disconnect-n20-1,6,True,131.08,132.08,1.0,1.0,1,132,1.52,1.55986,1.0,1.51986,0.52,0.51986,1.52,1.52,0.0,0.0,0.03986000000000001,0.03986000000000001,-0.000140000000000029,-0.000140000000000029
s04-r3-disconnect-n20-1,4,3,disconnect-n20-1,7,True,151.44,152.44,1.0,1.0,1,152,1.52,1.55938,1.0,1.51938,0.52,0.51938,1.52,1.52,0.0,0.0,0.03937999999999997,0.03937999999999997,-0.0006200000000000649,-0.0006200000000000649
s04-r3-disconnect-n20-1,4,3,disconnect-n20-1,8,True,167.88,168.88,1.0,1.0,1,169,1.52,1.56004,1.0,1.52004,0.52,0.5200400000000001,1.52,1.52,0.0,0.0,0.040040000000000076,0.040040000000000076,4.0000000000040004e-05,4.0000000000040004e-05
s04-r3-disconnect-n20-1,4,3,disconnect-n20-1,9,True,182.24,183.24,1.0,1.0,1,183,1.52,1.56011,1.0,1.52011,0.52,0.5201100000000001,1.52,1.52,0.0,0.0,0.04011000000000009,0.04011000000000009,0.0001100000000000545,0.0001100000000000545
s04-r3-disconnect-n20-1,4,3,disconnect-n20-1,10,True,200.96,201.96,1.0,1.0,1,202,1.52,1.55569,1.0,1.51569,0.52,0.51569,1.52,1.52,0.0,0.0,0.03569,0.03569,-0.004310000000000036,-0.004310000000000036
s04-r3-disconnect-n20-1,4,3,disconnect-n20-1,11,True,222.08,223.08,1.0,1.0,1,223,1.52,1.56015,1.0,1.52015,0.52,0.5201499999999999,1.52,1.52,0.0,0.0,0.04014999999999991,0.04014999999999991,0.00014999999999987246,0.00014999999999987246
s04-r3-disconnect-n20-1,4,3,disconnect-n20-1,12,True,238.96,239.96,1.0,1.0,1,240,1.52,1.55956,1.0,1.51956,0.52,0.51956,1.52,1.52,0.0,0.0,0.03956000000000004,0.03956000000000004,-0.00043999999999999595,-0.00043999999999999595
s04-r3-disconnect-n20-1,4,3,disconnect-n20-1,13,True,257.08,258.08,1.0,1.0,1,258,1.52,1.55988,1.0,1.51988,0.52,0.5198799999999999,1.52,1.52,0.0,0.0,0.039879999999999916,0.039879999999999916,-0.00012000000000012001,-0.00012000000000012001
s04-r3-disconnect-n20-1,4,3,disconnect-n20-1,14,True,275.2,276.2,1.0,1.0,1,276,1.52,1.55988,1.0,1.51988,0.52,0.5198799999999999,1.52,1.52,0.0,0.0,0.039879999999999916,0.039879999999999916,-0.00012000000000012001,-0.00012000000000012001
s04-r3-disconnect-n20-1,4,3,disconnect-n20-1,15,True,286.56,287.56,1.0,1.0,1,288,1.52,1.56034,1.0,1.52034,0.52,0.52034,1.52,1.52,0.0,0.0,0.04034000000000004,0.04034000000000004,0.00034000000000000696,0.00034000000000000696
s04-r3-disconnect-n20-1,4,3,disconnect-n20-1,16,True,302.28,303.28,1.0,1.0,1,303,1.52,1.56028,1.0,1.5202799999999999,0.52,0.5202799999999999,1.52,1.52,0.0,0.0,0.04027999999999987,0.04027999999999987,0.00027999999999983594,0.00027999999999983594
s04-r3-disconnect-n20-1,4,3,disconnect-n20-1,17,True,326.52,327.52,1.0,1.0,1,328,1.52,1.56051,1.0,1.52051,0.52,0.52051,1.52,1.52,0.0,0.0,0.040510000000000046,0.040510000000000046,0.0005100000000000104,0.0005100000000000104
s04-r3-disconnect-n20-1,4,3,disconnect-n20-1,18,True,337.0,338.0,1.0,1.0,1,338,1.52,1.55543,1.0,1.51543,0.52,0.51543,1.52,1.52,0.0,0.0,0.03543000000000007,0.03543000000000007,-0.004569999999999963,-0.004569999999999963
s04-r3-disconnect-n20-1,4,3,disconnect-n20-1,19,True,361.6,362.6,1.0,1.0,1,363,1.52,1.55953,1.0,1.51953,0.52,0.51953,1.52,1.52,0.0,0.0,0.039530000000000065,0.039530000000000065,-0.00046999999999997044,-0.00046999999999997044
s04-r3-disconnect-n5-1,4,3,disconnect-n5-1,0,True,65.16,66.16,1.0,1.0,1,66,1.52,1.56081,1.0,1.52081,0.52,0.52081,1.52,1.52,0.0,0.0,0.04081000000000001,0.04081000000000001,0.0008099999999999774,0.0008099999999999774
s04-r3-disconnect-n5-1,4,3,disconnect-n5-1,1,True,113.92,114.92,1.0,1.0,1,115,1.52,1.56078,1.0,1.52078,0.52,0.52078,1.52,1.52,0.0,0.0,0.04078000000000004,0.04078000000000004,0.0007800000000000029,0.0007800000000000029
s04-r3-disconnect-n5-1,4,3,disconnect-n5-1,2,True,162.96,163.96,1.0,1.0,1,164,1.56,1.60015,1.0,1.56015,0.56,0.5601499999999999,1.52,1.52,0.040000000000000036,0.040000000000000036,0.08014999999999994,0.08014999999999994,0.04014999999999991,0.04014999999999991
s04-r3-disconnect-n5-1,4,3,disconnect-n5-1,3,True,262.12,263.12,1.0,1.0,1,263,1.52,1.55977,1.0,1.51977,0.52,0.5197700000000001,1.52,1.52,0.0,0.0,0.03977000000000008,0.03977000000000008,-0.00022999999999995246,-0.00022999999999995246
s04-r3-disconnect-n5-1,4,3,disconnect-n5-1,4,True,350.48,351.48,1.0,1.0,1,352,1.52,1.5602,1.0,1.5202,0.52,0.5202,1.52,1.52,0.0,0.0,0.040200000000000014,0.040200000000000014,0.00019999999999997797,0.00019999999999997797
s04-r4-disconnect-n10-1,4,4,disconnect-n10-1,0,True,19.52,20.52,1.0,1.0,1,21,1.52,1.56007,1.0,1.52007,0.52,0.52007,1.52,1.52,0.0,0.0,0.04007000000000005,0.04007000000000005,7.00000000000145e-05,7.00000000000145e-05
s04-r4-disconnect-n10-1,4,4,disconnect-n10-1,1,True,77.84,78.84,1.0,1.0,1,79,1.52,1.56053,1.0,1.52053,0.52,0.5205299999999999,1.52,1.52,0.0,0.0,0.040529999999999955,0.040529999999999955,0.0005299999999999194,0.0005299999999999194
s04-r4-disconnect-n10-1,4,4,disconnect-n10-1,2,True,106.64,107.64,1.0,1.0,1,108,1.52,1.56092,1.0,1.52092,0.52,0.52092,1.52,1.52,0.0,0.0,0.04092000000000007,0.04092000000000007,0.0009200000000000319,0.0009200000000000319
s04-r4-disconnect-n10-1,4,4,disconnect-n10-1,3,True,127.32,128.32,1.0,1.0,1,128,1.52,1.56092,1.0,1.52092,0.52,0.52092,1.52,1.52,0.0,0.0,0.04092000000000007,0.04092000000000007,0.0009200000000000319,0.0009200000000000319
s04-r4-disconnect-n10-1,4,4,disconnect-n10-1,4,True,168.52,169.52,1.0,1.0,1,170,1.52,1.55927,1.0,1.51927,0.52,0.5192699999999999,1.52,1.52,0.0,0.0,0.039269999999999916,0.039269999999999916,-0.0007300000000001194,-0.0007300000000001194
s04-r4-disconnect-n10-1,4,4,disconnect-n10-1,5,True,196.48,197.48,1.0,1.0,1,198,1.52,1.56059,1.0,1.5205899999999999,0.52,0.5205899999999999,1.52,1.52,0.0,0.0,0.040589999999999904,0.040589999999999904,0.0005899999999998684,0.0005899999999998684
s04-r4-disconnect-n10-1,4,4,disconnect-n10-1,6,True,249.2,250.2,1.0,1.0,1,250,1.52,1.56088,1.0,1.52088,0.52,0.52088,1.52,1.52,0.0,0.0,0.04088000000000003,0.04088000000000003,0.0008799999999999919,0.0008799999999999919
s04-r4-disconnect-n10-1,4,4,disconnect-n10-1,7,True,292.48,293.48,1.0,1.0,1,294,1.52,1.56003,1.0,1.52003,0.52,0.52003,1.52,1.52,0.0,0.0,0.04003000000000001,0.04003000000000001,2.999999999997449e-05,2.999999999997449e-05
s04-r4-disconnect-n10-1,4,4,disconnect-n10-1,8,True,327.04,328.04,1.0,1.0,1,328,1.52,1.56011,1.0,1.52011,0.52,0.5201100000000001,1.52,1.52,0.0,0.0,0.04011000000000009,0.04011000000000009,0.0001100000000000545,0.0001100000000000545
s04-r4-disconnect-n10-1,4,4,disconnect-n10-1,9,True,345.8,346.8,1.0,1.0,1,347,1.52,1.56027,1.0,1.52027,0.52,0.52027,1.52,1.52,0.0,0.0,0.04027000000000003,0.04027000000000003,0.00026999999999999247,0.00026999999999999247
s04-r4-disconnect-n2-1,4,4,disconnect-n2-1,0,True,116.68,117.68,1.0,1.0,1,118,1.52,1.56028,1.0,1.5202799999999999,0.52,0.5202799999999999,1.52,1.52,0.0,0.0,0.04027999999999987,0.04027999999999987,0.00027999999999983594,0.00027999999999983594
s04-r4-disconnect-n2-1,4,4,disconnect-n2-1,1,True,280.8,281.8,1.0,1.0,1,282,1.52,1.5597,1.0,1.5197,0.52,0.5197,1.52,1.52,0.0,0.0,0.03970000000000007,0.03970000000000007,-0.00029999999999996696,-0.00029999999999996696
s04-r4-disconnect-n20-1,4,4,disconnect-n20-1,0,True,21.56,22.56,1.0,1.0,1,23,1.52,1.56099,1.0,1.52099,0.52,0.5209900000000001,1.52,1.52,0.0,0.0,0.04099000000000008,0.04099000000000008,0.0009900000000000464,0.0009900000000000464
s04-r4-disconnect-n20-1,4,4,disconnect-n20-1,1,True,37.96,38.96,1.0,1.0,1,39,1.52,1.56074,1.0,1.52074,0.52,0.52074,1.52,1.52,0.0,0.0,0.04074,0.04074,0.0007399999999999629,0.0007399999999999629
s04-r4-disconnect-n20-1,4,4,disconnect-n20-1,2,True,57.8,58.8,1.0,1.0,1,59,1.52,1.55979,1.0,1.51979,0.52,0.51979,1.52,1.52,0.0,0.0,0.03978999999999999,0.03978999999999999,-0.00021000000000004349,-0.00021000000000004349
s04-r4-disconnect-n20-1,4,4,disconnect-n20-1,3,True,74.12,75.12,1.0,1.0,1,75,1.52,1.56103,1.0,1.5210299999999999,0.52,0.5210299999999999,1.52,1.52,0.0,0.0,0.0410299999999999,0.0410299999999999,0.0010299999999998644,0.0010299999999998644
s04-r4-disconnect-n20-1,4,4,disconnect-n20-1,4,True,92.92,93.92,1.0,1.0,1,94,1.52,1.56076,1.0,1.52076,0.52,0.5207599999999999,1.52,1.52,0.0,0.0,0.04075999999999991,0.04075999999999991,0.0007599999999998719,0.0007599999999998719
s04-r4-disconnect-n20-1,4,4,disconnect-n20-1,5,True,104.96,105.96,1.0,1.0,1,106,1.52,1.56292,1.0,1.52292,0.52,0.52292,1.52,1.52,0.0,0.0,0.04292000000000007,0.04292000000000007,0.0029200000000000337,0.0029200000000000337
s04-r4-disconnect-n20-1,4,4,disconnect-n20-1,6,True,123.6,124.6,1.0,1.0,1,125,1.52,1.5603,1.0,1.5203,0.52,0.5203,1.52,1.52,0.0,0.0,0.0403,0.0403,0.00029999999999996696,0.00029999999999996696
s04-r4-disconnect-n20-1,4,4,disconnect-n20-1,7,True,148.68,149.68,1.0,1.0,1,150,1.52,1.5602,1.0,1.5202,0.52,0.5202,1.52,1.52,0.0,0.0,0.040200000000000014,0.040200000000000014,0.00019999999999997797,0.00019999999999997797
s04-r4-disconnect-n20-1,4,4,disconnect-n20-1,8,True,161.08,162.08,1.0,1.0,1,162,1.52,1.56063,1.0,1.52063,0.52,0.5206299999999999,1.52,1.52,0.0,0.0,0.040629999999999944,0.040629999999999944,0.0006299999999999084,0.0006299999999999084
s04-r4-disconnect-n20-1,4,4,disconnect-n20-1,9,True,185.2,186.2,1.0,1.0,1,186,1.52,1.56047,1.0,1.52047,0.52,0.52047,1.52,1.52,0.0,0.0,0.040470000000000006,0.040470000000000006,0.00046999999999997044,0.00046999999999997044
s04-r4-disconnect-n20-1,4,4,disconnect-n20-1,10,True,193.88,194.88,1.0,1.0,1,195,1.52,1.56134,1.0,1.52134,0.52,0.5213399999999999,1.52,1.52,0.0,0.0,0.04133999999999993,0.04133999999999993,0.0013399999999998968,0.0013399999999998968
s04-r4-disconnect-n20-1,4,4,disconnect-n20-1,11,True,222.6,223.6,1.0,1.0,1,224,1.52,1.55538,1.0,1.51538,0.52,0.51538,1.52,1.52,0.0,0.0,0.03537999999999997,0.03537999999999997,-0.0046200000000000685,-0.0046200000000000685
s04-r4-disconnect-n20-1,4,4,disconnect-n20-1,12,True,237.28,238.28,1.0,1.0,1,238,1.52,1.56033,1.0,1.52033,0.52,0.52033,1.52,1.52,0.0,0.0,0.04032999999999998,0.04032999999999998,0.00032999999999994145,0.00032999999999994145
s04-r4-disconnect-n20-1,4,4,disconnect-n20-1,13,True,252.52,253.52,1.0,1.0,1,254,1.52,1.56102,1.0,1.52102,0.52,0.52102,1.52,1.52,0.0,0.0,0.041020000000000056,0.041020000000000056,0.0010200000000000209,0.0010200000000000209
s04-r4-disconnect-n20-1,4,4,disconnect-n20-1,14,True,272.4,273.4,1.0,1.0,1,273,1.52,1.56039,1.0,1.52039,0.52,0.5203899999999999,1.52,1.52,0.0,0.0,0.040389999999999926,0.040389999999999926,0.00038999999999989043,0.00038999999999989043
s04-r4-disconnect-n20-1,4,4,disconnect-n20-1,15,True,286.48,287.48,1.0,1.0,1,288,1.52,1.56111,1.0,1.52111,0.52,0.52111,1.52,1.52,0.0,0.0,0.04110999999999998,0.04110999999999998,0.0011099999999999444,0.0011099999999999444
s04-r4-disconnect-n20-1,4,4,disconnect-n20-1,16,True,310.8,311.8,1.0,1.0,1,312,1.52,1.56052,1.0,1.5205199999999999,0.52,0.5205199999999999,1.52,1.52,0.0,0.0,0.04051999999999989,0.04051999999999989,0.0005199999999998539,0.0005199999999998539
s04-r4-disconnect-n20-1,4,4,disconnect-n20-1,17,True,321.96,322.96,1.0,1.0,1,323,1.52,1.5605,1.0,1.5205,0.52,0.5205,1.52,1.52,0.0,0.0,0.04049999999999998,0.04049999999999998,0.0004999999999999449,0.0004999999999999449
s04-r4-disconnect-n20-1,4,4,disconnect-n20-1,18,True,344.96,345.96,1.0,1.0,1,346,1.52,1.56024,1.0,1.52024,0.52,0.52024,1.52,1.52,0.0,0.0,0.040240000000000054,0.040240000000000054,0.00024000000000001798,0.00024000000000001798
s04-r4-disconnect-n20-1,4,4,disconnect-n20-1,19,True,361.16,362.16,1.0,1.0,1,362,1.52,1.56069,1.0,1.5206899999999999,0.52,0.5206899999999999,1.52,1.52,0.0,0.0,0.04068999999999989,0.04068999999999989,0.0006899999999998574,0.0006899999999998574
s04-r4-disconnect-n5-1,4,4,disconnect-n5-1,0,True,21.36,22.36,1.0,1.0,1,22,1.52,1.56035,1.0,1.5203499999999999,0.52,0.5203499999999999,1.52,1.52,0.0,0.0,0.040349999999999886,0.040349999999999886,0.00034999999999985043,0.00034999999999985043
s04-r4-disconnect-n5-1,4,4,disconnect-n5-1,1,True,88.76,89.76,1.0,1.0,1,90,1.52,1.55564,1.0,1.5156399999999999,0.52,0.5156399999999999,1.52,1.52,0.0,0.0,0.035639999999999894,0.035639999999999894,-0.0043600000000001415,-0.0043600000000001415
s04-r4-disconnect-n5-1,4,4,disconnect-n5-1,2,True,203.64,204.64,1.0,1.0,1,205,1.52,1.56007,1.0,1.52007,0.52,0.52007,1.52,1.52,0.0,0.0,0.04007000000000005,0.04007000000000005,7.00000000000145e-05,7.00000000000145e-05
s04-r4-disconnect-n5-1,4,4,disconnect-n5-1,3,True,263.56,264.56,1.0,1.0,1,265,1.52,1.56049,1.0,1.52049,0.52,0.5204899999999999,1.52,1.52,0.0,0.0,0.040489999999999915,0.040489999999999915,0.0004899999999998794,0.0004899999999998794
s04-r4-disconnect-n5-1,4,4,disconnect-n5-1,4,True,307.6,308.6,1.0,1.0,1,309,1.52,1.56078,1.0,1.52078,0.52,0.52078,1.52,1.52,0.0,0.0,0.04078000000000004,0.04078000000000004,0.0007800000000000029,0.0007800000000000029
s05-r0-disconnect-n10-1,5,0,disconnect-n10-1,0,True,35.04,36.04,1.0,1.0,1,36,1.52,1.5603,1.0,1.5203,0.52,0.5203,1.52,1.52,0.0,0.0,0.0403,0.0403,0.00029999999999996696,0.00029999999999996696
s05-r0-disconnect-n10-1,5,0,disconnect-n10-1,1,True,62.68,63.68,1.0,1.0,1,64,1.52,1.56109,1.0,1.52109,0.52,0.52109,1.52,1.52,0.0,0.0,0.04109000000000007,0.04109000000000007,0.0010900000000000354,0.0010900000000000354
s05-r0-disconnect-n10-1,5,0,disconnect-n10-1,2,True,106.28,107.28,1.0,1.0,1,107,1.52,1.56036,1.0,1.52036,0.52,0.5203599999999999,1.52,1.52,0.0,0.0,0.04035999999999995,0.04035999999999995,0.00035999999999991594,0.00035999999999991594
s05-r0-disconnect-n10-1,5,0,disconnect-n10-1,3,True,127.76,128.76,1.0,0.9999999999999858,1,129,1.52,1.56008,1.0,1.5200799999999999,0.5200000000000142,0.5200800000000141,1.52,1.52,0.0,0.0,0.040079999999999893,0.040079999999999893,7.999999999985796e-05,7.999999999985796e-05
s05-r0-disconnect-n10-1,5,0,disconnect-n10-1,4,True,181.0,182.0,1.0,1.0,1,182,1.52,1.56049,1.0,1.52049,0.52,0.5204899999999999,1.52,1.52,0.0,0.0,0.040489999999999915,0.040489999999999915,0.0004899999999998794,0.0004899999999998794
s05-r0-disconnect-n10-1,5,0,disconnect-n10-1,5,True,220.28,221.28,1.0,1.0,1,221,1.52,1.55977,1.0,1.51977,0.52,0.5197700000000001,1.52,1.52,0.0,0.0,0.03977000000000008,0.03977000000000008,-0.00022999999999995246,-0.00022999999999995246
s05-r0-disconnect-n10-1,5,0,disconnect-n10-1,6,True,248.72,249.72,1.0,1.0,1,250,1.52,1.55968,1.0,1.51968,0.52,0.5196799999999999,1.52,1.52,0.0,0.0,0.03967999999999994,0.03967999999999994,-0.000320000000000098,-0.000320000000000098
s05-r0-disconnect-n10-1,5,0,disconnect-n10-1,7,True,269.96,270.96,1.0,1.0,1,271,1.52,1.56001,1.0,1.5200099999999999,0.52,0.5200099999999999,1.52,1.52,0.0,0.0,0.04000999999999988,0.04000999999999988,9.999999999843467e-06,9.999999999843467e-06
s05-r0-disconnect-n10-1,5,0,disconnect-n10-1,8,True,314.56,315.56,1.0,1.0,1,316,1.52,1.55963,1.0,1.51963,0.52,0.51963,1.52,1.52,0.0,0.0,0.039630000000000054,0.039630000000000054,-0.00036999999999998145,-0.00036999999999998145
s05-r0-disconnect-n10-1,5,0,disconnect-n10-1,9,True,342.52,343.52,1.0,1.0,1,344,1.52,1.56072,1.0,1.52072,0.52,0.5207200000000001,1.52,1.52,0.0,0.0,0.04072000000000009,0.04072000000000009,0.0007200000000000539,0.0007200000000000539
s05-r0-disconnect-n2-1,5,0,disconnect-n2-1,0,True,104.04,105.04,1.0,1.0,1,105,1.52,1.56044,1.0,1.52044,0.52,0.52044,1.52,1.52,0.0,0.0,0.04044000000000003,0.04044000000000003,0.00043999999999999595,0.00043999999999999595
s05-r0-disconnect-n2-1,5,0,disconnect-n2-1,1,True,355.4,356.4,1.0,1.0,1,356,1.52,1.55981,1.0,1.5198099999999999,0.52,0.5198099999999999,1.52,1.52,0.0,0.0,0.0398099999999999,0.0398099999999999,-0.0001900000000001345,-0.0001900000000001345
s05-r0-disconnect-n20-1,5,0,disconnect-n20-1,0,True,23.28,24.28,1.0,1.0,1,24,1.52,1.55991,1.0,1.5199099999999999,0.52,0.5199099999999999,1.52,1.52,0.0,0.0,0.03990999999999989,0.03990999999999989,-9.000000000014552e-05,-9.000000000014552e-05
s05-r0-disconnect-n20-1,5,0,disconnect-n20-1,1,True,43.44,44.44,1.0,1.0,1,44,1.52,1.55997,1.0,1.51997,0.52,0.51997,1.52,1.52,0.0,0.0,0.03997000000000006,0.03997000000000006,-2.999999999997449e-05,-2.999999999997449e-05
s05-r0-disconnect-n20-1,5,0,disconnect-n20-1,2,True,52.84,53.84,1.0,1.0,1,54,1.52,1.56028,1.0,1.5202799999999999,0.52,0.5202799999999999,1.52,1.52,0.0,0.0,0.04027999999999987,0.04027999999999987,0.00027999999999983594,0.00027999999999983594
s05-r0-disconnect-n20-1,5,0,disconnect-n20-1,3,True,79.2,80.2,1.0,1.0,1,80,1.52,1.55945,1.0,1.51945,0.52,0.51945,1.52,1.52,0.0,0.0,0.039449999999999985,0.039449999999999985,-0.0005500000000000504,-0.0005500000000000504
s05-r0-disconnect-n20-1,5,0,disconnect-n20-1,4,True,92.72,93.72,1.0,1.0,1,94,1.52,1.55968,1.0,1.51968,0.52,0.5196799999999999,1.52,1.52,0.0,0.0,0.03967999999999994,0.03967999999999994,-0.000320000000000098,-0.000320000000000098
s05-r0-disconnect-n20-1,5,0,disconnect-n20-1,5,True,105.6,106.6,1.0,1.0,1,107,1.52,1.56007,1.0,1.52007,0.52,0.52007,1.52,1.52,0.0,0.0,0.04007000000000005,0.04007000000000005,7.00000000000145e-05,7.00000000000145e-05
s05-r0-disconnect-n20-1,5,0,disconnect-n20-1,6,True,129.88,130.88,1.0,1.0,1,131,1.52,1.56069,1.0,1.5206899999999999,0.52,0.5206899999999999,1.52,1.52,0.0,0.0,0.04068999999999989,0.04068999999999989,0.0006899999999998574,0.0006899999999998574
s05-r0-disconnect-n20-1,5,0,disconnect-n20-1,7,True,150.88,151.88,1.0,1.0,1,152,1.52,1.56008,1.0,1.5200799999999999,0.52,0.5200799999999999,1.52,1.52,0.0,0.0,0.040079999999999893,0.040079999999999893,7.999999999985796e-05,7.999999999985796e-05
s05-r0-disconnect-n20-1,5,0,disconnect-n20-1,8,True,163.2,164.2,1.0,1.0,1,164,1.52,1.56018,1.0,1.5201799999999999,0.52,0.5201799999999999,1.52,1.52,0.0,0.0,0.04017999999999988,0.04017999999999988,0.00017999999999984695,0.00017999999999984695
s05-r0-disconnect-n20-1,5,0,disconnect-n20-1,9,True,176.64,177.64,1.0,1.0,1,178,1.52,1.55993,1.0,1.51993,0.52,0.51993,1.52,1.52,0.0,0.0,0.03993000000000002,0.03993000000000002,-7.00000000000145e-05,-7.00000000000145e-05
s05-r0-disconnect-n20-1,5,0,disconnect-n20-1,10,True,205.0,206.0,1.0,1.0,1,206,1.52,1.56425,1.0,1.5242499999999999,0.52,0.5242499999999999,1.52,1.52,0.0,0.0,0.0442499999999999,0.0442499999999999,0.004249999999999865,0.004249999999999865
s05-r0-disconnect-n20-1,5,0,disconnect-n20-1,11,True,211.48,212.48,1.0,1.0,1,213,1.52,1.56035,1.0,1.5203499999999999,0.52,0.5203499999999999,1.52,1.52,0.0,0.0,0.040349999999999886,0.040349999999999886,0.00034999999999985043,0.00034999999999985043
s05-r0-disconnect-n20-1,5,0,disconnect-n20-1,12,True,236.88,237.88,1.0,1.0,1,238,1.52,1.56036,1.0,1.52036,0.52,0.5203599999999999,1.52,1.52,0.0,0.0,0.04035999999999995,0.04035999999999995,0.00035999999999991594,0.00035999999999991594
s05-r0-disconnect-n20-1,5,0,disconnect-n20-1,13,True,258.12,259.12,1.0,1.0,1,259,1.52,1.55897,1.0,1.51897,0.52,0.5189699999999999,1.52,1.52,0.0,0.0,0.03896999999999995,0.03896999999999995,-0.0010300000000000864,-0.0010300000000000864
s05-r0-disconnect-n20-1,5,0,disconnect-n20-1,14,True,267.04,268.04,1.0,1.0,1,268,1.52,1.56081,1.0,1.52081,0.52,0.52081,1.52,1.52,0.0,0.0,0.04081000000000001,0.04081000000000001,0.0008099999999999774,0.0008099999999999774
s05-r0-disconnect-n20-1,5,0,disconnect-n20-1,15,True,292.92,293.92,1.0,1.0,1,294,1.52,1.55961,1.0,1.51961,0.52,0.5196099999999999,1.52,1.52,0.0,0.0,0.03960999999999992,0.03960999999999992,-0.0003900000000001125,-0.0003900000000001125
s05-r0-disconnect-n20-1,5,0,disconnect-n20-1,16,True,302.56,303.56,1.0,1.0,1,304,1.52,1.55888,1.0,1.51888,0.52,0.51888,1.52,1.52,0.0,0.0,0.038880000000000026,0.038880000000000026,-0.0011200000000000099,-0.0011200000000000099
s05-r0-disconnect-n20-1,5,0,disconnect-n20-1,17,True,322.84,323.84,1.0,1.0,1,324,1.52,1.56,1.0,1.52,0.52,0.52,1.52,1.52,0.0,0.0,0.040000000000000036,0.040000000000000036,0.0,0.0
s05-r0-disconnect-n20-1,5,0,disconnect-n20-1,18,True,343.88,344.88,1.0,1.0,1,345,1.52,1.56013,1.0,1.52013,0.52,0.52013,1.52,1.52,0.0,0.0,0.04013,0.04013,0.00012999999999996348,0.00012999999999996348
s05-r0-disconnect-n20-1,5,0,disconnect-n20-1,19,True,360.48,361.48,1.0,1.0,1,362,1.52,1.55972,1.0,1.51972,0.52,0.51972,1.52,1.52,0.0,0.0,0.03971999999999998,0.03971999999999998,-0.000280000000000058,-0.000280000000000058
s05-r0-disconnect-n5-1,5,0,disconnect-n5-1,0,True,23.96,24.96,1.0,1.0,1,25,1.52,1.56034,1.0,1.52034,0.52,0.52034,1.52,1.52,0.0,0.0,0.04034000000000004,0.04034000000000004,0.00034000000000000696,0.00034000000000000696
s05-r0-disconnect-n5-1,5,0,disconnect-n5-1,1,True,130.96,131.96,1.0,1.0,1,132,1.52,1.55991,1.0,1.5199099999999999,0.52,0.5199099999999999,1.52,1.52,0.0,0.0,0.03990999999999989,0.03990999999999989,-9.000000000014552e-05,-9.000000000014552e-05
s05-r0-disconnect-n5-1,5,0,disconnect-n5-1,2,True,162.36,163.36,1.0,1.0,1,163,1.52,1.56042,1.0,1.5204199999999999,0.52,0.5204199999999999,1.52,1.52,0.0,0.0,0.0404199999999999,0.0404199999999999,0.0004199999999998649,0.0004199999999998649
s05-r0-disconnect-n5-1,5,0,disconnect-n5-1,3,True,248.64,249.64,1.0,1.0,1,250,1.52,1.55952,1.0,1.51952,0.52,0.51952,1.52,1.52,0.0,0.0,0.03952,0.03952,-0.00048000000000003595,-0.00048000000000003595
s05-r0-disconnect-n5-1,5,0,disconnect-n5-1,4,True,331.52,332.52,1.0,1.0,1,333,1.52,1.56147,1.0,1.5214699999999999,0.52,0.5214699999999999,1.52,1.52,0.0,0.0,0.041469999999999896,0.041469999999999896,0.0014699999999998603,0.0014699999999998603
s05-r0-disconnect-n5-1.25,5,0,disconnect-n5-1.25,0,True,47.04,48.28,1.25,1.240000000000002,1,49,2.04,2.08498,1.25,2.04498,0.799999999999998,0.8049799999999978,1.760000000000002,1.77,0.27999999999999803,0.27,0.3249799999999978,0.3149799999999998,0.2849799999999978,0.2749799999999998
s05-r0-disconnect-n5-1.25,5,0,disconnect-n5-1.25,1,True,141.68,142.92,1.25,1.2399999999999807,1,143,2.04,2.07854,1.25,2.03854,0.8000000000000194,0.7985400000000191,1.7599999999999807,1.77,0.28000000000001934,0.27,0.31854000000001914,0.3085399999999998,0.2785400000000191,0.2685399999999998
s05-r0-disconnect-n5-1.25,5,0,disconnect-n5-1.25,2,True,159.24,160.48,1.25,1.2399999999999807,1,161,2.04,2.07972,1.25,2.03972,0.8000000000000194,0.7997200000000193,1.7599999999999807,1.77,0.28000000000001934,0.27,0.3197200000000193,0.30972,0.2797200000000193,0.26971999999999996
s05-r0-disconnect-n5-1.25,5,0,disconnect-n5-1.25,3,True,247.48,248.72,1.25,1.240000000000009,1,249,2.04,2.07953,1.25,2.03953,0.7999999999999909,0.799529999999991,1.7600000000000091,1.77,0.2799999999999909,0.27,0.319529999999991,0.3095300000000001,0.27952999999999095,0.26953000000000005
s05-r0-disconnect-n5-1.25,5,0,disconnect-n5-1.25,4,True,323.6,324.84,1.25,1.2399999999999523,1,325,2.04,2.08343,1.25,2.04343,0.8000000000000478,0.8034300000000476,1.7599999999999523,1.77,0.28000000000004777,0.27,0.3234300000000476,0.3134299999999999,0.2834300000000476,0.27342999999999984
s05-r0-disconnect-n5-1.75,5,0,disconnect-n5-1.75,0,True,74.52,76.28,1.75,1.7600000000000051,1,77,2.52,2.55953,1.75,2.51953,0.7599999999999949,0.7595299999999949,2.280000000000005,2.27,0.23999999999999488,0.25,0.27952999999999495,0.28953000000000007,0.2395299999999949,0.24953000000000003
s05-r0-disconnect-n5-1.75,5,0,disconnect-n5-1.75,1,True,106.52,108.28,1.75,1.7600000000000051,1,109,2.52,2.5603,1.75,2.5202999999999998,0.7599999999999949,0.7602999999999946,2.280000000000005,2.27,0.23999999999999488,0.25,0.28029999999999466,0.2902999999999998,0.24029999999999463,0.25029999999999974
s05-r0-disconnect-n5-1.75,5,0,disconnect-n5-1.75,2,True,203.2,204.92,1.75,1.7199999999999989,1,205,2.52,2.55955,1.75,2.51955,0.8000000000000012,0.7995500000000013,2.239999999999999,2.27,0.28000000000000114,0.25,0.31955000000000133,0.2895500000000002,0.2795500000000013,0.24955000000000016
s05-r0-disconnect-n5-1.75,5,0,disconnect-n5-1.75,3,True,250.56,252.32,1.75,1.759999999999991,1,253,2.52,2.56417,1.75,2.52417,0.7600000000000091,0.7641700000000089,2.279999999999991,2.27,0.2400000000000091,0.25,0.2841700000000089,0.2941699999999998,0.24417000000000888,0.2541699999999998
s05-r0-disconnect-n5-1.75,5,0,disconnect-n5-1.75,4,True,308.12,309.88,1.75,1.759999999999991,1,310,2.52,2.56003,1.75,2.5200299999999998,0.7600000000000091,0.7600300000000089,2.279999999999991,2.27,0.2400000000000091,0.25,0.2800300000000089,0.2900299999999998,0.24003000000000885,0.25002999999999975
s05-r0-disconnect-n5-2.25,5,0,disconnect-n5-2.25,0,True,55.2,57.44,2.25,2.239999999999995,1,58,3.04,3.07932,2.25,3.03932,0.8000000000000052,0.7993200000000051,2.759999999999995,2.77,0.28000000000000513,0.27,0.31932000000000516,0.30932000000000004,0.2793200000000051,0.26932
s05-r0-disconnect-n5-2.25,5,0,disconnect-n5-2.25,1,True,91.64,93.88,2.25,2.239999999999995,1,94,3.04,3.07982,2.25,3.0398199999999997,0.8000000000000052,0.7998200000000049,2.759999999999995,2.77,0.28000000000000513,0.27,0.3198200000000049,0.30981999999999976,0.27982000000000484,0.2698199999999997
s05-r0-disconnect-n5-2.25,5,0,disconnect-n5-2.25,2,True,178.84,181.08,2.25,2.240000000000009,1,181,3.04,3.0796,2.25,3.0396,0.7999999999999909,0.799599999999991,2.760000000000009,2.77,0.2799999999999909,0.27,0.319599999999991,0.3096000000000001,0.27959999999999097,0.26960000000000006
s05-r0-disconnect-n5-2.25,5,0,disconnect-n5-2.25,3,True,239.72,241.96,2.25,2.240000000000009,1,242,3.04,3.07863,2.25,3.03863,0.7999999999999909,0.7986299999999908,2.760000000000009,2.77,0.2799999999999909,0.27,0.31862999999999086,0.30862999999999996,0.27862999999999083,0.2686299999999999
s05-r0-disconnect-n5-2.25,5,0,disconnect-n5-2.25,4,True,359.36,361.64,2.25,2.2799999999999727,1,362,3.04,3.08393,2.25,3.04393,0.7600000000000273,0.7639300000000273,2.7999999999999727,2.77,0.2400000000000273,0.27,0.2839300000000273,0.31393000000000004,0.2439300000000273,0.27393
s05-r1-disconnect-n10-1,5,1,disconnect-n10-1,0,True,19.8,20.8,1.0,1.0,1,21,1.52,1.55939,1.0,1.51939,0.52,0.51939,1.52,1.52,0.0,0.0,0.039390000000000036,0.039390000000000036,-0.0006099999999999994,-0.0006099999999999994
s05-r1-disconnect-n10-1,5,1,disconnect-n10-1,1,True,55.12,56.12,1.0,1.0,1,56,1.52,1.55895,1.0,1.51895,0.52,0.51895,1.52,1.52,0.0,0.0,0.03895000000000004,0.03895000000000004,-0.0010499999999999954,-0.0010499999999999954
s05-r1-disconnect-n10-1,5,1,disconnect-n10-1,2,True,103.44,104.44,1.0,1.0,1,104,1.52,1.56046,1.0,1.52046,0.52,0.5204599999999999,1.52,1.52,0.0,0.0,0.04045999999999994,0.04045999999999994,0.00045999999999990493,0.00045999999999990493
s05-r1-disconnect-n10-1,5,1,disconnect-n10-1,3,True,147.4,148.4,1.0,1.0,1,148,1.52,1.56106,1.0,1.5210599999999999,0.52,0.5210599999999999,1.52,1.52,0.0,0.0,0.041059999999999874,0.041059999999999874,0.0010599999999998388,0.0010599999999998388
s05-r1-disconnect-n10-1,5,1,disconnect-n10-1,4,True,181.2,182.2,1.0,1.0,1,182,1.52,1.56069,1.0,1.5206899999999999,0.52,0.5206899999999999,1.52,1.52,0.0,0.0,0.04068999999999989,0.04068999999999989,0.0006899999999998574,0.0006899999999998574
s05-r1-disconnect-n10-1,5,1,disconnect-n10-1,5,True,204.96,205.96,1.0,1.0,1,206,1.52,1.56026,1.0,1.52026,0.52,0.52026,1.52,1.52,0.0,0.0,0.04025999999999996,0.04025999999999996,0.00025999999999992696,0.00025999999999992696
s05-r1-disconnect-n10-1,5,1,disconnect-n10-1,6,True,250.56,251.56,1.0,1.0,1,252,1.52,1.556,1.0,1.516,0.52,0.516,1.52,1.52,0.0,0.0,0.03600000000000003,0.03600000000000003,-0.0040000000000000036,-0.0040000000000000036
s05-r1-disconnect-n10-1,5,1,disconnect-n10-1,7,True,265.72,266.72,1.0,1.0,1,267,1.52,1.5602,1.0,1.5202,0.52,0.5202,1.52,1.52,0.0,0.0,0.040200000000000014,0.040200000000000014,0.00019999999999997797,0.00019999999999997797
s05-r1-disconnect-n10-1,5,1,disconnect-n10-1,8,True,309.16,310.16,1.0,1.0,1,310,1.52,1.56097,1.0,1.52097,0.52,0.5209699999999999,1.52,1.52,0.0,0.0,0.04096999999999995,0.04096999999999995,0.0009699999999999154,0.0009699999999999154
s05-r1-disconnect-n10-1,5,1,disconnect-n10-1,9,True,349.12,350.12,1.0,1.0,1,350,1.52,1.55949,1.0,1.51949,0.52,0.51949,1.52,1.52,0.0,0.0,0.039490000000000025,0.039490000000000025,-0.0005100000000000104,-0.0005100000000000104
s05-r1-disconnect-n2-1,5,1,disconnect-n2-1,0,True,55.72,56.72,1.0,1.0,1,57,1.52,1.55903,1.0,1.5190299999999999,0.52,0.5190299999999999,1.52,1.52,0.0,0.0,0.0390299999999999,0.0390299999999999,-0.0009700000000001374,-0.0009700000000001374
s05-r1-disconnect-n2-1,5,1,disconnect-n2-1,1,True,215.52,216.52,1.0,1.0,1,217,1.52,1.5592,1.0,1.5191999999999999,0.52,0.5191999999999999,1.52,1.52,0.0,0.0,0.0391999999999999,0.0391999999999999,-0.0008000000000001339,-0.0008000000000001339
s05-r1-disconnect-n20-1,5,1,disconnect-n20-1,0,True,24.4,25.4,1.0,1.0,1,25,1.52,1.5605,1.0,1.5205,0.52,0.5205,1.52,1.52,0.0,0.0,0.04049999999999998,0.04049999999999998,0.0004999999999999449,0.0004999999999999449
s05-r1-disconnect-n20-1,5,1,disconnect-n20-1,1,True,34.56,35.56,1.0,1.0,1,36,1.52,1.55999,1.0,1.51999,0.52,0.51999,1.52,1.52,0.0,0.0,0.03998999999999997,0.03998999999999997,-1.0000000000065512e-05,-1.0000000000065512e-05
s05-r1-disconnect-n20-1,5,1,disconnect-n20-1,2,True,57.44,58.44,1.0,1.0,1,58,1.52,1.56032,1.0,1.52032,0.52,0.5203199999999999,1.52,1.52,0.0,0.0,0.04031999999999991,0.04031999999999991,0.00031999999999987594,0.00031999999999987594
s05-r1-disconnect-n20-1,5,1,disconnect-n20-1,3,True,75.72,76.72,1.0,1.0,1,77,1.52,1.56082,1.0,1.52082,0.52,0.5208200000000001,1.52,1.52,0.0,0.0,0.04082000000000008,0.04082000000000008,0.0008200000000000429,0.0008200000000000429
s05-r1-disconnect-n20-1,5,1,disconnect-n20-1,4,True,91.92,92.92,1.0,1.0,1,93,1.52,1.55999,1.0,1.51999,0.52,0.51999,1.52,1.52,0.0,0.0,0.03998999999999997,0.03998999999999997,-1.0000000000065512e-05,-1.0000000000065512e-05
s05-r1-disconnect-n20-1,5,1,disconnect-n20-1,5,True,109.0,110.0,1.0,1.0,1,110,1.52,1.5611,1.0,1.5211,0.52,0.5210999999999999,1.52,1.52,0.0,0.0,0.041099999999999914,0.041099999999999914,0.0010999999999998789,0.0010999999999998789
s05-r1-disconnect-n20-1,5,1,disconnect-n20-1,6,True,130.16,131.16,1.0,1.0,1,131,1.52,1.55527,1.0,1.51527,0.52,0.5152699999999999,1.52,1.52,0.0,0.0,0.03526999999999991,0.03526999999999991,-0.004730000000000123,-0.004730000000000123
s05-r1-disconnect-n20-1,5,1,disconnect-n20-1,7,True,149.08,150.08,1.0,1.0,1,150,1.52,1.56089,1.0,1.52089,0.52,0.5208900000000001,1.52,1.52,0.0,0.0,0.04089000000000009,0.04089000000000009,0.0008900000000000574,0.0008900000000000574
s05-r1-disconnect-n20-1,5,1,disconnect-n20-1,8,True,168.64,169.64,1.0,1.0,1,170,1.52,1.5602,1.0,1.5202,0.52,0.5202,1.52,1.52,0.0,0.0,0.040200000000000014,0.040200000000000014,0.00019999999999997797,0.00019999999999997797
s05-r1-disconnect-n20-1,5,1,disconnect-n20-1,9,True,178.92,179.92,1.0,1.0,1,180,1.52,1.56054,1.0,1.52054,0.52,0.52054,1.52,1.52,0.0,0.0,0.04054000000000002,0.04054000000000002,0.0005399999999999849,0.0005399999999999849
s05-r1-disconnect-n20-1,5,1,disconnect-n20-1,10,True,195.52,196.52,1.0,1.0,1,197,1.52,1.56134,1.0,1.52134,0.52,0.5213399999999999,1.52,1.52,0.0,0.0,0.04133999999999993,0.04133999999999993,0.0013399999999998968,0.0013399999999998968
s05-r1-disconnect-n20-1,5,1,disconnect-n20-1,11,True,217.84,218.84,1.0,1.0,1,219,1.52,1.5606,1.0,1.5206,0.52,0.5206,1.52,1.52,0.0,0.0,0.04059999999999997,0.04059999999999997,0.0005999999999999339,0.0005999999999999339
s05-r1-disconnect-n20-1,5,1,disconnect-n20-1,12,True,237.8,238.8,1.0,1.0,1,239,1.52,1.56064,1.0,1.52064,0.52,0.52064,1.52,1.52,0.0,0.0,0.04064000000000001,0.04064000000000001,0.0006399999999999739,0.0006399999999999739
s05-r1-disconnect-n20-1,5,1,disconnect-n20-1,13,True,254.24,255.24,1.0,1.0,1,255,1.52,1.56033,1.0,1.52033,0.52,0.52033,1.52,1.52,0.0,0.0,0.04032999999999998,0.04032999999999998,0.00032999999999994145,0.00032999999999994145
s05-r1-disconnect-n20-1,5,1,disconnect-n20-1,14,True,270.04,271.04,1.0,1.0,1,271,1.52,1.56097,1.0,1.52097,0.52,0.5209699999999999,1.52,1.52,0.0,0.0,0.04096999999999995,0.04096999999999995,0.0009699999999999154,0.0009699999999999154
s05-r1-disconnect-n20-1,5,1,disconnect-n20-1,15,True,293.36,294.36,1.0,1.0,1,294,1.52,1.55617,1.0,1.51617,0.52,0.51617,1.52,1.52,0.0,0.0,0.036170000000000035,0.036170000000000035,-0.00383,-0.00383
s05-r1-disconnect-n20-1,5,1,disconnect-n20-1,16,True,311.56,312.56,1.0,1.0,1,313,1.52,1.55585,1.0,1.51585,0.52,0.5158499999999999,1.52,1.52,0.0,0.0,0.03584999999999994,0.03584999999999994,-0.004150000000000098,-0.004150000000000098
s05-r1-disconnect-n20-1,5,1,disconnect-n20-1,17,True,327.08,328.08,1.0,1.0,1,328,1.52,1.55591,1.0,1.5159099999999999,0.52,0.5159099999999999,1.52,1.52,0.0,0.0,0.035909999999999886,0.035909999999999886,-0.004090000000000149,-0.004090000000000149
s05-r1-disconnect-n20-1,5,1,disconnect-n20-1,18,True,339.84,340.84,1.0,1.0,1,341,1.52,1.56085,1.0,1.52085,0.52,0.52085,1.52,1.52,0.0,0.0,0.04085000000000005,0.04085000000000005,0.0008500000000000174,0.0008500000000000174
s05-r1-disconnect-n20-1,5,1,disconnect-n20-1,19,True,358.68,359.68,1.0,1.0,1,360,1.52,1.56022,1.0,1.52022,0.52,0.5202199999999999,1.52,1.52,0.0,0.0,0.04021999999999992,0.04021999999999992,0.00021999999999988695,0.00021999999999988695
s05-r1-disconnect-n5-1,5,1,disconnect-n5-1,0,True,65.88,66.88,1.0,1.0,1,67,1.52,1.5604,1.0,1.5204,0.52,0.5204,1.52,1.52,0.0,0.0,0.04039999999999999,0.04039999999999999,0.00039999999999995595,0.00039999999999995595
s05-r1-disconnect-n5-1,5,1,disconnect-n5-1,1,True,131.16,132.16,1.0,1.0,1,132,1.52,1.55527,1.0,1.51527,0.52,0.5152699999999999,1.52,1.52,0.0,0.0,0.03526999999999991,0.03526999999999991,-0.004730000000000123,-0.004730000000000123
s05-r1-disconnect-n5-1,5,1,disconnect-n5-1,2,True,221.24,222.24,1.0,1.0,1,222,1.52,1.56072,1.0,1.52072,0.52,0.5207200000000001,1.52,1.52,0.0,0.0,0.04072000000000009,0.04072000000000009,0.0007200000000000539,0.0007200000000000539
s05-r1-disconnect-n5-1,5,1,disconnect-n5-1,3,True,266.68,267.68,1.0,1.0,1,268,1.52,1.55995,1.0,1.51995,0.52,0.5199499999999999,1.52,1.52,0.0,0.0,0.03994999999999993,0.03994999999999993,-5.0000000000105516e-05,-5.0000000000105516e-05
s05-r1-disconnect-n5-1,5,1,disconnect-n5-1,4,True,362.92,363.92,1.0,1.0,1,364,1.52,1.56036,1.0,1.52036,0.52,0.5203599999999999,1.52,1.52,0.0,0.0,0.04035999999999995,0.04035999999999995,0.00035999999999991594,0.00035999999999991594
s05-r2-disconnect-n10-1,5,2,disconnect-n10-1,0,True,32.56,33.56,1.0,1.0,1,34,1.52,1.55946,1.0,1.51946,0.52,0.51946,1.52,1.52,0.0,0.0,0.03946000000000005,0.03946000000000005,-0.0005399999999999849,-0.0005399999999999849
s05-r2-disconnect-n10-1,5,2,disconnect-n10-1,1,True,57.44,58.44,1.0,1.0,1,58,1.52,1.55912,1.0,1.51912,0.52,0.51912,1.52,1.52,0.0,0.0,0.039120000000000044,0.039120000000000044,-0.0008799999999999919,-0.0008799999999999919
s05-r2-disconnect-n10-1,5,2,disconnect-n10-1,2,True,114.8,115.8,1.0,1.0,1,116,1.52,1.56015,1.0,1.52015,0.52,0.5201499999999999,1.52,1.52,0.0,0.0,0.04014999999999991,0.04014999999999991,0.00014999999999987246,0.00014999999999987246
s05-r2-disconnect-n10-1,5,2,disconnect-n10-1,3,True,151.68,152.68,1.0,1.0,1,153,1.52,1.55885,1.0,1.51885,0.52,0.51885,1.52,1.52,0.0,0.0,0.03885000000000005,0.03885000000000005,-0.0011499999999999844,-0.0011499999999999844
s05-r2-disconnect-n10-1,5,2,disconnect-n10-1,4,True,174.72,175.72,1.0,1.0,1,176,1.52,1.56031,1.0,1.52031,0.52,0.52031,1.52,1.52,0.0,0.0,0.04031000000000007,0.04031000000000007,0.00031000000000003247,0.00031000000000003247
s05-r2-disconnect-n10-1,5,2,disconnect-n10-1,5,True,214.68,215.68,1.0,1.0,1,216,1.52,1.56328,1.0,1.52328,0.52,0.52328,1.52,1.52,0.0,0.0,0.043279999999999985,0.043279999999999985,0.0032799999999999496,0.0032799999999999496
s05-r2-disconnect-n10-1,5,2,disconnect-n10-1,6,True,233.32,234.32,1.0,1.0,1,234,1.52,1.55889,1.0,1.51889,0.52,0.5188900000000001,1.52,1.52,0.0,0.0,0.03889000000000009,0.03889000000000009,-0.0011099999999999444,-0.0011099999999999444
s05-r2-disconnect-n10-1,5,2,disconnect-n10-1,7,True,285.04,286.04,1.0,1.0,1,286,1.52,1.55919,1.0,1.51919,0.52,0.51919,1.52,1.52,0.0,0.0,0.03919000000000006,0.03919000000000006,-0.0008099999999999774,-0.0008099999999999774
s05-r2-disconnect-n10-1,5,2,disconnect-n10-1,8,True,329.4,330.4,1.0,1.0,1,330,1.52,1.55988,1.0,1.51988,0.52,0.5198799999999999,1.52,1.52,0.0,0.0,0.039879999999999916,0.039879999999999916,-0.00012000000000012001,-0.00012000000000012001
s05-r2-disconnect-n10-1,5,2,disconnect-n10-1,9,True,341.6,342.6,1.0,1.0,1,343,1.52,1.56046,1.0,1.52046,0.52,0.5204599999999999,1.52,1.52,0.0,0.0,0.04045999999999994,0.04045999999999994,0.00045999999999990493,0.00045999999999990493
s05-r2-disconnect-n2-1,5,2,disconnect-n2-1,0,True,52.16,53.16,1.0,1.0,1,53,1.52,1.56005,1.0,1.52005,0.52,0.5200499999999999,1.52,1.52,0.0,0.0,0.04004999999999992,0.04004999999999992,4.999999999988347e-05,4.999999999988347e-05
s05-r2-disconnect-n2-1,5,2,disconnect-n2-1,1,True,244.6,245.6,1.0,1.0,1,246,1.52,1.55944,1.0,1.51944,0.52,0.5194399999999999,1.52,1.52,0.0,0.0,0.03943999999999992,0.03943999999999992,-0.000560000000000116,-0.000560000000000116
s05-r2-disconnect-n20-1,5,2,disconnect-n20-1,0,True,24.32,25.32,1.0,1.0,1,25,1.52,1.55939,1.0,1.51939,0.52,0.51939,1.52,1.52,0.0,0.0,0.039390000000000036,0.039390000000000036,-0.0006099999999999994,-0.0006099999999999994
s05-r2-disconnect-n20-1,5,2,disconnect-n20-1,1,True,40.8,41.8,1.0,1.0,1,42,1.52,1.56,1.0,1.52,0.52,0.52,1.52,1.52,0.0,0.0,0.040000000000000036,0.040000000000000036,0.0,0.0
s05-r2-disconnect-n20-1,5,2,disconnect-n20-1,2,True,61.56,62.56,1.0,1.0,1,63,1.52,1.5597,1.0,1.5197,0.52,0.5197,1.52,1.52,0.0,0.0,0.03970000000000007,0.03970000000000007,-0.00029999999999996696,-0.00029999999999996696
s05-r2-disconnect-n20-1,5,2,disconnect-n20-1,3,True,76.84,77.84,1.0,1.0,1,78,1.52,1.56067,1.0,1.52067,0.52,0.52067,1.52,1.52,0.0,0.0,0.040669999999999984,0.040669999999999984,0.0006699999999999484,0.0006699999999999484
s05-r2-disconnect-n20-1,5,2,disconnect-n20-1,4,True,92.68,93.68,1.0,1.0,1,94,1.52,1.56039,1.0,1.52039,0.52,0.5203899999999999,1.52,1.52,0.0,0.0,0.040389999999999926,0.040389999999999926,0.00038999999999989043,0.00038999999999989043
s05-r2-disconnect-n20-1,5,2,disconnect-n20-1,5,True,106.92,107.92,1.0,1.0,1,108,1.52,1.56036,1.0,1.52036,0.52,0.5203599999999999,1.52,1.52,0.0,0.0,0.04035999999999995,0.04035999999999995,0.00035999999999991594,0.00035999999999991594
s05-r2-disconnect-n20-1,5,2,disconnect-n20-1,6,True,124.2,125.2,1.0,1.0,1,125,1.52,1.55564,1.0,1.5156399999999999,0.52,0.5156399999999999,1.52,1.52,0.0,0.0,0.035639999999999894,0.035639999999999894,-0.0043600000000001415,-0.0043600000000001415
s05-r2-disconnect-n20-1,5,2,disconnect-n20-1,7,True,149.96,150.96,1.0,1.0,1,151,1.52,1.55909,1.0,1.51909,0.52,0.51909,1.52,1.52,0.0,0.0,0.03909000000000007,0.03909000000000007,-0.0009099999999999664,-0.0009099999999999664
s05-r2-disconnect-n20-1,5,2,disconnect-n20-1,8,True,163.8,164.8,1.0,1.0,1,165,1.52,1.55856,1.0,1.51856,0.52,0.5185599999999999,1.52,1.52,0.0,0.0,0.03855999999999993,0.03855999999999993,-0.0014400000000001079,-0.0014400000000001079
s05-r2-disconnect-n20-1,5,2,disconnect-n20-1,9,True,176.72,177.72,1.0,1.0,1,178,1.52,1.55971,1.0,1.51971,0.52,0.5197099999999999,1.52,1.52,0.0,0.0,0.03970999999999991,0.03970999999999991,-0.0002900000000001235,-0.0002900000000001235
s05-r2-disconnect-n20-1,5,2,disconnect-n20-1,10,True,196.64,197.64,1.0,1.0,1,198,1.52,1.55909,1.0,1.51909,0.52,0.51909,1.52,1.52,0.0,0.0,0.03909000000000007,0.03909000000000007,-0.0009099999999999664,-0.0009099999999999664
s05-r2-disconnect-n20-1,5,2,disconnect-n20-1,11,True,214.32,215.32,1.0,1.0,1,215,1.52,1.55955,1.0,1.51955,0.52,0.51955,1.52,1.52,0.0,0.0,0.039549999999999974,0.039549999999999974,-0.00045000000000006146,-0.00045000000000006146
s05-r2-disconnect-n20-1,5,2,disconnect-n20-1,12,True,231.44,232.44,1.0,1.0,1,232,1.52,1.55994,1.0,1.51994,0.52,0.5199400000000001,1.52,1.52,0.0,0.0,0.03994000000000009,0.03994000000000009,-5.999999999994898e-05,-5.999999999994898e-05
s05-r2-disconnect-n20-1,5,2,disconnect-n20-1,13,True,249.64,250.64,1.0,1.0,1,251,1.52,1.56081,1.0,1.52081,0.52,0.52081,1.52,1.52,0.0,0.0,0.04081000000000001,0.04081000000000001,0.0008099999999999774,0.0008099999999999774
s05-r2-disconnect-n20-1,5,2,disconnect-n20-1,14,True,267.64,268.64,1.0,1.0,1,269,1.52,1.56022,1.0,1.52022,0.52,0.5202199999999999,1.52,1.52,0.0,0.0,0.04021999999999992,0.04021999999999992,0.00021999999999988695,0.00021999999999988695
s05-r2-disconnect-n20-1,5,2,disconnect-n20-1,15,True,290.92,291.92,1.0,1.0,1,292,1.52,1.5625,1.0,1.5225,0.52,0.5225,1.52,1.52,0.0,0.0,0.04249999999999998,0.04249999999999998,0.0024999999999999467,0.0024999999999999467
s05-r2-disconnect-n20-1,5,2,disconnect-n20-1,16,True,303.24,304.24,1.0,1.0,1,304,1.52,1.56142,1.0,1.52142,0.52,0.52142,1.52,1.52,0.0,0.0,0.04142000000000001,0.04142000000000001,0.0014199999999999768,0.0014199999999999768
s05-r2-disconnect-n20-1,5,2,disconnect-n20-1,17,True,329.84,330.84,1.0,1.0,1,331,1.52,1.5605,1.0,1.5205,0.52,0.5205,1.52,1.52,0.0,0.0,0.04049999999999998,0.04049999999999998,0.0004999999999999449,0.0004999999999999449
s05-r2-disconnect-n20-1,5,2,disconnect-n20-1,18,True,346.04,347.04,1.0,1.0,1,347,1.52,1.56113,1.0,1.5211299999999999,0.52,0.5211299999999999,1.52,1.52,0.0,0.0,0.04112999999999989,0.04112999999999989,0.0011299999999998533,0.0011299999999998533
s05-r2-disconnect-n20-1,5,2,disconnect-n20-1,19,True,356.24,357.24,1.0,1.0,1,357,1.52,1.56077,1.0,1.52077,0.52,0.52077,1.52,1.52,0.0,0.0,0.04076999999999997,0.04076999999999997,0.0007699999999999374,0.0007699999999999374
s05-r2-disconnect-n5-1,5,2,disconnect-n5-1,0,True,77.88,78.88,1.0,1.0,1,79,1.52,1.56024,1.0,1.52024,0.52,0.52024,1.52,1.52,0.0,0.0,0.040240000000000054,0.040240000000000054,0.00024000000000001798,0.00024000000000001798
s05-r2-disconnect-n5-1,5,2,disconnect-n5-1,1,True,90.24,91.24,1.0,1.0,1,91,1.52,1.5598,1.0,1.5198,0.52,0.5198,1.52,1.52,0.0,0.0,0.03980000000000006,0.03980000000000006,-0.00019999999999997797,-0.00019999999999997797
s05-r2-disconnect-n5-1,5,2,disconnect-n5-1,2,True,174.64,175.64,1.0,1.0,1,176,1.52,1.56016,1.0,1.52016,0.52,0.52016,1.52,1.52,0.0,0.0,0.040159999999999973,0.040159999999999973,0.00015999999999993797,0.00015999999999993797
s05-r2-disconnect-n5-1,5,2,disconnect-n5-1,3,True,289.16,290.16,1.0,1.0,1,290,1.52,1.55956,1.0,1.51956,0.52,0.51956,1.52,1.52,0.0,0.0,0.03956000000000004,0.03956000000000004,-0.00043999999999999595,-0.00043999999999999595
s05-r2-disconnect-n5-1,5,2,disconnect-n5-1,4,True,321.48,322.48,1.0,1.0,1,323,1.52,1.56072,1.0,1.52072,0.52,0.5207200000000001,1.52,1.52,0.0,0.0,0.04072000000000009,0.04072000000000009,0.0007200000000000539,0.0007200000000000539
s05-r3-disconnect-n10-1,5,3,disconnect-n10-1,0,True,25.8,26.8,1.0,1.0,1,27,1.52,1.56032,1.0,1.52032,0.52,0.5203199999999999,1.52,1.52,0.0,0.0,0.04031999999999991,0.04031999999999991,0.00031999999999987594,0.00031999999999987594
s05-r3-disconnect-n10-1,5,3,disconnect-n10-1,1,True,58.32,59.32,1.0,1.0,1,59,1.52,1.56401,1.0,1.5240099999999999,0.52,0.5240099999999999,1.52,1.52,0.0,0.0,0.04400999999999988,0.04400999999999988,0.004009999999999847,0.004009999999999847
s05-r3-disconnect-n10-1,5,3,disconnect-n10-1,2,True,107.64,108.64,1.0,1.0,1,109,1.52,1.55945,1.0,1.51945,0.52,0.51945,1.52,1.52,0.0,0.0,0.039449999999999985,0.039449999999999985,-0.0005500000000000504,-0.0005500000000000504
s05-r3-disconnect-n10-1,5,3,disconnect-n10-1,3,True,151.24,152.24,1.0,1.0,1,152,1.52,1.56037,1.0,1.52037,0.52,0.52037,1.52,1.52,0.0,0.0,0.04037000000000002,0.04037000000000002,0.00036999999999998145,0.00036999999999998145
s05-r3-disconnect-n10-1,5,3,disconnect-n10-1,4,True,179.72,180.72,1.0,1.0,1,181,1.52,1.56056,1.0,1.52056,0.52,0.5205599999999999,1.52,1.52,0.0,0.0,0.04055999999999993,0.04055999999999993,0.0005599999999998939,0.0005599999999998939
s05-r3-disconnect-n10-1,5,3,disconnect-n10-1,5,True,194.68,195.68,1.0,1.0,1,196,1.52,1.56089,1.0,1.52089,0.52,0.5208900000000001,1.52,1.52,0.0,0.0,0.04089000000000009,0.04089000000000009,0.0008900000000000574,0.0008900000000000574
s05-r3-disconnect-n10-1,5,3,disconnect-n10-1,6,True,248.88,249.88,1.0,1.0,1,250,1.52,1.56053,1.0,1.52053,0.52,0.5205299999999999,1.52,1.52,0.0,0.0,0.040529999999999955,0.040529999999999955,0.0005299999999999194,0.0005299999999999194
s05-r3-disconnect-n10-1,5,3,disconnect-n10-1,7,True,287.76,288.76,1.0,1.0,1,289,1.52,1.55637,1.0,1.51637,0.52,0.51637,1.52,1.52,0.0,0.0,0.03637000000000001,0.03637000000000001,-0.003630000000000022,-0.003630000000000022
s05-r3-disconnect-n10-1,5,3,disconnect-n10-1,8,True,302.24,303.24,1.0,1.0,1,303,1.52,1.56001,1.0,1.5200099999999999,0.52,0.5200099999999999,1.52,1.52,0.0,0.0,0.04000999999999988,0.04000999999999988,9.999999999843467e-06,9.999999999843467e-06
s05-r3-disconnect-n10-1,5,3,disconnect-n10-1,9,True,361.84,362.84,1.0,1.0,1,363,1.52,1.56078,1.0,1.52078,0.52,0.52078,1.52,1.52,0.0,0.0,0.04078000000000004,0.04078000000000004,0.0007800000000000029,0.0007800000000000029
s05-r3-disconnect-n2-1,5,3,disconnect-n2-1,0,True,47.72,48.72,1.0,1.0,1,49,1.52,1.56045,1.0,1.5204499999999999,0.52,0.5204499999999999,1.52,1.52,0.0,0.0,0.040449999999999875,0.040449999999999875,0.0004499999999998394,0.0004499999999998394
s05-r3-disconnect-n2-1,5,3,disconnect-n2-1,1,True,250.8,251.8,1.0,1.0,1,252,1.52,1.56022,1.0,1.52022,0.52,0.5202199999999999,1.52,1.52,0.0,0.0,0.04021999999999992,0.04021999999999992,0.00021999999999988695,0.00021999999999988695
s05-r3-disconnect-n20-1,5,3,disconnect-n20-1,0,True,18.32,19.32,1.0,1.0,1,19,1.52,1.56065,1.0,1.52065,0.52,0.5206500000000001,1.52,1.52,0.0,0.0,0.040650000000000075,0.040650000000000075,0.0006500000000000394,0.0006500000000000394
s05-r3-disconnect-n20-1,5,3,disconnect-n20-1,1,True,40.08,41.08,1.0,1.0,1,41,1.52,1.55965,1.0,1.51965,0.52,0.51965,1.52,1.52,0.0,0.0,0.03964999999999996,0.03964999999999996,-0.0003500000000000725,-0.0003500000000000725
s05-r3-disconnect-n20-1,5,3,disconnect-n20-1,2,True,59.76,60.76,1.0,1.0,1,61,1.52,1.56436,1.0,1.52436,0.52,0.5243599999999999,1.52,1.52,0.0,0.0,0.044359999999999955,0.044359999999999955,0.0043599999999999195,0.0043599999999999195
s05-r3-disconnect-n20-1,5,3,disconnect-n20-1,3,True,71.96,72.96,1.0,1.0,1,73,1.52,1.55914,1.0,1.51914,0.52,0.5191399999999999,1.52,1.52,0.0,0.0,0.03913999999999995,0.03913999999999995,-0.0008600000000000829,-0.0008600000000000829
s05-r3-disconnect-n20-1,5,3,disconnect-n20-1,4,True,91.68,92.68,1.0,1.0,1,93,1.52,1.55969,1.0,1.51969,0.52,0.51969,1.52,1.52,0.0,0.0,0.03969,0.03969,-0.00031000000000003247,-0.00031000000000003247
s05-r3-disconnect-n20-1,5,3,disconnect-n20-1,5,True,108.28,109.28,1.0,1.0,1,109,1.52,1.55988,1.0,1.51988,0.52,0.5198799999999999,1.52,1.52,0.0,0.0,0.039879999999999916,0.039879999999999916,-0.00012000000000012001,-0.00012000000000012001
s05-r3-disconnect-n20-1,5,3,disconnect-n20-1,6,True,123.96,124.96,1.0,1.0,1,125,1.52,1.55963,1.0,1.51963,0.52,0.51963,1.52,1.52,0.0,0.0,0.039630000000000054,0.039630000000000054,-0.00036999999999998145,-0.00036999999999998145
s05-r3-disconnect-n20-1,5,3,disconnect-n20-1,7,True,149.76,150.76,1.0,1.0,1,151,1.52,1.55966,1.0,1.51966,0.52,0.51966,1.52,1.52,0.0,0.0,0.03966000000000003,0.03966000000000003,-0.00034000000000000696,-0.00034000000000000696
s05-r3-disconnect-n20-1,5,3,disconnect-n20-1,8,True,162.48,163.48,1.0,1.0,1,164,1.52,1.55925,1.0,1.51925,0.52,0.51925,1.52,1.52,0.0,0.0,0.03925000000000001,0.03925000000000001,-0.0007500000000000284,-0.0007500000000000284
s05-r3-disconnect-n20-1,5,3,disconnect-n20-1,9,True,177.64,178.64,1.0,1.0,1,179,1.52,1.56057,1.0,1.52057,0.52,0.52057,1.52,1.52,0.0,0.0,0.040569999999999995,0.040569999999999995,0.0005699999999999594,0.0005699999999999594
s05-r3-disconnect-n20-1,5,3,disconnect-n20-1,10,True,203.64,204.64,1.0,1.0,1,205,1.52,1.55983,1.0,1.51983,0.52,0.51983,1.52,1.52,0.0,0.0,0.03983000000000003,0.03983000000000003,-0.00017000000000000348,-0.00017000000000000348
s05-r3-disconnect-n20-1,5,3,disconnect-n20-1,11,True,212.24,213.24,1.0,1.0,1,213,1.52,1.55989,1.0,1.51989,0.52,0.51989,1.52,1.52,0.0,0.0,0.03988999999999998,0.03988999999999998,-0.0001100000000000545,-0.0001100000000000545
s05-r3-disconnect-n20-1,5,3,disconnect-n20-1,12,True,235.04,236.04,1.0,1.0,1,236,1.52,1.55993,1.0,1.51993,0.52,0.51993,1.52,1.52,0.0,0.0,0.03993000000000002,0.03993000000000002,-7.00000000000145e-05,-7.00000000000145e-05
s05-r3-disconnect-n20-1,5,3,disconnect-n20-1,13,True,253.16,254.16,1.0,1.0,1,254,1.52,1.55974,1.0,1.5197399999999999,0.52,0.5197399999999999,1.52,1.52,0.0,0.0,0.039739999999999887,0.039739999999999887,-0.000260000000000149,-0.000260000000000149
s05-r3-disconnect-n20-1,5,3,disconnect-n20-1,14,True,267.84,268.84,1.0,1.0,1,269,1.52,1.56061,1.0,1.52061,0.52,0.52061,1.52,1.52,0.0,0.0,0.040610000000000035,0.040610000000000035,0.0006099999999999994,0.0006099999999999994
s05-r3-disconnect-n20-1,5,3,disconnect-n20-1,15,True,292.88,293.88,1.0,1.0,1,294,1.52,1.56011,1.0,1.52011,0.52,0.5201100000000001,1.52,1.52,0.0,0.0,0.04011000000000009,0.04011000000000009,0.0001100000000000545,0.0001100000000000545
s05-r3-disconnect-n20-1,5,3,disconnect-n20-1,16,True,310.56,311.56,1.0,1.0,1,312,1.52,1.56012,1.0,1.52012,0.52,0.5201199999999999,1.52,1.52,0.0,0.0,0.040119999999999933,0.040119999999999933,0.00011999999999989797,0.00011999999999989797
s05-r3-disconnect-n20-1,5,3,disconnect-n20-1,17,True,324.28,325.28,1.0,1.0,1,325,1.52,1.55957,1.0,1.5195699999999999,0.52,0.5195699999999999,1.52,1.52,0.0,0.0,0.03956999999999988,0.03956999999999988,-0.0004300000000001525,-0.0004300000000001525
s05-r3-disconnect-n20-1,5,3,disconnect-n20-1,18,True,345.12,346.12,1.0,1.0,1,346,1.52,1.55955,1.0,1.51955,0.52,0.51955,1.52,1.52,0.0,0.0,0.039549999999999974,0.039549999999999974,-0.00045000000000006146,-0.00045000000000006146
s05-r3-disconnect-n20-1,5,3,disconnect-n20-1,19,True,361.84,362.84,1.0,1.0,1,363,1.52,1.55964,1.0,1.5196399999999999,0.52,0.5196399999999999,1.52,1.52,0.0,0.0,0.0396399999999999,0.0396399999999999,-0.000360000000000138,-0.000360000000000138
s05-r3-disconnect-n5-1,5,3,disconnect-n5-1,0,True,22.8,23.8,1.0,1.0,1,24,1.52,1.56025,1.0,1.5202499999999999,0.52,0.5202499999999999,1.52,1.52,0.0,0.0,0.0402499999999999,0.0402499999999999,0.00024999999999986144,0.00024999999999986144
s05-r3-disconnect-n5-1,5,3,disconnect-n5-1,1,True,106.88,107.88,1.0,1.0,1,108,1.52,1.56051,1.0,1.52051,0.52,0.52051,1.52,1.52,0.0,0.0,0.040510000000000046,0.040510000000000046,0.0005100000000000104,0.0005100000000000104
s05-r3-disconnect-n5-1,5,3,disconnect-n5-1,2,True,174.76,175.76,1.0,1.0,1,176,1.52,1.5596,1.0,1.5196,0.52,0.5196000000000001,1.52,1.52,0.0,0.0,0.03960000000000008,0.03960000000000008,-0.00039999999999995595,-0.00039999999999995595
s05-r3-disconnect-n5-1,5,3,disconnect-n5-1,3,True,270.48,271.48,1.0,1.0,1,272,1.52,1.56055,1.0,1.52055,0.52,0.5205500000000001,1.52,1.52,0.0,0.0,0.040550000000000086,0.040550000000000086,0.0005500000000000504,0.0005500000000000504
s05-r3-disconnect-n5-1,5,3,disconnect-n5-1,4,True,301.88,302.88,1.0,1.0,1,303,1.52,1.56095,1.0,1.52095,0.52,0.52095,1.52,1.52,0.0,0.0,0.04095000000000004,0.04095000000000004,0.0009500000000000064,0.0009500000000000064
s05-r4-disconnect-n10-1,5,4,disconnect-n10-1,0,True,20.56,21.56,1.0,1.0,1,22,1.52,1.55978,1.0,1.51978,0.52,0.5197799999999999,1.52,1.52,0.0,0.0,0.039779999999999927,0.039779999999999927,-0.000220000000000109,-0.000220000000000109
s05-r4-disconnect-n10-1,5,4,disconnect-n10-1,1,True,67.56,68.56,1.0,1.0,1,69,1.52,1.56033,1.0,1.52033,0.52,0.52033,1.52,1.52,0.0,0.0,0.04032999999999998,0.04032999999999998,0.00032999999999994145,0.00032999999999994145
s05-r4-disconnect-n10-1,5,4,disconnect-n10-1,2,True,89.04,90.04,1.0,1.0,1,90,1.52,1.56095,1.0,1.52095,0.52,0.52095,1.52,1.52,0.0,0.0,0.04095000000000004,0.04095000000000004,0.0009500000000000064,0.0009500000000000064
s05-r4-disconnect-n10-1,5,4,disconnect-n10-1,3,True,147.12,148.12,1.0,1.0,1,148,1.52,1.55988,1.0,1.51988,0.52,0.5198799999999999,1.52,1.52,0.0,0.0,0.039879999999999916,0.039879999999999916,-0.00012000000000012001,-0.00012000000000012001
s05-r4-disconnect-n10-1,5,4,disconnect-n10-1,4,True,169.88,170.88,1.0,1.0,1,171,1.52,1.56012,1.0,1.52012,0.52,0.5201199999999999,1.52,1.52,0.0,0.0,0.040119999999999933,0.040119999999999933,0.00011999999999989797,0.00011999999999989797
s05-r4-disconnect-n10-1,5,4,disconnect-n10-1,5,True,199.88,200.88,1.0,1.0,1,201,1.52,1.56039,1.0,1.52039,0.52,0.5203899999999999,1.52,1.52,0.0,0.0,0.040389999999999926,0.040389999999999926,0.00038999999999989043,0.00038999999999989043
s05-r4-disconnect-n10-1,5,4,disconnect-n10-1,6,True,229.88,230.88,1.0,1.0,1,231,1.52,1.55944,1.0,1.51944,0.52,0.5194399999999999,1.52,1.52,0.0,0.0,0.03943999999999992,0.03943999999999992,-0.000560000000000116,-0.000560000000000116
s05-r4-disconnect-n10-1,5,4,disconnect-n10-1,7,True,275.52,276.52,1.0,1.0,1,277,1.52,1.56028,1.0,1.5202799999999999,0.52,0.5202799999999999,1.52,1.52,0.0,0.0,0.04027999999999987,0.04027999999999987,0.00027999999999983594,0.00027999999999983594
s05-r4-disconnect-n10-1,5,4,disconnect-n10-1,8,True,324.52,325.52,1.0,1.0,1,326,1.52,1.56095,1.0,1.52095,0.52,0.52095,1.52,1.52,0.0,0.0,0.04095000000000004,0.04095000000000004,0.0009500000000000064,0.0009500000000000064
s05-r4-disconnect-n10-1,5,4,disconnect-n10-1,9,True,363.48,364.48,1.0,1.0,1,365,1.52,1.56058,1.0,1.52058,0.52,0.52058,1.52,1.52,0.0,0.0,0.04058000000000006,0.04058000000000006,0.0005800000000000249,0.0005800000000000249
s05-r4-disconnect-n2-1,5,4,disconnect-n2-1,0,True,17.96,18.96,1.0,1.0,1,19,1.56,1.59979,1.0,1.55979,0.56,0.55979,1.52,1.52,0.040000000000000036,0.040000000000000036,0.07979000000000003,0.07979000000000003,0.03978999999999999,0.03978999999999999
s05-r4-disconnect-n2-1,5,4,disconnect-n2-1,1,True,282.76,283.76,1.0,1.0,1,284,1.52,1.55929,1.0,1.51929,0.52,0.51929,1.52,1.52,0.0,0.0,0.03929000000000005,0.03929000000000005,-0.0007099999999999884,-0.0007099999999999884
s05-r4-disconnect-n20-1,5,4,disconnect-n20-1,0,True,21.72,22.72,1.0,1.0,1,23,1.52,1.55938,1.0,1.51938,0.52,0.51938,1.52,1.52,0.0,0.0,0.03937999999999997,0.03937999999999997,-0.0006200000000000649,-0.0006200000000000649
s05-r4-disconnect-n20-1,5,4,disconnect-n20-1,1,True,44.56,45.56,1.0,1.0,1,46,1.52,1.55927,1.0,1.51927,0.52,0.5192699999999999,1.52,1.52,0.0,0.0,0.039269999999999916,0.039269999999999916,-0.0007300000000001194,-0.0007300000000001194
s05-r4-disconnect-n20-1,5,4,disconnect-n20-1,2,True,57.64,58.64,1.0,1.0,1,59,1.52,1.56079,1.0,1.5207899999999999,0.52,0.5207899999999999,1.52,1.52,0.0,0.0,0.04078999999999988,0.04078999999999988,0.0007899999999998464,0.0007899999999998464
s05-r4-disconnect-n20-1,5,4,disconnect-n20-1,3,True,73.24,74.24,1.0,1.0,1,74,1.52,1.56056,1.0,1.52056,0.52,0.5205599999999999,1.52,1.52,0.0,0.0,0.04055999999999993,0.04055999999999993,0.0005599999999998939,0.0005599999999998939
s05-r4-disconnect-n20-1,5,4,disconnect-n20-1,4,True,95.96,96.96,1.0,1.0,1,97,1.52,1.55961,1.0,1.51961,0.52,0.5196099999999999,1.52,1.52,0.0,0.0,0.03960999999999992,0.03960999999999992,-0.0003900000000001125,-0.0003900000000001125
s05-r4-disconnect-n20-1,5,4,disconnect-n20-1,5,True,115.04,116.04,1.0,1.0,1,116,1.52,1.55953,1.0,1.51953,0.52,0.51953,1.52,1.52,0.0,0.0,0.039530000000000065,0.039530000000000065,-0.00046999999999997044,-0.00046999999999997044
s05-r4-disconnect-n20-1,5,4,disconnect-n20-1,6,True,125.0,126.0,1.0,1.0,1,126,1.52,1.56041,1.0,1.52041,0.52,0.52041,1.52,1.52,0.0,0.0,0.04041000000000006,0.04041000000000006,0.00041000000000002146,0.00041000000000002146
s05-r4-disconnect-n20-1,5,4,disconnect-n20-1,7,True,146.32,147.32,1.0,1.0,1,147,1.52,1.55964,1.0,1.5196399999999999,0.52,0.5196399999999999,1.52,1.52,0.0,0.0,0.0396399999999999,0.0396399999999999,-0.000360000000000138,-0.000360000000000138
s05-r4-disconnect-n20-1,5,4,disconnect-n20-1,8,True,165.48,166.48,1.0,1.0,1,167,1.52,1.56079,1.0,1.5207899999999999,0.52,0.5207899999999999,1.52,1.52,0.0,0.0,0.04078999999999988,0.04078999999999988,0.0007899999999998464,0.0007899999999998464
s05-r4-disconnect-n20-1,5,4,disconnect-n20-1,9,True,184.16,185.16,1.0,1.0,1,185,1.52,1.55844,1.0,1.51844,0.52,0.51844,1.52,1.52,0.0,0.0,0.03844000000000003,0.03844000000000003,-0.0015600000000000058,-0.0015600000000000058
s05-r4-disconnect-n20-1,5,4,disconnect-n20-1,10,True,200.12,201.12,1.0,1.0,1,201,1.52,1.55957,1.0,1.5195699999999999,0.52,0.5195699999999999,1.52,1.52,0.0,0.0,0.03956999999999988,0.03956999999999988,-0.0004300000000001525,-0.0004300000000001525
s05-r4-disconnect-n20-1,5,4,disconnect-n20-1,11,True,219.96,220.96,1.0,1.0,1,221,1.52,1.56031,1.0,1.52031,0.52,0.52031,1.52,1.52,0.0,0.0,0.04031000000000007,0.04031000000000007,0.00031000000000003247,0.00031000000000003247
s05-r4-disconnect-n20-1,5,4,disconnect-n20-1,12,True,238.44,239.44,1.0,1.0,1,239,1.52,1.55936,1.0,1.51936,0.52,0.51936,1.52,1.52,0.0,0.0,0.03936000000000006,0.03936000000000006,-0.0006399999999999739,-0.0006399999999999739
s05-r4-disconnect-n20-1,5,4,disconnect-n20-1,13,True,252.36,253.36,1.0,1.0,1,253,1.52,1.55876,1.0,1.5187599999999999,0.52,0.5187599999999999,1.52,1.52,0.0,0.0,0.038759999999999906,0.038759999999999906,-0.0012400000000001299,-0.0012400000000001299
s05-r4-disconnect-n20-1,5,4,disconnect-n20-1,14,True,274.0,275.0,1.0,1.0,1,275,1.52,1.55949,1.0,1.51949,0.52,0.51949,1.52,1.52,0.0,0.0,0.039490000000000025,0.039490000000000025,-0.0005100000000000104,-0.0005100000000000104
s05-r4-disconnect-n20-1,5,4,disconnect-n20-1,15,True,283.76,284.76,1.0,1.0,1,285,1.52,1.55958,1.0,1.51958,0.52,0.5195799999999999,1.52,1.52,0.0,0.0,0.03957999999999995,0.03957999999999995,-0.00042000000000008697,-0.00042000000000008697
s05-r4-disconnect-n20-1,5,4,disconnect-n20-1,16,True,310.04,311.04,1.0,1.0,1,311,1.52,1.55984,1.0,1.5198399999999999,0.52,0.5198399999999999,1.52,1.52,0.0,0.0,0.039839999999999876,0.039839999999999876,-0.00016000000000016001,-0.00016000000000016001
s05-r4-disconnect-n20-1,5,4,disconnect-n20-1,17,True,321.24,322.24,1.0,1.0,1,322,1.52,1.55995,1.0,1.51995,0.52,0.5199499999999999,1.52,1.52,0.0,0.0,0.03994999999999993,0.03994999999999993,-5.0000000000105516e-05,-5.0000000000105516e-05
s05-r4-disconnect-n20-1,5,4,disconnect-n20-1,18,True,345.48,346.48,1.0,1.0,1,347,1.52,1.55992,1.0,1.51992,0.52,0.5199199999999999,1.52,1.52,0.0,0.0,0.039919999999999956,0.039919999999999956,-8.000000000008001e-05,-8.000000000008001e-05
s05-r4-disconnect-n20-1,5,4,disconnect-n20-1,19,True,357.36,358.36,1.0,1.0,1,358,1.52,1.56044,1.0,1.52044,0.52,0.52044,1.52,1.52,0.0,0.0,0.04044000000000003,0.04044000000000003,0.00043999999999999595,0.00043999999999999595
s05-r4-disconnect-n5-1,5,4,disconnect-n5-1,0,True,41.48,42.48,1.0,1.0,1,43,1.52,1.55907,1.0,1.51907,0.52,0.5190699999999999,1.52,1.52,0.0,0.0,0.03906999999999994,0.03906999999999994,-0.0009300000000000974,-0.0009300000000000974
s05-r4-disconnect-n5-1,5,4,disconnect-n5-1,1,True,134.48,135.48,1.0,1.0,1,136,1.52,1.56042,1.0,1.5204199999999999,0.52,0.5204199999999999,1.52,1.52,0.0,0.0,0.0404199999999999,0.0404199999999999,0.0004199999999998649,0.0004199999999998649
s05-r4-disconnect-n5-1,5,4,disconnect-n5-1,2,True,183.44,184.44,1.0,1.0,1,184,1.52,1.56123,1.0,1.5212299999999999,0.52,0.5212299999999999,1.52,1.52,0.0,0.0,0.04122999999999988,0.04122999999999988,0.0012299999999998423,0.0012299999999998423
s05-r4-disconnect-n5-1,5,4,disconnect-n5-1,3,True,257.64,258.64,1.0,1.0,1,259,1.52,1.56009,1.0,1.52009,0.52,0.5200899999999999,1.52,1.52,0.0,0.0,0.04008999999999996,0.04008999999999996,8.999999999992347e-05,8.999999999992347e-05
s05-r4-disconnect-n5-1,5,4,disconnect-n5-1,4,True,332.32,333.32,1.0,1.0,1,333,1.52,1.56107,1.0,1.52107,0.52,0.5210699999999999,1.52,1.52,0.0,0.0,0.04106999999999994,0.04106999999999994,0.0010699999999999044,0.0010699999999999044
s06-r0-disconnect-n10-1,6,0,disconnect-n10-1,0,True,31.72,32.72,1.0,1.0,1,33,1.52,1.56047,1.0,1.52047,0.52,0.52047,1.52,1.52,0.0,0.0,0.040470000000000006,0.040470000000000006,0.00046999999999997044,0.00046999999999997044
s06-r0-disconnect-n10-1,6,0,disconnect-n10-1,1,True,53.48,54.48,1.0,1.0,1,55,1.52,1.56008,1.0,1.5200799999999999,0.52,0.5200799999999999,1.52,1.52,0.0,0.0,0.040079999999999893,0.040079999999999893,7.999999999985796e-05,7.999999999985796e-05
s06-r0-disconnect-n10-1,6,0,disconnect-n10-1,2,True,95.16,96.16,1.0,1.0,1,96,1.52,1.55929,1.0,1.51929,0.52,0.51929,1.52,1.52,0.0,0.0,0.03929000000000005,0.03929000000000005,-0.0007099999999999884,-0.0007099999999999884
s06-r0-disconnect-n10-1,6,0,disconnect-n10-1,3,True,147.84,148.84,1.0,1.0,1,149,1.52,1.55971,1.0,1.51971,0.52,0.5197099999999999,1.52,1.52,0.0,0.0,0.03970999999999991,0.03970999999999991,-0.0002900000000001235,-0.0002900000000001235
s06-r0-disconnect-n10-1,6,0,disconnect-n10-1,4,True,183.96,184.96,1.0,1.0,1,185,1.52,1.55963,1.0,1.51963,0.52,0.51963,1.52,1.52,0.0,0.0,0.039630000000000054,0.039630000000000054,-0.00036999999999998145,-0.00036999999999998145
s06-r0-disconnect-n10-1,6,0,disconnect-n10-1,5,True,202.04,203.04,1.0,1.0,1,203,1.52,1.56386,1.0,1.52386,0.52,0.52386,1.52,1.52,0.0,0.0,0.04386000000000001,0.04386000000000001,0.0038599999999999746,0.0038599999999999746
s06-r0-disconnect-n10-1,6,0,disconnect-n10-1,6,True,244.12,245.12,1.0,1.0,1,245,1.52,1.56037,1.0,1.52037,0.52,0.52037,1.52,1.52,0.0,0.0,0.04037000000000002,0.04037000000000002,0.00036999999999998145,0.00036999999999998145
s06-r0-disconnect-n10-1,6,0,disconnect-n10-1,7,True,284.6,285.6,1.0,1.0,1,286,1.52,1.55936,1.0,1.51936,0.52,0.51936,1.52,1.52,0.0,0.0,0.03936000000000006,0.03936000000000006,-0.0006399999999999739,-0.0006399999999999739
s06-r0-disconnect-n10-1,6,0,disconnect-n10-1,8,True,326.32,327.32,1.0,1.0,1,327,1.52,1.56105,1.0,1.52105,0.52,0.52105,1.52,1.52,0.0,0.0,0.04105000000000003,0.04105000000000003,0.0010499999999999954,0.0010499999999999954
s06-r0-disconnect-n10-1,6,0,disconnect-n10-1,9,True,339.28,340.28,1.0,1.0,1,340,1.52,1.56066,1.0,1.52066,0.52,0.5206599999999999,1.52,1.52,0.0,0.0,0.04065999999999992,0.04065999999999992,0.0006599999999998829,0.0006599999999998829
s06-r0-disconnect-n2-1,6,0,disconnect-n2-1,0,True,43.48,44.48,1.0,1.0,1,45,1.52,1.56001,1.0,1.5200099999999999,0.52,0.5200099999999999,1.52,1.52,0.0,0.0,0.04000999999999988,0.04000999999999988,9.999999999843467e-06,9.999999999843467e-06
s06-r0-disconnect-n2-1,6,0,disconnect-n2-1,1,True,265.88,266.88,1.0,1.0,1,267,1.52,1.55906,1.0,1.5190599999999999,0.52,0.5190599999999999,1.52,1.52,0.0,0.0,0.03905999999999987,0.03905999999999987,-0.0009400000000001629,-0.0009400000000001629
s06-r0-disconnect-n20-1,6,0,disconnect-n20-1,0,True,22.64,23.64,1.0,1.0,1,24,1.52,1.561,1.0,1.521,0.52,0.5209999999999999,1.52,1.52,0.0,0.0,0.040999999999999925,0.040999999999999925,0.0009999999999998899,0.0009999999999998899
s06-r0-disconnect-n20-1,6,0,disconnect-n20-1,1,True,44.12,45.12,1.0,1.0,1,45,1.52,1.55987,1.0,1.51987,0.52,0.51987,1.52,1.52,0.0,0.0,0.03987000000000007,0.03987000000000007,-0.00012999999999996348,-0.00012999999999996348
s06-r0-disconnect-n20-1,6,0,disconnect-n20-1,2,True,58.68,59.68,1.0,1.0,1,60,1.52,1.55963,1.0,1.51963,0.52,0.51963,1.52,1.52,0.0,0.0,0.039630000000000054,0.039630000000000054,-0.00036999999999998145,-0.00036999999999998145
s06-r0-disconnect-n20-1,6,0,disconnect-n20-1,3,True,75.04,76.04,1.0,1.0,1,76,1.52,1.55997,1.0,1.51997,0.52,0.51997,1.52,1.52,0.0,0.0,0.03997000000000006,0.03997000000000006,-2.999999999997449e-05,-2.999999999997449e-05
s06-r0-disconnect-n20-1,6,0,disconnect-n20-1,4,True,97.24,98.24,1.0,1.0,1,98,1.52,1.55918,1.0,1.51918,0.52,0.51918,1.52,1.52,0.0,0.0,0.03917999999999999,0.03917999999999999,-0.0008200000000000429,-0.0008200000000000429
s06-r0-disconnect-n20-1,6,0,disconnect-n20-1,5,True,109.6,110.6,1.0,1.0,1,111,1.52,1.55948,1.0,1.51948,0.52,0.5194799999999999,1.52,1.52,0.0,0.0,0.03947999999999996,0.03947999999999996,-0.000520000000000076,-0.000520000000000076
s06-r0-disconnect-n20-1,6,0,disconnect-n20-1,6,True,128.08,129.08,1.0,1.0,1,129,1.52,1.56004,1.0,1.52004,0.52,0.5200400000000001,1.52,1.52,0.0,0.0,0.040040000000000076,0.040040000000000076,4.0000000000040004e-05,4.0000000000040004e-05
s06-r0-disconnect-n20-1,6,0,disconnect-n20-1,7,True,142.48,143.48,1.0,1.0,1,144,1.52,1.56089,1.0,1.52089,0.52,0.5208900000000001,1.52,1.52,0.0,0.0,0.04089000000000009,0.04089000000000009,0.0008900000000000574,0.0008900000000000574
s06-r0-disconnect-n20-1,6,0,disconnect-n20-1,8,True,164.64,165.64,1.0,1.0,1,166,1.52,1.5603,1.0,1.5203,0.52,0.5203,1.52,1.52,0.0,0.0,0.0403,0.0403,0.00029999999999996696,0.00029999999999996696
s06-r0-disconnect-n20-1,6,0,disconnect-n20-1,9,True,186.8,187.8,1.0,1.0,1,188,1.52,1.55999,1.0,1.51999,0.52,0.51999,1.52,1.52,0.0,0.0,0.03998999999999997,0.03998999999999997,-1.0000000000065512e-05,-1.0000000000065512e-05
s06-r0-disconnect-n20-1,6,0,disconnect-n20-1,10,True,194.12,195.12,1.0,1.0,1,195,1.52,1.55987,1.0,1.51987,0.52,0.51987,1.52,1.52,0.0,0.0,0.03987000000000007,0.03987000000000007,-0.00012999999999996348,-0.00012999999999996348
s06-r0-disconnect-n20-1,6,0,disconnect-n20-1,11,True,212.52,213.52,1.0,1.0,1,214,1.52,1.56013,1.0,1.52013,0.52,0.52013,1.52,1.52,0.0,0.0,0.04013,0.04013,0.00012999999999996348,0.00012999999999996348
s06-r0-disconnect-n20-1,6,0,disconnect-n20-1,12,True,231.88,232.88,1.0,1.0,1,233,1.52,1.56041,1.0,1.52041,0.52,0.52041,1.52,1.52,0.0,0.0,0.04041000000000006,0.04041000000000006,0.00041000000000002146,0.00041000000000002146
s06-r0-disconnect-n20-1,6,0,disconnect-n20-1,13,True,255.84,256.84,0.9999999999999716,0.9999999999999716,1,257,1.52,1.56095,1.0,1.52095,0.5200000000000284,0.5209500000000284,1.52,1.52,0.0,0.0,0.04095000000000004,0.04095000000000004,0.0009500000000000064,0.0009500000000000064
s06-r0-disconnect-n20-1,6,0,disconnect-n20-1,14,True,267.92,268.92,1.0,1.0,1,269,1.52,1.55972,1.0,1.51972,0.52,0.51972,1.52,1.52,0.0,0.0,0.03971999999999998,0.03971999999999998,-0.000280000000000058,-0.000280000000000058
s06-r0-disconnect-n20-1,6,0,disconnect-n20-1,15,True,283.24,284.24,1.0,1.0,1,284,1.52,1.56048,1.0,1.52048,0.52,0.52048,1.52,1.52,0.0,0.0,0.04048000000000007,0.04048000000000007,0.00048000000000003595,0.00048000000000003595
s06-r0-disconnect-n20-1,6,0,disconnect-n20-1,16,True,310.84,311.84,1.0,1.0,1,312,1.52,1.55973,1.0,1.51973,0.52,0.51973,1.52,1.52,0.0,0.0,0.03973000000000004,0.03973000000000004,-0.00026999999999999247,-0.00026999999999999247
s06-r0-disconnect-n20-1,6,0,disconnect-n20-1,17,True,322.96,323.96,1.0,1.0,1,324,1.52,1.55915,1.0,1.51915,0.52,0.51915,1.52,1.52,0.0,0.0,0.03915000000000002,0.03915000000000002,-0.0008500000000000174,-0.0008500000000000174
s06-r0-disconnect-n20-1,6,0,disconnect-n20-1,18,True,342.44,343.44,1.0,1.0,1,343,1.52,1.55988,1.0,1.51988,0.52,0.5198799999999999,1.52,1.52,0.0,0.0,0.039879999999999916,0.039879999999999916,-0.00012000000000012001,-0.00012000000000012001
s06-r0-disconnect-n20-1,6,0,disconnect-n20-1,19,True,365.36,366.36,1.0,1.0,1,366,1.52,1.56072,1.0,1.52072,0.52,0.5207200000000001,1.52,1.52,0.0,0.0,0.04072000000000009,0.04072000000000009,0.0007200000000000539,0.0007200000000000539
s06-r0-disconnect-n5-1,6,0,disconnect-n5-1,0,True,23.76,24.76,1.0,1.0,1,25,1.52,1.55988,1.0,1.51988,0.52,0.5198799999999999,1.52,1.52,0.0,0.0,0.039879999999999916,0.039879999999999916,-0.00012000000000012001,-0.00012000000000012001
s06-r0-disconnect-n5-1,6,0,disconnect-n5-1,1,True,96.72,97.72,1.0,1.0,1,98,1.52,1.55946,1.0,1.51946,0.52,0.51946,1.52,1.52,0.0,0.0,0.03946000000000005,0.03946000000000005,-0.0005399999999999849,-0.0005399999999999849
s06-r0-disconnect-n5-1,6,0,disconnect-n5-1,2,True,166.2,167.2,1.0,1.0,1,167,1.52,1.55999,1.0,1.51999,0.52,0.51999,1.52,1.52,0.0,0.0,0.03998999999999997,0.03998999999999997,-1.0000000000065512e-05,-1.0000000000065512e-05
s06-r0-disconnect-n5-1,6,0,disconnect-n5-1,3,True,232.72,233.72,1.0,1.0,1,234,1.52,1.56034,1.0,1.52034,0.52,0.52034,1.52,1.52,0.0,0.0,0.04034000000000004,0.04034000000000004,0.00034000000000000696,0.00034000000000000696
s06-r0-disconnect-n5-1,6,0,disconnect-n5-1,4,True,364.8,365.8,1.0,1.0,1,366,1.52,1.55996,1.0,1.51996,0.52,0.51996,1.52,1.52,0.0,0.0,0.039959999999999996,0.039959999999999996,-4.0000000000040004e-05,-4.0000000000040004e-05
s06-r0-disconnect-n5-1.25,6,0,disconnect-n5-1.25,0,True,58.64,59.88,1.25,1.240000000000002,1,60,2.04,2.07969,1.25,2.03969,0.799999999999998,0.7996899999999978,1.760000000000002,1.77,0.27999999999999803,0.27,0.3196899999999978,0.3096899999999998,0.2796899999999978,0.26968999999999976
s06-r0-disconnect-n5-1.25,6,0,disconnect-n5-1.25,1,True,91.92,93.2,1.25,1.2800000000000011,1,93,2.04,2.08336,1.25,2.04336,0.7599999999999989,0.7633599999999987,1.8000000000000012,1.77,0.23999999999999888,0.27,0.2833599999999987,0.31335999999999986,0.2433599999999987,0.2733599999999998
s06-r0-disconnect-n5-1.25,6,0,disconnect-n5-1.25,2,True,161.36,162.6,1.25,1.2399999999999807,1,163,2.04,2.07992,1.25,2.03992,0.8000000000000194,0.7999200000000193,1.7599999999999807,1.77,0.28000000000001934,0.27,0.3199200000000193,0.30992,0.27992000000001926,0.26991999999999994
s06-r0-disconnect-n5-1.25,6,0,disconnect-n5-1.25,3,True,292.96,294.2,1.25,1.240000000000009,1,295,2.04,2.07988,1.25,2.03988,0.7999999999999909,0.799879999999991,1.7600000000000091,1.77,0.2799999999999909,0.27,0.31987999999999106,0.30988000000000016,0.279879999999991,0.2698800000000001
s06-r0-disconnect-n5-1.25,6,0,disconnect-n5-1.25,4,True,338.92,340.16,1.25,1.240000000000009,1,340,2.04,2.07937,1.25,2.03937,0.7999999999999909,0.7993699999999908,1.7600000000000091,1.77,0.2799999999999909,0.27,0.31936999999999083,0.3093699999999999,0.2793699999999908,0.2693699999999999
s06-r0-disconnect-n5-1.75,6,0,disconnect-n5-1.75,0,True,77.48,79.2,1.75,1.7199999999999989,1,80,2.52,2.55903,1.75,2.51903,0.8000000000000012,0.799030000000001,2.239999999999999,2.27,0.28000000000000114,0.25,0.31903000000000103,0.2890299999999999,0.279030000000001,0.24902999999999986
s06-r0-disconnect-n5-1.75,6,0,disconnect-n5-1.75,1,True,146.92,148.68,1.75,1.7600000000000193,1,149,2.52,2.55901,1.75,2.5190099999999997,0.7599999999999807,0.7590099999999804,2.2800000000000193,2.27,0.23999999999998067,0.25,0.27900999999998044,0.28900999999999977,0.2390099999999804,0.24900999999999973
s06-r0-disconnect-n5-1.75,6,0,disconnect-n5-1.75,2,True,163.04,164.76,1.75,1.7199999999999989,1,165,2.52,2.55902,1.75,2.51902,0.8000000000000012,0.799020000000001,2.239999999999999,2.27,0.28000000000000114,0.25,0.31902000000000097,0.28901999999999983,0.27902000000000093,0.2490199999999998
s06-r0-disconnect-n5-1.75,6,0,disconnect-n5-1.75,3,True,271.64,273.4,1.75,1.759999999999991,1,274,2.52,2.55608,1.75,2.51608,0.7600000000000091,0.7560800000000092,2.279999999999991,2.27,0.2400000000000091,0.25,0.2760800000000092,0.2860800000000001,0.23608000000000917,0.24608000000000008
s06-r0-disconnect-n5-1.75,6,0,disconnect-n5-1.75,4,True,359.72,361.44,1.75,1.7199999999999704,1,362,2.52,2.55933,1.75,2.51933,0.8000000000000296,0.7993300000000296,2.2399999999999705,2.27,0.28000000000002956,0.25,0.31933000000002965,0.2893300000000001,0.2793300000000296,0.24933000000000005
s06-r0-disconnect-n5-2.25,6,0,disconnect-n5-2.25,0,True,41.12,43.36,2.25,2.240000000000002,1,44,3.04,3.07706,2.25,3.03706,0.799999999999998,0.7970599999999979,2.760000000000002,2.77,0.27999999999999803,0.27,0.3170599999999979,0.3070599999999999,0.27705999999999786,0.26705999999999985
s06-r0-disconnect-n5-2.25,6,0,disconnect-n5-2.25,1,True,92.92,95.2,2.25,2.280000000000001,1,95,3.04,3.07849,2.25,3.03849,0.7599999999999989,0.7584899999999988,2.800000000000001,2.77,0.23999999999999888,0.27,0.2784899999999988,0.30848999999999993,0.23848999999999876,0.2684899999999999
s06-r0-disconnect-n5-2.25,6,0,disconnect-n5-2.25,2,True,161.8,164.04,2.25,2.2399999999999807,1,164,3.04,3.08074,2.25,3.04074,0.8000000000000194,0.8007400000000193,2.7599999999999807,2.77,0.28000000000001934,0.27,0.32074000000001934,0.31074,0.2807400000000193,0.27074
s06-r0-disconnect-n5-2.25,6,0,disconnect-n5-2.25,3,True,273.6,275.84,2.25,2.2399999999999523,1,276,3.04,3.07857,2.25,3.03857,0.8000000000000478,0.7985700000000477,2.7599999999999523,2.77,0.28000000000004777,0.27,0.31857000000004776,0.30857,0.2785700000000477,0.26857
s06-r0-disconnect-n5-2.25,6,0,disconnect-n5-2.25,4,True,322.8,325.04,2.25,2.240000000000009,1,325,3.04,3.07919,2.25,3.03919,0.7999999999999909,0.799189999999991,2.760000000000009,2.77,0.2799999999999909,0.27,0.319189999999991,0.3091900000000001,0.27918999999999095,0.26919000000000004
s06-r1-disconnect-n10-1,6,1,disconnect-n10-1,0,True,22.72,23.72,1.0,1.0,1,24,1.52,1.56002,1.0,1.52002,0.52,0.5200199999999999,1.52,1.52,0.0,0.0,0.040019999999999945,0.040019999999999945,1.999999999990898e-05,1.999999999990898e-05
s06-r1-disconnect-n10-1,6,1,disconnect-n10-1,1,True,61.84,62.84,1.0,1.0,1,63,1.52,1.56009,1.0,1.52009,0.52,0.5200899999999999,1.52,1.52,0.0,0.0,0.04008999999999996,0.04008999999999996,8.999999999992347e-05,8.999999999992347e-05
s06-r1-disconnect-n10-1,6,1,disconnect-n10-1,2,True,105.12,106.12,1.0,1.0,1,106,1.52,1.56098,1.0,1.52098,0.52,0.52098,1.52,1.52,0.0,0.0,0.040980000000000016,0.040980000000000016,0.0009799999999999809,0.0009799999999999809
s06-r1-disconnect-n10-1,6,1,disconnect-n10-1,3,True,126.12,127.12,1.0,1.0,1,127,1.52,1.5608,1.0,1.5208,0.52,0.5207999999999999,1.52,1.52,0.0,0.0,0.04079999999999995,0.04079999999999995,0.0007999999999999119,0.0007999999999999119
s06-r1-disconnect-n10-1,6,1,disconnect-n10-1,4,True,182.48,183.48,1.0,1.0,1,184,1.52,1.55569,1.0,1.51569,0.52,0.51569,1.52,1.52,0.0,0.0,0.03569,0.03569,-0.004310000000000036,-0.004310000000000036
s06-r1-disconnect-n10-1,6,1,disconnect-n10-1,5,True,222.08,223.08,1.0,1.0,1,223,1.52,1.56104,1.0,1.52104,0.52,0.52104,1.52,1.52,0.0,0.0,0.041039999999999965,0.041039999999999965,0.0010399999999999299,0.0010399999999999299
s06-r1-disconnect-n10-1,6,1,disconnect-n10-1,6,True,241.76,242.76,1.0,1.0,1,243,1.52,1.56074,1.0,1.52074,0.52,0.52074,1.52,1.52,0.0,0.0,0.04074,0.04074,0.0007399999999999629,0.0007399999999999629
s06-r1-disconnect-n10-1,6,1,disconnect-n10-1,7,True,269.04,270.04,1.0,1.0,1,270,1.52,1.56038,1.0,1.52038,0.52,0.5203800000000001,1.52,1.52,0.0,0.0,0.04038000000000008,0.04038000000000008,0.00038000000000004697,0.00038000000000004697
s06-r1-disconnect-n10-1,6,1,disconnect-n10-1,8,True,320.6,321.6,1.0,1.0,1,322,1.52,1.56065,1.0,1.52065,0.52,0.5206500000000001,1.52,1.52,0.0,0.0,0.040650000000000075,0.040650000000000075,0.0006500000000000394,0.0006500000000000394
s06-r1-disconnect-n10-1,6,1,disconnect-n10-1,9,True,349.88,350.88,1.0,1.0,1,351,1.52,1.55997,1.0,1.51997,0.52,0.51997,1.52,1.52,0.0,0.0,0.03997000000000006,0.03997000000000006,-2.999999999997449e-05,-2.999999999997449e-05
s06-r1-disconnect-n2-1,6,1,disconnect-n2-1,0,True,168.56,169.56,1.0,1.0,1,170,1.52,1.55938,1.0,1.51938,0.52,0.51938,1.52,1.52,0.0,0.0,0.03937999999999997,0.03937999999999997,-0.0006200000000000649,-0.0006200000000000649
s06-r1-disconnect-n2-1,6,1,disconnect-n2-1,1,True,214.24,215.24,1.0,1.0,1,215,1.52,1.56074,1.0,1.52074,0.52,0.52074,1.52,1.52,0.0,0.0,0.04074,0.04074,0.0007399999999999629,0.0007399999999999629
s06-r1-disconnect-n20-1,6,1,disconnect-n20-1,0,True,25.44,26.44,1.0,1.0,1,26,1.52,1.55906,1.0,1.5190599999999999,0.52,0.5190599999999999,1.52,1.52,0.0,0.0,0.03905999999999987,0.03905999999999987,-0.0009400000000001629,-0.0009400000000001629
s06-r1-disconnect-n20-1,6,1,disconnect-n20-1,1,True,35.6,36.6,1.0,1.0,1,37,1.52,1.56027,1.0,1.52027,0.52,0.52027,1.52,1.52,0.0,0.0,0.04027000000000003,0.04027000000000003,0.00026999999999999247,0.00026999999999999247
s06-r1-disconnect-n20-1,6,1,disconnect-n20-1,2,True,61.16,62.16,1.0,1.0,1,62,1.52,1.56082,1.0,1.52082,0.52,0.5208200000000001,1.52,1.52,0.0,0.0,0.04082000000000008,0.04082000000000008,0.0008200000000000429,0.0008200000000000429
s06-r1-disconnect-n20-1,6,1,disconnect-n20-1,3,True,76.6,77.6,1.0,1.0,1,78,1.52,1.55602,1.0,1.51602,0.52,0.5160199999999999,1.52,1.52,0.0,0.0,0.03601999999999994,0.03601999999999994,-0.003980000000000095,-0.003980000000000095
s06-r1-disconnect-n20-1,6,1,disconnect-n20-1,4,True,93.96,94.96,1.0,1.0,1,95,1.52,1.56016,1.0,1.52016,0.52,0.52016,1.52,1.52,0.0,0.0,0.040159999999999973,0.040159999999999973,0.00015999999999993797,0.00015999999999993797
s06-r1-disconnect-n20-1,6,1,disconnect-n20-1,5,True,110.4,111.4,1.0,1.0,1,111,1.52,1.56052,1.0,1.5205199999999999,0.52,0.5205199999999999,1.52,1.52,0.0,0.0,0.04051999999999989,0.04051999999999989,0.0005199999999998539,0.0005199999999998539
s06-r1-disconnect-n20-1,6,1,disconnect-n20-1,6,True,129.0,130.0,1.0,1.0,1,130,1.52,1.56044,1.0,1.52044,0.52,0.52044,1.52,1.52,0.0,0.0,0.04044000000000003,0.04044000000000003,0.00043999999999999595,0.00043999999999999595
s06-r1-disconnect-n20-1,6,1,disconnect-n20-1,7,True,151.28,152.28,1.0,1.0,1,152,1.52,1.56054,1.0,1.52054,0.52,0.52054,1.52,1.52,0.0,0.0,0.04054000000000002,0.04054000000000002,0.0005399999999999849,0.0005399999999999849
s06-r1-disconnect-n20-1,6,1,disconnect-n20-1,8,True,166.24,167.24,1.0,1.0,1,167,1.52,1.55933,1.0,1.51933,0.52,0.5193300000000001,1.52,1.52,0.0,0.0,0.03933000000000009,0.03933000000000009,-0.0006699999999999484,-0.0006699999999999484
s06-r1-disconnect-n20-1,6,1,disconnect-n20-1,9,True,184.48,185.48,1.0,1.0,1,186,1.52,1.56123,1.0,1.5212299999999999,0.52,0.5212299999999999,1.52,1.52,0.0,0.0,0.04122999999999988,0.04122999999999988,0.0012299999999998423,0.0012299999999998423
s06-r1-disconnect-n20-1,6,1,disconnect-n20-1,10,True,202.52,203.52,1.0,1.0,1,204,1.52,1.5604,1.0,1.5204,0.52,0.5204,1.52,1.52,0.0,0.0,0.04039999999999999,0.04039999999999999,0.00039999999999995595,0.00039999999999995595
s06-r1-disconnect-n20-1,6,1,disconnect-n20-1,11,True,218.6,219.6,1.0,1.0,1,220,1.52,1.56048,1.0,1.52048,0.52,0.52048,1.52,1.52,0.0,0.0,0.04048000000000007,0.04048000000000007,0.00048000000000003595,0.00048000000000003595
s06-r1-disconnect-n20-1,6,1,disconnect-n20-1,12,True,235.56,236.56,1.0,1.0,1,237,1.52,1.56011,1.0,1.52011,0.52,0.5201100000000001,1.52,1.52,0.0,0.0,0.04011000000000009,0.04011000000000009,0.0001100000000000545,0.0001100000000000545
s06-r1-disconnect-n20-1,6,1,disconnect-n20-1,13,True,251.96,252.96,1.0,1.0,1,253,1.52,1.56096,1.0,1.5209599999999999,0.52,0.5209599999999999,1.52,1.52,0.0,0.0,0.040959999999999885,0.040959999999999885,0.0009599999999998499,0.0009599999999998499
s06-r1-disconnect-n20-1,6,1,disconnect-n20-1,14,True,275.28,276.28,1.0,1.0,1,276,1.52,1.56036,1.0,1.52036,0.52,0.5203599999999999,1.52,1.52,0.0,0.0,0.04035999999999995,0.04035999999999995,0.00035999999999991594,0.00035999999999991594
s06-r1-disconnect-n20-1,6,1,disconnect-n20-1,15,True,294.04,295.04,1.0,1.0,1,295,1.52,1.55568,1.0,1.51568,0.52,0.5156799999999999,1.52,1.52,0.0,0.0,0.035679999999999934,0.035679999999999934,-0.0043200000000001015,-0.0043200000000001015
s06-r1-disconnect-n20-1,6,1,disconnect-n20-1,16,True,302.8,303.8,1.0,1.0,1,304,1.52,1.56156,1.0,1.52156,0.52,0.52156,1.52,1.52,0.0,0.0,0.04156000000000004,0.04156000000000004,0.0015600000000000058,0.0015600000000000058
s06-r1-disconnect-n20-1,6,1,disconnect-n20-1,17,True,327.04,328.04,1.0,1.0,1,328,1.52,1.5606,1.0,1.5206,0.52,0.5206,1.52,1.52,0.0,0.0,0.04059999999999997,0.04059999999999997,0.0005999999999999339,0.0005999999999999339
s06-r1-disconnect-n20-1,6,1,disconnect-n20-1,18,True,342.04,343.04,1.0,1.0,1,343,1.52,1.56028,1.0,1.5202799999999999,0.52,0.5202799999999999,1.52,1.52,0.0,0.0,0.04027999999999987,0.04027999999999987,0.00027999999999983594,0.00027999999999983594
s06-r1-disconnect-n20-1,6,1,disconnect-n20-1,19,True,362.08,363.08,1.0,1.0,1,363,1.52,1.56065,1.0,1.52065,0.52,0.5206500000000001,1.52,1.52,0.0,0.0,0.040650000000000075,0.040650000000000075,0.0006500000000000394,0.0006500000000000394
s06-r1-disconnect-n5-1,6,1,disconnect-n5-1,0,True,67.28,68.28,1.0,1.0,1,68,1.52,1.56051,1.0,1.52051,0.52,0.52051,1.52,1.52,0.0,0.0,0.040510000000000046,0.040510000000000046,0.0005100000000000104,0.0005100000000000104
s06-r1-disconnect-n5-1,6,1,disconnect-n5-1,1,True,91.84,92.84,1.0,1.0,1,93,1.52,1.56401,1.0,1.5240099999999999,0.52,0.5240099999999999,1.52,1.52,0.0,0.0,0.04400999999999988,0.04400999999999988,0.004009999999999847,0.004009999999999847
s06-r1-disconnect-n5-1,6,1,disconnect-n5-1,2,True,169.24,170.24,1.0,1.0,1,170,1.52,1.55963,1.0,1.51963,0.52,0.51963,1.52,1.52,0.0,0.0,0.039630000000000054,0.039630000000000054,-0.00036999999999998145,-0.00036999999999998145
s06-r1-disconnect-n5-1,6,1,disconnect-n5-1,3,True,292.08,293.08,1.0,1.0,1,293,1.52,1.56102,1.0,1.52102,0.52,0.52102,1.52,1.52,0.0,0.0,0.041020000000000056,0.041020000000000056,0.0010200000000000209,0.0010200000000000209
s06-r1-disconnect-n5-1,6,1,disconnect-n5-1,4,True,355.08,356.08,1.0,1.0,1,356,1.52,1.56092,1.0,1.52092,0.52,0.52092,1.52,1.52,0.0,0.0,0.04092000000000007,0.04092000000000007,0.0009200000000000319,0.0009200000000000319
s06-r2-disconnect-n10-1,6,2,disconnect-n10-1,0,True,35.32,36.32,1.0,1.0,1,36,1.52,1.55978,1.0,1.51978,0.52,0.5197799999999999,1.52,1.52,0.0,0.0,0.039779999999999927,0.039779999999999927,-0.000220000000000109,-0.000220000000000109
s06-r2-disconnect-n10-1,6,2,disconnect-n10-1,1,True,59.92,60.92,1.0,1.0,1,61,1.52,1.55956,1.0,1.51956,0.52,0.51956,1.52,1.52,0.0,0.0,0.03956000000000004,0.03956000000000004,-0.00043999999999999595,-0.00043999999999999595
s06-r2-disconnect-n10-1,6,2,disconnect-n10-1,2,True,87.04,88.04,1.0,1.0,1,88,1.52,1.56444,1.0,1.52444,0.52,0.52444,1.52,1.52,0.0,0.0,0.044440000000000035,0.044440000000000035,0.0044399999999999995,0.0044399999999999995
s06-r2-disconnect-n10-1,6,2,disconnect-n10-1,3,True,143.44,144.44,1.0,1.0,1,144,1.52,1.55908,1.0,1.51908,0.52,0.51908,1.52,1.52,0.0,0.0,0.039080000000000004,0.039080000000000004,-0.0009200000000000319,-0.0009200000000000319
s06-r2-disconnect-n10-1,6,2,disconnect-n10-1,4,True,164.28,165.28,1.0,1.0,1,165,1.52,1.56049,1.0,1.52049,0.52,0.5204899999999999,1.52,1.52,0.0,0.0,0.040489999999999915,0.040489999999999915,0.0004899999999998794,0.0004899999999998794
s06-r2-disconnect-n10-1,6,2,disconnect-n10-1,5,True,199.56,200.56,1.0,1.0,1,201,1.52,1.55977,1.0,1.51977,0.52,0.5197700000000001,1.52,1.52,0.0,0.0,0.03977000000000008,0.03977000000000008,-0.00022999999999995246,-0.00022999999999995246
s06-r2-disconnect-n10-1,6,2,disconnect-n10-1,6,True,251.96,252.96,1.0,1.0,1,253,1.52,1.55964,1.0,1.5196399999999999,0.52,0.5196399999999999,1.52,1.52,0.0,0.0,0.0396399999999999,0.0396399999999999,-0.000360000000000138,-0.000360000000000138
s06-r2-disconnect-n10-1,6,2,disconnect-n10-1,7,True,285.96,286.96,1.0,1.0,1,287,1.52,1.56192,1.0,1.52192,0.52,0.5219199999999999,1.52,1.52,0.0,0.0,0.04191999999999996,0.04191999999999996,0.0019199999999999218,0.0019199999999999218
s06-r2-disconnect-n10-1,6,2,disconnect-n10-1,8,True,310.2,311.2,1.0,1.0,1,311,1.52,1.56192,1.0,1.52192,0.52,0.5219199999999999,1.52,1.52,0.0,0.0,0.04191999999999996,0.04191999999999996,0.0019199999999999218,0.0019199999999999218
s06-r2-disconnect-n10-1,6,2,disconnect-n10-1,9,True,364.48,365.48,1.0,1.0,1,366,1.52,1.55643,1.0,1.51643,0.52,0.51643,1.52,1.52,0.0,0.0,0.03642999999999996,0.03642999999999996,-0.003570000000000073,-0.003570000000000073
s06-r2-disconnect-n2-1,6,2,disconnect-n2-1,0,True,171.4,172.4,1.0,1.0,1,172,1.52,1.5593,1.0,1.5192999999999999,0.52,0.5192999999999999,1.52,1.52,0.0,0.0,0.03929999999999989,0.03929999999999989,-0.000700000000000145,-0.000700000000000145
s06-r2-disconnect-n2-1,6,2,disconnect-n2-1,1,True,315.76,316.76,1.0,1.0,1,317,1.52,1.56165,1.0,1.52165,0.52,0.52165,1.52,1.52,0.0,0.0,0.041649999999999965,0.041649999999999965,0.0016499999999999293,0.0016499999999999293
s06-r2-disconnect-n20-1,6,2,disconnect-n20-1,0,True,26.56,27.56,1.0,1.0,1,28,1.52,1.55974,1.0,1.5197399999999999,0.52,0.5197399999999999,1.52,1.52,0.0,0.0,0.039739999999999887,0.039739999999999887,-0.000260000000000149,-0.000260000000000149
s06-r2-disconnect-n20-1,6,2,disconnect-n20-1,1,True,35.44,36.44,1.0,1.0,1,36,1.52,1.55975,1.0,1.51975,0.52,0.5197499999999999,1.52,1.52,0.0,0.0,0.03974999999999995,0.03974999999999995,-0.0002500000000000835,-0.0002500000000000835
s06-r2-disconnect-n20-1,6,2,disconnect-n20-1,2,True,51.2,52.2,1.0,1.0,1,52,1.52,1.55932,1.0,1.51932,0.52,0.51932,1.52,1.52,0.0,0.0,0.03932000000000002,0.03932000000000002,-0.0006800000000000139,-0.0006800000000000139
s06-r2-disconnect-n20-1,6,2,disconnect-n20-1,3,True,76.44,77.44,1.0,1.0,1,77,1.52,1.5605,1.0,1.5205,0.52,0.5205,1.52,1.52,0.0,0.0,0.04049999999999998,0.04049999999999998,0.0004999999999999449,0.0004999999999999449
s06-r2-disconnect-n20-1,6,2,disconnect-n20-1,4,True,89.44,90.44,1.0,1.0,1,90,1.52,1.5588,1.0,1.5188,0.52,0.5187999999999999,1.52,1.52,0.0,0.0,0.038799999999999946,0.038799999999999946,-0.0012000000000000899,-0.0012000000000000899
s06-r2-disconnect-n20-1,6,2,disconnect-n20-1,5,True,106.44,107.44,1.0,1.0,1,107,1.52,1.55531,1.0,1.51531,0.52,0.5153099999999999,1.52,1.52,0.0,0.0,0.03530999999999995,0.03530999999999995,-0.004690000000000083,-0.004690000000000083
s06-r2-disconnect-n20-1,6,2,disconnect-n20-1,6,True,132.2,133.2,1.0,1.0,1,133,1.52,1.56018,1.0,1.5201799999999999,0.52,0.5201799999999999,1.52,1.52,0.0,0.0,0.04017999999999988,0.04017999999999988,0.00017999999999984695,0.00017999999999984695
s06-r2-disconnect-n20-1,6,2,disconnect-n20-1,7,True,151.76,152.76,1.0,1.0,1,153,1.52,1.56046,1.0,1.52046,0.52,0.5204599999999999,1.52,1.52,0.0,0.0,0.04045999999999994,0.04045999999999994,0.00045999999999990493,0.00045999999999990493
s06-r2-disconnect-n20-1,6,2,disconnect-n20-1,8,True,162.36,163.36,1.0,1.0,1,163,1.52,1.55952,1.0,1.51952,0.52,0.51952,1.52,1.52,0.0,0.0,0.03952,0.03952,-0.00048000000000003595,-0.00048000000000003595
s06-r2-disconnect-n20-1,6,2,disconnect-n20-1,9,True,180.0,181.0,1.0,1.0,1,181,1.52,1.56077,1.0,1.52077,0.52,0.52077,1.52,1.52,0.0,0.0,0.04076999999999997,0.04076999999999997,0.0007699999999999374,0.0007699999999999374
s06-r2-disconnect-n20-1,6,2,disconnect-n20-1,10,True,196.68,197.68,1.0,1.0,1,198,1.52,1.56023,1.0,1.52023,0.52,0.52023,1.52,1.52,0.0,0.0,0.04022999999999999,0.04022999999999999,0.00022999999999995246,0.00022999999999995246
s06-r2-disconnect-n20-1,6,2,disconnect-n20-1,11,True,219.4,220.4,1.0,1.0,1,220,1.52,1.56387,1.0,1.52387,0.52,0.5238700000000001,1.52,1.52,0.0,0.0,0.043870000000000076,0.043870000000000076,0.00387000000000004,0.00387000000000004
s06-r2-disconnect-n20-1,6,2,disconnect-n20-1,12,True,240.68,241.68,1.0,1.0,1,242,1.52,1.55926,1.0,1.51926,0.52,0.51926,1.52,1.52,0.0,0.0,0.03926000000000007,0.03926000000000007,-0.0007399999999999629,-0.0007399999999999629
s06-r2-disconnect-n20-1,6,2,disconnect-n20-1,13,True,251.76,252.76,1.0,1.0,1,253,1.52,1.55956,1.0,1.51956,0.52,0.51956,1.52,1.52,0.0,0.0,0.03956000000000004,0.03956000000000004,-0.00043999999999999595,-0.00043999999999999595
s06-r2-disconnect-n20-1,6,2,disconnect-n20-1,14,True,276.16,277.16,1.0,1.0,1,277,1.52,1.55908,1.0,1.51908,0.52,0.51908,1.52,1.52,0.0,0.0,0.039080000000000004,0.039080000000000004,-0.0009200000000000319,-0.0009200000000000319
s06-r2-disconnect-n20-1,6,2,disconnect-n20-1,15,True,289.76,290.76,1.0,1.0,1,291,1.52,1.55835,1.0,1.5183499999999999,0.52,0.5183499999999999,1.52,1.52,0.0,0.0,0.038349999999999884,0.038349999999999884,-0.0016500000000001513,-0.0016500000000001513
s06-r2-disconnect-n20-1,6,2,disconnect-n20-1,16,True,306.4,307.4,1.0,1.0,1,307,1.52,1.56185,1.0,1.52185,0.52,0.5218499999999999,1.52,1.52,0.0,0.0,0.04184999999999994,0.04184999999999994,0.0018499999999999073,0.0018499999999999073
s06-r2-disconnect-n20-1,6,2,disconnect-n20-1,17,True,327.2,328.2,1.0,1.0,1,328,1.52,1.5624,1.0,1.5224,0.52,0.5224,1.52,1.52,0.0,0.0,0.04239999999999999,0.04239999999999999,0.0023999999999999577,0.0023999999999999577
s06-r2-disconnect-n20-1,6,2,disconnect-n20-1,18,True,337.04,338.04,1.0,1.0,1,338,1.52,1.56183,1.0,1.52183,0.52,0.52183,1.52,1.52,0.0,0.0,0.041830000000000034,0.041830000000000034,0.0018299999999999983,0.0018299999999999983
s06-r2-disconnect-n20-1,6,2,disconnect-n20-1,19,True,360.72,361.72,1.0,1.0,1,362,1.52,1.56026,1.0,1.52026,0.52,0.52026,1.52,1.52,0.0,0.0,0.04025999999999996,0.04025999999999996,0.00025999999999992696,0.00025999999999992696
s06-r2-disconnect-n5-1,6,2,disconnect-n5-1,0,True,48.32,49.32,1.0,1.0,1,49,1.52,1.55959,1.0,1.51959,0.52,0.51959,1.52,1.52,0.0,0.0,0.039590000000000014,0.039590000000000014,-0.00041000000000002146,-0.00041000000000002146
s06-r2-disconnect-n5-1,6,2,disconnect-n5-1,1,True,118.2,119.2,1.0,1.0,1,119,1.52,1.56003,1.0,1.52003,0.52,0.52003,1.52,1.52,0.0,0.0,0.04003000000000001,0.04003000000000001,2.999999999997449e-05,2.999999999997449e-05
s06-r2-disconnect-n5-1,6,2,disconnect-n5-1,2,True,185.04,186.04,1.0,1.0,1,186,1.52,1.56016,1.0,1.52016,0.52,0.52016,1.52,1.52,0.0,0.0,0.040159999999999973,0.040159999999999973,0.00015999999999993797,0.00015999999999993797
s06-r2-disconnect-n5-1,6,2,disconnect-n5-1,3,True,246.36,247.36,1.0,1.0,1,247,1.52,1.55956,1.0,1.51956,0.52,0.51956,1.52,1.52,0.0,0.0,0.03956000000000004,0.03956000000000004,-0.00043999999999999595,-0.00043999999999999595
s06-r2-disconnect-n5-1,6,2,disconnect-n5-1,4,True,311.84,312.84,1.0,1.0,1,313,1.52,1.55638,1.0,1.51638,0.52,0.5163800000000001,1.52,1.52,0.0,0.0,0.03638000000000008,0.03638000000000008,-0.0036199999999999566,-0.0036199999999999566
s06-r3-disconnect-n10-1,6,3,disconnect-n10-1,0,True,23.56,24.56,1.0,1.0,1,25,1.52,1.56036,1.0,1.52036,0.52,0.5203599999999999,1.52,1.52,0.0,0.0,0.04035999999999995,0.04035999999999995,0.00035999999999991594,0.00035999999999991594
s06-r3-disconnect-n10-1,6,3,disconnect-n10-1,1,True,57.84,58.84,1.0,1.0,1,59,1.52,1.55983,1.0,1.51983,0.52,0.51983,1.52,1.52,0.0,0.0,0.03983000000000003,0.03983000000000003,-0.00017000000000000348,-0.00017000000000000348
s06-r3-disconnect-n10-1,6,3,disconnect-n10-1,2,True,87.76,88.76,1.0,1.0,1,89,1.52,1.55905,1.0,1.51905,0.52,0.51905,1.52,1.52,0.0,0.0,0.03905000000000003,0.03905000000000003,-0.0009500000000000064,-0.0009500000000000064
s06-r3-disconnect-n10-1,6,3,disconnect-n10-1,3,True,141.88,142.88,1.0,1.0,1,143,1.52,1.56027,1.0,1.52027,0.52,0.52027,1.52,1.52,0.0,0.0,0.04027000000000003,0.04027000000000003,0.00026999999999999247,0.00026999999999999247
s06-r3-disconnect-n10-1,6,3,disconnect-n10-1,4,True,158.96,159.96,1.0,1.0,1,160,1.52,1.55957,1.0,1.5195699999999999,0.52,0.5195699999999999,1.52,1.52,0.0,0.0,0.03956999999999988,0.03956999999999988,-0.0004300000000001525,-0.0004300000000001525
s06-r3-disconnect-n10-1,6,3,disconnect-n10-1,5,True,201.0,202.0,1.0,1.0,1,202,1.52,1.55983,1.0,1.51983,0.52,0.51983,1.52,1.52,0.0,0.0,0.03983000000000003,0.03983000000000003,-0.00017000000000000348,-0.00017000000000000348
s06-r3-disconnect-n10-1,6,3,disconnect-n10-1,6,True,234.6,235.6,1.0,1.0,1,236,1.52,1.55988,1.0,1.51988,0.52,0.5198799999999999,1.52,1.52,0.0,0.0,0.039879999999999916,0.039879999999999916,-0.00012000000000012001,-0.00012000000000012001
s06-r3-disconnect-n10-1,6,3,disconnect-n10-1,7,True,284.56,285.56,1.0,1.0,1,286,1.52,1.55994,1.0,1.51994,0.52,0.5199400000000001,1.52,1.52,0.0,0.0,0.03994000000000009,0.03994000000000009,-5.999999999994898e-05,-5.999999999994898e-05
s06-r3-disconnect-n10-1,6,3,disconnect-n10-1,8,True,318.48,319.48,1.0,1.0,1,320,1.52,1.55846,1.0,1.51846,0.52,0.5184599999999999,1.52,1.52,0.0,0.0,0.03845999999999994,0.03845999999999994,-0.0015400000000000968,-0.0015400000000000968
s06-r3-disconnect-n10-1,6,3,disconnect-n10-1,9,True,356.08,357.08,1.0,1.0,1,357,1.52,1.56063,1.0,1.52063,0.52,0.5206299999999999,1.52,1.52,0.0,0.0,0.040629999999999944,0.040629999999999944,0.0006299999999999084,0.0006299999999999084
s06-r3-disconnect-n2-1,6,3,disconnect-n2-1,0,True,81.52,82.52,1.0,1.0,1,83,1.52,1.55947,1.0,1.5194699999999999,0.52,0.5194699999999999,1.52,1.52,0.0,0.0,0.039469999999999894,0.039469999999999894,-0.0005300000000001415,-0.0005300000000001415
s06-r3-disconnect-n2-1,6,3,disconnect-n2-1,1,True,335.72,336.72,1.0,1.0,1,337,1.52,1.55949,1.0,1.51949,0.52,0.51949,1.52,1.52,0.0,0.0,0.039490000000000025,0.039490000000000025,-0.0005100000000000104,-0.0005100000000000104
s06-r3-disconnect-n20-1,6,3,disconnect-n20-1,0,True,23.48,24.48,1.0,1.0,1,25,1.52,1.56077,1.0,1.52077,0.52,0.52077,1.52,1.52,0.0,0.0,0.04076999999999997,0.04076999999999997,0.0007699999999999374,0.0007699999999999374
s06-r3-disconnect-n20-1,6,3,disconnect-n20-1,1,True,34.12,35.12,1.0,1.0,1,35,1.52,1.56076,1.0,1.52076,0.52,0.5207599999999999,1.52,1.52,0.0,0.0,0.04075999999999991,0.04075999999999991,0.0007599999999998719,0.0007599999999998719
s06-r3-disconnect-n20-1,6,3,disconnect-n20-1,2,True,51.24,52.24,1.0,1.0,1,52,1.52,1.55972,1.0,1.51972,0.52,0.51972,1.52,1.52,0.0,0.0,0.03971999999999998,0.03971999999999998,-0.000280000000000058,-0.000280000000000058
s06-r3-disconnect-n20-1,6,3,disconnect-n20-1,3,True,78.68,79.68,1.0,1.0,1,80,1.52,1.56016,1.0,1.52016,0.52,0.52016,1.52,1.52,0.0,0.0,0.040159999999999973,0.040159999999999973,0.00015999999999993797,0.00015999999999993797
s06-r3-disconnect-n20-1,6,3,disconnect-n20-1,4,True,95.88,96.88,1.0,1.0,1,97,1.52,1.55997,1.0,1.51997,0.52,0.51997,1.52,1.52,0.0,0.0,0.03997000000000006,0.03997000000000006,-2.999999999997449e-05,-2.999999999997449e-05
s06-r3-disconnect-n20-1,6,3,disconnect-n20-1,5,True,115.52,116.52,1.0,1.0,1,117,1.52,1.55936,1.0,1.51936,0.52,0.51936,1.52,1.52,0.0,0.0,0.03936000000000006,0.03936000000000006,-0.0006399999999999739,-0.0006399999999999739
s06-r3-disconnect-n20-1,6,3,disconnect-n20-1,6,True,132.16,133.16,1.0,1.0,1,133,1.52,1.56094,1.0,1.52094,0.52,0.52094,1.52,1.52,0.0,0.0,0.040939999999999976,0.040939999999999976,0.0009399999999999409,0.0009399999999999409
s06-r3-disconnect-n20-1,6,3,disconnect-n20-1,7,True,141.48,142.48,1.0,1.0,1,143,1.52,1.56027,1.0,1.52027,0.52,0.52027,1.52,1.52,0.0,0.0,0.04027000000000003,0.04027000000000003,0.00026999999999999247,0.00026999999999999247
s06-r3-disconnect-n20-1,6,3,disconnect-n20-1,8,True,164.32,165.32,1.0,1.0,1,165,1.52,1.55982,1.0,1.51982,0.52,0.51982,1.52,1.52,0.0,0.0,0.03981999999999997,0.03981999999999997,-0.000180000000000069,-0.000180000000000069
s06-r3-disconnect-n20-1,6,3,disconnect-n20-1,9,True,176.08,177.08,1.0,1.0,1,177,1.52,1.56064,1.0,1.52064,0.52,0.52064,1.52,1.52,0.0,0.0,0.04064000000000001,0.04064000000000001,0.0006399999999999739,0.0006399999999999739
s06-r3-disconnect-n20-1,6,3,disconnect-n20-1,10,True,200.0,201.0,1.0,1.0,1,201,1.52,1.56058,1.0,1.52058,0.52,0.52058,1.52,1.52,0.0,0.0,0.04058000000000006,0.04058000000000006,0.0005800000000000249,0.0005800000000000249
s06-r3-disconnect-n20-1,6,3,disconnect-n20-1,11,True,214.28,215.28,1.0,1.0,1,215,1.52,1.56086,1.0,1.5208599999999999,0.52,0.5208599999999999,1.52,1.52,0.0,0.0,0.040859999999999896,0.040859999999999896,0.0008599999999998609,0.0008599999999998609
s06-r3-disconnect-n20-1,6,3,disconnect-n20-1,12,True,231.64,232.64,1.0,1.0,1,233,1.52,1.56062,1.0,1.5206199999999999,0.52,0.5206199999999999,1.52,1.52,0.0,0.0,0.04061999999999988,0.04061999999999988,0.0006199999999998429,0.0006199999999998429
s06-r3-disconnect-n20-1,6,3,disconnect-n20-1,13,True,255.36,256.36,1.0000000000000284,1.0,1,256,1.52,1.56052,1.0,1.5205199999999999,0.52,0.5205199999999999,1.52,1.52,0.0,0.0,0.04051999999999989,0.04051999999999989,0.0005199999999998539,0.0005199999999998539
s06-r3-disconnect-n20-1,6,3,disconnect-n20-1,14,True,265.12,266.12,1.0,1.0,1,266,1.52,1.56012,1.0,1.52012,0.52,0.5201199999999999,1.52,1.52,0.0,0.0,0.040119999999999933,0.040119999999999933,0.00011999999999989797,0.00011999999999989797
s06-r3-disconnect-n20-1,6,3,disconnect-n20-1,15,True,289.28,290.28,1.0,1.0,1,290,1.52,1.55541,1.0,1.51541,0.52,0.5154099999999999,1.52,1.52,0.0,0.0,0.03540999999999994,0.03540999999999994,-0.004590000000000094,-0.004590000000000094
s06-r3-disconnect-n20-1,6,3,disconnect-n20-1,16,True,303.2,304.2,1.0,1.0,1,304,1.52,1.56032,1.0,1.52032,0.52,0.5203199999999999,1.52,1.52,0.0,0.0,0.04031999999999991,0.04031999999999991,0.00031999999999987594,0.00031999999999987594
s06-r3-disconnect-n20-1,6,3,disconnect-n20-1,17,True,320.44,321.44,1.0,1.0,1,321,1.52,1.55974,1.0,1.5197399999999999,0.52,0.5197399999999999,1.52,1.52,0.0,0.0,0.039739999999999887,0.039739999999999887,-0.000260000000000149,-0.000260000000000149
s06-r3-disconnect-n20-1,6,3,disconnect-n20-1,18,True,347.44,348.44,1.0,1.0,1,348,1.52,1.55881,1.0,1.51881,0.52,0.51881,1.52,1.52,0.0,0.0,0.03881000000000001,0.03881000000000001,-0.0011900000000000244,-0.0011900000000000244
s06-r3-disconnect-n20-1,6,3,disconnect-n20-1,19,True,359.48,360.48,1.0,1.0,1,361,1.52,1.5594,1.0,1.5193999999999999,0.52,0.5193999999999999,1.52,1.52,0.0,0.0,0.03939999999999988,0.03939999999999988,-0.000600000000000156,-0.000600000000000156
s06-r3-disconnect-n5-1,6,3,disconnect-n5-1,0,True,47.6,48.6,1.0,1.0,1,49,1.52,1.56022,1.0,1.52022,0.52,0.5202199999999999,1.52,1.52,0.0,0.0,0.04021999999999992,0.04021999999999992,0.00021999999999988695,0.00021999999999988695
s06-r3-disconnect-n5-1,6,3,disconnect-n5-1,1,True,86.52,87.52,1.0,1.0,1,88,1.52,1.55577,1.0,1.51577,0.52,0.5157700000000001,1.52,1.52,0.0,0.0,0.03577000000000008,0.03577000000000008,-0.004229999999999956,-0.004229999999999956
s06-r3-disconnect-n5-1,6,3,disconnect-n5-1,2,True,187.6,188.6,1.0,1.0,1,189,1.52,1.56022,1.0,1.52022,0.52,0.5202199999999999,1.52,1.52,0.0,0.0,0.04021999999999992,0.04021999999999992,0.00021999999999988695,0.00021999999999988695
s06-r3-disconnect-n5-1,6,3,disconnect-n5-1,3,True,282.48,283.48,1.0,1.0,1,284,1.52,1.55973,1.0,1.51973,0.52,0.51973,1.52,1.52,0.0,0.0,0.03973000000000004,0.03973000000000004,-0.00026999999999999247,-0.00026999999999999247
s06-r3-disconnect-n5-1,6,3,disconnect-n5-1,4,True,337.08,338.08,1.0,1.0,1,338,1.52,1.55935,1.0,1.51935,0.52,0.51935,1.52,1.52,0.0,0.0,0.039349999999999996,0.039349999999999996,-0.0006500000000000394,-0.0006500000000000394
s06-r4-disconnect-n10-1,6,4,disconnect-n10-1,0,True,30.32,31.32,1.0,1.0,1,31,1.52,1.55967,1.0,1.5196699999999999,0.52,0.5196699999999999,1.52,1.52,0.0,0.0,0.03966999999999987,0.03966999999999987,-0.0003300000000001635,-0.0003300000000001635
s06-r4-disconnect-n10-1,6,4,disconnect-n10-1,1,True,72.28,73.28,1.0,1.0,1,73,1.52,1.56003,1.0,1.52003,0.52,0.52003,1.52,1.52,0.0,0.0,0.04003000000000001,0.04003000000000001,2.999999999997449e-05,2.999999999997449e-05
s06-r4-disconnect-n10-1,6,4,disconnect-n10-1,2,True,94.56,95.56,1.0,1.0,1,96,1.52,1.56436,1.0,1.52436,0.52,0.5243599999999999,1.52,1.52,0.0,0.0,0.044359999999999955,0.044359999999999955,0.0043599999999999195,0.0043599999999999195
s06-r4-disconnect-n10-1,6,4,disconnect-n10-1,3,True,124.12,125.12,1.0,1.0,1,125,1.52,1.56012,1.0,1.52012,0.52,0.5201199999999999,1.52,1.52,0.0,0.0,0.040119999999999933,0.040119999999999933,0.00011999999999989797,0.00011999999999989797
s06-r4-disconnect-n10-1,6,4,disconnect-n10-1,4,True,172.48,173.48,1.0,1.0,1,174,1.52,1.5611,1.0,1.5211,0.52,0.5210999999999999,1.52,1.52,0.0,0.0,0.041099999999999914,0.041099999999999914,0.0010999999999998789,0.0010999999999998789
s06-r4-disconnect-n10-1,6,4,disconnect-n10-1,5,True,216.88,217.88,1.0,1.0,1,218,1.52,1.56057,1.0,1.52057,0.52,0.52057,1.52,1.52,0.0,0.0,0.040569999999999995,0.040569999999999995,0.0005699999999999594,0.0005699999999999594
s06-r4-disconnect-n10-1,6,4,disconnect-n10-1,6,True,253.04,254.04,1.0,1.0,1,254,1.52,1.56027,1.0,1.52027,0.52,0.52027,1.52,1.52,0.0,0.0,0.04027000000000003,0.04027000000000003,0.00026999999999999247,0.00026999999999999247
s06-r4-disconnect-n10-1,6,4,disconnect-n10-1,7,True,286.12,287.12,1.0,1.0,1,287,1.52,1.56011,1.0,1.52011,0.52,0.5201100000000001,1.52,1.52,0.0,0.0,0.04011000000000009,0.04011000000000009,0.0001100000000000545,0.0001100000000000545
s06-r4-disconnect-n10-1,6,4,disconnect-n10-1,8,True,304.32,305.32,1.0,1.0,1,305,1.52,1.55931,1.0,1.51931,0.52,0.5193099999999999,1.52,1.52,0.0,0.0,0.039309999999999956,0.039309999999999956,-0.0006900000000000794,-0.0006900000000000794
s06-r4-disconnect-n10-1,6,4,disconnect-n10-1,9,True,339.36,340.36,1.0,1.0,1,340,1.52,1.56008,1.0,1.5200799999999999,0.52,0.5200799999999999,1.52,1.52,0.0,0.0,0.040079999999999893,0.040079999999999893,7.999999999985796e-05,7.999999999985796e-05
s06-r4-disconnect-n2-1,6,4,disconnect-n2-1,0,True,21.24,22.24,1.0,1.0,1,22,1.52,1.55885,1.0,1.51885,0.52,0.51885,1.52,1.52,0.0,0.0,0.03885000000000005,0.03885000000000005,-0.0011499999999999844,-0.0011499999999999844
s06-r4-disconnect-n2-1,6,4,disconnect-n2-1,1,True,297.68,298.68,1.0,1.0,1,299,1.52,1.56019,1.0,1.52019,0.52,0.5201899999999999,1.52,1.52,0.0,0.0,0.04018999999999995,0.04018999999999995,0.00018999999999991246,0.00018999999999991246
s06-r4-disconnect-n20-1,6,4,disconnect-n20-1,0,True,22.76,23.76,1.0,1.0,1,24,1.52,1.55974,1.0,1.5197399999999999,0.52,0.5197399999999999,1.52,1.52,0.0,0.0,0.039739999999999887,0.039739999999999887,-0.000260000000000149,-0.000260000000000149
s06-r4-disconnect-n20-1,6,4,disconnect-n20-1,1,True,38.08,39.08,1.0,1.0,1,39,1.52,1.56048,1.0,1.52048,0.52,0.52048,1.52,1.52,0.0,0.0,0.04048000000000007,0.04048000000000007,0.00048000000000003595,0.00048000000000003595
s06-r4-disconnect-n20-1,6,4,disconnect-n20-1,2,True,51.44,52.44,1.0,1.0,1,52,1.52,1.56007,1.0,1.52007,0.52,0.52007,1.52,1.52,0.0,0.0,0.04007000000000005,0.04007000000000005,7.00000000000145e-05,7.00000000000145e-05
s06-r4-disconnect-n20-1,6,4,disconnect-n20-1,3,True,75.76,76.76,1.0,1.0,1,77,1.52,1.55962,1.0,1.51962,0.52,0.51962,1.52,1.52,0.0,0.0,0.03961999999999999,0.03961999999999999,-0.00038000000000004697,-0.00038000000000004697
s06-r4-disconnect-n20-1,6,4,disconnect-n20-1,4,True,88.36,89.36,1.0,1.0,1,89,1.52,1.56049,1.0,1.52049,0.52,0.5204899999999999,1.52,1.52,0.0,0.0,0.040489999999999915,0.040489999999999915,0.0004899999999998794,0.0004899999999998794
s06-r4-disconnect-n20-1,6,4,disconnect-n20-1,5,True,109.28,110.28,1.0,1.0,1,110,1.52,1.56001,1.0,1.5200099999999999,0.52,0.5200099999999999,1.52,1.52,0.0,0.0,0.04000999999999988,0.04000999999999988,9.999999999843467e-06,9.999999999843467e-06
s06-r4-disconnect-n20-1,6,4,disconnect-n20-1,6,True,129.44,130.44,1.0,1.0,1,130,1.52,1.56067,1.0,1.52067,0.52,0.52067,1.52,1.52,0.0,0.0,0.040669999999999984,0.040669999999999984,0.0006699999999999484,0.0006699999999999484
s06-r4-disconnect-n20-1,6,4,disconnect-n20-1,7,True,144.04,145.04,1.0,1.0,1,145,1.52,1.55992,1.0,1.51992,0.52,0.5199199999999999,1.52,1.52,0.0,0.0,0.039919999999999956,0.039919999999999956,-8.000000000008001e-05,-8.000000000008001e-05
s06-r4-disconnect-n20-1,6,4,disconnect-n20-1,8,True,161.8,162.8,1.0,1.0,1,163,1.52,1.5605,1.0,1.5205,0.52,0.5205,1.52,1.52,0.0,0.0,0.04049999999999998,0.04049999999999998,0.0004999999999999449,0.0004999999999999449
s06-r4-disconnect-n20-1,6,4,disconnect-n20-1,9,True,180.56,181.56,1.0,1.0,1,182,1.52,1.55981,1.0,1.5198099999999999,0.52,0.5198099999999999,1.52,1.52,0.0,0.0,0.0398099999999999,0.0398099999999999,-0.0001900000000001345,-0.0001900000000001345
s06-r4-disconnect-n20-1,6,4,disconnect-n20-1,10,True,193.56,194.56,1.0,1.0,1,195,1.52,1.56044,1.0,1.52044,0.52,0.52044,1.52,1.52,0.0,0.0,0.04044000000000003,0.04044000000000003,0.00043999999999999595,0.00043999999999999595
s06-r4-disconnect-n20-1,6,4,disconnect-n20-1,11,True,216.8,217.8,1.0,1.0,1,218,1.52,1.56014,1.0,1.52014,0.52,0.52014,1.52,1.52,0.0,0.0,0.040140000000000065,0.040140000000000065,0.000140000000000029,0.000140000000000029
s06-r4-disconnect-n20-1,6,4,disconnect-n20-1,12,True,239.68,240.68,1.0,1.0,1,241,1.52,1.56019,1.0,1.52019,0.52,0.5201899999999999,1.52,1.52,0.0,0.0,0.04018999999999995,0.04018999999999995,0.00018999999999991246,0.00018999999999991246
s06-r4-disconnect-n20-1,6,4,disconnect-n20-1,13,True,247.76,248.76,1.0,1.0,1,249,1.52,1.56034,1.0,1.52034,0.52,0.52034,1.52,1.52,0.0,0.0,0.04034000000000004,0.04034000000000004,0.00034000000000000696,0.00034000000000000696
s06-r4-disconnect-n20-1,6,4,disconnect-n20-1,14,True,269.12,270.12,1.0,1.0,1,270,1.52,1.56112,1.0,1.52112,0.52,0.52112,1.52,1.52,0.0,0.0,0.041120000000000045,0.041120000000000045,0.0011200000000000099,0.0011200000000000099
s06-r4-disconnect-n20-1,6,4,disconnect-n20-1,15,True,291.64,292.64,1.0,1.0,1,293,1.52,1.56033,1.0,1.52033,0.52,0.52033,1.52,1.52,0.0,0.0,0.04032999999999998,0.04032999999999998,0.00032999999999994145,0.00032999999999994145
s06-r4-disconnect-n20-1,6,4,disconnect-n20-1,16,True,304.88,305.88,1.0,1.0,1,306,1.52,1.56093,1.0,1.52093,0.52,0.5209299999999999,1.52,1.52,0.0,0.0,0.04092999999999991,0.04092999999999991,0.0009299999999998754,0.0009299999999998754
s06-r4-disconnect-n20-1,6,4,disconnect-n20-1,17,True,320.08,321.08,1.0,1.0,1,321,1.52,1.55986,1.0,1.51986,0.52,0.51986,1.52,1.52,0.0,0.0,0.03986000000000001,0.03986000000000001,-0.000140000000000029,-0.000140000000000029
s06-r4-disconnect-n20-1,6,4,disconnect-n20-1,18,True,339.36,340.36,1.0,1.0,1,340,1.52,1.56057,1.0,1.52057,0.52,0.52057,1.52,1.52,0.0,0.0,0.040569999999999995,0.040569999999999995,0.0005699999999999594,0.0005699999999999594
s06-r4-disconnect-n20-1,6,4,disconnect-n20-1,19,True,356.32,357.32,1.0,1.0,1,357,1.52,1.55531,1.0,1.51531,0.52,0.5153099999999999,1.52,1.52,0.0,0.0,0.03530999999999995,0.03530999999999995,-0.004690000000000083,-0.004690000000000083
s06-r4-disconnect-n5-1,6,4,disconnect-n5-1,0,True,57.16,58.16,1.0,1.0,1,58,1.52,1.55972,1.0,1.51972,0.52,0.51972,1.52,1.52,0.0,0.0,0.03971999999999998,0.03971999999999998,-0.000280000000000058,-0.000280000000000058
s06-r4-disconnect-n5-1,6,4,disconnect-n5-1,1,True,144.6,145.6,1.0,1.0,1,146,1.52,1.55951,1.0,1.51951,0.52,0.5195099999999999,1.52,1.52,0.0,0.0,0.039509999999999934,0.039509999999999934,-0.0004900000000001015,-0.0004900000000001015
s06-r4-disconnect-n5-1,6,4,disconnect-n5-1,2,True,201.8,202.8,1.0,1.0,1,203,1.52,1.56058,1.0,1.52058,0.52,0.52058,1.52,1.52,0.0,0.0,0.04058000000000006,0.04058000000000006,0.0005800000000000249,0.0005800000000000249
s06-r4-disconnect-n5-1,6,4,disconnect-n5-1,3,True,254.12,255.12,1.0,1.0,1,255,1.52,1.56096,1.0,1.5209599999999999,0.52,0.5209599999999999,1.52,1.52,0.0,0.0,0.040959999999999885,0.040959999999999885,0.0009599999999998499,0.0009599999999998499
s06-r4-disconnect-n5-1,6,4,disconnect-n5-1,4,True,305.88,306.88,1.0,1.0,1,307,1.52,1.56028,1.0,1.5202799999999999,0.52,0.5202799999999999,1.52,1.52,0.0,0.0,0.04027999999999987,0.04027999999999987,0.00027999999999983594,0.00027999999999983594
s07-r0-disconnect-n10-1,7,0,disconnect-n10-1,0,True,30.12,31.12,1.0,1.0,1,31,1.52,1.56022,1.0,1.52022,0.52,0.5202199999999999,1.52,1.52,0.0,0.0,0.04021999999999992,0.04021999999999992,0.00021999999999988695,0.00021999999999988695
s07-r0-disconnect-n10-1,7,0,disconnect-n10-1,1,True,75.32,76.32,1.0,1.0,1,76,1.52,1.55972,1.0,1.51972,0.52,0.51972,1.52,1.52,0.0,0.0,0.03971999999999998,0.03971999999999998,-0.000280000000000058,-0.000280000000000058
s07-r0-disconnect-n10-1,7,0,disconnect-n10-1,2,True,95.48,96.48,1.0,1.0,1,97,1.52,1.56469,1.0,1.5246899999999999,0.52,0.5246899999999999,1.52,1.52,0.0,0.0,0.044689999999999896,0.044689999999999896,0.004689999999999861,0.004689999999999861
s07-r0-disconnect-n10-1,7,0,disconnect-n10-1,3,True,122.16,123.16,1.0,1.0,1,123,1.52,1.56021,1.0,1.52021,0.52,0.5202100000000001,1.52,1.52,0.0,0.0,0.04021000000000008,0.04021000000000008,0.00021000000000004349,0.00021000000000004349
s07-r0-disconnect-n10-1,7,0,disconnect-n10-1,4,True,172.36,173.36,1.0,1.0,1,173,1.52,1.55985,1.0,1.51985,0.52,0.5198499999999999,1.52,1.52,0.0,0.0,0.03984999999999994,0.03984999999999994,-0.0001500000000000945,-0.0001500000000000945
s07-r0-disconnect-n10-1,7,0,disconnect-n10-1,5,True,196.56,197.56,1.0,1.0,1,198,1.52,1.55959,1.0,1.51959,0.52,0.51959,1.52,1.52,0.0,0.0,0.039590000000000014,0.039590000000000014,-0.00041000000000002146,-0.00041000000000002146
s07-r0-disconnect-n10-1,7,0,disconnect-n10-1,6,True,252.36,253.36,1.0,1.0,1,253,1.52,1.56023,1.0,1.52023,0.52,0.52023,1.52,1.52,0.0,0.0,0.04022999999999999,0.04022999999999999,0.00022999999999995246,0.00022999999999995246
s07-r0-disconnect-n10-1,7,0,disconnect-n10-1,7,True,265.04,266.04,1.0,1.0,1,266,1.52,1.55984,1.0,1.5198399999999999,0.52,0.5198399999999999,1.52,1.52,0.0,0.0,0.039839999999999876,0.039839999999999876,-0.00016000000000016001,-0.00016000000000016001
s07-r0-disconnect-n10-1,7,0,disconnect-n10-1,8,True,301.68,302.68,1.0,1.0,1,303,1.52,1.56426,1.0,1.52426,0.52,0.52426,1.52,1.52,0.0,0.0,0.044259999999999966,0.044259999999999966,0.0042599999999999305,0.0042599999999999305
s07-r0-disconnect-n10-1,7,0,disconnect-n10-1,9,True,353.4,354.4,1.0,1.0,1,354,1.52,1.56021,1.0,1.52021,0.52,0.5202100000000001,1.52,1.52,0.0,0.0,0.04021000000000008,0.04021000000000008,0.00021000000000004349,0.00021000000000004349
s07-r0-disconnect-n2-1,7,0,disconnect-n2-1,0,True,52.56,53.56,1.0,1.0,1,54,1.52,1.56047,1.0,1.52047,0.52,0.52047,1.52,1.52,0.0,0.0,0.040470000000000006,0.040470000000000006,0.00046999999999997044,0.00046999999999997044
s07-r0-disconnect-n2-1,7,0,disconnect-n2-1,1,True,352.36,353.36,1.0,1.0,1,353,1.52,1.55937,1.0,1.5193699999999999,0.52,0.5193699999999999,1.52,1.52,0.0,0.0,0.039369999999999905,0.039369999999999905,-0.0006300000000001305,-0.0006300000000001305
s07-r0-disconnect-n20-1,7,0,disconnect-n20-1,0,True,17.32,18.32,1.0,1.0,1,18,1.52,1.56025,1.0,1.5202499999999999,0.52,0.5202499999999999,1.52,1.52,0.0,0.0,0.0402499999999999,0.0402499999999999,0.00024999999999986144,0.00024999999999986144
s07-r0-disconnect-n20-1,7,0,disconnect-n20-1,1,True,35.88,36.88,1.0,1.0,1,37,1.52,1.55852,1.0,1.5185199999999999,0.52,0.5185199999999999,1.52,1.52,0.0,0.0,0.03851999999999989,0.03851999999999989,-0.0014800000000001479,-0.0014800000000001479
s07-r0-disconnect-n20-1,7,0,disconnect-n20-1,2,True,58.04,59.04,1.0,1.0,1,59,1.52,1.56018,1.0,1.5201799999999999,0.52,0.5201799999999999,1.52,1.52,0.0,0.0,0.04017999999999988,0.04017999999999988,0.00017999999999984695,0.00017999999999984695
s07-r0-disconnect-n20-1,7,0,disconnect-n20-1,3,True,76.44,77.44,1.0,1.0,1,77,1.52,1.55522,1.0,1.51522,0.52,0.51522,1.52,1.52,0.0,0.0,0.03522000000000003,0.03522000000000003,-0.0047800000000000065,-0.0047800000000000065
s07-r0-disconnect-n20-1,7,0,disconnect-n20-1,4,True,91.6,92.6,1.0,1.0,1,93,1.52,1.55806,1.0,1.51806,0.52,0.51806,1.52,1.52,0.0,0.0,0.03805999999999998,0.03805999999999998,-0.0019400000000000528,-0.0019400000000000528
s07-r0-disconnect-n20-1,7,0,disconnect-n20-1,5,True,112.6,113.6,1.0,1.0,1,114,1.52,1.55972,1.0,1.51972,0.52,0.51972,1.52,1.52,0.0,0.0,0.03971999999999998,0.03971999999999998,-0.000280000000000058,-0.000280000000000058
s07-r0-disconnect-n20-1,7,0,disconnect-n20-1,6,True,128.8,129.8,1.0,1.0,1,130,1.52,1.55989,1.0,1.51989,0.52,0.51989,1.52,1.52,0.0,0.0,0.03988999999999998,0.03988999999999998,-0.0001100000000000545,-0.0001100000000000545
s07-r0-disconnect-n20-1,7,0,disconnect-n20-1,7,True,150.52,151.52,1.0,1.0,1,152,1.52,1.55912,1.0,1.51912,0.52,0.51912,1.52,1.52,0.0,0.0,0.039120000000000044,0.039120000000000044,-0.0008799999999999919,-0.0008799999999999919
s07-r0-disconnect-n20-1,7,0,disconnect-n20-1,8,True,164.32,165.32,1.0,1.0,1,165,1.52,1.56034,1.0,1.52034,0.52,0.52034,1.52,1.52,0.0,0.0,0.04034000000000004,0.04034000000000004,0.00034000000000000696,0.00034000000000000696
s07-r0-disconnect-n20-1,7,0,disconnect-n20-1,9,True,187.2,188.2,1.0,1.0,1,188,1.52,1.55901,1.0,1.51901,0.52,0.51901,1.52,1.52,0.0,0.0,0.03900999999999999,0.03900999999999999,-0.0009900000000000464,-0.0009900000000000464
s07-r0-disconnect-n20-1,7,0,disconnect-n20-1,10,True,196.88,197.88,1.0,1.0,1,198,1.52,1.56081,1.0,1.52081,0.52,0.52081,1.52,1.52,0.0,0.0,0.04081000000000001,0.04081000000000001,0.0008099999999999774,0.0008099999999999774
s07-r0-disconnect-n20-1,7,0,disconnect-n20-1,11,True,221.52,222.52,1.0,1.0,1,223,1.52,1.55912,1.0,1.51912,0.52,0.51912,1.52,1.52,0.0,0.0,0.039120000000000044,0.039120000000000044,-0.0008799999999999919,-0.0008799999999999919
s07-r0-disconnect-n20-1,7,0,disconnect-n20-1,12,True,232.24,233.24,1.0,1.0,1,233,1.52,1.55997,1.0,1.51997,0.52,0.51997,1.52,1.52,0.0,0.0,0.03997000000000006,0.03997000000000006,-2.999999999997449e-05,-2.999999999997449e-05
s07-r0-disconnect-n20-1,7,0,disconnect-n20-1,13,True,247.08,248.08,1.0,1.0,1,248,1.52,1.56008,1.0,1.5200799999999999,0.52,0.5200799999999999,1.52,1.52,0.0,0.0,0.040079999999999893,0.040079999999999893,7.999999999985796e-05,7.999999999985796e-05
s07-r0-disconnect-n20-1,7,0,disconnect-n20-1,14,True,275.08,276.08,1.0,1.0,1,276,1.52,1.55942,1.0,1.51942,0.52,0.51942,1.52,1.52,0.0,0.0,0.03942000000000001,0.03942000000000001,-0.0005800000000000249,-0.0005800000000000249
s07-r0-disconnect-n20-1,7,0,disconnect-n20-1,15,True,289.92,290.92,1.0,1.0,1,291,1.52,1.55896,1.0,1.5189599999999999,0.52,0.5189599999999999,1.52,1.52,0.0,0.0,0.038959999999999884,0.038959999999999884,-0.001040000000000152,-0.001040000000000152
s07-r0-disconnect-n20-1,7,0,disconnect-n20-1,16,True,303.28,304.28,1.0,1.0,1,304,1.52,1.55959,1.0,1.51959,0.52,0.51959,1.52,1.52,0.0,0.0,0.039590000000000014,0.039590000000000014,-0.00041000000000002146,-0.00041000000000002146
s07-r0-disconnect-n20-1,7,0,disconnect-n20-1,17,True,326.12,327.12,1.0,1.0,1,327,1.52,1.56468,1.0,1.52468,0.52,0.52468,1.52,1.52,0.0,0.0,0.04468000000000005,0.04468000000000005,0.0046800000000000175,0.0046800000000000175
s07-r0-disconnect-n20-1,7,0,disconnect-n20-1,18,True,337.4,338.4,1.0,1.0,1,338,1.52,1.5602,1.0,1.5202,0.52,0.5202,1.52,1.52,0.0,0.0,0.040200000000000014,0.040200000000000014,0.00019999999999997797,0.00019999999999997797
s07-r0-disconnect-n20-1,7,0,disconnect-n20-1,19,True,355.52,356.52,1.0,1.0,1,357,1.52,1.56032,1.0,1.52032,0.52,0.5203199999999999,1.52,1.52,0.0,0.0,0.04031999999999991,0.04031999999999991,0.00031999999999987594,0.00031999999999987594
s07-r0-disconnect-n5-1,7,0,disconnect-n5-1,0,True,78.04,79.04,1.0,1.0,1,79,1.52,1.5603,1.0,1.5203,0.52,0.5203,1.52,1.52,0.0,0.0,0.0403,0.0403,0.00029999999999996696,0.00029999999999996696
s07-r0-disconnect-n5-1,7,0,disconnect-n5-1,1,True,104.44,105.44,1.0,1.0,1,105,1.52,1.55966,1.0,1.51966,0.52,0.51966,1.52,1.52,0.0,0.0,0.03966000000000003,0.03966000000000003,-0.00034000000000000696,-0.00034000000000000696
s07-r0-disconnect-n5-1,7,0,disconnect-n5-1,2,True,221.4,222.4,1.0,1.0,1,222,1.52,1.56067,1.0,1.52067,0.52,0.52067,1.52,1.52,0.0,0.0,0.040669999999999984,0.040669999999999984,0.0006699999999999484,0.0006699999999999484
s07-r0-disconnect-n5-1,7,0,disconnect-n5-1,3,True,274.52,275.52,1.0,1.0,1,276,1.52,1.5598,1.0,1.5198,0.52,0.5198,1.52,1.52,0.0,0.0,0.03980000000000006,0.03980000000000006,-0.00019999999999997797,-0.00019999999999997797
s07-r0-disconnect-n5-1,7,0,disconnect-n5-1,4,True,324.56,325.56,1.0,1.0,1,326,1.52,1.55979,1.0,1.51979,0.52,0.51979,1.52,1.52,0.0,0.0,0.03978999999999999,0.03978999999999999,-0.00021000000000004349,-0.00021000000000004349
s07-r0-disconnect-n5-1.25,7,0,disconnect-n5-1.25,0,True,17.52,18.76,1.25,1.240000000000002,1,19,2.04,2.08075,1.25,2.04075,0.799999999999998,0.8007499999999981,1.760000000000002,1.77,0.27999999999999803,0.27,0.3207499999999981,0.3107500000000001,0.28074999999999806,0.27075000000000005
s07-r0-disconnect-n5-1.25,7,0,disconnect-n5-1.25,1,True,145.56,146.8,1.25,1.240000000000009,1,147,2.04,2.0799,1.25,2.0399,0.7999999999999909,0.7998999999999907,1.7600000000000091,1.77,0.2799999999999909,0.27,0.31989999999999075,0.30989999999999984,0.2798999999999907,0.2698999999999998
s07-r0-disconnect-n5-1.25,7,0,disconnect-n5-1.25,2,True,175.08,176.32,1.25,1.2399999999999807,1,177,2.04,2.07975,1.25,2.03975,0.8000000000000194,0.7997500000000195,1.7599999999999807,1.77,0.28000000000001934,0.27,0.3197500000000195,0.3097500000000002,0.2797500000000195,0.26975000000000016
s07-r0-disconnect-n5-1.25,7,0,disconnect-n5-1.25,3,True,262.16,263.44,1.25,1.2799999999999727,1,264,2.04,2.07917,1.25,2.03917,0.7600000000000273,0.7591700000000272,1.7999999999999727,1.77,0.2400000000000273,0.27,0.27917000000002723,0.30916999999999994,0.2391700000000272,0.2691699999999999
s07-r0-disconnect-n5-1.25,7,0,disconnect-n5-1.25,4,True,365.52,366.8,1.25,1.2800000000000296,1,367,2.04,2.07535,1.25,2.0353499999999998,0.7599999999999705,0.7553499999999702,1.8000000000000296,1.77,0.23999999999997046,0.27,0.27534999999997023,0.3053499999999998,0.2353499999999702,0.26534999999999975
s07-r0-disconnect-n5-1.75,7,0,disconnect-n5-1.75,0,True,70.88,72.6,1.75,1.7199999999999989,1,73,2.52,2.55646,1.75,2.51646,0.8000000000000012,0.7964600000000011,2.239999999999999,2.27,0.28000000000000114,0.25,0.3164600000000011,0.28645999999999994,0.27646000000000104,0.2464599999999999
s07-r0-disconnect-n5-1.75,7,0,disconnect-n5-1.75,1,True,125.84,127.6,1.75,1.759999999999991,1,128,2.52,2.5584,1.75,2.5183999999999997,0.7600000000000091,0.7584000000000088,2.279999999999991,2.27,0.2400000000000091,0.25,0.27840000000000886,0.28839999999999977,0.23840000000000883,0.24839999999999973
s07-r0-disconnect-n5-1.75,7,0,disconnect-n5-1.75,2,True,159.8,161.56,1.75,1.759999999999991,1,162,2.52,2.56249,1.75,2.52249,0.7600000000000091,0.762490000000009,2.279999999999991,2.27,0.2400000000000091,0.25,0.282490000000009,0.2924899999999999,0.24249000000000898,0.2524899999999999
s07-r0-disconnect-n5-1.75,7,0,disconnect-n5-1.75,3,True,288.16,289.92,1.75,1.759999999999991,1,290,2.52,2.55899,1.75,2.51899,0.7600000000000091,0.7589900000000092,2.279999999999991,2.27,0.2400000000000091,0.25,0.2789900000000092,0.2889900000000001,0.23899000000000914,0.24899000000000004
s07-r0-disconnect-n5-1.75,7,0,disconnect-n5-1.75,4,True,307.16,308.92,1.75,1.759999999999991,1,309,2.52,2.56412,1.75,2.52412,0.7600000000000091,0.764120000000009,2.279999999999991,2.27,0.2400000000000091,0.25,0.28412000000000903,0.29411999999999994,0.244120000000009,0.2541199999999999
s07-r0-disconnect-n5-2.25,7,0,disconnect-n5-2.25,0,True,16.52,18.8,2.25,2.280000000000001,1,19,3.04,3.07621,2.25,3.03621,0.7599999999999989,0.7562099999999989,2.800000000000001,2.77,0.23999999999999888,0.27,0.27620999999999896,0.3062100000000001,0.23620999999999892,0.26621000000000006
s07-r0-disconnect-n5-2.25,7,0,disconnect-n5-2.25,1,True,109.48,111.72,2.25,2.239999999999995,1,112,3.04,3.07912,2.25,3.03912,0.8000000000000052,0.7991200000000052,2.759999999999995,2.77,0.28000000000000513,0.27,0.3191200000000052,0.30912000000000006,0.27912000000000514,0.26912
s07-r0-disconnect-n5-2.25,7,0,disconnect-n5-2.25,2,True,221.56,223.8,2.25,2.240000000000009,1,224,3.04,3.07975,2.25,3.03975,0.7999999999999909,0.7997499999999911,2.760000000000009,2.77,0.2799999999999909,0.27,0.3197499999999911,0.3097500000000002,0.27974999999999106,0.26975000000000016
s07-r0-disconnect-n5-2.25,7,0,disconnect-n5-2.25,3,True,240.24,242.48,2.25,2.2399999999999807,1,243,3.04,3.07886,2.25,3.03886,0.8000000000000194,0.7988600000000194,2.7599999999999807,2.77,0.28000000000001934,0.27,0.31886000000001946,0.30886000000000013,0.2788600000000194,0.2688600000000001
s07-r0-disconnect-n5-2.25,7,0,disconnect-n5-2.25,4,True,351.84,354.08,2.25,2.240000000000009,1,354,3.04,3.08327,2.25,3.04327,0.7999999999999909,0.803269999999991,2.760000000000009,2.77,0.2799999999999909,0.27,0.32326999999999106,0.31327000000000016,0.28326999999999103,0.2732700000000001
s07-r1-disconnect-n10-1,7,1,disconnect-n10-1,0,True,23.24,24.24,1.0,1.0,1,24,1.52,1.55929,1.0,1.51929,0.52,0.51929,1.52,1.52,0.0,0.0,0.03929000000000005,0.03929000000000005,-0.0007099999999999884,-0.0007099999999999884
s07-r1-disconnect-n10-1,7,1,disconnect-n10-1,1,True,57.88,58.88,1.0,1.0,1,59,1.52,1.55607,1.0,1.51607,0.52,0.51607,1.52,1.52,0.0,0.0,0.036070000000000046,0.036070000000000046,-0.003929999999999989,-0.003929999999999989
s07-r1-disconnect-n10-1,7,1,disconnect-n10-1,2,True,86.88,87.88,1.0,1.0,1,88,1.52,1.56436,1.0,1.52436,0.52,0.5243599999999999,1.52,1.52,0.0,0.0,0.044359999999999955,0.044359999999999955,0.0043599999999999195,0.0043599999999999195
s07-r1-disconnect-n10-1,7,1,disconnect-n10-1,3,True,150.4,151.4,1.0,1.0,1,151,1.52,1.56085,1.0,1.52085,0.52,0.52085,1.52,1.52,0.0,0.0,0.04085000000000005,0.04085000000000005,0.0008500000000000174,0.0008500000000000174
s07-r1-disconnect-n10-1,7,1,disconnect-n10-1,4,True,182.24,183.24,1.0,1.0,1,183,1.52,1.55994,1.0,1.51994,0.52,0.5199400000000001,1.52,1.52,0.0,0.0,0.03994000000000009,0.03994000000000009,-5.999999999994898e-05,-5.999999999994898e-05
s07-r1-disconnect-n10-1,7,1,disconnect-n10-1,5,True,206.4,207.4,1.0,1.0,1,207,1.52,1.5598,1.0,1.5198,0.52,0.5198,1.52,1.52,0.0,0.0,0.03980000000000006,0.03980000000000006,-0.00019999999999997797,-0.00019999999999997797
s07-r1-disconnect-n10-1,7,1,disconnect-n10-1,6,True,234.52,235.52,1.0,1.0,1,236,1.52,1.55981,1.0,1.5198099999999999,0.52,0.5198099999999999,1.52,1.52,0.0,0.0,0.0398099999999999,0.0398099999999999,-0.0001900000000001345,-0.0001900000000001345
s07-r1-disconnect-n10-1,7,1,disconnect-n10-1,7,True,284.72,285.72,1.0,1.0,1,286,1.52,1.56052,1.0,1.5205199999999999,0.52,0.5205199999999999,1.52,1.52,0.0,0.0,0.04051999999999989,0.04051999999999989,0.0005199999999998539,0.0005199999999998539
s07-r1-disconnect-n10-1,7,1,disconnect-n10-1,8,True,320.76,321.76,1.0,1.0,1,322,1.52,1.56034,1.0,1.52034,0.52,0.52034,1.52,1.52,0.0,0.0,0.04034000000000004,0.04034000000000004,0.00034000000000000696,0.00034000000000000696
s07-r1-disconnect-n10-1,7,1,disconnect-n10-1,9,True,347.6,348.6,1.0,1.0,1,349,1.52,1.55942,1.0,1.51942,0.52,0.51942,1.52,1.52,0.0,0.0,0.03942000000000001,0.03942000000000001,-0.0005800000000000249,-0.0005800000000000249
s07-r1-disconnect-n2-1,7,1,disconnect-n2-1,0,True,175.96,176.96,1.0,1.0,1,177,1.52,1.56022,1.0,1.52022,0.52,0.5202199999999999,1.52,1.52,0.0,0.0,0.04021999999999992,0.04021999999999992,0.00021999999999988695,0.00021999999999988695
s07-r1-disconnect-n2-1,7,1,disconnect-n2-1,1,True,341.12,342.12,1.0,1.0,1,342,1.52,1.55987,1.0,1.51987,0.52,0.51987,1.52,1.52,0.0,0.0,0.03987000000000007,0.03987000000000007,-0.00012999999999996348,-0.00012999999999996348
s07-r1-disconnect-n20-1,7,1,disconnect-n20-1,0,True,16.16,17.16,1.0,1.0,1,17,1.52,1.56056,1.0,1.52056,0.52,0.5205599999999999,1.52,1.52,0.0,0.0,0.04055999999999993,0.04055999999999993,0.0005599999999998939,0.0005599999999998939
s07-r1-disconnect-n20-1,7,1,disconnect-n20-1,1,True,33.0,34.0,1.0,1.0,1,34,1.52,1.55953,1.0,1.51953,0.52,0.51953,1.52,1.52,0.0,0.0,0.039530000000000065,0.039530000000000065,-0.00046999999999997044,-0.00046999999999997044
s07-r1-disconnect-n20-1,7,1,disconnect-n20-1,2,True,61.2,62.2,1.0,1.0,1,62,1.52,1.56037,1.0,1.52037,0.52,0.52037,1.52,1.52,0.0,0.0,0.04037000000000002,0.04037000000000002,0.00036999999999998145,0.00036999999999998145
s07-r1-disconnect-n20-1,7,1,disconnect-n20-1,3,True,71.88,72.88,1.0,1.0,1,73,1.52,1.55995,1.0,1.51995,0.52,0.5199499999999999,1.52,1.52,0.0,0.0,0.03994999999999993,0.03994999999999993,-5.0000000000105516e-05,-5.0000000000105516e-05
s07-r1-disconnect-n20-1,7,1,disconnect-n20-1,4,True,87.52,88.52,1.0,1.0,1,89,1.52,1.56039,1.0,1.52039,0.52,0.5203899999999999,1.52,1.52,0.0,0.0,0.040389999999999926,0.040389999999999926,0.00038999999999989043,0.00038999999999989043
s07-r1-disconnect-n20-1,7,1,disconnect-n20-1,5,True,114.36,115.36,1.0,1.0,1,115,1.52,1.56036,1.0,1.52036,0.52,0.5203599999999999,1.52,1.52,0.0,0.0,0.04035999999999995,0.04035999999999995,0.00035999999999991594,0.00035999999999991594
s07-r1-disconnect-n20-1,7,1,disconnect-n20-1,6,True,129.32,130.32,1.0,1.0,1,130,1.52,1.56074,1.0,1.52074,0.52,0.52074,1.52,1.52,0.0,0.0,0.04074,0.04074,0.0007399999999999629,0.0007399999999999629
s07-r1-disconnect-n20-1,7,1,disconnect-n20-1,7,True,145.48,146.48,1.0,1.0,1,147,1.52,1.55948,1.0,1.51948,0.52,0.5194799999999999,1.52,1.52,0.0,0.0,0.03947999999999996,0.03947999999999996,-0.000520000000000076,-0.000520000000000076
s07-r1-disconnect-n20-1,7,1,disconnect-n20-1,8,True,167.08,168.08,1.0,1.0,1,168,1.52,1.56074,1.0,1.52074,0.52,0.52074,1.52,1.52,0.0,0.0,0.04074,0.04074,0.0007399999999999629,0.0007399999999999629
s07-r1-disconnect-n20-1,7,1,disconnect-n20-1,9,True,180.88,181.88,1.0,1.0,1,182,1.52,1.56057,1.0,1.52057,0.52,0.52057,1.52,1.52,0.0,0.0,0.040569999999999995,0.040569999999999995,0.0005699999999999594,0.0005699999999999594
s07-r1-disconnect-n20-1,7,1,disconnect-n20-1,10,True,204.16,205.16,1.0,1.0,1,205,1.52,1.56012,1.0,1.52012,0.52,0.5201199999999999,1.52,1.52,0.0,0.0,0.040119999999999933,0.040119999999999933,0.00011999999999989797,0.00011999999999989797
s07-r1-disconnect-n20-1,7,1,disconnect-n20-1,11,True,218.88,219.88,1.0,1.0,1,220,1.52,1.5605,1.0,1.5205,0.52,0.5205,1.52,1.52,0.0,0.0,0.04049999999999998,0.04049999999999998,0.0004999999999999449,0.0004999999999999449
s07-r1-disconnect-n20-1,7,1,disconnect-n20-1,12,True,234.56,235.56,1.0,1.0,1,236,1.52,1.56044,1.0,1.52044,0.52,0.52044,1.52,1.52,0.0,0.0,0.04044000000000003,0.04044000000000003,0.00043999999999999595,0.00043999999999999595
s07-r1-disconnect-n20-1,7,1,disconnect-n20-1,13,True,249.48,250.48,1.0,1.0,1,251,1.52,1.55954,1.0,1.51954,0.52,0.5195399999999999,1.52,1.52,0.0,0.0,0.03953999999999991,0.03953999999999991,-0.000460000000000127,-0.000460000000000127
s07-r1-disconnect-n20-1,7,1,disconnect-n20-1,14,True,271.56,272.56,1.0,1.0,1,273,1.52,1.5599,1.0,1.5199,0.52,0.5199,1.52,1.52,0.0,0.0,0.03990000000000005,0.03990000000000005,-9.999999999998899e-05,-9.999999999998899e-05
s07-r1-disconnect-n20-1,7,1,disconnect-n20-1,15,True,283.48,284.48,1.0,1.0,1,285,1.52,1.56055,1.0,1.52055,0.52,0.5205500000000001,1.52,1.52,0.0,0.0,0.040550000000000086,0.040550000000000086,0.0005500000000000504,0.0005500000000000504
s07-r1-disconnect-n20-1,7,1,disconnect-n20-1,16,True,303.28,304.28,1.0,1.0,1,304,1.52,1.56107,1.0,1.52107,0.52,0.5210699999999999,1.52,1.52,0.0,0.0,0.04106999999999994,0.04106999999999994,0.0010699999999999044,0.0010699999999999044
s07-r1-disconnect-n20-1,7,1,disconnect-n20-1,17,True,329.92,330.92,1.0,1.0,1,331,1.52,1.55965,1.0,1.51965,0.52,0.51965,1.52,1.52,0.0,0.0,0.03964999999999996,0.03964999999999996,-0.0003500000000000725,-0.0003500000000000725
s07-r1-disconnect-n20-1,7,1,disconnect-n20-1,18,True,341.52,342.52,1.0,1.0,1,343,1.52,1.56014,1.0,1.52014,0.52,0.52014,1.52,1.52,0.0,0.0,0.040140000000000065,0.040140000000000065,0.000140000000000029,0.000140000000000029
s07-r1-disconnect-n20-1,7,1,disconnect-n20-1,19,True,359.56,360.56,1.0,1.0,1,361,1.52,1.56113,1.0,1.5211299999999999,0.52,0.5211299999999999,1.52,1.52,0.0,0.0,0.04112999999999989,0.04112999999999989,0.0011299999999998533,0.0011299999999998533
s07-r1-disconnect-n5-1,7,1,disconnect-n5-1,0,True,17.08,18.08,1.0,1.0,1,18,1.52,1.56028,1.0,1.5202799999999999,0.52,0.5202799999999999,1.52,1.52,0.0,0.0,0.04027999999999987,0.04027999999999987,0.00027999999999983594,0.00027999999999983594
s07-r1-disconnect-n5-1,7,1,disconnect-n5-1,1,True,132.12,133.12,1.0,1.0,1,133,1.52,1.56038,1.0,1.52038,0.52,0.5203800000000001,1.52,1.52,0.0,0.0,0.04038000000000008,0.04038000000000008,0.00038000000000004697,0.00038000000000004697
s07-r1-disconnect-n5-1,7,1,disconnect-n5-1,2,True,192.44,193.44,1.0,1.0,1,193,1.52,1.55998,1.0,1.5199799999999999,0.52,0.5199799999999999,1.52,1.52,0.0,0.0,0.039979999999999905,0.039979999999999905,-2.0000000000131024e-05,-2.0000000000131024e-05
s07-r1-disconnect-n5-1,7,1,disconnect-n5-1,3,True,274.16,275.16,1.0,1.0,1,275,1.52,1.55556,1.0,1.51556,0.52,0.51556,1.52,1.52,0.0,0.0,0.035560000000000036,0.035560000000000036,-0.0044399999999999995,-0.0044399999999999995
s07-r1-disconnect-n5-1,7,1,disconnect-n5-1,4,True,360.0,361.0,1.0,1.0,1,361,1.52,1.56025,1.0,1.5202499999999999,0.52,0.5202499999999999,1.52,1.52,0.0,0.0,0.0402499999999999,0.0402499999999999,0.00024999999999986144,0.00024999999999986144
s07-r2-disconnect-n10-1,7,2,disconnect-n10-1,0,True,34.16,35.16,1.0,1.0,1,35,1.52,1.56047,1.0,1.52047,0.52,0.52047,1.52,1.52,0.0,0.0,0.040470000000000006,0.040470000000000006,0.00046999999999997044,0.00046999999999997044
s07-r2-disconnect-n10-1,7,2,disconnect-n10-1,1,True,60.88,61.88,1.0,1.0,1,62,1.52,1.56055,1.0,1.52055,0.52,0.5205500000000001,1.52,1.52,0.0,0.0,0.040550000000000086,0.040550000000000086,0.0005500000000000504,0.0005500000000000504
s07-r2-disconnect-n10-1,7,2,disconnect-n10-1,2,True,115.36,116.36,1.0,1.0,1,116,1.52,1.56007,1.0,1.52007,0.52,0.52007,1.52,1.52,0.0,0.0,0.04007000000000005,0.04007000000000005,7.00000000000145e-05,7.00000000000145e-05
s07-r2-disconnect-n10-1,7,2,disconnect-n10-1,3,True,134.64,135.64,1.0,1.0,1,136,1.52,1.56047,1.0,1.52047,0.52,0.52047,1.52,1.52,0.0,0.0,0.040470000000000006,0.040470000000000006,0.00046999999999997044,0.00046999999999997044
s07-r2-disconnect-n10-1,7,2,disconnect-n10-1,4,True,171.68,172.68,1.0,1.0,1,173,1.52,1.56027,1.0,1.52027,0.52,0.52027,1.52,1.52,0.0,0.0,0.04027000000000003,0.04027000000000003,0.00026999999999999247,0.00026999999999999247
s07-r2-disconnect-n10-1,7,2,disconnect-n10-1,5,True,219.48,220.48,1.0,1.0,1,221,1.52,1.5609,1.0,1.5209,0.52,0.5208999999999999,1.52,1.52,0.0,0.0,0.040899999999999936,0.040899999999999936,0.0008999999999999009,0.0008999999999999009
s07-r2-disconnect-n10-1,7,2,disconnect-n10-1,6,True,245.4,246.4,1.0,1.0,1,246,1.52,1.56082,1.0,1.52082,0.52,0.5208200000000001,1.52,1.52,0.0,0.0,0.04082000000000008,0.04082000000000008,0.0008200000000000429,0.0008200000000000429
s07-r2-disconnect-n10-1,7,2,disconnect-n10-1,7,True,283.0,284.0,1.0,1.0,1,284,1.52,1.5602,1.0,1.5202,0.52,0.5202,1.52,1.52,0.0,0.0,0.040200000000000014,0.040200000000000014,0.00019999999999997797,0.00019999999999997797
s07-r2-disconnect-n10-1,7,2,disconnect-n10-1,8,True,310.4,311.4,1.0,1.0,1,311,1.52,1.55967,1.0,1.5196699999999999,0.52,0.5196699999999999,1.52,1.52,0.0,0.0,0.03966999999999987,0.03966999999999987,-0.0003300000000001635,-0.0003300000000001635
s07-r2-disconnect-n10-1,7,2,disconnect-n10-1,9,True,352.44,353.44,1.0,1.0,1,353,1.52,1.56133,1.0,1.52133,0.52,0.5213300000000001,1.52,1.52,0.0,0.0,0.04133000000000009,0.04133000000000009,0.0013300000000000534,0.0013300000000000534
s07-r2-disconnect-n2-1,7,2,disconnect-n2-1,0,True,177.0,178.0,1.0,1.0,1,178,1.52,1.56062,1.0,1.5206199999999999,0.52,0.5206199999999999,1.52,1.52,0.0,0.0,0.04061999999999988,0.04061999999999988,0.0006199999999998429,0.0006199999999998429
s07-r2-disconnect-n2-1,7,2,disconnect-n2-1,1,True,320.96,321.96,1.0,1.0,1,322,1.52,1.56075,1.0,1.52075,0.52,0.52075,1.52,1.52,0.0,0.0,0.040750000000000064,0.040750000000000064,0.0007500000000000284,0.0007500000000000284
s07-r2-disconnect-n20-1,7,2,disconnect-n20-1,0,True,24.8,25.8,1.0,1.0,1,26,1.52,1.56018,1.0,1.5201799999999999,0.52,0.5201799999999999,1.52,1.52,0.0,0.0,0.04017999999999988,0.04017999999999988,0.00017999999999984695,0.00017999999999984695
s07-r2-disconnect-n20-1,7,2,disconnect-n20-1,1,True,42.96,43.96,1.0,1.0,1,44,1.52,1.55961,1.0,1.51961,0.52,0.5196099999999999,1.52,1.52,0.0,0.0,0.03960999999999992,0.03960999999999992,-0.0003900000000001125,-0.0003900000000001125
s07-r2-disconnect-n20-1,7,2,disconnect-n20-1,2,True,56.16,57.16,1.0,1.0,1,57,1.52,1.56007,1.0,1.52007,0.52,0.52007,1.52,1.52,0.0,0.0,0.04007000000000005,0.04007000000000005,7.00000000000145e-05,7.00000000000145e-05
s07-r2-disconnect-n20-1,7,2,disconnect-n20-1,3,True,72.96,73.96,1.0,1.0,1,74,1.52,1.56057,1.0,1.52057,0.52,0.52057,1.52,1.52,0.0,0.0,0.040569999999999995,0.040569999999999995,0.0005699999999999594,0.0005699999999999594
s07-r2-disconnect-n20-1,7,2,disconnect-n20-1,4,True,97.24,98.24,1.0,1.0,1,98,1.52,1.55958,1.0,1.51958,0.52,0.5195799999999999,1.52,1.52,0.0,0.0,0.03957999999999995,0.03957999999999995,-0.00042000000000008697,-0.00042000000000008697
s07-r2-disconnect-n20-1,7,2,disconnect-n20-1,5,True,110.24,111.24,1.0,1.0,1,111,1.52,1.56122,1.0,1.52122,0.52,0.52122,1.52,1.52,0.0,0.0,0.041220000000000034,0.041220000000000034,0.0012199999999999989,0.0012199999999999989
s07-r2-disconnect-n20-1,7,2,disconnect-n20-1,6,True,128.8,129.8,1.0,1.0,1,130,1.52,1.56102,1.0,1.52102,0.52,0.52102,1.52,1.52,0.0,0.0,0.041020000000000056,0.041020000000000056,0.0010200000000000209,0.0010200000000000209
s07-r2-disconnect-n20-1,7,2,disconnect-n20-1,7,True,140.56,141.56,1.0,1.0,1,142,1.52,1.56082,1.0,1.52082,0.52,0.5208200000000001,1.52,1.52,0.0,0.0,0.04082000000000008,0.04082000000000008,0.0008200000000000429,0.0008200000000000429
s07-r2-disconnect-n20-1,7,2,disconnect-n20-1,8,True,157.96,158.96,1.0,1.0,1,159,1.52,1.56114,1.0,1.52114,0.52,0.5211399999999999,1.52,1.52,0.0,0.0,0.041139999999999954,0.041139999999999954,0.0011399999999999189,0.0011399999999999189
s07-r2-disconnect-n20-1,7,2,disconnect-n20-1,9,True,178.0,179.0,1.0,1.0,1,179,1.52,1.55993,1.0,1.51993,0.52,0.51993,1.52,1.52,0.0,0.0,0.03993000000000002,0.03993000000000002,-7.00000000000145e-05,-7.00000000000145e-05
s07-r2-disconnect-n20-1,7,2,disconnect-n20-1,10,True,196.44,197.44,1.0,1.0,1,197,1.52,1.56049,1.0,1.52049,0.52,0.5204899999999999,1.52,1.52,0.0,0.0,0.040489999999999915,0.040489999999999915,0.0004899999999998794,0.0004899999999998794
s07-r2-disconnect-n20-1,7,2,disconnect-n20-1,11,True,215.8,216.8,1.0,1.0,1,217,1.52,1.56005,1.0,1.52005,0.52,0.5200499999999999,1.52,1.52,0.0,0.0,0.04004999999999992,0.04004999999999992,4.999999999988347e-05,4.999999999988347e-05
s07-r2-disconnect-n20-1,7,2,disconnect-n20-1,12,True,238.0,239.0,1.0,1.0,1,239,1.52,1.56014,1.0,1.52014,0.52,0.52014,1.52,1.52,0.0,0.0,0.040140000000000065,0.040140000000000065,0.000140000000000029,0.000140000000000029
s07-r2-disconnect-n20-1,7,2,disconnect-n20-1,13,True,256.68,257.68,1.0,1.0,1,258,1.52,1.56042,1.0,1.5204199999999999,0.52,0.5204199999999999,1.52,1.52,0.0,0.0,0.0404199999999999,0.0404199999999999,0.0004199999999998649,0.0004199999999998649
s07-r2-disconnect-n20-1,7,2,disconnect-n20-1,14,True,274.8,275.8,1.0,1.0,1,276,1.52,1.56031,1.0,1.52031,0.52,0.52031,1.52,1.52,0.0,0.0,0.04031000000000007,0.04031000000000007,0.00031000000000003247,0.00031000000000003247
s07-r2-disconnect-n20-1,7,2,disconnect-n20-1,15,True,294.2,295.2,1.0,1.0,1,295,1.52,1.56082,1.0,1.52082,0.52,0.5208200000000001,1.52,1.52,0.0,0.0,0.04082000000000008,0.04082000000000008,0.0008200000000000429,0.0008200000000000429
s07-r2-disconnect-n20-1,7,2,disconnect-n20-1,16,True,306.68,307.68,1.0,1.0,1,308,1.52,1.56022,1.0,1.52022,0.52,0.5202199999999999,1.52,1.52,0.0,0.0,0.04021999999999992,0.04021999999999992,0.00021999999999988695,0.00021999999999988695
s07-r2-disconnect-n20-1,7,2,disconnect-n20-1,17,True,329.6,330.6,1.0,1.0,1,331,1.52,1.55926,1.0,1.51926,0.52,0.51926,1.52,1.52,0.0,0.0,0.03926000000000007,0.03926000000000007,-0.0007399999999999629,-0.0007399999999999629
s07-r2-disconnect-n20-1,7,2,disconnect-n20-1,18,True,344.08,345.08,1.0,1.0,1,345,1.52,1.56104,1.0,1.52104,0.52,0.52104,1.52,1.52,0.0,0.0,0.041039999999999965,0.041039999999999965,0.0010399999999999299,0.0010399999999999299
s07-r2-disconnect-n20-1,7,2,disconnect-n20-1,19,True,361.52,362.52,1.0,1.0,1,363,1.52,1.56055,1.0,1.52055,0.52,0.5205500000000001,1.52,1.52,0.0,0.0,0.040550000000000086,0.040550000000000086,0.0005500000000000504,0.0005500000000000504
s07-r2-disconnect-n5-1,7,2,disconnect-n5-1,0,True,45.0,46.0,1.0,1.0,1,46,1.52,1.55984,1.0,1.5198399999999999,0.52,0.5198399999999999,1.52,1.52,0.0,0.0,0.039839999999999876,0.039839999999999876,-0.00016000000000016001,-0.00016000000000016001
s07-r2-disconnect-n5-1,7,2,disconnect-n5-1,1,True,134.28,135.28,1.0,1.0,1,135,1.52,1.56172,1.0,1.52172,0.52,0.52172,1.52,1.52,0.0,0.0,0.04171999999999998,0.04171999999999998,0.0017199999999999438,0.0017199999999999438
s07-r2-disconnect-n5-1,7,2,disconnect-n5-1,2,True,165.76,166.76,1.0,1.0,1,167,1.52,1.56052,1.0,1.5205199999999999,0.52,0.5205199999999999,1.52,1.52,0.0,0.0,0.04051999999999989,0.04051999999999989,0.0005199999999998539,0.0005199999999998539
s07-r2-disconnect-n5-1,7,2,disconnect-n5-1,3,True,268.04,269.04,1.0,1.0,1,269,1.52,1.56103,1.0,1.5210299999999999,0.52,0.5210299999999999,1.52,1.52,0.0,0.0,0.0410299999999999,0.0410299999999999,0.0010299999999998644,0.0010299999999998644
s07-r2-disconnect-n5-1,7,2,disconnect-n5-1,4,True,318.4,319.4,1.0,1.0,1,319,1.52,1.56021,1.0,1.52021,0.52,0.5202100000000001,1.52,1.52,0.0,0.0,0.04021000000000008,0.04021000000000008,0.00021000000000004349,0.00021000000000004349
s07-r3-disconnect-n10-1,7,3,disconnect-n10-1,0,True,27.28,28.28,1.0,1.0,1,28,1.52,1.55916,1.0,1.51916,0.52,0.5191600000000001,1.52,1.52,0.0,0.0,0.039160000000000084,0.039160000000000084,-0.0008399999999999519,-0.0008399999999999519
s07-r3-disconnect-n10-1,7,3,disconnect-n10-1,1,True,52.32,53.32,1.0,1.0,1,53,1.52,1.56358,1.0,1.52358,0.52,0.5235799999999999,1.52,1.52,0.0,0.0,0.04357999999999995,0.04357999999999995,0.0035799999999999166,0.0035799999999999166
s07-r3-disconnect-n10-1,7,3,disconnect-n10-1,2,True,92.56,93.56,1.0,1.0,1,94,1.52,1.5603,1.0,1.5203,0.52,0.5203,1.52,1.52,0.0,0.0,0.0403,0.0403,0.00029999999999996696,0.00029999999999996696
s07-r3-disconnect-n10-1,7,3,disconnect-n10-1,3,True,128.36,129.36,1.0,1.0,1,129,1.52,1.56037,1.0,1.52037,0.52,0.52037,1.52,1.52,0.0,0.0,0.04037000000000002,0.04037000000000002,0.00036999999999998145,0.00036999999999998145
s07-r3-disconnect-n10-1,7,3,disconnect-n10-1,4,True,160.96,161.96,1.0,1.0,1,162,1.52,1.55976,1.0,1.51976,0.52,0.51976,1.52,1.52,0.0,0.0,0.03976000000000002,0.03976000000000002,-0.00024000000000001798,-0.00024000000000001798
s07-r3-disconnect-n10-1,7,3,disconnect-n10-1,5,True,194.6,195.6,1.0,1.0,1,196,1.52,1.56028,1.0,1.5202799999999999,0.52,0.5202799999999999,1.52,1.52,0.0,0.0,0.04027999999999987,0.04027999999999987,0.00027999999999983594,0.00027999999999983594
s07-r3-disconnect-n10-1,7,3,disconnect-n10-1,6,True,241.32,242.32,1.0,1.0,1,242,1.52,1.55892,1.0,1.51892,0.52,0.51892,1.52,1.52,0.0,0.0,0.038920000000000066,0.038920000000000066,-0.0010799999999999699,-0.0010799999999999699
s07-r3-disconnect-n10-1,7,3,disconnect-n10-1,7,True,292.4,293.4,1.0,1.0,1,293,1.52,1.56002,1.0,1.52002,0.52,0.5200199999999999,1.52,1.52,0.0,0.0,0.040019999999999945,0.040019999999999945,1.999999999990898e-05,1.999999999990898e-05
s07-r3-disconnect-n10-1,7,3,disconnect-n10-1,8,True,315.24,316.24,1.0,1.0,1,316,1.52,1.55978,1.0,1.51978,0.52,0.5197799999999999,1.52,1.52,0.0,0.0,0.039779999999999927,0.039779999999999927,-0.000220000000000109,-0.000220000000000109
s07-r3-disconnect-n10-1,7,3,disconnect-n10-1,9,True,349.24,350.24,1.0,1.0,1,350,1.52,1.55845,1.0,1.5184499999999999,0.52,0.5184499999999999,1.52,1.52,0.0,0.0,0.03844999999999987,0.03844999999999987,-0.0015500000000001624,-0.0015500000000001624
s07-r3-disconnect-n2-1,7,3,disconnect-n2-1,0,True,143.52,144.52,1.0,1.0,1,145,1.52,1.56036,1.0,1.52036,0.52,0.5203599999999999,1.52,1.52,0.0,0.0,0.04035999999999995,0.04035999999999995,0.00035999999999991594,0.00035999999999991594
s07-r3-disconnect-n2-1,7,3,disconnect-n2-1,1,True,216.24,217.24,1.0,1.0,1,217,1.52,1.55912,1.0,1.51912,0.52,0.51912,1.52,1.52,0.0,0.0,0.039120000000000044,0.039120000000000044,-0.0008799999999999919,-0.0008799999999999919
s07-r3-disconnect-n20-1,7,3,disconnect-n20-1,0,True,19.44,20.44,1.0,1.0,1,20,1.52,1.56032,1.0,1.52032,0.52,0.5203199999999999,1.52,1.52,0.0,0.0,0.04031999999999991,0.04031999999999991,0.00031999999999987594,0.00031999999999987594
s07-r3-disconnect-n20-1,7,3,disconnect-n20-1,1,True,34.12,35.12,1.0,1.0,1,35,1.52,1.55969,1.0,1.51969,0.52,0.51969,1.52,1.52,0.0,0.0,0.03969,0.03969,-0.00031000000000003247,-0.00031000000000003247
s07-r3-disconnect-n20-1,7,3,disconnect-n20-1,2,True,60.2,61.2,1.0,1.0,1,61,1.52,1.5597,1.0,1.5197,0.52,0.5197,1.52,1.52,0.0,0.0,0.03970000000000007,0.03970000000000007,-0.00029999999999996696,-0.00029999999999996696
s07-r3-disconnect-n20-1,7,3,disconnect-n20-1,3,True,71.56,72.56,1.0,1.0,1,73,1.52,1.56028,1.0,1.5202799999999999,0.52,0.5202799999999999,1.52,1.52,0.0,0.0,0.04027999999999987,0.04027999999999987,0.00027999999999983594,0.00027999999999983594
s07-r3-disconnect-n20-1,7,3,disconnect-n20-1,4,True,90.16,91.16,1.0,1.0,1,91,1.52,1.55904,1.0,1.51904,0.52,0.51904,1.52,1.52,0.0,0.0,0.039039999999999964,0.039039999999999964,-0.0009600000000000719,-0.0009600000000000719
s07-r3-disconnect-n20-1,7,3,disconnect-n20-1,5,True,114.4,115.4,1.0,1.0,1,115,1.52,1.5647,1.0,1.5247,0.52,0.5246999999999999,1.52,1.52,0.0,0.0,0.04469999999999996,0.04469999999999996,0.0046999999999999265,0.0046999999999999265
s07-r3-disconnect-n20-1,7,3,disconnect-n20-1,6,True,129.96,130.96,1.0,1.0,1,131,1.52,1.56016,1.0,1.52016,0.52,0.52016,1.52,1.52,0.0,0.0,0.040159999999999973,0.040159999999999973,0.00015999999999993797,0.00015999999999993797
s07-r3-disconnect-n20-1,7,3,disconnect-n20-1,7,True,149.08,150.08,1.0,1.0,1,150,1.52,1.55935,1.0,1.51935,0.52,0.51935,1.52,1.52,0.0,0.0,0.039349999999999996,0.039349999999999996,-0.0006500000000000394,-0.0006500000000000394
s07-r3-disconnect-n20-1,7,3,disconnect-n20-1,8,True,169.12,170.12,1.0,1.0,1,170,1.52,1.55998,1.0,1.5199799999999999,0.52,0.5199799999999999,1.52,1.52,0.0,0.0,0.039979999999999905,0.039979999999999905,-2.0000000000131024e-05,-2.0000000000131024e-05
s07-r3-disconnect-n20-1,7,3,disconnect-n20-1,9,True,186.2,187.2,1.0,1.0,1,187,1.52,1.56036,1.0,1.52036,0.52,0.5203599999999999,1.52,1.52,0.0,0.0,0.04035999999999995,0.04035999999999995,0.00035999999999991594,0.00035999999999991594
s07-r3-disconnect-n20-1,7,3,disconnect-n20-1,10,True,201.28,202.28,1.0,1.0,1,202,1.52,1.55952,1.0,1.51952,0.52,0.51952,1.52,1.52,0.0,0.0,0.03952,0.03952,-0.00048000000000003595,-0.00048000000000003595
s07-r3-disconnect-n20-1,7,3,disconnect-n20-1,11,True,222.64,223.64,1.0,1.0,1,224,1.52,1.56484,1.0,1.52484,0.52,0.52484,1.52,1.52,0.0,0.0,0.04483999999999999,0.04483999999999999,0.0048399999999999554,0.0048399999999999554
s07-r3-disconnect-n20-1,7,3,disconnect-n20-1,12,True,231.76,232.76,1.0,1.0,1,233,1.52,1.5606,1.0,1.5206,0.52,0.5206,1.52,1.52,0.0,0.0,0.04059999999999997,0.04059999999999997,0.0005999999999999339,0.0005999999999999339
s07-r3-disconnect-n20-1,7,3,disconnect-n20-1,13,True,257.2,258.2,1.0,1.0,1,258,1.52,1.56053,1.0,1.52053,0.52,0.5205299999999999,1.52,1.52,0.0,0.0,0.040529999999999955,0.040529999999999955,0.0005299999999999194,0.0005299999999999194
s07-r3-disconnect-n20-1,7,3,disconnect-n20-1,14,True,275.08,276.08,1.0,1.0,1,276,1.52,1.56004,1.0,1.52004,0.52,0.5200400000000001,1.52,1.52,0.0,0.0,0.040040000000000076,0.040040000000000076,4.0000000000040004e-05,4.0000000000040004e-05
s07-r3-disconnect-n20-1,7,3,disconnect-n20-1,15,True,287.12,288.12,1.0,1.0,1,288,1.52,1.55971,1.0,1.51971,0.52,0.5197099999999999,1.52,1.52,0.0,0.0,0.03970999999999991,0.03970999999999991,-0.0002900000000001235,-0.0002900000000001235
s07-r3-disconnect-n20-1,7,3,disconnect-n20-1,16,True,304.96,305.96,1.0,1.0,1,306,1.52,1.55515,1.0,1.51515,0.52,0.51515,1.52,1.52,0.0,0.0,0.035150000000000015,0.035150000000000015,-0.004850000000000021,-0.004850000000000021
s07-r3-disconnect-n20-1,7,3,disconnect-n20-1,17,True,326.12,327.12,1.0,1.0,1,327,1.52,1.56044,1.0,1.52044,0.52,0.52044,1.52,1.52,0.0,0.0,0.04044000000000003,0.04044000000000003,0.00043999999999999595,0.00043999999999999595
s07-r3-disconnect-n20-1,7,3,disconnect-n20-1,18,True,341.36,342.36,1.0,1.0,1,342,1.52,1.5601,1.0,1.5201,0.52,0.5201,1.52,1.52,0.0,0.0,0.040100000000000025,0.040100000000000025,9.999999999998899e-05,9.999999999998899e-05
s07-r3-disconnect-n20-1,7,3,disconnect-n20-1,19,True,354.24,355.24,1.0,1.0,1,355,1.52,1.55987,1.0,1.51987,0.52,0.51987,1.52,1.52,0.0,0.0,0.03987000000000007,0.03987000000000007,-0.00012999999999996348,-0.00012999999999996348
s07-r3-disconnect-n5-1,7,3,disconnect-n5-1,0,True,43.12,44.12,1.0,1.0,1,44,1.52,1.56377,1.0,1.52377,0.52,0.5237700000000001,1.52,1.52,0.0,0.0,0.04377000000000009,0.04377000000000009,0.003770000000000051,0.003770000000000051
s07-r3-disconnect-n5-1,7,3,disconnect-n5-1,1,True,116.68,117.68,1.0,1.0,1,118,1.52,1.55992,1.0,1.51992,0.52,0.5199199999999999,1.52,1.52,0.0,0.0,0.039919999999999956,0.039919999999999956,-8.000000000008001e-05,-8.000000000008001e-05
s07-r3-disconnect-n5-1,7,3,disconnect-n5-1,2,True,217.48,218.48,1.0,1.0,1,219,1.52,1.55923,1.0,1.5192299999999999,0.52,0.5192299999999999,1.52,1.52,0.0,0.0,0.039229999999999876,0.039229999999999876,-0.0007700000000001594,-0.0007700000000001594
s07-r3-disconnect-n5-1,7,3,disconnect-n5-1,3,True,246.24,247.24,1.0,1.0,1,247,1.52,1.55947,1.0,1.5194699999999999,0.52,0.5194699999999999,1.52,1.52,0.0,0.0,0.039469999999999894,0.039469999999999894,-0.0005300000000001415,-0.0005300000000001415
s07-r3-disconnect-n5-1,7,3,disconnect-n5-1,4,True,321.44,322.44,1.0,1.0,1,322,1.52,1.56001,1.0,1.5200099999999999,0.52,0.5200099999999999,1.52,1.52,0.0,0.0,0.04000999999999988,0.04000999999999988,9.999999999843467e-06,9.999999999843467e-06
s07-r4-disconnect-n10-1,7,4,disconnect-n10-1,0,True,24.52,25.52,1.0,1.0,1,26,1.52,1.56034,1.0,1.52034,0.52,0.52034,1.52,1.52,0.0,0.0,0.04034000000000004,0.04034000000000004,0.00034000000000000696,0.00034000000000000696
s07-r4-disconnect-n10-1,7,4,disconnect-n10-1,1,True,74.32,75.32,1.0,1.0,1,75,1.52,1.55914,1.0,1.51914,0.52,0.5191399999999999,1.52,1.52,0.0,0.0,0.03913999999999995,0.03913999999999995,-0.0008600000000000829,-0.0008600000000000829
s07-r4-disconnect-n10-1,7,4,disconnect-n10-1,2,True,95.16,96.16,1.0,1.0,1,96,1.52,1.55975,1.0,1.51975,0.52,0.5197499999999999,1.52,1.52,0.0,0.0,0.03974999999999995,0.03974999999999995,-0.0002500000000000835,-0.0002500000000000835
s07-r4-disconnect-n10-1,7,4,disconnect-n10-1,3,True,143.36,144.36,1.0,1.0,1,144,1.52,1.55999,1.0,1.51999,0.52,0.51999,1.52,1.52,0.0,0.0,0.03998999999999997,0.03998999999999997,-1.0000000000065512e-05,-1.0000000000065512e-05
s07-r4-disconnect-n10-1,7,4,disconnect-n10-1,4,True,175.6,176.6,1.0,1.0,1,177,1.52,1.56061,1.0,1.52061,0.52,0.52061,1.52,1.52,0.0,0.0,0.040610000000000035,0.040610000000000035,0.0006099999999999994,0.0006099999999999994
s07-r4-disconnect-n10-1,7,4,disconnect-n10-1,5,True,204.76,205.76,1.0,1.0,1,206,1.52,1.56031,1.0,1.52031,0.52,0.52031,1.52,1.52,0.0,0.0,0.04031000000000007,0.04031000000000007,0.00031000000000003247,0.00031000000000003247
s07-r4-disconnect-n10-1,7,4,disconnect-n10-1,6,True,229.68,230.68,1.0,1.0,1,231,1.52,1.56341,1.0,1.52341,0.52,0.5234099999999999,1.52,1.52,0.0,0.0,0.04340999999999995,0.04340999999999995,0.003409999999999913,0.003409999999999913
s07-r4-disconnect-n10-1,7,4,disconnect-n10-1,7,True,284.48,285.48,1.0,1.0,1,286,1.52,1.56034,1.0,1.52034,0.52,0.52034,1.52,1.52,0.0,0.0,0.04034000000000004,0.04034000000000004,0.00034000000000000696,0.00034000000000000696
s07-r4-disconnect-n10-1,7,4,disconnect-n10-1,8,True,313.76,314.76,1.0,1.0,1,315,1.52,1.56042,1.0,1.5204199999999999,0.52,0.5204199999999999,1.52,1.52,0.0,0.0,0.0404199999999999,0.0404199999999999,0.0004199999999998649,0.0004199999999998649
s07-r4-disconnect-n10-1,7,4,disconnect-n10-1,9,True,362.24,363.24,1.0,1.0,1,363,1.52,1.56046,1.0,1.52046,0.52,0.5204599999999999,1.52,1.52,0.0,0.0,0.04045999999999994,0.04045999999999994,0.00045999999999990493,0.00045999999999990493
s07-r4-disconnect-n2-1,7,4,disconnect-n2-1,0,True,181.68,182.68,1.0,1.0,1,183,1.52,1.55996,1.0,1.51996,0.52,0.51996,1.52,1.52,0.0,0.0,0.039959999999999996,0.039959999999999996,-4.0000000000040004e-05,-4.0000000000040004e-05
s07-r4-disconnect-n2-1,7,4,disconnect-n2-1,1,True,228.72,229.72,1.0,1.0,1,230,1.52,1.55895,1.0,1.51895,0.52,0.51895,1.52,1.52,0.0,0.0,0.03895000000000004,0.03895000000000004,-0.0010499999999999954,-0.0010499999999999954
s07-r4-disconnect-n20-1,7,4,disconnect-n20-1,0,True,21.4,22.4,1.0,1.0,1,22,1.52,1.56006,1.0,1.52006,0.52,0.52006,1.52,1.52,0.0,0.0,0.040059999999999985,0.040059999999999985,5.999999999994898e-05,5.999999999994898e-05
s07-r4-disconnect-n20-1,7,4,disconnect-n20-1,1,True,42.52,43.52,1.0,1.0,1,44,1.52,1.56013,1.0,1.52013,0.52,0.52013,1.52,1.52,0.0,0.0,0.04013,0.04013,0.00012999999999996348,0.00012999999999996348
s07-r4-disconnect-n20-1,7,4,disconnect-n20-1,2,True,52.12,53.12,1.0,1.0,1,53,1.52,1.5593,1.0,1.5192999999999999,0.52,0.5192999999999999,1.52,1.52,0.0,0.0,0.03929999999999989,0.03929999999999989,-0.000700000000000145,-0.000700000000000145
s07-r4-disconnect-n20-1,7,4,disconnect-n20-1,3,True,76.84,77.84,1.0,1.0,1,78,1.52,1.55983,1.0,1.51983,0.52,0.51983,1.52,1.52,0.0,0.0,0.03983000000000003,0.03983000000000003,-0.00017000000000000348,-0.00017000000000000348
s07-r4-disconnect-n20-1,7,4,disconnect-n20-1,4,True,90.8,91.8,1.0,1.0,1,92,1.52,1.5597,1.0,1.5197,0.52,0.5197,1.52,1.52,0.0,0.0,0.03970000000000007,0.03970000000000007,-0.00029999999999996696,-0.00029999999999996696
s07-r4-disconnect-n20-1,7,4,disconnect-n20-1,5,True,108.04,109.04,1.0,1.0,1,109,1.52,1.56029,1.0,1.52029,0.52,0.5202899999999999,1.52,1.52,0.0,0.0,0.04028999999999994,0.04028999999999994,0.00028999999999990145,0.00028999999999990145
s07-r4-disconnect-n20-1,7,4,disconnect-n20-1,6,True,125.6,126.6,1.0,1.0,1,127,1.52,1.56012,1.0,1.52012,0.52,0.5201199999999999,1.52,1.52,0.0,0.0,0.040119999999999933,0.040119999999999933,0.00011999999999989797,0.00011999999999989797
s07-r4-disconnect-n20-1,7,4,disconnect-n20-1,7,True,147.44,148.44,1.0,1.0,1,148,1.52,1.56019,1.0,1.52019,0.52,0.5201899999999999,1.52,1.52,0.0,0.0,0.04018999999999995,0.04018999999999995,0.00018999999999991246,0.00018999999999991246
s07-r4-disconnect-n20-1,7,4,disconnect-n20-1,8,True,160.8,161.8,1.0,1.0,1,162,1.52,1.56061,1.0,1.52061,0.52,0.52061,1.52,1.52,0.0,0.0,0.040610000000000035,0.040610000000000035,0.0006099999999999994,0.0006099999999999994
s07-r4-disconnect-n20-1,7,4,disconnect-n20-1,9,True,185.92,186.92,1.0,1.0,1,187,1.52,1.56133,1.0,1.52133,0.52,0.5213300000000001,1.52,1.52,0.0,0.0,0.04133000000000009,0.04133000000000009,0.0013300000000000534,0.0013300000000000534
s07-r4-disconnect-n20-1,7,4,disconnect-n20-1,10,True,194.08,195.08,1.0,1.0,1,195,1.52,1.55998,1.0,1.5199799999999999,0.52,0.5199799999999999,1.52,1.52,0.0,0.0,0.039979999999999905,0.039979999999999905,-2.0000000000131024e-05,-2.0000000000131024e-05
s07-r4-disconnect-n20-1,7,4,disconnect-n20-1,11,True,213.08,214.08,1.0,1.0,1,214,1.52,1.56042,1.0,1.5204199999999999,0.52,0.5204199999999999,1.52,1.52,0.0,0.0,0.0404199999999999,0.0404199999999999,0.0004199999999998649,0.0004199999999998649
s07-r4-disconnect-n20-1,7,4,disconnect-n20-1,12,True,237.32,238.32,1.0,1.0,1,238,1.52,1.55997,1.0,1.51997,0.52,0.51997,1.52,1.52,0.0,0.0,0.03997000000000006,0.03997000000000006,-2.999999999997449e-05,-2.999999999997449e-05
s07-r4-disconnect-n20-1,7,4,disconnect-n20-1,13,True,248.36,249.36,1.0,1.0,1,249,1.52,1.5605,1.0,1.5205,0.52,0.5205,1.52,1.52,0.0,0.0,0.04049999999999998,0.04049999999999998,0.0004999999999999449,0.0004999999999999449
s07-r4-disconnect-n20-1,7,4,disconnect-n20-1,14,True,265.36,266.36,1.0,1.0,1,266,1.52,1.55968,1.0,1.51968,0.52,0.5196799999999999,1.52,1.52,0.0,0.0,0.03967999999999994,0.03967999999999994,-0.000320000000000098,-0.000320000000000098
s07-r4-disconnect-n20-1,7,4,disconnect-n20-1,15,True,282.76,283.76,1.0,1.0,1,284,1.52,1.56207,1.0,1.52207,0.52,0.52207,1.52,1.52,0.0,0.0,0.04207000000000005,0.04207000000000005,0.0020700000000000163,0.0020700000000000163
s07-r4-disconnect-n20-1,7,4,disconnect-n20-1,16,True,304.72,305.72,1.0,1.0,1,306,1.52,1.55969,1.0,1.51969,0.52,0.51969,1.52,1.52,0.0,0.0,0.03969,0.03969,-0.00031000000000003247,-0.00031000000000003247
s07-r4-disconnect-n20-1,7,4,disconnect-n20-1,17,True,326.88,327.88,1.0,1.0,1,328,1.52,1.56056,1.0,1.52056,0.52,0.5205599999999999,1.52,1.52,0.0,0.0,0.04055999999999993,0.04055999999999993,0.0005599999999998939,0.0005599999999998939
s07-r4-disconnect-n20-1,7,4,disconnect-n20-1,18,True,346.6,347.6,1.0,1.0,1,348,1.52,1.55632,1.0,1.51632,0.52,0.5163199999999999,1.52,1.52,0.0,0.0,0.03631999999999991,0.03631999999999991,-0.0036800000000001276,-0.0036800000000001276
s07-r4-disconnect-n20-1,7,4,disconnect-n20-1,19,True,357.4,358.4,1.0,1.0,1,358,1.52,1.56062,1.0,1.5206199999999999,0.52,0.5206199999999999,1.52,1.52,0.0,0.0,0.04061999999999988,0.04061999999999988,0.0006199999999998429,0.0006199999999998429
s07-r4-disconnect-n5-1,7,4,disconnect-n5-1,0,True,18.52,19.52,1.0,1.0,1,20,1.52,1.55966,1.0,1.51966,0.52,0.51966,1.52,1.52,0.0,0.0,0.03966000000000003,0.03966000000000003,-0.00034000000000000696,-0.00034000000000000696
s07-r4-disconnect-n5-1,7,4,disconnect-n5-1,1,True,97.24,98.24,1.0,1.0,1,98,1.52,1.55931,1.0,1.51931,0.52,0.5193099999999999,1.52,1.52,0.0,0.0,0.039309999999999956,0.039309999999999956,-0.0006900000000000794,-0.0006900000000000794
s07-r4-disconnect-n5-1,7,4,disconnect-n5-1,2,True,222.28,223.28,1.0,1.0,1,223,1.52,1.56041,1.0,1.52041,0.52,0.52041,1.52,1.52,0.0,0.0,0.04041000000000006,0.04041000000000006,0.00041000000000002146,0.00041000000000002146
s07-r4-disconnect-n5-1,7,4,disconnect-n5-1,3,True,274.4,275.4,1.0,1.0,1,275,1.52,1.56108,1.0,1.52108,0.52,0.52108,1.52,1.52,0.0,0.0,0.041080000000000005,0.041080000000000005,0.0010799999999999699,0.0010799999999999699
s07-r4-disconnect-n5-1,7,4,disconnect-n5-1,4,True,314.88,315.88,1.0,1.0,1,316,1.52,1.55928,1.0,1.51928,0.52,0.51928,1.52,1.52,0.0,0.0,0.03927999999999998,0.03927999999999998,-0.0007200000000000539,-0.0007200000000000539
s08-r0-disconnect-n10-1,8,0,disconnect-n10-1,0,True,26.72,27.72,1.0,1.0,1,28,1.52,1.56038,1.0,1.52038,0.52,0.5203800000000001,1.52,1.52,0.0,0.0,0.04038000000000008,0.04038000000000008,0.00038000000000004697,0.00038000000000004697
s08-r0-disconnect-n10-1,8,0,disconnect-n10-1,1,True,74.88,75.88,1.0,1.0,1,76,1.52,1.55562,1.0,1.51562,0.52,0.51562,1.52,1.52,0.0,0.0,0.035619999999999985,0.035619999999999985,-0.0043800000000000505,-0.0043800000000000505
s08-r0-disconnect-n10-1,8,0,disconnect-n10-1,2,True,111.6,112.6,1.0,1.0,1,113,1.52,1.55994,1.0,1.51994,0.52,0.5199400000000001,1.52,1.52,0.0,0.0,0.03994000000000009,0.03994000000000009,-5.999999999994898e-05,-5.999999999994898e-05
s08-r0-disconnect-n10-1,8,0,disconnect-n10-1,3,True,122.44,123.44,1.0,1.0,1,123,1.52,1.56008,1.0,1.5200799999999999,0.52,0.5200799999999999,1.52,1.52,0.0,0.0,0.040079999999999893,0.040079999999999893,7.999999999985796e-05,7.999999999985796e-05
s08-r0-disconnect-n10-1,8,0,disconnect-n10-1,4,True,177.36,178.36,1.0,1.0,1,178,1.52,1.55865,1.0,1.51865,0.52,0.51865,1.52,1.52,0.0,0.0,0.03865000000000007,0.03865000000000007,-0.0013499999999999623,-0.0013499999999999623
s08-r0-disconnect-n10-1,8,0,disconnect-n10-1,5,True,213.92,214.92,1.0,1.0,1,215,1.52,1.5598,1.0,1.5198,0.52,0.5198,1.52,1.52,0.0,0.0,0.03980000000000006,0.03980000000000006,-0.00019999999999997797,-0.00019999999999997797
s08-r0-disconnect-n10-1,8,0,disconnect-n10-1,6,True,257.44,258.44,1.0,1.0,1,258,1.52,1.55986,1.0,1.51986,0.52,0.51986,1.52,1.52,0.0,0.0,0.03986000000000001,0.03986000000000001,-0.000140000000000029,-0.000140000000000029
s08-r0-disconnect-n10-1,8,0,disconnect-n10-1,7,True,288.8,289.8,1.0,1.0,1,290,1.52,1.55992,1.0,1.51992,0.52,0.5199199999999999,1.52,1.52,0.0,0.0,0.039919999999999956,0.039919999999999956,-8.000000000008001e-05,-8.000000000008001e-05
s08-r0-disconnect-n10-1,8,0,disconnect-n10-1,8,True,302.96,303.96,1.0,1.0,1,304,1.52,1.56016,1.0,1.52016,0.52,0.52016,1.52,1.52,0.0,0.0,0.040159999999999973,0.040159999999999973,0.00015999999999993797,0.00015999999999993797
s08-r0-disconnect-n10-1,8,0,disconnect-n10-1,9,True,359.84,360.84,1.0,1.0,1,361,1.52,1.56014,1.0,1.52014,0.52,0.52014,1.52,1.52,0.0,0.0,0.040140000000000065,0.040140000000000065,0.000140000000000029,0.000140000000000029
s08-r0-disconnect-n2-1,8,0,disconnect-n2-1,0,True,29.76,30.76,1.0,1.0,1,31,1.52,1.56005,1.0,1.52005,0.52,0.5200499999999999,1.52,1.52,0.0,0.0,0.04004999999999992,0.04004999999999992,4.999999999988347e-05,4.999999999988347e-05
s08-r0-disconnect-n2-1,8,0,disconnect-n2-1,1,True,295.52,296.52,1.0,1.0,1,297,1.52,1.5601,1.0,1.5201,0.52,0.5201,1.52,1.52,0.0,0.0,0.040100000000000025,0.040100000000000025,9.999999999998899e-05,9.999999999998899e-05
s08-r0-disconnect-n20-1,8,0,disconnect-n20-1,0,True,16.88,17.88,1.0,1.0,1,18,1.52,1.56007,1.0,1.52007,0.52,0.52007,1.52,1.52,0.0,0.0,0.04007000000000005,0.04007000000000005,7.00000000000145e-05,7.00000000000145e-05
s08-r0-disconnect-n20-1,8,0,disconnect-n20-1,1,True,35.96,36.96,1.0,1.0,1,37,1.52,1.55991,1.0,1.5199099999999999,0.52,0.5199099999999999,1.52,1.52,0.0,0.0,0.03990999999999989,0.03990999999999989,-9.000000000014552e-05,-9.000000000014552e-05
s08-r0-disconnect-n20-1,8,0,disconnect-n20-1,2,True,58.72,59.72,1.0,1.0,1,60,1.52,1.56018,1.0,1.5201799999999999,0.52,0.5201799999999999,1.52,1.52,0.0,0.0,0.04017999999999988,0.04017999999999988,0.00017999999999984695,0.00017999999999984695
s08-r0-disconnect-n20-1,8,0,disconnect-n20-1,3,True,74.08,75.08,1.0,1.0,1,75,1.52,1.55917,1.0,1.51917,0.52,0.5191699999999999,1.52,1.52,0.0,0.0,0.03916999999999993,0.03916999999999993,-0.0008300000000001084,-0.0008300000000001084
s08-r0-disconnect-n20-1,8,0,disconnect-n20-1,4,True,90.92,91.92,1.0,1.0,1,92,1.52,1.55958,1.0,1.51958,0.52,0.5195799999999999,1.52,1.52,0.0,0.0,0.03957999999999995,0.03957999999999995,-0.00042000000000008697,-0.00042000000000008697
s08-r0-disconnect-n20-1,8,0,disconnect-n20-1,5,True,114.76,115.76,1.0,1.0,1,116,1.52,1.56136,1.0,1.52136,0.52,0.52136,1.52,1.52,0.0,0.0,0.04136000000000006,0.04136000000000006,0.0013600000000000279,0.0013600000000000279
s08-r0-disconnect-n20-1,8,0,disconnect-n20-1,6,True,128.32,129.32,1.0,1.0,1,129,1.52,1.55919,1.0,1.51919,0.52,0.51919,1.52,1.52,0.0,0.0,0.03919000000000006,0.03919000000000006,-0.0008099999999999774,-0.0008099999999999774
s08-r0-disconnect-n20-1,8,0,disconnect-n20-1,7,True,144.44,145.44,1.0,1.0,1,145,1.52,1.55945,1.0,1.51945,0.52,0.51945,1.52,1.52,0.0,0.0,0.039449999999999985,0.039449999999999985,-0.0005500000000000504,-0.0005500000000000504
s08-r0-disconnect-n20-1,8,0,disconnect-n20-1,8,True,161.72,162.72,1.0,1.0,1,163,1.52,1.55942,1.0,1.51942,0.52,0.51942,1.52,1.52,0.0,0.0,0.03942000000000001,0.03942000000000001,-0.0005800000000000249,-0.0005800000000000249
s08-r0-disconnect-n20-1,8,0,disconnect-n20-1,9,True,176.32,177.32,1.0,1.0,1,177,1.52,1.5589,1.0,1.5189,0.52,0.5188999999999999,1.52,1.52,0.0,0.0,0.038899999999999935,0.038899999999999935,-0.001100000000000101,-0.001100000000000101
s08-r0-disconnect-n20-1,8,0,disconnect-n20-1,10,True,197.88,198.88,1.0,1.0,1,199,1.52,1.55545,1.0,1.51545,0.52,0.51545,1.52,1.52,0.0,0.0,0.03544999999999998,0.03544999999999998,-0.004550000000000054,-0.004550000000000054
s08-r0-disconnect-n20-1,8,0,disconnect-n20-1,11,True,216.28,217.28,1.0,1.0,1,217,1.52,1.56042,1.0,1.5204199999999999,0.52,0.5204199999999999,1.52,1.52,0.0,0.0,0.0404199999999999,0.0404199999999999,0.0004199999999998649,0.0004199999999998649
s08-r0-disconnect-n20-1,8,0,disconnect-n20-1,12,True,233.64,234.64,1.0,1.0,1,235,1.52,1.56001,1.0,1.5200099999999999,0.52,0.5200099999999999,1.52,1.52,0.0,0.0,0.04000999999999988,0.04000999999999988,9.999999999843467e-06,9.999999999843467e-06
s08-r0-disconnect-n20-1,8,0,disconnect-n20-1,13,True,255.88,256.88,0.9999999999999716,1.0,1,257,1.52,1.56032,1.0,1.52032,0.52,0.5203199999999999,1.52,1.52,0.0,0.0,0.04031999999999991,0.04031999999999991,0.00031999999999987594,0.00031999999999987594
s08-r0-disconnect-n20-1,8,0,disconnect-n20-1,14,True,270.12,271.12,1.0,1.0,1,271,1.52,1.55966,1.0,1.51966,0.52,0.51966,1.52,1.52,0.0,0.0,0.03966000000000003,0.03966000000000003,-0.00034000000000000696,-0.00034000000000000696
s08-r0-disconnect-n20-1,8,0,disconnect-n20-1,15,True,293.44,294.44,1.0,1.0,1,294,1.52,1.56033,1.0,1.52033,0.52,0.52033,1.52,1.52,0.0,0.0,0.04032999999999998,0.04032999999999998,0.00032999999999994145,0.00032999999999994145
s08-r0-disconnect-n20-1,8,0,disconnect-n20-1,16,True,309.8,310.8,1.0,1.0,1,311,1.52,1.56051,1.0,1.52051,0.52,0.52051,1.52,1.52,0.0,0.0,0.040510000000000046,0.040510000000000046,0.0005100000000000104,0.0005100000000000104
s08-r0-disconnect-n20-1,8,0,disconnect-n20-1,17,True,329.08,330.08,1.0,1.0,1,330,1.52,1.56072,1.0,1.52072,0.52,0.5207200000000001,1.52,1.52,0.0,0.0,0.04072000000000009,0.04072000000000009,0.0007200000000000539,0.0007200000000000539
s08-r0-disconnect-n20-1,8,0,disconnect-n20-1,18,True,340.16,341.16,1.0,1.0,1,341,1.56,1.60039,1.0,1.56039,0.56,0.5603899999999999,1.52,1.52,0.040000000000000036,0.040000000000000036,0.08038999999999996,0.08038999999999996,0.040389999999999926,0.040389999999999926
s08-r0-disconnect-n20-1,8,0,disconnect-n20-1,19,True,354.92,355.92,1.0,1.0,1,356,1.52,1.55991,1.0,1.5199099999999999,0.52,0.5199099999999999,1.52,1.52,0.0,0.0,0.03990999999999989,0.03990999999999989,-9.000000000014552e-05,-9.000000000014552e-05
s08-r0-disconnect-n5-1,8,0,disconnect-n5-1,0,True,75.32,76.32,1.0,1.0,1,76,1.52,1.56018,1.0,1.5201799999999999,0.52,0.5201799999999999,1.52,1.52,0.0,0.0,0.04017999999999988,0.04017999999999988,0.00017999999999984695,0.00017999999999984695
s08-r0-disconnect-n5-1,8,0,disconnect-n5-1,1,True,140.08,141.08,1.0,1.0,1,141,1.52,1.55992,1.0,1.51992,0.52,0.5199199999999999,1.52,1.52,0.0,0.0,0.039919999999999956,0.039919999999999956,-8.000000000008001e-05,-8.000000000008001e-05
s08-r0-disconnect-n5-1,8,0,disconnect-n5-1,2,True,168.68,169.68,1.0,1.0,1,170,1.52,1.55978,1.0,1.51978,0.52,0.5197799999999999,1.52,1.52,0.0,0.0,0.039779999999999927,0.039779999999999927,-0.000220000000000109,-0.000220000000000109
s08-r0-disconnect-n5-1,8,0,disconnect-n5-1,3,True,257.08,258.08,1.0,1.0,1,258,1.52,1.56021,1.0,1.52021,0.52,0.5202100000000001,1.52,1.52,0.0,0.0,0.04021000000000008,0.04021000000000008,0.00021000000000004349,0.00021000000000004349
s08-r0-disconnect-n5-1,8,0,disconnect-n5-1,4,True,314.16,315.16,1.0,1.0,1,315,1.52,1.56023,1.0,1.52023,0.52,0.52023,1.52,1.52,0.0,0.0,0.04022999999999999,0.04022999999999999,0.00022999999999995246,0.00022999999999995246
s08-r0-disconnect-n5-1.25,8,0,disconnect-n5-1.25,0,True,76.84,78.08,1.25,1.2399999999999949,1,78,2.04,2.07995,1.25,2.03995,0.8000000000000052,0.7999500000000053,1.759999999999995,1.77,0.28000000000000513,0.27,0.3199500000000053,0.30995000000000017,0.27995000000000525,0.26995000000000013
s08-r0-disconnect-n5-1.25,8,0,disconnect-n5-1.25,1,True,138.84,140.12,1.25,1.2800000000000011,1,140,2.04,2.07957,1.25,2.03957,0.7599999999999989,0.7595699999999987,1.8000000000000012,1.77,0.23999999999999888,0.27,0.27956999999999876,0.3095699999999999,0.23956999999999873,0.26956999999999987
s08-r0-disconnect-n5-1.25,8,0,disconnect-n5-1.25,2,True,175.6,176.84,1.25,1.240000000000009,1,177,2.04,2.08003,1.25,2.04003,0.7999999999999909,0.8000299999999907,1.7600000000000091,1.77,0.2799999999999909,0.27,0.3200299999999907,0.3100299999999998,0.2800299999999907,0.27002999999999977
s08-r0-disconnect-n5-1.25,8,0,disconnect-n5-1.25,3,True,250.32,251.6,1.25,1.2800000000000011,1,252,2.04,2.07973,1.25,2.03973,0.7599999999999989,0.7597299999999989,1.8000000000000012,1.77,0.23999999999999888,0.27,0.2797299999999989,0.30973000000000006,0.2397299999999989,0.26973
s08-r0-disconnect-n5-1.25,8,0,disconnect-n5-1.25,4,True,335.0,336.24,1.25,1.240000000000009,1,337,2.04,2.08059,1.25,2.04059,0.7999999999999909,0.8005899999999908,1.7600000000000091,1.77,0.2799999999999909,0.27,0.3205899999999908,0.3105899999999999,0.2805899999999908,0.2705899999999999
s08-r0-disconnect-n5-1.75,8,0,disconnect-n5-1.75,0,True,51.36,53.08,1.75,1.7199999999999989,1,53,2.52,2.55926,1.75,2.51926,0.8000000000000012,0.7992600000000012,2.239999999999999,2.27,0.28000000000000114,0.25,0.3192600000000012,0.2892600000000001,0.2792600000000012,0.24926000000000004
s08-r0-disconnect-n5-1.75,8,0,disconnect-n5-1.75,1,True,98.68,100.4,1.75,1.7199999999999989,1,101,2.52,2.55961,1.75,2.51961,0.8000000000000012,0.7996100000000013,2.239999999999999,2.27,0.28000000000000114,0.25,0.3196100000000013,0.28961000000000015,0.27961000000000125,0.2496100000000001
s08-r0-disconnect-n5-1.75,8,0,disconnect-n5-1.75,2,True,213.08,214.84,1.75,1.759999999999991,1,215,2.52,2.56067,1.75,2.52067,0.7600000000000091,0.7606700000000091,2.279999999999991,2.27,0.2400000000000091,0.25,0.2806700000000091,0.29067,0.24067000000000904,0.25066999999999995
s08-r0-disconnect-n5-1.75,8,0,disconnect-n5-1.75,3,True,279.16,280.92,1.75,1.759999999999991,1,281,2.52,2.55896,1.75,2.51896,0.7600000000000091,0.758960000000009,2.279999999999991,2.27,0.2400000000000091,0.25,0.278960000000009,0.2889599999999999,0.23896000000000894,0.24895999999999985
s08-r0-disconnect-n5-1.75,8,0,disconnect-n5-1.75,4,True,329.68,331.44,1.75,1.759999999999991,1,332,2.52,2.55768,1.75,2.51768,0.7600000000000091,0.757680000000009,2.279999999999991,2.27,0.2400000000000091,0.25,0.27768000000000903,0.28767999999999994,0.237680000000009,0.2476799999999999
s08-r0-disconnect-n5-2.25,8,0,disconnect-n5-2.25,0,True,65.76,68.0,2.25,2.239999999999995,1,68,3.04,3.0806,2.25,3.0406,0.8000000000000052,0.8006000000000051,2.759999999999995,2.77,0.28000000000000513,0.27,0.3206000000000051,0.3106,0.28060000000000507,0.27059999999999995
s08-r0-disconnect-n5-2.25,8,0,disconnect-n5-2.25,1,True,146.28,148.56,2.25,2.280000000000001,1,149,3.04,3.07913,2.25,3.03913,0.7599999999999989,0.759129999999999,2.800000000000001,2.77,0.23999999999999888,0.27,0.279129999999999,0.3091300000000001,0.23912999999999895,0.2691300000000001
s08-r0-disconnect-n5-2.25,8,0,disconnect-n5-2.25,2,True,179.6,181.88,2.25,2.280000000000001,1,182,3.04,3.07842,2.25,3.03842,0.7599999999999989,0.7584199999999988,2.800000000000001,2.77,0.23999999999999888,0.27,0.2784199999999988,0.3084199999999999,0.23841999999999874,0.2684199999999999
s08-r0-disconnect-n5-2.25,8,0,disconnect-n5-2.25,3,True,235.0,237.24,2.25,2.240000000000009,1,238,3.04,3.07974,2.25,3.03974,0.7999999999999909,0.799739999999991,2.760000000000009,2.77,0.2799999999999909,0.27,0.31973999999999103,0.3097400000000001,0.279739999999991,0.2697400000000001
s08-r0-disconnect-n5-2.25,8,0,disconnect-n5-2.25,4,True,319.04,321.28,2.25,2.2399999999999523,1,322,3.04,3.0801,2.25,3.0401,0.8000000000000478,0.8001000000000476,2.7599999999999523,2.77,0.28000000000004777,0.27,0.32010000000004757,0.3100999999999998,0.28010000000004753,0.2700999999999998
s08-r1-disconnect-n10-1,8,1,disconnect-n10-1,0,True,16.24,17.24,1.0,1.0,1,17,1.52,1.55575,1.0,1.51575,0.52,0.5157499999999999,1.52,1.52,0.0,0.0,0.03574999999999995,0.03574999999999995,-0.004250000000000087,-0.004250000000000087
s08-r1-disconnect-n10-1,8,1,disconnect-n10-1,1,True,66.28,67.28,1.0,1.0,1,67,1.52,1.5601,1.0,1.5201,0.52,0.5201,1.52,1.52,0.0,0.0,0.040100000000000025,0.040100000000000025,9.999999999998899e-05,9.999999999998899e-05
s08-r1-disconnect-n10-1,8,1,disconnect-n10-1,2,True,93.72,94.72,1.0,1.0,1,95,1.52,1.56422,1.0,1.52422,0.52,0.5242199999999999,1.52,1.52,0.0,0.0,0.044219999999999926,0.044219999999999926,0.0042199999999998905,0.0042199999999998905
s08-r1-disconnect-n10-1,8,1,disconnect-n10-1,3,True,128.24,129.24,1.0,1.0,1,129,1.52,1.56121,1.0,1.52121,0.52,0.52121,1.52,1.52,0.0,0.0,0.04120999999999997,0.04120999999999997,0.0012099999999999334,0.0012099999999999334
s08-r1-disconnect-n10-1,8,1,disconnect-n10-1,4,True,179.56,180.56,1.0,1.0,1,181,1.52,1.55955,1.0,1.51955,0.52,0.51955,1.52,1.52,0.0,0.0,0.039549999999999974,0.039549999999999974,-0.00045000000000006146,-0.00045000000000006146
s08-r1-disconnect-n10-1,8,1,disconnect-n10-1,5,True,205.64,206.64,1.0,1.0,1,207,1.52,1.56422,1.0,1.52422,0.52,0.5242199999999999,1.52,1.52,0.0,0.0,0.044219999999999926,0.044219999999999926,0.0042199999999998905,0.0042199999999998905
s08-r1-disconnect-n10-1,8,1,disconnect-n10-1,6,True,242.68,243.68,1.0,1.0,1,244,1.52,1.55959,1.0,1.51959,0.52,0.51959,1.52,1.52,0.0,0.0,0.039590000000000014,0.039590000000000014,-0.00041000000000002146,-0.00041000000000002146
s08-r1-disconnect-n10-1,8,1,disconnect-n10-1,7,True,270.16,271.16,1.0,1.0,1,271,1.52,1.55946,1.0,1.51946,0.52,0.51946,1.52,1.52,0.0,0.0,0.03946000000000005,0.03946000000000005,-0.0005399999999999849,-0.0005399999999999849
s08-r1-disconnect-n10-1,8,1,disconnect-n10-1,8,True,311.28,312.28,1.0,1.0,1,312,1.52,1.56044,1.0,1.52044,0.52,0.52044,1.52,1.52,0.0,0.0,0.04044000000000003,0.04044000000000003,0.00043999999999999595,0.00043999999999999595
s08-r1-disconnect-n10-1,8,1,disconnect-n10-1,9,True,352.44,353.44,1.0,1.0,1,353,1.52,1.55978,1.0,1.51978,0.52,0.5197799999999999,1.52,1.52,0.0,0.0,0.039779999999999927,0.039779999999999927,-0.000220000000000109,-0.000220000000000109
s08-r1-disconnect-n2-1,8,1,disconnect-n2-1,0,True,87.44,88.44,1.0,1.0,1,88,1.52,1.5641,1.0,1.5241,0.52,0.5241,1.52,1.52,0.0,0.0,0.04410000000000003,0.04410000000000003,0.0040999999999999925,0.0040999999999999925
s08-r1-disconnect-n2-1,8,1,disconnect-n2-1,1,True,264.52,265.52,1.0,1.0,1,266,1.52,1.56074,1.0,1.52074,0.52,0.52074,1.52,1.52,0.0,0.0,0.04074,0.04074,0.0007399999999999629,0.0007399999999999629
s08-r1-disconnect-n20-1,8,1,disconnect-n20-1,0,True,22.6,23.6,1.0,1.0,1,24,1.52,1.55999,1.0,1.51999,0.52,0.51999,1.52,1.52,0.0,0.0,0.03998999999999997,0.03998999999999997,-1.0000000000065512e-05,-1.0000000000065512e-05
s08-r1-disconnect-n20-1,8,1,disconnect-n20-1,1,True,42.2,43.2,1.0,1.0,1,43,1.52,1.55833,1.0,1.51833,0.52,0.51833,1.52,1.52,0.0,0.0,0.038329999999999975,0.038329999999999975,-0.0016700000000000603,-0.0016700000000000603
s08-r1-disconnect-n20-1,8,1,disconnect-n20-1,2,True,54.32,55.32,1.0,1.0,1,55,1.52,1.56034,1.0,1.52034,0.52,0.52034,1.52,1.52,0.0,0.0,0.04034000000000004,0.04034000000000004,0.00034000000000000696,0.00034000000000000696
s08-r1-disconnect-n20-1,8,1,disconnect-n20-1,3,True,75.28,76.28,1.0,1.0,1,76,1.52,1.56014,1.0,1.52014,0.52,0.52014,1.52,1.52,0.0,0.0,0.040140000000000065,0.040140000000000065,0.000140000000000029,0.000140000000000029
s08-r1-disconnect-n20-1,8,1,disconnect-n20-1,4,True,98.04,99.04,1.0,1.0,1,99,1.52,1.5597,1.0,1.5197,0.52,0.5197,1.52,1.52,0.0,0.0,0.03970000000000007,0.03970000000000007,-0.00029999999999996696,-0.00029999999999996696
s08-r1-disconnect-n20-1,8,1,disconnect-n20-1,5,True,115.8,116.8,1.0,1.0,1,117,1.52,1.56185,1.0,1.52185,0.52,0.5218499999999999,1.52,1.52,0.0,0.0,0.04184999999999994,0.04184999999999994,0.0018499999999999073,0.0018499999999999073
s08-r1-disconnect-n20-1,8,1,disconnect-n20-1,6,True,125.68,126.68,1.0,1.0,1,127,1.52,1.56032,1.0,1.52032,0.52,0.5203199999999999,1.52,1.52,0.0,0.0,0.04031999999999991,0.04031999999999991,0.00031999999999987594,0.00031999999999987594
s08-r1-disconnect-n20-1,8,1,disconnect-n20-1,7,True,148.28,149.28,1.0,1.0,1,149,1.52,1.55997,1.0,1.51997,0.52,0.51997,1.52,1.52,0.0,0.0,0.03997000000000006,0.03997000000000006,-2.999999999997449e-05,-2.999999999997449e-05
s08-r1-disconnect-n20-1,8,1,disconnect-n20-1,8,True,165.12,166.12,1.0,1.0,1,166,1.52,1.56155,1.0,1.52155,0.52,0.52155,1.52,1.52,0.0,0.0,0.041549999999999976,0.041549999999999976,0.0015499999999999403,0.0015499999999999403
s08-r1-disconnect-n20-1,8,1,disconnect-n20-1,9,True,177.76,178.76,1.0,1.0,1,179,1.52,1.56012,1.0,1.52012,0.52,0.5201199999999999,1.52,1.52,0.0,0.0,0.040119999999999933,0.040119999999999933,0.00011999999999989797,0.00011999999999989797
s08-r1-disconnect-n20-1,8,1,disconnect-n20-1,10,True,200.24,201.24,1.0,1.0,1,201,1.52,1.56065,1.0,1.52065,0.52,0.5206500000000001,1.52,1.52,0.0,0.0,0.040650000000000075,0.040650000000000075,0.0006500000000000394,0.0006500000000000394
s08-r1-disconnect-n20-1,8,1,disconnect-n20-1,11,True,222.12,223.12,1.0,1.0,1,223,1.52,1.56069,1.0,1.5206899999999999,0.52,0.5206899999999999,1.52,1.52,0.0,0.0,0.04068999999999989,0.04068999999999989,0.0006899999999998574,0.0006899999999998574
s08-r1-disconnect-n20-1,8,1,disconnect-n20-1,12,True,240.4,241.4,1.0,1.0,1,241,1.52,1.55952,1.0,1.51952,0.52,0.51952,1.52,1.52,0.0,0.0,0.03952,0.03952,-0.00048000000000003595,-0.00048000000000003595
s08-r1-disconnect-n20-1,8,1,disconnect-n20-1,13,True,250.36,251.36,1.0,1.0,1,251,1.52,1.56002,1.0,1.52002,0.52,0.5200199999999999,1.52,1.52,0.0,0.0,0.040019999999999945,0.040019999999999945,1.999999999990898e-05,1.999999999990898e-05
s08-r1-disconnect-n20-1,8,1,disconnect-n20-1,14,True,275.84,276.84,1.0,1.0,1,277,1.52,1.55989,1.0,1.51989,0.52,0.51989,1.52,1.52,0.0,0.0,0.03988999999999998,0.03988999999999998,-0.0001100000000000545,-0.0001100000000000545
s08-r1-disconnect-n20-1,8,1,disconnect-n20-1,15,True,286.36,287.36,1.0,1.0,1,287,1.52,1.55587,1.0,1.51587,0.52,0.51587,1.52,1.52,0.0,0.0,0.03587000000000007,0.03587000000000007,-0.004129999999999967,-0.004129999999999967
s08-r1-disconnect-n20-1,8,1,disconnect-n20-1,16,True,304.52,305.52,1.0,1.0,1,306,1.52,1.56014,1.0,1.52014,0.52,0.52014,1.52,1.52,0.0,0.0,0.040140000000000065,0.040140000000000065,0.000140000000000029,0.000140000000000029
s08-r1-disconnect-n20-1,8,1,disconnect-n20-1,17,True,321.44,322.44,1.0,1.0,1,322,1.52,1.5602,1.0,1.5202,0.52,0.5202,1.52,1.52,0.0,0.0,0.040200000000000014,0.040200000000000014,0.00019999999999997797,0.00019999999999997797
s08-r1-disconnect-n20-1,8,1,disconnect-n20-1,18,True,340.28,341.28,1.0,1.0,1,341,1.52,1.55995,1.0,1.51995,0.52,0.5199499999999999,1.52,1.52,0.0,0.0,0.03994999999999993,0.03994999999999993,-5.0000000000105516e-05,-5.0000000000105516e-05
s08-r1-disconnect-n20-1,8,1,disconnect-n20-1,19,True,359.12,360.12,1.0,1.0,1,360,1.52,1.56091,1.0,1.52091,0.52,0.52091,1.52,1.52,0.0,0.0,0.04091,0.04091,0.0009099999999999664,0.0009099999999999664
s08-r1-disconnect-n5-1,8,1,disconnect-n5-1,0,True,77.72,78.72,1.0,1.0,1,79,1.52,1.56052,1.0,1.5205199999999999,0.52,0.5205199999999999,1.52,1.52,0.0,0.0,0.04051999999999989,0.04051999999999989,0.0005199999999998539,0.0005199999999998539
s08-r1-disconnect-n5-1,8,1,disconnect-n5-1,1,True,130.08,131.08,1.0,1.0,1,131,1.52,1.56044,1.0,1.52044,0.52,0.52044,1.52,1.52,0.0,0.0,0.04044000000000003,0.04044000000000003,0.00043999999999999595,0.00043999999999999595
s08-r1-disconnect-n5-1,8,1,disconnect-n5-1,2,True,169.6,170.6,1.0,1.0,1,171,1.52,1.56034,1.0,1.52034,0.52,0.52034,1.52,1.52,0.0,0.0,0.04034000000000004,0.04034000000000004,0.00034000000000000696,0.00034000000000000696
s08-r1-disconnect-n5-1,8,1,disconnect-n5-1,3,True,251.76,252.76,1.0,1.0,1,253,1.52,1.56038,1.0,1.52038,0.52,0.5203800000000001,1.52,1.52,0.0,0.0,0.04038000000000008,0.04038000000000008,0.00038000000000004697,0.00038000000000004697
s08-r1-disconnect-n5-1,8,1,disconnect-n5-1,4,True,343.12,344.12,1.0,1.0,1,344,1.52,1.55979,1.0,1.51979,0.52,0.51979,1.52,1.52,0.0,0.0,0.03978999999999999,0.03978999999999999,-0.00021000000000004349,-0.00021000000000004349
s08-r2-disconnect-n10-1,8,2,disconnect-n10-1,0,True,30.6,31.6,1.0,1.0,1,32,1.52,1.56001,1.0,1.5200099999999999,0.52,0.5200099999999999,1.52,1.52,0.0,0.0,0.04000999999999988,0.04000999999999988,9.999999999843467e-06,9.999999999843467e-06
s08-r2-disconnect-n10-1,8,2,disconnect-n10-1,1,True,65.88,66.88,1.0,1.0,1,67,1.52,1.55547,1.0,1.5154699999999999,0.52,0.5154699999999999,1.52,1.52,0.0,0.0,0.03546999999999989,0.03546999999999989,-0.004530000000000145,-0.004530000000000145
s08-r2-disconnect-n10-1,8,2,disconnect-n10-1,2,True,95.2,96.2,1.0,1.0,1,96,1.52,1.56026,1.0,1.52026,0.52,0.52026,1.52,1.52,0.0,0.0,0.04025999999999996,0.04025999999999996,0.00025999999999992696,0.00025999999999992696
s08-r2-disconnect-n10-1,8,2,disconnect-n10-1,3,True,147.44,148.44,1.0,1.0,1,148,1.52,1.5602,1.0,1.5202,0.52,0.5202,1.52,1.52,0.0,0.0,0.040200000000000014,0.040200000000000014,0.00019999999999997797,0.00019999999999997797
s08-r2-disconnect-n10-1,8,2,disconnect-n10-1,4,True,171.92,172.92,1.0,1.0,1,173,1.52,1.5603,1.0,1.5203,0.52,0.5203,1.52,1.52,0.0,0.0,0.0403,0.0403,0.00029999999999996696,0.00029999999999996696
s08-r2-disconnect-n10-1,8,2,disconnect-n10-1,5,True,209.68,210.68,1.0,1.0,1,211,1.52,1.56087,1.0,1.52087,0.52,0.5208699999999999,1.52,1.52,0.0,0.0,0.04086999999999996,0.04086999999999996,0.0008699999999999264,0.0008699999999999264
s08-r2-disconnect-n10-1,8,2,disconnect-n10-1,6,True,242.64,243.64,1.0,1.0,1,244,1.52,1.56053,1.0,1.52053,0.52,0.5205299999999999,1.52,1.52,0.0,0.0,0.040529999999999955,0.040529999999999955,0.0005299999999999194,0.0005299999999999194
s08-r2-disconnect-n10-1,8,2,disconnect-n10-1,7,True,283.08,284.08,1.0,1.0,1,284,1.52,1.55836,1.0,1.51836,0.52,0.5183599999999999,1.52,1.52,0.0,0.0,0.03835999999999995,0.03835999999999995,-0.0016400000000000858,-0.0016400000000000858
s08-r2-disconnect-n10-1,8,2,disconnect-n10-1,8,True,323.52,324.52,1.0,1.0,1,325,1.52,1.56069,1.0,1.5206899999999999,0.52,0.5206899999999999,1.52,1.52,0.0,0.0,0.04068999999999989,0.04068999999999989,0.0006899999999998574,0.0006899999999998574
s08-r2-disconnect-n10-1,8,2,disconnect-n10-1,9,True,343.96,344.96,1.0,1.0,1,345,1.52,1.5603,1.0,1.5203,0.52,0.5203,1.52,1.52,0.0,0.0,0.0403,0.0403,0.00029999999999996696,0.00029999999999996696
s08-r2-disconnect-n2-1,8,2,disconnect-n2-1,0,True,112.48,113.48,1.0,1.0,1,114,1.52,1.56046,1.0,1.52046,0.52,0.5204599999999999,1.52,1.52,0.0,0.0,0.04045999999999994,0.04045999999999994,0.00045999999999990493,0.00045999999999990493
s08-r2-disconnect-n2-1,8,2,disconnect-n2-1,1,True,263.72,264.72,1.0,1.0,1,265,1.52,1.56051,1.0,1.52051,0.52,0.52051,1.52,1.52,0.0,0.0,0.040510000000000046,0.040510000000000046,0.0005100000000000104,0.0005100000000000104
s08-r2-disconnect-n20-1,8,2,disconnect-n20-1,0,True,24.04,25.04,1.0,1.0,1,25,1.52,1.56116,1.0,1.52116,0.52,0.5211600000000001,1.52,1.52,0.0,0.0,0.041160000000000085,0.041160000000000085,0.0011600000000000499,0.0011600000000000499
s08-r2-disconnect-n20-1,8,2,disconnect-n20-1,1,True,44.04,45.04,1.0,1.0,1,45,1.52,1.55936,1.0,1.51936,0.52,0.51936,1.52,1.52,0.0,0.0,0.03936000000000006,0.03936000000000006,-0.0006399999999999739,-0.0006399999999999739
s08-r2-disconnect-n20-1,8,2,disconnect-n20-1,2,True,55.4,56.4,1.0,1.0,1,56,1.52,1.56084,1.0,1.52084,0.52,0.52084,1.52,1.52,0.0,0.0,0.04083999999999999,0.04083999999999999,0.0008399999999999519,0.0008399999999999519
s08-r2-disconnect-n20-1,8,2,disconnect-n20-1,3,True,76.84,77.84,1.0,1.0,1,78,1.52,1.56035,1.0,1.5203499999999999,0.52,0.5203499999999999,1.52,1.52,0.0,0.0,0.040349999999999886,0.040349999999999886,0.00034999999999985043,0.00034999999999985043
s08-r2-disconnect-n20-1,8,2,disconnect-n20-1,4,True,93.88,94.88,1.0,1.0,1,95,1.52,1.55573,1.0,1.51573,0.52,0.51573,1.52,1.52,0.0,0.0,0.03573000000000004,0.03573000000000004,-0.004269999999999996,-0.004269999999999996
s08-r2-disconnect-n20-1,8,2,disconnect-n20-1,5,True,104.4,105.4,1.0,1.0,1,105,1.52,1.55619,1.0,1.51619,0.52,0.5161899999999999,1.52,1.52,0.0,0.0,0.036189999999999944,0.036189999999999944,-0.003810000000000091,-0.003810000000000091
s08-r2-disconnect-n20-1,8,2,disconnect-n20-1,6,True,133.32,134.32,1.0,1.0,1,134,1.52,1.56014,1.0,1.52014,0.52,0.52014,1.52,1.52,0.0,0.0,0.040140000000000065,0.040140000000000065,0.000140000000000029,0.000140000000000029
s08-r2-disconnect-n20-1,8,2,disconnect-n20-1,7,True,142.56,143.56,1.0,1.0,1,144,1.52,1.55582,1.0,1.51582,0.52,0.51582,1.52,1.52,0.0,0.0,0.03581999999999996,0.03581999999999996,-0.0041800000000000725,-0.0041800000000000725
s08-r2-disconnect-n20-1,8,2,disconnect-n20-1,8,True,163.44,164.44,1.0,1.0,1,164,1.52,1.5601,1.0,1.5201,0.52,0.5201,1.52,1.52,0.0,0.0,0.040100000000000025,0.040100000000000025,9.999999999998899e-05,9.999999999998899e-05
s08-r2-disconnect-n20-1,8,2,disconnect-n20-1,9,True,186.52,187.52,1.0,1.0,1,188,1.52,1.56119,1.0,1.52119,0.52,0.52119,1.52,1.52,0.0,0.0,0.04119000000000006,0.04119000000000006,0.0011900000000000244,0.0011900000000000244
s08-r2-disconnect-n20-1,8,2,disconnect-n20-1,10,True,201.04,202.04,1.0,1.0,1,202,1.52,1.5598,1.0,1.5198,0.52,0.5198,1.52,1.52,0.0,0.0,0.03980000000000006,0.03980000000000006,-0.00019999999999997797,-0.00019999999999997797
s08-r2-disconnect-n20-1,8,2,disconnect-n20-1,11,True,220.56,221.56,1.0,1.0,1,222,1.52,1.55904,1.0,1.51904,0.52,0.51904,1.52,1.52,0.0,0.0,0.039039999999999964,0.039039999999999964,-0.0009600000000000719,-0.0009600000000000719
s08-r2-disconnect-n20-1,8,2,disconnect-n20-1,12,True,240.76,241.76,1.0,1.0,1,242,1.52,1.55964,1.0,1.5196399999999999,0.52,0.5196399999999999,1.52,1.52,0.0,0.0,0.0396399999999999,0.0396399999999999,-0.000360000000000138,-0.000360000000000138
s08-r2-disconnect-n20-1,8,2,disconnect-n20-1,13,True,257.04,258.04,1.0,1.0,1,258,1.52,1.56058,1.0,1.52058,0.52,0.52058,1.52,1.52,0.0,0.0,0.04058000000000006,0.04058000000000006,0.0005800000000000249,0.0005800000000000249
s08-r2-disconnect-n20-1,8,2,disconnect-n20-1,14,True,270.6,271.6,1.0,1.0,1,272,1.52,1.55958,1.0,1.51958,0.52,0.5195799999999999,1.52,1.52,0.0,0.0,0.03957999999999995,0.03957999999999995,-0.00042000000000008697,-0.00042000000000008697
s08-r2-disconnect-n20-1,8,2,disconnect-n20-1,15,True,293.88,294.88,1.0,1.0,1,295,1.52,1.55544,1.0,1.51544,0.52,0.5154399999999999,1.52,1.52,0.0,0.0,0.035439999999999916,0.035439999999999916,-0.0045600000000001195,-0.0045600000000001195
s08-r2-disconnect-n20-1,8,2,disconnect-n20-1,16,True,309.6,310.6,1.0,1.0,1,311,1.52,1.56478,1.0,1.52478,0.52,0.52478,1.52,1.52,0.0,0.0,0.04478000000000004,0.04478000000000004,0.0047800000000000065,0.0047800000000000065
s08-r2-disconnect-n20-1,8,2,disconnect-n20-1,17,True,318.8,319.8,1.0,1.0,1,320,1.52,1.5557,1.0,1.5157,0.52,0.5157,1.52,1.52,0.0,0.0,0.035700000000000065,0.035700000000000065,-0.0042999999999999705,-0.0042999999999999705
s08-r2-disconnect-n20-1,8,2,disconnect-n20-1,18,True,339.28,340.28,1.0,1.0,1,340,1.52,1.55979,1.0,1.51979,0.52,0.51979,1.52,1.52,0.0,0.0,0.03978999999999999,0.03978999999999999,-0.00021000000000004349,-0.00021000000000004349
s08-r2-disconnect-n20-1,8,2,disconnect-n20-1,19,True,354.6,355.6,1.0,1.0,1,356,1.52,1.56457,1.0,1.52457,0.52,0.52457,1.52,1.52,0.0,0.0,0.04457,0.04457,0.004569999999999963,0.004569999999999963
s08-r2-disconnect-n5-1,8,2,disconnect-n5-1,0,True,65.76,66.76,1.0,1.0,1,67,1.52,1.56024,1.0,1.52024,0.52,0.52024,1.52,1.52,0.0,0.0,0.040240000000000054,0.040240000000000054,0.00024000000000001798,0.00024000000000001798
s08-r2-disconnect-n5-1,8,2,disconnect-n5-1,1,True,142.68,143.68,1.0,1.0,1,144,1.52,1.56035,1.0,1.5203499999999999,0.52,0.5203499999999999,1.52,1.52,0.0,0.0,0.040349999999999886,0.040349999999999886,0.00034999999999985043,0.00034999999999985043
s08-r2-disconnect-n5-1,8,2,disconnect-n5-1,2,True,160.64,161.64,1.0,1.0,1,162,1.52,1.56046,1.0,1.52046,0.52,0.5204599999999999,1.52,1.52,0.0,0.0,0.04045999999999994,0.04045999999999994,0.00045999999999990493,0.00045999999999990493
s08-r2-disconnect-n5-1,8,2,disconnect-n5-1,3,True,251.72,252.72,1.0,1.0,1,253,1.52,1.56067,1.0,1.52067,0.52,0.52067,1.52,1.52,0.0,0.0,0.040669999999999984,0.040669999999999984,0.0006699999999999484,0.0006699999999999484
s08-r2-disconnect-n5-1,8,2,disconnect-n5-1,4,True,335.68,336.68,1.0,1.0,1,337,1.52,1.5598,1.0,1.5198,0.52,0.5198,1.52,1.52,0.0,0.0,0.03980000000000006,0.03980000000000006,-0.00019999999999997797,-0.00019999999999997797
s08-r3-disconnect-n10-1,8,3,disconnect-n10-1,0,True,28.88,29.88,1.0,1.0,1,30,1.52,1.55967,1.0,1.5196699999999999,0.52,0.5196699999999999,1.52,1.52,0.0,0.0,0.03966999999999987,0.03966999999999987,-0.0003300000000001635,-0.0003300000000001635
s08-r3-disconnect-n10-1,8,3,disconnect-n10-1,1,True,71.48,72.48,1.0,1.0,1,73,1.52,1.56007,1.0,1.52007,0.52,0.52007,1.52,1.52,0.0,0.0,0.04007000000000005,0.04007000000000005,7.00000000000145e-05,7.00000000000145e-05
s08-r3-disconnect-n10-1,8,3,disconnect-n10-1,2,True,105.28,106.28,1.0,1.0,1,106,1.52,1.56042,1.0,1.5204199999999999,0.52,0.5204199999999999,1.52,1.52,0.0,0.0,0.0404199999999999,0.0404199999999999,0.0004199999999998649,0.0004199999999998649
s08-r3-disconnect-n10-1,8,3,disconnect-n10-1,3,True,141.4,142.4,1.0,1.0,1,142,1.52,1.56066,1.0,1.52066,0.52,0.5206599999999999,1.52,1.52,0.0,0.0,0.04065999999999992,0.04065999999999992,0.0006599999999998829,0.0006599999999998829
s08-r3-disconnect-n10-1,8,3,disconnect-n10-1,4,True,185.8,186.8,1.0,1.0,1,187,1.52,1.56009,1.0,1.52009,0.52,0.5200899999999999,1.52,1.52,0.0,0.0,0.04008999999999996,0.04008999999999996,8.999999999992347e-05,8.999999999992347e-05
s08-r3-disconnect-n10-1,8,3,disconnect-n10-1,5,True,202.92,203.92,1.0,1.0,1,204,1.52,1.55993,1.0,1.51993,0.52,0.51993,1.52,1.52,0.0,0.0,0.03993000000000002,0.03993000000000002,-7.00000000000145e-05,-7.00000000000145e-05
s08-r3-disconnect-n10-1,8,3,disconnect-n10-1,6,True,229.96,230.96,1.0,1.0,1,231,1.52,1.55941,1.0,1.51941,0.52,0.5194099999999999,1.52,1.52,0.0,0.0,0.039409999999999945,0.039409999999999945,-0.0005900000000000905,-0.0005900000000000905
s08-r3-disconnect-n10-1,8,3,disconnect-n10-1,7,True,281.8,282.8,1.0,1.0,1,283,1.52,1.55944,1.0,1.51944,0.52,0.5194399999999999,1.52,1.52,0.0,0.0,0.03943999999999992,0.03943999999999992,-0.000560000000000116,-0.000560000000000116
s08-r3-disconnect-n10-1,8,3,disconnect-n10-1,8,True,328.92,329.92,1.0,1.0,1,330,1.52,1.56002,1.0,1.52002,0.52,0.5200199999999999,1.52,1.52,0.0,0.0,0.040019999999999945,0.040019999999999945,1.999999999990898e-05,1.999999999990898e-05
s08-r3-disconnect-n10-1,8,3,disconnect-n10-1,9,True,353.0,354.0,1.0,1.0,1,354,1.52,1.56026,1.0,1.52026,0.52,0.52026,1.52,1.52,0.0,0.0,0.04025999999999996,0.04025999999999996,0.00025999999999992696,0.00025999999999992696
s08-r3-disconnect-n2-1,8,3,disconnect-n2-1,0,True,60.16,61.16,1.0,1.0,1,61,1.52,1.5594,1.0,1.5193999999999999,0.52,0.5193999999999999,1.52,1.52,0.0,0.0,0.03939999999999988,0.03939999999999988,-0.000600000000000156,-0.000600000000000156
s08-r3-disconnect-n2-1,8,3,disconnect-n2-1,1,True,309.28,310.28,1.0,1.0,1,310,1.52,1.55961,1.0,1.51961,0.52,0.5196099999999999,1.52,1.52,0.0,0.0,0.03960999999999992,0.03960999999999992,-0.0003900000000001125,-0.0003900000000001125
s08-r3-disconnect-n20-1,8,3,disconnect-n20-1,0,True,26.24,27.24,1.0,1.0,1,27,1.52,1.55943,1.0,1.51943,0.52,0.5194300000000001,1.52,1.52,0.0,0.0,0.039430000000000076,0.039430000000000076,-0.0005699999999999594,-0.0005699999999999594
s08-r3-disconnect-n20-1,8,3,disconnect-n20-1,1,True,40.6,41.6,1.0,1.0,1,42,1.52,1.55953,1.0,1.51953,0.52,0.51953,1.52,1.52,0.0,0.0,0.039530000000000065,0.039530000000000065,-0.00046999999999997044,-0.00046999999999997044
s08-r3-disconnect-n20-1,8,3,disconnect-n20-1,2,True,51.72,52.72,1.0,1.0,1,53,1.52,1.56045,1.0,1.5204499999999999,0.52,0.5204499999999999,1.52,1.52,0.0,0.0,0.040449999999999875,0.040449999999999875,0.0004499999999998394,0.0004499999999998394
s08-r3-disconnect-n20-1,8,3,disconnect-n20-1,3,True,70.44,71.44,1.0,1.0,1,71,1.52,1.55983,1.0,1.51983,0.52,0.51983,1.52,1.52,0.0,0.0,0.03983000000000003,0.03983000000000003,-0.00017000000000000348,-0.00017000000000000348
s08-r3-disconnect-n20-1,8,3,disconnect-n20-1,4,True,88.32,89.32,1.0,1.0,1,89,1.52,1.5597,1.0,1.5197,0.52,0.5197,1.52,1.52,0.0,0.0,0.03970000000000007,0.03970000000000007,-0.00029999999999996696,-0.00029999999999996696
s08-r3-disconnect-n20-1,8,3,disconnect-n20-1,5,True,110.4,111.4,1.0,1.0,1,111,1.52,1.56444,1.0,1.52444,0.52,0.52444,1.52,1.52,0.0,0.0,0.044440000000000035,0.044440000000000035,0.0044399999999999995,0.0044399999999999995
s08-r3-disconnect-n20-1,8,3,disconnect-n20-1,6,True,124.08,125.08,1.0,1.0,1,125,1.52,1.56049,1.0,1.52049,0.52,0.5204899999999999,1.52,1.52,0.0,0.0,0.040489999999999915,0.040489999999999915,0.0004899999999998794,0.0004899999999998794
s08-r3-disconnect-n20-1,8,3,disconnect-n20-1,7,True,145.08,146.08,1.0,1.0,1,146,1.52,1.55998,1.0,1.5199799999999999,0.52,0.5199799999999999,1.52,1.52,0.0,0.0,0.039979999999999905,0.039979999999999905,-2.0000000000131024e-05,-2.0000000000131024e-05
s08-r3-disconnect-n20-1,8,3,disconnect-n20-1,8,True,158.36,159.36,1.0,1.0,1,159,1.52,1.56018,1.0,1.5201799999999999,0.52,0.5201799999999999,1.52,1.52,0.0,0.0,0.04017999999999988,0.04017999999999988,0.00017999999999984695,0.00017999999999984695
s08-r3-disconnect-n20-1,8,3,disconnect-n20-1,9,True,182.68,183.68,1.0,1.0,1,184,1.52,1.56067,1.0,1.52067,0.52,0.52067,1.52,1.52,0.0,0.0,0.040669999999999984,0.040669999999999984,0.0006699999999999484,0.0006699999999999484
s08-r3-disconnect-n20-1,8,3,disconnect-n20-1,10,True,198.0,199.0,1.0,1.0,1,199,1.52,1.55928,1.0,1.51928,0.52,0.51928,1.52,1.52,0.0,0.0,0.03927999999999998,0.03927999999999998,-0.0007200000000000539,-0.0007200000000000539
s08-r3-disconnect-n20-1,8,3,disconnect-n20-1,11,True,212.16,213.16,1.0,1.0,1,213,1.52,1.55975,1.0,1.51975,0.52,0.5197499999999999,1.52,1.52,0.0,0.0,0.03974999999999995,0.03974999999999995,-0.0002500000000000835,-0.0002500000000000835
s08-r3-disconnect-n20-1,8,3,disconnect-n20-1,12,True,236.92,237.92,1.0,1.0,1,238,1.52,1.55989,1.0,1.51989,0.52,0.51989,1.52,1.52,0.0,0.0,0.03988999999999998,0.03988999999999998,-0.0001100000000000545,-0.0001100000000000545
s08-r3-disconnect-n20-1,8,3,disconnect-n20-1,13,True,258.24,259.24,1.0,1.0,1,259,1.52,1.56013,1.0,1.52013,0.52,0.52013,1.52,1.52,0.0,0.0,0.04013,0.04013,0.00012999999999996348,0.00012999999999996348
s08-r3-disconnect-n20-1,8,3,disconnect-n20-1,14,True,269.24,270.24,1.0,1.0,1,270,1.52,1.56348,1.0,1.52348,0.52,0.52348,1.52,1.52,0.0,0.0,0.04347999999999996,0.04347999999999996,0.0034799999999999276,0.0034799999999999276
s08-r3-disconnect-n20-1,8,3,disconnect-n20-1,15,True,286.68,287.68,1.0,1.0,1,288,1.52,1.55918,1.0,1.51918,0.52,0.51918,1.52,1.52,0.0,0.0,0.03917999999999999,0.03917999999999999,-0.0008200000000000429,-0.0008200000000000429
s08-r3-disconnect-n20-1,8,3,disconnect-n20-1,16,True,303.64,304.64,1.0,1.0,1,305,1.52,1.56025,1.0,1.5202499999999999,0.52,0.5202499999999999,1.52,1.52,0.0,0.0,0.0402499999999999,0.0402499999999999,0.00024999999999986144,0.00024999999999986144
s08-r3-disconnect-n20-1,8,3,disconnect-n20-1,17,True,323.36,324.36,1.0,1.0,1,324,1.52,1.55993,1.0,1.51993,0.52,0.51993,1.52,1.52,0.0,0.0,0.03993000000000002,0.03993000000000002,-7.00000000000145e-05,-7.00000000000145e-05
s08-r3-disconnect-n20-1,8,3,disconnect-n20-1,18,True,345.64,346.64,1.0,1.0,1,347,1.52,1.55973,1.0,1.51973,0.52,0.51973,1.52,1.52,0.0,0.0,0.03973000000000004,0.03973000000000004,-0.00026999999999999247,-0.00026999999999999247
s08-r3-disconnect-n20-1,8,3,disconnect-n20-1,19,True,365.32,366.32,1.0,1.0,1,366,1.52,1.55996,1.0,1.51996,0.52,0.51996,1.52,1.52,0.0,0.0,0.039959999999999996,0.039959999999999996,-4.0000000000040004e-05,-4.0000000000040004e-05
s08-r3-disconnect-n5-1,8,3,disconnect-n5-1,0,True,57.88,58.88,1.0,1.0,1,59,1.52,1.55981,1.0,1.5198099999999999,0.52,0.5198099999999999,1.52,1.52,0.0,0.0,0.0398099999999999,0.0398099999999999,-0.0001900000000001345,-0.0001900000000001345
s08-r3-disconnect-n5-1,8,3,disconnect-n5-1,1,True,105.6,106.6,1.0,1.0,1,107,1.52,1.56068,1.0,1.52068,0.52,0.52068,1.52,1.52,0.0,0.0,0.04068000000000005,0.04068000000000005,0.0006800000000000139,0.0006800000000000139
s08-r3-disconnect-n5-1,8,3,disconnect-n5-1,2,True,192.68,193.68,1.0,1.0,1,194,1.52,1.56089,1.0,1.52089,0.52,0.5208900000000001,1.52,1.52,0.0,0.0,0.04089000000000009,0.04089000000000009,0.0008900000000000574,0.0008900000000000574
s08-r3-disconnect-n5-1,8,3,disconnect-n5-1,3,True,277.92,278.92,1.0,1.0,1,279,1.52,1.56,1.0,1.52,0.52,0.52,1.52,1.52,0.0,0.0,0.040000000000000036,0.040000000000000036,0.0,0.0
s08-r3-disconnect-n5-1,8,3,disconnect-n5-1,4,True,335.68,336.68,1.0,1.0,1,337,1.52,1.55957,1.0,1.5195699999999999,0.52,0.5195699999999999,1.52,1.52,0.0,0.0,0.03956999999999988,0.03956999999999988,-0.0004300000000001525,-0.0004300000000001525
s08-r4-disconnect-n10-1,8,4,disconnect-n10-1,0,True,39.72,40.72,1.0,1.0,1,41,1.52,1.56047,1.0,1.52047,0.52,0.52047,1.52,1.52,0.0,0.0,0.040470000000000006,0.040470000000000006,0.00046999999999997044,0.00046999999999997044
s08-r4-disconnect-n10-1,8,4,disconnect-n10-1,1,True,53.04,54.04,1.0,1.0,1,54,1.52,1.56014,1.0,1.52014,0.52,0.52014,1.52,1.52,0.0,0.0,0.040140000000000065,0.040140000000000065,0.000140000000000029,0.000140000000000029
s08-r4-disconnect-n10-1,8,4,disconnect-n10-1,2,True,89.76,90.76,1.0,1.0,1,91,1.52,1.56076,1.0,1.52076,0.52,0.5207599999999999,1.52,1.52,0.0,0.0,0.04075999999999991,0.04075999999999991,0.0007599999999998719,0.0007599999999998719
s08-r4-disconnect-n10-1,8,4,disconnect-n10-1,3,True,126.08,127.08,1.0,1.0,1,127,1.52,1.56082,1.0,1.52082,0.52,0.5208200000000001,1.52,1.52,0.0,0.0,0.04082000000000008,0.04082000000000008,0.0008200000000000429,0.0008200000000000429
s08-r4-disconnect-n10-1,8,4,disconnect-n10-1,4,True,183.76,184.76,1.0,1.0,1,185,1.52,1.56267,1.0,1.52267,0.52,0.52267,1.52,1.52,0.0,0.0,0.042669999999999986,0.042669999999999986,0.00266999999999995,0.00266999999999995
s08-r4-disconnect-n10-1,8,4,disconnect-n10-1,5,True,204.68,205.68,1.0,1.0,1,206,1.52,1.55591,1.0,1.5159099999999999,0.52,0.5159099999999999,1.52,1.52,0.0,0.0,0.035909999999999886,0.035909999999999886,-0.004090000000000149,-0.004090000000000149
s08-r4-disconnect-n10-1,8,4,disconnect-n10-1,6,True,255.12,256.12,1.0,1.0,1,256,1.52,1.56051,1.0,1.52051,0.52,0.52051,1.52,1.52,0.0,0.0,0.040510000000000046,0.040510000000000046,0.0005100000000000104,0.0005100000000000104
s08-r4-disconnect-n10-1,8,4,disconnect-n10-1,7,True,283.44,284.44,1.0,1.0,1,284,1.52,1.5605,1.0,1.5205,0.52,0.5205,1.52,1.52,0.0,0.0,0.04049999999999998,0.04049999999999998,0.0004999999999999449,0.0004999999999999449
s08-r4-disconnect-n10-1,8,4,disconnect-n10-1,8,True,308.0,309.0,1.0,1.0,1,309,1.52,1.55959,1.0,1.51959,0.52,0.51959,1.52,1.52,0.0,0.0,0.039590000000000014,0.039590000000000014,-0.00041000000000002146,-0.00041000000000002146
s08-r4-disconnect-n10-1,8,4,disconnect-n10-1,9,True,341.08,342.08,1.0,1.0,1,342,1.52,1.55997,1.0,1.51997,0.52,0.51997,1.52,1.52,0.0,0.0,0.03997000000000006,0.03997000000000006,-2.999999999997449e-05,-2.999999999997449e-05
s08-r4-disconnect-n2-1,8,4,disconnect-n2-1,0,True,22.92,23.92,1.0,1.0,1,24,1.52,1.55932,1.0,1.51932,0.52,0.51932,1.52,1.52,0.0,0.0,0.03932000000000002,0.03932000000000002,-0.0006800000000000139,-0.0006800000000000139
s08-r4-disconnect-n2-1,8,4,disconnect-n2-1,1,True,288.32,289.32,1.0,1.0,1,289,1.52,1.56163,1.0,1.52163,0.52,0.52163,1.52,1.52,0.0,0.0,0.041630000000000056,0.041630000000000056,0.0016300000000000203,0.0016300000000000203
s08-r4-disconnect-n20-1,8,4,disconnect-n20-1,0,True,17.64,18.64,1.0,1.0,1,19,1.52,1.5609,1.0,1.5209,0.52,0.5208999999999999,1.52,1.52,0.0,0.0,0.040899999999999936,0.040899999999999936,0.0008999999999999009,0.0008999999999999009
s08-r4-disconnect-n20-1,8,4,disconnect-n20-1,1,True,38.0,39.0,1.0,1.0,1,39,1.52,1.55885,1.0,1.51885,0.52,0.51885,1.52,1.52,0.0,0.0,0.03885000000000005,0.03885000000000005,-0.0011499999999999844,-0.0011499999999999844
s08-r4-disconnect-n20-1,8,4,disconnect-n20-1,2,True,60.28,61.28,1.0,1.0,1,61,1.52,1.56033,1.0,1.52033,0.52,0.52033,1.52,1.52,0.0,0.0,0.04032999999999998,0.04032999999999998,0.00032999999999994145,0.00032999999999994145
s08-r4-disconnect-n20-1,8,4,disconnect-n20-1,3,True,70.84,71.84,1.0,1.0,1,72,1.52,1.56005,1.0,1.52005,0.52,0.5200499999999999,1.52,1.52,0.0,0.0,0.04004999999999992,0.04004999999999992,4.999999999988347e-05,4.999999999988347e-05
s08-r4-disconnect-n20-1,8,4,disconnect-n20-1,4,True,97.08,98.08,1.0,1.0,1,98,1.52,1.56051,1.0,1.52051,0.52,0.52051,1.52,1.52,0.0,0.0,0.040510000000000046,0.040510000000000046,0.0005100000000000104,0.0005100000000000104
s08-r4-disconnect-n20-1,8,4,disconnect-n20-1,5,True,113.4,114.4,1.0,1.0,1,114,1.52,1.56096,1.0,1.5209599999999999,0.52,0.5209599999999999,1.52,1.52,0.0,0.0,0.040959999999999885,0.040959999999999885,0.0009599999999998499,0.0009599999999998499
s08-r4-disconnect-n20-1,8,4,disconnect-n20-1,6,True,127.96,128.96,0.9999999999999858,1.0000000000000142,1,129,1.52,1.55588,1.0,1.51588,0.5199999999999858,0.5158799999999857,1.5200000000000142,1.52,-1.4210854715202004e-14,0.0,0.0358799999999857,0.03587999999999991,-0.004120000000014334,-0.0041200000000001236
s08-r4-disconnect-n20-1,8,4,disconnect-n20-1,7,True,141.52,142.52,1.0,1.0,1,143,1.52,1.55532,1.0,1.51532,0.52,0.51532,1.52,1.52,0.0,0.0,0.03532000000000002,0.03532000000000002,-0.0046800000000000175,-0.0046800000000000175
s08-r4-disconnect-n20-1,8,4,disconnect-n20-1,8,True,164.88,165.88,1.0,1.0,1,166,1.52,1.56014,1.0,1.52014,0.52,0.52014,1.52,1.52,0.0,0.0,0.040140000000000065,0.040140000000000065,0.000140000000000029,0.000140000000000029
s08-r4-disconnect-n20-1,8,4,disconnect-n20-1,9,True,182.48,183.48,1.0,1.0,1,184,1.52,1.55558,1.0,1.51558,0.52,0.5155799999999999,1.52,1.52,0.0,0.0,0.035579999999999945,0.035579999999999945,-0.0044200000000000905,-0.0044200000000000905
s08-r4-disconnect-n20-1,8,4,disconnect-n20-1,10,True,202.28,203.28,1.0,1.0,1,203,1.52,1.56043,1.0,1.52043,0.52,0.52043,1.52,1.52,0.0,0.0,0.040429999999999966,0.040429999999999966,0.00042999999999993044,0.00042999999999993044
s08-r4-disconnect-n20-1,8,4,disconnect-n20-1,11,True,216.96,217.96,1.0,1.0,1,218,1.52,1.56016,1.0,1.52016,0.52,0.52016,1.52,1.52,0.0,0.0,0.040159999999999973,0.040159999999999973,0.00015999999999993797,0.00015999999999993797
s08-r4-disconnect-n20-1,8,4,disconnect-n20-1,12,True,234.4,235.4,1.0,1.0,1,235,1.52,1.55987,1.0,1.51987,0.52,0.51987,1.52,1.52,0.0,0.0,0.03987000000000007,0.03987000000000007,-0.00012999999999996348,-0.00012999999999996348
s08-r4-disconnect-n20-1,8,4,disconnect-n20-1,13,True,247.2,248.2,1.0,1.0,1,248,1.52,1.56041,1.0,1.52041,0.52,0.52041,1.52,1.52,0.0,0.0,0.04041000000000006,0.04041000000000006,0.00041000000000002146,0.00041000000000002146
s08-r4-disconnect-n20-1,8,4,disconnect-n20-1,14,True,266.4,267.4,1.0,1.0,1,267,1.52,1.5597,1.0,1.5197,0.52,0.5197,1.52,1.52,0.0,0.0,0.03970000000000007,0.03970000000000007,-0.00029999999999996696,-0.00029999999999996696
s08-r4-disconnect-n20-1,8,4,disconnect-n20-1,15,True,291.56,292.56,1.0,1.0,1,293,1.52,1.56025,1.0,1.5202499999999999,0.52,0.5202499999999999,1.52,1.52,0.0,0.0,0.0402499999999999,0.0402499999999999,0.00024999999999986144,0.00024999999999986144
s08-r4-disconnect-n20-1,8,4,disconnect-n20-1,16,True,311.96,312.96,1.0,1.0,1,313,1.52,1.56082,1.0,1.52082,0.52,0.5208200000000001,1.52,1.52,0.0,0.0,0.04082000000000008,0.04082000000000008,0.0008200000000000429,0.0008200000000000429
s08-r4-disconnect-n20-1,8,4,disconnect-n20-1,17,True,326.0,327.0,1.0,1.0,1,327,1.52,1.56046,1.0,1.52046,0.52,0.5204599999999999,1.52,1.52,0.0,0.0,0.04045999999999994,0.04045999999999994,0.00045999999999990493,0.00045999999999990493
s08-r4-disconnect-n20-1,8,4,disconnect-n20-1,18,True,336.52,337.52,1.0,1.0,1,338,1.52,1.56057,1.0,1.52057,0.52,0.52057,1.52,1.52,0.0,0.0,0.040569999999999995,0.040569999999999995,0.0005699999999999594,0.0005699999999999594
s08-r4-disconnect-n20-1,8,4,disconnect-n20-1,19,True,359.88,360.88,1.0,1.0,1,361,1.52,1.55885,1.0,1.51885,0.52,0.51885,1.52,1.52,0.0,0.0,0.03885000000000005,0.03885000000000005,-0.0011499999999999844,-0.0011499999999999844
s08-r4-disconnect-n5-1,8,4,disconnect-n5-1,0,True,53.44,54.44,1.0,1.0,1,54,1.52,1.55875,1.0,1.51875,0.52,0.51875,1.52,1.52,0.0,0.0,0.03875000000000006,0.03875000000000006,-0.0012499999999999734,-0.0012499999999999734
s08-r4-disconnect-n5-1,8,4,disconnect-n5-1,1,True,137.64,138.64,1.0,1.0,1,139,1.52,1.56053,1.0,1.52053,0.52,0.5205299999999999,1.52,1.52,0.0,0.0,0.040529999999999955,0.040529999999999955,0.0005299999999999194,0.0005299999999999194
s08-r4-disconnect-n5-1,8,4,disconnect-n5-1,2,True,183.72,184.72,1.0,1.0,1,185,1.52,1.56013,1.0,1.52013,0.52,0.52013,1.52,1.52,0.0,0.0,0.04013,0.04013,0.00012999999999996348,0.00012999999999996348
s08-r4-disconnect-n5-1,8,4,disconnect-n5-1,3,True,261.72,262.72,1.0,1.0,1,263,1.52,1.56015,1.0,1.52015,0.52,0.5201499999999999,1.52,1.52,0.0,0.0,0.04014999999999991,0.04014999999999991,0.00014999999999987246,0.00014999999999987246
s08-r4-disconnect-n5-1,8,4,disconnect-n5-1,4,True,301.72,302.72,1.0,1.0,1,303,1.52,1.56002,1.0,1.52002,0.52,0.5200199999999999,1.52,1.52,0.0,0.0,0.040019999999999945,0.040019999999999945,1.999999999990898e-05,1.999999999990898e-05
s09-r0-disconnect-n10-1,9,0,disconnect-n10-1,0,True,41.36,42.36,1.0,1.0,1,42,1.52,1.55894,1.0,1.51894,0.52,0.51894,1.52,1.52,0.0,0.0,0.038939999999999975,0.038939999999999975,-0.001060000000000061,-0.001060000000000061
s09-r0-disconnect-n10-1,9,0,disconnect-n10-1,1,True,55.48,56.48,1.0,1.0,1,57,1.52,1.55996,1.0,1.51996,0.52,0.51996,1.52,1.52,0.0,0.0,0.039959999999999996,0.039959999999999996,-4.0000000000040004e-05,-4.0000000000040004e-05
s09-r0-disconnect-n10-1,9,0,disconnect-n10-1,2,True,91.44,92.44,1.0,1.0,1,92,1.52,1.5599,1.0,1.5199,0.52,0.5199,1.52,1.52,0.0,0.0,0.03990000000000005,0.03990000000000005,-9.999999999998899e-05,-9.999999999998899e-05
s09-r0-disconnect-n10-1,9,0,disconnect-n10-1,3,True,147.36,148.36,1.0,1.0,1,148,1.52,1.5595,1.0,1.5195,0.52,0.5195000000000001,1.52,1.52,0.0,0.0,0.03950000000000009,0.03950000000000009,-0.0004999999999999449,-0.0004999999999999449
s09-r0-disconnect-n10-1,9,0,disconnect-n10-1,4,True,171.72,172.72,1.0,1.0,1,173,1.52,1.55994,1.0,1.51994,0.52,0.5199400000000001,1.52,1.52,0.0,0.0,0.03994000000000009,0.03994000000000009,-5.999999999994898e-05,-5.999999999994898e-05
s09-r0-disconnect-n10-1,9,0,disconnect-n10-1,5,True,218.72,219.72,1.0,1.0,1,220,1.52,1.55985,1.0,1.51985,0.52,0.5198499999999999,1.52,1.52,0.0,0.0,0.03984999999999994,0.03984999999999994,-0.0001500000000000945,-0.0001500000000000945
s09-r0-disconnect-n10-1,9,0,disconnect-n10-1,6,True,253.72,254.72,1.0,1.0,1,255,1.52,1.56418,1.0,1.5241799999999999,0.52,0.5241799999999999,1.52,1.52,0.0,0.0,0.044179999999999886,0.044179999999999886,0.0041799999999998505,0.0041799999999998505
s09-r0-disconnect-n10-1,9,0,disconnect-n10-1,7,True,288.48,289.48,1.0,1.0,1,290,1.52,1.55936,1.0,1.51936,0.52,0.51936,1.52,1.52,0.0,0.0,0.03936000000000006,0.03936000000000006,-0.0006399999999999739,-0.0006399999999999739
s09-r0-disconnect-n10-1,9,0,disconnect-n10-1,8,True,309.08,310.08,1.0,1.0,1,310,1.52,1.55973,1.0,1.51973,0.52,0.51973,1.52,1.52,0.0,0.0,0.03973000000000004,0.03973000000000004,-0.00026999999999999247,-0.00026999999999999247
s09-r0-disconnect-n10-1,9,0,disconnect-n10-1,9,True,355.4,356.4,1.0,1.0,1,356,1.52,1.55929,1.0,1.51929,0.52,0.51929,1.52,1.52,0.0,0.0,0.03929000000000005,0.03929000000000005,-0.0007099999999999884,-0.0007099999999999884
s09-r0-disconnect-n2-1,9,0,disconnect-n2-1,0,True,151.2,152.2,1.0,1.0,1,152,1.52,1.55982,1.0,1.51982,0.52,0.51982,1.52,1.52,0.0,0.0,0.03981999999999997,0.03981999999999997,-0.000180000000000069,-0.000180000000000069
s09-r0-disconnect-n2-1,9,0,disconnect-n2-1,1,True,255.08,256.08,1.0,0.9999999999999716,1,256,1.52,1.55921,1.0,1.51921,0.5200000000000284,0.5192100000000284,1.52,1.52,0.0,0.0,0.03920999999999997,0.03920999999999997,-0.0007900000000000684,-0.0007900000000000684
s09-r0-disconnect-n20-1,9,0,disconnect-n20-1,0,True,22.64,23.64,1.0,1.0,1,24,1.52,1.56005,1.0,1.52005,0.52,0.5200499999999999,1.52,1.52,0.0,0.0,0.04004999999999992,0.04004999999999992,4.999999999988347e-05,4.999999999988347e-05
s09-r0-disconnect-n20-1,9,0,disconnect-n20-1,1,True,42.88,43.88,1.0,1.0,1,44,1.52,1.55952,1.0,1.51952,0.52,0.51952,1.52,1.52,0.0,0.0,0.03952,0.03952,-0.00048000000000003595,-0.00048000000000003595
s09-r0-disconnect-n20-1,9,0,disconnect-n20-1,2,True,54.76,55.76,1.0,1.0,1,56,1.52,1.56465,1.0,1.52465,0.52,0.5246500000000001,1.52,1.52,0.0,0.0,0.04465000000000008,0.04465000000000008,0.004650000000000043,0.004650000000000043
s09-r0-disconnect-n20-1,9,0,disconnect-n20-1,3,True,71.56,72.56,1.0,1.0,1,73,1.52,1.55953,1.0,1.51953,0.52,0.51953,1.52,1.52,0.0,0.0,0.039530000000000065,0.039530000000000065,-0.00046999999999997044,-0.00046999999999997044
s09-r0-disconnect-n20-1,9,0,disconnect-n20-1,4,True,90.0,91.0,1.0,1.0,1,91,1.52,1.5594,1.0,1.5193999999999999,0.52,0.5193999999999999,1.52,1.52,0.0,0.0,0.03939999999999988,0.03939999999999988,-0.000600000000000156,-0.000600000000000156
s09-r0-disconnect-n20-1,9,0,disconnect-n20-1,5,True,107.68,108.68,1.0,1.0,1,109,1.52,1.55902,1.0,1.51902,0.52,0.51902,1.52,1.52,0.0,0.0,0.039020000000000055,0.039020000000000055,-0.0009799999999999809,-0.0009799999999999809
s09-r0-disconnect-n20-1,9,0,disconnect-n20-1,6,True,129.36,130.36,1.0,1.0,1,130,1.52,1.56447,1.0,1.52447,0.52,0.52447,1.52,1.52,0.0,0.0,0.04447000000000001,0.04447000000000001,0.004469999999999974,0.004469999999999974
s09-r0-disconnect-n20-1,9,0,disconnect-n20-1,7,True,146.96,147.96,1.0,1.0,1,148,1.52,1.5643,1.0,1.5243,0.52,0.5243,1.52,1.52,0.0,0.0,0.044300000000000006,0.044300000000000006,0.0042999999999999705,0.0042999999999999705
s09-r0-disconnect-n20-1,9,0,disconnect-n20-1,8,True,160.48,161.48,1.0,1.0,1,162,1.52,1.56002,1.0,1.52002,0.52,0.5200199999999999,1.52,1.52,0.0,0.0,0.040019999999999945,0.040019999999999945,1.999999999990898e-05,1.999999999990898e-05
s09-r0-disconnect-n20-1,9,0,disconnect-n20-1,9,True,186.4,187.4,1.0,1.0,1,187,1.52,1.56014,1.0,1.52014,0.52,0.52014,1.52,1.52,0.0,0.0,0.040140000000000065,0.040140000000000065,0.000140000000000029,0.000140000000000029
s09-r0-disconnect-n20-1,9,0,disconnect-n20-1,10,True,198.08,199.08,1.0,1.0,1,199,1.52,1.56021,1.0,1.52021,0.52,0.5202100000000001,1.52,1.52,0.0,0.0,0.04021000000000008,0.04021000000000008,0.00021000000000004349,0.00021000000000004349
s09-r0-disconnect-n20-1,9,0,disconnect-n20-1,11,True,214.68,215.68,1.0,1.0,1,216,1.52,1.56042,1.0,1.5204199999999999,0.52,0.5204199999999999,1.52,1.52,0.0,0.0,0.0404199999999999,0.0404199999999999,0.0004199999999998649,0.0004199999999998649
s09-r0-disconnect-n20-1,9,0,disconnect-n20-1,12,True,236.0,237.0,1.0,1.0,1,237,1.52,1.55914,1.0,1.51914,0.52,0.5191399999999999,1.52,1.52,0.0,0.0,0.03913999999999995,0.03913999999999995,-0.0008600000000000829,-0.0008600000000000829
s09-r0-disconnect-n20-1,9,0,disconnect-n20-1,13,True,257.48,258.48,1.0,1.0,1,259,1.52,1.55907,1.0,1.51907,0.52,0.5190699999999999,1.52,1.52,0.0,0.0,0.03906999999999994,0.03906999999999994,-0.0009300000000000974,-0.0009300000000000974
s09-r0-disconnect-n20-1,9,0,disconnect-n20-1,14,True,266.84,267.84,1.0,1.0,1,268,1.52,1.55988,1.0,1.51988,0.52,0.5198799999999999,1.52,1.52,0.0,0.0,0.039879999999999916,0.039879999999999916,-0.00012000000000012001,-0.00012000000000012001
s09-r0-disconnect-n20-1,9,0,disconnect-n20-1,15,True,290.32,291.32,1.0,1.0,1,291,1.52,1.55909,1.0,1.51909,0.52,0.51909,1.52,1.52,0.0,0.0,0.03909000000000007,0.03909000000000007,-0.0009099999999999664,-0.0009099999999999664
s09-r0-disconnect-n20-1,9,0,disconnect-n20-1,16,True,309.48,310.48,1.0,1.0,1,311,1.52,1.5595,1.0,1.5195,0.52,0.5195000000000001,1.52,1.52,0.0,0.0,0.03950000000000009,0.03950000000000009,-0.0004999999999999449,-0.0004999999999999449
s09-r0-disconnect-n20-1,9,0,disconnect-n20-1,17,True,319.76,320.76,1.0,1.0,1,321,1.52,1.55949,1.0,1.51949,0.52,0.51949,1.52,1.52,0.0,0.0,0.039490000000000025,0.039490000000000025,-0.0005100000000000104,-0.0005100000000000104
s09-r0-disconnect-n20-1,9,0,disconnect-n20-1,18,True,338.0,339.0,1.0,1.0,1,339,1.52,1.55954,1.0,1.51954,0.52,0.5195399999999999,1.52,1.52,0.0,0.0,0.03953999999999991,0.03953999999999991,-0.000460000000000127,-0.000460000000000127
s09-r0-disconnect-n20-1,9,0,disconnect-n20-1,19,True,358.28,359.28,1.0,1.0,1,359,1.52,1.56043,1.0,1.52043,0.52,0.52043,1.52,1.52,0.0,0.0,0.040429999999999966,0.040429999999999966,0.00042999999999993044,0.00042999999999993044
s09-r0-disconnect-n5-1,9,0,disconnect-n5-1,0,True,39.84,40.84,1.0,1.0,1,41,1.52,1.56439,1.0,1.52439,0.52,0.5243899999999999,1.52,1.52,0.0,0.0,0.04438999999999993,0.04438999999999993,0.004389999999999894,0.004389999999999894
s09-r0-disconnect-n5-1,9,0,disconnect-n5-1,1,True,120.96,121.96,1.0,1.0,1,122,1.52,1.55975,1.0,1.51975,0.52,0.5197499999999999,1.52,1.52,0.0,0.0,0.03974999999999995,0.03974999999999995,-0.0002500000000000835,-0.0002500000000000835
s09-r0-disconnect-n5-1,9,0,disconnect-n5-1,2,True,214.16,215.16,1.0,1.0,1,215,1.52,1.55949,1.0,1.51949,0.52,0.51949,1.52,1.52,0.0,0.0,0.039490000000000025,0.039490000000000025,-0.0005100000000000104,-0.0005100000000000104
s09-r0-disconnect-n5-1,9,0,disconnect-n5-1,3,True,275.36,276.36,1.0,1.0,1,276,1.52,1.55956,1.0,1.51956,0.52,0.51956,1.52,1.52,0.0,0.0,0.03956000000000004,0.03956000000000004,-0.00043999999999999595,-0.00043999999999999595
s09-r0-disconnect-n5-1,9,0,disconnect-n5-1,4,True,340.0,341.0,1.0,1.0,1,341,1.52,1.56021,1.0,1.52021,0.52,0.5202100000000001,1.52,1.52,0.0,0.0,0.04021000000000008,0.04021000000000008,0.00021000000000004349,0.00021000000000004349
s09-r0-disconnect-n5-1.25,9,0,disconnect-n5-1.25,0,True,64.36,65.64,1.25,1.2800000000000011,1,66,2.04,2.07947,1.25,2.03947,0.7599999999999989,0.759469999999999,1.8000000000000012,1.77,0.23999999999999888,0.27,0.279469999999999,0.30947000000000013,0.23946999999999896,0.2694700000000001
s09-r0-disconnect-n5-1.25,9,0,disconnect-n5-1.25,1,True,151.52,152.76,1.25,1.2399999999999807,1,153,2.04,2.08161,1.25,2.04161,0.8000000000000194,0.8016100000000193,1.7599999999999807,1.77,0.28000000000001934,0.27,0.32161000000001927,0.31160999999999994,0.28161000000001923,0.2716099999999999
s09-r0-disconnect-n5-1.25,9,0,disconnect-n5-1.25,2,True,216.76,218.04,1.25,1.2800000000000011,1,218,2.04,2.0809,1.25,2.0409,0.7599999999999989,0.760899999999999,1.8000000000000012,1.77,0.23999999999999888,0.27,0.28089999999999904,0.3109000000000002,0.240899999999999,0.27090000000000014
s09-r0-disconnect-n5-1.25,9,0,disconnect-n5-1.25,3,True,241.68,242.92,1.25,1.2399999999999807,1,243,2.04,2.08023,1.25,2.0402299999999998,0.8000000000000194,0.8002300000000191,1.7599999999999807,1.77,0.28000000000001934,0.27,0.3202300000000191,0.3102299999999998,0.2802300000000191,0.27022999999999975
s09-r0-disconnect-n5-1.25,9,0,disconnect-n5-1.25,4,True,344.56,345.8,1.25,1.240000000000009,1,346,2.04,2.08466,1.25,2.04466,0.7999999999999909,0.8046599999999908,1.7600000000000091,1.77,0.2799999999999909,0.27,0.32465999999999084,0.31465999999999994,0.2846599999999908,0.2746599999999999
s09-r0-disconnect-n5-1.75,9,0,disconnect-n5-1.75,0,True,38.04,39.76,1.75,1.7199999999999989,1,40,2.52,2.55778,1.75,2.51778,0.8000000000000012,0.7977800000000013,2.239999999999999,2.27,0.28000000000000114,0.25,0.3177800000000013,0.28778000000000015,0.27778000000000125,0.2477800000000001
s09-r0-disconnect-n5-1.75,9,0,disconnect-n5-1.75,1,True,91.44,93.2,1.75,1.7600000000000051,1,93,2.52,2.55815,1.75,2.51815,0.7599999999999949,0.7581499999999948,2.280000000000005,2.27,0.23999999999999488,0.25,0.2781499999999948,0.2881499999999999,0.23814999999999475,0.24814999999999987
s09-r0-disconnect-n5-1.75,9,0,disconnect-n5-1.75,2,True,214.4,216.12,1.75,1.7199999999999989,1,216,2.52,2.56084,1.75,2.5208399999999997,0.8000000000000012,0.8008400000000009,2.239999999999999,2.27,0.28000000000000114,0.25,0.3208400000000009,0.29083999999999977,0.28084000000000087,0.25083999999999973
s09-r0-disconnect-n5-1.75,9,0,disconnect-n5-1.75,3,True,256.28,258.04,1.75,1.7600000000000477,1,258,2.52,2.55816,1.75,2.51816,0.7599999999999523,0.7581599999999522,2.2800000000000478,2.27,0.23999999999995225,0.25,0.2781599999999522,0.28815999999999997,0.2381599999999522,0.24815999999999994
s09-r0-disconnect-n5-1.75,9,0,disconnect-n5-1.75,4,True,315.16,316.88,1.75,1.7199999999999704,1,317,2.52,2.56232,1.75,2.52232,0.8000000000000296,0.8023200000000297,2.2399999999999705,2.27,0.28000000000002956,0.25,0.3223200000000297,0.29232000000000014,0.28232000000002966,0.2523200000000001
s09-r0-disconnect-n5-2.25,9,0,disconnect-n5-2.25,0,True,48.88,51.12,2.25,2.239999999999995,1,51,3.04,3.0815,2.25,3.0415,0.8000000000000052,0.8015000000000052,2.759999999999995,2.77,0.28000000000000513,0.27,0.3215000000000052,0.3115000000000001,0.2815000000000052,0.2715000000000001
s09-r0-disconnect-n5-2.25,9,0,disconnect-n5-2.25,1,True,116.68,118.92,2.25,2.239999999999995,1,119,3.04,3.0829,2.25,3.0429,0.8000000000000052,0.802900000000005,2.759999999999995,2.77,0.28000000000000513,0.27,0.32290000000000507,0.31289999999999996,0.28290000000000504,0.2728999999999999
s09-r0-disconnect-n5-2.25,9,0,disconnect-n5-2.25,2,True,160.24,162.52,2.25,2.280000000000001,1,163,3.04,3.08334,2.25,3.04334,0.7599999999999989,0.763339999999999,2.800000000000001,2.77,0.23999999999999888,0.27,0.28333999999999904,0.3133400000000002,0.243339999999999,0.27334000000000014
s09-r0-disconnect-n5-2.25,9,0,disconnect-n5-2.25,3,True,260.64,262.92,2.25,2.2800000000000296,1,263,3.04,3.08084,2.25,3.0408399999999998,0.7599999999999705,0.7608399999999702,2.8000000000000296,2.77,0.23999999999997046,0.27,0.2808399999999702,0.3108399999999998,0.2408399999999702,0.27083999999999975
s09-r0-disconnect-n5-2.25,9,0,disconnect-n5-2.25,4,True,315.12,317.4,2.25,2.2799999999999727,1,318,3.04,3.07744,2.25,3.03744,0.7600000000000273,0.7574400000000274,2.7999999999999727,2.77,0.2400000000000273,0.27,0.27744000000002744,0.30744000000000016,0.2374400000000274,0.2674400000000001
s09-r1-disconnect-n10-1,9,1,disconnect-n10-1,0,True,19.4,20.4,1.0,1.0,1,20,1.52,1.56027,1.0,1.52027,0.52,0.52027,1.52,1.52,0.0,0.0,0.04027000000000003,0.04027000000000003,0.00026999999999999247,0.00026999999999999247
s09-r1-disconnect-n10-1,9,1,disconnect-n10-1,1,True,77.92,78.92,1.0,1.0,1,79,1.52,1.56094,1.0,1.52094,0.52,0.52094,1.52,1.52,0.0,0.0,0.040939999999999976,0.040939999999999976,0.0009399999999999409,0.0009399999999999409
s09-r1-disconnect-n10-1,9,1,disconnect-n10-1,2,True,110.44,111.44,1.0,1.0,1,111,1.52,1.55863,1.0,1.51863,0.52,0.5186299999999999,1.52,1.52,0.0,0.0,0.03862999999999994,0.03862999999999994,-0.0013700000000000934,-0.0013700000000000934
s09-r1-disconnect-n10-1,9,1,disconnect-n10-1,3,True,131.64,132.64,1.0,1.0,1,133,1.52,1.55996,1.0,1.51996,0.52,0.51996,1.52,1.52,0.0,0.0,0.039959999999999996,0.039959999999999996,-4.0000000000040004e-05,-4.0000000000040004e-05
s09-r1-disconnect-n10-1,9,1,disconnect-n10-1,4,True,168.4,169.4,1.0,1.0,1,169,1.52,1.55546,1.0,1.51546,0.52,0.51546,1.52,1.52,0.0,0.0,0.03546000000000005,0.03546000000000005,-0.0045399999999999885,-0.0045399999999999885
s09-r1-disconnect-n10-1,9,1,disconnect-n10-1,5,True,194.56,195.56,1.0,1.0,1,196,1.52,1.56117,1.0,1.52117,0.52,0.5211699999999999,1.52,1.52,0.0,0.0,0.04116999999999993,0.04116999999999993,0.0011699999999998933,0.0011699999999998933
s09-r1-disconnect-n10-1,9,1,disconnect-n10-1,6,True,236.44,237.44,1.0,1.0,1,237,1.52,1.55943,1.0,1.51943,0.52,0.5194300000000001,1.52,1.52,0.0,0.0,0.039430000000000076,0.039430000000000076,-0.0005699999999999594,-0.0005699999999999594
s09-r1-disconnect-n10-1,9,1,disconnect-n10-1,7,True,287.36,288.36,1.0,1.0,1,288,1.52,1.56016,1.0,1.52016,0.52,0.52016,1.52,1.52,0.0,0.0,0.040159999999999973,0.040159999999999973,0.00015999999999993797,0.00015999999999993797
s09-r1-disconnect-n10-1,9,1,disconnect-n10-1,8,True,328.44,329.44,1.0,1.0,1,329,1.52,1.56042,1.0,1.5204199999999999,0.52,0.5204199999999999,1.52,1.52,0.0,0.0,0.0404199999999999,0.0404199999999999,0.0004199999999998649,0.0004199999999998649
s09-r1-disconnect-n10-1,9,1,disconnect-n10-1,9,True,363.04,364.04,1.0,1.0,1,364,1.52,1.56062,1.0,1.5206199999999999,0.52,0.5206199999999999,1.52,1.52,0.0,0.0,0.04061999999999988,0.04061999999999988,0.0006199999999998429,0.0006199999999998429
s09-r1-disconnect-n2-1,9,1,disconnect-n2-1,0,True,115.56,116.56,1.0,1.0,1,117,1.52,1.55917,1.0,1.51917,0.52,0.5191699999999999,1.52,1.52,0.0,0.0,0.03916999999999993,0.03916999999999993,-0.0008300000000001084,-0.0008300000000001084
s09-r1-disconnect-n2-1,9,1,disconnect-n2-1,1,True,232.68,233.68,1.0,1.0,1,234,1.52,1.56026,1.0,1.52026,0.52,0.52026,1.52,1.52,0.0,0.0,0.04025999999999996,0.04025999999999996,0.00025999999999992696,0.00025999999999992696
s09-r1-disconnect-n20-1,9,1,disconnect-n20-1,0,True,17.6,18.6,1.0,1.0,1,19,1.52,1.56008,1.0,1.5200799999999999,0.52,0.5200799999999999,1.52,1.52,0.0,0.0,0.040079999999999893,0.040079999999999893,7.999999999985796e-05,7.999999999985796e-05
s09-r1-disconnect-n20-1,9,1,disconnect-n20-1,1,True,35.0,36.0,1.0,1.0,1,36,1.52,1.55867,1.0,1.51867,0.52,0.51867,1.52,1.52,0.0,0.0,0.03866999999999998,0.03866999999999998,-0.0013300000000000534,-0.0013300000000000534
s09-r1-disconnect-n20-1,9,1,disconnect-n20-1,2,True,51.92,52.92,1.0,1.0,1,53,1.52,1.56061,1.0,1.52061,0.52,0.52061,1.52,1.52,0.0,0.0,0.040610000000000035,0.040610000000000035,0.0006099999999999994,0.0006099999999999994
s09-r1-disconnect-n20-1,9,1,disconnect-n20-1,3,True,77.6,78.6,1.0,1.0,1,79,1.52,1.56089,1.0,1.52089,0.52,0.5208900000000001,1.52,1.52,0.0,0.0,0.04089000000000009,0.04089000000000009,0.0008900000000000574,0.0008900000000000574
s09-r1-disconnect-n20-1,9,1,disconnect-n20-1,4,True,86.6,87.6,1.0,1.0,1,88,1.52,1.5612,1.0,1.5211999999999999,0.52,0.5211999999999999,1.52,1.52,0.0,0.0,0.0411999999999999,0.0411999999999999,0.0011999999999998678,0.0011999999999998678
s09-r1-disconnect-n20-1,9,1,disconnect-n20-1,5,True,112.12,113.12,1.0,1.0,1,113,1.52,1.56139,1.0,1.52139,0.52,0.52139,1.52,1.52,0.0,0.0,0.04139000000000004,0.04139000000000004,0.0013900000000000023,0.0013900000000000023
s09-r1-disconnect-n20-1,9,1,disconnect-n20-1,6,True,132.32,133.32,1.0,1.0,1,133,1.52,1.56053,1.0,1.52053,0.52,0.5205299999999999,1.52,1.52,0.0,0.0,0.040529999999999955,0.040529999999999955,0.0005299999999999194,0.0005299999999999194
s09-r1-disconnect-n20-1,9,1,disconnect-n20-1,7,True,146.16,147.16,1.0,1.0,1,147,1.52,1.55535,1.0,1.51535,0.52,0.51535,1.52,1.52,0.0,0.0,0.03534999999999999,0.03534999999999999,-0.004650000000000043,-0.004650000000000043
s09-r1-disconnect-n20-1,9,1,disconnect-n20-1,8,True,169.28,170.28,1.0,1.0,1,170,1.52,1.55935,1.0,1.51935,0.52,0.51935,1.52,1.52,0.0,0.0,0.039349999999999996,0.039349999999999996,-0.0006500000000000394,-0.0006500000000000394
s09-r1-disconnect-n20-1,9,1,disconnect-n20-1,9,True,181.24,182.24,1.0,1.0,1,182,1.52,1.55939,1.0,1.51939,0.52,0.51939,1.52,1.52,0.0,0.0,0.039390000000000036,0.039390000000000036,-0.0006099999999999994,-0.0006099999999999994
s09-r1-disconnect-n20-1,9,1,disconnect-n20-1,10,True,203.52,204.52,1.0,1.0,1,205,1.52,1.56113,1.0,1.5211299999999999,0.52,0.5211299999999999,1.52,1.52,0.0,0.0,0.04112999999999989,0.04112999999999989,0.0011299999999998533,0.0011299999999998533
s09-r1-disconnect-n20-1,9,1,disconnect-n20-1,11,True,222.32,223.32,1.0,1.0,1,223,1.52,1.5602,1.0,1.5202,0.52,0.5202,1.52,1.52,0.0,0.0,0.040200000000000014,0.040200000000000014,0.00019999999999997797,0.00019999999999997797
s09-r1-disconnect-n20-1,9,1,disconnect-n20-1,12,True,235.12,236.12,1.0,1.0,1,236,1.52,1.56047,1.0,1.52047,0.52,0.52047,1.52,1.52,0.0,0.0,0.040470000000000006,0.040470000000000006,0.00046999999999997044,0.00046999999999997044
s09-r1-disconnect-n20-1,9,1,disconnect-n20-1,13,True,256.92,257.92,1.0,1.0,1,258,1.52,1.56013,1.0,1.52013,0.52,0.52013,1.52,1.52,0.0,0.0,0.04013,0.04013,0.00012999999999996348,0.00012999999999996348
s09-r1-disconnect-n20-1,9,1,disconnect-n20-1,14,True,271.84,272.84,1.0,1.0,1,273,1.52,1.55897,1.0,1.51897,0.52,0.5189699999999999,1.52,1.52,0.0,0.0,0.03896999999999995,0.03896999999999995,-0.0010300000000000864,-0.0010300000000000864
s09-r1-disconnect-n20-1,9,1,disconnect-n20-1,15,True,285.4,286.4,1.0,1.0,1,286,1.52,1.55622,1.0,1.51622,0.52,0.5162199999999999,1.52,1.52,0.0,0.0,0.03621999999999992,0.03621999999999992,-0.0037800000000001166,-0.0037800000000001166
s09-r1-disconnect-n20-1,9,1,disconnect-n20-1,16,True,304.6,305.6,1.0,1.0,1,306,1.52,1.55984,1.0,1.5198399999999999,0.52,0.5198399999999999,1.52,1.52,0.0,0.0,0.039839999999999876,0.039839999999999876,-0.00016000000000016001,-0.00016000000000016001
s09-r1-disconnect-n20-1,9,1,disconnect-n20-1,17,True,325.28,326.28,1.0,1.0,1,326,1.52,1.55987,1.0,1.51987,0.52,0.51987,1.52,1.52,0.0,0.0,0.03987000000000007,0.03987000000000007,-0.00012999999999996348,-0.00012999999999996348
s09-r1-disconnect-n20-1,9,1,disconnect-n20-1,18,True,344.04,345.04,1.0,1.0,1,345,1.52,1.56063,1.0,1.52063,0.52,0.5206299999999999,1.52,1.52,0.0,0.0,0.040629999999999944,0.040629999999999944,0.0006299999999999084,0.0006299999999999084
s09-r1-disconnect-n20-1,9,1,disconnect-n20-1,19,True,365.52,366.52,1.0,1.0,1,367,1.52,1.56048,1.0,1.52048,0.52,0.52048,1.52,1.52,0.0,0.0,0.04048000000000007,0.04048000000000007,0.00048000000000003595,0.00048000000000003595
s09-r1-disconnect-n5-1,9,1,disconnect-n5-1,0,True,20.28,21.28,1.0,1.0,1,21,1.52,1.55989,1.0,1.51989,0.52,0.51989,1.52,1.52,0.0,0.0,0.03988999999999998,0.03988999999999998,-0.0001100000000000545,-0.0001100000000000545
s09-r1-disconnect-n5-1,9,1,disconnect-n5-1,1,True,123.96,124.96,1.0,1.0,1,125,1.52,1.55876,1.0,1.5187599999999999,0.52,0.5187599999999999,1.52,1.52,0.0,0.0,0.038759999999999906,0.038759999999999906,-0.0012400000000001299,-0.0012400000000001299
s09-r1-disconnect-n5-1,9,1,disconnect-n5-1,2,True,165.48,166.48,1.0,1.0,1,167,1.52,1.56078,1.0,1.52078,0.52,0.52078,1.52,1.52,0.0,0.0,0.04078000000000004,0.04078000000000004,0.0007800000000000029,0.0007800000000000029
s09-r1-disconnect-n5-1,9,1,disconnect-n5-1,3,True,258.92,259.92,1.0,1.0,1,260,1.52,1.55953,1.0,1.51953,0.52,0.51953,1.52,1.52,0.0,0.0,0.039530000000000065,0.039530000000000065,-0.00046999999999997044,-0.00046999999999997044
s09-r1-disconnect-n5-1,9,1,disconnect-n5-1,4,True,326.76,327.76,1.0,1.0,1,328,1.52,1.56059,1.0,1.5205899999999999,0.52,0.5205899999999999,1.52,1.52,0.0,0.0,0.040589999999999904,0.040589999999999904,0.0005899999999998684,0.0005899999999998684
s09-r2-disconnect-n10-1,9,2,disconnect-n10-1,0,True,34.04,35.04,1.0,1.0,1,35,1.52,1.56052,1.0,1.5205199999999999,0.52,0.5205199999999999,1.52,1.52,0.0,0.0,0.04051999999999989,0.04051999999999989,0.0005199999999998539,0.0005199999999998539
s09-r2-disconnect-n10-1,9,2,disconnect-n10-1,1,True,50.8,51.8,1.0,1.0,1,52,1.52,1.55991,1.0,1.5199099999999999,0.52,0.5199099999999999,1.52,1.52,0.0,0.0,0.03990999999999989,0.03990999999999989,-9.000000000014552e-05,-9.000000000014552e-05
s09-r2-disconnect-n10-1,9,2,disconnect-n10-1,2,True,94.52,95.52,1.0,1.0,1,96,1.52,1.5602,1.0,1.5202,0.52,0.5202,1.52,1.52,0.0,0.0,0.040200000000000014,0.040200000000000014,0.00019999999999997797,0.00019999999999997797
s09-r2-disconnect-n10-1,9,2,disconnect-n10-1,3,True,125.92,126.92,1.0,1.0,1,127,1.52,1.55981,1.0,1.5198099999999999,0.52,0.5198099999999999,1.52,1.52,0.0,0.0,0.0398099999999999,0.0398099999999999,-0.0001900000000001345,-0.0001900000000001345
s09-r2-disconnect-n10-1,9,2,disconnect-n10-1,4,True,159.6,160.6,1.0,1.0,1,161,1.52,1.55997,1.0,1.51997,0.52,0.51997,1.52,1.52,0.0,0.0,0.03997000000000006,0.03997000000000006,-2.999999999997449e-05,-2.999999999997449e-05
s09-r2-disconnect-n10-1,9,2,disconnect-n10-1,5,True,221.36,222.36,1.0,1.0,1,222,1.52,1.55967,1.0,1.5196699999999999,0.52,0.5196699999999999,1.52,1.52,0.0,0.0,0.03966999999999987,0.03966999999999987,-0.0003300000000001635,-0.0003300000000001635
s09-r2-disconnect-n10-1,9,2,disconnect-n10-1,6,True,240.4,241.4,1.0,1.0,1,241,1.52,1.55953,1.0,1.51953,0.52,0.51953,1.52,1.52,0.0,0.0,0.039530000000000065,0.039530000000000065,-0.00046999999999997044,-0.00046999999999997044
s09-r2-disconnect-n10-1,9,2,disconnect-n10-1,7,True,267.56,268.56,1.0,1.0,1,269,1.52,1.56469,1.0,1.5246899999999999,0.52,0.5246899999999999,1.52,1.52,0.0,0.0,0.044689999999999896,0.044689999999999896,0.004689999999999861,0.004689999999999861
s09-r2-disconnect-n10-1,9,2,disconnect-n10-1,8,True,309.24,310.24,1.0,1.0,1,310,1.52,1.56091,1.0,1.52091,0.52,0.52091,1.52,1.52,0.0,0.0,0.04091,0.04091,0.0009099999999999664,0.0009099999999999664
s09-r2-disconnect-n10-1,9,2,disconnect-n10-1,9,True,365.12,366.12,1.0,1.0,1,366,1.52,1.55961,1.0,1.51961,0.52,0.5196099999999999,1.52,1.52,0.0,0.0,0.03960999999999992,0.03960999999999992,-0.0003900000000001125,-0.0003900000000001125
s09-r2-disconnect-n2-1,9,2,disconnect-n2-1,0,True,28.6,29.6,1.0,1.0,1,30,1.52,1.55952,1.0,1.51952,0.52,0.51952,1.52,1.52,0.0,0.0,0.03952,0.03952,-0.00048000000000003595,-0.00048000000000003595
s09-r2-disconnect-n2-1,9,2,disconnect-n2-1,1,True,319.16,320.16,1.0,1.0,1,320,1.52,1.55908,1.0,1.51908,0.52,0.51908,1.52,1.52,0.0,0.0,0.039080000000000004,0.039080000000000004,-0.0009200000000000319,-0.0009200000000000319
s09-r2-disconnect-n20-1,9,2,disconnect-n20-1,0,True,17.04,18.04,1.0,1.0,1,18,1.52,1.55996,1.0,1.51996,0.52,0.51996,1.52,1.52,0.0,0.0,0.039959999999999996,0.039959999999999996,-4.0000000000040004e-05,-4.0000000000040004e-05
s09-r2-disconnect-n20-1,9,2,disconnect-n20-1,1,True,41.72,42.72,1.0,1.0,1,43,1.52,1.56035,1.0,1.5203499999999999,0.52,0.5203499999999999,1.52,1.52,0.0,0.0,0.040349999999999886,0.040349999999999886,0.00034999999999985043,0.00034999999999985043
s09-r2-disconnect-n20-1,9,2,disconnect-n20-1,2,True,51.16,52.16,1.0,1.0,1,52,1.52,1.5602,1.0,1.5202,0.52,0.5202,1.52,1.52,0.0,0.0,0.040200000000000014,0.040200000000000014,0.00019999999999997797,0.00019999999999997797
s09-r2-disconnect-n20-1,9,2,disconnect-n20-1,3,True,71.36,72.36,1.0,1.0,1,72,1.52,1.56076,1.0,1.52076,0.52,0.5207599999999999,1.52,1.52,0.0,0.0,0.04075999999999991,0.04075999999999991,0.0007599999999998719,0.0007599999999998719
s09-r2-disconnect-n20-1,9,2,disconnect-n20-1,4,True,89.28,90.28,1.0,1.0,1,90,1.52,1.56,1.0,1.52,0.52,0.52,1.52,1.52,0.0,0.0,0.040000000000000036,0.040000000000000036,0.0,0.0
s09-r2-disconnect-n20-1,9,2,disconnect-n20-1,5,True,109.08,110.08,1.0,1.0,1,110,1.52,1.56042,1.0,1.5204199999999999,0.52,0.5204199999999999,1.52,1.52,0.0,0.0,0.0404199999999999,0.0404199999999999,0.0004199999999998649,0.0004199999999998649
s09-r2-disconnect-n20-1,9,2,disconnect-n20-1,6,True,126.4,127.4,1.0,1.0,1,127,1.52,1.56001,1.0,1.5200099999999999,0.52,0.5200099999999999,1.52,1.52,0.0,0.0,0.04000999999999988,0.04000999999999988,9.999999999843467e-06,9.999999999843467e-06
s09-r2-disconnect-n20-1,9,2,disconnect-n20-1,7,True,149.84,150.84,1.0,1.0,1,151,1.52,1.55945,1.0,1.51945,0.52,0.51945,1.52,1.52,0.0,0.0,0.039449999999999985,0.039449999999999985,-0.0005500000000000504,-0.0005500000000000504
s09-r2-disconnect-n20-1,9,2,disconnect-n20-1,8,True,168.88,169.88,1.0,1.0,1,170,1.52,1.55963,1.0,1.51963,0.52,0.51963,1.52,1.52,0.0,0.0,0.039630000000000054,0.039630000000000054,-0.00036999999999998145,-0.00036999999999998145
s09-r2-disconnect-n20-1,9,2,disconnect-n20-1,9,True,176.04,177.04,1.0,1.0,1,177,1.52,1.56118,1.0,1.52118,0.52,0.52118,1.52,1.52,0.0,0.0,0.041179999999999994,0.041179999999999994,0.0011799999999999589,0.0011799999999999589
s09-r2-disconnect-n20-1,9,2,disconnect-n20-1,10,True,202.48,203.48,1.0,1.0,1,204,1.52,1.55979,1.0,1.51979,0.52,0.51979,1.52,1.52,0.0,0.0,0.03978999999999999,0.03978999999999999,-0.00021000000000004349,-0.00021000000000004349
s09-r2-disconnect-n20-1,9,2,disconnect-n20-1,11,True,212.28,213.28,1.0,1.0,1,213,1.52,1.55938,1.0,1.51938,0.52,0.51938,1.52,1.52,0.0,0.0,0.03937999999999997,0.03937999999999997,-0.0006200000000000649,-0.0006200000000000649
s09-r2-disconnect-n20-1,9,2,disconnect-n20-1,12,True,239.28,240.28,1.0,1.0,1,240,1.52,1.55964,1.0,1.5196399999999999,0.52,0.5196399999999999,1.52,1.52,0.0,0.0,0.0396399999999999,0.0396399999999999,-0.000360000000000138,-0.000360000000000138
s09-r2-disconnect-n20-1,9,2,disconnect-n20-1,13,True,252.08,253.08,1.0,1.0,1,253,1.52,1.56006,1.0,1.52006,0.52,0.52006,1.52,1.52,0.0,0.0,0.040059999999999985,0.040059999999999985,5.999999999994898e-05,5.999999999994898e-05
s09-r2-disconnect-n20-1,9,2,disconnect-n20-1,14,True,269.76,270.76,1.0,1.0,1,271,1.52,1.56009,1.0,1.52009,0.52,0.5200899999999999,1.52,1.52,0.0,0.0,0.04008999999999996,0.04008999999999996,8.999999999992347e-05,8.999999999992347e-05
s09-r2-disconnect-n20-1,9,2,disconnect-n20-1,15,True,291.28,292.28,1.0,1.0,1,292,1.52,1.56092,1.0,1.52092,0.52,0.52092,1.52,1.52,0.0,0.0,0.04092000000000007,0.04092000000000007,0.0009200000000000319,0.0009200000000000319
s09-r2-disconnect-n20-1,9,2,disconnect-n20-1,16,True,309.4,310.4,1.0,1.0,1,310,1.52,1.55963,1.0,1.51963,0.52,0.51963,1.52,1.52,0.0,0.0,0.039630000000000054,0.039630000000000054,-0.00036999999999998145,-0.00036999999999998145
s09-r2-disconnect-n20-1,9,2,disconnect-n20-1,17,True,329.48,330.48,1.0,1.0,1,331,1.52,1.56003,1.0,1.52003,0.52,0.52003,1.52,1.52,0.0,0.0,0.04003000000000001,0.04003000000000001,2.999999999997449e-05,2.999999999997449e-05
s09-r2-disconnect-n20-1,9,2,disconnect-n20-1,18,True,337.28,338.28,1.0,1.0,1,338,1.52,1.55997,1.0,1.51997,0.52,0.51997,1.52,1.52,0.0,0.0,0.03997000000000006,0.03997000000000006,-2.999999999997449e-05,-2.999999999997449e-05
s09-r2-disconnect-n20-1,9,2,disconnect-n20-1,19,True,356.96,357.96,1.0,1.0,1,358,1.52,1.55985,1.0,1.51985,0.52,0.5198499999999999,1.52,1.52,0.0,0.0,0.03984999999999994,0.03984999999999994,-0.0001500000000000945,-0.0001500000000000945
s09-r2-disconnect-n5-1,9,2,disconnect-n5-1,0,True,58.32,59.32,1.0,1.0,1,59,1.52,1.56037,1.0,1.52037,0.52,0.52037,1.52,1.52,0.0,0.0,0.04037000000000002,0.04037000000000002,0.00036999999999998145,0.00036999999999998145
s09-r2-disconnect-n5-1,9,2,disconnect-n5-1,1,True,143.6,144.6,1.0,1.0,1,145,1.52,1.56074,1.0,1.52074,0.52,0.52074,1.52,1.52,0.0,0.0,0.04074,0.04074,0.0007399999999999629,0.0007399999999999629
s09-r2-disconnect-n5-1,9,2,disconnect-n5-1,2,True,175.84,176.84,1.0,1.0,1,177,1.52,1.56084,1.0,1.52084,0.52,0.52084,1.52,1.52,0.0,0.0,0.04083999999999999,0.04083999999999999,0.0008399999999999519,0.0008399999999999519
s09-r2-disconnect-n5-1,9,2,disconnect-n5-1,3,True,248.88,249.88,1.0,1.0,1,250,1.52,1.55896,1.0,1.5189599999999999,0.52,0.5189599999999999,1.52,1.52,0.0,0.0,0.038959999999999884,0.038959999999999884,-0.001040000000000152,-0.001040000000000152
s09-r2-disconnect-n5-1,9,2,disconnect-n5-1,4,True,329.2,330.2,1.0,1.0,1,330,1.52,1.56021,1.0,1.52021,0.52,0.5202100000000001,1.52,1.52,0.0,0.0,0.04021000000000008,0.04021000000000008,0.00021000000000004349,0.00021000000000004349
s09-r3-disconnect-n10-1,9,3,disconnect-n10-1,0,True,42.68,43.68,1.0,1.0,1,44,1.52,1.56039,1.0,1.52039,0.52,0.5203899999999999,1.52,1.52,0.0,0.0,0.040389999999999926,0.040389999999999926,0.00038999999999989043,0.00038999999999989043
s09-r3-disconnect-n10-1,9,3,disconnect-n10-1,1,True,57.36,58.36,1.0,1.0,1,58,1.52,1.55956,1.0,1.51956,0.52,0.51956,1.52,1.52,0.0,0.0,0.03956000000000004,0.03956000000000004,-0.00043999999999999595,-0.00043999999999999595
s09-r3-disconnect-n10-1,9,3,disconnect-n10-1,2,True,107.08,108.08,1.0,1.0,1,108,1.52,1.55999,1.0,1.51999,0.52,0.51999,1.52,1.52,0.0,0.0,0.03998999999999997,0.03998999999999997,-1.0000000000065512e-05,-1.0000000000065512e-05
s09-r3-disconnect-n10-1,9,3,disconnect-n10-1,3,True,140.52,141.52,1.0,1.0,1,142,1.52,1.5597,1.0,1.5197,0.52,0.5197,1.52,1.52,0.0,0.0,0.03970000000000007,0.03970000000000007,-0.00029999999999996696,-0.00029999999999996696
s09-r3-disconnect-n10-1,9,3,disconnect-n10-1,4,True,177.44,178.44,1.0,1.0,1,178,1.52,1.56082,1.0,1.52082,0.52,0.5208200000000001,1.52,1.52,0.0,0.0,0.04082000000000008,0.04082000000000008,0.0008200000000000429,0.0008200000000000429
s09-r3-disconnect-n10-1,9,3,disconnect-n10-1,5,True,203.12,204.12,1.0,1.0,1,204,1.52,1.55956,1.0,1.51956,0.52,0.51956,1.52,1.52,0.0,0.0,0.03956000000000004,0.03956000000000004,-0.00043999999999999595,-0.00043999999999999595
s09-r3-disconnect-n10-1,9,3,disconnect-n10-1,6,True,250.36,251.36,1.0,1.0,1,251,1.52,1.55966,1.0,1.51966,0.52,0.51966,1.52,1.52,0.0,0.0,0.03966000000000003,0.03966000000000003,-0.00034000000000000696,-0.00034000000000000696
s09-r3-disconnect-n10-1,9,3,disconnect-n10-1,7,True,266.72,267.72,1.0,1.0,1,268,1.52,1.5592,1.0,1.5191999999999999,0.52,0.5191999999999999,1.52,1.52,0.0,0.0,0.0391999999999999,0.0391999999999999,-0.0008000000000001339,-0.0008000000000001339
s09-r3-disconnect-n10-1,9,3,disconnect-n10-1,8,True,323.52,324.52,1.0,1.0,1,325,1.52,1.55913,1.0,1.5191299999999999,0.52,0.5191299999999999,1.52,1.52,0.0,0.0,0.03912999999999989,0.03912999999999989,-0.0008700000000001484,-0.0008700000000001484
s09-r3-disconnect-n10-1,9,3,disconnect-n10-1,9,True,351.84,352.84,1.0,1.0,1,353,1.52,1.55938,1.0,1.51938,0.52,0.51938,1.52,1.52,0.0,0.0,0.03937999999999997,0.03937999999999997,-0.0006200000000000649,-0.0006200000000000649
s09-r3-disconnect-n2-1,9,3,disconnect-n2-1,0,True,33.44,34.44,1.0,1.0,1,34,1.52,1.5599,1.0,1.5199,0.52,0.5199,1.52,1.52,0.0,0.0,0.03990000000000005,0.03990000000000005,-9.999999999998899e-05,-9.999999999998899e-05
s09-r3-disconnect-n2-1,9,3,disconnect-n2-1,1,True,333.48,334.48,1.0,1.0,1,335,1.52,1.56143,1.0,1.52143,0.52,0.5214300000000001,1.52,1.52,0.0,0.0,0.04143000000000008,0.04143000000000008,0.0014300000000000423,0.0014300000000000423
s09-r3-disconnect-n20-1,9,3,disconnect-n20-1,0,True,25.76,26.76,1.0,1.0,1,27,1.52,1.56354,1.0,1.52354,0.52,0.5235399999999999,1.52,1.52,0.0,0.0,0.04353999999999991,0.04353999999999991,0.0035399999999998766,0.0035399999999998766
s09-r3-disconnect-n20-1,9,3,disconnect-n20-1,1,True,43.76,44.76,1.0,1.0,1,45,1.52,1.55894,1.0,1.51894,0.52,0.51894,1.52,1.52,0.0,0.0,0.038939999999999975,0.038939999999999975,-0.001060000000000061,-0.001060000000000061
s09-r3-disconnect-n20-1,9,3,disconnect-n20-1,2,True,57.0,58.0,1.0,1.0,1,58,1.52,1.56089,1.0,1.52089,0.52,0.5208900000000001,1.52,1.52,0.0,0.0,0.04089000000000009,0.04089000000000009,0.0008900000000000574,0.0008900000000000574
s09-r3-disconnect-n20-1,9,3,disconnect-n20-1,3,True,75.6,76.6,1.0,1.0,1,77,1.52,1.56067,1.0,1.52067,0.52,0.52067,1.52,1.52,0.0,0.0,0.040669999999999984,0.040669999999999984,0.0006699999999999484,0.0006699999999999484
s09-r3-disconnect-n20-1,9,3,disconnect-n20-1,4,True,91.72,92.72,1.0,1.0,1,93,1.52,1.56022,1.0,1.52022,0.52,0.5202199999999999,1.52,1.52,0.0,0.0,0.04021999999999992,0.04021999999999992,0.00021999999999988695,0.00021999999999988695
s09-r3-disconnect-n20-1,9,3,disconnect-n20-1,5,True,106.64,107.64,1.0,1.0,1,108,1.52,1.56024,1.0,1.52024,0.52,0.52024,1.52,1.52,0.0,0.0,0.040240000000000054,0.040240000000000054,0.00024000000000001798,0.00024000000000001798
s09-r3-disconnect-n20-1,9,3,disconnect-n20-1,6,True,132.36,133.36,1.0,1.0,1,133,1.52,1.56054,1.0,1.52054,0.52,0.52054,1.52,1.52,0.0,0.0,0.04054000000000002,0.04054000000000002,0.0005399999999999849,0.0005399999999999849
s09-r3-disconnect-n20-1,9,3,disconnect-n20-1,7,True,143.08,144.08,1.0,1.0,1,144,1.52,1.56006,1.0,1.52006,0.52,0.52006,1.52,1.52,0.0,0.0,0.040059999999999985,0.040059999999999985,5.999999999994898e-05,5.999999999994898e-05
s09-r3-disconnect-n20-1,9,3,disconnect-n20-1,8,True,165.72,166.72,1.0,1.0,1,167,1.52,1.56029,1.0,1.52029,0.52,0.5202899999999999,1.52,1.52,0.0,0.0,0.04028999999999994,0.04028999999999994,0.00028999999999990145,0.00028999999999990145
s09-r3-disconnect-n20-1,9,3,disconnect-n20-1,9,True,186.88,187.88,1.0,1.0,1,188,1.52,1.55958,1.0,1.51958,0.52,0.5195799999999999,1.52,1.52,0.0,0.0,0.03957999999999995,0.03957999999999995,-0.00042000000000008697,-0.00042000000000008697
s09-r3-disconnect-n20-1,9,3,disconnect-n20-1,10,True,204.84,205.84,1.0,1.0,1,206,1.52,1.56039,1.0,1.52039,0.52,0.5203899999999999,1.52,1.52,0.0,0.0,0.040389999999999926,0.040389999999999926,0.00038999999999989043,0.00038999999999989043
s09-r3-disconnect-n20-1,9,3,disconnect-n20-1,11,True,217.4,218.4,1.0,1.0,1,218,1.52,1.55999,1.0,1.51999,0.52,0.51999,1.52,1.52,0.0,0.0,0.03998999999999997,0.03998999999999997,-1.0000000000065512e-05,-1.0000000000065512e-05
s09-r3-disconnect-n20-1,9,3,disconnect-n20-1,12,True,236.76,237.76,1.0,1.0,1,238,1.52,1.55939,1.0,1.51939,0.52,0.51939,1.52,1.52,0.0,0.0,0.039390000000000036,0.039390000000000036,-0.0006099999999999994,-0.0006099999999999994
s09-r3-disconnect-n20-1,9,3,disconnect-n20-1,13,True,258.8,259.8,1.0,1.0,1,260,1.52,1.55981,1.0,1.5198099999999999,0.52,0.5198099999999999,1.52,1.52,0.0,0.0,0.0398099999999999,0.0398099999999999,-0.0001900000000001345,-0.0001900000000001345
s09-r3-disconnect-n20-1,9,3,disconnect-n20-1,14,True,271.56,272.56,1.0,1.0,1,273,1.52,1.55948,1.0,1.51948,0.52,0.5194799999999999,1.52,1.52,0.0,0.0,0.03947999999999996,0.03947999999999996,-0.000520000000000076,-0.000520000000000076
s09-r3-disconnect-n20-1,9,3,disconnect-n20-1,15,True,291.8,292.8,1.0,1.0,1,293,1.52,1.56076,1.0,1.52076,0.52,0.5207599999999999,1.52,1.52,0.0,0.0,0.04075999999999991,0.04075999999999991,0.0007599999999998719,0.0007599999999998719
s09-r3-disconnect-n20-1,9,3,disconnect-n20-1,16,True,309.08,310.08,1.0,1.0,1,310,1.52,1.55907,1.0,1.51907,0.52,0.5190699999999999,1.52,1.52,0.0,0.0,0.03906999999999994,0.03906999999999994,-0.0009300000000000974,-0.0009300000000000974
s09-r3-disconnect-n20-1,9,3,disconnect-n20-1,17,True,321.32,322.32,1.0,1.0,1,322,1.52,1.55975,1.0,1.51975,0.52,0.5197499999999999,1.52,1.52,0.0,0.0,0.03974999999999995,0.03974999999999995,-0.0002500000000000835,-0.0002500000000000835
s09-r3-disconnect-n20-1,9,3,disconnect-n20-1,18,True,343.12,344.12,1.0,1.0,1,344,1.52,1.55525,1.0,1.51525,0.52,0.51525,1.52,1.52,0.0,0.0,0.035250000000000004,0.035250000000000004,-0.004750000000000032,-0.004750000000000032
s09-r3-disconnect-n20-1,9,3,disconnect-n20-1,19,True,359.56,360.56,1.0,1.0,1,361,1.52,1.55905,1.0,1.51905,0.52,0.51905,1.52,1.52,0.0,0.0,0.03905000000000003,0.03905000000000003,-0.0009500000000000064,-0.0009500000000000064
s09-r3-disconnect-n5-1,9,3,disconnect-n5-1,0,True,27.2,28.2,1.0,1.0,1,28,1.52,1.556,1.0,1.516,0.52,0.516,1.52,1.52,0.0,0.0,0.03600000000000003,0.03600000000000003,-0.0040000000000000036,-0.0040000000000000036
s09-r3-disconnect-n5-1,9,3,disconnect-n5-1,1,True,113.0,114.0,1.0,1.0,1,114,1.52,1.5599,1.0,1.5199,0.52,0.5199,1.52,1.52,0.0,0.0,0.03990000000000005,0.03990000000000005,-9.999999999998899e-05,-9.999999999998899e-05
s09-r3-disconnect-n5-1,9,3,disconnect-n5-1,2,True,177.16,178.16,1.0,1.0,1,178,1.52,1.55932,1.0,1.51932,0.52,0.51932,1.52,1.52,0.0,0.0,0.03932000000000002,0.03932000000000002,-0.0006800000000000139,-0.0006800000000000139
s09-r3-disconnect-n5-1,9,3,disconnect-n5-1,3,True,254.16,255.16,1.0,1.0,1,255,1.52,1.56032,1.0,1.52032,0.52,0.5203199999999999,1.52,1.52,0.0,0.0,0.04031999999999991,0.04031999999999991,0.00031999999999987594,0.00031999999999987594
s09-r3-disconnect-n5-1,9,3,disconnect-n5-1,4,True,364.88,365.88,1.0,1.0,1,366,1.52,1.55912,1.0,1.51912,0.52,0.51912,1.52,1.52,0.0,0.0,0.039120000000000044,0.039120000000000044,-0.0008799999999999919,-0.0008799999999999919
s09-r4-disconnect-n10-1,9,4,disconnect-n10-1,0,True,43.6,44.6,1.0,1.0,1,45,1.52,1.56034,1.0,1.52034,0.52,0.52034,1.52,1.52,0.0,0.0,0.04034000000000004,0.04034000000000004,0.00034000000000000696,0.00034000000000000696
s09-r4-disconnect-n10-1,9,4,disconnect-n10-1,1,True,72.72,73.72,1.0,1.0,1,74,1.52,1.55957,1.0,1.5195699999999999,0.52,0.5195699999999999,1.52,1.52,0.0,0.0,0.03956999999999988,0.03956999999999988,-0.0004300000000001525,-0.0004300000000001525
s09-r4-disconnect-n10-1,9,4,disconnect-n10-1,2,True,98.16,99.16,1.0,1.0,1,99,1.52,1.55506,1.0,1.51506,0.52,0.5150600000000001,1.52,1.52,0.0,0.0,0.03506000000000009,0.03506000000000009,-0.0049399999999999444,-0.0049399999999999444
s09-r4-disconnect-n10-1,9,4,disconnect-n10-1,3,True,124.04,125.04,1.0,1.0,1,125,1.52,1.55533,1.0,1.51533,0.52,0.5153300000000001,1.52,1.52,0.0,0.0,0.035330000000000084,0.035330000000000084,-0.004669999999999952,-0.004669999999999952
s09-r4-disconnect-n10-1,9,4,disconnect-n10-1,4,True,170.52,171.52,1.0,1.0,1,172,1.52,1.56118,1.0,1.52118,0.52,0.52118,1.52,1.52,0.0,0.0,0.041179999999999994,0.041179999999999994,0.0011799999999999589,0.0011799999999999589
s09-r4-disconnect-n10-1,9,4,disconnect-n10-1,5,True,221.12,222.12,1.0,1.0,1,222,1.52,1.56069,1.0,1.5206899999999999,0.52,0.5206899999999999,1.52,1.52,0.0,0.0,0.04068999999999989,0.04068999999999989,0.0006899999999998574,0.0006899999999998574
s09-r4-disconnect-n10-1,9,4,disconnect-n10-1,6,True,244.36,245.36,1.0,1.0,1,245,1.52,1.5606,1.0,1.5206,0.52,0.5206,1.52,1.52,0.0,0.0,0.04059999999999997,0.04059999999999997,0.0005999999999999339,0.0005999999999999339
s09-r4-disconnect-n10-1,9,4,disconnect-n10-1,7,True,273.48,274.48,1.0,1.0,1,275,1.52,1.56044,1.0,1.52044,0.52,0.52044,1.52,1.52,0.0,0.0,0.04044000000000003,0.04044000000000003,0.00043999999999999595,0.00043999999999999595
s09-r4-disconnect-n10-1,9,4,disconnect-n10-1,8,True,318.28,319.28,1.0,1.0,1,319,1.52,1.56148,1.0,1.52148,0.52,0.5214799999999999,1.52,1.52,0.0,0.0,0.04147999999999996,0.04147999999999996,0.0014799999999999258,0.0014799999999999258
s09-r4-disconnect-n10-1,9,4,disconnect-n10-1,9,True,349.64,350.64,1.0,1.0,1,351,1.52,1.5609,1.0,1.5209,0.52,0.5208999999999999,1.52,1.52,0.0,0.0,0.040899999999999936,0.040899999999999936,0.0008999999999999009,0.0008999999999999009
s09-r4-disconnect-n2-1,9,4,disconnect-n2-1,0,True,60.6,61.6,1.0,1.0,1,62,1.52,1.56091,1.0,1.52091,0.52,0.52091,1.52,1.52,0.0,0.0,0.04091,0.04091,0.0009099999999999664,0.0009099999999999664
s09-r4-disconnect-n2-1,9,4,disconnect-n2-1,1,True,254.24,255.24,1.0,1.0,1,255,1.52,1.561,1.0,1.521,0.52,0.5209999999999999,1.52,1.52,0.0,0.0,0.040999999999999925,0.040999999999999925,0.0009999999999998899,0.0009999999999998899
s09-r4-disconnect-n20-1,9,4,disconnect-n20-1,0,True,21.68,22.68,1.0,1.0,1,23,1.52,1.56,1.0,1.52,0.52,0.52,1.52,1.52,0.0,0.0,0.040000000000000036,0.040000000000000036,0.0,0.0
s09-r4-disconnect-n20-1,9,4,disconnect-n20-1,1,True,43.56,44.56,1.0,1.0,1,45,1.52,1.56031,1.0,1.52031,0.52,0.52031,1.52,1.52,0.0,0.0,0.04031000000000007,0.04031000000000007,0.00031000000000003247,0.00031000000000003247
s09-r4-disconnect-n20-1,9,4,disconnect-n20-1,2,True,55.28,56.28,1.0,1.0,1,56,1.52,1.55514,1.0,1.51514,0.52,0.5151399999999999,1.52,1.52,0.0,0.0,0.03513999999999995,0.03513999999999995,-0.0048600000000000865,-0.0048600000000000865
s09-r4-disconnect-n20-1,9,4,disconnect-n20-1,3,True,71.12,72.12,1.0,1.0,1,72,1.52,1.56005,1.0,1.52005,0.52,0.5200499999999999,1.52,1.52,0.0,0.0,0.04004999999999992,0.04004999999999992,4.999999999988347e-05,4.999999999988347e-05
s09-r4-disconnect-n20-1,9,4,disconnect-n20-1,4,True,94.04,95.04,1.0,1.0,1,95,1.52,1.56048,1.0,1.52048,0.52,0.52048,1.52,1.52,0.0,0.0,0.04048000000000007,0.04048000000000007,0.00048000000000003595,0.00048000000000003595
s09-r4-disconnect-n20-1,9,4,disconnect-n20-1,5,True,112.8,113.8,1.0,1.0,1,114,1.52,1.56021,1.0,1.52021,0.52,0.5202100000000001,1.52,1.52,0.0,0.0,0.04021000000000008,0.04021000000000008,0.00021000000000004349,0.00021000000000004349
s09-r4-disconnect-n20-1,9,4,disconnect-n20-1,6,True,132.92,133.92,1.0,1.0,1,134,1.52,1.55965,1.0,1.51965,0.52,0.51965,1.52,1.52,0.0,0.0,0.03964999999999996,0.03964999999999996,-0.0003500000000000725,-0.0003500000000000725
s09-r4-disconnect-n20-1,9,4,disconnect-n20-1,7,True,145.72,146.72,1.0,1.0,1,147,1.52,1.56013,1.0,1.52013,0.52,0.52013,1.52,1.52,0.0,0.0,0.04013,0.04013,0.00012999999999996348,0.00012999999999996348
s09-r4-disconnect-n20-1,9,4,disconnect-n20-1,8,True,159.76,160.76,1.0,1.0,1,161,1.52,1.56016,1.0,1.52016,0.52,0.52016,1.52,1.52,0.0,0.0,0.040159999999999973,0.040159999999999973,0.00015999999999993797,0.00015999999999993797
s09-r4-disconnect-n20-1,9,4,disconnect-n20-1,9,True,183.96,184.96,1.0,1.0,1,185,1.52,1.55944,1.0,1.51944,0.52,0.5194399999999999,1.52,1.52,0.0,0.0,0.03943999999999992,0.03943999999999992,-0.000560000000000116,-0.000560000000000116
s09-r4-disconnect-n20-1,9,4,disconnect-n20-1,10,True,202.68,203.68,1.0,1.0,1,204,1.52,1.56002,1.0,1.52002,0.52,0.5200199999999999,1.52,1.52,0.0,0.0,0.040019999999999945,0.040019999999999945,1.999999999990898e-05,1.999999999990898e-05
s09-r4-disconnect-n20-1,9,4,disconnect-n20-1,11,True,212.96,213.96,1.0,1.0,1,214,1.52,1.55616,1.0,1.51616,0.52,0.51616,1.52,1.52,0.0,0.0,0.03615999999999997,0.03615999999999997,-0.0038400000000000656,-0.0038400000000000656
s09-r4-disconnect-n20-1,9,4,disconnect-n20-1,12,True,235.96,236.96,1.0,1.0,1,237,1.52,1.55974,1.0,1.5197399999999999,0.52,0.5197399999999999,1.52,1.52,0.0,0.0,0.039739999999999887,0.039739999999999887,-0.000260000000000149,-0.000260000000000149
s09-r4-disconnect-n20-1,9,4,disconnect-n20-1,13,True,249.6,250.6,1.0,1.0,1,251,1.52,1.55955,1.0,1.51955,0.52,0.51955,1.52,1.52,0.0,0.0,0.039549999999999974,0.039549999999999974,-0.00045000000000006146,-0.00045000000000006146
s09-r4-disconnect-n20-1,9,4,disconnect-n20-1,14,True,267.44,268.44,1.0,1.0,1,268,1.52,1.55976,1.0,1.51976,0.52,0.51976,1.52,1.52,0.0,0.0,0.03976000000000002,0.03976000000000002,-0.00024000000000001798,-0.00024000000000001798
s09-r4-disconnect-n20-1,9,4,disconnect-n20-1,15,True,287.36,288.36,1.0,1.0,1,288,1.52,1.56091,1.0,1.52091,0.52,0.52091,1.52,1.52,0.0,0.0,0.04091,0.04091,0.0009099999999999664,0.0009099999999999664
s09-r4-disconnect-n20-1,9,4,disconnect-n20-1,16,True,310.24,311.24,1.0,1.0,1,311,1.52,1.56066,1.0,1.52066,0.52,0.5206599999999999,1.52,1.52,0.0,0.0,0.04065999999999992,0.04065999999999992,0.0006599999999998829,0.0006599999999998829
s09-r4-disconnect-n20-1,9,4,disconnect-n20-1,17,True,328.8,329.8,1.0,1.0,1,330,1.52,1.56414,1.0,1.52414,0.52,0.52414,1.52,1.52,0.0,0.0,0.04414000000000007,0.04414000000000007,0.0041400000000000325,0.0041400000000000325
s09-r4-disconnect-n20-1,9,4,disconnect-n20-1,18,True,337.44,338.44,1.0,1.0,1,338,1.52,1.55534,1.0,1.51534,0.52,0.5153399999999999,1.52,1.52,0.0,0.0,0.03533999999999993,0.03533999999999993,-0.0046600000000001085,-0.0046600000000001085
s09-r4-disconnect-n20-1,9,4,disconnect-n20-1,19,True,364.0,365.0,1.0,1.0,1,365,1.52,1.56016,1.0,1.52016,0.52,0.52016,1.52,1.52,0.0,0.0,0.040159999999999973,0.040159999999999973,0.00015999999999993797,0.00015999999999993797
s09-r4-disconnect-n5-1,9,4,disconnect-n5-1,0,True,36.08,37.08,1.0,1.0,1,37,1.52,1.55929,1.0,1.51929,0.52,0.51929,1.52,1.52,0.0,0.0,0.03929000000000005,0.03929000000000005,-0.0007099999999999884,-0.0007099999999999884
s09-r4-disconnect-n5-1,9,4,disconnect-n5-1,1,True,135.52,136.52,1.0,1.0,1,137,1.52,1.55924,1.0,1.51924,0.52,0.5192399999999999,1.52,1.52,0.0,0.0,0.03923999999999994,0.03923999999999994,-0.0007600000000000939,-0.0007600000000000939
s09-r4-disconnect-n5-1,9,4,disconnect-n5-1,2,True,214.92,215.92,1.0,1.0,1,216,1.52,1.56061,1.0,1.52061,0.52,0.52061,1.52,1.52,0.0,0.0,0.040610000000000035,0.040610000000000035,0.0006099999999999994,0.0006099999999999994
s09-r4-disconnect-n5-1,9,4,disconnect-n5-1,3,True,238.48,239.48,1.0,1.0,1,240,1.52,1.56473,1.0,1.52473,0.52,0.5247299999999999,1.52,1.52,0.0,0.0,0.044729999999999936,0.044729999999999936,0.004729999999999901,0.004729999999999901
s09-r4-disconnect-n5-1,9,4,disconnect-n5-1,4,True,314.76,315.76,1.0,1.0,1,316,1.52,1.56069,1.0,1.5206899999999999,0.52,0.5206899999999999,1.52,1.52,0.0,0.0,0.04068999999999989,0.04068999999999989,0.0006899999999998574,0.0006899999999998574
