exec_id,subject,run,label_cond,kind,severity,i,onset,y,n_samples,valid_online,iv_overlap,iv_inside,n_intervals,pred_csp,valid_csp,ref_pred_csp,ref_valid_csp,pred_net,valid_net,ref_pred_net,ref_valid_net,touched,ok_csp,ref_ok_csp,chg_csp,ok_net,ref_ok_net,chg_net,familia,tocado
s01-r0-hold_trial-0.1,1,0,hold_trial-0.1,hold_trial,0.1,0,1.0,1,1000,1,100.0,1.0,48.0,1,1,1,1,1,1,1,1,False,1,1,0,1,1,0,hold,True
s01-r0-hold_trial-0.1,1,0,hold_trial-0.1,hold_trial,0.1,1,9.011999999999944,2,1000,1,100.0,1.0,48.0,2,1,2,1,2,1,2,1,False,1,1,0,1,1,0,hold,True
s01-r0-hold_trial-0.1,1,0,hold_trial-0.1,hold_trial,0.1,2,16.68399999999997,2,1000,1,100.0,1.0,48.0,1,1,1,1,1,1,1,1,False,0,0,0,0,0,0,hold,True
s01-r0-hold_trial-0.1,1,0,hold_trial-0.1,hold_trial,0.1,3,24.49199999999996,1,1000,1,100.0,1.0,48.0,1,1,1,1,1,1,1,1,False,1,1,0,1,1,0,hold,True
s01-r0-hold_trial-0.1,1,0,hold_trial-0.1,hold_trial,0.1,4,32.52399999999989,2,1000,1,100.0,1.0,48.0,1,1,1,1,1,1,1,1,False,0,0,0,0,0,0,hold,True
s01-r0-hold_trial-0.1,1,0,hold_trial-0.1,hold_trial,0.1,5,40.96800000000008,1,1000,1,100.0,1.0,48.0,1,1,1,1,1,1,1,1,False,1,1,0,1,1,0,hold,True
s01-r0-hold_trial-0.1,1,0,hold_trial-0.1,hold_trial,0.1,6,48.63599999999997,2,1000,1,100.0,1.0,48.0,2,1,2,1,2,1,2,1,False,1,1,0,1,1,0,hold,True
s01-r0-hold_trial-0.1,1,0,hold_trial-0.1,hold_trial,0.1,7,64.55999999999995,2,1000,1,100.0,1.0,48.0,2,1,2,1,2,1,2,1,False,1,1,0,1,1,0,hold,True
s01-r0-hold_trial-0.1,1,0,hold_trial-0.1,hold_trial,0.1,8,80.17599999999993,1,1000,1,100.0,1.0,48.0,1,1,1,1,1,1,1,1,False,1,1,0,1,1,0,hold,True
s01-r0-hold_trial-0.1,1,0,hold_trial-0.1,hold_trial,0.1,9,95.644,2,1000,1,100.0,1.0,48.0,2,1,2,1,2,1,2,1,False,1,1,0,1,1,0,hold,True
s01-r0-hold_trial-0.1,1,0,hold_trial-0.1,hold_trial,0.1,10,103.42000000000009,1,1000,1,100.0,1.0,48.0,1,1,1,1,1,1,1,1,False,1,1,0,1,1,0,hold,True
s01-r0-hold_trial-0.1,1,0,hold_trial-0.1,hold_trial,0.1,11,152.47199999999998,1,1000,1,100.0,1.0,48.0,1,1,1,1,1,1,1,1,False,1,1,0,1,1,0,hold,True
s01-r0-hold_trial-0.1,1,0,hold_trial-0.1,hold_trial,0.1,12,169.07200000000012,2,1000,1,100.0,1.0,48.0,2,1,2,1,2,1,2,1,False,1,1,0,1,1,0,hold,True
s01-r0-hold_trial-0.1,1,0,hold_trial-0.1,hold_trial,0.1,13,176.72000000000003,1,1000,1,100.0,1.0,48.0,1,1,1,1,1,1,1,1,False,1,1,0,1,1,0,hold,True
s01-r0-hold_trial-0.1,1,0,hold_trial-0.1,hold_trial,0.1,14,184.84400000000005,1,1000,1,100.0,1.0,48.0,1,1,1,1,1,1,1,1,False,1,1,0,1,1,0,hold,True
s01-r0-hold_trial-0.1,1,0,hold_trial-0.1,hold_trial,0.1,15,208.91599999999997,1,1000,1,100.0,1.0,48.0,1,1,1,1,1,1,1,1,False,1,1,0,1,1,0,hold,True
s01-r0-hold_trial-0.1,1,0,hold_trial-0.1,hold_trial,0.1,16,241.2199999999998,1,1000,1,100.0,1.0,48.0,1,1,1,1,1,1,1,1,False,1,1,0,1,1,0,hold,True
s01-r0-hold_trial-0.1,1,0,hold_trial-0.1,hold_trial,0.1,17,249.6480000000001,2,1000,1,100.0,1.0,48.0,2,1,2,1,2,1,2,1,False,1,1,0,1,1,0,hold,True
s01-r0-hold_trial-0.1,1,0,hold_trial-0.1,hold_trial,0.1,18,258.0160000000001,1,1000,1,100.0,1.0,48.0,1,1,1,1,1,1,1,1,False,1,1,0,1,1,0,hold,True
s01-r0-hold_trial-0.1,1,0,hold_trial-0.1,hold_trial,0.1,19,266.3800000000001,2,1000,1,100.0,1.0,48.0,2,1,2,1,2,1,2,1,False,1,1,0,1,1,0,hold,True
s01-r0-hold_trial-0.1,1,0,hold_trial-0.1,hold_trial,0.1,20,274.55200000000013,2,1000,1,100.0,1.0,48.0,2,1,2,1,1,1,1,1,False,1,1,0,0,0,0,hold,True
s01-r0-hold_trial-0.1,1,0,hold_trial-0.1,hold_trial,0.1,21,282.808,1,1000,1,100.0,1.0,48.0,1,1,1,1,1,1,1,1,False,1,1,0,1,1,0,hold,True
s01-r0-hold_trial-0.1,1,0,hold_trial-0.1,hold_trial,0.1,22,290.8879999999999,2,1000,1,100.0,1.0,48.0,2,1,2,1,2,1,2,1,False,1,1,0,1,1,0,hold,True
s01-r0-hold_trial-0.1,1,0,hold_trial-0.1,hold_trial,0.1,23,306.62800000000016,2,1000,1,100.0,1.0,48.0,1,1,1,1,2,1,2,1,False,0,0,0,1,1,0,hold,True
s01-r0-hold_trial-0.25,1,0,hold_trial-0.25,hold_trial,0.25,0,1.0,1,1000,1,250.0,1.0,48.0,1,1,1,1,1,1,1,1,False,1,1,0,1,1,0,hold,True
s01-r0-hold_trial-0.25,1,0,hold_trial-0.25,hold_trial,0.25,1,9.011999999999944,2,1000,1,250.0,1.0,48.0,2,1,2,1,2,1,2,1,False,1,1,0,1,1,0,hold,True
s01-r0-hold_trial-0.25,1,0,hold_trial-0.25,hold_trial,0.25,2,16.68399999999997,2,1000,1,250.0,1.0,48.0,1,1,1,1,2,1,1,1,False,0,0,0,1,0,1,hold,True
s01-r0-hold_trial-0.25,1,0,hold_trial-0.25,hold_trial,0.25,3,24.49199999999996,1,1000,1,250.0,1.0,48.0,1,1,1,1,1,1,1,1,False,1,1,0,1,1,0,hold,True
s01-r0-hold_trial-0.25,1,0,hold_trial-0.25,hold_trial,0.25,4,32.524000000000115,2,1000,1,250.0,1.0,48.0,1,1,1,1,1,1,1,1,False,0,0,0,0,0,0,hold,True
s01-r0-hold_trial-0.25,1,0,hold_trial-0.25,hold_trial,0.25,5,40.96800000000008,1,1000,1,250.0,1.0,48.0,1,1,1,1,1,1,1,1,False,1,1,0,1,1,0,hold,True
s01-r0-hold_trial-0.25,1,0,hold_trial-0.25,hold_trial,0.25,6,48.63599999999997,2,1000,1,250.0,1.0,48.0,2,1,2,1,2,1,2,1,False,1,1,0,1,1,0,hold,True
s01-r0-hold_trial-0.25,1,0,hold_trial-0.25,hold_trial,0.25,7,64.55999999999995,2,1000,1,250.0,1.0,48.0,2,1,2,1,2,1,2,1,False,1,1,0,1,1,0,hold,True
s01-r0-hold_trial-0.25,1,0,hold_trial-0.25,hold_trial,0.25,8,80.17599999999993,1,1000,1,250.0,1.0,48.0,1,1,1,1,1,1,1,1,False,1,1,0,1,1,0,hold,True
s01-r0-hold_trial-0.25,1,0,hold_trial-0.25,hold_trial,0.25,9,95.644,2,1000,1,250.0,1.0,48.0,2,1,2,1,2,1,2,1,False,1,1,0,1,1,0,hold,True
s01-r0-hold_trial-0.25,1,0,hold_trial-0.25,hold_trial,0.25,10,103.42000000000009,1,1000,1,250.0,1.0,48.0,1,1,1,1,1,1,1,1,False,1,1,0,1,1,0,hold,True
s01-r0-hold_trial-0.25,1,0,hold_trial-0.25,hold_trial,0.25,11,152.47199999999998,1,1000,1,250.0,1.0,48.0,1,1,1,1,1,1,1,1,False,1,1,0,1,1,0,hold,True
s01-r0-hold_trial-0.25,1,0,hold_trial-0.25,hold_trial,0.25,12,169.0719999999999,2,1000,1,250.0,1.0,48.0,2,1,2,1,2,1,2,1,False,1,1,0,1,1,0,hold,True
s01-r0-hold_trial-0.25,1,0,hold_trial-0.25,hold_trial,0.25,13,176.72000000000003,1,1000,1,250.0,1.0,48.0,1,1,1,1,1,1,1,1,False,1,1,0,1,1,0,hold,True
s01-r0-hold_trial-0.25,1,0,hold_trial-0.25,hold_trial,0.25,14,184.84400000000005,1,1000,1,250.0,1.0,48.0,1,1,1,1,1,1,1,1,False,1,1,0,1,1,0,hold,True
s01-r0-hold_trial-0.25,1,0,hold_trial-0.25,hold_trial,0.25,15,208.91599999999997,1,1000,1,250.0,1.0,48.0,1,1,1,1,1,1,1,1,False,1,1,0,1,1,0,hold,True
s01-r0-hold_trial-0.25,1,0,hold_trial-0.25,hold_trial,0.25,16,241.22000000000003,1,1000,1,250.0,1.0,48.0,1,1,1,1,1,1,1,1,False,1,1,0,1,1,0,hold,True
s01-r0-hold_trial-0.25,1,0,hold_trial-0.25,hold_trial,0.25,17,249.6479999999999,2,1000,1,250.0,1.0,48.0,2,1,2,1,2,1,2,1,False,1,1,0,1,1,0,hold,True
s01-r0-hold_trial-0.25,1,0,hold_trial-0.25,hold_trial,0.25,18,258.01599999999985,1,1000,1,250.0,1.0,48.0,1,1,1,1,2,1,1,1,False,1,1,0,0,1,1,hold,True
s01-r0-hold_trial-0.25,1,0,hold_trial-0.25,hold_trial,0.25,19,266.3799999999999,2,1000,1,250.0,1.0,48.0,2,1,2,1,2,1,2,1,False,1,1,0,1,1,0,hold,True
s01-r0-hold_trial-0.25,1,0,hold_trial-0.25,hold_trial,0.25,20,274.5519999999999,2,1000,1,250.0,1.0,48.0,2,1,2,1,2,1,1,1,False,1,1,0,1,0,1,hold,True
s01-r0-hold_trial-0.25,1,0,hold_trial-0.25,hold_trial,0.25,21,282.8080000000002,1,1000,1,250.0,1.0,48.0,1,1,1,1,1,1,1,1,False,1,1,0,1,1,0,hold,True
s01-r0-hold_trial-0.25,1,0,hold_trial-0.25,hold_trial,0.25,22,290.88800000000015,2,1000,1,250.0,1.0,48.0,2,1,2,1,2,1,2,1,False,1,1,0,1,1,0,hold,True
s01-r0-hold_trial-0.25,1,0,hold_trial-0.25,hold_trial,0.25,23,306.628,2,1000,1,250.0,1.0,48.0,1,1,1,1,2,1,2,1,False,0,0,0,1,1,0,hold,True
s01-r0-hold_trial-0.4,1,0,hold_trial-0.4,hold_trial,0.4,0,1.0,1,1000,1,400.0,1.0,48.0,1,1,1,1,2,1,1,1,False,1,1,0,0,1,1,hold,True
s01-r0-hold_trial-0.4,1,0,hold_trial-0.4,hold_trial,0.4,1,9.011999999999944,2,1000,1,400.0,1.0,48.0,2,1,2,1,2,1,2,1,False,1,1,0,1,1,0,hold,True
s01-r0-hold_trial-0.4,1,0,hold_trial-0.4,hold_trial,0.4,2,16.68399999999997,2,1000,1,400.0,1.0,48.0,1,1,1,1,2,1,1,1,False,0,0,0,1,0,1,hold,True
s01-r0-hold_trial-0.4,1,0,hold_trial-0.4,hold_trial,0.4,3,24.49199999999996,1,1000,1,400.0,1.0,48.0,1,1,1,1,1,1,1,1,False,1,1,0,1,1,0,hold,True
s01-r0-hold_trial-0.4,1,0,hold_trial-0.4,hold_trial,0.4,4,32.524000000000115,2,1000,1,400.0,1.0,48.0,1,1,1,1,2,1,1,1,False,0,0,0,1,0,1,hold,True
s01-r0-hold_trial-0.4,1,0,hold_trial-0.4,hold_trial,0.4,5,40.96800000000008,1,1000,1,400.0,1.0,48.0,1,1,1,1,1,1,1,1,False,1,1,0,1,1,0,hold,True
s01-r0-hold_trial-0.4,1,0,hold_trial-0.4,hold_trial,0.4,6,48.63599999999997,2,1000,1,400.0,1.0,48.0,2,1,2,1,2,1,2,1,False,1,1,0,1,1,0,hold,True
s01-r0-hold_trial-0.4,1,0,hold_trial-0.4,hold_trial,0.4,7,64.55999999999995,2,1000,1,400.0,1.0,48.0,2,1,2,1,2,1,2,1,False,1,1,0,1,1,0,hold,True
s01-r0-hold_trial-0.4,1,0,hold_trial-0.4,hold_trial,0.4,8,80.17599999999993,1,1000,1,400.0,1.0,48.0,1,1,1,1,2,1,1,1,False,1,1,0,0,1,1,hold,True
s01-r0-hold_trial-0.4,1,0,hold_trial-0.4,hold_trial,0.4,9,95.644,2,1000,1,400.0,1.0,48.0,2,1,2,1,2,1,2,1,False,1,1,0,1,1,0,hold,True
s01-r0-hold_trial-0.4,1,0,hold_trial-0.4,hold_trial,0.4,10,103.42000000000009,1,1000,1,400.0,1.0,48.0,1,1,1,1,1,1,1,1,False,1,1,0,1,1,0,hold,True
s01-r0-hold_trial-0.4,1,0,hold_trial-0.4,hold_trial,0.4,11,152.47199999999998,1,1000,1,400.0,1.0,48.0,1,1,1,1,1,1,1,1,False,1,1,0,1,1,0,hold,True
s01-r0-hold_trial-0.4,1,0,hold_trial-0.4,hold_trial,0.4,12,169.0719999999999,2,1000,1,400.0,1.0,48.0,1,1,2,1,2,1,2,1,False,0,1,1,1,1,0,hold,True
s01-r0-hold_trial-0.4,1,0,hold_trial-0.4,hold_trial,0.4,13,176.72000000000003,1,1000,1,400.0,1.0,48.0,1,1,1,1,1,1,1,1,False,1,1,0,1,1,0,hold,True
s01-r0-hold_trial-0.4,1,0,hold_trial-0.4,hold_trial,0.4,14,184.84400000000005,1,1000,1,400.0,1.0,48.0,1,1,1,1,1,1,1,1,False,1,1,0,1,1,0,hold,True
s01-r0-hold_trial-0.4,1,0,hold_trial-0.4,hold_trial,0.4,15,208.91599999999997,1,1000,1,400.0,1.0,48.0,1,1,1,1,1,1,1,1,False,1,1,0,1,1,0,hold,True
s01-r0-hold_trial-0.4,1,0,hold_trial-0.4,hold_trial,0.4,16,241.22000000000003,1,1000,1,400.0,1.0,48.0,1,1,1,1,1,1,1,1,False,1,1,0,1,1,0,hold,True
s01-r0-hold_trial-0.4,1,0,hold_trial-0.4,hold_trial,0.4,17,249.6479999999999,2,1000,1,400.0,1.0,48.0,2,1,2,1,2,1,2,1,False,1,1,0,1,1,0,hold,True
s01-r0-hold_trial-0.4,1,0,hold_trial-0.4,hold_trial,0.4,18,258.01599999999985,1,1000,1,400.0,1.0,48.0,1,1,1,1,2,1,1,1,False,1,1,0,0,1,1,hold,True
s01-r0-hold_trial-0.4,1,0,hold_trial-0.4,hold_trial,0.4,19,266.3799999999999,2,1000,1,400.0,1.0,48.0,2,1,2,1,2,1,2,1,False,1,1,0,1,1,0,hold,True
s01-r0-hold_trial-0.4,1,0,hold_trial-0.4,hold_trial,0.4,20,274.5519999999999,2,1000,1,400.0,1.0,48.0,2,1,2,1,2,1,1,1,False,1,1,0,1,0,1,hold,True
s01-r0-hold_trial-0.4,1,0,hold_trial-0.4,hold_trial,0.4,21,282.80799999999977,1,1000,1,400.0,1.0,48.0,1,1,1,1,1,1,1,1,False,1,1,0,1,1,0,hold,True
s01-r0-hold_trial-0.4,1,0,hold_trial-0.4,hold_trial,0.4,22,290.88800000000015,2,1000,1,400.0,1.0,48.0,2,1,2,1,2,1,2,1,False,1,1,0,1,1,0,hold,True
s01-r0-hold_trial-0.4,1,0,hold_trial-0.4,hold_trial,0.4,23,306.628,2,1000,1,400.0,1.0,48.0,1,1,1,1,2,1,2,1,False,0,0,0,1,1,0,hold,True
s01-r1-hold_trial-0.1,1,1,hold_trial-0.1,hold_trial,0.1,0,16.684000000000196,2,1000,1,100.0,1.0,48.0,2,1,2,1,2,1,1,1,False,1,1,0,1,0,1,hold,True
s01-r1-hold_trial-0.1,1,1,hold_trial-0.1,hold_trial,0.1,1,24.49200000000019,1,1000,1,100.0,1.0,48.0,1,1,1,1,1,1,1,1,False,1,1,0,1,1,0,hold,True
s01-r1-hold_trial-0.1,1,1,hold_trial-0.1,hold_trial,0.1,2,32.52400000000034,1,1000,1,100.0,1.0,48.0,1,1,1,1,1,1,1,1,False,1,1,0,1,1,0,hold,True
s01-r1-hold_trial-0.1,1,1,hold_trial-0.1,hold_trial,0.1,3,40.96799999999985,2,1000,1,100.0,1.0,48.0,2,1,2,1,2,1,2,1,False,1,1,0,1,1,0,hold,True
s01-r1-hold_trial-0.1,1,1,hold_trial-0.1,hold_trial,0.1,4,64.5600000000004,2,1000,1,100.0,1.0,48.0,2,1,2,1,2,1,2,1,False,1,1,0,1,1,0,hold,True
s01-r1-hold_trial-0.1,1,1,hold_trial-0.1,hold_trial,0.1,5,80.17600000000039,1,1000,1,100.0,1.0,48.0,1,1,1,1,1,1,1,1,False,1,1,0,1,1,0,hold,True
s01-r1-hold_trial-0.1,1,1,hold_trial-0.1,hold_trial,0.1,6,87.75600000000031,1,1000,1,100.0,1.0,48.0,1,1,1,1,1,1,1,1,False,1,1,0,1,1,0,hold,True
s01-r1-hold_trial-0.1,1,1,hold_trial-0.1,hold_trial,0.1,7,95.64400000000025,1,1000,1,100.0,1.0,48.0,1,1,1,1,1,1,1,1,False,1,1,0,1,1,0,hold,True
s01-r1-hold_trial-0.1,1,1,hold_trial-0.1,hold_trial,0.1,8,111.28799999999956,2,1000,1,100.0,1.0,48.0,1,1,1,1,2,1,2,1,False,0,0,0,1,1,0,hold,True
s01-r1-hold_trial-0.1,1,1,hold_trial-0.1,hold_trial,0.1,9,119.76800000000004,2,1000,1,100.0,1.0,48.0,2,1,2,1,2,1,2,1,False,1,1,0,1,1,0,hold,True
s01-r1-hold_trial-0.1,1,1,hold_trial-0.1,hold_trial,0.1,10,127.80000000000018,1,1000,1,100.0,1.0,48.0,1,1,1,1,1,1,1,1,False,1,1,0,1,1,0,hold,True
s01-r1-hold_trial-0.1,1,1,hold_trial-0.1,hold_trial,0.1,11,136.0640000000003,1,1000,1,100.0,1.0,48.0,1,1,1,1,1,1,1,1,False,1,1,0,1,1,0,hold,True
s01-r1-hold_trial-0.1,1,1,hold_trial-0.1,hold_trial,0.1,12,152.47199999999975,1,1000,1,100.0,1.0,48.0,1,1,1,1,1,1,1,1,False,1,1,0,1,1,0,hold,True
s01-r1-hold_trial-0.1,1,1,hold_trial-0.1,hold_trial,0.1,13,160.7520000000004,2,1000,1,100.0,1.0,48.0,2,1,2,1,1,1,1,1,False,1,1,0,0,0,0,hold,True
s01-r1-hold_trial-0.1,1,1,hold_trial-0.1,hold_trial,0.1,14,192.65599999999995,1,1000,1,100.0,1.0,48.0,1,1,1,1,1,1,1,1,False,1,1,0,1,1,0,hold,True
s01-r1-hold_trial-0.1,1,1,hold_trial-0.1,hold_trial,0.1,15,216.9319999999998,2,1000,1,100.0,1.0,48.0,1,1,1,1,2,1,2,1,False,0,0,0,1,1,0,hold,True
s01-r1-hold_trial-0.1,1,1,hold_trial-0.1,hold_trial,0.1,16,241.22000000000023,2,1000,1,100.0,1.0,48.0,2,1,2,1,2,1,2,1,False,1,1,0,1,1,0,hold,True
s01-r1-hold_trial-0.1,1,1,hold_trial-0.1,hold_trial,0.1,17,249.6480000000001,1,1000,1,100.0,1.0,48.0,1,1,1,1,1,1,1,1,False,1,1,0,1,1,0,hold,True
s01-r1-hold_trial-0.1,1,1,hold_trial-0.1,hold_trial,0.1,18,258.0159999999996,2,1000,1,100.0,1.0,48.0,2,1,2,1,2,1,2,1,False,1,1,0,1,1,0,hold,True
s01-r1-hold_trial-0.1,1,1,hold_trial-0.1,hold_trial,0.1,19,306.6279999999997,1,1000,1,100.0,1.0,48.0,1,1,1,1,1,1,1,1,False,1,1,0,1,1,0,hold,True
s01-r1-hold_trial-0.1,1,1,hold_trial-0.1,hold_trial,0.1,20,322.65200000000004,2,1000,1,100.0,1.0,48.0,2,1,2,1,2,1,2,1,False,1,1,0,1,1,0,hold,True
s01-r1-hold_trial-0.1,1,1,hold_trial-0.1,hold_trial,0.1,21,338.52400000000034,2,1000,1,100.0,1.0,48.0,1,1,1,1,2,1,2,1,False,0,0,0,1,1,0,hold,True
s01-r1-hold_trial-0.1,1,1,hold_trial-0.1,hold_trial,0.1,22,362.3360000000002,2,1000,1,100.0,1.0,48.0,2,1,2,1,2,1,2,1,False,1,1,0,1,1,0,hold,True
s01-r1-hold_trial-0.1,1,1,hold_trial-0.1,hold_trial,0.1,23,379.02800000000025,1,1000,1,100.0,1.0,48.0,1,1,1,1,1,1,1,1,False,1,1,0,1,1,0,hold,True
s01-r1-hold_trial-0.25,1,1,hold_trial-0.25,hold_trial,0.25,0,16.684000000000196,2,1000,1,250.0,1.0,48.0,1,1,2,1,2,1,1,1,False,0,1,1,1,0,1,hold,True
s01-r1-hold_trial-0.25,1,1,hold_trial-0.25,hold_trial,0.25,1,24.49200000000019,1,1000,1,250.0,1.0,48.0,1,1,1,1,1,1,1,1,False,1,1,0,1,1,0,hold,True
s01-r1-hold_trial-0.25,1,1,hold_trial-0.25,hold_trial,0.25,2,32.52400000000034,1,1000,1,250.0,1.0,48.0,1,1,1,1,1,1,1,1,False,1,1,0,1,1,0,hold,True
s01-r1-hold_trial-0.25,1,1,hold_trial-0.25,hold_trial,0.25,3,40.96799999999985,2,1000,1,250.0,1.0,48.0,2,1,2,1,2,1,2,1,False,1,1,0,1,1,0,hold,True
s01-r1-hold_trial-0.25,1,1,hold_trial-0.25,hold_trial,0.25,4,64.5600000000004,2,1000,1,250.0,1.0,48.0,2,1,2,1,2,1,2,1,False,1,1,0,1,1,0,hold,True
s01-r1-hold_trial-0.25,1,1,hold_trial-0.25,hold_trial,0.25,5,80.17600000000039,1,1000,1,250.0,1.0,48.0,1,1,1,1,1,1,1,1,False,1,1,0,1,1,0,hold,True
s01-r1-hold_trial-0.25,1,1,hold_trial-0.25,hold_trial,0.25,6,87.75600000000031,1,1000,1,250.0,1.0,48.0,1,1,1,1,1,1,1,1,False,1,1,0,1,1,0,hold,True
s01-r1-hold_trial-0.25,1,1,hold_trial-0.25,hold_trial,0.25,7,95.64400000000025,1,1000,1,250.0,1.0,48.0,1,1,1,1,1,1,1,1,False,1,1,0,1,1,0,hold,True
s01-r1-hold_trial-0.25,1,1,hold_trial-0.25,hold_trial,0.25,8,111.28799999999956,2,1000,1,250.0,1.0,48.0,2,1,1,1,2,1,2,1,False,1,0,1,1,1,0,hold,True
s01-r1-hold_trial-0.25,1,1,hold_trial-0.25,hold_trial,0.25,9,119.76800000000004,2,1000,1,250.0,1.0,48.0,1,1,2,1,2,1,2,1,False,0,1,1,1,1,0,hold,True
s01-r1-hold_trial-0.25,1,1,hold_trial-0.25,hold_trial,0.25,10,127.80000000000018,1,1000,1,250.0,1.0,48.0,1,1,1,1,1,1,1,1,False,1,1,0,1,1,0,hold,True
s01-r1-hold_trial-0.25,1,1,hold_trial-0.25,hold_trial,0.25,11,136.0640000000003,1,1000,1,250.0,1.0,48.0,1,1,1,1,1,1,1,1,False,1,1,0,1,1,0,hold,True
s01-r1-hold_trial-0.25,1,1,hold_trial-0.25,hold_trial,0.25,12,152.47199999999975,1,1000,1,250.0,1.0,48.0,1,1,1,1,1,1,1,1,False,1,1,0,1,1,0,hold,True
s01-r1-hold_trial-0.25,1,1,hold_trial-0.25,hold_trial,0.25,13,160.7520000000004,2,1000,1,250.0,1.0,48.0,1,1,2,1,1,1,1,1,False,0,1,1,0,0,0,hold,True
s01-r1-hold_trial-0.25,1,1,hold_trial-0.25,hold_trial,0.25,14,192.65599999999995,1,1000,1,250.0,1.0,48.0,1,1,1,1,1,1,1,1,False,1,1,0,1,1,0,hold,True
s01-r1-hold_trial-0.25,1,1,hold_trial-0.25,hold_trial,0.25,15,216.9319999999998,2,1000,1,250.0,1.0,48.0,1,1,1,1,2,1,2,1,False,0,0,0,1,1,0,hold,True
s01-r1-hold_trial-0.25,1,1,hold_trial-0.25,hold_trial,0.25,16,241.22000000000023,2,1000,1,250.0,1.0,48.0,2,1,2,1,2,1,2,1,False,1,1,0,1,1,0,hold,True
s01-r1-hold_trial-0.25,1,1,hold_trial-0.25,hold_trial,0.25,17,249.6480000000001,1,1000,1,250.0,1.0,48.0,1,1,1,1,2,1,1,1,False,1,1,0,0,1,1,hold,True
s01-r1-hold_trial-0.25,1,1,hold_trial-0.25,hold_trial,0.25,18,258.0159999999996,2,1000,1,250.0,1.0,48.0,2,1,2,1,2,1,2,1,False,1,1,0,1,1,0,hold,True
s01-r1-hold_trial-0.25,1,1,hold_trial-0.25,hold_trial,0.25,19,306.6279999999997,1,1000,1,250.0,1.0,48.0,1,1,1,1,1,1,1,1,False,1,1,0,1,1,0,hold,True
s01-r1-hold_trial-0.25,1,1,hold_trial-0.25,hold_trial,0.25,20,322.65200000000004,2,1000,1,250.0,1.0,48.0,2,1,2,1,2,1,2,1,False,1,1,0,1,1,0,hold,True
s01-r1-hold_trial-0.25,1,1,hold_trial-0.25,hold_trial,0.25,21,338.52400000000034,2,1000,1,250.0,1.0,48.0,2,1,1,1,2,1,2,1,False,1,0,1,1,1,0,hold,True
s01-r1-hold_trial-0.25,1,1,hold_trial-0.25,hold_trial,0.25,22,362.3360000000002,2,1000,1,250.0,1.0,48.0,2,1,2,1,2,1,2,1,False,1,1,0,1,1,0,hold,True
s01-r1-hold_trial-0.25,1,1,hold_trial-0.25,hold_trial,0.25,23,379.02800000000025,1,1000,1,250.0,1.0,48.0,1,1,1,1,1,1,1,1,False,1,1,0,1,1,0,hold,True
s01-r1-hold_trial-0.4,1,1,hold_trial-0.4,hold_trial,0.4,0,16.684000000000196,2,1000,1,400.0,1.0,48.0,1,1,2,1,2,1,1,1,False,0,1,1,1,0,1,hold,True
s01-r1-hold_trial-0.4,1,1,hold_trial-0.4,hold_trial,0.4,1,24.49200000000019,1,1000,1,400.0,1.0,48.0,1,1,1,1,1,1,1,1,False,1,1,0,1,1,0,hold,True
s01-r1-hold_trial-0.4,1,1,hold_trial-0.4,hold_trial,0.4,2,32.52400000000034,1,1000,1,400.0,1.0,48.0,1,1,1,1,1,1,1,1,False,1,1,0,1,1,0,hold,True
s01-r1-hold_trial-0.4,1,1,hold_trial-0.4,hold_trial,0.4,3,40.96799999999985,2,1000,1,400.0,1.0,48.0,2,1,2,1,2,1,2,1,False,1,1,0,1,1,0,hold,True
s01-r1-hold_trial-0.4,1,1,hold_trial-0.4,hold_trial,0.4,4,64.5600000000004,2,1000,1,400.0,1.0,48.0,2,1,2,1,2,1,2,1,False,1,1,0,1,1,0,hold,True
s01-r1-hold_trial-0.4,1,1,hold_trial-0.4,hold_trial,0.4,5,80.17600000000039,1,1000,1,400.0,1.0,48.0,1,1,1,1,2,1,1,1,False,1,1,0,0,1,1,hold,True
s01-r1-hold_trial-0.4,1,1,hold_trial-0.4,hold_trial,0.4,6,87.75600000000031,1,1000,1,400.0,1.0,48.0,1,1,1,1,1,1,1,1,False,1,1,0,1,1,0,hold,True
s01-r1-hold_trial-0.4,1,1,hold_trial-0.4,hold_trial,0.4,7,95.64400000000025,1,1000,1,400.0,1.0,48.0,2,1,1,1,1,1,1,1,False,0,1,1,1,1,0,hold,True
s01-r1-hold_trial-0.4,1,1,hold_trial-0.4,hold_trial,0.4,8,111.28799999999956,2,1000,1,400.0,1.0,48.0,2,1,1,1,2,1,2,1,False,1,0,1,1,1,0,hold,True
s01-r1-hold_trial-0.4,1,1,hold_trial-0.4,hold_trial,0.4,9,119.76800000000004,2,1000,1,400.0,1.0,48.0,1,1,2,1,2,1,2,1,False,0,1,1,1,1,0,hold,True
s01-r1-hold_trial-0.4,1,1,hold_trial-0.4,hold_trial,0.4,10,127.80000000000018,1,1000,1,400.0,1.0,48.0,1,1,1,1,2,1,1,1,False,1,1,0,0,1,1,hold,True
s01-r1-hold_trial-0.4,1,1,hold_trial-0.4,hold_trial,0.4,11,136.0640000000003,1,1000,1,400.0,1.0,48.0,1,1,1,1,1,1,1,1,False,1,1,0,1,1,0,hold,True
s01-r1-hold_trial-0.4,1,1,hold_trial-0.4,hold_trial,0.4,12,152.47199999999975,1,1000,1,400.0,1.0,48.0,1,1,1,1,1,1,1,1,False,1,1,0,1,1,0,hold,True
s01-r1-hold_trial-0.4,1,1,hold_trial-0.4,hold_trial,0.4,13,160.7520000000004,2,1000,1,400.0,1.0,48.0,2,1,2,1,2,1,1,1,False,1,1,0,1,0,1,hold,True
s01-r1-hold_trial-0.4,1,1,hold_trial-0.4,hold_trial,0.4,14,192.65599999999995,1,1000,1,400.0,1.0,48.0,1,1,1,1,1,1,1,1,False,1,1,0,1,1,0,hold,True
s01-r1-hold_trial-0.4,1,1,hold_trial-0.4,hold_trial,0.4,15,216.9319999999998,2,1000,1,400.0,1.0,48.0,1,1,1,1,2,1,2,1,False,0,0,0,1,1,0,hold,True
s01-r1-hold_trial-0.4,1,1,hold_trial-0.4,hold_trial,0.4,16,241.22000000000023,2,1000,1,400.0,1.0,48.0,2,1,2,1,2,1,2,1,False,1,1,0,1,1,0,hold,True
s01-r1-hold_trial-0.4,1,1,hold_trial-0.4,hold_trial,0.4,17,249.6480000000001,1,1000,1,400.0,1.0,48.0,1,1,1,1,2,1,1,1,False,1,1,0,0,1,1,hold,True
s01-r1-hold_trial-0.4,1,1,hold_trial-0.4,hold_trial,0.4,18,258.0159999999996,2,1000,1,400.0,1.0,48.0,2,1,2,1,2,1,2,1,False,1,1,0,1,1,0,hold,True
s01-r1-hold_trial-0.4,1,1,hold_trial-0.4,hold_trial,0.4,19,306.6279999999997,1,1000,1,400.0,1.0,48.0,1,1,1,1,2,1,1,1,False,1,1,0,0,1,1,hold,True
s01-r1-hold_trial-0.4,1,1,hold_trial-0.4,hold_trial,0.4,20,322.65200000000004,2,1000,1,400.0,1.0,48.0,2,1,2,1,2,1,2,1,False,1,1,0,1,1,0,hold,True
s01-r1-hold_trial-0.4,1,1,hold_trial-0.4,hold_trial,0.4,21,338.52400000000034,2,1000,1,400.0,1.0,48.0,1,1,1,1,2,1,2,1,False,0,0,0,1,1,0,hold,True
s01-r1-hold_trial-0.4,1,1,hold_trial-0.4,hold_trial,0.4,22,362.3360000000002,2,1000,1,400.0,1.0,48.0,2,1,2,1,2,1,2,1,False,1,1,0,1,1,0,hold,True
s01-r1-hold_trial-0.4,1,1,hold_trial-0.4,hold_trial,0.4,23,379.02800000000025,1,1000,1,400.0,1.0,48.0,1,1,1,1,1,1,1,1,False,1,1,0,1,1,0,hold,True
s01-r2-hold_trial-0.1,1,2,hold_trial-0.1,hold_trial,0.1,0,1.0,1,1000,1,100.0,1.0,48.0,1,1,1,1,1,1,1,1,False,1,1,0,1,1,0,hold,True
s01-r2-hold_trial-0.1,1,2,hold_trial-0.1,hold_trial,0.1,1,9.011999999999716,1,1000,1,100.0,1.0,48.0,2,1,1,1,2,1,2,1,False,0,1,1,0,0,0,hold,True
s01-r2-hold_trial-0.1,1,2,hold_trial-0.1,hold_trial,0.1,2,24.49200000000019,2,1000,1,100.0,1.0,48.0,1,1,1,1,2,1,2,1,False,0,0,0,1,1,0,hold,True
s01-r2-hold_trial-0.1,1,2,hold_trial-0.1,hold_trial,0.1,3,32.52400000000034,1,1000,1,100.0,1.0,48.0,1,1,1,1,1,1,1,1,False,1,1,0,1,1,0,hold,True
s01-r2-hold_trial-0.1,1,2,hold_trial-0.1,hold_trial,0.1,4,48.63600000000042,1,1000,1,100.0,1.0,48.0,1,1,1,1,1,1,1,1,False,1,1,0,1,1,0,hold,True
s01-r2-hold_trial-0.1,1,2,hold_trial-0.1,hold_trial,0.1,5,64.5600000000004,2,1000,1,100.0,1.0,48.0,2,1,2,1,2,1,2,1,False,1,1,0,1,1,0,hold,True
s01-r2-hold_trial-0.1,1,2,hold_trial-0.1,hold_trial,0.1,6,80.17600000000039,1,1000,1,100.0,1.0,48.0,1,1,1,1,1,1,1,1,False,1,1,0,1,1,0,hold,True
s01-r2-hold_trial-0.1,1,2,hold_trial-0.1,hold_trial,0.1,7,103.42000000000009,1,1000,1,100.0,1.0,48.0,1,1,1,1,1,1,1,1,False,1,1,0,1,1,0,hold,True
s01-r2-hold_trial-0.1,1,2,hold_trial-0.1,hold_trial,0.1,8,119.76800000000004,2,1000,1,100.0,1.0,48.0,2,1,2,1,2,1,2,1,False,1,1,0,1,1,0,hold,True
s01-r2-hold_trial-0.1,1,2,hold_trial-0.1,hold_trial,0.1,9,160.7520000000004,1,1000,1,100.0,1.0,48.0,1,1,1,1,2,1,1,1,False,1,1,0,0,1,1,hold,True
s01-r2-hold_trial-0.1,1,2,hold_trial-0.1,hold_trial,0.1,10,176.72000000000023,2,1000,1,100.0,1.0,48.0,2,1,2,1,2,1,2,1,False,1,1,0,1,1,0,hold,True
s01-r2-hold_trial-0.1,1,2,hold_trial-0.1,hold_trial,0.1,11,192.65599999999995,2,1000,1,100.0,1.0,48.0,2,1,2,1,2,1,2,1,False,1,1,0,1,1,0,hold,True
s01-r2-hold_trial-0.1,1,2,hold_trial-0.1,hold_trial,0.1,12,200.5,1,1000,1,100.0,1.0,48.0,1,1,1,1,1,1,1,1,False,1,1,0,1,1,0,hold,True
s01-r2-hold_trial-0.1,1,2,hold_trial-0.1,hold_trial,0.1,13,216.9319999999998,2,1000,1,100.0,1.0,48.0,1,1,1,1,2,1,2,1,False,0,0,0,1,1,0,hold,True
s01-r2-hold_trial-0.1,1,2,hold_trial-0.1,hold_trial,0.1,14,224.83200000000036,1,1000,1,100.0,1.0,48.0,1,1,1,1,2,1,1,1,False,1,1,0,0,1,1,hold,True
s01-r2-hold_trial-0.1,1,2,hold_trial-0.1,hold_trial,0.1,15,249.6480000000001,1,1000,1,100.0,1.0,48.0,1,1,1,1,1,1,1,1,False,1,1,0,1,1,0,hold,True
s01-r2-hold_trial-0.1,1,2,hold_trial-0.1,hold_trial,0.1,16,282.808,2,1000,1,100.0,1.0,48.0,2,1,2,1,2,1,1,1,False,1,1,0,1,0,1,hold,True
s01-r2-hold_trial-0.1,1,2,hold_trial-0.1,hold_trial,0.1,17,290.8879999999999,1,1000,1,100.0,1.0,48.0,1,1,1,1,1,1,1,1,False,1,1,0,1,1,0,hold,True
s01-r2-hold_trial-0.1,1,2,hold_trial-0.1,hold_trial,0.1,18,298.77599999999984,2,1000,1,100.0,1.0,48.0,2,1,2,1,2,1,2,1,False,1,1,0,1,1,0,hold,True
s01-r2-hold_trial-0.1,1,2,hold_trial-0.1,hold_trial,0.1,19,314.32800000000043,2,1000,1,100.0,1.0,48.0,2,1,2,1,2,1,2,1,False,1,1,0,1,1,0,hold,True
s01-r2-hold_trial-0.1,1,2,hold_trial-0.1,hold_trial,0.1,20,338.52400000000034,2,1000,1,100.0,1.0,48.0,1,1,1,1,2,1,1,1,False,0,0,0,1,0,1,hold,True
s01-r2-hold_trial-0.1,1,2,hold_trial-0.1,hold_trial,0.1,21,347.0,2,1000,1,100.0,1.0,48.0,1,1,1,1,2,1,2,1,False,0,0,0,1,1,0,hold,True
s01-r2-hold_trial-0.1,1,2,hold_trial-0.1,hold_trial,0.1,22,354.6239999999998,2,1000,1,100.0,1.0,48.0,2,1,2,1,2,1,2,1,False,1,1,0,1,1,0,hold,True
s01-r2-hold_trial-0.1,1,2,hold_trial-0.1,hold_trial,0.1,23,379.02800000000025,1,1000,1,100.0,1.0,48.0,1,1,1,1,1,1,1,1,False,1,1,0,1,1,0,hold,True
s01-r2-hold_trial-0.25,1,2,hold_trial-0.25,hold_trial,0.25,0,1.0,1,1000,1,250.0,1.0,48.0,1,1,1,1,1,1,1,1,False,1,1,0,1,1,0,hold,True
s01-r2-hold_trial-0.25,1,2,hold_trial-0.25,hold_trial,0.25,1,9.011999999999716,1,1000,1,250.0,1.0,48.0,2,1,1,1,2,1,2,1,False,0,1,1,0,0,0,hold,True
s01-r2-hold_trial-0.25,1,2,hold_trial-0.25,hold_trial,0.25,2,24.49200000000019,2,1000,1,250.0,1.0,48.0,1,1,1,1,2,1,2,1,False,0,0,0,1,1,0,hold,True
s01-r2-hold_trial-0.25,1,2,hold_trial-0.25,hold_trial,0.25,3,32.52400000000034,1,1000,1,250.0,1.0,48.0,1,1,1,1,1,1,1,1,False,1,1,0,1,1,0,hold,True
s01-r2-hold_trial-0.25,1,2,hold_trial-0.25,hold_trial,0.25,4,48.63600000000042,1,1000,1,250.0,1.0,48.0,1,1,1,1,1,1,1,1,False,1,1,0,1,1,0,hold,True
s01-r2-hold_trial-0.25,1,2,hold_trial-0.25,hold_trial,0.25,5,64.5600000000004,2,1000,1,250.0,1.0,48.0,2,1,2,1,2,1,2,1,False,1,1,0,1,1,0,hold,True
s01-r2-hold_trial-0.25,1,2,hold_trial-0.25,hold_trial,0.25,6,80.17600000000039,1,1000,1,250.0,1.0,48.0,1,1,1,1,1,1,1,1,False,1,1,0,1,1,0,hold,True
s01-r2-hold_trial-0.25,1,2,hold_trial-0.25,hold_trial,0.25,7,103.42000000000009,1,1000,1,250.0,1.0,48.0,1,1,1,1,1,1,1,1,False,1,1,0,1,1,0,hold,True
s01-r2-hold_trial-0.25,1,2,hold_trial-0.25,hold_trial,0.25,8,119.76800000000004,2,1000,1,250.0,1.0,48.0,2,1,2,1,2,1,2,1,False,1,1,0,1,1,0,hold,True
s01-r2-hold_trial-0.25,1,2,hold_trial-0.25,hold_trial,0.25,9,160.7520000000004,1,1000,1,250.0,1.0,48.0,1,1,1,1,1,1,1,1,False,1,1,0,1,1,0,hold,True
s01-r2-hold_trial-0.25,1,2,hold_trial-0.25,hold_trial,0.25,10,176.72000000000023,2,1000,1,250.0,1.0,48.0,2,1,2,1,2,1,2,1,False,1,1,0,1,1,0,hold,True
s01-r2-hold_trial-0.25,1,2,hold_trial-0.25,hold_trial,0.25,11,192.65599999999995,2,1000,1,250.0,1.0,48.0,1,1,2,1,2,1,2,1,False,0,1,1,1,1,0,hold,True
s01-r2-hold_trial-0.25,1,2,hold_trial-0.25,hold_trial,0.25,12,200.5,1,1000,1,250.0,1.0,48.0,1,1,1,1,1,1,1,1,False,1,1,0,1,1,0,hold,True
s01-r2-hold_trial-0.25,1,2,hold_trial-0.25,hold_trial,0.25,13,216.9319999999998,2,1000,1,250.0,1.0,48.0,1,1,1,1,2,1,2,1,False,0,0,0,1,1,0,hold,True
s01-r2-hold_trial-0.25,1,2,hold_trial-0.25,hold_trial,0.25,14,224.83200000000036,1,1000,1,250.0,1.0,48.0,1,1,1,1,2,1,1,1,False,1,1,0,0,1,1,hold,True
s01-r2-hold_trial-0.25,1,2,hold_trial-0.25,hold_trial,0.25,15,249.6480000000001,1,1000,1,250.0,1.0,48.0,1,1,1,1,1,1,1,1,False,1,1,0,1,1,0,hold,True
s01-r2-hold_trial-0.25,1,2,hold_trial-0.25,hold_trial,0.25,16,282.808,2,1000,1,250.0,1.0,48.0,2,1,2,1,1,1,1,1,False,1,1,0,0,0,0,hold,True
s01-r2-hold_trial-0.25,1,2,hold_trial-0.25,hold_trial,0.25,17,290.8879999999999,1,1000,1,250.0,1.0,48.0,1,1,1,1,1,1,1,1,False,1,1,0,1,1,0,hold,True
s01-r2-hold_trial-0.25,1,2,hold_trial-0.25,hold_trial,0.25,18,298.77599999999984,2,1000,1,250.0,1.0,48.0,2,1,2,1,2,1,2,1,False,1,1,0,1,1,0,hold,True
s01-r2-hold_trial-0.25,1,2,hold_trial-0.25,hold_trial,0.25,19,314.3279999999995,2,1000,1,250.0,1.0,48.0,2,1,2,1,2,1,2,1,False,1,1,0,1,1,0,hold,True
s01-r2-hold_trial-0.25,1,2,hold_trial-0.25,hold_trial,0.25,20,338.52400000000034,2,1000,1,250.0,1.0,48.0,1,1,1,1,1,1,1,1,False,0,0,0,0,0,0,hold,True
s01-r2-hold_trial-0.25,1,2,hold_trial-0.25,hold_trial,0.25,21,347.0,2,1000,1,250.0,1.0,48.0,1,1,1,1,2,1,2,1,False,0,0,0,1,1,0,hold,True
s01-r2-hold_trial-0.25,1,2,hold_trial-0.25,hold_trial,0.25,22,354.6239999999998,2,1000,1,250.0,1.0,48.0,2,1,2,1,2,1,2,1,False,1,1,0,1,1,0,hold,True
s01-r2-hold_trial-0.25,1,2,hold_trial-0.25,hold_trial,0.25,23,379.02800000000025,1,1000,1,250.0,1.0,48.0,1,1,1,1,1,1,1,1,False,1,1,0,1,1,0,hold,True
s01-r2-hold_trial-0.4,1,2,hold_trial-0.4,hold_trial,0.4,0,1.0,1,1000,1,400.0,1.0,48.0,1,1,1,1,1,1,1,1,False,1,1,0,1,1,0,hold,True
s01-r2-hold_trial-0.4,1,2,hold_trial-0.4,hold_trial,0.4,1,9.011999999999716,1,1000,1,400.0,1.0,48.0,2,1,1,1,2,1,2,1,False,0,1,1,0,0,0,hold,True
s01-r2-hold_trial-0.4,1,2,hold_trial-0.4,hold_trial,0.4,2,24.49200000000019,2,1000,1,400.0,1.0,48.0,1,1,1,1,2,1,2,1,False,0,0,0,1,1,0,hold,True
s01-r2-hold_trial-0.4,1,2,hold_trial-0.4,hold_trial,0.4,3,32.52400000000034,1,1000,1,400.0,1.0,48.0,1,1,1,1,1,1,1,1,False,1,1,0,1,1,0,hold,True
s01-r2-hold_trial-0.4,1,2,hold_trial-0.4,hold_trial,0.4,4,48.63600000000042,1,1000,1,400.0,1.0,48.0,1,1,1,1,1,1,1,1,False,1,1,0,1,1,0,hold,True
s01-r2-hold_trial-0.4,1,2,hold_trial-0.4,hold_trial,0.4,5,64.5600000000004,2,1000,1,400.0,1.0,48.0,2,1,2,1,2,1,2,1,False,1,1,0,1,1,0,hold,True
s01-r2-hold_trial-0.4,1,2,hold_trial-0.4,hold_trial,0.4,6,80.17600000000039,1,1000,1,400.0,1.0,48.0,1,1,1,1,1,1,1,1,False,1,1,0,1,1,0,hold,True
s01-r2-hold_trial-0.4,1,2,hold_trial-0.4,hold_trial,0.4,7,103.42000000000009,1,1000,1,400.0,1.0,48.0,1,1,1,1,1,1,1,1,False,1,1,0,1,1,0,hold,True
s01-r2-hold_trial-0.4,1,2,hold_trial-0.4,hold_trial,0.4,8,119.76800000000004,2,1000,1,400.0,1.0,48.0,2,1,2,1,2,1,2,1,False,1,1,0,1,1,0,hold,True
s01-r2-hold_trial-0.4,1,2,hold_trial-0.4,hold_trial,0.4,9,160.7520000000004,1,1000,1,400.0,1.0,48.0,1,1,1,1,2,1,1,1,False,1,1,0,0,1,1,hold,True
s01-r2-hold_trial-0.4,1,2,hold_trial-0.4,hold_trial,0.4,10,176.72000000000023,2,1000,1,400.0,1.0,48.0,2,1,2,1,2,1,2,1,False,1,1,0,1,1,0,hold,True
s01-r2-hold_trial-0.4,1,2,hold_trial-0.4,hold_trial,0.4,11,192.65599999999995,2,1000,1,400.0,1.0,48.0,1,1,2,1,2,1,2,1,False,0,1,1,1,1,0,hold,True
s01-r2-hold_trial-0.4,1,2,hold_trial-0.4,hold_trial,0.4,12,200.5,1,1000,1,400.0,1.0,48.0,1,1,1,1,1,1,1,1,False,1,1,0,1,1,0,hold,True
s01-r2-hold_trial-0.4,1,2,hold_trial-0.4,hold_trial,0.4,13,216.9319999999998,2,1000,1,400.0,1.0,48.0,1,1,1,1,2,1,2,1,False,0,0,0,1,1,0,hold,True
s01-r2-hold_trial-0.4,1,2,hold_trial-0.4,hold_trial,0.4,14,224.83200000000036,1,1000,1,400.0,1.0,48.0,1,1,1,1,2,1,1,1,False,1,1,0,0,1,1,hold,True
s01-r2-hold_trial-0.4,1,2,hold_trial-0.4,hold_trial,0.4,15,249.6480000000001,1,1000,1,400.0,1.0,48.0,1,1,1,1,1,1,1,1,False,1,1,0,1,1,0,hold,True
s01-r2-hold_trial-0.4,1,2,hold_trial-0.4,hold_trial,0.4,16,282.808,2,1000,1,400.0,1.0,48.0,1,1,2,1,2,1,1,1,False,0,1,1,1,0,1,hold,True
s01-r2-hold_trial-0.4,1,2,hold_trial-0.4,hold_trial,0.4,17,290.8879999999999,1,1000,1,400.0,1.0,48.0,1,1,1,1,1,1,1,1,False,1,1,0,1,1,0,hold,True
s01-r2-hold_trial-0.4,1,2,hold_trial-0.4,hold_trial,0.4,18,298.77599999999984,2,1000,1,400.0,1.0,48.0,2,1,2,1,2,1,2,1,False,1,1,0,1,1,0,hold,True
s01-r2-hold_trial-0.4,1,2,hold_trial-0.4,hold_trial,0.4,19,314.3279999999995,2,1000,1,400.0,1.0,48.0,1,1,2,1,2,1,2,1,False,0,1,1,1,1,0,hold,True
s01-r2-hold_trial-0.4,1,2,hold_trial-0.4,hold_trial,0.4,20,338.52400000000034,2,1000,1,400.0,1.0,48.0,1,1,1,1,2,1,1,1,False,0,0,0,1,0,1,hold,True
s01-r2-hold_trial-0.4,1,2,hold_trial-0.4,hold_trial,0.4,21,347.0,2,1000,1,400.0,1.0,48.0,1,1,1,1,2,1,2,1,False,0,0,0,1,1,0,hold,True
s01-r2-hold_trial-0.4,1,2,hold_trial-0.4,hold_trial,0.4,22,354.6239999999998,2,1000,1,400.0,1.0,48.0,2,1,2,1,2,1,2,1,False,1,1,0,1,1,0,hold,True
s01-r2-hold_trial-0.4,1,2,hold_trial-0.4,hold_trial,0.4,23,379.02800000000025,1,1000,1,400.0,1.0,48.0,1,1,1,1,1,1,1,1,False,1,1,0,1,1,0,hold,True
s01-r3-hold_trial-0.1,1,3,hold_trial-0.1,hold_trial,0.1,0,1.0,2,1000,1,100.0,1.0,48.0,1,1,2,1,2,1,2,1,False,0,1,1,1,1,0,hold,True
s01-r3-hold_trial-0.1,1,3,hold_trial-0.1,hold_trial,0.1,1,16.683999999999287,1,1000,1,100.0,1.0,48.0,1,1,1,1,2,1,2,1,False,1,1,0,0,0,0,hold,True
s01-r3-hold_trial-0.1,1,3,hold_trial-0.1,hold_trial,0.1,2,48.63600000000042,1,1000,1,100.0,1.0,48.0,1,1,1,1,1,1,1,1,False,1,1,0,1,1,0,hold,True
s01-r3-hold_trial-0.1,1,3,hold_trial-0.1,hold_trial,0.1,3,56.83599999999933,1,1000,1,100.0,1.0,48.0,1,1,1,1,1,1,1,1,False,1,1,0,1,1,0,hold,True
s01-r3-hold_trial-0.1,1,3,hold_trial-0.1,hold_trial,0.1,4,72.55199999999968,2,1000,1,100.0,1.0,48.0,2,1,2,1,2,1,2,1,False,1,1,0,1,1,0,hold,True
s01-r3-hold_trial-0.1,1,3,hold_trial-0.1,hold_trial,0.1,5,103.42000000000009,2,1000,1,100.0,1.0,48.0,1,1,1,1,2,1,2,1,False,0,0,0,1,1,0,hold,True
s01-r3-hold_trial-0.1,1,3,hold_trial-0.1,hold_trial,0.1,6,111.28800000000048,1,1000,1,100.0,1.0,48.0,1,1,1,1,2,1,2,1,False,1,1,0,0,0,0,hold,True
s01-r3-hold_trial-0.1,1,3,hold_trial-0.1,hold_trial,0.1,7,127.79999999999929,2,1000,1,100.0,1.0,48.0,2,1,2,1,2,1,2,1,False,1,1,0,1,1,0,hold,True
s01-r3-hold_trial-0.1,1,3,hold_trial-0.1,hold_trial,0.1,8,144.20800000000054,1,1000,1,100.0,1.0,48.0,1,1,1,1,1,1,1,1,False,1,1,0,1,1,0,hold,True
s01-r3-hold_trial-0.1,1,3,hold_trial-0.1,hold_trial,0.1,9,169.07200000000012,2,1000,1,100.0,1.0,48.0,2,1,2,1,2,1,2,1,False,1,1,0,1,1,0,hold,True
s01-r3-hold_trial-0.1,1,3,hold_trial-0.1,hold_trial,0.1,10,192.6560000000009,1,1000,1,100.0,1.0,48.0,1,1,1,1,1,1,1,1,False,1,1,0,1,1,0,hold,True
s01-r3-hold_trial-0.1,1,3,hold_trial-0.1,hold_trial,0.1,11,200.5,2,1000,1,100.0,1.0,48.0,2,1,2,1,2,1,2,1,False,1,1,0,1,1,0,hold,True
s01-r3-hold_trial-0.1,1,3,hold_trial-0.1,hold_trial,0.1,12,208.9159999999993,2,1000,1,100.0,1.0,48.0,1,1,1,1,2,1,2,1,False,0,0,0,1,1,0,hold,True
s01-r3-hold_trial-0.1,1,3,hold_trial-0.1,hold_trial,0.1,13,232.9359999999997,2,1000,1,100.0,1.0,48.0,2,1,2,1,2,1,2,1,False,1,1,0,1,1,0,hold,True
s01-r3-hold_trial-0.1,1,3,hold_trial-0.1,hold_trial,0.1,14,241.21999999999932,1,1000,1,100.0,1.0,48.0,1,1,1,1,1,1,1,1,False,1,1,0,1,1,0,hold,True
s01-r3-hold_trial-0.1,1,3,hold_trial-0.1,hold_trial,0.1,15,249.64799999999923,1,1000,1,100.0,1.0,48.0,1,1,1,1,1,1,1,1,False,1,1,0,1,1,0,hold,True
s01-r3-hold_trial-0.1,1,3,hold_trial-0.1,hold_trial,0.1,16,266.3799999999992,2,1000,1,100.0,1.0,48.0,1,1,2,1,2,1,2,1,False,0,1,1,1,1,0,hold,True
s01-r3-hold_trial-0.1,1,3,hold_trial-0.1,hold_trial,0.1,17,274.5519999999997,1,1000,1,100.0,1.0,48.0,1,1,1,1,1,1,1,1,False,1,1,0,1,1,0,hold,True
s01-r3-hold_trial-0.1,1,3,hold_trial-0.1,hold_trial,0.1,18,290.88800000000083,2,1000,1,100.0,1.0,48.0,1,1,2,1,2,1,2,1,False,0,1,1,1,1,0,hold,True
s01-r3-hold_trial-0.1,1,3,hold_trial-0.1,hold_trial,0.1,19,298.77599999999984,2,1000,1,100.0,1.0,48.0,1,1,1,1,2,1,2,1,False,0,0,0,1,1,0,hold,True
s01-r3-hold_trial-0.1,1,3,hold_trial-0.1,hold_trial,0.1,20,314.3279999999995,1,1000,1,100.0,1.0,48.0,1,1,1,1,1,1,1,1,False,1,1,0,1,1,0,hold,True
s01-r3-hold_trial-0.1,1,3,hold_trial-0.1,hold_trial,0.1,21,362.3359999999993,1,1000,1,100.0,1.0,48.0,1,1,1,1,2,1,1,1,False,1,1,0,0,1,1,hold,True
s01-r3-hold_trial-0.1,1,3,hold_trial-0.1,hold_trial,0.1,22,370.79199999999946,2,1000,1,100.0,1.0,48.0,2,1,2,1,2,1,2,1,False,1,1,0,1,1,0,hold,True
s01-r3-hold_trial-0.1,1,3,hold_trial-0.1,hold_trial,0.1,23,379.02800000000025,1,1000,1,100.0,1.0,48.0,1,1,1,1,1,1,1,1,False,1,1,0,1,1,0,hold,True
s01-r3-hold_trial-0.25,1,3,hold_trial-0.25,hold_trial,0.25,0,1.0,2,1000,1,250.0,1.0,48.0,1,1,2,1,2,1,2,1,False,0,1,1,1,1,0,hold,True
s01-r3-hold_trial-0.25,1,3,hold_trial-0.25,hold_trial,0.25,1,16.683999999999287,1,1000,1,250.0,1.0,48.0,1,1,1,1,2,1,2,1,False,1,1,0,0,0,0,hold,True
s01-r3-hold_trial-0.25,1,3,hold_trial-0.25,hold_trial,0.25,2,48.63600000000042,1,1000,1,250.0,1.0,48.0,1,1,1,1,2,1,1,1,False,1,1,0,0,1,1,hold,True
s01-r3-hold_trial-0.25,1,3,hold_trial-0.25,hold_trial,0.25,3,56.83599999999933,1,1000,1,250.0,1.0,48.0,1,1,1,1,1,1,1,1,False,1,1,0,1,1,0,hold,True
s01-r3-hold_trial-0.25,1,3,hold_trial-0.25,hold_trial,0.25,4,72.55199999999968,2,1000,1,250.0,1.0,48.0,2,1,2,1,2,1,2,1,False,1,1,0,1,1,0,hold,True
s01-r3-hold_trial-0.25,1,3,hold_trial-0.25,hold_trial,0.25,5,103.42000000000009,2,1000,1,250.0,1.0,48.0,1,1,1,1,2,1,2,1,False,0,0,0,1,1,0,hold,True
s01-r3-hold_trial-0.25,1,3,hold_trial-0.25,hold_trial,0.25,6,111.28800000000048,1,1000,1,250.0,1.0,48.0,1,1,1,1,2,1,2,1,False,1,1,0,0,0,0,hold,True
s01-r3-hold_trial-0.25,1,3,hold_trial-0.25,hold_trial,0.25,7,127.79999999999929,2,1000,1,250.0,1.0,48.0,2,1,2,1,2,1,2,1,False,1,1,0,1,1,0,hold,True
s01-r3-hold_trial-0.25,1,3,hold_trial-0.25,hold_trial,0.25,8,144.20800000000054,1,1000,1,250.0,1.0,48.0,1,1,1,1,2,1,1,1,False,1,1,0,0,1,1,hold,True
s01-r3-hold_trial-0.25,1,3,hold_trial-0.25,hold_trial,0.25,9,169.07200000000012,2,1000,1,250.0,1.0,48.0,2,1,2,1,2,1,2,1,False,1,1,0,1,1,0,hold,True
s01-r3-hold_trial-0.25,1,3,hold_trial-0.25,hold_trial,0.25,10,192.6560000000009,1,1000,1,250.0,1.0,48.0,1,1,1,1,1,1,1,1,False,1,1,0,1,1,0,hold,True
s01-r3-hold_trial-0.25,1,3,hold_trial-0.25,hold_trial,0.25,11,200.5,2,1000,1,250.0,1.0,48.0,2,1,2,1,2,1,2,1,False,1,1,0,1,1,0,hold,True
s01-r3-hold_trial-0.25,1,3,hold_trial-0.25,hold_trial,0.25,12,208.9159999999993,2,1000,1,250.0,1.0,48.0,1,1,1,1,2,1,2,1,False,0,0,0,1,1,0,hold,True
s01-r3-hold_trial-0.25,1,3,hold_trial-0.25,hold_trial,0.25,13,232.9359999999997,2,1000,1,250.0,1.0,48.0,2,1,2,1,2,1,2,1,False,1,1,0,1,1,0,hold,True
s01-r3-hold_trial-0.25,1,3,hold_trial-0.25,hold_trial,0.25,14,241.21999999999932,1,1000,1,250.0,1.0,48.0,1,1,1,1,1,1,1,1,False,1,1,0,1,1,0,hold,True
s01-r3-hold_trial-0.25,1,3,hold_trial-0.25,hold_trial,0.25,15,249.64799999999923,1,1000,1,250.0,1.0,48.0,1,1,1,1,1,1,1,1,False,1,1,0,1,1,0,hold,True
s01-r3-hold_trial-0.25,1,3,hold_trial-0.25,hold_trial,0.25,16,266.3799999999992,2,1000,1,250.0,1.0,48.0,1,1,2,1,2,1,2,1,False,0,1,1,1,1,0,hold,True
s01-r3-hold_trial-0.25,1,3,hold_trial-0.25,hold_trial,0.25,17,274.5519999999997,1,1000,1,250.0,1.0,48.0,1,1,1,1,1,1,1,1,False,1,1,0,1,1,0,hold,True
s01-r3-hold_trial-0.25,1,3,hold_trial-0.25,hold_trial,0.25,18,290.88800000000083,2,1000,1,250.0,1.0,48.0,1,1,2,1,2,1,2,1,False,0,1,1,1,1,0,hold,True
s01-r3-hold_trial-0.25,1,3,hold_trial-0.25,hold_trial,0.25,19,298.77599999999984,2,1000,1,250.0,1.0,48.0,1,1,1,1,2,1,2,1,False,0,0,0,1,1,0,hold,True
s01-r3-hold_trial-0.25,1,3,hold_trial-0.25,hold_trial,0.25,20,314.3279999999995,1,1000,1,250.0,1.0,48.0,1,1,1,1,1,1,1,1,False,1,1,0,1,1,0,hold,True
s01-r3-hold_trial-0.25,1,3,hold_trial-0.25,hold_trial,0.25,21,362.3359999999993,1,1000,1,250.0,1.0,48.0,1,1,1,1,2,1,1,1,False,1,1,0,0,1,1,hold,True
s01-r3-hold_trial-0.25,1,3,hold_trial-0.25,hold_trial,0.25,22,370.79199999999946,2,1000,1,250.0,1.0,48.0,2,1,2,1,2,1,2,1,False,1,1,0,1,1,0,hold,True
s01-r3-hold_trial-0.25,1,3,hold_trial-0.25,hold_trial,0.25,23,379.02800000000025,1,1000,1,250.0,1.0,48.0,1,1,1,1,1,1,1,1,False,1,1,0,1,1,0,hold,True
s01-r3-hold_trial-0.4,1,3,hold_trial-0.4,hold_trial,0.4,0,1.0,2,1000,1,400.0,1.0,48.0,1,1,2,1,2,1,2,1,False,0,1,1,1,1,0,hold,True
s01-r3-hold_trial-0.4,1,3,hold_trial-0.4,hold_trial,0.4,1,16.683999999999287,1,1000,1,400.0,1.0,48.0,1,1,1,1,2,1,2,1,False,1,1,0,0,0,0,hold,True
s01-r3-hold_trial-0.4,1,3,hold_trial-0.4,hold_trial,0.4,2,48.63600000000042,1,1000,1,400.0,1.0,48.0,1,1,1,1,1,1,1,1,False,1,1,0,1,1,0,hold,True
s01-r3-hold_trial-0.4,1,3,hold_trial-0.4,hold_trial,0.4,3,56.83599999999933,1,1000,1,400.0,1.0,48.0,1,1,1,1,1,1,1,1,False,1,1,0,1,1,0,hold,True
s01-r3-hold_trial-0.4,1,3,hold_trial-0.4,hold_trial,0.4,4,72.55199999999968,2,1000,1,400.0,1.0,48.0,2,1,2,1,2,1,2,1,False,1,1,0,1,1,0,hold,True
s01-r3-hold_trial-0.4,1,3,hold_trial-0.4,hold_trial,0.4,5,103.42000000000009,2,1000,1,400.0,1.0,48.0,1,1,1,1,2,1,2,1,False,0,0,0,1,1,0,hold,True
s01-r3-hold_trial-0.4,1,3,hold_trial-0.4,hold_trial,0.4,6,111.28800000000048,1,1000,1,400.0,1.0,48.0,1,1,1,1,2,1,2,1,False,1,1,0,0,0,0,hold,True
s01-r3-hold_trial-0.4,1,3,hold_trial-0.4,hold_trial,0.4,7,127.79999999999929,2,1000,1,400.0,1.0,48.0,2,1,2,1,2,1,2,1,False,1,1,0,1,1,0,hold,True
s01-r3-hold_trial-0.4,1,3,hold_trial-0.4,hold_trial,0.4,8,144.20800000000054,1,1000,1,400.0,1.0,48.0,1,1,1,1,2,1,1,1,False,1,1,0,0,1,1,hold,True
s01-r3-hold_trial-0.4,1,3,hold_trial-0.4,hold_trial,0.4,9,169.07200000000012,2,1000,1,400.0,1.0,48.0,2,1,2,1,2,1,2,1,False,1,1,0,1,1,0,hold,True
s01-r3-hold_trial-0.4,1,3,hold_trial-0.4,hold_trial,0.4,10,192.6560000000009,1,1000,1,400.0,1.0,48.0,1,1,1,1,2,1,1,1,False,1,1,0,0,1,1,hold,True
s01-r3-hold_trial-0.4,1,3,hold_trial-0.4,hold_trial,0.4,11,200.5,2,1000,1,400.0,1.0,48.0,2,1,2,1,2,1,2,1,False,1,1,0,1,1,0,hold,True
s01-r3-hold_trial-0.4,1,3,hold_trial-0.4,hold_trial,0.4,12,208.9159999999993,2,1000,1,400.0,1.0,48.0,1,1,1,1,2,1,2,1,False,0,0,0,1,1,0,hold,True
s01-r3-hold_trial-0.4,1,3,hold_trial-0.4,hold_trial,0.4,13,232.9359999999997,2,1000,1,400.0,1.0,48.0,2,1,2,1,2,1,2,1,False,1,1,0,1,1,0,hold,True
s01-r3-hold_trial-0.4,1,3,hold_trial-0.4,hold_trial,0.4,14,241.21999999999932,1,1000,1,400.0,1.0,48.0,1,1,1,1,1,1,1,1,False,1,1,0,1,1,0,hold,True
s01-r3-hold_trial-0.4,1,3,hold_trial-0.4,hold_trial,0.4,15,249.64799999999923,1,1000,1,400.0,1.0,48.0,1,1,1,1,1,1,1,1,False,1,1,0,1,1,0,hold,True
s01-r3-hold_trial-0.4,1,3,hold_trial-0.4,hold_trial,0.4,16,266.3799999999992,2,1000,1,400.0,1.0,48.0,1,1,2,1,2,1,2,1,False,0,1,1,1,1,0,hold,True
s01-r3-hold_trial-0.4,1,3,hold_trial-0.4,hold_trial,0.4,17,274.5519999999997,1,1000,1,400.0,1.0,48.0,1,1,1,1,2,1,1,1,False,1,1,0,0,1,1,hold,True
s01-r3-hold_trial-0.4,1,3,hold_trial-0.4,hold_trial,0.4,18,290.88800000000083,2,1000,1,400.0,1.0,48.0,1,1,2,1,2,1,2,1,False,0,1,1,1,1,0,hold,True
s01-r3-hold_trial-0.4,1,3,hold_trial-0.4,hold_trial,0.4,19,298.77599999999984,2,1000,1,400.0,1.0,48.0,1,1,1,1,2,1,2,1,False,0,0,0,1,1,0,hold,True
s01-r3-hold_trial-0.4,1,3,hold_trial-0.4,hold_trial,0.4,20,314.3279999999995,1,1000,1,400.0,1.0,48.0,1,1,1,1,1,1,1,1,False,1,1,0,1,1,0,hold,True
s01-r3-hold_trial-0.4,1,3,hold_trial-0.4,hold_trial,0.4,21,362.3359999999993,1,1000,1,400.0,1.0,48.0,1,1,1,1,2,1,1,1,False,1,1,0,0,1,1,hold,True
s01-r3-hold_trial-0.4,1,3,hold_trial-0.4,hold_trial,0.4,22,370.79199999999946,2,1000,1,400.0,1.0,48.0,2,1,2,1,2,1,2,1,False,1,1,0,1,1,0,hold,True
s01-r3-hold_trial-0.4,1,3,hold_trial-0.4,hold_trial,0.4,23,379.02800000000025,1,1000,1,400.0,1.0,48.0,1,1,1,1,1,1,1,1,False,1,1,0,1,1,0,hold,True
s01-r4-hold_trial-0.1,1,4,hold_trial-0.1,hold_trial,0.1,0,1.0,2,1000,1,100.0,1.0,48.0,1,1,1,1,1,1,1,1,False,0,0,0,0,0,0,hold,True
s01-r4-hold_trial-0.1,1,4,hold_trial-0.1,hold_trial,0.1,1,9.012000000000626,1,1000,1,100.0,1.0,48.0,1,1,1,1,1,1,1,1,False,1,1,0,1,1,0,hold,True
s01-r4-hold_trial-0.1,1,4,hold_trial-0.1,hold_trial,0.1,2,16.683999999999287,1,1000,1,100.0,1.0,48.0,1,1,1,1,2,1,2,1,False,1,1,0,0,0,0,hold,True
s01-r4-hold_trial-0.1,1,4,hold_trial-0.1,hold_trial,0.1,3,40.96800000000076,2,1000,1,100.0,1.0,48.0,1,1,1,1,2,1,2,1,False,0,0,0,1,1,0,hold,True
s01-r4-hold_trial-0.1,1,4,hold_trial-0.1,hold_trial,0.1,4,64.55999999999949,1,1000,1,100.0,1.0,48.0,1,1,1,1,2,1,2,1,False,1,1,0,0,0,0,hold,True
s01-r4-hold_trial-0.1,1,4,hold_trial-0.1,hold_trial,0.1,5,80.17599999999948,1,1000,1,100.0,1.0,48.0,1,1,1,1,1,1,1,1,False,1,1,0,1,1,0,hold,True
s01-r4-hold_trial-0.1,1,4,hold_trial-0.1,hold_trial,0.1,6,87.7559999999994,1,1000,1,100.0,1.0,48.0,1,1,1,1,1,1,1,1,False,1,1,0,1,1,0,hold,True
s01-r4-hold_trial-0.1,1,4,hold_trial-0.1,hold_trial,0.1,7,95.64400000000025,2,1000,1,100.0,1.0,48.0,1,1,1,1,2,1,2,1,False,0,0,0,1,1,0,hold,True
s01-r4-hold_trial-0.1,1,4,hold_trial-0.1,hold_trial,0.1,8,119.76800000000004,2,1000,1,100.0,1.0,48.0,2,1,2,1,2,1,2,1,False,1,1,0,1,1,0,hold,True
s01-r4-hold_trial-0.1,1,4,hold_trial-0.1,hold_trial,0.1,9,169.07200000000012,2,1000,1,100.0,1.0,48.0,2,1,2,1,2,1,2,1,False,1,1,0,1,1,0,hold,True
s01-r4-hold_trial-0.1,1,4,hold_trial-0.1,hold_trial,0.1,10,176.71999999999937,2,1000,1,100.0,1.0,48.0,2,1,2,1,2,1,2,1,False,1,1,0,1,1,0,hold,True
s01-r4-hold_trial-0.1,1,4,hold_trial-0.1,hold_trial,0.1,11,192.6560000000009,1,1000,1,100.0,1.0,48.0,1,1,1,1,2,1,1,1,False,1,1,0,0,1,1,hold,True
s01-r4-hold_trial-0.1,1,4,hold_trial-0.1,hold_trial,0.1,12,200.5,2,1000,1,100.0,1.0,48.0,2,1,2,1,2,1,2,1,False,1,1,0,1,1,0,hold,True
s01-r4-hold_trial-0.1,1,4,hold_trial-0.1,hold_trial,0.1,13,208.9159999999993,2,1000,1,100.0,1.0,48.0,1,1,1,1,2,1,2,1,False,0,0,0,1,1,0,hold,True
s01-r4-hold_trial-0.1,1,4,hold_trial-0.1,hold_trial,0.1,14,216.9320000000007,2,1000,1,100.0,1.0,48.0,1,1,1,1,2,1,2,1,False,0,0,0,1,1,0,hold,True
s01-r4-hold_trial-0.1,1,4,hold_trial-0.1,hold_trial,0.1,15,241.21999999999932,1,1000,1,100.0,1.0,48.0,1,1,1,1,1,1,1,1,False,1,1,0,1,1,0,hold,True
s01-r4-hold_trial-0.1,1,4,hold_trial-0.1,hold_trial,0.1,16,258.0159999999996,1,1000,1,100.0,1.0,48.0,1,1,1,1,1,1,1,1,False,1,1,0,1,1,0,hold,True
s01-r4-hold_trial-0.1,1,4,hold_trial-0.1,hold_trial,0.1,17,274.5519999999997,1,1000,1,100.0,1.0,48.0,1,1,1,1,1,1,1,1,False,1,1,0,1,1,0,hold,True
s01-r4-hold_trial-0.1,1,4,hold_trial-0.1,hold_trial,0.1,18,290.88800000000083,1,1000,1,100.0,1.0,48.0,1,1,1,1,2,1,2,1,False,1,1,0,0,0,0,hold,True
s01-r4-hold_trial-0.1,1,4,hold_trial-0.1,hold_trial,0.1,19,306.6280000000006,1,1000,1,100.0,1.0,48.0,1,1,1,1,1,1,1,1,False,1,1,0,1,1,0,hold,True
s01-r4-hold_trial-0.1,1,4,hold_trial-0.1,hold_trial,0.1,20,314.3279999999995,2,1000,1,100.0,1.0,48.0,2,1,2,1,2,1,2,1,False,1,1,0,1,1,0,hold,True
s01-r4-hold_trial-0.1,1,4,hold_trial-0.1,hold_trial,0.1,21,347.0,1,1000,1,100.0,1.0,48.0,1,1,1,1,1,1,1,1,False,1,1,0,1,1,0,hold,True
s01-r4-hold_trial-0.1,1,4,hold_trial-0.1,hold_trial,0.1,22,354.6239999999998,2,1000,1,100.0,1.0,48.0,2,1,2,1,2,1,2,1,False,1,1,0,1,1,0,hold,True
s01-r4-hold_trial-0.1,1,4,hold_trial-0.1,hold_trial,0.1,23,370.79199999999946,2,1000,1,100.0,1.0,48.0,1,1,1,1,2,1,2,1,False,0,0,0,1,1,0,hold,True
s01-r4-hold_trial-0.25,1,4,hold_trial-0.25,hold_trial,0.25,0,1.0,2,1000,1,250.0,1.0,48.0,1,1,1,1,1,1,1,1,False,0,0,0,0,0,0,hold,True
s01-r4-hold_trial-0.25,1,4,hold_trial-0.25,hold_trial,0.25,1,9.012000000000626,1,1000,1,250.0,1.0,48.0,1,1,1,1,1,1,1,1,False,1,1,0,1,1,0,hold,True
s01-r4-hold_trial-0.25,1,4,hold_trial-0.25,hold_trial,0.25,2,16.683999999999287,1,1000,1,250.0,1.0,48.0,1,1,1,1,2,1,2,1,False,1,1,0,0,0,0,hold,True
s01-r4-hold_trial-0.25,1,4,hold_trial-0.25,hold_trial,0.25,3,40.96800000000076,2,1000,1,250.0,1.0,48.0,1,1,1,1,2,1,2,1,False,0,0,0,1,1,0,hold,True
s01-r4-hold_trial-0.25,1,4,hold_trial-0.25,hold_trial,0.25,4,64.55999999999949,1,1000,1,250.0,1.0,48.0,1,1,1,1,2,1,2,1,False,1,1,0,0,0,0,hold,True
s01-r4-hold_trial-0.25,1,4,hold_trial-0.25,hold_trial,0.25,5,80.17599999999948,1,1000,1,250.0,1.0,48.0,1,1,1,1,1,1,1,1,False,1,1,0,1,1,0,hold,True
s01-r4-hold_trial-0.25,1,4,hold_trial-0.25,hold_trial,0.25,6,87.7559999999994,1,1000,1,250.0,1.0,48.0,1,1,1,1,1,1,1,1,False,1,1,0,1,1,0,hold,True
s01-r4-hold_trial-0.25,1,4,hold_trial-0.25,hold_trial,0.25,7,95.64400000000025,2,1000,1,250.0,1.0,48.0,1,1,1,1,2,1,2,1,False,0,0,0,1,1,0,hold,True
s01-r4-hold_trial-0.25,1,4,hold_trial-0.25,hold_trial,0.25,8,119.76800000000004,2,1000,1,250.0,1.0,48.0,2,1,2,1,2,1,2,1,False,1,1,0,1,1,0,hold,True
s01-r4-hold_trial-0.25,1,4,hold_trial-0.25,hold_trial,0.25,9,169.07200000000012,2,1000,1,250.0,1.0,48.0,2,1,2,1,2,1,2,1,False,1,1,0,1,1,0,hold,True
s01-r4-hold_trial-0.25,1,4,hold_trial-0.25,hold_trial,0.25,10,176.71999999999937,2,1000,1,250.0,1.0,48.0,2,1,2,1,2,1,2,1,False,1,1,0,1,1,0,hold,True
s01-r4-hold_trial-0.25,1,4,hold_trial-0.25,hold_trial,0.25,11,192.6560000000009,1,1000,1,250.0,1.0,48.0,1,1,1,1,2,1,1,1,False,1,1,0,0,1,1,hold,True
s01-r4-hold_trial-0.25,1,4,hold_trial-0.25,hold_trial,0.25,12,200.5,2,1000,1,250.0,1.0,48.0,2,1,2,1,2,1,2,1,False,1,1,0,1,1,0,hold,True
s01-r4-hold_trial-0.25,1,4,hold_trial-0.25,hold_trial,0.25,13,208.9159999999993,2,1000,1,250.0,1.0,48.0,1,1,1,1,2,1,2,1,False,0,0,0,1,1,0,hold,True
s01-r4-hold_trial-0.25,1,4,hold_trial-0.25,hold_trial,0.25,14,216.9320000000007,2,1000,1,250.0,1.0,48.0,1,1,1,1,2,1,2,1,False,0,0,0,1,1,0,hold,True
s01-r4-hold_trial-0.25,1,4,hold_trial-0.25,hold_trial,0.25,15,241.21999999999932,1,1000,1,250.0,1.0,48.0,1,1,1,1,1,1,1,1,False,1,1,0,1,1,0,hold,True
s01-r4-hold_trial-0.25,1,4,hold_trial-0.25,hold_trial,0.25,16,258.0159999999996,1,1000,1,250.0,1.0,48.0,1,1,1,1,2,1,1,1,False,1,1,0,0,1,1,hold,True
s01-r4-hold_trial-0.25,1,4,hold_trial-0.25,hold_trial,0.25,17,274.5519999999997,1,1000,1,250.0,1.0,48.0,1,1,1,1,1,1,1,1,False,1,1,0,1,1,0,hold,True
s01-r4-hold_trial-0.25,1,4,hold_trial-0.25,hold_trial,0.25,18,290.88800000000083,1,1000,1,250.0,1.0,48.0,1,1,1,1,2,1,2,1,False,1,1,0,0,0,0,hold,True
s01-r4-hold_trial-0.25,1,4,hold_trial-0.25,hold_trial,0.25,19,306.6280000000006,1,1000,1,250.0,1.0,48.0,1,1,1,1,2,1,1,1,False,1,1,0,0,1,1,hold,True
s01-r4-hold_trial-0.25,1,4,hold_trial-0.25,hold_trial,0.25,20,314.3279999999995,2,1000,1,250.0,1.0,48.0,2,1,2,1,2,1,2,1,False,1,1,0,1,1,0,hold,True
s01-r4-hold_trial-0.25,1,4,hold_trial-0.25,hold_trial,0.25,21,347.0,1,1000,1,250.0,1.0,48.0,1,1,1,1,1,1,1,1,False,1,1,0,1,1,0,hold,True
s01-r4-hold_trial-0.25,1,4,hold_trial-0.25,hold_trial,0.25,22,354.6239999999998,2,1000,1,250.0,1.0,48.0,2,1,2,1,2,1,2,1,False,1,1,0,1,1,0,hold,True
s01-r4-hold_trial-0.25,1,4,hold_trial-0.25,hold_trial,0.25,23,370.79199999999946,2,1000,1,250.0,1.0,48.0,1,1,1,1,2,1,2,1,False,0,0,0,1,1,0,hold,True
s01-r4-hold_trial-0.4,1,4,hold_trial-0.4,hold_trial,0.4,0,1.0,2,1000,1,400.0,1.0,48.0,1,1,1,1,2,1,1,1,False,0,0,0,1,0,1,hold,True
s01-r4-hold_trial-0.4,1,4,hold_trial-0.4,hold_trial,0.4,1,9.012000000000626,1,1000,1,400.0,1.0,48.0,1,1,1,1,1,1,1,1,False,1,1,0,1,1,0,hold,True
s01-r4-hold_trial-0.4,1,4,hold_trial-0.4,hold_trial,0.4,2,16.683999999999287,1,1000,1,400.0,1.0,48.0,1,1,1,1,2,1,2,1,False,1,1,0,0,0,0,hold,True
s01-r4-hold_trial-0.4,1,4,hold_trial-0.4,hold_trial,0.4,3,40.96800000000076,2,1000,1,400.0,1.0,48.0,1,1,1,1,2,1,2,1,False,0,0,0,1,1,0,hold,True
s01-r4-hold_trial-0.4,1,4,hold_trial-0.4,hold_trial,0.4,4,64.55999999999949,1,1000,1,400.0,1.0,48.0,1,1,1,1,2,1,2,1,False,1,1,0,0,0,0,hold,True
s01-r4-hold_trial-0.4,1,4,hold_trial-0.4,hold_trial,0.4,5,80.17599999999948,1,1000,1,400.0,1.0,48.0,1,1,1,1,1,1,1,1,False,1,1,0,1,1,0,hold,True
s01-r4-hold_trial-0.4,1,4,hold_trial-0.4,hold_trial,0.4,6,87.7559999999994,1,1000,1,400.0,1.0,48.0,1,1,1,1,1,1,1,1,False,1,1,0,1,1,0,hold,True
s01-r4-hold_trial-0.4,1,4,hold_trial-0.4,hold_trial,0.4,7,95.64400000000025,2,1000,1,400.0,1.0,48.0,1,1,1,1,2,1,2,1,False,0,0,0,1,1,0,hold,True
s01-r4-hold_trial-0.4,1,4,hold_trial-0.4,hold_trial,0.4,8,119.76800000000004,2,1000,1,400.0,1.0,48.0,2,1,2,1,2,1,2,1,False,1,1,0,1,1,0,hold,True
s01-r4-hold_trial-0.4,1,4,hold_trial-0.4,hold_trial,0.4,9,169.07200000000012,2,1000,1,400.0,1.0,48.0,2,1,2,1,2,1,2,1,False,1,1,0,1,1,0,hold,True
s01-r4-hold_trial-0.4,1,4,hold_trial-0.4,hold_trial,0.4,10,176.71999999999937,2,1000,1,400.0,1.0,48.0,1,1,2,1,2,1,2,1,False,0,1,1,1,1,0,hold,True
s01-r4-hold_trial-0.4,1,4,hold_trial-0.4,hold_trial,0.4,11,192.6560000000009,1,1000,1,400.0,1.0,48.0,1,1,1,1,1,1,1,1,False,1,1,0,1,1,0,hold,True
s01-r4-hold_trial-0.4,1,4,hold_trial-0.4,hold_trial,0.4,12,200.5,2,1000,1,400.0,1.0,48.0,1,1,2,1,2,1,2,1,False,0,1,1,1,1,0,hold,True
s01-r4-hold_trial-0.4,1,4,hold_trial-0.4,hold_trial,0.4,13,208.9159999999993,2,1000,1,400.0,1.0,48.0,1,1,1,1,2,1,2,1,False,0,0,0,1,1,0,hold,True
s01-r4-hold_trial-0.4,1,4,hold_trial-0.4,hold_trial,0.4,14,216.9320000000007,2,1000,1,400.0,1.0,48.0,1,1,1,1,2,1,2,1,False,0,0,0,1,1,0,hold,True
s01-r4-hold_trial-0.4,1,4,hold_trial-0.4,hold_trial,0.4,15,241.21999999999932,1,1000,1,400.0,1.0,48.0,1,1,1,1,2,1,1,1,False,1,1,0,0,1,1,hold,True
s01-r4-hold_trial-0.4,1,4,hold_trial-0.4,hold_trial,0.4,16,258.0159999999996,1,1000,1,400.0,1.0,48.0,2,1,1,1,2,1,1,1,False,0,1,1,0,1,1,hold,True
s01-r4-hold_trial-0.4,1,4,hold_trial-0.4,hold_trial,0.4,17,274.5519999999997,1,1000,1,400.0,1.0,48.0,1,1,1,1,2,1,1,1,False,1,1,0,0,1,1,hold,True
s01-r4-hold_trial-0.4,1,4,hold_trial-0.4,hold_trial,0.4,18,290.88800000000083,1,1000,1,400.0,1.0,48.0,1,1,1,1,2,1,2,1,False,1,1,0,0,0,0,hold,True
s01-r4-hold_trial-0.4,1,4,hold_trial-0.4,hold_trial,0.4,19,306.6280000000006,1,1000,1,400.0,1.0,48.0,1,1,1,1,2,1,1,1,False,1,1,0,0,1,1,hold,True
s01-r4-hold_trial-0.4,1,4,hold_trial-0.4,hold_trial,0.4,20,314.3279999999995,2,1000,1,400.0,1.0,48.0,2,1,2,1,2,1,2,1,False,1,1,0,1,1,0,hold,True
s01-r4-hold_trial-0.4,1,4,hold_trial-0.4,hold_trial,0.4,21,347.0,1,1000,1,400.0,1.0,48.0,1,1,1,1,1,1,1,1,False,1,1,0,1,1,0,hold,True
s01-r4-hold_trial-0.4,1,4,hold_trial-0.4,hold_trial,0.4,22,354.6239999999998,2,1000,1,400.0,1.0,48.0,2,1,2,1,2,1,2,1,False,1,1,0,1,1,0,hold,True
s01-r4-hold_trial-0.4,1,4,hold_trial-0.4,hold_trial,0.4,23,370.79199999999946,2,1000,1,400.0,1.0,48.0,1,1,1,1,2,1,2,1,False,0,0,0,1,1,0,hold,True
s02-r0-hold_trial-0.1,2,0,hold_trial-0.1,hold_trial,0.1,0,1.0,1,1000,1,100.0,1.0,48.0,1,1,1,1,2,1,2,1,False,1,1,0,0,0,0,hold,True
s02-r0-hold_trial-0.1,2,0,hold_trial-0.1,hold_trial,0.1,1,9.012000000000173,2,1000,1,100.0,1.0,48.0,2,1,2,1,2,1,2,1,False,1,1,0,1,1,0,hold,True
s02-r0-hold_trial-0.1,2,0,hold_trial-0.1,hold_trial,0.1,2,16.684000000000196,2,1000,1,100.0,1.0,48.0,1,1,1,1,2,1,2,1,False,0,0,0,1,1,0,hold,True
s02-r0-hold_trial-0.1,2,0,hold_trial-0.1,hold_trial,0.1,3,24.49200000000019,1,1000,1,100.0,1.0,48.0,2,1,2,1,1,1,1,1,False,0,0,0,1,1,0,hold,True
s02-r0-hold_trial-0.1,2,0,hold_trial-0.1,hold_trial,0.1,4,32.52399999999989,2,1000,1,100.0,1.0,48.0,1,1,2,1,2,1,1,1,False,0,1,1,1,0,1,hold,True
s02-r0-hold_trial-0.1,2,0,hold_trial-0.1,hold_trial,0.1,5,40.96799999999985,1,1000,1,100.0,1.0,48.0,1,1,1,1,1,1,1,1,False,1,1,0,1,1,0,hold,True
s02-r0-hold_trial-0.1,2,0,hold_trial-0.1,hold_trial,0.1,6,48.63599999999997,2,1000,1,100.0,1.0,48.0,1,1,1,1,1,1,1,1,False,0,0,0,0,0,0,hold,True
s02-r0-hold_trial-0.1,2,0,hold_trial-0.1,hold_trial,0.1,7,64.55999999999995,2,1000,1,100.0,1.0,48.0,1,1,1,1,1,1,1,1,False,0,0,0,0,0,0,hold,True
s02-r0-hold_trial-0.1,2,0,hold_trial-0.1,hold_trial,0.1,8,80.17599999999993,1,1000,1,100.0,1.0,48.0,2,1,1,1,1,1,2,1,False,0,1,1,1,0,1,hold,True
s02-r0-hold_trial-0.1,2,0,hold_trial-0.1,hold_trial,0.1,9,95.64399999999978,2,1000,1,100.0,1.0,48.0,2,1,2,1,2,1,1,1,False,1,1,0,1,0,1,hold,True
s02-r0-hold_trial-0.1,2,0,hold_trial-0.1,hold_trial,0.1,10,103.42000000000009,1,1000,1,100.0,1.0,48.0,1,1,1,1,1,1,1,1,False,1,1,0,1,1,0,hold,True
s02-r0-hold_trial-0.1,2,0,hold_trial-0.1,hold_trial,0.1,11,152.4720000000002,1,1000,1,100.0,1.0,48.0,2,1,2,1,1,1,1,1,False,0,0,0,1,1,0,hold,True
s02-r0-hold_trial-0.1,2,0,hold_trial-0.1,hold_trial,0.1,12,169.07200000000012,2,1000,1,100.0,1.0,48.0,2,1,2,1,2,1,2,1,False,1,1,0,1,1,0,hold,True
s02-r0-hold_trial-0.1,2,0,hold_trial-0.1,hold_trial,0.1,13,176.7199999999998,1,1000,1,100.0,1.0,48.0,1,1,2,1,2,1,2,1,False,1,0,1,0,0,0,hold,True
s02-r0-hold_trial-0.1,2,0,hold_trial-0.1,hold_trial,0.1,14,184.84400000000005,1,1000,1,100.0,1.0,48.0,1,1,1,1,1,1,1,1,False,1,1,0,1,1,0,hold,True
s02-r0-hold_trial-0.1,2,0,hold_trial-0.1,hold_trial,0.1,15,208.91600000000017,1,1000,1,100.0,1.0,48.0,2,1,2,1,2,1,2,1,False,0,0,0,0,0,0,hold,True
s02-r0-hold_trial-0.1,2,0,hold_trial-0.1,hold_trial,0.1,16,241.2199999999998,1,1000,1,100.0,1.0,48.0,2,1,2,1,1,1,2,1,False,0,0,0,1,0,1,hold,True
s02-r0-hold_trial-0.1,2,0,hold_trial-0.1,hold_trial,0.1,17,249.6480000000001,2,1000,1,100.0,1.0,48.0,2,1,2,1,1,1,1,1,False,1,1,0,0,0,0,hold,True
s02-r0-hold_trial-0.1,2,0,hold_trial-0.1,hold_trial,0.1,18,258.0160000000001,1,1000,1,100.0,1.0,48.0,1,1,1,1,1,1,1,1,False,1,1,0,1,1,0,hold,True
s02-r0-hold_trial-0.1,2,0,hold_trial-0.1,hold_trial,0.1,19,266.3800000000001,2,1000,1,100.0,1.0,48.0,2,1,2,1,1,1,2,1,False,1,1,0,0,1,1,hold,True
s02-r0-hold_trial-0.1,2,0,hold_trial-0.1,hold_trial,0.1,20,274.55200000000013,2,1000,1,100.0,1.0,48.0,2,1,2,1,2,1,2,1,False,1,1,0,1,1,0,hold,True
s02-r0-hold_trial-0.1,2,0,hold_trial-0.1,hold_trial,0.1,21,282.808,1,1000,1,100.0,1.0,48.0,2,1,2,1,1,1,1,1,False,0,0,0,1,1,0,hold,True
s02-r0-hold_trial-0.1,2,0,hold_trial-0.1,hold_trial,0.1,22,290.8879999999999,2,1000,1,100.0,1.0,48.0,1,1,1,1,1,1,1,1,False,0,0,0,0,0,0,hold,True
s02-r0-hold_trial-0.1,2,0,hold_trial-0.1,hold_trial,0.1,23,306.62800000000016,2,1000,1,100.0,1.0,48.0,2,1,2,1,2,1,2,1,False,1,1,0,1,1,0,hold,True
s02-r0-hold_trial-0.25,2,0,hold_trial-0.25,hold_trial,0.25,0,1.0,1,1000,1,250.0,1.0,48.0,1,1,1,1,2,1,2,1,False,1,1,0,0,0,0,hold,True
s02-r0-hold_trial-0.25,2,0,hold_trial-0.25,hold_trial,0.25,1,9.012000000000173,2,1000,1,250.0,1.0,48.0,2,1,2,1,2,1,2,1,False,1,1,0,1,1,0,hold,True
s02-r0-hold_trial-0.25,2,0,hold_trial-0.25,hold_trial,0.25,2,16.684000000000196,2,1000,1,250.0,1.0,48.0,1,1,1,1,2,1,2,1,False,0,0,0,1,1,0,hold,True
s02-r0-hold_trial-0.25,2,0,hold_trial-0.25,hold_trial,0.25,3,24.49200000000019,1,1000,1,250.0,1.0,48.0,2,1,2,1,1,1,1,1,False,0,0,0,1,1,0,hold,True
s02-r0-hold_trial-0.25,2,0,hold_trial-0.25,hold_trial,0.25,4,32.52399999999989,2,1000,1,250.0,1.0,48.0,2,1,2,1,1,1,1,1,False,1,1,0,0,0,0,hold,True
s02-r0-hold_trial-0.25,2,0,hold_trial-0.25,hold_trial,0.25,5,40.96799999999985,1,1000,1,250.0,1.0,48.0,1,1,1,1,1,1,1,1,False,1,1,0,1,1,0,hold,True
s02-r0-hold_trial-0.25,2,0,hold_trial-0.25,hold_trial,0.25,6,48.63599999999997,2,1000,1,250.0,1.0,48.0,1,1,1,1,1,1,1,1,False,0,0,0,0,0,0,hold,True
s02-r0-hold_trial-0.25,2,0,hold_trial-0.25,hold_trial,0.25,7,64.55999999999995,2,1000,1,250.0,1.0,48.0,1,1,1,1,1,1,1,1,False,0,0,0,0,0,0,hold,True
s02-r0-hold_trial-0.25,2,0,hold_trial-0.25,hold_trial,0.25,8,80.17599999999993,1,1000,1,250.0,1.0,48.0,1,1,1,1,1,1,2,1,False,1,1,0,1,0,1,hold,True
s02-r0-hold_trial-0.25,2,0,hold_trial-0.25,hold_trial,0.25,9,95.64399999999978,2,1000,1,250.0,1.0,48.0,2,1,2,1,2,1,1,1,False,1,1,0,1,0,1,hold,True
s02-r0-hold_trial-0.25,2,0,hold_trial-0.25,hold_trial,0.25,10,103.42000000000009,1,1000,1,250.0,1.0,48.0,1,1,1,1,1,1,1,1,False,1,1,0,1,1,0,hold,True
s02-r0-hold_trial-0.25,2,0,hold_trial-0.25,hold_trial,0.25,11,152.4720000000002,1,1000,1,250.0,1.0,48.0,2,1,2,1,1,1,1,1,False,0,0,0,1,1,0,hold,True
s02-r0-hold_trial-0.25,2,0,hold_trial-0.25,hold_trial,0.25,12,169.07200000000012,2,1000,1,250.0,1.0,48.0,2,1,2,1,2,1,2,1,False,1,1,0,1,1,0,hold,True
s02-r0-hold_trial-0.25,2,0,hold_trial-0.25,hold_trial,0.25,13,176.7199999999998,1,1000,1,250.0,1.0,48.0,2,1,2,1,1,1,2,1,False,0,0,0,1,0,1,hold,True
s02-r0-hold_trial-0.25,2,0,hold_trial-0.25,hold_trial,0.25,14,184.84400000000005,1,1000,1,250.0,1.0,48.0,1,1,1,1,2,1,1,1,False,1,1,0,0,1,1,hold,True
s02-r0-hold_trial-0.25,2,0,hold_trial-0.25,hold_trial,0.25,15,208.91600000000017,1,1000,1,250.0,1.0,48.0,2,1,2,1,2,1,2,1,False,0,0,0,0,0,0,hold,True
s02-r0-hold_trial-0.25,2,0,hold_trial-0.25,hold_trial,0.25,16,241.2199999999998,1,1000,1,250.0,1.0,48.0,2,1,2,1,1,1,2,1,False,0,0,0,1,0,1,hold,True
s02-r0-hold_trial-0.25,2,0,hold_trial-0.25,hold_trial,0.25,17,249.6480000000001,2,1000,1,250.0,1.0,48.0,2,1,2,1,2,1,1,1,False,1,1,0,1,0,1,hold,True
s02-r0-hold_trial-0.25,2,0,hold_trial-0.25,hold_trial,0.25,18,258.0160000000001,1,1000,1,250.0,1.0,48.0,1,1,1,1,1,1,1,1,False,1,1,0,1,1,0,hold,True
s02-r0-hold_trial-0.25,2,0,hold_trial-0.25,hold_trial,0.25,19,266.3800000000001,2,1000,1,250.0,1.0,48.0,2,1,2,1,1,1,2,1,False,1,1,0,0,1,1,hold,True
s02-r0-hold_trial-0.25,2,0,hold_trial-0.25,hold_trial,0.25,20,274.55200000000013,2,1000,1,250.0,1.0,48.0,2,1,2,1,2,1,2,1,False,1,1,0,1,1,0,hold,True
s02-r0-hold_trial-0.25,2,0,hold_trial-0.25,hold_trial,0.25,21,282.808,1,1000,1,250.0,1.0,48.0,2,1,2,1,1,1,1,1,False,0,0,0,1,1,0,hold,True
s02-r0-hold_trial-0.25,2,0,hold_trial-0.25,hold_trial,0.25,22,290.8879999999999,2,1000,1,250.0,1.0,48.0,1,1,1,1,1,1,1,1,False,0,0,0,0,0,0,hold,True
s02-r0-hold_trial-0.25,2,0,hold_trial-0.25,hold_trial,0.25,23,306.62800000000016,2,1000,1,250.0,1.0,48.0,2,1,2,1,2,1,2,1,False,1,1,0,1,1,0,hold,True
s02-r0-hold_trial-0.4,2,0,hold_trial-0.4,hold_trial,0.4,0,1.0,1,1000,1,400.0,1.0,48.0,1,1,1,1,2,1,2,1,False,1,1,0,0,0,0,hold,True
s02-r0-hold_trial-0.4,2,0,hold_trial-0.4,hold_trial,0.4,1,9.012000000000173,2,1000,1,400.0,1.0,48.0,2,1,2,1,1,1,2,1,False,1,1,0,0,1,1,hold,True
s02-r0-hold_trial-0.4,2,0,hold_trial-0.4,hold_trial,0.4,2,16.684000000000196,2,1000,1,400.0,1.0,48.0,2,1,1,1,2,1,2,1,False,1,0,1,1,1,0,hold,True
s02-r0-hold_trial-0.4,2,0,hold_trial-0.4,hold_trial,0.4,3,24.49200000000019,1,1000,1,400.0,1.0,48.0,2,1,2,1,2,1,1,1,False,0,0,0,0,1,1,hold,True
s02-r0-hold_trial-0.4,2,0,hold_trial-0.4,hold_trial,0.4,4,32.52399999999989,2,1000,1,400.0,1.0,48.0,2,1,2,1,1,1,1,1,False,1,1,0,0,0,0,hold,True
s02-r0-hold_trial-0.4,2,0,hold_trial-0.4,hold_trial,0.4,5,40.96799999999985,1,1000,1,400.0,1.0,48.0,2,1,1,1,1,1,1,1,False,0,1,1,1,1,0,hold,True
s02-r0-hold_trial-0.4,2,0,hold_trial-0.4,hold_trial,0.4,6,48.63599999999997,2,1000,1,400.0,1.0,48.0,2,1,1,1,1,1,1,1,False,1,0,1,0,0,0,hold,True
s02-r0-hold_trial-0.4,2,0,hold_trial-0.4,hold_trial,0.4,7,64.55999999999995,2,1000,1,400.0,1.0,48.0,2,1,1,1,1,1,1,1,False,1,0,1,0,0,0,hold,True
s02-r0-hold_trial-0.4,2,0,hold_trial-0.4,hold_trial,0.4,8,80.17599999999993,1,1000,1,400.0,1.0,48.0,1,1,1,1,1,1,2,1,False,1,1,0,1,0,1,hold,True
s02-r0-hold_trial-0.4,2,0,hold_trial-0.4,hold_trial,0.4,9,95.64400000000025,2,1000,1,400.0,1.0,48.0,2,1,2,1,1,1,1,1,False,1,1,0,0,0,0,hold,True
s02-r0-hold_trial-0.4,2,0,hold_trial-0.4,hold_trial,0.4,10,103.42000000000009,1,1000,1,400.0,1.0,48.0,1,1,1,1,2,1,1,1,False,1,1,0,0,1,1,hold,True
s02-r0-hold_trial-0.4,2,0,hold_trial-0.4,hold_trial,0.4,11,152.4720000000002,1,1000,1,400.0,1.0,48.0,1,1,2,1,1,1,1,1,False,1,0,1,1,1,0,hold,True
s02-r0-hold_trial-0.4,2,0,hold_trial-0.4,hold_trial,0.4,12,169.07200000000012,2,1000,1,400.0,1.0,48.0,2,1,2,1,2,1,2,1,False,1,1,0,1,1,0,hold,True
s02-r0-hold_trial-0.4,2,0,hold_trial-0.4,hold_trial,0.4,13,176.7199999999998,1,1000,1,400.0,1.0,48.0,1,1,2,1,2,1,2,1,False,1,0,1,0,0,0,hold,True
s02-r0-hold_trial-0.4,2,0,hold_trial-0.4,hold_trial,0.4,14,184.84400000000005,1,1000,1,400.0,1.0,48.0,1,1,1,1,2,1,1,1,False,1,1,0,0,1,1,hold,True
s02-r0-hold_trial-0.4,2,0,hold_trial-0.4,hold_trial,0.4,15,208.91600000000017,1,1000,1,400.0,1.0,48.0,2,1,2,1,2,1,2,1,False,0,0,0,0,0,0,hold,True
s02-r0-hold_trial-0.4,2,0,hold_trial-0.4,hold_trial,0.4,16,241.2199999999998,1,1000,1,400.0,1.0,48.0,2,1,2,1,1,1,2,1,False,0,0,0,1,0,1,hold,True
s02-r0-hold_trial-0.4,2,0,hold_trial-0.4,hold_trial,0.4,17,249.6480000000001,2,1000,1,400.0,1.0,48.0,2,1,2,1,1,1,1,1,False,1,1,0,0,0,0,hold,True
s02-r0-hold_trial-0.4,2,0,hold_trial-0.4,hold_trial,0.4,18,258.0160000000001,1,1000,1,400.0,1.0,48.0,1,1,1,1,1,1,1,1,False,1,1,0,1,1,0,hold,True
s02-r0-hold_trial-0.4,2,0,hold_trial-0.4,hold_trial,0.4,19,266.3800000000001,2,1000,1,400.0,1.0,48.0,1,1,2,1,1,1,2,1,False,0,1,1,0,1,1,hold,True
s02-r0-hold_trial-0.4,2,0,hold_trial-0.4,hold_trial,0.4,20,274.55200000000013,2,1000,1,400.0,1.0,48.0,2,1,2,1,2,1,2,1,False,1,1,0,1,1,0,hold,True
s02-r0-hold_trial-0.4,2,0,hold_trial-0.4,hold_trial,0.4,21,282.808,1,1000,1,400.0,1.0,48.0,2,1,2,1,2,1,1,1,False,0,0,0,0,1,1,hold,True
s02-r0-hold_trial-0.4,2,0,hold_trial-0.4,hold_trial,0.4,22,290.8879999999999,2,1000,1,400.0,1.0,48.0,1,1,1,1,1,1,1,1,False,0,0,0,0,0,0,hold,True
s02-r0-hold_trial-0.4,2,0,hold_trial-0.4,hold_trial,0.4,23,306.62800000000016,2,1000,1,400.0,1.0,48.0,2,1,2,1,2,1,2,1,False,1,1,0,1,1,0,hold,True
s02-r1-hold_trial-0.1,2,1,hold_trial-0.1,hold_trial,0.1,0,16.684000000000196,2,1000,1,100.0,1.0,48.0,1,1,1,1,1,1,1,1,False,0,0,0,0,0,0,hold,True
s02-r1-hold_trial-0.1,2,1,hold_trial-0.1,hold_trial,0.1,1,24.49200000000019,1,1000,1,100.0,1.0,48.0,1,1,1,1,2,1,2,1,False,1,1,0,0,0,0,hold,True
s02-r1-hold_trial-0.1,2,1,hold_trial-0.1,hold_trial,0.1,2,32.52400000000034,1,1000,1,100.0,1.0,48.0,1,1,1,1,1,1,1,1,False,1,1,0,1,1,0,hold,True
s02-r1-hold_trial-0.1,2,1,hold_trial-0.1,hold_trial,0.1,3,40.96799999999985,2,1000,1,100.0,1.0,48.0,1,1,1,1,1,1,2,1,False,0,0,0,0,1,1,hold,True
s02-r1-hold_trial-0.1,2,1,hold_trial-0.1,hold_trial,0.1,4,64.5600000000004,2,1000,1,100.0,1.0,48.0,1,1,1,1,2,1,2,1,False,0,0,0,1,1,0,hold,True
s02-r1-hold_trial-0.1,2,1,hold_trial-0.1,hold_trial,0.1,5,80.17600000000039,1,1000,1,100.0,1.0,48.0,1,1,1,1,2,1,2,1,False,1,1,0,0,0,0,hold,True
s02-r1-hold_trial-0.1,2,1,hold_trial-0.1,hold_trial,0.1,6,87.75600000000031,1,1000,1,100.0,1.0,48.0,1,1,1,1,2,1,1,1,False,1,1,0,0,1,1,hold,True
s02-r1-hold_trial-0.1,2,1,hold_trial-0.1,hold_trial,0.1,7,95.64400000000025,1,1000,1,100.0,1.0,48.0,1,1,1,1,1,1,1,1,False,1,1,0,1,1,0,hold,True
s02-r1-hold_trial-0.1,2,1,hold_trial-0.1,hold_trial,0.1,8,111.28799999999956,2,1000,1,100.0,1.0,48.0,1,1,1,1,2,1,2,1,False,0,0,0,1,1,0,hold,True
s02-r1-hold_trial-0.1,2,1,hold_trial-0.1,hold_trial,0.1,9,119.76800000000004,2,1000,1,100.0,1.0,48.0,2,1,2,1,2,1,2,1,False,1,1,0,1,1,0,hold,True
s02-r1-hold_trial-0.1,2,1,hold_trial-0.1,hold_trial,0.1,10,127.80000000000018,1,1000,1,100.0,1.0,48.0,1,1,1,1,1,1,1,1,False,1,1,0,1,1,0,hold,True
s02-r1-hold_trial-0.1,2,1,hold_trial-0.1,hold_trial,0.1,11,136.0640000000003,1,1000,1,100.0,1.0,48.0,1,1,1,1,1,1,1,1,False,1,1,0,1,1,0,hold,True
s02-r1-hold_trial-0.1,2,1,hold_trial-0.1,hold_trial,0.1,12,152.47199999999975,1,1000,1,100.0,1.0,48.0,1,1,1,1,1,1,2,1,False,1,1,0,1,0,1,hold,True
s02-r1-hold_trial-0.1,2,1,hold_trial-0.1,hold_trial,0.1,13,160.7520000000004,2,1000,1,100.0,1.0,48.0,2,1,2,1,2,1,1,1,False,1,1,0,1,0,1,hold,True
s02-r1-hold_trial-0.1,2,1,hold_trial-0.1,hold_trial,0.1,14,192.65599999999995,1,1000,1,100.0,1.0,48.0,1,1,1,1,2,1,1,1,False,1,1,0,0,1,1,hold,True
s02-r1-hold_trial-0.1,2,1,hold_trial-0.1,hold_trial,0.1,15,216.9319999999998,2,1000,1,100.0,1.0,48.0,2,1,2,1,2,1,2,1,False,1,1,0,1,1,0,hold,True
s02-r1-hold_trial-0.1,2,1,hold_trial-0.1,hold_trial,0.1,16,241.22000000000023,2,1000,1,100.0,1.0,48.0,2,1,2,1,2,1,2,1,False,1,1,0,1,1,0,hold,True
s02-r1-hold_trial-0.1,2,1,hold_trial-0.1,hold_trial,0.1,17,249.6480000000001,1,1000,1,100.0,1.0,48.0,1,1,1,1,1,1,2,1,False,1,1,0,1,0,1,hold,True
s02-r1-hold_trial-0.1,2,1,hold_trial-0.1,hold_trial,0.1,18,258.0159999999996,2,1000,1,100.0,1.0,48.0,2,1,2,1,2,1,2,1,False,1,1,0,1,1,0,hold,True
s02-r1-hold_trial-0.1,2,1,hold_trial-0.1,hold_trial,0.1,19,306.6279999999997,1,1000,1,100.0,1.0,48.0,2,1,2,1,2,1,2,1,False,0,0,0,0,0,0,hold,True
s02-r1-hold_trial-0.1,2,1,hold_trial-0.1,hold_trial,0.1,20,322.65200000000004,2,1000,1,100.0,1.0,48.0,2,1,2,1,1,1,1,1,False,1,1,0,0,0,0,hold,True
s02-r1-hold_trial-0.1,2,1,hold_trial-0.1,hold_trial,0.1,21,338.52400000000034,2,1000,1,100.0,1.0,48.0,2,1,2,1,1,1,1,1,False,1,1,0,0,0,0,hold,True
s02-r1-hold_trial-0.1,2,1,hold_trial-0.1,hold_trial,0.1,22,362.3360000000002,2,1000,1,100.0,1.0,48.0,2,1,1,1,1,1,1,1,False,1,0,1,0,0,0,hold,True
s02-r1-hold_trial-0.1,2,1,hold_trial-0.1,hold_trial,0.1,23,379.02800000000025,1,1000,1,100.0,1.0,48.0,2,1,2,1,1,1,2,1,False,0,0,0,1,0,1,hold,True
s02-r1-hold_trial-0.25,2,1,hold_trial-0.25,hold_trial,0.25,0,16.684000000000196,2,1000,1,250.0,1.0,48.0,1,1,1,1,1,1,1,1,False,0,0,0,0,0,0,hold,True
s02-r1-hold_trial-0.25,2,1,hold_trial-0.25,hold_trial,0.25,1,24.49200000000019,1,1000,1,250.0,1.0,48.0,1,1,1,1,2,1,2,1,False,1,1,0,0,0,0,hold,True
s02-r1-hold_trial-0.25,2,1,hold_trial-0.25,hold_trial,0.25,2,32.52400000000034,1,1000,1,250.0,1.0,48.0,1,1,1,1,1,1,1,1,False,1,1,0,1,1,0,hold,True
s02-r1-hold_trial-0.25,2,1,hold_trial-0.25,hold_trial,0.25,3,40.96799999999985,2,1000,1,250.0,1.0,48.0,1,1,1,1,2,1,2,1,False,0,0,0,1,1,0,hold,True
s02-r1-hold_trial-0.25,2,1,hold_trial-0.25,hold_trial,0.25,4,64.5600000000004,2,1000,1,250.0,1.0,48.0,1,1,1,1,2,1,2,1,False,0,0,0,1,1,0,hold,True
s02-r1-hold_trial-0.25,2,1,hold_trial-0.25,hold_trial,0.25,5,80.17600000000039,1,1000,1,250.0,1.0,48.0,1,1,1,1,2,1,2,1,False,1,1,0,0,0,0,hold,True
s02-r1-hold_trial-0.25,2,1,hold_trial-0.25,hold_trial,0.25,6,87.75600000000031,1,1000,1,250.0,1.0,48.0,1,1,1,1,2,1,1,1,False,1,1,0,0,1,1,hold,True
s02-r1-hold_trial-0.25,2,1,hold_trial-0.25,hold_trial,0.25,7,95.64400000000025,1,1000,1,250.0,1.0,48.0,1,1,1,1,1,1,1,1,False,1,1,0,1,1,0,hold,True
s02-r1-hold_trial-0.25,2,1,hold_trial-0.25,hold_trial,0.25,8,111.28799999999956,2,1000,1,250.0,1.0,48.0,1,1,1,1,1,1,2,1,False,0,0,0,0,1,1,hold,True
s02-r1-hold_trial-0.25,2,1,hold_trial-0.25,hold_trial,0.25,9,119.76800000000004,2,1000,1,250.0,1.0,48.0,2,1,2,1,2,1,2,1,False,1,1,0,1,1,0,hold,True
s02-r1-hold_trial-0.25,2,1,hold_trial-0.25,hold_trial,0.25,10,127.80000000000018,1,1000,1,250.0,1.0,48.0,1,1,1,1,1,1,1,1,False,1,1,0,1,1,0,hold,True
s02-r1-hold_trial-0.25,2,1,hold_trial-0.25,hold_trial,0.25,11,136.0640000000003,1,1000,1,250.0,1.0,48.0,2,1,1,1,1,1,1,1,False,0,1,1,1,1,0,hold,True
s02-r1-hold_trial-0.25,2,1,hold_trial-0.25,hold_trial,0.25,12,152.47199999999975,1,1000,1,250.0,1.0,48.0,1,1,1,1,2,1,2,1,False,1,1,0,0,0,0,hold,True
s02-r1-hold_trial-0.25,2,1,hold_trial-0.25,hold_trial,0.25,13,160.7520000000004,2,1000,1,250.0,1.0,48.0,2,1,2,1,1,1,1,1,False,1,1,0,0,0,0,hold,True
s02-r1-hold_trial-0.25,2,1,hold_trial-0.25,hold_trial,0.25,14,192.65599999999995,1,1000,1,250.0,1.0,48.0,1,1,1,1,1,1,1,1,False,1,1,0,1,1,0,hold,True
s02-r1-hold_trial-0.25,2,1,hold_trial-0.25,hold_trial,0.25,15,216.9319999999998,2,1000,1,250.0,1.0,48.0,2,1,2,1,2,1,2,1,False,1,1,0,1,1,0,hold,True
s02-r1-hold_trial-0.25,2,1,hold_trial-0.25,hold_trial,0.25,16,241.22000000000023,2,1000,1,250.0,1.0,48.0,1,1,2,1,2,1,2,1,False,0,1,1,1,1,0,hold,True
s02-r1-hold_trial-0.25,2,1,hold_trial-0.25,hold_trial,0.25,17,249.6480000000001,1,1000,1,250.0,1.0,48.0,1,1,1,1,2,1,2,1,False,1,1,0,0,0,0,hold,True
s02-r1-hold_trial-0.25,2,1,hold_trial-0.25,hold_trial,0.25,18,258.0159999999996,2,1000,1,250.0,1.0,48.0,2,1,2,1,2,1,2,1,False,1,1,0,1,1,0,hold,True
s02-r1-hold_trial-0.25,2,1,hold_trial-0.25,hold_trial,0.25,19,306.6279999999997,1,1000,1,250.0,1.0,48.0,2,1,2,1,1,1,2,1,False,0,0,0,1,0,1,hold,True
s02-r1-hold_trial-0.25,2,1,hold_trial-0.25,hold_trial,0.25,20,322.65200000000004,2,1000,1,250.0,1.0,48.0,2,1,2,1,1,1,1,1,False,1,1,0,0,0,0,hold,True
s02-r1-hold_trial-0.25,2,1,hold_trial-0.25,hold_trial,0.25,21,338.52400000000034,2,1000,1,250.0,1.0,48.0,2,1,2,1,1,1,1,1,False,1,1,0,0,0,0,hold,True
s02-r1-hold_trial-0.25,2,1,hold_trial-0.25,hold_trial,0.25,22,362.3360000000002,2,1000,1,250.0,1.0,48.0,1,1,1,1,2,1,1,1,False,0,0,0,1,0,1,hold,True
s02-r1-hold_trial-0.25,2,1,hold_trial-0.25,hold_trial,0.25,23,379.02800000000025,1,1000,1,250.0,1.0,48.0,1,1,2,1,2,1,2,1,False,1,0,1,0,0,0,hold,True
s02-r1-hold_trial-0.4,2,1,hold_trial-0.4,hold_trial,0.4,0,16.684000000000196,2,1000,1,400.0,1.0,48.0,1,1,1,1,1,1,1,1,False,0,0,0,0,0,0,hold,True
s02-r1-hold_trial-0.4,2,1,hold_trial-0.4,hold_trial,0.4,1,24.49200000000019,1,1000,1,400.0,1.0,48.0,1,1,1,1,1,1,2,1,False,1,1,0,1,0,1,hold,True
s02-r1-hold_trial-0.4,2,1,hold_trial-0.4,hold_trial,0.4,2,32.52400000000034,1,1000,1,400.0,1.0,48.0,1,1,1,1,2,1,1,1,False,1,1,0,0,1,1,hold,True
s02-r1-hold_trial-0.4,2,1,hold_trial-0.4,hold_trial,0.4,3,40.96799999999985,2,1000,1,400.0,1.0,48.0,1,1,1,1,2,1,2,1,False,0,0,0,1,1,0,hold,True
s02-r1-hold_trial-0.4,2,1,hold_trial-0.4,hold_trial,0.4,4,64.5600000000004,2,1000,1,400.0,1.0,48.0,1,1,1,1,2,1,2,1,False,0,0,0,1,1,0,hold,True
s02-r1-hold_trial-0.4,2,1,hold_trial-0.4,hold_trial,0.4,5,80.17600000000039,1,1000,1,400.0,1.0,48.0,1,1,1,1,1,1,2,1,False,1,1,0,1,0,1,hold,True
s02-r1-hold_trial-0.4,2,1,hold_trial-0.4,hold_trial,0.4,6,87.75600000000031,1,1000,1,400.0,1.0,48.0,1,1,1,1,1,1,1,1,False,1,1,0,1,1,0,hold,True
s02-r1-hold_trial-0.4,2,1,hold_trial-0.4,hold_trial,0.4,7,95.64400000000025,1,1000,1,400.0,1.0,48.0,1,1,1,1,1,1,1,1,False,1,1,0,1,1,0,hold,True
s02-r1-hold_trial-0.4,2,1,hold_trial-0.4,hold_trial,0.4,8,111.28799999999956,2,1000,1,400.0,1.0,48.0,1,1,1,1,1,1,2,1,False,0,0,0,0,1,1,hold,True
s02-r1-hold_trial-0.4,2,1,hold_trial-0.4,hold_trial,0.4,9,119.76800000000004,2,1000,1,400.0,1.0,48.0,2,1,2,1,2,1,2,1,False,1,1,0,1,1,0,hold,True
s02-r1-hold_trial-0.4,2,1,hold_trial-0.4,hold_trial,0.4,10,127.80000000000018,1,1000,1,400.0,1.0,48.0,1,1,1,1,1,1,1,1,False,1,1,0,1,1,0,hold,True
s02-r1-hold_trial-0.4,2,1,hold_trial-0.4,hold_trial,0.4,11,136.0640000000003,1,1000,1,400.0,1.0,48.0,2,1,1,1,1,1,1,1,False,0,1,1,1,1,0,hold,True
s02-r1-hold_trial-0.4,2,1,hold_trial-0.4,hold_trial,0.4,12,152.47199999999975,1,1000,1,400.0,1.0,48.0,1,1,1,1,2,1,2,1,False,1,1,0,0,0,0,hold,True
s02-r1-hold_trial-0.4,2,1,hold_trial-0.4,hold_trial,0.4,13,160.7520000000004,2,1000,1,400.0,1.0,48.0,2,1,2,1,1,1,1,1,False,1,1,0,0,0,0,hold,True
s02-r1-hold_trial-0.4,2,1,hold_trial-0.4,hold_trial,0.4,14,192.65599999999995,1,1000,1,400.0,1.0,48.0,1,1,1,1,2,1,1,1,False,1,1,0,0,1,1,hold,True
s02-r1-hold_trial-0.4,2,1,hold_trial-0.4,hold_trial,0.4,15,216.9319999999998,2,1000,1,400.0,1.0,48.0,2,1,2,1,1,1,2,1,False,1,1,0,0,1,1,hold,True
s02-r1-hold_trial-0.4,2,1,hold_trial-0.4,hold_trial,0.4,16,241.22000000000023,2,1000,1,400.0,1.0,48.0,1,1,2,1,2,1,2,1,False,0,1,1,1,1,0,hold,True
s02-r1-hold_trial-0.4,2,1,hold_trial-0.4,hold_trial,0.4,17,249.6480000000001,1,1000,1,400.0,1.0,48.0,1,1,1,1,1,1,2,1,False,1,1,0,1,0,1,hold,True
s02-r1-hold_trial-0.4,2,1,hold_trial-0.4,hold_trial,0.4,18,258.0159999999996,2,1000,1,400.0,1.0,48.0,1,1,2,1,2,1,2,1,False,0,1,1,1,1,0,hold,True
s02-r1-hold_trial-0.4,2,1,hold_trial-0.4,hold_trial,0.4,19,306.6279999999997,1,1000,1,400.0,1.0,48.0,1,1,2,1,2,1,2,1,False,1,0,1,0,0,0,hold,True
s02-r1-hold_trial-0.4,2,1,hold_trial-0.4,hold_trial,0.4,20,322.65200000000004,2,1000,1,400.0,1.0,48.0,2,1,2,1,1,1,1,1,False,1,1,0,0,0,0,hold,True
s02-r1-hold_trial-0.4,2,1,hold_trial-0.4,hold_trial,0.4,21,338.52400000000034,2,1000,1,400.0,1.0,48.0,2,1,2,1,1,1,1,1,False,1,1,0,0,0,0,hold,True
s02-r1-hold_trial-0.4,2,1,hold_trial-0.4,hold_trial,0.4,22,362.3360000000002,2,1000,1,400.0,1.0,48.0,2,1,1,1,1,1,1,1,False,1,0,1,0,0,0,hold,True
s02-r1-hold_trial-0.4,2,1,hold_trial-0.4,hold_trial,0.4,23,379.02800000000025,1,1000,1,400.0,1.0,48.0,2,1,2,1,2,1,2,1,False,0,0,0,0,0,0,hold,True
s02-r2-hold_trial-0.1,2,2,hold_trial-0.1,hold_trial,0.1,0,1.0,1,1000,1,100.0,1.0,48.0,1,1,1,1,2,1,2,1,False,1,1,0,0,0,0,hold,True
s02-r2-hold_trial-0.1,2,2,hold_trial-0.1,hold_trial,0.1,1,9.011999999999716,1,1000,1,100.0,1.0,48.0,1,1,1,1,2,1,2,1,False,1,1,0,0,0,0,hold,True
s02-r2-hold_trial-0.1,2,2,hold_trial-0.1,hold_trial,0.1,2,24.49200000000019,2,1000,1,100.0,1.0,48.0,1,1,1,1,1,1,1,1,False,0,0,0,0,0,0,hold,True
s02-r2-hold_trial-0.1,2,2,hold_trial-0.1,hold_trial,0.1,3,32.52400000000034,1,1000,1,100.0,1.0,48.0,1,1,1,1,2,1,2,1,False,1,1,0,0,0,0,hold,True
s02-r2-hold_trial-0.1,2,2,hold_trial-0.1,hold_trial,0.1,4,48.63600000000042,1,1000,1,100.0,1.0,48.0,1,1,1,1,2,1,2,1,False,1,1,0,0,0,0,hold,True
s02-r2-hold_trial-0.1,2,2,hold_trial-0.1,hold_trial,0.1,5,64.5600000000004,2,1000,1,100.0,1.0,48.0,1,1,1,1,1,1,1,1,False,0,0,0,0,0,0,hold,True
s02-r2-hold_trial-0.1,2,2,hold_trial-0.1,hold_trial,0.1,6,80.17600000000039,1,1000,1,100.0,1.0,48.0,1,1,1,1,1,1,1,1,False,1,1,0,1,1,0,hold,True
s02-r2-hold_trial-0.1,2,2,hold_trial-0.1,hold_trial,0.1,7,103.42000000000009,1,1000,1,100.0,1.0,48.0,1,1,1,1,1,1,1,1,False,1,1,0,1,1,0,hold,True
s02-r2-hold_trial-0.1,2,2,hold_trial-0.1,hold_trial,0.1,8,119.76800000000004,2,1000,1,100.0,1.0,48.0,1,1,1,1,1,1,1,1,False,0,0,0,0,0,0,hold,True
s02-r2-hold_trial-0.1,2,2,hold_trial-0.1,hold_trial,0.1,9,160.7520000000004,1,1000,1,100.0,1.0,48.0,1,1,1,1,1,1,1,1,False,1,1,0,1,1,0,hold,True
s02-r2-hold_trial-0.1,2,2,hold_trial-0.1,hold_trial,0.1,10,176.72000000000023,2,1000,1,100.0,1.0,48.0,1,1,1,1,1,1,1,1,False,0,0,0,0,0,0,hold,True
s02-r2-hold_trial-0.1,2,2,hold_trial-0.1,hold_trial,0.1,11,192.65599999999995,2,1000,1,100.0,1.0,48.0,1,1,1,1,1,1,1,1,False,0,0,0,0,0,0,hold,True
s02-r2-hold_trial-0.1,2,2,hold_trial-0.1,hold_trial,0.1,12,200.5,1,1000,1,100.0,1.0,48.0,1,1,1,1,1,1,1,1,False,1,1,0,1,1,0,hold,True
s02-r2-hold_trial-0.1,2,2,hold_trial-0.1,hold_trial,0.1,13,216.9319999999998,2,1000,1,100.0,1.0,48.0,1,1,1,1,2,1,2,1,False,0,0,0,1,1,0,hold,True
s02-r2-hold_trial-0.1,2,2,hold_trial-0.1,hold_trial,0.1,14,224.83200000000036,1,1000,1,100.0,1.0,48.0,1,1,1,1,2,1,2,1,False,1,1,0,0,0,0,hold,True
s02-r2-hold_trial-0.1,2,2,hold_trial-0.1,hold_trial,0.1,15,249.6480000000001,1,1000,1,100.0,1.0,48.0,1,1,1,1,2,1,2,1,False,1,1,0,0,0,0,hold,True
s02-r2-hold_trial-0.1,2,2,hold_trial-0.1,hold_trial,0.1,16,282.808,2,1000,1,100.0,1.0,48.0,2,1,2,1,1,1,2,1,False,1,1,0,0,1,1,hold,True
s02-r2-hold_trial-0.1,2,2,hold_trial-0.1,hold_trial,0.1,17,290.8879999999999,1,1000,1,100.0,1.0,48.0,2,1,2,1,1,1,1,1,False,0,0,0,1,1,0,hold,True
s02-r2-hold_trial-0.1,2,2,hold_trial-0.1,hold_trial,0.1,18,298.77599999999984,2,1000,1,100.0,1.0,48.0,1,1,1,1,1,1,1,1,False,0,0,0,0,0,0,hold,True
s02-r2-hold_trial-0.1,2,2,hold_trial-0.1,hold_trial,0.1,19,314.3279999999995,2,1000,1,100.0,1.0,48.0,1,1,1,1,1,1,1,1,False,0,0,0,0,0,0,hold,True
s02-r2-hold_trial-0.1,2,2,hold_trial-0.1,hold_trial,0.1,20,338.52400000000034,2,1000,1,100.0,1.0,48.0,1,1,1,1,1,1,1,1,False,0,0,0,0,0,0,hold,True
s02-r2-hold_trial-0.1,2,2,hold_trial-0.1,hold_trial,0.1,21,347.0,2,1000,1,100.0,1.0,48.0,2,1,2,1,2,1,2,1,False,1,1,0,1,1,0,hold,True
s02-r2-hold_trial-0.1,2,2,hold_trial-0.1,hold_trial,0.1,22,354.6239999999998,2,1000,1,100.0,1.0,48.0,1,1,1,1,2,1,2,1,False,0,0,0,1,1,0,hold,True
s02-r2-hold_trial-0.1,2,2,hold_trial-0.1,hold_trial,0.1,23,379.02800000000025,1,1000,1,100.0,1.0,48.0,2,1,2,1,1,1,1,1,False,0,0,0,1,1,0,hold,True
s02-r2-hold_trial-0.25,2,2,hold_trial-0.25,hold_trial,0.25,0,1.0,1,1000,1,250.0,1.0,48.0,1,1,1,1,1,1,2,1,False,1,1,0,1,0,1,hold,True
s02-r2-hold_trial-0.25,2,2,hold_trial-0.25,hold_trial,0.25,1,9.011999999999716,1,1000,1,250.0,1.0,48.0,1,1,1,1,2,1,2,1,False,1,1,0,0,0,0,hold,True
s02-r2-hold_trial-0.25,2,2,hold_trial-0.25,hold_trial,0.25,2,24.49200000000019,2,1000,1,250.0,1.0,48.0,1,1,1,1,2,1,1,1,False,0,0,0,1,0,1,hold,True
s02-r2-hold_trial-0.25,2,2,hold_trial-0.25,hold_trial,0.25,3,32.52400000000034,1,1000,1,250.0,1.0,48.0,1,1,1,1,2,1,2,1,False,1,1,0,0,0,0,hold,True
s02-r2-hold_trial-0.25,2,2,hold_trial-0.25,hold_trial,0.25,4,48.63600000000042,1,1000,1,250.0,1.0,48.0,1,1,1,1,2,1,2,1,False,1,1,0,0,0,0,hold,True
s02-r2-hold_trial-0.25,2,2,hold_trial-0.25,hold_trial,0.25,5,64.5600000000004,2,1000,1,250.0,1.0,48.0,1,1,1,1,1,1,1,1,False,0,0,0,0,0,0,hold,True
s02-r2-hold_trial-0.25,2,2,hold_trial-0.25,hold_trial,0.25,6,80.17600000000039,1,1000,1,250.0,1.0,48.0,1,1,1,1,2,1,1,1,False,1,1,0,0,1,1,hold,True
s02-r2-hold_trial-0.25,2,2,hold_trial-0.25,hold_trial,0.25,7,103.42000000000009,1,1000,1,250.0,1.0,48.0,1,1,1,1,1,1,1,1,False,1,1,0,1,1,0,hold,True
s02-r2-hold_trial-0.25,2,2,hold_trial-0.25,hold_trial,0.25,8,119.76800000000004,2,1000,1,250.0,1.0,48.0,1,1,1,1,1,1,1,1,False,0,0,0,0,0,0,hold,True
s02-r2-hold_trial-0.25,2,2,hold_trial-0.25,hold_trial,0.25,9,160.7520000000004,1,1000,1,250.0,1.0,48.0,1,1,1,1,1,1,1,1,False,1,1,0,1,1,0,hold,True
s02-r2-hold_trial-0.25,2,2,hold_trial-0.25,hold_trial,0.25,10,176.72000000000023,2,1000,1,250.0,1.0,48.0,2,1,1,1,1,1,1,1,False,1,0,1,0,0,0,hold,True
s02-r2-hold_trial-0.25,2,2,hold_trial-0.25,hold_trial,0.25,11,192.65599999999995,2,1000,1,250.0,1.0,48.0,1,1,1,1,1,1,1,1,False,0,0,0,0,0,0,hold,True
s02-r2-hold_trial-0.25,2,2,hold_trial-0.25,hold_trial,0.25,12,200.5,1,1000,1,250.0,1.0,48.0,1,1,1,1,1,1,1,1,False,1,1,0,1,1,0,hold,True
s02-r2-hold_trial-0.25,2,2,hold_trial-0.25,hold_trial,0.25,13,216.9319999999998,2,1000,1,250.0,1.0,48.0,1,1,1,1,2,1,2,1,False,0,0,0,1,1,0,hold,True
s02-r2-hold_trial-0.25,2,2,hold_trial-0.25,hold_trial,0.25,14,224.83200000000036,1,1000,1,250.0,1.0,48.0,1,1,1,1,1,1,2,1,False,1,1,0,1,0,1,hold,True
s02-r2-hold_trial-0.25,2,2,hold_trial-0.25,hold_trial,0.25,15,249.6480000000001,1,1000,1,250.0,1.0,48.0,1,1,1,1,2,1,2,1,False,1,1,0,0,0,0,hold,True
s02-r2-hold_trial-0.25,2,2,hold_trial-0.25,hold_trial,0.25,16,282.808,2,1000,1,250.0,1.0,48.0,2,1,2,1,2,1,2,1,False,1,1,0,1,1,0,hold,True
s02-r2-hold_trial-0.25,2,2,hold_trial-0.25,hold_trial,0.25,17,290.8879999999999,1,1000,1,250.0,1.0,48.0,2,1,2,1,1,1,1,1,False,0,0,0,1,1,0,hold,True
s02-r2-hold_trial-0.25,2,2,hold_trial-0.25,hold_trial,0.25,18,298.77599999999984,2,1000,1,250.0,1.0,48.0,1,1,1,1,2,1,1,1,False,0,0,0,1,0,1,hold,True
s02-r2-hold_trial-0.25,2,2,hold_trial-0.25,hold_trial,0.25,19,314.32800000000043,2,1000,1,250.0,1.0,48.0,2,1,1,1,1,1,1,1,False,1,0,1,0,0,0,hold,True
s02-r2-hold_trial-0.25,2,2,hold_trial-0.25,hold_trial,0.25,20,338.52400000000034,2,1000,1,250.0,1.0,48.0,1,1,1,1,1,1,1,1,False,0,0,0,0,0,0,hold,True
s02-r2-hold_trial-0.25,2,2,hold_trial-0.25,hold_trial,0.25,21,347.0,2,1000,1,250.0,1.0,48.0,2,1,2,1,2,1,2,1,False,1,1,0,1,1,0,hold,True
s02-r2-hold_trial-0.25,2,2,hold_trial-0.25,hold_trial,0.25,22,354.6239999999998,2,1000,1,250.0,1.0,48.0,1,1,1,1,2,1,2,1,False,0,0,0,1,1,0,hold,True
s02-r2-hold_trial-0.25,2,2,hold_trial-0.25,hold_trial,0.25,23,379.02800000000025,1,1000,1,250.0,1.0,48.0,1,1,2,1,2,1,1,1,False,1,0,1,0,1,1,hold,True
s02-r2-hold_trial-0.4,2,2,hold_trial-0.4,hold_trial,0.4,0,1.0,1,1000,1,400.0,1.0,48.0,1,1,1,1,1,1,2,1,False,1,1,0,1,0,1,hold,True
s02-r2-hold_trial-0.4,2,2,hold_trial-0.4,hold_trial,0.4,1,9.011999999999716,1,1000,1,400.0,1.0,48.0,1,1,1,1,1,1,2,1,False,1,1,0,1,0,1,hold,True
s02-r2-hold_trial-0.4,2,2,hold_trial-0.4,hold_trial,0.4,2,24.49200000000019,2,1000,1,400.0,1.0,48.0,1,1,1,1,1,1,1,1,False,0,0,0,0,0,0,hold,True
s02-r2-hold_trial-0.4,2,2,hold_trial-0.4,hold_trial,0.4,3,32.52400000000034,1,1000,1,400.0,1.0,48.0,1,1,1,1,2,1,2,1,False,1,1,0,0,0,0,hold,True
s02-r2-hold_trial-0.4,2,2,hold_trial-0.4,hold_trial,0.4,4,48.63600000000042,1,1000,1,400.0,1.0,48.0,1,1,1,1,2,1,2,1,False,1,1,0,0,0,0,hold,True
s02-r2-hold_trial-0.4,2,2,hold_trial-0.4,hold_trial,0.4,5,64.5600000000004,2,1000,1,400.0,1.0,48.0,1,1,1,1,1,1,1,1,False,0,0,0,0,0,0,hold,True
s02-r2-hold_trial-0.4,2,2,hold_trial-0.4,hold_trial,0.4,6,80.17600000000039,1,1000,1,400.0,1.0,48.0,1,1,1,1,1,1,1,1,False,1,1,0,1,1,0,hold,True
s02-r2-hold_trial-0.4,2,2,hold_trial-0.4,hold_trial,0.4,7,103.42000000000009,1,1000,1,400.0,1.0,48.0,1,1,1,1,1,1,1,1,False,1,1,0,1,1,0,hold,True
s02-r2-hold_trial-0.4,2,2,hold_trial-0.4,hold_trial,0.4,8,119.76800000000004,2,1000,1,400.0,1.0,48.0,1,1,1,1,1,1,1,1,False,0,0,0,0,0,0,hold,True
s02-r2-hold_trial-0.4,2,2,hold_trial-0.4,hold_trial,0.4,9,160.7520000000004,1,1000,1,400.0,1.0,48.0,1,1,1,1,1,1,1,1,False,1,1,0,1,1,0,hold,True
s02-r2-hold_trial-0.4,2,2,hold_trial-0.4,hold_trial,0.4,10,176.72000000000023,2,1000,1,400.0,1.0,48.0,1,1,1,1,1,1,1,1,False,0,0,0,0,0,0,hold,True
s02-r2-hold_trial-0.4,2,2,hold_trial-0.4,hold_trial,0.4,11,192.65599999999995,2,1000,1,400.0,1.0,48.0,1,1,1,1,1,1,1,1,False,0,0,0,0,0,0,hold,True
s02-r2-hold_trial-0.4,2,2,hold_trial-0.4,hold_trial,0.4,12,200.5,1,1000,1,400.0,1.0,48.0,1,1,1,1,1,1,1,1,False,1,1,0,1,1,0,hold,True
s02-r2-hold_trial-0.4,2,2,hold_trial-0.4,hold_trial,0.4,13,216.9319999999998,2,1000,1,400.0,1.0,48.0,1,1,1,1,2,1,2,1,False,0,0,0,1,1,0,hold,True
s02-r2-hold_trial-0.4,2,2,hold_trial-0.4,hold_trial,0.4,14,224.83200000000036,1,1000,1,400.0,1.0,48.0,1,1,1,1,2,1,2,1,False,1,1,0,0,0,0,hold,True
s02-r2-hold_trial-0.4,2,2,hold_trial-0.4,hold_trial,0.4,15,249.6480000000001,1,1000,1,400.0,1.0,48.0,1,1,1,1,2,1,2,1,False,1,1,0,0,0,0,hold,True
s02-r2-hold_trial-0.4,2,2,hold_trial-0.4,hold_trial,0.4,16,282.808,2,1000,1,400.0,1.0,48.0,2,1,2,1,2,1,2,1,False,1,1,0,1,1,0,hold,True
s02-r2-hold_trial-0.4,2,2,hold_trial-0.4,hold_trial,0.4,17,290.8879999999999,1,1000,1,400.0,1.0,48.0,1,1,2,1,1,1,1,1,False,1,0,1,1,1,0,hold,True
s02-r2-hold_trial-0.4,2,2,hold_trial-0.4,hold_trial,0.4,18,298.77599999999984,2,1000,1,400.0,1.0,48.0,2,1,1,1,1,1,1,1,False,1,0,1,0,0,0,hold,True
s02-r2-hold_trial-0.4,2,2,hold_trial-0.4,hold_trial,0.4,19,314.32800000000043,2,1000,1,400.0,1.0,48.0,1,1,1,1,1,1,1,1,False,0,0,0,0,0,0,hold,True
s02-r2-hold_trial-0.4,2,2,hold_trial-0.4,hold_trial,0.4,20,338.52400000000034,2,1000,1,400.0,1.0,48.0,2,1,1,1,1,1,1,1,False,1,0,1,0,0,0,hold,True
s02-r2-hold_trial-0.4,2,2,hold_trial-0.4,hold_trial,0.4,21,347.0,2,1000,1,400.0,1.0,48.0,2,1,2,1,2,1,2,1,False,1,1,0,1,1,0,hold,True
s02-r2-hold_trial-0.4,2,2,hold_trial-0.4,hold_trial,0.4,22,354.6239999999998,2,1000,1,400.0,1.0,48.0,1,1,1,1,2,1,2,1,False,0,0,0,1,1,0,hold,True
s02-r2-hold_trial-0.4,2,2,hold_trial-0.4,hold_trial,0.4,23,379.02800000000025,1,1000,1,400.0,1.0,48.0,1,1,2,1,2,1,1,1,False,1,0,1,0,1,1,hold,True
s02-r3-hold_trial-0.1,2,3,hold_trial-0.1,hold_trial,0.1,0,1.0,2,1000,1,100.0,1.0,48.0,1,1,1,1,2,1,2,1,False,0,0,0,1,1,0,hold,True
s02-r3-hold_trial-0.1,2,3,hold_trial-0.1,hold_trial,0.1,1,16.683999999999287,1,1000,1,100.0,1.0,48.0,1,1,1,1,2,1,2,1,False,1,1,0,0,0,0,hold,True
s02-r3-hold_trial-0.1,2,3,hold_trial-0.1,hold_trial,0.1,2,48.63600000000042,1,1000,1,100.0,1.0,48.0,2,1,1,1,2,1,2,1,False,0,1,1,0,0,0,hold,True
s02-r3-hold_trial-0.1,2,3,hold_trial-0.1,hold_trial,0.1,3,56.83599999999933,1,1000,1,100.0,1.0,48.0,2,1,2,1,1,1,1,1,False,0,0,0,1,1,0,hold,True
s02-r3-hold_trial-0.1,2,3,hold_trial-0.1,hold_trial,0.1,4,72.55199999999968,2,1000,1,100.0,1.0,48.0,1,1,1,1,1,1,1,1,False,0,0,0,0,0,0,hold,True
s02-r3-hold_trial-0.1,2,3,hold_trial-0.1,hold_trial,0.1,5,103.42000000000009,2,1000,1,100.0,1.0,48.0,2,1,2,1,2,1,1,1,False,1,1,0,1,0,1,hold,True
s02-r3-hold_trial-0.1,2,3,hold_trial-0.1,hold_trial,0.1,6,111.28800000000048,1,1000,1,100.0,1.0,48.0,2,1,2,1,1,1,1,1,False,0,0,0,1,1,0,hold,True
s02-r3-hold_trial-0.1,2,3,hold_trial-0.1,hold_trial,0.1,7,127.79999999999929,2,1000,1,100.0,1.0,48.0,1,1,1,1,2,1,1,1,False,0,0,0,1,0,1,hold,True
s02-r3-hold_trial-0.1,2,3,hold_trial-0.1,hold_trial,0.1,8,144.20800000000054,1,1000,1,100.0,1.0,48.0,2,1,2,1,2,1,2,1,False,0,0,0,0,0,0,hold,True
s02-r3-hold_trial-0.1,2,3,hold_trial-0.1,hold_trial,0.1,9,169.07200000000012,2,1000,1,100.0,1.0,48.0,2,1,2,1,2,1,2,1,False,1,1,0,1,1,0,hold,True
s02-r3-hold_trial-0.1,2,3,hold_trial-0.1,hold_trial,0.1,10,192.6560000000009,1,1000,1,100.0,1.0,48.0,1,1,1,1,2,1,2,1,False,1,1,0,0,0,0,hold,True
s02-r3-hold_trial-0.1,2,3,hold_trial-0.1,hold_trial,0.1,11,200.5,2,1000,1,100.0,1.0,48.0,2,1,2,1,1,1,1,1,False,1,1,0,0,0,0,hold,True
s02-r3-hold_trial-0.1,2,3,hold_trial-0.1,hold_trial,0.1,12,208.9159999999993,2,1000,1,100.0,1.0,48.0,2,1,2,1,2,1,2,1,False,1,1,0,1,1,0,hold,True
s02-r3-hold_trial-0.1,2,3,hold_trial-0.1,hold_trial,0.1,13,232.9359999999997,2,1000,1,100.0,1.0,48.0,2,1,2,1,2,1,2,1,False,1,1,0,1,1,0,hold,True
s02-r3-hold_trial-0.1,2,3,hold_trial-0.1,hold_trial,0.1,14,241.21999999999932,1,1000,1,100.0,1.0,48.0,1,1,1,1,2,1,2,1,False,1,1,0,0,0,0,hold,True
s02-r3-hold_trial-0.1,2,3,hold_trial-0.1,hold_trial,0.1,15,249.64799999999923,1,1000,1,100.0,1.0,48.0,2,1,1,1,1,1,1,1,False,0,1,1,1,1,0,hold,True
s02-r3-hold_trial-0.1,2,3,hold_trial-0.1,hold_trial,0.1,16,266.3799999999992,2,1000,1,100.0,1.0,48.0,2,1,2,1,2,1,2,1,False,1,1,0,1,1,0,hold,True
s02-r3-hold_trial-0.1,2,3,hold_trial-0.1,hold_trial,0.1,17,274.5519999999997,1,1000,1,100.0,1.0,48.0,2,1,2,1,2,1,2,1,False,0,0,0,0,0,0,hold,True
s02-r3-hold_trial-0.1,2,3,hold_trial-0.1,hold_trial,0.1,18,290.88800000000083,2,1000,1,100.0,1.0,48.0,2,1,2,1,1,1,1,1,False,1,1,0,0,0,0,hold,True
s02-r3-hold_trial-0.1,2,3,hold_trial-0.1,hold_trial,0.1,19,298.77599999999984,2,1000,1,100.0,1.0,48.0,2,1,2,1,1,1,1,1,False,1,1,0,0,0,0,hold,True
s02-r3-hold_trial-0.1,2,3,hold_trial-0.1,hold_trial,0.1,20,314.3279999999995,1,1000,1,100.0,1.0,48.0,2,1,1,1,2,1,2,1,False,0,1,1,0,0,0,hold,True
s02-r3-hold_trial-0.1,2,3,hold_trial-0.1,hold_trial,0.1,21,362.3359999999993,1,1000,1,100.0,1.0,48.0,1,1,2,1,2,1,2,1,False,1,0,1,0,0,0,hold,True
s02-r3-hold_trial-0.1,2,3,hold_trial-0.1,hold_trial,0.1,22,370.79199999999946,2,1000,1,100.0,1.0,48.0,2,1,1,1,1,1,2,1,False,1,0,1,0,1,1,hold,True
s02-r3-hold_trial-0.1,2,3,hold_trial-0.1,hold_trial,0.1,23,379.02800000000025,1,1000,1,100.0,1.0,48.0,1,1,1,1,1,1,1,1,False,1,1,0,1,1,0,hold,True
s02-r3-hold_trial-0.25,2,3,hold_trial-0.25,hold_trial,0.25,0,1.0,2,1000,1,250.0,1.0,48.0,1,1,1,1,1,1,2,1,False,0,0,0,0,1,1,hold,True
s02-r3-hold_trial-0.25,2,3,hold_trial-0.25,hold_trial,0.25,1,16.683999999999287,1,1000,1,250.0,1.0,48.0,1,1,1,1,2,1,2,1,False,1,1,0,0,0,0,hold,True
s02-r3-hold_trial-0.25,2,3,hold_trial-0.25,hold_trial,0.25,2,48.63600000000042,1,1000,1,250.0,1.0,48.0,2,1,1,1,1,1,2,1,False,0,1,1,1,0,1,hold,True
s02-r3-hold_trial-0.25,2,3,hold_trial-0.25,hold_trial,0.25,3,56.83599999999933,1,1000,1,250.0,1.0,48.0,2,1,2,1,2,1,1,1,False,0,0,0,0,1,1,hold,True
s02-r3-hold_trial-0.25,2,3,hold_trial-0.25,hold_trial,0.25,4,72.55199999999968,2,1000,1,250.0,1.0,48.0,1,1,1,1,1,1,1,1,False,0,0,0,0,0,0,hold,True
s02-r3-hold_trial-0.25,2,3,hold_trial-0.25,hold_trial,0.25,5,103.42000000000009,2,1000,1,250.0,1.0,48.0,2,1,2,1,1,1,1,1,False,1,1,0,0,0,0,hold,True
s02-r3-hold_trial-0.25,2,3,hold_trial-0.25,hold_trial,0.25,6,111.28800000000048,1,1000,1,250.0,1.0,48.0,2,1,2,1,2,1,1,1,False,0,0,0,0,1,1,hold,True
s02-r3-hold_trial-0.25,2,3,hold_trial-0.25,hold_trial,0.25,7,127.79999999999929,2,1000,1,250.0,1.0,48.0,1,1,1,1,2,1,1,1,False,0,0,0,1,0,1,hold,True
s02-r3-hold_trial-0.25,2,3,hold_trial-0.25,hold_trial,0.25,8,144.20800000000054,1,1000,1,250.0,1.0,48.0,2,1,2,1,1,1,2,1,False,0,0,0,1,0,1,hold,True
s02-r3-hold_trial-0.25,2,3,hold_trial-0.25,hold_trial,0.25,9,169.07200000000012,2,1000,1,250.0,1.0,48.0,2,1,2,1,2,1,2,1,False,1,1,0,1,1,0,hold,True
s02-r3-hold_trial-0.25,2,3,hold_trial-0.25,hold_trial,0.25,10,192.6560000000009,1,1000,1,250.0,1.0,48.0,2,1,1,1,2,1,2,1,False,0,1,1,0,0,0,hold,True
s02-r3-hold_trial-0.25,2,3,hold_trial-0.25,hold_trial,0.25,11,200.5,2,1000,1,250.0,1.0,48.0,2,1,2,1,1,1,1,1,False,1,1,0,0,0,0,hold,True
s02-r3-hold_trial-0.25,2,3,hold_trial-0.25,hold_trial,0.25,12,208.9159999999993,2,1000,1,250.0,1.0,48.0,2,1,2,1,2,1,2,1,False,1,1,0,1,1,0,hold,True
s02-r3-hold_trial-0.25,2,3,hold_trial-0.25,hold_trial,0.25,13,232.9359999999997,2,1000,1,250.0,1.0,48.0,2,1,2,1,2,1,2,1,False,1,1,0,1,1,0,hold,True
s02-r3-hold_trial-0.25,2,3,hold_trial-0.25,hold_trial,0.25,14,241.21999999999932,1,1000,1,250.0,1.0,48.0,1,1,1,1,2,1,2,1,False,1,1,0,0,0,0,hold,True
s02-r3-hold_trial-0.25,2,3,hold_trial-0.25,hold_trial,0.25,15,249.64799999999923,1,1000,1,250.0,1.0,48.0,1,1,1,1,1,1,1,1,False,1,1,0,1,1,0,hold,True
s02-r3-hold_trial-0.25,2,3,hold_trial-0.25,hold_trial,0.25,16,266.3799999999992,2,1000,1,250.0,1.0,48.0,1,1,2,1,2,1,2,1,False,0,1,1,1,1,0,hold,True
s02-r3-hold_trial-0.25,2,3,hold_trial-0.25,hold_trial,0.25,17,274.5519999999997,1,1000,1,250.0,1.0,48.0,2,1,2,1,2,1,2,1,False,0,0,0,0,0,0,hold,True
s02-r3-hold_trial-0.25,2,3,hold_trial-0.25,hold_trial,0.25,18,290.88800000000083,2,1000,1,250.0,1.0,48.0,1,1,2,1,1,1,1,1,False,0,1,1,0,0,0,hold,True
s02-r3-hold_trial-0.25,2,3,hold_trial-0.25,hold_trial,0.25,19,298.77599999999984,2,1000,1,250.0,1.0,48.0,2,1,2,1,1,1,1,1,False,1,1,0,0,0,0,hold,True
s02-r3-hold_trial-0.25,2,3,hold_trial-0.25,hold_trial,0.25,20,314.3279999999995,1,1000,1,250.0,1.0,48.0,2,1,1,1,2,1,2,1,False,0,1,1,0,0,0,hold,True
s02-r3-hold_trial-0.25,2,3,hold_trial-0.25,hold_trial,0.25,21,362.3359999999993,1,1000,1,250.0,1.0,48.0,2,1,2,1,2,1,2,1,False,0,0,0,0,0,0,hold,True
s02-r3-hold_trial-0.25,2,3,hold_trial-0.25,hold_trial,0.25,22,370.79199999999946,2,1000,1,250.0,1.0,48.0,1,1,1,1,2,1,2,1,False,0,0,0,1,1,0,hold,True
s02-r3-hold_trial-0.25,2,3,hold_trial-0.25,hold_trial,0.25,23,379.02800000000025,1,1000,1,250.0,1.0,48.0,1,1,1,1,1,1,1,1,False,1,1,0,1,1,0,hold,True
s02-r3-hold_trial-0.4,2,3,hold_trial-0.4,hold_trial,0.4,0,1.0,2,1000,1,400.0,1.0,48.0,1,1,1,1,1,1,2,1,False,0,0,0,0,1,1,hold,True
s02-r3-hold_trial-0.4,2,3,hold_trial-0.4,hold_trial,0.4,1,16.683999999999287,1,1000,1,400.0,1.0,48.0,1,1,1,1,2,1,2,1,False,1,1,0,0,0,0,hold,True
s02-r3-hold_trial-0.4,2,3,hold_trial-0.4,hold_trial,0.4,2,48.63600000000042,1,1000,1,400.0,1.0,48.0,1,1,1,1,2,1,2,1,False,1,1,0,0,0,0,hold,True
s02-r3-hold_trial-0.4,2,3,hold_trial-0.4,hold_trial,0.4,3,56.83599999999933,1,1000,1,400.0,1.0,48.0,2,1,2,1,1,1,1,1,False,0,0,0,1,1,0,hold,True
s02-r3-hold_trial-0.4,2,3,hold_trial-0.4,hold_trial,0.4,4,72.55199999999968,2,1000,1,400.0,1.0,48.0,1,1,1,1,1,1,1,1,False,0,0,0,0,0,0,hold,True
s02-r3-hold_trial-0.4,2,3,hold_trial-0.4,hold_trial,0.4,5,103.42000000000009,2,1000,1,400.0,1.0,48.0,2,1,2,1,1,1,1,1,False,1,1,0,0,0,0,hold,True
s02-r3-hold_trial-0.4,2,3,hold_trial-0.4,hold_trial,0.4,6,111.28800000000048,1,1000,1,400.0,1.0,48.0,2,1,2,1,2,1,1,1,False,0,0,0,0,1,1,hold,True
s02-r3-hold_trial-0.4,2,3,hold_trial-0.4,hold_trial,0.4,7,127.79999999999929,2,1000,1,400.0,1.0,48.0,1,1,1,1,2,1,1,1,False,0,0,0,1,0,1,hold,True
s02-r3-hold_trial-0.4,2,3,hold_trial-0.4,hold_trial,0.4,8,144.20800000000054,1,1000,1,400.0,1.0,48.0,1,1,2,1,1,1,2,1,False,1,0,1,1,0,1,hold,True
s02-r3-hold_trial-0.4,2,3,hold_trial-0.4,hold_trial,0.4,9,169.07200000000012,2,1000,1,400.0,1.0,48.0,2,1,2,1,1,1,2,1,False,1,1,0,0,1,1,hold,True
s02-r3-hold_trial-0.4,2,3,hold_trial-0.4,hold_trial,0.4,10,192.6560000000009,1,1000,1,400.0,1.0,48.0,2,1,1,1,2,1,2,1,False,0,1,1,0,0,0,hold,True
s02-r3-hold_trial-0.4,2,3,hold_trial-0.4,hold_trial,0.4,11,200.5,2,1000,1,400.0,1.0,48.0,2,1,2,1,1,1,1,1,False,1,1,0,0,0,0,hold,True
s02-r3-hold_trial-0.4,2,3,hold_trial-0.4,hold_trial,0.4,12,208.9159999999993,2,1000,1,400.0,1.0,48.0,2,1,2,1,1,1,2,1,False,1,1,0,0,1,1,hold,True
s02-r3-hold_trial-0.4,2,3,hold_trial-0.4,hold_trial,0.4,13,232.9359999999997,2,1000,1,400.0,1.0,48.0,2,1,2,1,2,1,2,1,False,1,1,0,1,1,0,hold,True
s02-r3-hold_trial-0.4,2,3,hold_trial-0.4,hold_trial,0.4,14,241.21999999999932,1,1000,1,400.0,1.0,48.0,2,1,1,1,2,1,2,1,False,0,1,1,0,0,0,hold,True
s02-r3-hold_trial-0.4,2,3,hold_trial-0.4,hold_trial,0.4,15,249.64799999999923,1,1000,1,400.0,1.0,48.0,1,1,1,1,1,1,1,1,False,1,1,0,1,1,0,hold,True
s02-r3-hold_trial-0.4,2,3,hold_trial-0.4,hold_trial,0.4,16,266.3799999999992,2,1000,1,400.0,1.0,48.0,2,1,2,1,1,1,2,1,False,1,1,0,0,1,1,hold,True
s02-r3-hold_trial-0.4,2,3,hold_trial-0.4,hold_trial,0.4,17,274.5519999999997,1,1000,1,400.0,1.0,48.0,2,1,2,1,2,1,2,1,False,0,0,0,0,0,0,hold,True
s02-r3-hold_trial-0.4,2,3,hold_trial-0.4,hold_trial,0.4,18,290.88800000000083,2,1000,1,400.0,1.0,48.0,1,1,2,1,1,1,1,1,False,0,1,1,0,0,0,hold,True
s02-r3-hold_trial-0.4,2,3,hold_trial-0.4,hold_trial,0.4,19,298.77599999999984,2,1000,1,400.0,1.0,48.0,1,1,2,1,1,1,1,1,False,0,1,1,0,0,0,hold,True
s02-r3-hold_trial-0.4,2,3,hold_trial-0.4,hold_trial,0.4,20,314.3279999999995,1,1000,1,400.0,1.0,48.0,1,1,1,1,1,1,2,1,False,1,1,0,1,0,1,hold,True
s02-r3-hold_trial-0.4,2,3,hold_trial-0.4,hold_trial,0.4,21,362.3359999999993,1,1000,1,400.0,1.0,48.0,2,1,2,1,1,1,2,1,False,0,0,0,1,0,1,hold,True
s02-r3-hold_trial-0.4,2,3,hold_trial-0.4,hold_trial,0.4,22,370.79199999999946,2,1000,1,400.0,1.0,48.0,1,1,1,1,1,1,2,1,False,0,0,0,0,1,1,hold,True
s02-r3-hold_trial-0.4,2,3,hold_trial-0.4,hold_trial,0.4,23,379.02800000000025,1,1000,1,400.0,1.0,48.0,1,1,1,1,1,1,1,1,False,1,1,0,1,1,0,hold,True
s02-r4-hold_trial-0.1,2,4,hold_trial-0.1,hold_trial,0.1,0,1.0,2,1000,1,100.0,1.0,48.0,1,1,1,1,1,1,2,1,False,0,0,0,0,1,1,hold,True
s02-r4-hold_trial-0.1,2,4,hold_trial-0.1,hold_trial,0.1,1,9.012000000000626,1,1000,1,100.0,1.0,48.0,1,1,1,1,1,1,1,1,False,1,1,0,1,1,0,hold,True
s02-r4-hold_trial-0.1,2,4,hold_trial-0.1,hold_trial,0.1,2,16.683999999999287,1,1000,1,100.0,1.0,48.0,1,1,1,1,1,1,1,1,False,1,1,0,1,1,0,hold,True
s02-r4-hold_trial-0.1,2,4,hold_trial-0.1,hold_trial,0.1,3,40.96800000000076,2,1000,1,100.0,1.0,48.0,1,1,1,1,2,1,1,1,False,0,0,0,1,0,1,hold,True
s02-r4-hold_trial-0.1,2,4,hold_trial-0.1,hold_trial,0.1,4,64.55999999999949,1,1000,1,100.0,1.0,48.0,1,1,1,1,2,1,2,1,False,1,1,0,0,0,0,hold,True
s02-r4-hold_trial-0.1,2,4,hold_trial-0.1,hold_trial,0.1,5,80.17599999999948,1,1000,1,100.0,1.0,48.0,1,1,1,1,1,1,1,1,False,1,1,0,1,1,0,hold,True
s02-r4-hold_trial-0.1,2,4,hold_trial-0.1,hold_trial,0.1,6,87.7559999999994,1,1000,1,100.0,1.0,48.0,2,1,2,1,1,1,1,1,False,0,0,0,1,1,0,hold,True
s02-r4-hold_trial-0.1,2,4,hold_trial-0.1,hold_trial,0.1,7,95.64400000000025,2,1000,1,100.0,1.0,48.0,2,1,2,1,2,1,1,1,False,1,1,0,1,0,1,hold,True
s02-r4-hold_trial-0.1,2,4,hold_trial-0.1,hold_trial,0.1,8,119.76800000000004,2,1000,1,100.0,1.0,48.0,2,1,2,1,1,1,1,1,False,1,1,0,0,0,0,hold,True
s02-r4-hold_trial-0.1,2,4,hold_trial-0.1,hold_trial,0.1,9,169.07200000000012,2,1000,1,100.0,1.0,48.0,2,1,2,1,1,1,1,1,False,1,1,0,0,0,0,hold,True
s02-r4-hold_trial-0.1,2,4,hold_trial-0.1,hold_trial,0.1,10,176.71999999999937,2,1000,1,100.0,1.0,48.0,1,1,1,1,1,1,2,1,False,0,0,0,0,1,1,hold,True
s02-r4-hold_trial-0.1,2,4,hold_trial-0.1,hold_trial,0.1,11,192.6560000000009,1,1000,1,100.0,1.0,48.0,1,1,1,1,1,1,1,1,False,1,1,0,1,1,0,hold,True
s02-r4-hold_trial-0.1,2,4,hold_trial-0.1,hold_trial,0.1,12,200.5,2,1000,1,100.0,1.0,48.0,1,1,1,1,1,1,1,1,False,0,0,0,0,0,0,hold,True
s02-r4-hold_trial-0.1,2,4,hold_trial-0.1,hold_trial,0.1,13,208.9159999999993,2,1000,1,100.0,1.0,48.0,2,1,2,1,2,1,2,1,False,1,1,0,1,1,0,hold,True
s02-r4-hold_trial-0.1,2,4,hold_trial-0.1,hold_trial,0.1,14,216.9320000000007,2,1000,1,100.0,1.0,48.0,2,1,2,1,1,1,1,1,False,1,1,0,0,0,0,hold,True
s02-r4-hold_trial-0.1,2,4,hold_trial-0.1,hold_trial,0.1,15,241.21999999999932,1,1000,1,100.0,1.0,48.0,2,1,2,1,1,1,1,1,False,0,0,0,1,1,0,hold,True
s02-r4-hold_trial-0.1,2,4,hold_trial-0.1,hold_trial,0.1,16,258.0159999999996,1,1000,1,100.0,1.0,48.0,1,1,1,1,1,1,2,1,False,1,1,0,1,0,1,hold,True
s02-r4-hold_trial-0.1,2,4,hold_trial-0.1,hold_trial,0.1,17,274.5519999999997,1,1000,1,100.0,1.0,48.0,2,1,2,1,2,1,1,1,False,0,0,0,0,1,1,hold,True
s02-r4-hold_trial-0.1,2,4,hold_trial-0.1,hold_trial,0.1,18,290.88800000000083,1,1000,1,100.0,1.0,48.0,1,1,1,1,2,1,2,1,False,1,1,0,0,0,0,hold,True
s02-r4-hold_trial-0.1,2,4,hold_trial-0.1,hold_trial,0.1,19,306.6280000000006,1,1000,1,100.0,1.0,48.0,2,1,2,1,1,1,1,1,False,0,0,0,1,1,0,hold,True
s02-r4-hold_trial-0.1,2,4,hold_trial-0.1,hold_trial,0.1,20,314.3279999999995,2,1000,1,100.0,1.0,48.0,2,1,2,1,2,1,2,1,False,1,1,0,1,1,0,hold,True
s02-r4-hold_trial-0.1,2,4,hold_trial-0.1,hold_trial,0.1,21,347.0,1,1000,1,100.0,1.0,48.0,1,1,1,1,1,1,2,1,False,1,1,0,1,0,1,hold,True
s02-r4-hold_trial-0.1,2,4,hold_trial-0.1,hold_trial,0.1,22,354.6239999999998,2,1000,1,100.0,1.0,48.0,1,1,2,1,2,1,2,1,False,0,1,1,1,1,0,hold,True
s02-r4-hold_trial-0.1,2,4,hold_trial-0.1,hold_trial,0.1,23,370.79199999999946,2,1000,1,100.0,1.0,48.0,2,1,2,1,1,1,1,1,False,1,1,0,0,0,0,hold,True
s02-r4-hold_trial-0.25,2,4,hold_trial-0.25,hold_trial,0.25,0,1.0,2,1000,1,250.0,1.0,48.0,1,1,1,1,2,1,2,1,False,0,0,0,1,1,0,hold,True
s02-r4-hold_trial-0.25,2,4,hold_trial-0.25,hold_trial,0.25,1,9.012000000000626,1,1000,1,250.0,1.0,48.0,1,1,1,1,1,1,1,1,False,1,1,0,1,1,0,hold,True
s02-r4-hold_trial-0.25,2,4,hold_trial-0.25,hold_trial,0.25,2,16.683999999999287,1,1000,1,250.0,1.0,48.0,1,1,1,1,2,1,1,1,False,1,1,0,0,1,1,hold,True
s02-r4-hold_trial-0.25,2,4,hold_trial-0.25,hold_trial,0.25,3,40.96800000000076,2,1000,1,250.0,1.0,48.0,1,1,1,1,1,1,1,1,False,0,0,0,0,0,0,hold,True
s02-r4-hold_trial-0.25,2,4,hold_trial-0.25,hold_trial,0.25,4,64.55999999999949,1,1000,1,250.0,1.0,48.0,1,1,1,1,2,1,2,1,False,1,1,0,0,0,0,hold,True
s02-r4-hold_trial-0.25,2,4,hold_trial-0.25,hold_trial,0.25,5,80.17599999999948,1,1000,1,250.0,1.0,48.0,1,1,1,1,1,1,1,1,False,1,1,0,1,1,0,hold,True
s02-r4-hold_trial-0.25,2,4,hold_trial-0.25,hold_trial,0.25,6,87.7559999999994,1,1000,1,250.0,1.0,48.0,2,1,2,1,1,1,1,1,False,0,0,0,1,1,0,hold,True
s02-r4-hold_trial-0.25,2,4,hold_trial-0.25,hold_trial,0.25,7,95.64400000000025,2,1000,1,250.0,1.0,48.0,2,1,2,1,1,1,1,1,False,1,1,0,0,0,0,hold,True
s02-r4-hold_trial-0.25,2,4,hold_trial-0.25,hold_trial,0.25,8,119.76800000000004,2,1000,1,250.0,1.0,48.0,2,1,2,1,2,1,1,1,False,1,1,0,1,0,1,hold,True
s02-r4-hold_trial-0.25,2,4,hold_trial-0.25,hold_trial,0.25,9,169.07200000000012,2,1000,1,250.0,1.0,48.0,1,1,2,1,1,1,1,1,False,0,1,1,0,0,0,hold,True
s02-r4-hold_trial-0.25,2,4,hold_trial-0.25,hold_trial,0.25,10,176.71999999999937,2,1000,1,250.0,1.0,48.0,1,1,1,1,2,1,2,1,False,0,0,0,1,1,0,hold,True
s02-r4-hold_trial-0.25,2,4,hold_trial-0.25,hold_trial,0.25,11,192.6560000000009,1,1000,1,250.0,1.0,48.0,2,1,1,1,1,1,1,1,False,0,1,1,1,1,0,hold,True
s02-r4-hold_trial-0.25,2,4,hold_trial-0.25,hold_trial,0.25,12,200.5,2,1000,1,250.0,1.0,48.0,1,1,1,1,2,1,1,1,False,0,0,0,1,0,1,hold,True
s02-r4-hold_trial-0.25,2,4,hold_trial-0.25,hold_trial,0.25,13,208.9159999999993,2,1000,1,250.0,1.0,48.0,1,1,2,1,2,1,2,1,False,0,1,1,1,1,0,hold,True
s02-r4-hold_trial-0.25,2,4,hold_trial-0.25,hold_trial,0.25,14,216.9320000000007,2,1000,1,250.0,1.0,48.0,2,1,2,1,1,1,1,1,False,1,1,0,0,0,0,hold,True
s02-r4-hold_trial-0.25,2,4,hold_trial-0.25,hold_trial,0.25,15,241.21999999999932,1,1000,1,250.0,1.0,48.0,1,1,2,1,1,1,1,1,False,1,0,1,1,1,0,hold,True
s02-r4-hold_trial-0.25,2,4,hold_trial-0.25,hold_trial,0.25,16,258.0159999999996,1,1000,1,250.0,1.0,48.0,1,1,1,1,2,1,2,1,False,1,1,0,0,0,0,hold,True
s02-r4-hold_trial-0.25,2,4,hold_trial-0.25,hold_trial,0.25,17,274.5519999999997,1,1000,1,250.0,1.0,48.0,2,1,2,1,2,1,1,1,False,0,0,0,0,1,1,hold,True
s02-r4-hold_trial-0.25,2,4,hold_trial-0.25,hold_trial,0.25,18,290.88800000000083,1,1000,1,250.0,1.0,48.0,1,1,1,1,2,1,2,1,False,1,1,0,0,0,0,hold,True
s02-r4-hold_trial-0.25,2,4,hold_trial-0.25,hold_trial,0.25,19,306.6280000000006,1,1000,1,250.0,1.0,48.0,2,1,2,1,2,1,1,1,False,0,0,0,0,1,1,hold,True
s02-r4-hold_trial-0.25,2,4,hold_trial-0.25,hold_trial,0.25,20,314.3279999999995,2,1000,1,250.0,1.0,48.0,2,1,2,1,1,1,2,1,False,1,1,0,0,1,1,hold,True
s02-r4-hold_trial-0.25,2,4,hold_trial-0.25,hold_trial,0.25,21,347.0,1,1000,1,250.0,1.0,48.0,1,1,1,1,2,1,2,1,False,1,1,0,0,0,0,hold,True
s02-r4-hold_trial-0.25,2,4,hold_trial-0.25,hold_trial,0.25,22,354.6239999999998,2,1000,1,250.0,1.0,48.0,2,1,2,1,1,1,2,1,False,1,1,0,0,1,1,hold,True
s02-r4-hold_trial-0.25,2,4,hold_trial-0.25,hold_trial,0.25,23,370.79199999999946,2,1000,1,250.0,1.0,48.0,2,1,2,1,1,1,1,1,False,1,1,0,0,0,0,hold,True
s02-r4-hold_trial-0.4,2,4,hold_trial-0.4,hold_trial,0.4,0,1.0,2,1000,1,400.0,1.0,48.0,1,1,1,1,1,1,2,1,False,0,0,0,0,1,1,hold,True
s02-r4-hold_trial-0.4,2,4,hold_trial-0.4,hold_trial,0.4,1,9.012000000000626,1,1000,1,400.0,1.0,48.0,1,1,1,1,1,1,1,1,False,1,1,0,1,1,0,hold,True
s02-r4-hold_trial-0.4,2,4,hold_trial-0.4,hold_trial,0.4,2,16.683999999999287,1,1000,1,400.0,1.0,48.0,1,1,1,1,2,1,1,1,False,1,1,0,0,1,1,hold,True
s02-r4-hold_trial-0.4,2,4,hold_trial-0.4,hold_trial,0.4,3,40.96800000000076,2,1000,1,400.0,1.0,48.0,1,1,1,1,1,1,1,1,False,0,0,0,0,0,0,hold,True
s02-r4-hold_trial-0.4,2,4,hold_trial-0.4,hold_trial,0.4,4,64.55999999999949,1,1000,1,400.0,1.0,48.0,1,1,1,1,2,1,2,1,False,1,1,0,0,0,0,hold,True
s02-r4-hold_trial-0.4,2,4,hold_trial-0.4,hold_trial,0.4,5,80.17599999999948,1,1000,1,400.0,1.0,48.0,1,1,1,1,1,1,1,1,False,1,1,0,1,1,0,hold,True
s02-r4-hold_trial-0.4,2,4,hold_trial-0.4,hold_trial,0.4,6,87.7559999999994,1,1000,1,400.0,1.0,48.0,2,1,2,1,2,1,1,1,False,0,0,0,0,1,1,hold,True
s02-r4-hold_trial-0.4,2,4,hold_trial-0.4,hold_trial,0.4,7,95.64400000000025,2,1000,1,400.0,1.0,48.0,2,1,2,1,2,1,1,1,False,1,1,0,1,0,1,hold,True
s02-r4-hold_trial-0.4,2,4,hold_trial-0.4,hold_trial,0.4,8,119.76800000000004,2,1000,1,400.0,1.0,48.0,2,1,2,1,1,1,1,1,False,1,1,0,0,0,0,hold,True
s02-r4-hold_trial-0.4,2,4,hold_trial-0.4,hold_trial,0.4,9,169.07200000000012,2,1000,1,400.0,1.0,48.0,1,1,2,1,1,1,1,1,False,0,1,1,0,0,0,hold,True
s02-r4-hold_trial-0.4,2,4,hold_trial-0.4,hold_trial,0.4,10,176.71999999999937,2,1000,1,400.0,1.0,48.0,1,1,1,1,1,1,2,1,False,0,0,0,0,1,1,hold,True
s02-r4-hold_trial-0.4,2,4,hold_trial-0.4,hold_trial,0.4,11,192.6560000000009,1,1000,1,400.0,1.0,48.0,2,1,1,1,1,1,1,1,False,0,1,1,1,1,0,hold,True
s02-r4-hold_trial-0.4,2,4,hold_trial-0.4,hold_trial,0.4,12,200.5,2,1000,1,400.0,1.0,48.0,1,1,1,1,1,1,1,1,False,0,0,0,0,0,0,hold,True
s02-r4-hold_trial-0.4,2,4,hold_trial-0.4,hold_trial,0.4,13,208.9159999999993,2,1000,1,400.0,1.0,48.0,1,1,2,1,1,1,2,1,False,0,1,1,0,1,1,hold,True
s02-r4-hold_trial-0.4,2,4,hold_trial-0.4,hold_trial,0.4,14,216.9320000000007,2,1000,1,400.0,1.0,48.0,2,1,2,1,1,1,1,1,False,1,1,0,0,0,0,hold,True
s02-r4-hold_trial-0.4,2,4,hold_trial-0.4,hold_trial,0.4,15,241.21999999999932,1,1000,1,400.0,1.0,48.0,1,1,2,1,1,1,1,1,False,1,0,1,1,1,0,hold,True
s02-r4-hold_trial-0.4,2,4,hold_trial-0.4,hold_trial,0.4,16,258.0159999999996,1,1000,1,400.0,1.0,48.0,1,1,1,1,1,1,2,1,False,1,1,0,1,0,1,hold,True
s02-r4-hold_trial-0.4,2,4,hold_trial-0.4,hold_trial,0.4,17,274.5519999999997,1,1000,1,400.0,1.0,48.0,2,1,2,1,1,1,1,1,False,0,0,0,1,1,0,hold,True
s02-r4-hold_trial-0.4,2,4,hold_trial-0.4,hold_trial,0.4,18,290.88800000000083,1,1000,1,400.0,1.0,48.0,1,1,1,1,2,1,2,1,False,1,1,0,0,0,0,hold,True
s02-r4-hold_trial-0.4,2,4,hold_trial-0.4,hold_trial,0.4,19,306.6280000000006,1,1000,1,400.0,1.0,48.0,2,1,2,1,1,1,1,1,False,0,0,0,1,1,0,hold,True
s02-r4-hold_trial-0.4,2,4,hold_trial-0.4,hold_trial,0.4,20,314.3279999999995,2,1000,1,400.0,1.0,48.0,2,1,2,1,2,1,2,1,False,1,1,0,1,1,0,hold,True
s02-r4-hold_trial-0.4,2,4,hold_trial-0.4,hold_trial,0.4,21,347.0,1,1000,1,400.0,1.0,48.0,2,1,1,1,2,1,2,1,False,0,1,1,0,0,0,hold,True
s02-r4-hold_trial-0.4,2,4,hold_trial-0.4,hold_trial,0.4,22,354.6239999999998,2,1000,1,400.0,1.0,48.0,1,1,2,1,2,1,2,1,False,0,1,1,1,1,0,hold,True
s02-r4-hold_trial-0.4,2,4,hold_trial-0.4,hold_trial,0.4,23,370.79199999999946,2,1000,1,400.0,1.0,48.0,1,1,2,1,1,1,1,1,False,0,1,1,0,0,0,hold,True
s03-r0-hold_trial-0.1,3,0,hold_trial-0.1,hold_trial,0.1,0,1.0,1,1000,1,100.0,1.0,48.0,1,1,1,1,1,1,1,1,False,1,1,0,1,1,0,hold,True
s03-r0-hold_trial-0.1,3,0,hold_trial-0.1,hold_trial,0.1,1,9.012000000000173,2,1000,1,100.0,1.0,48.0,2,1,2,1,2,1,2,1,False,1,1,0,1,1,0,hold,True
s03-r0-hold_trial-0.1,3,0,hold_trial-0.1,hold_trial,0.1,2,16.684000000000196,2,1000,1,100.0,1.0,48.0,2,1,2,1,2,1,1,1,False,1,1,0,1,0,1,hold,True
s03-r0-hold_trial-0.1,3,0,hold_trial-0.1,hold_trial,0.1,3,24.49200000000019,1,1000,1,100.0,1.0,48.0,2,1,2,1,1,1,1,1,False,0,0,0,1,1,0,hold,True
s03-r0-hold_trial-0.1,3,0,hold_trial-0.1,hold_trial,0.1,4,32.52399999999989,2,1000,1,100.0,1.0,48.0,2,1,2,1,2,1,2,1,False,1,1,0,1,1,0,hold,True
s03-r0-hold_trial-0.1,3,0,hold_trial-0.1,hold_trial,0.1,5,40.96799999999985,1,1000,1,100.0,1.0,48.0,1,1,1,1,1,1,1,1,False,1,1,0,1,1,0,hold,True
s03-r0-hold_trial-0.1,3,0,hold_trial-0.1,hold_trial,0.1,6,48.63599999999997,2,1000,1,100.0,1.0,48.0,2,1,2,1,2,1,2,1,False,1,1,0,1,1,0,hold,True
s03-r0-hold_trial-0.1,3,0,hold_trial-0.1,hold_trial,0.1,7,64.55999999999995,2,1000,1,100.0,1.0,48.0,2,1,2,1,2,1,2,1,False,1,1,0,1,1,0,hold,True
s03-r0-hold_trial-0.1,3,0,hold_trial-0.1,hold_trial,0.1,8,80.17599999999993,1,1000,1,100.0,1.0,48.0,1,1,1,1,1,1,1,1,False,1,1,0,1,1,0,hold,True
s03-r0-hold_trial-0.1,3,0,hold_trial-0.1,hold_trial,0.1,9,95.64399999999978,2,1000,1,100.0,1.0,48.0,2,1,2,1,2,1,2,1,False,1,1,0,1,1,0,hold,True
s03-r0-hold_trial-0.1,3,0,hold_trial-0.1,hold_trial,0.1,10,103.42000000000009,1,1000,1,100.0,1.0,48.0,1,1,1,1,1,1,1,1,False,1,1,0,1,1,0,hold,True
s03-r0-hold_trial-0.1,3,0,hold_trial-0.1,hold_trial,0.1,11,152.4720000000002,1,1000,1,100.0,1.0,48.0,1,1,1,1,1,1,1,1,False,1,1,0,1,1,0,hold,True
s03-r0-hold_trial-0.1,3,0,hold_trial-0.1,hold_trial,0.1,12,169.07200000000012,2,1000,1,100.0,1.0,48.0,2,1,2,1,2,1,2,1,False,1,1,0,1,1,0,hold,True
s03-r0-hold_trial-0.1,3,0,hold_trial-0.1,hold_trial,0.1,13,176.7199999999998,1,1000,1,100.0,1.0,48.0,1,1,1,1,1,1,1,1,False,1,1,0,1,1,0,hold,True
s03-r0-hold_trial-0.1,3,0,hold_trial-0.1,hold_trial,0.1,14,184.84400000000005,1,1000,1,100.0,1.0,48.0,1,1,2,1,1,1,1,1,False,1,0,1,1,1,0,hold,True
s03-r0-hold_trial-0.1,3,0,hold_trial-0.1,hold_trial,0.1,15,208.91600000000017,1,1000,1,100.0,1.0,48.0,1,1,1,1,1,1,1,1,False,1,1,0,1,1,0,hold,True
s03-r0-hold_trial-0.1,3,0,hold_trial-0.1,hold_trial,0.1,16,241.2199999999998,1,1000,1,100.0,1.0,48.0,2,1,2,1,1,1,1,1,False,0,0,0,1,1,0,hold,True
s03-r0-hold_trial-0.1,3,0,hold_trial-0.1,hold_trial,0.1,17,249.6480000000001,2,1000,1,100.0,1.0,48.0,2,1,2,1,2,1,2,1,False,1,1,0,1,1,0,hold,True
s03-r0-hold_trial-0.1,3,0,hold_trial-0.1,hold_trial,0.1,18,258.0160000000001,1,1000,1,100.0,1.0,48.0,1,1,1,1,1,1,1,1,False,1,1,0,1,1,0,hold,True
s03-r0-hold_trial-0.1,3,0,hold_trial-0.1,hold_trial,0.1,19,266.3800000000001,2,1000,1,100.0,1.0,48.0,2,1,2,1,2,1,2,1,False,1,1,0,1,1,0,hold,True
s03-r0-hold_trial-0.1,3,0,hold_trial-0.1,hold_trial,0.1,20,274.55200000000013,2,1000,1,100.0,1.0,48.0,2,1,2,1,2,1,2,1,False,1,1,0,1,1,0,hold,True
s03-r0-hold_trial-0.1,3,0,hold_trial-0.1,hold_trial,0.1,21,282.808,1,1000,1,100.0,1.0,48.0,1,1,1,1,1,1,1,1,False,1,1,0,1,1,0,hold,True
s03-r0-hold_trial-0.1,3,0,hold_trial-0.1,hold_trial,0.1,22,290.8879999999999,2,1000,1,100.0,1.0,48.0,2,1,2,1,2,1,2,1,False,1,1,0,1,1,0,hold,True
s03-r0-hold_trial-0.1,3,0,hold_trial-0.1,hold_trial,0.1,23,306.62800000000016,2,1000,1,100.0,1.0,48.0,2,1,2,1,2,1,2,1,False,1,1,0,1,1,0,hold,True
s03-r0-hold_trial-0.25,3,0,hold_trial-0.25,hold_trial,0.25,0,1.0,1,1000,1,250.0,1.0,48.0,1,1,1,1,1,1,1,1,False,1,1,0,1,1,0,hold,True
s03-r0-hold_trial-0.25,3,0,hold_trial-0.25,hold_trial,0.25,1,9.012000000000173,2,1000,1,250.0,1.0,48.0,2,1,2,1,2,1,2,1,False,1,1,0,1,1,0,hold,True
s03-r0-hold_trial-0.25,3,0,hold_trial-0.25,hold_trial,0.25,2,16.684000000000196,2,1000,1,250.0,1.0,48.0,2,1,2,1,1,1,1,1,False,1,1,0,0,0,0,hold,True
s03-r0-hold_trial-0.25,3,0,hold_trial-0.25,hold_trial,0.25,3,24.49200000000019,1,1000,1,250.0,1.0,48.0,2,1,2,1,1,1,1,1,False,0,0,0,1,1,0,hold,True
s03-r0-hold_trial-0.25,3,0,hold_trial-0.25,hold_trial,0.25,4,32.52399999999989,2,1000,1,250.0,1.0,48.0,2,1,2,1,2,1,2,1,False,1,1,0,1,1,0,hold,True
s03-r0-hold_trial-0.25,3,0,hold_trial-0.25,hold_trial,0.25,5,40.96799999999985,1,1000,1,250.0,1.0,48.0,1,1,1,1,1,1,1,1,False,1,1,0,1,1,0,hold,True
s03-r0-hold_trial-0.25,3,0,hold_trial-0.25,hold_trial,0.25,6,48.63599999999997,2,1000,1,250.0,1.0,48.0,2,1,2,1,2,1,2,1,False,1,1,0,1,1,0,hold,True
s03-r0-hold_trial-0.25,3,0,hold_trial-0.25,hold_trial,0.25,7,64.55999999999995,2,1000,1,250.0,1.0,48.0,1,1,2,1,2,1,2,1,False,0,1,1,1,1,0,hold,True
s03-r0-hold_trial-0.25,3,0,hold_trial-0.25,hold_trial,0.25,8,80.17599999999993,1,1000,1,250.0,1.0,48.0,1,1,1,1,1,1,1,1,False,1,1,0,1,1,0,hold,True
s03-r0-hold_trial-0.25,3,0,hold_trial-0.25,hold_trial,0.25,9,95.64399999999978,2,1000,1,250.0,1.0,48.0,2,1,2,1,2,1,2,1,False,1,1,0,1,1,0,hold,True
s03-r0-hold_trial-0.25,3,0,hold_trial-0.25,hold_trial,0.25,10,103.42000000000009,1,1000,1,250.0,1.0,48.0,1,1,1,1,2,1,1,1,False,1,1,0,0,1,1,hold,True
s03-r0-hold_trial-0.25,3,0,hold_trial-0.25,hold_trial,0.25,11,152.4720000000002,1,1000,1,250.0,1.0,48.0,1,1,1,1,1,1,1,1,False,1,1,0,1,1,0,hold,True
s03-r0-hold_trial-0.25,3,0,hold_trial-0.25,hold_trial,0.25,12,169.07200000000012,2,1000,1,250.0,1.0,48.0,2,1,2,1,1,1,2,1,False,1,1,0,0,1,1,hold,True
s03-r0-hold_trial-0.25,3,0,hold_trial-0.25,hold_trial,0.25,13,176.7199999999998,1,1000,1,250.0,1.0,48.0,1,1,1,1,1,1,1,1,False,1,1,0,1,1,0,hold,True
s03-r0-hold_trial-0.25,3,0,hold_trial-0.25,hold_trial,0.25,14,184.84400000000005,1,1000,1,250.0,1.0,48.0,1,1,2,1,1,1,1,1,False,1,0,1,1,1,0,hold,True
s03-r0-hold_trial-0.25,3,0,hold_trial-0.25,hold_trial,0.25,15,208.91600000000017,1,1000,1,250.0,1.0,48.0,2,1,1,1,1,1,1,1,False,0,1,1,1,1,0,hold,True
s03-r0-hold_trial-0.25,3,0,hold_trial-0.25,hold_trial,0.25,16,241.2199999999998,1,1000,1,250.0,1.0,48.0,1,1,2,1,1,1,1,1,False,1,0,1,1,1,0,hold,True
s03-r0-hold_trial-0.25,3,0,hold_trial-0.25,hold_trial,0.25,17,249.6480000000001,2,1000,1,250.0,1.0,48.0,2,1,2,1,2,1,2,1,False,1,1,0,1,1,0,hold,True
s03-r0-hold_trial-0.25,3,0,hold_trial-0.25,hold_trial,0.25,18,258.0160000000001,1,1000,1,250.0,1.0,48.0,1,1,1,1,1,1,1,1,False,1,1,0,1,1,0,hold,True
s03-r0-hold_trial-0.25,3,0,hold_trial-0.25,hold_trial,0.25,19,266.3800000000001,2,1000,1,250.0,1.0,48.0,2,1,2,1,2,1,2,1,False,1,1,0,1,1,0,hold,True
s03-r0-hold_trial-0.25,3,0,hold_trial-0.25,hold_trial,0.25,20,274.55200000000013,2,1000,1,250.0,1.0,48.0,2,1,2,1,2,1,2,1,False,1,1,0,1,1,0,hold,True
s03-r0-hold_trial-0.25,3,0,hold_trial-0.25,hold_trial,0.25,21,282.808,1,1000,1,250.0,1.0,48.0,1,1,1,1,1,1,1,1,False,1,1,0,1,1,0,hold,True
s03-r0-hold_trial-0.25,3,0,hold_trial-0.25,hold_trial,0.25,22,290.8879999999999,2,1000,1,250.0,1.0,48.0,2,1,2,1,2,1,2,1,False,1,1,0,1,1,0,hold,True
s03-r0-hold_trial-0.25,3,0,hold_trial-0.25,hold_trial,0.25,23,306.62800000000016,2,1000,1,250.0,1.0,48.0,2,1,2,1,2,1,2,1,False,1,1,0,1,1,0,hold,True
s03-r0-hold_trial-0.4,3,0,hold_trial-0.4,hold_trial,0.4,0,1.0,1,1000,1,400.0,1.0,48.0,1,1,1,1,2,1,1,1,False,1,1,0,0,1,1,hold,True
s03-r0-hold_trial-0.4,3,0,hold_trial-0.4,hold_trial,0.4,1,9.012000000000173,2,1000,1,400.0,1.0,48.0,2,1,2,1,2,1,2,1,False,1,1,0,1,1,0,hold,True
s03-r0-hold_trial-0.4,3,0,hold_trial-0.4,hold_trial,0.4,2,16.684000000000196,2,1000,1,400.0,1.0,48.0,2,1,2,1,2,1,1,1,False,1,1,0,1,0,1,hold,True
s03-r0-hold_trial-0.4,3,0,hold_trial-0.4,hold_trial,0.4,3,24.49200000000019,1,1000,1,400.0,1.0,48.0,1,1,2,1,1,1,1,1,False,1,0,1,1,1,0,hold,True
s03-r0-hold_trial-0.4,3,0,hold_trial-0.4,hold_trial,0.4,4,32.52399999999989,2,1000,1,400.0,1.0,48.0,2,1,2,1,2,1,2,1,False,1,1,0,1,1,0,hold,True
s03-r0-hold_trial-0.4,3,0,hold_trial-0.4,hold_trial,0.4,5,40.96799999999985,1,1000,1,400.0,1.0,48.0,2,1,1,1,1,1,1,1,False,0,1,1,1,1,0,hold,True
s03-r0-hold_trial-0.4,3,0,hold_trial-0.4,hold_trial,0.4,6,48.63599999999997,2,1000,1,400.0,1.0,48.0,1,1,2,1,2,1,2,1,False,0,1,1,1,1,0,hold,True
s03-r0-hold_trial-0.4,3,0,hold_trial-0.4,hold_trial,0.4,7,64.55999999999995,2,1000,1,400.0,1.0,48.0,2,1,2,1,2,1,2,1,False,1,1,0,1,1,0,hold,True
s03-r0-hold_trial-0.4,3,0,hold_trial-0.4,hold_trial,0.4,8,80.17599999999993,1,1000,1,400.0,1.0,48.0,1,1,1,1,1,1,1,1,False,1,1,0,1,1,0,hold,True
s03-r0-hold_trial-0.4,3,0,hold_trial-0.4,hold_trial,0.4,9,95.64399999999978,2,1000,1,400.0,1.0,48.0,2,1,2,1,2,1,2,1,False,1,1,0,1,1,0,hold,True
s03-r0-hold_trial-0.4,3,0,hold_trial-0.4,hold_trial,0.4,10,103.42000000000009,1,1000,1,400.0,1.0,48.0,1,1,1,1,1,1,1,1,False,1,1,0,1,1,0,hold,True
s03-r0-hold_trial-0.4,3,0,hold_trial-0.4,hold_trial,0.4,11,152.4720000000002,1,1000,1,400.0,1.0,48.0,1,1,1,1,1,1,1,1,False,1,1,0,1,1,0,hold,True
s03-r0-hold_trial-0.4,3,0,hold_trial-0.4,hold_trial,0.4,12,169.07200000000012,2,1000,1,400.0,1.0,48.0,2,1,2,1,2,1,2,1,False,1,1,0,1,1,0,hold,True
s03-r0-hold_trial-0.4,3,0,hold_trial-0.4,hold_trial,0.4,13,176.7199999999998,1,1000,1,400.0,1.0,48.0,1,1,1,1,1,1,1,1,False,1,1,0,1,1,0,hold,True
s03-r0-hold_trial-0.4,3,0,hold_trial-0.4,hold_trial,0.4,14,184.84400000000005,1,1000,1,400.0,1.0,48.0,2,1,2,1,1,1,1,1,False,0,0,0,1,1,0,hold,True
s03-r0-hold_trial-0.4,3,0,hold_trial-0.4,hold_trial,0.4,15,208.91600000000017,1,1000,1,400.0,1.0,48.0,1,1,1,1,1,1,1,1,False,1,1,0,1,1,0,hold,True
s03-r0-hold_trial-0.4,3,0,hold_trial-0.4,hold_trial,0.4,16,241.2199999999998,1,1000,1,400.0,1.0,48.0,2,1,2,1,1,1,1,1,False,0,0,0,1,1,0,hold,True
s03-r0-hold_trial-0.4,3,0,hold_trial-0.4,hold_trial,0.4,17,249.6480000000001,2,1000,1,400.0,1.0,48.0,2,1,2,1,2,1,2,1,False,1,1,0,1,1,0,hold,True
s03-r0-hold_trial-0.4,3,0,hold_trial-0.4,hold_trial,0.4,18,258.0160000000001,1,1000,1,400.0,1.0,48.0,1,1,1,1,1,1,1,1,False,1,1,0,1,1,0,hold,True
s03-r0-hold_trial-0.4,3,0,hold_trial-0.4,hold_trial,0.4,19,266.3800000000001,2,1000,1,400.0,1.0,48.0,2,1,2,1,2,1,2,1,False,1,1,0,1,1,0,hold,True
s03-r0-hold_trial-0.4,3,0,hold_trial-0.4,hold_trial,0.4,20,274.55200000000013,2,1000,1,400.0,1.0,48.0,2,1,2,1,2,1,2,1,False,1,1,0,1,1,0,hold,True
s03-r0-hold_trial-0.4,3,0,hold_trial-0.4,hold_trial,0.4,21,282.808,1,1000,1,400.0,1.0,48.0,1,1,1,1,1,1,1,1,False,1,1,0,1,1,0,hold,True
s03-r0-hold_trial-0.4,3,0,hold_trial-0.4,hold_trial,0.4,22,290.8879999999999,2,1000,1,400.0,1.0,48.0,2,1,2,1,2,1,2,1,False,1,1,0,1,1,0,hold,True
s03-r0-hold_trial-0.4,3,0,hold_trial-0.4,hold_trial,0.4,23,306.62800000000016,2,1000,1,400.0,1.0,48.0,2,1,2,1,2,1,2,1,False,1,1,0,1,1,0,hold,True
s03-r1-hold_trial-0.1,3,1,hold_trial-0.1,hold_trial,0.1,0,16.684000000000196,2,1000,1,100.0,1.0,48.0,2,1,2,1,2,1,2,1,False,1,1,0,1,1,0,hold,True
s03-r1-hold_trial-0.1,3,1,hold_trial-0.1,hold_trial,0.1,1,24.49200000000019,1,1000,1,100.0,1.0,48.0,1,1,1,1,1,1,1,1,False,1,1,0,1,1,0,hold,True
s03-r1-hold_trial-0.1,3,1,hold_trial-0.1,hold_trial,0.1,2,32.52400000000034,1,1000,1,100.0,1.0,48.0,1,1,2,1,1,1,1,1,False,1,0,1,1,1,0,hold,True
s03-r1-hold_trial-0.1,3,1,hold_trial-0.1,hold_trial,0.1,3,40.96799999999985,2,1000,1,100.0,1.0,48.0,2,1,2,1,2,1,2,1,False,1,1,0,1,1,0,hold,True
s03-r1-hold_trial-0.1,3,1,hold_trial-0.1,hold_trial,0.1,4,64.5600000000004,2,1000,1,100.0,1.0,48.0,2,1,2,1,2,1,2,1,False,1,1,0,1,1,0,hold,True
s03-r1-hold_trial-0.1,3,1,hold_trial-0.1,hold_trial,0.1,5,80.17600000000039,1,1000,1,100.0,1.0,48.0,1,1,1,1,1,1,1,1,False,1,1,0,1,1,0,hold,True
s03-r1-hold_trial-0.1,3,1,hold_trial-0.1,hold_trial,0.1,6,87.75600000000031,1,1000,1,100.0,1.0,48.0,1,1,1,1,1,1,1,1,False,1,1,0,1,1,0,hold,True
s03-r1-hold_trial-0.1,3,1,hold_trial-0.1,hold_trial,0.1,7,95.64400000000025,1,1000,1,100.0,1.0,48.0,1,1,2,1,1,1,1,1,False,1,0,1,1,1,0,hold,True
s03-r1-hold_trial-0.1,3,1,hold_trial-0.1,hold_trial,0.1,8,111.28799999999956,2,1000,1,100.0,1.0,48.0,2,1,2,1,2,1,2,1,False,1,1,0,1,1,0,hold,True
s03-r1-hold_trial-0.1,3,1,hold_trial-0.1,hold_trial,0.1,9,119.76800000000004,2,1000,1,100.0,1.0,48.0,2,1,2,1,2,1,2,1,False,1,1,0,1,1,0,hold,True
s03-r1-hold_trial-0.1,3,1,hold_trial-0.1,hold_trial,0.1,10,127.80000000000018,1,1000,1,100.0,1.0,48.0,1,1,1,1,1,1,1,1,False,1,1,0,1,1,0,hold,True
s03-r1-hold_trial-0.1,3,1,hold_trial-0.1,hold_trial,0.1,11,136.0640000000003,1,1000,1,100.0,1.0,48.0,1,1,1,1,1,1,1,1,False,1,1,0,1,1,0,hold,True
s03-r1-hold_trial-0.1,3,1,hold_trial-0.1,hold_trial,0.1,12,152.47199999999975,1,1000,1,100.0,1.0,48.0,1,1,1,1,1,1,1,1,False,1,1,0,1,1,0,hold,True
s03-r1-hold_trial-0.1,3,1,hold_trial-0.1,hold_trial,0.1,13,160.7520000000004,2,1000,1,100.0,1.0,48.0,2,1,2,1,2,1,2,1,False,1,1,0,1,1,0,hold,True
s03-r1-hold_trial-0.1,3,1,hold_trial-0.1,hold_trial,0.1,14,192.65599999999995,1,1000,1,100.0,1.0,48.0,1,1,1,1,1,1,1,1,False,1,1,0,1,1,0,hold,True
s03-r1-hold_trial-0.1,3,1,hold_trial-0.1,hold_trial,0.1,15,216.9319999999998,2,1000,1,100.0,1.0,48.0,2,1,2,1,2,1,2,1,False,1,1,0,1,1,0,hold,True
s03-r1-hold_trial-0.1,3,1,hold_trial-0.1,hold_trial,0.1,16,241.22000000000023,2,1000,1,100.0,1.0,48.0,2,1,2,1,2,1,2,1,False,1,1,0,1,1,0,hold,True
s03-r1-hold_trial-0.1,3,1,hold_trial-0.1,hold_trial,0.1,17,249.6480000000001,1,1000,1,100.0,1.0,48.0,1,1,1,1,1,1,1,1,False,1,1,0,1,1,0,hold,True
s03-r1-hold_trial-0.1,3,1,hold_trial-0.1,hold_trial,0.1,18,258.0159999999996,2,1000,1,100.0,1.0,48.0,2,1,2,1,2,1,2,1,False,1,1,0,1,1,0,hold,True
s03-r1-hold_trial-0.1,3,1,hold_trial-0.1,hold_trial,0.1,19,306.6279999999997,1,1000,1,100.0,1.0,48.0,1,1,1,1,1,1,1,1,False,1,1,0,1,1,0,hold,True
s03-r1-hold_trial-0.1,3,1,hold_trial-0.1,hold_trial,0.1,20,322.65200000000004,2,1000,1,100.0,1.0,48.0,2,1,2,1,2,1,2,1,False,1,1,0,1,1,0,hold,True
s03-r1-hold_trial-0.1,3,1,hold_trial-0.1,hold_trial,0.1,21,338.52400000000034,2,1000,1,100.0,1.0,48.0,2,1,2,1,2,1,2,1,False,1,1,0,1,1,0,hold,True
s03-r1-hold_trial-0.1,3,1,hold_trial-0.1,hold_trial,0.1,22,362.3360000000002,2,1000,1,100.0,1.0,48.0,2,1,2,1,2,1,2,1,False,1,1,0,1,1,0,hold,True
s03-r1-hold_trial-0.1,3,1,hold_trial-0.1,hold_trial,0.1,23,379.02800000000025,1,1000,1,100.0,1.0,48.0,1,1,1,1,1,1,1,1,False,1,1,0,1,1,0,hold,True
s03-r1-hold_trial-0.25,3,1,hold_trial-0.25,hold_trial,0.25,0,16.684000000000196,2,1000,1,250.0,1.0,48.0,2,1,2,1,2,1,2,1,False,1,1,0,1,1,0,hold,True
s03-r1-hold_trial-0.25,3,1,hold_trial-0.25,hold_trial,0.25,1,24.49200000000019,1,1000,1,250.0,1.0,48.0,1,1,1,1,1,1,1,1,False,1,1,0,1,1,0,hold,True
s03-r1-hold_trial-0.25,3,1,hold_trial-0.25,hold_trial,0.25,2,32.52400000000034,1,1000,1,250.0,1.0,48.0,2,1,2,1,1,1,1,1,False,0,0,0,1,1,0,hold,True
s03-r1-hold_trial-0.25,3,1,hold_trial-0.25,hold_trial,0.25,3,40.96799999999985,2,1000,1,250.0,1.0,48.0,2,1,2,1,2,1,2,1,False,1,1,0,1,1,0,hold,True
s03-r1-hold_trial-0.25,3,1,hold_trial-0.25,hold_trial,0.25,4,64.5600000000004,2,1000,1,250.0,1.0,48.0,2,1,2,1,2,1,2,1,False,1,1,0,1,1,0,hold,True
s03-r1-hold_trial-0.25,3,1,hold_trial-0.25,hold_trial,0.25,5,80.17600000000039,1,1000,1,250.0,1.0,48.0,1,1,1,1,1,1,1,1,False,1,1,0,1,1,0,hold,True
s03-r1-hold_trial-0.25,3,1,hold_trial-0.25,hold_trial,0.25,6,87.75600000000031,1,1000,1,250.0,1.0,48.0,1,1,1,1,1,1,1,1,False,1,1,0,1,1,0,hold,True
s03-r1-hold_trial-0.25,3,1,hold_trial-0.25,hold_trial,0.25,7,95.64400000000025,1,1000,1,250.0,1.0,48.0,2,1,2,1,1,1,1,1,False,0,0,0,1,1,0,hold,True
s03-r1-hold_trial-0.25,3,1,hold_trial-0.25,hold_trial,0.25,8,111.28799999999956,2,1000,1,250.0,1.0,48.0,2,1,2,1,2,1,2,1,False,1,1,0,1,1,0,hold,True
s03-r1-hold_trial-0.25,3,1,hold_trial-0.25,hold_trial,0.25,9,119.76800000000004,2,1000,1,250.0,1.0,48.0,2,1,2,1,2,1,2,1,False,1,1,0,1,1,0,hold,True
s03-r1-hold_trial-0.25,3,1,hold_trial-0.25,hold_trial,0.25,10,127.80000000000018,1,1000,1,250.0,1.0,48.0,1,1,1,1,1,1,1,1,False,1,1,0,1,1,0,hold,True
s03-r1-hold_trial-0.25,3,1,hold_trial-0.25,hold_trial,0.25,11,136.0640000000003,1,1000,1,250.0,1.0,48.0,1,1,1,1,1,1,1,1,False,1,1,0,1,1,0,hold,True
s03-r1-hold_trial-0.25,3,1,hold_trial-0.25,hold_trial,0.25,12,152.47199999999975,1,1000,1,250.0,1.0,48.0,1,1,1,1,2,1,1,1,False,1,1,0,0,1,1,hold,True
s03-r1-hold_trial-0.25,3,1,hold_trial-0.25,hold_trial,0.25,13,160.7520000000004,2,1000,1,250.0,1.0,48.0,2,1,2,1,2,1,2,1,False,1,1,0,1,1,0,hold,True
s03-r1-hold_trial-0.25,3,1,hold_trial-0.25,hold_trial,0.25,14,192.65599999999995,1,1000,1,250.0,1.0,48.0,1,1,1,1,1,1,1,1,False,1,1,0,1,1,0,hold,True
s03-r1-hold_trial-0.25,3,1,hold_trial-0.25,hold_trial,0.25,15,216.9319999999998,2,1000,1,250.0,1.0,48.0,2,1,2,1,2,1,2,1,False,1,1,0,1,1,0,hold,True
s03-r1-hold_trial-0.25,3,1,hold_trial-0.25,hold_trial,0.25,16,241.22000000000023,2,1000,1,250.0,1.0,48.0,2,1,2,1,2,1,2,1,False,1,1,0,1,1,0,hold,True
s03-r1-hold_trial-0.25,3,1,hold_trial-0.25,hold_trial,0.25,17,249.6480000000001,1,1000,1,250.0,1.0,48.0,1,1,1,1,1,1,1,1,False,1,1,0,1,1,0,hold,True
s03-r1-hold_trial-0.25,3,1,hold_trial-0.25,hold_trial,0.25,18,258.0159999999996,2,1000,1,250.0,1.0,48.0,2,1,2,1,2,1,2,1,False,1,1,0,1,1,0,hold,True
s03-r1-hold_trial-0.25,3,1,hold_trial-0.25,hold_trial,0.25,19,306.6279999999997,1,1000,1,250.0,1.0,48.0,1,1,1,1,1,1,1,1,False,1,1,0,1,1,0,hold,True
s03-r1-hold_trial-0.25,3,1,hold_trial-0.25,hold_trial,0.25,20,322.65200000000004,2,1000,1,250.0,1.0,48.0,2,1,2,1,2,1,2,1,False,1,1,0,1,1,0,hold,True
s03-r1-hold_trial-0.25,3,1,hold_trial-0.25,hold_trial,0.25,21,338.52400000000034,2,1000,1,250.0,1.0,48.0,2,1,2,1,2,1,2,1,False,1,1,0,1,1,0,hold,True
s03-r1-hold_trial-0.25,3,1,hold_trial-0.25,hold_trial,0.25,22,362.3360000000002,2,1000,1,250.0,1.0,48.0,2,1,2,1,2,1,2,1,False,1,1,0,1,1,0,hold,True
s03-r1-hold_trial-0.25,3,1,hold_trial-0.25,hold_trial,0.25,23,379.02800000000025,1,1000,1,250.0,1.0,48.0,1,1,1,1,1,1,1,1,False,1,1,0,1,1,0,hold,True
s03-r1-hold_trial-0.4,3,1,hold_trial-0.4,hold_trial,0.4,0,16.684000000000196,2,1000,1,400.0,1.0,48.0,2,1,2,1,2,1,2,1,False,1,1,0,1,1,0,hold,True
s03-r1-hold_trial-0.4,3,1,hold_trial-0.4,hold_trial,0.4,1,24.49200000000019,1,1000,1,400.0,1.0,48.0,1,1,1,1,1,1,1,1,False,1,1,0,1,1,0,hold,True
s03-r1-hold_trial-0.4,3,1,hold_trial-0.4,hold_trial,0.4,2,32.52400000000034,1,1000,1,400.0,1.0,48.0,2,1,2,1,1,1,1,1,False,0,0,0,1,1,0,hold,True
s03-r1-hold_trial-0.4,3,1,hold_trial-0.4,hold_trial,0.4,3,40.96799999999985,2,1000,1,400.0,1.0,48.0,2,1,2,1,2,1,2,1,False,1,1,0,1,1,0,hold,True
s03-r1-hold_trial-0.4,3,1,hold_trial-0.4,hold_trial,0.4,4,64.5600000000004,2,1000,1,400.0,1.0,48.0,2,1,2,1,2,1,2,1,False,1,1,0,1,1,0,hold,True
s03-r1-hold_trial-0.4,3,1,hold_trial-0.4,hold_trial,0.4,5,80.17600000000039,1,1000,1,400.0,1.0,48.0,1,1,1,1,1,1,1,1,False,1,1,0,1,1,0,hold,True
s03-r1-hold_trial-0.4,3,1,hold_trial-0.4,hold_trial,0.4,6,87.75600000000031,1,1000,1,400.0,1.0,48.0,1,1,1,1,1,1,1,1,False,1,1,0,1,1,0,hold,True
s03-r1-hold_trial-0.4,3,1,hold_trial-0.4,hold_trial,0.4,7,95.64400000000025,1,1000,1,400.0,1.0,48.0,1,1,2,1,1,1,1,1,False,1,0,1,1,1,0,hold,True
s03-r1-hold_trial-0.4,3,1,hold_trial-0.4,hold_trial,0.4,8,111.28799999999956,2,1000,1,400.0,1.0,48.0,2,1,2,1,2,1,2,1,False,1,1,0,1,1,0,hold,True
s03-r1-hold_trial-0.4,3,1,hold_trial-0.4,hold_trial,0.4,9,119.76800000000004,2,1000,1,400.0,1.0,48.0,2,1,2,1,2,1,2,1,False,1,1,0,1,1,0,hold,True
s03-r1-hold_trial-0.4,3,1,hold_trial-0.4,hold_trial,0.4,10,127.80000000000018,1,1000,1,400.0,1.0,48.0,1,1,1,1,1,1,1,1,False,1,1,0,1,1,0,hold,True
s03-r1-hold_trial-0.4,3,1,hold_trial-0.4,hold_trial,0.4,11,136.0640000000003,1,1000,1,400.0,1.0,48.0,1,1,1,1,1,1,1,1,False,1,1,0,1,1,0,hold,True
s03-r1-hold_trial-0.4,3,1,hold_trial-0.4,hold_trial,0.4,12,152.47199999999975,1,1000,1,400.0,1.0,48.0,1,1,1,1,2,1,1,1,False,1,1,0,0,1,1,hold,True
s03-r1-hold_trial-0.4,3,1,hold_trial-0.4,hold_trial,0.4,13,160.7520000000004,2,1000,1,400.0,1.0,48.0,2,1,2,1,2,1,2,1,False,1,1,0,1,1,0,hold,True
s03-r1-hold_trial-0.4,3,1,hold_trial-0.4,hold_trial,0.4,14,192.65599999999995,1,1000,1,400.0,1.0,48.0,1,1,1,1,1,1,1,1,False,1,1,0,1,1,0,hold,True
s03-r1-hold_trial-0.4,3,1,hold_trial-0.4,hold_trial,0.4,15,216.9319999999998,2,1000,1,400.0,1.0,48.0,2,1,2,1,2,1,2,1,False,1,1,0,1,1,0,hold,True
s03-r1-hold_trial-0.4,3,1,hold_trial-0.4,hold_trial,0.4,16,241.22000000000023,2,1000,1,400.0,1.0,48.0,2,1,2,1,2,1,2,1,False,1,1,0,1,1,0,hold,True
s03-r1-hold_trial-0.4,3,1,hold_trial-0.4,hold_trial,0.4,17,249.6480000000001,1,1000,1,400.0,1.0,48.0,1,1,1,1,1,1,1,1,False,1,1,0,1,1,0,hold,True
s03-r1-hold_trial-0.4,3,1,hold_trial-0.4,hold_trial,0.4,18,258.0159999999996,2,1000,1,400.0,1.0,48.0,2,1,2,1,2,1,2,1,False,1,1,0,1,1,0,hold,True
s03-r1-hold_trial-0.4,3,1,hold_trial-0.4,hold_trial,0.4,19,306.6279999999997,1,1000,1,400.0,1.0,48.0,1,1,1,1,1,1,1,1,False,1,1,0,1,1,0,hold,True
s03-r1-hold_trial-0.4,3,1,hold_trial-0.4,hold_trial,0.4,20,322.65200000000004,2,1000,1,400.0,1.0,48.0,2,1,2,1,2,1,2,1,False,1,1,0,1,1,0,hold,True
s03-r1-hold_trial-0.4,3,1,hold_trial-0.4,hold_trial,0.4,21,338.52400000000034,2,1000,1,400.0,1.0,48.0,2,1,2,1,2,1,2,1,False,1,1,0,1,1,0,hold,True
s03-r1-hold_trial-0.4,3,1,hold_trial-0.4,hold_trial,0.4,22,362.3360000000002,2,1000,1,400.0,1.0,48.0,2,1,2,1,2,1,2,1,False,1,1,0,1,1,0,hold,True
s03-r1-hold_trial-0.4,3,1,hold_trial-0.4,hold_trial,0.4,23,379.02800000000025,1,1000,1,400.0,1.0,48.0,1,1,1,1,1,1,1,1,False,1,1,0,1,1,0,hold,True
s03-r2-hold_trial-0.1,3,2,hold_trial-0.1,hold_trial,0.1,0,1.0,1,1000,1,100.0,1.0,48.0,1,1,1,1,1,1,1,1,False,1,1,0,1,1,0,hold,True
s03-r2-hold_trial-0.1,3,2,hold_trial-0.1,hold_trial,0.1,1,9.011999999999716,1,1000,1,100.0,1.0,48.0,1,1,1,1,1,1,1,1,False,1,1,0,1,1,0,hold,True
s03-r2-hold_trial-0.1,3,2,hold_trial-0.1,hold_trial,0.1,2,24.49200000000019,2,1000,1,100.0,1.0,48.0,2,1,2,1,2,1,2,1,False,1,1,0,1,1,0,hold,True
s03-r2-hold_trial-0.1,3,2,hold_trial-0.1,hold_trial,0.1,3,32.52400000000034,1,1000,1,100.0,1.0,48.0,1,1,1,1,1,1,1,1,False,1,1,0,1,1,0,hold,True
s03-r2-hold_trial-0.1,3,2,hold_trial-0.1,hold_trial,0.1,4,48.63600000000042,1,1000,1,100.0,1.0,48.0,1,1,1,1,1,1,1,1,False,1,1,0,1,1,0,hold,True
s03-r2-hold_trial-0.1,3,2,hold_trial-0.1,hold_trial,0.1,5,64.5600000000004,2,1000,1,100.0,1.0,48.0,2,1,2,1,2,1,2,1,False,1,1,0,1,1,0,hold,True
s03-r2-hold_trial-0.1,3,2,hold_trial-0.1,hold_trial,0.1,6,80.17600000000039,1,1000,1,100.0,1.0,48.0,1,1,1,1,1,1,1,1,False,1,1,0,1,1,0,hold,True
s03-r2-hold_trial-0.1,3,2,hold_trial-0.1,hold_trial,0.1,7,103.42000000000009,1,1000,1,100.0,1.0,48.0,1,1,1,1,1,1,1,1,False,1,1,0,1,1,0,hold,True
s03-r2-hold_trial-0.1,3,2,hold_trial-0.1,hold_trial,0.1,8,119.76800000000004,2,1000,1,100.0,1.0,48.0,2,1,2,1,2,1,2,1,False,1,1,0,1,1,0,hold,True
s03-r2-hold_trial-0.1,3,2,hold_trial-0.1,hold_trial,0.1,9,160.7520000000004,1,1000,1,100.0,1.0,48.0,1,1,1,1,1,1,1,1,False,1,1,0,1,1,0,hold,True
s03-r2-hold_trial-0.1,3,2,hold_trial-0.1,hold_trial,0.1,10,176.72000000000023,2,1000,1,100.0,1.0,48.0,2,1,2,1,2,1,2,1,False,1,1,0,1,1,0,hold,True
s03-r2-hold_trial-0.1,3,2,hold_trial-0.1,hold_trial,0.1,11,192.65599999999995,2,1000,1,100.0,1.0,48.0,2,1,2,1,2,1,2,1,False,1,1,0,1,1,0,hold,True
s03-r2-hold_trial-0.1,3,2,hold_trial-0.1,hold_trial,0.1,12,200.5,1,1000,1,100.0,1.0,48.0,1,1,1,1,1,1,1,1,False,1,1,0,1,1,0,hold,True
s03-r2-hold_trial-0.1,3,2,hold_trial-0.1,hold_trial,0.1,13,216.9319999999998,2,1000,1,100.0,1.0,48.0,2,1,2,1,2,1,2,1,False,1,1,0,1,1,0,hold,True
s03-r2-hold_trial-0.1,3,2,hold_trial-0.1,hold_trial,0.1,14,224.83200000000036,1,1000,1,100.0,1.0,48.0,1,1,1,1,1,1,1,1,False,1,1,0,1,1,0,hold,True
s03-r2-hold_trial-0.1,3,2,hold_trial-0.1,hold_trial,0.1,15,249.6480000000001,1,1000,1,100.0,1.0,48.0,1,1,1,1,1,1,1,1,False,1,1,0,1,1,0,hold,True
s03-r2-hold_trial-0.1,3,2,hold_trial-0.1,hold_trial,0.1,16,282.808,2,1000,1,100.0,1.0,48.0,2,1,2,1,2,1,2,1,False,1,1,0,1,1,0,hold,True
s03-r2-hold_trial-0.1,3,2,hold_trial-0.1,hold_trial,0.1,17,290.8879999999999,1,1000,1,100.0,1.0,48.0,1,1,1,1,1,1,1,1,False,1,1,0,1,1,0,hold,True
s03-r2-hold_trial-0.1,3,2,hold_trial-0.1,hold_trial,0.1,18,298.77599999999984,2,1000,1,100.0,1.0,48.0,2,1,2,1,2,1,2,1,False,1,1,0,1,1,0,hold,True
s03-r2-hold_trial-0.1,3,2,hold_trial-0.1,hold_trial,0.1,19,314.32800000000043,2,1000,1,100.0,1.0,48.0,2,1,2,1,2,1,2,1,False,1,1,0,1,1,0,hold,True
s03-r2-hold_trial-0.1,3,2,hold_trial-0.1,hold_trial,0.1,20,338.52400000000034,2,1000,1,100.0,1.0,48.0,2,1,2,1,2,1,2,1,False,1,1,0,1,1,0,hold,True
s03-r2-hold_trial-0.1,3,2,hold_trial-0.1,hold_trial,0.1,21,347.0,2,1000,1,100.0,1.0,48.0,2,1,2,1,2,1,2,1,False,1,1,0,1,1,0,hold,True
s03-r2-hold_trial-0.1,3,2,hold_trial-0.1,hold_trial,0.1,22,354.6239999999998,2,1000,1,100.0,1.0,48.0,2,1,2,1,2,1,2,1,False,1,1,0,1,1,0,hold,True
s03-r2-hold_trial-0.1,3,2,hold_trial-0.1,hold_trial,0.1,23,379.02800000000025,1,1000,1,100.0,1.0,48.0,2,1,2,1,2,1,1,1,False,0,0,0,0,1,1,hold,True
s03-r2-hold_trial-0.25,3,2,hold_trial-0.25,hold_trial,0.25,0,1.0,1,1000,1,250.0,1.0,48.0,1,1,1,1,1,1,1,1,False,1,1,0,1,1,0,hold,True
s03-r2-hold_trial-0.25,3,2,hold_trial-0.25,hold_trial,0.25,1,9.011999999999716,1,1000,1,250.0,1.0,48.0,1,1,1,1,1,1,1,1,False,1,1,0,1,1,0,hold,True
s03-r2-hold_trial-0.25,3,2,hold_trial-0.25,hold_trial,0.25,2,24.49200000000019,2,1000,1,250.0,1.0,48.0,2,1,2,1,2,1,2,1,False,1,1,0,1,1,0,hold,True
s03-r2-hold_trial-0.25,3,2,hold_trial-0.25,hold_trial,0.25,3,32.52400000000034,1,1000,1,250.0,1.0,48.0,1,1,1,1,1,1,1,1,False,1,1,0,1,1,0,hold,True
s03-r2-hold_trial-0.25,3,2,hold_trial-0.25,hold_trial,0.25,4,48.63600000000042,1,1000,1,250.0,1.0,48.0,1,1,1,1,1,1,1,1,False,1,1,0,1,1,0,hold,True
s03-r2-hold_trial-0.25,3,2,hold_trial-0.25,hold_trial,0.25,5,64.5600000000004,2,1000,1,250.0,1.0,48.0,2,1,2,1,2,1,2,1,False,1,1,0,1,1,0,hold,True
s03-r2-hold_trial-0.25,3,2,hold_trial-0.25,hold_trial,0.25,6,80.17600000000039,1,1000,1,250.0,1.0,48.0,1,1,1,1,1,1,1,1,False,1,1,0,1,1,0,hold,True
s03-r2-hold_trial-0.25,3,2,hold_trial-0.25,hold_trial,0.25,7,103.42000000000009,1,1000,1,250.0,1.0,48.0,1,1,1,1,1,1,1,1,False,1,1,0,1,1,0,hold,True
s03-r2-hold_trial-0.25,3,2,hold_trial-0.25,hold_trial,0.25,8,119.76800000000004,2,1000,1,250.0,1.0,48.0,2,1,2,1,2,1,2,1,False,1,1,0,1,1,0,hold,True
s03-r2-hold_trial-0.25,3,2,hold_trial-0.25,hold_trial,0.25,9,160.7520000000004,1,1000,1,250.0,1.0,48.0,1,1,1,1,1,1,1,1,False,1,1,0,1,1,0,hold,True
s03-r2-hold_trial-0.25,3,2,hold_trial-0.25,hold_trial,0.25,10,176.72000000000023,2,1000,1,250.0,1.0,48.0,2,1,2,1,2,1,2,1,False,1,1,0,1,1,0,hold,True
s03-r2-hold_trial-0.25,3,2,hold_trial-0.25,hold_trial,0.25,11,192.65599999999995,2,1000,1,250.0,1.0,48.0,2,1,2,1,2,1,2,1,False,1,1,0,1,1,0,hold,True
s03-r2-hold_trial-0.25,3,2,hold_trial-0.25,hold_trial,0.25,12,200.5,1,1000,1,250.0,1.0,48.0,1,1,1,1,1,1,1,1,False,1,1,0,1,1,0,hold,True
s03-r2-hold_trial-0.25,3,2,hold_trial-0.25,hold_trial,0.25,13,216.9319999999998,2,1000,1,250.0,1.0,48.0,2,1,2,1,2,1,2,1,False,1,1,0,1,1,0,hold,True
s03-r2-hold_trial-0.25,3,2,hold_trial-0.25,hold_trial,0.25,14,224.83200000000036,1,1000,1,250.0,1.0,48.0,1,1,1,1,1,1,1,1,False,1,1,0,1,1,0,hold,True
s03-r2-hold_trial-0.25,3,2,hold_trial-0.25,hold_trial,0.25,15,249.6480000000001,1,1000,1,250.0,1.0,48.0,1,1,1,1,1,1,1,1,False,1,1,0,1,1,0,hold,True
s03-r2-hold_trial-0.25,3,2,hold_trial-0.25,hold_trial,0.25,16,282.808,2,1000,1,250.0,1.0,48.0,2,1,2,1,2,1,2,1,False,1,1,0,1,1,0,hold,True
s03-r2-hold_trial-0.25,3,2,hold_trial-0.25,hold_trial,0.25,17,290.8879999999999,1,1000,1,250.0,1.0,48.0,1,1,1,1,1,1,1,1,False,1,1,0,1,1,0,hold,True
s03-r2-hold_trial-0.25,3,2,hold_trial-0.25,hold_trial,0.25,18,298.77599999999984,2,1000,1,250.0,1.0,48.0,2,1,2,1,2,1,2,1,False,1,1,0,1,1,0,hold,True
s03-r2-hold_trial-0.25,3,2,hold_trial-0.25,hold_trial,0.25,19,314.3279999999995,2,1000,1,250.0,1.0,48.0,2,1,2,1,2,1,2,1,False,1,1,0,1,1,0,hold,True
s03-r2-hold_trial-0.25,3,2,hold_trial-0.25,hold_trial,0.25,20,338.52400000000034,2,1000,1,250.0,1.0,48.0,2,1,2,1,2,1,2,1,False,1,1,0,1,1,0,hold,True
s03-r2-hold_trial-0.25,3,2,hold_trial-0.25,hold_trial,0.25,21,347.0,2,1000,1,250.0,1.0,48.0,2,1,2,1,2,1,2,1,False,1,1,0,1,1,0,hold,True
s03-r2-hold_trial-0.25,3,2,hold_trial-0.25,hold_trial,0.25,22,354.6239999999998,2,1000,1,250.0,1.0,48.0,2,1,2,1,2,1,2,1,False,1,1,0,1,1,0,hold,True
s03-r2-hold_trial-0.25,3,2,hold_trial-0.25,hold_trial,0.25,23,379.02800000000025,1,1000,1,250.0,1.0,48.0,2,1,2,1,2,1,1,1,False,0,0,0,0,1,1,hold,True
s03-r2-hold_trial-0.4,3,2,hold_trial-0.4,hold_trial,0.4,0,1.0,1,1000,1,400.0,1.0,48.0,1,1,1,1,1,1,1,1,False,1,1,0,1,1,0,hold,True
s03-r2-hold_trial-0.4,3,2,hold_trial-0.4,hold_trial,0.4,1,9.011999999999716,1,1000,1,400.0,1.0,48.0,1,1,1,1,1,1,1,1,False,1,1,0,1,1,0,hold,True
s03-r2-hold_trial-0.4,3,2,hold_trial-0.4,hold_trial,0.4,2,24.49200000000019,2,1000,1,400.0,1.0,48.0,2,1,2,1,2,1,2,1,False,1,1,0,1,1,0,hold,True
s03-r2-hold_trial-0.4,3,2,hold_trial-0.4,hold_trial,0.4,3,32.52400000000034,1,1000,1,400.0,1.0,48.0,1,1,1,1,1,1,1,1,False,1,1,0,1,1,0,hold,True
s03-r2-hold_trial-0.4,3,2,hold_trial-0.4,hold_trial,0.4,4,48.63600000000042,1,1000,1,400.0,1.0,48.0,1,1,1,1,1,1,1,1,False,1,1,0,1,1,0,hold,True
s03-r2-hold_trial-0.4,3,2,hold_trial-0.4,hold_trial,0.4,5,64.5600000000004,2,1000,1,400.0,1.0,48.0,2,1,2,1,2,1,2,1,False,1,1,0,1,1,0,hold,True
s03-r2-hold_trial-0.4,3,2,hold_trial-0.4,hold_trial,0.4,6,80.17600000000039,1,1000,1,400.0,1.0,48.0,1,1,1,1,1,1,1,1,False,1,1,0,1,1,0,hold,True
s03-r2-hold_trial-0.4,3,2,hold_trial-0.4,hold_trial,0.4,7,103.42000000000009,1,1000,1,400.0,1.0,48.0,2,1,1,1,2,1,1,1,False,0,1,1,0,1,1,hold,True
s03-r2-hold_trial-0.4,3,2,hold_trial-0.4,hold_trial,0.4,8,119.76800000000004,2,1000,1,400.0,1.0,48.0,2,1,2,1,2,1,2,1,False,1,1,0,1,1,0,hold,True
s03-r2-hold_trial-0.4,3,2,hold_trial-0.4,hold_trial,0.4,9,160.7520000000004,1,1000,1,400.0,1.0,48.0,1,1,1,1,2,1,1,1,False,1,1,0,0,1,1,hold,True
s03-r2-hold_trial-0.4,3,2,hold_trial-0.4,hold_trial,0.4,10,176.72000000000023,2,1000,1,400.0,1.0,48.0,2,1,2,1,2,1,2,1,False,1,1,0,1,1,0,hold,True
s03-r2-hold_trial-0.4,3,2,hold_trial-0.4,hold_trial,0.4,11,192.65599999999995,2,1000,1,400.0,1.0,48.0,2,1,2,1,2,1,2,1,False,1,1,0,1,1,0,hold,True
s03-r2-hold_trial-0.4,3,2,hold_trial-0.4,hold_trial,0.4,12,200.5,1,1000,1,400.0,1.0,48.0,1,1,1,1,2,1,1,1,False,1,1,0,0,1,1,hold,True
s03-r2-hold_trial-0.4,3,2,hold_trial-0.4,hold_trial,0.4,13,216.9319999999998,2,1000,1,400.0,1.0,48.0,2,1,2,1,2,1,2,1,False,1,1,0,1,1,0,hold,True
s03-r2-hold_trial-0.4,3,2,hold_trial-0.4,hold_trial,0.4,14,224.83200000000036,1,1000,1,400.0,1.0,48.0,1,1,1,1,1,1,1,1,False,1,1,0,1,1,0,hold,True
s03-r2-hold_trial-0.4,3,2,hold_trial-0.4,hold_trial,0.4,15,249.6480000000001,1,1000,1,400.0,1.0,48.0,1,1,1,1,1,1,1,1,False,1,1,0,1,1,0,hold,True
s03-r2-hold_trial-0.4,3,2,hold_trial-0.4,hold_trial,0.4,16,282.808,2,1000,1,400.0,1.0,48.0,2,1,2,1,2,1,2,1,False,1,1,0,1,1,0,hold,True
s03-r2-hold_trial-0.4,3,2,hold_trial-0.4,hold_trial,0.4,17,290.8879999999999,1,1000,1,400.0,1.0,48.0,1,1,1,1,1,1,1,1,False,1,1,0,1,1,0,hold,True
s03-r2-hold_trial-0.4,3,2,hold_trial-0.4,hold_trial,0.4,18,298.77599999999984,2,1000,1,400.0,1.0,48.0,2,1,2,1,2,1,2,1,False,1,1,0,1,1,0,hold,True
s03-r2-hold_trial-0.4,3,2,hold_trial-0.4,hold_trial,0.4,19,314.32800000000043,2,1000,1,400.0,1.0,48.0,2,1,2,1,2,1,2,1,False,1,1,0,1,1,0,hold,True
s03-r2-hold_trial-0.4,3,2,hold_trial-0.4,hold_trial,0.4,20,338.52400000000034,2,1000,1,400.0,1.0,48.0,2,1,2,1,2,1,2,1,False,1,1,0,1,1,0,hold,True
s03-r2-hold_trial-0.4,3,2,hold_trial-0.4,hold_trial,0.4,21,347.0,2,1000,1,400.0,1.0,48.0,2,1,2,1,2,1,2,1,False,1,1,0,1,1,0,hold,True
s03-r2-hold_trial-0.4,3,2,hold_trial-0.4,hold_trial,0.4,22,354.6239999999998,2,1000,1,400.0,1.0,48.0,2,1,2,1,2,1,2,1,False,1,1,0,1,1,0,hold,True
s03-r2-hold_trial-0.4,3,2,hold_trial-0.4,hold_trial,0.4,23,379.02800000000025,1,1000,1,400.0,1.0,48.0,2,1,2,1,2,1,1,1,False,0,0,0,0,1,1,hold,True
s03-r3-hold_trial-0.1,3,3,hold_trial-0.1,hold_trial,0.1,0,1.0,2,1000,1,100.0,1.0,48.0,2,1,2,1,2,1,2,1,False,1,1,0,1,1,0,hold,True
s03-r3-hold_trial-0.1,3,3,hold_trial-0.1,hold_trial,0.1,1,16.683999999999287,1,1000,1,100.0,1.0,48.0,1,1,1,1,1,1,1,1,False,1,1,0,1,1,0,hold,True
s03-r3-hold_trial-0.1,3,3,hold_trial-0.1,hold_trial,0.1,2,48.63600000000042,1,1000,1,100.0,1.0,48.0,2,1,2,1,2,1,2,1,False,0,0,0,0,0,0,hold,True
s03-r3-hold_trial-0.1,3,3,hold_trial-0.1,hold_trial,0.1,3,56.83599999999933,1,1000,1,100.0,1.0,48.0,1,1,1,1,1,1,1,1,False,1,1,0,1,1,0,hold,True
s03-r3-hold_trial-0.1,3,3,hold_trial-0.1,hold_trial,0.1,4,72.55199999999968,2,1000,1,100.0,1.0,48.0,2,1,2,1,2,1,2,1,False,1,1,0,1,1,0,hold,True
s03-r3-hold_trial-0.1,3,3,hold_trial-0.1,hold_trial,0.1,5,103.42000000000009,2,1000,1,100.0,1.0,48.0,2,1,2,1,2,1,2,1,False,1,1,0,1,1,0,hold,True
s03-r3-hold_trial-0.1,3,3,hold_trial-0.1,hold_trial,0.1,6,111.28800000000048,1,1000,1,100.0,1.0,48.0,1,1,1,1,1,1,1,1,False,1,1,0,1,1,0,hold,True
s03-r3-hold_trial-0.1,3,3,hold_trial-0.1,hold_trial,0.1,7,127.79999999999929,2,1000,1,100.0,1.0,48.0,2,1,2,1,2,1,2,1,False,1,1,0,1,1,0,hold,True
s03-r3-hold_trial-0.1,3,3,hold_trial-0.1,hold_trial,0.1,8,144.20800000000054,1,1000,1,100.0,1.0,48.0,1,1,1,1,1,1,1,1,False,1,1,0,1,1,0,hold,True
s03-r3-hold_trial-0.1,3,3,hold_trial-0.1,hold_trial,0.1,9,169.07200000000012,2,1000,1,100.0,1.0,48.0,2,1,2,1,2,1,2,1,False,1,1,0,1,1,0,hold,True
s03-r3-hold_trial-0.1,3,3,hold_trial-0.1,hold_trial,0.1,10,192.6560000000009,1,1000,1,100.0,1.0,48.0,1,1,1,1,1,1,1,1,False,1,1,0,1,1,0,hold,True
s03-r3-hold_trial-0.1,3,3,hold_trial-0.1,hold_trial,0.1,11,200.5,2,1000,1,100.0,1.0,48.0,2,1,2,1,2,1,2,1,False,1,1,0,1,1,0,hold,True
s03-r3-hold_trial-0.1,3,3,hold_trial-0.1,hold_trial,0.1,12,208.9159999999993,2,1000,1,100.0,1.0,48.0,2,1,2,1,2,1,2,1,False,1,1,0,1,1,0,hold,True
s03-r3-hold_trial-0.1,3,3,hold_trial-0.1,hold_trial,0.1,13,232.9359999999997,2,1000,1,100.0,1.0,48.0,2,1,2,1,2,1,2,1,False,1,1,0,1,1,0,hold,True
s03-r3-hold_trial-0.1,3,3,hold_trial-0.1,hold_trial,0.1,14,241.21999999999932,1,1000,1,100.0,1.0,48.0,1,1,1,1,1,1,1,1,False,1,1,0,1,1,0,hold,True
s03-r3-hold_trial-0.1,3,3,hold_trial-0.1,hold_trial,0.1,15,249.64799999999923,1,1000,1,100.0,1.0,48.0,2,1,1,1,1,1,1,1,False,0,1,1,1,1,0,hold,True
s03-r3-hold_trial-0.1,3,3,hold_trial-0.1,hold_trial,0.1,16,266.3799999999992,2,1000,1,100.0,1.0,48.0,2,1,2,1,2,1,2,1,False,1,1,0,1,1,0,hold,True
s03-r3-hold_trial-0.1,3,3,hold_trial-0.1,hold_trial,0.1,17,274.5519999999997,1,1000,1,100.0,1.0,48.0,2,1,2,1,1,1,1,1,False,0,0,0,1,1,0,hold,True
s03-r3-hold_trial-0.1,3,3,hold_trial-0.1,hold_trial,0.1,18,290.88800000000083,2,1000,1,100.0,1.0,48.0,2,1,2,1,2,1,2,1,False,1,1,0,1,1,0,hold,True
s03-r3-hold_trial-0.1,3,3,hold_trial-0.1,hold_trial,0.1,19,298.77599999999984,2,1000,1,100.0,1.0,48.0,2,1,2,1,2,1,1,1,False,1,1,0,1,0,1,hold,True
s03-r3-hold_trial-0.1,3,3,hold_trial-0.1,hold_trial,0.1,20,314.3279999999995,1,1000,1,100.0,1.0,48.0,1,1,1,1,1,1,1,1,False,1,1,0,1,1,0,hold,True
s03-r3-hold_trial-0.1,3,3,hold_trial-0.1,hold_trial,0.1,21,362.3359999999993,1,1000,1,100.0,1.0,48.0,1,1,1,1,1,1,1,1,False,1,1,0,1,1,0,hold,True
s03-r3-hold_trial-0.1,3,3,hold_trial-0.1,hold_trial,0.1,22,370.79199999999946,2,1000,1,100.0,1.0,48.0,2,1,2,1,2,1,2,1,False,1,1,0,1,1,0,hold,True
s03-r3-hold_trial-0.1,3,3,hold_trial-0.1,hold_trial,0.1,23,379.02800000000025,1,1000,1,100.0,1.0,48.0,2,1,2,1,1,1,1,1,False,0,0,0,1,1,0,hold,True
s03-r3-hold_trial-0.25,3,3,hold_trial-0.25,hold_trial,0.25,0,1.0,2,1000,1,250.0,1.0,48.0,2,1,2,1,2,1,2,1,False,1,1,0,1,1,0,hold,True
s03-r3-hold_trial-0.25,3,3,hold_trial-0.25,hold_trial,0.25,1,16.683999999999287,1,1000,1,250.0,1.0,48.0,1,1,1,1,1,1,1,1,False,1,1,0,1,1,0,hold,True
s03-r3-hold_trial-0.25,3,3,hold_trial-0.25,hold_trial,0.25,2,48.63600000000042,1,1000,1,250.0,1.0,48.0,2,1,2,1,2,1,2,1,False,0,0,0,0,0,0,hold,True
s03-r3-hold_trial-0.25,3,3,hold_trial-0.25,hold_trial,0.25,3,56.83599999999933,1,1000,1,250.0,1.0,48.0,1,1,1,1,1,1,1,1,False,1,1,0,1,1,0,hold,True
s03-r3-hold_trial-0.25,3,3,hold_trial-0.25,hold_trial,0.25,4,72.55199999999968,2,1000,1,250.0,1.0,48.0,2,1,2,1,2,1,2,1,False,1,1,0,1,1,0,hold,True
s03-r3-hold_trial-0.25,3,3,hold_trial-0.25,hold_trial,0.25,5,103.42000000000009,2,1000,1,250.0,1.0,48.0,2,1,2,1,2,1,2,1,False,1,1,0,1,1,0,hold,True
s03-r3-hold_trial-0.25,3,3,hold_trial-0.25,hold_trial,0.25,6,111.28800000000048,1,1000,1,250.0,1.0,48.0,1,1,1,1,2,1,1,1,False,1,1,0,0,1,1,hold,True
s03-r3-hold_trial-0.25,3,3,hold_trial-0.25,hold_trial,0.25,7,127.79999999999929,2,1000,1,250.0,1.0,48.0,2,1,2,1,2,1,2,1,False,1,1,0,1,1,0,hold,True
s03-r3-hold_trial-0.25,3,3,hold_trial-0.25,hold_trial,0.25,8,144.20800000000054,1,1000,1,250.0,1.0,48.0,1,1,1,1,1,1,1,1,False,1,1,0,1,1,0,hold,True
s03-r3-hold_trial-0.25,3,3,hold_trial-0.25,hold_trial,0.25,9,169.07200000000012,2,1000,1,250.0,1.0,48.0,2,1,2,1,2,1,2,1,False,1,1,0,1,1,0,hold,True
s03-r3-hold_trial-0.25,3,3,hold_trial-0.25,hold_trial,0.25,10,192.6560000000009,1,1000,1,250.0,1.0,48.0,1,1,1,1,1,1,1,1,False,1,1,0,1,1,0,hold,True
s03-r3-hold_trial-0.25,3,3,hold_trial-0.25,hold_trial,0.25,11,200.5,2,1000,1,250.0,1.0,48.0,2,1,2,1,2,1,2,1,False,1,1,0,1,1,0,hold,True
s03-r3-hold_trial-0.25,3,3,hold_trial-0.25,hold_trial,0.25,12,208.9159999999993,2,1000,1,250.0,1.0,48.0,2,1,2,1,2,1,2,1,False,1,1,0,1,1,0,hold,True
s03-r3-hold_trial-0.25,3,3,hold_trial-0.25,hold_trial,0.25,13,232.9359999999997,2,1000,1,250.0,1.0,48.0,2,1,2,1,2,1,2,1,False,1,1,0,1,1,0,hold,True
s03-r3-hold_trial-0.25,3,3,hold_trial-0.25,hold_trial,0.25,14,241.21999999999932,1,1000,1,250.0,1.0,48.0,1,1,1,1,1,1,1,1,False,1,1,0,1,1,0,hold,True
s03-r3-hold_trial-0.25,3,3,hold_trial-0.25,hold_trial,0.25,15,249.64799999999923,1,1000,1,250.0,1.0,48.0,1,1,1,1,1,1,1,1,False,1,1,0,1,1,0,hold,True
s03-r3-hold_trial-0.25,3,3,hold_trial-0.25,hold_trial,0.25,16,266.3799999999992,2,1000,1,250.0,1.0,48.0,2,1,2,1,2,1,2,1,False,1,1,0,1,1,0,hold,True
s03-r3-hold_trial-0.25,3,3,hold_trial-0.25,hold_trial,0.25,17,274.5519999999997,1,1000,1,250.0,1.0,48.0,2,1,2,1,1,1,1,1,False,0,0,0,1,1,0,hold,True
s03-r3-hold_trial-0.25,3,3,hold_trial-0.25,hold_trial,0.25,18,290.88800000000083,2,1000,1,250.0,1.0,48.0,2,1,2,1,2,1,2,1,False,1,1,0,1,1,0,hold,True
s03-r3-hold_trial-0.25,3,3,hold_trial-0.25,hold_trial,0.25,19,298.77599999999984,2,1000,1,250.0,1.0,48.0,2,1,2,1,2,1,1,1,False,1,1,0,1,0,1,hold,True
s03-r3-hold_trial-0.25,3,3,hold_trial-0.25,hold_trial,0.25,20,314.3279999999995,1,1000,1,250.0,1.0,48.0,1,1,1,1,1,1,1,1,False,1,1,0,1,1,0,hold,True
s03-r3-hold_trial-0.25,3,3,hold_trial-0.25,hold_trial,0.25,21,362.3359999999993,1,1000,1,250.0,1.0,48.0,1,1,1,1,1,1,1,1,False,1,1,0,1,1,0,hold,True
s03-r3-hold_trial-0.25,3,3,hold_trial-0.25,hold_trial,0.25,22,370.79199999999946,2,1000,1,250.0,1.0,48.0,2,1,2,1,2,1,2,1,False,1,1,0,1,1,0,hold,True
s03-r3-hold_trial-0.25,3,3,hold_trial-0.25,hold_trial,0.25,23,379.02800000000025,1,1000,1,250.0,1.0,48.0,2,1,2,1,1,1,1,1,False,0,0,0,1,1,0,hold,True
s03-r3-hold_trial-0.4,3,3,hold_trial-0.4,hold_trial,0.4,0,1.0,2,1000,1,400.0,1.0,48.0,2,1,2,1,2,1,2,1,False,1,1,0,1,1,0,hold,True
s03-r3-hold_trial-0.4,3,3,hold_trial-0.4,hold_trial,0.4,1,16.683999999999287,1,1000,1,400.0,1.0,48.0,1,1,1,1,1,1,1,1,False,1,1,0,1,1,0,hold,True
s03-r3-hold_trial-0.4,3,3,hold_trial-0.4,hold_trial,0.4,2,48.63600000000042,1,1000,1,400.0,1.0,48.0,2,1,2,1,2,1,2,1,False,0,0,0,0,0,0,hold,True
s03-r3-hold_trial-0.4,3,3,hold_trial-0.4,hold_trial,0.4,3,56.83599999999933,1,1000,1,400.0,1.0,48.0,1,1,1,1,1,1,1,1,False,1,1,0,1,1,0,hold,True
s03-r3-hold_trial-0.4,3,3,hold_trial-0.4,hold_trial,0.4,4,72.55199999999968,2,1000,1,400.0,1.0,48.0,2,1,2,1,2,1,2,1,False,1,1,0,1,1,0,hold,True
s03-r3-hold_trial-0.4,3,3,hold_trial-0.4,hold_trial,0.4,5,103.42000000000009,2,1000,1,400.0,1.0,48.0,2,1,2,1,2,1,2,1,False,1,1,0,1,1,0,hold,True
s03-r3-hold_trial-0.4,3,3,hold_trial-0.4,hold_trial,0.4,6,111.28800000000048,1,1000,1,400.0,1.0,48.0,1,1,1,1,1,1,1,1,False,1,1,0,1,1,0,hold,True
s03-r3-hold_trial-0.4,3,3,hold_trial-0.4,hold_trial,0.4,7,127.79999999999929,2,1000,1,400.0,1.0,48.0,2,1,2,1,2,1,2,1,False,1,1,0,1,1,0,hold,True
s03-r3-hold_trial-0.4,3,3,hold_trial-0.4,hold_trial,0.4,8,144.20800000000054,1,1000,1,400.0,1.0,48.0,1,1,1,1,1,1,1,1,False,1,1,0,1,1,0,hold,True
s03-r3-hold_trial-0.4,3,3,hold_trial-0.4,hold_trial,0.4,9,169.07200000000012,2,1000,1,400.0,1.0,48.0,2,1,2,1,2,1,2,1,False,1,1,0,1,1,0,hold,True
s03-r3-hold_trial-0.4,3,3,hold_trial-0.4,hold_trial,0.4,10,192.6560000000009,1,1000,1,400.0,1.0,48.0,1,1,1,1,2,1,1,1,False,1,1,0,0,1,1,hold,True
s03-r3-hold_trial-0.4,3,3,hold_trial-0.4,hold_trial,0.4,11,200.5,2,1000,1,400.0,1.0,48.0,2,1,2,1,2,1,2,1,False,1,1,0,1,1,0,hold,True
s03-r3-hold_trial-0.4,3,3,hold_trial-0.4,hold_trial,0.4,12,208.9159999999993,2,1000,1,400.0,1.0,48.0,2,1,2,1,2,1,2,1,False,1,1,0,1,1,0,hold,True
s03-r3-hold_trial-0.4,3,3,hold_trial-0.4,hold_trial,0.4,13,232.9359999999997,2,1000,1,400.0,1.0,48.0,2,1,2,1,2,1,2,1,False,1,1,0,1,1,0,hold,True
s03-r3-hold_trial-0.4,3,3,hold_trial-0.4,hold_trial,0.4,14,241.21999999999932,1,1000,1,400.0,1.0,48.0,1,1,1,1,1,1,1,1,False,1,1,0,1,1,0,hold,True
s03-r3-hold_trial-0.4,3,3,hold_trial-0.4,hold_trial,0.4,15,249.64799999999923,1,1000,1,400.0,1.0,48.0,1,1,1,1,1,1,1,1,False,1,1,0,1,1,0,hold,True
s03-r3-hold_trial-0.4,3,3,hold_trial-0.4,hold_trial,0.4,16,266.3799999999992,2,1000,1,400.0,1.0,48.0,2,1,2,1,2,1,2,1,False,1,1,0,1,1,0,hold,True
s03-r3-hold_trial-0.4,3,3,hold_trial-0.4,hold_trial,0.4,17,274.5519999999997,1,1000,1,400.0,1.0,48.0,2,1,2,1,1,1,1,1,False,0,0,0,1,1,0,hold,True
s03-r3-hold_trial-0.4,3,3,hold_trial-0.4,hold_trial,0.4,18,290.88800000000083,2,1000,1,400.0,1.0,48.0,2,1,2,1,2,1,2,1,False,1,1,0,1,1,0,hold,True
s03-r3-hold_trial-0.4,3,3,hold_trial-0.4,hold_trial,0.4,19,298.77599999999984,2,1000,1,400.0,1.0,48.0,2,1,2,1,2,1,1,1,False,1,1,0,1,0,1,hold,True
s03-r3-hold_trial-0.4,3,3,hold_trial-0.4,hold_trial,0.4,20,314.3279999999995,1,1000,1,400.0,1.0,48.0,1,1,1,1,1,1,1,1,False,1,1,0,1,1,0,hold,True
s03-r3-hold_trial-0.4,3,3,hold_trial-0.4,hold_trial,0.4,21,362.3359999999993,1,1000,1,400.0,1.0,48.0,1,1,1,1,1,1,1,1,False,1,1,0,1,1,0,hold,True
s03-r3-hold_trial-0.4,3,3,hold_trial-0.4,hold_trial,0.4,22,370.79199999999946,2,1000,1,400.0,1.0,48.0,2,1,2,1,2,1,2,1,False,1,1,0,1,1,0,hold,True
s03-r3-hold_trial-0.4,3,3,hold_trial-0.4,hold_trial,0.4,23,379.02800000000025,1,1000,1,400.0,1.0,48.0,1,1,2,1,1,1,1,1,False,1,0,1,1,1,0,hold,True
s03-r4-hold_trial-0.1,3,4,hold_trial-0.1,hold_trial,0.1,0,1.0,2,1000,1,100.0,1.0,48.0,2,1,2,1,1,1,1,1,False,1,1,0,0,0,0,hold,True
s03-r4-hold_trial-0.1,3,4,hold_trial-0.1,hold_trial,0.1,1,9.012000000000626,1,1000,1,100.0,1.0,48.0,1,1,1,1,1,1,1,1,False,1,1,0,1,1,0,hold,True
s03-r4-hold_trial-0.1,3,4,hold_trial-0.1,hold_trial,0.1,2,16.683999999999287,1,1000,1,100.0,1.0,48.0,1,1,1,1,1,1,1,1,False,1,1,0,1,1,0,hold,True
s03-r4-hold_trial-0.1,3,4,hold_trial-0.1,hold_trial,0.1,3,40.96800000000076,2,1000,1,100.0,1.0,48.0,2,1,2,1,2,1,2,1,False,1,1,0,1,1,0,hold,True
s03-r4-hold_trial-0.1,3,4,hold_trial-0.1,hold_trial,0.1,4,64.55999999999949,1,1000,1,100.0,1.0,48.0,2,1,2,1,2,1,2,1,False,0,0,0,0,0,0,hold,True
s03-r4-hold_trial-0.1,3,4,hold_trial-0.1,hold_trial,0.1,5,80.17599999999948,1,1000,1,100.0,1.0,48.0,1,1,1,1,1,1,1,1,False,1,1,0,1,1,0,hold,True
s03-r4-hold_trial-0.1,3,4,hold_trial-0.1,hold_trial,0.1,6,87.7559999999994,1,1000,1,100.0,1.0,48.0,2,1,2,1,1,1,1,1,False,0,0,0,1,1,0,hold,True
s03-r4-hold_trial-0.1,3,4,hold_trial-0.1,hold_trial,0.1,7,95.64400000000025,2,1000,1,100.0,1.0,48.0,2,1,2,1,2,1,2,1,False,1,1,0,1,1,0,hold,True
s03-r4-hold_trial-0.1,3,4,hold_trial-0.1,hold_trial,0.1,8,119.76800000000004,2,1000,1,100.0,1.0,48.0,2,1,2,1,2,1,2,1,False,1,1,0,1,1,0,hold,True
s03-r4-hold_trial-0.1,3,4,hold_trial-0.1,hold_trial,0.1,9,169.07200000000012,2,1000,1,100.0,1.0,48.0,2,1,2,1,2,1,2,1,False,1,1,0,1,1,0,hold,True
s03-r4-hold_trial-0.1,3,4,hold_trial-0.1,hold_trial,0.1,10,176.71999999999937,2,1000,1,100.0,1.0,48.0,2,1,2,1,2,1,2,1,False,1,1,0,1,1,0,hold,True
s03-r4-hold_trial-0.1,3,4,hold_trial-0.1,hold_trial,0.1,11,192.6560000000009,1,1000,1,100.0,1.0,48.0,1,1,1,1,1,1,1,1,False,1,1,0,1,1,0,hold,True
s03-r4-hold_trial-0.1,3,4,hold_trial-0.1,hold_trial,0.1,12,200.5,2,1000,1,100.0,1.0,48.0,2,1,2,1,2,1,2,1,False,1,1,0,1,1,0,hold,True
s03-r4-hold_trial-0.1,3,4,hold_trial-0.1,hold_trial,0.1,13,208.9159999999993,2,1000,1,100.0,1.0,48.0,2,1,2,1,2,1,2,1,False,1,1,0,1,1,0,hold,True
s03-r4-hold_trial-0.1,3,4,hold_trial-0.1,hold_trial,0.1,14,216.9320000000007,2,1000,1,100.0,1.0,48.0,2,1,2,1,2,1,2,1,False,1,1,0,1,1,0,hold,True
s03-r4-hold_trial-0.1,3,4,hold_trial-0.1,hold_trial,0.1,15,241.21999999999932,1,1000,1,100.0,1.0,48.0,1,1,1,1,1,1,1,1,False,1,1,0,1,1,0,hold,True
s03-r4-hold_trial-0.1,3,4,hold_trial-0.1,hold_trial,0.1,16,258.0159999999996,1,1000,1,100.0,1.0,48.0,1,1,1,1,2,1,2,1,False,1,1,0,0,0,0,hold,True
s03-r4-hold_trial-0.1,3,4,hold_trial-0.1,hold_trial,0.1,17,274.5519999999997,1,1000,1,100.0,1.0,48.0,1,1,1,1,1,1,1,1,False,1,1,0,1,1,0,hold,True
s03-r4-hold_trial-0.1,3,4,hold_trial-0.1,hold_trial,0.1,18,290.88800000000083,1,1000,1,100.0,1.0,48.0,1,1,1,1,1,1,1,1,False,1,1,0,1,1,0,hold,True
s03-r4-hold_trial-0.1,3,4,hold_trial-0.1,hold_trial,0.1,19,306.6280000000006,1,1000,1,100.0,1.0,48.0,1,1,1,1,1,1,1,1,False,1,1,0,1,1,0,hold,True
s03-r4-hold_trial-0.1,3,4,hold_trial-0.1,hold_trial,0.1,20,314.3279999999995,2,1000,1,100.0,1.0,48.0,2,1,2,1,2,1,2,1,False,1,1,0,1,1,0,hold,True
s03-r4-hold_trial-0.1,3,4,hold_trial-0.1,hold_trial,0.1,21,347.0,1,1000,1,100.0,1.0,48.0,1,1,1,1,1,1,1,1,False,1,1,0,1,1,0,hold,True
s03-r4-hold_trial-0.1,3,4,hold_trial-0.1,hold_trial,0.1,22,354.6239999999998,2,1000,1,100.0,1.0,48.0,2,1,2,1,2,1,2,1,False,1,1,0,1,1,0,hold,True
s03-r4-hold_trial-0.1,3,4,hold_trial-0.1,hold_trial,0.1,23,370.79199999999946,2,1000,1,100.0,1.0,48.0,2,1,2,1,2,1,2,1,False,1,1,0,1,1,0,hold,True
s03-r4-hold_trial-0.25,3,4,hold_trial-0.25,hold_trial,0.25,0,1.0,2,1000,1,250.0,1.0,48.0,2,1,2,1,2,1,1,1,False,1,1,0,1,0,1,hold,True
s03-r4-hold_trial-0.25,3,4,hold_trial-0.25,hold_trial,0.25,1,9.012000000000626,1,1000,1,250.0,1.0,48.0,1,1,1,1,1,1,1,1,False,1,1,0,1,1,0,hold,True
s03-r4-hold_trial-0.25,3,4,hold_trial-0.25,hold_trial,0.25,2,16.683999999999287,1,1000,1,250.0,1.0,48.0,1,1,1,1,1,1,1,1,False,1,1,0,1,1,0,hold,True
s03-r4-hold_trial-0.25,3,4,hold_trial-0.25,hold_trial,0.25,3,40.96800000000076,2,1000,1,250.0,1.0,48.0,2,1,2,1,2,1,2,1,False,1,1,0,1,1,0,hold,True
s03-r4-hold_trial-0.25,3,4,hold_trial-0.25,hold_trial,0.25,4,64.55999999999949,1,1000,1,250.0,1.0,48.0,2,1,2,1,2,1,2,1,False,0,0,0,0,0,0,hold,True
s03-r4-hold_trial-0.25,3,4,hold_trial-0.25,hold_trial,0.25,5,80.17599999999948,1,1000,1,250.0,1.0,48.0,1,1,1,1,1,1,1,1,False,1,1,0,1,1,0,hold,True
s03-r4-hold_trial-0.25,3,4,hold_trial-0.25,hold_trial,0.25,6,87.7559999999994,1,1000,1,250.0,1.0,48.0,1,1,2,1,1,1,1,1,False,1,0,1,1,1,0,hold,True
s03-r4-hold_trial-0.25,3,4,hold_trial-0.25,hold_trial,0.25,7,95.64400000000025,2,1000,1,250.0,1.0,48.0,2,1,2,1,2,1,2,1,False,1,1,0,1,1,0,hold,True
s03-r4-hold_trial-0.25,3,4,hold_trial-0.25,hold_trial,0.25,8,119.76800000000004,2,1000,1,250.0,1.0,48.0,2,1,2,1,2,1,2,1,False,1,1,0,1,1,0,hold,True
s03-r4-hold_trial-0.25,3,4,hold_trial-0.25,hold_trial,0.25,9,169.07200000000012,2,1000,1,250.0,1.0,48.0,2,1,2,1,2,1,2,1,False,1,1,0,1,1,0,hold,True
s03-r4-hold_trial-0.25,3,4,hold_trial-0.25,hold_trial,0.25,10,176.71999999999937,2,1000,1,250.0,1.0,48.0,2,1,2,1,2,1,2,1,False,1,1,0,1,1,0,hold,True
s03-r4-hold_trial-0.25,3,4,hold_trial-0.25,hold_trial,0.25,11,192.6560000000009,1,1000,1,250.0,1.0,48.0,1,1,1,1,1,1,1,1,False,1,1,0,1,1,0,hold,True
s03-r4-hold_trial-0.25,3,4,hold_trial-0.25,hold_trial,0.25,12,200.5,2,1000,1,250.0,1.0,48.0,2,1,2,1,2,1,2,1,False,1,1,0,1,1,0,hold,True
s03-r4-hold_trial-0.25,3,4,hold_trial-0.25,hold_trial,0.25,13,208.9159999999993,2,1000,1,250.0,1.0,48.0,2,1,2,1,2,1,2,1,False,1,1,0,1,1,0,hold,True
s03-r4-hold_trial-0.25,3,4,hold_trial-0.25,hold_trial,0.25,14,216.9320000000007,2,1000,1,250.0,1.0,48.0,2,1,2,1,2,1,2,1,False,1,1,0,1,1,0,hold,True
s03-r4-hold_trial-0.25,3,4,hold_trial-0.25,hold_trial,0.25,15,241.21999999999932,1,1000,1,250.0,1.0,48.0,1,1,1,1,1,1,1,1,False,1,1,0,1,1,0,hold,True
s03-r4-hold_trial-0.25,3,4,hold_trial-0.25,hold_trial,0.25,16,258.0159999999996,1,1000,1,250.0,1.0,48.0,1,1,1,1,2,1,2,1,False,1,1,0,0,0,0,hold,True
s03-r4-hold_trial-0.25,3,4,hold_trial-0.25,hold_trial,0.25,17,274.5519999999997,1,1000,1,250.0,1.0,48.0,1,1,1,1,1,1,1,1,False,1,1,0,1,1,0,hold,True
s03-r4-hold_trial-0.25,3,4,hold_trial-0.25,hold_trial,0.25,18,290.88800000000083,1,1000,1,250.0,1.0,48.0,1,1,1,1,1,1,1,1,False,1,1,0,1,1,0,hold,True
s03-r4-hold_trial-0.25,3,4,hold_trial-0.25,hold_trial,0.25,19,306.6280000000006,1,1000,1,250.0,1.0,48.0,1,1,1,1,1,1,1,1,False,1,1,0,1,1,0,hold,True
s03-r4-hold_trial-0.25,3,4,hold_trial-0.25,hold_trial,0.25,20,314.3279999999995,2,1000,1,250.0,1.0,48.0,2,1,2,1,2,1,2,1,False,1,1,0,1,1,0,hold,True
s03-r4-hold_trial-0.25,3,4,hold_trial-0.25,hold_trial,0.25,21,347.0,1,1000,1,250.0,1.0,48.0,1,1,1,1,1,1,1,1,False,1,1,0,1,1,0,hold,True
s03-r4-hold_trial-0.25,3,4,hold_trial-0.25,hold_trial,0.25,22,354.6239999999998,2,1000,1,250.0,1.0,48.0,2,1,2,1,2,1,2,1,False,1,1,0,1,1,0,hold,True
s03-r4-hold_trial-0.25,3,4,hold_trial-0.25,hold_trial,0.25,23,370.79199999999946,2,1000,1,250.0,1.0,48.0,2,1,2,1,2,1,2,1,False,1,1,0,1,1,0,hold,True
s03-r4-hold_trial-0.4,3,4,hold_trial-0.4,hold_trial,0.4,0,1.0,2,1000,1,400.0,1.0,48.0,2,1,2,1,2,1,1,1,False,1,1,0,1,0,1,hold,True
s03-r4-hold_trial-0.4,3,4,hold_trial-0.4,hold_trial,0.4,1,9.012000000000626,1,1000,1,400.0,1.0,48.0,1,1,1,1,1,1,1,1,False,1,1,0,1,1,0,hold,True
s03-r4-hold_trial-0.4,3,4,hold_trial-0.4,hold_trial,0.4,2,16.683999999999287,1,1000,1,400.0,1.0,48.0,1,1,1,1,1,1,1,1,False,1,1,0,1,1,0,hold,True
s03-r4-hold_trial-0.4,3,4,hold_trial-0.4,hold_trial,0.4,3,40.96800000000076,2,1000,1,400.0,1.0,48.0,2,1,2,1,2,1,2,1,False,1,1,0,1,1,0,hold,True
s03-r4-hold_trial-0.4,3,4,hold_trial-0.4,hold_trial,0.4,4,64.55999999999949,1,1000,1,400.0,1.0,48.0,2,1,2,1,2,1,2,1,False,0,0,0,0,0,0,hold,True
s03-r4-hold_trial-0.4,3,4,hold_trial-0.4,hold_trial,0.4,5,80.17599999999948,1,1000,1,400.0,1.0,48.0,1,1,1,1,1,1,1,1,False,1,1,0,1,1,0,hold,True
s03-r4-hold_trial-0.4,3,4,hold_trial-0.4,hold_trial,0.4,6,87.7559999999994,1,1000,1,400.0,1.0,48.0,2,1,2,1,1,1,1,1,False,0,0,0,1,1,0,hold,True
s03-r4-hold_trial-0.4,3,4,hold_trial-0.4,hold_trial,0.4,7,95.64400000000025,2,1000,1,400.0,1.0,48.0,2,1,2,1,2,1,2,1,False,1,1,0,1,1,0,hold,True
s03-r4-hold_trial-0.4,3,4,hold_trial-0.4,hold_trial,0.4,8,119.76800000000004,2,1000,1,400.0,1.0,48.0,2,1,2,1,2,1,2,1,False,1,1,0,1,1,0,hold,True
s03-r4-hold_trial-0.4,3,4,hold_trial-0.4,hold_trial,0.4,9,169.07200000000012,2,1000,1,400.0,1.0,48.0,2,1,2,1,2,1,2,1,False,1,1,0,1,1,0,hold,True
s03-r4-hold_trial-0.4,3,4,hold_trial-0.4,hold_trial,0.4,10,176.71999999999937,2,1000,1,400.0,1.0,48.0,2,1,2,1,2,1,2,1,False,1,1,0,1,1,0,hold,True
s03-r4-hold_trial-0.4,3,4,hold_trial-0.4,hold_trial,0.4,11,192.6560000000009,1,1000,1,400.0,1.0,48.0,1,1,1,1,1,1,1,1,False,1,1,0,1,1,0,hold,True
s03-r4-hold_trial-0.4,3,4,hold_trial-0.4,hold_trial,0.4,12,200.5,2,1000,1,400.0,1.0,48.0,2,1,2,1,1,1,2,1,False,1,1,0,0,1,1,hold,True
s03-r4-hold_trial-0.4,3,4,hold_trial-0.4,hold_trial,0.4,13,208.9159999999993,2,1000,1,400.0,1.0,48.0,2,1,2,1,2,1,2,1,False,1,1,0,1,1,0,hold,True
s03-r4-hold_trial-0.4,3,4,hold_trial-0.4,hold_trial,0.4,14,216.9320000000007,2,1000,1,400.0,1.0,48.0,2,1,2,1,2,1,2,1,False,1,1,0,1,1,0,hold,True
s03-r4-hold_trial-0.4,3,4,hold_trial-0.4,hold_trial,0.4,15,241.21999999999932,1,1000,1,400.0,1.0,48.0,1,1,1,1,1,1,1,1,False,1,1,0,1,1,0,hold,True
s03-r4-hold_trial-0.4,3,4,hold_trial-0.4,hold_trial,0.4,16,258.0159999999996,1,1000,1,400.0,1.0,48.0,1,1,1,1,2,1,2,1,False,1,1,0,0,0,0,hold,True
s03-r4-hold_trial-0.4,3,4,hold_trial-0.4,hold_trial,0.4,17,274.5519999999997,1,1000,1,400.0,1.0,48.0,1,1,1,1,2,1,1,1,False,1,1,0,0,1,1,hold,True
s03-r4-hold_trial-0.4,3,4,hold_trial-0.4,hold_trial,0.4,18,290.88800000000083,1,1000,1,400.0,1.0,48.0,1,1,1,1,1,1,1,1,False,1,1,0,1,1,0,hold,True
s03-r4-hold_trial-0.4,3,4,hold_trial-0.4,hold_trial,0.4,19,306.6280000000006,1,1000,1,400.0,1.0,48.0,1,1,1,1,1,1,1,1,False,1,1,0,1,1,0,hold,True
s03-r4-hold_trial-0.4,3,4,hold_trial-0.4,hold_trial,0.4,20,314.3279999999995,2,1000,1,400.0,1.0,48.0,2,1,2,1,2,1,2,1,False,1,1,0,1,1,0,hold,True
s03-r4-hold_trial-0.4,3,4,hold_trial-0.4,hold_trial,0.4,21,347.0,1,1000,1,400.0,1.0,48.0,1,1,1,1,1,1,1,1,False,1,1,0,1,1,0,hold,True
s03-r4-hold_trial-0.4,3,4,hold_trial-0.4,hold_trial,0.4,22,354.6239999999998,2,1000,1,400.0,1.0,48.0,2,1,2,1,2,1,2,1,False,1,1,0,1,1,0,hold,True
s03-r4-hold_trial-0.4,3,4,hold_trial-0.4,hold_trial,0.4,23,370.79199999999946,2,1000,1,400.0,1.0,48.0,2,1,2,1,2,1,2,1,False,1,1,0,1,1,0,hold,True
s04-r0-hold_trial-0.1,4,0,hold_trial-0.1,hold_trial,0.1,0,16.684000000000196,2,1000,1,100.0,1.0,48.0,2,1,2,1,2,1,2,1,False,1,1,0,1,1,0,hold,True
s04-r0-hold_trial-0.1,4,0,hold_trial-0.1,hold_trial,0.1,1,24.49200000000019,1,1000,1,100.0,1.0,48.0,2,1,2,1,1,1,1,1,False,0,0,0,1,1,0,hold,True
s04-r0-hold_trial-0.1,4,0,hold_trial-0.1,hold_trial,0.1,2,32.52399999999989,1,1000,1,100.0,1.0,48.0,2,1,2,1,1,1,1,1,False,0,0,0,1,1,0,hold,True
s04-r0-hold_trial-0.1,4,0,hold_trial-0.1,hold_trial,0.1,3,40.96799999999985,2,1000,1,100.0,1.0,48.0,1,1,2,1,1,1,1,1,False,0,1,1,0,0,0,hold,True
s04-r0-hold_trial-0.1,4,0,hold_trial-0.1,hold_trial,0.1,4,64.55999999999995,2,1000,1,100.0,1.0,48.0,2,1,2,1,2,1,2,1,False,1,1,0,1,1,0,hold,True
s04-r0-hold_trial-0.1,4,0,hold_trial-0.1,hold_trial,0.1,5,80.17599999999993,1,1000,1,100.0,1.0,48.0,1,1,1,1,1,1,1,1,False,1,1,0,1,1,0,hold,True
s04-r0-hold_trial-0.1,4,0,hold_trial-0.1,hold_trial,0.1,6,87.75599999999986,1,1000,1,100.0,1.0,48.0,2,1,2,1,1,1,1,1,False,0,0,0,1,1,0,hold,True
s04-r0-hold_trial-0.1,4,0,hold_trial-0.1,hold_trial,0.1,7,95.64399999999978,1,1000,1,100.0,1.0,48.0,1,1,2,1,2,1,1,1,False,1,0,1,0,1,1,hold,True
s04-r0-hold_trial-0.1,4,0,hold_trial-0.1,hold_trial,0.1,8,111.288,2,1000,1,100.0,1.0,48.0,2,1,2,1,1,1,1,1,False,1,1,0,0,0,0,hold,True
s04-r0-hold_trial-0.1,4,0,hold_trial-0.1,hold_trial,0.1,9,119.76800000000004,2,1000,1,100.0,1.0,48.0,2,1,2,1,2,1,2,1,False,1,1,0,1,1,0,hold,True
s04-r0-hold_trial-0.1,4,0,hold_trial-0.1,hold_trial,0.1,10,127.80000000000018,1,1000,1,100.0,1.0,48.0,1,1,1,1,2,1,2,1,False,1,1,0,0,0,0,hold,True
s04-r0-hold_trial-0.1,4,0,hold_trial-0.1,hold_trial,0.1,11,136.06399999999985,1,1000,1,100.0,1.0,48.0,1,1,1,1,1,1,1,1,False,1,1,0,1,1,0,hold,True
s04-r0-hold_trial-0.1,4,0,hold_trial-0.1,hold_trial,0.1,12,152.4720000000002,1,1000,1,100.0,1.0,48.0,1,1,1,1,2,1,2,1,False,1,1,0,0,0,0,hold,True
s04-r0-hold_trial-0.1,4,0,hold_trial-0.1,hold_trial,0.1,13,160.75199999999995,2,1000,1,100.0,1.0,48.0,2,1,2,1,1,1,1,1,False,1,1,0,0,0,0,hold,True
s04-r0-hold_trial-0.1,4,0,hold_trial-0.1,hold_trial,0.1,14,192.65599999999995,1,1000,1,100.0,1.0,48.0,1,1,1,1,1,1,1,1,False,1,1,0,1,1,0,hold,True
s04-r0-hold_trial-0.1,4,0,hold_trial-0.1,hold_trial,0.1,15,216.9319999999998,2,1000,1,100.0,1.0,48.0,2,1,2,1,1,1,2,1,False,1,1,0,0,1,1,hold,True
s04-r0-hold_trial-0.1,4,0,hold_trial-0.1,hold_trial,0.1,16,241.2199999999998,2,1000,1,100.0,1.0,48.0,2,1,2,1,1,1,1,1,False,1,1,0,0,0,0,hold,True
s04-r0-hold_trial-0.1,4,0,hold_trial-0.1,hold_trial,0.1,17,249.6480000000001,1,1000,1,100.0,1.0,48.0,2,1,2,1,1,1,1,1,False,0,0,0,1,1,0,hold,True
s04-r0-hold_trial-0.1,4,0,hold_trial-0.1,hold_trial,0.1,18,258.0160000000001,2,1000,1,100.0,1.0,48.0,2,1,2,1,2,1,2,1,False,1,1,0,1,1,0,hold,True
s04-r0-hold_trial-0.1,4,0,hold_trial-0.1,hold_trial,0.1,19,306.62800000000016,1,1000,1,100.0,1.0,48.0,1,1,1,1,2,1,2,1,False,1,1,0,0,0,0,hold,True
s04-r0-hold_trial-0.1,4,0,hold_trial-0.1,hold_trial,0.1,20,322.65200000000004,2,1000,1,100.0,1.0,48.0,2,1,2,1,2,1,2,1,False,1,1,0,1,1,0,hold,True
s04-r0-hold_trial-0.1,4,0,hold_trial-0.1,hold_trial,0.1,21,338.5239999999999,2,1000,1,100.0,1.0,48.0,2,1,2,1,1,1,1,1,False,1,1,0,0,0,0,hold,True
s04-r0-hold_trial-0.1,4,0,hold_trial-0.1,hold_trial,0.1,22,362.3359999999998,2,1000,1,100.0,1.0,48.0,2,1,2,1,2,1,2,1,False,1,1,0,1,1,0,hold,True
s04-r0-hold_trial-0.1,4,0,hold_trial-0.1,hold_trial,0.1,23,379.0279999999998,1,1000,1,100.0,1.0,48.0,1,1,1,1,1,1,1,1,False,1,1,0,1,1,0,hold,True
s04-r0-hold_trial-0.25,4,0,hold_trial-0.25,hold_trial,0.25,0,16.684000000000196,2,1000,1,250.0,1.0,48.0,2,1,2,1,2,1,2,1,False,1,1,0,1,1,0,hold,True
s04-r0-hold_trial-0.25,4,0,hold_trial-0.25,hold_trial,0.25,1,24.49200000000019,1,1000,1,250.0,1.0,48.0,2,1,2,1,1,1,1,1,False,0,0,0,1,1,0,hold,True
s04-r0-hold_trial-0.25,4,0,hold_trial-0.25,hold_trial,0.25,2,32.52399999999989,1,1000,1,250.0,1.0,48.0,2,1,2,1,1,1,1,1,False,0,0,0,1,1,0,hold,True
s04-r0-hold_trial-0.25,4,0,hold_trial-0.25,hold_trial,0.25,3,40.96799999999985,2,1000,1,250.0,1.0,48.0,1,1,2,1,1,1,1,1,False,0,1,1,0,0,0,hold,True
s04-r0-hold_trial-0.25,4,0,hold_trial-0.25,hold_trial,0.25,4,64.55999999999995,2,1000,1,250.0,1.0,48.0,2,1,2,1,2,1,2,1,False,1,1,0,1,1,0,hold,True
s04-r0-hold_trial-0.25,4,0,hold_trial-0.25,hold_trial,0.25,5,80.17599999999993,1,1000,1,250.0,1.0,48.0,1,1,1,1,1,1,1,1,False,1,1,0,1,1,0,hold,True
s04-r0-hold_trial-0.25,4,0,hold_trial-0.25,hold_trial,0.25,6,87.75599999999986,1,1000,1,250.0,1.0,48.0,2,1,2,1,1,1,1,1,False,0,0,0,1,1,0,hold,True
s04-r0-hold_trial-0.25,4,0,hold_trial-0.25,hold_trial,0.25,7,95.64400000000025,1,1000,1,250.0,1.0,48.0,2,1,2,1,1,1,1,1,False,0,0,0,1,1,0,hold,True
s04-r0-hold_trial-0.25,4,0,hold_trial-0.25,hold_trial,0.25,8,111.288,2,1000,1,250.0,1.0,48.0,2,1,2,1,1,1,1,1,False,1,1,0,0,0,0,hold,True
s04-r0-hold_trial-0.25,4,0,hold_trial-0.25,hold_trial,0.25,9,119.76800000000004,2,1000,1,250.0,1.0,48.0,2,1,2,1,2,1,2,1,False,1,1,0,1,1,0,hold,True
s04-r0-hold_trial-0.25,4,0,hold_trial-0.25,hold_trial,0.25,10,127.80000000000018,1,1000,1,250.0,1.0,48.0,1,1,1,1,2,1,2,1,False,1,1,0,0,0,0,hold,True
s04-r0-hold_trial-0.25,4,0,hold_trial-0.25,hold_trial,0.25,11,136.06399999999985,1,1000,1,250.0,1.0,48.0,1,1,1,1,1,1,1,1,False,1,1,0,1,1,0,hold,True
s04-r0-hold_trial-0.25,4,0,hold_trial-0.25,hold_trial,0.25,12,152.4720000000002,1,1000,1,250.0,1.0,48.0,1,1,1,1,2,1,2,1,False,1,1,0,0,0,0,hold,True
s04-r0-hold_trial-0.25,4,0,hold_trial-0.25,hold_trial,0.25,13,160.75199999999995,2,1000,1,250.0,1.0,48.0,2,1,2,1,1,1,1,1,False,1,1,0,0,0,0,hold,True
s04-r0-hold_trial-0.25,4,0,hold_trial-0.25,hold_trial,0.25,14,192.65599999999995,1,1000,1,250.0,1.0,48.0,1,1,1,1,1,1,1,1,False,1,1,0,1,1,0,hold,True
s04-r0-hold_trial-0.25,4,0,hold_trial-0.25,hold_trial,0.25,15,216.9319999999998,2,1000,1,250.0,1.0,48.0,2,1,2,1,2,1,2,1,False,1,1,0,1,1,0,hold,True
s04-r0-hold_trial-0.25,4,0,hold_trial-0.25,hold_trial,0.25,16,241.2199999999998,2,1000,1,250.0,1.0,48.0,2,1,2,1,1,1,1,1,False,1,1,0,0,0,0,hold,True
s04-r0-hold_trial-0.25,4,0,hold_trial-0.25,hold_trial,0.25,17,249.6480000000001,1,1000,1,250.0,1.0,48.0,2,1,2,1,1,1,1,1,False,0,0,0,1,1,0,hold,True
s04-r0-hold_trial-0.25,4,0,hold_trial-0.25,hold_trial,0.25,18,258.0160000000001,2,1000,1,250.0,1.0,48.0,2,1,2,1,2,1,2,1,False,1,1,0,1,1,0,hold,True
s04-r0-hold_trial-0.25,4,0,hold_trial-0.25,hold_trial,0.25,19,306.62800000000016,1,1000,1,250.0,1.0,48.0,1,1,1,1,2,1,2,1,False,1,1,0,0,0,0,hold,True
s04-r0-hold_trial-0.25,4,0,hold_trial-0.25,hold_trial,0.25,20,322.65200000000004,2,1000,1,250.0,1.0,48.0,2,1,2,1,2,1,2,1,False,1,1,0,1,1,0,hold,True
s04-r0-hold_trial-0.25,4,0,hold_trial-0.25,hold_trial,0.25,21,338.5239999999999,2,1000,1,250.0,1.0,48.0,2,1,2,1,1,1,1,1,False,1,1,0,0,0,0,hold,True
s04-r0-hold_trial-0.25,4,0,hold_trial-0.25,hold_trial,0.25,22,362.3360000000002,2,1000,1,250.0,1.0,48.0,2,1,2,1,2,1,2,1,False,1,1,0,1,1,0,hold,True
s04-r0-hold_trial-0.25,4,0,hold_trial-0.25,hold_trial,0.25,23,379.02800000000025,1,1000,1,250.0,1.0,48.0,2,1,1,1,1,1,1,1,False,0,1,1,1,1,0,hold,True
s04-r0-hold_trial-0.4,4,0,hold_trial-0.4,hold_trial,0.4,0,16.684000000000196,2,1000,1,400.0,1.0,48.0,2,1,2,1,2,1,2,1,False,1,1,0,1,1,0,hold,True
s04-r0-hold_trial-0.4,4,0,hold_trial-0.4,hold_trial,0.4,1,24.49200000000019,1,1000,1,400.0,1.0,48.0,1,1,2,1,1,1,1,1,False,1,0,1,1,1,0,hold,True
s04-r0-hold_trial-0.4,4,0,hold_trial-0.4,hold_trial,0.4,2,32.52399999999989,1,1000,1,400.0,1.0,48.0,2,1,2,1,1,1,1,1,False,0,0,0,1,1,0,hold,True
s04-r0-hold_trial-0.4,4,0,hold_trial-0.4,hold_trial,0.4,3,40.96799999999985,2,1000,1,400.0,1.0,48.0,1,1,2,1,1,1,1,1,False,0,1,1,0,0,0,hold,True
s04-r0-hold_trial-0.4,4,0,hold_trial-0.4,hold_trial,0.4,4,64.55999999999995,2,1000,1,400.0,1.0,48.0,1,1,2,1,1,1,2,1,False,0,1,1,0,1,1,hold,True
s04-r0-hold_trial-0.4,4,0,hold_trial-0.4,hold_trial,0.4,5,80.17599999999993,1,1000,1,400.0,1.0,48.0,1,1,1,1,1,1,1,1,False,1,1,0,1,1,0,hold,True
s04-r0-hold_trial-0.4,4,0,hold_trial-0.4,hold_trial,0.4,6,87.75599999999986,1,1000,1,400.0,1.0,48.0,2,1,2,1,1,1,1,1,False,0,0,0,1,1,0,hold,True
s04-r0-hold_trial-0.4,4,0,hold_trial-0.4,hold_trial,0.4,7,95.64400000000025,1,1000,1,400.0,1.0,48.0,1,1,2,1,1,1,1,1,False,1,0,1,1,1,0,hold,True
s04-r0-hold_trial-0.4,4,0,hold_trial-0.4,hold_trial,0.4,8,111.288,2,1000,1,400.0,1.0,48.0,2,1,2,1,1,1,1,1,False,1,1,0,0,0,0,hold,True
s04-r0-hold_trial-0.4,4,0,hold_trial-0.4,hold_trial,0.4,9,119.76800000000004,2,1000,1,400.0,1.0,48.0,2,1,2,1,2,1,2,1,False,1,1,0,1,1,0,hold,True
s04-r0-hold_trial-0.4,4,0,hold_trial-0.4,hold_trial,0.4,10,127.80000000000018,1,1000,1,400.0,1.0,48.0,1,1,1,1,1,1,2,1,False,1,1,0,1,0,1,hold,True
s04-r0-hold_trial-0.4,4,0,hold_trial-0.4,hold_trial,0.4,11,136.06399999999985,1,1000,1,400.0,1.0,48.0,1,1,1,1,1,1,1,1,False,1,1,0,1,1,0,hold,True
s04-r0-hold_trial-0.4,4,0,hold_trial-0.4,hold_trial,0.4,12,152.4720000000002,1,1000,1,400.0,1.0,48.0,1,1,1,1,1,1,2,1,False,1,1,0,1,0,1,hold,True
s04-r0-hold_trial-0.4,4,0,hold_trial-0.4,hold_trial,0.4,13,160.75199999999995,2,1000,1,400.0,1.0,48.0,2,1,2,1,1,1,1,1,False,1,1,0,0,0,0,hold,True
s04-r0-hold_trial-0.4,4,0,hold_trial-0.4,hold_trial,0.4,14,192.65599999999995,1,1000,1,400.0,1.0,48.0,1,1,1,1,1,1,1,1,False,1,1,0,1,1,0,hold,True
s04-r0-hold_trial-0.4,4,0,hold_trial-0.4,hold_trial,0.4,15,216.9319999999998,2,1000,1,400.0,1.0,48.0,1,1,2,1,1,1,2,1,False,0,1,1,0,1,1,hold,True
s04-r0-hold_trial-0.4,4,0,hold_trial-0.4,hold_trial,0.4,16,241.2199999999998,2,1000,1,400.0,1.0,48.0,1,1,2,1,1,1,1,1,False,0,1,1,0,0,0,hold,True
s04-r0-hold_trial-0.4,4,0,hold_trial-0.4,hold_trial,0.4,17,249.6480000000001,1,1000,1,400.0,1.0,48.0,1,1,2,1,1,1,1,1,False,1,0,1,1,1,0,hold,True
s04-r0-hold_trial-0.4,4,0,hold_trial-0.4,hold_trial,0.4,18,258.0160000000001,2,1000,1,400.0,1.0,48.0,2,1,2,1,2,1,2,1,False,1,1,0,1,1,0,hold,True
s04-r0-hold_trial-0.4,4,0,hold_trial-0.4,hold_trial,0.4,19,306.62800000000016,1,1000,1,400.0,1.0,48.0,1,1,1,1,2,1,2,1,False,1,1,0,0,0,0,hold,True
s04-r0-hold_trial-0.4,4,0,hold_trial-0.4,hold_trial,0.4,20,322.65200000000004,2,1000,1,400.0,1.0,48.0,1,1,2,1,2,1,2,1,False,0,1,1,1,1,0,hold,True
s04-r0-hold_trial-0.4,4,0,hold_trial-0.4,hold_trial,0.4,21,338.5239999999999,2,1000,1,400.0,1.0,48.0,1,1,2,1,1,1,1,1,False,0,1,1,0,0,0,hold,True
s04-r0-hold_trial-0.4,4,0,hold_trial-0.4,hold_trial,0.4,22,362.3360000000002,2,1000,1,400.0,1.0,48.0,2,1,2,1,2,1,2,1,False,1,1,0,1,1,0,hold,True
s04-r0-hold_trial-0.4,4,0,hold_trial-0.4,hold_trial,0.4,23,379.02800000000025,1,1000,1,400.0,1.0,48.0,2,1,1,1,1,1,1,1,False,0,1,1,1,1,0,hold,True
s04-r1-hold_trial-0.1,4,1,hold_trial-0.1,hold_trial,0.1,0,1.0,1,1000,1,100.0,1.0,48.0,2,1,2,1,2,1,2,1,False,0,0,0,0,0,0,hold,True
s04-r1-hold_trial-0.1,4,1,hold_trial-0.1,hold_trial,0.1,1,9.011999999999716,1,1000,1,100.0,1.0,48.0,2,1,2,1,1,1,1,1,False,0,0,0,1,1,0,hold,True
s04-r1-hold_trial-0.1,4,1,hold_trial-0.1,hold_trial,0.1,2,24.49200000000019,2,1000,1,100.0,1.0,48.0,2,1,2,1,2,1,2,1,False,1,1,0,1,1,0,hold,True
s04-r1-hold_trial-0.1,4,1,hold_trial-0.1,hold_trial,0.1,3,32.52400000000034,1,1000,1,100.0,1.0,48.0,1,1,2,1,1,1,1,1,False,1,0,1,1,1,0,hold,True
s04-r1-hold_trial-0.1,4,1,hold_trial-0.1,hold_trial,0.1,4,48.63600000000042,1,1000,1,100.0,1.0,48.0,2,1,2,1,2,1,2,1,False,0,0,0,0,0,0,hold,True
s04-r1-hold_trial-0.1,4,1,hold_trial-0.1,hold_trial,0.1,5,64.5600000000004,2,1000,1,100.0,1.0,48.0,2,1,2,1,1,1,2,1,False,1,1,0,0,1,1,hold,True
s04-r1-hold_trial-0.1,4,1,hold_trial-0.1,hold_trial,0.1,6,80.17600000000039,1,1000,1,100.0,1.0,48.0,2,1,2,1,1,1,1,1,False,0,0,0,1,1,0,hold,True
s04-r1-hold_trial-0.1,4,1,hold_trial-0.1,hold_trial,0.1,7,103.42000000000009,1,1000,1,100.0,1.0,48.0,1,1,1,1,1,1,1,1,False,1,1,0,1,1,0,hold,True
s04-r1-hold_trial-0.1,4,1,hold_trial-0.1,hold_trial,0.1,8,119.76800000000004,2,1000,1,100.0,1.0,48.0,2,1,2,1,2,1,2,1,False,1,1,0,1,1,0,hold,True
s04-r1-hold_trial-0.1,4,1,hold_trial-0.1,hold_trial,0.1,9,160.7520000000004,1,1000,1,100.0,1.0,48.0,2,1,2,1,1,1,1,1,False,0,0,0,1,1,0,hold,True
s04-r1-hold_trial-0.1,4,1,hold_trial-0.1,hold_trial,0.1,10,176.72000000000023,2,1000,1,100.0,1.0,48.0,2,1,2,1,1,1,1,1,False,1,1,0,0,0,0,hold,True
s04-r1-hold_trial-0.1,4,1,hold_trial-0.1,hold_trial,0.1,11,192.65599999999995,2,1000,1,100.0,1.0,48.0,2,1,2,1,2,1,2,1,False,1,1,0,1,1,0,hold,True
s04-r1-hold_trial-0.1,4,1,hold_trial-0.1,hold_trial,0.1,12,200.5,1,1000,1,100.0,1.0,48.0,2,1,2,1,2,1,2,1,False,0,0,0,0,0,0,hold,True
s04-r1-hold_trial-0.1,4,1,hold_trial-0.1,hold_trial,0.1,13,216.9319999999998,2,1000,1,100.0,1.0,48.0,2,1,2,1,1,1,1,1,False,1,1,0,0,0,0,hold,True
s04-r1-hold_trial-0.1,4,1,hold_trial-0.1,hold_trial,0.1,14,224.83200000000036,1,1000,1,100.0,1.0,48.0,2,1,2,1,2,1,2,1,False,0,0,0,0,0,0,hold,True
s04-r1-hold_trial-0.1,4,1,hold_trial-0.1,hold_trial,0.1,15,249.6480000000001,1,1000,1,100.0,1.0,48.0,1,1,1,1,1,1,1,1,False,1,1,0,1,1,0,hold,True
s04-r1-hold_trial-0.1,4,1,hold_trial-0.1,hold_trial,0.1,16,282.808,2,1000,1,100.0,1.0,48.0,2,1,2,1,2,1,2,1,False,1,1,0,1,1,0,hold,True
s04-r1-hold_trial-0.1,4,1,hold_trial-0.1,hold_trial,0.1,17,290.8879999999999,1,1000,1,100.0,1.0,48.0,1,1,1,1,1,1,1,1,False,1,1,0,1,1,0,hold,True
s04-r1-hold_trial-0.1,4,1,hold_trial-0.1,hold_trial,0.1,18,298.77599999999984,2,1000,1,100.0,1.0,48.0,1,1,2,1,2,1,2,1,False,0,1,1,1,1,0,hold,True
s04-r1-hold_trial-0.1,4,1,hold_trial-0.1,hold_trial,0.1,19,314.32800000000043,2,1000,1,100.0,1.0,48.0,2,1,2,1,2,1,1,1,False,1,1,0,1,0,1,hold,True
s04-r1-hold_trial-0.1,4,1,hold_trial-0.1,hold_trial,0.1,20,338.52400000000034,2,1000,1,100.0,1.0,48.0,2,1,2,1,2,1,2,1,False,1,1,0,1,1,0,hold,True
s04-r1-hold_trial-0.1,4,1,hold_trial-0.1,hold_trial,0.1,21,347.0,2,1000,1,100.0,1.0,48.0,2,1,2,1,2,1,2,1,False,1,1,0,1,1,0,hold,True
s04-r1-hold_trial-0.1,4,1,hold_trial-0.1,hold_trial,0.1,22,354.6239999999998,2,1000,1,100.0,1.0,48.0,1,1,1,1,2,1,2,1,False,0,0,0,1,1,0,hold,True
s04-r1-hold_trial-0.1,4,1,hold_trial-0.1,hold_trial,0.1,23,379.02800000000025,1,1000,1,100.0,1.0,48.0,2,1,2,1,2,1,2,1,False,0,0,0,0,0,0,hold,True
s04-r1-hold_trial-0.25,4,1,hold_trial-0.25,hold_trial,0.25,0,1.0,1,1000,1,250.0,1.0,48.0,2,1,2,1,2,1,2,1,False,0,0,0,0,0,0,hold,True
s04-r1-hold_trial-0.25,4,1,hold_trial-0.25,hold_trial,0.25,1,9.011999999999716,1,1000,1,250.0,1.0,48.0,2,1,2,1,1,1,1,1,False,0,0,0,1,1,0,hold,True
s04-r1-hold_trial-0.25,4,1,hold_trial-0.25,hold_trial,0.25,2,24.49200000000019,2,1000,1,250.0,1.0,48.0,2,1,2,1,2,1,2,1,False,1,1,0,1,1,0,hold,True
s04-r1-hold_trial-0.25,4,1,hold_trial-0.25,hold_trial,0.25,3,32.52400000000034,1,1000,1,250.0,1.0,48.0,1,1,2,1,1,1,1,1,False,1,0,1,1,1,0,hold,True
s04-r1-hold_trial-0.25,4,1,hold_trial-0.25,hold_trial,0.25,4,48.63600000000042,1,1000,1,250.0,1.0,48.0,1,1,2,1,1,1,2,1,False,1,0,1,1,0,1,hold,True
s04-r1-hold_trial-0.25,4,1,hold_trial-0.25,hold_trial,0.25,5,64.5600000000004,2,1000,1,250.0,1.0,48.0,2,1,2,1,2,1,2,1,False,1,1,0,1,1,0,hold,True
s04-r1-hold_trial-0.25,4,1,hold_trial-0.25,hold_trial,0.25,6,80.17600000000039,1,1000,1,250.0,1.0,48.0,2,1,2,1,1,1,1,1,False,0,0,0,1,1,0,hold,True
s04-r1-hold_trial-0.25,4,1,hold_trial-0.25,hold_trial,0.25,7,103.42000000000009,1,1000,1,250.0,1.0,48.0,1,1,1,1,1,1,1,1,False,1,1,0,1,1,0,hold,True
s04-r1-hold_trial-0.25,4,1,hold_trial-0.25,hold_trial,0.25,8,119.76800000000004,2,1000,1,250.0,1.0,48.0,2,1,2,1,2,1,2,1,False,1,1,0,1,1,0,hold,True
s04-r1-hold_trial-0.25,4,1,hold_trial-0.25,hold_trial,0.25,9,160.7520000000004,1,1000,1,250.0,1.0,48.0,2,1,2,1,1,1,1,1,False,0,0,0,1,1,0,hold,True
s04-r1-hold_trial-0.25,4,1,hold_trial-0.25,hold_trial,0.25,10,176.72000000000023,2,1000,1,250.0,1.0,48.0,2,1,2,1,1,1,1,1,False,1,1,0,0,0,0,hold,True
s04-r1-hold_trial-0.25,4,1,hold_trial-0.25,hold_trial,0.25,11,192.65599999999995,2,1000,1,250.0,1.0,48.0,2,1,2,1,1,1,2,1,False,1,1,0,0,1,1,hold,True
s04-r1-hold_trial-0.25,4,1,hold_trial-0.25,hold_trial,0.25,12,200.5,1,1000,1,250.0,1.0,48.0,2,1,2,1,1,1,2,1,False,0,0,0,1,0,1,hold,True
s04-r1-hold_trial-0.25,4,1,hold_trial-0.25,hold_trial,0.25,13,216.9319999999998,2,1000,1,250.0,1.0,48.0,2,1,2,1,1,1,1,1,False,1,1,0,0,0,0,hold,True
s04-r1-hold_trial-0.25,4,1,hold_trial-0.25,hold_trial,0.25,14,224.83200000000036,1,1000,1,250.0,1.0,48.0,2,1,2,1,2,1,2,1,False,0,0,0,0,0,0,hold,True
s04-r1-hold_trial-0.25,4,1,hold_trial-0.25,hold_trial,0.25,15,249.6480000000001,1,1000,1,250.0,1.0,48.0,1,1,1,1,1,1,1,1,False,1,1,0,1,1,0,hold,True
s04-r1-hold_trial-0.25,4,1,hold_trial-0.25,hold_trial,0.25,16,282.808,2,1000,1,250.0,1.0,48.0,2,1,2,1,2,1,2,1,False,1,1,0,1,1,0,hold,True
s04-r1-hold_trial-0.25,4,1,hold_trial-0.25,hold_trial,0.25,17,290.8879999999999,1,1000,1,250.0,1.0,48.0,1,1,1,1,1,1,1,1,False,1,1,0,1,1,0,hold,True
s04-r1-hold_trial-0.25,4,1,hold_trial-0.25,hold_trial,0.25,18,298.77599999999984,2,1000,1,250.0,1.0,48.0,2,1,2,1,2,1,2,1,False,1,1,0,1,1,0,hold,True
s04-r1-hold_trial-0.25,4,1,hold_trial-0.25,hold_trial,0.25,19,314.32800000000043,2,1000,1,250.0,1.0,48.0,2,1,2,1,1,1,1,1,False,1,1,0,0,0,0,hold,True
s04-r1-hold_trial-0.25,4,1,hold_trial-0.25,hold_trial,0.25,20,338.52400000000034,2,1000,1,250.0,1.0,48.0,2,1,2,1,2,1,2,1,False,1,1,0,1,1,0,hold,True
s04-r1-hold_trial-0.25,4,1,hold_trial-0.25,hold_trial,0.25,21,347.0,2,1000,1,250.0,1.0,48.0,2,1,2,1,2,1,2,1,False,1,1,0,1,1,0,hold,True
s04-r1-hold_trial-0.25,4,1,hold_trial-0.25,hold_trial,0.25,22,354.6239999999998,2,1000,1,250.0,1.0,48.0,1,1,1,1,1,1,2,1,False,0,0,0,0,1,1,hold,True
s04-r1-hold_trial-0.25,4,1,hold_trial-0.25,hold_trial,0.25,23,379.02800000000025,1,1000,1,250.0,1.0,48.0,2,1,2,1,2,1,2,1,False,0,0,0,0,0,0,hold,True
s04-r1-hold_trial-0.4,4,1,hold_trial-0.4,hold_trial,0.4,0,1.0,1,1000,1,400.0,1.0,48.0,2,1,2,1,2,1,2,1,False,0,0,0,0,0,0,hold,True
s04-r1-hold_trial-0.4,4,1,hold_trial-0.4,hold_trial,0.4,1,9.011999999999716,1,1000,1,400.0,1.0,48.0,2,1,2,1,1,1,1,1,False,0,0,0,1,1,0,hold,True
s04-r1-hold_trial-0.4,4,1,hold_trial-0.4,hold_trial,0.4,2,24.49200000000019,2,1000,1,400.0,1.0,48.0,2,1,2,1,1,1,2,1,False,1,1,0,0,1,1,hold,True
s04-r1-hold_trial-0.4,4,1,hold_trial-0.4,hold_trial,0.4,3,32.52400000000034,1,1000,1,400.0,1.0,48.0,2,1,2,1,2,1,1,1,False,0,0,0,0,1,1,hold,True
s04-r1-hold_trial-0.4,4,1,hold_trial-0.4,hold_trial,0.4,4,48.63600000000042,1,1000,1,400.0,1.0,48.0,2,1,2,1,2,1,2,1,False,0,0,0,0,0,0,hold,True
s04-r1-hold_trial-0.4,4,1,hold_trial-0.4,hold_trial,0.4,5,64.5600000000004,2,1000,1,400.0,1.0,48.0,2,1,2,1,1,1,2,1,False,1,1,0,0,1,1,hold,True
s04-r1-hold_trial-0.4,4,1,hold_trial-0.4,hold_trial,0.4,6,80.17600000000039,1,1000,1,400.0,1.0,48.0,2,1,2,1,1,1,1,1,False,0,0,0,1,1,0,hold,True
s04-r1-hold_trial-0.4,4,1,hold_trial-0.4,hold_trial,0.4,7,103.42000000000009,1,1000,1,400.0,1.0,48.0,1,1,1,1,1,1,1,1,False,1,1,0,1,1,0,hold,True
s04-r1-hold_trial-0.4,4,1,hold_trial-0.4,hold_trial,0.4,8,119.76800000000004,2,1000,1,400.0,1.0,48.0,2,1,2,1,2,1,2,1,False,1,1,0,1,1,0,hold,True
s04-r1-hold_trial-0.4,4,1,hold_trial-0.4,hold_trial,0.4,9,160.7520000000004,1,1000,1,400.0,1.0,48.0,1,1,2,1,1,1,1,1,False,1,0,1,1,1,0,hold,True
s04-r1-hold_trial-0.4,4,1,hold_trial-0.4,hold_trial,0.4,10,176.72000000000023,2,1000,1,400.0,1.0,48.0,2,1,2,1,1,1,1,1,False,1,1,0,0,0,0,hold,True
s04-r1-hold_trial-0.4,4,1,hold_trial-0.4,hold_trial,0.4,11,192.65599999999995,2,1000,1,400.0,1.0,48.0,2,1,2,1,2,1,2,1,False,1,1,0,1,1,0,hold,True
s04-r1-hold_trial-0.4,4,1,hold_trial-0.4,hold_trial,0.4,12,200.5,1,1000,1,400.0,1.0,48.0,2,1,2,1,1,1,2,1,False,0,0,0,1,0,1,hold,True
s04-r1-hold_trial-0.4,4,1,hold_trial-0.4,hold_trial,0.4,13,216.9319999999998,2,1000,1,400.0,1.0,48.0,2,1,2,1,1,1,1,1,False,1,1,0,0,0,0,hold,True
s04-r1-hold_trial-0.4,4,1,hold_trial-0.4,hold_trial,0.4,14,224.83200000000036,1,1000,1,400.0,1.0,48.0,2,1,2,1,2,1,2,1,False,0,0,0,0,0,0,hold,True
s04-r1-hold_trial-0.4,4,1,hold_trial-0.4,hold_trial,0.4,15,249.6480000000001,1,1000,1,400.0,1.0,48.0,1,1,1,1,1,1,1,1,False,1,1,0,1,1,0,hold,True
s04-r1-hold_trial-0.4,4,1,hold_trial-0.4,hold_trial,0.4,16,282.808,2,1000,1,400.0,1.0,48.0,2,1,2,1,2,1,2,1,False,1,1,0,1,1,0,hold,True
s04-r1-hold_trial-0.4,4,1,hold_trial-0.4,hold_trial,0.4,17,290.8879999999999,1,1000,1,400.0,1.0,48.0,1,1,1,1,1,1,1,1,False,1,1,0,1,1,0,hold,True
s04-r1-hold_trial-0.4,4,1,hold_trial-0.4,hold_trial,0.4,18,298.77599999999984,2,1000,1,400.0,1.0,48.0,1,1,2,1,2,1,2,1,False,0,1,1,1,1,0,hold,True
s04-r1-hold_trial-0.4,4,1,hold_trial-0.4,hold_trial,0.4,19,314.3279999999995,2,1000,1,400.0,1.0,48.0,2,1,2,1,1,1,1,1,False,1,1,0,0,0,0,hold,True
s04-r1-hold_trial-0.4,4,1,hold_trial-0.4,hold_trial,0.4,20,338.52400000000034,2,1000,1,400.0,1.0,48.0,2,1,2,1,2,1,2,1,False,1,1,0,1,1,0,hold,True
s04-r1-hold_trial-0.4,4,1,hold_trial-0.4,hold_trial,0.4,21,347.0,2,1000,1,400.0,1.0,48.0,1,1,2,1,1,1,2,1,False,0,1,1,0,1,1,hold,True
s04-r1-hold_trial-0.4,4,1,hold_trial-0.4,hold_trial,0.4,22,354.6239999999998,2,1000,1,400.0,1.0,48.0,1,1,1,1,1,1,2,1,False,0,0,0,0,1,1,hold,True
s04-r1-hold_trial-0.4,4,1,hold_trial-0.4,hold_trial,0.4,23,379.02800000000025,1,1000,1,400.0,1.0,48.0,2,1,2,1,1,1,2,1,False,0,0,0,1,0,1,hold,True
s04-r2-hold_trial-0.1,4,2,hold_trial-0.1,hold_trial,0.1,0,1.0,2,1000,1,100.0,1.0,48.0,2,1,2,1,1,1,1,1,False,1,1,0,0,0,0,hold,True
s04-r2-hold_trial-0.1,4,2,hold_trial-0.1,hold_trial,0.1,1,16.684000000000196,1,1000,1,100.0,1.0,48.0,1,1,2,1,1,1,1,1,False,1,0,1,1,1,0,hold,True
s04-r2-hold_trial-0.1,4,2,hold_trial-0.1,hold_trial,0.1,2,48.63600000000042,1,1000,1,100.0,1.0,48.0,1,1,1,1,1,1,1,1,False,1,1,0,1,1,0,hold,True
s04-r2-hold_trial-0.1,4,2,hold_trial-0.1,hold_trial,0.1,3,56.83600000000024,1,1000,1,100.0,1.0,48.0,2,1,2,1,1,1,1,1,False,0,0,0,1,1,0,hold,True
s04-r2-hold_trial-0.1,4,2,hold_trial-0.1,hold_trial,0.1,4,72.55199999999968,2,1000,1,100.0,1.0,48.0,2,1,2,1,2,1,2,1,False,1,1,0,1,1,0,hold,True
s04-r2-hold_trial-0.1,4,2,hold_trial-0.1,hold_trial,0.1,5,103.42000000000009,2,1000,1,100.0,1.0,48.0,1,1,1,1,1,1,1,1,False,0,0,0,0,0,0,hold,True
s04-r2-hold_trial-0.1,4,2,hold_trial-0.1,hold_trial,0.1,6,111.28799999999956,1,1000,1,100.0,1.0,48.0,2,1,2,1,1,1,1,1,False,0,0,0,1,1,0,hold,True
s04-r2-hold_trial-0.1,4,2,hold_trial-0.1,hold_trial,0.1,7,127.80000000000018,2,1000,1,100.0,1.0,48.0,2,1,2,1,1,1,1,1,False,1,1,0,0,0,0,hold,True
s04-r2-hold_trial-0.1,4,2,hold_trial-0.1,hold_trial,0.1,8,144.20799999999963,1,1000,1,100.0,1.0,48.0,1,1,2,1,1,1,1,1,False,1,0,1,1,1,0,hold,True
s04-r2-hold_trial-0.1,4,2,hold_trial-0.1,hold_trial,0.1,9,169.07200000000012,2,1000,1,100.0,1.0,48.0,2,1,2,1,1,1,1,1,False,1,1,0,0,0,0,hold,True
s04-r2-hold_trial-0.1,4,2,hold_trial-0.1,hold_trial,0.1,10,192.65599999999995,1,1000,1,100.0,1.0,48.0,2,1,2,1,2,1,2,1,False,0,0,0,0,0,0,hold,True
s04-r2-hold_trial-0.1,4,2,hold_trial-0.1,hold_trial,0.1,11,200.5,2,1000,1,100.0,1.0,48.0,2,1,2,1,2,1,2,1,False,1,1,0,1,1,0,hold,True
s04-r2-hold_trial-0.1,4,2,hold_trial-0.1,hold_trial,0.1,12,208.91600000000017,2,1000,1,100.0,1.0,48.0,2,1,2,1,2,1,2,1,False,1,1,0,1,1,0,hold,True
s04-r2-hold_trial-0.1,4,2,hold_trial-0.1,hold_trial,0.1,13,232.9359999999997,2,1000,1,100.0,1.0,48.0,2,1,2,1,1,1,1,1,False,1,1,0,0,0,0,hold,True
s04-r2-hold_trial-0.1,4,2,hold_trial-0.1,hold_trial,0.1,14,241.22000000000023,1,1000,1,100.0,1.0,48.0,1,1,1,1,1,1,1,1,False,1,1,0,1,1,0,hold,True
s04-r2-hold_trial-0.1,4,2,hold_trial-0.1,hold_trial,0.1,15,249.6480000000001,1,1000,1,100.0,1.0,48.0,2,1,2,1,1,1,1,1,False,0,0,0,1,1,0,hold,True
s04-r2-hold_trial-0.1,4,2,hold_trial-0.1,hold_trial,0.1,16,266.3800000000001,2,1000,1,100.0,1.0,48.0,2,1,2,1,2,1,2,1,False,1,1,0,1,1,0,hold,True
s04-r2-hold_trial-0.1,4,2,hold_trial-0.1,hold_trial,0.1,17,274.5519999999997,1,1000,1,100.0,1.0,48.0,2,1,2,1,1,1,1,1,False,0,0,0,1,1,0,hold,True
s04-r2-hold_trial-0.1,4,2,hold_trial-0.1,hold_trial,0.1,18,290.8879999999999,2,1000,1,100.0,1.0,48.0,2,1,2,1,2,1,2,1,False,1,1,0,1,1,0,hold,True
s04-r2-hold_trial-0.1,4,2,hold_trial-0.1,hold_trial,0.1,19,298.77599999999984,2,1000,1,100.0,1.0,48.0,1,1,1,1,2,1,1,1,False,0,0,0,1,0,1,hold,True
s04-r2-hold_trial-0.1,4,2,hold_trial-0.1,hold_trial,0.1,20,314.32800000000043,1,1000,1,100.0,1.0,48.0,1,1,1,1,1,1,1,1,False,1,1,0,1,1,0,hold,True
s04-r2-hold_trial-0.1,4,2,hold_trial-0.1,hold_trial,0.1,21,362.3360000000002,1,1000,1,100.0,1.0,48.0,1,1,2,1,1,1,1,1,False,1,0,1,1,1,0,hold,True
s04-r2-hold_trial-0.1,4,2,hold_trial-0.1,hold_trial,0.1,22,370.7920000000004,2,1000,1,100.0,1.0,48.0,2,1,2,1,2,1,2,1,False,1,1,0,1,1,0,hold,True
s04-r2-hold_trial-0.1,4,2,hold_trial-0.1,hold_trial,0.1,23,379.02800000000025,1,1000,1,100.0,1.0,48.0,1,1,1,1,1,1,1,1,False,1,1,0,1,1,0,hold,True
s04-r2-hold_trial-0.25,4,2,hold_trial-0.25,hold_trial,0.25,0,1.0,2,1000,1,250.0,1.0,48.0,2,1,2,1,1,1,1,1,False,1,1,0,0,0,0,hold,True
s04-r2-hold_trial-0.25,4,2,hold_trial-0.25,hold_trial,0.25,1,16.684000000000196,1,1000,1,250.0,1.0,48.0,2,1,2,1,1,1,1,1,False,0,0,0,1,1,0,hold,True
s04-r2-hold_trial-0.25,4,2,hold_trial-0.25,hold_trial,0.25,2,48.63600000000042,1,1000,1,250.0,1.0,48.0,1,1,1,1,1,1,1,1,False,1,1,0,1,1,0,hold,True
s04-r2-hold_trial-0.25,4,2,hold_trial-0.25,hold_trial,0.25,3,56.83600000000024,1,1000,1,250.0,1.0,48.0,2,1,2,1,1,1,1,1,False,0,0,0,1,1,0,hold,True
s04-r2-hold_trial-0.25,4,2,hold_trial-0.25,hold_trial,0.25,4,72.55199999999968,2,1000,1,250.0,1.0,48.0,1,1,2,1,2,1,2,1,False,0,1,1,1,1,0,hold,True
s04-r2-hold_trial-0.25,4,2,hold_trial-0.25,hold_trial,0.25,5,103.42000000000009,2,1000,1,250.0,1.0,48.0,1,1,1,1,1,1,1,1,False,0,0,0,0,0,0,hold,True
s04-r2-hold_trial-0.25,4,2,hold_trial-0.25,hold_trial,0.25,6,111.28799999999956,1,1000,1,250.0,1.0,48.0,2,1,2,1,1,1,1,1,False,0,0,0,1,1,0,hold,True
s04-r2-hold_trial-0.25,4,2,hold_trial-0.25,hold_trial,0.25,7,127.80000000000018,2,1000,1,250.0,1.0,48.0,2,1,2,1,1,1,1,1,False,1,1,0,0,0,0,hold,True
s04-r2-hold_trial-0.25,4,2,hold_trial-0.25,hold_trial,0.25,8,144.20799999999963,1,1000,1,250.0,1.0,48.0,1,1,2,1,1,1,1,1,False,1,0,1,1,1,0,hold,True
s04-r2-hold_trial-0.25,4,2,hold_trial-0.25,hold_trial,0.25,9,169.07200000000012,2,1000,1,250.0,1.0,48.0,2,1,2,1,1,1,1,1,False,1,1,0,0,0,0,hold,True
s04-r2-hold_trial-0.25,4,2,hold_trial-0.25,hold_trial,0.25,10,192.65599999999995,1,1000,1,250.0,1.0,48.0,2,1,2,1,2,1,2,1,False,0,0,0,0,0,0,hold,True
s04-r2-hold_trial-0.25,4,2,hold_trial-0.25,hold_trial,0.25,11,200.5,2,1000,1,250.0,1.0,48.0,1,1,2,1,2,1,2,1,False,0,1,1,1,1,0,hold,True
s04-r2-hold_trial-0.25,4,2,hold_trial-0.25,hold_trial,0.25,12,208.91600000000017,2,1000,1,250.0,1.0,48.0,2,1,2,1,1,1,2,1,False,1,1,0,0,1,1,hold,True
s04-r2-hold_trial-0.25,4,2,hold_trial-0.25,hold_trial,0.25,13,232.9359999999997,2,1000,1,250.0,1.0,48.0,1,1,2,1,1,1,1,1,False,0,1,1,0,0,0,hold,True
s04-r2-hold_trial-0.25,4,2,hold_trial-0.25,hold_trial,0.25,14,241.22000000000023,1,1000,1,250.0,1.0,48.0,1,1,1,1,1,1,1,1,False,1,1,0,1,1,0,hold,True
s04-r2-hold_trial-0.25,4,2,hold_trial-0.25,hold_trial,0.25,15,249.6480000000001,1,1000,1,250.0,1.0,48.0,2,1,2,1,1,1,1,1,False,0,0,0,1,1,0,hold,True
s04-r2-hold_trial-0.25,4,2,hold_trial-0.25,hold_trial,0.25,16,266.3800000000001,2,1000,1,250.0,1.0,48.0,2,1,2,1,1,1,2,1,False,1,1,0,0,1,1,hold,True
s04-r2-hold_trial-0.25,4,2,hold_trial-0.25,hold_trial,0.25,17,274.5519999999997,1,1000,1,250.0,1.0,48.0,2,1,2,1,1,1,1,1,False,0,0,0,1,1,0,hold,True
s04-r2-hold_trial-0.25,4,2,hold_trial-0.25,hold_trial,0.25,18,290.8879999999999,2,1000,1,250.0,1.0,48.0,2,1,2,1,2,1,2,1,False,1,1,0,1,1,0,hold,True
s04-r2-hold_trial-0.25,4,2,hold_trial-0.25,hold_trial,0.25,19,298.77599999999984,2,1000,1,250.0,1.0,48.0,1,1,1,1,1,1,1,1,False,0,0,0,0,0,0,hold,True
s04-r2-hold_trial-0.25,4,2,hold_trial-0.25,hold_trial,0.25,20,314.3279999999995,1,1000,1,250.0,1.0,48.0,1,1,1,1,1,1,1,1,False,1,1,0,1,1,0,hold,True
s04-r2-hold_trial-0.25,4,2,hold_trial-0.25,hold_trial,0.25,21,362.3360000000002,1,1000,1,250.0,1.0,48.0,2,1,2,1,1,1,1,1,False,0,0,0,1,1,0,hold,True
s04-r2-hold_trial-0.25,4,2,hold_trial-0.25,hold_trial,0.25,22,370.7920000000004,2,1000,1,250.0,1.0,48.0,2,1,2,1,2,1,2,1,False,1,1,0,1,1,0,hold,True
s04-r2-hold_trial-0.25,4,2,hold_trial-0.25,hold_trial,0.25,23,379.02800000000025,1,1000,1,250.0,1.0,48.0,1,1,1,1,1,1,1,1,False,1,1,0,1,1,0,hold,True
s04-r2-hold_trial-0.4,4,2,hold_trial-0.4,hold_trial,0.4,0,1.0,2,1000,1,400.0,1.0,48.0,2,1,2,1,1,1,1,1,False,1,1,0,0,0,0,hold,True
s04-r2-hold_trial-0.4,4,2,hold_trial-0.4,hold_trial,0.4,1,16.684000000000196,1,1000,1,400.0,1.0,48.0,2,1,2,1,1,1,1,1,False,0,0,0,1,1,0,hold,True
s04-r2-hold_trial-0.4,4,2,hold_trial-0.4,hold_trial,0.4,2,48.63600000000042,1,1000,1,400.0,1.0,48.0,1,1,1,1,1,1,1,1,False,1,1,0,1,1,0,hold,True
s04-r2-hold_trial-0.4,4,2,hold_trial-0.4,hold_trial,0.4,3,56.83600000000024,1,1000,1,400.0,1.0,48.0,2,1,2,1,1,1,1,1,False,0,0,0,1,1,0,hold,True
s04-r2-hold_trial-0.4,4,2,hold_trial-0.4,hold_trial,0.4,4,72.55199999999968,2,1000,1,400.0,1.0,48.0,1,1,2,1,2,1,2,1,False,0,1,1,1,1,0,hold,True
s04-r2-hold_trial-0.4,4,2,hold_trial-0.4,hold_trial,0.4,5,103.42000000000009,2,1000,1,400.0,1.0,48.0,1,1,1,1,1,1,1,1,False,0,0,0,0,0,0,hold,True
s04-r2-hold_trial-0.4,4,2,hold_trial-0.4,hold_trial,0.4,6,111.28799999999956,1,1000,1,400.0,1.0,48.0,1,1,2,1,1,1,1,1,False,1,0,1,1,1,0,hold,True
s04-r2-hold_trial-0.4,4,2,hold_trial-0.4,hold_trial,0.4,7,127.80000000000018,2,1000,1,400.0,1.0,48.0,2,1,2,1,1,1,1,1,False,1,1,0,0,0,0,hold,True
s04-r2-hold_trial-0.4,4,2,hold_trial-0.4,hold_trial,0.4,8,144.20799999999963,1,1000,1,400.0,1.0,48.0,1,1,2,1,1,1,1,1,False,1,0,1,1,1,0,hold,True
s04-r2-hold_trial-0.4,4,2,hold_trial-0.4,hold_trial,0.4,9,169.07200000000012,2,1000,1,400.0,1.0,48.0,2,1,2,1,1,1,1,1,False,1,1,0,0,0,0,hold,True
s04-r2-hold_trial-0.4,4,2,hold_trial-0.4,hold_trial,0.4,10,192.65599999999995,1,1000,1,400.0,1.0,48.0,1,1,2,1,1,1,2,1,False,1,0,1,1,0,1,hold,True
s04-r2-hold_trial-0.4,4,2,hold_trial-0.4,hold_trial,0.4,11,200.5,2,1000,1,400.0,1.0,48.0,1,1,2,1,2,1,2,1,False,0,1,1,1,1,0,hold,True
s04-r2-hold_trial-0.4,4,2,hold_trial-0.4,hold_trial,0.4,12,208.91600000000017,2,1000,1,400.0,1.0,48.0,1,1,2,1,1,1,2,1,False,0,1,1,0,1,1,hold,True
s04-r2-hold_trial-0.4,4,2,hold_trial-0.4,hold_trial,0.4,13,232.9359999999997,2,1000,1,400.0,1.0,48.0,2,1,2,1,1,1,1,1,False,1,1,0,0,0,0,hold,True
s04-r2-hold_trial-0.4,4,2,hold_trial-0.4,hold_trial,0.4,14,241.22000000000023,1,1000,1,400.0,1.0,48.0,1,1,1,1,1,1,1,1,False,1,1,0,1,1,0,hold,True
s04-r2-hold_trial-0.4,4,2,hold_trial-0.4,hold_trial,0.4,15,249.6480000000001,1,1000,1,400.0,1.0,48.0,2,1,2,1,1,1,1,1,False,0,0,0,1,1,0,hold,True
s04-r2-hold_trial-0.4,4,2,hold_trial-0.4,hold_trial,0.4,16,266.3800000000001,2,1000,1,400.0,1.0,48.0,2,1,2,1,2,1,2,1,False,1,1,0,1,1,0,hold,True
s04-r2-hold_trial-0.4,4,2,hold_trial-0.4,hold_trial,0.4,17,274.5519999999997,1,1000,1,400.0,1.0,48.0,1,1,2,1,1,1,1,1,False,1,0,1,1,1,0,hold,True
s04-r2-hold_trial-0.4,4,2,hold_trial-0.4,hold_trial,0.4,18,290.8879999999999,2,1000,1,400.0,1.0,48.0,2,1,2,1,2,1,2,1,False,1,1,0,1,1,0,hold,True
s04-r2-hold_trial-0.4,4,2,hold_trial-0.4,hold_trial,0.4,19,298.77599999999984,2,1000,1,400.0,1.0,48.0,1,1,1,1,2,1,1,1,False,0,0,0,1,0,1,hold,True
s04-r2-hold_trial-0.4,4,2,hold_trial-0.4,hold_trial,0.4,20,314.3279999999995,1,1000,1,400.0,1.0,48.0,1,1,1,1,1,1,1,1,False,1,1,0,1,1,0,hold,True
s04-r2-hold_trial-0.4,4,2,hold_trial-0.4,hold_trial,0.4,21,362.3360000000002,1,1000,1,400.0,1.0,48.0,1,1,2,1,1,1,1,1,False,1,0,1,1,1,0,hold,True
s04-r2-hold_trial-0.4,4,2,hold_trial-0.4,hold_trial,0.4,22,370.7920000000004,2,1000,1,400.0,1.0,48.0,2,1,2,1,2,1,2,1,False,1,1,0,1,1,0,hold,True
s04-r2-hold_trial-0.4,4,2,hold_trial-0.4,hold_trial,0.4,23,379.02800000000025,1,1000,1,400.0,1.0,48.0,1,1,1,1,1,1,1,1,False,1,1,0,1,1,0,hold,True
s04-r3-hold_trial-0.1,4,3,hold_trial-0.1,hold_trial,0.1,0,1.0,2,1000,1,100.0,1.0,48.0,2,1,2,1,2,1,2,1,False,1,1,0,1,1,0,hold,True
s04-r3-hold_trial-0.1,4,3,hold_trial-0.1,hold_trial,0.1,1,9.012000000000626,1,1000,1,100.0,1.0,48.0,1,1,1,1,1,1,1,1,False,1,1,0,1,1,0,hold,True
s04-r3-hold_trial-0.1,4,3,hold_trial-0.1,hold_trial,0.1,2,16.683999999999287,1,1000,1,100.0,1.0,48.0,1,1,2,1,1,1,1,1,False,1,0,1,1,1,0,hold,True
s04-r3-hold_trial-0.1,4,3,hold_trial-0.1,hold_trial,0.1,3,40.96800000000076,2,1000,1,100.0,1.0,48.0,2,1,2,1,2,1,2,1,False,1,1,0,1,1,0,hold,True
s04-r3-hold_trial-0.1,4,3,hold_trial-0.1,hold_trial,0.1,4,64.55999999999949,1,1000,1,100.0,1.0,48.0,2,1,2,1,1,1,1,1,False,0,0,0,1,1,0,hold,True
s04-r3-hold_trial-0.1,4,3,hold_trial-0.1,hold_trial,0.1,5,80.17599999999948,1,1000,1,100.0,1.0,48.0,1,1,1,1,1,1,1,1,False,1,1,0,1,1,0,hold,True
s04-r3-hold_trial-0.1,4,3,hold_trial-0.1,hold_trial,0.1,6,87.7559999999994,1,1000,1,100.0,1.0,48.0,2,1,2,1,1,1,1,1,False,0,0,0,1,1,0,hold,True
s04-r3-hold_trial-0.1,4,3,hold_trial-0.1,hold_trial,0.1,7,95.64400000000025,2,1000,1,100.0,1.0,48.0,2,1,2,1,1,1,2,1,False,1,1,0,0,1,1,hold,True
s04-r3-hold_trial-0.1,4,3,hold_trial-0.1,hold_trial,0.1,8,119.76800000000004,2,1000,1,100.0,1.0,48.0,1,1,2,1,2,1,2,1,False,0,1,1,1,1,0,hold,True
s04-r3-hold_trial-0.1,4,3,hold_trial-0.1,hold_trial,0.1,9,169.07200000000012,2,1000,1,100.0,1.0,48.0,2,1,2,1,2,1,2,1,False,1,1,0,1,1,0,hold,True
s04-r3-hold_trial-0.1,4,3,hold_trial-0.1,hold_trial,0.1,10,176.71999999999937,2,1000,1,100.0,1.0,48.0,2,1,2,1,1,1,1,1,False,1,1,0,0,0,0,hold,True
s04-r3-hold_trial-0.1,4,3,hold_trial-0.1,hold_trial,0.1,11,192.6560000000009,1,1000,1,100.0,1.0,48.0,2,1,2,1,1,1,1,1,False,0,0,0,1,1,0,hold,True
s04-r3-hold_trial-0.1,4,3,hold_trial-0.1,hold_trial,0.1,12,200.5,2,1000,1,100.0,1.0,48.0,2,1,2,1,2,1,2,1,False,1,1,0,1,1,0,hold,True
s04-r3-hold_trial-0.1,4,3,hold_trial-0.1,hold_trial,0.1,13,208.9159999999993,2,1000,1,100.0,1.0,48.0,2,1,2,1,2,1,1,1,False,1,1,0,1,0,1,hold,True
s04-r3-hold_trial-0.1,4,3,hold_trial-0.1,hold_trial,0.1,14,216.9320000000007,2,1000,1,100.0,1.0,48.0,2,1,2,1,2,1,2,1,False,1,1,0,1,1,0,hold,True
s04-r3-hold_trial-0.1,4,3,hold_trial-0.1,hold_trial,0.1,15,241.21999999999932,1,1000,1,100.0,1.0,48.0,2,1,2,1,1,1,1,1,False,0,0,0,1,1,0,hold,True
s04-r3-hold_trial-0.1,4,3,hold_trial-0.1,hold_trial,0.1,16,258.0159999999996,1,1000,1,100.0,1.0,48.0,2,1,2,1,1,1,2,1,False,0,0,0,1,0,1,hold,True
s04-r3-hold_trial-0.1,4,3,hold_trial-0.1,hold_trial,0.1,17,274.5519999999997,1,1000,1,100.0,1.0,48.0,2,1,2,1,1,1,1,1,False,0,0,0,1,1,0,hold,True
s04-r3-hold_trial-0.1,4,3,hold_trial-0.1,hold_trial,0.1,18,290.88800000000083,1,1000,1,100.0,1.0,48.0,1,1,1,1,1,1,1,1,False,1,1,0,1,1,0,hold,True
s04-r3-hold_trial-0.1,4,3,hold_trial-0.1,hold_trial,0.1,19,306.6280000000006,1,1000,1,100.0,1.0,48.0,2,1,2,1,2,1,2,1,False,0,0,0,0,0,0,hold,True
s04-r3-hold_trial-0.1,4,3,hold_trial-0.1,hold_trial,0.1,20,314.3279999999995,2,1000,1,100.0,1.0,48.0,1,1,1,1,2,1,2,1,False,0,0,0,1,1,0,hold,True
s04-r3-hold_trial-0.1,4,3,hold_trial-0.1,hold_trial,0.1,21,347.0,1,1000,1,100.0,1.0,48.0,1,1,1,1,2,1,1,1,False,1,1,0,0,1,1,hold,True
s04-r3-hold_trial-0.1,4,3,hold_trial-0.1,hold_trial,0.1,22,354.6239999999998,2,1000,1,100.0,1.0,48.0,2,1,2,1,2,1,2,1,False,1,1,0,1,1,0,hold,True
s04-r3-hold_trial-0.1,4,3,hold_trial-0.1,hold_trial,0.1,23,370.79199999999946,2,1000,1,100.0,1.0,48.0,2,1,2,1,2,1,1,1,False,1,1,0,1,0,1,hold,True
s04-r3-hold_trial-0.25,4,3,hold_trial-0.25,hold_trial,0.25,0,1.0,2,1000,1,250.0,1.0,48.0,2,1,2,1,2,1,2,1,False,1,1,0,1,1,0,hold,True
s04-r3-hold_trial-0.25,4,3,hold_trial-0.25,hold_trial,0.25,1,9.012000000000626,1,1000,1,250.0,1.0,48.0,1,1,1,1,1,1,1,1,False,1,1,0,1,1,0,hold,True
s04-r3-hold_trial-0.25,4,3,hold_trial-0.25,hold_trial,0.25,2,16.683999999999287,1,1000,1,250.0,1.0,48.0,2,1,2,1,1,1,1,1,False,0,0,0,1,1,0,hold,True
s04-r3-hold_trial-0.25,4,3,hold_trial-0.25,hold_trial,0.25,3,40.96800000000076,2,1000,1,250.0,1.0,48.0,2,1,2,1,2,1,2,1,False,1,1,0,1,1,0,hold,True
s04-r3-hold_trial-0.25,4,3,hold_trial-0.25,hold_trial,0.25,4,64.55999999999949,1,1000,1,250.0,1.0,48.0,2,1,2,1,1,1,1,1,False,0,0,0,1,1,0,hold,True
s04-r3-hold_trial-0.25,4,3,hold_trial-0.25,hold_trial,0.25,5,80.17599999999948,1,1000,1,250.0,1.0,48.0,1,1,1,1,1,1,1,1,False,1,1,0,1,1,0,hold,True
s04-r3-hold_trial-0.25,4,3,hold_trial-0.25,hold_trial,0.25,6,87.7559999999994,1,1000,1,250.0,1.0,48.0,2,1,2,1,1,1,1,1,False,0,0,0,1,1,0,hold,True
s04-r3-hold_trial-0.25,4,3,hold_trial-0.25,hold_trial,0.25,7,95.64400000000025,2,1000,1,250.0,1.0,48.0,2,1,2,1,1,1,2,1,False,1,1,0,0,1,1,hold,True
s04-r3-hold_trial-0.25,4,3,hold_trial-0.25,hold_trial,0.25,8,119.76800000000004,2,1000,1,250.0,1.0,48.0,2,1,2,1,2,1,2,1,False,1,1,0,1,1,0,hold,True
s04-r3-hold_trial-0.25,4,3,hold_trial-0.25,hold_trial,0.25,9,169.07200000000012,2,1000,1,250.0,1.0,48.0,2,1,2,1,2,1,2,1,False,1,1,0,1,1,0,hold,True
s04-r3-hold_trial-0.25,4,3,hold_trial-0.25,hold_trial,0.25,10,176.71999999999937,2,1000,1,250.0,1.0,48.0,1,1,2,1,2,1,1,1,False,0,1,1,1,0,1,hold,True
s04-r3-hold_trial-0.25,4,3,hold_trial-0.25,hold_trial,0.25,11,192.6560000000009,1,1000,1,250.0,1.0,48.0,2,1,2,1,1,1,1,1,False,0,0,0,1,1,0,hold,True
s04-r3-hold_trial-0.25,4,3,hold_trial-0.25,hold_trial,0.25,12,200.5,2,1000,1,250.0,1.0,48.0,2,1,2,1,2,1,2,1,False,1,1,0,1,1,0,hold,True
s04-r3-hold_trial-0.25,4,3,hold_trial-0.25,hold_trial,0.25,13,208.9159999999993,2,1000,1,250.0,1.0,48.0,2,1,2,1,1,1,1,1,False,1,1,0,0,0,0,hold,True
s04-r3-hold_trial-0.25,4,3,hold_trial-0.25,hold_trial,0.25,14,216.9320000000007,2,1000,1,250.0,1.0,48.0,2,1,2,1,2,1,2,1,False,1,1,0,1,1,0,hold,True
s04-r3-hold_trial-0.25,4,3,hold_trial-0.25,hold_trial,0.25,15,241.21999999999932,1,1000,1,250.0,1.0,48.0,2,1,2,1,1,1,1,1,False,0,0,0,1,1,0,hold,True
s04-r3-hold_trial-0.25,4,3,hold_trial-0.25,hold_trial,0.25,16,258.0159999999996,1,1000,1,250.0,1.0,48.0,2,1,2,1,1,1,2,1,False,0,0,0,1,0,1,hold,True
s04-r3-hold_trial-0.25,4,3,hold_trial-0.25,hold_trial,0.25,17,274.5519999999997,1,1000,1,250.0,1.0,48.0,1,1,2,1,1,1,1,1,False,1,0,1,1,1,0,hold,True
s04-r3-hold_trial-0.25,4,3,hold_trial-0.25,hold_trial,0.25,18,290.88800000000083,1,1000,1,250.0,1.0,48.0,1,1,1,1,1,1,1,1,False,1,1,0,1,1,0,hold,True
s04-r3-hold_trial-0.25,4,3,hold_trial-0.25,hold_trial,0.25,19,306.6280000000006,1,1000,1,250.0,1.0,48.0,2,1,2,1,1,1,2,1,False,0,0,0,1,0,1,hold,True
s04-r3-hold_trial-0.25,4,3,hold_trial-0.25,hold_trial,0.25,20,314.3279999999995,2,1000,1,250.0,1.0,48.0,1,1,1,1,1,1,2,1,False,0,0,0,0,1,1,hold,True
s04-r3-hold_trial-0.25,4,3,hold_trial-0.25,hold_trial,0.25,21,347.0,1,1000,1,250.0,1.0,48.0,1,1,1,1,2,1,1,1,False,1,1,0,0,1,1,hold,True
s04-r3-hold_trial-0.25,4,3,hold_trial-0.25,hold_trial,0.25,22,354.6239999999998,2,1000,1,250.0,1.0,48.0,2,1,2,1,2,1,2,1,False,1,1,0,1,1,0,hold,True
s04-r3-hold_trial-0.25,4,3,hold_trial-0.25,hold_trial,0.25,23,370.79199999999946,2,1000,1,250.0,1.0,48.0,2,1,2,1,1,1,1,1,False,1,1,0,0,0,0,hold,True
s04-r3-hold_trial-0.4,4,3,hold_trial-0.4,hold_trial,0.4,0,1.0,2,1000,1,400.0,1.0,48.0,1,1,2,1,2,1,2,1,False,0,1,1,1,1,0,hold,True
s04-r3-hold_trial-0.4,4,3,hold_trial-0.4,hold_trial,0.4,1,9.012000000000626,1,1000,1,400.0,1.0,48.0,1,1,1,1,1,1,1,1,False,1,1,0,1,1,0,hold,True
s04-r3-hold_trial-0.4,4,3,hold_trial-0.4,hold_trial,0.4,2,16.683999999999287,1,1000,1,400.0,1.0,48.0,1,1,2,1,1,1,1,1,False,1,0,1,1,1,0,hold,True
s04-r3-hold_trial-0.4,4,3,hold_trial-0.4,hold_trial,0.4,3,40.96800000000076,2,1000,1,400.0,1.0,48.0,2,1,2,1,2,1,2,1,False,1,1,0,1,1,0,hold,True
s04-r3-hold_trial-0.4,4,3,hold_trial-0.4,hold_trial,0.4,4,64.55999999999949,1,1000,1,400.0,1.0,48.0,1,1,2,1,1,1,1,1,False,1,0,1,1,1,0,hold,True
s04-r3-hold_trial-0.4,4,3,hold_trial-0.4,hold_trial,0.4,5,80.17599999999948,1,1000,1,400.0,1.0,48.0,1,1,1,1,1,1,1,1,False,1,1,0,1,1,0,hold,True
s04-r3-hold_trial-0.4,4,3,hold_trial-0.4,hold_trial,0.4,6,87.7559999999994,1,1000,1,400.0,1.0,48.0,2,1,2,1,1,1,1,1,False,0,0,0,1,1,0,hold,True
s04-r3-hold_trial-0.4,4,3,hold_trial-0.4,hold_trial,0.4,7,95.64400000000025,2,1000,1,400.0,1.0,48.0,2,1,2,1,1,1,2,1,False,1,1,0,0,1,1,hold,True
s04-r3-hold_trial-0.4,4,3,hold_trial-0.4,hold_trial,0.4,8,119.76800000000004,2,1000,1,400.0,1.0,48.0,1,1,2,1,2,1,2,1,False,0,1,1,1,1,0,hold,True
s04-r3-hold_trial-0.4,4,3,hold_trial-0.4,hold_trial,0.4,9,169.07200000000012,2,1000,1,400.0,1.0,48.0,2,1,2,1,2,1,2,1,False,1,1,0,1,1,0,hold,True
s04-r3-hold_trial-0.4,4,3,hold_trial-0.4,hold_trial,0.4,10,176.71999999999937,2,1000,1,400.0,1.0,48.0,2,1,2,1,1,1,1,1,False,1,1,0,0,0,0,hold,True
s04-r3-hold_trial-0.4,4,3,hold_trial-0.4,hold_trial,0.4,11,192.6560000000009,1,1000,1,400.0,1.0,48.0,2,1,2,1,1,1,1,1,False,0,0,0,1,1,0,hold,True
s04-r3-hold_trial-0.4,4,3,hold_trial-0.4,hold_trial,0.4,12,200.5,2,1000,1,400.0,1.0,48.0,2,1,2,1,2,1,2,1,False,1,1,0,1,1,0,hold,True
s04-r3-hold_trial-0.4,4,3,hold_trial-0.4,hold_trial,0.4,13,208.9159999999993,2,1000,1,400.0,1.0,48.0,2,1,2,1,2,1,1,1,False,1,1,0,1,0,1,hold,True
s04-r3-hold_trial-0.4,4,3,hold_trial-0.4,hold_trial,0.4,14,216.9320000000007,2,1000,1,400.0,1.0,48.0,2,1,2,1,2,1,2,1,False,1,1,0,1,1,0,hold,True
s04-r3-hold_trial-0.4,4,3,hold_trial-0.4,hold_trial,0.4,15,241.21999999999932,1,1000,1,400.0,1.0,48.0,2,1,2,1,1,1,1,1,False,0,0,0,1,1,0,hold,True
s04-r3-hold_trial-0.4,4,3,hold_trial-0.4,hold_trial,0.4,16,258.0159999999996,1,1000,1,400.0,1.0,48.0,2,1,2,1,1,1,2,1,False,0,0,0,1,0,1,hold,True
s04-r3-hold_trial-0.4,4,3,hold_trial-0.4,hold_trial,0.4,17,274.5519999999997,1,1000,1,400.0,1.0,48.0,1,1,2,1,1,1,1,1,False,1,0,1,1,1,0,hold,True
s04-r3-hold_trial-0.4,4,3,hold_trial-0.4,hold_trial,0.4,18,290.88800000000083,1,1000,1,400.0,1.0,48.0,1,1,1,1,1,1,1,1,False,1,1,0,1,1,0,hold,True
s04-r3-hold_trial-0.4,4,3,hold_trial-0.4,hold_trial,0.4,19,306.6280000000006,1,1000,1,400.0,1.0,48.0,1,1,2,1,1,1,2,1,False,1,0,1,1,0,1,hold,True
s04-r3-hold_trial-0.4,4,3,hold_trial-0.4,hold_trial,0.4,20,314.3279999999995,2,1000,1,400.0,1.0,48.0,1,1,1,1,1,1,2,1,False,0,0,0,0,1,1,hold,True
s04-r3-hold_trial-0.4,4,3,hold_trial-0.4,hold_trial,0.4,21,347.0,1,1000,1,400.0,1.0,48.0,1,1,1,1,1,1,1,1,False,1,1,0,1,1,0,hold,True
s04-r3-hold_trial-0.4,4,3,hold_trial-0.4,hold_trial,0.4,22,354.6239999999998,2,1000,1,400.0,1.0,48.0,2,1,2,1,1,1,2,1,False,1,1,0,0,1,1,hold,True
s04-r3-hold_trial-0.4,4,3,hold_trial-0.4,hold_trial,0.4,23,370.79199999999946,2,1000,1,400.0,1.0,48.0,2,1,2,1,1,1,1,1,False,1,1,0,0,0,0,hold,True
s04-r4-hold_trial-0.1,4,4,hold_trial-0.1,hold_trial,0.1,0,9.012000000000626,1,1000,1,100.0,1.0,48.0,2,1,2,1,1,1,1,1,False,0,0,0,1,1,0,hold,True
s04-r4-hold_trial-0.1,4,4,hold_trial-0.1,hold_trial,0.1,1,24.49200000000019,2,1000,1,100.0,1.0,48.0,2,1,2,1,2,1,2,1,False,1,1,0,1,1,0,hold,True
s04-r4-hold_trial-0.1,4,4,hold_trial-0.1,hold_trial,0.1,2,40.96800000000076,1,1000,1,100.0,1.0,48.0,2,1,2,1,1,1,1,1,False,0,0,0,1,1,0,hold,True
s04-r4-hold_trial-0.1,4,4,hold_trial-0.1,hold_trial,0.1,3,48.63600000000042,1,1000,1,100.0,1.0,48.0,2,1,2,1,1,1,1,1,False,0,0,0,1,1,0,hold,True
s04-r4-hold_trial-0.1,4,4,hold_trial-0.1,hold_trial,0.1,4,72.55199999999968,2,1000,1,100.0,1.0,48.0,2,1,2,1,1,1,1,1,False,1,1,0,0,0,0,hold,True
s04-r4-hold_trial-0.1,4,4,hold_trial-0.1,hold_trial,0.1,5,87.7559999999994,2,1000,1,100.0,1.0,48.0,2,1,2,1,1,1,1,1,False,1,1,0,0,0,0,hold,True
s04-r4-hold_trial-0.1,4,4,hold_trial-0.1,hold_trial,0.1,6,95.64400000000025,2,1000,1,100.0,1.0,48.0,2,1,2,1,2,1,2,1,False,1,1,0,1,1,0,hold,True
s04-r4-hold_trial-0.1,4,4,hold_trial-0.1,hold_trial,0.1,7,103.42000000000009,1,1000,1,100.0,1.0,48.0,2,1,2,1,1,1,1,1,False,0,0,0,1,1,0,hold,True
s04-r4-hold_trial-0.1,4,4,hold_trial-0.1,hold_trial,0.1,8,111.28800000000048,2,1000,1,100.0,1.0,48.0,2,1,2,1,2,1,2,1,False,1,1,0,1,1,0,hold,True
s04-r4-hold_trial-0.1,4,4,hold_trial-0.1,hold_trial,0.1,9,136.0640000000003,2,1000,1,100.0,1.0,48.0,2,1,2,1,2,1,2,1,False,1,1,0,1,1,0,hold,True
s04-r4-hold_trial-0.1,4,4,hold_trial-0.1,hold_trial,0.1,10,144.20800000000054,2,1000,1,100.0,1.0,48.0,2,1,2,1,2,1,2,1,False,1,1,0,1,1,0,hold,True
s04-r4-hold_trial-0.1,4,4,hold_trial-0.1,hold_trial,0.1,11,152.47199999999975,2,1000,1,100.0,1.0,48.0,2,1,2,1,2,1,2,1,False,1,1,0,1,1,0,hold,True
s04-r4-hold_trial-0.1,4,4,hold_trial-0.1,hold_trial,0.1,12,160.7520000000004,2,1000,1,100.0,1.0,48.0,2,1,2,1,1,1,1,1,False,1,1,0,0,0,0,hold,True
s04-r4-hold_trial-0.1,4,4,hold_trial-0.1,hold_trial,0.1,13,200.5,1,1000,1,100.0,1.0,48.0,1,1,1,1,1,1,1,1,False,1,1,0,1,1,0,hold,True
s04-r4-hold_trial-0.1,4,4,hold_trial-0.1,hold_trial,0.1,14,208.9159999999993,2,1000,1,100.0,1.0,48.0,2,1,2,1,2,1,2,1,False,1,1,0,1,1,0,hold,True
s04-r4-hold_trial-0.1,4,4,hold_trial-0.1,hold_trial,0.1,15,224.83200000000036,2,1000,1,100.0,1.0,48.0,2,1,2,1,2,1,2,1,False,1,1,0,1,1,0,hold,True
s04-r4-hold_trial-0.1,4,4,hold_trial-0.1,hold_trial,0.1,16,232.9359999999997,1,1000,1,100.0,1.0,48.0,1,1,1,1,1,1,1,1,False,1,1,0,1,1,0,hold,True
s04-r4-hold_trial-0.1,4,4,hold_trial-0.1,hold_trial,0.1,17,249.64799999999923,1,1000,1,100.0,1.0,48.0,1,1,1,1,1,1,1,1,False,1,1,0,1,1,0,hold,True
s04-r4-hold_trial-0.1,4,4,hold_trial-0.1,hold_trial,0.1,18,266.3799999999992,1,1000,1,100.0,1.0,48.0,2,1,2,1,1,1,1,1,False,0,0,0,1,1,0,hold,True
s04-r4-hold_trial-0.1,4,4,hold_trial-0.1,hold_trial,0.1,19,274.5519999999997,1,1000,1,100.0,1.0,48.0,2,1,2,1,2,1,1,1,False,0,0,0,0,1,1,hold,True
s04-r4-hold_trial-0.1,4,4,hold_trial-0.1,hold_trial,0.1,20,282.8079999999991,1,1000,1,100.0,1.0,48.0,2,1,2,1,1,1,1,1,False,0,0,0,1,1,0,hold,True
s04-r4-hold_trial-0.1,4,4,hold_trial-0.1,hold_trial,0.1,21,290.88800000000083,1,1000,1,100.0,1.0,48.0,2,1,2,1,1,1,1,1,False,0,0,0,1,1,0,hold,True
s04-r4-hold_trial-0.1,4,4,hold_trial-0.1,hold_trial,0.1,22,322.65200000000004,2,1000,1,100.0,1.0,48.0,2,1,2,1,2,1,2,1,False,1,1,0,1,1,0,hold,True
s04-r4-hold_trial-0.1,4,4,hold_trial-0.1,hold_trial,0.1,23,370.79199999999946,1,1000,1,100.0,1.0,48.0,2,1,2,1,1,1,1,1,False,0,0,0,1,1,0,hold,True
s04-r4-hold_trial-0.25,4,4,hold_trial-0.25,hold_trial,0.25,0,9.012000000000626,1,1000,1,250.0,1.0,48.0,2,1,2,1,1,1,1,1,False,0,0,0,1,1,0,hold,True
s04-r4-hold_trial-0.25,4,4,hold_trial-0.25,hold_trial,0.25,1,24.49200000000019,2,1000,1,250.0,1.0,48.0,2,1,2,1,2,1,2,1,False,1,1,0,1,1,0,hold,True
s04-r4-hold_trial-0.25,4,4,hold_trial-0.25,hold_trial,0.25,2,40.96800000000076,1,1000,1,250.0,1.0,48.0,1,1,2,1,1,1,1,1,False,1,0,1,1,1,0,hold,True
s04-r4-hold_trial-0.25,4,4,hold_trial-0.25,hold_trial,0.25,3,48.63600000000042,1,1000,1,250.0,1.0,48.0,2,1,2,1,1,1,1,1,False,0,0,0,1,1,0,hold,True
s04-r4-hold_trial-0.25,4,4,hold_trial-0.25,hold_trial,0.25,4,72.55199999999968,2,1000,1,250.0,1.0,48.0,2,1,2,1,2,1,1,1,False,1,1,0,1,0,1,hold,True
s04-r4-hold_trial-0.25,4,4,hold_trial-0.25,hold_trial,0.25,5,87.7559999999994,2,1000,1,250.0,1.0,48.0,2,1,2,1,1,1,1,1,False,1,1,0,0,0,0,hold,True
s04-r4-hold_trial-0.25,4,4,hold_trial-0.25,hold_trial,0.25,6,95.64400000000025,2,1000,1,250.0,1.0,48.0,2,1,2,1,2,1,2,1,False,1,1,0,1,1,0,hold,True
s04-r4-hold_trial-0.25,4,4,hold_trial-0.25,hold_trial,0.25,7,103.42000000000009,1,1000,1,250.0,1.0,48.0,2,1,2,1,1,1,1,1,False,0,0,0,1,1,0,hold,True
s04-r4-hold_trial-0.25,4,4,hold_trial-0.25,hold_trial,0.25,8,111.28800000000048,2,1000,1,250.0,1.0,48.0,2,1,2,1,2,1,2,1,False,1,1,0,1,1,0,hold,True
s04-r4-hold_trial-0.25,4,4,hold_trial-0.25,hold_trial,0.25,9,136.0640000000003,2,1000,1,250.0,1.0,48.0,2,1,2,1,2,1,2,1,False,1,1,0,1,1,0,hold,True
s04-r4-hold_trial-0.25,4,4,hold_trial-0.25,hold_trial,0.25,10,144.20800000000054,2,1000,1,250.0,1.0,48.0,2,1,2,1,2,1,2,1,False,1,1,0,1,1,0,hold,True
s04-r4-hold_trial-0.25,4,4,hold_trial-0.25,hold_trial,0.25,11,152.47199999999975,2,1000,1,250.0,1.0,48.0,2,1,2,1,2,1,2,1,False,1,1,0,1,1,0,hold,True
s04-r4-hold_trial-0.25,4,4,hold_trial-0.25,hold_trial,0.25,12,160.7520000000004,2,1000,1,250.0,1.0,48.0,2,1,2,1,1,1,1,1,False,1,1,0,0,0,0,hold,True
s04-r4-hold_trial-0.25,4,4,hold_trial-0.25,hold_trial,0.25,13,200.5,1,1000,1,250.0,1.0,48.0,1,1,1,1,1,1,1,1,False,1,1,0,1,1,0,hold,True
s04-r4-hold_trial-0.25,4,4,hold_trial-0.25,hold_trial,0.25,14,208.9159999999993,2,1000,1,250.0,1.0,48.0,2,1,2,1,2,1,2,1,False,1,1,0,1,1,0,hold,True
s04-r4-hold_trial-0.25,4,4,hold_trial-0.25,hold_trial,0.25,15,224.83200000000036,2,1000,1,250.0,1.0,48.0,2,1,2,1,2,1,2,1,False,1,1,0,1,1,0,hold,True
s04-r4-hold_trial-0.25,4,4,hold_trial-0.25,hold_trial,0.25,16,232.9359999999997,1,1000,1,250.0,1.0,48.0,1,1,1,1,1,1,1,1,False,1,1,0,1,1,0,hold,True
s04-r4-hold_trial-0.25,4,4,hold_trial-0.25,hold_trial,0.25,17,249.64799999999923,1,1000,1,250.0,1.0,48.0,1,1,1,1,1,1,1,1,False,1,1,0,1,1,0,hold,True
s04-r4-hold_trial-0.25,4,4,hold_trial-0.25,hold_trial,0.25,18,266.3799999999992,1,1000,1,250.0,1.0,48.0,2,1,2,1,1,1,1,1,False,0,0,0,1,1,0,hold,True
s04-r4-hold_trial-0.25,4,4,hold_trial-0.25,hold_trial,0.25,19,274.5519999999997,1,1000,1,250.0,1.0,48.0,2,1,2,1,2,1,1,1,False,0,0,0,0,1,1,hold,True
s04-r4-hold_trial-0.25,4,4,hold_trial-0.25,hold_trial,0.25,20,282.8079999999991,1,1000,1,250.0,1.0,48.0,2,1,2,1,1,1,1,1,False,0,0,0,1,1,0,hold,True
s04-r4-hold_trial-0.25,4,4,hold_trial-0.25,hold_trial,0.25,21,290.88800000000083,1,1000,1,250.0,1.0,48.0,2,1,2,1,1,1,1,1,False,0,0,0,1,1,0,hold,True
s04-r4-hold_trial-0.25,4,4,hold_trial-0.25,hold_trial,0.25,22,322.65200000000004,2,1000,1,250.0,1.0,48.0,2,1,2,1,2,1,2,1,False,1,1,0,1,1,0,hold,True
s04-r4-hold_trial-0.25,4,4,hold_trial-0.25,hold_trial,0.25,23,370.79199999999946,1,1000,1,250.0,1.0,48.0,2,1,2,1,1,1,1,1,False,0,0,0,1,1,0,hold,True
s04-r4-hold_trial-0.4,4,4,hold_trial-0.4,hold_trial,0.4,0,9.012000000000626,1,1000,1,400.0,1.0,48.0,2,1,2,1,1,1,1,1,False,0,0,0,1,1,0,hold,True
s04-r4-hold_trial-0.4,4,4,hold_trial-0.4,hold_trial,0.4,1,24.49200000000019,2,1000,1,400.0,1.0,48.0,2,1,2,1,2,1,2,1,False,1,1,0,1,1,0,hold,True
s04-r4-hold_trial-0.4,4,4,hold_trial-0.4,hold_trial,0.4,2,40.96800000000076,1,1000,1,400.0,1.0,48.0,1,1,2,1,1,1,1,1,False,1,0,1,1,1,0,hold,True
s04-r4-hold_trial-0.4,4,4,hold_trial-0.4,hold_trial,0.4,3,48.63600000000042,1,1000,1,400.0,1.0,48.0,2,1,2,1,1,1,1,1,False,0,0,0,1,1,0,hold,True
s04-r4-hold_trial-0.4,4,4,hold_trial-0.4,hold_trial,0.4,4,72.55199999999968,2,1000,1,400.0,1.0,48.0,2,1,2,1,1,1,1,1,False,1,1,0,0,0,0,hold,True
s04-r4-hold_trial-0.4,4,4,hold_trial-0.4,hold_trial,0.4,5,87.7559999999994,2,1000,1,400.0,1.0,48.0,2,1,2,1,1,1,1,1,False,1,1,0,0,0,0,hold,True
s04-r4-hold_trial-0.4,4,4,hold_trial-0.4,hold_trial,0.4,6,95.64400000000025,2,1000,1,400.0,1.0,48.0,2,1,2,1,2,1,2,1,False,1,1,0,1,1,0,hold,True
s04-r4-hold_trial-0.4,4,4,hold_trial-0.4,hold_trial,0.4,7,103.42000000000009,1,1000,1,400.0,1.0,48.0,2,1,2,1,1,1,1,1,False,0,0,0,1,1,0,hold,True
s04-r4-hold_trial-0.4,4,4,hold_trial-0.4,hold_trial,0.4,8,111.28800000000048,2,1000,1,400.0,1.0,48.0,2,1,2,1,2,1,2,1,False,1,1,0,1,1,0,hold,True
s04-r4-hold_trial-0.4,4,4,hold_trial-0.4,hold_trial,0.4,9,136.0640000000003,2,1000,1,400.0,1.0,48.0,2,1,2,1,2,1,2,1,False,1,1,0,1,1,0,hold,True
s04-r4-hold_trial-0.4,4,4,hold_trial-0.4,hold_trial,0.4,10,144.20800000000054,2,1000,1,400.0,1.0,48.0,2,1,2,1,2,1,2,1,False,1,1,0,1,1,0,hold,True
s04-r4-hold_trial-0.4,4,4,hold_trial-0.4,hold_trial,0.4,11,152.47199999999975,2,1000,1,400.0,1.0,48.0,2,1,2,1,2,1,2,1,False,1,1,0,1,1,0,hold,True
s04-r4-hold_trial-0.4,4,4,hold_trial-0.4,hold_trial,0.4,12,160.7520000000004,2,1000,1,400.0,1.0,48.0,2,1,2,1,1,1,1,1,False,1,1,0,0,0,0,hold,True
s04-r4-hold_trial-0.4,4,4,hold_trial-0.4,hold_trial,0.4,13,200.5,1,1000,1,400.0,1.0,48.0,1,1,1,1,1,1,1,1,False,1,1,0,1,1,0,hold,True
s04-r4-hold_trial-0.4,4,4,hold_trial-0.4,hold_trial,0.4,14,208.9159999999993,2,1000,1,400.0,1.0,48.0,2,1,2,1,2,1,2,1,False,1,1,0,1,1,0,hold,True
s04-r4-hold_trial-0.4,4,4,hold_trial-0.4,hold_trial,0.4,15,224.83200000000036,2,1000,1,400.0,1.0,48.0,2,1,2,1,1,1,2,1,False,1,1,0,0,1,1,hold,True
s04-r4-hold_trial-0.4,4,4,hold_trial-0.4,hold_trial,0.4,16,232.9359999999997,1,1000,1,400.0,1.0,48.0,1,1,1,1,1,1,1,1,False,1,1,0,1,1,0,hold,True
s04-r4-hold_trial-0.4,4,4,hold_trial-0.4,hold_trial,0.4,17,249.64799999999923,1,1000,1,400.0,1.0,48.0,1,1,1,1,1,1,1,1,False,1,1,0,1,1,0,hold,True
s04-r4-hold_trial-0.4,4,4,hold_trial-0.4,hold_trial,0.4,18,266.3799999999992,1,1000,1,400.0,1.0,48.0,2,1,2,1,1,1,1,1,False,0,0,0,1,1,0,hold,True
s04-r4-hold_trial-0.4,4,4,hold_trial-0.4,hold_trial,0.4,19,274.5519999999997,1,1000,1,400.0,1.0,48.0,1,1,2,1,1,1,1,1,False,1,0,1,1,1,0,hold,True
s04-r4-hold_trial-0.4,4,4,hold_trial-0.4,hold_trial,0.4,20,282.8080000000009,1,1000,1,400.0,1.0,48.0,2,1,2,1,1,1,1,1,False,0,0,0,1,1,0,hold,True
s04-r4-hold_trial-0.4,4,4,hold_trial-0.4,hold_trial,0.4,21,290.88800000000083,1,1000,1,400.0,1.0,48.0,2,1,2,1,1,1,1,1,False,0,0,0,1,1,0,hold,True
s04-r4-hold_trial-0.4,4,4,hold_trial-0.4,hold_trial,0.4,22,322.65200000000004,2,1000,1,400.0,1.0,48.0,2,1,2,1,2,1,2,1,False,1,1,0,1,1,0,hold,True
s04-r4-hold_trial-0.4,4,4,hold_trial-0.4,hold_trial,0.4,23,370.79199999999946,1,1000,1,400.0,1.0,48.0,2,1,2,1,1,1,1,1,False,0,0,0,1,1,0,hold,True
s05-r0-hold_trial-0.1,5,0,hold_trial-0.1,hold_trial,0.1,0,1.0,1,1000,1,100.0,1.0,48.0,1,1,1,1,1,1,1,1,False,1,1,0,1,1,0,hold,True
s05-r0-hold_trial-0.1,5,0,hold_trial-0.1,hold_trial,0.1,1,9.012000000000173,2,1000,1,100.0,1.0,48.0,1,1,2,1,2,1,2,1,False,0,1,1,1,1,0,hold,True
s05-r0-hold_trial-0.1,5,0,hold_trial-0.1,hold_trial,0.1,2,16.684000000000196,2,1000,1,100.0,1.0,48.0,2,1,2,1,2,1,2,1,False,1,1,0,1,1,0,hold,True
s05-r0-hold_trial-0.1,5,0,hold_trial-0.1,hold_trial,0.1,3,24.49200000000019,1,1000,1,100.0,1.0,48.0,1,1,1,1,1,1,1,1,False,1,1,0,1,1,0,hold,True
s05-r0-hold_trial-0.1,5,0,hold_trial-0.1,hold_trial,0.1,4,32.52399999999989,2,1000,1,100.0,1.0,48.0,2,1,2,1,1,1,2,1,False,1,1,0,0,1,1,hold,True
s05-r0-hold_trial-0.1,5,0,hold_trial-0.1,hold_trial,0.1,5,40.96799999999985,1,1000,1,100.0,1.0,48.0,1,1,2,1,1,1,1,1,False,1,0,1,1,1,0,hold,True
s05-r0-hold_trial-0.1,5,0,hold_trial-0.1,hold_trial,0.1,6,48.63599999999997,2,1000,1,100.0,1.0,48.0,2,1,2,1,1,1,1,1,False,1,1,0,0,0,0,hold,True
s05-r0-hold_trial-0.1,5,0,hold_trial-0.1,hold_trial,0.1,7,64.55999999999995,2,1000,1,100.0,1.0,48.0,1,1,1,1,2,1,2,1,False,0,0,0,1,1,0,hold,True
s05-r0-hold_trial-0.1,5,0,hold_trial-0.1,hold_trial,0.1,8,80.17599999999993,1,1000,1,100.0,1.0,48.0,2,1,2,1,1,1,1,1,False,0,0,0,1,1,0,hold,True
s05-r0-hold_trial-0.1,5,0,hold_trial-0.1,hold_trial,0.1,9,95.64400000000025,2,1000,1,100.0,1.0,48.0,1,1,2,1,1,1,1,1,False,0,1,1,0,0,0,hold,True
s05-r0-hold_trial-0.1,5,0,hold_trial-0.1,hold_trial,0.1,10,103.42000000000009,1,1000,1,100.0,1.0,48.0,2,1,2,1,2,1,2,1,False,0,0,0,0,0,0,hold,True
s05-r0-hold_trial-0.1,5,0,hold_trial-0.1,hold_trial,0.1,11,152.4720000000002,1,1000,1,100.0,1.0,48.0,1,1,1,1,2,1,2,1,False,1,1,0,0,0,0,hold,True
s05-r0-hold_trial-0.1,5,0,hold_trial-0.1,hold_trial,0.1,12,169.07200000000012,2,1000,1,100.0,1.0,48.0,2,1,2,1,2,1,2,1,False,1,1,0,1,1,0,hold,True
s05-r0-hold_trial-0.1,5,0,hold_trial-0.1,hold_trial,0.1,13,176.7199999999998,1,1000,1,100.0,1.0,48.0,2,1,2,1,1,1,1,1,False,0,0,0,1,1,0,hold,True
s05-r0-hold_trial-0.1,5,0,hold_trial-0.1,hold_trial,0.1,14,184.84400000000005,1,1000,1,100.0,1.0,48.0,2,1,2,1,1,1,2,1,False,0,0,0,1,0,1,hold,True
s05-r0-hold_trial-0.1,5,0,hold_trial-0.1,hold_trial,0.1,15,208.91600000000017,1,1000,1,100.0,1.0,48.0,2,1,2,1,1,1,1,1,False,0,0,0,1,1,0,hold,True
s05-r0-hold_trial-0.1,5,0,hold_trial-0.1,hold_trial,0.1,16,241.2199999999998,1,1000,1,100.0,1.0,48.0,2,1,2,1,1,1,2,1,False,0,0,0,1,0,1,hold,True
s05-r0-hold_trial-0.1,5,0,hold_trial-0.1,hold_trial,0.1,17,249.6480000000001,2,1000,1,100.0,1.0,48.0,2,1,2,1,1,1,1,1,False,1,1,0,0,0,0,hold,True
s05-r0-hold_trial-0.1,5,0,hold_trial-0.1,hold_trial,0.1,18,258.0160000000001,1,1000,1,100.0,1.0,48.0,1,1,1,1,1,1,1,1,False,1,1,0,1,1,0,hold,True
s05-r0-hold_trial-0.1,5,0,hold_trial-0.1,hold_trial,0.1,19,266.3800000000001,2,1000,1,100.0,1.0,48.0,2,1,1,1,2,1,2,1,False,1,0,1,1,1,0,hold,True
s05-r0-hold_trial-0.1,5,0,hold_trial-0.1,hold_trial,0.1,20,274.55200000000013,2,1000,1,100.0,1.0,48.0,2,1,2,1,2,1,2,1,False,1,1,0,1,1,0,hold,True
s05-r0-hold_trial-0.1,5,0,hold_trial-0.1,hold_trial,0.1,21,282.808,1,1000,1,100.0,1.0,48.0,1,1,1,1,1,1,1,1,False,1,1,0,1,1,0,hold,True
s05-r0-hold_trial-0.1,5,0,hold_trial-0.1,hold_trial,0.1,22,290.8879999999999,2,1000,1,100.0,1.0,48.0,2,1,2,1,1,1,1,1,False,1,1,0,0,0,0,hold,True
s05-r0-hold_trial-0.1,5,0,hold_trial-0.1,hold_trial,0.1,23,306.62800000000016,2,1000,1,100.0,1.0,48.0,2,1,2,1,2,1,2,1,False,1,1,0,1,1,0,hold,True
s05-r0-hold_trial-0.25,5,0,hold_trial-0.25,hold_trial,0.25,0,1.0,1,1000,1,250.0,1.0,48.0,1,1,1,1,1,1,1,1,False,1,1,0,1,1,0,hold,True
s05-r0-hold_trial-0.25,5,0,hold_trial-0.25,hold_trial,0.25,1,9.012000000000173,2,1000,1,250.0,1.0,48.0,1,1,2,1,2,1,2,1,False,0,1,1,1,1,0,hold,True
s05-r0-hold_trial-0.25,5,0,hold_trial-0.25,hold_trial,0.25,2,16.684000000000196,2,1000,1,250.0,1.0,48.0,1,1,2,1,2,1,2,1,False,0,1,1,1,1,0,hold,True
s05-r0-hold_trial-0.25,5,0,hold_trial-0.25,hold_trial,0.25,3,24.49200000000019,1,1000,1,250.0,1.0,48.0,1,1,1,1,1,1,1,1,False,1,1,0,1,1,0,hold,True
s05-r0-hold_trial-0.25,5,0,hold_trial-0.25,hold_trial,0.25,4,32.52399999999989,2,1000,1,250.0,1.0,48.0,2,1,2,1,1,1,2,1,False,1,1,0,0,1,1,hold,True
s05-r0-hold_trial-0.25,5,0,hold_trial-0.25,hold_trial,0.25,5,40.96799999999985,1,1000,1,250.0,1.0,48.0,2,1,2,1,1,1,1,1,False,0,0,0,1,1,0,hold,True
s05-r0-hold_trial-0.25,5,0,hold_trial-0.25,hold_trial,0.25,6,48.63599999999997,2,1000,1,250.0,1.0,48.0,2,1,2,1,1,1,1,1,False,1,1,0,0,0,0,hold,True
s05-r0-hold_trial-0.25,5,0,hold_trial-0.25,hold_trial,0.25,7,64.55999999999995,2,1000,1,250.0,1.0,48.0,1,1,1,1,2,1,2,1,False,0,0,0,1,1,0,hold,True
s05-r0-hold_trial-0.25,5,0,hold_trial-0.25,hold_trial,0.25,8,80.17599999999993,1,1000,1,250.0,1.0,48.0,1,1,2,1,1,1,1,1,False,1,0,1,1,1,0,hold,True
s05-r0-hold_trial-0.25,5,0,hold_trial-0.25,hold_trial,0.25,9,95.64399999999978,2,1000,1,250.0,1.0,48.0,1,1,2,1,1,1,1,1,False,0,1,1,0,0,0,hold,True
s05-r0-hold_trial-0.25,5,0,hold_trial-0.25,hold_trial,0.25,10,103.42000000000009,1,1000,1,250.0,1.0,48.0,2,1,2,1,1,1,2,1,False,0,0,0,1,0,1,hold,True
s05-r0-hold_trial-0.25,5,0,hold_trial-0.25,hold_trial,0.25,11,152.4720000000002,1,1000,1,250.0,1.0,48.0,2,1,1,1,1,1,2,1,False,0,1,1,1,0,1,hold,True
s05-r0-hold_trial-0.25,5,0,hold_trial-0.25,hold_trial,0.25,12,169.07200000000012,2,1000,1,250.0,1.0,48.0,1,1,2,1,2,1,2,1,False,0,1,1,1,1,0,hold,True
s05-r0-hold_trial-0.25,5,0,hold_trial-0.25,hold_trial,0.25,13,176.7199999999998,1,1000,1,250.0,1.0,48.0,2,1,2,1,1,1,1,1,False,0,0,0,1,1,0,hold,True
s05-r0-hold_trial-0.25,5,0,hold_trial-0.25,hold_trial,0.25,14,184.84400000000005,1,1000,1,250.0,1.0,48.0,2,1,2,1,2,1,2,1,False,0,0,0,0,0,0,hold,True
s05-r0-hold_trial-0.25,5,0,hold_trial-0.25,hold_trial,0.25,15,208.91600000000017,1,1000,1,250.0,1.0,48.0,2,1,2,1,1,1,1,1,False,0,0,0,1,1,0,hold,True
s05-r0-hold_trial-0.25,5,0,hold_trial-0.25,hold_trial,0.25,16,241.2199999999998,1,1000,1,250.0,1.0,48.0,1,1,2,1,1,1,2,1,False,1,0,1,1,0,1,hold,True
s05-r0-hold_trial-0.25,5,0,hold_trial-0.25,hold_trial,0.25,17,249.6480000000001,2,1000,1,250.0,1.0,48.0,1,1,2,1,1,1,1,1,False,0,1,1,0,0,0,hold,True
s05-r0-hold_trial-0.25,5,0,hold_trial-0.25,hold_trial,0.25,18,258.0160000000001,1,1000,1,250.0,1.0,48.0,1,1,1,1,1,1,1,1,False,1,1,0,1,1,0,hold,True
s05-r0-hold_trial-0.25,5,0,hold_trial-0.25,hold_trial,0.25,19,266.3800000000001,2,1000,1,250.0,1.0,48.0,1,1,1,1,2,1,2,1,False,0,0,0,1,1,0,hold,True
s05-r0-hold_trial-0.25,5,0,hold_trial-0.25,hold_trial,0.25,20,274.55200000000013,2,1000,1,250.0,1.0,48.0,1,1,2,1,2,1,2,1,False,0,1,1,1,1,0,hold,True
s05-r0-hold_trial-0.25,5,0,hold_trial-0.25,hold_trial,0.25,21,282.808,1,1000,1,250.0,1.0,48.0,1,1,1,1,1,1,1,1,False,1,1,0,1,1,0,hold,True
s05-r0-hold_trial-0.25,5,0,hold_trial-0.25,hold_trial,0.25,22,290.8879999999999,2,1000,1,250.0,1.0,48.0,1,1,2,1,1,1,1,1,False,0,1,1,0,0,0,hold,True
s05-r0-hold_trial-0.25,5,0,hold_trial-0.25,hold_trial,0.25,23,306.62800000000016,2,1000,1,250.0,1.0,48.0,2,1,2,1,1,1,2,1,False,1,1,0,0,1,1,hold,True
s05-r0-hold_trial-0.4,5,0,hold_trial-0.4,hold_trial,0.4,0,1.0,1,1000,1,400.0,1.0,48.0,1,1,1,1,1,1,1,1,False,1,1,0,1,1,0,hold,True
s05-r0-hold_trial-0.4,5,0,hold_trial-0.4,hold_trial,0.4,1,9.012000000000173,2,1000,1,400.0,1.0,48.0,1,1,2,1,2,1,2,1,False,0,1,1,1,1,0,hold,True
s05-r0-hold_trial-0.4,5,0,hold_trial-0.4,hold_trial,0.4,2,16.684000000000196,2,1000,1,400.0,1.0,48.0,1,1,2,1,2,1,2,1,False,0,1,1,1,1,0,hold,True
s05-r0-hold_trial-0.4,5,0,hold_trial-0.4,hold_trial,0.4,3,24.49200000000019,1,1000,1,400.0,1.0,48.0,1,1,1,1,1,1,1,1,False,1,1,0,1,1,0,hold,True
s05-r0-hold_trial-0.4,5,0,hold_trial-0.4,hold_trial,0.4,4,32.52399999999989,2,1000,1,400.0,1.0,48.0,2,1,2,1,1,1,2,1,False,1,1,0,0,1,1,hold,True
s05-r0-hold_trial-0.4,5,0,hold_trial-0.4,hold_trial,0.4,5,40.96799999999985,1,1000,1,400.0,1.0,48.0,1,1,2,1,1,1,1,1,False,1,0,1,1,1,0,hold,True
s05-r0-hold_trial-0.4,5,0,hold_trial-0.4,hold_trial,0.4,6,48.63599999999997,2,1000,1,400.0,1.0,48.0,1,1,2,1,2,1,1,1,False,0,1,1,1,0,1,hold,True
s05-r0-hold_trial-0.4,5,0,hold_trial-0.4,hold_trial,0.4,7,64.55999999999995,2,1000,1,400.0,1.0,48.0,1,1,1,1,1,1,2,1,False,0,0,0,0,1,1,hold,True
s05-r0-hold_trial-0.4,5,0,hold_trial-0.4,hold_trial,0.4,8,80.17599999999993,1,1000,1,400.0,1.0,48.0,1,1,2,1,1,1,1,1,False,1,0,1,1,1,0,hold,True
s05-r0-hold_trial-0.4,5,0,hold_trial-0.4,hold_trial,0.4,9,95.64399999999978,2,1000,1,400.0,1.0,48.0,1,1,2,1,1,1,1,1,False,0,1,1,0,0,0,hold,True
s05-r0-hold_trial-0.4,5,0,hold_trial-0.4,hold_trial,0.4,10,103.42000000000009,1,1000,1,400.0,1.0,48.0,1,1,2,1,1,1,2,1,False,1,0,1,1,0,1,hold,True
s05-r0-hold_trial-0.4,5,0,hold_trial-0.4,hold_trial,0.4,11,152.4720000000002,1,1000,1,400.0,1.0,48.0,1,1,1,1,2,1,2,1,False,1,1,0,0,0,0,hold,True
s05-r0-hold_trial-0.4,5,0,hold_trial-0.4,hold_trial,0.4,12,169.07200000000012,2,1000,1,400.0,1.0,48.0,1,1,2,1,2,1,2,1,False,0,1,1,1,1,0,hold,True
s05-r0-hold_trial-0.4,5,0,hold_trial-0.4,hold_trial,0.4,13,176.7199999999998,1,1000,1,400.0,1.0,48.0,1,1,2,1,1,1,1,1,False,1,0,1,1,1,0,hold,True
s05-r0-hold_trial-0.4,5,0,hold_trial-0.4,hold_trial,0.4,14,184.84400000000005,1,1000,1,400.0,1.0,48.0,2,1,2,1,1,1,2,1,False,0,0,0,1,0,1,hold,True
s05-r0-hold_trial-0.4,5,0,hold_trial-0.4,hold_trial,0.4,15,208.91600000000017,1,1000,1,400.0,1.0,48.0,2,1,2,1,1,1,1,1,False,0,0,0,1,1,0,hold,True
s05-r0-hold_trial-0.4,5,0,hold_trial-0.4,hold_trial,0.4,16,241.2199999999998,1,1000,1,400.0,1.0,48.0,1,1,2,1,2,1,2,1,False,1,0,1,0,0,0,hold,True
s05-r0-hold_trial-0.4,5,0,hold_trial-0.4,hold_trial,0.4,17,249.6480000000001,2,1000,1,400.0,1.0,48.0,1,1,2,1,1,1,1,1,False,0,1,1,0,0,0,hold,True
s05-r0-hold_trial-0.4,5,0,hold_trial-0.4,hold_trial,0.4,18,258.0160000000001,1,1000,1,400.0,1.0,48.0,1,1,1,1,1,1,1,1,False,1,1,0,1,1,0,hold,True
s05-r0-hold_trial-0.4,5,0,hold_trial-0.4,hold_trial,0.4,19,266.3800000000001,2,1000,1,400.0,1.0,48.0,1,1,1,1,1,1,2,1,False,0,0,0,0,1,1,hold,True
s05-r0-hold_trial-0.4,5,0,hold_trial-0.4,hold_trial,0.4,20,274.55200000000013,2,1000,1,400.0,1.0,48.0,1,1,2,1,1,1,2,1,False,0,1,1,0,1,1,hold,True
s05-r0-hold_trial-0.4,5,0,hold_trial-0.4,hold_trial,0.4,21,282.808,1,1000,1,400.0,1.0,48.0,1,1,1,1,1,1,1,1,False,1,1,0,1,1,0,hold,True
s05-r0-hold_trial-0.4,5,0,hold_trial-0.4,hold_trial,0.4,22,290.8879999999999,2,1000,1,400.0,1.0,48.0,1,1,2,1,1,1,1,1,False,0,1,1,0,0,0,hold,True
s05-r0-hold_trial-0.4,5,0,hold_trial-0.4,hold_trial,0.4,23,306.62800000000016,2,1000,1,400.0,1.0,48.0,2,1,2,1,2,1,2,1,False,1,1,0,1,1,0,hold,True
s05-r1-hold_trial-0.1,5,1,hold_trial-0.1,hold_trial,0.1,0,16.684000000000196,2,1000,1,100.0,1.0,48.0,2,1,2,1,1,1,2,1,False,1,1,0,0,1,1,hold,True
s05-r1-hold_trial-0.1,5,1,hold_trial-0.1,hold_trial,0.1,1,24.49200000000019,1,1000,1,100.0,1.0,48.0,1,1,1,1,1,1,1,1,False,1,1,0,1,1,0,hold,True
s05-r1-hold_trial-0.1,5,1,hold_trial-0.1,hold_trial,0.1,2,32.52400000000034,1,1000,1,100.0,1.0,48.0,2,1,2,1,1,1,1,1,False,0,0,0,1,1,0,hold,True
s05-r1-hold_trial-0.1,5,1,hold_trial-0.1,hold_trial,0.1,3,40.96799999999985,2,1000,1,100.0,1.0,48.0,1,1,2,1,2,1,2,1,False,0,1,1,1,1,0,hold,True
s05-r1-hold_trial-0.1,5,1,hold_trial-0.1,hold_trial,0.1,4,64.5600000000004,2,1000,1,100.0,1.0,48.0,1,1,1,1,1,1,1,1,False,0,0,0,0,0,0,hold,True
s05-r1-hold_trial-0.1,5,1,hold_trial-0.1,hold_trial,0.1,5,80.17600000000039,1,1000,1,100.0,1.0,48.0,1,1,1,1,1,1,1,1,False,1,1,0,1,1,0,hold,True
s05-r1-hold_trial-0.1,5,1,hold_trial-0.1,hold_trial,0.1,6,87.75600000000031,1,1000,1,100.0,1.0,48.0,1,1,2,1,1,1,1,1,False,1,0,1,1,1,0,hold,True
s05-r1-hold_trial-0.1,5,1,hold_trial-0.1,hold_trial,0.1,7,95.64400000000025,1,1000,1,100.0,1.0,48.0,1,1,1,1,1,1,1,1,False,1,1,0,1,1,0,hold,True
s05-r1-hold_trial-0.1,5,1,hold_trial-0.1,hold_trial,0.1,8,111.28799999999956,2,1000,1,100.0,1.0,48.0,2,1,2,1,1,1,1,1,False,1,1,0,0,0,0,hold,True
s05-r1-hold_trial-0.1,5,1,hold_trial-0.1,hold_trial,0.1,9,119.76800000000004,2,1000,1,100.0,1.0,48.0,2,1,2,1,1,1,1,1,False,1,1,0,0,0,0,hold,True
s05-r1-hold_trial-0.1,5,1,hold_trial-0.1,hold_trial,0.1,10,127.80000000000018,1,1000,1,100.0,1.0,48.0,1,1,1,1,2,1,2,1,False,1,1,0,0,0,0,hold,True
s05-r1-hold_trial-0.1,5,1,hold_trial-0.1,hold_trial,0.1,11,136.0640000000003,1,1000,1,100.0,1.0,48.0,2,1,2,1,1,1,1,1,False,0,0,0,1,1,0,hold,True
s05-r1-hold_trial-0.1,5,1,hold_trial-0.1,hold_trial,0.1,12,152.47199999999975,1,1000,1,100.0,1.0,48.0,2,1,2,1,2,1,2,1,False,0,0,0,0,0,0,hold,True
s05-r1-hold_trial-0.1,5,1,hold_trial-0.1,hold_trial,0.1,13,160.7520000000004,2,1000,1,100.0,1.0,48.0,2,1,2,1,1,1,1,1,False,1,1,0,0,0,0,hold,True
s05-r1-hold_trial-0.1,5,1,hold_trial-0.1,hold_trial,0.1,14,192.65599999999995,1,1000,1,100.0,1.0,48.0,2,1,1,1,2,1,2,1,False,0,1,1,0,0,0,hold,True
s05-r1-hold_trial-0.1,5,1,hold_trial-0.1,hold_trial,0.1,15,216.9319999999998,2,1000,1,100.0,1.0,48.0,2,1,2,1,2,1,2,1,False,1,1,0,1,1,0,hold,True
s05-r1-hold_trial-0.1,5,1,hold_trial-0.1,hold_trial,0.1,16,241.22000000000023,2,1000,1,100.0,1.0,48.0,1,1,1,1,1,1,2,1,False,0,0,0,0,1,1,hold,True
s05-r1-hold_trial-0.1,5,1,hold_trial-0.1,hold_trial,0.1,17,249.6480000000001,1,1000,1,100.0,1.0,48.0,2,1,2,1,2,1,2,1,False,0,0,0,0,0,0,hold,True
s05-r1-hold_trial-0.1,5,1,hold_trial-0.1,hold_trial,0.1,18,258.0159999999996,2,1000,1,100.0,1.0,48.0,2,1,2,1,2,1,2,1,False,1,1,0,1,1,0,hold,True
s05-r1-hold_trial-0.1,5,1,hold_trial-0.1,hold_trial,0.1,19,306.6279999999997,1,1000,1,100.0,1.0,48.0,2,1,2,1,2,1,2,1,False,0,0,0,0,0,0,hold,True
s05-r1-hold_trial-0.1,5,1,hold_trial-0.1,hold_trial,0.1,20,322.65200000000004,2,1000,1,100.0,1.0,48.0,2,1,2,1,2,1,2,1,False,1,1,0,1,1,0,hold,True
s05-r1-hold_trial-0.1,5,1,hold_trial-0.1,hold_trial,0.1,21,338.52400000000034,2,1000,1,100.0,1.0,48.0,2,1,2,1,1,1,2,1,False,1,1,0,0,1,1,hold,True
s05-r1-hold_trial-0.1,5,1,hold_trial-0.1,hold_trial,0.1,22,362.3360000000002,2,1000,1,100.0,1.0,48.0,1,1,1,1,2,1,2,1,False,0,0,0,1,1,0,hold,True
s05-r1-hold_trial-0.1,5,1,hold_trial-0.1,hold_trial,0.1,23,379.02800000000025,1,1000,1,100.0,1.0,48.0,2,1,2,1,2,1,2,1,False,0,0,0,0,0,0,hold,True
s05-r1-hold_trial-0.25,5,1,hold_trial-0.25,hold_trial,0.25,0,16.684000000000196,2,1000,1,250.0,1.0,48.0,2,1,2,1,2,1,2,1,False,1,1,0,1,1,0,hold,True
s05-r1-hold_trial-0.25,5,1,hold_trial-0.25,hold_trial,0.25,1,24.49200000000019,1,1000,1,250.0,1.0,48.0,1,1,1,1,1,1,1,1,False,1,1,0,1,1,0,hold,True
s05-r1-hold_trial-0.25,5,1,hold_trial-0.25,hold_trial,0.25,2,32.52400000000034,1,1000,1,250.0,1.0,48.0,2,1,2,1,1,1,1,1,False,0,0,0,1,1,0,hold,True
s05-r1-hold_trial-0.25,5,1,hold_trial-0.25,hold_trial,0.25,3,40.96799999999985,2,1000,1,250.0,1.0,48.0,1,1,2,1,2,1,2,1,False,0,1,1,1,1,0,hold,True
s05-r1-hold_trial-0.25,5,1,hold_trial-0.25,hold_trial,0.25,4,64.5600000000004,2,1000,1,250.0,1.0,48.0,1,1,1,1,1,1,1,1,False,0,0,0,0,0,0,hold,True
s05-r1-hold_trial-0.25,5,1,hold_trial-0.25,hold_trial,0.25,5,80.17600000000039,1,1000,1,250.0,1.0,48.0,1,1,1,1,1,1,1,1,False,1,1,0,1,1,0,hold,True
s05-r1-hold_trial-0.25,5,1,hold_trial-0.25,hold_trial,0.25,6,87.75600000000031,1,1000,1,250.0,1.0,48.0,1,1,2,1,1,1,1,1,False,1,0,1,1,1,0,hold,True
s05-r1-hold_trial-0.25,5,1,hold_trial-0.25,hold_trial,0.25,7,95.64400000000025,1,1000,1,250.0,1.0,48.0,1,1,1,1,1,1,1,1,False,1,1,0,1,1,0,hold,True
s05-r1-hold_trial-0.25,5,1,hold_trial-0.25,hold_trial,0.25,8,111.28799999999956,2,1000,1,250.0,1.0,48.0,2,1,2,1,1,1,1,1,False,1,1,0,0,0,0,hold,True
s05-r1-hold_trial-0.25,5,1,hold_trial-0.25,hold_trial,0.25,9,119.76800000000004,2,1000,1,250.0,1.0,48.0,2,1,2,1,1,1,1,1,False,1,1,0,0,0,0,hold,True
s05-r1-hold_trial-0.25,5,1,hold_trial-0.25,hold_trial,0.25,10,127.80000000000018,1,1000,1,250.0,1.0,48.0,1,1,1,1,1,1,2,1,False,1,1,0,1,0,1,hold,True
s05-r1-hold_trial-0.25,5,1,hold_trial-0.25,hold_trial,0.25,11,136.0640000000003,1,1000,1,250.0,1.0,48.0,2,1,2,1,1,1,1,1,False,0,0,0,1,1,0,hold,True
s05-r1-hold_trial-0.25,5,1,hold_trial-0.25,hold_trial,0.25,12,152.47199999999975,1,1000,1,250.0,1.0,48.0,2,1,2,1,2,1,2,1,False,0,0,0,0,0,0,hold,True
s05-r1-hold_trial-0.25,5,1,hold_trial-0.25,hold_trial,0.25,13,160.7520000000004,2,1000,1,250.0,1.0,48.0,1,1,2,1,1,1,1,1,False,0,1,1,0,0,0,hold,True
s05-r1-hold_trial-0.25,5,1,hold_trial-0.25,hold_trial,0.25,14,192.65599999999995,1,1000,1,250.0,1.0,48.0,1,1,1,1,1,1,2,1,False,1,1,0,1,0,1,hold,True
s05-r1-hold_trial-0.25,5,1,hold_trial-0.25,hold_trial,0.25,15,216.9319999999998,2,1000,1,250.0,1.0,48.0,1,1,2,1,2,1,2,1,False,0,1,1,1,1,0,hold,True
s05-r1-hold_trial-0.25,5,1,hold_trial-0.25,hold_trial,0.25,16,241.22000000000023,2,1000,1,250.0,1.0,48.0,1,1,1,1,1,1,2,1,False,0,0,0,0,1,1,hold,True
s05-r1-hold_trial-0.25,5,1,hold_trial-0.25,hold_trial,0.25,17,249.6480000000001,1,1000,1,250.0,1.0,48.0,2,1,2,1,2,1,2,1,False,0,0,0,0,0,0,hold,True
s05-r1-hold_trial-0.25,5,1,hold_trial-0.25,hold_trial,0.25,18,258.0159999999996,2,1000,1,250.0,1.0,48.0,2,1,2,1,2,1,2,1,False,1,1,0,1,1,0,hold,True
s05-r1-hold_trial-0.25,5,1,hold_trial-0.25,hold_trial,0.25,19,306.6279999999997,1,1000,1,250.0,1.0,48.0,1,1,2,1,2,1,2,1,False,1,0,1,0,0,0,hold,True
s05-r1-hold_trial-0.25,5,1,hold_trial-0.25,hold_trial,0.25,20,322.65200000000004,2,1000,1,250.0,1.0,48.0,2,1,2,1,1,1,2,1,False,1,1,0,0,1,1,hold,True
s05-r1-hold_trial-0.25,5,1,hold_trial-0.25,hold_trial,0.25,21,338.52400000000034,2,1000,1,250.0,1.0,48.0,1,1,2,1,1,1,2,1,False,0,1,1,0,1,1,hold,True
s05-r1-hold_trial-0.25,5,1,hold_trial-0.25,hold_trial,0.25,22,362.3360000000002,2,1000,1,250.0,1.0,48.0,1,1,1,1,1,1,2,1,False,0,0,0,0,1,1,hold,True
s05-r1-hold_trial-0.25,5,1,hold_trial-0.25,hold_trial,0.25,23,379.02800000000025,1,1000,1,250.0,1.0,48.0,2,1,2,1,1,1,2,1,False,0,0,0,1,0,1,hold,True
s05-r1-hold_trial-0.4,5,1,hold_trial-0.4,hold_trial,0.4,0,16.684000000000196,2,1000,1,400.0,1.0,48.0,1,1,2,1,1,1,2,1,False,0,1,1,0,1,1,hold,True
s05-r1-hold_trial-0.4,5,1,hold_trial-0.4,hold_trial,0.4,1,24.49200000000019,1,1000,1,400.0,1.0,48.0,1,1,1,1,1,1,1,1,False,1,1,0,1,1,0,hold,True
s05-r1-hold_trial-0.4,5,1,hold_trial-0.4,hold_trial,0.4,2,32.52400000000034,1,1000,1,400.0,1.0,48.0,2,1,2,1,1,1,1,1,False,0,0,0,1,1,0,hold,True
s05-r1-hold_trial-0.4,5,1,hold_trial-0.4,hold_trial,0.4,3,40.96799999999985,2,1000,1,400.0,1.0,48.0,1,1,2,1,2,1,2,1,False,0,1,1,1,1,0,hold,True
s05-r1-hold_trial-0.4,5,1,hold_trial-0.4,hold_trial,0.4,4,64.5600000000004,2,1000,1,400.0,1.0,48.0,1,1,1,1,1,1,1,1,False,0,0,0,0,0,0,hold,True
s05-r1-hold_trial-0.4,5,1,hold_trial-0.4,hold_trial,0.4,5,80.17600000000039,1,1000,1,400.0,1.0,48.0,1,1,1,1,1,1,1,1,False,1,1,0,1,1,0,hold,True
s05-r1-hold_trial-0.4,5,1,hold_trial-0.4,hold_trial,0.4,6,87.75600000000031,1,1000,1,400.0,1.0,48.0,1,1,2,1,1,1,1,1,False,1,0,1,1,1,0,hold,True
s05-r1-hold_trial-0.4,5,1,hold_trial-0.4,hold_trial,0.4,7,95.64400000000025,1,1000,1,400.0,1.0,48.0,1,1,1,1,1,1,1,1,False,1,1,0,1,1,0,hold,True
s05-r1-hold_trial-0.4,5,1,hold_trial-0.4,hold_trial,0.4,8,111.28799999999956,2,1000,1,400.0,1.0,48.0,2,1,2,1,2,1,1,1,False,1,1,0,1,0,1,hold,True
s05-r1-hold_trial-0.4,5,1,hold_trial-0.4,hold_trial,0.4,9,119.76800000000004,2,1000,1,400.0,1.0,48.0,1,1,2,1,1,1,1,1,False,0,1,1,0,0,0,hold,True
s05-r1-hold_trial-0.4,5,1,hold_trial-0.4,hold_trial,0.4,10,127.80000000000018,1,1000,1,400.0,1.0,48.0,1,1,1,1,2,1,2,1,False,1,1,0,0,0,0,hold,True
s05-r1-hold_trial-0.4,5,1,hold_trial-0.4,hold_trial,0.4,11,136.0640000000003,1,1000,1,400.0,1.0,48.0,1,1,2,1,1,1,1,1,False,1,0,1,1,1,0,hold,True
s05-r1-hold_trial-0.4,5,1,hold_trial-0.4,hold_trial,0.4,12,152.47199999999975,1,1000,1,400.0,1.0,48.0,2,1,2,1,1,1,2,1,False,0,0,0,1,0,1,hold,True
s05-r1-hold_trial-0.4,5,1,hold_trial-0.4,hold_trial,0.4,13,160.7520000000004,2,1000,1,400.0,1.0,48.0,1,1,2,1,1,1,1,1,False,0,1,1,0,0,0,hold,True
s05-r1-hold_trial-0.4,5,1,hold_trial-0.4,hold_trial,0.4,14,192.65599999999995,1,1000,1,400.0,1.0,48.0,1,1,1,1,1,1,2,1,False,1,1,0,1,0,1,hold,True
s05-r1-hold_trial-0.4,5,1,hold_trial-0.4,hold_trial,0.4,15,216.9319999999998,2,1000,1,400.0,1.0,48.0,1,1,2,1,2,1,2,1,False,0,1,1,1,1,0,hold,True
s05-r1-hold_trial-0.4,5,1,hold_trial-0.4,hold_trial,0.4,16,241.22000000000023,2,1000,1,400.0,1.0,48.0,1,1,1,1,1,1,2,1,False,0,0,0,0,1,1,hold,True
s05-r1-hold_trial-0.4,5,1,hold_trial-0.4,hold_trial,0.4,17,249.6480000000001,1,1000,1,400.0,1.0,48.0,1,1,2,1,1,1,2,1,False,1,0,1,1,0,1,hold,True
s05-r1-hold_trial-0.4,5,1,hold_trial-0.4,hold_trial,0.4,18,258.0159999999996,2,1000,1,400.0,1.0,48.0,1,1,2,1,2,1,2,1,False,0,1,1,1,1,0,hold,True
s05-r1-hold_trial-0.4,5,1,hold_trial-0.4,hold_trial,0.4,19,306.6279999999997,1,1000,1,400.0,1.0,48.0,1,1,2,1,1,1,2,1,False,1,0,1,1,0,1,hold,True
s05-r1-hold_trial-0.4,5,1,hold_trial-0.4,hold_trial,0.4,20,322.65200000000004,2,1000,1,400.0,1.0,48.0,2,1,2,1,1,1,2,1,False,1,1,0,0,1,1,hold,True
s05-r1-hold_trial-0.4,5,1,hold_trial-0.4,hold_trial,0.4,21,338.52400000000034,2,1000,1,400.0,1.0,48.0,1,1,2,1,2,1,2,1,False,0,1,1,1,1,0,hold,True
s05-r1-hold_trial-0.4,5,1,hold_trial-0.4,hold_trial,0.4,22,362.3360000000002,2,1000,1,400.0,1.0,48.0,1,1,1,1,1,1,2,1,False,0,0,0,0,1,1,hold,True
s05-r1-hold_trial-0.4,5,1,hold_trial-0.4,hold_trial,0.4,23,379.02800000000025,1,1000,1,400.0,1.0,48.0,1,1,2,1,1,1,2,1,False,1,0,1,1,0,1,hold,True
s05-r2-hold_trial-0.1,5,2,hold_trial-0.1,hold_trial,0.1,0,1.0,1,1000,1,100.0,1.0,48.0,2,1,1,1,2,1,2,1,False,0,1,1,0,0,0,hold,True
s05-r2-hold_trial-0.1,5,2,hold_trial-0.1,hold_trial,0.1,1,9.011999999999716,1,1000,1,100.0,1.0,48.0,1,1,1,1,1,1,1,1,False,1,1,0,1,1,0,hold,True
s05-r2-hold_trial-0.1,5,2,hold_trial-0.1,hold_trial,0.1,2,24.49200000000019,2,1000,1,100.0,1.0,48.0,2,1,2,1,1,1,1,1,False,1,1,0,0,0,0,hold,True
s05-r2-hold_trial-0.1,5,2,hold_trial-0.1,hold_trial,0.1,3,32.52400000000034,1,1000,1,100.0,1.0,48.0,2,1,2,1,2,1,2,1,False,0,0,0,0,0,0,hold,True
s05-r2-hold_trial-0.1,5,2,hold_trial-0.1,hold_trial,0.1,4,48.63600000000042,1,1000,1,100.0,1.0,48.0,2,1,2,1,2,1,2,1,False,0,0,0,0,0,0,hold,True
s05-r2-hold_trial-0.1,5,2,hold_trial-0.1,hold_trial,0.1,5,64.5600000000004,2,1000,1,100.0,1.0,48.0,2,1,2,1,1,1,1,1,False,1,1,0,0,0,0,hold,True
s05-r2-hold_trial-0.1,5,2,hold_trial-0.1,hold_trial,0.1,6,80.17600000000039,1,1000,1,100.0,1.0,48.0,1,1,1,1,1,1,1,1,False,1,1,0,1,1,0,hold,True
s05-r2-hold_trial-0.1,5,2,hold_trial-0.1,hold_trial,0.1,7,103.42000000000009,1,1000,1,100.0,1.0,48.0,2,1,2,1,1,1,1,1,False,0,0,0,1,1,0,hold,True
s05-r2-hold_trial-0.1,5,2,hold_trial-0.1,hold_trial,0.1,8,119.76800000000004,2,1000,1,100.0,1.0,48.0,2,1,2,1,2,1,2,1,False,1,1,0,1,1,0,hold,True
s05-r2-hold_trial-0.1,5,2,hold_trial-0.1,hold_trial,0.1,9,160.7520000000004,1,1000,1,100.0,1.0,48.0,2,1,2,1,2,1,2,1,False,0,0,0,0,0,0,hold,True
s05-r2-hold_trial-0.1,5,2,hold_trial-0.1,hold_trial,0.1,10,176.72000000000023,2,1000,1,100.0,1.0,48.0,1,1,2,1,1,1,1,1,False,0,1,1,0,0,0,hold,True
s05-r2-hold_trial-0.1,5,2,hold_trial-0.1,hold_trial,0.1,11,192.65599999999995,2,1000,1,100.0,1.0,48.0,2,1,2,1,2,1,2,1,False,1,1,0,1,1,0,hold,True
s05-r2-hold_trial-0.1,5,2,hold_trial-0.1,hold_trial,0.1,12,200.5,1,1000,1,100.0,1.0,48.0,2,1,2,1,2,1,2,1,False,0,0,0,0,0,0,hold,True
s05-r2-hold_trial-0.1,5,2,hold_trial-0.1,hold_trial,0.1,13,216.9319999999998,2,1000,1,100.0,1.0,48.0,2,1,2,1,2,1,2,1,False,1,1,0,1,1,0,hold,True
s05-r2-hold_trial-0.1,5,2,hold_trial-0.1,hold_trial,0.1,14,224.83200000000036,1,1000,1,100.0,1.0,48.0,2,1,2,1,2,1,1,1,False,0,0,0,0,1,1,hold,True
s05-r2-hold_trial-0.1,5,2,hold_trial-0.1,hold_trial,0.1,15,249.6480000000001,1,1000,1,100.0,1.0,48.0,2,1,2,1,1,1,1,1,False,0,0,0,1,1,0,hold,True
s05-r2-hold_trial-0.1,5,2,hold_trial-0.1,hold_trial,0.1,16,282.808,2,1000,1,100.0,1.0,48.0,1,1,2,1,1,1,1,1,False,0,1,1,0,0,0,hold,True
s05-r2-hold_trial-0.1,5,2,hold_trial-0.1,hold_trial,0.1,17,290.8879999999999,1,1000,1,100.0,1.0,48.0,2,1,2,1,1,1,1,1,False,0,0,0,1,1,0,hold,True
s05-r2-hold_trial-0.1,5,2,hold_trial-0.1,hold_trial,0.1,18,298.77599999999984,2,1000,1,100.0,1.0,48.0,2,1,2,1,2,1,2,1,False,1,1,0,1,1,0,hold,True
s05-r2-hold_trial-0.1,5,2,hold_trial-0.1,hold_trial,0.1,19,314.32800000000043,2,1000,1,100.0,1.0,48.0,2,1,2,1,2,1,2,1,False,1,1,0,1,1,0,hold,True
s05-r2-hold_trial-0.1,5,2,hold_trial-0.1,hold_trial,0.1,20,338.52400000000034,2,1000,1,100.0,1.0,48.0,2,1,2,1,1,1,1,1,False,1,1,0,0,0,0,hold,True
s05-r2-hold_trial-0.1,5,2,hold_trial-0.1,hold_trial,0.1,21,347.0000000000009,2,1000,1,100.0,1.0,48.0,2,1,2,1,1,1,1,1,False,1,1,0,0,0,0,hold,True
s05-r2-hold_trial-0.1,5,2,hold_trial-0.1,hold_trial,0.1,22,354.6240000000007,2,1000,1,100.0,1.0,48.0,2,1,2,1,2,1,2,1,False,1,1,0,1,1,0,hold,True
s05-r2-hold_trial-0.1,5,2,hold_trial-0.1,hold_trial,0.1,23,379.02799999999934,1,1000,1,100.0,1.0,48.0,2,1,2,1,1,1,1,1,False,0,0,0,1,1,0,hold,True
s05-r2-hold_trial-0.25,5,2,hold_trial-0.25,hold_trial,0.25,0,1.0,1,1000,1,250.0,1.0,48.0,1,1,1,1,2,1,2,1,False,1,1,0,0,0,0,hold,True
s05-r2-hold_trial-0.25,5,2,hold_trial-0.25,hold_trial,0.25,1,9.011999999999716,1,1000,1,250.0,1.0,48.0,1,1,1,1,1,1,1,1,False,1,1,0,1,1,0,hold,True
s05-r2-hold_trial-0.25,5,2,hold_trial-0.25,hold_trial,0.25,2,24.49200000000019,2,1000,1,250.0,1.0,48.0,2,1,2,1,1,1,1,1,False,1,1,0,0,0,0,hold,True
s05-r2-hold_trial-0.25,5,2,hold_trial-0.25,hold_trial,0.25,3,32.52400000000034,1,1000,1,250.0,1.0,48.0,2,1,2,1,2,1,2,1,False,0,0,0,0,0,0,hold,True
s05-r2-hold_trial-0.25,5,2,hold_trial-0.25,hold_trial,0.25,4,48.63600000000042,1,1000,1,250.0,1.0,48.0,1,1,2,1,1,1,2,1,False,1,0,1,1,0,1,hold,True
s05-r2-hold_trial-0.25,5,2,hold_trial-0.25,hold_trial,0.25,5,64.5600000000004,2,1000,1,250.0,1.0,48.0,2,1,2,1,1,1,1,1,False,1,1,0,0,0,0,hold,True
s05-r2-hold_trial-0.25,5,2,hold_trial-0.25,hold_trial,0.25,6,80.17600000000039,1,1000,1,250.0,1.0,48.0,1,1,1,1,1,1,1,1,False,1,1,0,1,1,0,hold,True
s05-r2-hold_trial-0.25,5,2,hold_trial-0.25,hold_trial,0.25,7,103.42000000000009,1,1000,1,250.0,1.0,48.0,2,1,2,1,1,1,1,1,False,0,0,0,1,1,0,hold,True
s05-r2-hold_trial-0.25,5,2,hold_trial-0.25,hold_trial,0.25,8,119.76800000000004,2,1000,1,250.0,1.0,48.0,2,1,2,1,2,1,2,1,False,1,1,0,1,1,0,hold,True
s05-r2-hold_trial-0.25,5,2,hold_trial-0.25,hold_trial,0.25,9,160.7520000000004,1,1000,1,250.0,1.0,48.0,1,1,2,1,1,1,2,1,False,1,0,1,1,0,1,hold,True
s05-r2-hold_trial-0.25,5,2,hold_trial-0.25,hold_trial,0.25,10,176.72000000000023,2,1000,1,250.0,1.0,48.0,1,1,2,1,1,1,1,1,False,0,1,1,0,0,0,hold,True
s05-r2-hold_trial-0.25,5,2,hold_trial-0.25,hold_trial,0.25,11,192.65599999999995,2,1000,1,250.0,1.0,48.0,2,1,2,1,1,1,2,1,False,1,1,0,0,1,1,hold,True
s05-r2-hold_trial-0.25,5,2,hold_trial-0.25,hold_trial,0.25,12,200.5,1,1000,1,250.0,1.0,48.0,2,1,2,1,1,1,2,1,False,0,0,0,1,0,1,hold,True
s05-r2-hold_trial-0.25,5,2,hold_trial-0.25,hold_trial,0.25,13,216.9319999999998,2,1000,1,250.0,1.0,48.0,2,1,2,1,2,1,2,1,False,1,1,0,1,1,0,hold,True
s05-r2-hold_trial-0.25,5,2,hold_trial-0.25,hold_trial,0.25,14,224.83200000000036,1,1000,1,250.0,1.0,48.0,2,1,2,1,1,1,1,1,False,0,0,0,1,1,0,hold,True
s05-r2-hold_trial-0.25,5,2,hold_trial-0.25,hold_trial,0.25,15,249.6480000000001,1,1000,1,250.0,1.0,48.0,1,1,2,1,1,1,1,1,False,1,0,1,1,1,0,hold,True
s05-r2-hold_trial-0.25,5,2,hold_trial-0.25,hold_trial,0.25,16,282.808,2,1000,1,250.0,1.0,48.0,1,1,2,1,2,1,1,1,False,0,1,1,1,0,1,hold,True
s05-r2-hold_trial-0.25,5,2,hold_trial-0.25,hold_trial,0.25,17,290.8879999999999,1,1000,1,250.0,1.0,48.0,2,1,2,1,1,1,1,1,False,0,0,0,1,1,0,hold,True
s05-r2-hold_trial-0.25,5,2,hold_trial-0.25,hold_trial,0.25,18,298.77599999999984,2,1001,1,250.0,1.0,48.0,1,1,2,1,1,1,2,1,False,0,1,1,0,1,1,hold,True
s05-r2-hold_trial-0.25,5,2,hold_trial-0.25,hold_trial,0.25,19,314.32800000000043,2,1000,1,250.0,1.0,48.0,1,1,2,1,1,1,2,1,False,0,1,1,0,1,1,hold,True
s05-r2-hold_trial-0.25,5,2,hold_trial-0.25,hold_trial,0.25,20,338.52400000000034,2,1000,1,250.0,1.0,48.0,2,1,2,1,1,1,1,1,False,1,1,0,0,0,0,hold,True
s05-r2-hold_trial-0.25,5,2,hold_trial-0.25,hold_trial,0.25,21,346.9999999999991,2,1000,1,250.0,1.0,48.0,2,1,2,1,1,1,1,1,False,1,1,0,0,0,0,hold,True
s05-r2-hold_trial-0.25,5,2,hold_trial-0.25,hold_trial,0.25,22,354.6240000000007,2,1000,1,250.0,1.0,48.0,1,1,2,1,2,1,2,1,False,0,1,1,1,1,0,hold,True
s05-r2-hold_trial-0.25,5,2,hold_trial-0.25,hold_trial,0.25,23,379.02799999999934,1,1000,1,250.0,1.0,48.0,2,1,2,1,1,1,1,1,False,0,0,0,1,1,0,hold,True
s05-r2-hold_trial-0.4,5,2,hold_trial-0.4,hold_trial,0.4,0,1.0,1,1000,1,400.0,1.0,48.0,1,1,1,1,2,1,2,1,False,1,1,0,0,0,0,hold,True
s05-r2-hold_trial-0.4,5,2,hold_trial-0.4,hold_trial,0.4,1,9.011999999999716,1,1000,1,400.0,1.0,48.0,1,1,1,1,1,1,1,1,False,1,1,0,1,1,0,hold,True
s05-r2-hold_trial-0.4,5,2,hold_trial-0.4,hold_trial,0.4,2,24.49200000000019,2,1000,1,400.0,1.0,48.0,1,1,2,1,1,1,1,1,False,0,1,1,0,0,0,hold,True
s05-r2-hold_trial-0.4,5,2,hold_trial-0.4,hold_trial,0.4,3,32.52400000000034,1,1000,1,400.0,1.0,48.0,2,1,2,1,1,1,2,1,False,0,0,0,1,0,1,hold,True
s05-r2-hold_trial-0.4,5,2,hold_trial-0.4,hold_trial,0.4,4,48.63600000000042,1,1000,1,400.0,1.0,48.0,1,1,2,1,2,1,2,1,False,1,0,1,0,0,0,hold,True
s05-r2-hold_trial-0.4,5,2,hold_trial-0.4,hold_trial,0.4,5,64.5600000000004,2,1000,1,400.0,1.0,48.0,1,1,2,1,1,1,1,1,False,0,1,1,0,0,0,hold,True
s05-r2-hold_trial-0.4,5,2,hold_trial-0.4,hold_trial,0.4,6,80.17600000000039,1,1000,1,400.0,1.0,48.0,1,1,1,1,1,1,1,1,False,1,1,0,1,1,0,hold,True
s05-r2-hold_trial-0.4,5,2,hold_trial-0.4,hold_trial,0.4,7,103.42000000000009,1,1000,1,400.0,1.0,48.0,1,1,2,1,1,1,1,1,False,1,0,1,1,1,0,hold,True
s05-r2-hold_trial-0.4,5,2,hold_trial-0.4,hold_trial,0.4,8,119.76800000000004,2,1000,1,400.0,1.0,48.0,2,1,2,1,2,1,2,1,False,1,1,0,1,1,0,hold,True
s05-r2-hold_trial-0.4,5,2,hold_trial-0.4,hold_trial,0.4,9,160.7520000000004,1,1000,1,400.0,1.0,48.0,1,1,2,1,1,1,2,1,False,1,0,1,1,0,1,hold,True
s05-r2-hold_trial-0.4,5,2,hold_trial-0.4,hold_trial,0.4,10,176.72000000000023,2,1000,1,400.0,1.0,48.0,1,1,2,1,1,1,1,1,False,0,1,1,0,0,0,hold,True
s05-r2-hold_trial-0.4,5,2,hold_trial-0.4,hold_trial,0.4,11,192.65599999999995,2,1000,1,400.0,1.0,48.0,1,1,2,1,1,1,2,1,False,0,1,1,0,1,1,hold,True
s05-r2-hold_trial-0.4,5,2,hold_trial-0.4,hold_trial,0.4,12,200.5,1,1000,1,400.0,1.0,48.0,1,1,2,1,2,1,2,1,False,1,0,1,0,0,0,hold,True
s05-r2-hold_trial-0.4,5,2,hold_trial-0.4,hold_trial,0.4,13,216.9319999999998,2,1000,1,400.0,1.0,48.0,1,1,2,1,2,1,2,1,False,0,1,1,1,1,0,hold,True
s05-r2-hold_trial-0.4,5,2,hold_trial-0.4,hold_trial,0.4,14,224.83200000000036,1,1000,1,400.0,1.0,48.0,2,1,2,1,1,1,1,1,False,0,0,0,1,1,0,hold,True
s05-r2-hold_trial-0.4,5,2,hold_trial-0.4,hold_trial,0.4,15,249.6480000000001,1,1000,1,400.0,1.0,48.0,1,1,2,1,1,1,1,1,False,1,0,1,1,1,0,hold,True
s05-r2-hold_trial-0.4,5,2,hold_trial-0.4,hold_trial,0.4,16,282.808,2,1000,1,400.0,1.0,48.0,1,1,2,1,1,1,1,1,False,0,1,1,0,0,0,hold,True
s05-r2-hold_trial-0.4,5,2,hold_trial-0.4,hold_trial,0.4,17,290.8879999999999,1,1000,1,400.0,1.0,48.0,1,1,2,1,1,1,1,1,False,1,0,1,1,1,0,hold,True
s05-r2-hold_trial-0.4,5,2,hold_trial-0.4,hold_trial,0.4,18,298.77599999999984,2,1001,1,400.0,1.0,48.0,1,1,2,1,1,1,2,1,False,0,1,1,0,1,1,hold,True
s05-r2-hold_trial-0.4,5,2,hold_trial-0.4,hold_trial,0.4,19,314.32800000000043,2,1000,1,400.0,1.0,48.0,1,1,2,1,1,1,2,1,False,0,1,1,0,1,1,hold,True
s05-r2-hold_trial-0.4,5,2,hold_trial-0.4,hold_trial,0.4,20,338.52400000000034,2,1000,1,400.0,1.0,48.0,2,1,2,1,1,1,1,1,False,1,1,0,0,0,0,hold,True
s05-r2-hold_trial-0.4,5,2,hold_trial-0.4,hold_trial,0.4,21,346.9999999999991,2,1000,1,400.0,1.0,48.0,1,1,2,1,1,1,1,1,False,0,1,1,0,0,0,hold,True
s05-r2-hold_trial-0.4,5,2,hold_trial-0.4,hold_trial,0.4,22,354.6240000000007,2,1000,1,400.0,1.0,48.0,1,1,2,1,1,1,2,1,False,0,1,1,0,1,1,hold,True
s05-r2-hold_trial-0.4,5,2,hold_trial-0.4,hold_trial,0.4,23,379.02799999999934,1,1000,1,400.0,1.0,48.0,2,1,2,1,1,1,1,1,False,0,0,0,1,1,0,hold,True
s05-r3-hold_trial-0.1,5,3,hold_trial-0.1,hold_trial,0.1,0,1.0,2,1000,1,100.0,1.0,48.0,1,1,2,1,2,1,2,1,False,0,1,1,1,1,0,hold,True
s05-r3-hold_trial-0.1,5,3,hold_trial-0.1,hold_trial,0.1,1,16.683999999999287,1,1000,1,100.0,1.0,48.0,1,1,1,1,2,1,2,1,False,1,1,0,0,0,0,hold,True
s05-r3-hold_trial-0.1,5,3,hold_trial-0.1,hold_trial,0.1,2,48.63600000000042,1,1000,1,100.0,1.0,48.0,2,1,2,1,1,1,1,1,False,0,0,0,1,1,0,hold,True
s05-r3-hold_trial-0.1,5,3,hold_trial-0.1,hold_trial,0.1,3,56.83599999999933,1,1000,1,100.0,1.0,48.0,2,1,2,1,2,1,2,1,False,0,0,0,0,0,0,hold,True
s05-r3-hold_trial-0.1,5,3,hold_trial-0.1,hold_trial,0.1,4,72.55199999999968,2,1000,1,100.0,1.0,48.0,2,1,2,1,1,1,1,1,False,1,1,0,0,0,0,hold,True
s05-r3-hold_trial-0.1,5,3,hold_trial-0.1,hold_trial,0.1,5,103.42000000000009,2,1000,1,100.0,1.0,48.0,2,1,2,1,1,1,1,1,False,1,1,0,0,0,0,hold,True
s05-r3-hold_trial-0.1,5,3,hold_trial-0.1,hold_trial,0.1,6,111.28800000000048,1,1000,1,100.0,1.0,48.0,2,1,2,1,1,1,1,1,False,0,0,0,1,1,0,hold,True
s05-r3-hold_trial-0.1,5,3,hold_trial-0.1,hold_trial,0.1,7,127.79999999999929,2,1000,1,100.0,1.0,48.0,2,1,2,1,1,1,2,1,False,1,1,0,0,1,1,hold,True
s05-r3-hold_trial-0.1,5,3,hold_trial-0.1,hold_trial,0.1,8,144.20800000000054,1,1000,1,100.0,1.0,48.0,2,1,2,1,1,1,1,1,False,0,0,0,1,1,0,hold,True
s05-r3-hold_trial-0.1,5,3,hold_trial-0.1,hold_trial,0.1,9,169.07200000000012,2,1000,1,100.0,1.0,48.0,2,1,2,1,1,1,2,1,False,1,1,0,0,1,1,hold,True
s05-r3-hold_trial-0.1,5,3,hold_trial-0.1,hold_trial,0.1,10,192.6560000000009,1,1000,1,100.0,1.0,48.0,1,1,1,1,1,1,1,1,False,1,1,0,1,1,0,hold,True
s05-r3-hold_trial-0.1,5,3,hold_trial-0.1,hold_trial,0.1,11,200.5,2,1000,1,100.0,1.0,48.0,2,1,2,1,1,1,1,1,False,1,1,0,0,0,0,hold,True
s05-r3-hold_trial-0.1,5,3,hold_trial-0.1,hold_trial,0.1,12,208.9159999999993,2,1000,1,100.0,1.0,48.0,2,1,2,1,1,1,1,1,False,1,1,0,0,0,0,hold,True
s05-r3-hold_trial-0.1,5,3,hold_trial-0.1,hold_trial,0.1,13,232.9359999999997,2,1000,1,100.0,1.0,48.0,2,1,2,1,2,1,2,1,False,1,1,0,1,1,0,hold,True
s05-r3-hold_trial-0.1,5,3,hold_trial-0.1,hold_trial,0.1,14,241.21999999999932,1,1000,1,100.0,1.0,48.0,2,1,1,1,1,1,2,1,False,0,1,1,1,0,1,hold,True
s05-r3-hold_trial-0.1,5,3,hold_trial-0.1,hold_trial,0.1,15,249.64799999999923,1,1000,1,100.0,1.0,48.0,2,1,2,1,1,1,2,1,False,0,0,0,1,0,1,hold,True
s05-r3-hold_trial-0.1,5,3,hold_trial-0.1,hold_trial,0.1,16,266.3799999999992,2,1000,1,100.0,1.0,48.0,2,1,2,1,2,1,2,1,False,1,1,0,1,1,0,hold,True
s05-r3-hold_trial-0.1,5,3,hold_trial-0.1,hold_trial,0.1,17,274.5519999999997,1,1000,1,100.0,1.0,48.0,2,1,2,1,2,1,2,1,False,0,0,0,0,0,0,hold,True
s05-r3-hold_trial-0.1,5,3,hold_trial-0.1,hold_trial,0.1,18,290.88800000000083,2,1000,1,100.0,1.0,48.0,2,1,1,1,2,1,2,1,False,1,0,1,1,1,0,hold,True
s05-r3-hold_trial-0.1,5,3,hold_trial-0.1,hold_trial,0.1,19,298.77599999999984,2,1000,1,100.0,1.0,48.0,2,1,2,1,2,1,2,1,False,1,1,0,1,1,0,hold,True
s05-r3-hold_trial-0.1,5,3,hold_trial-0.1,hold_trial,0.1,20,314.3279999999995,1,1000,1,100.0,1.0,48.0,2,1,2,1,2,1,2,1,False,0,0,0,0,0,0,hold,True
s05-r3-hold_trial-0.1,5,3,hold_trial-0.1,hold_trial,0.1,21,362.3359999999993,1,1000,1,100.0,1.0,48.0,1,1,1,1,2,1,2,1,False,1,1,0,0,0,0,hold,True
s05-r3-hold_trial-0.1,5,3,hold_trial-0.1,hold_trial,0.1,22,370.79199999999946,2,1000,1,100.0,1.0,48.0,2,1,2,1,2,1,2,1,False,1,1,0,1,1,0,hold,True
s05-r3-hold_trial-0.1,5,3,hold_trial-0.1,hold_trial,0.1,23,379.02800000000025,1,1000,1,100.0,1.0,48.0,2,1,2,1,1,1,1,1,False,0,0,0,1,1,0,hold,True
s05-r3-hold_trial-0.25,5,3,hold_trial-0.25,hold_trial,0.25,0,1.0,2,1000,1,250.0,1.0,48.0,1,1,2,1,1,1,2,1,False,0,1,1,0,1,1,hold,True
s05-r3-hold_trial-0.25,5,3,hold_trial-0.25,hold_trial,0.25,1,16.683999999999287,1,1000,1,250.0,1.0,48.0,1,1,1,1,2,1,2,1,False,1,1,0,0,0,0,hold,True
s05-r3-hold_trial-0.25,5,3,hold_trial-0.25,hold_trial,0.25,2,48.63600000000042,1,1000,1,250.0,1.0,48.0,1,1,2,1,1,1,1,1,False,1,0,1,1,1,0,hold,True
s05-r3-hold_trial-0.25,5,3,hold_trial-0.25,hold_trial,0.25,3,56.83599999999933,1,1000,1,250.0,1.0,48.0,1,1,2,1,2,1,2,1,False,1,0,1,0,0,0,hold,True
s05-r3-hold_trial-0.25,5,3,hold_trial-0.25,hold_trial,0.25,4,72.55199999999968,2,1000,1,250.0,1.0,48.0,1,1,2,1,1,1,1,1,False,0,1,1,0,0,0,hold,True
s05-r3-hold_trial-0.25,5,3,hold_trial-0.25,hold_trial,0.25,5,103.42000000000009,2,1000,1,250.0,1.0,48.0,1,1,2,1,1,1,1,1,False,0,1,1,0,0,0,hold,True
s05-r3-hold_trial-0.25,5,3,hold_trial-0.25,hold_trial,0.25,6,111.28800000000048,1,1000,1,250.0,1.0,48.0,2,1,2,1,1,1,1,1,False,0,0,0,1,1,0,hold,True
s05-r3-hold_trial-0.25,5,3,hold_trial-0.25,hold_trial,0.25,7,127.79999999999929,2,1000,1,250.0,1.0,48.0,2,1,2,1,1,1,2,1,False,1,1,0,0,1,1,hold,True
s05-r3-hold_trial-0.25,5,3,hold_trial-0.25,hold_trial,0.25,8,144.20800000000054,1,1000,1,250.0,1.0,48.0,1,1,2,1,1,1,1,1,False,1,0,1,1,1,0,hold,True
s05-r3-hold_trial-0.25,5,3,hold_trial-0.25,hold_trial,0.25,9,169.07200000000012,2,1000,1,250.0,1.0,48.0,1,1,2,1,1,1,2,1,False,0,1,1,0,1,1,hold,True
s05-r3-hold_trial-0.25,5,3,hold_trial-0.25,hold_trial,0.25,10,192.6560000000009,1,1000,1,250.0,1.0,48.0,1,1,1,1,1,1,1,1,False,1,1,0,1,1,0,hold,True
s05-r3-hold_trial-0.25,5,3,hold_trial-0.25,hold_trial,0.25,11,200.5,2,1000,1,250.0,1.0,48.0,1,1,2,1,1,1,1,1,False,0,1,1,0,0,0,hold,True
s05-r3-hold_trial-0.25,5,3,hold_trial-0.25,hold_trial,0.25,12,208.9159999999993,2,1000,1,250.0,1.0,48.0,2,1,2,1,1,1,1,1,False,1,1,0,0,0,0,hold,True
s05-r3-hold_trial-0.25,5,3,hold_trial-0.25,hold_trial,0.25,13,232.9359999999997,2,1000,1,250.0,1.0,48.0,2,1,2,1,2,1,2,1,False,1,1,0,1,1,0,hold,True
s05-r3-hold_trial-0.25,5,3,hold_trial-0.25,hold_trial,0.25,14,241.21999999999932,1,1000,1,250.0,1.0,48.0,1,1,1,1,2,1,2,1,False,1,1,0,0,0,0,hold,True
s05-r3-hold_trial-0.25,5,3,hold_trial-0.25,hold_trial,0.25,15,249.64799999999923,1,1000,1,250.0,1.0,48.0,2,1,2,1,1,1,2,1,False,0,0,0,1,0,1,hold,True
s05-r3-hold_trial-0.25,5,3,hold_trial-0.25,hold_trial,0.25,16,266.3799999999992,2,1000,1,250.0,1.0,48.0,2,1,2,1,2,1,2,1,False,1,1,0,1,1,0,hold,True
s05-r3-hold_trial-0.25,5,3,hold_trial-0.25,hold_trial,0.25,17,274.5519999999997,1,1000,1,250.0,1.0,48.0,1,1,2,1,1,1,2,1,False,1,0,1,1,0,1,hold,True
s05-r3-hold_trial-0.25,5,3,hold_trial-0.25,hold_trial,0.25,18,290.88800000000083,2,1000,1,250.0,1.0,48.0,1,1,1,1,2,1,2,1,False,0,0,0,1,1,0,hold,True
s05-r3-hold_trial-0.25,5,3,hold_trial-0.25,hold_trial,0.25,19,298.77599999999984,2,1000,1,250.0,1.0,48.0,2,1,2,1,2,1,2,1,False,1,1,0,1,1,0,hold,True
s05-r3-hold_trial-0.25,5,3,hold_trial-0.25,hold_trial,0.25,20,314.3279999999995,1,1000,1,250.0,1.0,48.0,1,1,2,1,2,1,2,1,False,1,0,1,0,0,0,hold,True
s05-r3-hold_trial-0.25,5,3,hold_trial-0.25,hold_trial,0.25,21,362.3359999999993,1,1000,1,250.0,1.0,48.0,1,1,1,1,2,1,2,1,False,1,1,0,0,0,0,hold,True
s05-r3-hold_trial-0.25,5,3,hold_trial-0.25,hold_trial,0.25,22,370.79199999999946,2,1000,1,250.0,1.0,48.0,1,1,2,1,2,1,2,1,False,0,1,1,1,1,0,hold,True
s05-r3-hold_trial-0.25,5,3,hold_trial-0.25,hold_trial,0.25,23,379.02800000000025,1,1000,1,250.0,1.0,48.0,2,1,2,1,1,1,1,1,False,0,0,0,1,1,0,hold,True
s05-r3-hold_trial-0.4,5,3,hold_trial-0.4,hold_trial,0.4,0,1.0,2,1000,1,400.0,1.0,48.0,1,1,2,1,1,1,2,1,False,0,1,1,0,1,1,hold,True
s05-r3-hold_trial-0.4,5,3,hold_trial-0.4,hold_trial,0.4,1,16.683999999999287,1,1000,1,400.0,1.0,48.0,1,1,1,1,2,1,2,1,False,1,1,0,0,0,0,hold,True
s05-r3-hold_trial-0.4,5,3,hold_trial-0.4,hold_trial,0.4,2,48.63600000000042,1,1000,1,400.0,1.0,48.0,1,1,2,1,1,1,1,1,False,1,0,1,1,1,0,hold,True
s05-r3-hold_trial-0.4,5,3,hold_trial-0.4,hold_trial,0.4,3,56.83599999999933,1,1000,1,400.0,1.0,48.0,1,1,2,1,1,1,2,1,False,1,0,1,1,0,1,hold,True
s05-r3-hold_trial-0.4,5,3,hold_trial-0.4,hold_trial,0.4,4,72.55199999999968,2,1000,1,400.0,1.0,48.0,1,1,2,1,1,1,1,1,False,0,1,1,0,0,0,hold,True
s05-r3-hold_trial-0.4,5,3,hold_trial-0.4,hold_trial,0.4,5,103.42000000000009,2,1000,1,400.0,1.0,48.0,1,1,2,1,2,1,1,1,False,0,1,1,1,0,1,hold,True
s05-r3-hold_trial-0.4,5,3,hold_trial-0.4,hold_trial,0.4,6,111.28800000000048,1,1000,1,400.0,1.0,48.0,2,1,2,1,2,1,1,1,False,0,0,0,0,1,1,hold,True
s05-r3-hold_trial-0.4,5,3,hold_trial-0.4,hold_trial,0.4,7,127.79999999999929,2,1000,1,400.0,1.0,48.0,1,1,2,1,2,1,2,1,False,0,1,1,1,1,0,hold,True
s05-r3-hold_trial-0.4,5,3,hold_trial-0.4,hold_trial,0.4,8,144.20800000000054,1,1000,1,400.0,1.0,48.0,1,1,2,1,1,1,1,1,False,1,0,1,1,1,0,hold,True
s05-r3-hold_trial-0.4,5,3,hold_trial-0.4,hold_trial,0.4,9,169.07200000000012,2,1000,1,400.0,1.0,48.0,1,1,2,1,1,1,2,1,False,0,1,1,0,1,1,hold,True
s05-r3-hold_trial-0.4,5,3,hold_trial-0.4,hold_trial,0.4,10,192.6560000000009,1,1000,1,400.0,1.0,48.0,1,1,1,1,1,1,1,1,False,1,1,0,1,1,0,hold,True
s05-r3-hold_trial-0.4,5,3,hold_trial-0.4,hold_trial,0.4,11,200.5,2,1000,1,400.0,1.0,48.0,1,1,2,1,1,1,1,1,False,0,1,1,0,0,0,hold,True
s05-r3-hold_trial-0.4,5,3,hold_trial-0.4,hold_trial,0.4,12,208.9159999999993,2,1000,1,400.0,1.0,48.0,1,1,2,1,1,1,1,1,False,0,1,1,0,0,0,hold,True
s05-r3-hold_trial-0.4,5,3,hold_trial-0.4,hold_trial,0.4,13,232.9359999999997,2,1000,1,400.0,1.0,48.0,2,1,2,1,2,1,2,1,False,1,1,0,1,1,0,hold,True
s05-r3-hold_trial-0.4,5,3,hold_trial-0.4,hold_trial,0.4,14,241.21999999999932,1,1000,1,400.0,1.0,48.0,1,1,1,1,1,1,2,1,False,1,1,0,1,0,1,hold,True
s05-r3-hold_trial-0.4,5,3,hold_trial-0.4,hold_trial,0.4,15,249.64799999999923,1,1000,1,400.0,1.0,48.0,1,1,2,1,1,1,2,1,False,1,0,1,1,0,1,hold,True
s05-r3-hold_trial-0.4,5,3,hold_trial-0.4,hold_trial,0.4,16,266.3799999999992,2,1000,1,400.0,1.0,48.0,1,1,2,1,2,1,2,1,False,0,1,1,1,1,0,hold,True
s05-r3-hold_trial-0.4,5,3,hold_trial-0.4,hold_trial,0.4,17,274.5519999999997,1,1000,1,400.0,1.0,48.0,1,1,2,1,1,1,2,1,False,1,0,1,1,0,1,hold,True
s05-r3-hold_trial-0.4,5,3,hold_trial-0.4,hold_trial,0.4,18,290.88800000000083,2,1000,1,400.0,1.0,48.0,1,1,1,1,1,1,2,1,False,0,0,0,0,1,1,hold,True
s05-r3-hold_trial-0.4,5,3,hold_trial-0.4,hold_trial,0.4,19,298.77599999999984,2,1000,1,400.0,1.0,48.0,1,1,2,1,2,1,2,1,False,0,1,1,1,1,0,hold,True
s05-r3-hold_trial-0.4,5,3,hold_trial-0.4,hold_trial,0.4,20,314.3279999999995,1,1000,1,400.0,1.0,48.0,1,1,2,1,1,1,2,1,False,1,0,1,1,0,1,hold,True
s05-r3-hold_trial-0.4,5,3,hold_trial-0.4,hold_trial,0.4,21,362.3359999999993,1,1000,1,400.0,1.0,48.0,1,1,1,1,1,1,2,1,False,1,1,0,1,0,1,hold,True
s05-r3-hold_trial-0.4,5,3,hold_trial-0.4,hold_trial,0.4,22,370.79199999999946,2,1000,1,400.0,1.0,48.0,1,1,2,1,2,1,2,1,False,0,1,1,1,1,0,hold,True
s05-r3-hold_trial-0.4,5,3,hold_trial-0.4,hold_trial,0.4,23,379.02800000000025,1,1000,1,400.0,1.0,48.0,2,1,2,1,1,1,1,1,False,0,0,0,1,1,0,hold,True
s05-r4-hold_trial-0.1,5,4,hold_trial-0.1,hold_trial,0.1,0,1.0,2,1000,1,100.0,1.0,48.0,2,1,2,1,2,1,2,1,False,1,1,0,1,1,0,hold,True
s05-r4-hold_trial-0.1,5,4,hold_trial-0.1,hold_trial,0.1,1,9.012000000000626,1,1000,1,100.0,1.0,48.0,2,1,2,1,1,1,1,1,False,0,0,0,1,1,0,hold,True
s05-r4-hold_trial-0.1,5,4,hold_trial-0.1,hold_trial,0.1,2,16.683999999999287,1,1000,1,100.0,1.0,48.0,1,1,1,1,1,1,1,1,False,1,1,0,1,1,0,hold,True
s05-r4-hold_trial-0.1,5,4,hold_trial-0.1,hold_trial,0.1,3,40.96800000000076,2,1000,1,100.0,1.0,48.0,2,1,2,1,1,1,1,1,False,1,1,0,0,0,0,hold,True
s05-r4-hold_trial-0.1,5,4,hold_trial-0.1,hold_trial,0.1,4,64.55999999999949,1,1000,1,100.0,1.0,48.0,2,1,2,1,1,1,1,1,False,0,0,0,1,1,0,hold,True
s05-r4-hold_trial-0.1,5,4,hold_trial-0.1,hold_trial,0.1,5,80.17599999999948,1,1000,1,100.0,1.0,48.0,1,1,2,1,1,1,1,1,False,1,0,1,1,1,0,hold,True
s05-r4-hold_trial-0.1,5,4,hold_trial-0.1,hold_trial,0.1,6,87.7559999999994,1,1000,1,100.0,1.0,48.0,2,1,2,1,1,1,1,1,False,0,0,0,1,1,0,hold,True
s05-r4-hold_trial-0.1,5,4,hold_trial-0.1,hold_trial,0.1,7,95.64400000000025,2,1000,1,100.0,1.0,48.0,2,1,1,1,1,1,1,1,False,1,0,1,0,0,0,hold,True
s05-r4-hold_trial-0.1,5,4,hold_trial-0.1,hold_trial,0.1,8,119.76800000000004,2,1000,1,100.0,1.0,48.0,2,1,2,1,2,1,2,1,False,1,1,0,1,1,0,hold,True
s05-r4-hold_trial-0.1,5,4,hold_trial-0.1,hold_trial,0.1,9,169.07200000000012,2,1000,1,100.0,1.0,48.0,2,1,2,1,2,1,2,1,False,1,1,0,1,1,0,hold,True
s05-r4-hold_trial-0.1,5,4,hold_trial-0.1,hold_trial,0.1,10,176.71999999999937,2,1000,1,100.0,1.0,48.0,2,1,2,1,2,1,2,1,False,1,1,0,1,1,0,hold,True
s05-r4-hold_trial-0.1,5,4,hold_trial-0.1,hold_trial,0.1,11,192.6560000000009,1,1000,1,100.0,1.0,48.0,2,1,1,1,2,1,2,1,False,0,1,1,0,0,0,hold,True
s05-r4-hold_trial-0.1,5,4,hold_trial-0.1,hold_trial,0.1,12,200.5,2,1000,1,100.0,1.0,48.0,2,1,2,1,2,1,2,1,False,1,1,0,1,1,0,hold,True
s05-r4-hold_trial-0.1,5,4,hold_trial-0.1,hold_trial,0.1,13,208.9159999999993,2,1000,1,100.0,1.0,48.0,1,1,2,1,2,1,2,1,False,0,1,1,1,1,0,hold,True
s05-r4-hold_trial-0.1,5,4,hold_trial-0.1,hold_trial,0.1,14,216.9320000000007,2,1000,1,100.0,1.0,48.0,2,1,2,1,2,1,2,1,False,1,1,0,1,1,0,hold,True
s05-r4-hold_trial-0.1,5,4,hold_trial-0.1,hold_trial,0.1,15,241.21999999999932,1,1000,1,100.0,1.0,48.0,2,1,2,1,2,1,2,1,False,0,0,0,0,0,0,hold,True
s05-r4-hold_trial-0.1,5,4,hold_trial-0.1,hold_trial,0.1,16,258.0159999999996,1,1000,1,100.0,1.0,48.0,2,1,2,1,1,1,1,1,False,0,0,0,1,1,0,hold,True
s05-r4-hold_trial-0.1,5,4,hold_trial-0.1,hold_trial,0.1,17,274.5519999999997,1,1000,1,100.0,1.0,48.0,2,1,2,1,2,1,2,1,False,0,0,0,0,0,0,hold,True
s05-r4-hold_trial-0.1,5,4,hold_trial-0.1,hold_trial,0.1,18,290.88800000000083,1,1000,1,100.0,1.0,48.0,2,1,2,1,2,1,2,1,False,0,0,0,0,0,0,hold,True
s05-r4-hold_trial-0.1,5,4,hold_trial-0.1,hold_trial,0.1,19,306.6280000000006,1,1000,1,100.0,1.0,48.0,2,1,2,1,1,1,1,1,False,0,0,0,1,1,0,hold,True
s05-r4-hold_trial-0.1,5,4,hold_trial-0.1,hold_trial,0.1,20,314.3279999999995,2,1000,1,100.0,1.0,48.0,2,1,2,1,1,1,1,1,False,1,1,0,0,0,0,hold,True
s05-r4-hold_trial-0.1,5,4,hold_trial-0.1,hold_trial,0.1,21,347.0,1,1000,1,100.0,1.0,48.0,2,1,2,1,2,1,2,1,False,0,0,0,0,0,0,hold,True
s05-r4-hold_trial-0.1,5,4,hold_trial-0.1,hold_trial,0.1,22,354.6239999999998,2,1000,1,100.0,1.0,48.0,2,1,2,1,2,1,1,1,False,1,1,0,1,0,1,hold,True
s05-r4-hold_trial-0.1,5,4,hold_trial-0.1,hold_trial,0.1,23,370.79199999999946,2,1000,1,100.0,1.0,48.0,2,1,2,1,1,1,1,1,False,1,1,0,0,0,0,hold,True
s05-r4-hold_trial-0.25,5,4,hold_trial-0.25,hold_trial,0.25,0,1.0,2,1000,1,250.0,1.0,48.0,1,1,2,1,2,1,2,1,False,0,1,1,1,1,0,hold,True
s05-r4-hold_trial-0.25,5,4,hold_trial-0.25,hold_trial,0.25,1,9.012000000000626,1,1000,1,250.0,1.0,48.0,1,1,2,1,1,1,1,1,False,1,0,1,1,1,0,hold,True
s05-r4-hold_trial-0.25,5,4,hold_trial-0.25,hold_trial,0.25,2,16.683999999999287,1,1000,1,250.0,1.0,48.0,1,1,1,1,1,1,1,1,False,1,1,0,1,1,0,hold,True
s05-r4-hold_trial-0.25,5,4,hold_trial-0.25,hold_trial,0.25,3,40.96800000000076,2,1000,1,250.0,1.0,48.0,1,1,2,1,1,1,1,1,False,0,1,1,0,0,0,hold,True
s05-r4-hold_trial-0.25,5,4,hold_trial-0.25,hold_trial,0.25,4,64.55999999999949,1,1000,1,250.0,1.0,48.0,1,1,2,1,1,1,1,1,False,1,0,1,1,1,0,hold,True
s05-r4-hold_trial-0.25,5,4,hold_trial-0.25,hold_trial,0.25,5,80.17599999999948,1,1000,1,250.0,1.0,48.0,1,1,2,1,1,1,1,1,False,1,0,1,1,1,0,hold,True
s05-r4-hold_trial-0.25,5,4,hold_trial-0.25,hold_trial,0.25,6,87.7559999999994,1,1000,1,250.0,1.0,48.0,2,1,2,1,1,1,1,1,False,0,0,0,1,1,0,hold,True
s05-r4-hold_trial-0.25,5,4,hold_trial-0.25,hold_trial,0.25,7,95.64400000000025,2,1000,1,250.0,1.0,48.0,1,1,1,1,1,1,1,1,False,0,0,0,0,0,0,hold,True
s05-r4-hold_trial-0.25,5,4,hold_trial-0.25,hold_trial,0.25,8,119.76800000000004,2,1000,1,250.0,1.0,48.0,2,1,2,1,1,1,2,1,False,1,1,0,0,1,1,hold,True
s05-r4-hold_trial-0.25,5,4,hold_trial-0.25,hold_trial,0.25,9,169.07200000000012,2,1000,1,250.0,1.0,48.0,2,1,2,1,1,1,2,1,False,1,1,0,0,1,1,hold,True
s05-r4-hold_trial-0.25,5,4,hold_trial-0.25,hold_trial,0.25,10,176.71999999999937,2,1000,1,250.0,1.0,48.0,1,1,2,1,2,1,2,1,False,0,1,1,1,1,0,hold,True
s05-r4-hold_trial-0.25,5,4,hold_trial-0.25,hold_trial,0.25,11,192.6560000000009,1,1000,1,250.0,1.0,48.0,1,1,1,1,1,1,2,1,False,1,1,0,1,0,1,hold,True
s05-r4-hold_trial-0.25,5,4,hold_trial-0.25,hold_trial,0.25,12,200.5,2,1000,1,250.0,1.0,48.0,2,1,2,1,2,1,2,1,False,1,1,0,1,1,0,hold,True
s05-r4-hold_trial-0.25,5,4,hold_trial-0.25,hold_trial,0.25,13,208.9159999999993,2,1000,1,250.0,1.0,48.0,1,1,2,1,1,1,2,1,False,0,1,1,0,1,1,hold,True
s05-r4-hold_trial-0.25,5,4,hold_trial-0.25,hold_trial,0.25,14,216.9320000000007,2,1000,1,250.0,1.0,48.0,2,1,2,1,2,1,2,1,False,1,1,0,1,1,0,hold,True
s05-r4-hold_trial-0.25,5,4,hold_trial-0.25,hold_trial,0.25,15,241.21999999999932,1,1000,1,250.0,1.0,48.0,2,1,2,1,1,1,2,1,False,0,0,0,1,0,1,hold,True
s05-r4-hold_trial-0.25,5,4,hold_trial-0.25,hold_trial,0.25,16,258.0159999999996,1,1000,1,250.0,1.0,48.0,1,1,2,1,1,1,1,1,False,1,0,1,1,1,0,hold,True
s05-r4-hold_trial-0.25,5,4,hold_trial-0.25,hold_trial,0.25,17,274.5519999999997,1,1000,1,250.0,1.0,48.0,2,1,2,1,2,1,2,1,False,0,0,0,0,0,0,hold,True
s05-r4-hold_trial-0.25,5,4,hold_trial-0.25,hold_trial,0.25,18,290.88800000000083,1,1000,1,250.0,1.0,48.0,2,1,2,1,2,1,2,1,False,0,0,0,0,0,0,hold,True
s05-r4-hold_trial-0.25,5,4,hold_trial-0.25,hold_trial,0.25,19,306.6280000000006,1,1000,1,250.0,1.0,48.0,1,1,2,1,1,1,1,1,False,1,0,1,1,1,0,hold,True
s05-r4-hold_trial-0.25,5,4,hold_trial-0.25,hold_trial,0.25,20,314.3279999999995,2,1000,1,250.0,1.0,48.0,1,1,2,1,1,1,1,1,False,0,1,1,0,0,0,hold,True
s05-r4-hold_trial-0.25,5,4,hold_trial-0.25,hold_trial,0.25,21,347.0,1,1000,1,250.0,1.0,48.0,2,1,2,1,2,1,2,1,False,0,0,0,0,0,0,hold,True
s05-r4-hold_trial-0.25,5,4,hold_trial-0.25,hold_trial,0.25,22,354.6239999999998,2,1000,1,250.0,1.0,48.0,1,1,2,1,2,1,1,1,False,0,1,1,1,0,1,hold,True
s05-r4-hold_trial-0.25,5,4,hold_trial-0.25,hold_trial,0.25,23,370.79199999999946,2,1000,1,250.0,1.0,48.0,2,1,2,1,1,1,1,1,False,1,1,0,0,0,0,hold,True
s05-r4-hold_trial-0.4,5,4,hold_trial-0.4,hold_trial,0.4,0,1.0,2,1000,1,400.0,1.0,48.0,2,1,2,1,2,1,2,1,False,1,1,0,1,1,0,hold,True
s05-r4-hold_trial-0.4,5,4,hold_trial-0.4,hold_trial,0.4,1,9.012000000000626,1,1000,1,400.0,1.0,48.0,1,1,2,1,1,1,1,1,False,1,0,1,1,1,0,hold,True
s05-r4-hold_trial-0.4,5,4,hold_trial-0.4,hold_trial,0.4,2,16.683999999999287,1,1000,1,400.0,1.0,48.0,1,1,1,1,1,1,1,1,False,1,1,0,1,1,0,hold,True
s05-r4-hold_trial-0.4,5,4,hold_trial-0.4,hold_trial,0.4,3,40.96800000000076,2,1000,1,400.0,1.0,48.0,1,1,2,1,1,1,1,1,False,0,1,1,0,0,0,hold,True
s05-r4-hold_trial-0.4,5,4,hold_trial-0.4,hold_trial,0.4,4,64.55999999999949,1,1000,1,400.0,1.0,48.0,1,1,2,1,1,1,1,1,False,1,0,1,1,1,0,hold,True
s05-r4-hold_trial-0.4,5,4,hold_trial-0.4,hold_trial,0.4,5,80.17599999999948,1,1000,1,400.0,1.0,48.0,1,1,2,1,1,1,1,1,False,1,0,1,1,1,0,hold,True
s05-r4-hold_trial-0.4,5,4,hold_trial-0.4,hold_trial,0.4,6,87.7559999999994,1,1000,1,400.0,1.0,48.0,1,1,2,1,1,1,1,1,False,1,0,1,1,1,0,hold,True
s05-r4-hold_trial-0.4,5,4,hold_trial-0.4,hold_trial,0.4,7,95.64400000000025,2,1000,1,400.0,1.0,48.0,1,1,1,1,1,1,1,1,False,0,0,0,0,0,0,hold,True
s05-r4-hold_trial-0.4,5,4,hold_trial-0.4,hold_trial,0.4,8,119.76800000000004,2,1000,1,400.0,1.0,48.0,2,1,2,1,1,1,2,1,False,1,1,0,0,1,1,hold,True
s05-r4-hold_trial-0.4,5,4,hold_trial-0.4,hold_trial,0.4,9,169.07200000000012,2,1000,1,400.0,1.0,48.0,2,1,2,1,2,1,2,1,False,1,1,0,1,1,0,hold,True
s05-r4-hold_trial-0.4,5,4,hold_trial-0.4,hold_trial,0.4,10,176.71999999999937,2,1000,1,400.0,1.0,48.0,1,1,2,1,1,1,2,1,False,0,1,1,0,1,1,hold,True
s05-r4-hold_trial-0.4,5,4,hold_trial-0.4,hold_trial,0.4,11,192.6560000000009,1,1000,1,400.0,1.0,48.0,1,1,1,1,1,1,2,1,False,1,1,0,1,0,1,hold,True
s05-r4-hold_trial-0.4,5,4,hold_trial-0.4,hold_trial,0.4,12,200.5,2,1000,1,400.0,1.0,48.0,1,1,2,1,1,1,2,1,False,0,1,1,0,1,1,hold,True
s05-r4-hold_trial-0.4,5,4,hold_trial-0.4,hold_trial,0.4,13,208.9159999999993,2,1000,1,400.0,1.0,48.0,1,1,2,1,1,1,2,1,False,0,1,1,0,1,1,hold,True
s05-r4-hold_trial-0.4,5,4,hold_trial-0.4,hold_trial,0.4,14,216.9320000000007,2,1000,1,400.0,1.0,48.0,1,1,2,1,2,1,2,1,False,0,1,1,1,1,0,hold,True
s05-r4-hold_trial-0.4,5,4,hold_trial-0.4,hold_trial,0.4,15,241.21999999999932,1,1000,1,400.0,1.0,48.0,2,1,2,1,1,1,2,1,False,0,0,0,1,0,1,hold,True
s05-r4-hold_trial-0.4,5,4,hold_trial-0.4,hold_trial,0.4,16,258.0159999999996,1,1000,1,400.0,1.0,48.0,1,1,2,1,1,1,1,1,False,1,0,1,1,1,0,hold,True
s05-r4-hold_trial-0.4,5,4,hold_trial-0.4,hold_trial,0.4,17,274.5519999999997,1,1000,1,400.0,1.0,48.0,2,1,2,1,1,1,2,1,False,0,0,0,1,0,1,hold,True
s05-r4-hold_trial-0.4,5,4,hold_trial-0.4,hold_trial,0.4,18,290.88800000000083,1,1000,1,400.0,1.0,48.0,2,1,2,1,1,1,2,1,False,0,0,0,1,0,1,hold,True
s05-r4-hold_trial-0.4,5,4,hold_trial-0.4,hold_trial,0.4,19,306.6280000000006,1,1000,1,400.0,1.0,48.0,1,1,2,1,1,1,1,1,False,1,0,1,1,1,0,hold,True
s05-r4-hold_trial-0.4,5,4,hold_trial-0.4,hold_trial,0.4,20,314.3279999999995,2,1000,1,400.0,1.0,48.0,1,1,2,1,1,1,1,1,False,0,1,1,0,0,0,hold,True
s05-r4-hold_trial-0.4,5,4,hold_trial-0.4,hold_trial,0.4,21,347.0,1,1000,1,400.0,1.0,48.0,1,1,2,1,2,1,2,1,False,1,0,1,0,0,0,hold,True
s05-r4-hold_trial-0.4,5,4,hold_trial-0.4,hold_trial,0.4,22,354.6239999999998,2,1000,1,400.0,1.0,48.0,1,1,2,1,2,1,1,1,False,0,1,1,1,0,1,hold,True
s05-r4-hold_trial-0.4,5,4,hold_trial-0.4,hold_trial,0.4,23,370.79199999999946,2,1000,1,400.0,1.0,48.0,1,1,2,1,1,1,1,1,False,0,1,1,0,0,0,hold,True
s06-r0-hold_trial-0.1,6,0,hold_trial-0.1,hold_trial,0.1,0,1.0,1,1000,1,100.0,1.0,48.0,1,1,1,1,1,1,1,1,False,1,1,0,1,1,0,hold,True
s06-r0-hold_trial-0.1,6,0,hold_trial-0.1,hold_trial,0.1,1,9.012000000000173,2,1000,1,100.0,1.0,48.0,1,1,1,1,1,1,1,1,False,0,0,0,0,0,0,hold,True
s06-r0-hold_trial-0.1,6,0,hold_trial-0.1,hold_trial,0.1,2,16.684000000000196,2,1000,1,100.0,1.0,48.0,1,1,1,1,2,1,2,1,False,0,0,0,1,1,0,hold,True
s06-r0-hold_trial-0.1,6,0,hold_trial-0.1,hold_trial,0.1,3,24.49200000000019,1,1000,1,100.0,1.0,48.0,1,1,1,1,1,1,1,1,False,1,1,0,1,1,0,hold,True
s06-r0-hold_trial-0.1,6,0,hold_trial-0.1,hold_trial,0.1,4,32.52399999999989,2,1000,1,100.0,1.0,48.0,1,1,1,1,1,1,1,1,False,0,0,0,0,0,0,hold,True
s06-r0-hold_trial-0.1,6,0,hold_trial-0.1,hold_trial,0.1,5,40.96799999999985,1,1000,1,100.0,1.0,48.0,1,1,1,1,1,1,1,1,False,1,1,0,1,1,0,hold,True
s06-r0-hold_trial-0.1,6,0,hold_trial-0.1,hold_trial,0.1,6,48.63599999999997,2,1000,1,100.0,1.0,48.0,1,1,1,1,1,1,1,1,False,0,0,0,0,0,0,hold,True
s06-r0-hold_trial-0.1,6,0,hold_trial-0.1,hold_trial,0.1,7,64.55999999999995,2,1000,1,100.0,1.0,48.0,1,1,1,1,2,1,2,1,False,0,0,0,1,1,0,hold,True
s06-r0-hold_trial-0.1,6,0,hold_trial-0.1,hold_trial,0.1,8,80.17599999999993,1,1000,1,100.0,1.0,48.0,1,1,1,1,1,1,1,1,False,1,1,0,1,1,0,hold,True
s06-r0-hold_trial-0.1,6,0,hold_trial-0.1,hold_trial,0.1,9,95.64399999999978,2,1000,1,100.0,1.0,48.0,2,1,2,1,1,1,1,1,False,1,1,0,0,0,0,hold,True
s06-r0-hold_trial-0.1,6,0,hold_trial-0.1,hold_trial,0.1,10,103.42000000000009,1,1000,1,100.0,1.0,48.0,1,1,1,1,1,1,1,1,False,1,1,0,1,1,0,hold,True
s06-r0-hold_trial-0.1,6,0,hold_trial-0.1,hold_trial,0.1,11,152.4720000000002,1,1000,1,100.0,1.0,48.0,1,1,1,1,1,1,1,1,False,1,1,0,1,1,0,hold,True
s06-r0-hold_trial-0.1,6,0,hold_trial-0.1,hold_trial,0.1,12,169.07200000000012,2,1000,1,100.0,1.0,48.0,2,1,2,1,2,1,2,1,False,1,1,0,1,1,0,hold,True
s06-r0-hold_trial-0.1,6,0,hold_trial-0.1,hold_trial,0.1,13,176.7199999999998,1,1000,1,100.0,1.0,48.0,1,1,1,1,1,1,1,1,False,1,1,0,1,1,0,hold,True
s06-r0-hold_trial-0.1,6,0,hold_trial-0.1,hold_trial,0.1,14,184.84400000000005,1,1000,1,100.0,1.0,48.0,1,1,1,1,1,1,1,1,False,1,1,0,1,1,0,hold,True
s06-r0-hold_trial-0.1,6,0,hold_trial-0.1,hold_trial,0.1,15,208.91600000000017,1,1000,1,100.0,1.0,48.0,1,1,1,1,1,1,1,1,False,1,1,0,1,1,0,hold,True
s06-r0-hold_trial-0.1,6,0,hold_trial-0.1,hold_trial,0.1,16,241.2199999999998,1,1000,1,100.0,1.0,48.0,1,1,1,1,2,1,2,1,False,1,1,0,0,0,0,hold,True
s06-r0-hold_trial-0.1,6,0,hold_trial-0.1,hold_trial,0.1,17,249.6480000000001,2,1000,1,100.0,1.0,48.0,1,1,1,1,2,1,2,1,False,0,0,0,1,1,0,hold,True
s06-r0-hold_trial-0.1,6,0,hold_trial-0.1,hold_trial,0.1,18,258.0160000000001,1,1000,1,100.0,1.0,48.0,1,1,1,1,1,1,1,1,False,1,1,0,1,1,0,hold,True
s06-r0-hold_trial-0.1,6,0,hold_trial-0.1,hold_trial,0.1,19,266.3800000000001,2,1000,1,100.0,1.0,48.0,2,1,2,1,1,1,1,1,False,1,1,0,0,0,0,hold,True
s06-r0-hold_trial-0.1,6,0,hold_trial-0.1,hold_trial,0.1,20,274.55200000000013,2,1000,1,100.0,1.0,48.0,1,1,1,1,2,1,2,1,False,0,0,0,1,1,0,hold,True
s06-r0-hold_trial-0.1,6,0,hold_trial-0.1,hold_trial,0.1,21,282.808,1,1000,1,100.0,1.0,48.0,1,1,1,1,1,1,1,1,False,1,1,0,1,1,0,hold,True
s06-r0-hold_trial-0.1,6,0,hold_trial-0.1,hold_trial,0.1,22,290.8879999999999,2,1000,1,100.0,1.0,48.0,1,1,2,1,2,1,2,1,False,0,1,1,1,1,0,hold,True
s06-r0-hold_trial-0.1,6,0,hold_trial-0.1,hold_trial,0.1,23,306.62800000000016,2,1000,1,100.0,1.0,48.0,1,1,1,1,2,1,2,1,False,0,0,0,1,1,0,hold,True
s06-r0-hold_trial-0.25,6,0,hold_trial-0.25,hold_trial,0.25,0,1.0,1,1000,1,250.0,1.0,48.0,1,1,1,1,1,1,1,1,False,1,1,0,1,1,0,hold,True
s06-r0-hold_trial-0.25,6,0,hold_trial-0.25,hold_trial,0.25,1,9.012000000000173,2,1000,1,250.0,1.0,48.0,1,1,1,1,1,1,1,1,False,0,0,0,0,0,0,hold,True
s06-r0-hold_trial-0.25,6,0,hold_trial-0.25,hold_trial,0.25,2,16.684000000000196,2,1000,1,250.0,1.0,48.0,1,1,1,1,1,1,2,1,False,0,0,0,0,1,1,hold,True
s06-r0-hold_trial-0.25,6,0,hold_trial-0.25,hold_trial,0.25,3,24.49200000000019,1,1000,1,250.0,1.0,48.0,1,1,1,1,1,1,1,1,False,1,1,0,1,1,0,hold,True
s06-r0-hold_trial-0.25,6,0,hold_trial-0.25,hold_trial,0.25,4,32.52399999999989,2,1000,1,250.0,1.0,48.0,1,1,1,1,1,1,1,1,False,0,0,0,0,0,0,hold,True
s06-r0-hold_trial-0.25,6,0,hold_trial-0.25,hold_trial,0.25,5,40.96799999999985,1,1000,1,250.0,1.0,48.0,1,1,1,1,1,1,1,1,False,1,1,0,1,1,0,hold,True
s06-r0-hold_trial-0.25,6,0,hold_trial-0.25,hold_trial,0.25,6,48.63599999999997,2,1000,1,250.0,1.0,48.0,1,1,1,1,1,1,1,1,False,0,0,0,0,0,0,hold,True
s06-r0-hold_trial-0.25,6,0,hold_trial-0.25,hold_trial,0.25,7,64.55999999999995,2,1000,1,250.0,1.0,48.0,1,1,1,1,1,1,2,1,False,0,0,0,0,1,1,hold,True
s06-r0-hold_trial-0.25,6,0,hold_trial-0.25,hold_trial,0.25,8,80.17599999999993,1,1000,1,250.0,1.0,48.0,1,1,1,1,1,1,1,1,False,1,1,0,1,1,0,hold,True
s06-r0-hold_trial-0.25,6,0,hold_trial-0.25,hold_trial,0.25,9,95.64399999999978,2,1000,1,250.0,1.0,48.0,1,1,2,1,1,1,1,1,False,0,1,1,0,0,0,hold,True
s06-r0-hold_trial-0.25,6,0,hold_trial-0.25,hold_trial,0.25,10,103.42000000000009,1,1000,1,250.0,1.0,48.0,1,1,1,1,1,1,1,1,False,1,1,0,1,1,0,hold,True
s06-r0-hold_trial-0.25,6,0,hold_trial-0.25,hold_trial,0.25,11,152.4720000000002,1,1000,1,250.0,1.0,48.0,1,1,1,1,1,1,1,1,False,1,1,0,1,1,0,hold,True
s06-r0-hold_trial-0.25,6,0,hold_trial-0.25,hold_trial,0.25,12,169.07200000000012,2,1000,1,250.0,1.0,48.0,1,1,2,1,2,1,2,1,False,0,1,1,1,1,0,hold,True
s06-r0-hold_trial-0.25,6,0,hold_trial-0.25,hold_trial,0.25,13,176.7199999999998,1,1000,1,250.0,1.0,48.0,1,1,1,1,1,1,1,1,False,1,1,0,1,1,0,hold,True
s06-r0-hold_trial-0.25,6,0,hold_trial-0.25,hold_trial,0.25,14,184.84400000000005,1,1000,1,250.0,1.0,48.0,1,1,1,1,1,1,1,1,False,1,1,0,1,1,0,hold,True
s06-r0-hold_trial-0.25,6,0,hold_trial-0.25,hold_trial,0.25,15,208.91600000000017,1,1000,1,250.0,1.0,48.0,1,1,1,1,1,1,1,1,False,1,1,0,1,1,0,hold,True
s06-r0-hold_trial-0.25,6,0,hold_trial-0.25,hold_trial,0.25,16,241.2199999999998,1,1000,1,250.0,1.0,48.0,1,1,1,1,1,1,2,1,False,1,1,0,1,0,1,hold,True
s06-r0-hold_trial-0.25,6,0,hold_trial-0.25,hold_trial,0.25,17,249.6480000000001,2,1000,1,250.0,1.0,48.0,1,1,1,1,1,1,2,1,False,0,0,0,0,1,1,hold,True
s06-r0-hold_trial-0.25,6,0,hold_trial-0.25,hold_trial,0.25,18,258.0160000000001,1,1000,1,250.0,1.0,48.0,1,1,1,1,1,1,1,1,False,1,1,0,1,1,0,hold,True
s06-r0-hold_trial-0.25,6,0,hold_trial-0.25,hold_trial,0.25,19,266.3800000000001,2,1000,1,250.0,1.0,48.0,2,1,2,1,1,1,1,1,False,1,1,0,0,0,0,hold,True
s06-r0-hold_trial-0.25,6,0,hold_trial-0.25,hold_trial,0.25,20,274.55200000000013,2,1000,1,250.0,1.0,48.0,1,1,1,1,2,1,2,1,False,0,0,0,1,1,0,hold,True
s06-r0-hold_trial-0.25,6,0,hold_trial-0.25,hold_trial,0.25,21,282.808,1,1000,1,250.0,1.0,48.0,1,1,1,1,1,1,1,1,False,1,1,0,1,1,0,hold,True
s06-r0-hold_trial-0.25,6,0,hold_trial-0.25,hold_trial,0.25,22,290.8879999999999,2,1000,1,250.0,1.0,48.0,1,1,2,1,1,1,2,1,False,0,1,1,0,1,1,hold,True
s06-r0-hold_trial-0.25,6,0,hold_trial-0.25,hold_trial,0.25,23,306.62800000000016,2,1000,1,250.0,1.0,48.0,1,1,1,1,1,1,2,1,False,0,0,0,0,1,1,hold,True
s06-r0-hold_trial-0.4,6,0,hold_trial-0.4,hold_trial,0.4,0,1.0,1,1000,1,400.0,1.0,48.0,1,1,1,1,1,1,1,1,False,1,1,0,1,1,0,hold,True
s06-r0-hold_trial-0.4,6,0,hold_trial-0.4,hold_trial,0.4,1,9.012000000000173,2,1000,1,400.0,1.0,48.0,1,1,1,1,1,1,1,1,False,0,0,0,0,0,0,hold,True
s06-r0-hold_trial-0.4,6,0,hold_trial-0.4,hold_trial,0.4,2,16.684000000000196,2,1000,1,400.0,1.0,48.0,1,1,1,1,1,1,2,1,False,0,0,0,0,1,1,hold,True
s06-r0-hold_trial-0.4,6,0,hold_trial-0.4,hold_trial,0.4,3,24.49200000000019,1,1000,1,400.0,1.0,48.0,1,1,1,1,1,1,1,1,False,1,1,0,1,1,0,hold,True
s06-r0-hold_trial-0.4,6,0,hold_trial-0.4,hold_trial,0.4,4,32.52399999999989,2,1000,1,400.0,1.0,48.0,1,1,1,1,1,1,1,1,False,0,0,0,0,0,0,hold,True
s06-r0-hold_trial-0.4,6,0,hold_trial-0.4,hold_trial,0.4,5,40.96799999999985,1,1000,1,400.0,1.0,48.0,1,1,1,1,1,1,1,1,False,1,1,0,1,1,0,hold,True
s06-r0-hold_trial-0.4,6,0,hold_trial-0.4,hold_trial,0.4,6,48.63599999999997,2,1000,1,400.0,1.0,48.0,1,1,1,1,1,1,1,1,False,0,0,0,0,0,0,hold,True
s06-r0-hold_trial-0.4,6,0,hold_trial-0.4,hold_trial,0.4,7,64.55999999999995,2,1000,1,400.0,1.0,48.0,1,1,1,1,2,1,2,1,False,0,0,0,1,1,0,hold,True
s06-r0-hold_trial-0.4,6,0,hold_trial-0.4,hold_trial,0.4,8,80.17599999999993,1,1000,1,400.0,1.0,48.0,1,1,1,1,1,1,1,1,False,1,1,0,1,1,0,hold,True
s06-r0-hold_trial-0.4,6,0,hold_trial-0.4,hold_trial,0.4,9,95.64399999999978,2,1000,1,400.0,1.0,48.0,2,1,2,1,1,1,1,1,False,1,1,0,0,0,0,hold,True
s06-r0-hold_trial-0.4,6,0,hold_trial-0.4,hold_trial,0.4,10,103.42000000000009,1,1000,1,400.0,1.0,48.0,1,1,1,1,1,1,1,1,False,1,1,0,1,1,0,hold,True
s06-r0-hold_trial-0.4,6,0,hold_trial-0.4,hold_trial,0.4,11,152.4720000000002,1,1000,1,400.0,1.0,48.0,1,1,1,1,1,1,1,1,False,1,1,0,1,1,0,hold,True
s06-r0-hold_trial-0.4,6,0,hold_trial-0.4,hold_trial,0.4,12,169.07200000000012,2,1000,1,400.0,1.0,48.0,1,1,2,1,2,1,2,1,False,0,1,1,1,1,0,hold,True
s06-r0-hold_trial-0.4,6,0,hold_trial-0.4,hold_trial,0.4,13,176.7199999999998,1,1000,1,400.0,1.0,48.0,1,1,1,1,1,1,1,1,False,1,1,0,1,1,0,hold,True
s06-r0-hold_trial-0.4,6,0,hold_trial-0.4,hold_trial,0.4,14,184.84400000000005,1,1000,1,400.0,1.0,48.0,1,1,1,1,1,1,1,1,False,1,1,0,1,1,0,hold,True
s06-r0-hold_trial-0.4,6,0,hold_trial-0.4,hold_trial,0.4,15,208.91600000000017,1,1000,1,400.0,1.0,48.0,1,1,1,1,1,1,1,1,False,1,1,0,1,1,0,hold,True
s06-r0-hold_trial-0.4,6,0,hold_trial-0.4,hold_trial,0.4,16,241.2199999999998,1,1000,1,400.0,1.0,48.0,1,1,1,1,1,1,2,1,False,1,1,0,1,0,1,hold,True
s06-r0-hold_trial-0.4,6,0,hold_trial-0.4,hold_trial,0.4,17,249.6480000000001,2,1000,1,400.0,1.0,48.0,1,1,1,1,1,1,2,1,False,0,0,0,0,1,1,hold,True
s06-r0-hold_trial-0.4,6,0,hold_trial-0.4,hold_trial,0.4,18,258.0160000000001,1,1000,1,400.0,1.0,48.0,1,1,1,1,1,1,1,1,False,1,1,0,1,1,0,hold,True
s06-r0-hold_trial-0.4,6,0,hold_trial-0.4,hold_trial,0.4,19,266.3800000000001,2,1000,1,400.0,1.0,48.0,2,1,2,1,1,1,1,1,False,1,1,0,0,0,0,hold,True
s06-r0-hold_trial-0.4,6,0,hold_trial-0.4,hold_trial,0.4,20,274.55200000000013,2,1000,1,400.0,1.0,48.0,1,1,1,1,2,1,2,1,False,0,0,0,1,1,0,hold,True
s06-r0-hold_trial-0.4,6,0,hold_trial-0.4,hold_trial,0.4,21,282.808,1,1000,1,400.0,1.0,48.0,1,1,1,1,1,1,1,1,False,1,1,0,1,1,0,hold,True
s06-r0-hold_trial-0.4,6,0,hold_trial-0.4,hold_trial,0.4,22,290.8879999999999,2,1000,1,400.0,1.0,48.0,1,1,2,1,1,1,2,1,False,0,1,1,0,1,1,hold,True
s06-r0-hold_trial-0.4,6,0,hold_trial-0.4,hold_trial,0.4,23,306.62800000000016,2,1000,1,400.0,1.0,48.0,1,1,1,1,2,1,2,1,False,0,0,0,1,1,0,hold,True
s06-r1-hold_trial-0.1,6,1,hold_trial-0.1,hold_trial,0.1,0,16.684000000000196,2,1000,1,100.0,1.0,48.0,2,1,2,1,1,1,2,1,False,1,1,0,0,1,1,hold,True
s06-r1-hold_trial-0.1,6,1,hold_trial-0.1,hold_trial,0.1,1,24.49200000000019,1,1000,1,100.0,1.0,48.0,1,1,1,1,1,1,1,1,False,1,1,0,1,1,0,hold,True
s06-r1-hold_trial-0.1,6,1,hold_trial-0.1,hold_trial,0.1,2,32.52400000000034,1,1000,1,100.0,1.0,48.0,1,1,1,1,2,1,1,1,False,1,1,0,0,1,1,hold,True
s06-r1-hold_trial-0.1,6,1,hold_trial-0.1,hold_trial,0.1,3,40.96799999999985,2,1000,1,100.0,1.0,48.0,1,1,1,1,1,1,1,1,False,0,0,0,0,0,0,hold,True
s06-r1-hold_trial-0.1,6,1,hold_trial-0.1,hold_trial,0.1,4,64.5600000000004,2,1000,1,100.0,1.0,48.0,1,1,1,1,1,1,1,1,False,0,0,0,0,0,0,hold,True
s06-r1-hold_trial-0.1,6,1,hold_trial-0.1,hold_trial,0.1,5,80.17600000000039,1,1000,1,100.0,1.0,48.0,1,1,1,1,1,1,1,1,False,1,1,0,1,1,0,hold,True
s06-r1-hold_trial-0.1,6,1,hold_trial-0.1,hold_trial,0.1,6,87.75600000000031,1,1000,1,100.0,1.0,48.0,1,1,1,1,1,1,1,1,False,1,1,0,1,1,0,hold,True
s06-r1-hold_trial-0.1,6,1,hold_trial-0.1,hold_trial,0.1,7,95.64400000000025,1,1000,1,100.0,1.0,48.0,1,1,1,1,1,1,1,1,False,1,1,0,1,1,0,hold,True
s06-r1-hold_trial-0.1,6,1,hold_trial-0.1,hold_trial,0.1,8,111.28799999999956,2,1000,1,100.0,1.0,48.0,1,1,1,1,1,1,1,1,False,0,0,0,0,0,0,hold,True
s06-r1-hold_trial-0.1,6,1,hold_trial-0.1,hold_trial,0.1,9,119.76800000000004,2,1000,1,100.0,1.0,48.0,2,1,2,1,2,1,2,1,False,1,1,0,1,1,0,hold,True
s06-r1-hold_trial-0.1,6,1,hold_trial-0.1,hold_trial,0.1,10,127.80000000000018,1,1000,1,100.0,1.0,48.0,1,1,1,1,1,1,1,1,False,1,1,0,1,1,0,hold,True
s06-r1-hold_trial-0.1,6,1,hold_trial-0.1,hold_trial,0.1,11,136.0640000000003,1,1000,1,100.0,1.0,48.0,1,1,1,1,2,1,2,1,False,1,1,0,0,0,0,hold,True
s06-r1-hold_trial-0.1,6,1,hold_trial-0.1,hold_trial,0.1,12,152.47199999999975,1,1000,1,100.0,1.0,48.0,1,1,1,1,2,1,1,1,False,1,1,0,0,1,1,hold,True
s06-r1-hold_trial-0.1,6,1,hold_trial-0.1,hold_trial,0.1,13,160.7520000000004,2,1000,1,100.0,1.0,48.0,1,1,1,1,2,1,1,1,False,0,0,0,1,0,1,hold,True
s06-r1-hold_trial-0.1,6,1,hold_trial-0.1,hold_trial,0.1,14,192.65599999999995,1,1000,1,100.0,1.0,48.0,1,1,1,1,1,1,1,1,False,1,1,0,1,1,0,hold,True
s06-r1-hold_trial-0.1,6,1,hold_trial-0.1,hold_trial,0.1,15,216.9319999999998,2,1000,1,100.0,1.0,48.0,1,1,1,1,2,1,2,1,False,0,0,0,1,1,0,hold,True
s06-r1-hold_trial-0.1,6,1,hold_trial-0.1,hold_trial,0.1,16,241.22000000000023,2,1000,1,100.0,1.0,48.0,1,1,2,1,1,1,1,1,False,0,1,1,0,0,0,hold,True
s06-r1-hold_trial-0.1,6,1,hold_trial-0.1,hold_trial,0.1,17,249.6480000000001,1,1000,1,100.0,1.0,48.0,1,1,1,1,1,1,1,1,False,1,1,0,1,1,0,hold,True
s06-r1-hold_trial-0.1,6,1,hold_trial-0.1,hold_trial,0.1,18,258.0159999999996,2,1000,1,100.0,1.0,48.0,1,1,1,1,2,1,2,1,False,0,0,0,1,1,0,hold,True
s06-r1-hold_trial-0.1,6,1,hold_trial-0.1,hold_trial,0.1,19,306.6279999999997,1,1000,1,100.0,1.0,48.0,2,1,2,1,1,1,2,1,False,0,0,0,1,0,1,hold,True
s06-r1-hold_trial-0.1,6,1,hold_trial-0.1,hold_trial,0.1,20,322.65200000000004,2,1000,1,100.0,1.0,48.0,1,1,1,1,2,1,1,1,False,0,0,0,1,0,1,hold,True
s06-r1-hold_trial-0.1,6,1,hold_trial-0.1,hold_trial,0.1,21,338.52400000000034,2,1000,1,100.0,1.0,48.0,2,1,1,1,1,1,1,1,False,1,0,1,0,0,0,hold,True
s06-r1-hold_trial-0.1,6,1,hold_trial-0.1,hold_trial,0.1,22,362.3360000000002,2,1000,1,100.0,1.0,48.0,1,1,1,1,2,1,2,1,False,0,0,0,1,1,0,hold,True
s06-r1-hold_trial-0.1,6,1,hold_trial-0.1,hold_trial,0.1,23,379.02800000000025,1,1000,1,100.0,1.0,48.0,1,1,1,1,1,1,1,1,False,1,1,0,1,1,0,hold,True
s06-r1-hold_trial-0.25,6,1,hold_trial-0.25,hold_trial,0.25,0,16.684000000000196,2,1000,1,250.0,1.0,48.0,1,1,2,1,1,1,2,1,False,0,1,1,0,1,1,hold,True
s06-r1-hold_trial-0.25,6,1,hold_trial-0.25,hold_trial,0.25,1,24.49200000000019,1,1000,1,250.0,1.0,48.0,1,1,1,1,1,1,1,1,False,1,1,0,1,1,0,hold,True
s06-r1-hold_trial-0.25,6,1,hold_trial-0.25,hold_trial,0.25,2,32.52400000000034,1,1000,1,250.0,1.0,48.0,1,1,1,1,1,1,1,1,False,1,1,0,1,1,0,hold,True
s06-r1-hold_trial-0.25,6,1,hold_trial-0.25,hold_trial,0.25,3,40.96799999999985,2,1000,1,250.0,1.0,48.0,1,1,1,1,1,1,1,1,False,0,0,0,0,0,0,hold,True
s06-r1-hold_trial-0.25,6,1,hold_trial-0.25,hold_trial,0.25,4,64.5600000000004,2,1000,1,250.0,1.0,48.0,1,1,1,1,1,1,1,1,False,0,0,0,0,0,0,hold,True
s06-r1-hold_trial-0.25,6,1,hold_trial-0.25,hold_trial,0.25,5,80.17600000000039,1,1000,1,250.0,1.0,48.0,1,1,1,1,1,1,1,1,False,1,1,0,1,1,0,hold,True
s06-r1-hold_trial-0.25,6,1,hold_trial-0.25,hold_trial,0.25,6,87.75600000000031,1,1000,1,250.0,1.0,48.0,1,1,1,1,2,1,1,1,False,1,1,0,0,1,1,hold,True
s06-r1-hold_trial-0.25,6,1,hold_trial-0.25,hold_trial,0.25,7,95.64400000000025,1,1000,1,250.0,1.0,48.0,1,1,1,1,1,1,1,1,False,1,1,0,1,1,0,hold,True
s06-r1-hold_trial-0.25,6,1,hold_trial-0.25,hold_trial,0.25,8,111.28799999999956,2,1000,1,250.0,1.0,48.0,1,1,1,1,1,1,1,1,False,0,0,0,0,0,0,hold,True
s06-r1-hold_trial-0.25,6,1,hold_trial-0.25,hold_trial,0.25,9,119.76800000000004,2,1000,1,250.0,1.0,48.0,1,1,2,1,2,1,2,1,False,0,1,1,1,1,0,hold,True
s06-r1-hold_trial-0.25,6,1,hold_trial-0.25,hold_trial,0.25,10,127.80000000000018,1,1000,1,250.0,1.0,48.0,1,1,1,1,1,1,1,1,False,1,1,0,1,1,0,hold,True
s06-r1-hold_trial-0.25,6,1,hold_trial-0.25,hold_trial,0.25,11,136.0640000000003,1,1000,1,250.0,1.0,48.0,1,1,1,1,2,1,2,1,False,1,1,0,0,0,0,hold,True
s06-r1-hold_trial-0.25,6,1,hold_trial-0.25,hold_trial,0.25,12,152.47199999999975,1,1000,1,250.0,1.0,48.0,1,1,1,1,1,1,1,1,False,1,1,0,1,1,0,hold,True
s06-r1-hold_trial-0.25,6,1,hold_trial-0.25,hold_trial,0.25,13,160.7520000000004,2,1000,1,250.0,1.0,48.0,1,1,1,1,1,1,1,1,False,0,0,0,0,0,0,hold,True
s06-r1-hold_trial-0.25,6,1,hold_trial-0.25,hold_trial,0.25,14,192.65599999999995,1,1000,1,250.0,1.0,48.0,1,1,1,1,1,1,1,1,False,1,1,0,1,1,0,hold,True
s06-r1-hold_trial-0.25,6,1,hold_trial-0.25,hold_trial,0.25,15,216.9319999999998,2,1000,1,250.0,1.0,48.0,1,1,1,1,2,1,2,1,False,0,0,0,1,1,0,hold,True
s06-r1-hold_trial-0.25,6,1,hold_trial-0.25,hold_trial,0.25,16,241.22000000000023,2,1000,1,250.0,1.0,48.0,1,1,2,1,1,1,1,1,False,0,1,1,0,0,0,hold,True
s06-r1-hold_trial-0.25,6,1,hold_trial-0.25,hold_trial,0.25,17,249.6480000000001,1,1000,1,250.0,1.0,48.0,1,1,1,1,1,1,1,1,False,1,1,0,1,1,0,hold,True
s06-r1-hold_trial-0.25,6,1,hold_trial-0.25,hold_trial,0.25,18,258.0159999999996,2,1000,1,250.0,1.0,48.0,1,1,1,1,2,1,2,1,False,0,0,0,1,1,0,hold,True
s06-r1-hold_trial-0.25,6,1,hold_trial-0.25,hold_trial,0.25,19,306.6279999999997,1,1000,1,250.0,1.0,48.0,1,1,2,1,1,1,2,1,False,1,0,1,1,0,1,hold,True
s06-r1-hold_trial-0.25,6,1,hold_trial-0.25,hold_trial,0.25,20,322.65200000000004,2,1000,1,250.0,1.0,48.0,1,1,1,1,1,1,1,1,False,0,0,0,0,0,0,hold,True
s06-r1-hold_trial-0.25,6,1,hold_trial-0.25,hold_trial,0.25,21,338.52400000000034,2,1000,1,250.0,1.0,48.0,1,1,1,1,1,1,1,1,False,0,0,0,0,0,0,hold,True
s06-r1-hold_trial-0.25,6,1,hold_trial-0.25,hold_trial,0.25,22,362.3360000000002,2,1000,1,250.0,1.0,48.0,1,1,1,1,2,1,2,1,False,0,0,0,1,1,0,hold,True
s06-r1-hold_trial-0.25,6,1,hold_trial-0.25,hold_trial,0.25,23,379.02800000000025,1,1000,1,250.0,1.0,48.0,1,1,1,1,1,1,1,1,False,1,1,0,1,1,0,hold,True
s06-r1-hold_trial-0.4,6,1,hold_trial-0.4,hold_trial,0.4,0,16.684000000000196,2,1000,1,400.0,1.0,48.0,1,1,2,1,1,1,2,1,False,0,1,1,0,1,1,hold,True
s06-r1-hold_trial-0.4,6,1,hold_trial-0.4,hold_trial,0.4,1,24.49200000000019,1,1000,1,400.0,1.0,48.0,1,1,1,1,1,1,1,1,False,1,1,0,1,1,0,hold,True
s06-r1-hold_trial-0.4,6,1,hold_trial-0.4,hold_trial,0.4,2,32.52400000000034,1,1000,1,400.0,1.0,48.0,1,1,1,1,1,1,1,1,False,1,1,0,1,1,0,hold,True
s06-r1-hold_trial-0.4,6,1,hold_trial-0.4,hold_trial,0.4,3,40.96799999999985,2,1000,1,400.0,1.0,48.0,1,1,1,1,1,1,1,1,False,0,0,0,0,0,0,hold,True
s06-r1-hold_trial-0.4,6,1,hold_trial-0.4,hold_trial,0.4,4,64.5600000000004,2,1000,1,400.0,1.0,48.0,1,1,1,1,1,1,1,1,False,0,0,0,0,0,0,hold,True
s06-r1-hold_trial-0.4,6,1,hold_trial-0.4,hold_trial,0.4,5,80.17600000000039,1,1000,1,400.0,1.0,48.0,1,1,1,1,1,1,1,1,False,1,1,0,1,1,0,hold,True
s06-r1-hold_trial-0.4,6,1,hold_trial-0.4,hold_trial,0.4,6,87.75600000000031,1,1000,1,400.0,1.0,48.0,1,1,1,1,1,1,1,1,False,1,1,0,1,1,0,hold,True
s06-r1-hold_trial-0.4,6,1,hold_trial-0.4,hold_trial,0.4,7,95.64400000000025,1,1000,1,400.0,1.0,48.0,1,1,1,1,1,1,1,1,False,1,1,0,1,1,0,hold,True
s06-r1-hold_trial-0.4,6,1,hold_trial-0.4,hold_trial,0.4,8,111.28799999999956,2,1000,1,400.0,1.0,48.0,1,1,1,1,1,1,1,1,False,0,0,0,0,0,0,hold,True
s06-r1-hold_trial-0.4,6,1,hold_trial-0.4,hold_trial,0.4,9,119.76800000000004,2,1000,1,400.0,1.0,48.0,2,1,2,1,2,1,2,1,False,1,1,0,1,1,0,hold,True
s06-r1-hold_trial-0.4,6,1,hold_trial-0.4,hold_trial,0.4,10,127.80000000000018,1,1000,1,400.0,1.0,48.0,1,1,1,1,1,1,1,1,False,1,1,0,1,1,0,hold,True
s06-r1-hold_trial-0.4,6,1,hold_trial-0.4,hold_trial,0.4,11,136.0640000000003,1,1000,1,400.0,1.0,48.0,1,1,1,1,1,1,2,1,False,1,1,0,1,0,1,hold,True
s06-r1-hold_trial-0.4,6,1,hold_trial-0.4,hold_trial,0.4,12,152.47199999999975,1,1000,1,400.0,1.0,48.0,1,1,1,1,1,1,1,1,False,1,1,0,1,1,0,hold,True
s06-r1-hold_trial-0.4,6,1,hold_trial-0.4,hold_trial,0.4,13,160.7520000000004,2,1000,1,400.0,1.0,48.0,1,1,1,1,1,1,1,1,False,0,0,0,0,0,0,hold,True
s06-r1-hold_trial-0.4,6,1,hold_trial-0.4,hold_trial,0.4,14,192.65599999999995,1,1000,1,400.0,1.0,48.0,1,1,1,1,1,1,1,1,False,1,1,0,1,1,0,hold,True
s06-r1-hold_trial-0.4,6,1,hold_trial-0.4,hold_trial,0.4,15,216.9319999999998,2,1000,1,400.0,1.0,48.0,1,1,1,1,1,1,2,1,False,0,0,0,0,1,1,hold,True
s06-r1-hold_trial-0.4,6,1,hold_trial-0.4,hold_trial,0.4,16,241.22000000000023,2,1000,1,400.0,1.0,48.0,1,1,2,1,1,1,1,1,False,0,1,1,0,0,0,hold,True
s06-r1-hold_trial-0.4,6,1,hold_trial-0.4,hold_trial,0.4,17,249.6480000000001,1,1000,1,400.0,1.0,48.0,1,1,1,1,1,1,1,1,False,1,1,0,1,1,0,hold,True
s06-r1-hold_trial-0.4,6,1,hold_trial-0.4,hold_trial,0.4,18,258.0159999999996,2,1000,1,400.0,1.0,48.0,1,1,1,1,1,1,2,1,False,0,0,0,0,1,1,hold,True
s06-r1-hold_trial-0.4,6,1,hold_trial-0.4,hold_trial,0.4,19,306.6279999999997,1,1000,1,400.0,1.0,48.0,1,1,2,1,1,1,2,1,False,1,0,1,1,0,1,hold,True
s06-r1-hold_trial-0.4,6,1,hold_trial-0.4,hold_trial,0.4,20,322.65200000000004,2,1000,1,400.0,1.0,48.0,1,1,1,1,1,1,1,1,False,0,0,0,0,0,0,hold,True
s06-r1-hold_trial-0.4,6,1,hold_trial-0.4,hold_trial,0.4,21,338.52400000000034,2,1000,1,400.0,1.0,48.0,2,1,1,1,1,1,1,1,False,1,0,1,0,0,0,hold,True
s06-r1-hold_trial-0.4,6,1,hold_trial-0.4,hold_trial,0.4,22,362.3360000000002,2,1000,1,400.0,1.0,48.0,1,1,1,1,1,1,2,1,False,0,0,0,0,1,1,hold,True
s06-r1-hold_trial-0.4,6,1,hold_trial-0.4,hold_trial,0.4,23,379.02800000000025,1,1000,1,400.0,1.0,48.0,1,1,1,1,1,1,1,1,False,1,1,0,1,1,0,hold,True
s06-r2-hold_trial-0.1,6,2,hold_trial-0.1,hold_trial,0.1,0,1.0,1,1000,1,100.0,1.0,48.0,1,1,1,1,1,1,1,1,False,1,1,0,1,1,0,hold,True
s06-r2-hold_trial-0.1,6,2,hold_trial-0.1,hold_trial,0.1,1,9.011999999999716,1,1000,1,100.0,1.0,48.0,1,1,1,1,1,1,1,1,False,1,1,0,1,1,0,hold,True
s06-r2-hold_trial-0.1,6,2,hold_trial-0.1,hold_trial,0.1,2,24.49200000000019,2,1000,1,100.0,1.0,48.0,2,1,2,1,2,1,2,1,False,1,1,0,1,1,0,hold,True
s06-r2-hold_trial-0.1,6,2,hold_trial-0.1,hold_trial,0.1,3,32.52400000000034,1,1000,1,100.0,1.0,48.0,1,1,1,1,1,1,1,1,False,1,1,0,1,1,0,hold,True
s06-r2-hold_trial-0.1,6,2,hold_trial-0.1,hold_trial,0.1,4,48.63600000000042,1,1000,1,100.0,1.0,48.0,1,1,1,1,1,1,1,1,False,1,1,0,1,1,0,hold,True
s06-r2-hold_trial-0.1,6,2,hold_trial-0.1,hold_trial,0.1,5,64.5600000000004,2,1000,1,100.0,1.0,48.0,2,1,2,1,1,1,1,1,False,1,1,0,0,0,0,hold,True
s06-r2-hold_trial-0.1,6,2,hold_trial-0.1,hold_trial,0.1,6,80.17600000000039,1,1000,1,100.0,1.0,48.0,1,1,1,1,1,1,1,1,False,1,1,0,1,1,0,hold,True
s06-r2-hold_trial-0.1,6,2,hold_trial-0.1,hold_trial,0.1,7,103.42000000000009,1,1000,1,100.0,1.0,48.0,1,1,1,1,1,1,1,1,False,1,1,0,1,1,0,hold,True
s06-r2-hold_trial-0.1,6,2,hold_trial-0.1,hold_trial,0.1,8,119.76800000000004,2,1000,1,100.0,1.0,48.0,1,1,1,1,2,1,2,1,False,0,0,0,1,1,0,hold,True
s06-r2-hold_trial-0.1,6,2,hold_trial-0.1,hold_trial,0.1,9,160.7520000000004,1,1000,1,100.0,1.0,48.0,1,1,1,1,1,1,1,1,False,1,1,0,1,1,0,hold,True
s06-r2-hold_trial-0.1,6,2,hold_trial-0.1,hold_trial,0.1,10,176.72000000000023,2,1000,1,100.0,1.0,48.0,1,1,1,1,2,1,1,1,False,0,0,0,1,0,1,hold,True
s06-r2-hold_trial-0.1,6,2,hold_trial-0.1,hold_trial,0.1,11,192.65599999999995,2,1000,1,100.0,1.0,48.0,1,1,1,1,1,1,1,1,False,0,0,0,0,0,0,hold,True
s06-r2-hold_trial-0.1,6,2,hold_trial-0.1,hold_trial,0.1,12,200.5,1,1000,1,100.0,1.0,48.0,1,1,1,1,1,1,1,1,False,1,1,0,1,1,0,hold,True
s06-r2-hold_trial-0.1,6,2,hold_trial-0.1,hold_trial,0.1,13,216.9319999999998,2,1000,1,100.0,1.0,48.0,1,1,1,1,1,1,2,1,False,0,0,0,0,1,1,hold,True
s06-r2-hold_trial-0.1,6,2,hold_trial-0.1,hold_trial,0.1,14,224.83200000000036,1,1000,1,100.0,1.0,48.0,1,1,1,1,2,1,2,1,False,1,1,0,0,0,0,hold,True
s06-r2-hold_trial-0.1,6,2,hold_trial-0.1,hold_trial,0.1,15,249.6480000000001,1,1000,1,100.0,1.0,48.0,1,1,1,1,2,1,2,1,False,1,1,0,0,0,0,hold,True
s06-r2-hold_trial-0.1,6,2,hold_trial-0.1,hold_trial,0.1,16,282.808,2,1000,1,100.0,1.0,48.0,1,1,1,1,1,1,2,1,False,0,0,0,0,1,1,hold,True
s06-r2-hold_trial-0.1,6,2,hold_trial-0.1,hold_trial,0.1,17,290.8879999999999,1,1000,1,100.0,1.0,48.0,1,1,1,1,2,1,2,1,False,1,1,0,0,0,0,hold,True
s06-r2-hold_trial-0.1,6,2,hold_trial-0.1,hold_trial,0.1,18,298.77599999999984,2,1000,1,100.0,1.0,48.0,2,1,2,1,2,1,2,1,False,1,1,0,1,1,0,hold,True
s06-r2-hold_trial-0.1,6,2,hold_trial-0.1,hold_trial,0.1,19,314.32800000000043,2,1000,1,100.0,1.0,48.0,1,1,1,1,1,1,1,1,False,0,0,0,0,0,0,hold,True
s06-r2-hold_trial-0.1,6,2,hold_trial-0.1,hold_trial,0.1,20,338.52400000000034,2,1000,1,100.0,1.0,48.0,2,1,2,1,1,1,1,1,False,1,1,0,0,0,0,hold,True
s06-r2-hold_trial-0.1,6,2,hold_trial-0.1,hold_trial,0.1,21,347.0000000000009,2,1000,1,100.0,1.0,48.0,1,1,1,1,1,1,2,1,False,0,0,0,0,1,1,hold,True
s06-r2-hold_trial-0.1,6,2,hold_trial-0.1,hold_trial,0.1,22,354.6240000000007,2,1000,1,100.0,1.0,48.0,2,1,2,1,2,1,2,1,False,1,1,0,1,1,0,hold,True
s06-r2-hold_trial-0.1,6,2,hold_trial-0.1,hold_trial,0.1,23,379.02799999999934,1,1000,1,100.0,1.0,48.0,1,1,1,1,1,1,1,1,False,1,1,0,1,1,0,hold,True
s06-r2-hold_trial-0.25,6,2,hold_trial-0.25,hold_trial,0.25,0,1.0,1,1000,1,250.0,1.0,48.0,1,1,1,1,1,1,1,1,False,1,1,0,1,1,0,hold,True
s06-r2-hold_trial-0.25,6,2,hold_trial-0.25,hold_trial,0.25,1,9.011999999999716,1,1000,1,250.0,1.0,48.0,1,1,1,1,1,1,1,1,False,1,1,0,1,1,0,hold,True
s06-r2-hold_trial-0.25,6,2,hold_trial-0.25,hold_trial,0.25,2,24.49200000000019,2,1000,1,250.0,1.0,48.0,1,1,2,1,2,1,2,1,False,0,1,1,1,1,0,hold,True
s06-r2-hold_trial-0.25,6,2,hold_trial-0.25,hold_trial,0.25,3,32.52400000000034,1,1000,1,250.0,1.0,48.0,1,1,1,1,1,1,1,1,False,1,1,0,1,1,0,hold,True
s06-r2-hold_trial-0.25,6,2,hold_trial-0.25,hold_trial,0.25,4,48.63600000000042,1,1000,1,250.0,1.0,48.0,1,1,1,1,1,1,1,1,False,1,1,0,1,1,0,hold,True
s06-r2-hold_trial-0.25,6,2,hold_trial-0.25,hold_trial,0.25,5,64.5600000000004,2,1000,1,250.0,1.0,48.0,2,1,2,1,1,1,1,1,False,1,1,0,0,0,0,hold,True
s06-r2-hold_trial-0.25,6,2,hold_trial-0.25,hold_trial,0.25,6,80.17600000000039,1,1000,1,250.0,1.0,48.0,1,1,1,1,1,1,1,1,False,1,1,0,1,1,0,hold,True
s06-r2-hold_trial-0.25,6,2,hold_trial-0.25,hold_trial,0.25,7,103.42000000000009,1,1000,1,250.0,1.0,48.0,1,1,1,1,1,1,1,1,False,1,1,0,1,1,0,hold,True
s06-r2-hold_trial-0.25,6,2,hold_trial-0.25,hold_trial,0.25,8,119.76800000000004,2,1000,1,250.0,1.0,48.0,1,1,1,1,2,1,2,1,False,0,0,0,1,1,0,hold,True
s06-r2-hold_trial-0.25,6,2,hold_trial-0.25,hold_trial,0.25,9,160.7520000000004,1,1000,1,250.0,1.0,48.0,1,1,1,1,1,1,1,1,False,1,1,0,1,1,0,hold,True
s06-r2-hold_trial-0.25,6,2,hold_trial-0.25,hold_trial,0.25,10,176.72000000000023,2,1000,1,250.0,1.0,48.0,1,1,1,1,1,1,1,1,False,0,0,0,0,0,0,hold,True
s06-r2-hold_trial-0.25,6,2,hold_trial-0.25,hold_trial,0.25,11,192.65599999999995,2,1000,1,250.0,1.0,48.0,1,1,1,1,1,1,1,1,False,0,0,0,0,0,0,hold,True
s06-r2-hold_trial-0.25,6,2,hold_trial-0.25,hold_trial,0.25,12,200.5,1,1000,1,250.0,1.0,48.0,1,1,1,1,1,1,1,1,False,1,1,0,1,1,0,hold,True
s06-r2-hold_trial-0.25,6,2,hold_trial-0.25,hold_trial,0.25,13,216.9319999999998,2,1000,1,250.0,1.0,48.0,1,1,1,1,1,1,2,1,False,0,0,0,0,1,1,hold,True
s06-r2-hold_trial-0.25,6,2,hold_trial-0.25,hold_trial,0.25,14,224.83200000000036,1,1000,1,250.0,1.0,48.0,1,1,1,1,2,1,2,1,False,1,1,0,0,0,0,hold,True
s06-r2-hold_trial-0.25,6,2,hold_trial-0.25,hold_trial,0.25,15,249.6480000000001,1,1000,1,250.0,1.0,48.0,1,1,1,1,1,1,2,1,False,1,1,0,1,0,1,hold,True
s06-r2-hold_trial-0.25,6,2,hold_trial-0.25,hold_trial,0.25,16,282.808,2,1000,1,250.0,1.0,48.0,1,1,1,1,1,1,2,1,False,0,0,0,0,1,1,hold,True
s06-r2-hold_trial-0.25,6,2,hold_trial-0.25,hold_trial,0.25,17,290.8879999999999,1,1000,1,250.0,1.0,48.0,1,1,1,1,1,1,2,1,False,1,1,0,1,0,1,hold,True
s06-r2-hold_trial-0.25,6,2,hold_trial-0.25,hold_trial,0.25,18,298.77599999999984,2,1000,1,250.0,1.0,48.0,2,1,2,1,1,1,2,1,False,1,1,0,0,1,1,hold,True
s06-r2-hold_trial-0.25,6,2,hold_trial-0.25,hold_trial,0.25,19,314.3279999999995,2,1000,1,250.0,1.0,48.0,1,1,1,1,1,1,1,1,False,0,0,0,0,0,0,hold,True
s06-r2-hold_trial-0.25,6,2,hold_trial-0.25,hold_trial,0.25,20,338.52399999999943,2,1000,1,250.0,1.0,48.0,2,1,2,1,1,1,1,1,False,1,1,0,0,0,0,hold,True
s06-r2-hold_trial-0.25,6,2,hold_trial-0.25,hold_trial,0.25,21,347.0,2,1000,1,250.0,1.0,48.0,1,1,1,1,1,1,2,1,False,0,0,0,0,1,1,hold,True
s06-r2-hold_trial-0.25,6,2,hold_trial-0.25,hold_trial,0.25,22,354.6239999999998,2,1000,1,250.0,1.0,48.0,2,1,2,1,2,1,2,1,False,1,1,0,1,1,0,hold,True
s06-r2-hold_trial-0.25,6,2,hold_trial-0.25,hold_trial,0.25,23,379.02800000000025,1,1000,1,250.0,1.0,48.0,1,1,1,1,1,1,1,1,False,1,1,0,1,1,0,hold,True
s06-r2-hold_trial-0.4,6,2,hold_trial-0.4,hold_trial,0.4,0,1.0,1,1000,1,400.0,1.0,48.0,1,1,1,1,1,1,1,1,False,1,1,0,1,1,0,hold,True
s06-r2-hold_trial-0.4,6,2,hold_trial-0.4,hold_trial,0.4,1,9.011999999999716,1,1000,1,400.0,1.0,48.0,1,1,1,1,1,1,1,1,False,1,1,0,1,1,0,hold,True
s06-r2-hold_trial-0.4,6,2,hold_trial-0.4,hold_trial,0.4,2,24.49200000000019,2,1000,1,400.0,1.0,48.0,1,1,2,1,1,1,2,1,False,0,1,1,0,1,1,hold,True
s06-r2-hold_trial-0.4,6,2,hold_trial-0.4,hold_trial,0.4,3,32.52400000000034,1,1000,1,400.0,1.0,48.0,1,1,1,1,1,1,1,1,False,1,1,0,1,1,0,hold,True
s06-r2-hold_trial-0.4,6,2,hold_trial-0.4,hold_trial,0.4,4,48.63600000000042,1,1000,1,400.0,1.0,48.0,1,1,1,1,1,1,1,1,False,1,1,0,1,1,0,hold,True
s06-r2-hold_trial-0.4,6,2,hold_trial-0.4,hold_trial,0.4,5,64.5600000000004,2,1000,1,400.0,1.0,48.0,2,1,2,1,1,1,1,1,False,1,1,0,0,0,0,hold,True
s06-r2-hold_trial-0.4,6,2,hold_trial-0.4,hold_trial,0.4,6,80.17600000000039,1,1000,1,400.0,1.0,48.0,1,1,1,1,1,1,1,1,False,1,1,0,1,1,0,hold,True
s06-r2-hold_trial-0.4,6,2,hold_trial-0.4,hold_trial,0.4,7,103.42000000000009,1,1000,1,400.0,1.0,48.0,1,1,1,1,1,1,1,1,False,1,1,0,1,1,0,hold,True
s06-r2-hold_trial-0.4,6,2,hold_trial-0.4,hold_trial,0.4,8,119.76800000000004,2,1000,1,400.0,1.0,48.0,1,1,1,1,1,1,2,1,False,0,0,0,0,1,1,hold,True
s06-r2-hold_trial-0.4,6,2,hold_trial-0.4,hold_trial,0.4,9,160.7520000000004,1,1000,1,400.0,1.0,48.0,1,1,1,1,1,1,1,1,False,1,1,0,1,1,0,hold,True
s06-r2-hold_trial-0.4,6,2,hold_trial-0.4,hold_trial,0.4,10,176.72000000000023,2,1000,1,400.0,1.0,48.0,1,1,1,1,1,1,1,1,False,0,0,0,0,0,0,hold,True
s06-r2-hold_trial-0.4,6,2,hold_trial-0.4,hold_trial,0.4,11,192.65599999999995,2,1000,1,400.0,1.0,48.0,1,1,1,1,1,1,1,1,False,0,0,0,0,0,0,hold,True
s06-r2-hold_trial-0.4,6,2,hold_trial-0.4,hold_trial,0.4,12,200.5,1,1000,1,400.0,1.0,48.0,1,1,1,1,1,1,1,1,False,1,1,0,1,1,0,hold,True
s06-r2-hold_trial-0.4,6,2,hold_trial-0.4,hold_trial,0.4,13,216.9319999999998,2,1000,1,400.0,1.0,48.0,1,1,1,1,1,1,2,1,False,0,0,0,0,1,1,hold,True
s06-r2-hold_trial-0.4,6,2,hold_trial-0.4,hold_trial,0.4,14,224.83200000000036,1,1000,1,400.0,1.0,48.0,1,1,1,1,1,1,2,1,False,1,1,0,1,0,1,hold,True
s06-r2-hold_trial-0.4,6,2,hold_trial-0.4,hold_trial,0.4,15,249.6480000000001,1,1000,1,400.0,1.0,48.0,1,1,1,1,1,1,2,1,False,1,1,0,1,0,1,hold,True
s06-r2-hold_trial-0.4,6,2,hold_trial-0.4,hold_trial,0.4,16,282.808,2,1000,1,400.0,1.0,48.0,1,1,1,1,2,1,2,1,False,0,0,0,1,1,0,hold,True
s06-r2-hold_trial-0.4,6,2,hold_trial-0.4,hold_trial,0.4,17,290.8879999999999,1,1000,1,400.0,1.0,48.0,1,1,1,1,1,1,2,1,False,1,1,0,1,0,1,hold,True
s06-r2-hold_trial-0.4,6,2,hold_trial-0.4,hold_trial,0.4,18,298.77599999999984,2,1000,1,400.0,1.0,48.0,2,1,2,1,1,1,2,1,False,1,1,0,0,1,1,hold,True
s06-r2-hold_trial-0.4,6,2,hold_trial-0.4,hold_trial,0.4,19,314.3279999999995,2,1000,1,400.0,1.0,48.0,1,1,1,1,1,1,1,1,False,0,0,0,0,0,0,hold,True
s06-r2-hold_trial-0.4,6,2,hold_trial-0.4,hold_trial,0.4,20,338.52399999999943,2,1000,1,400.0,1.0,48.0,1,1,2,1,1,1,1,1,False,0,1,1,0,0,0,hold,True
s06-r2-hold_trial-0.4,6,2,hold_trial-0.4,hold_trial,0.4,21,347.0,2,1000,1,400.0,1.0,48.0,1,1,1,1,1,1,2,1,False,0,0,0,0,1,1,hold,True
s06-r2-hold_trial-0.4,6,2,hold_trial-0.4,hold_trial,0.4,22,354.6239999999998,2,1000,1,400.0,1.0,48.0,1,1,2,1,2,1,2,1,False,0,1,1,1,1,0,hold,True
s06-r2-hold_trial-0.4,6,2,hold_trial-0.4,hold_trial,0.4,23,379.02800000000025,1,1000,1,400.0,1.0,48.0,1,1,1,1,1,1,1,1,False,1,1,0,1,1,0,hold,True
s06-r3-hold_trial-0.1,6,3,hold_trial-0.1,hold_trial,0.1,0,1.0,2,1000,1,100.0,1.0,48.0,1,1,2,1,1,1,1,1,False,0,1,1,0,0,0,hold,True
s06-r3-hold_trial-0.1,6,3,hold_trial-0.1,hold_trial,0.1,1,16.683999999999287,1,1000,1,100.0,1.0,48.0,1,1,1,1,1,1,1,1,False,1,1,0,1,1,0,hold,True
s06-r3-hold_trial-0.1,6,3,hold_trial-0.1,hold_trial,0.1,2,48.63600000000042,1,1000,1,100.0,1.0,48.0,1,1,1,1,1,1,1,1,False,1,1,0,1,1,0,hold,True
s06-r3-hold_trial-0.1,6,3,hold_trial-0.1,hold_trial,0.1,3,56.83599999999933,1,1000,1,100.0,1.0,48.0,1,1,1,1,1,1,1,1,False,1,1,0,1,1,0,hold,True
s06-r3-hold_trial-0.1,6,3,hold_trial-0.1,hold_trial,0.1,4,72.55199999999968,2,1000,1,100.0,1.0,48.0,1,1,2,1,1,1,1,1,False,0,1,1,0,0,0,hold,True
s06-r3-hold_trial-0.1,6,3,hold_trial-0.1,hold_trial,0.1,5,103.42000000000009,2,1000,1,100.0,1.0,48.0,1,1,1,1,2,1,2,1,False,0,0,0,1,1,0,hold,True
s06-r3-hold_trial-0.1,6,3,hold_trial-0.1,hold_trial,0.1,6,111.28800000000048,1,1000,1,100.0,1.0,48.0,1,1,1,1,1,1,2,1,False,1,1,0,1,0,1,hold,True
s06-r3-hold_trial-0.1,6,3,hold_trial-0.1,hold_trial,0.1,7,127.79999999999929,2,1000,1,100.0,1.0,48.0,1,1,1,1,2,1,2,1,False,0,0,0,1,1,0,hold,True
s06-r3-hold_trial-0.1,6,3,hold_trial-0.1,hold_trial,0.1,8,144.20800000000054,1,1000,1,100.0,1.0,48.0,1,1,1,1,1,1,2,1,False,1,1,0,1,0,1,hold,True
s06-r3-hold_trial-0.1,6,3,hold_trial-0.1,hold_trial,0.1,9,169.07200000000012,2,1000,1,100.0,1.0,48.0,1,1,1,1,1,1,1,1,False,0,0,0,0,0,0,hold,True
s06-r3-hold_trial-0.1,6,3,hold_trial-0.1,hold_trial,0.1,10,192.6560000000009,1,1000,1,100.0,1.0,48.0,1,1,1,1,1,1,1,1,False,1,1,0,1,1,0,hold,True
s06-r3-hold_trial-0.1,6,3,hold_trial-0.1,hold_trial,0.1,11,200.5,2,1000,1,100.0,1.0,48.0,1,1,1,1,2,1,2,1,False,0,0,0,1,1,0,hold,True
s06-r3-hold_trial-0.1,6,3,hold_trial-0.1,hold_trial,0.1,12,208.9159999999993,2,1000,1,100.0,1.0,48.0,1,1,1,1,1,1,1,1,False,0,0,0,0,0,0,hold,True
s06-r3-hold_trial-0.1,6,3,hold_trial-0.1,hold_trial,0.1,13,232.9359999999997,2,1000,1,100.0,1.0,48.0,1,1,2,1,2,1,2,1,False,0,1,1,1,1,0,hold,True
s06-r3-hold_trial-0.1,6,3,hold_trial-0.1,hold_trial,0.1,14,241.21999999999932,1,1000,1,100.0,1.0,48.0,1,1,1,1,1,1,1,1,False,1,1,0,1,1,0,hold,True
s06-r3-hold_trial-0.1,6,3,hold_trial-0.1,hold_trial,0.1,15,249.64799999999923,1,1000,1,100.0,1.0,48.0,1,1,1,1,1,1,1,1,False,1,1,0,1,1,0,hold,True
s06-r3-hold_trial-0.1,6,3,hold_trial-0.1,hold_trial,0.1,16,266.3799999999992,2,1000,1,100.0,1.0,48.0,1,1,1,1,1,1,1,1,False,0,0,0,0,0,0,hold,True
s06-r3-hold_trial-0.1,6,3,hold_trial-0.1,hold_trial,0.1,17,274.5519999999997,1,1000,1,100.0,1.0,48.0,1,1,1,1,1,1,1,1,False,1,1,0,1,1,0,hold,True
s06-r3-hold_trial-0.1,6,3,hold_trial-0.1,hold_trial,0.1,18,290.88800000000083,2,1000,1,100.0,1.0,48.0,1,1,1,1,2,1,2,1,False,0,0,0,1,1,0,hold,True
s06-r3-hold_trial-0.1,6,3,hold_trial-0.1,hold_trial,0.1,19,298.77599999999984,2,1000,1,100.0,1.0,48.0,2,1,2,1,2,1,2,1,False,1,1,0,1,1,0,hold,True
s06-r3-hold_trial-0.1,6,3,hold_trial-0.1,hold_trial,0.1,20,314.3279999999995,1,1000,1,100.0,1.0,48.0,1,1,1,1,1,1,1,1,False,1,1,0,1,1,0,hold,True
s06-r3-hold_trial-0.1,6,3,hold_trial-0.1,hold_trial,0.1,21,362.3359999999993,1,1000,1,100.0,1.0,48.0,1,1,1,1,1,1,1,1,False,1,1,0,1,1,0,hold,True
s06-r3-hold_trial-0.1,6,3,hold_trial-0.1,hold_trial,0.1,22,370.79199999999946,2,1000,1,100.0,1.0,48.0,2,1,2,1,2,1,2,1,False,1,1,0,1,1,0,hold,True
s06-r3-hold_trial-0.1,6,3,hold_trial-0.1,hold_trial,0.1,23,379.02800000000025,1,1000,1,100.0,1.0,48.0,1,1,1,1,1,1,1,1,False,1,1,0,1,1,0,hold,True
s06-r3-hold_trial-0.25,6,3,hold_trial-0.25,hold_trial,0.25,0,1.0,2,1000,1,250.0,1.0,48.0,2,1,2,1,1,1,1,1,False,1,1,0,0,0,0,hold,True
s06-r3-hold_trial-0.25,6,3,hold_trial-0.25,hold_trial,0.25,1,16.683999999999287,1,1000,1,250.0,1.0,48.0,1,1,1,1,1,1,1,1,False,1,1,0,1,1,0,hold,True
s06-r3-hold_trial-0.25,6,3,hold_trial-0.25,hold_trial,0.25,2,48.63600000000042,1,1000,1,250.0,1.0,48.0,1,1,1,1,1,1,1,1,False,1,1,0,1,1,0,hold,True
s06-r3-hold_trial-0.25,6,3,hold_trial-0.25,hold_trial,0.25,3,56.83599999999933,1,1000,1,250.0,1.0,48.0,1,1,1,1,1,1,1,1,False,1,1,0,1,1,0,hold,True
s06-r3-hold_trial-0.25,6,3,hold_trial-0.25,hold_trial,0.25,4,72.55199999999968,2,1000,1,250.0,1.0,48.0,1,1,2,1,1,1,1,1,False,0,1,1,0,0,0,hold,True
s06-r3-hold_trial-0.25,6,3,hold_trial-0.25,hold_trial,0.25,5,103.42000000000009,2,1000,1,250.0,1.0,48.0,1,1,1,1,2,1,2,1,False,0,0,0,1,1,0,hold,True
s06-r3-hold_trial-0.25,6,3,hold_trial-0.25,hold_trial,0.25,6,111.28800000000048,1,1000,1,250.0,1.0,48.0,1,1,1,1,1,1,2,1,False,1,1,0,1,0,1,hold,True
s06-r3-hold_trial-0.25,6,3,hold_trial-0.25,hold_trial,0.25,7,127.79999999999929,2,1000,1,250.0,1.0,48.0,1,1,1,1,1,1,2,1,False,0,0,0,0,1,1,hold,True
s06-r3-hold_trial-0.25,6,3,hold_trial-0.25,hold_trial,0.25,8,144.20800000000054,1,1000,1,250.0,1.0,48.0,1,1,1,1,1,1,2,1,False,1,1,0,1,0,1,hold,True
s06-r3-hold_trial-0.25,6,3,hold_trial-0.25,hold_trial,0.25,9,169.07200000000012,2,1000,1,250.0,1.0,48.0,1,1,1,1,1,1,1,1,False,0,0,0,0,0,0,hold,True
s06-r3-hold_trial-0.25,6,3,hold_trial-0.25,hold_trial,0.25,10,192.6560000000009,1,1000,1,250.0,1.0,48.0,1,1,1,1,1,1,1,1,False,1,1,0,1,1,0,hold,True
s06-r3-hold_trial-0.25,6,3,hold_trial-0.25,hold_trial,0.25,11,200.5,2,1000,1,250.0,1.0,48.0,1,1,1,1,2,1,2,1,False,0,0,0,1,1,0,hold,True
s06-r3-hold_trial-0.25,6,3,hold_trial-0.25,hold_trial,0.25,12,208.9159999999993,2,1000,1,250.0,1.0,48.0,1,1,1,1,1,1,1,1,False,0,0,0,0,0,0,hold,True
s06-r3-hold_trial-0.25,6,3,hold_trial-0.25,hold_trial,0.25,13,232.9359999999997,2,1000,1,250.0,1.0,48.0,1,1,2,1,2,1,2,1,False,0,1,1,1,1,0,hold,True
s06-r3-hold_trial-0.25,6,3,hold_trial-0.25,hold_trial,0.25,14,241.21999999999932,1,1000,1,250.0,1.0,48.0,1,1,1,1,1,1,1,1,False,1,1,0,1,1,0,hold,True
s06-r3-hold_trial-0.25,6,3,hold_trial-0.25,hold_trial,0.25,15,249.64799999999923,1,1000,1,250.0,1.0,48.0,1,1,1,1,1,1,1,1,False,1,1,0,1,1,0,hold,True
s06-r3-hold_trial-0.25,6,3,hold_trial-0.25,hold_trial,0.25,16,266.3799999999992,2,1000,1,250.0,1.0,48.0,1,1,1,1,1,1,1,1,False,0,0,0,0,0,0,hold,True
s06-r3-hold_trial-0.25,6,3,hold_trial-0.25,hold_trial,0.25,17,274.5519999999997,1,1000,1,250.0,1.0,48.0,1,1,1,1,1,1,1,1,False,1,1,0,1,1,0,hold,True
s06-r3-hold_trial-0.25,6,3,hold_trial-0.25,hold_trial,0.25,18,290.88800000000083,2,1000,1,250.0,1.0,48.0,1,1,1,1,2,1,2,1,False,0,0,0,1,1,0,hold,True
s06-r3-hold_trial-0.25,6,3,hold_trial-0.25,hold_trial,0.25,19,298.77599999999984,2,1000,1,250.0,1.0,48.0,2,1,2,1,2,1,2,1,False,1,1,0,1,1,0,hold,True
s06-r3-hold_trial-0.25,6,3,hold_trial-0.25,hold_trial,0.25,20,314.3279999999995,1,1000,1,250.0,1.0,48.0,1,1,1,1,1,1,1,1,False,1,1,0,1,1,0,hold,True
s06-r3-hold_trial-0.25,6,3,hold_trial-0.25,hold_trial,0.25,21,362.3359999999993,1,1000,1,250.0,1.0,48.0,1,1,1,1,2,1,1,1,False,1,1,0,0,1,1,hold,True
s06-r3-hold_trial-0.25,6,3,hold_trial-0.25,hold_trial,0.25,22,370.79199999999946,2,1000,1,250.0,1.0,48.0,2,1,2,1,1,1,2,1,False,1,1,0,0,1,1,hold,True
s06-r3-hold_trial-0.25,6,3,hold_trial-0.25,hold_trial,0.25,23,379.02800000000025,1,1000,1,250.0,1.0,48.0,1,1,1,1,1,1,1,1,False,1,1,0,1,1,0,hold,True
s06-r3-hold_trial-0.4,6,3,hold_trial-0.4,hold_trial,0.4,0,1.0,2,1000,1,400.0,1.0,48.0,2,1,2,1,1,1,1,1,False,1,1,0,0,0,0,hold,True
s06-r3-hold_trial-0.4,6,3,hold_trial-0.4,hold_trial,0.4,1,16.683999999999287,1,1000,1,400.0,1.0,48.0,1,1,1,1,1,1,1,1,False,1,1,0,1,1,0,hold,True
s06-r3-hold_trial-0.4,6,3,hold_trial-0.4,hold_trial,0.4,2,48.63600000000042,1,1000,1,400.0,1.0,48.0,1,1,1,1,1,1,1,1,False,1,1,0,1,1,0,hold,True
s06-r3-hold_trial-0.4,6,3,hold_trial-0.4,hold_trial,0.4,3,56.83599999999933,1,1000,1,400.0,1.0,48.0,1,1,1,1,1,1,1,1,False,1,1,0,1,1,0,hold,True
s06-r3-hold_trial-0.4,6,3,hold_trial-0.4,hold_trial,0.4,4,72.55199999999968,2,1000,1,400.0,1.0,48.0,1,1,2,1,1,1,1,1,False,0,1,1,0,0,0,hold,True
s06-r3-hold_trial-0.4,6,3,hold_trial-0.4,hold_trial,0.4,5,103.42000000000009,2,1000,1,400.0,1.0,48.0,1,1,1,1,2,1,2,1,False,0,0,0,1,1,0,hold,True
s06-r3-hold_trial-0.4,6,3,hold_trial-0.4,hold_trial,0.4,6,111.28800000000048,1,1000,1,400.0,1.0,48.0,1,1,1,1,1,1,2,1,False,1,1,0,1,0,1,hold,True
s06-r3-hold_trial-0.4,6,3,hold_trial-0.4,hold_trial,0.4,7,127.79999999999929,2,1000,1,400.0,1.0,48.0,1,1,1,1,1,1,2,1,False,0,0,0,0,1,1,hold,True
s06-r3-hold_trial-0.4,6,3,hold_trial-0.4,hold_trial,0.4,8,144.20800000000054,1,1000,1,400.0,1.0,48.0,1,1,1,1,1,1,2,1,False,1,1,0,1,0,1,hold,True
s06-r3-hold_trial-0.4,6,3,hold_trial-0.4,hold_trial,0.4,9,169.07200000000012,2,1000,1,400.0,1.0,48.0,1,1,1,1,1,1,1,1,False,0,0,0,0,0,0,hold,True
s06-r3-hold_trial-0.4,6,3,hold_trial-0.4,hold_trial,0.4,10,192.6560000000009,1,1000,1,400.0,1.0,48.0,1,1,1,1,1,1,1,1,False,1,1,0,1,1,0,hold,True
s06-r3-hold_trial-0.4,6,3,hold_trial-0.4,hold_trial,0.4,11,200.5,2,1000,1,400.0,1.0,48.0,1,1,1,1,2,1,2,1,False,0,0,0,1,1,0,hold,True
s06-r3-hold_trial-0.4,6,3,hold_trial-0.4,hold_trial,0.4,12,208.9159999999993,2,1000,1,400.0,1.0,48.0,1,1,1,1,1,1,1,1,False,0,0,0,0,0,0,hold,True
s06-r3-hold_trial-0.4,6,3,hold_trial-0.4,hold_trial,0.4,13,232.9359999999997,2,1000,1,400.0,1.0,48.0,1,1,2,1,2,1,2,1,False,0,1,1,1,1,0,hold,True
s06-r3-hold_trial-0.4,6,3,hold_trial-0.4,hold_trial,0.4,14,241.21999999999932,1,1000,1,400.0,1.0,48.0,1,1,1,1,1,1,1,1,False,1,1,0,1,1,0,hold,True
s06-r3-hold_trial-0.4,6,3,hold_trial-0.4,hold_trial,0.4,15,249.64799999999923,1,1000,1,400.0,1.0,48.0,1,1,1,1,1,1,1,1,False,1,1,0,1,1,0,hold,True
s06-r3-hold_trial-0.4,6,3,hold_trial-0.4,hold_trial,0.4,16,266.3799999999992,2,1000,1,400.0,1.0,48.0,1,1,1,1,1,1,1,1,False,0,0,0,0,0,0,hold,True
s06-r3-hold_trial-0.4,6,3,hold_trial-0.4,hold_trial,0.4,17,274.5519999999997,1,1000,1,400.0,1.0,48.0,1,1,1,1,1,1,1,1,False,1,1,0,1,1,0,hold,True
s06-r3-hold_trial-0.4,6,3,hold_trial-0.4,hold_trial,0.4,18,290.88800000000083,2,1000,1,400.0,1.0,48.0,1,1,1,1,1,1,2,1,False,0,0,0,0,1,1,hold,True
s06-r3-hold_trial-0.4,6,3,hold_trial-0.4,hold_trial,0.4,19,298.77599999999984,2,1000,1,400.0,1.0,48.0,2,1,2,1,2,1,2,1,False,1,1,0,1,1,0,hold,True
s06-r3-hold_trial-0.4,6,3,hold_trial-0.4,hold_trial,0.4,20,314.3279999999995,1,1000,1,400.0,1.0,48.0,1,1,1,1,1,1,1,1,False,1,1,0,1,1,0,hold,True
s06-r3-hold_trial-0.4,6,3,hold_trial-0.4,hold_trial,0.4,21,362.3359999999993,1,1000,1,400.0,1.0,48.0,1,1,1,1,1,1,1,1,False,1,1,0,1,1,0,hold,True
s06-r3-hold_trial-0.4,6,3,hold_trial-0.4,hold_trial,0.4,22,370.79199999999946,2,1000,1,400.0,1.0,48.0,1,1,2,1,2,1,2,1,False,0,1,1,1,1,0,hold,True
s06-r3-hold_trial-0.4,6,3,hold_trial-0.4,hold_trial,0.4,23,379.02800000000025,1,1000,1,400.0,1.0,48.0,1,1,1,1,1,1,1,1,False,1,1,0,1,1,0,hold,True
s06-r4-hold_trial-0.1,6,4,hold_trial-0.1,hold_trial,0.1,0,1.0,2,1000,1,100.0,1.0,48.0,1,1,1,1,1,1,2,1,False,0,0,0,0,1,1,hold,True
s06-r4-hold_trial-0.1,6,4,hold_trial-0.1,hold_trial,0.1,1,9.012000000000626,1,1000,1,100.0,1.0,48.0,1,1,1,1,1,1,2,1,False,1,1,0,1,0,1,hold,True
s06-r4-hold_trial-0.1,6,4,hold_trial-0.1,hold_trial,0.1,2,16.683999999999287,1,1000,1,100.0,1.0,48.0,1,1,1,1,1,1,1,1,False,1,1,0,1,1,0,hold,True
s06-r4-hold_trial-0.1,6,4,hold_trial-0.1,hold_trial,0.1,3,40.96800000000076,2,1000,1,100.0,1.0,48.0,1,1,1,1,1,1,1,1,False,0,0,0,0,0,0,hold,True
s06-r4-hold_trial-0.1,6,4,hold_trial-0.1,hold_trial,0.1,4,64.55999999999949,1,1000,1,100.0,1.0,48.0,1,1,1,1,1,1,1,1,False,1,1,0,1,1,0,hold,True
s06-r4-hold_trial-0.1,6,4,hold_trial-0.1,hold_trial,0.1,5,80.17599999999948,1,1000,1,100.0,1.0,48.0,1,1,1,1,1,1,1,1,False,1,1,0,1,1,0,hold,True
s06-r4-hold_trial-0.1,6,4,hold_trial-0.1,hold_trial,0.1,6,87.7559999999994,1,1000,1,100.0,1.0,48.0,1,1,1,1,1,1,1,1,False,1,1,0,1,1,0,hold,True
s06-r4-hold_trial-0.1,6,4,hold_trial-0.1,hold_trial,0.1,7,95.64400000000025,2,1000,1,100.0,1.0,48.0,2,1,2,1,2,1,2,1,False,1,1,0,1,1,0,hold,True
s06-r4-hold_trial-0.1,6,4,hold_trial-0.1,hold_trial,0.1,8,119.76800000000004,2,1000,1,100.0,1.0,48.0,1,1,1,1,2,1,2,1,False,0,0,0,1,1,0,hold,True
s06-r4-hold_trial-0.1,6,4,hold_trial-0.1,hold_trial,0.1,9,169.07200000000012,2,1000,1,100.0,1.0,48.0,1,1,1,1,2,1,2,1,False,0,0,0,1,1,0,hold,True
s06-r4-hold_trial-0.1,6,4,hold_trial-0.1,hold_trial,0.1,10,176.71999999999937,2,1000,1,100.0,1.0,48.0,1,1,1,1,2,1,2,1,False,0,0,0,1,1,0,hold,True
s06-r4-hold_trial-0.1,6,4,hold_trial-0.1,hold_trial,0.1,11,192.6560000000009,1,1000,1,100.0,1.0,48.0,1,1,1,1,1,1,2,1,False,1,1,0,1,0,1,hold,True
s06-r4-hold_trial-0.1,6,4,hold_trial-0.1,hold_trial,0.1,12,200.5,2,1000,1,100.0,1.0,48.0,1,1,1,1,1,1,1,1,False,0,0,0,0,0,0,hold,True
s06-r4-hold_trial-0.1,6,4,hold_trial-0.1,hold_trial,0.1,13,208.9159999999993,2,1000,1,100.0,1.0,48.0,1,1,1,1,1,1,1,1,False,0,0,0,0,0,0,hold,True
s06-r4-hold_trial-0.1,6,4,hold_trial-0.1,hold_trial,0.1,14,216.9320000000007,2,1000,1,100.0,1.0,48.0,1,1,1,1,2,1,2,1,False,0,0,0,1,1,0,hold,True
s06-r4-hold_trial-0.1,6,4,hold_trial-0.1,hold_trial,0.1,15,241.21999999999932,1,1000,1,100.0,1.0,48.0,1,1,1,1,1,1,1,1,False,1,1,0,1,1,0,hold,True
s06-r4-hold_trial-0.1,6,4,hold_trial-0.1,hold_trial,0.1,16,258.0159999999996,1,1000,1,100.0,1.0,48.0,1,1,1,1,1,1,1,1,False,1,1,0,1,1,0,hold,True
s06-r4-hold_trial-0.1,6,4,hold_trial-0.1,hold_trial,0.1,17,274.5519999999997,1,1000,1,100.0,1.0,48.0,1,1,1,1,1,1,1,1,False,1,1,0,1,1,0,hold,True
s06-r4-hold_trial-0.1,6,4,hold_trial-0.1,hold_trial,0.1,18,290.88800000000083,1,1000,1,100.0,1.0,48.0,2,1,2,1,1,1,1,1,False,0,0,0,1,1,0,hold,True
s06-r4-hold_trial-0.1,6,4,hold_trial-0.1,hold_trial,0.1,19,306.6280000000006,1,1000,1,100.0,1.0,48.0,2,1,2,1,1,1,1,1,False,0,0,0,1,1,0,hold,True
s06-r4-hold_trial-0.1,6,4,hold_trial-0.1,hold_trial,0.1,20,314.3279999999995,2,1000,1,100.0,1.0,48.0,1,1,1,1,1,1,1,1,False,0,0,0,0,0,0,hold,True
s06-r4-hold_trial-0.1,6,4,hold_trial-0.1,hold_trial,0.1,21,347.0,1,1000,1,100.0,1.0,48.0,1,1,1,1,1,1,1,1,False,1,1,0,1,1,0,hold,True
s06-r4-hold_trial-0.1,6,4,hold_trial-0.1,hold_trial,0.1,22,354.6239999999998,2,1000,1,100.0,1.0,48.0,1,1,1,1,1,1,2,1,False,0,0,0,0,1,1,hold,True
s06-r4-hold_trial-0.1,6,4,hold_trial-0.1,hold_trial,0.1,23,370.79199999999946,2,1000,1,100.0,1.0,48.0,2,1,2,1,2,1,2,1,False,1,1,0,1,1,0,hold,True
s06-r4-hold_trial-0.25,6,4,hold_trial-0.25,hold_trial,0.25,0,1.0,2,1000,1,250.0,1.0,48.0,1,1,1,1,1,1,2,1,False,0,0,0,0,1,1,hold,True
s06-r4-hold_trial-0.25,6,4,hold_trial-0.25,hold_trial,0.25,1,9.012000000000626,1,1000,1,250.0,1.0,48.0,1,1,1,1,1,1,2,1,False,1,1,0,1,0,1,hold,True
s06-r4-hold_trial-0.25,6,4,hold_trial-0.25,hold_trial,0.25,2,16.683999999999287,1,1000,1,250.0,1.0,48.0,1,1,1,1,1,1,1,1,False,1,1,0,1,1,0,hold,True
s06-r4-hold_trial-0.25,6,4,hold_trial-0.25,hold_trial,0.25,3,40.96800000000076,2,1000,1,250.0,1.0,48.0,1,1,1,1,1,1,1,1,False,0,0,0,0,0,0,hold,True
s06-r4-hold_trial-0.25,6,4,hold_trial-0.25,hold_trial,0.25,4,64.55999999999949,1,1000,1,250.0,1.0,48.0,1,1,1,1,1,1,1,1,False,1,1,0,1,1,0,hold,True
s06-r4-hold_trial-0.25,6,4,hold_trial-0.25,hold_trial,0.25,5,80.17599999999948,1,1000,1,250.0,1.0,48.0,1,1,1,1,1,1,1,1,False,1,1,0,1,1,0,hold,True
s06-r4-hold_trial-0.25,6,4,hold_trial-0.25,hold_trial,0.25,6,87.7559999999994,1,1000,1,250.0,1.0,48.0,1,1,1,1,1,1,1,1,False,1,1,0,1,1,0,hold,True
s06-r4-hold_trial-0.25,6,4,hold_trial-0.25,hold_trial,0.25,7,95.64400000000025,2,1000,1,250.0,1.0,48.0,1,1,2,1,1,1,2,1,False,0,1,1,0,1,1,hold,True
s06-r4-hold_trial-0.25,6,4,hold_trial-0.25,hold_trial,0.25,8,119.76800000000004,2,1000,1,250.0,1.0,48.0,1,1,1,1,1,1,2,1,False,0,0,0,0,1,1,hold,True
s06-r4-hold_trial-0.25,6,4,hold_trial-0.25,hold_trial,0.25,9,169.07200000000012,2,1000,1,250.0,1.0,48.0,1,1,1,1,2,1,2,1,False,0,0,0,1,1,0,hold,True
s06-r4-hold_trial-0.25,6,4,hold_trial-0.25,hold_trial,0.25,10,176.71999999999937,2,1000,1,250.0,1.0,48.0,1,1,1,1,1,1,2,1,False,0,0,0,0,1,1,hold,True
s06-r4-hold_trial-0.25,6,4,hold_trial-0.25,hold_trial,0.25,11,192.6560000000009,1,1000,1,250.0,1.0,48.0,1,1,1,1,2,1,2,1,False,1,1,0,0,0,0,hold,True
s06-r4-hold_trial-0.25,6,4,hold_trial-0.25,hold_trial,0.25,12,200.5,2,1000,1,250.0,1.0,48.0,1,1,1,1,1,1,1,1,False,0,0,0,0,0,0,hold,True
s06-r4-hold_trial-0.25,6,4,hold_trial-0.25,hold_trial,0.25,13,208.9159999999993,2,1000,1,250.0,1.0,48.0,1,1,1,1,1,1,1,1,False,0,0,0,0,0,0,hold,True
s06-r4-hold_trial-0.25,6,4,hold_trial-0.25,hold_trial,0.25,14,216.9320000000007,2,1000,1,250.0,1.0,48.0,1,1,1,1,1,1,2,1,False,0,0,0,0,1,1,hold,True
s06-r4-hold_trial-0.25,6,4,hold_trial-0.25,hold_trial,0.25,15,241.21999999999932,1,1000,1,250.0,1.0,48.0,1,1,1,1,1,1,1,1,False,1,1,0,1,1,0,hold,True
s06-r4-hold_trial-0.25,6,4,hold_trial-0.25,hold_trial,0.25,16,258.0159999999996,1,1000,1,250.0,1.0,48.0,1,1,1,1,1,1,1,1,False,1,1,0,1,1,0,hold,True
s06-r4-hold_trial-0.25,6,4,hold_trial-0.25,hold_trial,0.25,17,274.5519999999997,1,1000,1,250.0,1.0,48.0,1,1,1,1,1,1,1,1,False,1,1,0,1,1,0,hold,True
s06-r4-hold_trial-0.25,6,4,hold_trial-0.25,hold_trial,0.25,18,290.88800000000083,1,1000,1,250.0,1.0,48.0,2,1,2,1,2,1,1,1,False,0,0,0,0,1,1,hold,True
s06-r4-hold_trial-0.25,6,4,hold_trial-0.25,hold_trial,0.25,19,306.6280000000006,1,1000,1,250.0,1.0,48.0,2,1,2,1,1,1,1,1,False,0,0,0,1,1,0,hold,True
s06-r4-hold_trial-0.25,6,4,hold_trial-0.25,hold_trial,0.25,20,314.3279999999995,2,1000,1,250.0,1.0,48.0,1,1,1,1,1,1,1,1,False,0,0,0,0,0,0,hold,True
s06-r4-hold_trial-0.25,6,4,hold_trial-0.25,hold_trial,0.25,21,347.0,1,1000,1,250.0,1.0,48.0,1,1,1,1,1,1,1,1,False,1,1,0,1,1,0,hold,True
s06-r4-hold_trial-0.25,6,4,hold_trial-0.25,hold_trial,0.25,22,354.6239999999998,2,1000,1,250.0,1.0,48.0,1,1,1,1,1,1,2,1,False,0,0,0,0,1,1,hold,True
s06-r4-hold_trial-0.25,6,4,hold_trial-0.25,hold_trial,0.25,23,370.79199999999946,2,1000,1,250.0,1.0,48.0,1,1,2,1,1,1,2,1,False,0,1,1,0,1,1,hold,True
s06-r4-hold_trial-0.4,6,4,hold_trial-0.4,hold_trial,0.4,0,1.0,2,1000,1,400.0,1.0,48.0,1,1,1,1,1,1,2,1,False,0,0,0,0,1,1,hold,True
s06-r4-hold_trial-0.4,6,4,hold_trial-0.4,hold_trial,0.4,1,9.012000000000626,1,1000,1,400.0,1.0,48.0,1,1,1,1,1,1,2,1,False,1,1,0,1,0,1,hold,True
s06-r4-hold_trial-0.4,6,4,hold_trial-0.4,hold_trial,0.4,2,16.683999999999287,1,1000,1,400.0,1.0,48.0,1,1,1,1,1,1,1,1,False,1,1,0,1,1,0,hold,True
s06-r4-hold_trial-0.4,6,4,hold_trial-0.4,hold_trial,0.4,3,40.96800000000076,2,1000,1,400.0,1.0,48.0,1,1,1,1,1,1,1,1,False,0,0,0,0,0,0,hold,True
s06-r4-hold_trial-0.4,6,4,hold_trial-0.4,hold_trial,0.4,4,64.55999999999949,1,1000,1,400.0,1.0,48.0,1,1,1,1,1,1,1,1,False,1,1,0,1,1,0,hold,True
s06-r4-hold_trial-0.4,6,4,hold_trial-0.4,hold_trial,0.4,5,80.17599999999948,1,1000,1,400.0,1.0,48.0,1,1,1,1,1,1,1,1,False,1,1,0,1,1,0,hold,True
s06-r4-hold_trial-0.4,6,4,hold_trial-0.4,hold_trial,0.4,6,87.7559999999994,1,1000,1,400.0,1.0,48.0,1,1,1,1,1,1,1,1,False,1,1,0,1,1,0,hold,True
s06-r4-hold_trial-0.4,6,4,hold_trial-0.4,hold_trial,0.4,7,95.64400000000025,2,1000,1,400.0,1.0,48.0,1,1,2,1,2,1,2,1,False,0,1,1,1,1,0,hold,True
s06-r4-hold_trial-0.4,6,4,hold_trial-0.4,hold_trial,0.4,8,119.76800000000004,2,1000,1,400.0,1.0,48.0,1,1,1,1,2,1,2,1,False,0,0,0,1,1,0,hold,True
s06-r4-hold_trial-0.4,6,4,hold_trial-0.4,hold_trial,0.4,9,169.07200000000012,2,1000,1,400.0,1.0,48.0,1,1,1,1,1,1,2,1,False,0,0,0,0,1,1,hold,True
s06-r4-hold_trial-0.4,6,4,hold_trial-0.4,hold_trial,0.4,10,176.71999999999937,2,1000,1,400.0,1.0,48.0,1,1,1,1,1,1,2,1,False,0,0,0,0,1,1,hold,True
s06-r4-hold_trial-0.4,6,4,hold_trial-0.4,hold_trial,0.4,11,192.6560000000009,1,1000,1,400.0,1.0,48.0,1,1,1,1,2,1,2,1,False,1,1,0,0,0,0,hold,True
s06-r4-hold_trial-0.4,6,4,hold_trial-0.4,hold_trial,0.4,12,200.5,2,1000,1,400.0,1.0,48.0,1,1,1,1,1,1,1,1,False,0,0,0,0,0,0,hold,True
s06-r4-hold_trial-0.4,6,4,hold_trial-0.4,hold_trial,0.4,13,208.9159999999993,2,1000,1,400.0,1.0,48.0,1,1,1,1,1,1,1,1,False,0,0,0,0,0,0,hold,True
s06-r4-hold_trial-0.4,6,4,hold_trial-0.4,hold_trial,0.4,14,216.9320000000007,2,1000,1,400.0,1.0,48.0,1,1,1,1,2,1,2,1,False,0,0,0,1,1,0,hold,True
s06-r4-hold_trial-0.4,6,4,hold_trial-0.4,hold_trial,0.4,15,241.21999999999932,1,1000,1,400.0,1.0,48.0,1,1,1,1,1,1,1,1,False,1,1,0,1,1,0,hold,True
s06-r4-hold_trial-0.4,6,4,hold_trial-0.4,hold_trial,0.4,16,258.0159999999996,1,1000,1,400.0,1.0,48.0,1,1,1,1,1,1,1,1,False,1,1,0,1,1,0,hold,True
s06-r4-hold_trial-0.4,6,4,hold_trial-0.4,hold_trial,0.4,17,274.5519999999997,1,1000,1,400.0,1.0,48.0,1,1,1,1,1,1,1,1,False,1,1,0,1,1,0,hold,True
s06-r4-hold_trial-0.4,6,4,hold_trial-0.4,hold_trial,0.4,18,290.88800000000083,1,1000,1,400.0,1.0,48.0,1,1,2,1,1,1,1,1,False,1,0,1,1,1,0,hold,True
s06-r4-hold_trial-0.4,6,4,hold_trial-0.4,hold_trial,0.4,19,306.6280000000006,1,1000,1,400.0,1.0,48.0,2,1,2,1,1,1,1,1,False,0,0,0,1,1,0,hold,True
s06-r4-hold_trial-0.4,6,4,hold_trial-0.4,hold_trial,0.4,20,314.3279999999995,2,1000,1,400.0,1.0,48.0,1,1,1,1,1,1,1,1,False,0,0,0,0,0,0,hold,True
s06-r4-hold_trial-0.4,6,4,hold_trial-0.4,hold_trial,0.4,21,347.0,1,1000,1,400.0,1.0,48.0,1,1,1,1,1,1,1,1,False,1,1,0,1,1,0,hold,True
s06-r4-hold_trial-0.4,6,4,hold_trial-0.4,hold_trial,0.4,22,354.6239999999998,2,1000,1,400.0,1.0,48.0,1,1,1,1,1,1,2,1,False,0,0,0,0,1,1,hold,True
s06-r4-hold_trial-0.4,6,4,hold_trial-0.4,hold_trial,0.4,23,370.79199999999946,2,1000,1,400.0,1.0,48.0,1,1,2,1,1,1,2,1,False,0,1,1,0,1,1,hold,True
s07-r0-hold_trial-0.1,7,0,hold_trial-0.1,hold_trial,0.1,0,1.0,1,1000,1,100.0,1.0,48.0,1,1,1,1,1,1,1,1,False,1,1,0,1,1,0,hold,True
s07-r0-hold_trial-0.1,7,0,hold_trial-0.1,hold_trial,0.1,1,9.012000000000173,2,1000,1,100.0,1.0,48.0,1,1,1,1,2,1,2,1,False,0,0,0,1,1,0,hold,True
s07-r0-hold_trial-0.1,7,0,hold_trial-0.1,hold_trial,0.1,2,16.684000000000196,2,1000,1,100.0,1.0,48.0,2,1,2,1,2,1,2,1,False,1,1,0,1,1,0,hold,True
s07-r0-hold_trial-0.1,7,0,hold_trial-0.1,hold_trial,0.1,3,24.49200000000019,1,1000,1,100.0,1.0,48.0,1,1,1,1,1,1,1,1,False,1,1,0,1,1,0,hold,True
s07-r0-hold_trial-0.1,7,0,hold_trial-0.1,hold_trial,0.1,4,32.52399999999989,2,1000,1,100.0,1.0,48.0,2,1,2,1,1,1,1,1,False,1,1,0,0,0,0,hold,True
s07-r0-hold_trial-0.1,7,0,hold_trial-0.1,hold_trial,0.1,5,40.96799999999985,1,1000,1,100.0,1.0,48.0,1,1,1,1,1,1,1,1,False,1,1,0,1,1,0,hold,True
s07-r0-hold_trial-0.1,7,0,hold_trial-0.1,hold_trial,0.1,6,48.63599999999997,2,1000,1,100.0,1.0,48.0,2,1,2,1,2,1,2,1,False,1,1,0,1,1,0,hold,True
s07-r0-hold_trial-0.1,7,0,hold_trial-0.1,hold_trial,0.1,7,64.55999999999995,2,1000,1,100.0,1.0,48.0,2,1,2,1,1,1,2,1,False,1,1,0,0,1,1,hold,True
s07-r0-hold_trial-0.1,7,0,hold_trial-0.1,hold_trial,0.1,8,80.17599999999993,1,1000,1,100.0,1.0,48.0,1,1,1,1,1,1,2,1,False,1,1,0,1,0,1,hold,True
s07-r0-hold_trial-0.1,7,0,hold_trial-0.1,hold_trial,0.1,9,95.64400000000025,2,1000,1,100.0,1.0,48.0,2,1,2,1,1,1,1,1,False,1,1,0,0,0,0,hold,True
s07-r0-hold_trial-0.1,7,0,hold_trial-0.1,hold_trial,0.1,10,103.42000000000009,1,1000,1,100.0,1.0,48.0,1,1,1,1,2,1,2,1,False,1,1,0,0,0,0,hold,True
s07-r0-hold_trial-0.1,7,0,hold_trial-0.1,hold_trial,0.1,11,152.4720000000002,1,1000,1,100.0,1.0,48.0,2,1,2,1,1,1,1,1,False,0,0,0,1,1,0,hold,True
s07-r0-hold_trial-0.1,7,0,hold_trial-0.1,hold_trial,0.1,12,169.07200000000012,2,1000,1,100.0,1.0,48.0,2,1,2,1,2,1,2,1,False,1,1,0,1,1,0,hold,True
s07-r0-hold_trial-0.1,7,0,hold_trial-0.1,hold_trial,0.1,13,176.7199999999998,1,1000,1,100.0,1.0,48.0,1,1,1,1,2,1,2,1,False,1,1,0,0,0,0,hold,True
s07-r0-hold_trial-0.1,7,0,hold_trial-0.1,hold_trial,0.1,14,184.84400000000005,1,1000,1,100.0,1.0,48.0,1,1,1,1,1,1,1,1,False,1,1,0,1,1,0,hold,True
s07-r0-hold_trial-0.1,7,0,hold_trial-0.1,hold_trial,0.1,15,208.91600000000017,1,1000,1,100.0,1.0,48.0,1,1,1,1,1,1,1,1,False,1,1,0,1,1,0,hold,True
s07-r0-hold_trial-0.1,7,0,hold_trial-0.1,hold_trial,0.1,16,241.2199999999998,1,1000,1,100.0,1.0,48.0,2,1,2,1,1,1,1,1,False,0,0,0,1,1,0,hold,True
s07-r0-hold_trial-0.1,7,0,hold_trial-0.1,hold_trial,0.1,17,249.6480000000001,2,1000,1,100.0,1.0,48.0,2,1,2,1,2,1,2,1,False,1,1,0,1,1,0,hold,True
s07-r0-hold_trial-0.1,7,0,hold_trial-0.1,hold_trial,0.1,18,258.0160000000001,1,1000,1,100.0,1.0,48.0,2,1,2,1,2,1,2,1,False,0,0,0,0,0,0,hold,True
s07-r0-hold_trial-0.1,7,0,hold_trial-0.1,hold_trial,0.1,19,266.3800000000001,2,1000,1,100.0,1.0,48.0,2,1,2,1,2,1,2,1,False,1,1,0,1,1,0,hold,True
s07-r0-hold_trial-0.1,7,0,hold_trial-0.1,hold_trial,0.1,20,274.55200000000013,2,1000,1,100.0,1.0,48.0,2,1,2,1,2,1,2,1,False,1,1,0,1,1,0,hold,True
s07-r0-hold_trial-0.1,7,0,hold_trial-0.1,hold_trial,0.1,21,282.808,1,1000,1,100.0,1.0,48.0,1,1,1,1,2,1,2,1,False,1,1,0,0,0,0,hold,True
s07-r0-hold_trial-0.1,7,0,hold_trial-0.1,hold_trial,0.1,22,290.8879999999999,2,1000,1,100.0,1.0,48.0,2,1,2,1,2,1,2,1,False,1,1,0,1,1,0,hold,True
s07-r0-hold_trial-0.1,7,0,hold_trial-0.1,hold_trial,0.1,23,306.62800000000016,2,1000,1,100.0,1.0,48.0,2,1,2,1,2,1,2,1,False,1,1,0,1,1,0,hold,True
s07-r0-hold_trial-0.25,7,0,hold_trial-0.25,hold_trial,0.25,0,1.0,1,1000,1,250.0,1.0,48.0,2,1,1,1,2,1,1,1,False,0,1,1,0,1,1,hold,True
s07-r0-hold_trial-0.25,7,0,hold_trial-0.25,hold_trial,0.25,1,9.012000000000173,2,1000,1,250.0,1.0,48.0,1,1,1,1,2,1,2,1,False,0,0,0,1,1,0,hold,True
s07-r0-hold_trial-0.25,7,0,hold_trial-0.25,hold_trial,0.25,2,16.684000000000196,2,1000,1,250.0,1.0,48.0,2,1,2,1,1,1,2,1,False,1,1,0,0,1,1,hold,True
s07-r0-hold_trial-0.25,7,0,hold_trial-0.25,hold_trial,0.25,3,24.49200000000019,1,1000,1,250.0,1.0,48.0,1,1,1,1,1,1,1,1,False,1,1,0,1,1,0,hold,True
s07-r0-hold_trial-0.25,7,0,hold_trial-0.25,hold_trial,0.25,4,32.52399999999989,2,1000,1,250.0,1.0,48.0,2,1,2,1,2,1,1,1,False,1,1,0,1,0,1,hold,True
s07-r0-hold_trial-0.25,7,0,hold_trial-0.25,hold_trial,0.25,5,40.96799999999985,1,1000,1,250.0,1.0,48.0,1,1,1,1,1,1,1,1,False,1,1,0,1,1,0,hold,True
s07-r0-hold_trial-0.25,7,0,hold_trial-0.25,hold_trial,0.25,6,48.63599999999997,2,1000,1,250.0,1.0,48.0,2,1,2,1,1,1,2,1,False,1,1,0,0,1,1,hold,True
s07-r0-hold_trial-0.25,7,0,hold_trial-0.25,hold_trial,0.25,7,64.55999999999995,2,1000,1,250.0,1.0,48.0,2,1,2,1,2,1,2,1,False,1,1,0,1,1,0,hold,True
s07-r0-hold_trial-0.25,7,0,hold_trial-0.25,hold_trial,0.25,8,80.17599999999993,1,1000,1,250.0,1.0,48.0,1,1,1,1,1,1,2,1,False,1,1,0,1,0,1,hold,True
s07-r0-hold_trial-0.25,7,0,hold_trial-0.25,hold_trial,0.25,9,95.64399999999978,2,1000,1,250.0,1.0,48.0,2,1,2,1,1,1,1,1,False,1,1,0,0,0,0,hold,True
s07-r0-hold_trial-0.25,7,0,hold_trial-0.25,hold_trial,0.25,10,103.42000000000009,1,1000,1,250.0,1.0,48.0,1,1,1,1,2,1,2,1,False,1,1,0,0,0,0,hold,True
s07-r0-hold_trial-0.25,7,0,hold_trial-0.25,hold_trial,0.25,11,152.4720000000002,1,1000,1,250.0,1.0,48.0,2,1,2,1,1,1,1,1,False,0,0,0,1,1,0,hold,True
s07-r0-hold_trial-0.25,7,0,hold_trial-0.25,hold_trial,0.25,12,169.07200000000012,2,1000,1,250.0,1.0,48.0,2,1,2,1,1,1,2,1,False,1,1,0,0,1,1,hold,True
s07-r0-hold_trial-0.25,7,0,hold_trial-0.25,hold_trial,0.25,13,176.7199999999998,1,1000,1,250.0,1.0,48.0,1,1,1,1,2,1,2,1,False,1,1,0,0,0,0,hold,True
s07-r0-hold_trial-0.25,7,0,hold_trial-0.25,hold_trial,0.25,14,184.84400000000005,1,1000,1,250.0,1.0,48.0,1,1,1,1,1,1,1,1,False,1,1,0,1,1,0,hold,True
s07-r0-hold_trial-0.25,7,0,hold_trial-0.25,hold_trial,0.25,15,208.91600000000017,1,1000,1,250.0,1.0,48.0,1,1,1,1,1,1,1,1,False,1,1,0,1,1,0,hold,True
s07-r0-hold_trial-0.25,7,0,hold_trial-0.25,hold_trial,0.25,16,241.2199999999998,1,1000,1,250.0,1.0,48.0,2,1,2,1,1,1,1,1,False,0,0,0,1,1,0,hold,True
s07-r0-hold_trial-0.25,7,0,hold_trial-0.25,hold_trial,0.25,17,249.6480000000001,2,1000,1,250.0,1.0,48.0,2,1,2,1,2,1,2,1,False,1,1,0,1,1,0,hold,True
s07-r0-hold_trial-0.25,7,0,hold_trial-0.25,hold_trial,0.25,18,258.0160000000001,1,1000,1,250.0,1.0,48.0,2,1,2,1,2,1,2,1,False,0,0,0,0,0,0,hold,True
s07-r0-hold_trial-0.25,7,0,hold_trial-0.25,hold_trial,0.25,19,266.3800000000001,2,1000,1,250.0,1.0,48.0,2,1,2,1,2,1,2,1,False,1,1,0,1,1,0,hold,True
s07-r0-hold_trial-0.25,7,0,hold_trial-0.25,hold_trial,0.25,20,274.55200000000013,2,1000,1,250.0,1.0,48.0,2,1,2,1,2,1,2,1,False,1,1,0,1,1,0,hold,True
s07-r0-hold_trial-0.25,7,0,hold_trial-0.25,hold_trial,0.25,21,282.808,1,1000,1,250.0,1.0,48.0,1,1,1,1,1,1,2,1,False,1,1,0,1,0,1,hold,True
s07-r0-hold_trial-0.25,7,0,hold_trial-0.25,hold_trial,0.25,22,290.8879999999999,2,1000,1,250.0,1.0,48.0,2,1,2,1,2,1,2,1,False,1,1,0,1,1,0,hold,True
s07-r0-hold_trial-0.25,7,0,hold_trial-0.25,hold_trial,0.25,23,306.62800000000016,2,1000,1,250.0,1.0,48.0,2,1,2,1,2,1,2,1,False,1,1,0,1,1,0,hold,True
s07-r0-hold_trial-0.4,7,0,hold_trial-0.4,hold_trial,0.4,0,1.0,1,1000,1,400.0,1.0,48.0,1,1,1,1,1,1,1,1,False,1,1,0,1,1,0,hold,True
s07-r0-hold_trial-0.4,7,0,hold_trial-0.4,hold_trial,0.4,1,9.012000000000173,2,1000,1,400.0,1.0,48.0,1,1,1,1,1,1,2,1,False,0,0,0,0,1,1,hold,True
s07-r0-hold_trial-0.4,7,0,hold_trial-0.4,hold_trial,0.4,2,16.684000000000196,2,1000,1,400.0,1.0,48.0,1,1,2,1,1,1,2,1,False,0,1,1,0,1,1,hold,True
s07-r0-hold_trial-0.4,7,0,hold_trial-0.4,hold_trial,0.4,3,24.49200000000019,1,1000,1,400.0,1.0,48.0,1,1,1,1,1,1,1,1,False,1,1,0,1,1,0,hold,True
s07-r0-hold_trial-0.4,7,0,hold_trial-0.4,hold_trial,0.4,4,32.52399999999989,2,1000,1,400.0,1.0,48.0,2,1,2,1,2,1,1,1,False,1,1,0,1,0,1,hold,True
s07-r0-hold_trial-0.4,7,0,hold_trial-0.4,hold_trial,0.4,5,40.96799999999985,1,1000,1,400.0,1.0,48.0,1,1,1,1,1,1,1,1,False,1,1,0,1,1,0,hold,True
s07-r0-hold_trial-0.4,7,0,hold_trial-0.4,hold_trial,0.4,6,48.63599999999997,2,1000,1,400.0,1.0,48.0,2,1,2,1,2,1,2,1,False,1,1,0,1,1,0,hold,True
s07-r0-hold_trial-0.4,7,0,hold_trial-0.4,hold_trial,0.4,7,64.55999999999995,2,1000,1,400.0,1.0,48.0,2,1,2,1,1,1,2,1,False,1,1,0,0,1,1,hold,True
s07-r0-hold_trial-0.4,7,0,hold_trial-0.4,hold_trial,0.4,8,80.17599999999993,1,1000,1,400.0,1.0,48.0,1,1,1,1,1,1,2,1,False,1,1,0,1,0,1,hold,True
s07-r0-hold_trial-0.4,7,0,hold_trial-0.4,hold_trial,0.4,9,95.64400000000025,2,1000,1,400.0,1.0,48.0,2,1,2,1,1,1,1,1,False,1,1,0,0,0,0,hold,True
s07-r0-hold_trial-0.4,7,0,hold_trial-0.4,hold_trial,0.4,10,103.42000000000009,1,1000,1,400.0,1.0,48.0,1,1,1,1,2,1,2,1,False,1,1,0,0,0,0,hold,True
s07-r0-hold_trial-0.4,7,0,hold_trial-0.4,hold_trial,0.4,11,152.4720000000002,1,1000,1,400.0,1.0,48.0,2,1,2,1,1,1,1,1,False,0,0,0,1,1,0,hold,True
s07-r0-hold_trial-0.4,7,0,hold_trial-0.4,hold_trial,0.4,12,169.07200000000012,2,1000,1,400.0,1.0,48.0,2,1,2,1,2,1,2,1,False,1,1,0,1,1,0,hold,True
s07-r0-hold_trial-0.4,7,0,hold_trial-0.4,hold_trial,0.4,13,176.7199999999998,1,1000,1,400.0,1.0,48.0,1,1,1,1,2,1,2,1,False,1,1,0,0,0,0,hold,True
s07-r0-hold_trial-0.4,7,0,hold_trial-0.4,hold_trial,0.4,14,184.84400000000005,1,1000,1,400.0,1.0,48.0,1,1,1,1,1,1,1,1,False,1,1,0,1,1,0,hold,True
s07-r0-hold_trial-0.4,7,0,hold_trial-0.4,hold_trial,0.4,15,208.91600000000017,1,1000,1,400.0,1.0,48.0,1,1,1,1,1,1,1,1,False,1,1,0,1,1,0,hold,True
s07-r0-hold_trial-0.4,7,0,hold_trial-0.4,hold_trial,0.4,16,241.2199999999998,1,1000,1,400.0,1.0,48.0,1,1,2,1,1,1,1,1,False,1,0,1,1,1,0,hold,True
s07-r0-hold_trial-0.4,7,0,hold_trial-0.4,hold_trial,0.4,17,249.6480000000001,2,1000,1,400.0,1.0,48.0,2,1,2,1,1,1,2,1,False,1,1,0,0,1,1,hold,True
s07-r0-hold_trial-0.4,7,0,hold_trial-0.4,hold_trial,0.4,18,258.0160000000001,1,1000,1,400.0,1.0,48.0,2,1,2,1,1,1,2,1,False,0,0,0,1,0,1,hold,True
s07-r0-hold_trial-0.4,7,0,hold_trial-0.4,hold_trial,0.4,19,266.3800000000001,2,1000,1,400.0,1.0,48.0,2,1,2,1,1,1,2,1,False,1,1,0,0,1,1,hold,True
s07-r0-hold_trial-0.4,7,0,hold_trial-0.4,hold_trial,0.4,20,274.55200000000013,2,1000,1,400.0,1.0,48.0,2,1,2,1,2,1,2,1,False,1,1,0,1,1,0,hold,True
s07-r0-hold_trial-0.4,7,0,hold_trial-0.4,hold_trial,0.4,21,282.808,1,1000,1,400.0,1.0,48.0,2,1,1,1,1,1,2,1,False,0,1,1,1,0,1,hold,True
s07-r0-hold_trial-0.4,7,0,hold_trial-0.4,hold_trial,0.4,22,290.8879999999999,2,1000,1,400.0,1.0,48.0,2,1,2,1,2,1,2,1,False,1,1,0,1,1,0,hold,True
s07-r0-hold_trial-0.4,7,0,hold_trial-0.4,hold_trial,0.4,23,306.62800000000016,2,1000,1,400.0,1.0,48.0,2,1,2,1,2,1,2,1,False,1,1,0,1,1,0,hold,True
s07-r1-hold_trial-0.1,7,1,hold_trial-0.1,hold_trial,0.1,0,16.684000000000196,2,1000,1,100.0,1.0,48.0,2,1,2,1,2,1,2,1,False,1,1,0,1,1,0,hold,True
s07-r1-hold_trial-0.1,7,1,hold_trial-0.1,hold_trial,0.1,1,24.49200000000019,1,1000,1,100.0,1.0,48.0,1,1,1,1,2,1,2,1,False,1,1,0,0,0,0,hold,True
s07-r1-hold_trial-0.1,7,1,hold_trial-0.1,hold_trial,0.1,2,32.52400000000034,1,1000,1,100.0,1.0,48.0,1,1,1,1,2,1,2,1,False,1,1,0,0,0,0,hold,True
s07-r1-hold_trial-0.1,7,1,hold_trial-0.1,hold_trial,0.1,3,40.96799999999985,2,1000,1,100.0,1.0,48.0,2,1,2,1,2,1,2,1,False,1,1,0,1,1,0,hold,True
s07-r1-hold_trial-0.1,7,1,hold_trial-0.1,hold_trial,0.1,4,64.5600000000004,2,1000,1,100.0,1.0,48.0,2,1,2,1,2,1,2,1,False,1,1,0,1,1,0,hold,True
s07-r1-hold_trial-0.1,7,1,hold_trial-0.1,hold_trial,0.1,5,80.17600000000039,1,1000,1,100.0,1.0,48.0,2,1,2,1,2,1,2,1,False,0,0,0,0,0,0,hold,True
s07-r1-hold_trial-0.1,7,1,hold_trial-0.1,hold_trial,0.1,6,87.75600000000031,1,1000,1,100.0,1.0,48.0,1,1,1,1,1,1,1,1,False,1,1,0,1,1,0,hold,True
s07-r1-hold_trial-0.1,7,1,hold_trial-0.1,hold_trial,0.1,7,95.64400000000025,1,1000,1,100.0,1.0,48.0,2,1,2,1,1,1,1,1,False,0,0,0,1,1,0,hold,True
s07-r1-hold_trial-0.1,7,1,hold_trial-0.1,hold_trial,0.1,8,111.28799999999956,2,1000,1,100.0,1.0,48.0,2,1,2,1,2,1,2,1,False,1,1,0,1,1,0,hold,True
s07-r1-hold_trial-0.1,7,1,hold_trial-0.1,hold_trial,0.1,9,119.76800000000004,2,1000,1,100.0,1.0,48.0,2,1,2,1,2,1,2,1,False,1,1,0,1,1,0,hold,True
s07-r1-hold_trial-0.1,7,1,hold_trial-0.1,hold_trial,0.1,10,127.80000000000018,1,1000,1,100.0,1.0,48.0,1,1,1,1,1,1,1,1,False,1,1,0,1,1,0,hold,True
s07-r1-hold_trial-0.1,7,1,hold_trial-0.1,hold_trial,0.1,11,136.0640000000003,1,1000,1,100.0,1.0,48.0,1,1,1,1,1,1,1,1,False,1,1,0,1,1,0,hold,True
s07-r1-hold_trial-0.1,7,1,hold_trial-0.1,hold_trial,0.1,12,152.47199999999975,1,1000,1,100.0,1.0,48.0,2,1,2,1,1,1,2,1,False,0,0,0,1,0,1,hold,True
s07-r1-hold_trial-0.1,7,1,hold_trial-0.1,hold_trial,0.1,13,160.7520000000004,2,1000,1,100.0,1.0,48.0,2,1,2,1,2,1,2,1,False,1,1,0,1,1,0,hold,True
s07-r1-hold_trial-0.1,7,1,hold_trial-0.1,hold_trial,0.1,14,192.65599999999995,1,1000,1,100.0,1.0,48.0,2,1,2,1,2,1,2,1,False,0,0,0,0,0,0,hold,True
s07-r1-hold_trial-0.1,7,1,hold_trial-0.1,hold_trial,0.1,15,216.9319999999998,2,1000,1,100.0,1.0,48.0,2,1,2,1,2,1,2,1,False,1,1,0,1,1,0,hold,True
s07-r1-hold_trial-0.1,7,1,hold_trial-0.1,hold_trial,0.1,16,241.22000000000023,2,1000,1,100.0,1.0,48.0,2,1,2,1,2,1,2,1,False,1,1,0,1,1,0,hold,True
s07-r1-hold_trial-0.1,7,1,hold_trial-0.1,hold_trial,0.1,17,249.6480000000001,1,1000,1,100.0,1.0,48.0,1,1,2,1,1,1,1,1,False,1,0,1,1,1,0,hold,True
s07-r1-hold_trial-0.1,7,1,hold_trial-0.1,hold_trial,0.1,18,258.0159999999996,2,1000,1,100.0,1.0,48.0,2,1,2,1,1,1,1,1,False,1,1,0,0,0,0,hold,True
s07-r1-hold_trial-0.1,7,1,hold_trial-0.1,hold_trial,0.1,19,306.6279999999997,1,1000,1,100.0,1.0,48.0,1,1,1,1,1,1,1,1,False,1,1,0,1,1,0,hold,True
s07-r1-hold_trial-0.1,7,1,hold_trial-0.1,hold_trial,0.1,20,322.65200000000004,2,1000,1,100.0,1.0,48.0,2,1,2,1,2,1,2,1,False,1,1,0,1,1,0,hold,True
s07-r1-hold_trial-0.1,7,1,hold_trial-0.1,hold_trial,0.1,21,338.52400000000034,2,1000,1,100.0,1.0,48.0,2,1,2,1,2,1,2,1,False,1,1,0,1,1,0,hold,True
s07-r1-hold_trial-0.1,7,1,hold_trial-0.1,hold_trial,0.1,22,362.3360000000002,2,1000,1,100.0,1.0,48.0,2,1,2,1,2,1,2,1,False,1,1,0,1,1,0,hold,True
s07-r1-hold_trial-0.1,7,1,hold_trial-0.1,hold_trial,0.1,23,379.02800000000025,1,1000,1,100.0,1.0,48.0,1,1,1,1,1,1,1,1,False,1,1,0,1,1,0,hold,True
s07-r1-hold_trial-0.25,7,1,hold_trial-0.25,hold_trial,0.25,0,16.684000000000196,2,1000,1,250.0,1.0,48.0,2,1,2,1,2,1,2,1,False,1,1,0,1,1,0,hold,True
s07-r1-hold_trial-0.25,7,1,hold_trial-0.25,hold_trial,0.25,1,24.49200000000019,1,1000,1,250.0,1.0,48.0,1,1,1,1,1,1,2,1,False,1,1,0,1,0,1,hold,True
s07-r1-hold_trial-0.25,7,1,hold_trial-0.25,hold_trial,0.25,2,32.52400000000034,1,1000,1,250.0,1.0,48.0,1,1,1,1,2,1,2,1,False,1,1,0,0,0,0,hold,True
s07-r1-hold_trial-0.25,7,1,hold_trial-0.25,hold_trial,0.25,3,40.96799999999985,2,1000,1,250.0,1.0,48.0,2,1,2,1,1,1,2,1,False,1,1,0,0,1,1,hold,True
s07-r1-hold_trial-0.25,7,1,hold_trial-0.25,hold_trial,0.25,4,64.5600000000004,2,1000,1,250.0,1.0,48.0,2,1,2,1,2,1,2,1,False,1,1,0,1,1,0,hold,True
s07-r1-hold_trial-0.25,7,1,hold_trial-0.25,hold_trial,0.25,5,80.17600000000039,1,1000,1,250.0,1.0,48.0,2,1,2,1,1,1,2,1,False,0,0,0,1,0,1,hold,True
s07-r1-hold_trial-0.25,7,1,hold_trial-0.25,hold_trial,0.25,6,87.75600000000031,1,1000,1,250.0,1.0,48.0,1,1,1,1,1,1,1,1,False,1,1,0,1,1,0,hold,True
s07-r1-hold_trial-0.25,7,1,hold_trial-0.25,hold_trial,0.25,7,95.64400000000025,1,1000,1,250.0,1.0,48.0,2,1,2,1,2,1,1,1,False,0,0,0,0,1,1,hold,True
s07-r1-hold_trial-0.25,7,1,hold_trial-0.25,hold_trial,0.25,8,111.28799999999956,2,1000,1,250.0,1.0,48.0,2,1,2,1,1,1,2,1,False,1,1,0,0,1,1,hold,True
s07-r1-hold_trial-0.25,7,1,hold_trial-0.25,hold_trial,0.25,9,119.76800000000004,2,1000,1,250.0,1.0,48.0,2,1,2,1,1,1,2,1,False,1,1,0,0,1,1,hold,True
s07-r1-hold_trial-0.25,7,1,hold_trial-0.25,hold_trial,0.25,10,127.80000000000018,1,1000,1,250.0,1.0,48.0,1,1,1,1,1,1,1,1,False,1,1,0,1,1,0,hold,True
s07-r1-hold_trial-0.25,7,1,hold_trial-0.25,hold_trial,0.25,11,136.0640000000003,1,1000,1,250.0,1.0,48.0,1,1,1,1,1,1,1,1,False,1,1,0,1,1,0,hold,True
s07-r1-hold_trial-0.25,7,1,hold_trial-0.25,hold_trial,0.25,12,152.47199999999975,1,1000,1,250.0,1.0,48.0,2,1,2,1,1,1,2,1,False,0,0,0,1,0,1,hold,True
s07-r1-hold_trial-0.25,7,1,hold_trial-0.25,hold_trial,0.25,13,160.7520000000004,2,1000,1,250.0,1.0,48.0,2,1,2,1,2,1,2,1,False,1,1,0,1,1,0,hold,True
s07-r1-hold_trial-0.25,7,1,hold_trial-0.25,hold_trial,0.25,14,192.65599999999995,1,1000,1,250.0,1.0,48.0,2,1,2,1,2,1,2,1,False,0,0,0,0,0,0,hold,True
s07-r1-hold_trial-0.25,7,1,hold_trial-0.25,hold_trial,0.25,15,216.9319999999998,2,1000,1,250.0,1.0,48.0,1,1,2,1,2,1,2,1,False,0,1,1,1,1,0,hold,True
s07-r1-hold_trial-0.25,7,1,hold_trial-0.25,hold_trial,0.25,16,241.22000000000023,2,1000,1,250.0,1.0,48.0,2,1,2,1,1,1,2,1,False,1,1,0,0,1,1,hold,True
s07-r1-hold_trial-0.25,7,1,hold_trial-0.25,hold_trial,0.25,17,249.6480000000001,1,1000,1,250.0,1.0,48.0,1,1,2,1,1,1,1,1,False,1,0,1,1,1,0,hold,True
s07-r1-hold_trial-0.25,7,1,hold_trial-0.25,hold_trial,0.25,18,258.0159999999996,2,1000,1,250.0,1.0,48.0,2,1,2,1,2,1,1,1,False,1,1,0,1,0,1,hold,True
s07-r1-hold_trial-0.25,7,1,hold_trial-0.25,hold_trial,0.25,19,306.6279999999997,1,1000,1,250.0,1.0,48.0,1,1,1,1,1,1,1,1,False,1,1,0,1,1,0,hold,True
s07-r1-hold_trial-0.25,7,1,hold_trial-0.25,hold_trial,0.25,20,322.65200000000004,2,1000,1,250.0,1.0,48.0,1,1,2,1,2,1,2,1,False,0,1,1,1,1,0,hold,True
s07-r1-hold_trial-0.25,7,1,hold_trial-0.25,hold_trial,0.25,21,338.52400000000034,2,1000,1,250.0,1.0,48.0,2,1,2,1,2,1,2,1,False,1,1,0,1,1,0,hold,True
s07-r1-hold_trial-0.25,7,1,hold_trial-0.25,hold_trial,0.25,22,362.3360000000002,2,1000,1,250.0,1.0,48.0,2,1,2,1,2,1,2,1,False,1,1,0,1,1,0,hold,True
s07-r1-hold_trial-0.25,7,1,hold_trial-0.25,hold_trial,0.25,23,379.02800000000025,1,1000,1,250.0,1.0,48.0,2,1,1,1,2,1,1,1,False,0,1,1,0,1,1,hold,True
s07-r1-hold_trial-0.4,7,1,hold_trial-0.4,hold_trial,0.4,0,16.684000000000196,2,1000,1,400.0,1.0,48.0,2,1,2,1,2,1,2,1,False,1,1,0,1,1,0,hold,True
s07-r1-hold_trial-0.4,7,1,hold_trial-0.4,hold_trial,0.4,1,24.49200000000019,1,1000,1,400.0,1.0,48.0,1,1,1,1,1,1,2,1,False,1,1,0,1,0,1,hold,True
s07-r1-hold_trial-0.4,7,1,hold_trial-0.4,hold_trial,0.4,2,32.52400000000034,1,1000,1,400.0,1.0,48.0,2,1,1,1,2,1,2,1,False,0,1,1,0,0,0,hold,True
s07-r1-hold_trial-0.4,7,1,hold_trial-0.4,hold_trial,0.4,3,40.96799999999985,2,1000,1,400.0,1.0,48.0,2,1,2,1,1,1,2,1,False,1,1,0,0,1,1,hold,True
s07-r1-hold_trial-0.4,7,1,hold_trial-0.4,hold_trial,0.4,4,64.5600000000004,2,1000,1,400.0,1.0,48.0,2,1,2,1,2,1,2,1,False,1,1,0,1,1,0,hold,True
s07-r1-hold_trial-0.4,7,1,hold_trial-0.4,hold_trial,0.4,5,80.17600000000039,1,1000,1,400.0,1.0,48.0,2,1,2,1,1,1,2,1,False,0,0,0,1,0,1,hold,True
s07-r1-hold_trial-0.4,7,1,hold_trial-0.4,hold_trial,0.4,6,87.75600000000031,1,1000,1,400.0,1.0,48.0,1,1,1,1,1,1,1,1,False,1,1,0,1,1,0,hold,True
s07-r1-hold_trial-0.4,7,1,hold_trial-0.4,hold_trial,0.4,7,95.64400000000025,1,1000,1,400.0,1.0,48.0,2,1,2,1,1,1,1,1,False,0,0,0,1,1,0,hold,True
s07-r1-hold_trial-0.4,7,1,hold_trial-0.4,hold_trial,0.4,8,111.28799999999956,2,1000,1,400.0,1.0,48.0,2,1,2,1,1,1,2,1,False,1,1,0,0,1,1,hold,True
s07-r1-hold_trial-0.4,7,1,hold_trial-0.4,hold_trial,0.4,9,119.76800000000004,2,1000,1,400.0,1.0,48.0,2,1,2,1,1,1,2,1,False,1,1,0,0,1,1,hold,True
s07-r1-hold_trial-0.4,7,1,hold_trial-0.4,hold_trial,0.4,10,127.80000000000018,1,1000,1,400.0,1.0,48.0,1,1,1,1,1,1,1,1,False,1,1,0,1,1,0,hold,True
s07-r1-hold_trial-0.4,7,1,hold_trial-0.4,hold_trial,0.4,11,136.0640000000003,1,1000,1,400.0,1.0,48.0,2,1,1,1,1,1,1,1,False,0,1,1,1,1,0,hold,True
s07-r1-hold_trial-0.4,7,1,hold_trial-0.4,hold_trial,0.4,12,152.47199999999975,1,1000,1,400.0,1.0,48.0,1,1,2,1,2,1,2,1,False,1,0,1,0,0,0,hold,True
s07-r1-hold_trial-0.4,7,1,hold_trial-0.4,hold_trial,0.4,13,160.7520000000004,2,1000,1,400.0,1.0,48.0,2,1,2,1,2,1,2,1,False,1,1,0,1,1,0,hold,True
s07-r1-hold_trial-0.4,7,1,hold_trial-0.4,hold_trial,0.4,14,192.65599999999995,1,1000,1,400.0,1.0,48.0,1,1,2,1,2,1,2,1,False,1,0,1,0,0,0,hold,True
s07-r1-hold_trial-0.4,7,1,hold_trial-0.4,hold_trial,0.4,15,216.9319999999998,2,1000,1,400.0,1.0,48.0,2,1,2,1,2,1,2,1,False,1,1,0,1,1,0,hold,True
s07-r1-hold_trial-0.4,7,1,hold_trial-0.4,hold_trial,0.4,16,241.22000000000023,2,1000,1,400.0,1.0,48.0,2,1,2,1,2,1,2,1,False,1,1,0,1,1,0,hold,True
s07-r1-hold_trial-0.4,7,1,hold_trial-0.4,hold_trial,0.4,17,249.6480000000001,1,1000,1,400.0,1.0,48.0,1,1,2,1,1,1,1,1,False,1,0,1,1,1,0,hold,True
s07-r1-hold_trial-0.4,7,1,hold_trial-0.4,hold_trial,0.4,18,258.0159999999996,2,1000,1,400.0,1.0,48.0,2,1,2,1,1,1,1,1,False,1,1,0,0,0,0,hold,True
s07-r1-hold_trial-0.4,7,1,hold_trial-0.4,hold_trial,0.4,19,306.6279999999997,1,1000,1,400.0,1.0,48.0,1,1,1,1,1,1,1,1,False,1,1,0,1,1,0,hold,True
s07-r1-hold_trial-0.4,7,1,hold_trial-0.4,hold_trial,0.4,20,322.65200000000004,2,1000,1,400.0,1.0,48.0,1,1,2,1,2,1,2,1,False,0,1,1,1,1,0,hold,True
s07-r1-hold_trial-0.4,7,1,hold_trial-0.4,hold_trial,0.4,21,338.52400000000034,2,1000,1,400.0,1.0,48.0,2,1,2,1,2,1,2,1,False,1,1,0,1,1,0,hold,True
s07-r1-hold_trial-0.4,7,1,hold_trial-0.4,hold_trial,0.4,22,362.3360000000002,2,1000,1,400.0,1.0,48.0,2,1,2,1,1,1,2,1,False,1,1,0,0,1,1,hold,True
s07-r1-hold_trial-0.4,7,1,hold_trial-0.4,hold_trial,0.4,23,379.02800000000025,1,1000,1,400.0,1.0,48.0,2,1,1,1,2,1,1,1,False,0,1,1,0,1,1,hold,True
s07-r2-hold_trial-0.1,7,2,hold_trial-0.1,hold_trial,0.1,0,1.0,1,1000,1,100.0,1.0,48.0,1,1,1,1,2,1,2,1,False,1,1,0,0,0,0,hold,True
s07-r2-hold_trial-0.1,7,2,hold_trial-0.1,hold_trial,0.1,1,9.012000000000626,1,1000,1,100.0,1.0,48.0,1,1,2,1,1,1,1,1,False,1,0,1,1,1,0,hold,True
s07-r2-hold_trial-0.1,7,2,hold_trial-0.1,hold_trial,0.1,2,24.49200000000019,2,1000,1,100.0,1.0,48.0,2,1,2,1,1,1,2,1,False,1,1,0,0,1,1,hold,True
s07-r2-hold_trial-0.1,7,2,hold_trial-0.1,hold_trial,0.1,3,32.52399999999943,1,1000,1,100.0,1.0,48.0,2,1,2,1,1,1,1,1,False,0,0,0,1,1,0,hold,True
s07-r2-hold_trial-0.1,7,2,hold_trial-0.1,hold_trial,0.1,4,48.63600000000042,1,1000,1,100.0,1.0,48.0,2,1,2,1,1,1,1,1,False,0,0,0,1,1,0,hold,True
s07-r2-hold_trial-0.1,7,2,hold_trial-0.1,hold_trial,0.1,5,64.55999999999949,2,1000,1,100.0,1.0,48.0,2,1,2,1,2,1,2,1,False,1,1,0,1,1,0,hold,True
s07-r2-hold_trial-0.1,7,2,hold_trial-0.1,hold_trial,0.1,6,80.17599999999948,1,1000,1,100.0,1.0,48.0,2,1,2,1,1,1,2,1,False,0,0,0,1,0,1,hold,True
s07-r2-hold_trial-0.1,7,2,hold_trial-0.1,hold_trial,0.1,7,103.42000000000009,1,1000,1,100.0,1.0,48.0,2,1,2,1,2,1,2,1,False,0,0,0,0,0,0,hold,True
s07-r2-hold_trial-0.1,7,2,hold_trial-0.1,hold_trial,0.1,8,119.76800000000004,2,1000,1,100.0,1.0,48.0,2,1,2,1,2,1,2,1,False,1,1,0,1,1,0,hold,True
s07-r2-hold_trial-0.1,7,2,hold_trial-0.1,hold_trial,0.1,9,160.7520000000004,1,1000,1,100.0,1.0,48.0,1,1,1,1,1,1,2,1,False,1,1,0,1,0,1,hold,True
s07-r2-hold_trial-0.1,7,2,hold_trial-0.1,hold_trial,0.1,10,176.71999999999937,2,1000,1,100.0,1.0,48.0,2,1,2,1,2,1,2,1,False,1,1,0,1,1,0,hold,True
s07-r2-hold_trial-0.1,7,2,hold_trial-0.1,hold_trial,0.1,11,192.6560000000009,2,1000,1,100.0,1.0,48.0,2,1,2,1,2,1,2,1,False,1,1,0,1,1,0,hold,True
s07-r2-hold_trial-0.1,7,2,hold_trial-0.1,hold_trial,0.1,12,200.5,1,1000,1,100.0,1.0,48.0,1,1,1,1,1,1,1,1,False,1,1,0,1,1,0,hold,True
s07-r2-hold_trial-0.1,7,2,hold_trial-0.1,hold_trial,0.1,13,216.9320000000007,2,1000,1,100.0,1.0,48.0,2,1,2,1,2,1,2,1,False,1,1,0,1,1,0,hold,True
s07-r2-hold_trial-0.1,7,2,hold_trial-0.1,hold_trial,0.1,14,224.83200000000036,1,1000,1,100.0,1.0,48.0,2,1,2,1,2,1,2,1,False,0,0,0,0,0,0,hold,True
s07-r2-hold_trial-0.1,7,2,hold_trial-0.1,hold_trial,0.1,15,249.64799999999923,1,1000,1,100.0,1.0,48.0,2,1,2,1,1,1,1,1,False,0,0,0,1,1,0,hold,True
s07-r2-hold_trial-0.1,7,2,hold_trial-0.1,hold_trial,0.1,16,282.8080000000009,2,1000,1,100.0,1.0,48.0,2,1,2,1,2,1,2,1,False,1,1,0,1,1,0,hold,True
s07-r2-hold_trial-0.1,7,2,hold_trial-0.1,hold_trial,0.1,17,290.88800000000083,1,1000,1,100.0,1.0,48.0,1,1,2,1,2,1,2,1,False,1,0,1,0,0,0,hold,True
s07-r2-hold_trial-0.1,7,2,hold_trial-0.1,hold_trial,0.1,18,298.77599999999984,2,1000,1,100.0,1.0,48.0,2,1,2,1,2,1,2,1,False,1,1,0,1,1,0,hold,True
s07-r2-hold_trial-0.1,7,2,hold_trial-0.1,hold_trial,0.1,19,314.3279999999995,2,1000,1,100.0,1.0,48.0,2,1,2,1,2,1,2,1,False,1,1,0,1,1,0,hold,True
s07-r2-hold_trial-0.1,7,2,hold_trial-0.1,hold_trial,0.1,20,338.52399999999943,2,1000,1,100.0,1.0,48.0,2,1,2,1,2,1,2,1,False,1,1,0,1,1,0,hold,True
s07-r2-hold_trial-0.1,7,2,hold_trial-0.1,hold_trial,0.1,21,347.0,2,1000,1,100.0,1.0,48.0,2,1,2,1,2,1,2,1,False,1,1,0,1,1,0,hold,True
s07-r2-hold_trial-0.1,7,2,hold_trial-0.1,hold_trial,0.1,22,354.6239999999998,2,1000,1,100.0,1.0,48.0,2,1,2,1,2,1,2,1,False,1,1,0,1,1,0,hold,True
s07-r2-hold_trial-0.1,7,2,hold_trial-0.1,hold_trial,0.1,23,379.02800000000025,1,1000,1,100.0,1.0,48.0,1,1,2,1,1,1,1,1,False,1,0,1,1,1,0,hold,True
s07-r2-hold_trial-0.25,7,2,hold_trial-0.25,hold_trial,0.25,0,1.0,1,1000,1,250.0,1.0,48.0,1,1,1,1,2,1,2,1,False,1,1,0,0,0,0,hold,True
s07-r2-hold_trial-0.25,7,2,hold_trial-0.25,hold_trial,0.25,1,9.012000000000626,1,1000,1,250.0,1.0,48.0,1,1,2,1,1,1,1,1,False,1,0,1,1,1,0,hold,True
s07-r2-hold_trial-0.25,7,2,hold_trial-0.25,hold_trial,0.25,2,24.49200000000019,2,1000,1,250.0,1.0,48.0,2,1,2,1,2,1,2,1,False,1,1,0,1,1,0,hold,True
s07-r2-hold_trial-0.25,7,2,hold_trial-0.25,hold_trial,0.25,3,32.52399999999943,1,1000,1,250.0,1.0,48.0,2,1,2,1,2,1,1,1,False,0,0,0,0,1,1,hold,True
s07-r2-hold_trial-0.25,7,2,hold_trial-0.25,hold_trial,0.25,4,48.63600000000042,1,1000,1,250.0,1.0,48.0,2,1,2,1,1,1,1,1,False,0,0,0,1,1,0,hold,True
s07-r2-hold_trial-0.25,7,2,hold_trial-0.25,hold_trial,0.25,5,64.55999999999949,2,1000,1,250.0,1.0,48.0,2,1,2,1,2,1,2,1,False,1,1,0,1,1,0,hold,True
s07-r2-hold_trial-0.25,7,2,hold_trial-0.25,hold_trial,0.25,6,80.17599999999948,1,1000,1,250.0,1.0,48.0,1,1,2,1,1,1,2,1,False,1,0,1,1,0,1,hold,True
s07-r2-hold_trial-0.25,7,2,hold_trial-0.25,hold_trial,0.25,7,103.42000000000009,1,1000,1,250.0,1.0,48.0,2,1,2,1,1,1,2,1,False,0,0,0,1,0,1,hold,True
s07-r2-hold_trial-0.25,7,2,hold_trial-0.25,hold_trial,0.25,8,119.76800000000004,2,1000,1,250.0,1.0,48.0,2,1,2,1,1,1,2,1,False,1,1,0,0,1,1,hold,True
s07-r2-hold_trial-0.25,7,2,hold_trial-0.25,hold_trial,0.25,9,160.7520000000004,1,1000,1,250.0,1.0,48.0,1,1,1,1,2,1,2,1,False,1,1,0,0,0,0,hold,True
s07-r2-hold_trial-0.25,7,2,hold_trial-0.25,hold_trial,0.25,10,176.71999999999937,2,1000,1,250.0,1.0,48.0,2,1,2,1,1,1,2,1,False,1,1,0,0,1,1,hold,True
s07-r2-hold_trial-0.25,7,2,hold_trial-0.25,hold_trial,0.25,11,192.6560000000009,2,1000,1,250.0,1.0,48.0,2,1,2,1,1,1,2,1,False,1,1,0,0,1,1,hold,True
s07-r2-hold_trial-0.25,7,2,hold_trial-0.25,hold_trial,0.25,12,200.5,1,1000,1,250.0,1.0,48.0,1,1,1,1,1,1,1,1,False,1,1,0,1,1,0,hold,True
s07-r2-hold_trial-0.25,7,2,hold_trial-0.25,hold_trial,0.25,13,216.9320000000007,2,1000,1,250.0,1.0,48.0,2,1,2,1,1,1,2,1,False,1,1,0,0,1,1,hold,True
s07-r2-hold_trial-0.25,7,2,hold_trial-0.25,hold_trial,0.25,14,224.83200000000036,1,1000,1,250.0,1.0,48.0,2,1,2,1,2,1,2,1,False,0,0,0,0,0,0,hold,True
s07-r2-hold_trial-0.25,7,2,hold_trial-0.25,hold_trial,0.25,15,249.64799999999923,1,1000,1,250.0,1.0,48.0,2,1,2,1,1,1,1,1,False,0,0,0,1,1,0,hold,True
s07-r2-hold_trial-0.25,7,2,hold_trial-0.25,hold_trial,0.25,16,282.8080000000009,2,1000,1,250.0,1.0,48.0,2,1,2,1,1,1,2,1,False,1,1,0,0,1,1,hold,True
s07-r2-hold_trial-0.25,7,2,hold_trial-0.25,hold_trial,0.25,17,290.88800000000083,1,1000,1,250.0,1.0,48.0,2,1,2,1,2,1,2,1,False,0,0,0,0,0,0,hold,True
s07-r2-hold_trial-0.25,7,2,hold_trial-0.25,hold_trial,0.25,18,298.77599999999984,2,1000,1,250.0,1.0,48.0,2,1,2,1,2,1,2,1,False,1,1,0,1,1,0,hold,True
s07-r2-hold_trial-0.25,7,2,hold_trial-0.25,hold_trial,0.25,19,314.3279999999995,2,1000,1,250.0,1.0,48.0,2,1,2,1,2,1,2,1,False,1,1,0,1,1,0,hold,True
s07-r2-hold_trial-0.25,7,2,hold_trial-0.25,hold_trial,0.25,20,338.52399999999943,2,1000,1,250.0,1.0,48.0,2,1,2,1,2,1,2,1,False,1,1,0,1,1,0,hold,True
s07-r2-hold_trial-0.25,7,2,hold_trial-0.25,hold_trial,0.25,21,347.0,2,1000,1,250.0,1.0,48.0,2,1,2,1,2,1,2,1,False,1,1,0,1,1,0,hold,True
s07-r2-hold_trial-0.25,7,2,hold_trial-0.25,hold_trial,0.25,22,354.6239999999998,2,1000,1,250.0,1.0,48.0,2,1,2,1,2,1,2,1,False,1,1,0,1,1,0,hold,True
s07-r2-hold_trial-0.25,7,2,hold_trial-0.25,hold_trial,0.25,23,379.02800000000025,1,1000,1,250.0,1.0,48.0,2,1,2,1,1,1,1,1,False,0,0,0,1,1,0,hold,True
s07-r2-hold_trial-0.4,7,2,hold_trial-0.4,hold_trial,0.4,0,1.0,1,1000,1,400.0,1.0,48.0,1,1,1,1,1,1,2,1,False,1,1,0,1,0,1,hold,True
s07-r2-hold_trial-0.4,7,2,hold_trial-0.4,hold_trial,0.4,1,9.012000000000626,1,1000,1,400.0,1.0,48.0,1,1,2,1,1,1,1,1,False,1,0,1,1,1,0,hold,True
s07-r2-hold_trial-0.4,7,2,hold_trial-0.4,hold_trial,0.4,2,24.49200000000019,2,1000,1,400.0,1.0,48.0,2,1,2,1,2,1,2,1,False,1,1,0,1,1,0,hold,True
s07-r2-hold_trial-0.4,7,2,hold_trial-0.4,hold_trial,0.4,3,32.52399999999943,1,1000,1,400.0,1.0,48.0,2,1,2,1,1,1,1,1,False,0,0,0,1,1,0,hold,True
s07-r2-hold_trial-0.4,7,2,hold_trial-0.4,hold_trial,0.4,4,48.63600000000042,1,1000,1,400.0,1.0,48.0,1,1,2,1,1,1,1,1,False,1,0,1,1,1,0,hold,True
s07-r2-hold_trial-0.4,7,2,hold_trial-0.4,hold_trial,0.4,5,64.55999999999949,2,1000,1,400.0,1.0,48.0,2,1,2,1,2,1,2,1,False,1,1,0,1,1,0,hold,True
s07-r2-hold_trial-0.4,7,2,hold_trial-0.4,hold_trial,0.4,6,80.17599999999948,1,1000,1,400.0,1.0,48.0,1,1,2,1,1,1,2,1,False,1,0,1,1,0,1,hold,True
s07-r2-hold_trial-0.4,7,2,hold_trial-0.4,hold_trial,0.4,7,103.42000000000009,1,1000,1,400.0,1.0,48.0,2,1,2,1,1,1,2,1,False,0,0,0,1,0,1,hold,True
s07-r2-hold_trial-0.4,7,2,hold_trial-0.4,hold_trial,0.4,8,119.76800000000004,2,1000,1,400.0,1.0,48.0,2,1,2,1,2,1,2,1,False,1,1,0,1,1,0,hold,True
s07-r2-hold_trial-0.4,7,2,hold_trial-0.4,hold_trial,0.4,9,160.7520000000004,1,1000,1,400.0,1.0,48.0,1,1,1,1,1,1,2,1,False,1,1,0,1,0,1,hold,True
s07-r2-hold_trial-0.4,7,2,hold_trial-0.4,hold_trial,0.4,10,176.71999999999937,2,1000,1,400.0,1.0,48.0,2,1,2,1,1,1,2,1,False,1,1,0,0,1,1,hold,True
s07-r2-hold_trial-0.4,7,2,hold_trial-0.4,hold_trial,0.4,11,192.6560000000009,2,1000,1,400.0,1.0,48.0,2,1,2,1,2,1,2,1,False,1,1,0,1,1,0,hold,True
s07-r2-hold_trial-0.4,7,2,hold_trial-0.4,hold_trial,0.4,12,200.5,1,1000,1,400.0,1.0,48.0,1,1,1,1,1,1,1,1,False,1,1,0,1,1,0,hold,True
s07-r2-hold_trial-0.4,7,2,hold_trial-0.4,hold_trial,0.4,13,216.9320000000007,2,1000,1,400.0,1.0,48.0,2,1,2,1,1,1,2,1,False,1,1,0,0,1,1,hold,True
s07-r2-hold_trial-0.4,7,2,hold_trial-0.4,hold_trial,0.4,14,224.83200000000036,1,1000,1,400.0,1.0,48.0,2,1,2,1,2,1,2,1,False,0,0,0,0,0,0,hold,True
s07-r2-hold_trial-0.4,7,2,hold_trial-0.4,hold_trial,0.4,15,249.64799999999923,1,1000,1,400.0,1.0,48.0,2,1,2,1,1,1,1,1,False,0,0,0,1,1,0,hold,True
s07-r2-hold_trial-0.4,7,2,hold_trial-0.4,hold_trial,0.4,16,282.8080000000009,2,1000,1,400.0,1.0,48.0,2,1,2,1,2,1,2,1,False,1,1,0,1,1,0,hold,True
s07-r2-hold_trial-0.4,7,2,hold_trial-0.4,hold_trial,0.4,17,290.88800000000083,1,1000,1,400.0,1.0,48.0,2,1,2,1,2,1,2,1,False,0,0,0,0,0,0,hold,True
s07-r2-hold_trial-0.4,7,2,hold_trial-0.4,hold_trial,0.4,18,298.77599999999984,2,1000,1,400.0,1.0,48.0,2,1,2,1,2,1,2,1,False,1,1,0,1,1,0,hold,True
s07-r2-hold_trial-0.4,7,2,hold_trial-0.4,hold_trial,0.4,19,314.3279999999995,2,1000,1,400.0,1.0,48.0,2,1,2,1,2,1,2,1,False,1,1,0,1,1,0,hold,True
s07-r2-hold_trial-0.4,7,2,hold_trial-0.4,hold_trial,0.4,20,338.52399999999943,2,1000,1,400.0,1.0,48.0,2,1,2,1,2,1,2,1,False,1,1,0,1,1,0,hold,True
s07-r2-hold_trial-0.4,7,2,hold_trial-0.4,hold_trial,0.4,21,347.0,2,1000,1,400.0,1.0,48.0,2,1,2,1,2,1,2,1,False,1,1,0,1,1,0,hold,True
s07-r2-hold_trial-0.4,7,2,hold_trial-0.4,hold_trial,0.4,22,354.6239999999998,2,1000,1,400.0,1.0,48.0,2,1,2,1,1,1,2,1,False,1,1,0,0,1,1,hold,True
s07-r2-hold_trial-0.4,7,2,hold_trial-0.4,hold_trial,0.4,23,379.02800000000025,1,1000,1,400.0,1.0,48.0,2,1,2,1,2,1,1,1,False,0,0,0,0,1,1,hold,True
s07-r3-hold_trial-0.1,7,3,hold_trial-0.1,hold_trial,0.1,0,1.0,2,1000,1,100.0,1.0,48.0,2,1,2,1,2,1,2,1,False,1,1,0,1,1,0,hold,True
s07-r3-hold_trial-0.1,7,3,hold_trial-0.1,hold_trial,0.1,1,16.683999999999287,1,1000,1,100.0,1.0,48.0,1,1,1,1,2,1,2,1,False,1,1,0,0,0,0,hold,True
s07-r3-hold_trial-0.1,7,3,hold_trial-0.1,hold_trial,0.1,2,48.63600000000042,1,1000,1,100.0,1.0,48.0,1,1,1,1,1,1,1,1,False,1,1,0,1,1,0,hold,True
s07-r3-hold_trial-0.1,7,3,hold_trial-0.1,hold_trial,0.1,3,56.83599999999933,1,1000,1,100.0,1.0,48.0,2,1,2,1,1,1,1,1,False,0,0,0,1,1,0,hold,True
s07-r3-hold_trial-0.1,7,3,hold_trial-0.1,hold_trial,0.1,4,72.55199999999968,2,1000,1,100.0,1.0,48.0,2,1,2,1,2,1,2,1,False,1,1,0,1,1,0,hold,True
s07-r3-hold_trial-0.1,7,3,hold_trial-0.1,hold_trial,0.1,5,103.42000000000009,2,1000,1,100.0,1.0,48.0,2,1,2,1,1,1,2,1,False,1,1,0,0,1,1,hold,True
s07-r3-hold_trial-0.1,7,3,hold_trial-0.1,hold_trial,0.1,6,111.28800000000048,1,1000,1,100.0,1.0,48.0,2,1,2,1,2,1,2,1,False,0,0,0,0,0,0,hold,True
s07-r3-hold_trial-0.1,7,3,hold_trial-0.1,hold_trial,0.1,7,127.79999999999929,2,1000,1,100.0,1.0,48.0,2,1,2,1,2,1,1,1,False,1,1,0,1,0,1,hold,True
s07-r3-hold_trial-0.1,7,3,hold_trial-0.1,hold_trial,0.1,8,144.20800000000054,1,1000,1,100.0,1.0,48.0,2,1,2,1,1,1,1,1,False,0,0,0,1,1,0,hold,True
s07-r3-hold_trial-0.1,7,3,hold_trial-0.1,hold_trial,0.1,9,169.07200000000012,2,1000,1,100.0,1.0,48.0,2,1,2,1,1,1,1,1,False,1,1,0,0,0,0,hold,True
s07-r3-hold_trial-0.1,7,3,hold_trial-0.1,hold_trial,0.1,10,192.6560000000009,1,1000,1,100.0,1.0,48.0,1,1,1,1,1,1,1,1,False,1,1,0,1,1,0,hold,True
s07-r3-hold_trial-0.1,7,3,hold_trial-0.1,hold_trial,0.1,11,200.5,2,1000,1,100.0,1.0,48.0,2,1,2,1,2,1,2,1,False,1,1,0,1,1,0,hold,True
s07-r3-hold_trial-0.1,7,3,hold_trial-0.1,hold_trial,0.1,12,208.9159999999993,2,1000,1,100.0,1.0,48.0,2,1,2,1,2,1,2,1,False,1,1,0,1,1,0,hold,True
s07-r3-hold_trial-0.1,7,3,hold_trial-0.1,hold_trial,0.1,13,232.9359999999997,2,1000,1,100.0,1.0,48.0,2,1,2,1,2,1,2,1,False,1,1,0,1,1,0,hold,True
s07-r3-hold_trial-0.1,7,3,hold_trial-0.1,hold_trial,0.1,14,241.21999999999932,1,1000,1,100.0,1.0,48.0,2,1,2,1,1,1,1,1,False,0,0,0,1,1,0,hold,True
s07-r3-hold_trial-0.1,7,3,hold_trial-0.1,hold_trial,0.1,15,249.64799999999923,1,1000,1,100.0,1.0,48.0,2,1,2,1,1,1,1,1,False,0,0,0,1,1,0,hold,True
s07-r3-hold_trial-0.1,7,3,hold_trial-0.1,hold_trial,0.1,16,266.3799999999992,2,1000,1,100.0,1.0,48.0,2,1,2,1,1,1,1,1,False,1,1,0,0,0,0,hold,True
s07-r3-hold_trial-0.1,7,3,hold_trial-0.1,hold_trial,0.1,17,274.5519999999997,1,1000,1,100.0,1.0,48.0,1,1,1,1,1,1,1,1,False,1,1,0,1,1,0,hold,True
s07-r3-hold_trial-0.1,7,3,hold_trial-0.1,hold_trial,0.1,18,290.88800000000083,2,1000,1,100.0,1.0,48.0,2,1,2,1,2,1,2,1,False,1,1,0,1,1,0,hold,True
s07-r3-hold_trial-0.1,7,3,hold_trial-0.1,hold_trial,0.1,19,298.77599999999984,2,1000,1,100.0,1.0,48.0,2,1,2,1,2,1,2,1,False,1,1,0,1,1,0,hold,True
s07-r3-hold_trial-0.1,7,3,hold_trial-0.1,hold_trial,0.1,20,314.3279999999995,1,1000,1,100.0,1.0,48.0,1,1,1,1,1,1,1,1,False,1,1,0,1,1,0,hold,True
s07-r3-hold_trial-0.1,7,3,hold_trial-0.1,hold_trial,0.1,21,362.3359999999993,1,1000,1,100.0,1.0,48.0,2,1,2,1,2,1,1,1,False,0,0,0,0,1,1,hold,True
s07-r3-hold_trial-0.1,7,3,hold_trial-0.1,hold_trial,0.1,22,370.79199999999946,2,1000,1,100.0,1.0,48.0,2,1,2,1,2,1,2,1,False,1,1,0,1,1,0,hold,True
s07-r3-hold_trial-0.1,7,3,hold_trial-0.1,hold_trial,0.1,23,379.02800000000025,1,1000,1,100.0,1.0,48.0,2,1,2,1,2,1,2,1,False,0,0,0,0,0,0,hold,True
s07-r3-hold_trial-0.25,7,3,hold_trial-0.25,hold_trial,0.25,0,1.0,2,1000,1,250.0,1.0,48.0,2,1,2,1,2,1,2,1,False,1,1,0,1,1,0,hold,True
s07-r3-hold_trial-0.25,7,3,hold_trial-0.25,hold_trial,0.25,1,16.683999999999287,1,1000,1,250.0,1.0,48.0,1,1,1,1,2,1,2,1,False,1,1,0,0,0,0,hold,True
s07-r3-hold_trial-0.25,7,3,hold_trial-0.25,hold_trial,0.25,2,48.63600000000042,1,1000,1,250.0,1.0,48.0,1,1,1,1,1,1,1,1,False,1,1,0,1,1,0,hold,True
s07-r3-hold_trial-0.25,7,3,hold_trial-0.25,hold_trial,0.25,3,56.83599999999933,1,1000,1,250.0,1.0,48.0,2,1,2,1,1,1,1,1,False,0,0,0,1,1,0,hold,True
s07-r3-hold_trial-0.25,7,3,hold_trial-0.25,hold_trial,0.25,4,72.55199999999968,2,1000,1,250.0,1.0,48.0,2,1,2,1,2,1,2,1,False,1,1,0,1,1,0,hold,True
s07-r3-hold_trial-0.25,7,3,hold_trial-0.25,hold_trial,0.25,5,103.42000000000009,2,1000,1,250.0,1.0,48.0,2,1,2,1,2,1,2,1,False,1,1,0,1,1,0,hold,True
s07-r3-hold_trial-0.25,7,3,hold_trial-0.25,hold_trial,0.25,6,111.28800000000048,1,1000,1,250.0,1.0,48.0,2,1,2,1,1,1,2,1,False,0,0,0,1,0,1,hold,True
s07-r3-hold_trial-0.25,7,3,hold_trial-0.25,hold_trial,0.25,7,127.79999999999929,2,1000,1,250.0,1.0,48.0,2,1,2,1,2,1,1,1,False,1,1,0,1,0,1,hold,True
s07-r3-hold_trial-0.25,7,3,hold_trial-0.25,hold_trial,0.25,8,144.20800000000054,1,1000,1,250.0,1.0,48.0,2,1,2,1,1,1,1,1,False,0,0,0,1,1,0,hold,True
s07-r3-hold_trial-0.25,7,3,hold_trial-0.25,hold_trial,0.25,9,169.07200000000012,2,1000,1,250.0,1.0,48.0,2,1,2,1,1,1,1,1,False,1,1,0,0,0,0,hold,True
s07-r3-hold_trial-0.25,7,3,hold_trial-0.25,hold_trial,0.25,10,192.6560000000009,1,1000,1,250.0,1.0,48.0,1,1,1,1,1,1,1,1,False,1,1,0,1,1,0,hold,True
s07-r3-hold_trial-0.25,7,3,hold_trial-0.25,hold_trial,0.25,11,200.5,2,1000,1,250.0,1.0,48.0,2,1,2,1,2,1,2,1,False,1,1,0,1,1,0,hold,True
s07-r3-hold_trial-0.25,7,3,hold_trial-0.25,hold_trial,0.25,12,208.9159999999993,2,1000,1,250.0,1.0,48.0,2,1,2,1,2,1,2,1,False,1,1,0,1,1,0,hold,True
s07-r3-hold_trial-0.25,7,3,hold_trial-0.25,hold_trial,0.25,13,232.9359999999997,2,1000,1,250.0,1.0,48.0,2,1,2,1,2,1,2,1,False,1,1,0,1,1,0,hold,True
s07-r3-hold_trial-0.25,7,3,hold_trial-0.25,hold_trial,0.25,14,241.21999999999932,1,1000,1,250.0,1.0,48.0,1,1,2,1,1,1,1,1,False,1,0,1,1,1,0,hold,True
s07-r3-hold_trial-0.25,7,3,hold_trial-0.25,hold_trial,0.25,15,249.64799999999923,1,1000,1,250.0,1.0,48.0,2,1,2,1,2,1,1,1,False,0,0,0,0,1,1,hold,True
s07-r3-hold_trial-0.25,7,3,hold_trial-0.25,hold_trial,0.25,16,266.3799999999992,2,1000,1,250.0,1.0,48.0,2,1,2,1,1,1,1,1,False,1,1,0,0,0,0,hold,True
s07-r3-hold_trial-0.25,7,3,hold_trial-0.25,hold_trial,0.25,17,274.5519999999997,1,1000,1,250.0,1.0,48.0,2,1,1,1,1,1,1,1,False,0,1,1,1,1,0,hold,True
s07-r3-hold_trial-0.25,7,3,hold_trial-0.25,hold_trial,0.25,18,290.88800000000083,2,1000,1,250.0,1.0,48.0,2,1,2,1,2,1,2,1,False,1,1,0,1,1,0,hold,True
s07-r3-hold_trial-0.25,7,3,hold_trial-0.25,hold_trial,0.25,19,298.77599999999984,2,1000,1,250.0,1.0,48.0,2,1,2,1,1,1,2,1,False,1,1,0,0,1,1,hold,True
s07-r3-hold_trial-0.25,7,3,hold_trial-0.25,hold_trial,0.25,20,314.3279999999995,1,1000,1,250.0,1.0,48.0,1,1,1,1,1,1,1,1,False,1,1,0,1,1,0,hold,True
s07-r3-hold_trial-0.25,7,3,hold_trial-0.25,hold_trial,0.25,21,362.3359999999993,1,1000,1,250.0,1.0,48.0,2,1,2,1,2,1,1,1,False,0,0,0,0,1,1,hold,True
s07-r3-hold_trial-0.25,7,3,hold_trial-0.25,hold_trial,0.25,22,370.79199999999946,2,1000,1,250.0,1.0,48.0,2,1,2,1,2,1,2,1,False,1,1,0,1,1,0,hold,True
s07-r3-hold_trial-0.25,7,3,hold_trial-0.25,hold_trial,0.25,23,379.02800000000025,1,1000,1,250.0,1.0,48.0,1,1,2,1,2,1,2,1,False,1,0,1,0,0,0,hold,True
s07-r3-hold_trial-0.4,7,3,hold_trial-0.4,hold_trial,0.4,0,1.0,2,1000,1,400.0,1.0,48.0,1,1,2,1,1,1,2,1,False,0,1,1,0,1,1,hold,True
s07-r3-hold_trial-0.4,7,3,hold_trial-0.4,hold_trial,0.4,1,16.683999999999287,1,1000,1,400.0,1.0,48.0,1,1,1,1,2,1,2,1,False,1,1,0,0,0,0,hold,True
s07-r3-hold_trial-0.4,7,3,hold_trial-0.4,hold_trial,0.4,2,48.63600000000042,1,1000,1,400.0,1.0,48.0,1,1,1,1,1,1,1,1,False,1,1,0,1,1,0,hold,True
s07-r3-hold_trial-0.4,7,3,hold_trial-0.4,hold_trial,0.4,3,56.83599999999933,1,1000,1,400.0,1.0,48.0,2,1,2,1,1,1,1,1,False,0,0,0,1,1,0,hold,True
s07-r3-hold_trial-0.4,7,3,hold_trial-0.4,hold_trial,0.4,4,72.55199999999968,2,1000,1,400.0,1.0,48.0,2,1,2,1,1,1,2,1,False,1,1,0,0,1,1,hold,True
s07-r3-hold_trial-0.4,7,3,hold_trial-0.4,hold_trial,0.4,5,103.42000000000009,2,1000,1,400.0,1.0,48.0,2,1,2,1,2,1,2,1,False,1,1,0,1,1,0,hold,True
s07-r3-hold_trial-0.4,7,3,hold_trial-0.4,hold_trial,0.4,6,111.28800000000048,1,1000,1,400.0,1.0,48.0,2,1,2,1,2,1,2,1,False,0,0,0,0,0,0,hold,True
s07-r3-hold_trial-0.4,7,3,hold_trial-0.4,hold_trial,0.4,7,127.79999999999929,2,1000,1,400.0,1.0,48.0,1,1,2,1,1,1,1,1,False,0,1,1,0,0,0,hold,True
s07-r3-hold_trial-0.4,7,3,hold_trial-0.4,hold_trial,0.4,8,144.20800000000054,1,1000,1,400.0,1.0,48.0,2,1,2,1,1,1,1,1,False,0,0,0,1,1,0,hold,True
s07-r3-hold_trial-0.4,7,3,hold_trial-0.4,hold_trial,0.4,9,169.07200000000012,2,1000,1,400.0,1.0,48.0,2,1,2,1,1,1,1,1,False,1,1,0,0,0,0,hold,True
s07-r3-hold_trial-0.4,7,3,hold_trial-0.4,hold_trial,0.4,10,192.6560000000009,1,1000,1,400.0,1.0,48.0,1,1,1,1,1,1,1,1,False,1,1,0,1,1,0,hold,True
s07-r3-hold_trial-0.4,7,3,hold_trial-0.4,hold_trial,0.4,11,200.5,2,1000,1,400.0,1.0,48.0,2,1,2,1,2,1,2,1,False,1,1,0,1,1,0,hold,True
s07-r3-hold_trial-0.4,7,3,hold_trial-0.4,hold_trial,0.4,12,208.9159999999993,2,1000,1,400.0,1.0,48.0,2,1,2,1,1,1,2,1,False,1,1,0,0,1,1,hold,True
s07-r3-hold_trial-0.4,7,3,hold_trial-0.4,hold_trial,0.4,13,232.9359999999997,2,1000,1,400.0,1.0,48.0,2,1,2,1,2,1,2,1,False,1,1,0,1,1,0,hold,True
s07-r3-hold_trial-0.4,7,3,hold_trial-0.4,hold_trial,0.4,14,241.21999999999932,1,1000,1,400.0,1.0,48.0,2,1,2,1,1,1,1,1,False,0,0,0,1,1,0,hold,True
s07-r3-hold_trial-0.4,7,3,hold_trial-0.4,hold_trial,0.4,15,249.64799999999923,1,1000,1,400.0,1.0,48.0,2,1,2,1,1,1,1,1,False,0,0,0,1,1,0,hold,True
s07-r3-hold_trial-0.4,7,3,hold_trial-0.4,hold_trial,0.4,16,266.3799999999992,2,1000,1,400.0,1.0,48.0,2,1,2,1,1,1,1,1,False,1,1,0,0,0,0,hold,True
s07-r3-hold_trial-0.4,7,3,hold_trial-0.4,hold_trial,0.4,17,274.5519999999997,1,1000,1,400.0,1.0,48.0,1,1,1,1,1,1,1,1,False,1,1,0,1,1,0,hold,True
s07-r3-hold_trial-0.4,7,3,hold_trial-0.4,hold_trial,0.4,18,290.88800000000083,2,1000,1,400.0,1.0,48.0,2,1,2,1,1,1,2,1,False,1,1,0,0,1,1,hold,True
s07-r3-hold_trial-0.4,7,3,hold_trial-0.4,hold_trial,0.4,19,298.77599999999984,2,1000,1,400.0,1.0,48.0,2,1,2,1,1,1,2,1,False,1,1,0,0,1,1,hold,True
s07-r3-hold_trial-0.4,7,3,hold_trial-0.4,hold_trial,0.4,20,314.3279999999995,1,1000,1,400.0,1.0,48.0,1,1,1,1,1,1,1,1,False,1,1,0,1,1,0,hold,True
s07-r3-hold_trial-0.4,7,3,hold_trial-0.4,hold_trial,0.4,21,362.3359999999993,1,1000,1,400.0,1.0,48.0,2,1,2,1,1,1,1,1,False,0,0,0,1,1,0,hold,True
s07-r3-hold_trial-0.4,7,3,hold_trial-0.4,hold_trial,0.4,22,370.79199999999946,2,1000,1,400.0,1.0,48.0,2,1,2,1,2,1,2,1,False,1,1,0,1,1,0,hold,True
s07-r3-hold_trial-0.4,7,3,hold_trial-0.4,hold_trial,0.4,23,379.02800000000025,1,1000,1,400.0,1.0,48.0,1,1,2,1,2,1,2,1,False,1,0,1,0,0,0,hold,True
s07-r4-hold_trial-0.1,7,4,hold_trial-0.1,hold_trial,0.1,0,1.0,2,1000,1,100.0,1.0,48.0,2,1,2,1,2,1,2,1,False,1,1,0,1,1,0,hold,True
s07-r4-hold_trial-0.1,7,4,hold_trial-0.1,hold_trial,0.1,1,9.012000000000626,1,1000,1,100.0,1.0,48.0,2,1,2,1,1,1,1,1,False,0,0,0,1,1,0,hold,True
s07-r4-hold_trial-0.1,7,4,hold_trial-0.1,hold_trial,0.1,2,16.683999999999287,1,1000,1,100.0,1.0,48.0,1,1,2,1,1,1,1,1,False,1,0,1,1,1,0,hold,True
s07-r4-hold_trial-0.1,7,4,hold_trial-0.1,hold_trial,0.1,3,40.96800000000076,2,1000,1,100.0,1.0,48.0,2,1,2,1,2,1,2,1,False,1,1,0,1,1,0,hold,True
s07-r4-hold_trial-0.1,7,4,hold_trial-0.1,hold_trial,0.1,4,64.55999999999949,1,1000,1,100.0,1.0,48.0,2,1,2,1,2,1,2,1,False,0,0,0,0,0,0,hold,True
s07-r4-hold_trial-0.1,7,4,hold_trial-0.1,hold_trial,0.1,5,80.17599999999948,1,1000,1,100.0,1.0,48.0,2,1,2,1,2,1,2,1,False,0,0,0,0,0,0,hold,True
s07-r4-hold_trial-0.1,7,4,hold_trial-0.1,hold_trial,0.1,6,87.7559999999994,1,1000,1,100.0,1.0,48.0,1,1,1,1,1,1,1,1,False,1,1,0,1,1,0,hold,True
s07-r4-hold_trial-0.1,7,4,hold_trial-0.1,hold_trial,0.1,7,95.64400000000025,2,1000,1,100.0,1.0,48.0,2,1,2,1,1,1,1,1,False,1,1,0,0,0,0,hold,True
s07-r4-hold_trial-0.1,7,4,hold_trial-0.1,hold_trial,0.1,8,119.76800000000004,2,1000,1,100.0,1.0,48.0,2,1,2,1,2,1,2,1,False,1,1,0,1,1,0,hold,True
s07-r4-hold_trial-0.1,7,4,hold_trial-0.1,hold_trial,0.1,9,169.07200000000012,2,1000,1,100.0,1.0,48.0,2,1,2,1,1,1,2,1,False,1,1,0,0,1,1,hold,True
s07-r4-hold_trial-0.1,7,4,hold_trial-0.1,hold_trial,0.1,10,176.71999999999937,2,1000,1,100.0,1.0,48.0,2,1,2,1,1,1,1,1,False,1,1,0,0,0,0,hold,True
s07-r4-hold_trial-0.1,7,4,hold_trial-0.1,hold_trial,0.1,11,192.6560000000009,1,1000,1,100.0,1.0,48.0,2,1,2,1,1,1,1,1,False,0,0,0,1,1,0,hold,True
s07-r4-hold_trial-0.1,7,4,hold_trial-0.1,hold_trial,0.1,12,200.5,2,1000,1,100.0,1.0,48.0,2,1,2,1,2,1,2,1,False,1,1,0,1,1,0,hold,True
s07-r4-hold_trial-0.1,7,4,hold_trial-0.1,hold_trial,0.1,13,208.9159999999993,2,1000,1,100.0,1.0,48.0,2,1,2,1,2,1,2,1,False,1,1,0,1,1,0,hold,True
s07-r4-hold_trial-0.1,7,4,hold_trial-0.1,hold_trial,0.1,14,216.9320000000007,2,1000,1,100.0,1.0,48.0,2,1,2,1,2,1,2,1,False,1,1,0,1,1,0,hold,True
s07-r4-hold_trial-0.1,7,4,hold_trial-0.1,hold_trial,0.1,15,241.21999999999932,1,1000,1,100.0,1.0,48.0,1,1,1,1,1,1,1,1,False,1,1,0,1,1,0,hold,True
s07-r4-hold_trial-0.1,7,4,hold_trial-0.1,hold_trial,0.1,16,258.0159999999996,1,1000,1,100.0,1.0,48.0,1,1,1,1,1,1,2,1,False,1,1,0,1,0,1,hold,True
s07-r4-hold_trial-0.1,7,4,hold_trial-0.1,hold_trial,0.1,17,274.5519999999997,1,1000,1,100.0,1.0,48.0,1,1,1,1,1,1,1,1,False,1,1,0,1,1,0,hold,True
s07-r4-hold_trial-0.1,7,4,hold_trial-0.1,hold_trial,0.1,18,290.88800000000083,1,1000,1,100.0,1.0,48.0,1,1,2,1,1,1,1,1,False,1,0,1,1,1,0,hold,True
s07-r4-hold_trial-0.1,7,4,hold_trial-0.1,hold_trial,0.1,19,306.6280000000006,1,1000,1,100.0,1.0,48.0,2,1,2,1,2,1,2,1,False,0,0,0,0,0,0,hold,True
s07-r4-hold_trial-0.1,7,4,hold_trial-0.1,hold_trial,0.1,20,314.3279999999995,2,1000,1,100.0,1.0,48.0,2,1,2,1,2,1,2,1,False,1,1,0,1,1,0,hold,True
s07-r4-hold_trial-0.1,7,4,hold_trial-0.1,hold_trial,0.1,21,347.0,1,1000,1,100.0,1.0,48.0,2,1,2,1,1,1,1,1,False,0,0,0,1,1,0,hold,True
s07-r4-hold_trial-0.1,7,4,hold_trial-0.1,hold_trial,0.1,22,354.6239999999998,2,1000,1,100.0,1.0,48.0,2,1,2,1,2,1,2,1,False,1,1,0,1,1,0,hold,True
s07-r4-hold_trial-0.1,7,4,hold_trial-0.1,hold_trial,0.1,23,370.79199999999946,2,1000,1,100.0,1.0,48.0,2,1,2,1,1,1,2,1,False,1,1,0,0,1,1,hold,True
s07-r4-hold_trial-0.25,7,4,hold_trial-0.25,hold_trial,0.25,0,1.0,2,1000,1,250.0,1.0,48.0,2,1,2,1,2,1,2,1,False,1,1,0,1,1,0,hold,True
s07-r4-hold_trial-0.25,7,4,hold_trial-0.25,hold_trial,0.25,1,9.012000000000626,1,1000,1,250.0,1.0,48.0,1,1,2,1,1,1,1,1,False,1,0,1,1,1,0,hold,True
s07-r4-hold_trial-0.25,7,4,hold_trial-0.25,hold_trial,0.25,2,16.683999999999287,1,1000,1,250.0,1.0,48.0,2,1,2,1,1,1,1,1,False,0,0,0,1,1,0,hold,True
s07-r4-hold_trial-0.25,7,4,hold_trial-0.25,hold_trial,0.25,3,40.96800000000076,2,1000,1,250.0,1.0,48.0,2,1,2,1,1,1,2,1,False,1,1,0,0,1,1,hold,True
s07-r4-hold_trial-0.25,7,4,hold_trial-0.25,hold_trial,0.25,4,64.55999999999949,1,1000,1,250.0,1.0,48.0,2,1,2,1,1,1,2,1,False,0,0,0,1,0,1,hold,True
s07-r4-hold_trial-0.25,7,4,hold_trial-0.25,hold_trial,0.25,5,80.17599999999948,1,1000,1,250.0,1.0,48.0,2,1,2,1,2,1,2,1,False,0,0,0,0,0,0,hold,True
s07-r4-hold_trial-0.25,7,4,hold_trial-0.25,hold_trial,0.25,6,87.7559999999994,1,1000,1,250.0,1.0,48.0,1,1,1,1,1,1,1,1,False,1,1,0,1,1,0,hold,True
s07-r4-hold_trial-0.25,7,4,hold_trial-0.25,hold_trial,0.25,7,95.64400000000025,2,1000,1,250.0,1.0,48.0,2,1,2,1,1,1,1,1,False,1,1,0,0,0,0,hold,True
s07-r4-hold_trial-0.25,7,4,hold_trial-0.25,hold_trial,0.25,8,119.76800000000004,2,1000,1,250.0,1.0,48.0,1,1,2,1,2,1,2,1,False,0,1,1,1,1,0,hold,True
s07-r4-hold_trial-0.25,7,4,hold_trial-0.25,hold_trial,0.25,9,169.07200000000012,2,1000,1,250.0,1.0,48.0,2,1,2,1,1,1,2,1,False,1,1,0,0,1,1,hold,True
s07-r4-hold_trial-0.25,7,4,hold_trial-0.25,hold_trial,0.25,10,176.71999999999937,2,1000,1,250.0,1.0,48.0,2,1,2,1,1,1,1,1,False,1,1,0,0,0,0,hold,True
s07-r4-hold_trial-0.25,7,4,hold_trial-0.25,hold_trial,0.25,11,192.6560000000009,1,1000,1,250.0,1.0,48.0,2,1,2,1,1,1,1,1,False,0,0,0,1,1,0,hold,True
s07-r4-hold_trial-0.25,7,4,hold_trial-0.25,hold_trial,0.25,12,200.5,2,1000,1,250.0,1.0,48.0,1,1,2,1,2,1,2,1,False,0,1,1,1,1,0,hold,True
s07-r4-hold_trial-0.25,7,4,hold_trial-0.25,hold_trial,0.25,13,208.9159999999993,2,1000,1,250.0,1.0,48.0,2,1,2,1,2,1,2,1,False,1,1,0,1,1,0,hold,True
s07-r4-hold_trial-0.25,7,4,hold_trial-0.25,hold_trial,0.25,14,216.9320000000007,2,1000,1,250.0,1.0,48.0,2,1,2,1,2,1,2,1,False,1,1,0,1,1,0,hold,True
s07-r4-hold_trial-0.25,7,4,hold_trial-0.25,hold_trial,0.25,15,241.21999999999932,1,1000,1,250.0,1.0,48.0,1,1,1,1,1,1,1,1,False,1,1,0,1,1,0,hold,True
s07-r4-hold_trial-0.25,7,4,hold_trial-0.25,hold_trial,0.25,16,258.0159999999996,1,1000,1,250.0,1.0,48.0,1,1,1,1,2,1,2,1,False,1,1,0,0,0,0,hold,True
s07-r4-hold_trial-0.25,7,4,hold_trial-0.25,hold_trial,0.25,17,274.5519999999997,1,1000,1,250.0,1.0,48.0,1,1,1,1,1,1,1,1,False,1,1,0,1,1,0,hold,True
s07-r4-hold_trial-0.25,7,4,hold_trial-0.25,hold_trial,0.25,18,290.88800000000083,1,1000,1,250.0,1.0,48.0,2,1,2,1,1,1,1,1,False,0,0,0,1,1,0,hold,True
s07-r4-hold_trial-0.25,7,4,hold_trial-0.25,hold_trial,0.25,19,306.6280000000006,1,1000,1,250.0,1.0,48.0,2,1,2,1,2,1,2,1,False,0,0,0,0,0,0,hold,True
s07-r4-hold_trial-0.25,7,4,hold_trial-0.25,hold_trial,0.25,20,314.3279999999995,2,1000,1,250.0,1.0,48.0,2,1,2,1,1,1,2,1,False,1,1,0,0,1,1,hold,True
s07-r4-hold_trial-0.25,7,4,hold_trial-0.25,hold_trial,0.25,21,347.0,1,1000,1,250.0,1.0,48.0,2,1,2,1,1,1,1,1,False,0,0,0,1,1,0,hold,True
s07-r4-hold_trial-0.25,7,4,hold_trial-0.25,hold_trial,0.25,22,354.6239999999998,2,1000,1,250.0,1.0,48.0,2,1,2,1,2,1,2,1,False,1,1,0,1,1,0,hold,True
s07-r4-hold_trial-0.25,7,4,hold_trial-0.25,hold_trial,0.25,23,370.79199999999946,2,1000,1,250.0,1.0,48.0,2,1,2,1,1,1,2,1,False,1,1,0,0,1,1,hold,True
s07-r4-hold_trial-0.4,7,4,hold_trial-0.4,hold_trial,0.4,0,1.0,2,1000,1,400.0,1.0,48.0,2,1,2,1,2,1,2,1,False,1,1,0,1,1,0,hold,True
s07-r4-hold_trial-0.4,7,4,hold_trial-0.4,hold_trial,0.4,1,9.012000000000626,1,1000,1,400.0,1.0,48.0,2,1,2,1,1,1,1,1,False,0,0,0,1,1,0,hold,True
s07-r4-hold_trial-0.4,7,4,hold_trial-0.4,hold_trial,0.4,2,16.683999999999287,1,1000,1,400.0,1.0,48.0,2,1,2,1,1,1,1,1,False,0,0,0,1,1,0,hold,True
s07-r4-hold_trial-0.4,7,4,hold_trial-0.4,hold_trial,0.4,3,40.96800000000076,2,1000,1,400.0,1.0,48.0,2,1,2,1,1,1,2,1,False,1,1,0,0,1,1,hold,True
s07-r4-hold_trial-0.4,7,4,hold_trial-0.4,hold_trial,0.4,4,64.55999999999949,1,1000,1,400.0,1.0,48.0,2,1,2,1,1,1,2,1,False,0,0,0,1,0,1,hold,True
s07-r4-hold_trial-0.4,7,4,hold_trial-0.4,hold_trial,0.4,5,80.17599999999948,1,1000,1,400.0,1.0,48.0,2,1,2,1,1,1,2,1,False,0,0,0,1,0,1,hold,True
s07-r4-hold_trial-0.4,7,4,hold_trial-0.4,hold_trial,0.4,6,87.7559999999994,1,1000,1,400.0,1.0,48.0,1,1,1,1,1,1,1,1,False,1,1,0,1,1,0,hold,True
s07-r4-hold_trial-0.4,7,4,hold_trial-0.4,hold_trial,0.4,7,95.64400000000025,2,1000,1,400.0,1.0,48.0,2,1,2,1,1,1,1,1,False,1,1,0,0,0,0,hold,True
s07-r4-hold_trial-0.4,7,4,hold_trial-0.4,hold_trial,0.4,8,119.76800000000004,2,1000,1,400.0,1.0,48.0,1,1,2,1,2,1,2,1,False,0,1,1,1,1,0,hold,True
s07-r4-hold_trial-0.4,7,4,hold_trial-0.4,hold_trial,0.4,9,169.07200000000012,2,1000,1,400.0,1.0,48.0,2,1,2,1,1,1,2,1,False,1,1,0,0,1,1,hold,True
s07-r4-hold_trial-0.4,7,4,hold_trial-0.4,hold_trial,0.4,10,176.71999999999937,2,1000,1,400.0,1.0,48.0,2,1,2,1,1,1,1,1,False,1,1,0,0,0,0,hold,True
s07-r4-hold_trial-0.4,7,4,hold_trial-0.4,hold_trial,0.4,11,192.6560000000009,1,1000,1,400.0,1.0,48.0,2,1,2,1,1,1,1,1,False,0,0,0,1,1,0,hold,True
s07-r4-hold_trial-0.4,7,4,hold_trial-0.4,hold_trial,0.4,12,200.5,2,1000,1,400.0,1.0,48.0,1,1,2,1,2,1,2,1,False,0,1,1,1,1,0,hold,True
s07-r4-hold_trial-0.4,7,4,hold_trial-0.4,hold_trial,0.4,13,208.9159999999993,2,1000,1,400.0,1.0,48.0,2,1,2,1,2,1,2,1,False,1,1,0,1,1,0,hold,True
s07-r4-hold_trial-0.4,7,4,hold_trial-0.4,hold_trial,0.4,14,216.9320000000007,2,1000,1,400.0,1.0,48.0,2,1,2,1,1,1,2,1,False,1,1,0,0,1,1,hold,True
s07-r4-hold_trial-0.4,7,4,hold_trial-0.4,hold_trial,0.4,15,241.21999999999932,1,1000,1,400.0,1.0,48.0,2,1,1,1,1,1,1,1,False,0,1,1,1,1,0,hold,True
s07-r4-hold_trial-0.4,7,4,hold_trial-0.4,hold_trial,0.4,16,258.0159999999996,1,1000,1,400.0,1.0,48.0,2,1,1,1,1,1,2,1,False,0,1,1,1,0,1,hold,True
s07-r4-hold_trial-0.4,7,4,hold_trial-0.4,hold_trial,0.4,17,274.5519999999997,1,1000,1,400.0,1.0,48.0,1,1,1,1,2,1,1,1,False,1,1,0,0,1,1,hold,True
s07-r4-hold_trial-0.4,7,4,hold_trial-0.4,hold_trial,0.4,18,290.88800000000083,1,1000,1,400.0,1.0,48.0,2,1,2,1,1,1,1,1,False,0,0,0,1,1,0,hold,True
s07-r4-hold_trial-0.4,7,4,hold_trial-0.4,hold_trial,0.4,19,306.6280000000006,1,1000,1,400.0,1.0,48.0,2,1,2,1,2,1,2,1,False,0,0,0,0,0,0,hold,True
s07-r4-hold_trial-0.4,7,4,hold_trial-0.4,hold_trial,0.4,20,314.3279999999995,2,1000,1,400.0,1.0,48.0,2,1,2,1,2,1,2,1,False,1,1,0,1,1,0,hold,True
s07-r4-hold_trial-0.4,7,4,hold_trial-0.4,hold_trial,0.4,21,347.0,1,1000,1,400.0,1.0,48.0,2,1,2,1,1,1,1,1,False,0,0,0,1,1,0,hold,True
s07-r4-hold_trial-0.4,7,4,hold_trial-0.4,hold_trial,0.4,22,354.6239999999998,2,1000,1,400.0,1.0,48.0,2,1,2,1,2,1,2,1,False,1,1,0,1,1,0,hold,True
s07-r4-hold_trial-0.4,7,4,hold_trial-0.4,hold_trial,0.4,23,370.79199999999946,2,1000,1,400.0,1.0,48.0,2,1,2,1,1,1,2,1,False,1,1,0,0,1,1,hold,True
s08-r0-hold_trial-0.1,8,0,hold_trial-0.1,hold_trial,0.1,0,1.0,1,1000,1,100.0,1.0,48.0,1,1,1,1,1,1,1,1,False,1,1,0,1,1,0,hold,True
s08-r0-hold_trial-0.1,8,0,hold_trial-0.1,hold_trial,0.1,1,9.012000000000173,2,1000,1,100.0,1.0,48.0,2,1,2,1,2,1,2,1,False,1,1,0,1,1,0,hold,True
s08-r0-hold_trial-0.1,8,0,hold_trial-0.1,hold_trial,0.1,2,16.684000000000196,2,1000,1,100.0,1.0,48.0,2,1,2,1,1,1,1,1,False,1,1,0,0,0,0,hold,True
s08-r0-hold_trial-0.1,8,0,hold_trial-0.1,hold_trial,0.1,3,24.49200000000019,1,1000,1,100.0,1.0,48.0,1,1,1,1,1,1,1,1,False,1,1,0,1,1,0,hold,True
s08-r0-hold_trial-0.1,8,0,hold_trial-0.1,hold_trial,0.1,4,32.52399999999989,2,1000,1,100.0,1.0,48.0,2,1,2,1,2,1,2,1,False,1,1,0,1,1,0,hold,True
s08-r0-hold_trial-0.1,8,0,hold_trial-0.1,hold_trial,0.1,5,40.96799999999985,1,1000,1,100.0,1.0,48.0,1,1,1,1,1,1,1,1,False,1,1,0,1,1,0,hold,True
s08-r0-hold_trial-0.1,8,0,hold_trial-0.1,hold_trial,0.1,6,48.63599999999997,2,1000,1,100.0,1.0,48.0,2,1,2,1,2,1,2,1,False,1,1,0,1,1,0,hold,True
s08-r0-hold_trial-0.1,8,0,hold_trial-0.1,hold_trial,0.1,7,64.55999999999995,2,1000,1,100.0,1.0,48.0,2,1,2,1,2,1,2,1,False,1,1,0,1,1,0,hold,True
s08-r0-hold_trial-0.1,8,0,hold_trial-0.1,hold_trial,0.1,8,80.17599999999993,1,1000,1,100.0,1.0,48.0,1,1,1,1,1,1,1,1,False,1,1,0,1,1,0,hold,True
s08-r0-hold_trial-0.1,8,0,hold_trial-0.1,hold_trial,0.1,9,95.64399999999978,2,1000,1,100.0,1.0,48.0,2,1,2,1,2,1,2,1,False,1,1,0,1,1,0,hold,True
s08-r0-hold_trial-0.1,8,0,hold_trial-0.1,hold_trial,0.1,10,103.42000000000009,1,1000,1,100.0,1.0,48.0,2,1,2,1,2,1,2,1,False,0,0,0,0,0,0,hold,True
s08-r0-hold_trial-0.1,8,0,hold_trial-0.1,hold_trial,0.1,11,152.4720000000002,1,1000,1,100.0,1.0,48.0,1,1,1,1,1,1,1,1,False,1,1,0,1,1,0,hold,True
s08-r0-hold_trial-0.1,8,0,hold_trial-0.1,hold_trial,0.1,12,169.07200000000012,2,1000,1,100.0,1.0,48.0,2,1,2,1,2,1,2,1,False,1,1,0,1,1,0,hold,True
s08-r0-hold_trial-0.1,8,0,hold_trial-0.1,hold_trial,0.1,13,176.7199999999998,1,1000,1,100.0,1.0,48.0,1,1,1,1,1,1,1,1,False,1,1,0,1,1,0,hold,True
s08-r0-hold_trial-0.1,8,0,hold_trial-0.1,hold_trial,0.1,14,184.84400000000005,1,1000,1,100.0,1.0,48.0,1,1,1,1,1,1,1,1,False,1,1,0,1,1,0,hold,True
s08-r0-hold_trial-0.1,8,0,hold_trial-0.1,hold_trial,0.1,15,208.91600000000017,1,1000,1,100.0,1.0,48.0,1,1,1,1,1,1,1,1,False,1,1,0,1,1,0,hold,True
s08-r0-hold_trial-0.1,8,0,hold_trial-0.1,hold_trial,0.1,16,241.2199999999998,1,1000,1,100.0,1.0,48.0,1,1,1,1,1,1,1,1,False,1,1,0,1,1,0,hold,True
s08-r0-hold_trial-0.1,8,0,hold_trial-0.1,hold_trial,0.1,17,249.6480000000001,2,1000,1,100.0,1.0,48.0,2,1,2,1,2,1,2,1,False,1,1,0,1,1,0,hold,True
s08-r0-hold_trial-0.1,8,0,hold_trial-0.1,hold_trial,0.1,18,258.0160000000001,1,1000,1,100.0,1.0,48.0,1,1,1,1,1,1,1,1,False,1,1,0,1,1,0,hold,True
s08-r0-hold_trial-0.1,8,0,hold_trial-0.1,hold_trial,0.1,19,266.37999999999965,2,1000,1,100.0,1.0,48.0,2,1,2,1,2,1,2,1,False,1,1,0,1,1,0,hold,True
s08-r0-hold_trial-0.1,8,0,hold_trial-0.1,hold_trial,0.1,20,274.55200000000013,2,1000,1,100.0,1.0,48.0,2,1,2,1,2,1,2,1,False,1,1,0,1,1,0,hold,True
s08-r0-hold_trial-0.1,8,0,hold_trial-0.1,hold_trial,0.1,21,282.80799999999954,1,1000,1,100.0,1.0,48.0,1,1,1,1,1,1,1,1,False,1,1,0,1,1,0,hold,True
s08-r0-hold_trial-0.1,8,0,hold_trial-0.1,hold_trial,0.1,22,290.8880000000004,2,1000,1,100.0,1.0,48.0,2,1,2,1,2,1,2,1,False,1,1,0,1,1,0,hold,True
s08-r0-hold_trial-0.1,8,0,hold_trial-0.1,hold_trial,0.1,23,306.62800000000016,2,1000,1,100.0,1.0,48.0,2,1,2,1,2,1,2,1,False,1,1,0,1,1,0,hold,True
s08-r0-hold_trial-0.25,8,0,hold_trial-0.25,hold_trial,0.25,0,1.0,1,1000,1,250.0,1.0,48.0,1,1,1,1,1,1,1,1,False,1,1,0,1,1,0,hold,True
s08-r0-hold_trial-0.25,8,0,hold_trial-0.25,hold_trial,0.25,1,9.012000000000173,2,1000,1,250.0,1.0,48.0,2,1,2,1,2,1,2,1,False,1,1,0,1,1,0,hold,True
s08-r0-hold_trial-0.25,8,0,hold_trial-0.25,hold_trial,0.25,2,16.684000000000196,2,1000,1,250.0,1.0,48.0,2,1,2,1,1,1,1,1,False,1,1,0,0,0,0,hold,True
s08-r0-hold_trial-0.25,8,0,hold_trial-0.25,hold_trial,0.25,3,24.49200000000019,1,1000,1,250.0,1.0,48.0,1,1,1,1,1,1,1,1,False,1,1,0,1,1,0,hold,True
s08-r0-hold_trial-0.25,8,0,hold_trial-0.25,hold_trial,0.25,4,32.52399999999989,2,1000,1,250.0,1.0,48.0,2,1,2,1,2,1,2,1,False,1,1,0,1,1,0,hold,True
s08-r0-hold_trial-0.25,8,0,hold_trial-0.25,hold_trial,0.25,5,40.96799999999985,1,1000,1,250.0,1.0,48.0,1,1,1,1,1,1,1,1,False,1,1,0,1,1,0,hold,True
s08-r0-hold_trial-0.25,8,0,hold_trial-0.25,hold_trial,0.25,6,48.63599999999997,2,1000,1,250.0,1.0,48.0,2,1,2,1,2,1,2,1,False,1,1,0,1,1,0,hold,True
s08-r0-hold_trial-0.25,8,0,hold_trial-0.25,hold_trial,0.25,7,64.55999999999995,2,1000,1,250.0,1.0,48.0,2,1,2,1,2,1,2,1,False,1,1,0,1,1,0,hold,True
s08-r0-hold_trial-0.25,8,0,hold_trial-0.25,hold_trial,0.25,8,80.17599999999993,1,1000,1,250.0,1.0,48.0,1,1,1,1,1,1,1,1,False,1,1,0,1,1,0,hold,True
s08-r0-hold_trial-0.25,8,0,hold_trial-0.25,hold_trial,0.25,9,95.64400000000025,2,1000,1,250.0,1.0,48.0,2,1,2,1,2,1,2,1,False,1,1,0,1,1,0,hold,True
s08-r0-hold_trial-0.25,8,0,hold_trial-0.25,hold_trial,0.25,10,103.42000000000009,1,1000,1,250.0,1.0,48.0,2,1,2,1,1,1,2,1,False,0,0,0,1,0,1,hold,True
s08-r0-hold_trial-0.25,8,0,hold_trial-0.25,hold_trial,0.25,11,152.4720000000002,1,1000,1,250.0,1.0,48.0,1,1,1,1,1,1,1,1,False,1,1,0,1,1,0,hold,True
s08-r0-hold_trial-0.25,8,0,hold_trial-0.25,hold_trial,0.25,12,169.07200000000012,2,1000,1,250.0,1.0,48.0,2,1,2,1,2,1,2,1,False,1,1,0,1,1,0,hold,True
s08-r0-hold_trial-0.25,8,0,hold_trial-0.25,hold_trial,0.25,13,176.7199999999998,1,1000,1,250.0,1.0,48.0,1,1,1,1,1,1,1,1,False,1,1,0,1,1,0,hold,True
s08-r0-hold_trial-0.25,8,0,hold_trial-0.25,hold_trial,0.25,14,184.84400000000005,1,1000,1,250.0,1.0,48.0,1,1,1,1,1,1,1,1,False,1,1,0,1,1,0,hold,True
s08-r0-hold_trial-0.25,8,0,hold_trial-0.25,hold_trial,0.25,15,208.91600000000017,1,1000,1,250.0,1.0,48.0,1,1,1,1,1,1,1,1,False,1,1,0,1,1,0,hold,True
s08-r0-hold_trial-0.25,8,0,hold_trial-0.25,hold_trial,0.25,16,241.2199999999998,1,1000,1,250.0,1.0,48.0,1,1,1,1,1,1,1,1,False,1,1,0,1,1,0,hold,True
s08-r0-hold_trial-0.25,8,0,hold_trial-0.25,hold_trial,0.25,17,249.6480000000001,2,1000,1,250.0,1.0,48.0,2,1,2,1,2,1,2,1,False,1,1,0,1,1,0,hold,True
s08-r0-hold_trial-0.25,8,0,hold_trial-0.25,hold_trial,0.25,18,258.0160000000001,1,1000,1,250.0,1.0,48.0,1,1,1,1,1,1,1,1,False,1,1,0,1,1,0,hold,True
s08-r0-hold_trial-0.25,8,0,hold_trial-0.25,hold_trial,0.25,19,266.3800000000001,2,1000,1,250.0,1.0,48.0,2,1,2,1,2,1,2,1,False,1,1,0,1,1,0,hold,True
s08-r0-hold_trial-0.25,8,0,hold_trial-0.25,hold_trial,0.25,20,274.5519999999997,2,1000,1,250.0,1.0,48.0,2,1,2,1,2,1,2,1,False,1,1,0,1,1,0,hold,True
s08-r0-hold_trial-0.25,8,0,hold_trial-0.25,hold_trial,0.25,21,282.808,1,1000,1,250.0,1.0,48.0,1,1,1,1,1,1,1,1,False,1,1,0,1,1,0,hold,True
s08-r0-hold_trial-0.25,8,0,hold_trial-0.25,hold_trial,0.25,22,290.8879999999999,2,1000,1,250.0,1.0,48.0,2,1,2,1,2,1,2,1,False,1,1,0,1,1,0,hold,True
s08-r0-hold_trial-0.25,8,0,hold_trial-0.25,hold_trial,0.25,23,306.6279999999997,2,1000,1,250.0,1.0,48.0,2,1,2,1,2,1,2,1,False,1,1,0,1,1,0,hold,True
s08-r0-hold_trial-0.4,8,0,hold_trial-0.4,hold_trial,0.4,0,1.0,1,1000,1,400.0,1.0,48.0,1,1,1,1,1,1,1,1,False,1,1,0,1,1,0,hold,True
s08-r0-hold_trial-0.4,8,0,hold_trial-0.4,hold_trial,0.4,1,9.012000000000173,2,1000,1,400.0,1.0,48.0,2,1,2,1,2,1,2,1,False,1,1,0,1,1,0,hold,True
s08-r0-hold_trial-0.4,8,0,hold_trial-0.4,hold_trial,0.4,2,16.684000000000196,2,1000,1,400.0,1.0,48.0,2,1,2,1,1,1,1,1,False,1,1,0,0,0,0,hold,True
s08-r0-hold_trial-0.4,8,0,hold_trial-0.4,hold_trial,0.4,3,24.49200000000019,1,1000,1,400.0,1.0,48.0,1,1,1,1,1,1,1,1,False,1,1,0,1,1,0,hold,True
s08-r0-hold_trial-0.4,8,0,hold_trial-0.4,hold_trial,0.4,4,32.52399999999989,2,1000,1,400.0,1.0,48.0,2,1,2,1,2,1,2,1,False,1,1,0,1,1,0,hold,True
s08-r0-hold_trial-0.4,8,0,hold_trial-0.4,hold_trial,0.4,5,40.96799999999985,1,1000,1,400.0,1.0,48.0,1,1,1,1,1,1,1,1,False,1,1,0,1,1,0,hold,True
s08-r0-hold_trial-0.4,8,0,hold_trial-0.4,hold_trial,0.4,6,48.63599999999997,2,1000,1,400.0,1.0,48.0,2,1,2,1,2,1,2,1,False,1,1,0,1,1,0,hold,True
s08-r0-hold_trial-0.4,8,0,hold_trial-0.4,hold_trial,0.4,7,64.55999999999995,2,1000,1,400.0,1.0,48.0,2,1,2,1,2,1,2,1,False,1,1,0,1,1,0,hold,True
s08-r0-hold_trial-0.4,8,0,hold_trial-0.4,hold_trial,0.4,8,80.17599999999993,1,1000,1,400.0,1.0,48.0,1,1,1,1,1,1,1,1,False,1,1,0,1,1,0,hold,True
s08-r0-hold_trial-0.4,8,0,hold_trial-0.4,hold_trial,0.4,9,95.64399999999978,2,1000,1,400.0,1.0,48.0,2,1,2,1,2,1,2,1,False,1,1,0,1,1,0,hold,True
s08-r0-hold_trial-0.4,8,0,hold_trial-0.4,hold_trial,0.4,10,103.42000000000009,1,1000,1,400.0,1.0,48.0,2,1,2,1,1,1,2,1,False,0,0,0,1,0,1,hold,True
s08-r0-hold_trial-0.4,8,0,hold_trial-0.4,hold_trial,0.4,11,152.4720000000002,1,1000,1,400.0,1.0,48.0,2,1,1,1,1,1,1,1,False,0,1,1,1,1,0,hold,True
s08-r0-hold_trial-0.4,8,0,hold_trial-0.4,hold_trial,0.4,12,169.07200000000012,2,1000,1,400.0,1.0,48.0,2,1,2,1,2,1,2,1,False,1,1,0,1,1,0,hold,True
s08-r0-hold_trial-0.4,8,0,hold_trial-0.4,hold_trial,0.4,13,176.7199999999998,1,1000,1,400.0,1.0,48.0,1,1,1,1,1,1,1,1,False,1,1,0,1,1,0,hold,True
s08-r0-hold_trial-0.4,8,0,hold_trial-0.4,hold_trial,0.4,14,184.84400000000005,1,1000,1,400.0,1.0,48.0,1,1,1,1,1,1,1,1,False,1,1,0,1,1,0,hold,True
s08-r0-hold_trial-0.4,8,0,hold_trial-0.4,hold_trial,0.4,15,208.91600000000017,1,1000,1,400.0,1.0,48.0,1,1,1,1,1,1,1,1,False,1,1,0,1,1,0,hold,True
s08-r0-hold_trial-0.4,8,0,hold_trial-0.4,hold_trial,0.4,16,241.2199999999998,1,1000,1,400.0,1.0,48.0,1,1,1,1,1,1,1,1,False,1,1,0,1,1,0,hold,True
s08-r0-hold_trial-0.4,8,0,hold_trial-0.4,hold_trial,0.4,17,249.6480000000001,2,1000,1,400.0,1.0,48.0,2,1,2,1,2,1,2,1,False,1,1,0,1,1,0,hold,True
s08-r0-hold_trial-0.4,8,0,hold_trial-0.4,hold_trial,0.4,18,258.0160000000001,1,1000,1,400.0,1.0,48.0,1,1,1,1,1,1,1,1,False,1,1,0,1,1,0,hold,True
s08-r0-hold_trial-0.4,8,0,hold_trial-0.4,hold_trial,0.4,19,266.37999999999965,2,1000,1,400.0,1.0,48.0,2,1,2,1,2,1,2,1,False,1,1,0,1,1,0,hold,True
s08-r0-hold_trial-0.4,8,0,hold_trial-0.4,hold_trial,0.4,20,274.55200000000013,2,1000,1,400.0,1.0,48.0,2,1,2,1,2,1,2,1,False,1,1,0,1,1,0,hold,True
s08-r0-hold_trial-0.4,8,0,hold_trial-0.4,hold_trial,0.4,21,282.80799999999954,1,1000,1,400.0,1.0,48.0,1,1,1,1,1,1,1,1,False,1,1,0,1,1,0,hold,True
s08-r0-hold_trial-0.4,8,0,hold_trial-0.4,hold_trial,0.4,22,290.8880000000004,2,1000,1,400.0,1.0,48.0,2,1,2,1,2,1,2,1,False,1,1,0,1,1,0,hold,True
s08-r0-hold_trial-0.4,8,0,hold_trial-0.4,hold_trial,0.4,23,306.62800000000016,2,1000,1,400.0,1.0,48.0,2,1,2,1,2,1,2,1,False,1,1,0,1,1,0,hold,True
s08-r1-hold_trial-0.1,8,1,hold_trial-0.1,hold_trial,0.1,0,16.684000000000196,2,1000,1,100.0,1.0,48.0,2,1,2,1,2,1,2,1,False,1,1,0,1,1,0,hold,True
s08-r1-hold_trial-0.1,8,1,hold_trial-0.1,hold_trial,0.1,1,24.49200000000019,1,1000,1,100.0,1.0,48.0,1,1,1,1,1,1,1,1,False,1,1,0,1,1,0,hold,True
s08-r1-hold_trial-0.1,8,1,hold_trial-0.1,hold_trial,0.1,2,32.52400000000034,1,1000,1,100.0,1.0,48.0,1,1,1,1,1,1,1,1,False,1,1,0,1,1,0,hold,True
s08-r1-hold_trial-0.1,8,1,hold_trial-0.1,hold_trial,0.1,3,40.96799999999985,2,1000,1,100.0,1.0,48.0,2,1,2,1,2,1,2,1,False,1,1,0,1,1,0,hold,True
s08-r1-hold_trial-0.1,8,1,hold_trial-0.1,hold_trial,0.1,4,64.5600000000004,2,1000,1,100.0,1.0,48.0,2,1,2,1,1,1,1,1,False,1,1,0,0,0,0,hold,True
s08-r1-hold_trial-0.1,8,1,hold_trial-0.1,hold_trial,0.1,5,80.17600000000039,1,1000,1,100.0,1.0,48.0,1,1,1,1,1,1,1,1,False,1,1,0,1,1,0,hold,True
s08-r1-hold_trial-0.1,8,1,hold_trial-0.1,hold_trial,0.1,6,87.75600000000031,1,1000,1,100.0,1.0,48.0,1,1,1,1,1,1,1,1,False,1,1,0,1,1,0,hold,True
s08-r1-hold_trial-0.1,8,1,hold_trial-0.1,hold_trial,0.1,7,95.64400000000025,1,1000,1,100.0,1.0,48.0,2,1,2,1,1,1,1,1,False,0,0,0,1,1,0,hold,True
s08-r1-hold_trial-0.1,8,1,hold_trial-0.1,hold_trial,0.1,8,111.28799999999956,2,1000,1,100.0,1.0,48.0,2,1,2,1,2,1,2,1,False,1,1,0,1,1,0,hold,True
s08-r1-hold_trial-0.1,8,1,hold_trial-0.1,hold_trial,0.1,9,119.76800000000004,2,1000,1,100.0,1.0,48.0,2,1,2,1,2,1,2,1,False,1,1,0,1,1,0,hold,True
s08-r1-hold_trial-0.1,8,1,hold_trial-0.1,hold_trial,0.1,10,127.80000000000018,1,1000,1,100.0,1.0,48.0,1,1,1,1,1,1,1,1,False,1,1,0,1,1,0,hold,True
s08-r1-hold_trial-0.1,8,1,hold_trial-0.1,hold_trial,0.1,11,136.0640000000003,1,1000,1,100.0,1.0,48.0,1,1,1,1,1,1,1,1,False,1,1,0,1,1,0,hold,True
s08-r1-hold_trial-0.1,8,1,hold_trial-0.1,hold_trial,0.1,12,152.47199999999975,1,1000,1,100.0,1.0,48.0,1,1,1,1,1,1,1,1,False,1,1,0,1,1,0,hold,True
s08-r1-hold_trial-0.1,8,1,hold_trial-0.1,hold_trial,0.1,13,160.7520000000004,2,1000,1,100.0,1.0,48.0,2,1,2,1,2,1,2,1,False,1,1,0,1,1,0,hold,True
s08-r1-hold_trial-0.1,8,1,hold_trial-0.1,hold_trial,0.1,14,192.65599999999995,1,1000,1,100.0,1.0,48.0,1,1,1,1,1,1,1,1,False,1,1,0,1,1,0,hold,True
s08-r1-hold_trial-0.1,8,1,hold_trial-0.1,hold_trial,0.1,15,216.9319999999998,2,1000,1,100.0,1.0,48.0,2,1,2,1,2,1,2,1,False,1,1,0,1,1,0,hold,True
s08-r1-hold_trial-0.1,8,1,hold_trial-0.1,hold_trial,0.1,16,241.22000000000023,2,1000,1,100.0,1.0,48.0,2,1,2,1,2,1,2,1,False,1,1,0,1,1,0,hold,True
s08-r1-hold_trial-0.1,8,1,hold_trial-0.1,hold_trial,0.1,17,249.6480000000001,1,1000,1,100.0,1.0,48.0,1,1,1,1,1,1,1,1,False,1,1,0,1,1,0,hold,True
s08-r1-hold_trial-0.1,8,1,hold_trial-0.1,hold_trial,0.1,18,258.0159999999996,2,1000,1,100.0,1.0,48.0,2,1,2,1,2,1,2,1,False,1,1,0,1,1,0,hold,True
s08-r1-hold_trial-0.1,8,1,hold_trial-0.1,hold_trial,0.1,19,306.6279999999997,1,1000,1,100.0,1.0,48.0,1,1,1,1,1,1,1,1,False,1,1,0,1,1,0,hold,True
s08-r1-hold_trial-0.1,8,1,hold_trial-0.1,hold_trial,0.1,20,322.65200000000004,2,1000,1,100.0,1.0,48.0,2,1,2,1,2,1,2,1,False,1,1,0,1,1,0,hold,True
s08-r1-hold_trial-0.1,8,1,hold_trial-0.1,hold_trial,0.1,21,338.52400000000034,2,1000,1,100.0,1.0,48.0,1,1,1,1,2,1,2,1,False,0,0,0,1,1,0,hold,True
s08-r1-hold_trial-0.1,8,1,hold_trial-0.1,hold_trial,0.1,22,362.3360000000002,2,1000,1,100.0,1.0,48.0,2,1,2,1,2,1,2,1,False,1,1,0,1,1,0,hold,True
s08-r1-hold_trial-0.1,8,1,hold_trial-0.1,hold_trial,0.1,23,379.02800000000025,1,1000,1,100.0,1.0,48.0,1,1,1,1,1,1,1,1,False,1,1,0,1,1,0,hold,True
s08-r1-hold_trial-0.25,8,1,hold_trial-0.25,hold_trial,0.25,0,16.684000000000196,2,1000,1,250.0,1.0,48.0,2,1,2,1,2,1,2,1,False,1,1,0,1,1,0,hold,True
s08-r1-hold_trial-0.25,8,1,hold_trial-0.25,hold_trial,0.25,1,24.49200000000019,1,1000,1,250.0,1.0,48.0,1,1,1,1,1,1,1,1,False,1,1,0,1,1,0,hold,True
s08-r1-hold_trial-0.25,8,1,hold_trial-0.25,hold_trial,0.25,2,32.52400000000034,1,1000,1,250.0,1.0,48.0,1,1,1,1,1,1,1,1,False,1,1,0,1,1,0,hold,True
s08-r1-hold_trial-0.25,8,1,hold_trial-0.25,hold_trial,0.25,3,40.96799999999985,2,1000,1,250.0,1.0,48.0,2,1,2,1,2,1,2,1,False,1,1,0,1,1,0,hold,True
s08-r1-hold_trial-0.25,8,1,hold_trial-0.25,hold_trial,0.25,4,64.5600000000004,2,1000,1,250.0,1.0,48.0,2,1,2,1,1,1,1,1,False,1,1,0,0,0,0,hold,True
s08-r1-hold_trial-0.25,8,1,hold_trial-0.25,hold_trial,0.25,5,80.17600000000039,1,1000,1,250.0,1.0,48.0,1,1,1,1,1,1,1,1,False,1,1,0,1,1,0,hold,True
s08-r1-hold_trial-0.25,8,1,hold_trial-0.25,hold_trial,0.25,6,87.75600000000031,1,1000,1,250.0,1.0,48.0,1,1,1,1,1,1,1,1,False,1,1,0,1,1,0,hold,True
s08-r1-hold_trial-0.25,8,1,hold_trial-0.25,hold_trial,0.25,7,95.64400000000025,1,1000,1,250.0,1.0,48.0,2,1,2,1,1,1,1,1,False,0,0,0,1,1,0,hold,True
s08-r1-hold_trial-0.25,8,1,hold_trial-0.25,hold_trial,0.25,8,111.28799999999956,2,1000,1,250.0,1.0,48.0,2,1,2,1,2,1,2,1,False,1,1,0,1,1,0,hold,True
s08-r1-hold_trial-0.25,8,1,hold_trial-0.25,hold_trial,0.25,9,119.76800000000004,2,1000,1,250.0,1.0,48.0,2,1,2,1,2,1,2,1,False,1,1,0,1,1,0,hold,True
s08-r1-hold_trial-0.25,8,1,hold_trial-0.25,hold_trial,0.25,10,127.80000000000018,1,1000,1,250.0,1.0,48.0,1,1,1,1,1,1,1,1,False,1,1,0,1,1,0,hold,True
s08-r1-hold_trial-0.25,8,1,hold_trial-0.25,hold_trial,0.25,11,136.0640000000003,1,1000,1,250.0,1.0,48.0,1,1,1,1,1,1,1,1,False,1,1,0,1,1,0,hold,True
s08-r1-hold_trial-0.25,8,1,hold_trial-0.25,hold_trial,0.25,12,152.47199999999975,1,1000,1,250.0,1.0,48.0,1,1,1,1,1,1,1,1,False,1,1,0,1,1,0,hold,True
s08-r1-hold_trial-0.25,8,1,hold_trial-0.25,hold_trial,0.25,13,160.7520000000004,2,1000,1,250.0,1.0,48.0,2,1,2,1,2,1,2,1,False,1,1,0,1,1,0,hold,True
s08-r1-hold_trial-0.25,8,1,hold_trial-0.25,hold_trial,0.25,14,192.65599999999995,1,1000,1,250.0,1.0,48.0,1,1,1,1,1,1,1,1,False,1,1,0,1,1,0,hold,True
s08-r1-hold_trial-0.25,8,1,hold_trial-0.25,hold_trial,0.25,15,216.9319999999998,2,1000,1,250.0,1.0,48.0,2,1,2,1,2,1,2,1,False,1,1,0,1,1,0,hold,True
s08-r1-hold_trial-0.25,8,1,hold_trial-0.25,hold_trial,0.25,16,241.22000000000023,2,1000,1,250.0,1.0,48.0,2,1,2,1,1,1,2,1,False,1,1,0,0,1,1,hold,True
s08-r1-hold_trial-0.25,8,1,hold_trial-0.25,hold_trial,0.25,17,249.6480000000001,1,1000,1,250.0,1.0,48.0,2,1,1,1,1,1,1,1,False,0,1,1,1,1,0,hold,True
s08-r1-hold_trial-0.25,8,1,hold_trial-0.25,hold_trial,0.25,18,258.0159999999996,2,1000,1,250.0,1.0,48.0,2,1,2,1,2,1,2,1,False,1,1,0,1,1,0,hold,True
s08-r1-hold_trial-0.25,8,1,hold_trial-0.25,hold_trial,0.25,19,306.6279999999997,1,1000,1,250.0,1.0,48.0,1,1,1,1,1,1,1,1,False,1,1,0,1,1,0,hold,True
s08-r1-hold_trial-0.25,8,1,hold_trial-0.25,hold_trial,0.25,20,322.65200000000004,2,1000,1,250.0,1.0,48.0,2,1,2,1,2,1,2,1,False,1,1,0,1,1,0,hold,True
s08-r1-hold_trial-0.25,8,1,hold_trial-0.25,hold_trial,0.25,21,338.52400000000034,2,1000,1,250.0,1.0,48.0,2,1,1,1,2,1,2,1,False,1,0,1,1,1,0,hold,True
s08-r1-hold_trial-0.25,8,1,hold_trial-0.25,hold_trial,0.25,22,362.3360000000002,2,1000,1,250.0,1.0,48.0,2,1,2,1,2,1,2,1,False,1,1,0,1,1,0,hold,True
s08-r1-hold_trial-0.25,8,1,hold_trial-0.25,hold_trial,0.25,23,379.02800000000025,1,1000,1,250.0,1.0,48.0,1,1,1,1,1,1,1,1,False,1,1,0,1,1,0,hold,True
s08-r1-hold_trial-0.4,8,1,hold_trial-0.4,hold_trial,0.4,0,16.684000000000196,2,1000,1,400.0,1.0,48.0,2,1,2,1,2,1,2,1,False,1,1,0,1,1,0,hold,True
s08-r1-hold_trial-0.4,8,1,hold_trial-0.4,hold_trial,0.4,1,24.49200000000019,1,1000,1,400.0,1.0,48.0,1,1,1,1,1,1,1,1,False,1,1,0,1,1,0,hold,True
s08-r1-hold_trial-0.4,8,1,hold_trial-0.4,hold_trial,0.4,2,32.52400000000034,1,1000,1,400.0,1.0,48.0,1,1,1,1,1,1,1,1,False,1,1,0,1,1,0,hold,True
s08-r1-hold_trial-0.4,8,1,hold_trial-0.4,hold_trial,0.4,3,40.96799999999985,2,1000,1,400.0,1.0,48.0,2,1,2,1,2,1,2,1,False,1,1,0,1,1,0,hold,True
s08-r1-hold_trial-0.4,8,1,hold_trial-0.4,hold_trial,0.4,4,64.5600000000004,2,1000,1,400.0,1.0,48.0,2,1,2,1,1,1,1,1,False,1,1,0,0,0,0,hold,True
s08-r1-hold_trial-0.4,8,1,hold_trial-0.4,hold_trial,0.4,5,80.17600000000039,1,1000,1,400.0,1.0,48.0,1,1,1,1,1,1,1,1,False,1,1,0,1,1,0,hold,True
s08-r1-hold_trial-0.4,8,1,hold_trial-0.4,hold_trial,0.4,6,87.75600000000031,1,1000,1,400.0,1.0,48.0,1,1,1,1,1,1,1,1,False,1,1,0,1,1,0,hold,True
s08-r1-hold_trial-0.4,8,1,hold_trial-0.4,hold_trial,0.4,7,95.64400000000025,1,1000,1,400.0,1.0,48.0,2,1,2,1,1,1,1,1,False,0,0,0,1,1,0,hold,True
s08-r1-hold_trial-0.4,8,1,hold_trial-0.4,hold_trial,0.4,8,111.28799999999956,2,1000,1,400.0,1.0,48.0,2,1,2,1,2,1,2,1,False,1,1,0,1,1,0,hold,True
s08-r1-hold_trial-0.4,8,1,hold_trial-0.4,hold_trial,0.4,9,119.76800000000004,2,1000,1,400.0,1.0,48.0,2,1,2,1,2,1,2,1,False,1,1,0,1,1,0,hold,True
s08-r1-hold_trial-0.4,8,1,hold_trial-0.4,hold_trial,0.4,10,127.80000000000018,1,1000,1,400.0,1.0,48.0,1,1,1,1,1,1,1,1,False,1,1,0,1,1,0,hold,True
s08-r1-hold_trial-0.4,8,1,hold_trial-0.4,hold_trial,0.4,11,136.0640000000003,1,1000,1,400.0,1.0,48.0,1,1,1,1,1,1,1,1,False,1,1,0,1,1,0,hold,True
s08-r1-hold_trial-0.4,8,1,hold_trial-0.4,hold_trial,0.4,12,152.47199999999975,1,1000,1,400.0,1.0,48.0,2,1,1,1,1,1,1,1,False,0,1,1,1,1,0,hold,True
s08-r1-hold_trial-0.4,8,1,hold_trial-0.4,hold_trial,0.4,13,160.7520000000004,2,1000,1,400.0,1.0,48.0,2,1,2,1,1,1,2,1,False,1,1,0,0,1,1,hold,True
s08-r1-hold_trial-0.4,8,1,hold_trial-0.4,hold_trial,0.4,14,192.65599999999995,1,1000,1,400.0,1.0,48.0,1,1,1,1,1,1,1,1,False,1,1,0,1,1,0,hold,True
s08-r1-hold_trial-0.4,8,1,hold_trial-0.4,hold_trial,0.4,15,216.9319999999998,2,1000,1,400.0,1.0,48.0,2,1,2,1,2,1,2,1,False,1,1,0,1,1,0,hold,True
s08-r1-hold_trial-0.4,8,1,hold_trial-0.4,hold_trial,0.4,16,241.22000000000023,2,1000,1,400.0,1.0,48.0,2,1,2,1,2,1,2,1,False,1,1,0,1,1,0,hold,True
s08-r1-hold_trial-0.4,8,1,hold_trial-0.4,hold_trial,0.4,17,249.6480000000001,1,1000,1,400.0,1.0,48.0,1,1,1,1,1,1,1,1,False,1,1,0,1,1,0,hold,True
s08-r1-hold_trial-0.4,8,1,hold_trial-0.4,hold_trial,0.4,18,258.0159999999996,2,1000,1,400.0,1.0,48.0,2,1,2,1,2,1,2,1,False,1,1,0,1,1,0,hold,True
s08-r1-hold_trial-0.4,8,1,hold_trial-0.4,hold_trial,0.4,19,306.6279999999997,1,1000,1,400.0,1.0,48.0,2,1,1,1,1,1,1,1,False,0,1,1,1,1,0,hold,True
s08-r1-hold_trial-0.4,8,1,hold_trial-0.4,hold_trial,0.4,20,322.65200000000004,2,1000,1,400.0,1.0,48.0,2,1,2,1,2,1,2,1,False,1,1,0,1,1,0,hold,True
s08-r1-hold_trial-0.4,8,1,hold_trial-0.4,hold_trial,0.4,21,338.52400000000034,2,1000,1,400.0,1.0,48.0,2,1,1,1,2,1,2,1,False,1,0,1,1,1,0,hold,True
s08-r1-hold_trial-0.4,8,1,hold_trial-0.4,hold_trial,0.4,22,362.3360000000002,2,1000,1,400.0,1.0,48.0,2,1,2,1,1,1,2,1,False,1,1,0,0,1,1,hold,True
s08-r1-hold_trial-0.4,8,1,hold_trial-0.4,hold_trial,0.4,23,379.02800000000025,1,1000,1,400.0,1.0,48.0,1,1,1,1,1,1,1,1,False,1,1,0,1,1,0,hold,True
s08-r2-hold_trial-0.1,8,2,hold_trial-0.1,hold_trial,0.1,0,1.0,1,1000,1,100.0,1.0,48.0,1,1,1,1,1,1,1,1,False,1,1,0,1,1,0,hold,True
s08-r2-hold_trial-0.1,8,2,hold_trial-0.1,hold_trial,0.1,1,9.012000000000626,1,1000,1,100.0,1.0,48.0,1,1,1,1,1,1,1,1,False,1,1,0,1,1,0,hold,True
s08-r2-hold_trial-0.1,8,2,hold_trial-0.1,hold_trial,0.1,2,24.49200000000019,2,1000,1,100.0,1.0,48.0,2,1,2,1,2,1,2,1,False,1,1,0,1,1,0,hold,True
s08-r2-hold_trial-0.1,8,2,hold_trial-0.1,hold_trial,0.1,3,32.52399999999943,1,1000,1,100.0,1.0,48.0,1,1,1,1,1,1,1,1,False,1,1,0,1,1,0,hold,True
s08-r2-hold_trial-0.1,8,2,hold_trial-0.1,hold_trial,0.1,4,48.63600000000042,1,1000,1,100.0,1.0,48.0,1,1,1,1,1,1,1,1,False,1,1,0,1,1,0,hold,True
s08-r2-hold_trial-0.1,8,2,hold_trial-0.1,hold_trial,0.1,5,64.55999999999949,2,1000,1,100.0,1.0,48.0,2,1,2,1,2,1,2,1,False,1,1,0,1,1,0,hold,True
s08-r2-hold_trial-0.1,8,2,hold_trial-0.1,hold_trial,0.1,6,80.17599999999948,1,1000,1,100.0,1.0,48.0,1,1,1,1,1,1,1,1,False,1,1,0,1,1,0,hold,True
s08-r2-hold_trial-0.1,8,2,hold_trial-0.1,hold_trial,0.1,7,103.42000000000009,1,1000,1,100.0,1.0,48.0,1,1,1,1,1,1,1,1,False,1,1,0,1,1,0,hold,True
s08-r2-hold_trial-0.1,8,2,hold_trial-0.1,hold_trial,0.1,8,119.76800000000004,2,1000,1,100.0,1.0,48.0,2,1,2,1,2,1,2,1,False,1,1,0,1,1,0,hold,True
s08-r2-hold_trial-0.1,8,2,hold_trial-0.1,hold_trial,0.1,9,160.7520000000004,1,1000,1,100.0,1.0,48.0,1,1,1,1,1,1,1,1,False,1,1,0,1,1,0,hold,True
s08-r2-hold_trial-0.1,8,2,hold_trial-0.1,hold_trial,0.1,10,176.71999999999937,2,1000,1,100.0,1.0,48.0,2,1,2,1,2,1,2,1,False,1,1,0,1,1,0,hold,True
s08-r2-hold_trial-0.1,8,2,hold_trial-0.1,hold_trial,0.1,11,192.6560000000009,2,1000,1,100.0,1.0,48.0,2,1,2,1,2,1,2,1,False,1,1,0,1,1,0,hold,True
s08-r2-hold_trial-0.1,8,2,hold_trial-0.1,hold_trial,0.1,12,200.5,1,1000,1,100.0,1.0,48.0,1,1,1,1,1,1,1,1,False,1,1,0,1,1,0,hold,True
s08-r2-hold_trial-0.1,8,2,hold_trial-0.1,hold_trial,0.1,13,216.9320000000007,2,1000,1,100.0,1.0,48.0,2,1,2,1,2,1,2,1,False,1,1,0,1,1,0,hold,True
s08-r2-hold_trial-0.1,8,2,hold_trial-0.1,hold_trial,0.1,14,224.83200000000036,1,1000,1,100.0,1.0,48.0,1,1,1,1,1,1,1,1,False,1,1,0,1,1,0,hold,True
s08-r2-hold_trial-0.1,8,2,hold_trial-0.1,hold_trial,0.1,15,249.64799999999923,1,1000,1,100.0,1.0,48.0,1,1,1,1,1,1,1,1,False,1,1,0,1,1,0,hold,True
s08-r2-hold_trial-0.1,8,2,hold_trial-0.1,hold_trial,0.1,16,282.8079999999991,2,1000,1,100.0,1.0,48.0,2,1,2,1,1,1,2,1,False,1,1,0,0,1,1,hold,True
s08-r2-hold_trial-0.1,8,2,hold_trial-0.1,hold_trial,0.1,17,290.88800000000083,1,1000,1,100.0,1.0,48.0,1,1,1,1,1,1,1,1,False,1,1,0,1,1,0,hold,True
s08-r2-hold_trial-0.1,8,2,hold_trial-0.1,hold_trial,0.1,18,298.77599999999984,2,1000,1,100.0,1.0,48.0,2,1,2,1,2,1,2,1,False,1,1,0,1,1,0,hold,True
s08-r2-hold_trial-0.1,8,2,hold_trial-0.1,hold_trial,0.1,19,314.3279999999995,2,1000,1,100.0,1.0,48.0,2,1,2,1,2,1,2,1,False,1,1,0,1,1,0,hold,True
s08-r2-hold_trial-0.1,8,2,hold_trial-0.1,hold_trial,0.1,20,338.52399999999943,2,1000,1,100.0,1.0,48.0,2,1,2,1,2,1,2,1,False,1,1,0,1,1,0,hold,True
s08-r2-hold_trial-0.1,8,2,hold_trial-0.1,hold_trial,0.1,21,347.0,2,1000,1,100.0,1.0,48.0,2,1,2,1,2,1,2,1,False,1,1,0,1,1,0,hold,True
s08-r2-hold_trial-0.1,8,2,hold_trial-0.1,hold_trial,0.1,22,354.6239999999998,2,1000,1,100.0,1.0,48.0,2,1,1,1,2,1,2,1,False,1,0,1,1,1,0,hold,True
s08-r2-hold_trial-0.1,8,2,hold_trial-0.1,hold_trial,0.1,23,379.02800000000025,1,1000,1,100.0,1.0,48.0,1,1,1,1,1,1,1,1,False,1,1,0,1,1,0,hold,True
s08-r2-hold_trial-0.25,8,2,hold_trial-0.25,hold_trial,0.25,0,1.0,1,1000,1,250.0,1.0,48.0,1,1,1,1,1,1,1,1,False,1,1,0,1,1,0,hold,True
s08-r2-hold_trial-0.25,8,2,hold_trial-0.25,hold_trial,0.25,1,9.012000000000626,1,1000,1,250.0,1.0,48.0,1,1,1,1,1,1,1,1,False,1,1,0,1,1,0,hold,True
s08-r2-hold_trial-0.25,8,2,hold_trial-0.25,hold_trial,0.25,2,24.49200000000019,2,1000,1,250.0,1.0,48.0,2,1,2,1,2,1,2,1,False,1,1,0,1,1,0,hold,True
s08-r2-hold_trial-0.25,8,2,hold_trial-0.25,hold_trial,0.25,3,32.52399999999943,1,1000,1,250.0,1.0,48.0,1,1,1,1,1,1,1,1,False,1,1,0,1,1,0,hold,True
s08-r2-hold_trial-0.25,8,2,hold_trial-0.25,hold_trial,0.25,4,48.63600000000042,1,1000,1,250.0,1.0,48.0,1,1,1,1,1,1,1,1,False,1,1,0,1,1,0,hold,True
s08-r2-hold_trial-0.25,8,2,hold_trial-0.25,hold_trial,0.25,5,64.55999999999949,2,1000,1,250.0,1.0,48.0,2,1,2,1,2,1,2,1,False,1,1,0,1,1,0,hold,True
s08-r2-hold_trial-0.25,8,2,hold_trial-0.25,hold_trial,0.25,6,80.17599999999948,1,1000,1,250.0,1.0,48.0,1,1,1,1,1,1,1,1,False,1,1,0,1,1,0,hold,True
s08-r2-hold_trial-0.25,8,2,hold_trial-0.25,hold_trial,0.25,7,103.42000000000009,1,1000,1,250.0,1.0,48.0,1,1,1,1,1,1,1,1,False,1,1,0,1,1,0,hold,True
s08-r2-hold_trial-0.25,8,2,hold_trial-0.25,hold_trial,0.25,8,119.76800000000004,2,1000,1,250.0,1.0,48.0,2,1,2,1,2,1,2,1,False,1,1,0,1,1,0,hold,True
s08-r2-hold_trial-0.25,8,2,hold_trial-0.25,hold_trial,0.25,9,160.7520000000004,1,1000,1,250.0,1.0,48.0,1,1,1,1,1,1,1,1,False,1,1,0,1,1,0,hold,True
s08-r2-hold_trial-0.25,8,2,hold_trial-0.25,hold_trial,0.25,10,176.71999999999937,2,1000,1,250.0,1.0,48.0,2,1,2,1,2,1,2,1,False,1,1,0,1,1,0,hold,True
s08-r2-hold_trial-0.25,8,2,hold_trial-0.25,hold_trial,0.25,11,192.6560000000009,2,1000,1,250.0,1.0,48.0,2,1,2,1,2,1,2,1,False,1,1,0,1,1,0,hold,True
s08-r2-hold_trial-0.25,8,2,hold_trial-0.25,hold_trial,0.25,12,200.5,1,1000,1,250.0,1.0,48.0,1,1,1,1,1,1,1,1,False,1,1,0,1,1,0,hold,True
s08-r2-hold_trial-0.25,8,2,hold_trial-0.25,hold_trial,0.25,13,216.9320000000007,2,1000,1,250.0,1.0,48.0,2,1,2,1,2,1,2,1,False,1,1,0,1,1,0,hold,True
s08-r2-hold_trial-0.25,8,2,hold_trial-0.25,hold_trial,0.25,14,224.83200000000036,1,1000,1,250.0,1.0,48.0,1,1,1,1,1,1,1,1,False,1,1,0,1,1,0,hold,True
s08-r2-hold_trial-0.25,8,2,hold_trial-0.25,hold_trial,0.25,15,249.64799999999923,1,1000,1,250.0,1.0,48.0,1,1,1,1,1,1,1,1,False,1,1,0,1,1,0,hold,True
s08-r2-hold_trial-0.25,8,2,hold_trial-0.25,hold_trial,0.25,16,282.8080000000009,2,1000,1,250.0,1.0,48.0,2,1,2,1,1,1,2,1,False,1,1,0,0,1,1,hold,True
s08-r2-hold_trial-0.25,8,2,hold_trial-0.25,hold_trial,0.25,17,290.88800000000083,1,1000,1,250.0,1.0,48.0,1,1,1,1,1,1,1,1,False,1,1,0,1,1,0,hold,True
s08-r2-hold_trial-0.25,8,2,hold_trial-0.25,hold_trial,0.25,18,298.77599999999984,2,1000,1,250.0,1.0,48.0,2,1,2,1,2,1,2,1,False,1,1,0,1,1,0,hold,True
s08-r2-hold_trial-0.25,8,2,hold_trial-0.25,hold_trial,0.25,19,314.3279999999995,2,1000,1,250.0,1.0,48.0,2,1,2,1,2,1,2,1,False,1,1,0,1,1,0,hold,True
s08-r2-hold_trial-0.25,8,2,hold_trial-0.25,hold_trial,0.25,20,338.52399999999943,2,1000,1,250.0,1.0,48.0,2,1,2,1,2,1,2,1,False,1,1,0,1,1,0,hold,True
s08-r2-hold_trial-0.25,8,2,hold_trial-0.25,hold_trial,0.25,21,347.0,2,1000,1,250.0,1.0,48.0,2,1,2,1,2,1,2,1,False,1,1,0,1,1,0,hold,True
s08-r2-hold_trial-0.25,8,2,hold_trial-0.25,hold_trial,0.25,22,354.6239999999998,2,1000,1,250.0,1.0,48.0,2,1,1,1,2,1,2,1,False,1,0,1,1,1,0,hold,True
s08-r2-hold_trial-0.25,8,2,hold_trial-0.25,hold_trial,0.25,23,379.02800000000025,1,1000,1,250.0,1.0,48.0,2,1,1,1,1,1,1,1,False,0,1,1,1,1,0,hold,True
s08-r2-hold_trial-0.4,8,2,hold_trial-0.4,hold_trial,0.4,0,1.0,1,1000,1,400.0,1.0,48.0,1,1,1,1,1,1,1,1,False,1,1,0,1,1,0,hold,True
s08-r2-hold_trial-0.4,8,2,hold_trial-0.4,hold_trial,0.4,1,9.012000000000626,1,1000,1,400.0,1.0,48.0,1,1,1,1,1,1,1,1,False,1,1,0,1,1,0,hold,True
s08-r2-hold_trial-0.4,8,2,hold_trial-0.4,hold_trial,0.4,2,24.49200000000019,2,1000,1,400.0,1.0,48.0,2,1,2,1,2,1,2,1,False,1,1,0,1,1,0,hold,True
s08-r2-hold_trial-0.4,8,2,hold_trial-0.4,hold_trial,0.4,3,32.52399999999943,1,1000,1,400.0,1.0,48.0,2,1,1,1,1,1,1,1,False,0,1,1,1,1,0,hold,True
s08-r2-hold_trial-0.4,8,2,hold_trial-0.4,hold_trial,0.4,4,48.63600000000042,1,1000,1,400.0,1.0,48.0,1,1,1,1,1,1,1,1,False,1,1,0,1,1,0,hold,True
s08-r2-hold_trial-0.4,8,2,hold_trial-0.4,hold_trial,0.4,5,64.55999999999949,2,1000,1,400.0,1.0,48.0,2,1,2,1,2,1,2,1,False,1,1,0,1,1,0,hold,True
s08-r2-hold_trial-0.4,8,2,hold_trial-0.4,hold_trial,0.4,6,80.17599999999948,1,1000,1,400.0,1.0,48.0,1,1,1,1,1,1,1,1,False,1,1,0,1,1,0,hold,True
s08-r2-hold_trial-0.4,8,2,hold_trial-0.4,hold_trial,0.4,7,103.42000000000009,1,1000,1,400.0,1.0,48.0,1,1,1,1,1,1,1,1,False,1,1,0,1,1,0,hold,True
s08-r2-hold_trial-0.4,8,2,hold_trial-0.4,hold_trial,0.4,8,119.76800000000004,2,1000,1,400.0,1.0,48.0,2,1,2,1,1,1,2,1,False,1,1,0,0,1,1,hold,True
s08-r2-hold_trial-0.4,8,2,hold_trial-0.4,hold_trial,0.4,9,160.7520000000004,1,1000,1,400.0,1.0,48.0,1,1,1,1,1,1,1,1,False,1,1,0,1,1,0,hold,True
s08-r2-hold_trial-0.4,8,2,hold_trial-0.4,hold_trial,0.4,10,176.71999999999937,2,1000,1,400.0,1.0,48.0,2,1,2,1,2,1,2,1,False,1,1,0,1,1,0,hold,True
s08-r2-hold_trial-0.4,8,2,hold_trial-0.4,hold_trial,0.4,11,192.6560000000009,2,1000,1,400.0,1.0,48.0,2,1,2,1,2,1,2,1,False,1,1,0,1,1,0,hold,True
s08-r2-hold_trial-0.4,8,2,hold_trial-0.4,hold_trial,0.4,12,200.5,1,1000,1,400.0,1.0,48.0,1,1,1,1,1,1,1,1,False,1,1,0,1,1,0,hold,True
s08-r2-hold_trial-0.4,8,2,hold_trial-0.4,hold_trial,0.4,13,216.9320000000007,2,1000,1,400.0,1.0,48.0,2,1,2,1,2,1,2,1,False,1,1,0,1,1,0,hold,True
s08-r2-hold_trial-0.4,8,2,hold_trial-0.4,hold_trial,0.4,14,224.83200000000036,1,1000,1,400.0,1.0,48.0,1,1,1,1,1,1,1,1,False,1,1,0,1,1,0,hold,True
s08-r2-hold_trial-0.4,8,2,hold_trial-0.4,hold_trial,0.4,15,249.64799999999923,1,1000,1,400.0,1.0,48.0,1,1,1,1,1,1,1,1,False,1,1,0,1,1,0,hold,True
s08-r2-hold_trial-0.4,8,2,hold_trial-0.4,hold_trial,0.4,16,282.8080000000009,2,1000,1,400.0,1.0,48.0,2,1,2,1,1,1,2,1,False,1,1,0,0,1,1,hold,True
s08-r2-hold_trial-0.4,8,2,hold_trial-0.4,hold_trial,0.4,17,290.88800000000083,1,1000,1,400.0,1.0,48.0,1,1,1,1,1,1,1,1,False,1,1,0,1,1,0,hold,True
s08-r2-hold_trial-0.4,8,2,hold_trial-0.4,hold_trial,0.4,18,298.77599999999984,2,1000,1,400.0,1.0,48.0,2,1,2,1,2,1,2,1,False,1,1,0,1,1,0,hold,True
s08-r2-hold_trial-0.4,8,2,hold_trial-0.4,hold_trial,0.4,19,314.3279999999995,2,1000,1,400.0,1.0,48.0,2,1,2,1,2,1,2,1,False,1,1,0,1,1,0,hold,True
s08-r2-hold_trial-0.4,8,2,hold_trial-0.4,hold_trial,0.4,20,338.52399999999943,2,1000,1,400.0,1.0,48.0,2,1,2,1,1,1,2,1,False,1,1,0,0,1,1,hold,True
s08-r2-hold_trial-0.4,8,2,hold_trial-0.4,hold_trial,0.4,21,347.0,2,1000,1,400.0,1.0,48.0,2,1,2,1,1,1,2,1,False,1,1,0,0,1,1,hold,True
s08-r2-hold_trial-0.4,8,2,hold_trial-0.4,hold_trial,0.4,22,354.6239999999998,2,1000,1,400.0,1.0,48.0,1,1,1,1,2,1,2,1,False,0,0,0,1,1,0,hold,True
s08-r2-hold_trial-0.4,8,2,hold_trial-0.4,hold_trial,0.4,23,379.02800000000025,1,1000,1,400.0,1.0,48.0,2,1,1,1,1,1,1,1,False,0,1,1,1,1,0,hold,True
s08-r3-hold_trial-0.1,8,3,hold_trial-0.1,hold_trial,0.1,0,1.0,2,1000,1,100.0,1.0,48.0,2,1,2,1,1,1,1,1,False,1,1,0,0,0,0,hold,True
s08-r3-hold_trial-0.1,8,3,hold_trial-0.1,hold_trial,0.1,1,16.683999999999287,1,1000,1,100.0,1.0,48.0,1,1,1,1,1,1,1,1,False,1,1,0,1,1,0,hold,True
s08-r3-hold_trial-0.1,8,3,hold_trial-0.1,hold_trial,0.1,2,48.63600000000042,1,1000,1,100.0,1.0,48.0,1,1,1,1,1,1,1,1,False,1,1,0,1,1,0,hold,True
s08-r3-hold_trial-0.1,8,3,hold_trial-0.1,hold_trial,0.1,3,56.83599999999933,1,1000,1,100.0,1.0,48.0,1,1,1,1,1,1,1,1,False,1,1,0,1,1,0,hold,True
s08-r3-hold_trial-0.1,8,3,hold_trial-0.1,hold_trial,0.1,4,72.55199999999968,2,1000,1,100.0,1.0,48.0,2,1,2,1,1,1,2,1,False,1,1,0,0,1,1,hold,True
s08-r3-hold_trial-0.1,8,3,hold_trial-0.1,hold_trial,0.1,5,103.42000000000009,2,1000,1,100.0,1.0,48.0,2,1,2,1,2,1,2,1,False,1,1,0,1,1,0,hold,True
s08-r3-hold_trial-0.1,8,3,hold_trial-0.1,hold_trial,0.1,6,111.28800000000048,1,1000,1,100.0,1.0,48.0,1,1,1,1,1,1,1,1,False,1,1,0,1,1,0,hold,True
s08-r3-hold_trial-0.1,8,3,hold_trial-0.1,hold_trial,0.1,7,127.79999999999929,2,1000,1,100.0,1.0,48.0,2,1,2,1,2,1,2,1,False,1,1,0,1,1,0,hold,True
s08-r3-hold_trial-0.1,8,3,hold_trial-0.1,hold_trial,0.1,8,144.20800000000054,1,1000,1,100.0,1.0,48.0,1,1,1,1,1,1,1,1,False,1,1,0,1,1,0,hold,True
s08-r3-hold_trial-0.1,8,3,hold_trial-0.1,hold_trial,0.1,9,169.07200000000012,2,1000,1,100.0,1.0,48.0,2,1,2,1,2,1,2,1,False,1,1,0,1,1,0,hold,True
s08-r3-hold_trial-0.1,8,3,hold_trial-0.1,hold_trial,0.1,10,192.6560000000009,1,1000,1,100.0,1.0,48.0,1,1,1,1,1,1,1,1,False,1,1,0,1,1,0,hold,True
s08-r3-hold_trial-0.1,8,3,hold_trial-0.1,hold_trial,0.1,11,200.5,2,1000,1,100.0,1.0,48.0,2,1,2,1,1,1,2,1,False,1,1,0,0,1,1,hold,True
s08-r3-hold_trial-0.1,8,3,hold_trial-0.1,hold_trial,0.1,12,208.9159999999993,2,1000,1,100.0,1.0,48.0,2,1,2,1,2,1,2,1,False,1,1,0,1,1,0,hold,True
s08-r3-hold_trial-0.1,8,3,hold_trial-0.1,hold_trial,0.1,13,232.9359999999997,2,1000,1,100.0,1.0,48.0,2,1,2,1,2,1,2,1,False,1,1,0,1,1,0,hold,True
s08-r3-hold_trial-0.1,8,3,hold_trial-0.1,hold_trial,0.1,14,241.21999999999932,1,1000,1,100.0,1.0,48.0,1,1,1,1,1,1,1,1,False,1,1,0,1,1,0,hold,True
s08-r3-hold_trial-0.1,8,3,hold_trial-0.1,hold_trial,0.1,15,249.64799999999923,1,1000,1,100.0,1.0,48.0,1,1,1,1,1,1,1,1,False,1,1,0,1,1,0,hold,True
s08-r3-hold_trial-0.1,8,3,hold_trial-0.1,hold_trial,0.1,16,266.3799999999992,2,1000,1,100.0,1.0,48.0,2,1,2,1,2,1,2,1,False,1,1,0,1,1,0,hold,True
s08-r3-hold_trial-0.1,8,3,hold_trial-0.1,hold_trial,0.1,17,274.5519999999997,1,1000,1,100.0,1.0,48.0,1,1,1,1,1,1,1,1,False,1,1,0,1,1,0,hold,True
s08-r3-hold_trial-0.1,8,3,hold_trial-0.1,hold_trial,0.1,18,290.88800000000083,2,1000,1,100.0,1.0,48.0,1,1,1,1,2,1,2,1,False,0,0,0,1,1,0,hold,True
s08-r3-hold_trial-0.1,8,3,hold_trial-0.1,hold_trial,0.1,19,298.77599999999984,2,1000,1,100.0,1.0,48.0,2,1,2,1,2,1,2,1,False,1,1,0,1,1,0,hold,True
s08-r3-hold_trial-0.1,8,3,hold_trial-0.1,hold_trial,0.1,20,314.3279999999995,1,1000,1,100.0,1.0,48.0,1,1,1,1,1,1,1,1,False,1,1,0,1,1,0,hold,True
s08-r3-hold_trial-0.1,8,3,hold_trial-0.1,hold_trial,0.1,21,362.3359999999993,1,1000,1,100.0,1.0,48.0,1,1,1,1,1,1,1,1,False,1,1,0,1,1,0,hold,True
s08-r3-hold_trial-0.1,8,3,hold_trial-0.1,hold_trial,0.1,22,370.79199999999946,2,1000,1,100.0,1.0,48.0,2,1,2,1,2,1,2,1,False,1,1,0,1,1,0,hold,True
s08-r3-hold_trial-0.1,8,3,hold_trial-0.1,hold_trial,0.1,23,379.02800000000025,1,1000,1,100.0,1.0,48.0,1,1,1,1,1,1,1,1,False,1,1,0,1,1,0,hold,True
s08-r3-hold_trial-0.25,8,3,hold_trial-0.25,hold_trial,0.25,0,1.0,2,1000,1,250.0,1.0,48.0,2,1,2,1,1,1,1,1,False,1,1,0,0,0,0,hold,True
s08-r3-hold_trial-0.25,8,3,hold_trial-0.25,hold_trial,0.25,1,16.683999999999287,1,1000,1,250.0,1.0,48.0,1,1,1,1,1,1,1,1,False,1,1,0,1,1,0,hold,True
s08-r3-hold_trial-0.25,8,3,hold_trial-0.25,hold_trial,0.25,2,48.63600000000042,1,1000,1,250.0,1.0,48.0,2,1,1,1,1,1,1,1,False,0,1,1,1,1,0,hold,True
s08-r3-hold_trial-0.25,8,3,hold_trial-0.25,hold_trial,0.25,3,56.83599999999933,1,1000,1,250.0,1.0,48.0,1,1,1,1,1,1,1,1,False,1,1,0,1,1,0,hold,True
s08-r3-hold_trial-0.25,8,3,hold_trial-0.25,hold_trial,0.25,4,72.55199999999968,2,1000,1,250.0,1.0,48.0,2,1,2,1,1,1,2,1,False,1,1,0,0,1,1,hold,True
s08-r3-hold_trial-0.25,8,3,hold_trial-0.25,hold_trial,0.25,5,103.42000000000009,2,1000,1,250.0,1.0,48.0,2,1,2,1,2,1,2,1,False,1,1,0,1,1,0,hold,True
s08-r3-hold_trial-0.25,8,3,hold_trial-0.25,hold_trial,0.25,6,111.28800000000048,1,1000,1,250.0,1.0,48.0,1,1,1,1,1,1,1,1,False,1,1,0,1,1,0,hold,True
s08-r3-hold_trial-0.25,8,3,hold_trial-0.25,hold_trial,0.25,7,127.79999999999929,2,1000,1,250.0,1.0,48.0,2,1,2,1,2,1,2,1,False,1,1,0,1,1,0,hold,True
s08-r3-hold_trial-0.25,8,3,hold_trial-0.25,hold_trial,0.25,8,144.20800000000054,1,1000,1,250.0,1.0,48.0,1,1,1,1,1,1,1,1,False,1,1,0,1,1,0,hold,True
s08-r3-hold_trial-0.25,8,3,hold_trial-0.25,hold_trial,0.25,9,169.07200000000012,2,1000,1,250.0,1.0,48.0,2,1,2,1,2,1,2,1,False,1,1,0,1,1,0,hold,True
s08-r3-hold_trial-0.25,8,3,hold_trial-0.25,hold_trial,0.25,10,192.6560000000009,1,1000,1,250.0,1.0,48.0,1,1,1,1,1,1,1,1,False,1,1,0,1,1,0,hold,True
s08-r3-hold_trial-0.25,8,3,hold_trial-0.25,hold_trial,0.25,11,200.5,2,1000,1,250.0,1.0,48.0,2,1,2,1,1,1,2,1,False,1,1,0,0,1,1,hold,True
s08-r3-hold_trial-0.25,8,3,hold_trial-0.25,hold_trial,0.25,12,208.9159999999993,2,1000,1,250.0,1.0,48.0,2,1,2,1,2,1,2,1,False,1,1,0,1,1,0,hold,True
s08-r3-hold_trial-0.25,8,3,hold_trial-0.25,hold_trial,0.25,13,232.9359999999997,2,1000,1,250.0,1.0,48.0,2,1,2,1,2,1,2,1,False,1,1,0,1,1,0,hold,True
s08-r3-hold_trial-0.25,8,3,hold_trial-0.25,hold_trial,0.25,14,241.21999999999932,1,1000,1,250.0,1.0,48.0,1,1,1,1,1,1,1,1,False,1,1,0,1,1,0,hold,True
s08-r3-hold_trial-0.25,8,3,hold_trial-0.25,hold_trial,0.25,15,249.64799999999923,1,1000,1,250.0,1.0,48.0,1,1,1,1,1,1,1,1,False,1,1,0,1,1,0,hold,True
s08-r3-hold_trial-0.25,8,3,hold_trial-0.25,hold_trial,0.25,16,266.3799999999992,2,1000,1,250.0,1.0,48.0,2,1,2,1,2,1,2,1,False,1,1,0,1,1,0,hold,True
s08-r3-hold_trial-0.25,8,3,hold_trial-0.25,hold_trial,0.25,17,274.5519999999997,1,1000,1,250.0,1.0,48.0,1,1,1,1,1,1,1,1,False,1,1,0,1,1,0,hold,True
s08-r3-hold_trial-0.25,8,3,hold_trial-0.25,hold_trial,0.25,18,290.88800000000083,2,1000,1,250.0,1.0,48.0,1,1,1,1,2,1,2,1,False,0,0,0,1,1,0,hold,True
s08-r3-hold_trial-0.25,8,3,hold_trial-0.25,hold_trial,0.25,19,298.77599999999984,2,1000,1,250.0,1.0,48.0,2,1,2,1,2,1,2,1,False,1,1,0,1,1,0,hold,True
s08-r3-hold_trial-0.25,8,3,hold_trial-0.25,hold_trial,0.25,20,314.3279999999995,1,1000,1,250.0,1.0,48.0,1,1,1,1,1,1,1,1,False,1,1,0,1,1,0,hold,True
s08-r3-hold_trial-0.25,8,3,hold_trial-0.25,hold_trial,0.25,21,362.3359999999993,1,1000,1,250.0,1.0,48.0,2,1,1,1,1,1,1,1,False,0,1,1,1,1,0,hold,True
s08-r3-hold_trial-0.25,8,3,hold_trial-0.25,hold_trial,0.25,22,370.79199999999946,2,1000,1,250.0,1.0,48.0,2,1,2,1,2,1,2,1,False,1,1,0,1,1,0,hold,True
s08-r3-hold_trial-0.25,8,3,hold_trial-0.25,hold_trial,0.25,23,379.02800000000025,1,1000,1,250.0,1.0,48.0,1,1,1,1,1,1,1,1,False,1,1,0,1,1,0,hold,True
s08-r3-hold_trial-0.4,8,3,hold_trial-0.4,hold_trial,0.4,0,1.0,2,1000,1,400.0,1.0,48.0,2,1,2,1,1,1,1,1,False,1,1,0,0,0,0,hold,True
s08-r3-hold_trial-0.4,8,3,hold_trial-0.4,hold_trial,0.4,1,16.683999999999287,1,1000,1,400.0,1.0,48.0,1,1,1,1,1,1,1,1,False,1,1,0,1,1,0,hold,True
s08-r3-hold_trial-0.4,8,3,hold_trial-0.4,hold_trial,0.4,2,48.63600000000042,1,1000,1,400.0,1.0,48.0,1,1,1,1,1,1,1,1,False,1,1,0,1,1,0,hold,True
s08-r3-hold_trial-0.4,8,3,hold_trial-0.4,hold_trial,0.4,3,56.83599999999933,1,1000,1,400.0,1.0,48.0,1,1,1,1,1,1,1,1,False,1,1,0,1,1,0,hold,True
s08-r3-hold_trial-0.4,8,3,hold_trial-0.4,hold_trial,0.4,4,72.55199999999968,2,1000,1,400.0,1.0,48.0,2,1,2,1,1,1,2,1,False,1,1,0,0,1,1,hold,True
s08-r3-hold_trial-0.4,8,3,hold_trial-0.4,hold_trial,0.4,5,103.42000000000009,2,1000,1,400.0,1.0,48.0,2,1,2,1,2,1,2,1,False,1,1,0,1,1,0,hold,True
s08-r3-hold_trial-0.4,8,3,hold_trial-0.4,hold_trial,0.4,6,111.28800000000048,1,1000,1,400.0,1.0,48.0,1,1,1,1,1,1,1,1,False,1,1,0,1,1,0,hold,True
s08-r3-hold_trial-0.4,8,3,hold_trial-0.4,hold_trial,0.4,7,127.79999999999929,2,1000,1,400.0,1.0,48.0,2,1,2,1,2,1,2,1,False,1,1,0,1,1,0,hold,True
s08-r3-hold_trial-0.4,8,3,hold_trial-0.4,hold_trial,0.4,8,144.20800000000054,1,1000,1,400.0,1.0,48.0,1,1,1,1,1,1,1,1,False,1,1,0,1,1,0,hold,True
s08-r3-hold_trial-0.4,8,3,hold_trial-0.4,hold_trial,0.4,9,169.07200000000012,2,1000,1,400.0,1.0,48.0,2,1,2,1,1,1,2,1,False,1,1,0,0,1,1,hold,True
s08-r3-hold_trial-0.4,8,3,hold_trial-0.4,hold_trial,0.4,10,192.6560000000009,1,1000,1,400.0,1.0,48.0,1,1,1,1,1,1,1,1,False,1,1,0,1,1,0,hold,True
s08-r3-hold_trial-0.4,8,3,hold_trial-0.4,hold_trial,0.4,11,200.5,2,1000,1,400.0,1.0,48.0,2,1,2,1,1,1,2,1,False,1,1,0,0,1,1,hold,True
s08-r3-hold_trial-0.4,8,3,hold_trial-0.4,hold_trial,0.4,12,208.9159999999993,2,1000,1,400.0,1.0,48.0,2,1,2,1,1,1,2,1,False,1,1,0,0,1,1,hold,True
s08-r3-hold_trial-0.4,8,3,hold_trial-0.4,hold_trial,0.4,13,232.9359999999997,2,1000,1,400.0,1.0,48.0,2,1,2,1,2,1,2,1,False,1,1,0,1,1,0,hold,True
s08-r3-hold_trial-0.4,8,3,hold_trial-0.4,hold_trial,0.4,14,241.21999999999932,1,1000,1,400.0,1.0,48.0,2,1,1,1,1,1,1,1,False,0,1,1,1,1,0,hold,True
s08-r3-hold_trial-0.4,8,3,hold_trial-0.4,hold_trial,0.4,15,249.64799999999923,1,1000,1,400.0,1.0,48.0,1,1,1,1,1,1,1,1,False,1,1,0,1,1,0,hold,True
s08-r3-hold_trial-0.4,8,3,hold_trial-0.4,hold_trial,0.4,16,266.3799999999992,2,1000,1,400.0,1.0,48.0,2,1,2,1,2,1,2,1,False,1,1,0,1,1,0,hold,True
s08-r3-hold_trial-0.4,8,3,hold_trial-0.4,hold_trial,0.4,17,274.5519999999997,1,1000,1,400.0,1.0,48.0,1,1,1,1,1,1,1,1,False,1,1,0,1,1,0,hold,True
s08-r3-hold_trial-0.4,8,3,hold_trial-0.4,hold_trial,0.4,18,290.88800000000083,2,1000,1,400.0,1.0,48.0,1,1,1,1,2,1,2,1,False,0,0,0,1,1,0,hold,True
s08-r3-hold_trial-0.4,8,3,hold_trial-0.4,hold_trial,0.4,19,298.77599999999984,2,1000,1,400.0,1.0,48.0,2,1,2,1,2,1,2,1,False,1,1,0,1,1,0,hold,True
s08-r3-hold_trial-0.4,8,3,hold_trial-0.4,hold_trial,0.4,20,314.3279999999995,1,1000,1,400.0,1.0,48.0,1,1,1,1,1,1,1,1,False,1,1,0,1,1,0,hold,True
s08-r3-hold_trial-0.4,8,3,hold_trial-0.4,hold_trial,0.4,21,362.3359999999993,1,1000,1,400.0,1.0,48.0,2,1,1,1,1,1,1,1,False,0,1,1,1,1,0,hold,True
s08-r3-hold_trial-0.4,8,3,hold_trial-0.4,hold_trial,0.4,22,370.79199999999946,2,1000,1,400.0,1.0,48.0,2,1,2,1,1,1,2,1,False,1,1,0,0,1,1,hold,True
s08-r3-hold_trial-0.4,8,3,hold_trial-0.4,hold_trial,0.4,23,379.02800000000025,1,1000,1,400.0,1.0,48.0,1,1,1,1,1,1,1,1,False,1,1,0,1,1,0,hold,True
s08-r4-hold_trial-0.1,8,4,hold_trial-0.1,hold_trial,0.1,0,1.0,2,1000,1,100.0,1.0,48.0,2,1,2,1,2,1,2,1,False,1,1,0,1,1,0,hold,True
s08-r4-hold_trial-0.1,8,4,hold_trial-0.1,hold_trial,0.1,1,9.012000000000626,1,1000,1,100.0,1.0,48.0,1,1,1,1,1,1,1,1,False,1,1,0,1,1,0,hold,True
s08-r4-hold_trial-0.1,8,4,hold_trial-0.1,hold_trial,0.1,2,16.683999999999287,1,1000,1,100.0,1.0,48.0,1,1,1,1,1,1,1,1,False,1,1,0,1,1,0,hold,True
s08-r4-hold_trial-0.1,8,4,hold_trial-0.1,hold_trial,0.1,3,40.96800000000076,2,1000,1,100.0,1.0,48.0,2,1,2,1,2,1,2,1,False,1,1,0,1,1,0,hold,True
s08-r4-hold_trial-0.1,8,4,hold_trial-0.1,hold_trial,0.1,4,64.55999999999949,1,1000,1,100.0,1.0,48.0,1,1,1,1,1,1,1,1,False,1,1,0,1,1,0,hold,True
s08-r4-hold_trial-0.1,8,4,hold_trial-0.1,hold_trial,0.1,5,80.17599999999948,1,1000,1,100.0,1.0,48.0,1,1,1,1,1,1,1,1,False,1,1,0,1,1,0,hold,True
s08-r4-hold_trial-0.1,8,4,hold_trial-0.1,hold_trial,0.1,6,87.7559999999994,1,1000,1,100.0,1.0,48.0,1,1,1,1,1,1,1,1,False,1,1,0,1,1,0,hold,True
s08-r4-hold_trial-0.1,8,4,hold_trial-0.1,hold_trial,0.1,7,95.64400000000025,2,1000,1,100.0,1.0,48.0,2,1,2,1,2,1,2,1,False,1,1,0,1,1,0,hold,True
s08-r4-hold_trial-0.1,8,4,hold_trial-0.1,hold_trial,0.1,8,119.76800000000004,2,1000,1,100.0,1.0,48.0,2,1,2,1,2,1,2,1,False,1,1,0,1,1,0,hold,True
s08-r4-hold_trial-0.1,8,4,hold_trial-0.1,hold_trial,0.1,9,169.07200000000012,2,1000,1,100.0,1.0,48.0,2,1,2,1,2,1,2,1,False,1,1,0,1,1,0,hold,True
s08-r4-hold_trial-0.1,8,4,hold_trial-0.1,hold_trial,0.1,10,176.71999999999937,2,1000,1,100.0,1.0,48.0,2,1,2,1,2,1,2,1,False,1,1,0,1,1,0,hold,True
s08-r4-hold_trial-0.1,8,4,hold_trial-0.1,hold_trial,0.1,11,192.6560000000009,1,1000,1,100.0,1.0,48.0,1,1,1,1,1,1,1,1,False,1,1,0,1,1,0,hold,True
s08-r4-hold_trial-0.1,8,4,hold_trial-0.1,hold_trial,0.1,12,200.5,2,1000,1,100.0,1.0,48.0,2,1,2,1,2,1,2,1,False,1,1,0,1,1,0,hold,True
s08-r4-hold_trial-0.1,8,4,hold_trial-0.1,hold_trial,0.1,13,208.9159999999993,2,1000,1,100.0,1.0,48.0,2,1,1,1,2,1,2,1,False,1,0,1,1,1,0,hold,True
s08-r4-hold_trial-0.1,8,4,hold_trial-0.1,hold_trial,0.1,14,216.9320000000007,2,1000,1,100.0,1.0,48.0,1,1,1,1,2,1,2,1,False,0,0,0,1,1,0,hold,True
s08-r4-hold_trial-0.1,8,4,hold_trial-0.1,hold_trial,0.1,15,241.21999999999932,1,1000,1,100.0,1.0,48.0,1,1,1,1,1,1,1,1,False,1,1,0,1,1,0,hold,True
s08-r4-hold_trial-0.1,8,4,hold_trial-0.1,hold_trial,0.1,16,258.0159999999996,1,1000,1,100.0,1.0,48.0,1,1,1,1,1,1,2,1,False,1,1,0,1,0,1,hold,True
s08-r4-hold_trial-0.1,8,4,hold_trial-0.1,hold_trial,0.1,17,274.5519999999997,1,1000,1,100.0,1.0,48.0,1,1,1,1,1,1,1,1,False,1,1,0,1,1,0,hold,True
s08-r4-hold_trial-0.1,8,4,hold_trial-0.1,hold_trial,0.1,18,290.88800000000083,1,1000,1,100.0,1.0,48.0,2,1,1,1,1,1,2,1,False,0,1,1,1,0,1,hold,True
s08-r4-hold_trial-0.1,8,4,hold_trial-0.1,hold_trial,0.1,19,306.6280000000006,1,1000,1,100.0,1.0,48.0,1,1,1,1,1,1,1,1,False,1,1,0,1,1,0,hold,True
s08-r4-hold_trial-0.1,8,4,hold_trial-0.1,hold_trial,0.1,20,314.3279999999995,2,1000,1,100.0,1.0,48.0,2,1,2,1,2,1,2,1,False,1,1,0,1,1,0,hold,True
s08-r4-hold_trial-0.1,8,4,hold_trial-0.1,hold_trial,0.1,21,347.0,1,1000,1,100.0,1.0,48.0,1,1,1,1,1,1,1,1,False,1,1,0,1,1,0,hold,True
s08-r4-hold_trial-0.1,8,4,hold_trial-0.1,hold_trial,0.1,22,354.6239999999998,2,1000,1,100.0,1.0,48.0,2,1,2,1,2,1,2,1,False,1,1,0,1,1,0,hold,True
s08-r4-hold_trial-0.1,8,4,hold_trial-0.1,hold_trial,0.1,23,370.79199999999946,2,1000,1,100.0,1.0,48.0,2,1,2,1,2,1,2,1,False,1,1,0,1,1,0,hold,True
s08-r4-hold_trial-0.25,8,4,hold_trial-0.25,hold_trial,0.25,0,1.0,2,1000,1,250.0,1.0,48.0,2,1,2,1,2,1,2,1,False,1,1,0,1,1,0,hold,True
s08-r4-hold_trial-0.25,8,4,hold_trial-0.25,hold_trial,0.25,1,9.012000000000626,1,1000,1,250.0,1.0,48.0,1,1,1,1,1,1,1,1,False,1,1,0,1,1,0,hold,True
s08-r4-hold_trial-0.25,8,4,hold_trial-0.25,hold_trial,0.25,2,16.683999999999287,1,1000,1,250.0,1.0,48.0,1,1,1,1,1,1,1,1,False,1,1,0,1,1,0,hold,True
s08-r4-hold_trial-0.25,8,4,hold_trial-0.25,hold_trial,0.25,3,40.96800000000076,2,1000,1,250.0,1.0,48.0,2,1,2,1,1,1,2,1,False,1,1,0,0,1,1,hold,True
s08-r4-hold_trial-0.25,8,4,hold_trial-0.25,hold_trial,0.25,4,64.55999999999949,1,1000,1,250.0,1.0,48.0,1,1,1,1,1,1,1,1,False,1,1,0,1,1,0,hold,True
s08-r4-hold_trial-0.25,8,4,hold_trial-0.25,hold_trial,0.25,5,80.17599999999948,1,1000,1,250.0,1.0,48.0,1,1,1,1,1,1,1,1,False,1,1,0,1,1,0,hold,True
s08-r4-hold_trial-0.25,8,4,hold_trial-0.25,hold_trial,0.25,6,87.7559999999994,1,1000,1,250.0,1.0,48.0,1,1,1,1,1,1,1,1,False,1,1,0,1,1,0,hold,True
s08-r4-hold_trial-0.25,8,4,hold_trial-0.25,hold_trial,0.25,7,95.64400000000025,2,1000,1,250.0,1.0,48.0,2,1,2,1,2,1,2,1,False,1,1,0,1,1,0,hold,True
s08-r4-hold_trial-0.25,8,4,hold_trial-0.25,hold_trial,0.25,8,119.76800000000004,2,1000,1,250.0,1.0,48.0,2,1,2,1,2,1,2,1,False,1,1,0,1,1,0,hold,True
s08-r4-hold_trial-0.25,8,4,hold_trial-0.25,hold_trial,0.25,9,169.07200000000012,2,1000,1,250.0,1.0,48.0,2,1,2,1,2,1,2,1,False,1,1,0,1,1,0,hold,True
s08-r4-hold_trial-0.25,8,4,hold_trial-0.25,hold_trial,0.25,10,176.71999999999937,2,1000,1,250.0,1.0,48.0,2,1,2,1,2,1,2,1,False,1,1,0,1,1,0,hold,True
s08-r4-hold_trial-0.25,8,4,hold_trial-0.25,hold_trial,0.25,11,192.6560000000009,1,1000,1,250.0,1.0,48.0,1,1,1,1,1,1,1,1,False,1,1,0,1,1,0,hold,True
s08-r4-hold_trial-0.25,8,4,hold_trial-0.25,hold_trial,0.25,12,200.5,2,1000,1,250.0,1.0,48.0,2,1,2,1,2,1,2,1,False,1,1,0,1,1,0,hold,True
s08-r4-hold_trial-0.25,8,4,hold_trial-0.25,hold_trial,0.25,13,208.9159999999993,2,1000,1,250.0,1.0,48.0,2,1,1,1,2,1,2,1,False,1,0,1,1,1,0,hold,True
s08-r4-hold_trial-0.25,8,4,hold_trial-0.25,hold_trial,0.25,14,216.9320000000007,2,1000,1,250.0,1.0,48.0,1,1,1,1,2,1,2,1,False,0,0,0,1,1,0,hold,True
s08-r4-hold_trial-0.25,8,4,hold_trial-0.25,hold_trial,0.25,15,241.21999999999932,1,1000,1,250.0,1.0,48.0,1,1,1,1,1,1,1,1,False,1,1,0,1,1,0,hold,True
s08-r4-hold_trial-0.25,8,4,hold_trial-0.25,hold_trial,0.25,16,258.0159999999996,1,1000,1,250.0,1.0,48.0,1,1,1,1,2,1,2,1,False,1,1,0,0,0,0,hold,True
s08-r4-hold_trial-0.25,8,4,hold_trial-0.25,hold_trial,0.25,17,274.5519999999997,1,1000,1,250.0,1.0,48.0,1,1,1,1,1,1,1,1,False,1,1,0,1,1,0,hold,True
s08-r4-hold_trial-0.25,8,4,hold_trial-0.25,hold_trial,0.25,18,290.88800000000083,1,1000,1,250.0,1.0,48.0,2,1,1,1,1,1,2,1,False,0,1,1,1,0,1,hold,True
s08-r4-hold_trial-0.25,8,4,hold_trial-0.25,hold_trial,0.25,19,306.6280000000006,1,1000,1,250.0,1.0,48.0,1,1,1,1,1,1,1,1,False,1,1,0,1,1,0,hold,True
s08-r4-hold_trial-0.25,8,4,hold_trial-0.25,hold_trial,0.25,20,314.3279999999995,2,1000,1,250.0,1.0,48.0,2,1,2,1,2,1,2,1,False,1,1,0,1,1,0,hold,True
s08-r4-hold_trial-0.25,8,4,hold_trial-0.25,hold_trial,0.25,21,347.0,1,1000,1,250.0,1.0,48.0,1,1,1,1,1,1,1,1,False,1,1,0,1,1,0,hold,True
s08-r4-hold_trial-0.25,8,4,hold_trial-0.25,hold_trial,0.25,22,354.6239999999998,2,1000,1,250.0,1.0,48.0,2,1,2,1,2,1,2,1,False,1,1,0,1,1,0,hold,True
s08-r4-hold_trial-0.25,8,4,hold_trial-0.25,hold_trial,0.25,23,370.79199999999946,2,1000,1,250.0,1.0,48.0,2,1,2,1,2,1,2,1,False,1,1,0,1,1,0,hold,True
s08-r4-hold_trial-0.4,8,4,hold_trial-0.4,hold_trial,0.4,0,1.0,2,1000,1,400.0,1.0,48.0,2,1,2,1,2,1,2,1,False,1,1,0,1,1,0,hold,True
s08-r4-hold_trial-0.4,8,4,hold_trial-0.4,hold_trial,0.4,1,9.012000000000626,1,1000,1,400.0,1.0,48.0,1,1,1,1,1,1,1,1,False,1,1,0,1,1,0,hold,True
s08-r4-hold_trial-0.4,8,4,hold_trial-0.4,hold_trial,0.4,2,16.683999999999287,1,1000,1,400.0,1.0,48.0,1,1,1,1,1,1,1,1,False,1,1,0,1,1,0,hold,True
s08-r4-hold_trial-0.4,8,4,hold_trial-0.4,hold_trial,0.4,3,40.96800000000076,2,1000,1,400.0,1.0,48.0,1,1,2,1,1,1,2,1,False,0,1,1,0,1,1,hold,True
s08-r4-hold_trial-0.4,8,4,hold_trial-0.4,hold_trial,0.4,4,64.55999999999949,1,1000,1,400.0,1.0,48.0,1,1,1,1,1,1,1,1,False,1,1,0,1,1,0,hold,True
s08-r4-hold_trial-0.4,8,4,hold_trial-0.4,hold_trial,0.4,5,80.17599999999948,1,1000,1,400.0,1.0,48.0,2,1,1,1,1,1,1,1,False,0,1,1,1,1,0,hold,True
s08-r4-hold_trial-0.4,8,4,hold_trial-0.4,hold_trial,0.4,6,87.7559999999994,1,1000,1,400.0,1.0,48.0,1,1,1,1,1,1,1,1,False,1,1,0,1,1,0,hold,True
s08-r4-hold_trial-0.4,8,4,hold_trial-0.4,hold_trial,0.4,7,95.64400000000025,2,1000,1,400.0,1.0,48.0,2,1,2,1,2,1,2,1,False,1,1,0,1,1,0,hold,True
s08-r4-hold_trial-0.4,8,4,hold_trial-0.4,hold_trial,0.4,8,119.76800000000004,2,1000,1,400.0,1.0,48.0,2,1,2,1,2,1,2,1,False,1,1,0,1,1,0,hold,True
s08-r4-hold_trial-0.4,8,4,hold_trial-0.4,hold_trial,0.4,9,169.07200000000012,2,1000,1,400.0,1.0,48.0,2,1,2,1,2,1,2,1,False,1,1,0,1,1,0,hold,True
s08-r4-hold_trial-0.4,8,4,hold_trial-0.4,hold_trial,0.4,10,176.71999999999937,2,1000,1,400.0,1.0,48.0,2,1,2,1,2,1,2,1,False,1,1,0,1,1,0,hold,True
s08-r4-hold_trial-0.4,8,4,hold_trial-0.4,hold_trial,0.4,11,192.6560000000009,1,1000,1,400.0,1.0,48.0,1,1,1,1,1,1,1,1,False,1,1,0,1,1,0,hold,True
s08-r4-hold_trial-0.4,8,4,hold_trial-0.4,hold_trial,0.4,12,200.5,2,1000,1,400.0,1.0,48.0,2,1,2,1,2,1,2,1,False,1,1,0,1,1,0,hold,True
s08-r4-hold_trial-0.4,8,4,hold_trial-0.4,hold_trial,0.4,13,208.9159999999993,2,1000,1,400.0,1.0,48.0,2,1,1,1,1,1,2,1,False,1,0,1,0,1,1,hold,True
s08-r4-hold_trial-0.4,8,4,hold_trial-0.4,hold_trial,0.4,14,216.9320000000007,2,1000,1,400.0,1.0,48.0,2,1,1,1,2,1,2,1,False,1,0,1,1,1,0,hold,True
s08-r4-hold_trial-0.4,8,4,hold_trial-0.4,hold_trial,0.4,15,241.21999999999932,1,1000,1,400.0,1.0,48.0,1,1,1,1,1,1,1,1,False,1,1,0,1,1,0,hold,True
s08-r4-hold_trial-0.4,8,4,hold_trial-0.4,hold_trial,0.4,16,258.0159999999996,1,1000,1,400.0,1.0,48.0,1,1,1,1,1,1,2,1,False,1,1,0,1,0,1,hold,True
s08-r4-hold_trial-0.4,8,4,hold_trial-0.4,hold_trial,0.4,17,274.5519999999997,1,1000,1,400.0,1.0,48.0,1,1,1,1,1,1,1,1,False,1,1,0,1,1,0,hold,True
s08-r4-hold_trial-0.4,8,4,hold_trial-0.4,hold_trial,0.4,18,290.88800000000083,1,1000,1,400.0,1.0,48.0,2,1,1,1,1,1,2,1,False,0,1,1,1,0,1,hold,True
s08-r4-hold_trial-0.4,8,4,hold_trial-0.4,hold_trial,0.4,19,306.6280000000006,1,1000,1,400.0,1.0,48.0,1,1,1,1,1,1,1,1,False,1,1,0,1,1,0,hold,True
s08-r4-hold_trial-0.4,8,4,hold_trial-0.4,hold_trial,0.4,20,314.3279999999995,2,1000,1,400.0,1.0,48.0,2,1,2,1,2,1,2,1,False,1,1,0,1,1,0,hold,True
s08-r4-hold_trial-0.4,8,4,hold_trial-0.4,hold_trial,0.4,21,347.0,1,1000,1,400.0,1.0,48.0,1,1,1,1,1,1,1,1,False,1,1,0,1,1,0,hold,True
s08-r4-hold_trial-0.4,8,4,hold_trial-0.4,hold_trial,0.4,22,354.6239999999998,2,1000,1,400.0,1.0,48.0,2,1,2,1,1,1,2,1,False,1,1,0,0,1,1,hold,True
s08-r4-hold_trial-0.4,8,4,hold_trial-0.4,hold_trial,0.4,23,370.79199999999946,2,1000,1,400.0,1.0,48.0,2,1,2,1,2,1,2,1,False,1,1,0,1,1,0,hold,True
s09-r0-hold_trial-0.1,9,0,hold_trial-0.1,hold_trial,0.1,0,1.0,1,1000,1,100.0,1.0,48.0,1,1,1,1,1,1,1,1,False,1,1,0,1,1,0,hold,True
s09-r0-hold_trial-0.1,9,0,hold_trial-0.1,hold_trial,0.1,1,9.012000000000173,2,1000,1,100.0,1.0,48.0,2,1,2,1,2,1,2,1,False,1,1,0,1,1,0,hold,True
s09-r0-hold_trial-0.1,9,0,hold_trial-0.1,hold_trial,0.1,2,16.684000000000196,2,1000,1,100.0,1.0,48.0,2,1,2,1,2,1,2,1,False,1,1,0,1,1,0,hold,True
s09-r0-hold_trial-0.1,9,0,hold_trial-0.1,hold_trial,0.1,3,24.49200000000019,1,1000,1,100.0,1.0,48.0,1,1,1,1,1,1,1,1,False,1,1,0,1,1,0,hold,True
s09-r0-hold_trial-0.1,9,0,hold_trial-0.1,hold_trial,0.1,4,32.52399999999989,2,1000,1,100.0,1.0,48.0,2,1,2,1,2,1,2,1,False,1,1,0,1,1,0,hold,True
s09-r0-hold_trial-0.1,9,0,hold_trial-0.1,hold_trial,0.1,5,40.96799999999985,1,1000,1,100.0,1.0,48.0,1,1,1,1,1,1,1,1,False,1,1,0,1,1,0,hold,True
s09-r0-hold_trial-0.1,9,0,hold_trial-0.1,hold_trial,0.1,6,48.63599999999997,2,1000,1,100.0,1.0,48.0,2,1,2,1,2,1,2,1,False,1,1,0,1,1,0,hold,True
s09-r0-hold_trial-0.1,9,0,hold_trial-0.1,hold_trial,0.1,7,64.55999999999995,2,1000,1,100.0,1.0,48.0,2,1,2,1,2,1,2,1,False,1,1,0,1,1,0,hold,True
s09-r0-hold_trial-0.1,9,0,hold_trial-0.1,hold_trial,0.1,8,80.17599999999993,1,1000,1,100.0,1.0,48.0,1,1,1,1,1,1,1,1,False,1,1,0,1,1,0,hold,True
s09-r0-hold_trial-0.1,9,0,hold_trial-0.1,hold_trial,0.1,9,95.64399999999978,2,1000,1,100.0,1.0,48.0,1,1,1,1,2,1,2,1,False,0,0,0,1,1,0,hold,True
s09-r0-hold_trial-0.1,9,0,hold_trial-0.1,hold_trial,0.1,10,103.42000000000009,1,1000,1,100.0,1.0,48.0,1,1,1,1,1,1,1,1,False,1,1,0,1,1,0,hold,True
s09-r0-hold_trial-0.1,9,0,hold_trial-0.1,hold_trial,0.1,11,152.4720000000002,1,1000,1,100.0,1.0,48.0,1,1,1,1,1,1,1,1,False,1,1,0,1,1,0,hold,True
s09-r0-hold_trial-0.1,9,0,hold_trial-0.1,hold_trial,0.1,12,169.07200000000012,2,1000,1,100.0,1.0,48.0,2,1,2,1,2,1,2,1,False,1,1,0,1,1,0,hold,True
s09-r0-hold_trial-0.1,9,0,hold_trial-0.1,hold_trial,0.1,13,176.7199999999998,1,1000,1,100.0,1.0,48.0,1,1,1,1,1,1,1,1,False,1,1,0,1,1,0,hold,True
s09-r0-hold_trial-0.1,9,0,hold_trial-0.1,hold_trial,0.1,14,184.84400000000005,1,1000,1,100.0,1.0,48.0,1,1,1,1,1,1,1,1,False,1,1,0,1,1,0,hold,True
s09-r0-hold_trial-0.1,9,0,hold_trial-0.1,hold_trial,0.1,15,208.91600000000017,1,1000,1,100.0,1.0,48.0,1,1,2,1,1,1,1,1,False,1,0,1,1,1,0,hold,True
s09-r0-hold_trial-0.1,9,0,hold_trial-0.1,hold_trial,0.1,16,241.2199999999998,1,1000,1,100.0,1.0,48.0,1,1,1,1,1,1,1,1,False,1,1,0,1,1,0,hold,True
s09-r0-hold_trial-0.1,9,0,hold_trial-0.1,hold_trial,0.1,17,249.6480000000001,2,1000,1,100.0,1.0,48.0,2,1,2,1,2,1,2,1,False,1,1,0,1,1,0,hold,True
s09-r0-hold_trial-0.1,9,0,hold_trial-0.1,hold_trial,0.1,18,258.0160000000001,1,1000,1,100.0,1.0,48.0,1,1,1,1,1,1,1,1,False,1,1,0,1,1,0,hold,True
s09-r0-hold_trial-0.1,9,0,hold_trial-0.1,hold_trial,0.1,19,266.37999999999965,2,1000,1,100.0,1.0,48.0,2,1,2,1,2,1,2,1,False,1,1,0,1,1,0,hold,True
s09-r0-hold_trial-0.1,9,0,hold_trial-0.1,hold_trial,0.1,20,274.55200000000013,2,1000,1,100.0,1.0,48.0,2,1,2,1,2,1,2,1,False,1,1,0,1,1,0,hold,True
s09-r0-hold_trial-0.1,9,0,hold_trial-0.1,hold_trial,0.1,21,282.80799999999954,1,1000,1,100.0,1.0,48.0,1,1,1,1,1,1,1,1,False,1,1,0,1,1,0,hold,True
s09-r0-hold_trial-0.1,9,0,hold_trial-0.1,hold_trial,0.1,22,290.8880000000004,2,1000,1,100.0,1.0,48.0,2,1,2,1,2,1,2,1,False,1,1,0,1,1,0,hold,True
s09-r0-hold_trial-0.1,9,0,hold_trial-0.1,hold_trial,0.1,23,306.62800000000016,2,1000,1,100.0,1.0,48.0,2,1,2,1,2,1,2,1,False,1,1,0,1,1,0,hold,True
s09-r0-hold_trial-0.25,9,0,hold_trial-0.25,hold_trial,0.25,0,1.0,1,1000,1,250.0,1.0,48.0,1,1,1,1,1,1,1,1,False,1,1,0,1,1,0,hold,True
s09-r0-hold_trial-0.25,9,0,hold_trial-0.25,hold_trial,0.25,1,9.012000000000173,2,1000,1,250.0,1.0,48.0,2,1,2,1,2,1,2,1,False,1,1,0,1,1,0,hold,True
s09-r0-hold_trial-0.25,9,0,hold_trial-0.25,hold_trial,0.25,2,16.684000000000196,2,1000,1,250.0,1.0,48.0,2,1,2,1,2,1,2,1,False,1,1,0,1,1,0,hold,True
s09-r0-hold_trial-0.25,9,0,hold_trial-0.25,hold_trial,0.25,3,24.49200000000019,1,1000,1,250.0,1.0,48.0,1,1,1,1,1,1,1,1,False,1,1,0,1,1,0,hold,True
s09-r0-hold_trial-0.25,9,0,hold_trial-0.25,hold_trial,0.25,4,32.52399999999989,2,1000,1,250.0,1.0,48.0,2,1,2,1,2,1,2,1,False,1,1,0,1,1,0,hold,True
s09-r0-hold_trial-0.25,9,0,hold_trial-0.25,hold_trial,0.25,5,40.96799999999985,1,1000,1,250.0,1.0,48.0,1,1,1,1,1,1,1,1,False,1,1,0,1,1,0,hold,True
s09-r0-hold_trial-0.25,9,0,hold_trial-0.25,hold_trial,0.25,6,48.63599999999997,2,1000,1,250.0,1.0,48.0,2,1,2,1,2,1,2,1,False,1,1,0,1,1,0,hold,True
s09-r0-hold_trial-0.25,9,0,hold_trial-0.25,hold_trial,0.25,7,64.55999999999995,2,1000,1,250.0,1.0,48.0,2,1,2,1,2,1,2,1,False,1,1,0,1,1,0,hold,True
s09-r0-hold_trial-0.25,9,0,hold_trial-0.25,hold_trial,0.25,8,80.17599999999993,1,1000,1,250.0,1.0,48.0,1,1,1,1,1,1,1,1,False,1,1,0,1,1,0,hold,True
s09-r0-hold_trial-0.25,9,0,hold_trial-0.25,hold_trial,0.25,9,95.64400000000025,2,1000,1,250.0,1.0,48.0,1,1,1,1,2,1,2,1,False,0,0,0,1,1,0,hold,True
s09-r0-hold_trial-0.25,9,0,hold_trial-0.25,hold_trial,0.25,10,103.42000000000009,1,1000,1,250.0,1.0,48.0,1,1,1,1,1,1,1,1,False,1,1,0,1,1,0,hold,True
s09-r0-hold_trial-0.25,9,0,hold_trial-0.25,hold_trial,0.25,11,152.4720000000002,1,1000,1,250.0,1.0,48.0,1,1,1,1,1,1,1,1,False,1,1,0,1,1,0,hold,True
s09-r0-hold_trial-0.25,9,0,hold_trial-0.25,hold_trial,0.25,12,169.07200000000012,2,1000,1,250.0,1.0,48.0,2,1,2,1,2,1,2,1,False,1,1,0,1,1,0,hold,True
s09-r0-hold_trial-0.25,9,0,hold_trial-0.25,hold_trial,0.25,13,176.7199999999998,1,1000,1,250.0,1.0,48.0,1,1,1,1,1,1,1,1,False,1,1,0,1,1,0,hold,True
s09-r0-hold_trial-0.25,9,0,hold_trial-0.25,hold_trial,0.25,14,184.84400000000005,1,1000,1,250.0,1.0,48.0,2,1,1,1,1,1,1,1,False,0,1,1,1,1,0,hold,True
s09-r0-hold_trial-0.25,9,0,hold_trial-0.25,hold_trial,0.25,15,208.91600000000017,1,1000,1,250.0,1.0,48.0,1,1,2,1,1,1,1,1,False,1,0,1,1,1,0,hold,True
s09-r0-hold_trial-0.25,9,0,hold_trial-0.25,hold_trial,0.25,16,241.2199999999998,1,1000,1,250.0,1.0,48.0,1,1,1,1,1,1,1,1,False,1,1,0,1,1,0,hold,True
s09-r0-hold_trial-0.25,9,0,hold_trial-0.25,hold_trial,0.25,17,249.6480000000001,2,1000,1,250.0,1.0,48.0,2,1,2,1,2,1,2,1,False,1,1,0,1,1,0,hold,True
s09-r0-hold_trial-0.25,9,0,hold_trial-0.25,hold_trial,0.25,18,258.0160000000001,1,1000,1,250.0,1.0,48.0,1,1,1,1,1,1,1,1,False,1,1,0,1,1,0,hold,True
s09-r0-hold_trial-0.25,9,0,hold_trial-0.25,hold_trial,0.25,19,266.3800000000001,2,1000,1,250.0,1.0,48.0,2,1,2,1,2,1,2,1,False,1,1,0,1,1,0,hold,True
s09-r0-hold_trial-0.25,9,0,hold_trial-0.25,hold_trial,0.25,20,274.5519999999997,2,1000,1,250.0,1.0,48.0,2,1,2,1,2,1,2,1,False,1,1,0,1,1,0,hold,True
s09-r0-hold_trial-0.25,9,0,hold_trial-0.25,hold_trial,0.25,21,282.808,1,1000,1,250.0,1.0,48.0,1,1,1,1,1,1,1,1,False,1,1,0,1,1,0,hold,True
s09-r0-hold_trial-0.25,9,0,hold_trial-0.25,hold_trial,0.25,22,290.8879999999999,2,1000,1,250.0,1.0,48.0,2,1,2,1,2,1,2,1,False,1,1,0,1,1,0,hold,True
s09-r0-hold_trial-0.25,9,0,hold_trial-0.25,hold_trial,0.25,23,306.6279999999997,2,1000,1,250.0,1.0,48.0,2,1,2,1,2,1,2,1,False,1,1,0,1,1,0,hold,True
s09-r0-hold_trial-0.4,9,0,hold_trial-0.4,hold_trial,0.4,0,1.0,1,1000,1,400.0,1.0,48.0,1,1,1,1,1,1,1,1,False,1,1,0,1,1,0,hold,True
s09-r0-hold_trial-0.4,9,0,hold_trial-0.4,hold_trial,0.4,1,9.012000000000173,2,1000,1,400.0,1.0,48.0,2,1,2,1,2,1,2,1,False,1,1,0,1,1,0,hold,True
s09-r0-hold_trial-0.4,9,0,hold_trial-0.4,hold_trial,0.4,2,16.684000000000196,2,1000,1,400.0,1.0,48.0,2,1,2,1,2,1,2,1,False,1,1,0,1,1,0,hold,True
s09-r0-hold_trial-0.4,9,0,hold_trial-0.4,hold_trial,0.4,3,24.49200000000019,1,1000,1,400.0,1.0,48.0,1,1,1,1,1,1,1,1,False,1,1,0,1,1,0,hold,True
s09-r0-hold_trial-0.4,9,0,hold_trial-0.4,hold_trial,0.4,4,32.52399999999989,2,1000,1,400.0,1.0,48.0,2,1,2,1,1,1,2,1,False,1,1,0,0,1,1,hold,True
s09-r0-hold_trial-0.4,9,0,hold_trial-0.4,hold_trial,0.4,5,40.96799999999985,1,1000,1,400.0,1.0,48.0,1,1,1,1,1,1,1,1,False,1,1,0,1,1,0,hold,True
s09-r0-hold_trial-0.4,9,0,hold_trial-0.4,hold_trial,0.4,6,48.63599999999997,2,1000,1,400.0,1.0,48.0,1,1,2,1,1,1,2,1,False,0,1,1,0,1,1,hold,True
s09-r0-hold_trial-0.4,9,0,hold_trial-0.4,hold_trial,0.4,7,64.55999999999995,2,1000,1,400.0,1.0,48.0,2,1,2,1,2,1,2,1,False,1,1,0,1,1,0,hold,True
s09-r0-hold_trial-0.4,9,0,hold_trial-0.4,hold_trial,0.4,8,80.17599999999993,1,1000,1,400.0,1.0,48.0,1,1,1,1,1,1,1,1,False,1,1,0,1,1,0,hold,True
s09-r0-hold_trial-0.4,9,0,hold_trial-0.4,hold_trial,0.4,9,95.64400000000025,2,1000,1,400.0,1.0,48.0,1,1,1,1,2,1,2,1,False,0,0,0,1,1,0,hold,True
s09-r0-hold_trial-0.4,9,0,hold_trial-0.4,hold_trial,0.4,10,103.42000000000009,1,1000,1,400.0,1.0,48.0,1,1,1,1,1,1,1,1,False,1,1,0,1,1,0,hold,True
s09-r0-hold_trial-0.4,9,0,hold_trial-0.4,hold_trial,0.4,11,152.4720000000002,1,1000,1,400.0,1.0,48.0,1,1,1,1,2,1,1,1,False,1,1,0,0,1,1,hold,True
s09-r0-hold_trial-0.4,9,0,hold_trial-0.4,hold_trial,0.4,12,169.07200000000012,2,1000,1,400.0,1.0,48.0,2,1,2,1,1,1,2,1,False,1,1,0,0,1,1,hold,True
s09-r0-hold_trial-0.4,9,0,hold_trial-0.4,hold_trial,0.4,13,176.7199999999998,1,1000,1,400.0,1.0,48.0,1,1,1,1,1,1,1,1,False,1,1,0,1,1,0,hold,True
s09-r0-hold_trial-0.4,9,0,hold_trial-0.4,hold_trial,0.4,14,184.84400000000005,1,1000,1,400.0,1.0,48.0,2,1,1,1,1,1,1,1,False,0,1,1,1,1,0,hold,True
s09-r0-hold_trial-0.4,9,0,hold_trial-0.4,hold_trial,0.4,15,208.91600000000017,1,1000,1,400.0,1.0,48.0,2,1,2,1,1,1,1,1,False,0,0,0,1,1,0,hold,True
s09-r0-hold_trial-0.4,9,0,hold_trial-0.4,hold_trial,0.4,16,241.2199999999998,1,1000,1,400.0,1.0,48.0,1,1,1,1,1,1,1,1,False,1,1,0,1,1,0,hold,True
s09-r0-hold_trial-0.4,9,0,hold_trial-0.4,hold_trial,0.4,17,249.6480000000001,2,1000,1,400.0,1.0,48.0,2,1,2,1,2,1,2,1,False,1,1,0,1,1,0,hold,True
s09-r0-hold_trial-0.4,9,0,hold_trial-0.4,hold_trial,0.4,18,258.0160000000001,1,1000,1,400.0,1.0,48.0,1,1,1,1,1,1,1,1,False,1,1,0,1,1,0,hold,True
s09-r0-hold_trial-0.4,9,0,hold_trial-0.4,hold_trial,0.4,19,266.3800000000001,2,1000,1,400.0,1.0,48.0,2,1,2,1,1,1,2,1,False,1,1,0,0,1,1,hold,True
s09-r0-hold_trial-0.4,9,0,hold_trial-0.4,hold_trial,0.4,20,274.5519999999997,2,1000,1,400.0,1.0,48.0,2,1,2,1,2,1,2,1,False,1,1,0,1,1,0,hold,True
s09-r0-hold_trial-0.4,9,0,hold_trial-0.4,hold_trial,0.4,21,282.808,1,1000,1,400.0,1.0,48.0,1,1,1,1,1,1,1,1,False,1,1,0,1,1,0,hold,True
s09-r0-hold_trial-0.4,9,0,hold_trial-0.4,hold_trial,0.4,22,290.8879999999999,2,1000,1,400.0,1.0,48.0,2,1,2,1,2,1,2,1,False,1,1,0,1,1,0,hold,True
s09-r0-hold_trial-0.4,9,0,hold_trial-0.4,hold_trial,0.4,23,306.6279999999997,2,1000,1,400.0,1.0,48.0,2,1,2,1,2,1,2,1,False,1,1,0,1,1,0,hold,True
s09-r1-hold_trial-0.1,9,1,hold_trial-0.1,hold_trial,0.1,0,16.684000000000196,2,1000,1,100.0,1.0,48.0,2,1,2,1,2,1,2,1,False,1,1,0,1,1,0,hold,True
s09-r1-hold_trial-0.1,9,1,hold_trial-0.1,hold_trial,0.1,1,24.49200000000019,1,1000,1,100.0,1.0,48.0,1,1,1,1,2,1,2,1,False,1,1,0,0,0,0,hold,True
s09-r1-hold_trial-0.1,9,1,hold_trial-0.1,hold_trial,0.1,2,32.52400000000034,1,1000,1,100.0,1.0,48.0,1,1,1,1,1,1,1,1,False,1,1,0,1,1,0,hold,True
s09-r1-hold_trial-0.1,9,1,hold_trial-0.1,hold_trial,0.1,3,40.96799999999985,2,1000,1,100.0,1.0,48.0,2,1,2,1,2,1,2,1,False,1,1,0,1,1,0,hold,True
s09-r1-hold_trial-0.1,9,1,hold_trial-0.1,hold_trial,0.1,4,64.5600000000004,2,1000,1,100.0,1.0,48.0,2,1,2,1,2,1,2,1,False,1,1,0,1,1,0,hold,True
s09-r1-hold_trial-0.1,9,1,hold_trial-0.1,hold_trial,0.1,5,80.17600000000039,1,1000,1,100.0,1.0,48.0,1,1,1,1,1,1,1,1,False,1,1,0,1,1,0,hold,True
s09-r1-hold_trial-0.1,9,1,hold_trial-0.1,hold_trial,0.1,6,87.75600000000031,1,1000,1,100.0,1.0,48.0,1,1,1,1,1,1,1,1,False,1,1,0,1,1,0,hold,True
s09-r1-hold_trial-0.1,9,1,hold_trial-0.1,hold_trial,0.1,7,95.64400000000025,1,1000,1,100.0,1.0,48.0,1,1,1,1,1,1,1,1,False,1,1,0,1,1,0,hold,True
s09-r1-hold_trial-0.1,9,1,hold_trial-0.1,hold_trial,0.1,8,111.28799999999956,2,1000,1,100.0,1.0,48.0,2,1,2,1,2,1,2,1,False,1,1,0,1,1,0,hold,True
s09-r1-hold_trial-0.1,9,1,hold_trial-0.1,hold_trial,0.1,9,119.76800000000004,2,1000,1,100.0,1.0,48.0,2,1,2,1,2,1,2,1,False,1,1,0,1,1,0,hold,True
s09-r1-hold_trial-0.1,9,1,hold_trial-0.1,hold_trial,0.1,10,127.80000000000018,1,1000,1,100.0,1.0,48.0,1,1,1,1,1,1,1,1,False,1,1,0,1,1,0,hold,True
s09-r1-hold_trial-0.1,9,1,hold_trial-0.1,hold_trial,0.1,11,136.0640000000003,1,1000,1,100.0,1.0,48.0,1,1,1,1,1,1,1,1,False,1,1,0,1,1,0,hold,True
s09-r1-hold_trial-0.1,9,1,hold_trial-0.1,hold_trial,0.1,12,152.47199999999975,1,1000,1,100.0,1.0,48.0,1,1,1,1,1,1,1,1,False,1,1,0,1,1,0,hold,True
s09-r1-hold_trial-0.1,9,1,hold_trial-0.1,hold_trial,0.1,13,160.7520000000004,2,1000,1,100.0,1.0,48.0,2,1,2,1,2,1,2,1,False,1,1,0,1,1,0,hold,True
s09-r1-hold_trial-0.1,9,1,hold_trial-0.1,hold_trial,0.1,14,192.65599999999995,1,1000,1,100.0,1.0,48.0,1,1,1,1,1,1,1,1,False,1,1,0,1,1,0,hold,True
s09-r1-hold_trial-0.1,9,1,hold_trial-0.1,hold_trial,0.1,15,216.9319999999998,2,1000,1,100.0,1.0,48.0,2,1,2,1,2,1,2,1,False,1,1,0,1,1,0,hold,True
s09-r1-hold_trial-0.1,9,1,hold_trial-0.1,hold_trial,0.1,16,241.22000000000023,2,1000,1,100.0,1.0,48.0,2,1,2,1,2,1,2,1,False,1,1,0,1,1,0,hold,True
s09-r1-hold_trial-0.1,9,1,hold_trial-0.1,hold_trial,0.1,17,249.6480000000001,1,1000,1,100.0,1.0,48.0,1,1,1,1,1,1,1,1,False,1,1,0,1,1,0,hold,True
s09-r1-hold_trial-0.1,9,1,hold_trial-0.1,hold_trial,0.1,18,258.0159999999996,2,1000,1,100.0,1.0,48.0,2,1,2,1,2,1,2,1,False,1,1,0,1,1,0,hold,True
s09-r1-hold_trial-0.1,9,1,hold_trial-0.1,hold_trial,0.1,19,306.6279999999997,1,1000,1,100.0,1.0,48.0,1,1,1,1,1,1,1,1,False,1,1,0,1,1,0,hold,True
s09-r1-hold_trial-0.1,9,1,hold_trial-0.1,hold_trial,0.1,20,322.65200000000004,2,1000,1,100.0,1.0,48.0,2,1,2,1,2,1,2,1,False,1,1,0,1,1,0,hold,True
s09-r1-hold_trial-0.1,9,1,hold_trial-0.1,hold_trial,0.1,21,338.52400000000034,2,1000,1,100.0,1.0,48.0,2,1,2,1,2,1,2,1,False,1,1,0,1,1,0,hold,True
s09-r1-hold_trial-0.1,9,1,hold_trial-0.1,hold_trial,0.1,22,362.3360000000002,2,1000,1,100.0,1.0,48.0,2,1,2,1,2,1,2,1,False,1,1,0,1,1,0,hold,True
s09-r1-hold_trial-0.1,9,1,hold_trial-0.1,hold_trial,0.1,23,379.02800000000025,1,1000,1,100.0,1.0,48.0,1,1,1,1,1,1,1,1,False,1,1,0,1,1,0,hold,True
s09-r1-hold_trial-0.25,9,1,hold_trial-0.25,hold_trial,0.25,0,16.684000000000196,2,1000,1,250.0,1.0,48.0,2,1,2,1,2,1,2,1,False,1,1,0,1,1,0,hold,True
s09-r1-hold_trial-0.25,9,1,hold_trial-0.25,hold_trial,0.25,1,24.49200000000019,1,1000,1,250.0,1.0,48.0,1,1,1,1,1,1,2,1,False,1,1,0,1,0,1,hold,True
s09-r1-hold_trial-0.25,9,1,hold_trial-0.25,hold_trial,0.25,2,32.52400000000034,1,1000,1,250.0,1.0,48.0,1,1,1,1,1,1,1,1,False,1,1,0,1,1,0,hold,True
s09-r1-hold_trial-0.25,9,1,hold_trial-0.25,hold_trial,0.25,3,40.96799999999985,2,1000,1,250.0,1.0,48.0,2,1,2,1,2,1,2,1,False,1,1,0,1,1,0,hold,True
s09-r1-hold_trial-0.25,9,1,hold_trial-0.25,hold_trial,0.25,4,64.5600000000004,2,1000,1,250.0,1.0,48.0,2,1,2,1,2,1,2,1,False,1,1,0,1,1,0,hold,True
s09-r1-hold_trial-0.25,9,1,hold_trial-0.25,hold_trial,0.25,5,80.17600000000039,1,1000,1,250.0,1.0,48.0,1,1,1,1,1,1,1,1,False,1,1,0,1,1,0,hold,True
s09-r1-hold_trial-0.25,9,1,hold_trial-0.25,hold_trial,0.25,6,87.75600000000031,1,1000,1,250.0,1.0,48.0,1,1,1,1,1,1,1,1,False,1,1,0,1,1,0,hold,True
s09-r1-hold_trial-0.25,9,1,hold_trial-0.25,hold_trial,0.25,7,95.64400000000025,1,1000,1,250.0,1.0,48.0,1,1,1,1,1,1,1,1,False,1,1,0,1,1,0,hold,True
s09-r1-hold_trial-0.25,9,1,hold_trial-0.25,hold_trial,0.25,8,111.28799999999956,2,1000,1,250.0,1.0,48.0,2,1,2,1,2,1,2,1,False,1,1,0,1,1,0,hold,True
s09-r1-hold_trial-0.25,9,1,hold_trial-0.25,hold_trial,0.25,9,119.76800000000004,2,1000,1,250.0,1.0,48.0,2,1,2,1,2,1,2,1,False,1,1,0,1,1,0,hold,True
s09-r1-hold_trial-0.25,9,1,hold_trial-0.25,hold_trial,0.25,10,127.80000000000018,1,1000,1,250.0,1.0,48.0,1,1,1,1,1,1,1,1,False,1,1,0,1,1,0,hold,True
s09-r1-hold_trial-0.25,9,1,hold_trial-0.25,hold_trial,0.25,11,136.0640000000003,1,1000,1,250.0,1.0,48.0,1,1,1,1,1,1,1,1,False,1,1,0,1,1,0,hold,True
s09-r1-hold_trial-0.25,9,1,hold_trial-0.25,hold_trial,0.25,12,152.47199999999975,1,1000,1,250.0,1.0,48.0,1,1,1,1,1,1,1,1,False,1,1,0,1,1,0,hold,True
s09-r1-hold_trial-0.25,9,1,hold_trial-0.25,hold_trial,0.25,13,160.7520000000004,2,1000,1,250.0,1.0,48.0,2,1,2,1,2,1,2,1,False,1,1,0,1,1,0,hold,True
s09-r1-hold_trial-0.25,9,1,hold_trial-0.25,hold_trial,0.25,14,192.65599999999995,1,1000,1,250.0,1.0,48.0,1,1,1,1,1,1,1,1,False,1,1,0,1,1,0,hold,True
s09-r1-hold_trial-0.25,9,1,hold_trial-0.25,hold_trial,0.25,15,216.9319999999998,2,1000,1,250.0,1.0,48.0,2,1,2,1,2,1,2,1,False,1,1,0,1,1,0,hold,True
s09-r1-hold_trial-0.25,9,1,hold_trial-0.25,hold_trial,0.25,16,241.22000000000023,2,1000,1,250.0,1.0,48.0,2,1,2,1,2,1,2,1,False,1,1,0,1,1,0,hold,True
s09-r1-hold_trial-0.25,9,1,hold_trial-0.25,hold_trial,0.25,17,249.6480000000001,1,1000,1,250.0,1.0,48.0,1,1,1,1,1,1,1,1,False,1,1,0,1,1,0,hold,True
s09-r1-hold_trial-0.25,9,1,hold_trial-0.25,hold_trial,0.25,18,258.0159999999996,2,1000,1,250.0,1.0,48.0,2,1,2,1,2,1,2,1,False,1,1,0,1,1,0,hold,True
s09-r1-hold_trial-0.25,9,1,hold_trial-0.25,hold_trial,0.25,19,306.6279999999997,1,1000,1,250.0,1.0,48.0,1,1,1,1,1,1,1,1,False,1,1,0,1,1,0,hold,True
s09-r1-hold_trial-0.25,9,1,hold_trial-0.25,hold_trial,0.25,20,322.65200000000004,2,1000,1,250.0,1.0,48.0,2,1,2,1,2,1,2,1,False,1,1,0,1,1,0,hold,True
s09-r1-hold_trial-0.25,9,1,hold_trial-0.25,hold_trial,0.25,21,338.52400000000034,2,1000,1,250.0,1.0,48.0,2,1,2,1,2,1,2,1,False,1,1,0,1,1,0,hold,True
s09-r1-hold_trial-0.25,9,1,hold_trial-0.25,hold_trial,0.25,22,362.3360000000002,2,1000,1,250.0,1.0,48.0,2,1,2,1,2,1,2,1,False,1,1,0,1,1,0,hold,True
s09-r1-hold_trial-0.25,9,1,hold_trial-0.25,hold_trial,0.25,23,379.02800000000025,1,1000,1,250.0,1.0,48.0,1,1,1,1,1,1,1,1,False,1,1,0,1,1,0,hold,True
s09-r1-hold_trial-0.4,9,1,hold_trial-0.4,hold_trial,0.4,0,16.684000000000196,2,1000,1,400.0,1.0,48.0,2,1,2,1,1,1,2,1,False,1,1,0,0,1,1,hold,True
s09-r1-hold_trial-0.4,9,1,hold_trial-0.4,hold_trial,0.4,1,24.49200000000019,1,1000,1,400.0,1.0,48.0,1,1,1,1,1,1,2,1,False,1,1,0,1,0,1,hold,True
s09-r1-hold_trial-0.4,9,1,hold_trial-0.4,hold_trial,0.4,2,32.52400000000034,1,1000,1,400.0,1.0,48.0,1,1,1,1,2,1,1,1,False,1,1,0,0,1,1,hold,True
s09-r1-hold_trial-0.4,9,1,hold_trial-0.4,hold_trial,0.4,3,40.96799999999985,2,1000,1,400.0,1.0,48.0,2,1,2,1,2,1,2,1,False,1,1,0,1,1,0,hold,True
s09-r1-hold_trial-0.4,9,1,hold_trial-0.4,hold_trial,0.4,4,64.5600000000004,2,1000,1,400.0,1.0,48.0,2,1,2,1,2,1,2,1,False,1,1,0,1,1,0,hold,True
s09-r1-hold_trial-0.4,9,1,hold_trial-0.4,hold_trial,0.4,5,80.17600000000039,1,1000,1,400.0,1.0,48.0,1,1,1,1,1,1,1,1,False,1,1,0,1,1,0,hold,True
s09-r1-hold_trial-0.4,9,1,hold_trial-0.4,hold_trial,0.4,6,87.75600000000031,1,1000,1,400.0,1.0,48.0,1,1,1,1,1,1,1,1,False,1,1,0,1,1,0,hold,True
s09-r1-hold_trial-0.4,9,1,hold_trial-0.4,hold_trial,0.4,7,95.64400000000025,1,1000,1,400.0,1.0,48.0,1,1,1,1,1,1,1,1,False,1,1,0,1,1,0,hold,True
s09-r1-hold_trial-0.4,9,1,hold_trial-0.4,hold_trial,0.4,8,111.28799999999956,2,1000,1,400.0,1.0,48.0,2,1,2,1,2,1,2,1,False,1,1,0,1,1,0,hold,True
s09-r1-hold_trial-0.4,9,1,hold_trial-0.4,hold_trial,0.4,9,119.76800000000004,2,1000,1,400.0,1.0,48.0,2,1,2,1,2,1,2,1,False,1,1,0,1,1,0,hold,True
s09-r1-hold_trial-0.4,9,1,hold_trial-0.4,hold_trial,0.4,10,127.80000000000018,1,1000,1,400.0,1.0,48.0,1,1,1,1,1,1,1,1,False,1,1,0,1,1,0,hold,True
s09-r1-hold_trial-0.4,9,1,hold_trial-0.4,hold_trial,0.4,11,136.0640000000003,1,1000,1,400.0,1.0,48.0,1,1,1,1,1,1,1,1,False,1,1,0,1,1,0,hold,True
s09-r1-hold_trial-0.4,9,1,hold_trial-0.4,hold_trial,0.4,12,152.47199999999975,1,1000,1,400.0,1.0,48.0,1,1,1,1,1,1,1,1,False,1,1,0,1,1,0,hold,True
s09-r1-hold_trial-0.4,9,1,hold_trial-0.4,hold_trial,0.4,13,160.7520000000004,2,1000,1,400.0,1.0,48.0,2,1,2,1,1,1,2,1,False,1,1,0,0,1,1,hold,True
s09-r1-hold_trial-0.4,9,1,hold_trial-0.4,hold_trial,0.4,14,192.65599999999995,1,1000,1,400.0,1.0,48.0,1,1,1,1,1,1,1,1,False,1,1,0,1,1,0,hold,True
s09-r1-hold_trial-0.4,9,1,hold_trial-0.4,hold_trial,0.4,15,216.9319999999998,2,1000,1,400.0,1.0,48.0,2,1,2,1,2,1,2,1,False,1,1,0,1,1,0,hold,True
s09-r1-hold_trial-0.4,9,1,hold_trial-0.4,hold_trial,0.4,16,241.22000000000023,2,1000,1,400.0,1.0,48.0,2,1,2,1,1,1,2,1,False,1,1,0,0,1,1,hold,True
s09-r1-hold_trial-0.4,9,1,hold_trial-0.4,hold_trial,0.4,17,249.6480000000001,1,1000,1,400.0,1.0,48.0,1,1,1,1,2,1,1,1,False,1,1,0,0,1,1,hold,True
s09-r1-hold_trial-0.4,9,1,hold_trial-0.4,hold_trial,0.4,18,258.0159999999996,2,1000,1,400.0,1.0,48.0,2,1,2,1,1,1,2,1,False,1,1,0,0,1,1,hold,True
s09-r1-hold_trial-0.4,9,1,hold_trial-0.4,hold_trial,0.4,19,306.6279999999997,1,1000,1,400.0,1.0,48.0,1,1,1,1,1,1,1,1,False,1,1,0,1,1,0,hold,True
s09-r1-hold_trial-0.4,9,1,hold_trial-0.4,hold_trial,0.4,20,322.65200000000004,2,1000,1,400.0,1.0,48.0,2,1,2,1,2,1,2,1,False,1,1,0,1,1,0,hold,True
s09-r1-hold_trial-0.4,9,1,hold_trial-0.4,hold_trial,0.4,21,338.52400000000034,2,1000,1,400.0,1.0,48.0,2,1,2,1,2,1,2,1,False,1,1,0,1,1,0,hold,True
s09-r1-hold_trial-0.4,9,1,hold_trial-0.4,hold_trial,0.4,22,362.3360000000002,2,1000,1,400.0,1.0,48.0,2,1,2,1,2,1,2,1,False,1,1,0,1,1,0,hold,True
s09-r1-hold_trial-0.4,9,1,hold_trial-0.4,hold_trial,0.4,23,379.02800000000025,1,1000,1,400.0,1.0,48.0,1,1,1,1,1,1,1,1,False,1,1,0,1,1,0,hold,True
s09-r2-hold_trial-0.1,9,2,hold_trial-0.1,hold_trial,0.1,0,1.0,1,1000,1,100.0,1.0,48.0,1,1,1,1,1,1,1,1,False,1,1,0,1,1,0,hold,True
s09-r2-hold_trial-0.1,9,2,hold_trial-0.1,hold_trial,0.1,1,9.012000000000626,1,1000,1,100.0,1.0,48.0,1,1,1,1,1,1,1,1,False,1,1,0,1,1,0,hold,True
s09-r2-hold_trial-0.1,9,2,hold_trial-0.1,hold_trial,0.1,2,24.49200000000019,2,1000,1,100.0,1.0,48.0,2,1,2,1,2,1,2,1,False,1,1,0,1,1,0,hold,True
s09-r2-hold_trial-0.1,9,2,hold_trial-0.1,hold_trial,0.1,3,32.52399999999943,1,1000,1,100.0,1.0,48.0,1,1,1,1,1,1,1,1,False,1,1,0,1,1,0,hold,True
s09-r2-hold_trial-0.1,9,2,hold_trial-0.1,hold_trial,0.1,4,48.63600000000042,1,1000,1,100.0,1.0,48.0,1,1,1,1,1,1,1,1,False,1,1,0,1,1,0,hold,True
s09-r2-hold_trial-0.1,9,2,hold_trial-0.1,hold_trial,0.1,5,64.55999999999949,2,1000,1,100.0,1.0,48.0,2,1,2,1,2,1,2,1,False,1,1,0,1,1,0,hold,True
s09-r2-hold_trial-0.1,9,2,hold_trial-0.1,hold_trial,0.1,6,80.17599999999948,1,1000,1,100.0,1.0,48.0,1,1,1,1,1,1,1,1,False,1,1,0,1,1,0,hold,True
s09-r2-hold_trial-0.1,9,2,hold_trial-0.1,hold_trial,0.1,7,103.42000000000009,1,1000,1,100.0,1.0,48.0,1,1,1,1,1,1,1,1,False,1,1,0,1,1,0,hold,True
s09-r2-hold_trial-0.1,9,2,hold_trial-0.1,hold_trial,0.1,8,119.76800000000004,2,1000,1,100.0,1.0,48.0,2,1,2,1,2,1,2,1,False,1,1,0,1,1,0,hold,True
s09-r2-hold_trial-0.1,9,2,hold_trial-0.1,hold_trial,0.1,9,160.7520000000004,1,1000,1,100.0,1.0,48.0,1,1,1,1,1,1,1,1,False,1,1,0,1,1,0,hold,True
s09-r2-hold_trial-0.1,9,2,hold_trial-0.1,hold_trial,0.1,10,176.71999999999937,2,1000,1,100.0,1.0,48.0,2,1,2,1,2,1,2,1,False,1,1,0,1,1,0,hold,True
s09-r2-hold_trial-0.1,9,2,hold_trial-0.1,hold_trial,0.1,11,192.6560000000009,2,1000,1,100.0,1.0,48.0,1,1,1,1,2,1,2,1,False,0,0,0,1,1,0,hold,True
s09-r2-hold_trial-0.1,9,2,hold_trial-0.1,hold_trial,0.1,12,200.5,1,1000,1,100.0,1.0,48.0,1,1,1,1,1,1,1,1,False,1,1,0,1,1,0,hold,True
s09-r2-hold_trial-0.1,9,2,hold_trial-0.1,hold_trial,0.1,13,216.9320000000007,2,1000,1,100.0,1.0,48.0,2,1,2,1,2,1,2,1,False,1,1,0,1,1,0,hold,True
s09-r2-hold_trial-0.1,9,2,hold_trial-0.1,hold_trial,0.1,14,224.83200000000036,1,1000,1,100.0,1.0,48.0,1,1,1,1,1,1,1,1,False,1,1,0,1,1,0,hold,True
s09-r2-hold_trial-0.1,9,2,hold_trial-0.1,hold_trial,0.1,15,249.64799999999923,1,1000,1,100.0,1.0,48.0,2,1,2,1,1,1,1,1,False,0,0,0,1,1,0,hold,True
s09-r2-hold_trial-0.1,9,2,hold_trial-0.1,hold_trial,0.1,16,282.8079999999991,2,1000,1,100.0,1.0,48.0,2,1,2,1,2,1,2,1,False,1,1,0,1,1,0,hold,True
s09-r2-hold_trial-0.1,9,2,hold_trial-0.1,hold_trial,0.1,17,290.88800000000083,1,1000,1,100.0,1.0,48.0,1,1,1,1,1,1,2,1,False,1,1,0,1,0,1,hold,True
s09-r2-hold_trial-0.1,9,2,hold_trial-0.1,hold_trial,0.1,18,298.77599999999984,2,1000,1,100.0,1.0,48.0,2,1,2,1,2,1,2,1,False,1,1,0,1,1,0,hold,True
s09-r2-hold_trial-0.1,9,2,hold_trial-0.1,hold_trial,0.1,19,314.3279999999995,2,1000,1,100.0,1.0,48.0,2,1,2,1,2,1,2,1,False,1,1,0,1,1,0,hold,True
s09-r2-hold_trial-0.1,9,2,hold_trial-0.1,hold_trial,0.1,20,338.52399999999943,2,1000,1,100.0,1.0,48.0,2,1,2,1,2,1,2,1,False,1,1,0,1,1,0,hold,True
s09-r2-hold_trial-0.1,9,2,hold_trial-0.1,hold_trial,0.1,21,347.0,2,1000,1,100.0,1.0,48.0,2,1,2,1,2,1,2,1,False,1,1,0,1,1,0,hold,True
s09-r2-hold_trial-0.1,9,2,hold_trial-0.1,hold_trial,0.1,22,354.6239999999998,2,1000,1,100.0,1.0,48.0,2,1,2,1,2,1,2,1,False,1,1,0,1,1,0,hold,True
s09-r2-hold_trial-0.1,9,2,hold_trial-0.1,hold_trial,0.1,23,379.02800000000025,1,1000,1,100.0,1.0,48.0,1,1,1,1,1,1,1,1,False,1,1,0,1,1,0,hold,True
s09-r2-hold_trial-0.25,9,2,hold_trial-0.25,hold_trial,0.25,0,1.0,1,1000,1,250.0,1.0,48.0,1,1,1,1,1,1,1,1,False,1,1,0,1,1,0,hold,True
s09-r2-hold_trial-0.25,9,2,hold_trial-0.25,hold_trial,0.25,1,9.012000000000626,1,1000,1,250.0,1.0,48.0,1,1,1,1,1,1,1,1,False,1,1,0,1,1,0,hold,True
s09-r2-hold_trial-0.25,9,2,hold_trial-0.25,hold_trial,0.25,2,24.49200000000019,2,1000,1,250.0,1.0,48.0,2,1,2,1,2,1,2,1,False,1,1,0,1,1,0,hold,True
s09-r2-hold_trial-0.25,9,2,hold_trial-0.25,hold_trial,0.25,3,32.52399999999943,1,1000,1,250.0,1.0,48.0,1,1,1,1,1,1,1,1,False,1,1,0,1,1,0,hold,True
s09-r2-hold_trial-0.25,9,2,hold_trial-0.25,hold_trial,0.25,4,48.63600000000042,1,1000,1,250.0,1.0,48.0,1,1,1,1,2,1,1,1,False,1,1,0,0,1,1,hold,True
s09-r2-hold_trial-0.25,9,2,hold_trial-0.25,hold_trial,0.25,5,64.55999999999949,2,1000,1,250.0,1.0,48.0,2,1,2,1,2,1,2,1,False,1,1,0,1,1,0,hold,True
s09-r2-hold_trial-0.25,9,2,hold_trial-0.25,hold_trial,0.25,6,80.17599999999948,1,1000,1,250.0,1.0,48.0,1,1,1,1,1,1,1,1,False,1,1,0,1,1,0,hold,True
s09-r2-hold_trial-0.25,9,2,hold_trial-0.25,hold_trial,0.25,7,103.42000000000009,1,1000,1,250.0,1.0,48.0,1,1,1,1,1,1,1,1,False,1,1,0,1,1,0,hold,True
s09-r2-hold_trial-0.25,9,2,hold_trial-0.25,hold_trial,0.25,8,119.76800000000004,2,1000,1,250.0,1.0,48.0,2,1,2,1,2,1,2,1,False,1,1,0,1,1,0,hold,True
s09-r2-hold_trial-0.25,9,2,hold_trial-0.25,hold_trial,0.25,9,160.7520000000004,1,1000,1,250.0,1.0,48.0,2,1,1,1,1,1,1,1,False,0,1,1,1,1,0,hold,True
s09-r2-hold_trial-0.25,9,2,hold_trial-0.25,hold_trial,0.25,10,176.71999999999937,2,1000,1,250.0,1.0,48.0,2,1,2,1,2,1,2,1,False,1,1,0,1,1,0,hold,True
s09-r2-hold_trial-0.25,9,2,hold_trial-0.25,hold_trial,0.25,11,192.6560000000009,2,1000,1,250.0,1.0,48.0,2,1,1,1,2,1,2,1,False,1,0,1,1,1,0,hold,True
s09-r2-hold_trial-0.25,9,2,hold_trial-0.25,hold_trial,0.25,12,200.5,1,1000,1,250.0,1.0,48.0,1,1,1,1,1,1,1,1,False,1,1,0,1,1,0,hold,True
s09-r2-hold_trial-0.25,9,2,hold_trial-0.25,hold_trial,0.25,13,216.9320000000007,2,1000,1,250.0,1.0,48.0,2,1,2,1,2,1,2,1,False,1,1,0,1,1,0,hold,True
s09-r2-hold_trial-0.25,9,2,hold_trial-0.25,hold_trial,0.25,14,224.83200000000036,1,1000,1,250.0,1.0,48.0,1,1,1,1,1,1,1,1,False,1,1,0,1,1,0,hold,True
s09-r2-hold_trial-0.25,9,2,hold_trial-0.25,hold_trial,0.25,15,249.64799999999923,1,1000,1,250.0,1.0,48.0,2,1,2,1,1,1,1,1,False,0,0,0,1,1,0,hold,True
s09-r2-hold_trial-0.25,9,2,hold_trial-0.25,hold_trial,0.25,16,282.8079999999991,2,1000,1,250.0,1.0,48.0,2,1,2,1,2,1,2,1,False,1,1,0,1,1,0,hold,True
s09-r2-hold_trial-0.25,9,2,hold_trial-0.25,hold_trial,0.25,17,290.88800000000083,1,1000,1,250.0,1.0,48.0,2,1,1,1,1,1,2,1,False,0,1,1,1,0,1,hold,True
s09-r2-hold_trial-0.25,9,2,hold_trial-0.25,hold_trial,0.25,18,298.77599999999984,2,1000,1,250.0,1.0,48.0,1,1,2,1,1,1,2,1,False,0,1,1,0,1,1,hold,True
s09-r2-hold_trial-0.25,9,2,hold_trial-0.25,hold_trial,0.25,19,314.3279999999995,2,1000,1,250.0,1.0,48.0,2,1,2,1,2,1,2,1,False,1,1,0,1,1,0,hold,True
s09-r2-hold_trial-0.25,9,2,hold_trial-0.25,hold_trial,0.25,20,338.52399999999943,2,1000,1,250.0,1.0,48.0,2,1,2,1,2,1,2,1,False,1,1,0,1,1,0,hold,True
s09-r2-hold_trial-0.25,9,2,hold_trial-0.25,hold_trial,0.25,21,347.0,2,1000,1,250.0,1.0,48.0,2,1,2,1,2,1,2,1,False,1,1,0,1,1,0,hold,True
s09-r2-hold_trial-0.25,9,2,hold_trial-0.25,hold_trial,0.25,22,354.6239999999998,2,1000,1,250.0,1.0,48.0,2,1,2,1,2,1,2,1,False,1,1,0,1,1,0,hold,True
s09-r2-hold_trial-0.25,9,2,hold_trial-0.25,hold_trial,0.25,23,379.02800000000025,1,1000,1,250.0,1.0,48.0,1,1,1,1,1,1,1,1,False,1,1,0,1,1,0,hold,True
s09-r2-hold_trial-0.4,9,2,hold_trial-0.4,hold_trial,0.4,0,1.0,1,1000,1,400.0,1.0,48.0,1,1,1,1,1,1,1,1,False,1,1,0,1,1,0,hold,True
s09-r2-hold_trial-0.4,9,2,hold_trial-0.4,hold_trial,0.4,1,9.012000000000626,1,1000,1,400.0,1.0,48.0,1,1,1,1,1,1,1,1,False,1,1,0,1,1,0,hold,True
s09-r2-hold_trial-0.4,9,2,hold_trial-0.4,hold_trial,0.4,2,24.49200000000019,2,1000,1,400.0,1.0,48.0,2,1,2,1,2,1,2,1,False,1,1,0,1,1,0,hold,True
s09-r2-hold_trial-0.4,9,2,hold_trial-0.4,hold_trial,0.4,3,32.52399999999943,1,1000,1,400.0,1.0,48.0,1,1,1,1,1,1,1,1,False,1,1,0,1,1,0,hold,True
s09-r2-hold_trial-0.4,9,2,hold_trial-0.4,hold_trial,0.4,4,48.63600000000042,1,1000,1,400.0,1.0,48.0,1,1,1,1,1,1,1,1,False,1,1,0,1,1,0,hold,True
s09-r2-hold_trial-0.4,9,2,hold_trial-0.4,hold_trial,0.4,5,64.55999999999949,2,1000,1,400.0,1.0,48.0,2,1,2,1,2,1,2,1,False,1,1,0,1,1,0,hold,True
s09-r2-hold_trial-0.4,9,2,hold_trial-0.4,hold_trial,0.4,6,80.17599999999948,1,1000,1,400.0,1.0,48.0,1,1,1,1,1,1,1,1,False,1,1,0,1,1,0,hold,True
s09-r2-hold_trial-0.4,9,2,hold_trial-0.4,hold_trial,0.4,7,103.42000000000009,1,1000,1,400.0,1.0,48.0,1,1,1,1,2,1,1,1,False,1,1,0,0,1,1,hold,True
s09-r2-hold_trial-0.4,9,2,hold_trial-0.4,hold_trial,0.4,8,119.76800000000004,2,1000,1,400.0,1.0,48.0,2,1,2,1,2,1,2,1,False,1,1,0,1,1,0,hold,True
s09-r2-hold_trial-0.4,9,2,hold_trial-0.4,hold_trial,0.4,9,160.7520000000004,1,1000,1,400.0,1.0,48.0,1,1,1,1,1,1,1,1,False,1,1,0,1,1,0,hold,True
s09-r2-hold_trial-0.4,9,2,hold_trial-0.4,hold_trial,0.4,10,176.71999999999937,2,1000,1,400.0,1.0,48.0,2,1,2,1,1,1,2,1,False,1,1,0,0,1,1,hold,True
s09-r2-hold_trial-0.4,9,2,hold_trial-0.4,hold_trial,0.4,11,192.6560000000009,2,1000,1,400.0,1.0,48.0,1,1,1,1,1,1,2,1,False,0,0,0,0,1,1,hold,True
s09-r2-hold_trial-0.4,9,2,hold_trial-0.4,hold_trial,0.4,12,200.5,1,1000,1,400.0,1.0,48.0,1,1,1,1,1,1,1,1,False,1,1,0,1,1,0,hold,True
s09-r2-hold_trial-0.4,9,2,hold_trial-0.4,hold_trial,0.4,13,216.9320000000007,2,1000,1,400.0,1.0,48.0,2,1,2,1,2,1,2,1,False,1,1,0,1,1,0,hold,True
s09-r2-hold_trial-0.4,9,2,hold_trial-0.4,hold_trial,0.4,14,224.83200000000036,1,1000,1,400.0,1.0,48.0,1,1,1,1,1,1,1,1,False,1,1,0,1,1,0,hold,True
s09-r2-hold_trial-0.4,9,2,hold_trial-0.4,hold_trial,0.4,15,249.64799999999923,1,1000,1,400.0,1.0,48.0,1,1,2,1,1,1,1,1,False,1,0,1,1,1,0,hold,True
s09-r2-hold_trial-0.4,9,2,hold_trial-0.4,hold_trial,0.4,16,282.8079999999991,2,1000,1,400.0,1.0,48.0,2,1,2,1,2,1,2,1,False,1,1,0,1,1,0,hold,True
s09-r2-hold_trial-0.4,9,2,hold_trial-0.4,hold_trial,0.4,17,290.88800000000083,1,1000,1,400.0,1.0,48.0,2,1,1,1,1,1,2,1,False,0,1,1,1,0,1,hold,True
s09-r2-hold_trial-0.4,9,2,hold_trial-0.4,hold_trial,0.4,18,298.77599999999984,2,1000,1,400.0,1.0,48.0,2,1,2,1,2,1,2,1,False,1,1,0,1,1,0,hold,True
s09-r2-hold_trial-0.4,9,2,hold_trial-0.4,hold_trial,0.4,19,314.3279999999995,2,1000,1,400.0,1.0,48.0,2,1,2,1,2,1,2,1,False,1,1,0,1,1,0,hold,True
s09-r2-hold_trial-0.4,9,2,hold_trial-0.4,hold_trial,0.4,20,338.52399999999943,2,1000,1,400.0,1.0,48.0,2,1,2,1,2,1,2,1,False,1,1,0,1,1,0,hold,True
s09-r2-hold_trial-0.4,9,2,hold_trial-0.4,hold_trial,0.4,21,347.0,2,1000,1,400.0,1.0,48.0,2,1,2,1,2,1,2,1,False,1,1,0,1,1,0,hold,True
s09-r2-hold_trial-0.4,9,2,hold_trial-0.4,hold_trial,0.4,22,354.6239999999998,2,1000,1,400.0,1.0,48.0,2,1,2,1,1,1,2,1,False,1,1,0,0,1,1,hold,True
s09-r2-hold_trial-0.4,9,2,hold_trial-0.4,hold_trial,0.4,23,379.02800000000025,1,1000,1,400.0,1.0,48.0,1,1,1,1,1,1,1,1,False,1,1,0,1,1,0,hold,True
s09-r3-hold_trial-0.1,9,3,hold_trial-0.1,hold_trial,0.1,0,1.0,2,1000,1,100.0,1.0,48.0,1,1,1,1,2,1,1,1,False,0,0,0,1,0,1,hold,True
s09-r3-hold_trial-0.1,9,3,hold_trial-0.1,hold_trial,0.1,1,16.683999999999287,1,1000,1,100.0,1.0,48.0,1,1,1,1,2,1,1,1,False,1,1,0,0,1,1,hold,True
s09-r3-hold_trial-0.1,9,3,hold_trial-0.1,hold_trial,0.1,2,48.63600000000042,1,1000,1,100.0,1.0,48.0,1,1,1,1,1,1,1,1,False,1,1,0,1,1,0,hold,True
s09-r3-hold_trial-0.1,9,3,hold_trial-0.1,hold_trial,0.1,3,56.83599999999933,1,1000,1,100.0,1.0,48.0,1,1,1,1,1,1,1,1,False,1,1,0,1,1,0,hold,True
s09-r3-hold_trial-0.1,9,3,hold_trial-0.1,hold_trial,0.1,4,72.55199999999968,2,1000,1,100.0,1.0,48.0,2,1,2,1,2,1,2,1,False,1,1,0,1,1,0,hold,True
s09-r3-hold_trial-0.1,9,3,hold_trial-0.1,hold_trial,0.1,5,103.42000000000009,2,1000,1,100.0,1.0,48.0,1,1,1,1,2,1,2,1,False,0,0,0,1,1,0,hold,True
s09-r3-hold_trial-0.1,9,3,hold_trial-0.1,hold_trial,0.1,6,111.28800000000048,1,1000,1,100.0,1.0,48.0,1,1,1,1,1,1,1,1,False,1,1,0,1,1,0,hold,True
s09-r3-hold_trial-0.1,9,3,hold_trial-0.1,hold_trial,0.1,7,127.79999999999929,2,1000,1,100.0,1.0,48.0,1,1,1,1,1,1,2,1,False,0,0,0,0,1,1,hold,True
s09-r3-hold_trial-0.1,9,3,hold_trial-0.1,hold_trial,0.1,8,144.20800000000054,1,1000,1,100.0,1.0,48.0,1,1,1,1,2,1,2,1,False,1,1,0,0,0,0,hold,True
s09-r3-hold_trial-0.1,9,3,hold_trial-0.1,hold_trial,0.1,9,169.07200000000012,2,1000,1,100.0,1.0,48.0,2,1,2,1,2,1,2,1,False,1,1,0,1,1,0,hold,True
s09-r3-hold_trial-0.1,9,3,hold_trial-0.1,hold_trial,0.1,10,192.6560000000009,1,1000,1,100.0,1.0,48.0,1,1,1,1,1,1,1,1,False,1,1,0,1,1,0,hold,True
s09-r3-hold_trial-0.1,9,3,hold_trial-0.1,hold_trial,0.1,11,200.5,2,1000,1,100.0,1.0,48.0,2,1,2,1,2,1,2,1,False,1,1,0,1,1,0,hold,True
s09-r3-hold_trial-0.1,9,3,hold_trial-0.1,hold_trial,0.1,12,208.9159999999993,2,1000,1,100.0,1.0,48.0,2,1,2,1,2,1,2,1,False,1,1,0,1,1,0,hold,True
s09-r3-hold_trial-0.1,9,3,hold_trial-0.1,hold_trial,0.1,13,232.9359999999997,2,1000,1,100.0,1.0,48.0,2,1,2,1,2,1,2,1,False,1,1,0,1,1,0,hold,True
s09-r3-hold_trial-0.1,9,3,hold_trial-0.1,hold_trial,0.1,14,241.21999999999932,1,1000,1,100.0,1.0,48.0,1,1,1,1,1,1,1,1,False,1,1,0,1,1,0,hold,True
s09-r3-hold_trial-0.1,9,3,hold_trial-0.1,hold_trial,0.1,15,249.64799999999923,1,1000,1,100.0,1.0,48.0,1,1,1,1,1,1,1,1,False,1,1,0,1,1,0,hold,True
s09-r3-hold_trial-0.1,9,3,hold_trial-0.1,hold_trial,0.1,16,266.3799999999992,2,1000,1,100.0,1.0,48.0,2,1,2,1,2,1,2,1,False,1,1,0,1,1,0,hold,True
s09-r3-hold_trial-0.1,9,3,hold_trial-0.1,hold_trial,0.1,17,274.5519999999997,1,1000,1,100.0,1.0,48.0,1,1,1,1,2,1,2,1,False,1,1,0,0,0,0,hold,True
s09-r3-hold_trial-0.1,9,3,hold_trial-0.1,hold_trial,0.1,18,290.88800000000083,2,1000,1,100.0,1.0,48.0,2,1,2,1,2,1,2,1,False,1,1,0,1,1,0,hold,True
s09-r3-hold_trial-0.1,9,3,hold_trial-0.1,hold_trial,0.1,19,298.77599999999984,2,1000,1,100.0,1.0,48.0,2,1,2,1,2,1,2,1,False,1,1,0,1,1,0,hold,True
s09-r3-hold_trial-0.1,9,3,hold_trial-0.1,hold_trial,0.1,20,314.3279999999995,1,1000,1,100.0,1.0,48.0,1,1,1,1,1,1,1,1,False,1,1,0,1,1,0,hold,True
s09-r3-hold_trial-0.1,9,3,hold_trial-0.1,hold_trial,0.1,21,362.3359999999993,1,1000,1,100.0,1.0,48.0,1,1,1,1,1,1,1,1,False,1,1,0,1,1,0,hold,True
s09-r3-hold_trial-0.1,9,3,hold_trial-0.1,hold_trial,0.1,22,370.79199999999946,2,1000,1,100.0,1.0,48.0,2,1,2,1,2,1,2,1,False,1,1,0,1,1,0,hold,True
s09-r3-hold_trial-0.1,9,3,hold_trial-0.1,hold_trial,0.1,23,379.02800000000025,1,1000,1,100.0,1.0,48.0,1,1,1,1,1,1,1,1,False,1,1,0,1,1,0,hold,True
s09-r3-hold_trial-0.25,9,3,hold_trial-0.25,hold_trial,0.25,0,1.0,2,1000,1,250.0,1.0,48.0,1,1,1,1,1,1,1,1,False,0,0,0,0,0,0,hold,True
s09-r3-hold_trial-0.25,9,3,hold_trial-0.25,hold_trial,0.25,1,16.683999999999287,1,1000,1,250.0,1.0,48.0,1,1,1,1,2,1,1,1,False,1,1,0,0,1,1,hold,True
s09-r3-hold_trial-0.25,9,3,hold_trial-0.25,hold_trial,0.25,2,48.63600000000042,1,1000,1,250.0,1.0,48.0,1,1,1,1,1,1,1,1,False,1,1,0,1,1,0,hold,True
s09-r3-hold_trial-0.25,9,3,hold_trial-0.25,hold_trial,0.25,3,56.83599999999933,1,1000,1,250.0,1.0,48.0,1,1,1,1,1,1,1,1,False,1,1,0,1,1,0,hold,True
s09-r3-hold_trial-0.25,9,3,hold_trial-0.25,hold_trial,0.25,4,72.55199999999968,2,1000,1,250.0,1.0,48.0,2,1,2,1,2,1,2,1,False,1,1,0,1,1,0,hold,True
s09-r3-hold_trial-0.25,9,3,hold_trial-0.25,hold_trial,0.25,5,103.42000000000009,2,1000,1,250.0,1.0,48.0,1,1,1,1,2,1,2,1,False,0,0,0,1,1,0,hold,True
s09-r3-hold_trial-0.25,9,3,hold_trial-0.25,hold_trial,0.25,6,111.28800000000048,1,1000,1,250.0,1.0,48.0,1,1,1,1,1,1,1,1,False,1,1,0,1,1,0,hold,True
s09-r3-hold_trial-0.25,9,3,hold_trial-0.25,hold_trial,0.25,7,127.79999999999929,2,1000,1,250.0,1.0,48.0,1,1,1,1,2,1,2,1,False,0,0,0,1,1,0,hold,True
s09-r3-hold_trial-0.25,9,3,hold_trial-0.25,hold_trial,0.25,8,144.20800000000054,1,1000,1,250.0,1.0,48.0,1,1,1,1,2,1,2,1,False,1,1,0,0,0,0,hold,True
s09-r3-hold_trial-0.25,9,3,hold_trial-0.25,hold_trial,0.25,9,169.07200000000012,2,1000,1,250.0,1.0,48.0,2,1,2,1,2,1,2,1,False,1,1,0,1,1,0,hold,True
s09-r3-hold_trial-0.25,9,3,hold_trial-0.25,hold_trial,0.25,10,192.6560000000009,1,1000,1,250.0,1.0,48.0,1,1,1,1,1,1,1,1,False,1,1,0,1,1,0,hold,True
s09-r3-hold_trial-0.25,9,3,hold_trial-0.25,hold_trial,0.25,11,200.5,2,1000,1,250.0,1.0,48.0,2,1,2,1,2,1,2,1,False,1,1,0,1,1,0,hold,True
s09-r3-hold_trial-0.25,9,3,hold_trial-0.25,hold_trial,0.25,12,208.9159999999993,2,1000,1,250.0,1.0,48.0,2,1,2,1,2,1,2,1,False,1,1,0,1,1,0,hold,True
s09-r3-hold_trial-0.25,9,3,hold_trial-0.25,hold_trial,0.25,13,232.9359999999997,2,1000,1,250.0,1.0,48.0,2,1,2,1,2,1,2,1,False,1,1,0,1,1,0,hold,True
s09-r3-hold_trial-0.25,9,3,hold_trial-0.25,hold_trial,0.25,14,241.21999999999932,1,1000,1,250.0,1.0,48.0,1,1,1,1,1,1,1,1,False,1,1,0,1,1,0,hold,True
s09-r3-hold_trial-0.25,9,3,hold_trial-0.25,hold_trial,0.25,15,249.64799999999923,1,1000,1,250.0,1.0,48.0,2,1,1,1,1,1,1,1,False,0,1,1,1,1,0,hold,True
s09-r3-hold_trial-0.25,9,3,hold_trial-0.25,hold_trial,0.25,16,266.3799999999992,2,1000,1,250.0,1.0,48.0,2,1,2,1,2,1,2,1,False,1,1,0,1,1,0,hold,True
s09-r3-hold_trial-0.25,9,3,hold_trial-0.25,hold_trial,0.25,17,274.5519999999997,1,1000,1,250.0,1.0,48.0,1,1,1,1,2,1,2,1,False,1,1,0,0,0,0,hold,True
s09-r3-hold_trial-0.25,9,3,hold_trial-0.25,hold_trial,0.25,18,290.88800000000083,2,1000,1,250.0,1.0,48.0,2,1,2,1,2,1,2,1,False,1,1,0,1,1,0,hold,True
s09-r3-hold_trial-0.25,9,3,hold_trial-0.25,hold_trial,0.25,19,298.77599999999984,2,1000,1,250.0,1.0,48.0,2,1,2,1,2,1,2,1,False,1,1,0,1,1,0,hold,True
s09-r3-hold_trial-0.25,9,3,hold_trial-0.25,hold_trial,0.25,20,314.3279999999995,1,1000,1,250.0,1.0,48.0,1,1,1,1,1,1,1,1,False,1,1,0,1,1,0,hold,True
s09-r3-hold_trial-0.25,9,3,hold_trial-0.25,hold_trial,0.25,21,362.3359999999993,1,1000,1,250.0,1.0,48.0,1,1,1,1,1,1,1,1,False,1,1,0,1,1,0,hold,True
s09-r3-hold_trial-0.25,9,3,hold_trial-0.25,hold_trial,0.25,22,370.79199999999946,2,1000,1,250.0,1.0,48.0,2,1,2,1,2,1,2,1,False,1,1,0,1,1,0,hold,True
s09-r3-hold_trial-0.25,9,3,hold_trial-0.25,hold_trial,0.25,23,379.02800000000025,1,1000,1,250.0,1.0,48.0,1,1,1,1,1,1,1,1,False,1,1,0,1,1,0,hold,True
s09-r3-hold_trial-0.4,9,3,hold_trial-0.4,hold_trial,0.4,0,1.0,2,1000,1,400.0,1.0,48.0,1,1,1,1,1,1,1,1,False,0,0,0,0,0,0,hold,True
s09-r3-hold_trial-0.4,9,3,hold_trial-0.4,hold_trial,0.4,1,16.683999999999287,1,1000,1,400.0,1.0,48.0,1,1,1,1,1,1,1,1,False,1,1,0,1,1,0,hold,True
s09-r3-hold_trial-0.4,9,3,hold_trial-0.4,hold_trial,0.4,2,48.63600000000042,1,1000,1,400.0,1.0,48.0,1,1,1,1,1,1,1,1,False,1,1,0,1,1,0,hold,True
s09-r3-hold_trial-0.4,9,3,hold_trial-0.4,hold_trial,0.4,3,56.83599999999933,1,1000,1,400.0,1.0,48.0,1,1,1,1,1,1,1,1,False,1,1,0,1,1,0,hold,True
s09-r3-hold_trial-0.4,9,3,hold_trial-0.4,hold_trial,0.4,4,72.55199999999968,2,1000,1,400.0,1.0,48.0,2,1,2,1,2,1,2,1,False,1,1,0,1,1,0,hold,True
s09-r3-hold_trial-0.4,9,3,hold_trial-0.4,hold_trial,0.4,5,103.42000000000009,2,1000,1,400.0,1.0,48.0,1,1,1,1,2,1,2,1,False,0,0,0,1,1,0,hold,True
s09-r3-hold_trial-0.4,9,3,hold_trial-0.4,hold_trial,0.4,6,111.28800000000048,1,1000,1,400.0,1.0,48.0,1,1,1,1,1,1,1,1,False,1,1,0,1,1,0,hold,True
s09-r3-hold_trial-0.4,9,3,hold_trial-0.4,hold_trial,0.4,7,127.79999999999929,2,1000,1,400.0,1.0,48.0,1,1,1,1,2,1,2,1,False,0,0,0,1,1,0,hold,True
s09-r3-hold_trial-0.4,9,3,hold_trial-0.4,hold_trial,0.4,8,144.20800000000054,1,1000,1,400.0,1.0,48.0,1,1,1,1,2,1,2,1,False,1,1,0,0,0,0,hold,True
s09-r3-hold_trial-0.4,9,3,hold_trial-0.4,hold_trial,0.4,9,169.07200000000012,2,1000,1,400.0,1.0,48.0,2,1,2,1,2,1,2,1,False,1,1,0,1,1,0,hold,True
s09-r3-hold_trial-0.4,9,3,hold_trial-0.4,hold_trial,0.4,10,192.6560000000009,1,1000,1,400.0,1.0,48.0,1,1,1,1,1,1,1,1,False,1,1,0,1,1,0,hold,True
s09-r3-hold_trial-0.4,9,3,hold_trial-0.4,hold_trial,0.4,11,200.5,2,1000,1,400.0,1.0,48.0,1,1,2,1,1,1,2,1,False,0,1,1,0,1,1,hold,True
s09-r3-hold_trial-0.4,9,3,hold_trial-0.4,hold_trial,0.4,12,208.9159999999993,2,1000,1,400.0,1.0,48.0,2,1,2,1,2,1,2,1,False,1,1,0,1,1,0,hold,True
s09-r3-hold_trial-0.4,9,3,hold_trial-0.4,hold_trial,0.4,13,232.9359999999997,2,1000,1,400.0,1.0,48.0,2,1,2,1,2,1,2,1,False,1,1,0,1,1,0,hold,True
s09-r3-hold_trial-0.4,9,3,hold_trial-0.4,hold_trial,0.4,14,241.21999999999932,1,1000,1,400.0,1.0,48.0,1,1,1,1,1,1,1,1,False,1,1,0,1,1,0,hold,True
s09-r3-hold_trial-0.4,9,3,hold_trial-0.4,hold_trial,0.4,15,249.64799999999923,1,1000,1,400.0,1.0,48.0,2,1,1,1,1,1,1,1,False,0,1,1,1,1,0,hold,True
s09-r3-hold_trial-0.4,9,3,hold_trial-0.4,hold_trial,0.4,16,266.3799999999992,2,1000,1,400.0,1.0,48.0,2,1,2,1,2,1,2,1,False,1,1,0,1,1,0,hold,True
s09-r3-hold_trial-0.4,9,3,hold_trial-0.4,hold_trial,0.4,17,274.5519999999997,1,1000,1,400.0,1.0,48.0,1,1,1,1,1,1,2,1,False,1,1,0,1,0,1,hold,True
s09-r3-hold_trial-0.4,9,3,hold_trial-0.4,hold_trial,0.4,18,290.88800000000083,2,1000,1,400.0,1.0,48.0,2,1,2,1,1,1,2,1,False,1,1,0,0,1,1,hold,True
s09-r3-hold_trial-0.4,9,3,hold_trial-0.4,hold_trial,0.4,19,298.77599999999984,2,1000,1,400.0,1.0,48.0,2,1,2,1,2,1,2,1,False,1,1,0,1,1,0,hold,True
s09-r3-hold_trial-0.4,9,3,hold_trial-0.4,hold_trial,0.4,20,314.3279999999995,1,1000,1,400.0,1.0,48.0,1,1,1,1,1,1,1,1,False,1,1,0,1,1,0,hold,True
s09-r3-hold_trial-0.4,9,3,hold_trial-0.4,hold_trial,0.4,21,362.3359999999993,1,1000,1,400.0,1.0,48.0,1,1,1,1,1,1,1,1,False,1,1,0,1,1,0,hold,True
s09-r3-hold_trial-0.4,9,3,hold_trial-0.4,hold_trial,0.4,22,370.79199999999946,2,1000,1,400.0,1.0,48.0,2,1,2,1,2,1,2,1,False,1,1,0,1,1,0,hold,True
s09-r3-hold_trial-0.4,9,3,hold_trial-0.4,hold_trial,0.4,23,379.02800000000025,1,1000,1,400.0,1.0,48.0,1,1,1,1,1,1,1,1,False,1,1,0,1,1,0,hold,True
s09-r4-hold_trial-0.1,9,4,hold_trial-0.1,hold_trial,0.1,0,1.0,2,1000,1,100.0,1.0,48.0,2,1,2,1,2,1,2,1,False,1,1,0,1,1,0,hold,True
s09-r4-hold_trial-0.1,9,4,hold_trial-0.1,hold_trial,0.1,1,9.012000000000626,1,1000,1,100.0,1.0,48.0,1,1,1,1,1,1,1,1,False,1,1,0,1,1,0,hold,True
s09-r4-hold_trial-0.1,9,4,hold_trial-0.1,hold_trial,0.1,2,16.683999999999287,1,1000,1,100.0,1.0,48.0,1,1,1,1,1,1,1,1,False,1,1,0,1,1,0,hold,True
s09-r4-hold_trial-0.1,9,4,hold_trial-0.1,hold_trial,0.1,3,40.96800000000076,2,1000,1,100.0,1.0,48.0,2,1,2,1,1,1,1,1,False,1,1,0,0,0,0,hold,True
s09-r4-hold_trial-0.1,9,4,hold_trial-0.1,hold_trial,0.1,4,64.55999999999949,1,1000,1,100.0,1.0,48.0,2,1,2,1,1,1,1,1,False,0,0,0,1,1,0,hold,True
s09-r4-hold_trial-0.1,9,4,hold_trial-0.1,hold_trial,0.1,5,80.17599999999948,1,1000,1,100.0,1.0,48.0,1,1,1,1,1,1,1,1,False,1,1,0,1,1,0,hold,True
s09-r4-hold_trial-0.1,9,4,hold_trial-0.1,hold_trial,0.1,6,87.7559999999994,1,1000,1,100.0,1.0,48.0,1,1,1,1,1,1,1,1,False,1,1,0,1,1,0,hold,True
s09-r4-hold_trial-0.1,9,4,hold_trial-0.1,hold_trial,0.1,7,95.64400000000025,2,1000,1,100.0,1.0,48.0,2,1,2,1,2,1,2,1,False,1,1,0,1,1,0,hold,True
s09-r4-hold_trial-0.1,9,4,hold_trial-0.1,hold_trial,0.1,8,119.76800000000004,2,1000,1,100.0,1.0,48.0,2,1,2,1,2,1,2,1,False,1,1,0,1,1,0,hold,True
s09-r4-hold_trial-0.1,9,4,hold_trial-0.1,hold_trial,0.1,9,169.07200000000012,2,1000,1,100.0,1.0,48.0,2,1,2,1,2,1,2,1,False,1,1,0,1,1,0,hold,True
s09-r4-hold_trial-0.1,9,4,hold_trial-0.1,hold_trial,0.1,10,176.71999999999937,2,1000,1,100.0,1.0,48.0,2,1,2,1,2,1,2,1,False,1,1,0,1,1,0,hold,True
s09-r4-hold_trial-0.1,9,4,hold_trial-0.1,hold_trial,0.1,11,192.6560000000009,1,1000,1,100.0,1.0,48.0,1,1,1,1,1,1,1,1,False,1,1,0,1,1,0,hold,True
s09-r4-hold_trial-0.1,9,4,hold_trial-0.1,hold_trial,0.1,12,200.5,2,1000,1,100.0,1.0,48.0,2,1,2,1,2,1,2,1,False,1,1,0,1,1,0,hold,True
s09-r4-hold_trial-0.1,9,4,hold_trial-0.1,hold_trial,0.1,13,208.9159999999993,2,1000,1,100.0,1.0,48.0,2,1,2,1,2,1,2,1,False,1,1,0,1,1,0,hold,True
s09-r4-hold_trial-0.1,9,4,hold_trial-0.1,hold_trial,0.1,14,216.9320000000007,2,1000,1,100.0,1.0,48.0,2,1,2,1,2,1,2,1,False,1,1,0,1,1,0,hold,True
s09-r4-hold_trial-0.1,9,4,hold_trial-0.1,hold_trial,0.1,15,241.21999999999932,1,1000,1,100.0,1.0,48.0,1,1,1,1,1,1,1,1,False,1,1,0,1,1,0,hold,True
s09-r4-hold_trial-0.1,9,4,hold_trial-0.1,hold_trial,0.1,16,258.0159999999996,1,1000,1,100.0,1.0,48.0,1,1,1,1,1,1,1,1,False,1,1,0,1,1,0,hold,True
s09-r4-hold_trial-0.1,9,4,hold_trial-0.1,hold_trial,0.1,17,274.5519999999997,1,1000,1,100.0,1.0,48.0,1,1,1,1,2,1,2,1,False,1,1,0,0,0,0,hold,True
s09-r4-hold_trial-0.1,9,4,hold_trial-0.1,hold_trial,0.1,18,290.88800000000083,1,1000,1,100.0,1.0,48.0,2,1,2,1,1,1,1,1,False,0,0,0,1,1,0,hold,True
s09-r4-hold_trial-0.1,9,4,hold_trial-0.1,hold_trial,0.1,19,306.6280000000006,1,1000,1,100.0,1.0,48.0,2,1,1,1,2,1,2,1,False,0,1,1,0,0,0,hold,True
s09-r4-hold_trial-0.1,9,4,hold_trial-0.1,hold_trial,0.1,20,314.3279999999995,2,1000,1,100.0,1.0,48.0,2,1,2,1,2,1,2,1,False,1,1,0,1,1,0,hold,True
s09-r4-hold_trial-0.1,9,4,hold_trial-0.1,hold_trial,0.1,21,347.0,1,1000,1,100.0,1.0,48.0,2,1,1,1,2,1,2,1,False,0,1,1,0,0,0,hold,True
s09-r4-hold_trial-0.1,9,4,hold_trial-0.1,hold_trial,0.1,22,354.6239999999998,2,1000,1,100.0,1.0,48.0,2,1,2,1,2,1,2,1,False,1,1,0,1,1,0,hold,True
s09-r4-hold_trial-0.1,9,4,hold_trial-0.1,hold_trial,0.1,23,370.79199999999946,2,1000,1,100.0,1.0,48.0,2,1,2,1,2,1,2,1,False,1,1,0,1,1,0,hold,True
s09-r4-hold_trial-0.25,9,4,hold_trial-0.25,hold_trial,0.25,0,1.0,2,1000,1,250.0,1.0,48.0,2,1,2,1,2,1,2,1,False,1,1,0,1,1,0,hold,True
s09-r4-hold_trial-0.25,9,4,hold_trial-0.25,hold_trial,0.25,1,9.012000000000626,1,1000,1,250.0,1.0,48.0,1,1,1,1,1,1,1,1,False,1,1,0,1,1,0,hold,True
s09-r4-hold_trial-0.25,9,4,hold_trial-0.25,hold_trial,0.25,2,16.683999999999287,1,1000,1,250.0,1.0,48.0,1,1,1,1,1,1,1,1,False,1,1,0,1,1,0,hold,True
s09-r4-hold_trial-0.25,9,4,hold_trial-0.25,hold_trial,0.25,3,40.96800000000076,2,1000,1,250.0,1.0,48.0,1,1,2,1,1,1,1,1,False,0,1,1,0,0,0,hold,True
s09-r4-hold_trial-0.25,9,4,hold_trial-0.25,hold_trial,0.25,4,64.55999999999949,1,1000,1,250.0,1.0,48.0,2,1,2,1,1,1,1,1,False,0,0,0,1,1,0,hold,True
s09-r4-hold_trial-0.25,9,4,hold_trial-0.25,hold_trial,0.25,5,80.17599999999948,1,1000,1,250.0,1.0,48.0,1,1,1,1,1,1,1,1,False,1,1,0,1,1,0,hold,True
s09-r4-hold_trial-0.25,9,4,hold_trial-0.25,hold_trial,0.25,6,87.7559999999994,1,1000,1,250.0,1.0,48.0,2,1,1,1,1,1,1,1,False,0,1,1,1,1,0,hold,True
s09-r4-hold_trial-0.25,9,4,hold_trial-0.25,hold_trial,0.25,7,95.64400000000025,2,1000,1,250.0,1.0,48.0,1,1,2,1,1,1,2,1,False,0,1,1,0,1,1,hold,True
s09-r4-hold_trial-0.25,9,4,hold_trial-0.25,hold_trial,0.25,8,119.76800000000004,2,1000,1,250.0,1.0,48.0,2,1,2,1,2,1,2,1,False,1,1,0,1,1,0,hold,True
s09-r4-hold_trial-0.25,9,4,hold_trial-0.25,hold_trial,0.25,9,169.07200000000012,2,1000,1,250.0,1.0,48.0,2,1,2,1,2,1,2,1,False,1,1,0,1,1,0,hold,True
s09-r4-hold_trial-0.25,9,4,hold_trial-0.25,hold_trial,0.25,10,176.71999999999937,2,1000,1,250.0,1.0,48.0,2,1,2,1,2,1,2,1,False,1,1,0,1,1,0,hold,True
s09-r4-hold_trial-0.25,9,4,hold_trial-0.25,hold_trial,0.25,11,192.6560000000009,1,1000,1,250.0,1.0,48.0,1,1,1,1,1,1,1,1,False,1,1,0,1,1,0,hold,True
s09-r4-hold_trial-0.25,9,4,hold_trial-0.25,hold_trial,0.25,12,200.5,2,1000,1,250.0,1.0,48.0,2,1,2,1,2,1,2,1,False,1,1,0,1,1,0,hold,True
s09-r4-hold_trial-0.25,9,4,hold_trial-0.25,hold_trial,0.25,13,208.9159999999993,2,1000,1,250.0,1.0,48.0,2,1,2,1,2,1,2,1,False,1,1,0,1,1,0,hold,True
s09-r4-hold_trial-0.25,9,4,hold_trial-0.25,hold_trial,0.25,14,216.9320000000007,2,1000,1,250.0,1.0,48.0,2,1,2,1,2,1,2,1,False,1,1,0,1,1,0,hold,True
s09-r4-hold_trial-0.25,9,4,hold_trial-0.25,hold_trial,0.25,15,241.21999999999932,1,1000,1,250.0,1.0,48.0,2,1,1,1,1,1,1,1,False,0,1,1,1,1,0,hold,True
s09-r4-hold_trial-0.25,9,4,hold_trial-0.25,hold_trial,0.25,16,258.0159999999996,1,1000,1,250.0,1.0,48.0,1,1,1,1,1,1,1,1,False,1,1,0,1,1,0,hold,True
s09-r4-hold_trial-0.25,9,4,hold_trial-0.25,hold_trial,0.25,17,274.5519999999997,1,1000,1,250.0,1.0,48.0,1,1,1,1,2,1,2,1,False,1,1,0,0,0,0,hold,True
s09-r4-hold_trial-0.25,9,4,hold_trial-0.25,hold_trial,0.25,18,290.88800000000083,1,1000,1,250.0,1.0,48.0,1,1,2,1,1,1,1,1,False,1,0,1,1,1,0,hold,True
s09-r4-hold_trial-0.25,9,4,hold_trial-0.25,hold_trial,0.25,19,306.6280000000006,1,1000,1,250.0,1.0,48.0,2,1,1,1,1,1,2,1,False,0,1,1,1,0,1,hold,True
s09-r4-hold_trial-0.25,9,4,hold_trial-0.25,hold_trial,0.25,20,314.3279999999995,2,1000,1,250.0,1.0,48.0,2,1,2,1,2,1,2,1,False,1,1,0,1,1,0,hold,True
s09-r4-hold_trial-0.25,9,4,hold_trial-0.25,hold_trial,0.25,21,347.0,1,1000,1,250.0,1.0,48.0,1,1,1,1,2,1,2,1,False,1,1,0,0,0,0,hold,True
s09-r4-hold_trial-0.25,9,4,hold_trial-0.25,hold_trial,0.25,22,354.6239999999998,2,1000,1,250.0,1.0,48.0,2,1,2,1,2,1,2,1,False,1,1,0,1,1,0,hold,True
s09-r4-hold_trial-0.25,9,4,hold_trial-0.25,hold_trial,0.25,23,370.79199999999946,2,1000,1,250.0,1.0,48.0,2,1,2,1,2,1,2,1,False,1,1,0,1,1,0,hold,True
s09-r4-hold_trial-0.4,9,4,hold_trial-0.4,hold_trial,0.4,0,1.0,2,1000,1,400.0,1.0,48.0,2,1,2,1,2,1,2,1,False,1,1,0,1,1,0,hold,True
s09-r4-hold_trial-0.4,9,4,hold_trial-0.4,hold_trial,0.4,1,9.012000000000626,1,1000,1,400.0,1.0,48.0,1,1,1,1,1,1,1,1,False,1,1,0,1,1,0,hold,True
s09-r4-hold_trial-0.4,9,4,hold_trial-0.4,hold_trial,0.4,2,16.683999999999287,1,1000,1,400.0,1.0,48.0,1,1,1,1,1,1,1,1,False,1,1,0,1,1,0,hold,True
s09-r4-hold_trial-0.4,9,4,hold_trial-0.4,hold_trial,0.4,3,40.96800000000076,2,1000,1,400.0,1.0,48.0,2,1,2,1,1,1,1,1,False,1,1,0,0,0,0,hold,True
s09-r4-hold_trial-0.4,9,4,hold_trial-0.4,hold_trial,0.4,4,64.55999999999949,1,1000,1,400.0,1.0,48.0,2,1,2,1,1,1,1,1,False,0,0,0,1,1,0,hold,True
s09-r4-hold_trial-0.4,9,4,hold_trial-0.4,hold_trial,0.4,5,80.17599999999948,1,1000,1,400.0,1.0,48.0,1,1,1,1,1,1,1,1,False,1,1,0,1,1,0,hold,True
s09-r4-hold_trial-0.4,9,4,hold_trial-0.4,hold_trial,0.4,6,87.7559999999994,1,1000,1,400.0,1.0,48.0,2,1,1,1,1,1,1,1,False,0,1,1,1,1,0,hold,True
s09-r4-hold_trial-0.4,9,4,hold_trial-0.4,hold_trial,0.4,7,95.64400000000025,2,1000,1,400.0,1.0,48.0,2,1,2,1,2,1,2,1,False,1,1,0,1,1,0,hold,True
s09-r4-hold_trial-0.4,9,4,hold_trial-0.4,hold_trial,0.4,8,119.76800000000004,2,1000,1,400.0,1.0,48.0,2,1,2,1,1,1,2,1,False,1,1,0,0,1,1,hold,True
s09-r4-hold_trial-0.4,9,4,hold_trial-0.4,hold_trial,0.4,9,169.07200000000012,2,1000,1,400.0,1.0,48.0,2,1,2,1,2,1,2,1,False,1,1,0,1,1,0,hold,True
s09-r4-hold_trial-0.4,9,4,hold_trial-0.4,hold_trial,0.4,10,176.71999999999937,2,1000,1,400.0,1.0,48.0,2,1,2,1,2,1,2,1,False,1,1,0,1,1,0,hold,True
s09-r4-hold_trial-0.4,9,4,hold_trial-0.4,hold_trial,0.4,11,192.6560000000009,1,1000,1,400.0,1.0,48.0,1,1,1,1,2,1,1,1,False,1,1,0,0,1,1,hold,True
s09-r4-hold_trial-0.4,9,4,hold_trial-0.4,hold_trial,0.4,12,200.5,2,1000,1,400.0,1.0,48.0,2,1,2,1,1,1,2,1,False,1,1,0,0,1,1,hold,True
s09-r4-hold_trial-0.4,9,4,hold_trial-0.4,hold_trial,0.4,13,208.9159999999993,2,1000,1,400.0,1.0,48.0,2,1,2,1,2,1,2,1,False,1,1,0,1,1,0,hold,True
s09-r4-hold_trial-0.4,9,4,hold_trial-0.4,hold_trial,0.4,14,216.9320000000007,2,1000,1,400.0,1.0,48.0,2,1,2,1,2,1,2,1,False,1,1,0,1,1,0,hold,True
s09-r4-hold_trial-0.4,9,4,hold_trial-0.4,hold_trial,0.4,15,241.21999999999932,1,1000,1,400.0,1.0,48.0,2,1,1,1,1,1,1,1,False,0,1,1,1,1,0,hold,True
s09-r4-hold_trial-0.4,9,4,hold_trial-0.4,hold_trial,0.4,16,258.0159999999996,1,1000,1,400.0,1.0,48.0,1,1,1,1,1,1,1,1,False,1,1,0,1,1,0,hold,True
s09-r4-hold_trial-0.4,9,4,hold_trial-0.4,hold_trial,0.4,17,274.5519999999997,1,1000,1,400.0,1.0,48.0,1,1,1,1,1,1,2,1,False,1,1,0,1,0,1,hold,True
s09-r4-hold_trial-0.4,9,4,hold_trial-0.4,hold_trial,0.4,18,290.88800000000083,1,1000,1,400.0,1.0,48.0,2,1,2,1,1,1,1,1,False,0,0,0,1,1,0,hold,True
s09-r4-hold_trial-0.4,9,4,hold_trial-0.4,hold_trial,0.4,19,306.6280000000006,1,1000,1,400.0,1.0,48.0,2,1,1,1,2,1,2,1,False,0,1,1,0,0,0,hold,True
s09-r4-hold_trial-0.4,9,4,hold_trial-0.4,hold_trial,0.4,20,314.3279999999995,2,1000,1,400.0,1.0,48.0,2,1,2,1,2,1,2,1,False,1,1,0,1,1,0,hold,True
s09-r4-hold_trial-0.4,9,4,hold_trial-0.4,hold_trial,0.4,21,347.0,1,1000,1,400.0,1.0,48.0,2,1,1,1,2,1,2,1,False,0,1,1,0,0,0,hold,True
s09-r4-hold_trial-0.4,9,4,hold_trial-0.4,hold_trial,0.4,22,354.6239999999998,2,1000,1,400.0,1.0,48.0,2,1,2,1,2,1,2,1,False,1,1,0,1,1,0,hold,True
s09-r4-hold_trial-0.4,9,4,hold_trial-0.4,hold_trial,0.4,23,370.79199999999946,2,1000,1,400.0,1.0,48.0,2,1,2,1,1,1,2,1,False,1,1,0,0,1,1,hold,True
s01-r0-burst_trial-0.1,1,0,burst_trial-0.1,burst_trial,0.1,0,1.0,1,900,1,,,,1,1,1,1,1,1,1,1,True,1,1,0,1,1,0,burst,True
s01-r0-burst_trial-0.1,1,0,burst_trial-0.1,burst_trial,0.1,1,9.012000000000056,2,900,1,,,,2,1,2,1,2,1,2,1,True,1,1,0,1,1,0,burst,True
s01-r0-burst_trial-0.1,1,0,burst_trial-0.1,burst_trial,0.1,2,16.68399999999997,2,900,1,,,,1,1,1,1,1,1,1,1,True,0,0,0,0,0,0,burst,True
s01-r0-burst_trial-0.1,1,0,burst_trial-0.1,burst_trial,0.1,3,24.49199999999996,1,900,1,,,,1,1,1,1,1,1,1,1,True,1,1,0,1,1,0,burst,True
s01-r0-burst_trial-0.1,1,0,burst_trial-0.1,burst_trial,0.1,4,32.524,2,900,1,,,,1,1,1,1,1,1,1,1,True,0,0,0,0,0,0,burst,True
s01-r0-burst_trial-0.1,1,0,burst_trial-0.1,burst_trial,0.1,5,40.96799999999996,1,900,1,,,,1,1,1,1,1,1,1,1,True,1,1,0,1,1,0,burst,True
s01-r0-burst_trial-0.1,1,0,burst_trial-0.1,burst_trial,0.1,6,48.63599999999997,2,900,1,,,,2,1,2,1,2,1,2,1,True,1,1,0,1,1,0,burst,True
s01-r0-burst_trial-0.1,1,0,burst_trial-0.1,burst_trial,0.1,7,64.56000000000006,2,900,1,,,,2,1,2,1,2,1,2,1,True,1,1,0,1,1,0,burst,True
s01-r0-burst_trial-0.1,1,0,burst_trial-0.1,burst_trial,0.1,8,80.17600000000004,1,900,1,,,,1,1,1,1,1,1,1,1,True,1,1,0,1,1,0,burst,True
s01-r0-burst_trial-0.1,1,0,burst_trial-0.1,burst_trial,0.1,9,95.644,2,900,1,,,,2,1,2,1,2,1,2,1,True,1,1,0,1,1,0,burst,True
s01-r0-burst_trial-0.1,1,0,burst_trial-0.1,burst_trial,0.1,10,103.41999999999996,1,900,1,,,,1,1,1,1,1,1,1,1,True,1,1,0,1,1,0,burst,True
s01-r0-burst_trial-0.1,1,0,burst_trial-0.1,burst_trial,0.1,11,152.47199999999998,1,900,1,,,,1,1,1,1,1,1,1,1,True,1,1,0,1,1,0,burst,True
s01-r0-burst_trial-0.1,1,0,burst_trial-0.1,burst_trial,0.1,12,169.072,2,900,1,,,,2,1,2,1,2,1,2,1,True,1,1,0,1,1,0,burst,True
s01-r0-burst_trial-0.1,1,0,burst_trial-0.1,burst_trial,0.1,13,176.72000000000003,1,900,1,,,,1,1,1,1,1,1,1,1,True,1,1,0,1,1,0,burst,True
s01-r0-burst_trial-0.1,1,0,burst_trial-0.1,burst_trial,0.1,14,184.84399999999997,1,900,1,,,,1,1,1,1,1,1,1,1,True,1,1,0,1,1,0,burst,True
s01-r0-burst_trial-0.1,1,0,burst_trial-0.1,burst_trial,0.1,15,208.91600000000005,1,900,1,,,,1,1,1,1,1,1,1,1,True,1,1,0,1,1,0,burst,True
s01-r0-burst_trial-0.1,1,0,burst_trial-0.1,burst_trial,0.1,16,241.22000000000003,1,900,1,,,,1,1,1,1,1,1,1,1,True,1,1,0,1,1,0,burst,True
s01-r0-burst_trial-0.1,1,0,burst_trial-0.1,burst_trial,0.1,17,249.648,2,900,1,,,,2,1,2,1,2,1,2,1,True,1,1,0,1,1,0,burst,True
s01-r0-burst_trial-0.1,1,0,burst_trial-0.1,burst_trial,0.1,18,258.016,1,900,1,,,,1,1,1,1,1,1,1,1,True,1,1,0,1,1,0,burst,True
s01-r0-burst_trial-0.1,1,0,burst_trial-0.1,burst_trial,0.1,19,266.38,2,900,1,,,,2,1,2,1,2,1,2,1,True,1,1,0,1,1,0,burst,True
s01-r0-burst_trial-0.1,1,0,burst_trial-0.1,burst_trial,0.1,20,274.552,2,900,1,,,,2,1,2,1,1,1,1,1,True,1,1,0,0,0,0,burst,True
s01-r0-burst_trial-0.1,1,0,burst_trial-0.1,burst_trial,0.1,21,282.808,1,900,1,,,,1,1,1,1,1,1,1,1,True,1,1,0,1,1,0,burst,True
s01-r0-burst_trial-0.1,1,0,burst_trial-0.1,burst_trial,0.1,22,290.88800000000003,2,900,1,,,,2,1,2,1,2,1,2,1,True,1,1,0,1,1,0,burst,True
s01-r0-burst_trial-0.1,1,0,burst_trial-0.1,burst_trial,0.1,23,306.62800000000004,2,900,1,,,,1,1,1,1,2,1,2,1,True,0,0,0,1,1,0,burst,True
s01-r0-burst_trial-0.25,1,0,burst_trial-0.25,burst_trial,0.25,0,1.0,1,750,1,,,,1,1,1,1,1,1,1,1,True,1,1,0,1,1,0,burst,True
s01-r0-burst_trial-0.25,1,0,burst_trial-0.25,burst_trial,0.25,1,9.011999999999944,2,750,1,,,,2,1,2,1,2,1,2,1,True,1,1,0,1,1,0,burst,True
s01-r0-burst_trial-0.25,1,0,burst_trial-0.25,burst_trial,0.25,2,16.68399999999997,2,750,1,,,,1,1,1,1,2,1,1,1,True,0,0,0,1,0,1,burst,True
s01-r0-burst_trial-0.25,1,0,burst_trial-0.25,burst_trial,0.25,3,24.49199999999996,1,750,1,,,,1,1,1,1,1,1,1,1,True,1,1,0,1,1,0,burst,True
s01-r0-burst_trial-0.25,1,0,burst_trial-0.25,burst_trial,0.25,4,32.524,2,750,1,,,,1,1,1,1,2,1,1,1,True,0,0,0,1,0,1,burst,True
s01-r0-burst_trial-0.25,1,0,burst_trial-0.25,burst_trial,0.25,5,40.96799999999996,1,750,1,,,,1,1,1,1,1,1,1,1,True,1,1,0,1,1,0,burst,True
s01-r0-burst_trial-0.25,1,0,burst_trial-0.25,burst_trial,0.25,6,48.63599999999997,2,750,1,,,,2,1,2,1,2,1,2,1,True,1,1,0,1,1,0,burst,True
s01-r0-burst_trial-0.25,1,0,burst_trial-0.25,burst_trial,0.25,7,64.55999999999995,2,750,1,,,,2,1,2,1,2,1,2,1,True,1,1,0,1,1,0,burst,True
s01-r0-burst_trial-0.25,1,0,burst_trial-0.25,burst_trial,0.25,8,80.17600000000004,1,750,1,,,,1,1,1,1,1,1,1,1,True,1,1,0,1,1,0,burst,True
s01-r0-burst_trial-0.25,1,0,burst_trial-0.25,burst_trial,0.25,9,95.644,2,750,1,,,,2,1,2,1,2,1,2,1,True,1,1,0,1,1,0,burst,True
s01-r0-burst_trial-0.25,1,0,burst_trial-0.25,burst_trial,0.25,10,103.41999999999996,1,750,1,,,,1,1,1,1,1,1,1,1,True,1,1,0,1,1,0,burst,True
s01-r0-burst_trial-0.25,1,0,burst_trial-0.25,burst_trial,0.25,11,152.47199999999998,1,750,1,,,,1,1,1,1,1,1,1,1,True,1,1,0,1,1,0,burst,True
s01-r0-burst_trial-0.25,1,0,burst_trial-0.25,burst_trial,0.25,12,169.072,2,750,1,,,,1,1,2,1,2,1,2,1,True,0,1,1,1,1,0,burst,True
s01-r0-burst_trial-0.25,1,0,burst_trial-0.25,burst_trial,0.25,13,176.72000000000003,1,750,1,,,,1,1,1,1,1,1,1,1,True,1,1,0,1,1,0,burst,True
s01-r0-burst_trial-0.25,1,0,burst_trial-0.25,burst_trial,0.25,14,184.84400000000005,1,750,1,,,,1,1,1,1,1,1,1,1,True,1,1,0,1,1,0,burst,True
s01-r0-burst_trial-0.25,1,0,burst_trial-0.25,burst_trial,0.25,15,208.91599999999997,1,750,1,,,,1,1,1,1,2,1,1,1,True,1,1,0,0,1,1,burst,True
s01-r0-burst_trial-0.25,1,0,burst_trial-0.25,burst_trial,0.25,16,241.22000000000003,1,750,1,,,,1,1,1,1,1,1,1,1,True,1,1,0,1,1,0,burst,True
s01-r0-burst_trial-0.25,1,0,burst_trial-0.25,burst_trial,0.25,17,249.648,2,750,1,,,,2,1,2,1,2,1,2,1,True,1,1,0,1,1,0,burst,True
s01-r0-burst_trial-0.25,1,0,burst_trial-0.25,burst_trial,0.25,18,258.0160000000001,1,750,1,,,,1,1,1,1,2,1,1,1,True,1,1,0,0,1,1,burst,True
s01-r0-burst_trial-0.25,1,0,burst_trial-0.25,burst_trial,0.25,19,266.38,2,750,1,,,,2,1,2,1,2,1,2,1,True,1,1,0,1,1,0,burst,True
s01-r0-burst_trial-0.25,1,0,burst_trial-0.25,burst_trial,0.25,20,274.552,2,750,1,,,,2,1,2,1,2,1,1,1,True,1,1,0,1,0,1,burst,True
s01-r0-burst_trial-0.25,1,0,burst_trial-0.25,burst_trial,0.25,21,282.808,1,750,1,,,,1,1,1,1,1,1,1,1,True,1,1,0,1,1,0,burst,True
s01-r0-burst_trial-0.25,1,0,burst_trial-0.25,burst_trial,0.25,22,290.8879999999999,2,750,1,,,,2,1,2,1,2,1,2,1,True,1,1,0,1,1,0,burst,True
s01-r0-burst_trial-0.25,1,0,burst_trial-0.25,burst_trial,0.25,23,306.628,2,750,1,,,,1,1,1,1,2,1,2,1,True,0,0,0,1,1,0,burst,True
s01-r0-burst_trial-0.4,1,0,burst_trial-0.4,burst_trial,0.4,0,1.0,1,600,1,,,,1,1,1,1,1,1,1,1,True,1,1,0,1,1,0,burst,True
s01-r0-burst_trial-0.4,1,0,burst_trial-0.4,burst_trial,0.4,1,9.011999999999944,2,600,1,,,,2,1,2,1,2,1,2,1,True,1,1,0,1,1,0,burst,True
s01-r0-burst_trial-0.4,1,0,burst_trial-0.4,burst_trial,0.4,2,16.68399999999997,2,600,1,,,,2,1,1,1,2,1,1,1,True,1,0,1,1,0,1,burst,True
s01-r0-burst_trial-0.4,1,0,burst_trial-0.4,burst_trial,0.4,3,24.49199999999996,1,600,1,,,,1,1,1,1,1,1,1,1,True,1,1,0,1,1,0,burst,True
s01-r0-burst_trial-0.4,1,0,burst_trial-0.4,burst_trial,0.4,4,32.524,2,600,1,,,,1,1,1,1,1,1,1,1,True,0,0,0,0,0,0,burst,True
s01-r0-burst_trial-0.4,1,0,burst_trial-0.4,burst_trial,0.4,5,40.96799999999996,1,600,1,,,,1,1,1,1,1,1,1,1,True,1,1,0,1,1,0,burst,True
s01-r0-burst_trial-0.4,1,0,burst_trial-0.4,burst_trial,0.4,6,48.63599999999997,2,600,1,,,,2,1,2,1,2,1,2,1,True,1,1,0,1,1,0,burst,True
s01-r0-burst_trial-0.4,1,0,burst_trial-0.4,burst_trial,0.4,7,64.55999999999995,2,600,1,,,,2,1,2,1,2,1,2,1,True,1,1,0,1,1,0,burst,True
s01-r0-burst_trial-0.4,1,0,burst_trial-0.4,burst_trial,0.4,8,80.17600000000004,1,600,1,,,,1,1,1,1,2,1,1,1,True,1,1,0,0,1,1,burst,True
s01-r0-burst_trial-0.4,1,0,burst_trial-0.4,burst_trial,0.4,9,95.644,2,600,1,,,,2,1,2,1,2,1,2,1,True,1,1,0,1,1,0,burst,True
s01-r0-burst_trial-0.4,1,0,burst_trial-0.4,burst_trial,0.4,10,103.41999999999996,1,600,1,,,,1,1,1,1,1,1,1,1,True,1,1,0,1,1,0,burst,True
s01-r0-burst_trial-0.4,1,0,burst_trial-0.4,burst_trial,0.4,11,152.47199999999998,1,600,1,,,,1,1,1,1,1,1,1,1,True,1,1,0,1,1,0,burst,True
s01-r0-burst_trial-0.4,1,0,burst_trial-0.4,burst_trial,0.4,12,169.072,2,600,1,,,,2,1,2,1,2,1,2,1,True,1,1,0,1,1,0,burst,True
s01-r0-burst_trial-0.4,1,0,burst_trial-0.4,burst_trial,0.4,13,176.72000000000003,1,600,1,,,,1,1,1,1,1,1,1,1,True,1,1,0,1,1,0,burst,True
s01-r0-burst_trial-0.4,1,0,burst_trial-0.4,burst_trial,0.4,14,184.84400000000005,1,600,1,,,,1,1,1,1,1,1,1,1,True,1,1,0,1,1,0,burst,True
s01-r0-burst_trial-0.4,1,0,burst_trial-0.4,burst_trial,0.4,15,208.91599999999997,1,600,1,,,,1,1,1,1,2,1,1,1,True,1,1,0,0,1,1,burst,True
s01-r0-burst_trial-0.4,1,0,burst_trial-0.4,burst_trial,0.4,16,241.22000000000003,1,600,1,,,,1,1,1,1,1,1,1,1,True,1,1,0,1,1,0,burst,True
s01-r0-burst_trial-0.4,1,0,burst_trial-0.4,burst_trial,0.4,17,249.648,2,600,1,,,,2,1,2,1,2,1,2,1,True,1,1,0,1,1,0,burst,True
s01-r0-burst_trial-0.4,1,0,burst_trial-0.4,burst_trial,0.4,18,258.0160000000001,1,600,1,,,,1,1,1,1,2,1,1,1,True,1,1,0,0,1,1,burst,True
s01-r0-burst_trial-0.4,1,0,burst_trial-0.4,burst_trial,0.4,19,266.38,2,600,1,,,,2,1,2,1,2,1,2,1,True,1,1,0,1,1,0,burst,True
s01-r0-burst_trial-0.4,1,0,burst_trial-0.4,burst_trial,0.4,20,274.552,2,600,1,,,,2,1,2,1,2,1,1,1,True,1,1,0,1,0,1,burst,True
s01-r0-burst_trial-0.4,1,0,burst_trial-0.4,burst_trial,0.4,21,282.808,1,600,1,,,,1,1,1,1,1,1,1,1,True,1,1,0,1,1,0,burst,True
s01-r0-burst_trial-0.4,1,0,burst_trial-0.4,burst_trial,0.4,22,290.8879999999999,2,600,1,,,,2,1,2,1,2,1,2,1,True,1,1,0,1,1,0,burst,True
s01-r0-burst_trial-0.4,1,0,burst_trial-0.4,burst_trial,0.4,23,306.628,2,600,1,,,,1,1,1,1,2,1,2,1,True,0,0,0,1,1,0,burst,True
s01-r1-burst_trial-0.1,1,1,burst_trial-0.1,burst_trial,0.1,0,16.684000000000196,2,900,1,,,,2,1,2,1,2,1,1,1,True,1,1,0,1,0,1,burst,True
s01-r1-burst_trial-0.1,1,1,burst_trial-0.1,burst_trial,0.1,1,24.49200000000019,1,900,1,,,,1,1,1,1,1,1,1,1,True,1,1,0,1,1,0,burst,True
s01-r1-burst_trial-0.1,1,1,burst_trial-0.1,burst_trial,0.1,2,32.52400000000034,1,900,1,,,,1,1,1,1,1,1,1,1,True,1,1,0,1,1,0,burst,True
s01-r1-burst_trial-0.1,1,1,burst_trial-0.1,burst_trial,0.1,3,40.96799999999985,2,900,1,,,,2,1,2,1,2,1,2,1,True,1,1,0,1,1,0,burst,True
s01-r1-burst_trial-0.1,1,1,burst_trial-0.1,burst_trial,0.1,4,64.5600000000004,2,900,1,,,,2,1,2,1,2,1,2,1,True,1,1,0,1,1,0,burst,True
s01-r1-burst_trial-0.1,1,1,burst_trial-0.1,burst_trial,0.1,5,80.17600000000039,1,900,1,,,,1,1,1,1,1,1,1,1,True,1,1,0,1,1,0,burst,True
s01-r1-burst_trial-0.1,1,1,burst_trial-0.1,burst_trial,0.1,6,87.75600000000031,1,900,1,,,,1,1,1,1,1,1,1,1,True,1,1,0,1,1,0,burst,True
s01-r1-burst_trial-0.1,1,1,burst_trial-0.1,burst_trial,0.1,7,95.64400000000025,1,900,1,,,,1,1,1,1,1,1,1,1,True,1,1,0,1,1,0,burst,True
s01-r1-burst_trial-0.1,1,1,burst_trial-0.1,burst_trial,0.1,8,111.28799999999956,2,900,1,,,,1,1,1,1,2,1,2,1,True,0,0,0,1,1,0,burst,True
s01-r1-burst_trial-0.1,1,1,burst_trial-0.1,burst_trial,0.1,9,119.76800000000004,2,900,1,,,,2,1,2,1,2,1,2,1,True,1,1,0,1,1,0,burst,True
s01-r1-burst_trial-0.1,1,1,burst_trial-0.1,burst_trial,0.1,10,127.80000000000018,1,900,1,,,,1,1,1,1,1,1,1,1,True,1,1,0,1,1,0,burst,True
s01-r1-burst_trial-0.1,1,1,burst_trial-0.1,burst_trial,0.1,11,136.0640000000003,1,900,1,,,,1,1,1,1,1,1,1,1,True,1,1,0,1,1,0,burst,True
s01-r1-burst_trial-0.1,1,1,burst_trial-0.1,burst_trial,0.1,12,152.47199999999975,1,900,1,,,,1,1,1,1,1,1,1,1,True,1,1,0,1,1,0,burst,True
s01-r1-burst_trial-0.1,1,1,burst_trial-0.1,burst_trial,0.1,13,160.7520000000004,2,900,1,,,,2,1,2,1,1,1,1,1,True,1,1,0,0,0,0,burst,True
s01-r1-burst_trial-0.1,1,1,burst_trial-0.1,burst_trial,0.1,14,192.65599999999995,1,900,1,,,,1,1,1,1,1,1,1,1,True,1,1,0,1,1,0,burst,True
s01-r1-burst_trial-0.1,1,1,burst_trial-0.1,burst_trial,0.1,15,216.9319999999998,2,900,1,,,,1,1,1,1,2,1,2,1,True,0,0,0,1,1,0,burst,True
s01-r1-burst_trial-0.1,1,1,burst_trial-0.1,burst_trial,0.1,16,241.22000000000023,2,900,1,,,,2,1,2,1,2,1,2,1,True,1,1,0,1,1,0,burst,True
s01-r1-burst_trial-0.1,1,1,burst_trial-0.1,burst_trial,0.1,17,249.6480000000001,1,900,1,,,,1,1,1,1,1,1,1,1,True,1,1,0,1,1,0,burst,True
s01-r1-burst_trial-0.1,1,1,burst_trial-0.1,burst_trial,0.1,18,258.0159999999996,2,900,1,,,,2,1,2,1,2,1,2,1,True,1,1,0,1,1,0,burst,True
s01-r1-burst_trial-0.1,1,1,burst_trial-0.1,burst_trial,0.1,19,306.6279999999997,1,900,1,,,,1,1,1,1,1,1,1,1,True,1,1,0,1,1,0,burst,True
s01-r1-burst_trial-0.1,1,1,burst_trial-0.1,burst_trial,0.1,20,322.65200000000004,2,900,1,,,,2,1,2,1,2,1,2,1,True,1,1,0,1,1,0,burst,True
s01-r1-burst_trial-0.1,1,1,burst_trial-0.1,burst_trial,0.1,21,338.52400000000034,2,900,1,,,,1,1,1,1,2,1,2,1,True,0,0,0,1,1,0,burst,True
s01-r1-burst_trial-0.1,1,1,burst_trial-0.1,burst_trial,0.1,22,362.3360000000002,2,900,1,,,,2,1,2,1,2,1,2,1,True,1,1,0,1,1,0,burst,True
s01-r1-burst_trial-0.1,1,1,burst_trial-0.1,burst_trial,0.1,23,379.02800000000025,1,900,1,,,,1,1,1,1,1,1,1,1,True,1,1,0,1,1,0,burst,True
s01-r1-burst_trial-0.25,1,1,burst_trial-0.25,burst_trial,0.25,0,16.684000000000196,2,750,1,,,,2,1,2,1,2,1,1,1,True,1,1,0,1,0,1,burst,True
s01-r1-burst_trial-0.25,1,1,burst_trial-0.25,burst_trial,0.25,1,24.49200000000019,1,750,1,,,,1,1,1,1,1,1,1,1,True,1,1,0,1,1,0,burst,True
s01-r1-burst_trial-0.25,1,1,burst_trial-0.25,burst_trial,0.25,2,32.52400000000034,1,750,1,,,,1,1,1,1,1,1,1,1,True,1,1,0,1,1,0,burst,True
s01-r1-burst_trial-0.25,1,1,burst_trial-0.25,burst_trial,0.25,3,40.96799999999985,2,750,1,,,,2,1,2,1,2,1,2,1,True,1,1,0,1,1,0,burst,True
s01-r1-burst_trial-0.25,1,1,burst_trial-0.25,burst_trial,0.25,4,64.5600000000004,2,750,1,,,,2,1,2,1,2,1,2,1,True,1,1,0,1,1,0,burst,True
s01-r1-burst_trial-0.25,1,1,burst_trial-0.25,burst_trial,0.25,5,80.17600000000039,1,750,1,,,,1,1,1,1,1,1,1,1,True,1,1,0,1,1,0,burst,True
s01-r1-burst_trial-0.25,1,1,burst_trial-0.25,burst_trial,0.25,6,87.75600000000031,1,750,1,,,,1,1,1,1,1,1,1,1,True,1,1,0,1,1,0,burst,True
s01-r1-burst_trial-0.25,1,1,burst_trial-0.25,burst_trial,0.25,7,95.64400000000025,1,750,1,,,,1,1,1,1,1,1,1,1,True,1,1,0,1,1,0,burst,True
s01-r1-burst_trial-0.25,1,1,burst_trial-0.25,burst_trial,0.25,8,111.28799999999956,2,750,1,,,,2,1,1,1,2,1,2,1,True,1,0,1,1,1,0,burst,True
s01-r1-burst_trial-0.25,1,1,burst_trial-0.25,burst_trial,0.25,9,119.76800000000004,2,750,1,,,,2,1,2,1,2,1,2,1,True,1,1,0,1,1,0,burst,True
s01-r1-burst_trial-0.25,1,1,burst_trial-0.25,burst_trial,0.25,10,127.80000000000018,1,750,1,,,,1,1,1,1,1,1,1,1,True,1,1,0,1,1,0,burst,True
s01-r1-burst_trial-0.25,1,1,burst_trial-0.25,burst_trial,0.25,11,136.0640000000003,1,750,1,,,,1,1,1,1,1,1,1,1,True,1,1,0,1,1,0,burst,True
s01-r1-burst_trial-0.25,1,1,burst_trial-0.25,burst_trial,0.25,12,152.47199999999975,1,750,1,,,,1,1,1,1,1,1,1,1,True,1,1,0,1,1,0,burst,True
s01-r1-burst_trial-0.25,1,1,burst_trial-0.25,burst_trial,0.25,13,160.7520000000004,2,750,1,,,,2,1,2,1,2,1,1,1,True,1,1,0,1,0,1,burst,True
s01-r1-burst_trial-0.25,1,1,burst_trial-0.25,burst_trial,0.25,14,192.65599999999995,1,750,1,,,,1,1,1,1,1,1,1,1,True,1,1,0,1,1,0,burst,True
s01-r1-burst_trial-0.25,1,1,burst_trial-0.25,burst_trial,0.25,15,216.9319999999998,2,750,1,,,,1,1,1,1,2,1,2,1,True,0,0,0,1,1,0,burst,True
s01-r1-burst_trial-0.25,1,1,burst_trial-0.25,burst_trial,0.25,16,241.22000000000023,2,750,1,,,,2,1,2,1,2,1,2,1,True,1,1,0,1,1,0,burst,True
s01-r1-burst_trial-0.25,1,1,burst_trial-0.25,burst_trial,0.25,17,249.6480000000001,1,750,1,,,,1,1,1,1,1,1,1,1,True,1,1,0,1,1,0,burst,True
s01-r1-burst_trial-0.25,1,1,burst_trial-0.25,burst_trial,0.25,18,258.0159999999996,2,750,1,,,,2,1,2,1,2,1,2,1,True,1,1,0,1,1,0,burst,True
s01-r1-burst_trial-0.25,1,1,burst_trial-0.25,burst_trial,0.25,19,306.6279999999997,1,750,1,,,,1,1,1,1,1,1,1,1,True,1,1,0,1,1,0,burst,True
s01-r1-burst_trial-0.25,1,1,burst_trial-0.25,burst_trial,0.25,20,322.65200000000004,2,750,1,,,,2,1,2,1,2,1,2,1,True,1,1,0,1,1,0,burst,True
s01-r1-burst_trial-0.25,1,1,burst_trial-0.25,burst_trial,0.25,21,338.52400000000034,2,750,1,,,,1,1,1,1,2,1,2,1,True,0,0,0,1,1,0,burst,True
s01-r1-burst_trial-0.25,1,1,burst_trial-0.25,burst_trial,0.25,22,362.3360000000002,2,750,1,,,,2,1,2,1,2,1,2,1,True,1,1,0,1,1,0,burst,True
s01-r1-burst_trial-0.25,1,1,burst_trial-0.25,burst_trial,0.25,23,379.02800000000025,1,750,1,,,,1,1,1,1,1,1,1,1,True,1,1,0,1,1,0,burst,True
s01-r1-burst_trial-0.4,1,1,burst_trial-0.4,burst_trial,0.4,0,16.684000000000196,2,600,1,,,,1,1,2,1,1,1,1,1,True,0,1,1,0,0,0,burst,True
s01-r1-burst_trial-0.4,1,1,burst_trial-0.4,burst_trial,0.4,1,24.49200000000019,1,600,1,,,,1,1,1,1,1,1,1,1,True,1,1,0,1,1,0,burst,True
s01-r1-burst_trial-0.4,1,1,burst_trial-0.4,burst_trial,0.4,2,32.52400000000034,1,600,1,,,,1,1,1,1,1,1,1,1,True,1,1,0,1,1,0,burst,True
s01-r1-burst_trial-0.4,1,1,burst_trial-0.4,burst_trial,0.4,3,40.96799999999985,2,600,1,,,,1,1,2,1,2,1,2,1,True,0,1,1,1,1,0,burst,True
s01-r1-burst_trial-0.4,1,1,burst_trial-0.4,burst_trial,0.4,4,64.5600000000004,2,600,1,,,,2,1,2,1,2,1,2,1,True,1,1,0,1,1,0,burst,True
s01-r1-burst_trial-0.4,1,1,burst_trial-0.4,burst_trial,0.4,5,80.17600000000039,1,600,1,,,,1,1,1,1,1,1,1,1,True,1,1,0,1,1,0,burst,True
s01-r1-burst_trial-0.4,1,1,burst_trial-0.4,burst_trial,0.4,6,87.75600000000031,1,600,1,,,,1,1,1,1,1,1,1,1,True,1,1,0,1,1,0,burst,True
s01-r1-burst_trial-0.4,1,1,burst_trial-0.4,burst_trial,0.4,7,95.64400000000025,1,600,1,,,,1,1,1,1,1,1,1,1,True,1,1,0,1,1,0,burst,True
s01-r1-burst_trial-0.4,1,1,burst_trial-0.4,burst_trial,0.4,8,111.28799999999956,2,600,1,,,,2,1,1,1,2,1,2,1,True,1,0,1,1,1,0,burst,True
s01-r1-burst_trial-0.4,1,1,burst_trial-0.4,burst_trial,0.4,9,119.76800000000004,2,600,1,,,,1,1,2,1,2,1,2,1,True,0,1,1,1,1,0,burst,True
s01-r1-burst_trial-0.4,1,1,burst_trial-0.4,burst_trial,0.4,10,127.80000000000018,1,600,1,,,,1,1,1,1,2,1,1,1,True,1,1,0,0,1,1,burst,True
s01-r1-burst_trial-0.4,1,1,burst_trial-0.4,burst_trial,0.4,11,136.0640000000003,1,600,1,,,,1,1,1,1,1,1,1,1,True,1,1,0,1,1,0,burst,True
s01-r1-burst_trial-0.4,1,1,burst_trial-0.4,burst_trial,0.4,12,152.47199999999975,1,600,1,,,,1,1,1,1,1,1,1,1,True,1,1,0,1,1,0,burst,True
s01-r1-burst_trial-0.4,1,1,burst_trial-0.4,burst_trial,0.4,13,160.7520000000004,2,600,1,,,,2,1,2,1,2,1,1,1,True,1,1,0,1,0,1,burst,True
s01-r1-burst_trial-0.4,1,1,burst_trial-0.4,burst_trial,0.4,14,192.65599999999995,1,600,1,,,,1,1,1,1,1,1,1,1,True,1,1,0,1,1,0,burst,True
s01-r1-burst_trial-0.4,1,1,burst_trial-0.4,burst_trial,0.4,15,216.9319999999998,2,600,1,,,,1,1,1,1,2,1,2,1,True,0,0,0,1,1,0,burst,True
s01-r1-burst_trial-0.4,1,1,burst_trial-0.4,burst_trial,0.4,16,241.22000000000023,2,600,1,,,,2,1,2,1,2,1,2,1,True,1,1,0,1,1,0,burst,True
s01-r1-burst_trial-0.4,1,1,burst_trial-0.4,burst_trial,0.4,17,249.6480000000001,1,600,1,,,,1,1,1,1,1,1,1,1,True,1,1,0,1,1,0,burst,True
s01-r1-burst_trial-0.4,1,1,burst_trial-0.4,burst_trial,0.4,18,258.0159999999996,2,600,1,,,,2,1,2,1,2,1,2,1,True,1,1,0,1,1,0,burst,True
s01-r1-burst_trial-0.4,1,1,burst_trial-0.4,burst_trial,0.4,19,306.6279999999997,1,600,1,,,,1,1,1,1,1,1,1,1,True,1,1,0,1,1,0,burst,True
s01-r1-burst_trial-0.4,1,1,burst_trial-0.4,burst_trial,0.4,20,322.65200000000004,2,600,1,,,,2,1,2,1,2,1,2,1,True,1,1,0,1,1,0,burst,True
s01-r1-burst_trial-0.4,1,1,burst_trial-0.4,burst_trial,0.4,21,338.52400000000034,2,600,1,,,,1,1,1,1,2,1,2,1,True,0,0,0,1,1,0,burst,True
s01-r1-burst_trial-0.4,1,1,burst_trial-0.4,burst_trial,0.4,22,362.3360000000002,2,600,1,,,,2,1,2,1,2,1,2,1,True,1,1,0,1,1,0,burst,True
s01-r1-burst_trial-0.4,1,1,burst_trial-0.4,burst_trial,0.4,23,379.02800000000025,1,600,1,,,,1,1,1,1,1,1,1,1,True,1,1,0,1,1,0,burst,True
s01-r2-burst_trial-0.1,1,2,burst_trial-0.1,burst_trial,0.1,0,1.0,1,900,1,,,,1,1,1,1,1,1,1,1,True,1,1,0,1,1,0,burst,True
s01-r2-burst_trial-0.1,1,2,burst_trial-0.1,burst_trial,0.1,1,9.012000000000626,1,900,1,,,,1,1,1,1,2,1,2,1,True,1,1,0,0,0,0,burst,True
s01-r2-burst_trial-0.1,1,2,burst_trial-0.1,burst_trial,0.1,2,24.49200000000019,2,900,1,,,,1,1,1,1,2,1,2,1,True,0,0,0,1,1,0,burst,True
s01-r2-burst_trial-0.1,1,2,burst_trial-0.1,burst_trial,0.1,3,32.52399999999943,1,900,1,,,,1,1,1,1,1,1,1,1,True,1,1,0,1,1,0,burst,True
s01-r2-burst_trial-0.1,1,2,burst_trial-0.1,burst_trial,0.1,4,48.63600000000042,1,900,1,,,,1,1,1,1,1,1,1,1,True,1,1,0,1,1,0,burst,True
s01-r2-burst_trial-0.1,1,2,burst_trial-0.1,burst_trial,0.1,5,64.55999999999949,2,900,1,,,,2,1,2,1,2,1,2,1,True,1,1,0,1,1,0,burst,True
s01-r2-burst_trial-0.1,1,2,burst_trial-0.1,burst_trial,0.1,6,80.17599999999948,1,900,1,,,,1,1,1,1,1,1,1,1,True,1,1,0,1,1,0,burst,True
s01-r2-burst_trial-0.1,1,2,burst_trial-0.1,burst_trial,0.1,7,103.42000000000009,1,900,1,,,,1,1,1,1,1,1,1,1,True,1,1,0,1,1,0,burst,True
s01-r2-burst_trial-0.1,1,2,burst_trial-0.1,burst_trial,0.1,8,119.76800000000004,2,900,1,,,,2,1,2,1,2,1,2,1,True,1,1,0,1,1,0,burst,True
s01-r2-burst_trial-0.1,1,2,burst_trial-0.1,burst_trial,0.1,9,160.7520000000004,1,900,1,,,,1,1,1,1,1,1,1,1,True,1,1,0,1,1,0,burst,True
s01-r2-burst_trial-0.1,1,2,burst_trial-0.1,burst_trial,0.1,10,176.71999999999937,2,900,1,,,,2,1,2,1,2,1,2,1,True,1,1,0,1,1,0,burst,True
s01-r2-burst_trial-0.1,1,2,burst_trial-0.1,burst_trial,0.1,11,192.6560000000009,2,900,1,,,,2,1,2,1,2,1,2,1,True,1,1,0,1,1,0,burst,True
s01-r2-burst_trial-0.1,1,2,burst_trial-0.1,burst_trial,0.1,12,200.5,1,900,1,,,,1,1,1,1,1,1,1,1,True,1,1,0,1,1,0,burst,True
s01-r2-burst_trial-0.1,1,2,burst_trial-0.1,burst_trial,0.1,13,216.9320000000007,2,900,1,,,,2,1,1,1,2,1,2,1,True,1,0,1,1,1,0,burst,True
s01-r2-burst_trial-0.1,1,2,burst_trial-0.1,burst_trial,0.1,14,224.83200000000036,1,900,1,,,,1,1,1,1,2,1,1,1,True,1,1,0,0,1,1,burst,True
s01-r2-burst_trial-0.1,1,2,burst_trial-0.1,burst_trial,0.1,15,249.64799999999923,1,900,1,,,,1,1,1,1,1,1,1,1,True,1,1,0,1,1,0,burst,True
s01-r2-burst_trial-0.1,1,2,burst_trial-0.1,burst_trial,0.1,16,282.8079999999991,2,900,1,,,,2,1,2,1,1,1,1,1,True,1,1,0,0,0,0,burst,True
s01-r2-burst_trial-0.1,1,2,burst_trial-0.1,burst_trial,0.1,17,290.88800000000083,1,900,1,,,,1,1,1,1,1,1,1,1,True,1,1,0,1,1,0,burst,True
s01-r2-burst_trial-0.1,1,2,burst_trial-0.1,burst_trial,0.1,18,298.77599999999984,2,900,1,,,,2,1,2,1,2,1,2,1,True,1,1,0,1,1,0,burst,True
s01-r2-burst_trial-0.1,1,2,burst_trial-0.1,burst_trial,0.1,19,314.3279999999995,2,900,1,,,,2,1,2,1,2,1,2,1,True,1,1,0,1,1,0,burst,True
s01-r2-burst_trial-0.1,1,2,burst_trial-0.1,burst_trial,0.1,20,338.52399999999943,2,900,1,,,,2,1,1,1,2,1,1,1,True,1,0,1,1,0,1,burst,True
s01-r2-burst_trial-0.1,1,2,burst_trial-0.1,burst_trial,0.1,21,347.0,2,900,1,,,,1,1,1,1,2,1,2,1,True,0,0,0,1,1,0,burst,True
s01-r2-burst_trial-0.1,1,2,burst_trial-0.1,burst_trial,0.1,22,354.6239999999998,2,900,1,,,,2,1,2,1,2,1,2,1,True,1,1,0,1,1,0,burst,True
s01-r2-burst_trial-0.1,1,2,burst_trial-0.1,burst_trial,0.1,23,379.02800000000025,1,900,1,,,,1,1,1,1,1,1,1,1,True,1,1,0,1,1,0,burst,True
s01-r2-burst_trial-0.25,1,2,burst_trial-0.25,burst_trial,0.25,0,1.0,1,750,1,,,,1,1,1,1,1,1,1,1,True,1,1,0,1,1,0,burst,True
s01-r2-burst_trial-0.25,1,2,burst_trial-0.25,burst_trial,0.25,1,9.012000000000626,1,750,1,,,,2,1,1,1,2,1,2,1,True,0,1,1,0,0,0,burst,True
s01-r2-burst_trial-0.25,1,2,burst_trial-0.25,burst_trial,0.25,2,24.49200000000019,2,750,1,,,,1,1,1,1,2,1,2,1,True,0,0,0,1,1,0,burst,True
s01-r2-burst_trial-0.25,1,2,burst_trial-0.25,burst_trial,0.25,3,32.52399999999943,1,750,1,,,,1,1,1,1,1,1,1,1,True,1,1,0,1,1,0,burst,True
s01-r2-burst_trial-0.25,1,2,burst_trial-0.25,burst_trial,0.25,4,48.63600000000042,1,750,1,,,,1,1,1,1,1,1,1,1,True,1,1,0,1,1,0,burst,True
s01-r2-burst_trial-0.25,1,2,burst_trial-0.25,burst_trial,0.25,5,64.55999999999949,2,750,1,,,,2,1,2,1,2,1,2,1,True,1,1,0,1,1,0,burst,True
s01-r2-burst_trial-0.25,1,2,burst_trial-0.25,burst_trial,0.25,6,80.17599999999948,1,750,1,,,,1,1,1,1,1,1,1,1,True,1,1,0,1,1,0,burst,True
s01-r2-burst_trial-0.25,1,2,burst_trial-0.25,burst_trial,0.25,7,103.42000000000009,1,750,1,,,,1,1,1,1,1,1,1,1,True,1,1,0,1,1,0,burst,True
s01-r2-burst_trial-0.25,1,2,burst_trial-0.25,burst_trial,0.25,8,119.76800000000004,2,750,1,,,,2,1,2,1,2,1,2,1,True,1,1,0,1,1,0,burst,True
s01-r2-burst_trial-0.25,1,2,burst_trial-0.25,burst_trial,0.25,9,160.7520000000004,1,750,1,,,,1,1,1,1,1,1,1,1,True,1,1,0,1,1,0,burst,True
s01-r2-burst_trial-0.25,1,2,burst_trial-0.25,burst_trial,0.25,10,176.71999999999937,2,750,1,,,,2,1,2,1,2,1,2,1,True,1,1,0,1,1,0,burst,True
s01-r2-burst_trial-0.25,1,2,burst_trial-0.25,burst_trial,0.25,11,192.6560000000009,2,750,1,,,,2,1,2,1,2,1,2,1,True,1,1,0,1,1,0,burst,True
s01-r2-burst_trial-0.25,1,2,burst_trial-0.25,burst_trial,0.25,12,200.5,1,750,1,,,,1,1,1,1,1,1,1,1,True,1,1,0,1,1,0,burst,True
s01-r2-burst_trial-0.25,1,2,burst_trial-0.25,burst_trial,0.25,13,216.9320000000007,2,750,1,,,,1,1,1,1,1,1,2,1,True,0,0,0,0,1,1,burst,True
s01-r2-burst_trial-0.25,1,2,burst_trial-0.25,burst_trial,0.25,14,224.83200000000036,1,750,1,,,,1,1,1,1,2,1,1,1,True,1,1,0,0,1,1,burst,True
s01-r2-burst_trial-0.25,1,2,burst_trial-0.25,burst_trial,0.25,15,249.64799999999923,1,750,1,,,,1,1,1,1,1,1,1,1,True,1,1,0,1,1,0,burst,True
s01-r2-burst_trial-0.25,1,2,burst_trial-0.25,burst_trial,0.25,16,282.8080000000009,2,750,1,,,,1,1,2,1,2,1,1,1,True,0,1,1,1,0,1,burst,True
s01-r2-burst_trial-0.25,1,2,burst_trial-0.25,burst_trial,0.25,17,290.88800000000083,1,750,1,,,,1,1,1,1,1,1,1,1,True,1,1,0,1,1,0,burst,True
s01-r2-burst_trial-0.25,1,2,burst_trial-0.25,burst_trial,0.25,18,298.77599999999984,2,750,1,,,,2,1,2,1,2,1,2,1,True,1,1,0,1,1,0,burst,True
s01-r2-burst_trial-0.25,1,2,burst_trial-0.25,burst_trial,0.25,19,314.3279999999995,2,750,1,,,,2,1,2,1,2,1,2,1,True,1,1,0,1,1,0,burst,True
s01-r2-burst_trial-0.25,1,2,burst_trial-0.25,burst_trial,0.25,20,338.52399999999943,2,750,1,,,,1,1,1,1,2,1,1,1,True,0,0,0,1,0,1,burst,True
s01-r2-burst_trial-0.25,1,2,burst_trial-0.25,burst_trial,0.25,21,347.0,2,750,1,,,,1,1,1,1,2,1,2,1,True,0,0,0,1,1,0,burst,True
s01-r2-burst_trial-0.25,1,2,burst_trial-0.25,burst_trial,0.25,22,354.6239999999998,2,750,1,,,,2,1,2,1,2,1,2,1,True,1,1,0,1,1,0,burst,True
s01-r2-burst_trial-0.25,1,2,burst_trial-0.25,burst_trial,0.25,23,379.02800000000025,1,750,1,,,,1,1,1,1,1,1,1,1,True,1,1,0,1,1,0,burst,True
s01-r2-burst_trial-0.4,1,2,burst_trial-0.4,burst_trial,0.4,0,1.0,1,600,1,,,,1,1,1,1,1,1,1,1,True,1,1,0,1,1,0,burst,True
s01-r2-burst_trial-0.4,1,2,burst_trial-0.4,burst_trial,0.4,1,9.012000000000626,1,600,1,,,,2,1,1,1,2,1,2,1,True,0,1,1,0,0,0,burst,True
s01-r2-burst_trial-0.4,1,2,burst_trial-0.4,burst_trial,0.4,2,24.49200000000019,2,600,1,,,,1,1,1,1,2,1,2,1,True,0,0,0,1,1,0,burst,True
s01-r2-burst_trial-0.4,1,2,burst_trial-0.4,burst_trial,0.4,3,32.52399999999943,1,600,1,,,,1,1,1,1,1,1,1,1,True,1,1,0,1,1,0,burst,True
s01-r2-burst_trial-0.4,1,2,burst_trial-0.4,burst_trial,0.4,4,48.63600000000042,1,600,1,,,,1,1,1,1,2,1,1,1,True,1,1,0,0,1,1,burst,True
s01-r2-burst_trial-0.4,1,2,burst_trial-0.4,burst_trial,0.4,5,64.55999999999949,2,600,1,,,,2,1,2,1,2,1,2,1,True,1,1,0,1,1,0,burst,True
s01-r2-burst_trial-0.4,1,2,burst_trial-0.4,burst_trial,0.4,6,80.17599999999948,1,600,1,,,,1,1,1,1,1,1,1,1,True,1,1,0,1,1,0,burst,True
s01-r2-burst_trial-0.4,1,2,burst_trial-0.4,burst_trial,0.4,7,103.42000000000009,1,600,1,,,,1,1,1,1,1,1,1,1,True,1,1,0,1,1,0,burst,True
s01-r2-burst_trial-0.4,1,2,burst_trial-0.4,burst_trial,0.4,8,119.76800000000004,2,600,1,,,,2,1,2,1,2,1,2,1,True,1,1,0,1,1,0,burst,True
s01-r2-burst_trial-0.4,1,2,burst_trial-0.4,burst_trial,0.4,9,160.7520000000004,1,600,1,,,,1,1,1,1,2,1,1,1,True,1,1,0,0,1,1,burst,True
s01-r2-burst_trial-0.4,1,2,burst_trial-0.4,burst_trial,0.4,10,176.71999999999937,2,600,1,,,,2,1,2,1,2,1,2,1,True,1,1,0,1,1,0,burst,True
s01-r2-burst_trial-0.4,1,2,burst_trial-0.4,burst_trial,0.4,11,192.6560000000009,2,600,1,,,,1,1,2,1,2,1,2,1,True,0,1,1,1,1,0,burst,True
s01-r2-burst_trial-0.4,1,2,burst_trial-0.4,burst_trial,0.4,12,200.5,1,600,1,,,,1,1,1,1,1,1,1,1,True,1,1,0,1,1,0,burst,True
s01-r2-burst_trial-0.4,1,2,burst_trial-0.4,burst_trial,0.4,13,216.9320000000007,2,600,1,,,,1,1,1,1,2,1,2,1,True,0,0,0,1,1,0,burst,True
s01-r2-burst_trial-0.4,1,2,burst_trial-0.4,burst_trial,0.4,14,224.83200000000036,1,600,1,,,,1,1,1,1,2,1,1,1,True,1,1,0,0,1,1,burst,True
s01-r2-burst_trial-0.4,1,2,burst_trial-0.4,burst_trial,0.4,15,249.64799999999923,1,600,1,,,,1,1,1,1,1,1,1,1,True,1,1,0,1,1,0,burst,True
s01-r2-burst_trial-0.4,1,2,burst_trial-0.4,burst_trial,0.4,16,282.8079999999991,2,600,1,,,,1,1,2,1,2,1,1,1,True,0,1,1,1,0,1,burst,True
s01-r2-burst_trial-0.4,1,2,burst_trial-0.4,burst_trial,0.4,17,290.88800000000083,1,600,1,,,,1,1,1,1,1,1,1,1,True,1,1,0,1,1,0,burst,True
s01-r2-burst_trial-0.4,1,2,burst_trial-0.4,burst_trial,0.4,18,298.77599999999984,2,600,1,,,,2,1,2,1,2,1,2,1,True,1,1,0,1,1,0,burst,True
s01-r2-burst_trial-0.4,1,2,burst_trial-0.4,burst_trial,0.4,19,314.3279999999995,2,600,1,,,,1,1,2,1,2,1,2,1,True,0,1,1,1,1,0,burst,True
s01-r2-burst_trial-0.4,1,2,burst_trial-0.4,burst_trial,0.4,20,338.52399999999943,2,600,1,,,,1,1,1,1,1,1,1,1,True,0,0,0,0,0,0,burst,True
s01-r2-burst_trial-0.4,1,2,burst_trial-0.4,burst_trial,0.4,21,347.0,2,600,1,,,,1,1,1,1,2,1,2,1,True,0,0,0,1,1,0,burst,True
s01-r2-burst_trial-0.4,1,2,burst_trial-0.4,burst_trial,0.4,22,354.6239999999998,2,600,1,,,,2,1,2,1,2,1,2,1,True,1,1,0,1,1,0,burst,True
s01-r2-burst_trial-0.4,1,2,burst_trial-0.4,burst_trial,0.4,23,379.02800000000025,1,600,1,,,,1,1,1,1,2,1,1,1,True,1,1,0,0,1,1,burst,True
s01-r3-burst_trial-0.1,1,3,burst_trial-0.1,burst_trial,0.1,0,1.0,2,900,1,,,,1,1,2,1,2,1,2,1,True,0,1,1,1,1,0,burst,True
s01-r3-burst_trial-0.1,1,3,burst_trial-0.1,burst_trial,0.1,1,16.684000000001106,1,900,1,,,,1,1,1,1,2,1,2,1,True,1,1,0,0,0,0,burst,True
s01-r3-burst_trial-0.1,1,3,burst_trial-0.1,burst_trial,0.1,2,48.6359999999986,1,900,1,,,,1,1,1,1,1,1,1,1,True,1,1,0,1,1,0,burst,True
s01-r3-burst_trial-0.1,1,3,burst_trial-0.1,burst_trial,0.1,3,56.83599999999933,1,900,1,,,,1,1,1,1,1,1,1,1,True,1,1,0,1,1,0,burst,True
s01-r3-burst_trial-0.1,1,3,burst_trial-0.1,burst_trial,0.1,4,72.55199999999968,2,900,1,,,,2,1,2,1,2,1,2,1,True,1,1,0,1,1,0,burst,True
s01-r3-burst_trial-0.1,1,3,burst_trial-0.1,burst_trial,0.1,5,103.41999999999824,2,900,1,,,,1,1,1,1,2,1,2,1,True,0,0,0,1,1,0,burst,True
s01-r3-burst_trial-0.1,1,3,burst_trial-0.1,burst_trial,0.1,6,111.28800000000048,1,900,1,,,,1,1,1,1,2,1,2,1,True,1,1,0,0,0,0,burst,True
s01-r3-burst_trial-0.1,1,3,burst_trial-0.1,burst_trial,0.1,7,127.79999999999929,2,900,1,,,,2,1,2,1,2,1,2,1,True,1,1,0,1,1,0,burst,True
s01-r3-burst_trial-0.1,1,3,burst_trial-0.1,burst_trial,0.1,8,144.20799999999872,1,900,1,,,,1,1,1,1,2,1,1,1,True,1,1,0,0,1,1,burst,True
s01-r3-burst_trial-0.1,1,3,burst_trial-0.1,burst_trial,0.1,9,169.07200000000012,2,900,1,,,,2,1,2,1,2,1,2,1,True,1,1,0,1,1,0,burst,True
s01-r3-burst_trial-0.1,1,3,burst_trial-0.1,burst_trial,0.1,10,192.65599999999904,1,900,1,,,,1,1,1,1,1,1,1,1,True,1,1,0,1,1,0,burst,True
s01-r3-burst_trial-0.1,1,3,burst_trial-0.1,burst_trial,0.1,11,200.5,2,900,1,,,,2,1,2,1,2,1,2,1,True,1,1,0,1,1,0,burst,True
s01-r3-burst_trial-0.1,1,3,burst_trial-0.1,burst_trial,0.1,12,208.91600000000108,2,900,1,,,,1,1,1,1,2,1,2,1,True,0,0,0,1,1,0,burst,True
s01-r3-burst_trial-0.1,1,3,burst_trial-0.1,burst_trial,0.1,13,232.9360000000015,2,900,1,,,,2,1,2,1,2,1,2,1,True,1,1,0,1,1,0,burst,True
s01-r3-burst_trial-0.1,1,3,burst_trial-0.1,burst_trial,0.1,14,241.2200000000012,1,900,1,,,,1,1,1,1,1,1,1,1,True,1,1,0,1,1,0,burst,True
s01-r3-burst_trial-0.1,1,3,burst_trial-0.1,burst_trial,0.1,15,249.64800000000105,1,900,1,,,,1,1,1,1,1,1,1,1,True,1,1,0,1,1,0,burst,True
s01-r3-burst_trial-0.1,1,3,burst_trial-0.1,burst_trial,0.1,16,266.380000000001,2,900,1,,,,2,1,2,1,2,1,2,1,True,1,1,0,1,1,0,burst,True
s01-r3-burst_trial-0.1,1,3,burst_trial-0.1,burst_trial,0.1,17,274.5519999999997,1,900,1,,,,1,1,1,1,1,1,1,1,True,1,1,0,1,1,0,burst,True
s01-r3-burst_trial-0.1,1,3,burst_trial-0.1,burst_trial,0.1,18,290.887999999999,2,900,1,,,,1,1,2,1,2,1,2,1,True,0,1,1,1,1,0,burst,True
s01-r3-burst_trial-0.1,1,3,burst_trial-0.1,burst_trial,0.1,19,298.77600000000166,2,900,1,,,,1,1,1,1,2,1,2,1,True,0,0,0,1,1,0,burst,True
s01-r3-burst_trial-0.1,1,3,burst_trial-0.1,burst_trial,0.1,20,314.32800000000134,1,900,1,,,,1,1,1,1,1,1,1,1,True,1,1,0,1,1,0,burst,True
s01-r3-burst_trial-0.1,1,3,burst_trial-0.1,burst_trial,0.1,21,362.3359999999993,1,900,1,,,,1,1,1,1,1,1,1,1,True,1,1,0,1,1,0,burst,True
s01-r3-burst_trial-0.1,1,3,burst_trial-0.1,burst_trial,0.1,22,370.7920000000013,2,900,1,,,,2,1,2,1,2,1,2,1,True,1,1,0,1,1,0,burst,True
s01-r3-burst_trial-0.1,1,3,burst_trial-0.1,burst_trial,0.1,23,379.0279999999984,1,900,1,,,,1,1,1,1,1,1,1,1,True,1,1,0,1,1,0,burst,True
s01-r3-burst_trial-0.25,1,3,burst_trial-0.25,burst_trial,0.25,0,1.0,2,750,1,,,,1,1,2,1,2,1,2,1,True,0,1,1,1,1,0,burst,True
s01-r3-burst_trial-0.25,1,3,burst_trial-0.25,burst_trial,0.25,1,16.684000000001106,1,750,1,,,,1,1,1,1,2,1,2,1,True,1,1,0,0,0,0,burst,True
s01-r3-burst_trial-0.25,1,3,burst_trial-0.25,burst_trial,0.25,2,48.6359999999986,1,750,1,,,,1,1,1,1,1,1,1,1,True,1,1,0,1,1,0,burst,True
s01-r3-burst_trial-0.25,1,3,burst_trial-0.25,burst_trial,0.25,3,56.83599999999933,1,750,1,,,,1,1,1,1,1,1,1,1,True,1,1,0,1,1,0,burst,True
s01-r3-burst_trial-0.25,1,3,burst_trial-0.25,burst_trial,0.25,4,72.55199999999968,2,750,1,,,,2,1,2,1,2,1,2,1,True,1,1,0,1,1,0,burst,True
s01-r3-burst_trial-0.25,1,3,burst_trial-0.25,burst_trial,0.25,5,103.41999999999824,2,750,1,,,,1,1,1,1,2,1,2,1,True,0,0,0,1,1,0,burst,True
s01-r3-burst_trial-0.25,1,3,burst_trial-0.25,burst_trial,0.25,6,111.28800000000048,1,750,1,,,,1,1,1,1,2,1,2,1,True,1,1,0,0,0,0,burst,True
s01-r3-burst_trial-0.25,1,3,burst_trial-0.25,burst_trial,0.25,7,127.79999999999929,2,750,1,,,,2,1,2,1,2,1,2,1,True,1,1,0,1,1,0,burst,True
s01-r3-burst_trial-0.25,1,3,burst_trial-0.25,burst_trial,0.25,8,144.20799999999872,1,750,1,,,,1,1,1,1,2,1,1,1,True,1,1,0,0,1,1,burst,True
s01-r3-burst_trial-0.25,1,3,burst_trial-0.25,burst_trial,0.25,9,169.07200000000012,2,750,1,,,,2,1,2,1,2,1,2,1,True,1,1,0,1,1,0,burst,True
s01-r3-burst_trial-0.25,1,3,burst_trial-0.25,burst_trial,0.25,10,192.65599999999904,1,750,1,,,,1,1,1,1,1,1,1,1,True,1,1,0,1,1,0,burst,True
s01-r3-burst_trial-0.25,1,3,burst_trial-0.25,burst_trial,0.25,11,200.5,2,750,1,,,,2,1,2,1,2,1,2,1,True,1,1,0,1,1,0,burst,True
s01-r3-burst_trial-0.25,1,3,burst_trial-0.25,burst_trial,0.25,12,208.91600000000108,2,750,1,,,,1,1,1,1,2,1,2,1,True,0,0,0,1,1,0,burst,True
s01-r3-burst_trial-0.25,1,3,burst_trial-0.25,burst_trial,0.25,13,232.9360000000015,2,750,1,,,,2,1,2,1,2,1,2,1,True,1,1,0,1,1,0,burst,True
s01-r3-burst_trial-0.25,1,3,burst_trial-0.25,burst_trial,0.25,14,241.2200000000012,1,750,1,,,,1,1,1,1,1,1,1,1,True,1,1,0,1,1,0,burst,True
s01-r3-burst_trial-0.25,1,3,burst_trial-0.25,burst_trial,0.25,15,249.64800000000105,1,750,1,,,,1,1,1,1,1,1,1,1,True,1,1,0,1,1,0,burst,True
s01-r3-burst_trial-0.25,1,3,burst_trial-0.25,burst_trial,0.25,16,266.380000000001,2,750,1,,,,1,1,2,1,2,1,2,1,True,0,1,1,1,1,0,burst,True
s01-r3-burst_trial-0.25,1,3,burst_trial-0.25,burst_trial,0.25,17,274.5519999999997,1,750,1,,,,1,1,1,1,1,1,1,1,True,1,1,0,1,1,0,burst,True
s01-r3-burst_trial-0.25,1,3,burst_trial-0.25,burst_trial,0.25,18,290.887999999999,2,750,1,,,,2,1,2,1,2,1,2,1,True,1,1,0,1,1,0,burst,True
s01-r3-burst_trial-0.25,1,3,burst_trial-0.25,burst_trial,0.25,19,298.77600000000166,2,750,1,,,,1,1,1,1,2,1,2,1,True,0,0,0,1,1,0,burst,True
s01-r3-burst_trial-0.25,1,3,burst_trial-0.25,burst_trial,0.25,20,314.32800000000134,1,750,1,,,,1,1,1,1,2,1,1,1,True,1,1,0,0,1,1,burst,True
s01-r3-burst_trial-0.25,1,3,burst_trial-0.25,burst_trial,0.25,21,362.3359999999993,1,750,1,,,,1,1,1,1,2,1,1,1,True,1,1,0,0,1,1,burst,True
s01-r3-burst_trial-0.25,1,3,burst_trial-0.25,burst_trial,0.25,22,370.7920000000013,2,750,1,,,,2,1,2,1,2,1,2,1,True,1,1,0,1,1,0,burst,True
s01-r3-burst_trial-0.25,1,3,burst_trial-0.25,burst_trial,0.25,23,379.0279999999984,1,750,1,,,,1,1,1,1,1,1,1,1,True,1,1,0,1,1,0,burst,True
s01-r3-burst_trial-0.4,1,3,burst_trial-0.4,burst_trial,0.4,0,1.0,2,600,1,,,,2,1,2,1,2,1,2,1,True,1,1,0,1,1,0,burst,True
s01-r3-burst_trial-0.4,1,3,burst_trial-0.4,burst_trial,0.4,1,16.684000000001106,1,600,1,,,,1,1,1,1,2,1,2,1,True,1,1,0,0,0,0,burst,True
s01-r3-burst_trial-0.4,1,3,burst_trial-0.4,burst_trial,0.4,2,48.6359999999986,1,600,1,,,,1,1,1,1,1,1,1,1,True,1,1,0,1,1,0,burst,True
s01-r3-burst_trial-0.4,1,3,burst_trial-0.4,burst_trial,0.4,3,56.83599999999933,1,600,1,,,,1,1,1,1,1,1,1,1,True,1,1,0,1,1,0,burst,True
s01-r3-burst_trial-0.4,1,3,burst_trial-0.4,burst_trial,0.4,4,72.55199999999968,2,600,1,,,,2,1,2,1,2,1,2,1,True,1,1,0,1,1,0,burst,True
s01-r3-burst_trial-0.4,1,3,burst_trial-0.4,burst_trial,0.4,5,103.41999999999824,2,600,1,,,,1,1,1,1,2,1,2,1,True,0,0,0,1,1,0,burst,True
s01-r3-burst_trial-0.4,1,3,burst_trial-0.4,burst_trial,0.4,6,111.28800000000048,1,600,1,,,,1,1,1,1,2,1,2,1,True,1,1,0,0,0,0,burst,True
s01-r3-burst_trial-0.4,1,3,burst_trial-0.4,burst_trial,0.4,7,127.79999999999929,2,600,1,,,,2,1,2,1,2,1,2,1,True,1,1,0,1,1,0,burst,True
s01-r3-burst_trial-0.4,1,3,burst_trial-0.4,burst_trial,0.4,8,144.20799999999872,1,600,1,,,,1,1,1,1,2,1,1,1,True,1,1,0,0,1,1,burst,True
s01-r3-burst_trial-0.4,1,3,burst_trial-0.4,burst_trial,0.4,9,169.07200000000012,2,600,1,,,,2,1,2,1,2,1,2,1,True,1,1,0,1,1,0,burst,True
s01-r3-burst_trial-0.4,1,3,burst_trial-0.4,burst_trial,0.4,10,192.65599999999904,1,600,1,,,,1,1,1,1,1,1,1,1,True,1,1,0,1,1,0,burst,True
s01-r3-burst_trial-0.4,1,3,burst_trial-0.4,burst_trial,0.4,11,200.5,2,600,1,,,,2,1,2,1,2,1,2,1,True,1,1,0,1,1,0,burst,True
s01-r3-burst_trial-0.4,1,3,burst_trial-0.4,burst_trial,0.4,12,208.91600000000108,2,600,1,,,,1,1,1,1,2,1,2,1,True,0,0,0,1,1,0,burst,True
s01-r3-burst_trial-0.4,1,3,burst_trial-0.4,burst_trial,0.4,13,232.9360000000015,2,600,1,,,,2,1,2,1,2,1,2,1,True,1,1,0,1,1,0,burst,True
s01-r3-burst_trial-0.4,1,3,burst_trial-0.4,burst_trial,0.4,14,241.2200000000012,1,600,1,,,,1,1,1,1,1,1,1,1,True,1,1,0,1,1,0,burst,True
s01-r3-burst_trial-0.4,1,3,burst_trial-0.4,burst_trial,0.4,15,249.64800000000105,1,600,1,,,,1,1,1,1,1,1,1,1,True,1,1,0,1,1,0,burst,True
s01-r3-burst_trial-0.4,1,3,burst_trial-0.4,burst_trial,0.4,16,266.380000000001,2,600,1,,,,1,1,2,1,2,1,2,1,True,0,1,1,1,1,0,burst,True
s01-r3-burst_trial-0.4,1,3,burst_trial-0.4,burst_trial,0.4,17,274.5519999999997,1,600,1,,,,1,1,1,1,2,1,1,1,True,1,1,0,0,1,1,burst,True
s01-r3-burst_trial-0.4,1,3,burst_trial-0.4,burst_trial,0.4,18,290.887999999999,2,600,1,,,,1,1,2,1,2,1,2,1,True,0,1,1,1,1,0,burst,True
s01-r3-burst_trial-0.4,1,3,burst_trial-0.4,burst_trial,0.4,19,298.77600000000166,2,600,1,,,,1,1,1,1,2,1,2,1,True,0,0,0,1,1,0,burst,True
s01-r3-burst_trial-0.4,1,3,burst_trial-0.4,burst_trial,0.4,20,314.32800000000134,1,600,1,,,,1,1,1,1,2,1,1,1,True,1,1,0,0,1,1,burst,True
s01-r3-burst_trial-0.4,1,3,burst_trial-0.4,burst_trial,0.4,21,362.3359999999993,1,600,1,,,,1,1,1,1,2,1,1,1,True,1,1,0,0,1,1,burst,True
s01-r3-burst_trial-0.4,1,3,burst_trial-0.4,burst_trial,0.4,22,370.7920000000013,2,600,1,,,,2,1,2,1,2,1,2,1,True,1,1,0,1,1,0,burst,True
s01-r3-burst_trial-0.4,1,3,burst_trial-0.4,burst_trial,0.4,23,379.0279999999984,1,600,1,,,,1,1,1,1,1,1,1,1,True,1,1,0,1,1,0,burst,True
s01-r4-burst_trial-0.1,1,4,burst_trial-0.1,burst_trial,0.1,0,1.0,2,900,1,,,,2,1,1,1,1,1,1,1,True,1,0,1,0,0,0,burst,True
s01-r4-burst_trial-0.1,1,4,burst_trial-0.1,burst_trial,0.1,1,9.011999999998809,1,900,1,,,,1,1,1,1,1,1,1,1,True,1,1,0,1,1,0,burst,True
s01-r4-burst_trial-0.1,1,4,burst_trial-0.1,burst_trial,0.1,2,16.684000000001106,1,900,1,,,,1,1,1,1,2,1,2,1,True,1,1,0,0,0,0,burst,True
s01-r4-burst_trial-0.1,1,4,burst_trial-0.1,burst_trial,0.1,3,40.96800000000076,2,900,1,,,,1,1,1,1,2,1,2,1,True,0,0,0,1,1,0,burst,True
s01-r4-burst_trial-0.1,1,4,burst_trial-0.1,burst_trial,0.1,4,64.56000000000131,1,900,1,,,,1,1,1,1,2,1,2,1,True,1,1,0,0,0,0,burst,True
s01-r4-burst_trial-0.1,1,4,burst_trial-0.1,burst_trial,0.1,5,80.17599999999948,1,900,1,,,,1,1,1,1,1,1,1,1,True,1,1,0,1,1,0,burst,True
s01-r4-burst_trial-0.1,1,4,burst_trial-0.1,burst_trial,0.1,6,87.75600000000122,1,900,1,,,,1,1,1,1,1,1,1,1,True,1,1,0,1,1,0,burst,True
s01-r4-burst_trial-0.1,1,4,burst_trial-0.1,burst_trial,0.1,7,95.64400000000025,2,900,1,,,,1,1,1,1,2,1,2,1,True,0,0,0,1,1,0,burst,True
s01-r4-burst_trial-0.1,1,4,burst_trial-0.1,burst_trial,0.1,8,119.76800000000004,2,900,1,,,,2,1,2,1,2,1,2,1,True,1,1,0,1,1,0,burst,True
s01-r4-burst_trial-0.1,1,4,burst_trial-0.1,burst_trial,0.1,9,169.07200000000012,2,900,1,,,,2,1,2,1,2,1,2,1,True,1,1,0,1,1,0,burst,True
s01-r4-burst_trial-0.1,1,4,burst_trial-0.1,burst_trial,0.1,10,176.72000000000116,2,900,1,,,,2,1,2,1,2,1,2,1,True,1,1,0,1,1,0,burst,True
s01-r4-burst_trial-0.1,1,4,burst_trial-0.1,burst_trial,0.1,11,192.65599999999904,1,900,1,,,,1,1,1,1,2,1,1,1,True,1,1,0,0,1,1,burst,True
s01-r4-burst_trial-0.1,1,4,burst_trial-0.1,burst_trial,0.1,12,200.5,2,900,1,,,,2,1,2,1,2,1,2,1,True,1,1,0,1,1,0,burst,True
s01-r4-burst_trial-0.1,1,4,burst_trial-0.1,burst_trial,0.1,13,208.91600000000108,2,900,1,,,,1,1,1,1,2,1,2,1,True,0,0,0,1,1,0,burst,True
s01-r4-burst_trial-0.1,1,4,burst_trial-0.1,burst_trial,0.1,14,216.9320000000007,2,900,1,,,,1,1,1,1,2,1,2,1,True,0,0,0,1,1,0,burst,True
s01-r4-burst_trial-0.1,1,4,burst_trial-0.1,burst_trial,0.1,15,241.2200000000012,1,900,1,,,,1,1,1,1,1,1,1,1,True,1,1,0,1,1,0,burst,True
s01-r4-burst_trial-0.1,1,4,burst_trial-0.1,burst_trial,0.1,16,258.0159999999996,1,900,1,,,,1,1,1,1,2,1,1,1,True,1,1,0,0,1,1,burst,True
s01-r4-burst_trial-0.1,1,4,burst_trial-0.1,burst_trial,0.1,17,274.5519999999997,1,900,1,,,,1,1,1,1,1,1,1,1,True,1,1,0,1,1,0,burst,True
s01-r4-burst_trial-0.1,1,4,burst_trial-0.1,burst_trial,0.1,18,290.887999999999,1,900,1,,,,1,1,1,1,2,1,2,1,True,1,1,0,0,0,0,burst,True
s01-r4-burst_trial-0.1,1,4,burst_trial-0.1,burst_trial,0.1,19,306.6280000000006,1,900,1,,,,1,1,1,1,1,1,1,1,True,1,1,0,1,1,0,burst,True
s01-r4-burst_trial-0.1,1,4,burst_trial-0.1,burst_trial,0.1,20,314.32800000000134,2,900,1,,,,2,1,2,1,2,1,2,1,True,1,1,0,1,1,0,burst,True
s01-r4-burst_trial-0.1,1,4,burst_trial-0.1,burst_trial,0.1,21,347.0,1,900,1,,,,1,1,1,1,1,1,1,1,True,1,1,0,1,1,0,burst,True
s01-r4-burst_trial-0.1,1,4,burst_trial-0.1,burst_trial,0.1,22,354.6239999999998,2,900,1,,,,2,1,2,1,2,1,2,1,True,1,1,0,1,1,0,burst,True
s01-r4-burst_trial-0.1,1,4,burst_trial-0.1,burst_trial,0.1,23,370.7920000000013,2,900,1,,,,1,1,1,1,2,1,2,1,True,0,0,0,1,1,0,burst,True
s01-r4-burst_trial-0.25,1,4,burst_trial-0.25,burst_trial,0.25,0,1.0,2,750,1,,,,1,1,1,1,1,1,1,1,True,0,0,0,0,0,0,burst,True
s01-r4-burst_trial-0.25,1,4,burst_trial-0.25,burst_trial,0.25,1,9.011999999998809,1,750,1,,,,1,1,1,1,1,1,1,1,True,1,1,0,1,1,0,burst,True
s01-r4-burst_trial-0.25,1,4,burst_trial-0.25,burst_trial,0.25,2,16.684000000001106,1,750,1,,,,1,1,1,1,2,1,2,1,True,1,1,0,0,0,0,burst,True
s01-r4-burst_trial-0.25,1,4,burst_trial-0.25,burst_trial,0.25,3,40.96800000000076,2,750,1,,,,1,1,1,1,2,1,2,1,True,0,0,0,1,1,0,burst,True
s01-r4-burst_trial-0.25,1,4,burst_trial-0.25,burst_trial,0.25,4,64.56000000000131,1,750,1,,,,1,1,1,1,2,1,2,1,True,1,1,0,0,0,0,burst,True
s01-r4-burst_trial-0.25,1,4,burst_trial-0.25,burst_trial,0.25,5,80.17599999999948,1,750,1,,,,1,1,1,1,1,1,1,1,True,1,1,0,1,1,0,burst,True
s01-r4-burst_trial-0.25,1,4,burst_trial-0.25,burst_trial,0.25,6,87.75600000000122,1,750,1,,,,1,1,1,1,1,1,1,1,True,1,1,0,1,1,0,burst,True
s01-r4-burst_trial-0.25,1,4,burst_trial-0.25,burst_trial,0.25,7,95.64400000000025,2,750,1,,,,1,1,1,1,2,1,2,1,True,0,0,0,1,1,0,burst,True
s01-r4-burst_trial-0.25,1,4,burst_trial-0.25,burst_trial,0.25,8,119.76800000000004,2,750,1,,,,2,1,2,1,2,1,2,1,True,1,1,0,1,1,0,burst,True
s01-r4-burst_trial-0.25,1,4,burst_trial-0.25,burst_trial,0.25,9,169.07200000000012,2,750,1,,,,1,1,2,1,2,1,2,1,True,0,1,1,1,1,0,burst,True
s01-r4-burst_trial-0.25,1,4,burst_trial-0.25,burst_trial,0.25,10,176.72000000000116,2,750,1,,,,2,1,2,1,2,1,2,1,True,1,1,0,1,1,0,burst,True
s01-r4-burst_trial-0.25,1,4,burst_trial-0.25,burst_trial,0.25,11,192.65599999999904,1,750,1,,,,2,1,1,1,2,1,1,1,True,0,1,1,0,1,1,burst,True
s01-r4-burst_trial-0.25,1,4,burst_trial-0.25,burst_trial,0.25,12,200.5,2,750,1,,,,2,1,2,1,2,1,2,1,True,1,1,0,1,1,0,burst,True
s01-r4-burst_trial-0.25,1,4,burst_trial-0.25,burst_trial,0.25,13,208.91600000000108,2,750,1,,,,2,1,1,1,2,1,2,1,True,1,0,1,1,1,0,burst,True
s01-r4-burst_trial-0.25,1,4,burst_trial-0.25,burst_trial,0.25,14,216.9320000000007,2,750,1,,,,2,1,1,1,2,1,2,1,True,1,0,1,1,1,0,burst,True
s01-r4-burst_trial-0.25,1,4,burst_trial-0.25,burst_trial,0.25,15,241.2200000000012,1,750,1,,,,1,1,1,1,1,1,1,1,True,1,1,0,1,1,0,burst,True
s01-r4-burst_trial-0.25,1,4,burst_trial-0.25,burst_trial,0.25,16,258.0159999999996,1,750,1,,,,1,1,1,1,1,1,1,1,True,1,1,0,1,1,0,burst,True
s01-r4-burst_trial-0.25,1,4,burst_trial-0.25,burst_trial,0.25,17,274.5519999999997,1,750,1,,,,1,1,1,1,1,1,1,1,True,1,1,0,1,1,0,burst,True
s01-r4-burst_trial-0.25,1,4,burst_trial-0.25,burst_trial,0.25,18,290.887999999999,1,750,1,,,,1,1,1,1,2,1,2,1,True,1,1,0,0,0,0,burst,True
s01-r4-burst_trial-0.25,1,4,burst_trial-0.25,burst_trial,0.25,19,306.6280000000006,1,750,1,,,,1,1,1,1,2,1,1,1,True,1,1,0,0,1,1,burst,True
s01-r4-burst_trial-0.25,1,4,burst_trial-0.25,burst_trial,0.25,20,314.32800000000134,2,750,1,,,,2,1,2,1,2,1,2,1,True,1,1,0,1,1,0,burst,True
s01-r4-burst_trial-0.25,1,4,burst_trial-0.25,burst_trial,0.25,21,347.0,1,750,1,,,,1,1,1,1,1,1,1,1,True,1,1,0,1,1,0,burst,True
s01-r4-burst_trial-0.25,1,4,burst_trial-0.25,burst_trial,0.25,22,354.6239999999998,2,750,1,,,,2,1,2,1,2,1,2,1,True,1,1,0,1,1,0,burst,True
s01-r4-burst_trial-0.25,1,4,burst_trial-0.25,burst_trial,0.25,23,370.7920000000013,2,750,1,,,,1,1,1,1,2,1,2,1,True,0,0,0,1,1,0,burst,True
s01-r4-burst_trial-0.4,1,4,burst_trial-0.4,burst_trial,0.4,0,1.0,2,600,1,,,,2,1,1,1,2,1,1,1,True,1,0,1,1,0,1,burst,True
s01-r4-burst_trial-0.4,1,4,burst_trial-0.4,burst_trial,0.4,1,9.011999999998809,1,600,1,,,,1,1,1,1,1,1,1,1,True,1,1,0,1,1,0,burst,True
s01-r4-burst_trial-0.4,1,4,burst_trial-0.4,burst_trial,0.4,2,16.684000000001106,1,600,1,,,,1,1,1,1,2,1,2,1,True,1,1,0,0,0,0,burst,True
s01-r4-burst_trial-0.4,1,4,burst_trial-0.4,burst_trial,0.4,3,40.96800000000076,2,600,1,,,,1,1,1,1,2,1,2,1,True,0,0,0,1,1,0,burst,True
s01-r4-burst_trial-0.4,1,4,burst_trial-0.4,burst_trial,0.4,4,64.56000000000131,1,600,1,,,,1,1,1,1,2,1,2,1,True,1,1,0,0,0,0,burst,True
s01-r4-burst_trial-0.4,1,4,burst_trial-0.4,burst_trial,0.4,5,80.17599999999948,1,600,1,,,,1,1,1,1,1,1,1,1,True,1,1,0,1,1,0,burst,True
s01-r4-burst_trial-0.4,1,4,burst_trial-0.4,burst_trial,0.4,6,87.75600000000122,1,600,1,,,,2,1,1,1,2,1,1,1,True,0,1,1,0,1,1,burst,True
s01-r4-burst_trial-0.4,1,4,burst_trial-0.4,burst_trial,0.4,7,95.64400000000025,2,600,1,,,,1,1,1,1,2,1,2,1,True,0,0,0,1,1,0,burst,True
s01-r4-burst_trial-0.4,1,4,burst_trial-0.4,burst_trial,0.4,8,119.76800000000004,2,600,1,,,,2,1,2,1,2,1,2,1,True,1,1,0,1,1,0,burst,True
s01-r4-burst_trial-0.4,1,4,burst_trial-0.4,burst_trial,0.4,9,169.07200000000012,2,600,1,,,,2,1,2,1,2,1,2,1,True,1,1,0,1,1,0,burst,True
s01-r4-burst_trial-0.4,1,4,burst_trial-0.4,burst_trial,0.4,10,176.72000000000116,2,600,1,,,,1,1,2,1,2,1,2,1,True,0,1,1,1,1,0,burst,True
s01-r4-burst_trial-0.4,1,4,burst_trial-0.4,burst_trial,0.4,11,192.65599999999904,1,600,1,,,,1,1,1,1,2,1,1,1,True,1,1,0,0,1,1,burst,True
s01-r4-burst_trial-0.4,1,4,burst_trial-0.4,burst_trial,0.4,12,200.5,2,600,1,,,,2,1,2,1,2,1,2,1,True,1,1,0,1,1,0,burst,True
s01-r4-burst_trial-0.4,1,4,burst_trial-0.4,burst_trial,0.4,13,208.91600000000108,2,600,1,,,,1,1,1,1,2,1,2,1,True,0,0,0,1,1,0,burst,True
s01-r4-burst_trial-0.4,1,4,burst_trial-0.4,burst_trial,0.4,14,216.9320000000007,2,600,1,,,,1,1,1,1,2,1,2,1,True,0,0,0,1,1,0,burst,True
s01-r4-burst_trial-0.4,1,4,burst_trial-0.4,burst_trial,0.4,15,241.2200000000012,1,600,1,,,,1,1,1,1,2,1,1,1,True,1,1,0,0,1,1,burst,True
s01-r4-burst_trial-0.4,1,4,burst_trial-0.4,burst_trial,0.4,16,258.0159999999996,1,600,1,,,,2,1,1,1,2,1,1,1,True,0,1,1,0,1,1,burst,True
s01-r4-burst_trial-0.4,1,4,burst_trial-0.4,burst_trial,0.4,17,274.5519999999997,1,600,1,,,,1,1,1,1,1,1,1,1,True,1,1,0,1,1,0,burst,True
s01-r4-burst_trial-0.4,1,4,burst_trial-0.4,burst_trial,0.4,18,290.887999999999,1,600,1,,,,1,1,1,1,2,1,2,1,True,1,1,0,0,0,0,burst,True
s01-r4-burst_trial-0.4,1,4,burst_trial-0.4,burst_trial,0.4,19,306.6280000000006,1,600,1,,,,1,1,1,1,2,1,1,1,True,1,1,0,0,1,1,burst,True
s01-r4-burst_trial-0.4,1,4,burst_trial-0.4,burst_trial,0.4,20,314.32800000000134,2,600,1,,,,2,1,2,1,2,1,2,1,True,1,1,0,1,1,0,burst,True
s01-r4-burst_trial-0.4,1,4,burst_trial-0.4,burst_trial,0.4,21,347.0,1,600,1,,,,1,1,1,1,1,1,1,1,True,1,1,0,1,1,0,burst,True
s01-r4-burst_trial-0.4,1,4,burst_trial-0.4,burst_trial,0.4,22,354.6239999999998,2,600,1,,,,2,1,2,1,2,1,2,1,True,1,1,0,1,1,0,burst,True
s01-r4-burst_trial-0.4,1,4,burst_trial-0.4,burst_trial,0.4,23,370.7920000000013,2,600,1,,,,1,1,1,1,2,1,2,1,True,0,0,0,1,1,0,burst,True
s02-r0-burst_trial-0.1,2,0,burst_trial-0.1,burst_trial,0.1,0,1.0,1,900,1,,,,1,1,1,1,2,1,2,1,True,1,1,0,0,0,0,burst,True
s02-r0-burst_trial-0.1,2,0,burst_trial-0.1,burst_trial,0.1,1,9.011999999999944,2,900,1,,,,2,1,2,1,2,1,2,1,True,1,1,0,1,1,0,burst,True
s02-r0-burst_trial-0.1,2,0,burst_trial-0.1,burst_trial,0.1,2,16.68399999999997,2,900,1,,,,1,1,1,1,2,1,2,1,True,0,0,0,1,1,0,burst,True
s02-r0-burst_trial-0.1,2,0,burst_trial-0.1,burst_trial,0.1,3,24.49199999999996,1,900,1,,,,2,1,2,1,1,1,1,1,True,0,0,0,1,1,0,burst,True
s02-r0-burst_trial-0.1,2,0,burst_trial-0.1,burst_trial,0.1,4,32.524000000000115,2,900,1,,,,1,1,2,1,2,1,1,1,True,0,1,1,1,0,1,burst,True
s02-r0-burst_trial-0.1,2,0,burst_trial-0.1,burst_trial,0.1,5,40.96800000000008,1,900,1,,,,1,1,1,1,1,1,1,1,True,1,1,0,1,1,0,burst,True
s02-r0-burst_trial-0.1,2,0,burst_trial-0.1,burst_trial,0.1,6,48.63599999999997,2,900,1,,,,1,1,1,1,1,1,1,1,True,0,0,0,0,0,0,burst,True
s02-r0-burst_trial-0.1,2,0,burst_trial-0.1,burst_trial,0.1,7,64.55999999999995,2,900,1,,,,1,1,1,1,1,1,1,1,True,0,0,0,0,0,0,burst,True
s02-r0-burst_trial-0.1,2,0,burst_trial-0.1,burst_trial,0.1,8,80.17599999999993,1,900,1,,,,1,1,1,1,2,1,2,1,True,1,1,0,0,0,0,burst,True
s02-r0-burst_trial-0.1,2,0,burst_trial-0.1,burst_trial,0.1,9,95.644,2,900,1,,,,2,1,2,1,1,1,1,1,True,1,1,0,0,0,0,burst,True
s02-r0-burst_trial-0.1,2,0,burst_trial-0.1,burst_trial,0.1,10,103.42000000000009,1,900,1,,,,2,1,1,1,1,1,1,1,True,0,1,1,1,1,0,burst,True
s02-r0-burst_trial-0.1,2,0,burst_trial-0.1,burst_trial,0.1,11,152.47199999999998,1,900,1,,,,2,1,2,1,1,1,1,1,True,0,0,0,1,1,0,burst,True
s02-r0-burst_trial-0.1,2,0,burst_trial-0.1,burst_trial,0.1,12,169.0719999999999,2,900,1,,,,2,1,2,1,2,1,2,1,True,1,1,0,1,1,0,burst,True
s02-r0-burst_trial-0.1,2,0,burst_trial-0.1,burst_trial,0.1,13,176.72000000000003,1,900,1,,,,1,1,2,1,2,1,2,1,True,1,0,1,0,0,0,burst,True
s02-r0-burst_trial-0.1,2,0,burst_trial-0.1,burst_trial,0.1,14,184.84400000000005,1,900,1,,,,1,1,1,1,1,1,1,1,True,1,1,0,1,1,0,burst,True
s02-r0-burst_trial-0.1,2,0,burst_trial-0.1,burst_trial,0.1,15,208.91599999999997,1,900,1,,,,2,1,2,1,2,1,2,1,True,0,0,0,0,0,0,burst,True
s02-r0-burst_trial-0.1,2,0,burst_trial-0.1,burst_trial,0.1,16,241.22000000000003,1,900,1,,,,2,1,2,1,2,1,2,1,True,0,0,0,0,0,0,burst,True
s02-r0-burst_trial-0.1,2,0,burst_trial-0.1,burst_trial,0.1,17,249.6479999999999,2,900,1,,,,2,1,2,1,1,1,1,1,True,1,1,0,0,0,0,burst,True
s02-r0-burst_trial-0.1,2,0,burst_trial-0.1,burst_trial,0.1,18,258.0160000000001,1,900,1,,,,1,1,1,1,1,1,1,1,True,1,1,0,1,1,0,burst,True
s02-r0-burst_trial-0.1,2,0,burst_trial-0.1,burst_trial,0.1,19,266.3799999999999,2,900,1,,,,2,1,2,1,1,1,2,1,True,1,1,0,0,1,1,burst,True
s02-r0-burst_trial-0.1,2,0,burst_trial-0.1,burst_trial,0.1,20,274.5519999999999,2,900,1,,,,2,1,2,1,2,1,2,1,True,1,1,0,1,1,0,burst,True
s02-r0-burst_trial-0.1,2,0,burst_trial-0.1,burst_trial,0.1,21,282.808,1,900,1,,,,2,1,2,1,1,1,1,1,True,0,0,0,1,1,0,burst,True
s02-r0-burst_trial-0.1,2,0,burst_trial-0.1,burst_trial,0.1,22,290.8879999999999,2,900,1,,,,2,1,1,1,1,1,1,1,True,1,0,1,0,0,0,burst,True
s02-r0-burst_trial-0.1,2,0,burst_trial-0.1,burst_trial,0.1,23,306.628,2,900,1,,,,2,1,2,1,2,1,2,1,True,1,1,0,1,1,0,burst,True
s02-r0-burst_trial-0.25,2,0,burst_trial-0.25,burst_trial,0.25,0,1.0,1,750,1,,,,1,1,1,1,2,1,2,1,True,1,1,0,0,0,0,burst,True
s02-r0-burst_trial-0.25,2,0,burst_trial-0.25,burst_trial,0.25,1,9.011999999999944,2,750,1,,,,2,1,2,1,1,1,2,1,True,1,1,0,0,1,1,burst,True
s02-r0-burst_trial-0.25,2,0,burst_trial-0.25,burst_trial,0.25,2,16.68399999999997,2,750,1,,,,2,1,1,1,2,1,2,1,True,1,0,1,1,1,0,burst,True
s02-r0-burst_trial-0.25,2,0,burst_trial-0.25,burst_trial,0.25,3,24.49199999999996,1,750,1,,,,2,1,2,1,1,1,1,1,True,0,0,0,1,1,0,burst,True
s02-r0-burst_trial-0.25,2,0,burst_trial-0.25,burst_trial,0.25,4,32.524000000000115,2,750,1,,,,2,1,2,1,1,1,1,1,True,1,1,0,0,0,0,burst,True
s02-r0-burst_trial-0.25,2,0,burst_trial-0.25,burst_trial,0.25,5,40.96800000000008,1,750,1,,,,1,1,1,1,2,1,1,1,True,1,1,0,0,1,1,burst,True
s02-r0-burst_trial-0.25,2,0,burst_trial-0.25,burst_trial,0.25,6,48.63599999999997,2,750,1,,,,2,1,1,1,1,1,1,1,True,1,0,1,0,0,0,burst,True
s02-r0-burst_trial-0.25,2,0,burst_trial-0.25,burst_trial,0.25,7,64.55999999999995,2,750,1,,,,1,1,1,1,1,1,1,1,True,0,0,0,0,0,0,burst,True
s02-r0-burst_trial-0.25,2,0,burst_trial-0.25,burst_trial,0.25,8,80.17599999999993,1,750,1,,,,1,1,1,1,2,1,2,1,True,1,1,0,0,0,0,burst,True
s02-r0-burst_trial-0.25,2,0,burst_trial-0.25,burst_trial,0.25,9,95.644,2,750,1,,,,2,1,2,1,1,1,1,1,True,1,1,0,0,0,0,burst,True
s02-r0-burst_trial-0.25,2,0,burst_trial-0.25,burst_trial,0.25,10,103.42000000000009,1,750,1,,,,1,1,1,1,2,1,1,1,True,1,1,0,0,1,1,burst,True
s02-r0-burst_trial-0.25,2,0,burst_trial-0.25,burst_trial,0.25,11,152.47199999999998,1,750,1,,,,1,1,2,1,1,1,1,1,True,1,0,1,1,1,0,burst,True
s02-r0-burst_trial-0.25,2,0,burst_trial-0.25,burst_trial,0.25,12,169.0719999999999,2,750,1,,,,2,1,2,1,2,1,2,1,True,1,1,0,1,1,0,burst,True
s02-r0-burst_trial-0.25,2,0,burst_trial-0.25,burst_trial,0.25,13,176.72000000000003,1,750,1,,,,1,1,2,1,2,1,2,1,True,1,0,1,0,0,0,burst,True
s02-r0-burst_trial-0.25,2,0,burst_trial-0.25,burst_trial,0.25,14,184.84400000000005,1,750,1,,,,1,1,1,1,1,1,1,1,True,1,1,0,1,1,0,burst,True
s02-r0-burst_trial-0.25,2,0,burst_trial-0.25,burst_trial,0.25,15,208.91599999999997,1,750,1,,,,2,1,2,1,2,1,2,1,True,0,0,0,0,0,0,burst,True
s02-r0-burst_trial-0.25,2,0,burst_trial-0.25,burst_trial,0.25,16,241.22000000000003,1,750,1,,,,2,1,2,1,1,1,2,1,True,0,0,0,1,0,1,burst,True
s02-r0-burst_trial-0.25,2,0,burst_trial-0.25,burst_trial,0.25,17,249.6479999999999,2,750,1,,,,2,1,2,1,2,1,1,1,True,1,1,0,1,0,1,burst,True
s02-r0-burst_trial-0.25,2,0,burst_trial-0.25,burst_trial,0.25,18,258.0160000000001,1,750,1,,,,1,1,1,1,1,1,1,1,True,1,1,0,1,1,0,burst,True
s02-r0-burst_trial-0.25,2,0,burst_trial-0.25,burst_trial,0.25,19,266.3799999999999,2,750,1,,,,2,1,2,1,2,1,2,1,True,1,1,0,1,1,0,burst,True
s02-r0-burst_trial-0.25,2,0,burst_trial-0.25,burst_trial,0.25,20,274.5519999999999,2,750,1,,,,2,1,2,1,2,1,2,1,True,1,1,0,1,1,0,burst,True
s02-r0-burst_trial-0.25,2,0,burst_trial-0.25,burst_trial,0.25,21,282.808,1,750,1,,,,2,1,2,1,1,1,1,1,True,0,0,0,1,1,0,burst,True
s02-r0-burst_trial-0.25,2,0,burst_trial-0.25,burst_trial,0.25,22,290.8879999999999,2,750,1,,,,1,1,1,1,1,1,1,1,True,0,0,0,0,0,0,burst,True
s02-r0-burst_trial-0.25,2,0,burst_trial-0.25,burst_trial,0.25,23,306.628,2,750,1,,,,2,1,2,1,2,1,2,1,True,1,1,0,1,1,0,burst,True
s02-r0-burst_trial-0.4,2,0,burst_trial-0.4,burst_trial,0.4,0,1.0,1,600,1,,,,1,1,1,1,2,1,2,1,True,1,1,0,0,0,0,burst,True
s02-r0-burst_trial-0.4,2,0,burst_trial-0.4,burst_trial,0.4,1,9.012000000000056,2,600,1,,,,2,1,2,1,2,1,2,1,True,1,1,0,1,1,0,burst,True
s02-r0-burst_trial-0.4,2,0,burst_trial-0.4,burst_trial,0.4,2,16.68399999999997,2,600,1,,,,1,1,1,1,1,1,2,1,True,0,0,0,0,1,1,burst,True
s02-r0-burst_trial-0.4,2,0,burst_trial-0.4,burst_trial,0.4,3,24.49199999999996,1,600,1,,,,2,1,2,1,1,1,1,1,True,0,0,0,1,1,0,burst,True
s02-r0-burst_trial-0.4,2,0,burst_trial-0.4,burst_trial,0.4,4,32.524,2,600,1,,,,2,1,2,1,1,1,1,1,True,1,1,0,0,0,0,burst,True
s02-r0-burst_trial-0.4,2,0,burst_trial-0.4,burst_trial,0.4,5,40.96799999999996,1,600,1,,,,2,1,1,1,1,1,1,1,True,0,1,1,1,1,0,burst,True
s02-r0-burst_trial-0.4,2,0,burst_trial-0.4,burst_trial,0.4,6,48.63600000000008,2,600,1,,,,1,1,1,1,1,1,1,1,True,0,0,0,0,0,0,burst,True
s02-r0-burst_trial-0.4,2,0,burst_trial-0.4,burst_trial,0.4,7,64.56000000000006,2,600,1,,,,1,1,1,1,1,1,1,1,True,0,0,0,0,0,0,burst,True
s02-r0-burst_trial-0.4,2,0,burst_trial-0.4,burst_trial,0.4,8,80.17600000000004,1,600,1,,,,2,1,1,1,2,1,2,1,True,0,1,1,0,0,0,burst,True
s02-r0-burst_trial-0.4,2,0,burst_trial-0.4,burst_trial,0.4,9,95.64399999999988,2,600,1,,,,2,1,2,1,1,1,1,1,True,1,1,0,0,0,0,burst,True
s02-r0-burst_trial-0.4,2,0,burst_trial-0.4,burst_trial,0.4,10,103.41999999999996,1,600,1,,,,2,1,1,1,1,1,1,1,True,0,1,1,1,1,0,burst,True
s02-r0-burst_trial-0.4,2,0,burst_trial-0.4,burst_trial,0.4,11,152.4720000000001,1,600,1,,,,2,1,2,1,2,1,1,1,True,0,0,0,0,1,1,burst,True
s02-r0-burst_trial-0.4,2,0,burst_trial-0.4,burst_trial,0.4,12,169.072,2,600,1,,,,2,1,2,1,2,1,2,1,True,1,1,0,1,1,0,burst,True
s02-r0-burst_trial-0.4,2,0,burst_trial-0.4,burst_trial,0.4,13,176.7199999999999,1,600,1,,,,1,1,2,1,2,1,2,1,True,1,0,1,0,0,0,burst,True
s02-r0-burst_trial-0.4,2,0,burst_trial-0.4,burst_trial,0.4,14,184.84399999999997,1,600,1,,,,1,1,1,1,1,1,1,1,True,1,1,0,1,1,0,burst,True
s02-r0-burst_trial-0.4,2,0,burst_trial-0.4,burst_trial,0.4,15,208.91600000000005,1,600,1,,,,2,1,2,1,2,1,2,1,True,0,0,0,0,0,0,burst,True
s02-r0-burst_trial-0.4,2,0,burst_trial-0.4,burst_trial,0.4,16,241.2199999999999,1,600,1,,,,2,1,2,1,1,1,2,1,True,0,0,0,1,0,1,burst,True
s02-r0-burst_trial-0.4,2,0,burst_trial-0.4,burst_trial,0.4,17,249.648,2,600,1,,,,2,1,2,1,2,1,1,1,True,1,1,0,1,0,1,burst,True
s02-r0-burst_trial-0.4,2,0,burst_trial-0.4,burst_trial,0.4,18,258.016,1,600,1,,,,2,1,1,1,1,1,1,1,True,0,1,1,1,1,0,burst,True
s02-r0-burst_trial-0.4,2,0,burst_trial-0.4,burst_trial,0.4,19,266.38,2,600,1,,,,2,1,2,1,2,1,2,1,True,1,1,0,1,1,0,burst,True
s02-r0-burst_trial-0.4,2,0,burst_trial-0.4,burst_trial,0.4,20,274.552,2,600,1,,,,2,1,2,1,2,1,2,1,True,1,1,0,1,1,0,burst,True
s02-r0-burst_trial-0.4,2,0,burst_trial-0.4,burst_trial,0.4,21,282.8080000000001,1,600,1,,,,2,1,2,1,1,1,1,1,True,0,0,0,1,1,0,burst,True
s02-r0-burst_trial-0.4,2,0,burst_trial-0.4,burst_trial,0.4,22,290.88800000000003,2,600,1,,,,1,1,1,1,1,1,1,1,True,0,0,0,0,0,0,burst,True
s02-r0-burst_trial-0.4,2,0,burst_trial-0.4,burst_trial,0.4,23,306.62800000000004,2,600,1,,,,2,1,2,1,2,1,2,1,True,1,1,0,1,1,0,burst,True
s02-r1-burst_trial-0.1,2,1,burst_trial-0.1,burst_trial,0.1,0,16.684000000000196,2,900,1,,,,1,1,1,1,1,1,1,1,True,0,0,0,0,0,0,burst,True
s02-r1-burst_trial-0.1,2,1,burst_trial-0.1,burst_trial,0.1,1,24.49200000000019,1,900,1,,,,1,1,1,1,2,1,2,1,True,1,1,0,0,0,0,burst,True
s02-r1-burst_trial-0.1,2,1,burst_trial-0.1,burst_trial,0.1,2,32.52400000000034,1,900,1,,,,1,1,1,1,2,1,1,1,True,1,1,0,0,1,1,burst,True
s02-r1-burst_trial-0.1,2,1,burst_trial-0.1,burst_trial,0.1,3,40.96799999999985,2,900,1,,,,1,1,1,1,2,1,2,1,True,0,0,0,1,1,0,burst,True
s02-r1-burst_trial-0.1,2,1,burst_trial-0.1,burst_trial,0.1,4,64.5600000000004,2,900,1,,,,1,1,1,1,2,1,2,1,True,0,0,0,1,1,0,burst,True
s02-r1-burst_trial-0.1,2,1,burst_trial-0.1,burst_trial,0.1,5,80.17600000000039,1,900,1,,,,1,1,1,1,2,1,2,1,True,1,1,0,0,0,0,burst,True
s02-r1-burst_trial-0.1,2,1,burst_trial-0.1,burst_trial,0.1,6,87.75600000000031,1,900,1,,,,1,1,1,1,1,1,1,1,True,1,1,0,1,1,0,burst,True
s02-r1-burst_trial-0.1,2,1,burst_trial-0.1,burst_trial,0.1,7,95.64400000000025,1,900,1,,,,1,1,1,1,1,1,1,1,True,1,1,0,1,1,0,burst,True
s02-r1-burst_trial-0.1,2,1,burst_trial-0.1,burst_trial,0.1,8,111.28799999999956,2,900,1,,,,1,1,1,1,2,1,2,1,True,0,0,0,1,1,0,burst,True
s02-r1-burst_trial-0.1,2,1,burst_trial-0.1,burst_trial,0.1,9,119.76800000000004,2,900,1,,,,1,1,2,1,2,1,2,1,True,0,1,1,1,1,0,burst,True
s02-r1-burst_trial-0.1,2,1,burst_trial-0.1,burst_trial,0.1,10,127.80000000000018,1,900,1,,,,1,1,1,1,1,1,1,1,True,1,1,0,1,1,0,burst,True
s02-r1-burst_trial-0.1,2,1,burst_trial-0.1,burst_trial,0.1,11,136.0640000000003,1,900,1,,,,1,1,1,1,1,1,1,1,True,1,1,0,1,1,0,burst,True
s02-r1-burst_trial-0.1,2,1,burst_trial-0.1,burst_trial,0.1,12,152.47199999999975,1,900,1,,,,1,1,1,1,2,1,2,1,True,1,1,0,0,0,0,burst,True
s02-r1-burst_trial-0.1,2,1,burst_trial-0.1,burst_trial,0.1,13,160.7520000000004,2,900,1,,,,2,1,2,1,1,1,1,1,True,1,1,0,0,0,0,burst,True
s02-r1-burst_trial-0.1,2,1,burst_trial-0.1,burst_trial,0.1,14,192.65599999999995,1,900,1,,,,1,1,1,1,1,1,1,1,True,1,1,0,1,1,0,burst,True
s02-r1-burst_trial-0.1,2,1,burst_trial-0.1,burst_trial,0.1,15,216.9319999999998,2,900,1,,,,2,1,2,1,1,1,2,1,True,1,1,0,0,1,1,burst,True
s02-r1-burst_trial-0.1,2,1,burst_trial-0.1,burst_trial,0.1,16,241.22000000000023,2,900,1,,,,2,1,2,1,2,1,2,1,True,1,1,0,1,1,0,burst,True
s02-r1-burst_trial-0.1,2,1,burst_trial-0.1,burst_trial,0.1,17,249.6480000000001,1,900,1,,,,1,1,1,1,1,1,2,1,True,1,1,0,1,0,1,burst,True
s02-r1-burst_trial-0.1,2,1,burst_trial-0.1,burst_trial,0.1,18,258.0159999999996,2,900,1,,,,2,1,2,1,2,1,2,1,True,1,1,0,1,1,0,burst,True
s02-r1-burst_trial-0.1,2,1,burst_trial-0.1,burst_trial,0.1,19,306.6279999999997,1,900,1,,,,1,1,2,1,2,1,2,1,True,1,0,1,0,0,0,burst,True
s02-r1-burst_trial-0.1,2,1,burst_trial-0.1,burst_trial,0.1,20,322.65200000000004,2,900,1,,,,2,1,2,1,1,1,1,1,True,1,1,0,0,0,0,burst,True
s02-r1-burst_trial-0.1,2,1,burst_trial-0.1,burst_trial,0.1,21,338.52400000000034,2,900,1,,,,2,1,2,1,1,1,1,1,True,1,1,0,0,0,0,burst,True
s02-r1-burst_trial-0.1,2,1,burst_trial-0.1,burst_trial,0.1,22,362.3360000000002,2,900,1,,,,2,1,1,1,1,1,1,1,True,1,0,1,0,0,0,burst,True
s02-r1-burst_trial-0.1,2,1,burst_trial-0.1,burst_trial,0.1,23,379.02800000000025,1,900,1,,,,2,1,2,1,2,1,2,1,True,0,0,0,0,0,0,burst,True
s02-r1-burst_trial-0.25,2,1,burst_trial-0.25,burst_trial,0.25,0,16.684000000000196,2,750,1,,,,1,1,1,1,1,1,1,1,True,0,0,0,0,0,0,burst,True
s02-r1-burst_trial-0.25,2,1,burst_trial-0.25,burst_trial,0.25,1,24.49200000000019,1,750,1,,,,1,1,1,1,2,1,2,1,True,1,1,0,0,0,0,burst,True
s02-r1-burst_trial-0.25,2,1,burst_trial-0.25,burst_trial,0.25,2,32.52400000000034,1,750,1,,,,1,1,1,1,1,1,1,1,True,1,1,0,1,1,0,burst,True
s02-r1-burst_trial-0.25,2,1,burst_trial-0.25,burst_trial,0.25,3,40.96799999999985,2,750,1,,,,1,1,1,1,2,1,2,1,True,0,0,0,1,1,0,burst,True
s02-r1-burst_trial-0.25,2,1,burst_trial-0.25,burst_trial,0.25,4,64.5600000000004,2,750,1,,,,1,1,1,1,1,1,2,1,True,0,0,0,0,1,1,burst,True
s02-r1-burst_trial-0.25,2,1,burst_trial-0.25,burst_trial,0.25,5,80.17600000000039,1,750,1,,,,1,1,1,1,2,1,2,1,True,1,1,0,0,0,0,burst,True
s02-r1-burst_trial-0.25,2,1,burst_trial-0.25,burst_trial,0.25,6,87.75600000000031,1,750,1,,,,1,1,1,1,1,1,1,1,True,1,1,0,1,1,0,burst,True
s02-r1-burst_trial-0.25,2,1,burst_trial-0.25,burst_trial,0.25,7,95.64400000000025,1,750,1,,,,1,1,1,1,1,1,1,1,True,1,1,0,1,1,0,burst,True
s02-r1-burst_trial-0.25,2,1,burst_trial-0.25,burst_trial,0.25,8,111.28799999999956,2,750,1,,,,1,1,1,1,2,1,2,1,True,0,0,0,1,1,0,burst,True
s02-r1-burst_trial-0.25,2,1,burst_trial-0.25,burst_trial,0.25,9,119.76800000000004,2,750,1,,,,2,1,2,1,2,1,2,1,True,1,1,0,1,1,0,burst,True
s02-r1-burst_trial-0.25,2,1,burst_trial-0.25,burst_trial,0.25,10,127.80000000000018,1,750,1,,,,1,1,1,1,1,1,1,1,True,1,1,0,1,1,0,burst,True
s02-r1-burst_trial-0.25,2,1,burst_trial-0.25,burst_trial,0.25,11,136.0640000000003,1,750,1,,,,2,1,1,1,1,1,1,1,True,0,1,1,1,1,0,burst,True
s02-r1-burst_trial-0.25,2,1,burst_trial-0.25,burst_trial,0.25,12,152.47199999999975,1,750,1,,,,1,1,1,1,2,1,2,1,True,1,1,0,0,0,0,burst,True
s02-r1-burst_trial-0.25,2,1,burst_trial-0.25,burst_trial,0.25,13,160.7520000000004,2,750,1,,,,2,1,2,1,1,1,1,1,True,1,1,0,0,0,0,burst,True
s02-r1-burst_trial-0.25,2,1,burst_trial-0.25,burst_trial,0.25,14,192.65599999999995,1,750,1,,,,1,1,1,1,1,1,1,1,True,1,1,0,1,1,0,burst,True
s02-r1-burst_trial-0.25,2,1,burst_trial-0.25,burst_trial,0.25,15,216.9319999999998,2,750,1,,,,2,1,2,1,2,1,2,1,True,1,1,0,1,1,0,burst,True
s02-r1-burst_trial-0.25,2,1,burst_trial-0.25,burst_trial,0.25,16,241.22000000000023,2,750,1,,,,1,1,2,1,2,1,2,1,True,0,1,1,1,1,0,burst,True
s02-r1-burst_trial-0.25,2,1,burst_trial-0.25,burst_trial,0.25,17,249.6480000000001,1,750,1,,,,1,1,1,1,2,1,2,1,True,1,1,0,0,0,0,burst,True
s02-r1-burst_trial-0.25,2,1,burst_trial-0.25,burst_trial,0.25,18,258.0159999999996,2,750,1,,,,2,1,2,1,2,1,2,1,True,1,1,0,1,1,0,burst,True
s02-r1-burst_trial-0.25,2,1,burst_trial-0.25,burst_trial,0.25,19,306.6279999999997,1,750,1,,,,1,1,2,1,2,1,2,1,True,1,0,1,0,0,0,burst,True
s02-r1-burst_trial-0.25,2,1,burst_trial-0.25,burst_trial,0.25,20,322.65200000000004,2,750,1,,,,2,1,2,1,1,1,1,1,True,1,1,0,0,0,0,burst,True
s02-r1-burst_trial-0.25,2,1,burst_trial-0.25,burst_trial,0.25,21,338.52400000000034,2,750,1,,,,2,1,2,1,1,1,1,1,True,1,1,0,0,0,0,burst,True
s02-r1-burst_trial-0.25,2,1,burst_trial-0.25,burst_trial,0.25,22,362.3360000000002,2,750,1,,,,2,1,1,1,1,1,1,1,True,1,0,1,0,0,0,burst,True
s02-r1-burst_trial-0.25,2,1,burst_trial-0.25,burst_trial,0.25,23,379.02800000000025,1,750,1,,,,1,1,2,1,2,1,2,1,True,1,0,1,0,0,0,burst,True
s02-r1-burst_trial-0.4,2,1,burst_trial-0.4,burst_trial,0.4,0,16.684000000000196,2,600,1,,,,1,1,1,1,1,1,1,1,True,0,0,0,0,0,0,burst,True
s02-r1-burst_trial-0.4,2,1,burst_trial-0.4,burst_trial,0.4,1,24.49200000000019,1,600,1,,,,1,1,1,1,1,1,2,1,True,1,1,0,1,0,1,burst,True
s02-r1-burst_trial-0.4,2,1,burst_trial-0.4,burst_trial,0.4,2,32.52400000000034,1,600,1,,,,1,1,1,1,2,1,1,1,True,1,1,0,0,1,1,burst,True
s02-r1-burst_trial-0.4,2,1,burst_trial-0.4,burst_trial,0.4,3,40.96799999999985,2,600,1,,,,1,1,1,1,1,1,2,1,True,0,0,0,0,1,1,burst,True
s02-r1-burst_trial-0.4,2,1,burst_trial-0.4,burst_trial,0.4,4,64.5600000000004,2,600,1,,,,1,1,1,1,1,1,2,1,True,0,0,0,0,1,1,burst,True
s02-r1-burst_trial-0.4,2,1,burst_trial-0.4,burst_trial,0.4,5,80.17600000000039,1,600,1,,,,1,1,1,1,1,1,2,1,True,1,1,0,1,0,1,burst,True
s02-r1-burst_trial-0.4,2,1,burst_trial-0.4,burst_trial,0.4,6,87.75600000000031,1,600,1,,,,1,1,1,1,1,1,1,1,True,1,1,0,1,1,0,burst,True
s02-r1-burst_trial-0.4,2,1,burst_trial-0.4,burst_trial,0.4,7,95.64400000000025,1,600,1,,,,1,1,1,1,1,1,1,1,True,1,1,0,1,1,0,burst,True
s02-r1-burst_trial-0.4,2,1,burst_trial-0.4,burst_trial,0.4,8,111.28799999999956,2,600,1,,,,1,1,1,1,2,1,2,1,True,0,0,0,1,1,0,burst,True
s02-r1-burst_trial-0.4,2,1,burst_trial-0.4,burst_trial,0.4,9,119.76800000000004,2,600,1,,,,2,1,2,1,2,1,2,1,True,1,1,0,1,1,0,burst,True
s02-r1-burst_trial-0.4,2,1,burst_trial-0.4,burst_trial,0.4,10,127.80000000000018,1,600,1,,,,1,1,1,1,1,1,1,1,True,1,1,0,1,1,0,burst,True
s02-r1-burst_trial-0.4,2,1,burst_trial-0.4,burst_trial,0.4,11,136.0640000000003,1,600,1,,,,2,1,1,1,1,1,1,1,True,0,1,1,1,1,0,burst,True
s02-r1-burst_trial-0.4,2,1,burst_trial-0.4,burst_trial,0.4,12,152.47199999999975,1,600,1,,,,1,1,1,1,1,1,2,1,True,1,1,0,1,0,1,burst,True
s02-r1-burst_trial-0.4,2,1,burst_trial-0.4,burst_trial,0.4,13,160.7520000000004,2,600,1,,,,2,1,2,1,2,1,1,1,True,1,1,0,1,0,1,burst,True
s02-r1-burst_trial-0.4,2,1,burst_trial-0.4,burst_trial,0.4,14,192.65599999999995,1,600,1,,,,1,1,1,1,1,1,1,1,True,1,1,0,1,1,0,burst,True
s02-r1-burst_trial-0.4,2,1,burst_trial-0.4,burst_trial,0.4,15,216.9319999999998,2,600,1,,,,1,1,2,1,1,1,2,1,True,0,1,1,0,1,1,burst,True
s02-r1-burst_trial-0.4,2,1,burst_trial-0.4,burst_trial,0.4,16,241.22000000000023,2,600,1,,,,2,1,2,1,2,1,2,1,True,1,1,0,1,1,0,burst,True
s02-r1-burst_trial-0.4,2,1,burst_trial-0.4,burst_trial,0.4,17,249.6480000000001,1,600,1,,,,1,1,1,1,1,1,2,1,True,1,1,0,1,0,1,burst,True
s02-r1-burst_trial-0.4,2,1,burst_trial-0.4,burst_trial,0.4,18,258.0159999999996,2,600,1,,,,2,1,2,1,2,1,2,1,True,1,1,0,1,1,0,burst,True
s02-r1-burst_trial-0.4,2,1,burst_trial-0.4,burst_trial,0.4,19,306.6279999999997,1,600,1,,,,1,1,2,1,1,1,2,1,True,1,0,1,1,0,1,burst,True
s02-r1-burst_trial-0.4,2,1,burst_trial-0.4,burst_trial,0.4,20,322.65200000000004,2,600,1,,,,2,1,2,1,1,1,1,1,True,1,1,0,0,0,0,burst,True
s02-r1-burst_trial-0.4,2,1,burst_trial-0.4,burst_trial,0.4,21,338.52400000000034,2,600,1,,,,2,1,2,1,1,1,1,1,True,1,1,0,0,0,0,burst,True
s02-r1-burst_trial-0.4,2,1,burst_trial-0.4,burst_trial,0.4,22,362.3360000000002,2,600,1,,,,2,1,1,1,1,1,1,1,True,1,0,1,0,0,0,burst,True
s02-r1-burst_trial-0.4,2,1,burst_trial-0.4,burst_trial,0.4,23,379.02800000000025,1,600,1,,,,2,1,2,1,1,1,2,1,True,0,0,0,1,0,1,burst,True
s02-r2-burst_trial-0.1,2,2,burst_trial-0.1,burst_trial,0.1,0,1.0,1,900,1,,,,1,1,1,1,2,1,2,1,True,1,1,0,0,0,0,burst,True
s02-r2-burst_trial-0.1,2,2,burst_trial-0.1,burst_trial,0.1,1,9.012000000000626,1,900,1,,,,1,1,1,1,2,1,2,1,True,1,1,0,0,0,0,burst,True
s02-r2-burst_trial-0.1,2,2,burst_trial-0.1,burst_trial,0.1,2,24.49200000000019,2,900,1,,,,1,1,1,1,1,1,1,1,True,0,0,0,0,0,0,burst,True
s02-r2-burst_trial-0.1,2,2,burst_trial-0.1,burst_trial,0.1,3,32.52399999999943,1,900,1,,,,1,1,1,1,2,1,2,1,True,1,1,0,0,0,0,burst,True
s02-r2-burst_trial-0.1,2,2,burst_trial-0.1,burst_trial,0.1,4,48.63600000000042,1,900,1,,,,1,1,1,1,2,1,2,1,True,1,1,0,0,0,0,burst,True
s02-r2-burst_trial-0.1,2,2,burst_trial-0.1,burst_trial,0.1,5,64.55999999999949,2,900,1,,,,1,1,1,1,1,1,1,1,True,0,0,0,0,0,0,burst,True
s02-r2-burst_trial-0.1,2,2,burst_trial-0.1,burst_trial,0.1,6,80.17599999999948,1,900,1,,,,1,1,1,1,1,1,1,1,True,1,1,0,1,1,0,burst,True
s02-r2-burst_trial-0.1,2,2,burst_trial-0.1,burst_trial,0.1,7,103.42000000000009,1,900,1,,,,1,1,1,1,1,1,1,1,True,1,1,0,1,1,0,burst,True
s02-r2-burst_trial-0.1,2,2,burst_trial-0.1,burst_trial,0.1,8,119.76800000000004,2,900,1,,,,1,1,1,1,1,1,1,1,True,0,0,0,0,0,0,burst,True
s02-r2-burst_trial-0.1,2,2,burst_trial-0.1,burst_trial,0.1,9,160.7520000000004,1,900,1,,,,1,1,1,1,1,1,1,1,True,1,1,0,1,1,0,burst,True
s02-r2-burst_trial-0.1,2,2,burst_trial-0.1,burst_trial,0.1,10,176.71999999999937,2,900,1,,,,1,1,1,1,2,1,1,1,True,0,0,0,1,0,1,burst,True
s02-r2-burst_trial-0.1,2,2,burst_trial-0.1,burst_trial,0.1,11,192.6560000000009,2,900,1,,,,1,1,1,1,1,1,1,1,True,0,0,0,0,0,0,burst,True
s02-r2-burst_trial-0.1,2,2,burst_trial-0.1,burst_trial,0.1,12,200.5,1,900,1,,,,1,1,1,1,1,1,1,1,True,1,1,0,1,1,0,burst,True
s02-r2-burst_trial-0.1,2,2,burst_trial-0.1,burst_trial,0.1,13,216.9320000000007,2,900,1,,,,1,1,1,1,2,1,2,1,True,0,0,0,1,1,0,burst,True
s02-r2-burst_trial-0.1,2,2,burst_trial-0.1,burst_trial,0.1,14,224.83200000000036,1,900,1,,,,1,1,1,1,2,1,2,1,True,1,1,0,0,0,0,burst,True
s02-r2-burst_trial-0.1,2,2,burst_trial-0.1,burst_trial,0.1,15,249.64799999999923,1,900,1,,,,1,1,1,1,2,1,2,1,True,1,1,0,0,0,0,burst,True
s02-r2-burst_trial-0.1,2,2,burst_trial-0.1,burst_trial,0.1,16,282.8080000000009,2,900,1,,,,2,1,2,1,1,1,2,1,True,1,1,0,0,1,1,burst,True
s02-r2-burst_trial-0.1,2,2,burst_trial-0.1,burst_trial,0.1,17,290.88800000000083,1,900,1,,,,2,1,2,1,1,1,1,1,True,0,0,0,1,1,0,burst,True
s02-r2-burst_trial-0.1,2,2,burst_trial-0.1,burst_trial,0.1,18,298.77599999999984,2,900,1,,,,1,1,1,1,2,1,1,1,True,0,0,0,1,0,1,burst,True
s02-r2-burst_trial-0.1,2,2,burst_trial-0.1,burst_trial,0.1,19,314.3279999999995,2,900,1,,,,2,1,1,1,1,1,1,1,True,1,0,1,0,0,0,burst,True
s02-r2-burst_trial-0.1,2,2,burst_trial-0.1,burst_trial,0.1,20,338.52399999999943,2,900,1,,,,2,1,1,1,1,1,1,1,True,1,0,1,0,0,0,burst,True
s02-r2-burst_trial-0.1,2,2,burst_trial-0.1,burst_trial,0.1,21,347.0,2,900,1,,,,1,1,2,1,2,1,2,1,True,0,1,1,1,1,0,burst,True
s02-r2-burst_trial-0.1,2,2,burst_trial-0.1,burst_trial,0.1,22,354.6239999999998,2,900,1,,,,1,1,1,1,2,1,2,1,True,0,0,0,1,1,0,burst,True
s02-r2-burst_trial-0.1,2,2,burst_trial-0.1,burst_trial,0.1,23,379.02800000000025,1,900,1,,,,2,1,2,1,1,1,1,1,True,0,0,0,1,1,0,burst,True
s02-r2-burst_trial-0.25,2,2,burst_trial-0.25,burst_trial,0.25,0,1.0,1,750,1,,,,1,1,1,1,1,1,2,1,True,1,1,0,1,0,1,burst,True
s02-r2-burst_trial-0.25,2,2,burst_trial-0.25,burst_trial,0.25,1,9.012000000000626,1,750,1,,,,1,1,1,1,1,1,2,1,True,1,1,0,1,0,1,burst,True
s02-r2-burst_trial-0.25,2,2,burst_trial-0.25,burst_trial,0.25,2,24.49200000000019,2,750,1,,,,1,1,1,1,1,1,1,1,True,0,0,0,0,0,0,burst,True
s02-r2-burst_trial-0.25,2,2,burst_trial-0.25,burst_trial,0.25,3,32.52399999999943,1,750,1,,,,1,1,1,1,2,1,2,1,True,1,1,0,0,0,0,burst,True
s02-r2-burst_trial-0.25,2,2,burst_trial-0.25,burst_trial,0.25,4,48.63600000000042,1,750,1,,,,1,1,1,1,2,1,2,1,True,1,1,0,0,0,0,burst,True
s02-r2-burst_trial-0.25,2,2,burst_trial-0.25,burst_trial,0.25,5,64.55999999999949,2,750,1,,,,1,1,1,1,1,1,1,1,True,0,0,0,0,0,0,burst,True
s02-r2-burst_trial-0.25,2,2,burst_trial-0.25,burst_trial,0.25,6,80.17599999999948,1,750,1,,,,1,1,1,1,1,1,1,1,True,1,1,0,1,1,0,burst,True
s02-r2-burst_trial-0.25,2,2,burst_trial-0.25,burst_trial,0.25,7,103.42000000000009,1,750,1,,,,1,1,1,1,1,1,1,1,True,1,1,0,1,1,0,burst,True
s02-r2-burst_trial-0.25,2,2,burst_trial-0.25,burst_trial,0.25,8,119.76800000000004,2,750,1,,,,1,1,1,1,1,1,1,1,True,0,0,0,0,0,0,burst,True
s02-r2-burst_trial-0.25,2,2,burst_trial-0.25,burst_trial,0.25,9,160.7520000000004,1,750,1,,,,1,1,1,1,1,1,1,1,True,1,1,0,1,1,0,burst,True
s02-r2-burst_trial-0.25,2,2,burst_trial-0.25,burst_trial,0.25,10,176.71999999999937,2,750,1,,,,1,1,1,1,1,1,1,1,True,0,0,0,0,0,0,burst,True
s02-r2-burst_trial-0.25,2,2,burst_trial-0.25,burst_trial,0.25,11,192.6560000000009,2,750,1,,,,1,1,1,1,1,1,1,1,True,0,0,0,0,0,0,burst,True
s02-r2-burst_trial-0.25,2,2,burst_trial-0.25,burst_trial,0.25,12,200.5,1,750,1,,,,1,1,1,1,1,1,1,1,True,1,1,0,1,1,0,burst,True
s02-r2-burst_trial-0.25,2,2,burst_trial-0.25,burst_trial,0.25,13,216.9320000000007,2,750,1,,,,1,1,1,1,2,1,2,1,True,0,0,0,1,1,0,burst,True
s02-r2-burst_trial-0.25,2,2,burst_trial-0.25,burst_trial,0.25,14,224.83200000000036,1,750,1,,,,1,1,1,1,2,1,2,1,True,1,1,0,0,0,0,burst,True
s02-r2-burst_trial-0.25,2,2,burst_trial-0.25,burst_trial,0.25,15,249.64799999999923,1,750,1,,,,1,1,1,1,2,1,2,1,True,1,1,0,0,0,0,burst,True
s02-r2-burst_trial-0.25,2,2,burst_trial-0.25,burst_trial,0.25,16,282.8080000000009,2,750,1,,,,2,1,2,1,1,1,2,1,True,1,1,0,0,1,1,burst,True
s02-r2-burst_trial-0.25,2,2,burst_trial-0.25,burst_trial,0.25,17,290.88800000000083,1,750,1,,,,1,1,2,1,1,1,1,1,True,1,0,1,1,1,0,burst,True
s02-r2-burst_trial-0.25,2,2,burst_trial-0.25,burst_trial,0.25,18,298.77599999999984,2,750,1,,,,1,1,1,1,2,1,1,1,True,0,0,0,1,0,1,burst,True
s02-r2-burst_trial-0.25,2,2,burst_trial-0.25,burst_trial,0.25,19,314.3279999999995,2,750,1,,,,2,1,1,1,1,1,1,1,True,1,0,1,0,0,0,burst,True
s02-r2-burst_trial-0.25,2,2,burst_trial-0.25,burst_trial,0.25,20,338.52399999999943,2,750,1,,,,1,1,1,1,1,1,1,1,True,0,0,0,0,0,0,burst,True
s02-r2-burst_trial-0.25,2,2,burst_trial-0.25,burst_trial,0.25,21,347.0,2,750,1,,,,2,1,2,1,2,1,2,1,True,1,1,0,1,1,0,burst,True
s02-r2-burst_trial-0.25,2,2,burst_trial-0.25,burst_trial,0.25,22,354.6239999999998,2,750,1,,,,1,1,1,1,2,1,2,1,True,0,0,0,1,1,0,burst,True
s02-r2-burst_trial-0.25,2,2,burst_trial-0.25,burst_trial,0.25,23,379.02800000000025,1,750,1,,,,2,1,2,1,2,1,1,1,True,0,0,0,0,1,1,burst,True
s02-r2-burst_trial-0.4,2,2,burst_trial-0.4,burst_trial,0.4,0,1.0,1,600,1,,,,1,1,1,1,2,1,2,1,True,1,1,0,0,0,0,burst,True
s02-r2-burst_trial-0.4,2,2,burst_trial-0.4,burst_trial,0.4,1,9.012000000000626,1,600,1,,,,1,1,1,1,1,1,2,1,True,1,1,0,1,0,1,burst,True
s02-r2-burst_trial-0.4,2,2,burst_trial-0.4,burst_trial,0.4,2,24.49200000000019,2,600,1,,,,1,1,1,1,1,1,1,1,True,0,0,0,0,0,0,burst,True
s02-r2-burst_trial-0.4,2,2,burst_trial-0.4,burst_trial,0.4,3,32.52399999999943,1,600,1,,,,1,1,1,1,2,1,2,1,True,1,1,0,0,0,0,burst,True
s02-r2-burst_trial-0.4,2,2,burst_trial-0.4,burst_trial,0.4,4,48.63600000000042,1,600,1,,,,1,1,1,1,2,1,2,1,True,1,1,0,0,0,0,burst,True
s02-r2-burst_trial-0.4,2,2,burst_trial-0.4,burst_trial,0.4,5,64.55999999999949,2,600,1,,,,1,1,1,1,1,1,1,1,True,0,0,0,0,0,0,burst,True
s02-r2-burst_trial-0.4,2,2,burst_trial-0.4,burst_trial,0.4,6,80.17599999999948,1,600,1,,,,1,1,1,1,1,1,1,1,True,1,1,0,1,1,0,burst,True
s02-r2-burst_trial-0.4,2,2,burst_trial-0.4,burst_trial,0.4,7,103.42000000000009,1,600,1,,,,1,1,1,1,1,1,1,1,True,1,1,0,1,1,0,burst,True
s02-r2-burst_trial-0.4,2,2,burst_trial-0.4,burst_trial,0.4,8,119.76800000000004,2,600,1,,,,1,1,1,1,2,1,1,1,True,0,0,0,1,0,1,burst,True
s02-r2-burst_trial-0.4,2,2,burst_trial-0.4,burst_trial,0.4,9,160.7520000000004,1,600,1,,,,1,1,1,1,1,1,1,1,True,1,1,0,1,1,0,burst,True
s02-r2-burst_trial-0.4,2,2,burst_trial-0.4,burst_trial,0.4,10,176.71999999999937,2,600,1,,,,2,1,1,1,1,1,1,1,True,1,0,1,0,0,0,burst,True
s02-r2-burst_trial-0.4,2,2,burst_trial-0.4,burst_trial,0.4,11,192.6560000000009,2,600,1,,,,1,1,1,1,1,1,1,1,True,0,0,0,0,0,0,burst,True
s02-r2-burst_trial-0.4,2,2,burst_trial-0.4,burst_trial,0.4,12,200.5,1,600,1,,,,1,1,1,1,1,1,1,1,True,1,1,0,1,1,0,burst,True
s02-r2-burst_trial-0.4,2,2,burst_trial-0.4,burst_trial,0.4,13,216.9320000000007,2,600,1,,,,1,1,1,1,2,1,2,1,True,0,0,0,1,1,0,burst,True
s02-r2-burst_trial-0.4,2,2,burst_trial-0.4,burst_trial,0.4,14,224.83200000000036,1,600,1,,,,2,1,1,1,2,1,2,1,True,0,1,1,0,0,0,burst,True
s02-r2-burst_trial-0.4,2,2,burst_trial-0.4,burst_trial,0.4,15,249.64799999999923,1,600,1,,,,1,1,1,1,2,1,2,1,True,1,1,0,0,0,0,burst,True
s02-r2-burst_trial-0.4,2,2,burst_trial-0.4,burst_trial,0.4,16,282.8079999999991,2,600,1,,,,2,1,2,1,2,1,2,1,True,1,1,0,1,1,0,burst,True
s02-r2-burst_trial-0.4,2,2,burst_trial-0.4,burst_trial,0.4,17,290.88800000000083,1,600,1,,,,1,1,2,1,2,1,1,1,True,1,0,1,0,1,1,burst,True
s02-r2-burst_trial-0.4,2,2,burst_trial-0.4,burst_trial,0.4,18,298.77599999999984,2,600,1,,,,2,1,1,1,1,1,1,1,True,1,0,1,0,0,0,burst,True
s02-r2-burst_trial-0.4,2,2,burst_trial-0.4,burst_trial,0.4,19,314.3279999999995,2,600,1,,,,2,1,1,1,1,1,1,1,True,1,0,1,0,0,0,burst,True
s02-r2-burst_trial-0.4,2,2,burst_trial-0.4,burst_trial,0.4,20,338.52399999999943,2,600,1,,,,1,1,1,1,2,1,1,1,True,0,0,0,1,0,1,burst,True
s02-r2-burst_trial-0.4,2,2,burst_trial-0.4,burst_trial,0.4,21,347.0,2,600,1,,,,2,1,2,1,2,1,2,1,True,1,1,0,1,1,0,burst,True
s02-r2-burst_trial-0.4,2,2,burst_trial-0.4,burst_trial,0.4,22,354.6239999999998,2,600,1,,,,1,1,1,1,2,1,2,1,True,0,0,0,1,1,0,burst,True
s02-r2-burst_trial-0.4,2,2,burst_trial-0.4,burst_trial,0.4,23,379.02800000000025,1,600,1,,,,2,1,2,1,1,1,1,1,True,0,0,0,1,1,0,burst,True
s02-r3-burst_trial-0.1,2,3,burst_trial-0.1,burst_trial,0.1,0,1.0,2,900,1,,,,1,1,1,1,2,1,2,1,True,0,0,0,1,1,0,burst,True
s02-r3-burst_trial-0.1,2,3,burst_trial-0.1,burst_trial,0.1,1,16.684000000001106,1,900,1,,,,1,1,1,1,2,1,2,1,True,1,1,0,0,0,0,burst,True
s02-r3-burst_trial-0.1,2,3,burst_trial-0.1,burst_trial,0.1,2,48.6359999999986,1,900,1,,,,1,1,1,1,2,1,2,1,True,1,1,0,0,0,0,burst,True
s02-r3-burst_trial-0.1,2,3,burst_trial-0.1,burst_trial,0.1,3,56.83599999999933,1,900,1,,,,2,1,2,1,1,1,1,1,True,0,0,0,1,1,0,burst,True
s02-r3-burst_trial-0.1,2,3,burst_trial-0.1,burst_trial,0.1,4,72.55199999999968,2,900,1,,,,1,1,1,1,1,1,1,1,True,0,0,0,0,0,0,burst,True
s02-r3-burst_trial-0.1,2,3,burst_trial-0.1,burst_trial,0.1,5,103.41999999999824,2,900,1,,,,2,1,2,1,1,1,1,1,True,1,1,0,0,0,0,burst,True
s02-r3-burst_trial-0.1,2,3,burst_trial-0.1,burst_trial,0.1,6,111.28800000000048,1,900,1,,,,2,1,2,1,2,1,1,1,True,0,0,0,0,1,1,burst,True
s02-r3-burst_trial-0.1,2,3,burst_trial-0.1,burst_trial,0.1,7,127.79999999999929,2,900,1,,,,1,1,1,1,1,1,1,1,True,0,0,0,0,0,0,burst,True
s02-r3-burst_trial-0.1,2,3,burst_trial-0.1,burst_trial,0.1,8,144.20799999999872,1,900,1,,,,1,1,2,1,2,1,2,1,True,1,0,1,0,0,0,burst,True
s02-r3-burst_trial-0.1,2,3,burst_trial-0.1,burst_trial,0.1,9,169.07200000000012,2,900,1,,,,2,1,2,1,2,1,2,1,True,1,1,0,1,1,0,burst,True
s02-r3-burst_trial-0.1,2,3,burst_trial-0.1,burst_trial,0.1,10,192.65599999999904,1,900,1,,,,2,1,1,1,2,1,2,1,True,0,1,1,0,0,0,burst,True
s02-r3-burst_trial-0.1,2,3,burst_trial-0.1,burst_trial,0.1,11,200.5,2,900,1,,,,2,1,2,1,1,1,1,1,True,1,1,0,0,0,0,burst,True
s02-r3-burst_trial-0.1,2,3,burst_trial-0.1,burst_trial,0.1,12,208.91600000000108,2,900,1,,,,2,1,2,1,2,1,2,1,True,1,1,0,1,1,0,burst,True
s02-r3-burst_trial-0.1,2,3,burst_trial-0.1,burst_trial,0.1,13,232.9360000000015,2,900,1,,,,2,1,2,1,2,1,2,1,True,1,1,0,1,1,0,burst,True
s02-r3-burst_trial-0.1,2,3,burst_trial-0.1,burst_trial,0.1,14,241.2200000000012,1,900,1,,,,1,1,1,1,2,1,2,1,True,1,1,0,0,0,0,burst,True
s02-r3-burst_trial-0.1,2,3,burst_trial-0.1,burst_trial,0.1,15,249.64800000000105,1,900,1,,,,2,1,1,1,2,1,1,1,True,0,1,1,0,1,1,burst,True
s02-r3-burst_trial-0.1,2,3,burst_trial-0.1,burst_trial,0.1,16,266.380000000001,2,900,1,,,,2,1,2,1,2,1,2,1,True,1,1,0,1,1,0,burst,True
s02-r3-burst_trial-0.1,2,3,burst_trial-0.1,burst_trial,0.1,17,274.5519999999997,1,900,1,,,,2,1,2,1,2,1,2,1,True,0,0,0,0,0,0,burst,True
s02-r3-burst_trial-0.1,2,3,burst_trial-0.1,burst_trial,0.1,18,290.887999999999,2,900,1,,,,2,1,2,1,1,1,1,1,True,1,1,0,0,0,0,burst,True
s02-r3-burst_trial-0.1,2,3,burst_trial-0.1,burst_trial,0.1,19,298.77600000000166,2,900,1,,,,2,1,2,1,1,1,1,1,True,1,1,0,0,0,0,burst,True
s02-r3-burst_trial-0.1,2,3,burst_trial-0.1,burst_trial,0.1,20,314.32800000000134,1,900,1,,,,1,1,1,1,2,1,2,1,True,1,1,0,0,0,0,burst,True
s02-r3-burst_trial-0.1,2,3,burst_trial-0.1,burst_trial,0.1,21,362.3359999999993,1,900,1,,,,1,1,2,1,2,1,2,1,True,1,0,1,0,0,0,burst,True
s02-r3-burst_trial-0.1,2,3,burst_trial-0.1,burst_trial,0.1,22,370.7920000000013,2,900,1,,,,2,1,1,1,1,1,2,1,True,1,0,1,0,1,1,burst,True
s02-r3-burst_trial-0.1,2,3,burst_trial-0.1,burst_trial,0.1,23,379.0279999999984,1,900,1,,,,1,1,1,1,1,1,1,1,True,1,1,0,1,1,0,burst,True
s02-r3-burst_trial-0.25,2,3,burst_trial-0.25,burst_trial,0.25,0,1.0,2,750,1,,,,1,1,1,1,2,1,2,1,True,0,0,0,1,1,0,burst,True
s02-r3-burst_trial-0.25,2,3,burst_trial-0.25,burst_trial,0.25,1,16.684000000001106,1,750,1,,,,1,1,1,1,2,1,2,1,True,1,1,0,0,0,0,burst,True
s02-r3-burst_trial-0.25,2,3,burst_trial-0.25,burst_trial,0.25,2,48.6359999999986,1,750,1,,,,1,1,1,1,2,1,2,1,True,1,1,0,0,0,0,burst,True
s02-r3-burst_trial-0.25,2,3,burst_trial-0.25,burst_trial,0.25,3,56.83599999999933,1,750,1,,,,2,1,2,1,1,1,1,1,True,0,0,0,1,1,0,burst,True
s02-r3-burst_trial-0.25,2,3,burst_trial-0.25,burst_trial,0.25,4,72.55199999999968,2,750,1,,,,2,1,1,1,1,1,1,1,True,1,0,1,0,0,0,burst,True
s02-r3-burst_trial-0.25,2,3,burst_trial-0.25,burst_trial,0.25,5,103.41999999999824,2,750,1,,,,2,1,2,1,2,1,1,1,True,1,1,0,1,0,1,burst,True
s02-r3-burst_trial-0.25,2,3,burst_trial-0.25,burst_trial,0.25,6,111.28800000000048,1,750,1,,,,2,1,2,1,1,1,1,1,True,0,0,0,1,1,0,burst,True
s02-r3-burst_trial-0.25,2,3,burst_trial-0.25,burst_trial,0.25,7,127.79999999999929,2,750,1,,,,1,1,1,1,1,1,1,1,True,0,0,0,0,0,0,burst,True
s02-r3-burst_trial-0.25,2,3,burst_trial-0.25,burst_trial,0.25,8,144.20799999999872,1,750,1,,,,2,1,2,1,2,1,2,1,True,0,0,0,0,0,0,burst,True
s02-r3-burst_trial-0.25,2,3,burst_trial-0.25,burst_trial,0.25,9,169.07200000000012,2,750,1,,,,2,1,2,1,1,1,2,1,True,1,1,0,0,1,1,burst,True
s02-r3-burst_trial-0.25,2,3,burst_trial-0.25,burst_trial,0.25,10,192.65599999999904,1,750,1,,,,1,1,1,1,2,1,2,1,True,1,1,0,0,0,0,burst,True
s02-r3-burst_trial-0.25,2,3,burst_trial-0.25,burst_trial,0.25,11,200.5,2,750,1,,,,2,1,2,1,1,1,1,1,True,1,1,0,0,0,0,burst,True
s02-r3-burst_trial-0.25,2,3,burst_trial-0.25,burst_trial,0.25,12,208.91600000000108,2,750,1,,,,2,1,2,1,2,1,2,1,True,1,1,0,1,1,0,burst,True
s02-r3-burst_trial-0.25,2,3,burst_trial-0.25,burst_trial,0.25,13,232.9360000000015,2,750,1,,,,2,1,2,1,2,1,2,1,True,1,1,0,1,1,0,burst,True
s02-r3-burst_trial-0.25,2,3,burst_trial-0.25,burst_trial,0.25,14,241.2200000000012,1,750,1,,,,2,1,1,1,2,1,2,1,True,0,1,1,0,0,0,burst,True
s02-r3-burst_trial-0.25,2,3,burst_trial-0.25,burst_trial,0.25,15,249.64800000000105,1,750,1,,,,1,1,1,1,1,1,1,1,True,1,1,0,1,1,0,burst,True
s02-r3-burst_trial-0.25,2,3,burst_trial-0.25,burst_trial,0.25,16,266.380000000001,2,750,1,,,,2,1,2,1,2,1,2,1,True,1,1,0,1,1,0,burst,True
s02-r3-burst_trial-0.25,2,3,burst_trial-0.25,burst_trial,0.25,17,274.5519999999997,1,750,1,,,,2,1,2,1,2,1,2,1,True,0,0,0,0,0,0,burst,True
s02-r3-burst_trial-0.25,2,3,burst_trial-0.25,burst_trial,0.25,18,290.887999999999,2,750,1,,,,1,1,2,1,1,1,1,1,True,0,1,1,0,0,0,burst,True
s02-r3-burst_trial-0.25,2,3,burst_trial-0.25,burst_trial,0.25,19,298.77600000000166,2,750,1,,,,2,1,2,1,1,1,1,1,True,1,1,0,0,0,0,burst,True
s02-r3-burst_trial-0.25,2,3,burst_trial-0.25,burst_trial,0.25,20,314.32800000000134,1,750,1,,,,1,1,1,1,1,1,2,1,True,1,1,0,1,0,1,burst,True
s02-r3-burst_trial-0.25,2,3,burst_trial-0.25,burst_trial,0.25,21,362.3359999999993,1,750,1,,,,2,1,2,1,2,1,2,1,True,0,0,0,0,0,0,burst,True
s02-r3-burst_trial-0.25,2,3,burst_trial-0.25,burst_trial,0.25,22,370.7920000000013,2,750,1,,,,2,1,1,1,1,1,2,1,True,1,0,1,0,1,1,burst,True
s02-r3-burst_trial-0.25,2,3,burst_trial-0.25,burst_trial,0.25,23,379.0279999999984,1,750,1,,,,2,1,1,1,1,1,1,1,True,0,1,1,1,1,0,burst,True
s02-r3-burst_trial-0.4,2,3,burst_trial-0.4,burst_trial,0.4,0,1.0,2,600,1,,,,1,1,1,1,2,1,2,1,True,0,0,0,1,1,0,burst,True
s02-r3-burst_trial-0.4,2,3,burst_trial-0.4,burst_trial,0.4,1,16.684000000001106,1,600,1,,,,1,1,1,1,2,1,2,1,True,1,1,0,0,0,0,burst,True
s02-r3-burst_trial-0.4,2,3,burst_trial-0.4,burst_trial,0.4,2,48.6359999999986,1,600,1,,,,2,1,1,1,1,1,2,1,True,0,1,1,1,0,1,burst,True
s02-r3-burst_trial-0.4,2,3,burst_trial-0.4,burst_trial,0.4,3,56.83599999999933,1,600,1,,,,2,1,2,1,1,1,1,1,True,0,0,0,1,1,0,burst,True
s02-r3-burst_trial-0.4,2,3,burst_trial-0.4,burst_trial,0.4,4,72.55199999999968,2,600,1,,,,2,1,1,1,1,1,1,1,True,1,0,1,0,0,0,burst,True
s02-r3-burst_trial-0.4,2,3,burst_trial-0.4,burst_trial,0.4,5,103.41999999999824,2,600,1,,,,2,1,2,1,2,1,1,1,True,1,1,0,1,0,1,burst,True
s02-r3-burst_trial-0.4,2,3,burst_trial-0.4,burst_trial,0.4,6,111.28800000000048,1,600,1,,,,2,1,2,1,1,1,1,1,True,0,0,0,1,1,0,burst,True
s02-r3-burst_trial-0.4,2,3,burst_trial-0.4,burst_trial,0.4,7,127.79999999999929,2,600,1,,,,1,1,1,1,1,1,1,1,True,0,0,0,0,0,0,burst,True
s02-r3-burst_trial-0.4,2,3,burst_trial-0.4,burst_trial,0.4,8,144.20799999999872,1,600,1,,,,2,1,2,1,2,1,2,1,True,0,0,0,0,0,0,burst,True
s02-r3-burst_trial-0.4,2,3,burst_trial-0.4,burst_trial,0.4,9,169.07200000000012,2,600,1,,,,2,1,2,1,1,1,2,1,True,1,1,0,0,1,1,burst,True
s02-r3-burst_trial-0.4,2,3,burst_trial-0.4,burst_trial,0.4,10,192.65599999999904,1,600,1,,,,2,1,1,1,1,1,2,1,True,0,1,1,1,0,1,burst,True
s02-r3-burst_trial-0.4,2,3,burst_trial-0.4,burst_trial,0.4,11,200.5,2,600,1,,,,2,1,2,1,1,1,1,1,True,1,1,0,0,0,0,burst,True
s02-r3-burst_trial-0.4,2,3,burst_trial-0.4,burst_trial,0.4,12,208.91600000000108,2,600,1,,,,2,1,2,1,1,1,2,1,True,1,1,0,0,1,1,burst,True
s02-r3-burst_trial-0.4,2,3,burst_trial-0.4,burst_trial,0.4,13,232.9360000000015,2,600,1,,,,2,1,2,1,2,1,2,1,True,1,1,0,1,1,0,burst,True
s02-r3-burst_trial-0.4,2,3,burst_trial-0.4,burst_trial,0.4,14,241.2200000000012,1,600,1,,,,2,1,1,1,2,1,2,1,True,0,1,1,0,0,0,burst,True
s02-r3-burst_trial-0.4,2,3,burst_trial-0.4,burst_trial,0.4,15,249.64800000000105,1,600,1,,,,1,1,1,1,1,1,1,1,True,1,1,0,1,1,0,burst,True
s02-r3-burst_trial-0.4,2,3,burst_trial-0.4,burst_trial,0.4,16,266.380000000001,2,600,1,,,,1,1,2,1,2,1,2,1,True,0,1,1,1,1,0,burst,True
s02-r3-burst_trial-0.4,2,3,burst_trial-0.4,burst_trial,0.4,17,274.5519999999997,1,600,1,,,,2,1,2,1,2,1,2,1,True,0,0,0,0,0,0,burst,True
s02-r3-burst_trial-0.4,2,3,burst_trial-0.4,burst_trial,0.4,18,290.887999999999,2,600,1,,,,2,1,2,1,1,1,1,1,True,1,1,0,0,0,0,burst,True
s02-r3-burst_trial-0.4,2,3,burst_trial-0.4,burst_trial,0.4,19,298.77600000000166,2,600,1,,,,2,1,2,1,1,1,1,1,True,1,1,0,0,0,0,burst,True
s02-r3-burst_trial-0.4,2,3,burst_trial-0.4,burst_trial,0.4,20,314.32800000000134,1,600,1,,,,2,1,1,1,2,1,2,1,True,0,1,1,0,0,0,burst,True
s02-r3-burst_trial-0.4,2,3,burst_trial-0.4,burst_trial,0.4,21,362.3359999999993,1,600,1,,,,2,1,2,1,2,1,2,1,True,0,0,0,0,0,0,burst,True
s02-r3-burst_trial-0.4,2,3,burst_trial-0.4,burst_trial,0.4,22,370.7920000000013,2,600,1,,,,2,1,1,1,1,1,2,1,True,1,0,1,0,1,1,burst,True
s02-r3-burst_trial-0.4,2,3,burst_trial-0.4,burst_trial,0.4,23,379.0279999999984,1,600,1,,,,1,1,1,1,1,1,1,1,True,1,1,0,1,1,0,burst,True
s02-r4-burst_trial-0.1,2,4,burst_trial-0.1,burst_trial,0.1,0,1.0,2,900,1,,,,1,1,1,1,1,1,2,1,True,0,0,0,0,1,1,burst,True
s02-r4-burst_trial-0.1,2,4,burst_trial-0.1,burst_trial,0.1,1,9.011999999998809,1,900,1,,,,1,1,1,1,1,1,1,1,True,1,1,0,1,1,0,burst,True
s02-r4-burst_trial-0.1,2,4,burst_trial-0.1,burst_trial,0.1,2,16.684000000001106,1,900,1,,,,1,1,1,1,2,1,1,1,True,1,1,0,0,1,1,burst,True
s02-r4-burst_trial-0.1,2,4,burst_trial-0.1,burst_trial,0.1,3,40.96800000000076,2,900,1,,,,1,1,1,1,1,1,1,1,True,0,0,0,0,0,0,burst,True
s02-r4-burst_trial-0.1,2,4,burst_trial-0.1,burst_trial,0.1,4,64.56000000000131,1,900,1,,,,1,1,1,1,2,1,2,1,True,1,1,0,0,0,0,burst,True
s02-r4-burst_trial-0.1,2,4,burst_trial-0.1,burst_trial,0.1,5,80.17599999999948,1,900,1,,,,1,1,1,1,1,1,1,1,True,1,1,0,1,1,0,burst,True
s02-r4-burst_trial-0.1,2,4,burst_trial-0.1,burst_trial,0.1,6,87.75600000000122,1,900,1,,,,2,1,2,1,1,1,1,1,True,0,0,0,1,1,0,burst,True
s02-r4-burst_trial-0.1,2,4,burst_trial-0.1,burst_trial,0.1,7,95.64400000000025,2,900,1,,,,2,1,2,1,1,1,1,1,True,1,1,0,0,0,0,burst,True
s02-r4-burst_trial-0.1,2,4,burst_trial-0.1,burst_trial,0.1,8,119.76800000000004,2,900,1,,,,2,1,2,1,2,1,1,1,True,1,1,0,1,0,1,burst,True
s02-r4-burst_trial-0.1,2,4,burst_trial-0.1,burst_trial,0.1,9,169.07200000000012,2,900,1,,,,2,1,2,1,1,1,1,1,True,1,1,0,0,0,0,burst,True
s02-r4-burst_trial-0.1,2,4,burst_trial-0.1,burst_trial,0.1,10,176.72000000000116,2,900,1,,,,1,1,1,1,2,1,2,1,True,0,0,0,1,1,0,burst,True
s02-r4-burst_trial-0.1,2,4,burst_trial-0.1,burst_trial,0.1,11,192.65599999999904,1,900,1,,,,2,1,1,1,1,1,1,1,True,0,1,1,1,1,0,burst,True
s02-r4-burst_trial-0.1,2,4,burst_trial-0.1,burst_trial,0.1,12,200.5,2,900,1,,,,1,1,1,1,1,1,1,1,True,0,0,0,0,0,0,burst,True
s02-r4-burst_trial-0.1,2,4,burst_trial-0.1,burst_trial,0.1,13,208.91600000000108,2,900,1,,,,2,1,2,1,2,1,2,1,True,1,1,0,1,1,0,burst,True
s02-r4-burst_trial-0.1,2,4,burst_trial-0.1,burst_trial,0.1,14,216.9320000000007,2,900,1,,,,2,1,2,1,1,1,1,1,True,1,1,0,0,0,0,burst,True
s02-r4-burst_trial-0.1,2,4,burst_trial-0.1,burst_trial,0.1,15,241.2200000000012,1,900,1,,,,1,1,2,1,1,1,1,1,True,1,0,1,1,1,0,burst,True
s02-r4-burst_trial-0.1,2,4,burst_trial-0.1,burst_trial,0.1,16,258.0159999999996,1,900,1,,,,1,1,1,1,2,1,2,1,True,1,1,0,0,0,0,burst,True
s02-r4-burst_trial-0.1,2,4,burst_trial-0.1,burst_trial,0.1,17,274.5519999999997,1,900,1,,,,2,1,2,1,1,1,1,1,True,0,0,0,1,1,0,burst,True
s02-r4-burst_trial-0.1,2,4,burst_trial-0.1,burst_trial,0.1,18,290.887999999999,1,900,1,,,,1,1,1,1,2,1,2,1,True,1,1,0,0,0,0,burst,True
s02-r4-burst_trial-0.1,2,4,burst_trial-0.1,burst_trial,0.1,19,306.6280000000006,1,900,1,,,,2,1,2,1,1,1,1,1,True,0,0,0,1,1,0,burst,True
s02-r4-burst_trial-0.1,2,4,burst_trial-0.1,burst_trial,0.1,20,314.32800000000134,2,900,1,,,,2,1,2,1,2,1,2,1,True,1,1,0,1,1,0,burst,True
s02-r4-burst_trial-0.1,2,4,burst_trial-0.1,burst_trial,0.1,21,347.0,1,900,1,,,,1,1,1,1,2,1,2,1,True,1,1,0,0,0,0,burst,True
s02-r4-burst_trial-0.1,2,4,burst_trial-0.1,burst_trial,0.1,22,354.6239999999998,2,900,1,,,,2,1,2,1,2,1,2,1,True,1,1,0,1,1,0,burst,True
s02-r4-burst_trial-0.1,2,4,burst_trial-0.1,burst_trial,0.1,23,370.7920000000013,2,900,1,,,,2,1,2,1,1,1,1,1,True,1,1,0,0,0,0,burst,True
s02-r4-burst_trial-0.25,2,4,burst_trial-0.25,burst_trial,0.25,0,1.0,2,750,1,,,,1,1,1,1,1,1,2,1,True,0,0,0,0,1,1,burst,True
s02-r4-burst_trial-0.25,2,4,burst_trial-0.25,burst_trial,0.25,1,9.011999999998809,1,750,1,,,,1,1,1,1,1,1,1,1,True,1,1,0,1,1,0,burst,True
s02-r4-burst_trial-0.25,2,4,burst_trial-0.25,burst_trial,0.25,2,16.684000000001106,1,750,1,,,,1,1,1,1,1,1,1,1,True,1,1,0,1,1,0,burst,True
s02-r4-burst_trial-0.25,2,4,burst_trial-0.25,burst_trial,0.25,3,40.96800000000076,2,750,1,,,,1,1,1,1,1,1,1,1,True,0,0,0,0,0,0,burst,True
s02-r4-burst_trial-0.25,2,4,burst_trial-0.25,burst_trial,0.25,4,64.56000000000131,1,750,1,,,,1,1,1,1,2,1,2,1,True,1,1,0,0,0,0,burst,True
s02-r4-burst_trial-0.25,2,4,burst_trial-0.25,burst_trial,0.25,5,80.17599999999948,1,750,1,,,,1,1,1,1,1,1,1,1,True,1,1,0,1,1,0,burst,True
s02-r4-burst_trial-0.25,2,4,burst_trial-0.25,burst_trial,0.25,6,87.75600000000122,1,750,1,,,,2,1,2,1,1,1,1,1,True,0,0,0,1,1,0,burst,True
s02-r4-burst_trial-0.25,2,4,burst_trial-0.25,burst_trial,0.25,7,95.64400000000025,2,750,1,,,,2,1,2,1,1,1,1,1,True,1,1,0,0,0,0,burst,True
s02-r4-burst_trial-0.25,2,4,burst_trial-0.25,burst_trial,0.25,8,119.76800000000004,2,750,1,,,,2,1,2,1,2,1,1,1,True,1,1,0,1,0,1,burst,True
s02-r4-burst_trial-0.25,2,4,burst_trial-0.25,burst_trial,0.25,9,169.07200000000012,2,750,1,,,,1,1,2,1,1,1,1,1,True,0,1,1,0,0,0,burst,True
s02-r4-burst_trial-0.25,2,4,burst_trial-0.25,burst_trial,0.25,10,176.72000000000116,2,750,1,,,,1,1,1,1,2,1,2,1,True,0,0,0,1,1,0,burst,True
s02-r4-burst_trial-0.25,2,4,burst_trial-0.25,burst_trial,0.25,11,192.65599999999904,1,750,1,,,,1,1,1,1,1,1,1,1,True,1,1,0,1,1,0,burst,True
s02-r4-burst_trial-0.25,2,4,burst_trial-0.25,burst_trial,0.25,12,200.5,2,750,1,,,,1,1,1,1,1,1,1,1,True,0,0,0,0,0,0,burst,True
s02-r4-burst_trial-0.25,2,4,burst_trial-0.25,burst_trial,0.25,13,208.91600000000108,2,750,1,,,,2,1,2,1,2,1,2,1,True,1,1,0,1,1,0,burst,True
s02-r4-burst_trial-0.25,2,4,burst_trial-0.25,burst_trial,0.25,14,216.9320000000007,2,750,1,,,,2,1,2,1,1,1,1,1,True,1,1,0,0,0,0,burst,True
s02-r4-burst_trial-0.25,2,4,burst_trial-0.25,burst_trial,0.25,15,241.2200000000012,1,750,1,,,,1,1,2,1,1,1,1,1,True,1,0,1,1,1,0,burst,True
s02-r4-burst_trial-0.25,2,4,burst_trial-0.25,burst_trial,0.25,16,258.0159999999996,1,750,1,,,,1,1,1,1,1,1,2,1,True,1,1,0,1,0,1,burst,True
s02-r4-burst_trial-0.25,2,4,burst_trial-0.25,burst_trial,0.25,17,274.5519999999997,1,750,1,,,,2,1,2,1,2,1,1,1,True,0,0,0,0,1,1,burst,True
s02-r4-burst_trial-0.25,2,4,burst_trial-0.25,burst_trial,0.25,18,290.887999999999,1,750,1,,,,1,1,1,1,2,1,2,1,True,1,1,0,0,0,0,burst,True
s02-r4-burst_trial-0.25,2,4,burst_trial-0.25,burst_trial,0.25,19,306.6280000000006,1,750,1,,,,2,1,2,1,1,1,1,1,True,0,0,0,1,1,0,burst,True
s02-r4-burst_trial-0.25,2,4,burst_trial-0.25,burst_trial,0.25,20,314.32800000000134,2,750,1,,,,1,1,2,1,1,1,2,1,True,0,1,1,0,1,1,burst,True
s02-r4-burst_trial-0.25,2,4,burst_trial-0.25,burst_trial,0.25,21,347.0,1,750,1,,,,1,1,1,1,2,1,2,1,True,1,1,0,0,0,0,burst,True
s02-r4-burst_trial-0.25,2,4,burst_trial-0.25,burst_trial,0.25,22,354.6239999999998,2,750,1,,,,2,1,2,1,2,1,2,1,True,1,1,0,1,1,0,burst,True
s02-r4-burst_trial-0.25,2,4,burst_trial-0.25,burst_trial,0.25,23,370.7920000000013,2,750,1,,,,2,1,2,1,1,1,1,1,True,1,1,0,0,0,0,burst,True
s02-r4-burst_trial-0.4,2,4,burst_trial-0.4,burst_trial,0.4,0,1.0,2,600,1,,,,1,1,1,1,2,1,2,1,True,0,0,0,1,1,0,burst,True
s02-r4-burst_trial-0.4,2,4,burst_trial-0.4,burst_trial,0.4,1,9.011999999998809,1,600,1,,,,1,1,1,1,1,1,1,1,True,1,1,0,1,1,0,burst,True
s02-r4-burst_trial-0.4,2,4,burst_trial-0.4,burst_trial,0.4,2,16.684000000001106,1,600,1,,,,1,1,1,1,2,1,1,1,True,1,1,0,0,1,1,burst,True
s02-r4-burst_trial-0.4,2,4,burst_trial-0.4,burst_trial,0.4,3,40.96800000000076,2,600,1,,,,1,1,1,1,1,1,1,1,True,0,0,0,0,0,0,burst,True
s02-r4-burst_trial-0.4,2,4,burst_trial-0.4,burst_trial,0.4,4,64.56000000000131,1,600,1,,,,1,1,1,1,2,1,2,1,True,1,1,0,0,0,0,burst,True
s02-r4-burst_trial-0.4,2,4,burst_trial-0.4,burst_trial,0.4,5,80.17599999999948,1,600,1,,,,1,1,1,1,1,1,1,1,True,1,1,0,1,1,0,burst,True
s02-r4-burst_trial-0.4,2,4,burst_trial-0.4,burst_trial,0.4,6,87.75600000000122,1,600,1,,,,2,1,2,1,1,1,1,1,True,0,0,0,1,1,0,burst,True
s02-r4-burst_trial-0.4,2,4,burst_trial-0.4,burst_trial,0.4,7,95.64400000000025,2,600,1,,,,2,1,2,1,1,1,1,1,True,1,1,0,0,0,0,burst,True
s02-r4-burst_trial-0.4,2,4,burst_trial-0.4,burst_trial,0.4,8,119.76800000000004,2,600,1,,,,2,1,2,1,2,1,1,1,True,1,1,0,1,0,1,burst,True
s02-r4-burst_trial-0.4,2,4,burst_trial-0.4,burst_trial,0.4,9,169.07200000000012,2,600,1,,,,1,1,2,1,1,1,1,1,True,0,1,1,0,0,0,burst,True
s02-r4-burst_trial-0.4,2,4,burst_trial-0.4,burst_trial,0.4,10,176.72000000000116,2,600,1,,,,1,1,1,1,1,1,2,1,True,0,0,0,0,1,1,burst,True
s02-r4-burst_trial-0.4,2,4,burst_trial-0.4,burst_trial,0.4,11,192.65599999999904,1,600,1,,,,2,1,1,1,1,1,1,1,True,0,1,1,1,1,0,burst,True
s02-r4-burst_trial-0.4,2,4,burst_trial-0.4,burst_trial,0.4,12,200.5,2,600,1,,,,1,1,1,1,1,1,1,1,True,0,0,0,0,0,0,burst,True
s02-r4-burst_trial-0.4,2,4,burst_trial-0.4,burst_trial,0.4,13,208.91600000000108,2,600,1,,,,1,1,2,1,1,1,2,1,True,0,1,1,0,1,1,burst,True
s02-r4-burst_trial-0.4,2,4,burst_trial-0.4,burst_trial,0.4,14,216.9320000000007,2,600,1,,,,2,1,2,1,1,1,1,1,True,1,1,0,0,0,0,burst,True
s02-r4-burst_trial-0.4,2,4,burst_trial-0.4,burst_trial,0.4,15,241.2200000000012,1,600,1,,,,1,1,2,1,1,1,1,1,True,1,0,1,1,1,0,burst,True
s02-r4-burst_trial-0.4,2,4,burst_trial-0.4,burst_trial,0.4,16,258.0159999999996,1,600,1,,,,1,1,1,1,1,1,2,1,True,1,1,0,1,0,1,burst,True
s02-r4-burst_trial-0.4,2,4,burst_trial-0.4,burst_trial,0.4,17,274.5519999999997,1,600,1,,,,2,1,2,1,2,1,1,1,True,0,0,0,0,1,1,burst,True
s02-r4-burst_trial-0.4,2,4,burst_trial-0.4,burst_trial,0.4,18,290.887999999999,1,600,1,,,,1,1,1,1,2,1,2,1,True,1,1,0,0,0,0,burst,True
s02-r4-burst_trial-0.4,2,4,burst_trial-0.4,burst_trial,0.4,19,306.6280000000006,1,600,1,,,,2,1,2,1,1,1,1,1,True,0,0,0,1,1,0,burst,True
s02-r4-burst_trial-0.4,2,4,burst_trial-0.4,burst_trial,0.4,20,314.32800000000134,2,600,1,,,,1,1,2,1,1,1,2,1,True,0,1,1,0,1,1,burst,True
s02-r4-burst_trial-0.4,2,4,burst_trial-0.4,burst_trial,0.4,21,347.0,1,600,1,,,,2,1,1,1,2,1,2,1,True,0,1,1,0,0,0,burst,True
s02-r4-burst_trial-0.4,2,4,burst_trial-0.4,burst_trial,0.4,22,354.6239999999998,2,600,1,,,,2,1,2,1,1,1,2,1,True,1,1,0,0,1,1,burst,True
s02-r4-burst_trial-0.4,2,4,burst_trial-0.4,burst_trial,0.4,23,370.7920000000013,2,600,1,,,,2,1,2,1,1,1,1,1,True,1,1,0,0,0,0,burst,True
s03-r0-burst_trial-0.1,3,0,burst_trial-0.1,burst_trial,0.1,0,1.0,1,900,1,,,,1,1,1,1,1,1,1,1,True,1,1,0,1,1,0,burst,True
s03-r0-burst_trial-0.1,3,0,burst_trial-0.1,burst_trial,0.1,1,9.011999999999944,2,900,1,,,,2,1,2,1,2,1,2,1,True,1,1,0,1,1,0,burst,True
s03-r0-burst_trial-0.1,3,0,burst_trial-0.1,burst_trial,0.1,2,16.68399999999997,2,900,1,,,,2,1,2,1,2,1,1,1,True,1,1,0,1,0,1,burst,True
s03-r0-burst_trial-0.1,3,0,burst_trial-0.1,burst_trial,0.1,3,24.49199999999996,1,900,1,,,,2,1,2,1,1,1,1,1,True,0,0,0,1,1,0,burst,True
s03-r0-burst_trial-0.1,3,0,burst_trial-0.1,burst_trial,0.1,4,32.524000000000115,2,900,1,,,,2,1,2,1,2,1,2,1,True,1,1,0,1,1,0,burst,True
s03-r0-burst_trial-0.1,3,0,burst_trial-0.1,burst_trial,0.1,5,40.96800000000008,1,900,1,,,,1,1,1,1,1,1,1,1,True,1,1,0,1,1,0,burst,True
s03-r0-burst_trial-0.1,3,0,burst_trial-0.1,burst_trial,0.1,6,48.63599999999997,2,900,1,,,,2,1,2,1,2,1,2,1,True,1,1,0,1,1,0,burst,True
s03-r0-burst_trial-0.1,3,0,burst_trial-0.1,burst_trial,0.1,7,64.55999999999995,2,900,1,,,,2,1,2,1,2,1,2,1,True,1,1,0,1,1,0,burst,True
s03-r0-burst_trial-0.1,3,0,burst_trial-0.1,burst_trial,0.1,8,80.17599999999993,1,900,1,,,,1,1,1,1,1,1,1,1,True,1,1,0,1,1,0,burst,True
s03-r0-burst_trial-0.1,3,0,burst_trial-0.1,burst_trial,0.1,9,95.644,2,900,1,,,,2,1,2,1,2,1,2,1,True,1,1,0,1,1,0,burst,True
s03-r0-burst_trial-0.1,3,0,burst_trial-0.1,burst_trial,0.1,10,103.42000000000009,1,900,1,,,,1,1,1,1,2,1,1,1,True,1,1,0,0,1,1,burst,True
s03-r0-burst_trial-0.1,3,0,burst_trial-0.1,burst_trial,0.1,11,152.47199999999998,1,900,1,,,,1,1,1,1,1,1,1,1,True,1,1,0,1,1,0,burst,True
s03-r0-burst_trial-0.1,3,0,burst_trial-0.1,burst_trial,0.1,12,169.0719999999999,2,900,1,,,,2,1,2,1,2,1,2,1,True,1,1,0,1,1,0,burst,True
s03-r0-burst_trial-0.1,3,0,burst_trial-0.1,burst_trial,0.1,13,176.72000000000003,1,900,1,,,,1,1,1,1,1,1,1,1,True,1,1,0,1,1,0,burst,True
s03-r0-burst_trial-0.1,3,0,burst_trial-0.1,burst_trial,0.1,14,184.84400000000005,1,900,1,,,,2,1,2,1,1,1,1,1,True,0,0,0,1,1,0,burst,True
s03-r0-burst_trial-0.1,3,0,burst_trial-0.1,burst_trial,0.1,15,208.91599999999997,1,900,1,,,,1,1,1,1,1,1,1,1,True,1,1,0,1,1,0,burst,True
s03-r0-burst_trial-0.1,3,0,burst_trial-0.1,burst_trial,0.1,16,241.22000000000003,1,900,1,,,,2,1,2,1,1,1,1,1,True,0,0,0,1,1,0,burst,True
s03-r0-burst_trial-0.1,3,0,burst_trial-0.1,burst_trial,0.1,17,249.6479999999999,2,900,1,,,,2,1,2,1,2,1,2,1,True,1,1,0,1,1,0,burst,True
s03-r0-burst_trial-0.1,3,0,burst_trial-0.1,burst_trial,0.1,18,258.01599999999985,1,900,1,,,,1,1,1,1,1,1,1,1,True,1,1,0,1,1,0,burst,True
s03-r0-burst_trial-0.1,3,0,burst_trial-0.1,burst_trial,0.1,19,266.3799999999999,2,900,1,,,,2,1,2,1,2,1,2,1,True,1,1,0,1,1,0,burst,True
s03-r0-burst_trial-0.1,3,0,burst_trial-0.1,burst_trial,0.1,20,274.5519999999999,2,900,1,,,,2,1,2,1,2,1,2,1,True,1,1,0,1,1,0,burst,True
s03-r0-burst_trial-0.1,3,0,burst_trial-0.1,burst_trial,0.1,21,282.8080000000002,1,900,1,,,,1,1,1,1,1,1,1,1,True,1,1,0,1,1,0,burst,True
s03-r0-burst_trial-0.1,3,0,burst_trial-0.1,burst_trial,0.1,22,290.88800000000015,2,900,1,,,,2,1,2,1,2,1,2,1,True,1,1,0,1,1,0,burst,True
s03-r0-burst_trial-0.1,3,0,burst_trial-0.1,burst_trial,0.1,23,306.628,2,900,1,,,,2,1,2,1,2,1,2,1,True,1,1,0,1,1,0,burst,True
s03-r0-burst_trial-0.25,3,0,burst_trial-0.25,burst_trial,0.25,0,1.0,1,750,1,,,,2,1,1,1,1,1,1,1,True,0,1,1,1,1,0,burst,True
s03-r0-burst_trial-0.25,3,0,burst_trial-0.25,burst_trial,0.25,1,9.011999999999944,2,750,1,,,,2,1,2,1,2,1,2,1,True,1,1,0,1,1,0,burst,True
s03-r0-burst_trial-0.25,3,0,burst_trial-0.25,burst_trial,0.25,2,16.68399999999997,2,750,1,,,,2,1,2,1,2,1,1,1,True,1,1,0,1,0,1,burst,True
s03-r0-burst_trial-0.25,3,0,burst_trial-0.25,burst_trial,0.25,3,24.49199999999996,1,750,1,,,,2,1,2,1,1,1,1,1,True,0,0,0,1,1,0,burst,True
s03-r0-burst_trial-0.25,3,0,burst_trial-0.25,burst_trial,0.25,4,32.524000000000115,2,750,1,,,,2,1,2,1,2,1,2,1,True,1,1,0,1,1,0,burst,True
s03-r0-burst_trial-0.25,3,0,burst_trial-0.25,burst_trial,0.25,5,40.96800000000008,1,750,1,,,,1,1,1,1,1,1,1,1,True,1,1,0,1,1,0,burst,True
s03-r0-burst_trial-0.25,3,0,burst_trial-0.25,burst_trial,0.25,6,48.63599999999997,2,750,1,,,,2,1,2,1,2,1,2,1,True,1,1,0,1,1,0,burst,True
s03-r0-burst_trial-0.25,3,0,burst_trial-0.25,burst_trial,0.25,7,64.55999999999995,2,750,1,,,,2,1,2,1,2,1,2,1,True,1,1,0,1,1,0,burst,True
s03-r0-burst_trial-0.25,3,0,burst_trial-0.25,burst_trial,0.25,8,80.17599999999993,1,750,1,,,,1,1,1,1,1,1,1,1,True,1,1,0,1,1,0,burst,True
s03-r0-burst_trial-0.25,3,0,burst_trial-0.25,burst_trial,0.25,9,95.644,2,750,1,,,,2,1,2,1,2,1,2,1,True,1,1,0,1,1,0,burst,True
s03-r0-burst_trial-0.25,3,0,burst_trial-0.25,burst_trial,0.25,10,103.42000000000009,1,750,1,,,,1,1,1,1,2,1,1,1,True,1,1,0,0,1,1,burst,True
s03-r0-burst_trial-0.25,3,0,burst_trial-0.25,burst_trial,0.25,11,152.47199999999998,1,750,1,,,,1,1,1,1,1,1,1,1,True,1,1,0,1,1,0,burst,True
s03-r0-burst_trial-0.25,3,0,burst_trial-0.25,burst_trial,0.25,12,169.0719999999999,2,750,1,,,,2,1,2,1,2,1,2,1,True,1,1,0,1,1,0,burst,True
s03-r0-burst_trial-0.25,3,0,burst_trial-0.25,burst_trial,0.25,13,176.72000000000003,1,750,1,,,,1,1,1,1,1,1,1,1,True,1,1,0,1,1,0,burst,True
s03-r0-burst_trial-0.25,3,0,burst_trial-0.25,burst_trial,0.25,14,184.84400000000005,1,750,1,,,,2,1,2,1,1,1,1,1,True,0,0,0,1,1,0,burst,True
s03-r0-burst_trial-0.25,3,0,burst_trial-0.25,burst_trial,0.25,15,208.91599999999997,1,750,1,,,,2,1,1,1,1,1,1,1,True,0,1,1,1,1,0,burst,True
s03-r0-burst_trial-0.25,3,0,burst_trial-0.25,burst_trial,0.25,16,241.22000000000003,1,750,1,,,,2,1,2,1,1,1,1,1,True,0,0,0,1,1,0,burst,True
s03-r0-burst_trial-0.25,3,0,burst_trial-0.25,burst_trial,0.25,17,249.6479999999999,2,750,1,,,,2,1,2,1,2,1,2,1,True,1,1,0,1,1,0,burst,True
s03-r0-burst_trial-0.25,3,0,burst_trial-0.25,burst_trial,0.25,18,258.01599999999985,1,750,1,,,,1,1,1,1,1,1,1,1,True,1,1,0,1,1,0,burst,True
s03-r0-burst_trial-0.25,3,0,burst_trial-0.25,burst_trial,0.25,19,266.3799999999999,2,750,1,,,,2,1,2,1,2,1,2,1,True,1,1,0,1,1,0,burst,True
s03-r0-burst_trial-0.25,3,0,burst_trial-0.25,burst_trial,0.25,20,274.5519999999999,2,750,1,,,,2,1,2,1,2,1,2,1,True,1,1,0,1,1,0,burst,True
s03-r0-burst_trial-0.25,3,0,burst_trial-0.25,burst_trial,0.25,21,282.80799999999977,1,750,1,,,,1,1,1,1,1,1,1,1,True,1,1,0,1,1,0,burst,True
s03-r0-burst_trial-0.25,3,0,burst_trial-0.25,burst_trial,0.25,22,290.88800000000015,2,750,1,,,,2,1,2,1,2,1,2,1,True,1,1,0,1,1,0,burst,True
s03-r0-burst_trial-0.25,3,0,burst_trial-0.25,burst_trial,0.25,23,306.628,2,750,1,,,,2,1,2,1,2,1,2,1,True,1,1,0,1,1,0,burst,True
s03-r0-burst_trial-0.4,3,0,burst_trial-0.4,burst_trial,0.4,0,1.0,1,600,1,,,,1,1,1,1,2,1,1,1,True,1,1,0,0,1,1,burst,True
s03-r0-burst_trial-0.4,3,0,burst_trial-0.4,burst_trial,0.4,1,9.011999999999944,2,600,1,,,,2,1,2,1,1,1,2,1,True,1,1,0,0,1,1,burst,True
s03-r0-burst_trial-0.4,3,0,burst_trial-0.4,burst_trial,0.4,2,16.68399999999997,2,600,1,,,,2,1,2,1,2,1,1,1,True,1,1,0,1,0,1,burst,True
s03-r0-burst_trial-0.4,3,0,burst_trial-0.4,burst_trial,0.4,3,24.49199999999996,1,600,1,,,,2,1,2,1,1,1,1,1,True,0,0,0,1,1,0,burst,True
s03-r0-burst_trial-0.4,3,0,burst_trial-0.4,burst_trial,0.4,4,32.52399999999989,2,600,1,,,,2,1,2,1,2,1,2,1,True,1,1,0,1,1,0,burst,True
s03-r0-burst_trial-0.4,3,0,burst_trial-0.4,burst_trial,0.4,5,40.96800000000008,1,600,1,,,,1,1,1,1,1,1,1,1,True,1,1,0,1,1,0,burst,True
s03-r0-burst_trial-0.4,3,0,burst_trial-0.4,burst_trial,0.4,6,48.63599999999997,2,600,1,,,,2,1,2,1,2,1,2,1,True,1,1,0,1,1,0,burst,True
s03-r0-burst_trial-0.4,3,0,burst_trial-0.4,burst_trial,0.4,7,64.55999999999995,2,600,1,,,,1,1,2,1,2,1,2,1,True,0,1,1,1,1,0,burst,True
s03-r0-burst_trial-0.4,3,0,burst_trial-0.4,burst_trial,0.4,8,80.17599999999993,1,600,1,,,,1,1,1,1,1,1,1,1,True,1,1,0,1,1,0,burst,True
s03-r0-burst_trial-0.4,3,0,burst_trial-0.4,burst_trial,0.4,9,95.644,2,600,1,,,,2,1,2,1,2,1,2,1,True,1,1,0,1,1,0,burst,True
s03-r0-burst_trial-0.4,3,0,burst_trial-0.4,burst_trial,0.4,10,103.42000000000009,1,600,1,,,,1,1,1,1,1,1,1,1,True,1,1,0,1,1,0,burst,True
s03-r0-burst_trial-0.4,3,0,burst_trial-0.4,burst_trial,0.4,11,152.47199999999998,1,600,1,,,,1,1,1,1,1,1,1,1,True,1,1,0,1,1,0,burst,True
s03-r0-burst_trial-0.4,3,0,burst_trial-0.4,burst_trial,0.4,12,169.07200000000012,2,601,1,,,,2,1,2,1,1,1,2,1,True,1,1,0,0,1,1,burst,True
s03-r0-burst_trial-0.4,3,0,burst_trial-0.4,burst_trial,0.4,13,176.72000000000003,1,600,1,,,,1,1,1,1,1,1,1,1,True,1,1,0,1,1,0,burst,True
s03-r0-burst_trial-0.4,3,0,burst_trial-0.4,burst_trial,0.4,14,184.84400000000005,1,600,1,,,,2,1,2,1,1,1,1,1,True,0,0,0,1,1,0,burst,True
s03-r0-burst_trial-0.4,3,0,burst_trial-0.4,burst_trial,0.4,15,208.91599999999997,1,600,1,,,,2,1,1,1,1,1,1,1,True,0,1,1,1,1,0,burst,True
s03-r0-burst_trial-0.4,3,0,burst_trial-0.4,burst_trial,0.4,16,241.22000000000003,1,601,1,,,,2,1,2,1,1,1,1,1,True,0,0,0,1,1,0,burst,True
s03-r0-burst_trial-0.4,3,0,burst_trial-0.4,burst_trial,0.4,17,249.6480000000001,2,600,1,,,,2,1,2,1,2,1,2,1,True,1,1,0,1,1,0,burst,True
s03-r0-burst_trial-0.4,3,0,burst_trial-0.4,burst_trial,0.4,18,258.0160000000001,1,600,1,,,,1,1,1,1,1,1,1,1,True,1,1,0,1,1,0,burst,True
s03-r0-burst_trial-0.4,3,0,burst_trial-0.4,burst_trial,0.4,19,266.3800000000001,2,600,1,,,,2,1,2,1,2,1,2,1,True,1,1,0,1,1,0,burst,True
s03-r0-burst_trial-0.4,3,0,burst_trial-0.4,burst_trial,0.4,20,274.55200000000013,2,600,1,,,,2,1,2,1,2,1,2,1,True,1,1,0,1,1,0,burst,True
s03-r0-burst_trial-0.4,3,0,burst_trial-0.4,burst_trial,0.4,21,282.808,1,600,1,,,,1,1,1,1,1,1,1,1,True,1,1,0,1,1,0,burst,True
s03-r0-burst_trial-0.4,3,0,burst_trial-0.4,burst_trial,0.4,22,290.8879999999999,2,600,1,,,,2,1,2,1,2,1,2,1,True,1,1,0,1,1,0,burst,True
s03-r0-burst_trial-0.4,3,0,burst_trial-0.4,burst_trial,0.4,23,306.62800000000016,2,600,1,,,,2,1,2,1,2,1,2,1,True,1,1,0,1,1,0,burst,True
s03-r1-burst_trial-0.1,3,1,burst_trial-0.1,burst_trial,0.1,0,16.684000000000196,2,900,1,,,,2,1,2,1,2,1,2,1,True,1,1,0,1,1,0,burst,True
s03-r1-burst_trial-0.1,3,1,burst_trial-0.1,burst_trial,0.1,1,24.49200000000019,1,900,1,,,,1,1,1,1,1,1,1,1,True,1,1,0,1,1,0,burst,True
s03-r1-burst_trial-0.1,3,1,burst_trial-0.1,burst_trial,0.1,2,32.52400000000034,1,900,1,,,,1,1,2,1,1,1,1,1,True,1,0,1,1,1,0,burst,True
s03-r1-burst_trial-0.1,3,1,burst_trial-0.1,burst_trial,0.1,3,40.96799999999985,2,900,1,,,,2,1,2,1,2,1,2,1,True,1,1,0,1,1,0,burst,True
s03-r1-burst_trial-0.1,3,1,burst_trial-0.1,burst_trial,0.1,4,64.5600000000004,2,900,1,,,,2,1,2,1,2,1,2,1,True,1,1,0,1,1,0,burst,True
s03-r1-burst_trial-0.1,3,1,burst_trial-0.1,burst_trial,0.1,5,80.17600000000039,1,900,1,,,,1,1,1,1,1,1,1,1,True,1,1,0,1,1,0,burst,True
s03-r1-burst_trial-0.1,3,1,burst_trial-0.1,burst_trial,0.1,6,87.75600000000031,1,900,1,,,,1,1,1,1,1,1,1,1,True,1,1,0,1,1,0,burst,True
s03-r1-burst_trial-0.1,3,1,burst_trial-0.1,burst_trial,0.1,7,95.64400000000025,1,900,1,,,,1,1,2,1,1,1,1,1,True,1,0,1,1,1,0,burst,True
s03-r1-burst_trial-0.1,3,1,burst_trial-0.1,burst_trial,0.1,8,111.28799999999956,2,900,1,,,,2,1,2,1,2,1,2,1,True,1,1,0,1,1,0,burst,True
s03-r1-burst_trial-0.1,3,1,burst_trial-0.1,burst_trial,0.1,9,119.76800000000004,2,900,1,,,,2,1,2,1,2,1,2,1,True,1,1,0,1,1,0,burst,True
s03-r1-burst_trial-0.1,3,1,burst_trial-0.1,burst_trial,0.1,10,127.80000000000018,1,900,1,,,,1,1,1,1,1,1,1,1,True,1,1,0,1,1,0,burst,True
s03-r1-burst_trial-0.1,3,1,burst_trial-0.1,burst_trial,0.1,11,136.0640000000003,1,900,1,,,,1,1,1,1,1,1,1,1,True,1,1,0,1,1,0,burst,True
s03-r1-burst_trial-0.1,3,1,burst_trial-0.1,burst_trial,0.1,12,152.47199999999975,1,900,1,,,,1,1,1,1,1,1,1,1,True,1,1,0,1,1,0,burst,True
s03-r1-burst_trial-0.1,3,1,burst_trial-0.1,burst_trial,0.1,13,160.7520000000004,2,900,1,,,,2,1,2,1,2,1,2,1,True,1,1,0,1,1,0,burst,True
s03-r1-burst_trial-0.1,3,1,burst_trial-0.1,burst_trial,0.1,14,192.65599999999995,1,900,1,,,,1,1,1,1,1,1,1,1,True,1,1,0,1,1,0,burst,True
s03-r1-burst_trial-0.1,3,1,burst_trial-0.1,burst_trial,0.1,15,216.9319999999998,2,900,1,,,,2,1,2,1,2,1,2,1,True,1,1,0,1,1,0,burst,True
s03-r1-burst_trial-0.1,3,1,burst_trial-0.1,burst_trial,0.1,16,241.22000000000023,2,900,1,,,,2,1,2,1,2,1,2,1,True,1,1,0,1,1,0,burst,True
s03-r1-burst_trial-0.1,3,1,burst_trial-0.1,burst_trial,0.1,17,249.6480000000001,1,900,1,,,,1,1,1,1,1,1,1,1,True,1,1,0,1,1,0,burst,True
s03-r1-burst_trial-0.1,3,1,burst_trial-0.1,burst_trial,0.1,18,258.0159999999996,2,900,1,,,,2,1,2,1,2,1,2,1,True,1,1,0,1,1,0,burst,True
s03-r1-burst_trial-0.1,3,1,burst_trial-0.1,burst_trial,0.1,19,306.6279999999997,1,900,1,,,,1,1,1,1,1,1,1,1,True,1,1,0,1,1,0,burst,True
s03-r1-burst_trial-0.1,3,1,burst_trial-0.1,burst_trial,0.1,20,322.65200000000004,2,900,1,,,,2,1,2,1,2,1,2,1,True,1,1,0,1,1,0,burst,True
s03-r1-burst_trial-0.1,3,1,burst_trial-0.1,burst_trial,0.1,21,338.52400000000034,2,900,1,,,,2,1,2,1,2,1,2,1,True,1,1,0,1,1,0,burst,True
s03-r1-burst_trial-0.1,3,1,burst_trial-0.1,burst_trial,0.1,22,362.3360000000002,2,900,1,,,,2,1,2,1,2,1,2,1,True,1,1,0,1,1,0,burst,True
s03-r1-burst_trial-0.1,3,1,burst_trial-0.1,burst_trial,0.1,23,379.02800000000025,1,900,1,,,,1,1,1,1,1,1,1,1,True,1,1,0,1,1,0,burst,True
s03-r1-burst_trial-0.25,3,1,burst_trial-0.25,burst_trial,0.25,0,16.684000000000196,2,750,1,,,,2,1,2,1,2,1,2,1,True,1,1,0,1,1,0,burst,True
s03-r1-burst_trial-0.25,3,1,burst_trial-0.25,burst_trial,0.25,1,24.49200000000019,1,750,1,,,,1,1,1,1,1,1,1,1,True,1,1,0,1,1,0,burst,True
s03-r1-burst_trial-0.25,3,1,burst_trial-0.25,burst_trial,0.25,2,32.52400000000034,1,750,1,,,,2,1,2,1,1,1,1,1,True,0,0,0,1,1,0,burst,True
s03-r1-burst_trial-0.25,3,1,burst_trial-0.25,burst_trial,0.25,3,40.96799999999985,2,750,1,,,,2,1,2,1,2,1,2,1,True,1,1,0,1,1,0,burst,True
s03-r1-burst_trial-0.25,3,1,burst_trial-0.25,burst_trial,0.25,4,64.5600000000004,2,750,1,,,,2,1,2,1,2,1,2,1,True,1,1,0,1,1,0,burst,True
s03-r1-burst_trial-0.25,3,1,burst_trial-0.25,burst_trial,0.25,5,80.17600000000039,1,750,1,,,,1,1,1,1,1,1,1,1,True,1,1,0,1,1,0,burst,True
s03-r1-burst_trial-0.25,3,1,burst_trial-0.25,burst_trial,0.25,6,87.75600000000031,1,750,1,,,,1,1,1,1,1,1,1,1,True,1,1,0,1,1,0,burst,True
s03-r1-burst_trial-0.25,3,1,burst_trial-0.25,burst_trial,0.25,7,95.64400000000025,1,750,1,,,,1,1,2,1,1,1,1,1,True,1,0,1,1,1,0,burst,True
s03-r1-burst_trial-0.25,3,1,burst_trial-0.25,burst_trial,0.25,8,111.28799999999956,2,750,1,,,,2,1,2,1,2,1,2,1,True,1,1,0,1,1,0,burst,True
s03-r1-burst_trial-0.25,3,1,burst_trial-0.25,burst_trial,0.25,9,119.76800000000004,2,750,1,,,,2,1,2,1,2,1,2,1,True,1,1,0,1,1,0,burst,True
s03-r1-burst_trial-0.25,3,1,burst_trial-0.25,burst_trial,0.25,10,127.80000000000018,1,750,1,,,,1,1,1,1,1,1,1,1,True,1,1,0,1,1,0,burst,True
s03-r1-burst_trial-0.25,3,1,burst_trial-0.25,burst_trial,0.25,11,136.0640000000003,1,750,1,,,,1,1,1,1,1,1,1,1,True,1,1,0,1,1,0,burst,True
s03-r1-burst_trial-0.25,3,1,burst_trial-0.25,burst_trial,0.25,12,152.47199999999975,1,750,1,,,,1,1,1,1,2,1,1,1,True,1,1,0,0,1,1,burst,True
s03-r1-burst_trial-0.25,3,1,burst_trial-0.25,burst_trial,0.25,13,160.7520000000004,2,750,1,,,,2,1,2,1,2,1,2,1,True,1,1,0,1,1,0,burst,True
s03-r1-burst_trial-0.25,3,1,burst_trial-0.25,burst_trial,0.25,14,192.65599999999995,1,750,1,,,,1,1,1,1,1,1,1,1,True,1,1,0,1,1,0,burst,True
s03-r1-burst_trial-0.25,3,1,burst_trial-0.25,burst_trial,0.25,15,216.9319999999998,2,750,1,,,,2,1,2,1,2,1,2,1,True,1,1,0,1,1,0,burst,True
s03-r1-burst_trial-0.25,3,1,burst_trial-0.25,burst_trial,0.25,16,241.22000000000023,2,750,1,,,,2,1,2,1,2,1,2,1,True,1,1,0,1,1,0,burst,True
s03-r1-burst_trial-0.25,3,1,burst_trial-0.25,burst_trial,0.25,17,249.6480000000001,1,750,1,,,,1,1,1,1,1,1,1,1,True,1,1,0,1,1,0,burst,True
s03-r1-burst_trial-0.25,3,1,burst_trial-0.25,burst_trial,0.25,18,258.0159999999996,2,750,1,,,,2,1,2,1,2,1,2,1,True,1,1,0,1,1,0,burst,True
s03-r1-burst_trial-0.25,3,1,burst_trial-0.25,burst_trial,0.25,19,306.6279999999997,1,750,1,,,,1,1,1,1,1,1,1,1,True,1,1,0,1,1,0,burst,True
s03-r1-burst_trial-0.25,3,1,burst_trial-0.25,burst_trial,0.25,20,322.65200000000004,2,750,1,,,,2,1,2,1,2,1,2,1,True,1,1,0,1,1,0,burst,True
s03-r1-burst_trial-0.25,3,1,burst_trial-0.25,burst_trial,0.25,21,338.52400000000034,2,750,1,,,,2,1,2,1,2,1,2,1,True,1,1,0,1,1,0,burst,True
s03-r1-burst_trial-0.25,3,1,burst_trial-0.25,burst_trial,0.25,22,362.3360000000002,2,750,1,,,,2,1,2,1,2,1,2,1,True,1,1,0,1,1,0,burst,True
s03-r1-burst_trial-0.25,3,1,burst_trial-0.25,burst_trial,0.25,23,379.02800000000025,1,750,1,,,,1,1,1,1,1,1,1,1,True,1,1,0,1,1,0,burst,True
s03-r1-burst_trial-0.4,3,1,burst_trial-0.4,burst_trial,0.4,0,16.684000000000196,2,600,1,,,,2,1,2,1,2,1,2,1,True,1,1,0,1,1,0,burst,True
s03-r1-burst_trial-0.4,3,1,burst_trial-0.4,burst_trial,0.4,1,24.49200000000019,1,600,1,,,,1,1,1,1,1,1,1,1,True,1,1,0,1,1,0,burst,True
s03-r1-burst_trial-0.4,3,1,burst_trial-0.4,burst_trial,0.4,2,32.52400000000034,1,600,1,,,,1,1,2,1,1,1,1,1,True,1,0,1,1,1,0,burst,True
s03-r1-burst_trial-0.4,3,1,burst_trial-0.4,burst_trial,0.4,3,40.96799999999985,2,600,1,,,,2,1,2,1,2,1,2,1,True,1,1,0,1,1,0,burst,True
s03-r1-burst_trial-0.4,3,1,burst_trial-0.4,burst_trial,0.4,4,64.5600000000004,2,600,1,,,,2,1,2,1,2,1,2,1,True,1,1,0,1,1,0,burst,True
s03-r1-burst_trial-0.4,3,1,burst_trial-0.4,burst_trial,0.4,5,80.17600000000039,1,600,1,,,,1,1,1,1,1,1,1,1,True,1,1,0,1,1,0,burst,True
s03-r1-burst_trial-0.4,3,1,burst_trial-0.4,burst_trial,0.4,6,87.75600000000031,1,600,1,,,,2,1,1,1,1,1,1,1,True,0,1,1,1,1,0,burst,True
s03-r1-burst_trial-0.4,3,1,burst_trial-0.4,burst_trial,0.4,7,95.64400000000025,1,600,1,,,,2,1,2,1,1,1,1,1,True,0,0,0,1,1,0,burst,True
s03-r1-burst_trial-0.4,3,1,burst_trial-0.4,burst_trial,0.4,8,111.28799999999956,2,600,1,,,,2,1,2,1,2,1,2,1,True,1,1,0,1,1,0,burst,True
s03-r1-burst_trial-0.4,3,1,burst_trial-0.4,burst_trial,0.4,9,119.76800000000004,2,600,1,,,,2,1,2,1,2,1,2,1,True,1,1,0,1,1,0,burst,True
s03-r1-burst_trial-0.4,3,1,burst_trial-0.4,burst_trial,0.4,10,127.80000000000018,1,600,1,,,,1,1,1,1,1,1,1,1,True,1,1,0,1,1,0,burst,True
s03-r1-burst_trial-0.4,3,1,burst_trial-0.4,burst_trial,0.4,11,136.0640000000003,1,600,1,,,,1,1,1,1,1,1,1,1,True,1,1,0,1,1,0,burst,True
s03-r1-burst_trial-0.4,3,1,burst_trial-0.4,burst_trial,0.4,12,152.47199999999975,1,600,1,,,,1,1,1,1,1,1,1,1,True,1,1,0,1,1,0,burst,True
s03-r1-burst_trial-0.4,3,1,burst_trial-0.4,burst_trial,0.4,13,160.7520000000004,2,600,1,,,,2,1,2,1,2,1,2,1,True,1,1,0,1,1,0,burst,True
s03-r1-burst_trial-0.4,3,1,burst_trial-0.4,burst_trial,0.4,14,192.65599999999995,1,600,1,,,,1,1,1,1,1,1,1,1,True,1,1,0,1,1,0,burst,True
s03-r1-burst_trial-0.4,3,1,burst_trial-0.4,burst_trial,0.4,15,216.9319999999998,2,600,1,,,,2,1,2,1,2,1,2,1,True,1,1,0,1,1,0,burst,True
s03-r1-burst_trial-0.4,3,1,burst_trial-0.4,burst_trial,0.4,16,241.22000000000023,2,600,1,,,,2,1,2,1,2,1,2,1,True,1,1,0,1,1,0,burst,True
s03-r1-burst_trial-0.4,3,1,burst_trial-0.4,burst_trial,0.4,17,249.6480000000001,1,600,1,,,,1,1,1,1,1,1,1,1,True,1,1,0,1,1,0,burst,True
s03-r1-burst_trial-0.4,3,1,burst_trial-0.4,burst_trial,0.4,18,258.0159999999996,2,600,1,,,,2,1,2,1,2,1,2,1,True,1,1,0,1,1,0,burst,True
s03-r1-burst_trial-0.4,3,1,burst_trial-0.4,burst_trial,0.4,19,306.6279999999997,1,600,1,,,,1,1,1,1,1,1,1,1,True,1,1,0,1,1,0,burst,True
s03-r1-burst_trial-0.4,3,1,burst_trial-0.4,burst_trial,0.4,20,322.65200000000004,2,600,1,,,,2,1,2,1,2,1,2,1,True,1,1,0,1,1,0,burst,True
s03-r1-burst_trial-0.4,3,1,burst_trial-0.4,burst_trial,0.4,21,338.52400000000034,2,600,1,,,,2,1,2,1,2,1,2,1,True,1,1,0,1,1,0,burst,True
s03-r1-burst_trial-0.4,3,1,burst_trial-0.4,burst_trial,0.4,22,362.3360000000002,2,600,1,,,,2,1,2,1,2,1,2,1,True,1,1,0,1,1,0,burst,True
s03-r1-burst_trial-0.4,3,1,burst_trial-0.4,burst_trial,0.4,23,379.02800000000025,1,600,1,,,,1,1,1,1,1,1,1,1,True,1,1,0,1,1,0,burst,True
s03-r2-burst_trial-0.1,3,2,burst_trial-0.1,burst_trial,0.1,0,1.0,1,900,1,,,,1,1,1,1,1,1,1,1,True,1,1,0,1,1,0,burst,True
s03-r2-burst_trial-0.1,3,2,burst_trial-0.1,burst_trial,0.1,1,9.012000000000626,1,900,1,,,,1,1,1,1,1,1,1,1,True,1,1,0,1,1,0,burst,True
s03-r2-burst_trial-0.1,3,2,burst_trial-0.1,burst_trial,0.1,2,24.49200000000019,2,900,1,,,,2,1,2,1,2,1,2,1,True,1,1,0,1,1,0,burst,True
s03-r2-burst_trial-0.1,3,2,burst_trial-0.1,burst_trial,0.1,3,32.52399999999943,1,900,1,,,,1,1,1,1,1,1,1,1,True,1,1,0,1,1,0,burst,True
s03-r2-burst_trial-0.1,3,2,burst_trial-0.1,burst_trial,0.1,4,48.63600000000042,1,900,1,,,,1,1,1,1,1,1,1,1,True,1,1,0,1,1,0,burst,True
s03-r2-burst_trial-0.1,3,2,burst_trial-0.1,burst_trial,0.1,5,64.55999999999949,2,900,1,,,,2,1,2,1,2,1,2,1,True,1,1,0,1,1,0,burst,True
s03-r2-burst_trial-0.1,3,2,burst_trial-0.1,burst_trial,0.1,6,80.17599999999948,1,900,1,,,,1,1,1,1,1,1,1,1,True,1,1,0,1,1,0,burst,True
s03-r2-burst_trial-0.1,3,2,burst_trial-0.1,burst_trial,0.1,7,103.42000000000009,1,900,1,,,,2,1,1,1,1,1,1,1,True,0,1,1,1,1,0,burst,True
s03-r2-burst_trial-0.1,3,2,burst_trial-0.1,burst_trial,0.1,8,119.76800000000004,2,900,1,,,,2,1,2,1,2,1,2,1,True,1,1,0,1,1,0,burst,True
s03-r2-burst_trial-0.1,3,2,burst_trial-0.1,burst_trial,0.1,9,160.7520000000004,1,900,1,,,,1,1,1,1,1,1,1,1,True,1,1,0,1,1,0,burst,True
s03-r2-burst_trial-0.1,3,2,burst_trial-0.1,burst_trial,0.1,10,176.71999999999937,2,900,1,,,,2,1,2,1,2,1,2,1,True,1,1,0,1,1,0,burst,True
s03-r2-burst_trial-0.1,3,2,burst_trial-0.1,burst_trial,0.1,11,192.6560000000009,2,900,1,,,,2,1,2,1,2,1,2,1,True,1,1,0,1,1,0,burst,True
s03-r2-burst_trial-0.1,3,2,burst_trial-0.1,burst_trial,0.1,12,200.5,1,900,1,,,,1,1,1,1,1,1,1,1,True,1,1,0,1,1,0,burst,True
s03-r2-burst_trial-0.1,3,2,burst_trial-0.1,burst_trial,0.1,13,216.9320000000007,2,900,1,,,,2,1,2,1,2,1,2,1,True,1,1,0,1,1,0,burst,True
s03-r2-burst_trial-0.1,3,2,burst_trial-0.1,burst_trial,0.1,14,224.83200000000036,1,900,1,,,,1,1,1,1,1,1,1,1,True,1,1,0,1,1,0,burst,True
s03-r2-burst_trial-0.1,3,2,burst_trial-0.1,burst_trial,0.1,15,249.64799999999923,1,900,1,,,,1,1,1,1,1,1,1,1,True,1,1,0,1,1,0,burst,True
s03-r2-burst_trial-0.1,3,2,burst_trial-0.1,burst_trial,0.1,16,282.8080000000009,2,900,1,,,,2,1,2,1,2,1,2,1,True,1,1,0,1,1,0,burst,True
s03-r2-burst_trial-0.1,3,2,burst_trial-0.1,burst_trial,0.1,17,290.88800000000083,1,900,1,,,,1,1,1,1,1,1,1,1,True,1,1,0,1,1,0,burst,True
s03-r2-burst_trial-0.1,3,2,burst_trial-0.1,burst_trial,0.1,18,298.77599999999984,2,900,1,,,,2,1,2,1,2,1,2,1,True,1,1,0,1,1,0,burst,True
s03-r2-burst_trial-0.1,3,2,burst_trial-0.1,burst_trial,0.1,19,314.3279999999995,2,900,1,,,,2,1,2,1,2,1,2,1,True,1,1,0,1,1,0,burst,True
s03-r2-burst_trial-0.1,3,2,burst_trial-0.1,burst_trial,0.1,20,338.52399999999943,2,900,1,,,,2,1,2,1,2,1,2,1,True,1,1,0,1,1,0,burst,True
s03-r2-burst_trial-0.1,3,2,burst_trial-0.1,burst_trial,0.1,21,347.0,2,900,1,,,,2,1,2,1,2,1,2,1,True,1,1,0,1,1,0,burst,True
s03-r2-burst_trial-0.1,3,2,burst_trial-0.1,burst_trial,0.1,22,354.6239999999998,2,900,1,,,,2,1,2,1,2,1,2,1,True,1,1,0,1,1,0,burst,True
s03-r2-burst_trial-0.1,3,2,burst_trial-0.1,burst_trial,0.1,23,379.02800000000025,1,900,1,,,,2,1,2,1,1,1,1,1,True,0,0,0,1,1,0,burst,True
s03-r2-burst_trial-0.25,3,2,burst_trial-0.25,burst_trial,0.25,0,1.0,1,750,1,,,,1,1,1,1,1,1,1,1,True,1,1,0,1,1,0,burst,True
s03-r2-burst_trial-0.25,3,2,burst_trial-0.25,burst_trial,0.25,1,9.012000000000626,1,750,1,,,,1,1,1,1,1,1,1,1,True,1,1,0,1,1,0,burst,True
s03-r2-burst_trial-0.25,3,2,burst_trial-0.25,burst_trial,0.25,2,24.49200000000019,2,750,1,,,,2,1,2,1,2,1,2,1,True,1,1,0,1,1,0,burst,True
s03-r2-burst_trial-0.25,3,2,burst_trial-0.25,burst_trial,0.25,3,32.52399999999943,1,750,1,,,,1,1,1,1,1,1,1,1,True,1,1,0,1,1,0,burst,True
s03-r2-burst_trial-0.25,3,2,burst_trial-0.25,burst_trial,0.25,4,48.63600000000042,1,750,1,,,,1,1,1,1,1,1,1,1,True,1,1,0,1,1,0,burst,True
s03-r2-burst_trial-0.25,3,2,burst_trial-0.25,burst_trial,0.25,5,64.55999999999949,2,750,1,,,,2,1,2,1,2,1,2,1,True,1,1,0,1,1,0,burst,True
s03-r2-burst_trial-0.25,3,2,burst_trial-0.25,burst_trial,0.25,6,80.17599999999948,1,750,1,,,,1,1,1,1,1,1,1,1,True,1,1,0,1,1,0,burst,True
s03-r2-burst_trial-0.25,3,2,burst_trial-0.25,burst_trial,0.25,7,103.42000000000009,1,750,1,,,,2,1,1,1,1,1,1,1,True,0,1,1,1,1,0,burst,True
s03-r2-burst_trial-0.25,3,2,burst_trial-0.25,burst_trial,0.25,8,119.76800000000004,2,750,1,,,,2,1,2,1,2,1,2,1,True,1,1,0,1,1,0,burst,True
s03-r2-burst_trial-0.25,3,2,burst_trial-0.25,burst_trial,0.25,9,160.7520000000004,1,750,1,,,,2,1,1,1,2,1,1,1,True,0,1,1,0,1,1,burst,True
s03-r2-burst_trial-0.25,3,2,burst_trial-0.25,burst_trial,0.25,10,176.71999999999937,2,750,1,,,,2,1,2,1,2,1,2,1,True,1,1,0,1,1,0,burst,True
s03-r2-burst_trial-0.25,3,2,burst_trial-0.25,burst_trial,0.25,11,192.6560000000009,2,750,1,,,,2,1,2,1,2,1,2,1,True,1,1,0,1,1,0,burst,True
s03-r2-burst_trial-0.25,3,2,burst_trial-0.25,burst_trial,0.25,12,200.5,1,750,1,,,,1,1,1,1,1,1,1,1,True,1,1,0,1,1,0,burst,True
s03-r2-burst_trial-0.25,3,2,burst_trial-0.25,burst_trial,0.25,13,216.9320000000007,2,750,1,,,,2,1,2,1,2,1,2,1,True,1,1,0,1,1,0,burst,True
s03-r2-burst_trial-0.25,3,2,burst_trial-0.25,burst_trial,0.25,14,224.83200000000036,1,750,1,,,,1,1,1,1,1,1,1,1,True,1,1,0,1,1,0,burst,True
s03-r2-burst_trial-0.25,3,2,burst_trial-0.25,burst_trial,0.25,15,249.64799999999923,1,750,1,,,,1,1,1,1,1,1,1,1,True,1,1,0,1,1,0,burst,True
s03-r2-burst_trial-0.25,3,2,burst_trial-0.25,burst_trial,0.25,16,282.8079999999991,2,750,1,,,,2,1,2,1,2,1,2,1,True,1,1,0,1,1,0,burst,True
s03-r2-burst_trial-0.25,3,2,burst_trial-0.25,burst_trial,0.25,17,290.88800000000083,1,750,1,,,,2,1,1,1,1,1,1,1,True,0,1,1,1,1,0,burst,True
s03-r2-burst_trial-0.25,3,2,burst_trial-0.25,burst_trial,0.25,18,298.77599999999984,2,750,1,,,,2,1,2,1,2,1,2,1,True,1,1,0,1,1,0,burst,True
s03-r2-burst_trial-0.25,3,2,burst_trial-0.25,burst_trial,0.25,19,314.3279999999995,2,750,1,,,,2,1,2,1,2,1,2,1,True,1,1,0,1,1,0,burst,True
s03-r2-burst_trial-0.25,3,2,burst_trial-0.25,burst_trial,0.25,20,338.52399999999943,2,750,1,,,,2,1,2,1,2,1,2,1,True,1,1,0,1,1,0,burst,True
s03-r2-burst_trial-0.25,3,2,burst_trial-0.25,burst_trial,0.25,21,347.0,2,750,1,,,,2,1,2,1,2,1,2,1,True,1,1,0,1,1,0,burst,True
s03-r2-burst_trial-0.25,3,2,burst_trial-0.25,burst_trial,0.25,22,354.6239999999998,2,750,1,,,,2,1,2,1,2,1,2,1,True,1,1,0,1,1,0,burst,True
s03-r2-burst_trial-0.25,3,2,burst_trial-0.25,burst_trial,0.25,23,379.02800000000025,1,750,1,,,,2,1,2,1,2,1,1,1,True,0,0,0,0,1,1,burst,True
s03-r2-burst_trial-0.4,3,2,burst_trial-0.4,burst_trial,0.4,0,1.0,1,600,1,,,,1,1,1,1,1,1,1,1,True,1,1,0,1,1,0,burst,True
s03-r2-burst_trial-0.4,3,2,burst_trial-0.4,burst_trial,0.4,1,9.012000000000626,1,600,1,,,,1,1,1,1,1,1,1,1,True,1,1,0,1,1,0,burst,True
s03-r2-burst_trial-0.4,3,2,burst_trial-0.4,burst_trial,0.4,2,24.49200000000019,2,600,1,,,,2,1,2,1,2,1,2,1,True,1,1,0,1,1,0,burst,True
s03-r2-burst_trial-0.4,3,2,burst_trial-0.4,burst_trial,0.4,3,32.52399999999943,1,600,1,,,,1,1,1,1,1,1,1,1,True,1,1,0,1,1,0,burst,True
s03-r2-burst_trial-0.4,3,2,burst_trial-0.4,burst_trial,0.4,4,48.63600000000042,1,600,1,,,,1,1,1,1,1,1,1,1,True,1,1,0,1,1,0,burst,True
s03-r2-burst_trial-0.4,3,2,burst_trial-0.4,burst_trial,0.4,5,64.55999999999949,2,600,1,,,,2,1,2,1,2,1,2,1,True,1,1,0,1,1,0,burst,True
s03-r2-burst_trial-0.4,3,2,burst_trial-0.4,burst_trial,0.4,6,80.17599999999948,1,600,1,,,,2,1,1,1,1,1,1,1,True,0,1,1,1,1,0,burst,True
s03-r2-burst_trial-0.4,3,2,burst_trial-0.4,burst_trial,0.4,7,103.42000000000009,1,600,1,,,,1,1,1,1,1,1,1,1,True,1,1,0,1,1,0,burst,True
s03-r2-burst_trial-0.4,3,2,burst_trial-0.4,burst_trial,0.4,8,119.76800000000004,2,600,1,,,,2,1,2,1,2,1,2,1,True,1,1,0,1,1,0,burst,True
s03-r2-burst_trial-0.4,3,2,burst_trial-0.4,burst_trial,0.4,9,160.7520000000004,1,600,1,,,,2,1,1,1,2,1,1,1,True,0,1,1,0,1,1,burst,True
s03-r2-burst_trial-0.4,3,2,burst_trial-0.4,burst_trial,0.4,10,176.71999999999937,2,600,1,,,,2,1,2,1,2,1,2,1,True,1,1,0,1,1,0,burst,True
s03-r2-burst_trial-0.4,3,2,burst_trial-0.4,burst_trial,0.4,11,192.6560000000009,2,600,1,,,,2,1,2,1,2,1,2,1,True,1,1,0,1,1,0,burst,True
s03-r2-burst_trial-0.4,3,2,burst_trial-0.4,burst_trial,0.4,12,200.5,1,600,1,,,,1,1,1,1,2,1,1,1,True,1,1,0,0,1,1,burst,True
s03-r2-burst_trial-0.4,3,2,burst_trial-0.4,burst_trial,0.4,13,216.9320000000007,2,600,1,,,,2,1,2,1,2,1,2,1,True,1,1,0,1,1,0,burst,True
s03-r2-burst_trial-0.4,3,2,burst_trial-0.4,burst_trial,0.4,14,224.83200000000036,1,600,1,,,,1,1,1,1,1,1,1,1,True,1,1,0,1,1,0,burst,True
s03-r2-burst_trial-0.4,3,2,burst_trial-0.4,burst_trial,0.4,15,249.64799999999923,1,600,1,,,,1,1,1,1,1,1,1,1,True,1,1,0,1,1,0,burst,True
s03-r2-burst_trial-0.4,3,2,burst_trial-0.4,burst_trial,0.4,16,282.8079999999991,2,600,1,,,,2,1,2,1,2,1,2,1,True,1,1,0,1,1,0,burst,True
s03-r2-burst_trial-0.4,3,2,burst_trial-0.4,burst_trial,0.4,17,290.88800000000083,1,600,1,,,,1,1,1,1,1,1,1,1,True,1,1,0,1,1,0,burst,True
s03-r2-burst_trial-0.4,3,2,burst_trial-0.4,burst_trial,0.4,18,298.77599999999984,2,600,1,,,,2,1,2,1,2,1,2,1,True,1,1,0,1,1,0,burst,True
s03-r2-burst_trial-0.4,3,2,burst_trial-0.4,burst_trial,0.4,19,314.3279999999995,2,600,1,,,,2,1,2,1,2,1,2,1,True,1,1,0,1,1,0,burst,True
s03-r2-burst_trial-0.4,3,2,burst_trial-0.4,burst_trial,0.4,20,338.52399999999943,2,600,1,,,,2,1,2,1,2,1,2,1,True,1,1,0,1,1,0,burst,True
s03-r2-burst_trial-0.4,3,2,burst_trial-0.4,burst_trial,0.4,21,347.0,2,600,1,,,,2,1,2,1,2,1,2,1,True,1,1,0,1,1,0,burst,True
s03-r2-burst_trial-0.4,3,2,burst_trial-0.4,burst_trial,0.4,22,354.6239999999998,2,600,1,,,,2,1,2,1,2,1,2,1,True,1,1,0,1,1,0,burst,True
s03-r2-burst_trial-0.4,3,2,burst_trial-0.4,burst_trial,0.4,23,379.02800000000025,1,600,1,,,,2,1,2,1,1,1,1,1,True,0,0,0,1,1,0,burst,True
s03-r3-burst_trial-0.1,3,3,burst_trial-0.1,burst_trial,0.1,0,1.0,2,900,1,,,,2,1,2,1,1,1,2,1,True,1,1,0,0,1,1,burst,True
s03-r3-burst_trial-0.1,3,3,burst_trial-0.1,burst_trial,0.1,1,16.684000000001106,1,900,1,,,,1,1,1,1,1,1,1,1,True,1,1,0,1,1,0,burst,True
s03-r3-burst_trial-0.1,3,3,burst_trial-0.1,burst_trial,0.1,2,48.6359999999986,1,900,1,,,,2,1,2,1,2,1,2,1,True,0,0,0,0,0,0,burst,True
s03-r3-burst_trial-0.1,3,3,burst_trial-0.1,burst_trial,0.1,3,56.83599999999933,1,900,1,,,,1,1,1,1,1,1,1,1,True,1,1,0,1,1,0,burst,True
s03-r3-burst_trial-0.1,3,3,burst_trial-0.1,burst_trial,0.1,4,72.55199999999968,2,900,1,,,,2,1,2,1,2,1,2,1,True,1,1,0,1,1,0,burst,True
s03-r3-burst_trial-0.1,3,3,burst_trial-0.1,burst_trial,0.1,5,103.41999999999824,2,900,1,,,,2,1,2,1,2,1,2,1,True,1,1,0,1,1,0,burst,True
s03-r3-burst_trial-0.1,3,3,burst_trial-0.1,burst_trial,0.1,6,111.28800000000048,1,900,1,,,,1,1,1,1,2,1,1,1,True,1,1,0,0,1,1,burst,True
s03-r3-burst_trial-0.1,3,3,burst_trial-0.1,burst_trial,0.1,7,127.79999999999929,2,900,1,,,,2,1,2,1,2,1,2,1,True,1,1,0,1,1,0,burst,True
s03-r3-burst_trial-0.1,3,3,burst_trial-0.1,burst_trial,0.1,8,144.20799999999872,1,900,1,,,,1,1,1,1,1,1,1,1,True,1,1,0,1,1,0,burst,True
s03-r3-burst_trial-0.1,3,3,burst_trial-0.1,burst_trial,0.1,9,169.07200000000012,2,900,1,,,,2,1,2,1,2,1,2,1,True,1,1,0,1,1,0,burst,True
s03-r3-burst_trial-0.1,3,3,burst_trial-0.1,burst_trial,0.1,10,192.65599999999904,1,900,1,,,,1,1,1,1,1,1,1,1,True,1,1,0,1,1,0,burst,True
s03-r3-burst_trial-0.1,3,3,burst_trial-0.1,burst_trial,0.1,11,200.5,2,900,1,,,,2,1,2,1,2,1,2,1,True,1,1,0,1,1,0,burst,True
s03-r3-burst_trial-0.1,3,3,burst_trial-0.1,burst_trial,0.1,12,208.91600000000108,2,900,1,,,,2,1,2,1,2,1,2,1,True,1,1,0,1,1,0,burst,True
s03-r3-burst_trial-0.1,3,3,burst_trial-0.1,burst_trial,0.1,13,232.9360000000015,2,900,1,,,,2,1,2,1,2,1,2,1,True,1,1,0,1,1,0,burst,True
s03-r3-burst_trial-0.1,3,3,burst_trial-0.1,burst_trial,0.1,14,241.2200000000012,1,900,1,,,,1,1,1,1,1,1,1,1,True,1,1,0,1,1,0,burst,True
s03-r3-burst_trial-0.1,3,3,burst_trial-0.1,burst_trial,0.1,15,249.64800000000105,1,900,1,,,,1,1,1,1,1,1,1,1,True,1,1,0,1,1,0,burst,True
s03-r3-burst_trial-0.1,3,3,burst_trial-0.1,burst_trial,0.1,16,266.380000000001,2,900,1,,,,2,1,2,1,2,1,2,1,True,1,1,0,1,1,0,burst,True
s03-r3-burst_trial-0.1,3,3,burst_trial-0.1,burst_trial,0.1,17,274.5519999999997,1,900,1,,,,2,1,2,1,1,1,1,1,True,0,0,0,1,1,0,burst,True
s03-r3-burst_trial-0.1,3,3,burst_trial-0.1,burst_trial,0.1,18,290.887999999999,2,900,1,,,,2,1,2,1,2,1,2,1,True,1,1,0,1,1,0,burst,True
s03-r3-burst_trial-0.1,3,3,burst_trial-0.1,burst_trial,0.1,19,298.77600000000166,2,900,1,,,,2,1,2,1,2,1,1,1,True,1,1,0,1,0,1,burst,True
s03-r3-burst_trial-0.1,3,3,burst_trial-0.1,burst_trial,0.1,20,314.32800000000134,1,900,1,,,,1,1,1,1,1,1,1,1,True,1,1,0,1,1,0,burst,True
s03-r3-burst_trial-0.1,3,3,burst_trial-0.1,burst_trial,0.1,21,362.3359999999993,1,900,1,,,,1,1,1,1,1,1,1,1,True,1,1,0,1,1,0,burst,True
s03-r3-burst_trial-0.1,3,3,burst_trial-0.1,burst_trial,0.1,22,370.7920000000013,2,900,1,,,,2,1,2,1,2,1,2,1,True,1,1,0,1,1,0,burst,True
s03-r3-burst_trial-0.1,3,3,burst_trial-0.1,burst_trial,0.1,23,379.0279999999984,1,900,1,,,,2,1,2,1,1,1,1,1,True,0,0,0,1,1,0,burst,True
s03-r3-burst_trial-0.25,3,3,burst_trial-0.25,burst_trial,0.25,0,1.0,2,750,1,,,,2,1,2,1,2,1,2,1,True,1,1,0,1,1,0,burst,True
s03-r3-burst_trial-0.25,3,3,burst_trial-0.25,burst_trial,0.25,1,16.684000000001106,1,750,1,,,,1,1,1,1,1,1,1,1,True,1,1,0,1,1,0,burst,True
s03-r3-burst_trial-0.25,3,3,burst_trial-0.25,burst_trial,0.25,2,48.6359999999986,1,750,1,,,,2,1,2,1,2,1,2,1,True,0,0,0,0,0,0,burst,True
s03-r3-burst_trial-0.25,3,3,burst_trial-0.25,burst_trial,0.25,3,56.83599999999933,1,750,1,,,,1,1,1,1,1,1,1,1,True,1,1,0,1,1,0,burst,True
s03-r3-burst_trial-0.25,3,3,burst_trial-0.25,burst_trial,0.25,4,72.55199999999968,2,750,1,,,,2,1,2,1,2,1,2,1,True,1,1,0,1,1,0,burst,True
s03-r3-burst_trial-0.25,3,3,burst_trial-0.25,burst_trial,0.25,5,103.41999999999824,2,750,1,,,,2,1,2,1,2,1,2,1,True,1,1,0,1,1,0,burst,True
s03-r3-burst_trial-0.25,3,3,burst_trial-0.25,burst_trial,0.25,6,111.28800000000048,1,750,1,,,,1,1,1,1,1,1,1,1,True,1,1,0,1,1,0,burst,True
s03-r3-burst_trial-0.25,3,3,burst_trial-0.25,burst_trial,0.25,7,127.79999999999929,2,750,1,,,,2,1,2,1,2,1,2,1,True,1,1,0,1,1,0,burst,True
s03-r3-burst_trial-0.25,3,3,burst_trial-0.25,burst_trial,0.25,8,144.20799999999872,1,750,1,,,,1,1,1,1,1,1,1,1,True,1,1,0,1,1,0,burst,True
s03-r3-burst_trial-0.25,3,3,burst_trial-0.25,burst_trial,0.25,9,169.07200000000012,2,750,1,,,,2,1,2,1,2,1,2,1,True,1,1,0,1,1,0,burst,True
s03-r3-burst_trial-0.25,3,3,burst_trial-0.25,burst_trial,0.25,10,192.65599999999904,1,750,1,,,,1,1,1,1,1,1,1,1,True,1,1,0,1,1,0,burst,True
s03-r3-burst_trial-0.25,3,3,burst_trial-0.25,burst_trial,0.25,11,200.5,2,750,1,,,,2,1,2,1,2,1,2,1,True,1,1,0,1,1,0,burst,True
s03-r3-burst_trial-0.25,3,3,burst_trial-0.25,burst_trial,0.25,12,208.91600000000108,2,750,1,,,,2,1,2,1,2,1,2,1,True,1,1,0,1,1,0,burst,True
s03-r3-burst_trial-0.25,3,3,burst_trial-0.25,burst_trial,0.25,13,232.9360000000015,2,750,1,,,,2,1,2,1,2,1,2,1,True,1,1,0,1,1,0,burst,True
s03-r3-burst_trial-0.25,3,3,burst_trial-0.25,burst_trial,0.25,14,241.2200000000012,1,750,1,,,,1,1,1,1,1,1,1,1,True,1,1,0,1,1,0,burst,True
s03-r3-burst_trial-0.25,3,3,burst_trial-0.25,burst_trial,0.25,15,249.64800000000105,1,750,1,,,,1,1,1,1,1,1,1,1,True,1,1,0,1,1,0,burst,True
s03-r3-burst_trial-0.25,3,3,burst_trial-0.25,burst_trial,0.25,16,266.380000000001,2,750,1,,,,2,1,2,1,2,1,2,1,True,1,1,0,1,1,0,burst,True
s03-r3-burst_trial-0.25,3,3,burst_trial-0.25,burst_trial,0.25,17,274.5519999999997,1,750,1,,,,2,1,2,1,1,1,1,1,True,0,0,0,1,1,0,burst,True
s03-r3-burst_trial-0.25,3,3,burst_trial-0.25,burst_trial,0.25,18,290.887999999999,2,750,1,,,,2,1,2,1,2,1,2,1,True,1,1,0,1,1,0,burst,True
s03-r3-burst_trial-0.25,3,3,burst_trial-0.25,burst_trial,0.25,19,298.77600000000166,2,750,1,,,,2,1,2,1,1,1,1,1,True,1,1,0,0,0,0,burst,True
s03-r3-burst_trial-0.25,3,3,burst_trial-0.25,burst_trial,0.25,20,314.32800000000134,1,750,1,,,,1,1,1,1,1,1,1,1,True,1,1,0,1,1,0,burst,True
s03-r3-burst_trial-0.25,3,3,burst_trial-0.25,burst_trial,0.25,21,362.3359999999993,1,750,1,,,,1,1,1,1,1,1,1,1,True,1,1,0,1,1,0,burst,True
s03-r3-burst_trial-0.25,3,3,burst_trial-0.25,burst_trial,0.25,22,370.7920000000013,2,750,1,,,,2,1,2,1,2,1,2,1,True,1,1,0,1,1,0,burst,True
s03-r3-burst_trial-0.25,3,3,burst_trial-0.25,burst_trial,0.25,23,379.0279999999984,1,750,1,,,,2,1,2,1,1,1,1,1,True,0,0,0,1,1,0,burst,True
s03-r3-burst_trial-0.4,3,3,burst_trial-0.4,burst_trial,0.4,0,1.0,2,600,1,,,,2,1,2,1,1,1,2,1,True,1,1,0,0,1,1,burst,True
s03-r3-burst_trial-0.4,3,3,burst_trial-0.4,burst_trial,0.4,1,16.684000000001106,1,600,1,,,,1,1,1,1,1,1,1,1,True,1,1,0,1,1,0,burst,True
s03-r3-burst_trial-0.4,3,3,burst_trial-0.4,burst_trial,0.4,2,48.6359999999986,1,600,1,,,,2,1,2,1,2,1,2,1,True,0,0,0,0,0,0,burst,True
s03-r3-burst_trial-0.4,3,3,burst_trial-0.4,burst_trial,0.4,3,56.83599999999933,1,600,1,,,,1,1,1,1,1,1,1,1,True,1,1,0,1,1,0,burst,True
s03-r3-burst_trial-0.4,3,3,burst_trial-0.4,burst_trial,0.4,4,72.55199999999968,2,600,1,,,,2,1,2,1,2,1,2,1,True,1,1,0,1,1,0,burst,True
s03-r3-burst_trial-0.4,3,3,burst_trial-0.4,burst_trial,0.4,5,103.41999999999824,2,600,1,,,,2,1,2,1,2,1,2,1,True,1,1,0,1,1,0,burst,True
s03-r3-burst_trial-0.4,3,3,burst_trial-0.4,burst_trial,0.4,6,111.28800000000048,1,600,1,,,,2,1,1,1,2,1,1,1,True,0,1,1,0,1,1,burst,True
s03-r3-burst_trial-0.4,3,3,burst_trial-0.4,burst_trial,0.4,7,127.79999999999929,2,600,1,,,,2,1,2,1,2,1,2,1,True,1,1,0,1,1,0,burst,True
s03-r3-burst_trial-0.4,3,3,burst_trial-0.4,burst_trial,0.4,8,144.20799999999872,1,600,1,,,,2,1,1,1,1,1,1,1,True,0,1,1,1,1,0,burst,True
s03-r3-burst_trial-0.4,3,3,burst_trial-0.4,burst_trial,0.4,9,169.07200000000012,2,600,1,,,,2,1,2,1,2,1,2,1,True,1,1,0,1,1,0,burst,True
s03-r3-burst_trial-0.4,3,3,burst_trial-0.4,burst_trial,0.4,10,192.65599999999904,1,600,1,,,,1,1,1,1,1,1,1,1,True,1,1,0,1,1,0,burst,True
s03-r3-burst_trial-0.4,3,3,burst_trial-0.4,burst_trial,0.4,11,200.5,2,600,1,,,,2,1,2,1,2,1,2,1,True,1,1,0,1,1,0,burst,True
s03-r3-burst_trial-0.4,3,3,burst_trial-0.4,burst_trial,0.4,12,208.91600000000108,2,600,1,,,,2,1,2,1,2,1,2,1,True,1,1,0,1,1,0,burst,True
s03-r3-burst_trial-0.4,3,3,burst_trial-0.4,burst_trial,0.4,13,232.9360000000015,2,600,1,,,,2,1,2,1,2,1,2,1,True,1,1,0,1,1,0,burst,True
s03-r3-burst_trial-0.4,3,3,burst_trial-0.4,burst_trial,0.4,14,241.2200000000012,1,600,1,,,,1,1,1,1,1,1,1,1,True,1,1,0,1,1,0,burst,True
s03-r3-burst_trial-0.4,3,3,burst_trial-0.4,burst_trial,0.4,15,249.64800000000105,1,600,1,,,,2,1,1,1,1,1,1,1,True,0,1,1,1,1,0,burst,True
s03-r3-burst_trial-0.4,3,3,burst_trial-0.4,burst_trial,0.4,16,266.380000000001,2,600,1,,,,2,1,2,1,2,1,2,1,True,1,1,0,1,1,0,burst,True
s03-r3-burst_trial-0.4,3,3,burst_trial-0.4,burst_trial,0.4,17,274.5519999999997,1,600,1,,,,2,1,2,1,1,1,1,1,True,0,0,0,1,1,0,burst,True
s03-r3-burst_trial-0.4,3,3,burst_trial-0.4,burst_trial,0.4,18,290.887999999999,2,600,1,,,,2,1,2,1,2,1,2,1,True,1,1,0,1,1,0,burst,True
s03-r3-burst_trial-0.4,3,3,burst_trial-0.4,burst_trial,0.4,19,298.77600000000166,2,600,1,,,,2,1,2,1,2,1,1,1,True,1,1,0,1,0,1,burst,True
s03-r3-burst_trial-0.4,3,3,burst_trial-0.4,burst_trial,0.4,20,314.32800000000134,1,600,1,,,,2,1,1,1,1,1,1,1,True,0,1,1,1,1,0,burst,True
s03-r3-burst_trial-0.4,3,3,burst_trial-0.4,burst_trial,0.4,21,362.3359999999993,1,600,1,,,,2,1,1,1,1,1,1,1,True,0,1,1,1,1,0,burst,True
s03-r3-burst_trial-0.4,3,3,burst_trial-0.4,burst_trial,0.4,22,370.7920000000013,2,600,1,,,,2,1,2,1,2,1,2,1,True,1,1,0,1,1,0,burst,True
s03-r3-burst_trial-0.4,3,3,burst_trial-0.4,burst_trial,0.4,23,379.0279999999984,1,600,1,,,,2,1,2,1,2,1,1,1,True,0,0,0,0,1,1,burst,True
s03-r4-burst_trial-0.1,3,4,burst_trial-0.1,burst_trial,0.1,0,1.0,2,900,1,,,,2,1,2,1,1,1,1,1,True,1,1,0,0,0,0,burst,True
s03-r4-burst_trial-0.1,3,4,burst_trial-0.1,burst_trial,0.1,1,9.011999999998809,1,900,1,,,,1,1,1,1,1,1,1,1,True,1,1,0,1,1,0,burst,True
s03-r4-burst_trial-0.1,3,4,burst_trial-0.1,burst_trial,0.1,2,16.684000000001106,1,900,1,,,,1,1,1,1,1,1,1,1,True,1,1,0,1,1,0,burst,True
s03-r4-burst_trial-0.1,3,4,burst_trial-0.1,burst_trial,0.1,3,40.96800000000076,2,900,1,,,,2,1,2,1,2,1,2,1,True,1,1,0,1,1,0,burst,True
s03-r4-burst_trial-0.1,3,4,burst_trial-0.1,burst_trial,0.1,4,64.56000000000131,1,900,1,,,,2,1,2,1,2,1,2,1,True,0,0,0,0,0,0,burst,True
s03-r4-burst_trial-0.1,3,4,burst_trial-0.1,burst_trial,0.1,5,80.17599999999948,1,900,1,,,,1,1,1,1,1,1,1,1,True,1,1,0,1,1,0,burst,True
s03-r4-burst_trial-0.1,3,4,burst_trial-0.1,burst_trial,0.1,6,87.75600000000122,1,900,1,,,,2,1,2,1,1,1,1,1,True,0,0,0,1,1,0,burst,True
s03-r4-burst_trial-0.1,3,4,burst_trial-0.1,burst_trial,0.1,7,95.64400000000025,2,900,1,,,,2,1,2,1,2,1,2,1,True,1,1,0,1,1,0,burst,True
s03-r4-burst_trial-0.1,3,4,burst_trial-0.1,burst_trial,0.1,8,119.76800000000004,2,900,1,,,,2,1,2,1,2,1,2,1,True,1,1,0,1,1,0,burst,True
s03-r4-burst_trial-0.1,3,4,burst_trial-0.1,burst_trial,0.1,9,169.07200000000012,2,900,1,,,,2,1,2,1,2,1,2,1,True,1,1,0,1,1,0,burst,True
s03-r4-burst_trial-0.1,3,4,burst_trial-0.1,burst_trial,0.1,10,176.72000000000116,2,900,1,,,,2,1,2,1,2,1,2,1,True,1,1,0,1,1,0,burst,True
s03-r4-burst_trial-0.1,3,4,burst_trial-0.1,burst_trial,0.1,11,192.65599999999904,1,900,1,,,,1,1,1,1,2,1,1,1,True,1,1,0,0,1,1,burst,True
s03-r4-burst_trial-0.1,3,4,burst_trial-0.1,burst_trial,0.1,12,200.5,2,900,1,,,,2,1,2,1,2,1,2,1,True,1,1,0,1,1,0,burst,True
s03-r4-burst_trial-0.1,3,4,burst_trial-0.1,burst_trial,0.1,13,208.91600000000108,2,900,1,,,,2,1,2,1,2,1,2,1,True,1,1,0,1,1,0,burst,True
s03-r4-burst_trial-0.1,3,4,burst_trial-0.1,burst_trial,0.1,14,216.9320000000007,2,900,1,,,,2,1,2,1,2,1,2,1,True,1,1,0,1,1,0,burst,True
s03-r4-burst_trial-0.1,3,4,burst_trial-0.1,burst_trial,0.1,15,241.2200000000012,1,900,1,,,,1,1,1,1,1,1,1,1,True,1,1,0,1,1,0,burst,True
s03-r4-burst_trial-0.1,3,4,burst_trial-0.1,burst_trial,0.1,16,258.0159999999996,1,900,1,,,,1,1,1,1,2,1,2,1,True,1,1,0,0,0,0,burst,True
s03-r4-burst_trial-0.1,3,4,burst_trial-0.1,burst_trial,0.1,17,274.5519999999997,1,900,1,,,,1,1,1,1,1,1,1,1,True,1,1,0,1,1,0,burst,True
s03-r4-burst_trial-0.1,3,4,burst_trial-0.1,burst_trial,0.1,18,290.887999999999,1,900,1,,,,1,1,1,1,1,1,1,1,True,1,1,0,1,1,0,burst,True
s03-r4-burst_trial-0.1,3,4,burst_trial-0.1,burst_trial,0.1,19,306.6280000000006,1,900,1,,,,1,1,1,1,1,1,1,1,True,1,1,0,1,1,0,burst,True
s03-r4-burst_trial-0.1,3,4,burst_trial-0.1,burst_trial,0.1,20,314.32800000000134,2,900,1,,,,2,1,2,1,2,1,2,1,True,1,1,0,1,1,0,burst,True
s03-r4-burst_trial-0.1,3,4,burst_trial-0.1,burst_trial,0.1,21,347.0,1,900,1,,,,1,1,1,1,1,1,1,1,True,1,1,0,1,1,0,burst,True
s03-r4-burst_trial-0.1,3,4,burst_trial-0.1,burst_trial,0.1,22,354.6239999999998,2,900,1,,,,2,1,2,1,2,1,2,1,True,1,1,0,1,1,0,burst,True
s03-r4-burst_trial-0.1,3,4,burst_trial-0.1,burst_trial,0.1,23,370.7920000000013,2,900,1,,,,2,1,2,1,2,1,2,1,True,1,1,0,1,1,0,burst,True
s03-r4-burst_trial-0.25,3,4,burst_trial-0.25,burst_trial,0.25,0,1.0,2,750,1,,,,2,1,2,1,1,1,1,1,True,1,1,0,0,0,0,burst,True
s03-r4-burst_trial-0.25,3,4,burst_trial-0.25,burst_trial,0.25,1,9.011999999998809,1,750,1,,,,1,1,1,1,1,1,1,1,True,1,1,0,1,1,0,burst,True
s03-r4-burst_trial-0.25,3,4,burst_trial-0.25,burst_trial,0.25,2,16.684000000001106,1,750,1,,,,1,1,1,1,1,1,1,1,True,1,1,0,1,1,0,burst,True
s03-r4-burst_trial-0.25,3,4,burst_trial-0.25,burst_trial,0.25,3,40.96800000000076,2,750,1,,,,2,1,2,1,2,1,2,1,True,1,1,0,1,1,0,burst,True
s03-r4-burst_trial-0.25,3,4,burst_trial-0.25,burst_trial,0.25,4,64.56000000000131,1,750,1,,,,2,1,2,1,2,1,2,1,True,0,0,0,0,0,0,burst,True
s03-r4-burst_trial-0.25,3,4,burst_trial-0.25,burst_trial,0.25,5,80.17599999999948,1,750,1,,,,1,1,1,1,1,1,1,1,True,1,1,0,1,1,0,burst,True
s03-r4-burst_trial-0.25,3,4,burst_trial-0.25,burst_trial,0.25,6,87.75600000000122,1,750,1,,,,2,1,2,1,2,1,1,1,True,0,0,0,0,1,1,burst,True
s03-r4-burst_trial-0.25,3,4,burst_trial-0.25,burst_trial,0.25,7,95.64400000000025,2,750,1,,,,2,1,2,1,2,1,2,1,True,1,1,0,1,1,0,burst,True
s03-r4-burst_trial-0.25,3,4,burst_trial-0.25,burst_trial,0.25,8,119.76800000000004,2,750,1,,,,2,1,2,1,2,1,2,1,True,1,1,0,1,1,0,burst,True
s03-r4-burst_trial-0.25,3,4,burst_trial-0.25,burst_trial,0.25,9,169.07200000000012,2,750,1,,,,2,1,2,1,2,1,2,1,True,1,1,0,1,1,0,burst,True
s03-r4-burst_trial-0.25,3,4,burst_trial-0.25,burst_trial,0.25,10,176.72000000000116,2,750,1,,,,2,1,2,1,2,1,2,1,True,1,1,0,1,1,0,burst,True
s03-r4-burst_trial-0.25,3,4,burst_trial-0.25,burst_trial,0.25,11,192.65599999999904,1,750,1,,,,1,1,1,1,1,1,1,1,True,1,1,0,1,1,0,burst,True
s03-r4-burst_trial-0.25,3,4,burst_trial-0.25,burst_trial,0.25,12,200.5,2,750,1,,,,2,1,2,1,2,1,2,1,True,1,1,0,1,1,0,burst,True
s03-r4-burst_trial-0.25,3,4,burst_trial-0.25,burst_trial,0.25,13,208.91600000000108,2,750,1,,,,2,1,2,1,2,1,2,1,True,1,1,0,1,1,0,burst,True
s03-r4-burst_trial-0.25,3,4,burst_trial-0.25,burst_trial,0.25,14,216.9320000000007,2,750,1,,,,2,1,2,1,2,1,2,1,True,1,1,0,1,1,0,burst,True
s03-r4-burst_trial-0.25,3,4,burst_trial-0.25,burst_trial,0.25,15,241.2200000000012,1,750,1,,,,1,1,1,1,1,1,1,1,True,1,1,0,1,1,0,burst,True
s03-r4-burst_trial-0.25,3,4,burst_trial-0.25,burst_trial,0.25,16,258.0159999999996,1,750,1,,,,1,1,1,1,1,1,2,1,True,1,1,0,1,0,1,burst,True
s03-r4-burst_trial-0.25,3,4,burst_trial-0.25,burst_trial,0.25,17,274.5519999999997,1,750,1,,,,1,1,1,1,1,1,1,1,True,1,1,0,1,1,0,burst,True
s03-r4-burst_trial-0.25,3,4,burst_trial-0.25,burst_trial,0.25,18,290.887999999999,1,750,1,,,,1,1,1,1,1,1,1,1,True,1,1,0,1,1,0,burst,True
s03-r4-burst_trial-0.25,3,4,burst_trial-0.25,burst_trial,0.25,19,306.6280000000006,1,750,1,,,,1,1,1,1,1,1,1,1,True,1,1,0,1,1,0,burst,True
s03-r4-burst_trial-0.25,3,4,burst_trial-0.25,burst_trial,0.25,20,314.32800000000134,2,750,1,,,,2,1,2,1,2,1,2,1,True,1,1,0,1,1,0,burst,True
s03-r4-burst_trial-0.25,3,4,burst_trial-0.25,burst_trial,0.25,21,347.0,1,750,1,,,,1,1,1,1,1,1,1,1,True,1,1,0,1,1,0,burst,True
s03-r4-burst_trial-0.25,3,4,burst_trial-0.25,burst_trial,0.25,22,354.6239999999998,2,750,1,,,,2,1,2,1,2,1,2,1,True,1,1,0,1,1,0,burst,True
s03-r4-burst_trial-0.25,3,4,burst_trial-0.25,burst_trial,0.25,23,370.7920000000013,2,750,1,,,,2,1,2,1,2,1,2,1,True,1,1,0,1,1,0,burst,True
s03-r4-burst_trial-0.4,3,4,burst_trial-0.4,burst_trial,0.4,0,1.0,2,600,1,,,,2,1,2,1,2,1,1,1,True,1,1,0,1,0,1,burst,True
s03-r4-burst_trial-0.4,3,4,burst_trial-0.4,burst_trial,0.4,1,9.011999999998809,1,600,1,,,,1,1,1,1,1,1,1,1,True,1,1,0,1,1,0,burst,True
s03-r4-burst_trial-0.4,3,4,burst_trial-0.4,burst_trial,0.4,2,16.684000000001106,1,600,1,,,,1,1,1,1,1,1,1,1,True,1,1,0,1,1,0,burst,True
s03-r4-burst_trial-0.4,3,4,burst_trial-0.4,burst_trial,0.4,3,40.96800000000076,2,600,1,,,,2,1,2,1,2,1,2,1,True,1,1,0,1,1,0,burst,True
s03-r4-burst_trial-0.4,3,4,burst_trial-0.4,burst_trial,0.4,4,64.56000000000131,1,600,1,,,,2,1,2,1,2,1,2,1,True,0,0,0,0,0,0,burst,True
s03-r4-burst_trial-0.4,3,4,burst_trial-0.4,burst_trial,0.4,5,80.17599999999948,1,600,1,,,,1,1,1,1,1,1,1,1,True,1,1,0,1,1,0,burst,True
s03-r4-burst_trial-0.4,3,4,burst_trial-0.4,burst_trial,0.4,6,87.75600000000122,1,600,1,,,,2,1,2,1,1,1,1,1,True,0,0,0,1,1,0,burst,True
s03-r4-burst_trial-0.4,3,4,burst_trial-0.4,burst_trial,0.4,7,95.64400000000025,2,600,1,,,,2,1,2,1,2,1,2,1,True,1,1,0,1,1,0,burst,True
s03-r4-burst_trial-0.4,3,4,burst_trial-0.4,burst_trial,0.4,8,119.76800000000004,2,600,1,,,,2,1,2,1,2,1,2,1,True,1,1,0,1,1,0,burst,True
s03-r4-burst_trial-0.4,3,4,burst_trial-0.4,burst_trial,0.4,9,169.07200000000012,2,600,1,,,,2,1,2,1,2,1,2,1,True,1,1,0,1,1,0,burst,True
s03-r4-burst_trial-0.4,3,4,burst_trial-0.4,burst_trial,0.4,10,176.72000000000116,2,600,1,,,,2,1,2,1,2,1,2,1,True,1,1,0,1,1,0,burst,True
s03-r4-burst_trial-0.4,3,4,burst_trial-0.4,burst_trial,0.4,11,192.65599999999904,1,600,1,,,,1,1,1,1,2,1,1,1,True,1,1,0,0,1,1,burst,True
s03-r4-burst_trial-0.4,3,4,burst_trial-0.4,burst_trial,0.4,12,200.5,2,600,1,,,,2,1,2,1,2,1,2,1,True,1,1,0,1,1,0,burst,True
s03-r4-burst_trial-0.4,3,4,burst_trial-0.4,burst_trial,0.4,13,208.91600000000108,2,600,1,,,,2,1,2,1,2,1,2,1,True,1,1,0,1,1,0,burst,True
s03-r4-burst_trial-0.4,3,4,burst_trial-0.4,burst_trial,0.4,14,216.9320000000007,2,600,1,,,,2,1,2,1,2,1,2,1,True,1,1,0,1,1,0,burst,True
s03-r4-burst_trial-0.4,3,4,burst_trial-0.4,burst_trial,0.4,15,241.2200000000012,1,600,1,,,,1,1,1,1,1,1,1,1,True,1,1,0,1,1,0,burst,True
s03-r4-burst_trial-0.4,3,4,burst_trial-0.4,burst_trial,0.4,16,258.0159999999996,1,600,1,,,,1,1,1,1,2,1,2,1,True,1,1,0,0,0,0,burst,True
s03-r4-burst_trial-0.4,3,4,burst_trial-0.4,burst_trial,0.4,17,274.5519999999997,1,600,1,,,,1,1,1,1,1,1,1,1,True,1,1,0,1,1,0,burst,True
s03-r4-burst_trial-0.4,3,4,burst_trial-0.4,burst_trial,0.4,18,290.887999999999,1,600,1,,,,1,1,1,1,2,1,1,1,True,1,1,0,0,1,1,burst,True
s03-r4-burst_trial-0.4,3,4,burst_trial-0.4,burst_trial,0.4,19,306.6280000000006,1,600,1,,,,1,1,1,1,1,1,1,1,True,1,1,0,1,1,0,burst,True
s03-r4-burst_trial-0.4,3,4,burst_trial-0.4,burst_trial,0.4,20,314.32800000000134,2,600,1,,,,2,1,2,1,2,1,2,1,True,1,1,0,1,1,0,burst,True
s03-r4-burst_trial-0.4,3,4,burst_trial-0.4,burst_trial,0.4,21,347.0,1,600,1,,,,1,1,1,1,1,1,1,1,True,1,1,0,1,1,0,burst,True
s03-r4-burst_trial-0.4,3,4,burst_trial-0.4,burst_trial,0.4,22,354.6239999999998,2,600,1,,,,2,1,2,1,2,1,2,1,True,1,1,0,1,1,0,burst,True
s03-r4-burst_trial-0.4,3,4,burst_trial-0.4,burst_trial,0.4,23,370.7920000000013,2,600,1,,,,2,1,2,1,2,1,2,1,True,1,1,0,1,1,0,burst,True
s04-r0-burst_trial-0.1,4,0,burst_trial-0.1,burst_trial,0.1,0,16.684000000000196,2,900,1,,,,2,1,2,1,2,1,2,1,True,1,1,0,1,1,0,burst,True
s04-r0-burst_trial-0.1,4,0,burst_trial-0.1,burst_trial,0.1,1,24.49200000000019,1,900,1,,,,2,1,2,1,1,1,1,1,True,0,0,0,1,1,0,burst,True
s04-r0-burst_trial-0.1,4,0,burst_trial-0.1,burst_trial,0.1,2,32.52399999999989,1,900,1,,,,2,1,2,1,1,1,1,1,True,0,0,0,1,1,0,burst,True
s04-r0-burst_trial-0.1,4,0,burst_trial-0.1,burst_trial,0.1,3,40.96799999999985,2,900,1,,,,1,1,2,1,1,1,1,1,True,0,1,1,0,0,0,burst,True
s04-r0-burst_trial-0.1,4,0,burst_trial-0.1,burst_trial,0.1,4,64.55999999999995,2,900,1,,,,2,1,2,1,2,1,2,1,True,1,1,0,1,1,0,burst,True
s04-r0-burst_trial-0.1,4,0,burst_trial-0.1,burst_trial,0.1,5,80.17599999999993,1,900,1,,,,1,1,1,1,1,1,1,1,True,1,1,0,1,1,0,burst,True
s04-r0-burst_trial-0.1,4,0,burst_trial-0.1,burst_trial,0.1,6,87.75599999999986,1,900,1,,,,2,1,2,1,2,1,1,1,True,0,0,0,0,1,1,burst,True
s04-r0-burst_trial-0.1,4,0,burst_trial-0.1,burst_trial,0.1,7,95.64399999999978,1,900,1,,,,2,1,2,1,1,1,1,1,True,0,0,0,1,1,0,burst,True
s04-r0-burst_trial-0.1,4,0,burst_trial-0.1,burst_trial,0.1,8,111.288,2,900,1,,,,2,1,2,1,1,1,1,1,True,1,1,0,0,0,0,burst,True
s04-r0-burst_trial-0.1,4,0,burst_trial-0.1,burst_trial,0.1,9,119.76800000000004,2,900,1,,,,2,1,2,1,2,1,2,1,True,1,1,0,1,1,0,burst,True
s04-r0-burst_trial-0.1,4,0,burst_trial-0.1,burst_trial,0.1,10,127.80000000000018,1,900,1,,,,2,1,1,1,2,1,2,1,True,0,1,1,0,0,0,burst,True
s04-r0-burst_trial-0.1,4,0,burst_trial-0.1,burst_trial,0.1,11,136.06399999999985,1,900,1,,,,1,1,1,1,1,1,1,1,True,1,1,0,1,1,0,burst,True
s04-r0-burst_trial-0.1,4,0,burst_trial-0.1,burst_trial,0.1,12,152.4720000000002,1,900,1,,,,1,1,1,1,2,1,2,1,True,1,1,0,0,0,0,burst,True
s04-r0-burst_trial-0.1,4,0,burst_trial-0.1,burst_trial,0.1,13,160.75199999999995,2,900,1,,,,2,1,2,1,1,1,1,1,True,1,1,0,0,0,0,burst,True
s04-r0-burst_trial-0.1,4,0,burst_trial-0.1,burst_trial,0.1,14,192.65599999999995,1,900,1,,,,1,1,1,1,1,1,1,1,True,1,1,0,1,1,0,burst,True
s04-r0-burst_trial-0.1,4,0,burst_trial-0.1,burst_trial,0.1,15,216.9319999999998,2,900,1,,,,2,1,2,1,2,1,2,1,True,1,1,0,1,1,0,burst,True
s04-r0-burst_trial-0.1,4,0,burst_trial-0.1,burst_trial,0.1,16,241.2199999999998,2,900,1,,,,2,1,2,1,1,1,1,1,True,1,1,0,0,0,0,burst,True
s04-r0-burst_trial-0.1,4,0,burst_trial-0.1,burst_trial,0.1,17,249.6480000000001,1,900,1,,,,2,1,2,1,1,1,1,1,True,0,0,0,1,1,0,burst,True
s04-r0-burst_trial-0.1,4,0,burst_trial-0.1,burst_trial,0.1,18,258.0160000000001,2,900,1,,,,2,1,2,1,2,1,2,1,True,1,1,0,1,1,0,burst,True
s04-r0-burst_trial-0.1,4,0,burst_trial-0.1,burst_trial,0.1,19,306.62800000000016,1,900,1,,,,1,1,1,1,2,1,2,1,True,1,1,0,0,0,0,burst,True
s04-r0-burst_trial-0.1,4,0,burst_trial-0.1,burst_trial,0.1,20,322.65200000000004,2,900,1,,,,2,1,2,1,2,1,2,1,True,1,1,0,1,1,0,burst,True
s04-r0-burst_trial-0.1,4,0,burst_trial-0.1,burst_trial,0.1,21,338.5239999999999,2,900,1,,,,2,1,2,1,1,1,1,1,True,1,1,0,0,0,0,burst,True
s04-r0-burst_trial-0.1,4,0,burst_trial-0.1,burst_trial,0.1,22,362.3359999999998,2,900,1,,,,2,1,2,1,2,1,2,1,True,1,1,0,1,1,0,burst,True
s04-r0-burst_trial-0.1,4,0,burst_trial-0.1,burst_trial,0.1,23,379.0279999999998,1,900,1,,,,1,1,1,1,1,1,1,1,True,1,1,0,1,1,0,burst,True
s04-r0-burst_trial-0.25,4,0,burst_trial-0.25,burst_trial,0.25,0,16.684000000000196,2,750,1,,,,2,1,2,1,2,1,2,1,True,1,1,0,1,1,0,burst,True
s04-r0-burst_trial-0.25,4,0,burst_trial-0.25,burst_trial,0.25,1,24.49200000000019,1,750,1,,,,2,1,2,1,1,1,1,1,True,0,0,0,1,1,0,burst,True
s04-r0-burst_trial-0.25,4,0,burst_trial-0.25,burst_trial,0.25,2,32.52399999999989,1,750,1,,,,2,1,2,1,1,1,1,1,True,0,0,0,1,1,0,burst,True
s04-r0-burst_trial-0.25,4,0,burst_trial-0.25,burst_trial,0.25,3,40.96799999999985,2,750,1,,,,2,1,2,1,1,1,1,1,True,1,1,0,0,0,0,burst,True
s04-r0-burst_trial-0.25,4,0,burst_trial-0.25,burst_trial,0.25,4,64.55999999999995,2,750,1,,,,2,1,2,1,2,1,2,1,True,1,1,0,1,1,0,burst,True
s04-r0-burst_trial-0.25,4,0,burst_trial-0.25,burst_trial,0.25,5,80.17599999999993,1,750,1,,,,1,1,1,1,1,1,1,1,True,1,1,0,1,1,0,burst,True
s04-r0-burst_trial-0.25,4,0,burst_trial-0.25,burst_trial,0.25,6,87.75599999999986,1,750,1,,,,2,1,2,1,1,1,1,1,True,0,0,0,1,1,0,burst,True
s04-r0-burst_trial-0.25,4,0,burst_trial-0.25,burst_trial,0.25,7,95.64400000000025,1,750,1,,,,1,1,2,1,1,1,1,1,True,1,0,1,1,1,0,burst,True
s04-r0-burst_trial-0.25,4,0,burst_trial-0.25,burst_trial,0.25,8,111.288,2,750,1,,,,1,1,2,1,1,1,1,1,True,0,1,1,0,0,0,burst,True
s04-r0-burst_trial-0.25,4,0,burst_trial-0.25,burst_trial,0.25,9,119.76800000000004,2,750,1,,,,2,1,2,1,2,1,2,1,True,1,1,0,1,1,0,burst,True
s04-r0-burst_trial-0.25,4,0,burst_trial-0.25,burst_trial,0.25,10,127.80000000000018,1,750,1,,,,1,1,1,1,1,1,2,1,True,1,1,0,1,0,1,burst,True
s04-r0-burst_trial-0.25,4,0,burst_trial-0.25,burst_trial,0.25,11,136.06399999999985,1,750,1,,,,1,1,1,1,1,1,1,1,True,1,1,0,1,1,0,burst,True
s04-r0-burst_trial-0.25,4,0,burst_trial-0.25,burst_trial,0.25,12,152.4720000000002,1,750,1,,,,1,1,1,1,1,1,2,1,True,1,1,0,1,0,1,burst,True
s04-r0-burst_trial-0.25,4,0,burst_trial-0.25,burst_trial,0.25,13,160.75199999999995,2,750,1,,,,2,1,2,1,1,1,1,1,True,1,1,0,0,0,0,burst,True
s04-r0-burst_trial-0.25,4,0,burst_trial-0.25,burst_trial,0.25,14,192.65599999999995,1,750,1,,,,1,1,1,1,1,1,1,1,True,1,1,0,1,1,0,burst,True
s04-r0-burst_trial-0.25,4,0,burst_trial-0.25,burst_trial,0.25,15,216.9319999999998,2,750,1,,,,2,1,2,1,2,1,2,1,True,1,1,0,1,1,0,burst,True
s04-r0-burst_trial-0.25,4,0,burst_trial-0.25,burst_trial,0.25,16,241.2199999999998,2,750,1,,,,2,1,2,1,1,1,1,1,True,1,1,0,0,0,0,burst,True
s04-r0-burst_trial-0.25,4,0,burst_trial-0.25,burst_trial,0.25,17,249.6480000000001,1,750,1,,,,2,1,2,1,1,1,1,1,True,0,0,0,1,1,0,burst,True
s04-r0-burst_trial-0.25,4,0,burst_trial-0.25,burst_trial,0.25,18,258.0160000000001,2,750,1,,,,2,1,2,1,2,1,2,1,True,1,1,0,1,1,0,burst,True
s04-r0-burst_trial-0.25,4,0,burst_trial-0.25,burst_trial,0.25,19,306.62800000000016,1,750,1,,,,1,1,1,1,2,1,2,1,True,1,1,0,0,0,0,burst,True
s04-r0-burst_trial-0.25,4,0,burst_trial-0.25,burst_trial,0.25,20,322.65200000000004,2,750,1,,,,2,1,2,1,2,1,2,1,True,1,1,0,1,1,0,burst,True
s04-r0-burst_trial-0.25,4,0,burst_trial-0.25,burst_trial,0.25,21,338.5239999999999,2,750,1,,,,2,1,2,1,1,1,1,1,True,1,1,0,0,0,0,burst,True
s04-r0-burst_trial-0.25,4,0,burst_trial-0.25,burst_trial,0.25,22,362.3360000000002,2,750,1,,,,2,1,2,1,2,1,2,1,True,1,1,0,1,1,0,burst,True
s04-r0-burst_trial-0.25,4,0,burst_trial-0.25,burst_trial,0.25,23,379.02800000000025,1,750,1,,,,1,1,1,1,1,1,1,1,True,1,1,0,1,1,0,burst,True
s04-r0-burst_trial-0.4,4,0,burst_trial-0.4,burst_trial,0.4,0,16.684000000000196,2,600,1,,,,2,1,2,1,2,1,2,1,True,1,1,0,1,1,0,burst,True
s04-r0-burst_trial-0.4,4,0,burst_trial-0.4,burst_trial,0.4,1,24.49200000000019,1,600,1,,,,2,1,2,1,1,1,1,1,True,0,0,0,1,1,0,burst,True
s04-r0-burst_trial-0.4,4,0,burst_trial-0.4,burst_trial,0.4,2,32.52399999999989,1,600,1,,,,1,1,2,1,1,1,1,1,True,1,0,1,1,1,0,burst,True
s04-r0-burst_trial-0.4,4,0,burst_trial-0.4,burst_trial,0.4,3,40.96799999999985,2,600,1,,,,1,1,2,1,1,1,1,1,True,0,1,1,0,0,0,burst,True
s04-r0-burst_trial-0.4,4,0,burst_trial-0.4,burst_trial,0.4,4,64.55999999999995,2,600,1,,,,2,1,2,1,2,1,2,1,True,1,1,0,1,1,0,burst,True
s04-r0-burst_trial-0.4,4,0,burst_trial-0.4,burst_trial,0.4,5,80.17599999999993,1,600,1,,,,2,1,1,1,1,1,1,1,True,0,1,1,1,1,0,burst,True
s04-r0-burst_trial-0.4,4,0,burst_trial-0.4,burst_trial,0.4,6,87.75599999999986,1,600,1,,,,2,1,2,1,1,1,1,1,True,0,0,0,1,1,0,burst,True
s04-r0-burst_trial-0.4,4,0,burst_trial-0.4,burst_trial,0.4,7,95.64399999999978,1,600,1,,,,1,1,2,1,1,1,1,1,True,1,0,1,1,1,0,burst,True
s04-r0-burst_trial-0.4,4,0,burst_trial-0.4,burst_trial,0.4,8,111.288,2,600,1,,,,1,1,2,1,1,1,1,1,True,0,1,1,0,0,0,burst,True
s04-r0-burst_trial-0.4,4,0,burst_trial-0.4,burst_trial,0.4,9,119.76800000000004,2,600,1,,,,1,1,2,1,2,1,2,1,True,0,1,1,1,1,0,burst,True
s04-r0-burst_trial-0.4,4,0,burst_trial-0.4,burst_trial,0.4,10,127.80000000000018,1,600,1,,,,2,1,1,1,2,1,2,1,True,0,1,1,0,0,0,burst,True
s04-r0-burst_trial-0.4,4,0,burst_trial-0.4,burst_trial,0.4,11,136.06399999999985,1,600,1,,,,1,1,1,1,1,1,1,1,True,1,1,0,1,1,0,burst,True
s04-r0-burst_trial-0.4,4,0,burst_trial-0.4,burst_trial,0.4,12,152.4720000000002,1,600,1,,,,2,1,1,1,1,1,2,1,True,0,1,1,1,0,1,burst,True
s04-r0-burst_trial-0.4,4,0,burst_trial-0.4,burst_trial,0.4,13,160.75199999999995,2,600,1,,,,2,1,2,1,1,1,1,1,True,1,1,0,0,0,0,burst,True
s04-r0-burst_trial-0.4,4,0,burst_trial-0.4,burst_trial,0.4,14,192.65599999999995,1,600,1,,,,1,1,1,1,1,1,1,1,True,1,1,0,1,1,0,burst,True
s04-r0-burst_trial-0.4,4,0,burst_trial-0.4,burst_trial,0.4,15,216.9319999999998,2,600,1,,,,2,1,2,1,1,1,2,1,True,1,1,0,0,1,1,burst,True
s04-r0-burst_trial-0.4,4,0,burst_trial-0.4,burst_trial,0.4,16,241.2199999999998,2,600,1,,,,2,1,2,1,1,1,1,1,True,1,1,0,0,0,0,burst,True
s04-r0-burst_trial-0.4,4,0,burst_trial-0.4,burst_trial,0.4,17,249.6480000000001,1,600,1,,,,1,1,2,1,1,1,1,1,True,1,0,1,1,1,0,burst,True
s04-r0-burst_trial-0.4,4,0,burst_trial-0.4,burst_trial,0.4,18,258.0160000000001,2,600,1,,,,2,1,2,1,2,1,2,1,True,1,1,0,1,1,0,burst,True
s04-r0-burst_trial-0.4,4,0,burst_trial-0.4,burst_trial,0.4,19,306.62800000000016,1,600,1,,,,1,1,1,1,1,1,2,1,True,1,1,0,1,0,1,burst,True
s04-r0-burst_trial-0.4,4,0,burst_trial-0.4,burst_trial,0.4,20,322.65200000000004,2,600,1,,,,2,1,2,1,2,1,2,1,True,1,1,0,1,1,0,burst,True
s04-r0-burst_trial-0.4,4,0,burst_trial-0.4,burst_trial,0.4,21,338.5239999999999,2,600,1,,,,1,1,2,1,1,1,1,1,True,0,1,1,0,0,0,burst,True
s04-r0-burst_trial-0.4,4,0,burst_trial-0.4,burst_trial,0.4,22,362.3359999999998,2,600,1,,,,2,1,2,1,2,1,2,1,True,1,1,0,1,1,0,burst,True
s04-r0-burst_trial-0.4,4,0,burst_trial-0.4,burst_trial,0.4,23,379.0279999999998,1,600,1,,,,2,1,1,1,1,1,1,1,True,0,1,1,1,1,0,burst,True
s04-r1-burst_trial-0.1,4,1,burst_trial-0.1,burst_trial,0.1,0,1.0,1,900,1,,,,2,1,2,1,2,1,2,1,True,0,0,0,0,0,0,burst,True
s04-r1-burst_trial-0.1,4,1,burst_trial-0.1,burst_trial,0.1,1,9.012000000000626,1,900,1,,,,2,1,2,1,1,1,1,1,True,0,0,0,1,1,0,burst,True
s04-r1-burst_trial-0.1,4,1,burst_trial-0.1,burst_trial,0.1,2,24.49200000000019,2,900,1,,,,2,1,2,1,2,1,2,1,True,1,1,0,1,1,0,burst,True
s04-r1-burst_trial-0.1,4,1,burst_trial-0.1,burst_trial,0.1,3,32.52399999999943,1,900,1,,,,2,1,2,1,1,1,1,1,True,0,0,0,1,1,0,burst,True
s04-r1-burst_trial-0.1,4,1,burst_trial-0.1,burst_trial,0.1,4,48.63600000000042,1,900,1,,,,2,1,2,1,2,1,2,1,True,0,0,0,0,0,0,burst,True
s04-r1-burst_trial-0.1,4,1,burst_trial-0.1,burst_trial,0.1,5,64.55999999999949,2,900,1,,,,2,1,2,1,2,1,2,1,True,1,1,0,1,1,0,burst,True
s04-r1-burst_trial-0.1,4,1,burst_trial-0.1,burst_trial,0.1,6,80.17599999999948,1,900,1,,,,2,1,2,1,1,1,1,1,True,0,0,0,1,1,0,burst,True
s04-r1-burst_trial-0.1,4,1,burst_trial-0.1,burst_trial,0.1,7,103.42000000000009,1,900,1,,,,1,1,1,1,1,1,1,1,True,1,1,0,1,1,0,burst,True
s04-r1-burst_trial-0.1,4,1,burst_trial-0.1,burst_trial,0.1,8,119.76800000000004,2,900,1,,,,2,1,2,1,2,1,2,1,True,1,1,0,1,1,0,burst,True
s04-r1-burst_trial-0.1,4,1,burst_trial-0.1,burst_trial,0.1,9,160.7520000000004,1,900,1,,,,1,1,2,1,1,1,1,1,True,1,0,1,1,1,0,burst,True
s04-r1-burst_trial-0.1,4,1,burst_trial-0.1,burst_trial,0.1,10,176.71999999999937,2,900,1,,,,2,1,2,1,1,1,1,1,True,1,1,0,0,0,0,burst,True
s04-r1-burst_trial-0.1,4,1,burst_trial-0.1,burst_trial,0.1,11,192.6560000000009,2,900,1,,,,2,1,2,1,2,1,2,1,True,1,1,0,1,1,0,burst,True
s04-r1-burst_trial-0.1,4,1,burst_trial-0.1,burst_trial,0.1,12,200.5,1,900,1,,,,2,1,2,1,2,1,2,1,True,0,0,0,0,0,0,burst,True
s04-r1-burst_trial-0.1,4,1,burst_trial-0.1,burst_trial,0.1,13,216.9320000000007,2,900,1,,,,2,1,2,1,2,1,1,1,True,1,1,0,1,0,1,burst,True
s04-r1-burst_trial-0.1,4,1,burst_trial-0.1,burst_trial,0.1,14,224.83200000000036,1,900,1,,,,2,1,2,1,2,1,2,1,True,0,0,0,0,0,0,burst,True
s04-r1-burst_trial-0.1,4,1,burst_trial-0.1,burst_trial,0.1,15,249.64799999999923,1,900,1,,,,1,1,1,1,1,1,1,1,True,1,1,0,1,1,0,burst,True
s04-r1-burst_trial-0.1,4,1,burst_trial-0.1,burst_trial,0.1,16,282.8080000000009,2,900,1,,,,2,1,2,1,2,1,2,1,True,1,1,0,1,1,0,burst,True
s04-r1-burst_trial-0.1,4,1,burst_trial-0.1,burst_trial,0.1,17,290.88800000000083,1,900,1,,,,1,1,1,1,1,1,1,1,True,1,1,0,1,1,0,burst,True
s04-r1-burst_trial-0.1,4,1,burst_trial-0.1,burst_trial,0.1,18,298.77599999999984,2,900,1,,,,2,1,2,1,2,1,2,1,True,1,1,0,1,1,0,burst,True
s04-r1-burst_trial-0.1,4,1,burst_trial-0.1,burst_trial,0.1,19,314.3279999999995,2,900,1,,,,2,1,2,1,2,1,1,1,True,1,1,0,1,0,1,burst,True
s04-r1-burst_trial-0.1,4,1,burst_trial-0.1,burst_trial,0.1,20,338.52399999999943,2,900,1,,,,2,1,2,1,2,1,2,1,True,1,1,0,1,1,0,burst,True
s04-r1-burst_trial-0.1,4,1,burst_trial-0.1,burst_trial,0.1,21,347.0,2,900,1,,,,2,1,2,1,2,1,2,1,True,1,1,0,1,1,0,burst,True
s04-r1-burst_trial-0.1,4,1,burst_trial-0.1,burst_trial,0.1,22,354.6239999999998,2,900,1,,,,2,1,1,1,2,1,2,1,True,1,0,1,1,1,0,burst,True
s04-r1-burst_trial-0.1,4,1,burst_trial-0.1,burst_trial,0.1,23,379.02800000000025,1,900,1,,,,2,1,2,1,2,1,2,1,True,0,0,0,0,0,0,burst,True
s04-r1-burst_trial-0.25,4,1,burst_trial-0.25,burst_trial,0.25,0,1.0,1,750,1,,,,2,1,2,1,2,1,2,1,True,0,0,0,0,0,0,burst,True
s04-r1-burst_trial-0.25,4,1,burst_trial-0.25,burst_trial,0.25,1,9.012000000000626,1,750,1,,,,2,1,2,1,1,1,1,1,True,0,0,0,1,1,0,burst,True
s04-r1-burst_trial-0.25,4,1,burst_trial-0.25,burst_trial,0.25,2,24.49200000000019,2,750,1,,,,2,1,2,1,2,1,2,1,True,1,1,0,1,1,0,burst,True
s04-r1-burst_trial-0.25,4,1,burst_trial-0.25,burst_trial,0.25,3,32.52399999999943,1,750,1,,,,2,1,2,1,1,1,1,1,True,0,0,0,1,1,0,burst,True
s04-r1-burst_trial-0.25,4,1,burst_trial-0.25,burst_trial,0.25,4,48.63600000000042,1,750,1,,,,2,1,2,1,2,1,2,1,True,0,0,0,0,0,0,burst,True
s04-r1-burst_trial-0.25,4,1,burst_trial-0.25,burst_trial,0.25,5,64.55999999999949,2,750,1,,,,2,1,2,1,1,1,2,1,True,1,1,0,0,1,1,burst,True
s04-r1-burst_trial-0.25,4,1,burst_trial-0.25,burst_trial,0.25,6,80.17599999999948,1,750,1,,,,2,1,2,1,1,1,1,1,True,0,0,0,1,1,0,burst,True
s04-r1-burst_trial-0.25,4,1,burst_trial-0.25,burst_trial,0.25,7,103.42000000000009,1,750,1,,,,1,1,1,1,1,1,1,1,True,1,1,0,1,1,0,burst,True
s04-r1-burst_trial-0.25,4,1,burst_trial-0.25,burst_trial,0.25,8,119.76800000000004,2,750,1,,,,2,1,2,1,2,1,2,1,True,1,1,0,1,1,0,burst,True
s04-r1-burst_trial-0.25,4,1,burst_trial-0.25,burst_trial,0.25,9,160.7520000000004,1,750,1,,,,2,1,2,1,1,1,1,1,True,0,0,0,1,1,0,burst,True
s04-r1-burst_trial-0.25,4,1,burst_trial-0.25,burst_trial,0.25,10,176.71999999999937,2,750,1,,,,2,1,2,1,1,1,1,1,True,1,1,0,0,0,0,burst,True
s04-r1-burst_trial-0.25,4,1,burst_trial-0.25,burst_trial,0.25,11,192.6560000000009,2,750,1,,,,2,1,2,1,2,1,2,1,True,1,1,0,1,1,0,burst,True
s04-r1-burst_trial-0.25,4,1,burst_trial-0.25,burst_trial,0.25,12,200.5,1,750,1,,,,2,1,2,1,1,1,2,1,True,0,0,0,1,0,1,burst,True
s04-r1-burst_trial-0.25,4,1,burst_trial-0.25,burst_trial,0.25,13,216.9320000000007,2,750,1,,,,2,1,2,1,1,1,1,1,True,1,1,0,0,0,0,burst,True
s04-r1-burst_trial-0.25,4,1,burst_trial-0.25,burst_trial,0.25,14,224.83200000000036,1,750,1,,,,2,1,2,1,2,1,2,1,True,0,0,0,0,0,0,burst,True
s04-r1-burst_trial-0.25,4,1,burst_trial-0.25,burst_trial,0.25,15,249.64799999999923,1,750,1,,,,1,1,1,1,1,1,1,1,True,1,1,0,1,1,0,burst,True
s04-r1-burst_trial-0.25,4,1,burst_trial-0.25,burst_trial,0.25,16,282.8080000000009,2,750,1,,,,2,1,2,1,2,1,2,1,True,1,1,0,1,1,0,burst,True
s04-r1-burst_trial-0.25,4,1,burst_trial-0.25,burst_trial,0.25,17,290.88800000000083,1,750,1,,,,1,1,1,1,1,1,1,1,True,1,1,0,1,1,0,burst,True
s04-r1-burst_trial-0.25,4,1,burst_trial-0.25,burst_trial,0.25,18,298.77599999999984,2,750,1,,,,1,1,2,1,2,1,2,1,True,0,1,1,1,1,0,burst,True
s04-r1-burst_trial-0.25,4,1,burst_trial-0.25,burst_trial,0.25,19,314.3279999999995,2,750,1,,,,2,1,2,1,1,1,1,1,True,1,1,0,0,0,0,burst,True
s04-r1-burst_trial-0.25,4,1,burst_trial-0.25,burst_trial,0.25,20,338.52399999999943,2,750,1,,,,2,1,2,1,2,1,2,1,True,1,1,0,1,1,0,burst,True
s04-r1-burst_trial-0.25,4,1,burst_trial-0.25,burst_trial,0.25,21,347.0,2,750,1,,,,1,1,2,1,1,1,2,1,True,0,1,1,0,1,1,burst,True
s04-r1-burst_trial-0.25,4,1,burst_trial-0.25,burst_trial,0.25,22,354.6239999999998,2,750,1,,,,2,1,1,1,2,1,2,1,True,1,0,1,1,1,0,burst,True
s04-r1-burst_trial-0.25,4,1,burst_trial-0.25,burst_trial,0.25,23,379.02800000000025,1,750,1,,,,2,1,2,1,2,1,2,1,True,0,0,0,0,0,0,burst,True
s04-r1-burst_trial-0.4,4,1,burst_trial-0.4,burst_trial,0.4,0,1.0,1,600,1,,,,2,1,2,1,2,1,2,1,True,0,0,0,0,0,0,burst,True
s04-r1-burst_trial-0.4,4,1,burst_trial-0.4,burst_trial,0.4,1,9.012000000000626,1,600,1,,,,2,1,2,1,1,1,1,1,True,0,0,0,1,1,0,burst,True
s04-r1-burst_trial-0.4,4,1,burst_trial-0.4,burst_trial,0.4,2,24.49200000000019,2,600,1,,,,2,1,2,1,2,1,2,1,True,1,1,0,1,1,0,burst,True
s04-r1-burst_trial-0.4,4,1,burst_trial-0.4,burst_trial,0.4,3,32.52399999999943,1,600,1,,,,2,1,2,1,1,1,1,1,True,0,0,0,1,1,0,burst,True
s04-r1-burst_trial-0.4,4,1,burst_trial-0.4,burst_trial,0.4,4,48.63600000000042,1,600,1,,,,2,1,2,1,2,1,2,1,True,0,0,0,0,0,0,burst,True
s04-r1-burst_trial-0.4,4,1,burst_trial-0.4,burst_trial,0.4,5,64.55999999999949,2,600,1,,,,2,1,2,1,1,1,2,1,True,1,1,0,0,1,1,burst,True
s04-r1-burst_trial-0.4,4,1,burst_trial-0.4,burst_trial,0.4,6,80.17599999999948,1,600,1,,,,2,1,2,1,1,1,1,1,True,0,0,0,1,1,0,burst,True
s04-r1-burst_trial-0.4,4,1,burst_trial-0.4,burst_trial,0.4,7,103.42000000000009,1,600,1,,,,1,1,1,1,1,1,1,1,True,1,1,0,1,1,0,burst,True
s04-r1-burst_trial-0.4,4,1,burst_trial-0.4,burst_trial,0.4,8,119.76800000000004,2,600,1,,,,2,1,2,1,2,1,2,1,True,1,1,0,1,1,0,burst,True
s04-r1-burst_trial-0.4,4,1,burst_trial-0.4,burst_trial,0.4,9,160.7520000000004,1,600,1,,,,1,1,2,1,1,1,1,1,True,1,0,1,1,1,0,burst,True
s04-r1-burst_trial-0.4,4,1,burst_trial-0.4,burst_trial,0.4,10,176.71999999999937,2,600,1,,,,2,1,2,1,1,1,1,1,True,1,1,0,0,0,0,burst,True
s04-r1-burst_trial-0.4,4,1,burst_trial-0.4,burst_trial,0.4,11,192.6560000000009,2,600,1,,,,2,1,2,1,1,1,2,1,True,1,1,0,0,1,1,burst,True
s04-r1-burst_trial-0.4,4,1,burst_trial-0.4,burst_trial,0.4,12,200.5,1,600,1,,,,2,1,2,1,1,1,2,1,True,0,0,0,1,0,1,burst,True
s04-r1-burst_trial-0.4,4,1,burst_trial-0.4,burst_trial,0.4,13,216.9320000000007,2,600,1,,,,2,1,2,1,1,1,1,1,True,1,1,0,0,0,0,burst,True
s04-r1-burst_trial-0.4,4,1,burst_trial-0.4,burst_trial,0.4,14,224.83200000000036,1,600,1,,,,2,1,2,1,1,1,2,1,True,0,0,0,1,0,1,burst,True
s04-r1-burst_trial-0.4,4,1,burst_trial-0.4,burst_trial,0.4,15,249.64799999999923,1,600,1,,,,2,1,1,1,1,1,1,1,True,0,1,1,1,1,0,burst,True
s04-r1-burst_trial-0.4,4,1,burst_trial-0.4,burst_trial,0.4,16,282.8079999999991,2,600,1,,,,2,1,2,1,2,1,2,1,True,1,1,0,1,1,0,burst,True
s04-r1-burst_trial-0.4,4,1,burst_trial-0.4,burst_trial,0.4,17,290.88800000000083,1,600,1,,,,1,1,1,1,1,1,1,1,True,1,1,0,1,1,0,burst,True
s04-r1-burst_trial-0.4,4,1,burst_trial-0.4,burst_trial,0.4,18,298.77599999999984,2,600,1,,,,1,1,2,1,2,1,2,1,True,0,1,1,1,1,0,burst,True
s04-r1-burst_trial-0.4,4,1,burst_trial-0.4,burst_trial,0.4,19,314.3279999999995,2,600,1,,,,2,1,2,1,1,1,1,1,True,1,1,0,0,0,0,burst,True
s04-r1-burst_trial-0.4,4,1,burst_trial-0.4,burst_trial,0.4,20,338.52399999999943,2,600,1,,,,2,1,2,1,2,1,2,1,True,1,1,0,1,1,0,burst,True
s04-r1-burst_trial-0.4,4,1,burst_trial-0.4,burst_trial,0.4,21,347.0,2,600,1,,,,2,1,2,1,1,1,2,1,True,1,1,0,0,1,1,burst,True
s04-r1-burst_trial-0.4,4,1,burst_trial-0.4,burst_trial,0.4,22,354.6239999999998,2,600,1,,,,2,1,1,1,2,1,2,1,True,1,0,1,1,1,0,burst,True
s04-r1-burst_trial-0.4,4,1,burst_trial-0.4,burst_trial,0.4,23,379.02800000000025,1,600,1,,,,2,1,2,1,2,1,2,1,True,0,0,0,0,0,0,burst,True
s04-r2-burst_trial-0.1,4,2,burst_trial-0.1,burst_trial,0.1,0,1.0,2,900,1,,,,2,1,2,1,1,1,1,1,True,1,1,0,0,0,0,burst,True
s04-r2-burst_trial-0.1,4,2,burst_trial-0.1,burst_trial,0.1,1,16.683999999999287,1,900,1,,,,2,1,2,1,1,1,1,1,True,0,0,0,1,1,0,burst,True
s04-r2-burst_trial-0.1,4,2,burst_trial-0.1,burst_trial,0.1,2,48.63600000000042,1,900,1,,,,1,1,1,1,1,1,1,1,True,1,1,0,1,1,0,burst,True
s04-r2-burst_trial-0.1,4,2,burst_trial-0.1,burst_trial,0.1,3,56.83599999999933,1,900,1,,,,2,1,2,1,1,1,1,1,True,0,0,0,1,1,0,burst,True
s04-r2-burst_trial-0.1,4,2,burst_trial-0.1,burst_trial,0.1,4,72.55199999999968,2,900,1,,,,2,1,2,1,1,1,2,1,True,1,1,0,0,1,1,burst,True
s04-r2-burst_trial-0.1,4,2,burst_trial-0.1,burst_trial,0.1,5,103.42000000000009,2,900,1,,,,1,1,1,1,1,1,1,1,True,0,0,0,0,0,0,burst,True
s04-r2-burst_trial-0.1,4,2,burst_trial-0.1,burst_trial,0.1,6,111.28800000000048,1,900,1,,,,2,1,2,1,1,1,1,1,True,0,0,0,1,1,0,burst,True
s04-r2-burst_trial-0.1,4,2,burst_trial-0.1,burst_trial,0.1,7,127.79999999999929,2,900,1,,,,2,1,2,1,1,1,1,1,True,1,1,0,0,0,0,burst,True
s04-r2-burst_trial-0.1,4,2,burst_trial-0.1,burst_trial,0.1,8,144.20800000000054,1,900,1,,,,2,1,2,1,1,1,1,1,True,0,0,0,1,1,0,burst,True
s04-r2-burst_trial-0.1,4,2,burst_trial-0.1,burst_trial,0.1,9,169.07200000000012,2,900,1,,,,2,1,2,1,1,1,1,1,True,1,1,0,0,0,0,burst,True
s04-r2-burst_trial-0.1,4,2,burst_trial-0.1,burst_trial,0.1,10,192.6560000000009,1,900,1,,,,2,1,2,1,2,1,2,1,True,0,0,0,0,0,0,burst,True
s04-r2-burst_trial-0.1,4,2,burst_trial-0.1,burst_trial,0.1,11,200.5,2,900,1,,,,2,1,2,1,2,1,2,1,True,1,1,0,1,1,0,burst,True
s04-r2-burst_trial-0.1,4,2,burst_trial-0.1,burst_trial,0.1,12,208.9159999999993,2,900,1,,,,2,1,2,1,2,1,2,1,True,1,1,0,1,1,0,burst,True
s04-r2-burst_trial-0.1,4,2,burst_trial-0.1,burst_trial,0.1,13,232.9359999999997,2,900,1,,,,2,1,2,1,1,1,1,1,True,1,1,0,0,0,0,burst,True
s04-r2-burst_trial-0.1,4,2,burst_trial-0.1,burst_trial,0.1,14,241.21999999999932,1,900,1,,,,1,1,1,1,1,1,1,1,True,1,1,0,1,1,0,burst,True
s04-r2-burst_trial-0.1,4,2,burst_trial-0.1,burst_trial,0.1,15,249.64799999999923,1,900,1,,,,2,1,2,1,1,1,1,1,True,0,0,0,1,1,0,burst,True
s04-r2-burst_trial-0.1,4,2,burst_trial-0.1,burst_trial,0.1,16,266.3799999999992,2,900,1,,,,2,1,2,1,2,1,2,1,True,1,1,0,1,1,0,burst,True
s04-r2-burst_trial-0.1,4,2,burst_trial-0.1,burst_trial,0.1,17,274.5519999999997,1,900,1,,,,2,1,2,1,1,1,1,1,True,0,0,0,1,1,0,burst,True
s04-r2-burst_trial-0.1,4,2,burst_trial-0.1,burst_trial,0.1,18,290.88800000000083,2,900,1,,,,2,1,2,1,2,1,2,1,True,1,1,0,1,1,0,burst,True
s04-r2-burst_trial-0.1,4,2,burst_trial-0.1,burst_trial,0.1,19,298.77599999999984,2,900,1,,,,1,1,1,1,1,1,1,1,True,0,0,0,0,0,0,burst,True
s04-r2-burst_trial-0.1,4,2,burst_trial-0.1,burst_trial,0.1,20,314.3279999999995,1,900,1,,,,1,1,1,1,1,1,1,1,True,1,1,0,1,1,0,burst,True
s04-r2-burst_trial-0.1,4,2,burst_trial-0.1,burst_trial,0.1,21,362.3359999999993,1,900,1,,,,2,1,2,1,1,1,1,1,True,0,0,0,1,1,0,burst,True
s04-r2-burst_trial-0.1,4,2,burst_trial-0.1,burst_trial,0.1,22,370.79199999999946,2,900,1,,,,2,1,2,1,2,1,2,1,True,1,1,0,1,1,0,burst,True
s04-r2-burst_trial-0.1,4,2,burst_trial-0.1,burst_trial,0.1,23,379.02800000000025,1,900,1,,,,1,1,1,1,1,1,1,1,True,1,1,0,1,1,0,burst,True
s04-r2-burst_trial-0.25,4,2,burst_trial-0.25,burst_trial,0.25,0,1.0,2,750,1,,,,2,1,2,1,1,1,1,1,True,1,1,0,0,0,0,burst,True
s04-r2-burst_trial-0.25,4,2,burst_trial-0.25,burst_trial,0.25,1,16.683999999999287,1,750,1,,,,2,1,2,1,1,1,1,1,True,0,0,0,1,1,0,burst,True
s04-r2-burst_trial-0.25,4,2,burst_trial-0.25,burst_trial,0.25,2,48.63600000000042,1,750,1,,,,2,1,1,1,1,1,1,1,True,0,1,1,1,1,0,burst,True
s04-r2-burst_trial-0.25,4,2,burst_trial-0.25,burst_trial,0.25,3,56.83599999999933,1,750,1,,,,2,1,2,1,1,1,1,1,True,0,0,0,1,1,0,burst,True
s04-r2-burst_trial-0.25,4,2,burst_trial-0.25,burst_trial,0.25,4,72.55199999999968,2,750,1,,,,1,1,2,1,1,1,2,1,True,0,1,1,0,1,1,burst,True
s04-r2-burst_trial-0.25,4,2,burst_trial-0.25,burst_trial,0.25,5,103.42000000000009,2,750,1,,,,1,1,1,1,1,1,1,1,True,0,0,0,0,0,0,burst,True
s04-r2-burst_trial-0.25,4,2,burst_trial-0.25,burst_trial,0.25,6,111.28800000000048,1,750,1,,,,1,1,2,1,1,1,1,1,True,1,0,1,1,1,0,burst,True
s04-r2-burst_trial-0.25,4,2,burst_trial-0.25,burst_trial,0.25,7,127.79999999999929,2,750,1,,,,2,1,2,1,1,1,1,1,True,1,1,0,0,0,0,burst,True
s04-r2-burst_trial-0.25,4,2,burst_trial-0.25,burst_trial,0.25,8,144.20800000000054,1,750,1,,,,1,1,2,1,1,1,1,1,True,1,0,1,1,1,0,burst,True
s04-r2-burst_trial-0.25,4,2,burst_trial-0.25,burst_trial,0.25,9,169.07200000000012,2,750,1,,,,2,1,2,1,1,1,1,1,True,1,1,0,0,0,0,burst,True
s04-r2-burst_trial-0.25,4,2,burst_trial-0.25,burst_trial,0.25,10,192.6560000000009,1,750,1,,,,2,1,2,1,2,1,2,1,True,0,0,0,0,0,0,burst,True
s04-r2-burst_trial-0.25,4,2,burst_trial-0.25,burst_trial,0.25,11,200.5,2,750,1,,,,2,1,2,1,2,1,2,1,True,1,1,0,1,1,0,burst,True
s04-r2-burst_trial-0.25,4,2,burst_trial-0.25,burst_trial,0.25,12,208.9159999999993,2,750,1,,,,2,1,2,1,1,1,2,1,True,1,1,0,0,1,1,burst,True
s04-r2-burst_trial-0.25,4,2,burst_trial-0.25,burst_trial,0.25,13,232.9359999999997,2,750,1,,,,2,1,2,1,1,1,1,1,True,1,1,0,0,0,0,burst,True
s04-r2-burst_trial-0.25,4,2,burst_trial-0.25,burst_trial,0.25,14,241.21999999999932,1,750,1,,,,1,1,1,1,1,1,1,1,True,1,1,0,1,1,0,burst,True
s04-r2-burst_trial-0.25,4,2,burst_trial-0.25,burst_trial,0.25,15,249.64799999999923,1,750,1,,,,2,1,2,1,1,1,1,1,True,0,0,0,1,1,0,burst,True
s04-r2-burst_trial-0.25,4,2,burst_trial-0.25,burst_trial,0.25,16,266.3799999999992,2,750,1,,,,2,1,2,1,2,1,2,1,True,1,1,0,1,1,0,burst,True
s04-r2-burst_trial-0.25,4,2,burst_trial-0.25,burst_trial,0.25,17,274.5519999999997,1,750,1,,,,2,1,2,1,1,1,1,1,True,0,0,0,1,1,0,burst,True
s04-r2-burst_trial-0.25,4,2,burst_trial-0.25,burst_trial,0.25,18,290.88800000000083,2,750,1,,,,2,1,2,1,2,1,2,1,True,1,1,0,1,1,0,burst,True
s04-r2-burst_trial-0.25,4,2,burst_trial-0.25,burst_trial,0.25,19,298.77599999999984,2,750,1,,,,1,1,1,1,1,1,1,1,True,0,0,0,0,0,0,burst,True
s04-r2-burst_trial-0.25,4,2,burst_trial-0.25,burst_trial,0.25,20,314.3279999999995,1,750,1,,,,1,1,1,1,1,1,1,1,True,1,1,0,1,1,0,burst,True
s04-r2-burst_trial-0.25,4,2,burst_trial-0.25,burst_trial,0.25,21,362.3359999999993,1,750,1,,,,2,1,2,1,1,1,1,1,True,0,0,0,1,1,0,burst,True
s04-r2-burst_trial-0.25,4,2,burst_trial-0.25,burst_trial,0.25,22,370.79199999999946,2,750,1,,,,2,1,2,1,2,1,2,1,True,1,1,0,1,1,0,burst,True
s04-r2-burst_trial-0.25,4,2,burst_trial-0.25,burst_trial,0.25,23,379.02800000000025,1,750,1,,,,1,1,1,1,1,1,1,1,True,1,1,0,1,1,0,burst,True
s04-r2-burst_trial-0.4,4,2,burst_trial-0.4,burst_trial,0.4,0,1.0,2,600,1,,,,2,1,2,1,1,1,1,1,True,1,1,0,0,0,0,burst,True
s04-r2-burst_trial-0.4,4,2,burst_trial-0.4,burst_trial,0.4,1,16.683999999999287,1,600,1,,,,2,1,2,1,1,1,1,1,True,0,0,0,1,1,0,burst,True
s04-r2-burst_trial-0.4,4,2,burst_trial-0.4,burst_trial,0.4,2,48.63600000000042,1,600,1,,,,2,1,1,1,1,1,1,1,True,0,1,1,1,1,0,burst,True
s04-r2-burst_trial-0.4,4,2,burst_trial-0.4,burst_trial,0.4,3,56.83599999999933,1,600,1,,,,2,1,2,1,1,1,1,1,True,0,0,0,1,1,0,burst,True
s04-r2-burst_trial-0.4,4,2,burst_trial-0.4,burst_trial,0.4,4,72.55199999999968,2,600,1,,,,2,1,2,1,1,1,2,1,True,1,1,0,0,1,1,burst,True
s04-r2-burst_trial-0.4,4,2,burst_trial-0.4,burst_trial,0.4,5,103.42000000000009,2,600,1,,,,1,1,1,1,1,1,1,1,True,0,0,0,0,0,0,burst,True
s04-r2-burst_trial-0.4,4,2,burst_trial-0.4,burst_trial,0.4,6,111.28800000000048,1,600,1,,,,1,1,2,1,1,1,1,1,True,1,0,1,1,1,0,burst,True
s04-r2-burst_trial-0.4,4,2,burst_trial-0.4,burst_trial,0.4,7,127.79999999999929,2,600,1,,,,2,1,2,1,1,1,1,1,True,1,1,0,0,0,0,burst,True
s04-r2-burst_trial-0.4,4,2,burst_trial-0.4,burst_trial,0.4,8,144.20800000000054,1,600,1,,,,1,1,2,1,1,1,1,1,True,1,0,1,1,1,0,burst,True
s04-r2-burst_trial-0.4,4,2,burst_trial-0.4,burst_trial,0.4,9,169.07200000000012,2,600,1,,,,2,1,2,1,1,1,1,1,True,1,1,0,0,0,0,burst,True
s04-r2-burst_trial-0.4,4,2,burst_trial-0.4,burst_trial,0.4,10,192.6560000000009,1,600,1,,,,2,1,2,1,1,1,2,1,True,0,0,0,1,0,1,burst,True
s04-r2-burst_trial-0.4,4,2,burst_trial-0.4,burst_trial,0.4,11,200.5,2,600,1,,,,2,1,2,1,1,1,2,1,True,1,1,0,0,1,1,burst,True
s04-r2-burst_trial-0.4,4,2,burst_trial-0.4,burst_trial,0.4,12,208.9159999999993,2,600,1,,,,1,1,2,1,1,1,2,1,True,0,1,1,0,1,1,burst,True
s04-r2-burst_trial-0.4,4,2,burst_trial-0.4,burst_trial,0.4,13,232.9359999999997,2,600,1,,,,2,1,2,1,1,1,1,1,True,1,1,0,0,0,0,burst,True
s04-r2-burst_trial-0.4,4,2,burst_trial-0.4,burst_trial,0.4,14,241.21999999999932,1,600,1,,,,1,1,1,1,1,1,1,1,True,1,1,0,1,1,0,burst,True
s04-r2-burst_trial-0.4,4,2,burst_trial-0.4,burst_trial,0.4,15,249.64799999999923,1,600,1,,,,2,1,2,1,1,1,1,1,True,0,0,0,1,1,0,burst,True
s04-r2-burst_trial-0.4,4,2,burst_trial-0.4,burst_trial,0.4,16,266.3799999999992,2,600,1,,,,2,1,2,1,2,1,2,1,True,1,1,0,1,1,0,burst,True
s04-r2-burst_trial-0.4,4,2,burst_trial-0.4,burst_trial,0.4,17,274.5519999999997,1,600,1,,,,2,1,2,1,1,1,1,1,True,0,0,0,1,1,0,burst,True
s04-r2-burst_trial-0.4,4,2,burst_trial-0.4,burst_trial,0.4,18,290.88800000000083,2,600,1,,,,2,1,2,1,2,1,2,1,True,1,1,0,1,1,0,burst,True
s04-r2-burst_trial-0.4,4,2,burst_trial-0.4,burst_trial,0.4,19,298.77599999999984,2,600,1,,,,2,1,1,1,1,1,1,1,True,1,0,1,0,0,0,burst,True
s04-r2-burst_trial-0.4,4,2,burst_trial-0.4,burst_trial,0.4,20,314.3279999999995,1,600,1,,,,2,1,1,1,1,1,1,1,True,0,1,1,1,1,0,burst,True
s04-r2-burst_trial-0.4,4,2,burst_trial-0.4,burst_trial,0.4,21,362.3359999999993,1,600,1,,,,2,1,2,1,1,1,1,1,True,0,0,0,1,1,0,burst,True
s04-r2-burst_trial-0.4,4,2,burst_trial-0.4,burst_trial,0.4,22,370.79199999999946,2,600,1,,,,2,1,2,1,1,1,2,1,True,1,1,0,0,1,1,burst,True
s04-r2-burst_trial-0.4,4,2,burst_trial-0.4,burst_trial,0.4,23,379.02800000000025,1,600,1,,,,1,1,1,1,1,1,1,1,True,1,1,0,1,1,0,burst,True
s04-r3-burst_trial-0.1,4,3,burst_trial-0.1,burst_trial,0.1,0,1.0,2,900,1,,,,2,1,2,1,2,1,2,1,True,1,1,0,1,1,0,burst,True
s04-r3-burst_trial-0.1,4,3,burst_trial-0.1,burst_trial,0.1,1,9.011999999998809,1,900,1,,,,2,1,1,1,1,1,1,1,True,0,1,1,1,1,0,burst,True
s04-r3-burst_trial-0.1,4,3,burst_trial-0.1,burst_trial,0.1,2,16.684000000001106,1,900,1,,,,2,1,2,1,1,1,1,1,True,0,0,0,1,1,0,burst,True
s04-r3-burst_trial-0.1,4,3,burst_trial-0.1,burst_trial,0.1,3,40.96800000000076,2,900,1,,,,2,1,2,1,2,1,2,1,True,1,1,0,1,1,0,burst,True
s04-r3-burst_trial-0.1,4,3,burst_trial-0.1,burst_trial,0.1,4,64.56000000000131,1,900,1,,,,2,1,2,1,1,1,1,1,True,0,0,0,1,1,0,burst,True
s04-r3-burst_trial-0.1,4,3,burst_trial-0.1,burst_trial,0.1,5,80.17599999999948,1,900,1,,,,1,1,1,1,1,1,1,1,True,1,1,0,1,1,0,burst,True
s04-r3-burst_trial-0.1,4,3,burst_trial-0.1,burst_trial,0.1,6,87.75600000000122,1,900,1,,,,2,1,2,1,1,1,1,1,True,0,0,0,1,1,0,burst,True
s04-r3-burst_trial-0.1,4,3,burst_trial-0.1,burst_trial,0.1,7,95.64400000000025,2,900,1,,,,2,1,2,1,1,1,2,1,True,1,1,0,0,1,1,burst,True
s04-r3-burst_trial-0.1,4,3,burst_trial-0.1,burst_trial,0.1,8,119.76800000000004,2,900,1,,,,2,1,2,1,2,1,2,1,True,1,1,0,1,1,0,burst,True
s04-r3-burst_trial-0.1,4,3,burst_trial-0.1,burst_trial,0.1,9,169.07200000000012,2,900,1,,,,2,1,2,1,2,1,2,1,True,1,1,0,1,1,0,burst,True
s04-r3-burst_trial-0.1,4,3,burst_trial-0.1,burst_trial,0.1,10,176.72000000000116,2,900,1,,,,2,1,2,1,1,1,1,1,True,1,1,0,0,0,0,burst,True
s04-r3-burst_trial-0.1,4,3,burst_trial-0.1,burst_trial,0.1,11,192.65599999999904,1,900,1,,,,2,1,2,1,1,1,1,1,True,0,0,0,1,1,0,burst,True
s04-r3-burst_trial-0.1,4,3,burst_trial-0.1,burst_trial,0.1,12,200.5,2,900,1,,,,2,1,2,1,2,1,2,1,True,1,1,0,1,1,0,burst,True
s04-r3-burst_trial-0.1,4,3,burst_trial-0.1,burst_trial,0.1,13,208.91600000000108,2,900,1,,,,2,1,2,1,1,1,1,1,True,1,1,0,0,0,0,burst,True
s04-r3-burst_trial-0.1,4,3,burst_trial-0.1,burst_trial,0.1,14,216.9320000000007,2,900,1,,,,2,1,2,1,2,1,2,1,True,1,1,0,1,1,0,burst,True
s04-r3-burst_trial-0.1,4,3,burst_trial-0.1,burst_trial,0.1,15,241.2200000000012,1,900,1,,,,2,1,2,1,1,1,1,1,True,0,0,0,1,1,0,burst,True
s04-r3-burst_trial-0.1,4,3,burst_trial-0.1,burst_trial,0.1,16,258.0159999999996,1,900,1,,,,2,1,2,1,2,1,2,1,True,0,0,0,0,0,0,burst,True
s04-r3-burst_trial-0.1,4,3,burst_trial-0.1,burst_trial,0.1,17,274.5519999999997,1,900,1,,,,2,1,2,1,1,1,1,1,True,0,0,0,1,1,0,burst,True
s04-r3-burst_trial-0.1,4,3,burst_trial-0.1,burst_trial,0.1,18,290.887999999999,1,900,1,,,,1,1,1,1,1,1,1,1,True,1,1,0,1,1,0,burst,True
s04-r3-burst_trial-0.1,4,3,burst_trial-0.1,burst_trial,0.1,19,306.6280000000006,1,900,1,,,,2,1,2,1,2,1,2,1,True,0,0,0,0,0,0,burst,True
s04-r3-burst_trial-0.1,4,3,burst_trial-0.1,burst_trial,0.1,20,314.32800000000134,2,900,1,,,,1,1,1,1,2,1,2,1,True,0,0,0,1,1,0,burst,True
s04-r3-burst_trial-0.1,4,3,burst_trial-0.1,burst_trial,0.1,21,347.0,1,900,1,,,,1,1,1,1,1,1,1,1,True,1,1,0,1,1,0,burst,True
s04-r3-burst_trial-0.1,4,3,burst_trial-0.1,burst_trial,0.1,22,354.6239999999998,2,900,1,,,,2,1,2,1,2,1,2,1,True,1,1,0,1,1,0,burst,True
s04-r3-burst_trial-0.1,4,3,burst_trial-0.1,burst_trial,0.1,23,370.7920000000013,2,900,1,,,,2,1,2,1,1,1,1,1,True,1,1,0,0,0,0,burst,True
s04-r3-burst_trial-0.25,4,3,burst_trial-0.25,burst_trial,0.25,0,1.0,2,750,1,,,,2,1,2,1,2,1,2,1,True,1,1,0,1,1,0,burst,True
s04-r3-burst_trial-0.25,4,3,burst_trial-0.25,burst_trial,0.25,1,9.011999999998809,1,750,1,,,,2,1,1,1,1,1,1,1,True,0,1,1,1,1,0,burst,True
s04-r3-burst_trial-0.25,4,3,burst_trial-0.25,burst_trial,0.25,2,16.684000000001106,1,750,1,,,,1,1,2,1,1,1,1,1,True,1,0,1,1,1,0,burst,True
s04-r3-burst_trial-0.25,4,3,burst_trial-0.25,burst_trial,0.25,3,40.96800000000076,2,750,1,,,,2,1,2,1,2,1,2,1,True,1,1,0,1,1,0,burst,True
s04-r3-burst_trial-0.25,4,3,burst_trial-0.25,burst_trial,0.25,4,64.56000000000131,1,750,1,,,,2,1,2,1,1,1,1,1,True,0,0,0,1,1,0,burst,True
s04-r3-burst_trial-0.25,4,3,burst_trial-0.25,burst_trial,0.25,5,80.17599999999948,1,750,1,,,,1,1,1,1,1,1,1,1,True,1,1,0,1,1,0,burst,True
s04-r3-burst_trial-0.25,4,3,burst_trial-0.25,burst_trial,0.25,6,87.75600000000122,1,750,1,,,,2,1,2,1,1,1,1,1,True,0,0,0,1,1,0,burst,True
s04-r3-burst_trial-0.25,4,3,burst_trial-0.25,burst_trial,0.25,7,95.64400000000025,2,750,1,,,,2,1,2,1,1,1,2,1,True,1,1,0,0,1,1,burst,True
s04-r3-burst_trial-0.25,4,3,burst_trial-0.25,burst_trial,0.25,8,119.76800000000004,2,750,1,,,,1,1,2,1,2,1,2,1,True,0,1,1,1,1,0,burst,True
s04-r3-burst_trial-0.25,4,3,burst_trial-0.25,burst_trial,0.25,9,169.07200000000012,2,750,1,,,,2,1,2,1,2,1,2,1,True,1,1,0,1,1,0,burst,True
s04-r3-burst_trial-0.25,4,3,burst_trial-0.25,burst_trial,0.25,10,176.72000000000116,2,750,1,,,,2,1,2,1,1,1,1,1,True,1,1,0,0,0,0,burst,True
s04-r3-burst_trial-0.25,4,3,burst_trial-0.25,burst_trial,0.25,11,192.65599999999904,1,750,1,,,,2,1,2,1,1,1,1,1,True,0,0,0,1,1,0,burst,True
s04-r3-burst_trial-0.25,4,3,burst_trial-0.25,burst_trial,0.25,12,200.5,2,750,1,,,,2,1,2,1,2,1,2,1,True,1,1,0,1,1,0,burst,True
s04-r3-burst_trial-0.25,4,3,burst_trial-0.25,burst_trial,0.25,13,208.91600000000108,2,750,1,,,,2,1,2,1,1,1,1,1,True,1,1,0,0,0,0,burst,True
s04-r3-burst_trial-0.25,4,3,burst_trial-0.25,burst_trial,0.25,14,216.9320000000007,2,750,1,,,,2,1,2,1,2,1,2,1,True,1,1,0,1,1,0,burst,True
s04-r3-burst_trial-0.25,4,3,burst_trial-0.25,burst_trial,0.25,15,241.2200000000012,1,750,1,,,,2,1,2,1,1,1,1,1,True,0,0,0,1,1,0,burst,True
s04-r3-burst_trial-0.25,4,3,burst_trial-0.25,burst_trial,0.25,16,258.0159999999996,1,750,1,,,,2,1,2,1,2,1,2,1,True,0,0,0,0,0,0,burst,True
s04-r3-burst_trial-0.25,4,3,burst_trial-0.25,burst_trial,0.25,17,274.5519999999997,1,750,1,,,,2,1,2,1,1,1,1,1,True,0,0,0,1,1,0,burst,True
s04-r3-burst_trial-0.25,4,3,burst_trial-0.25,burst_trial,0.25,18,290.887999999999,1,750,1,,,,1,1,1,1,1,1,1,1,True,1,1,0,1,1,0,burst,True
s04-r3-burst_trial-0.25,4,3,burst_trial-0.25,burst_trial,0.25,19,306.6280000000006,1,750,1,,,,2,1,2,1,2,1,2,1,True,0,0,0,0,0,0,burst,True
s04-r3-burst_trial-0.25,4,3,burst_trial-0.25,burst_trial,0.25,20,314.32800000000134,2,750,1,,,,1,1,1,1,1,1,2,1,True,0,0,0,0,1,1,burst,True
s04-r3-burst_trial-0.25,4,3,burst_trial-0.25,burst_trial,0.25,21,347.0,1,750,1,,,,1,1,1,1,1,1,1,1,True,1,1,0,1,1,0,burst,True
s04-r3-burst_trial-0.25,4,3,burst_trial-0.25,burst_trial,0.25,22,354.6239999999998,2,750,1,,,,2,1,2,1,2,1,2,1,True,1,1,0,1,1,0,burst,True
s04-r3-burst_trial-0.25,4,3,burst_trial-0.25,burst_trial,0.25,23,370.7920000000013,2,750,1,,,,2,1,2,1,2,1,1,1,True,1,1,0,1,0,1,burst,True
s04-r3-burst_trial-0.4,4,3,burst_trial-0.4,burst_trial,0.4,0,1.0,2,600,1,,,,1,1,2,1,1,1,2,1,True,0,1,1,0,1,1,burst,True
s04-r3-burst_trial-0.4,4,3,burst_trial-0.4,burst_trial,0.4,1,9.011999999998809,1,600,1,,,,1,1,1,1,1,1,1,1,True,1,1,0,1,1,0,burst,True
s04-r3-burst_trial-0.4,4,3,burst_trial-0.4,burst_trial,0.4,2,16.684000000001106,1,600,1,,,,1,1,2,1,1,1,1,1,True,1,0,1,1,1,0,burst,True
s04-r3-burst_trial-0.4,4,3,burst_trial-0.4,burst_trial,0.4,3,40.96800000000076,2,600,1,,,,2,1,2,1,2,1,2,1,True,1,1,0,1,1,0,burst,True
s04-r3-burst_trial-0.4,4,3,burst_trial-0.4,burst_trial,0.4,4,64.56000000000131,1,600,1,,,,2,1,2,1,1,1,1,1,True,0,0,0,1,1,0,burst,True
s04-r3-burst_trial-0.4,4,3,burst_trial-0.4,burst_trial,0.4,5,80.17599999999948,1,600,1,,,,1,1,1,1,1,1,1,1,True,1,1,0,1,1,0,burst,True
s04-r3-burst_trial-0.4,4,3,burst_trial-0.4,burst_trial,0.4,6,87.75600000000122,1,600,1,,,,2,1,2,1,1,1,1,1,True,0,0,0,1,1,0,burst,True
s04-r3-burst_trial-0.4,4,3,burst_trial-0.4,burst_trial,0.4,7,95.64400000000025,2,600,1,,,,2,1,2,1,1,1,2,1,True,1,1,0,0,1,1,burst,True
s04-r3-burst_trial-0.4,4,3,burst_trial-0.4,burst_trial,0.4,8,119.76800000000004,2,600,1,,,,2,1,2,1,2,1,2,1,True,1,1,0,1,1,0,burst,True
s04-r3-burst_trial-0.4,4,3,burst_trial-0.4,burst_trial,0.4,9,169.07200000000012,2,600,1,,,,2,1,2,1,2,1,2,1,True,1,1,0,1,1,0,burst,True
s04-r3-burst_trial-0.4,4,3,burst_trial-0.4,burst_trial,0.4,10,176.72000000000116,2,600,1,,,,2,1,2,1,1,1,1,1,True,1,1,0,0,0,0,burst,True
s04-r3-burst_trial-0.4,4,3,burst_trial-0.4,burst_trial,0.4,11,192.65599999999904,1,600,1,,,,2,1,2,1,1,1,1,1,True,0,0,0,1,1,0,burst,True
s04-r3-burst_trial-0.4,4,3,burst_trial-0.4,burst_trial,0.4,12,200.5,2,600,1,,,,2,1,2,1,2,1,2,1,True,1,1,0,1,1,0,burst,True
s04-r3-burst_trial-0.4,4,3,burst_trial-0.4,burst_trial,0.4,13,208.91600000000108,2,600,1,,,,2,1,2,1,1,1,1,1,True,1,1,0,0,0,0,burst,True
s04-r3-burst_trial-0.4,4,3,burst_trial-0.4,burst_trial,0.4,14,216.9320000000007,2,600,1,,,,2,1,2,1,1,1,2,1,True,1,1,0,0,1,1,burst,True
s04-r3-burst_trial-0.4,4,3,burst_trial-0.4,burst_trial,0.4,15,241.2200000000012,1,600,1,,,,1,1,2,1,1,1,1,1,True,1,0,1,1,1,0,burst,True
s04-r3-burst_trial-0.4,4,3,burst_trial-0.4,burst_trial,0.4,16,258.0159999999996,1,600,1,,,,2,1,2,1,1,1,2,1,True,0,0,0,1,0,1,burst,True
s04-r3-burst_trial-0.4,4,3,burst_trial-0.4,burst_trial,0.4,17,274.5519999999997,1,600,1,,,,2,1,2,1,1,1,1,1,True,0,0,0,1,1,0,burst,True
s04-r3-burst_trial-0.4,4,3,burst_trial-0.4,burst_trial,0.4,18,290.887999999999,1,600,1,,,,1,1,1,1,1,1,1,1,True,1,1,0,1,1,0,burst,True
s04-r3-burst_trial-0.4,4,3,burst_trial-0.4,burst_trial,0.4,19,306.6280000000006,1,600,1,,,,2,1,2,1,1,1,2,1,True,0,0,0,1,0,1,burst,True
s04-r3-burst_trial-0.4,4,3,burst_trial-0.4,burst_trial,0.4,20,314.32800000000134,2,600,1,,,,1,1,1,1,2,1,2,1,True,0,0,0,1,1,0,burst,True
s04-r3-burst_trial-0.4,4,3,burst_trial-0.4,burst_trial,0.4,21,347.0,1,600,1,,,,1,1,1,1,2,1,1,1,True,1,1,0,0,1,1,burst,True
s04-r3-burst_trial-0.4,4,3,burst_trial-0.4,burst_trial,0.4,22,354.6239999999998,2,600,1,,,,2,1,2,1,1,1,2,1,True,1,1,0,0,1,1,burst,True
s04-r3-burst_trial-0.4,4,3,burst_trial-0.4,burst_trial,0.4,23,370.7920000000013,2,600,1,,,,2,1,2,1,1,1,1,1,True,1,1,0,0,0,0,burst,True
s04-r4-burst_trial-0.1,4,4,burst_trial-0.1,burst_trial,0.1,0,9.011999999998809,1,900,1,,,,2,1,2,1,1,1,1,1,True,0,0,0,1,1,0,burst,True
s04-r4-burst_trial-0.1,4,4,burst_trial-0.1,burst_trial,0.1,1,24.49199999999837,2,900,1,,,,2,1,2,1,1,1,2,1,True,1,1,0,0,1,1,burst,True
s04-r4-burst_trial-0.1,4,4,burst_trial-0.1,burst_trial,0.1,2,40.96800000000076,1,900,1,,,,2,1,2,1,1,1,1,1,True,0,0,0,1,1,0,burst,True
s04-r4-burst_trial-0.1,4,4,burst_trial-0.1,burst_trial,0.1,3,48.6359999999986,1,900,1,,,,2,1,2,1,1,1,1,1,True,0,0,0,1,1,0,burst,True
s04-r4-burst_trial-0.1,4,4,burst_trial-0.1,burst_trial,0.1,4,72.55199999999968,2,900,1,,,,2,1,2,1,1,1,1,1,True,1,1,0,0,0,0,burst,True
s04-r4-burst_trial-0.1,4,4,burst_trial-0.1,burst_trial,0.1,5,87.75600000000122,2,900,1,,,,2,1,2,1,1,1,1,1,True,1,1,0,0,0,0,burst,True
s04-r4-burst_trial-0.1,4,4,burst_trial-0.1,burst_trial,0.1,6,95.64400000000025,2,900,1,,,,2,1,2,1,2,1,2,1,True,1,1,0,1,1,0,burst,True
s04-r4-burst_trial-0.1,4,4,burst_trial-0.1,burst_trial,0.1,7,103.41999999999824,1,900,1,,,,2,1,2,1,1,1,1,1,True,0,0,0,1,1,0,burst,True
s04-r4-burst_trial-0.1,4,4,burst_trial-0.1,burst_trial,0.1,8,111.28800000000048,2,900,1,,,,2,1,2,1,2,1,2,1,True,1,1,0,1,1,0,burst,True
s04-r4-burst_trial-0.1,4,4,burst_trial-0.1,burst_trial,0.1,9,136.0639999999985,2,900,1,,,,2,1,2,1,2,1,2,1,True,1,1,0,1,1,0,burst,True
s04-r4-burst_trial-0.1,4,4,burst_trial-0.1,burst_trial,0.1,10,144.20799999999872,2,900,1,,,,2,1,2,1,2,1,2,1,True,1,1,0,1,1,0,burst,True
s04-r4-burst_trial-0.1,4,4,burst_trial-0.1,burst_trial,0.1,11,152.47200000000157,2,900,1,,,,2,1,2,1,2,1,2,1,True,1,1,0,1,1,0,burst,True
s04-r4-burst_trial-0.1,4,4,burst_trial-0.1,burst_trial,0.1,12,160.7520000000004,2,900,1,,,,2,1,2,1,1,1,1,1,True,1,1,0,0,0,0,burst,True
s04-r4-burst_trial-0.1,4,4,burst_trial-0.1,burst_trial,0.1,13,200.5,1,900,1,,,,2,1,1,1,1,1,1,1,True,0,1,1,1,1,0,burst,True
s04-r4-burst_trial-0.1,4,4,burst_trial-0.1,burst_trial,0.1,14,208.91600000000108,2,900,1,,,,2,1,2,1,2,1,2,1,True,1,1,0,1,1,0,burst,True
s04-r4-burst_trial-0.1,4,4,burst_trial-0.1,burst_trial,0.1,15,224.8319999999985,2,900,1,,,,2,1,2,1,2,1,2,1,True,1,1,0,1,1,0,burst,True
s04-r4-burst_trial-0.1,4,4,burst_trial-0.1,burst_trial,0.1,16,232.9360000000015,1,900,1,,,,1,1,1,1,1,1,1,1,True,1,1,0,1,1,0,burst,True
s04-r4-burst_trial-0.1,4,4,burst_trial-0.1,burst_trial,0.1,17,249.64800000000105,1,900,1,,,,1,1,1,1,1,1,1,1,True,1,1,0,1,1,0,burst,True
s04-r4-burst_trial-0.1,4,4,burst_trial-0.1,burst_trial,0.1,18,266.380000000001,1,900,1,,,,2,1,2,1,1,1,1,1,True,0,0,0,1,1,0,burst,True
s04-r4-burst_trial-0.1,4,4,burst_trial-0.1,burst_trial,0.1,19,274.5519999999997,1,900,1,,,,2,1,2,1,1,1,1,1,True,0,0,0,1,1,0,burst,True
s04-r4-burst_trial-0.1,4,4,burst_trial-0.1,burst_trial,0.1,20,282.8080000000009,1,900,1,,,,2,1,2,1,1,1,1,1,True,0,0,0,1,1,0,burst,True
s04-r4-burst_trial-0.1,4,4,burst_trial-0.1,burst_trial,0.1,21,290.887999999999,1,900,1,,,,2,1,2,1,1,1,1,1,True,0,0,0,1,1,0,burst,True
s04-r4-burst_trial-0.1,4,4,burst_trial-0.1,burst_trial,0.1,22,322.6519999999982,2,900,1,,,,2,1,2,1,2,1,2,1,True,1,1,0,1,1,0,burst,True
s04-r4-burst_trial-0.1,4,4,burst_trial-0.1,burst_trial,0.1,23,370.7920000000013,1,900,1,,,,2,1,2,1,1,1,1,1,True,0,0,0,1,1,0,burst,True
s04-r4-burst_trial-0.25,4,4,burst_trial-0.25,burst_trial,0.25,0,9.011999999998809,1,750,1,,,,2,1,2,1,1,1,1,1,True,0,0,0,1,1,0,burst,True
s04-r4-burst_trial-0.25,4,4,burst_trial-0.25,burst_trial,0.25,1,24.49199999999837,2,750,1,,,,2,1,2,1,1,1,2,1,True,1,1,0,0,1,1,burst,True
s04-r4-burst_trial-0.25,4,4,burst_trial-0.25,burst_trial,0.25,2,40.96800000000076,1,750,1,,,,2,1,2,1,1,1,1,1,True,0,0,0,1,1,0,burst,True
s04-r4-burst_trial-0.25,4,4,burst_trial-0.25,burst_trial,0.25,3,48.6359999999986,1,750,1,,,,2,1,2,1,1,1,1,1,True,0,0,0,1,1,0,burst,True
s04-r4-burst_trial-0.25,4,4,burst_trial-0.25,burst_trial,0.25,4,72.55199999999968,2,750,1,,,,2,1,2,1,1,1,1,1,True,1,1,0,0,0,0,burst,True
s04-r4-burst_trial-0.25,4,4,burst_trial-0.25,burst_trial,0.25,5,87.75600000000122,2,750,1,,,,2,1,2,1,1,1,1,1,True,1,1,0,0,0,0,burst,True
s04-r4-burst_trial-0.25,4,4,burst_trial-0.25,burst_trial,0.25,6,95.64400000000025,2,750,1,,,,2,1,2,1,2,1,2,1,True,1,1,0,1,1,0,burst,True
s04-r4-burst_trial-0.25,4,4,burst_trial-0.25,burst_trial,0.25,7,103.41999999999824,1,750,1,,,,2,1,2,1,1,1,1,1,True,0,0,0,1,1,0,burst,True
s04-r4-burst_trial-0.25,4,4,burst_trial-0.25,burst_trial,0.25,8,111.28800000000048,2,750,1,,,,2,1,2,1,2,1,2,1,True,1,1,0,1,1,0,burst,True
s04-r4-burst_trial-0.25,4,4,burst_trial-0.25,burst_trial,0.25,9,136.0639999999985,2,750,1,,,,2,1,2,1,2,1,2,1,True,1,1,0,1,1,0,burst,True
s04-r4-burst_trial-0.25,4,4,burst_trial-0.25,burst_trial,0.25,10,144.20799999999872,2,750,1,,,,2,1,2,1,1,1,2,1,True,1,1,0,0,1,1,burst,True
s04-r4-burst_trial-0.25,4,4,burst_trial-0.25,burst_trial,0.25,11,152.47200000000157,2,750,1,,,,2,1,2,1,2,1,2,1,True,1,1,0,1,1,0,burst,True
s04-r4-burst_trial-0.25,4,4,burst_trial-0.25,burst_trial,0.25,12,160.7520000000004,2,750,1,,,,2,1,2,1,1,1,1,1,True,1,1,0,0,0,0,burst,True
s04-r4-burst_trial-0.25,4,4,burst_trial-0.25,burst_trial,0.25,13,200.5,1,750,1,,,,2,1,1,1,1,1,1,1,True,0,1,1,1,1,0,burst,True
s04-r4-burst_trial-0.25,4,4,burst_trial-0.25,burst_trial,0.25,14,208.91600000000108,2,750,1,,,,2,1,2,1,2,1,2,1,True,1,1,0,1,1,0,burst,True
s04-r4-burst_trial-0.25,4,4,burst_trial-0.25,burst_trial,0.25,15,224.8319999999985,2,750,1,,,,2,1,2,1,2,1,2,1,True,1,1,0,1,1,0,burst,True
s04-r4-burst_trial-0.25,4,4,burst_trial-0.25,burst_trial,0.25,16,232.9360000000015,1,750,1,,,,1,1,1,1,1,1,1,1,True,1,1,0,1,1,0,burst,True
s04-r4-burst_trial-0.25,4,4,burst_trial-0.25,burst_trial,0.25,17,249.64800000000105,1,750,1,,,,1,1,1,1,1,1,1,1,True,1,1,0,1,1,0,burst,True
s04-r4-burst_trial-0.25,4,4,burst_trial-0.25,burst_trial,0.25,18,266.380000000001,1,750,1,,,,2,1,2,1,2,1,1,1,True,0,0,0,0,1,1,burst,True
s04-r4-burst_trial-0.25,4,4,burst_trial-0.25,burst_trial,0.25,19,274.5519999999997,1,750,1,,,,2,1,2,1,1,1,1,1,True,0,0,0,1,1,0,burst,True
s04-r4-burst_trial-0.25,4,4,burst_trial-0.25,burst_trial,0.25,20,282.8080000000009,1,750,1,,,,2,1,2,1,1,1,1,1,True,0,0,0,1,1,0,burst,True
s04-r4-burst_trial-0.25,4,4,burst_trial-0.25,burst_trial,0.25,21,290.887999999999,1,750,1,,,,2,1,2,1,1,1,1,1,True,0,0,0,1,1,0,burst,True
s04-r4-burst_trial-0.25,4,4,burst_trial-0.25,burst_trial,0.25,22,322.6519999999982,2,750,1,,,,2,1,2,1,2,1,2,1,True,1,1,0,1,1,0,burst,True
s04-r4-burst_trial-0.25,4,4,burst_trial-0.25,burst_trial,0.25,23,370.7920000000013,1,750,1,,,,2,1,2,1,1,1,1,1,True,0,0,0,1,1,0,burst,True
s04-r4-burst_trial-0.4,4,4,burst_trial-0.4,burst_trial,0.4,0,9.011999999998809,1,600,1,,,,2,1,2,1,1,1,1,1,True,0,0,0,1,1,0,burst,True
s04-r4-burst_trial-0.4,4,4,burst_trial-0.4,burst_trial,0.4,1,24.49199999999837,2,600,1,,,,2,1,2,1,1,1,2,1,True,1,1,0,0,1,1,burst,True
s04-r4-burst_trial-0.4,4,4,burst_trial-0.4,burst_trial,0.4,2,40.96800000000076,1,600,1,,,,1,1,2,1,1,1,1,1,True,1,0,1,1,1,0,burst,True
s04-r4-burst_trial-0.4,4,4,burst_trial-0.4,burst_trial,0.4,3,48.6359999999986,1,600,1,,,,2,1,2,1,1,1,1,1,True,0,0,0,1,1,0,burst,True
s04-r4-burst_trial-0.4,4,4,burst_trial-0.4,burst_trial,0.4,4,72.55199999999968,2,600,1,,,,2,1,2,1,1,1,1,1,True,1,1,0,0,0,0,burst,True
s04-r4-burst_trial-0.4,4,4,burst_trial-0.4,burst_trial,0.4,5,87.75600000000122,2,600,1,,,,2,1,2,1,1,1,1,1,True,1,1,0,0,0,0,burst,True
s04-r4-burst_trial-0.4,4,4,burst_trial-0.4,burst_trial,0.4,6,95.64400000000025,2,600,1,,,,2,1,2,1,2,1,2,1,True,1,1,0,1,1,0,burst,True
s04-r4-burst_trial-0.4,4,4,burst_trial-0.4,burst_trial,0.4,7,103.41999999999824,1,600,1,,,,2,1,2,1,1,1,1,1,True,0,0,0,1,1,0,burst,True
s04-r4-burst_trial-0.4,4,4,burst_trial-0.4,burst_trial,0.4,8,111.28800000000048,2,600,1,,,,2,1,2,1,2,1,2,1,True,1,1,0,1,1,0,burst,True
s04-r4-burst_trial-0.4,4,4,burst_trial-0.4,burst_trial,0.4,9,136.0639999999985,2,600,1,,,,2,1,2,1,2,1,2,1,True,1,1,0,1,1,0,burst,True
s04-r4-burst_trial-0.4,4,4,burst_trial-0.4,burst_trial,0.4,10,144.20799999999872,2,600,1,,,,2,1,2,1,2,1,2,1,True,1,1,0,1,1,0,burst,True
s04-r4-burst_trial-0.4,4,4,burst_trial-0.4,burst_trial,0.4,11,152.47200000000157,2,600,1,,,,2,1,2,1,2,1,2,1,True,1,1,0,1,1,0,burst,True
s04-r4-burst_trial-0.4,4,4,burst_trial-0.4,burst_trial,0.4,12,160.7520000000004,2,600,1,,,,2,1,2,1,1,1,1,1,True,1,1,0,0,0,0,burst,True
s04-r4-burst_trial-0.4,4,4,burst_trial-0.4,burst_trial,0.4,13,200.5,1,600,1,,,,2,1,1,1,1,1,1,1,True,0,1,1,1,1,0,burst,True
s04-r4-burst_trial-0.4,4,4,burst_trial-0.4,burst_trial,0.4,14,208.91600000000108,2,600,1,,,,2,1,2,1,2,1,2,1,True,1,1,0,1,1,0,burst,True
s04-r4-burst_trial-0.4,4,4,burst_trial-0.4,burst_trial,0.4,15,224.8319999999985,2,600,1,,,,2,1,2,1,1,1,2,1,True,1,1,0,0,1,1,burst,True
s04-r4-burst_trial-0.4,4,4,burst_trial-0.4,burst_trial,0.4,16,232.9360000000015,1,600,1,,,,1,1,1,1,1,1,1,1,True,1,1,0,1,1,0,burst,True
s04-r4-burst_trial-0.4,4,4,burst_trial-0.4,burst_trial,0.4,17,249.64800000000105,1,600,1,,,,1,1,1,1,1,1,1,1,True,1,1,0,1,1,0,burst,True
s04-r4-burst_trial-0.4,4,4,burst_trial-0.4,burst_trial,0.4,18,266.380000000001,1,600,1,,,,2,1,2,1,1,1,1,1,True,0,0,0,1,1,0,burst,True
s04-r4-burst_trial-0.4,4,4,burst_trial-0.4,burst_trial,0.4,19,274.5519999999997,1,600,1,,,,2,1,2,1,2,1,1,1,True,0,0,0,0,1,1,burst,True
s04-r4-burst_trial-0.4,4,4,burst_trial-0.4,burst_trial,0.4,20,282.8080000000009,1,600,1,,,,2,1,2,1,2,1,1,1,True,0,0,0,0,1,1,burst,True
s04-r4-burst_trial-0.4,4,4,burst_trial-0.4,burst_trial,0.4,21,290.887999999999,1,600,1,,,,2,1,2,1,1,1,1,1,True,0,0,0,1,1,0,burst,True
s04-r4-burst_trial-0.4,4,4,burst_trial-0.4,burst_trial,0.4,22,322.6519999999982,2,600,1,,,,2,1,2,1,1,1,2,1,True,1,1,0,0,1,1,burst,True
s04-r4-burst_trial-0.4,4,4,burst_trial-0.4,burst_trial,0.4,23,370.7920000000013,1,600,1,,,,2,1,2,1,1,1,1,1,True,0,0,0,1,1,0,burst,True
s05-r0-burst_trial-0.1,5,0,burst_trial-0.1,burst_trial,0.1,0,1.0,1,900,1,,,,1,1,1,1,1,1,1,1,True,1,1,0,1,1,0,burst,True
s05-r0-burst_trial-0.1,5,0,burst_trial-0.1,burst_trial,0.1,1,9.012000000000173,2,900,1,,,,2,1,2,1,2,1,2,1,True,1,1,0,1,1,0,burst,True
s05-r0-burst_trial-0.1,5,0,burst_trial-0.1,burst_trial,0.1,2,16.684000000000196,2,900,1,,,,2,1,2,1,2,1,2,1,True,1,1,0,1,1,0,burst,True
s05-r0-burst_trial-0.1,5,0,burst_trial-0.1,burst_trial,0.1,3,24.49200000000019,1,900,1,,,,2,1,1,1,1,1,1,1,True,0,1,1,1,1,0,burst,True
s05-r0-burst_trial-0.1,5,0,burst_trial-0.1,burst_trial,0.1,4,32.52399999999989,2,900,1,,,,2,1,2,1,1,1,2,1,True,1,1,0,0,1,1,burst,True
s05-r0-burst_trial-0.1,5,0,burst_trial-0.1,burst_trial,0.1,5,40.96799999999985,1,900,1,,,,2,1,2,1,1,1,1,1,True,0,0,0,1,1,0,burst,True
s05-r0-burst_trial-0.1,5,0,burst_trial-0.1,burst_trial,0.1,6,48.63599999999997,2,900,1,,,,2,1,2,1,1,1,1,1,True,1,1,0,0,0,0,burst,True
s05-r0-burst_trial-0.1,5,0,burst_trial-0.1,burst_trial,0.1,7,64.55999999999995,2,900,1,,,,2,1,1,1,2,1,2,1,True,1,0,1,1,1,0,burst,True
s05-r0-burst_trial-0.1,5,0,burst_trial-0.1,burst_trial,0.1,8,80.17599999999993,1,900,1,,,,2,1,2,1,1,1,1,1,True,0,0,0,1,1,0,burst,True
s05-r0-burst_trial-0.1,5,0,burst_trial-0.1,burst_trial,0.1,9,95.64400000000025,2,900,1,,,,2,1,2,1,1,1,1,1,True,1,1,0,0,0,0,burst,True
s05-r0-burst_trial-0.1,5,0,burst_trial-0.1,burst_trial,0.1,10,103.42000000000009,1,900,1,,,,2,1,2,1,2,1,2,1,True,0,0,0,0,0,0,burst,True
s05-r0-burst_trial-0.1,5,0,burst_trial-0.1,burst_trial,0.1,11,152.4720000000002,1,900,1,,,,2,1,1,1,2,1,2,1,True,0,1,1,0,0,0,burst,True
s05-r0-burst_trial-0.1,5,0,burst_trial-0.1,burst_trial,0.1,12,169.07200000000012,2,900,1,,,,1,1,2,1,2,1,2,1,True,0,1,1,1,1,0,burst,True
s05-r0-burst_trial-0.1,5,0,burst_trial-0.1,burst_trial,0.1,13,176.7199999999998,1,900,1,,,,2,1,2,1,2,1,1,1,True,0,0,0,0,1,1,burst,True
s05-r0-burst_trial-0.1,5,0,burst_trial-0.1,burst_trial,0.1,14,184.84400000000005,1,900,1,,,,2,1,2,1,2,1,2,1,True,0,0,0,0,0,0,burst,True
s05-r0-burst_trial-0.1,5,0,burst_trial-0.1,burst_trial,0.1,15,208.91600000000017,1,900,1,,,,2,1,2,1,1,1,1,1,True,0,0,0,1,1,0,burst,True
s05-r0-burst_trial-0.1,5,0,burst_trial-0.1,burst_trial,0.1,16,241.2199999999998,1,900,1,,,,2,1,2,1,2,1,2,1,True,0,0,0,0,0,0,burst,True
s05-r0-burst_trial-0.1,5,0,burst_trial-0.1,burst_trial,0.1,17,249.6480000000001,2,900,1,,,,2,1,2,1,1,1,1,1,True,1,1,0,0,0,0,burst,True
s05-r0-burst_trial-0.1,5,0,burst_trial-0.1,burst_trial,0.1,18,258.0160000000001,1,900,1,,,,2,1,1,1,1,1,1,1,True,0,1,1,1,1,0,burst,True
s05-r0-burst_trial-0.1,5,0,burst_trial-0.1,burst_trial,0.1,19,266.3800000000001,2,900,1,,,,2,1,1,1,2,1,2,1,True,1,0,1,1,1,0,burst,True
s05-r0-burst_trial-0.1,5,0,burst_trial-0.1,burst_trial,0.1,20,274.55200000000013,2,900,1,,,,2,1,2,1,2,1,2,1,True,1,1,0,1,1,0,burst,True
s05-r0-burst_trial-0.1,5,0,burst_trial-0.1,burst_trial,0.1,21,282.808,1,900,1,,,,1,1,1,1,1,1,1,1,True,1,1,0,1,1,0,burst,True
s05-r0-burst_trial-0.1,5,0,burst_trial-0.1,burst_trial,0.1,22,290.8879999999999,2,900,1,,,,2,1,2,1,1,1,1,1,True,1,1,0,0,0,0,burst,True
s05-r0-burst_trial-0.1,5,0,burst_trial-0.1,burst_trial,0.1,23,306.62800000000016,2,900,1,,,,2,1,2,1,2,1,2,1,True,1,1,0,1,1,0,burst,True
s05-r0-burst_trial-0.25,5,0,burst_trial-0.25,burst_trial,0.25,0,1.0,1,750,1,,,,1,1,1,1,1,1,1,1,True,1,1,0,1,1,0,burst,True
s05-r0-burst_trial-0.25,5,0,burst_trial-0.25,burst_trial,0.25,1,9.012000000000173,2,750,1,,,,1,1,2,1,2,1,2,1,True,0,1,1,1,1,0,burst,True
s05-r0-burst_trial-0.25,5,0,burst_trial-0.25,burst_trial,0.25,2,16.684000000000196,2,750,1,,,,1,1,2,1,1,1,2,1,True,0,1,1,0,1,1,burst,True
s05-r0-burst_trial-0.25,5,0,burst_trial-0.25,burst_trial,0.25,3,24.49200000000019,1,750,1,,,,2,1,1,1,1,1,1,1,True,0,1,1,1,1,0,burst,True
s05-r0-burst_trial-0.25,5,0,burst_trial-0.25,burst_trial,0.25,4,32.52399999999989,2,750,1,,,,2,1,2,1,1,1,2,1,True,1,1,0,0,1,1,burst,True
s05-r0-burst_trial-0.25,5,0,burst_trial-0.25,burst_trial,0.25,5,40.96799999999985,1,750,1,,,,2,1,2,1,1,1,1,1,True,0,0,0,1,1,0,burst,True
s05-r0-burst_trial-0.25,5,0,burst_trial-0.25,burst_trial,0.25,6,48.63599999999997,2,750,1,,,,2,1,2,1,1,1,1,1,True,1,1,0,0,0,0,burst,True
s05-r0-burst_trial-0.25,5,0,burst_trial-0.25,burst_trial,0.25,7,64.55999999999995,2,750,1,,,,1,1,1,1,2,1,2,1,True,0,0,0,1,1,0,burst,True
s05-r0-burst_trial-0.25,5,0,burst_trial-0.25,burst_trial,0.25,8,80.17599999999993,1,750,1,,,,2,1,2,1,1,1,1,1,True,0,0,0,1,1,0,burst,True
s05-r0-burst_trial-0.25,5,0,burst_trial-0.25,burst_trial,0.25,9,95.64400000000025,2,750,1,,,,2,1,2,1,1,1,1,1,True,1,1,0,0,0,0,burst,True
s05-r0-burst_trial-0.25,5,0,burst_trial-0.25,burst_trial,0.25,10,103.42000000000009,1,750,1,,,,2,1,2,1,1,1,2,1,True,0,0,0,1,0,1,burst,True
s05-r0-burst_trial-0.25,5,0,burst_trial-0.25,burst_trial,0.25,11,152.4720000000002,1,750,1,,,,1,1,1,1,1,1,2,1,True,1,1,0,1,0,1,burst,True
s05-r0-burst_trial-0.25,5,0,burst_trial-0.25,burst_trial,0.25,12,169.07200000000012,2,750,1,,,,1,1,2,1,2,1,2,1,True,0,1,1,1,1,0,burst,True
s05-r0-burst_trial-0.25,5,0,burst_trial-0.25,burst_trial,0.25,13,176.7199999999998,1,750,1,,,,2,1,2,1,2,1,1,1,True,0,0,0,0,1,1,burst,True
s05-r0-burst_trial-0.25,5,0,burst_trial-0.25,burst_trial,0.25,14,184.84400000000005,1,750,1,,,,2,1,2,1,1,1,2,1,True,0,0,0,1,0,1,burst,True
s05-r0-burst_trial-0.25,5,0,burst_trial-0.25,burst_trial,0.25,15,208.91600000000017,1,750,1,,,,2,1,2,1,1,1,1,1,True,0,0,0,1,1,0,burst,True
s05-r0-burst_trial-0.25,5,0,burst_trial-0.25,burst_trial,0.25,16,241.2199999999998,1,750,1,,,,1,1,2,1,1,1,2,1,True,1,0,1,1,0,1,burst,True
s05-r0-burst_trial-0.25,5,0,burst_trial-0.25,burst_trial,0.25,17,249.6480000000001,2,750,1,,,,2,1,2,1,1,1,1,1,True,1,1,0,0,0,0,burst,True
s05-r0-burst_trial-0.25,5,0,burst_trial-0.25,burst_trial,0.25,18,258.0160000000001,1,750,1,,,,2,1,1,1,1,1,1,1,True,0,1,1,1,1,0,burst,True
s05-r0-burst_trial-0.25,5,0,burst_trial-0.25,burst_trial,0.25,19,266.3800000000001,2,750,1,,,,1,1,1,1,2,1,2,1,True,0,0,0,1,1,0,burst,True
s05-r0-burst_trial-0.25,5,0,burst_trial-0.25,burst_trial,0.25,20,274.55200000000013,2,750,1,,,,2,1,2,1,2,1,2,1,True,1,1,0,1,1,0,burst,True
s05-r0-burst_trial-0.25,5,0,burst_trial-0.25,burst_trial,0.25,21,282.808,1,750,1,,,,2,1,1,1,1,1,1,1,True,0,1,1,1,1,0,burst,True
s05-r0-burst_trial-0.25,5,0,burst_trial-0.25,burst_trial,0.25,22,290.8879999999999,2,750,1,,,,2,1,2,1,1,1,1,1,True,1,1,0,0,0,0,burst,True
s05-r0-burst_trial-0.25,5,0,burst_trial-0.25,burst_trial,0.25,23,306.62800000000016,2,750,1,,,,2,1,2,1,2,1,2,1,True,1,1,0,1,1,0,burst,True
s05-r0-burst_trial-0.4,5,0,burst_trial-0.4,burst_trial,0.4,0,1.0,1,600,1,,,,1,1,1,1,1,1,1,1,True,1,1,0,1,1,0,burst,True
s05-r0-burst_trial-0.4,5,0,burst_trial-0.4,burst_trial,0.4,1,9.012000000000173,2,600,1,,,,1,1,2,1,2,1,2,1,True,0,1,1,1,1,0,burst,True
s05-r0-burst_trial-0.4,5,0,burst_trial-0.4,burst_trial,0.4,2,16.684000000000196,2,600,1,,,,2,1,2,1,1,1,2,1,True,1,1,0,0,1,1,burst,True
s05-r0-burst_trial-0.4,5,0,burst_trial-0.4,burst_trial,0.4,3,24.49200000000019,1,600,1,,,,1,1,1,1,1,1,1,1,True,1,1,0,1,1,0,burst,True
s05-r0-burst_trial-0.4,5,0,burst_trial-0.4,burst_trial,0.4,4,32.52399999999989,2,600,1,,,,2,1,2,1,1,1,2,1,True,1,1,0,0,1,1,burst,True
s05-r0-burst_trial-0.4,5,0,burst_trial-0.4,burst_trial,0.4,5,40.96799999999985,1,600,1,,,,2,1,2,1,1,1,1,1,True,0,0,0,1,1,0,burst,True
s05-r0-burst_trial-0.4,5,0,burst_trial-0.4,burst_trial,0.4,6,48.63599999999997,2,600,1,,,,2,1,2,1,1,1,1,1,True,1,1,0,0,0,0,burst,True
s05-r0-burst_trial-0.4,5,0,burst_trial-0.4,burst_trial,0.4,7,64.55999999999995,2,600,1,,,,1,1,1,1,1,1,2,1,True,0,0,0,0,1,1,burst,True
s05-r0-burst_trial-0.4,5,0,burst_trial-0.4,burst_trial,0.4,8,80.17599999999993,1,600,1,,,,2,1,2,1,1,1,1,1,True,0,0,0,1,1,0,burst,True
s05-r0-burst_trial-0.4,5,0,burst_trial-0.4,burst_trial,0.4,9,95.64399999999978,2,600,1,,,,2,1,2,1,2,1,1,1,True,1,1,0,1,0,1,burst,True
s05-r0-burst_trial-0.4,5,0,burst_trial-0.4,burst_trial,0.4,10,103.42000000000009,1,600,1,,,,2,1,2,1,1,1,2,1,True,0,0,0,1,0,1,burst,True
s05-r0-burst_trial-0.4,5,0,burst_trial-0.4,burst_trial,0.4,11,152.4720000000002,1,600,1,,,,2,1,1,1,1,1,2,1,True,0,1,1,1,0,1,burst,True
s05-r0-burst_trial-0.4,5,0,burst_trial-0.4,burst_trial,0.4,12,169.07200000000012,2,600,1,,,,2,1,2,1,2,1,2,1,True,1,1,0,1,1,0,burst,True
s05-r0-burst_trial-0.4,5,0,burst_trial-0.4,burst_trial,0.4,13,176.7199999999998,1,600,1,,,,2,1,2,1,1,1,1,1,True,0,0,0,1,1,0,burst,True
s05-r0-burst_trial-0.4,5,0,burst_trial-0.4,burst_trial,0.4,14,184.84400000000005,1,600,1,,,,2,1,2,1,1,1,2,1,True,0,0,0,1,0,1,burst,True
s05-r0-burst_trial-0.4,5,0,burst_trial-0.4,burst_trial,0.4,15,208.91600000000017,1,600,1,,,,2,1,2,1,1,1,1,1,True,0,0,0,1,1,0,burst,True
s05-r0-burst_trial-0.4,5,0,burst_trial-0.4,burst_trial,0.4,16,241.2199999999998,1,600,1,,,,1,1,2,1,2,1,2,1,True,1,0,1,0,0,0,burst,True
s05-r0-burst_trial-0.4,5,0,burst_trial-0.4,burst_trial,0.4,17,249.6480000000001,2,600,1,,,,2,1,2,1,1,1,1,1,True,1,1,0,0,0,0,burst,True
s05-r0-burst_trial-0.4,5,0,burst_trial-0.4,burst_trial,0.4,18,258.0160000000001,1,600,1,,,,1,1,1,1,1,1,1,1,True,1,1,0,1,1,0,burst,True
s05-r0-burst_trial-0.4,5,0,burst_trial-0.4,burst_trial,0.4,19,266.3800000000001,2,600,1,,,,2,1,1,1,1,1,2,1,True,1,0,1,0,1,1,burst,True
s05-r0-burst_trial-0.4,5,0,burst_trial-0.4,burst_trial,0.4,20,274.55200000000013,2,600,1,,,,2,1,2,1,2,1,2,1,True,1,1,0,1,1,0,burst,True
s05-r0-burst_trial-0.4,5,0,burst_trial-0.4,burst_trial,0.4,21,282.808,1,600,1,,,,1,1,1,1,1,1,1,1,True,1,1,0,1,1,0,burst,True
s05-r0-burst_trial-0.4,5,0,burst_trial-0.4,burst_trial,0.4,22,290.8879999999999,2,600,1,,,,2,1,2,1,1,1,1,1,True,1,1,0,0,0,0,burst,True
s05-r0-burst_trial-0.4,5,0,burst_trial-0.4,burst_trial,0.4,23,306.62800000000016,2,600,1,,,,2,1,2,1,1,1,2,1,True,1,1,0,0,1,1,burst,True
s05-r1-burst_trial-0.1,5,1,burst_trial-0.1,burst_trial,0.1,0,16.683999999999287,2,900,1,,,,2,1,2,1,1,1,2,1,True,1,1,0,0,1,1,burst,True
s05-r1-burst_trial-0.1,5,1,burst_trial-0.1,burst_trial,0.1,1,24.49200000000019,1,900,1,,,,1,1,1,1,2,1,1,1,True,1,1,0,0,1,1,burst,True
s05-r1-burst_trial-0.1,5,1,burst_trial-0.1,burst_trial,0.1,2,32.52399999999943,1,900,1,,,,2,1,2,1,1,1,1,1,True,0,0,0,1,1,0,burst,True
s05-r1-burst_trial-0.1,5,1,burst_trial-0.1,burst_trial,0.1,3,40.96800000000076,2,900,1,,,,2,1,2,1,2,1,2,1,True,1,1,0,1,1,0,burst,True
s05-r1-burst_trial-0.1,5,1,burst_trial-0.1,burst_trial,0.1,4,64.55999999999949,2,900,1,,,,1,1,1,1,2,1,1,1,True,0,0,0,1,0,1,burst,True
s05-r1-burst_trial-0.1,5,1,burst_trial-0.1,burst_trial,0.1,5,80.17599999999948,1,900,1,,,,1,1,1,1,2,1,1,1,True,1,1,0,0,1,1,burst,True
s05-r1-burst_trial-0.1,5,1,burst_trial-0.1,burst_trial,0.1,6,87.7559999999994,1,900,1,,,,2,1,2,1,1,1,1,1,True,0,0,0,1,1,0,burst,True
s05-r1-burst_trial-0.1,5,1,burst_trial-0.1,burst_trial,0.1,7,95.64400000000025,1,900,1,,,,1,1,1,1,1,1,1,1,True,1,1,0,1,1,0,burst,True
s05-r1-burst_trial-0.1,5,1,burst_trial-0.1,burst_trial,0.1,8,111.28800000000048,2,900,1,,,,2,1,2,1,2,1,1,1,True,1,1,0,1,0,1,burst,True
s05-r1-burst_trial-0.1,5,1,burst_trial-0.1,burst_trial,0.1,9,119.76800000000004,2,900,1,,,,2,1,2,1,1,1,1,1,True,1,1,0,0,0,0,burst,True
s05-r1-burst_trial-0.1,5,1,burst_trial-0.1,burst_trial,0.1,10,127.79999999999929,1,900,1,,,,2,1,1,1,2,1,2,1,True,0,1,1,0,0,0,burst,True
s05-r1-burst_trial-0.1,5,1,burst_trial-0.1,burst_trial,0.1,11,136.0640000000003,1,900,1,,,,2,1,2,1,1,1,1,1,True,0,0,0,1,1,0,burst,True
s05-r1-burst_trial-0.1,5,1,burst_trial-0.1,burst_trial,0.1,12,152.47199999999975,1,900,1,,,,2,1,2,1,2,1,2,1,True,0,0,0,0,0,0,burst,True
s05-r1-burst_trial-0.1,5,1,burst_trial-0.1,burst_trial,0.1,13,160.7520000000004,2,900,1,,,,2,1,2,1,1,1,1,1,True,1,1,0,0,0,0,burst,True
s05-r1-burst_trial-0.1,5,1,burst_trial-0.1,burst_trial,0.1,14,192.6560000000009,1,900,1,,,,1,1,1,1,2,1,2,1,True,1,1,0,0,0,0,burst,True
s05-r1-burst_trial-0.1,5,1,burst_trial-0.1,burst_trial,0.1,15,216.9320000000007,2,900,1,,,,2,1,2,1,2,1,2,1,True,1,1,0,1,1,0,burst,True
s05-r1-burst_trial-0.1,5,1,burst_trial-0.1,burst_trial,0.1,16,241.21999999999932,2,900,1,,,,2,1,1,1,1,1,2,1,True,1,0,1,0,1,1,burst,True
s05-r1-burst_trial-0.1,5,1,burst_trial-0.1,burst_trial,0.1,17,249.64799999999923,1,900,1,,,,2,1,2,1,1,1,2,1,True,0,0,0,1,0,1,burst,True
s05-r1-burst_trial-0.1,5,1,burst_trial-0.1,burst_trial,0.1,18,258.0159999999996,2,900,1,,,,2,1,2,1,2,1,2,1,True,1,1,0,1,1,0,burst,True
s05-r1-burst_trial-0.1,5,1,burst_trial-0.1,burst_trial,0.1,19,306.6280000000006,1,900,1,,,,2,1,2,1,2,1,2,1,True,0,0,0,0,0,0,burst,True
s05-r1-burst_trial-0.1,5,1,burst_trial-0.1,burst_trial,0.1,20,322.65200000000004,2,900,1,,,,2,1,2,1,1,1,2,1,True,1,1,0,0,1,1,burst,True
s05-r1-burst_trial-0.1,5,1,burst_trial-0.1,burst_trial,0.1,21,338.52399999999943,2,900,1,,,,2,1,2,1,2,1,2,1,True,1,1,0,1,1,0,burst,True
s05-r1-burst_trial-0.1,5,1,burst_trial-0.1,burst_trial,0.1,22,362.3359999999993,2,900,1,,,,1,1,1,1,2,1,2,1,True,0,0,0,1,1,0,burst,True
s05-r1-burst_trial-0.1,5,1,burst_trial-0.1,burst_trial,0.1,23,379.02800000000025,1,900,1,,,,2,1,2,1,2,1,2,1,True,0,0,0,0,0,0,burst,True
s05-r1-burst_trial-0.25,5,1,burst_trial-0.25,burst_trial,0.25,0,16.683999999999287,2,750,1,,,,2,1,2,1,1,1,2,1,True,1,1,0,0,1,1,burst,True
s05-r1-burst_trial-0.25,5,1,burst_trial-0.25,burst_trial,0.25,1,24.49200000000019,1,750,1,,,,1,1,1,1,1,1,1,1,True,1,1,0,1,1,0,burst,True
s05-r1-burst_trial-0.25,5,1,burst_trial-0.25,burst_trial,0.25,2,32.52399999999943,1,750,1,,,,2,1,2,1,1,1,1,1,True,0,0,0,1,1,0,burst,True
s05-r1-burst_trial-0.25,5,1,burst_trial-0.25,burst_trial,0.25,3,40.96800000000076,2,750,1,,,,2,1,2,1,2,1,2,1,True,1,1,0,1,1,0,burst,True
s05-r1-burst_trial-0.25,5,1,burst_trial-0.25,burst_trial,0.25,4,64.55999999999949,2,750,1,,,,2,1,1,1,1,1,1,1,True,1,0,1,0,0,0,burst,True
s05-r1-burst_trial-0.25,5,1,burst_trial-0.25,burst_trial,0.25,5,80.17599999999948,1,750,1,,,,1,1,1,1,1,1,1,1,True,1,1,0,1,1,0,burst,True
s05-r1-burst_trial-0.25,5,1,burst_trial-0.25,burst_trial,0.25,6,87.7559999999994,1,750,1,,,,1,1,2,1,1,1,1,1,True,1,0,1,1,1,0,burst,True
s05-r1-burst_trial-0.25,5,1,burst_trial-0.25,burst_trial,0.25,7,95.64400000000025,1,750,1,,,,1,1,1,1,1,1,1,1,True,1,1,0,1,1,0,burst,True
s05-r1-burst_trial-0.25,5,1,burst_trial-0.25,burst_trial,0.25,8,111.28800000000048,2,750,1,,,,2,1,2,1,1,1,1,1,True,1,1,0,0,0,0,burst,True
s05-r1-burst_trial-0.25,5,1,burst_trial-0.25,burst_trial,0.25,9,119.76800000000004,2,750,1,,,,2,1,2,1,1,1,1,1,True,1,1,0,0,0,0,burst,True
s05-r1-burst_trial-0.25,5,1,burst_trial-0.25,burst_trial,0.25,10,127.79999999999929,1,750,1,,,,2,1,1,1,1,1,2,1,True,0,1,1,1,0,1,burst,True
s05-r1-burst_trial-0.25,5,1,burst_trial-0.25,burst_trial,0.25,11,136.0640000000003,1,750,1,,,,2,1,2,1,1,1,1,1,True,0,0,0,1,1,0,burst,True
s05-r1-burst_trial-0.25,5,1,burst_trial-0.25,burst_trial,0.25,12,152.47199999999975,1,750,1,,,,2,1,2,1,2,1,2,1,True,0,0,0,0,0,0,burst,True
s05-r1-burst_trial-0.25,5,1,burst_trial-0.25,burst_trial,0.25,13,160.7520000000004,2,750,1,,,,2,1,2,1,1,1,1,1,True,1,1,0,0,0,0,burst,True
s05-r1-burst_trial-0.25,5,1,burst_trial-0.25,burst_trial,0.25,14,192.6560000000009,1,750,1,,,,1,1,1,1,1,1,2,1,True,1,1,0,1,0,1,burst,True
s05-r1-burst_trial-0.25,5,1,burst_trial-0.25,burst_trial,0.25,15,216.9320000000007,2,750,1,,,,2,1,2,1,1,1,2,1,True,1,1,0,0,1,1,burst,True
s05-r1-burst_trial-0.25,5,1,burst_trial-0.25,burst_trial,0.25,16,241.21999999999932,2,750,1,,,,2,1,1,1,1,1,2,1,True,1,0,1,0,1,1,burst,True
s05-r1-burst_trial-0.25,5,1,burst_trial-0.25,burst_trial,0.25,17,249.64799999999923,1,750,1,,,,2,1,2,1,1,1,2,1,True,0,0,0,1,0,1,burst,True
s05-r1-burst_trial-0.25,5,1,burst_trial-0.25,burst_trial,0.25,18,258.0159999999996,2,750,1,,,,2,1,2,1,1,1,2,1,True,1,1,0,0,1,1,burst,True
s05-r1-burst_trial-0.25,5,1,burst_trial-0.25,burst_trial,0.25,19,306.6280000000006,1,750,1,,,,2,1,2,1,1,1,2,1,True,0,0,0,1,0,1,burst,True
s05-r1-burst_trial-0.25,5,1,burst_trial-0.25,burst_trial,0.25,20,322.65200000000004,2,750,1,,,,2,1,2,1,1,1,2,1,True,1,1,0,0,1,1,burst,True
s05-r1-burst_trial-0.25,5,1,burst_trial-0.25,burst_trial,0.25,21,338.52399999999943,2,750,1,,,,2,1,2,1,2,1,2,1,True,1,1,0,1,1,0,burst,True
s05-r1-burst_trial-0.25,5,1,burst_trial-0.25,burst_trial,0.25,22,362.3359999999993,2,750,1,,,,1,1,1,1,1,1,2,1,True,0,0,0,0,1,1,burst,True
s05-r1-burst_trial-0.25,5,1,burst_trial-0.25,burst_trial,0.25,23,379.02800000000025,1,750,1,,,,2,1,2,1,2,1,2,1,True,0,0,0,0,0,0,burst,True
s05-r1-burst_trial-0.4,5,1,burst_trial-0.4,burst_trial,0.4,0,16.683999999999287,2,600,1,,,,1,1,2,1,1,1,2,1,True,0,1,1,0,1,1,burst,True
s05-r1-burst_trial-0.4,5,1,burst_trial-0.4,burst_trial,0.4,1,24.49200000000019,1,600,1,,,,2,1,1,1,1,1,1,1,True,0,1,1,1,1,0,burst,True
s05-r1-burst_trial-0.4,5,1,burst_trial-0.4,burst_trial,0.4,2,32.52399999999943,1,600,1,,,,2,1,2,1,1,1,1,1,True,0,0,0,1,1,0,burst,True
s05-r1-burst_trial-0.4,5,1,burst_trial-0.4,burst_trial,0.4,3,40.96800000000076,2,600,1,,,,2,1,2,1,2,1,2,1,True,1,1,0,1,1,0,burst,True
s05-r1-burst_trial-0.4,5,1,burst_trial-0.4,burst_trial,0.4,4,64.55999999999949,2,600,1,,,,1,1,1,1,1,1,1,1,True,0,0,0,0,0,0,burst,True
s05-r1-burst_trial-0.4,5,1,burst_trial-0.4,burst_trial,0.4,5,80.17599999999948,1,600,1,,,,1,1,1,1,1,1,1,1,True,1,1,0,1,1,0,burst,True
s05-r1-burst_trial-0.4,5,1,burst_trial-0.4,burst_trial,0.4,6,87.7559999999994,1,600,1,,,,2,1,2,1,1,1,1,1,True,0,0,0,1,1,0,burst,True
s05-r1-burst_trial-0.4,5,1,burst_trial-0.4,burst_trial,0.4,7,95.64400000000025,1,600,1,,,,1,1,1,1,1,1,1,1,True,1,1,0,1,1,0,burst,True
s05-r1-burst_trial-0.4,5,1,burst_trial-0.4,burst_trial,0.4,8,111.28800000000048,2,600,1,,,,2,1,2,1,2,1,1,1,True,1,1,0,1,0,1,burst,True
s05-r1-burst_trial-0.4,5,1,burst_trial-0.4,burst_trial,0.4,9,119.76800000000004,2,600,1,,,,2,1,2,1,1,1,1,1,True,1,1,0,0,0,0,burst,True
s05-r1-burst_trial-0.4,5,1,burst_trial-0.4,burst_trial,0.4,10,127.79999999999929,1,600,1,,,,1,1,1,1,1,1,2,1,True,1,1,0,1,0,1,burst,True
s05-r1-burst_trial-0.4,5,1,burst_trial-0.4,burst_trial,0.4,11,136.0640000000003,1,600,1,,,,2,1,2,1,1,1,1,1,True,0,0,0,1,1,0,burst,True
s05-r1-burst_trial-0.4,5,1,burst_trial-0.4,burst_trial,0.4,12,152.47199999999975,1,600,1,,,,2,1,2,1,2,1,2,1,True,0,0,0,0,0,0,burst,True
s05-r1-burst_trial-0.4,5,1,burst_trial-0.4,burst_trial,0.4,13,160.7520000000004,2,600,1,,,,2,1,2,1,1,1,1,1,True,1,1,0,0,0,0,burst,True
s05-r1-burst_trial-0.4,5,1,burst_trial-0.4,burst_trial,0.4,14,192.6560000000009,1,600,1,,,,1,1,1,1,1,1,2,1,True,1,1,0,1,0,1,burst,True
s05-r1-burst_trial-0.4,5,1,burst_trial-0.4,burst_trial,0.4,15,216.9320000000007,2,600,1,,,,2,1,2,1,1,1,2,1,True,1,1,0,0,1,1,burst,True
s05-r1-burst_trial-0.4,5,1,burst_trial-0.4,burst_trial,0.4,16,241.21999999999932,2,600,1,,,,1,1,1,1,1,1,2,1,True,0,0,0,0,1,1,burst,True
s05-r1-burst_trial-0.4,5,1,burst_trial-0.4,burst_trial,0.4,17,249.64799999999923,1,600,1,,,,2,1,2,1,1,1,2,1,True,0,0,0,1,0,1,burst,True
s05-r1-burst_trial-0.4,5,1,burst_trial-0.4,burst_trial,0.4,18,258.0159999999996,2,600,1,,,,2,1,2,1,1,1,2,1,True,1,1,0,0,1,1,burst,True
s05-r1-burst_trial-0.4,5,1,burst_trial-0.4,burst_trial,0.4,19,306.6280000000006,1,600,1,,,,2,1,2,1,1,1,2,1,True,0,0,0,1,0,1,burst,True
s05-r1-burst_trial-0.4,5,1,burst_trial-0.4,burst_trial,0.4,20,322.65200000000004,2,600,1,,,,2,1,2,1,1,1,2,1,True,1,1,0,0,1,1,burst,True
s05-r1-burst_trial-0.4,5,1,burst_trial-0.4,burst_trial,0.4,21,338.52399999999943,2,600,1,,,,2,1,2,1,2,1,2,1,True,1,1,0,1,1,0,burst,True
s05-r1-burst_trial-0.4,5,1,burst_trial-0.4,burst_trial,0.4,22,362.3359999999993,2,600,1,,,,1,1,1,1,1,1,2,1,True,0,0,0,0,1,1,burst,True
s05-r1-burst_trial-0.4,5,1,burst_trial-0.4,burst_trial,0.4,23,379.02800000000025,1,600,1,,,,2,1,2,1,1,1,2,1,True,0,0,0,1,0,1,burst,True
s05-r2-burst_trial-0.1,5,2,burst_trial-0.1,burst_trial,0.1,0,1.0,1,900,1,,,,1,1,1,1,2,1,2,1,True,1,1,0,0,0,0,burst,True
s05-r2-burst_trial-0.1,5,2,burst_trial-0.1,burst_trial,0.1,1,9.012000000000626,1,900,1,,,,2,1,1,1,2,1,1,1,True,0,1,1,0,1,1,burst,True
s05-r2-burst_trial-0.1,5,2,burst_trial-0.1,burst_trial,0.1,2,24.49200000000019,2,900,1,,,,2,1,2,1,1,1,1,1,True,1,1,0,0,0,0,burst,True
s05-r2-burst_trial-0.1,5,2,burst_trial-0.1,burst_trial,0.1,3,32.52399999999943,1,900,1,,,,2,1,2,1,2,1,2,1,True,0,0,0,0,0,0,burst,True
s05-r2-burst_trial-0.1,5,2,burst_trial-0.1,burst_trial,0.1,4,48.63600000000042,1,900,1,,,,2,1,2,1,2,1,2,1,True,0,0,0,0,0,0,burst,True
s05-r2-burst_trial-0.1,5,2,burst_trial-0.1,burst_trial,0.1,5,64.55999999999949,2,900,1,,,,2,1,2,1,1,1,1,1,True,1,1,0,0,0,0,burst,True
s05-r2-burst_trial-0.1,5,2,burst_trial-0.1,burst_trial,0.1,6,80.17599999999948,1,900,1,,,,1,1,1,1,1,1,1,1,True,1,1,0,1,1,0,burst,True
s05-r2-burst_trial-0.1,5,2,burst_trial-0.1,burst_trial,0.1,7,103.42000000000009,1,900,1,,,,2,1,2,1,1,1,1,1,True,0,0,0,1,1,0,burst,True
s05-r2-burst_trial-0.1,5,2,burst_trial-0.1,burst_trial,0.1,8,119.76800000000004,2,900,1,,,,2,1,2,1,2,1,2,1,True,1,1,0,1,1,0,burst,True
s05-r2-burst_trial-0.1,5,2,burst_trial-0.1,burst_trial,0.1,9,160.7520000000004,1,900,1,,,,2,1,2,1,1,1,2,1,True,0,0,0,1,0,1,burst,True
s05-r2-burst_trial-0.1,5,2,burst_trial-0.1,burst_trial,0.1,10,176.71999999999937,2,900,1,,,,2,1,2,1,1,1,1,1,True,1,1,0,0,0,0,burst,True
s05-r2-burst_trial-0.1,5,2,burst_trial-0.1,burst_trial,0.1,11,192.6560000000009,2,900,1,,,,2,1,2,1,2,1,2,1,True,1,1,0,1,1,0,burst,True
s05-r2-burst_trial-0.1,5,2,burst_trial-0.1,burst_trial,0.1,12,200.5,1,900,1,,,,2,1,2,1,1,1,2,1,True,0,0,0,1,0,1,burst,True
s05-r2-burst_trial-0.1,5,2,burst_trial-0.1,burst_trial,0.1,13,216.9320000000007,2,900,1,,,,2,1,2,1,2,1,2,1,True,1,1,0,1,1,0,burst,True
s05-r2-burst_trial-0.1,5,2,burst_trial-0.1,burst_trial,0.1,14,224.83200000000036,1,900,1,,,,2,1,2,1,2,1,1,1,True,0,0,0,0,1,1,burst,True
s05-r2-burst_trial-0.1,5,2,burst_trial-0.1,burst_trial,0.1,15,249.64799999999923,1,900,1,,,,2,1,2,1,1,1,1,1,True,0,0,0,1,1,0,burst,True
s05-r2-burst_trial-0.1,5,2,burst_trial-0.1,burst_trial,0.1,16,282.8079999999991,2,900,1,,,,2,1,2,1,1,1,1,1,True,1,1,0,0,0,0,burst,True
s05-r2-burst_trial-0.1,5,2,burst_trial-0.1,burst_trial,0.1,17,290.88800000000083,1,900,1,,,,2,1,2,1,1,1,1,1,True,0,0,0,1,1,0,burst,True
s05-r2-burst_trial-0.1,5,2,burst_trial-0.1,burst_trial,0.1,18,298.77599999999984,2,900,1,,,,2,1,2,1,2,1,2,1,True,1,1,0,1,1,0,burst,True
s05-r2-burst_trial-0.1,5,2,burst_trial-0.1,burst_trial,0.1,19,314.3279999999995,2,900,1,,,,2,1,2,1,2,1,2,1,True,1,1,0,1,1,0,burst,True
s05-r2-burst_trial-0.1,5,2,burst_trial-0.1,burst_trial,0.1,20,338.52399999999943,2,900,1,,,,2,1,2,1,1,1,1,1,True,1,1,0,0,0,0,burst,True
s05-r2-burst_trial-0.1,5,2,burst_trial-0.1,burst_trial,0.1,21,347.0,2,900,1,,,,2,1,2,1,1,1,1,1,True,1,1,0,0,0,0,burst,True
s05-r2-burst_trial-0.1,5,2,burst_trial-0.1,burst_trial,0.1,22,354.6239999999998,2,900,1,,,,2,1,2,1,2,1,2,1,True,1,1,0,1,1,0,burst,True
s05-r2-burst_trial-0.1,5,2,burst_trial-0.1,burst_trial,0.1,23,379.02800000000025,1,900,1,,,,2,1,2,1,1,1,1,1,True,0,0,0,1,1,0,burst,True
s05-r2-burst_trial-0.25,5,2,burst_trial-0.25,burst_trial,0.25,0,1.0,1,750,1,,,,2,1,1,1,2,1,2,1,True,0,1,1,0,0,0,burst,True
s05-r2-burst_trial-0.25,5,2,burst_trial-0.25,burst_trial,0.25,1,9.012000000000626,1,750,1,,,,1,1,1,1,1,1,1,1,True,1,1,0,1,1,0,burst,True
s05-r2-burst_trial-0.25,5,2,burst_trial-0.25,burst_trial,0.25,2,24.49200000000019,2,750,1,,,,2,1,2,1,1,1,1,1,True,1,1,0,0,0,0,burst,True
s05-r2-burst_trial-0.25,5,2,burst_trial-0.25,burst_trial,0.25,3,32.52399999999943,1,750,1,,,,2,1,2,1,2,1,2,1,True,0,0,0,0,0,0,burst,True
s05-r2-burst_trial-0.25,5,2,burst_trial-0.25,burst_trial,0.25,4,48.63600000000042,1,750,1,,,,2,1,2,1,1,1,2,1,True,0,0,0,1,0,1,burst,True
s05-r2-burst_trial-0.25,5,2,burst_trial-0.25,burst_trial,0.25,5,64.55999999999949,2,750,1,,,,2,1,2,1,1,1,1,1,True,1,1,0,0,0,0,burst,True
s05-r2-burst_trial-0.25,5,2,burst_trial-0.25,burst_trial,0.25,6,80.17599999999948,1,750,1,,,,2,1,1,1,1,1,1,1,True,0,1,1,1,1,0,burst,True
s05-r2-burst_trial-0.25,5,2,burst_trial-0.25,burst_trial,0.25,7,103.42000000000009,1,750,1,,,,2,1,2,1,1,1,1,1,True,0,0,0,1,1,0,burst,True
s05-r2-burst_trial-0.25,5,2,burst_trial-0.25,burst_trial,0.25,8,119.76800000000004,2,750,1,,,,1,1,2,1,2,1,2,1,True,0,1,1,1,1,0,burst,True
s05-r2-burst_trial-0.25,5,2,burst_trial-0.25,burst_trial,0.25,9,160.7520000000004,1,750,1,,,,2,1,2,1,2,1,2,1,True,0,0,0,0,0,0,burst,True
s05-r2-burst_trial-0.25,5,2,burst_trial-0.25,burst_trial,0.25,10,176.71999999999937,2,750,1,,,,1,1,2,1,1,1,1,1,True,0,1,1,0,0,0,burst,True
s05-r2-burst_trial-0.25,5,2,burst_trial-0.25,burst_trial,0.25,11,192.6560000000009,2,750,1,,,,2,1,2,1,1,1,2,1,True,1,1,0,0,1,1,burst,True
s05-r2-burst_trial-0.25,5,2,burst_trial-0.25,burst_trial,0.25,12,200.5,1,750,1,,,,2,1,2,1,2,1,2,1,True,0,0,0,0,0,0,burst,True
s05-r2-burst_trial-0.25,5,2,burst_trial-0.25,burst_trial,0.25,13,216.9320000000007,2,750,1,,,,2,1,2,1,2,1,2,1,True,1,1,0,1,1,0,burst,True
s05-r2-burst_trial-0.25,5,2,burst_trial-0.25,burst_trial,0.25,14,224.83200000000036,1,750,1,,,,2,1,2,1,1,1,1,1,True,0,0,0,1,1,0,burst,True
s05-r2-burst_trial-0.25,5,2,burst_trial-0.25,burst_trial,0.25,15,249.64799999999923,1,750,1,,,,2,1,2,1,1,1,1,1,True,0,0,0,1,1,0,burst,True
s05-r2-burst_trial-0.25,5,2,burst_trial-0.25,burst_trial,0.25,16,282.8079999999991,2,750,1,,,,2,1,2,1,2,1,1,1,True,1,1,0,1,0,1,burst,True
s05-r2-burst_trial-0.25,5,2,burst_trial-0.25,burst_trial,0.25,17,290.88800000000083,1,750,1,,,,2,1,2,1,1,1,1,1,True,0,0,0,1,1,0,burst,True
s05-r2-burst_trial-0.25,5,2,burst_trial-0.25,burst_trial,0.25,18,298.77599999999984,2,750,1,,,,2,1,2,1,1,1,2,1,True,1,1,0,0,1,1,burst,True
s05-r2-burst_trial-0.25,5,2,burst_trial-0.25,burst_trial,0.25,19,314.3279999999995,2,750,1,,,,2,1,2,1,1,1,2,1,True,1,1,0,0,1,1,burst,True
s05-r2-burst_trial-0.25,5,2,burst_trial-0.25,burst_trial,0.25,20,338.52399999999943,2,750,1,,,,2,1,2,1,1,1,1,1,True,1,1,0,0,0,0,burst,True
s05-r2-burst_trial-0.25,5,2,burst_trial-0.25,burst_trial,0.25,21,347.0,2,750,1,,,,2,1,2,1,1,1,1,1,True,1,1,0,0,0,0,burst,True
s05-r2-burst_trial-0.25,5,2,burst_trial-0.25,burst_trial,0.25,22,354.6239999999998,2,750,1,,,,2,1,2,1,2,1,2,1,True,1,1,0,1,1,0,burst,True
s05-r2-burst_trial-0.25,5,2,burst_trial-0.25,burst_trial,0.25,23,379.02800000000025,1,750,1,,,,2,1,2,1,1,1,1,1,True,0,0,0,1,1,0,burst,True
s05-r2-burst_trial-0.4,5,2,burst_trial-0.4,burst_trial,0.4,0,1.0,1,600,1,,,,1,1,1,1,2,1,2,1,True,1,1,0,0,0,0,burst,True
s05-r2-burst_trial-0.4,5,2,burst_trial-0.4,burst_trial,0.4,1,9.012000000000626,1,600,1,,,,2,1,1,1,2,1,1,1,True,0,1,1,0,1,1,burst,True
s05-r2-burst_trial-0.4,5,2,burst_trial-0.4,burst_trial,0.4,2,24.49200000000019,2,600,1,,,,2,1,2,1,1,1,1,1,True,1,1,0,0,0,0,burst,True
s05-r2-burst_trial-0.4,5,2,burst_trial-0.4,burst_trial,0.4,3,32.52399999999943,1,600,1,,,,2,1,2,1,1,1,2,1,True,0,0,0,1,0,1,burst,True
s05-r2-burst_trial-0.4,5,2,burst_trial-0.4,burst_trial,0.4,4,48.63600000000042,1,600,1,,,,1,1,2,1,1,1,2,1,True,1,0,1,1,0,1,burst,True
s05-r2-burst_trial-0.4,5,2,burst_trial-0.4,burst_trial,0.4,5,64.55999999999949,2,600,1,,,,2,1,2,1,1,1,1,1,True,1,1,0,0,0,0,burst,True
s05-r2-burst_trial-0.4,5,2,burst_trial-0.4,burst_trial,0.4,6,80.17599999999948,1,600,1,,,,1,1,1,1,1,1,1,1,True,1,1,0,1,1,0,burst,True
s05-r2-burst_trial-0.4,5,2,burst_trial-0.4,burst_trial,0.4,7,103.42000000000009,1,600,1,,,,2,1,2,1,1,1,1,1,True,0,0,0,1,1,0,burst,True
s05-r2-burst_trial-0.4,5,2,burst_trial-0.4,burst_trial,0.4,8,119.76800000000004,2,600,1,,,,2,1,2,1,2,1,2,1,True,1,1,0,1,1,0,burst,True
s05-r2-burst_trial-0.4,5,2,burst_trial-0.4,burst_trial,0.4,9,160.7520000000004,1,600,1,,,,2,1,2,1,1,1,2,1,True,0,0,0,1,0,1,burst,True
s05-r2-burst_trial-0.4,5,2,burst_trial-0.4,burst_trial,0.4,10,176.71999999999937,2,600,1,,,,2,1,2,1,1,1,1,1,True,1,1,0,0,0,0,burst,True
s05-r2-burst_trial-0.4,5,2,burst_trial-0.4,burst_trial,0.4,11,192.6560000000009,2,600,1,,,,2,1,2,1,1,1,2,1,True,1,1,0,0,1,1,burst,True
s05-r2-burst_trial-0.4,5,2,burst_trial-0.4,burst_trial,0.4,12,200.5,1,600,1,,,,2,1,2,1,1,1,2,1,True,0,0,0,1,0,1,burst,True
s05-r2-burst_trial-0.4,5,2,burst_trial-0.4,burst_trial,0.4,13,216.9320000000007,2,600,1,,,,2,1,2,1,1,1,2,1,True,1,1,0,0,1,1,burst,True
s05-r2-burst_trial-0.4,5,2,burst_trial-0.4,burst_trial,0.4,14,224.83200000000036,1,600,1,,,,2,1,2,1,1,1,1,1,True,0,0,0,1,1,0,burst,True
s05-r2-burst_trial-0.4,5,2,burst_trial-0.4,burst_trial,0.4,15,249.64799999999923,1,600,1,,,,2,1,2,1,1,1,1,1,True,0,0,0,1,1,0,burst,True
s05-r2-burst_trial-0.4,5,2,burst_trial-0.4,burst_trial,0.4,16,282.8079999999991,2,600,1,,,,2,1,2,1,1,1,1,1,True,1,1,0,0,0,0,burst,True
s05-r2-burst_trial-0.4,5,2,burst_trial-0.4,burst_trial,0.4,17,290.88800000000083,1,600,1,,,,2,1,2,1,1,1,1,1,True,0,0,0,1,1,0,burst,True
s05-r2-burst_trial-0.4,5,2,burst_trial-0.4,burst_trial,0.4,18,298.77599999999984,2,600,1,,,,2,1,2,1,2,1,2,1,True,1,1,0,1,1,0,burst,True
s05-r2-burst_trial-0.4,5,2,burst_trial-0.4,burst_trial,0.4,19,314.3279999999995,2,600,1,,,,2,1,2,1,2,1,2,1,True,1,1,0,1,1,0,burst,True
s05-r2-burst_trial-0.4,5,2,burst_trial-0.4,burst_trial,0.4,20,338.52399999999943,2,600,1,,,,2,1,2,1,1,1,1,1,True,1,1,0,0,0,0,burst,True
s05-r2-burst_trial-0.4,5,2,burst_trial-0.4,burst_trial,0.4,21,347.0,2,600,1,,,,2,1,2,1,1,1,1,1,True,1,1,0,0,0,0,burst,True
s05-r2-burst_trial-0.4,5,2,burst_trial-0.4,burst_trial,0.4,22,354.6239999999998,2,600,1,,,,2,1,2,1,2,1,2,1,True,1,1,0,1,1,0,burst,True
s05-r2-burst_trial-0.4,5,2,burst_trial-0.4,burst_trial,0.4,23,379.02800000000025,1,600,1,,,,2,1,2,1,1,1,1,1,True,0,0,0,1,1,0,burst,True
s05-r3-burst_trial-0.1,5,3,burst_trial-0.1,burst_trial,0.1,0,1.0,2,900,1,,,,2,1,2,1,2,1,2,1,True,1,1,0,1,1,0,burst,True
s05-r3-burst_trial-0.1,5,3,burst_trial-0.1,burst_trial,0.1,1,16.684000000001106,1,900,1,,,,1,1,1,1,2,1,2,1,True,1,1,0,0,0,0,burst,True
s05-r3-burst_trial-0.1,5,3,burst_trial-0.1,burst_trial,0.1,2,48.6359999999986,1,900,1,,,,2,1,2,1,1,1,1,1,True,0,0,0,1,1,0,burst,True
s05-r3-burst_trial-0.1,5,3,burst_trial-0.1,burst_trial,0.1,3,56.83599999999933,1,900,1,,,,2,1,2,1,1,1,2,1,True,0,0,0,1,0,1,burst,True
s05-r3-burst_trial-0.1,5,3,burst_trial-0.1,burst_trial,0.1,4,72.55199999999968,2,900,1,,,,2,1,2,1,2,1,1,1,True,1,1,0,1,0,1,burst,True
s05-r3-burst_trial-0.1,5,3,burst_trial-0.1,burst_trial,0.1,5,103.41999999999824,2,900,1,,,,2,1,2,1,1,1,1,1,True,1,1,0,0,0,0,burst,True
s05-r3-burst_trial-0.1,5,3,burst_trial-0.1,burst_trial,0.1,6,111.28800000000048,1,900,1,,,,2,1,2,1,1,1,1,1,True,0,0,0,1,1,0,burst,True
s05-r3-burst_trial-0.1,5,3,burst_trial-0.1,burst_trial,0.1,7,127.79999999999929,2,900,1,,,,2,1,2,1,1,1,2,1,True,1,1,0,0,1,1,burst,True
s05-r3-burst_trial-0.1,5,3,burst_trial-0.1,burst_trial,0.1,8,144.20799999999872,1,900,1,,,,2,1,2,1,1,1,1,1,True,0,0,0,1,1,0,burst,True
s05-r3-burst_trial-0.1,5,3,burst_trial-0.1,burst_trial,0.1,9,169.07200000000012,2,900,1,,,,2,1,2,1,1,1,2,1,True,1,1,0,0,1,1,burst,True
s05-r3-burst_trial-0.1,5,3,burst_trial-0.1,burst_trial,0.1,10,192.65599999999904,1,900,1,,,,1,1,1,1,1,1,1,1,True,1,1,0,1,1,0,burst,True
s05-r3-burst_trial-0.1,5,3,burst_trial-0.1,burst_trial,0.1,11,200.5,2,900,1,,,,2,1,2,1,1,1,1,1,True,1,1,0,0,0,0,burst,True
s05-r3-burst_trial-0.1,5,3,burst_trial-0.1,burst_trial,0.1,12,208.91600000000108,2,900,1,,,,2,1,2,1,1,1,1,1,True,1,1,0,0,0,0,burst,True
s05-r3-burst_trial-0.1,5,3,burst_trial-0.1,burst_trial,0.1,13,232.9360000000015,2,900,1,,,,2,1,2,1,2,1,2,1,True,1,1,0,1,1,0,burst,True
s05-r3-burst_trial-0.1,5,3,burst_trial-0.1,burst_trial,0.1,14,241.2200000000012,1,900,1,,,,1,1,1,1,1,1,2,1,True,1,1,0,1,0,1,burst,True
s05-r3-burst_trial-0.1,5,3,burst_trial-0.1,burst_trial,0.1,15,249.64800000000105,1,900,1,,,,2,1,2,1,1,1,2,1,True,0,0,0,1,0,1,burst,True
s05-r3-burst_trial-0.1,5,3,burst_trial-0.1,burst_trial,0.1,16,266.380000000001,2,900,1,,,,2,1,2,1,2,1,2,1,True,1,1,0,1,1,0,burst,True
s05-r3-burst_trial-0.1,5,3,burst_trial-0.1,burst_trial,0.1,17,274.5519999999997,1,900,1,,,,2,1,2,1,2,1,2,1,True,0,0,0,0,0,0,burst,True
s05-r3-burst_trial-0.1,5,3,burst_trial-0.1,burst_trial,0.1,18,290.887999999999,2,900,1,,,,2,1,1,1,2,1,2,1,True,1,0,1,1,1,0,burst,True
s05-r3-burst_trial-0.1,5,3,burst_trial-0.1,burst_trial,0.1,19,298.77600000000166,2,900,1,,,,2,1,2,1,2,1,2,1,True,1,1,0,1,1,0,burst,True
s05-r3-burst_trial-0.1,5,3,burst_trial-0.1,burst_trial,0.1,20,314.32800000000134,1,900,1,,,,2,1,2,1,1,1,2,1,True,0,0,0,1,0,1,burst,True
s05-r3-burst_trial-0.1,5,3,burst_trial-0.1,burst_trial,0.1,21,362.3359999999993,1,900,1,,,,1,1,1,1,2,1,2,1,True,1,1,0,0,0,0,burst,True
s05-r3-burst_trial-0.1,5,3,burst_trial-0.1,burst_trial,0.1,22,370.7920000000013,2,900,1,,,,2,1,2,1,2,1,2,1,True,1,1,0,1,1,0,burst,True
s05-r3-burst_trial-0.1,5,3,burst_trial-0.1,burst_trial,0.1,23,379.0279999999984,1,900,1,,,,2,1,2,1,1,1,1,1,True,0,0,0,1,1,0,burst,True
s05-r3-burst_trial-0.25,5,3,burst_trial-0.25,burst_trial,0.25,0,1.0,2,750,1,,,,2,1,2,1,1,1,2,1,True,1,1,0,0,1,1,burst,True
s05-r3-burst_trial-0.25,5,3,burst_trial-0.25,burst_trial,0.25,1,16.684000000001106,1,750,1,,,,1,1,1,1,1,1,2,1,True,1,1,0,1,0,1,burst,True
s05-r3-burst_trial-0.25,5,3,burst_trial-0.25,burst_trial,0.25,2,48.6359999999986,1,750,1,,,,2,1,2,1,2,1,1,1,True,0,0,0,0,1,1,burst,True
s05-r3-burst_trial-0.25,5,3,burst_trial-0.25,burst_trial,0.25,3,56.83599999999933,1,750,1,,,,2,1,2,1,1,1,2,1,True,0,0,0,1,0,1,burst,True
s05-r3-burst_trial-0.25,5,3,burst_trial-0.25,burst_trial,0.25,4,72.55199999999968,2,750,1,,,,2,1,2,1,1,1,1,1,True,1,1,0,0,0,0,burst,True
s05-r3-burst_trial-0.25,5,3,burst_trial-0.25,burst_trial,0.25,5,103.41999999999824,2,750,1,,,,2,1,2,1,1,1,1,1,True,1,1,0,0,0,0,burst,True
s05-r3-burst_trial-0.25,5,3,burst_trial-0.25,burst_trial,0.25,6,111.28800000000048,1,750,1,,,,2,1,2,1,1,1,1,1,True,0,0,0,1,1,0,burst,True
s05-r3-burst_trial-0.25,5,3,burst_trial-0.25,burst_trial,0.25,7,127.79999999999929,2,750,1,,,,2,1,2,1,1,1,2,1,True,1,1,0,0,1,1,burst,True
s05-r3-burst_trial-0.25,5,3,burst_trial-0.25,burst_trial,0.25,8,144.20799999999872,1,750,1,,,,2,1,2,1,1,1,1,1,True,0,0,0,1,1,0,burst,True
s05-r3-burst_trial-0.25,5,3,burst_trial-0.25,burst_trial,0.25,9,169.07200000000012,2,750,1,,,,2,1,2,1,1,1,2,1,True,1,1,0,0,1,1,burst,True
s05-r3-burst_trial-0.25,5,3,burst_trial-0.25,burst_trial,0.25,10,192.65599999999904,1,750,1,,,,1,1,1,1,1,1,1,1,True,1,1,0,1,1,0,burst,True
s05-r3-burst_trial-0.25,5,3,burst_trial-0.25,burst_trial,0.25,11,200.5,2,750,1,,,,2,1,2,1,1,1,1,1,True,1,1,0,0,0,0,burst,True
s05-r3-burst_trial-0.25,5,3,burst_trial-0.25,burst_trial,0.25,12,208.91600000000108,2,750,1,,,,2,1,2,1,1,1,1,1,True,1,1,0,0,0,0,burst,True
s05-r3-burst_trial-0.25,5,3,burst_trial-0.25,burst_trial,0.25,13,232.9360000000015,2,750,1,,,,2,1,2,1,2,1,2,1,True,1,1,0,1,1,0,burst,True
s05-r3-burst_trial-0.25,5,3,burst_trial-0.25,burst_trial,0.25,14,241.2200000000012,1,750,1,,,,2,1,1,1,1,1,2,1,True,0,1,1,1,0,1,burst,True
s05-r3-burst_trial-0.25,5,3,burst_trial-0.25,burst_trial,0.25,15,249.64800000000105,1,750,1,,,,2,1,2,1,1,1,2,1,True,0,0,0,1,0,1,burst,True
s05-r3-burst_trial-0.25,5,3,burst_trial-0.25,burst_trial,0.25,16,266.380000000001,2,750,1,,,,2,1,2,1,2,1,2,1,True,1,1,0,1,1,0,burst,True
s05-r3-burst_trial-0.25,5,3,burst_trial-0.25,burst_trial,0.25,17,274.5519999999997,1,750,1,,,,2,1,2,1,1,1,2,1,True,0,0,0,1,0,1,burst,True
s05-r3-burst_trial-0.25,5,3,burst_trial-0.25,burst_trial,0.25,18,290.887999999999,2,750,1,,,,1,1,1,1,2,1,2,1,True,0,0,0,1,1,0,burst,True
s05-r3-burst_trial-0.25,5,3,burst_trial-0.25,burst_trial,0.25,19,298.77600000000166,2,750,1,,,,2,1,2,1,2,1,2,1,True,1,1,0,1,1,0,burst,True
s05-r3-burst_trial-0.25,5,3,burst_trial-0.25,burst_trial,0.25,20,314.32800000000134,1,750,1,,,,2,1,2,1,1,1,2,1,True,0,0,0,1,0,1,burst,True
s05-r3-burst_trial-0.25,5,3,burst_trial-0.25,burst_trial,0.25,21,362.3359999999993,1,750,1,,,,1,1,1,1,2,1,2,1,True,1,1,0,0,0,0,burst,True
s05-r3-burst_trial-0.25,5,3,burst_trial-0.25,burst_trial,0.25,22,370.7920000000013,2,750,1,,,,2,1,2,1,2,1,2,1,True,1,1,0,1,1,0,burst,True
s05-r3-burst_trial-0.25,5,3,burst_trial-0.25,burst_trial,0.25,23,379.0279999999984,1,750,1,,,,2,1,2,1,1,1,1,1,True,0,0,0,1,1,0,burst,True
s05-r3-burst_trial-0.4,5,3,burst_trial-0.4,burst_trial,0.4,0,1.0,2,600,1,,,,2,1,2,1,2,1,2,1,True,1,1,0,1,1,0,burst,True
s05-r3-burst_trial-0.4,5,3,burst_trial-0.4,burst_trial,0.4,1,16.684000000001106,1,600,1,,,,2,1,1,1,2,1,2,1,True,0,1,1,0,0,0,burst,True
s05-r3-burst_trial-0.4,5,3,burst_trial-0.4,burst_trial,0.4,2,48.6359999999986,1,600,1,,,,2,1,2,1,1,1,1,1,True,0,0,0,1,1,0,burst,True
s05-r3-burst_trial-0.4,5,3,burst_trial-0.4,burst_trial,0.4,3,56.83599999999933,1,600,1,,,,2,1,2,1,2,1,2,1,True,0,0,0,0,0,0,burst,True
s05-r3-burst_trial-0.4,5,3,burst_trial-0.4,burst_trial,0.4,4,72.55199999999968,2,600,1,,,,2,1,2,1,1,1,1,1,True,1,1,0,0,0,0,burst,True
s05-r3-burst_trial-0.4,5,3,burst_trial-0.4,burst_trial,0.4,5,103.41999999999824,2,600,1,,,,2,1,2,1,1,1,1,1,True,1,1,0,0,0,0,burst,True
s05-r3-burst_trial-0.4,5,3,burst_trial-0.4,burst_trial,0.4,6,111.28800000000048,1,600,1,,,,2,1,2,1,1,1,1,1,True,0,0,0,1,1,0,burst,True
s05-r3-burst_trial-0.4,5,3,burst_trial-0.4,burst_trial,0.4,7,127.79999999999929,2,600,1,,,,2,1,2,1,1,1,2,1,True,1,1,0,0,1,1,burst,True
s05-r3-burst_trial-0.4,5,3,burst_trial-0.4,burst_trial,0.4,8,144.20799999999872,1,600,1,,,,2,1,2,1,1,1,1,1,True,0,0,0,1,1,0,burst,True
s05-r3-burst_trial-0.4,5,3,burst_trial-0.4,burst_trial,0.4,9,169.07200000000012,2,600,1,,,,2,1,2,1,2,1,2,1,True,1,1,0,1,1,0,burst,True
s05-r3-burst_trial-0.4,5,3,burst_trial-0.4,burst_trial,0.4,10,192.65599999999904,1,600,1,,,,1,1,1,1,1,1,1,1,True,1,1,0,1,1,0,burst,True
s05-r3-burst_trial-0.4,5,3,burst_trial-0.4,burst_trial,0.4,11,200.5,2,600,1,,,,2,1,2,1,1,1,1,1,True,1,1,0,0,0,0,burst,True
s05-r3-burst_trial-0.4,5,3,burst_trial-0.4,burst_trial,0.4,12,208.91600000000108,2,600,1,,,,2,1,2,1,1,1,1,1,True,1,1,0,0,0,0,burst,True
s05-r3-burst_trial-0.4,5,3,burst_trial-0.4,burst_trial,0.4,13,232.9360000000015,2,600,1,,,,2,1,2,1,2,1,2,1,True,1,1,0,1,1,0,burst,True
s05-r3-burst_trial-0.4,5,3,burst_trial-0.4,burst_trial,0.4,14,241.2200000000012,1,600,1,,,,2,1,1,1,1,1,2,1,True,0,1,1,1,0,1,burst,True
s05-r3-burst_trial-0.4,5,3,burst_trial-0.4,burst_trial,0.4,15,249.64800000000105,1,600,1,,,,2,1,2,1,1,1,2,1,True,0,0,0,1,0,1,burst,True
s05-r3-burst_trial-0.4,5,3,burst_trial-0.4,burst_trial,0.4,16,266.380000000001,2,600,1,,,,2,1,2,1,2,1,2,1,True,1,1,0,1,1,0,burst,True
s05-r3-burst_trial-0.4,5,3,burst_trial-0.4,burst_trial,0.4,17,274.5519999999997,1,600,1,,,,1,1,2,1,1,1,2,1,True,1,0,1,1,0,1,burst,True
s05-r3-burst_trial-0.4,5,3,burst_trial-0.4,burst_trial,0.4,18,290.887999999999,2,600,1,,,,1,1,1,1,1,1,2,1,True,0,0,0,0,1,1,burst,True
s05-r3-burst_trial-0.4,5,3,burst_trial-0.4,burst_trial,0.4,19,298.77600000000166,2,600,1,,,,2,1,2,1,1,1,2,1,True,1,1,0,0,1,1,burst,True
s05-r3-burst_trial-0.4,5,3,burst_trial-0.4,burst_trial,0.4,20,314.32800000000134,1,600,1,,,,2,1,2,1,1,1,2,1,True,0,0,0,1,0,1,burst,True
s05-r3-burst_trial-0.4,5,3,burst_trial-0.4,burst_trial,0.4,21,362.3359999999993,1,600,1,,,,1,1,1,1,2,1,2,1,True,1,1,0,0,0,0,burst,True
s05-r3-burst_trial-0.4,5,3,burst_trial-0.4,burst_trial,0.4,22,370.7920000000013,2,600,1,,,,2,1,2,1,2,1,2,1,True,1,1,0,1,1,0,burst,True
s05-r3-burst_trial-0.4,5,3,burst_trial-0.4,burst_trial,0.4,23,379.0279999999984,1,600,1,,,,2,1,2,1,1,1,1,1,True,0,0,0,1,1,0,burst,True
s05-r4-burst_trial-0.1,5,4,burst_trial-0.1,burst_trial,0.1,0,1.0,2,900,1,,,,2,1,2,1,2,1,2,1,True,1,1,0,1,1,0,burst,True
s05-r4-burst_trial-0.1,5,4,burst_trial-0.1,burst_trial,0.1,1,9.011999999998809,1,900,1,,,,1,1,2,1,1,1,1,1,True,1,0,1,1,1,0,burst,True
s05-r4-burst_trial-0.1,5,4,burst_trial-0.1,burst_trial,0.1,2,16.684000000001106,1,900,1,,,,2,1,1,1,1,1,1,1,True,0,1,1,1,1,0,burst,True
s05-r4-burst_trial-0.1,5,4,burst_trial-0.1,burst_trial,0.1,3,40.96800000000076,2,900,1,,,,2,1,2,1,1,1,1,1,True,1,1,0,0,0,0,burst,True
s05-r4-burst_trial-0.1,5,4,burst_trial-0.1,burst_trial,0.1,4,64.56000000000131,1,900,1,,,,2,1,2,1,1,1,1,1,True,0,0,0,1,1,0,burst,True
s05-r4-burst_trial-0.1,5,4,burst_trial-0.1,burst_trial,0.1,5,80.17599999999948,1,900,1,,,,2,1,2,1,1,1,1,1,True,0,0,0,1,1,0,burst,True
s05-r4-burst_trial-0.1,5,4,burst_trial-0.1,burst_trial,0.1,6,87.75600000000122,1,900,1,,,,2,1,2,1,1,1,1,1,True,0,0,0,1,1,0,burst,True
s05-r4-burst_trial-0.1,5,4,burst_trial-0.1,burst_trial,0.1,7,95.64400000000025,2,900,1,,,,2,1,1,1,1,1,1,1,True,1,0,1,0,0,0,burst,True
s05-r4-burst_trial-0.1,5,4,burst_trial-0.1,burst_trial,0.1,8,119.76800000000004,2,900,1,,,,2,1,2,1,2,1,2,1,True,1,1,0,1,1,0,burst,True
s05-r4-burst_trial-0.1,5,4,burst_trial-0.1,burst_trial,0.1,9,169.07200000000012,2,900,1,,,,2,1,2,1,2,1,2,1,True,1,1,0,1,1,0,burst,True
s05-r4-burst_trial-0.1,5,4,burst_trial-0.1,burst_trial,0.1,10,176.72000000000116,2,900,1,,,,1,1,2,1,2,1,2,1,True,0,1,1,1,1,0,burst,True
s05-r4-burst_trial-0.1,5,4,burst_trial-0.1,burst_trial,0.1,11,192.65599999999904,1,900,1,,,,1,1,1,1,1,1,2,1,True,1,1,0,1,0,1,burst,True
s05-r4-burst_trial-0.1,5,4,burst_trial-0.1,burst_trial,0.1,12,200.5,2,900,1,,,,2,1,2,1,2,1,2,1,True,1,1,0,1,1,0,burst,True
s05-r4-burst_trial-0.1,5,4,burst_trial-0.1,burst_trial,0.1,13,208.91600000000108,2,900,1,,,,2,1,2,1,2,1,2,1,True,1,1,0,1,1,0,burst,True
s05-r4-burst_trial-0.1,5,4,burst_trial-0.1,burst_trial,0.1,14,216.9320000000007,2,900,1,,,,2,1,2,1,2,1,2,1,True,1,1,0,1,1,0,burst,True
s05-r4-burst_trial-0.1,5,4,burst_trial-0.1,burst_trial,0.1,15,241.2200000000012,1,900,1,,,,2,1,2,1,2,1,2,1,True,0,0,0,0,0,0,burst,True
s05-r4-burst_trial-0.1,5,4,burst_trial-0.1,burst_trial,0.1,16,258.0159999999996,1,900,1,,,,2,1,2,1,1,1,1,1,True,0,0,0,1,1,0,burst,True
s05-r4-burst_trial-0.1,5,4,burst_trial-0.1,burst_trial,0.1,17,274.5519999999997,1,900,1,,,,2,1,2,1,2,1,2,1,True,0,0,0,0,0,0,burst,True
s05-r4-burst_trial-0.1,5,4,burst_trial-0.1,burst_trial,0.1,18,290.887999999999,1,900,1,,,,2,1,2,1,2,1,2,1,True,0,0,0,0,0,0,burst,True
s05-r4-burst_trial-0.1,5,4,burst_trial-0.1,burst_trial,0.1,19,306.6280000000006,1,900,1,,,,2,1,2,1,1,1,1,1,True,0,0,0,1,1,0,burst,True
s05-r4-burst_trial-0.1,5,4,burst_trial-0.1,burst_trial,0.1,20,314.32800000000134,2,900,1,,,,1,1,2,1,1,1,1,1,True,0,1,1,0,0,0,burst,True
s05-r4-burst_trial-0.1,5,4,burst_trial-0.1,burst_trial,0.1,21,347.0,1,900,1,,,,2,1,2,1,2,1,2,1,True,0,0,0,0,0,0,burst,True
s05-r4-burst_trial-0.1,5,4,burst_trial-0.1,burst_trial,0.1,22,354.6239999999998,2,900,1,,,,2,1,2,1,1,1,1,1,True,1,1,0,0,0,0,burst,True
s05-r4-burst_trial-0.1,5,4,burst_trial-0.1,burst_trial,0.1,23,370.7920000000013,2,900,1,,,,2,1,2,1,2,1,1,1,True,1,1,0,1,0,1,burst,True
s05-r4-burst_trial-0.25,5,4,burst_trial-0.25,burst_trial,0.25,0,1.0,2,750,1,,,,2,1,2,1,2,1,2,1,True,1,1,0,1,1,0,burst,True
s05-r4-burst_trial-0.25,5,4,burst_trial-0.25,burst_trial,0.25,1,9.011999999998809,1,750,1,,,,2,1,2,1,1,1,1,1,True,0,0,0,1,1,0,burst,True
s05-r4-burst_trial-0.25,5,4,burst_trial-0.25,burst_trial,0.25,2,16.684000000001106,1,750,1,,,,1,1,1,1,1,1,1,1,True,1,1,0,1,1,0,burst,True
s05-r4-burst_trial-0.25,5,4,burst_trial-0.25,burst_trial,0.25,3,40.96800000000076,2,750,1,,,,2,1,2,1,1,1,1,1,True,1,1,0,0,0,0,burst,True
s05-r4-burst_trial-0.25,5,4,burst_trial-0.25,burst_trial,0.25,4,64.56000000000131,1,750,1,,,,2,1,2,1,1,1,1,1,True,0,0,0,1,1,0,burst,True
s05-r4-burst_trial-0.25,5,4,burst_trial-0.25,burst_trial,0.25,5,80.17599999999948,1,750,1,,,,2,1,2,1,1,1,1,1,True,0,0,0,1,1,0,burst,True
s05-r4-burst_trial-0.25,5,4,burst_trial-0.25,burst_trial,0.25,6,87.75600000000122,1,750,1,,,,2,1,2,1,1,1,1,1,True,0,0,0,1,1,0,burst,True
s05-r4-burst_trial-0.25,5,4,burst_trial-0.25,burst_trial,0.25,7,95.64400000000025,2,750,1,,,,1,1,1,1,1,1,1,1,True,0,0,0,0,0,0,burst,True
s05-r4-burst_trial-0.25,5,4,burst_trial-0.25,burst_trial,0.25,8,119.76800000000004,2,750,1,,,,2,1,2,1,2,1,2,1,True,1,1,0,1,1,0,burst,True
s05-r4-burst_trial-0.25,5,4,burst_trial-0.25,burst_trial,0.25,9,169.07200000000012,2,750,1,,,,2,1,2,1,2,1,2,1,True,1,1,0,1,1,0,burst,True
s05-r4-burst_trial-0.25,5,4,burst_trial-0.25,burst_trial,0.25,10,176.72000000000116,2,750,1,,,,2,1,2,1,2,1,2,1,True,1,1,0,1,1,0,burst,True
s05-r4-burst_trial-0.25,5,4,burst_trial-0.25,burst_trial,0.25,11,192.65599999999904,1,750,1,,,,1,1,1,1,1,1,2,1,True,1,1,0,1,0,1,burst,True
s05-r4-burst_trial-0.25,5,4,burst_trial-0.25,burst_trial,0.25,12,200.5,2,750,1,,,,2,1,2,1,2,1,2,1,True,1,1,0,1,1,0,burst,True
s05-r4-burst_trial-0.25,5,4,burst_trial-0.25,burst_trial,0.25,13,208.91600000000108,2,750,1,,,,2,1,2,1,2,1,2,1,True,1,1,0,1,1,0,burst,True
s05-r4-burst_trial-0.25,5,4,burst_trial-0.25,burst_trial,0.25,14,216.9320000000007,2,750,1,,,,2,1,2,1,2,1,2,1,True,1,1,0,1,1,0,burst,True
s05-r4-burst_trial-0.25,5,4,burst_trial-0.25,burst_trial,0.25,15,241.2200000000012,1,750,1,,,,2,1,2,1,2,1,2,1,True,0,0,0,0,0,0,burst,True
s05-r4-burst_trial-0.25,5,4,burst_trial-0.25,burst_trial,0.25,16,258.0159999999996,1,750,1,,,,2,1,2,1,1,1,1,1,True,0,0,0,1,1,0,burst,True
s05-r4-burst_trial-0.25,5,4,burst_trial-0.25,burst_trial,0.25,17,274.5519999999997,1,750,1,,,,2,1,2,1,2,1,2,1,True,0,0,0,0,0,0,burst,True
s05-r4-burst_trial-0.25,5,4,burst_trial-0.25,burst_trial,0.25,18,290.887999999999,1,750,1,,,,2,1,2,1,2,1,2,1,True,0,0,0,0,0,0,burst,True
s05-r4-burst_trial-0.25,5,4,burst_trial-0.25,burst_trial,0.25,19,306.6280000000006,1,750,1,,,,2,1,2,1,1,1,1,1,True,0,0,0,1,1,0,burst,True
s05-r4-burst_trial-0.25,5,4,burst_trial-0.25,burst_trial,0.25,20,314.32800000000134,2,750,1,,,,1,1,2,1,1,1,1,1,True,0,1,1,0,0,0,burst,True
s05-r4-burst_trial-0.25,5,4,burst_trial-0.25,burst_trial,0.25,21,347.0,1,750,1,,,,2,1,2,1,1,1,2,1,True,0,0,0,1,0,1,burst,True
s05-r4-burst_trial-0.25,5,4,burst_trial-0.25,burst_trial,0.25,22,354.6239999999998,2,750,1,,,,2,1,2,1,1,1,1,1,True,1,1,0,0,0,0,burst,True
s05-r4-burst_trial-0.25,5,4,burst_trial-0.25,burst_trial,0.25,23,370.7920000000013,2,750,1,,,,2,1,2,1,1,1,1,1,True,1,1,0,0,0,0,burst,True
s05-r4-burst_trial-0.4,5,4,burst_trial-0.4,burst_trial,0.4,0,1.0,2,600,1,,,,2,1,2,1,2,1,2,1,True,1,1,0,1,1,0,burst,True
s05-r4-burst_trial-0.4,5,4,burst_trial-0.4,burst_trial,0.4,1,9.011999999998809,1,600,1,,,,2,1,2,1,1,1,1,1,True,0,0,0,1,1,0,burst,True
s05-r4-burst_trial-0.4,5,4,burst_trial-0.4,burst_trial,0.4,2,16.684000000001106,1,600,1,,,,2,1,1,1,1,1,1,1,True,0,1,1,1,1,0,burst,True
s05-r4-burst_trial-0.4,5,4,burst_trial-0.4,burst_trial,0.4,3,40.96800000000076,2,600,1,,,,1,1,2,1,1,1,1,1,True,0,1,1,0,0,0,burst,True
s05-r4-burst_trial-0.4,5,4,burst_trial-0.4,burst_trial,0.4,4,64.56000000000131,1,600,1,,,,2,1,2,1,1,1,1,1,True,0,0,0,1,1,0,burst,True
s05-r4-burst_trial-0.4,5,4,burst_trial-0.4,burst_trial,0.4,5,80.17599999999948,1,600,1,,,,2,1,2,1,1,1,1,1,True,0,0,0,1,1,0,burst,True
s05-r4-burst_trial-0.4,5,4,burst_trial-0.4,burst_trial,0.4,6,87.75600000000122,1,600,1,,,,2,1,2,1,1,1,1,1,True,0,0,0,1,1,0,burst,True
s05-r4-burst_trial-0.4,5,4,burst_trial-0.4,burst_trial,0.4,7,95.64400000000025,2,600,1,,,,1,1,1,1,1,1,1,1,True,0,0,0,0,0,0,burst,True
s05-r4-burst_trial-0.4,5,4,burst_trial-0.4,burst_trial,0.4,8,119.76800000000004,2,600,1,,,,2,1,2,1,1,1,2,1,True,1,1,0,0,1,1,burst,True
s05-r4-burst_trial-0.4,5,4,burst_trial-0.4,burst_trial,0.4,9,169.07200000000012,2,600,1,,,,2,1,2,1,1,1,2,1,True,1,1,0,0,1,1,burst,True
s05-r4-burst_trial-0.4,5,4,burst_trial-0.4,burst_trial,0.4,10,176.72000000000116,2,600,1,,,,2,1,2,1,1,1,2,1,True,1,1,0,0,1,1,burst,True
s05-r4-burst_trial-0.4,5,4,burst_trial-0.4,burst_trial,0.4,11,192.65599999999904,1,600,1,,,,2,1,1,1,1,1,2,1,True,0,1,1,1,0,1,burst,True
s05-r4-burst_trial-0.4,5,4,burst_trial-0.4,burst_trial,0.4,12,200.5,2,600,1,,,,2,1,2,1,1,1,2,1,True,1,1,0,0,1,1,burst,True
s05-r4-burst_trial-0.4,5,4,burst_trial-0.4,burst_trial,0.4,13,208.91600000000108,2,600,1,,,,2,1,2,1,1,1,2,1,True,1,1,0,0,1,1,burst,True
s05-r4-burst_trial-0.4,5,4,burst_trial-0.4,burst_trial,0.4,14,216.9320000000007,2,600,1,,,,2,1,2,1,2,1,2,1,True,1,1,0,1,1,0,burst,True
s05-r4-burst_trial-0.4,5,4,burst_trial-0.4,burst_trial,0.4,15,241.2200000000012,1,600,1,,,,2,1,2,1,2,1,2,1,True,0,0,0,0,0,0,burst,True
s05-r4-burst_trial-0.4,5,4,burst_trial-0.4,burst_trial,0.4,16,258.0159999999996,1,600,1,,,,2,1,2,1,2,1,1,1,True,0,0,0,0,1,1,burst,True
s05-r4-burst_trial-0.4,5,4,burst_trial-0.4,burst_trial,0.4,17,274.5519999999997,1,600,1,,,,2,1,2,1,2,1,2,1,True,0,0,0,0,0,0,burst,True
s05-r4-burst_trial-0.4,5,4,burst_trial-0.4,burst_trial,0.4,18,290.887999999999,1,600,1,,,,2,1,2,1,1,1,2,1,True,0,0,0,1,0,1,burst,True
s05-r4-burst_trial-0.4,5,4,burst_trial-0.4,burst_trial,0.4,19,306.6280000000006,1,600,1,,,,2,1,2,1,1,1,1,1,True,0,0,0,1,1,0,burst,True
s05-r4-burst_trial-0.4,5,4,burst_trial-0.4,burst_trial,0.4,20,314.32800000000134,2,600,1,,,,1,1,2,1,1,1,1,1,True,0,1,1,0,0,0,burst,True
s05-r4-burst_trial-0.4,5,4,burst_trial-0.4,burst_trial,0.4,21,347.0,1,600,1,,,,2,1,2,1,2,1,2,1,True,0,0,0,0,0,0,burst,True
s05-r4-burst_trial-0.4,5,4,burst_trial-0.4,burst_trial,0.4,22,354.6239999999998,2,600,1,,,,2,1,2,1,2,1,1,1,True,1,1,0,1,0,1,burst,True
s05-r4-burst_trial-0.4,5,4,burst_trial-0.4,burst_trial,0.4,23,370.7920000000013,2,600,1,,,,2,1,2,1,1,1,1,1,True,1,1,0,0,0,0,burst,True
s06-r0-burst_trial-0.1,6,0,burst_trial-0.1,burst_trial,0.1,0,1.0,1,900,1,,,,1,1,1,1,1,1,1,1,True,1,1,0,1,1,0,burst,True
s06-r0-burst_trial-0.1,6,0,burst_trial-0.1,burst_trial,0.1,1,9.012000000000173,2,900,1,,,,1,1,1,1,1,1,1,1,True,0,0,0,0,0,0,burst,True
s06-r0-burst_trial-0.1,6,0,burst_trial-0.1,burst_trial,0.1,2,16.684000000000196,2,900,1,,,,1,1,1,1,1,1,2,1,True,0,0,0,0,1,1,burst,True
s06-r0-burst_trial-0.1,6,0,burst_trial-0.1,burst_trial,0.1,3,24.49200000000019,1,900,1,,,,1,1,1,1,1,1,1,1,True,1,1,0,1,1,0,burst,True
s06-r0-burst_trial-0.1,6,0,burst_trial-0.1,burst_trial,0.1,4,32.52399999999989,2,900,1,,,,1,1,1,1,1,1,1,1,True,0,0,0,0,0,0,burst,True
s06-r0-burst_trial-0.1,6,0,burst_trial-0.1,burst_trial,0.1,5,40.96799999999985,1,900,1,,,,1,1,1,1,1,1,1,1,True,1,1,0,1,1,0,burst,True
s06-r0-burst_trial-0.1,6,0,burst_trial-0.1,burst_trial,0.1,6,48.63599999999997,2,900,1,,,,1,1,1,1,1,1,1,1,True,0,0,0,0,0,0,burst,True
s06-r0-burst_trial-0.1,6,0,burst_trial-0.1,burst_trial,0.1,7,64.55999999999995,2,900,1,,,,1,1,1,1,2,1,2,1,True,0,0,0,1,1,0,burst,True
s06-r0-burst_trial-0.1,6,0,burst_trial-0.1,burst_trial,0.1,8,80.17599999999993,1,900,1,,,,1,1,1,1,1,1,1,1,True,1,1,0,1,1,0,burst,True
s06-r0-burst_trial-0.1,6,0,burst_trial-0.1,burst_trial,0.1,9,95.64400000000025,2,900,1,,,,2,1,2,1,1,1,1,1,True,1,1,0,0,0,0,burst,True
s06-r0-burst_trial-0.1,6,0,burst_trial-0.1,burst_trial,0.1,10,103.42000000000009,1,900,1,,,,1,1,1,1,1,1,1,1,True,1,1,0,1,1,0,burst,True
s06-r0-burst_trial-0.1,6,0,burst_trial-0.1,burst_trial,0.1,11,152.4720000000002,1,900,1,,,,1,1,1,1,1,1,1,1,True,1,1,0,1,1,0,burst,True
s06-r0-burst_trial-0.1,6,0,burst_trial-0.1,burst_trial,0.1,12,169.07200000000012,2,900,1,,,,2,1,2,1,2,1,2,1,True,1,1,0,1,1,0,burst,True
s06-r0-burst_trial-0.1,6,0,burst_trial-0.1,burst_trial,0.1,13,176.7199999999998,1,900,1,,,,1,1,1,1,1,1,1,1,True,1,1,0,1,1,0,burst,True
s06-r0-burst_trial-0.1,6,0,burst_trial-0.1,burst_trial,0.1,14,184.84400000000005,1,900,1,,,,1,1,1,1,1,1,1,1,True,1,1,0,1,1,0,burst,True
s06-r0-burst_trial-0.1,6,0,burst_trial-0.1,burst_trial,0.1,15,208.91600000000017,1,900,1,,,,1,1,1,1,1,1,1,1,True,1,1,0,1,1,0,burst,True
s06-r0-burst_trial-0.1,6,0,burst_trial-0.1,burst_trial,0.1,16,241.2199999999998,1,900,1,,,,1,1,1,1,2,1,2,1,True,1,1,0,0,0,0,burst,True
s06-r0-burst_trial-0.1,6,0,burst_trial-0.1,burst_trial,0.1,17,249.6480000000001,2,900,1,,,,1,1,1,1,2,1,2,1,True,0,0,0,1,1,0,burst,True
s06-r0-burst_trial-0.1,6,0,burst_trial-0.1,burst_trial,0.1,18,258.0160000000001,1,900,1,,,,1,1,1,1,1,1,1,1,True,1,1,0,1,1,0,burst,True
s06-r0-burst_trial-0.1,6,0,burst_trial-0.1,burst_trial,0.1,19,266.3800000000001,2,900,1,,,,2,1,2,1,1,1,1,1,True,1,1,0,0,0,0,burst,True
s06-r0-burst_trial-0.1,6,0,burst_trial-0.1,burst_trial,0.1,20,274.5519999999997,2,900,1,,,,1,1,1,1,2,1,2,1,True,0,0,0,1,1,0,burst,True
s06-r0-burst_trial-0.1,6,0,burst_trial-0.1,burst_trial,0.1,21,282.808,1,900,1,,,,1,1,1,1,1,1,1,1,True,1,1,0,1,1,0,burst,True
s06-r0-burst_trial-0.1,6,0,burst_trial-0.1,burst_trial,0.1,22,290.8879999999999,2,900,1,,,,2,1,2,1,2,1,2,1,True,1,1,0,1,1,0,burst,True
s06-r0-burst_trial-0.1,6,0,burst_trial-0.1,burst_trial,0.1,23,306.6279999999997,2,900,1,,,,1,1,1,1,2,1,2,1,True,0,0,0,1,1,0,burst,True
s06-r0-burst_trial-0.25,6,0,burst_trial-0.25,burst_trial,0.25,0,1.0,1,750,1,,,,1,1,1,1,1,1,1,1,True,1,1,0,1,1,0,burst,True
s06-r0-burst_trial-0.25,6,0,burst_trial-0.25,burst_trial,0.25,1,9.012000000000173,2,750,1,,,,1,1,1,1,1,1,1,1,True,0,0,0,0,0,0,burst,True
s06-r0-burst_trial-0.25,6,0,burst_trial-0.25,burst_trial,0.25,2,16.684000000000196,2,750,1,,,,1,1,1,1,1,1,2,1,True,0,0,0,0,1,1,burst,True
s06-r0-burst_trial-0.25,6,0,burst_trial-0.25,burst_trial,0.25,3,24.49200000000019,1,750,1,,,,1,1,1,1,1,1,1,1,True,1,1,0,1,1,0,burst,True
s06-r0-burst_trial-0.25,6,0,burst_trial-0.25,burst_trial,0.25,4,32.52399999999989,2,750,1,,,,1,1,1,1,1,1,1,1,True,0,0,0,0,0,0,burst,True
s06-r0-burst_trial-0.25,6,0,burst_trial-0.25,burst_trial,0.25,5,40.96799999999985,1,750,1,,,,1,1,1,1,1,1,1,1,True,1,1,0,1,1,0,burst,True
s06-r0-burst_trial-0.25,6,0,burst_trial-0.25,burst_trial,0.25,6,48.63599999999997,2,750,1,,,,1,1,1,1,1,1,1,1,True,0,0,0,0,0,0,burst,True
s06-r0-burst_trial-0.25,6,0,burst_trial-0.25,burst_trial,0.25,7,64.55999999999995,2,750,1,,,,1,1,1,1,2,1,2,1,True,0,0,0,1,1,0,burst,True
s06-r0-burst_trial-0.25,6,0,burst_trial-0.25,burst_trial,0.25,8,80.17599999999993,1,750,1,,,,1,1,1,1,1,1,1,1,True,1,1,0,1,1,0,burst,True
s06-r0-burst_trial-0.25,6,0,burst_trial-0.25,burst_trial,0.25,9,95.64400000000025,2,750,1,,,,2,1,2,1,1,1,1,1,True,1,1,0,0,0,0,burst,True
s06-r0-burst_trial-0.25,6,0,burst_trial-0.25,burst_trial,0.25,10,103.42000000000009,1,750,1,,,,1,1,1,1,1,1,1,1,True,1,1,0,1,1,0,burst,True
s06-r0-burst_trial-0.25,6,0,burst_trial-0.25,burst_trial,0.25,11,152.4720000000002,1,750,1,,,,1,1,1,1,1,1,1,1,True,1,1,0,1,1,0,burst,True
s06-r0-burst_trial-0.25,6,0,burst_trial-0.25,burst_trial,0.25,12,169.07200000000012,2,750,1,,,,2,1,2,1,2,1,2,1,True,1,1,0,1,1,0,burst,True
s06-r0-burst_trial-0.25,6,0,burst_trial-0.25,burst_trial,0.25,13,176.7199999999998,1,750,1,,,,1,1,1,1,1,1,1,1,True,1,1,0,1,1,0,burst,True
s06-r0-burst_trial-0.25,6,0,burst_trial-0.25,burst_trial,0.25,14,184.84400000000005,1,750,1,,,,1,1,1,1,1,1,1,1,True,1,1,0,1,1,0,burst,True
s06-r0-burst_trial-0.25,6,0,burst_trial-0.25,burst_trial,0.25,15,208.91600000000017,1,750,1,,,,1,1,1,1,1,1,1,1,True,1,1,0,1,1,0,burst,True
s06-r0-burst_trial-0.25,6,0,burst_trial-0.25,burst_trial,0.25,16,241.2199999999998,1,750,1,,,,1,1,1,1,1,1,2,1,True,1,1,0,1,0,1,burst,True
s06-r0-burst_trial-0.25,6,0,burst_trial-0.25,burst_trial,0.25,17,249.6480000000001,2,750,1,,,,1,1,1,1,2,1,2,1,True,0,0,0,1,1,0,burst,True
s06-r0-burst_trial-0.25,6,0,burst_trial-0.25,burst_trial,0.25,18,258.0160000000001,1,750,1,,,,1,1,1,1,1,1,1,1,True,1,1,0,1,1,0,burst,True
s06-r0-burst_trial-0.25,6,0,burst_trial-0.25,burst_trial,0.25,19,266.3800000000001,2,750,1,,,,2,1,2,1,1,1,1,1,True,1,1,0,0,0,0,burst,True
s06-r0-burst_trial-0.25,6,0,burst_trial-0.25,burst_trial,0.25,20,274.5519999999997,2,750,1,,,,1,1,1,1,2,1,2,1,True,0,0,0,1,1,0,burst,True
s06-r0-burst_trial-0.25,6,0,burst_trial-0.25,burst_trial,0.25,21,282.808,1,750,1,,,,1,1,1,1,1,1,1,1,True,1,1,0,1,1,0,burst,True
s06-r0-burst_trial-0.25,6,0,burst_trial-0.25,burst_trial,0.25,22,290.8879999999999,2,750,1,,,,2,1,2,1,2,1,2,1,True,1,1,0,1,1,0,burst,True
s06-r0-burst_trial-0.25,6,0,burst_trial-0.25,burst_trial,0.25,23,306.6279999999997,2,750,1,,,,1,1,1,1,1,1,2,1,True,0,0,0,0,1,1,burst,True
s06-r0-burst_trial-0.4,6,0,burst_trial-0.4,burst_trial,0.4,0,1.0,1,600,1,,,,1,1,1,1,1,1,1,1,True,1,1,0,1,1,0,burst,True
s06-r0-burst_trial-0.4,6,0,burst_trial-0.4,burst_trial,0.4,1,9.012000000000173,2,600,1,,,,1,1,1,1,1,1,1,1,True,0,0,0,0,0,0,burst,True
s06-r0-burst_trial-0.4,6,0,burst_trial-0.4,burst_trial,0.4,2,16.684000000000196,2,600,1,,,,1,1,1,1,1,1,2,1,True,0,0,0,0,1,1,burst,True
s06-r0-burst_trial-0.4,6,0,burst_trial-0.4,burst_trial,0.4,3,24.49200000000019,1,600,1,,,,1,1,1,1,1,1,1,1,True,1,1,0,1,1,0,burst,True
s06-r0-burst_trial-0.4,6,0,burst_trial-0.4,burst_trial,0.4,4,32.52399999999989,2,600,1,,,,1,1,1,1,1,1,1,1,True,0,0,0,0,0,0,burst,True
s06-r0-burst_trial-0.4,6,0,burst_trial-0.4,burst_trial,0.4,5,40.96799999999985,1,600,1,,,,1,1,1,1,1,1,1,1,True,1,1,0,1,1,0,burst,True
s06-r0-burst_trial-0.4,6,0,burst_trial-0.4,burst_trial,0.4,6,48.63599999999997,2,600,1,,,,2,1,1,1,1,1,1,1,True,1,0,1,0,0,0,burst,True
s06-r0-burst_trial-0.4,6,0,burst_trial-0.4,burst_trial,0.4,7,64.55999999999995,2,600,1,,,,2,1,1,1,1,1,2,1,True,1,0,1,0,1,1,burst,True
s06-r0-burst_trial-0.4,6,0,burst_trial-0.4,burst_trial,0.4,8,80.17599999999993,1,600,1,,,,1,1,1,1,1,1,1,1,True,1,1,0,1,1,0,burst,True
s06-r0-burst_trial-0.4,6,0,burst_trial-0.4,burst_trial,0.4,9,95.64399999999978,2,600,1,,,,2,1,2,1,1,1,1,1,True,1,1,0,0,0,0,burst,True
s06-r0-burst_trial-0.4,6,0,burst_trial-0.4,burst_trial,0.4,10,103.42000000000009,1,600,1,,,,1,1,1,1,1,1,1,1,True,1,1,0,1,1,0,burst,True
s06-r0-burst_trial-0.4,6,0,burst_trial-0.4,burst_trial,0.4,11,152.4720000000002,1,600,1,,,,1,1,1,1,1,1,1,1,True,1,1,0,1,1,0,burst,True
s06-r0-burst_trial-0.4,6,0,burst_trial-0.4,burst_trial,0.4,12,169.07200000000012,2,600,1,,,,2,1,2,1,2,1,2,1,True,1,1,0,1,1,0,burst,True
s06-r0-burst_trial-0.4,6,0,burst_trial-0.4,burst_trial,0.4,13,176.7199999999998,1,600,1,,,,1,1,1,1,1,1,1,1,True,1,1,0,1,1,0,burst,True
s06-r0-burst_trial-0.4,6,0,burst_trial-0.4,burst_trial,0.4,14,184.84400000000005,1,600,1,,,,1,1,1,1,1,1,1,1,True,1,1,0,1,1,0,burst,True
s06-r0-burst_trial-0.4,6,0,burst_trial-0.4,burst_trial,0.4,15,208.91600000000017,1,600,1,,,,1,1,1,1,1,1,1,1,True,1,1,0,1,1,0,burst,True
s06-r0-burst_trial-0.4,6,0,burst_trial-0.4,burst_trial,0.4,16,241.2199999999998,1,600,1,,,,1,1,1,1,1,1,2,1,True,1,1,0,1,0,1,burst,True
s06-r0-burst_trial-0.4,6,0,burst_trial-0.4,burst_trial,0.4,17,249.6480000000001,2,600,1,,,,1,1,1,1,2,1,2,1,True,0,0,0,1,1,0,burst,True
s06-r0-burst_trial-0.4,6,0,burst_trial-0.4,burst_trial,0.4,18,258.0160000000001,1,600,1,,,,1,1,1,1,1,1,1,1,True,1,1,0,1,1,0,burst,True
s06-r0-burst_trial-0.4,6,0,burst_trial-0.4,burst_trial,0.4,19,266.3800000000001,2,600,1,,,,2,1,2,1,1,1,1,1,True,1,1,0,0,0,0,burst,True
s06-r0-burst_trial-0.4,6,0,burst_trial-0.4,burst_trial,0.4,20,274.55200000000013,2,600,1,,,,1,1,1,1,2,1,2,1,True,0,0,0,1,1,0,burst,True
s06-r0-burst_trial-0.4,6,0,burst_trial-0.4,burst_trial,0.4,21,282.80800000000045,1,600,1,,,,1,1,1,1,1,1,1,1,True,1,1,0,1,1,0,burst,True
s06-r0-burst_trial-0.4,6,0,burst_trial-0.4,burst_trial,0.4,22,290.8880000000004,2,600,1,,,,1,1,2,1,1,1,2,1,True,0,1,1,0,1,1,burst,True
s06-r0-burst_trial-0.4,6,0,burst_trial-0.4,burst_trial,0.4,23,306.62800000000016,2,600,1,,,,1,1,1,1,1,1,2,1,True,0,0,0,0,1,1,burst,True
s06-r1-burst_trial-0.1,6,1,burst_trial-0.1,burst_trial,0.1,0,16.683999999999287,2,900,1,,,,2,1,2,1,1,1,2,1,True,1,1,0,0,1,1,burst,True
s06-r1-burst_trial-0.1,6,1,burst_trial-0.1,burst_trial,0.1,1,24.49200000000019,1,900,1,,,,1,1,1,1,1,1,1,1,True,1,1,0,1,1,0,burst,True
s06-r1-burst_trial-0.1,6,1,burst_trial-0.1,burst_trial,0.1,2,32.52399999999943,1,900,1,,,,1,1,1,1,1,1,1,1,True,1,1,0,1,1,0,burst,True
s06-r1-burst_trial-0.1,6,1,burst_trial-0.1,burst_trial,0.1,3,40.96800000000076,2,900,1,,,,1,1,1,1,1,1,1,1,True,0,0,0,0,0,0,burst,True
s06-r1-burst_trial-0.1,6,1,burst_trial-0.1,burst_trial,0.1,4,64.55999999999949,2,900,1,,,,1,1,1,1,1,1,1,1,True,0,0,0,0,0,0,burst,True
s06-r1-burst_trial-0.1,6,1,burst_trial-0.1,burst_trial,0.1,5,80.17599999999948,1,900,1,,,,1,1,1,1,1,1,1,1,True,1,1,0,1,1,0,burst,True
s06-r1-burst_trial-0.1,6,1,burst_trial-0.1,burst_trial,0.1,6,87.7559999999994,1,900,1,,,,2,1,1,1,1,1,1,1,True,0,1,1,1,1,0,burst,True
s06-r1-burst_trial-0.1,6,1,burst_trial-0.1,burst_trial,0.1,7,95.64400000000025,1,900,1,,,,1,1,1,1,1,1,1,1,True,1,1,0,1,1,0,burst,True
s06-r1-burst_trial-0.1,6,1,burst_trial-0.1,burst_trial,0.1,8,111.28800000000048,2,900,1,,,,1,1,1,1,1,1,1,1,True,0,0,0,0,0,0,burst,True
s06-r1-burst_trial-0.1,6,1,burst_trial-0.1,burst_trial,0.1,9,119.76800000000004,2,900,1,,,,2,1,2,1,2,1,2,1,True,1,1,0,1,1,0,burst,True
s06-r1-burst_trial-0.1,6,1,burst_trial-0.1,burst_trial,0.1,10,127.79999999999929,1,900,1,,,,1,1,1,1,1,1,1,1,True,1,1,0,1,1,0,burst,True
s06-r1-burst_trial-0.1,6,1,burst_trial-0.1,burst_trial,0.1,11,136.0640000000003,1,900,1,,,,1,1,1,1,2,1,2,1,True,1,1,0,0,0,0,burst,True
s06-r1-burst_trial-0.1,6,1,burst_trial-0.1,burst_trial,0.1,12,152.47199999999975,1,900,1,,,,1,1,1,1,2,1,1,1,True,1,1,0,0,1,1,burst,True
s06-r1-burst_trial-0.1,6,1,burst_trial-0.1,burst_trial,0.1,13,160.7520000000004,2,900,1,,,,1,1,1,1,1,1,1,1,True,0,0,0,0,0,0,burst,True
s06-r1-burst_trial-0.1,6,1,burst_trial-0.1,burst_trial,0.1,14,192.6560000000009,1,900,1,,,,1,1,1,1,1,1,1,1,True,1,1,0,1,1,0,burst,True
s06-r1-burst_trial-0.1,6,1,burst_trial-0.1,burst_trial,0.1,15,216.9320000000007,2,900,1,,,,1,1,1,1,2,1,2,1,True,0,0,0,1,1,0,burst,True
s06-r1-burst_trial-0.1,6,1,burst_trial-0.1,burst_trial,0.1,16,241.21999999999932,2,900,1,,,,1,1,2,1,1,1,1,1,True,0,1,1,0,0,0,burst,True
s06-r1-burst_trial-0.1,6,1,burst_trial-0.1,burst_trial,0.1,17,249.64799999999923,1,900,1,,,,1,1,1,1,1,1,1,1,True,1,1,0,1,1,0,burst,True
s06-r1-burst_trial-0.1,6,1,burst_trial-0.1,burst_trial,0.1,18,258.0159999999996,2,900,1,,,,1,1,1,1,2,1,2,1,True,0,0,0,1,1,0,burst,True
s06-r1-burst_trial-0.1,6,1,burst_trial-0.1,burst_trial,0.1,19,306.6280000000006,1,900,1,,,,2,1,2,1,2,1,2,1,True,0,0,0,0,0,0,burst,True
s06-r1-burst_trial-0.1,6,1,burst_trial-0.1,burst_trial,0.1,20,322.65200000000004,2,900,1,,,,1,1,1,1,1,1,1,1,True,0,0,0,0,0,0,burst,True
s06-r1-burst_trial-0.1,6,1,burst_trial-0.1,burst_trial,0.1,21,338.52399999999943,2,900,1,,,,1,1,1,1,1,1,1,1,True,0,0,0,0,0,0,burst,True
s06-r1-burst_trial-0.1,6,1,burst_trial-0.1,burst_trial,0.1,22,362.3359999999993,2,900,1,,,,1,1,1,1,2,1,2,1,True,0,0,0,1,1,0,burst,True
s06-r1-burst_trial-0.1,6,1,burst_trial-0.1,burst_trial,0.1,23,379.02800000000025,1,900,1,,,,1,1,1,1,1,1,1,1,True,1,1,0,1,1,0,burst,True
s06-r1-burst_trial-0.25,6,1,burst_trial-0.25,burst_trial,0.25,0,16.683999999999287,2,750,1,,,,2,1,2,1,1,1,2,1,True,1,1,0,0,1,1,burst,True
s06-r1-burst_trial-0.25,6,1,burst_trial-0.25,burst_trial,0.25,1,24.49200000000019,1,750,1,,,,1,1,1,1,1,1,1,1,True,1,1,0,1,1,0,burst,True
s06-r1-burst_trial-0.25,6,1,burst_trial-0.25,burst_trial,0.25,2,32.52399999999943,1,750,1,,,,1,1,1,1,1,1,1,1,True,1,1,0,1,1,0,burst,True
s06-r1-burst_trial-0.25,6,1,burst_trial-0.25,burst_trial,0.25,3,40.96800000000076,2,750,1,,,,1,1,1,1,1,1,1,1,True,0,0,0,0,0,0,burst,True
s06-r1-burst_trial-0.25,6,1,burst_trial-0.25,burst_trial,0.25,4,64.55999999999949,2,750,1,,,,1,1,1,1,1,1,1,1,True,0,0,0,0,0,0,burst,True
s06-r1-burst_trial-0.25,6,1,burst_trial-0.25,burst_trial,0.25,5,80.17599999999948,1,750,1,,,,1,1,1,1,1,1,1,1,True,1,1,0,1,1,0,burst,True
s06-r1-burst_trial-0.25,6,1,burst_trial-0.25,burst_trial,0.25,6,87.7559999999994,1,750,1,,,,1,1,1,1,1,1,1,1,True,1,1,0,1,1,0,burst,True
s06-r1-burst_trial-0.25,6,1,burst_trial-0.25,burst_trial,0.25,7,95.64400000000025,1,750,1,,,,1,1,1,1,1,1,1,1,True,1,1,0,1,1,0,burst,True
s06-r1-burst_trial-0.25,6,1,burst_trial-0.25,burst_trial,0.25,8,111.28800000000048,2,750,1,,,,1,1,1,1,1,1,1,1,True,0,0,0,0,0,0,burst,True
s06-r1-burst_trial-0.25,6,1,burst_trial-0.25,burst_trial,0.25,9,119.76800000000004,2,750,1,,,,2,1,2,1,2,1,2,1,True,1,1,0,1,1,0,burst,True
s06-r1-burst_trial-0.25,6,1,burst_trial-0.25,burst_trial,0.25,10,127.79999999999929,1,750,1,,,,1,1,1,1,1,1,1,1,True,1,1,0,1,1,0,burst,True
s06-r1-burst_trial-0.25,6,1,burst_trial-0.25,burst_trial,0.25,11,136.0640000000003,1,750,1,,,,1,1,1,1,2,1,2,1,True,1,1,0,0,0,0,burst,True
s06-r1-burst_trial-0.25,6,1,burst_trial-0.25,burst_trial,0.25,12,152.47199999999975,1,750,1,,,,1,1,1,1,1,1,1,1,True,1,1,0,1,1,0,burst,True
s06-r1-burst_trial-0.25,6,1,burst_trial-0.25,burst_trial,0.25,13,160.7520000000004,2,750,1,,,,1,1,1,1,1,1,1,1,True,0,0,0,0,0,0,burst,True
s06-r1-burst_trial-0.25,6,1,burst_trial-0.25,burst_trial,0.25,14,192.6560000000009,1,750,1,,,,1,1,1,1,1,1,1,1,True,1,1,0,1,1,0,burst,True
s06-r1-burst_trial-0.25,6,1,burst_trial-0.25,burst_trial,0.25,15,216.9320000000007,2,750,1,,,,1,1,1,1,2,1,2,1,True,0,0,0,1,1,0,burst,True
s06-r1-burst_trial-0.25,6,1,burst_trial-0.25,burst_trial,0.25,16,241.21999999999932,2,750,1,,,,2,1,2,1,1,1,1,1,True,1,1,0,0,0,0,burst,True
s06-r1-burst_trial-0.25,6,1,burst_trial-0.25,burst_trial,0.25,17,249.64799999999923,1,750,1,,,,1,1,1,1,1,1,1,1,True,1,1,0,1,1,0,burst,True
s06-r1-burst_trial-0.25,6,1,burst_trial-0.25,burst_trial,0.25,18,258.0159999999996,2,750,1,,,,1,1,1,1,1,1,2,1,True,0,0,0,0,1,1,burst,True
s06-r1-burst_trial-0.25,6,1,burst_trial-0.25,burst_trial,0.25,19,306.6280000000006,1,750,1,,,,2,1,2,1,1,1,2,1,True,0,0,0,1,0,1,burst,True
s06-r1-burst_trial-0.25,6,1,burst_trial-0.25,burst_trial,0.25,20,322.65200000000004,2,750,1,,,,2,1,1,1,1,1,1,1,True,1,0,1,0,0,0,burst,True
s06-r1-burst_trial-0.25,6,1,burst_trial-0.25,burst_trial,0.25,21,338.52399999999943,2,750,1,,,,2,1,1,1,1,1,1,1,True,1,0,1,0,0,0,burst,True
s06-r1-burst_trial-0.25,6,1,burst_trial-0.25,burst_trial,0.25,22,362.3359999999993,2,750,1,,,,1,1,1,1,2,1,2,1,True,0,0,0,1,1,0,burst,True
s06-r1-burst_trial-0.25,6,1,burst_trial-0.25,burst_trial,0.25,23,379.02800000000025,1,750,1,,,,1,1,1,1,1,1,1,1,True,1,1,0,1,1,0,burst,True
s06-r1-burst_trial-0.4,6,1,burst_trial-0.4,burst_trial,0.4,0,16.683999999999287,2,600,1,,,,1,1,2,1,1,1,2,1,True,0,1,1,0,1,1,burst,True
s06-r1-burst_trial-0.4,6,1,burst_trial-0.4,burst_trial,0.4,1,24.49200000000019,1,600,1,,,,1,1,1,1,1,1,1,1,True,1,1,0,1,1,0,burst,True
s06-r1-burst_trial-0.4,6,1,burst_trial-0.4,burst_trial,0.4,2,32.52399999999943,1,600,1,,,,1,1,1,1,1,1,1,1,True,1,1,0,1,1,0,burst,True
s06-r1-burst_trial-0.4,6,1,burst_trial-0.4,burst_trial,0.4,3,40.96800000000076,2,600,1,,,,1,1,1,1,1,1,1,1,True,0,0,0,0,0,0,burst,True
s06-r1-burst_trial-0.4,6,1,burst_trial-0.4,burst_trial,0.4,4,64.55999999999949,2,600,1,,,,1,1,1,1,1,1,1,1,True,0,0,0,0,0,0,burst,True
s06-r1-burst_trial-0.4,6,1,burst_trial-0.4,burst_trial,0.4,5,80.17599999999948,1,600,1,,,,1,1,1,1,1,1,1,1,True,1,1,0,1,1,0,burst,True
s06-r1-burst_trial-0.4,6,1,burst_trial-0.4,burst_trial,0.4,6,87.7559999999994,1,600,1,,,,2,1,1,1,1,1,1,1,True,0,1,1,1,1,0,burst,True
s06-r1-burst_trial-0.4,6,1,burst_trial-0.4,burst_trial,0.4,7,95.64400000000025,1,600,1,,,,1,1,1,1,1,1,1,1,True,1,1,0,1,1,0,burst,True
s06-r1-burst_trial-0.4,6,1,burst_trial-0.4,burst_trial,0.4,8,111.28800000000048,2,600,1,,,,1,1,1,1,1,1,1,1,True,0,0,0,0,0,0,burst,True
s06-r1-burst_trial-0.4,6,1,burst_trial-0.4,burst_trial,0.4,9,119.76800000000004,2,600,1,,,,1,1,2,1,1,1,2,1,True,0,1,1,0,1,1,burst,True
s06-r1-burst_trial-0.4,6,1,burst_trial-0.4,burst_trial,0.4,10,127.79999999999929,1,600,1,,,,1,1,1,1,1,1,1,1,True,1,1,0,1,1,0,burst,True
s06-r1-burst_trial-0.4,6,1,burst_trial-0.4,burst_trial,0.4,11,136.0640000000003,1,600,1,,,,1,1,1,1,1,1,2,1,True,1,1,0,1,0,1,burst,True
s06-r1-burst_trial-0.4,6,1,burst_trial-0.4,burst_trial,0.4,12,152.47199999999975,1,600,1,,,,1,1,1,1,1,1,1,1,True,1,1,0,1,1,0,burst,True
s06-r1-burst_trial-0.4,6,1,burst_trial-0.4,burst_trial,0.4,13,160.7520000000004,2,600,1,,,,1,1,1,1,1,1,1,1,True,0,0,0,0,0,0,burst,True
s06-r1-burst_trial-0.4,6,1,burst_trial-0.4,burst_trial,0.4,14,192.6560000000009,1,600,1,,,,1,1,1,1,1,1,1,1,True,1,1,0,1,1,0,burst,True
s06-r1-burst_trial-0.4,6,1,burst_trial-0.4,burst_trial,0.4,15,216.9320000000007,2,600,1,,,,2,1,1,1,1,1,2,1,True,1,0,1,0,1,1,burst,True
s06-r1-burst_trial-0.4,6,1,burst_trial-0.4,burst_trial,0.4,16,241.21999999999932,2,600,1,,,,2,1,2,1,1,1,1,1,True,1,1,0,0,0,0,burst,True
s06-r1-burst_trial-0.4,6,1,burst_trial-0.4,burst_trial,0.4,17,249.64799999999923,1,600,1,,,,1,1,1,1,1,1,1,1,True,1,1,0,1,1,0,burst,True
s06-r1-burst_trial-0.4,6,1,burst_trial-0.4,burst_trial,0.4,18,258.0159999999996,2,600,1,,,,1,1,1,1,1,1,2,1,True,0,0,0,0,1,1,burst,True
s06-r1-burst_trial-0.4,6,1,burst_trial-0.4,burst_trial,0.4,19,306.6280000000006,1,600,1,,,,1,1,2,1,2,1,2,1,True,1,0,1,0,0,0,burst,True
s06-r1-burst_trial-0.4,6,1,burst_trial-0.4,burst_trial,0.4,20,322.65200000000004,2,600,1,,,,1,1,1,1,1,1,1,1,True,0,0,0,0,0,0,burst,True
s06-r1-burst_trial-0.4,6,1,burst_trial-0.4,burst_trial,0.4,21,338.52399999999943,2,600,1,,,,2,1,1,1,1,1,1,1,True,1,0,1,0,0,0,burst,True
s06-r1-burst_trial-0.4,6,1,burst_trial-0.4,burst_trial,0.4,22,362.3359999999993,2,600,1,,,,1,1,1,1,1,1,2,1,True,0,0,0,0,1,1,burst,True
s06-r1-burst_trial-0.4,6,1,burst_trial-0.4,burst_trial,0.4,23,379.02800000000025,1,600,1,,,,1,1,1,1,1,1,1,1,True,1,1,0,1,1,0,burst,True
s06-r2-burst_trial-0.1,6,2,burst_trial-0.1,burst_trial,0.1,0,1.0,1,900,1,,,,1,1,1,1,1,1,1,1,True,1,1,0,1,1,0,burst,True
s06-r2-burst_trial-0.1,6,2,burst_trial-0.1,burst_trial,0.1,1,9.012000000000626,1,900,1,,,,1,1,1,1,1,1,1,1,True,1,1,0,1,1,0,burst,True
s06-r2-burst_trial-0.1,6,2,burst_trial-0.1,burst_trial,0.1,2,24.49200000000019,2,900,1,,,,2,1,2,1,2,1,2,1,True,1,1,0,1,1,0,burst,True
s06-r2-burst_trial-0.1,6,2,burst_trial-0.1,burst_trial,0.1,3,32.52399999999943,1,900,1,,,,1,1,1,1,1,1,1,1,True,1,1,0,1,1,0,burst,True
s06-r2-burst_trial-0.1,6,2,burst_trial-0.1,burst_trial,0.1,4,48.63600000000042,1,900,1,,,,1,1,1,1,1,1,1,1,True,1,1,0,1,1,0,burst,True
s06-r2-burst_trial-0.1,6,2,burst_trial-0.1,burst_trial,0.1,5,64.55999999999949,2,900,1,,,,2,1,2,1,1,1,1,1,True,1,1,0,0,0,0,burst,True
s06-r2-burst_trial-0.1,6,2,burst_trial-0.1,burst_trial,0.1,6,80.17599999999948,1,900,1,,,,1,1,1,1,1,1,1,1,True,1,1,0,1,1,0,burst,True
s06-r2-burst_trial-0.1,6,2,burst_trial-0.1,burst_trial,0.1,7,103.42000000000009,1,900,1,,,,1,1,1,1,1,1,1,1,True,1,1,0,1,1,0,burst,True
s06-r2-burst_trial-0.1,6,2,burst_trial-0.1,burst_trial,0.1,8,119.76800000000004,2,900,1,,,,1,1,1,1,2,1,2,1,True,0,0,0,1,1,0,burst,True
s06-r2-burst_trial-0.1,6,2,burst_trial-0.1,burst_trial,0.1,9,160.7520000000004,1,900,1,,,,1,1,1,1,1,1,1,1,True,1,1,0,1,1,0,burst,True
s06-r2-burst_trial-0.1,6,2,burst_trial-0.1,burst_trial,0.1,10,176.71999999999937,2,900,1,,,,1,1,1,1,2,1,1,1,True,0,0,0,1,0,1,burst,True
s06-r2-burst_trial-0.1,6,2,burst_trial-0.1,burst_trial,0.1,11,192.6560000000009,2,900,1,,,,1,1,1,1,1,1,1,1,True,0,0,0,0,0,0,burst,True
s06-r2-burst_trial-0.1,6,2,burst_trial-0.1,burst_trial,0.1,12,200.5,1,900,1,,,,2,1,1,1,1,1,1,1,True,0,1,1,1,1,0,burst,True
s06-r2-burst_trial-0.1,6,2,burst_trial-0.1,burst_trial,0.1,13,216.9320000000007,2,900,1,,,,1,1,1,1,2,1,2,1,True,0,0,0,1,1,0,burst,True
s06-r2-burst_trial-0.1,6,2,burst_trial-0.1,burst_trial,0.1,14,224.83200000000036,1,900,1,,,,1,1,1,1,2,1,2,1,True,1,1,0,0,0,0,burst,True
s06-r2-burst_trial-0.1,6,2,burst_trial-0.1,burst_trial,0.1,15,249.64799999999923,1,900,1,,,,1,1,1,1,1,1,2,1,True,1,1,0,1,0,1,burst,True
s06-r2-burst_trial-0.1,6,2,burst_trial-0.1,burst_trial,0.1,16,282.8080000000009,2,900,1,,,,1,1,1,1,1,1,2,1,True,0,0,0,0,1,1,burst,True
s06-r2-burst_trial-0.1,6,2,burst_trial-0.1,burst_trial,0.1,17,290.88800000000083,1,900,1,,,,1,1,1,1,2,1,2,1,True,1,1,0,0,0,0,burst,True
s06-r2-burst_trial-0.1,6,2,burst_trial-0.1,burst_trial,0.1,18,298.77599999999984,2,900,1,,,,2,1,2,1,2,1,2,1,True,1,1,0,1,1,0,burst,True
s06-r2-burst_trial-0.1,6,2,burst_trial-0.1,burst_trial,0.1,19,314.3279999999995,2,900,1,,,,1,1,1,1,1,1,1,1,True,0,0,0,0,0,0,burst,True
s06-r2-burst_trial-0.1,6,2,burst_trial-0.1,burst_trial,0.1,20,338.52399999999943,2,900,1,,,,2,1,2,1,1,1,1,1,True,1,1,0,0,0,0,burst,True
s06-r2-burst_trial-0.1,6,2,burst_trial-0.1,burst_trial,0.1,21,347.0,2,900,1,,,,1,1,1,1,1,1,2,1,True,0,0,0,0,1,1,burst,True
s06-r2-burst_trial-0.1,6,2,burst_trial-0.1,burst_trial,0.1,22,354.6239999999998,2,900,1,,,,2,1,2,1,2,1,2,1,True,1,1,0,1,1,0,burst,True
s06-r2-burst_trial-0.1,6,2,burst_trial-0.1,burst_trial,0.1,23,379.02800000000025,1,900,1,,,,1,1,1,1,1,1,1,1,True,1,1,0,1,1,0,burst,True
s06-r2-burst_trial-0.25,6,2,burst_trial-0.25,burst_trial,0.25,0,1.0,1,750,1,,,,1,1,1,1,1,1,1,1,True,1,1,0,1,1,0,burst,True
s06-r2-burst_trial-0.25,6,2,burst_trial-0.25,burst_trial,0.25,1,9.012000000000626,1,750,1,,,,1,1,1,1,1,1,1,1,True,1,1,0,1,1,0,burst,True
s06-r2-burst_trial-0.25,6,2,burst_trial-0.25,burst_trial,0.25,2,24.49200000000019,2,750,1,,,,2,1,2,1,2,1,2,1,True,1,1,0,1,1,0,burst,True
s06-r2-burst_trial-0.25,6,2,burst_trial-0.25,burst_trial,0.25,3,32.52399999999943,1,750,1,,,,1,1,1,1,1,1,1,1,True,1,1,0,1,1,0,burst,True
s06-r2-burst_trial-0.25,6,2,burst_trial-0.25,burst_trial,0.25,4,48.63600000000042,1,750,1,,,,1,1,1,1,1,1,1,1,True,1,1,0,1,1,0,burst,True
s06-r2-burst_trial-0.25,6,2,burst_trial-0.25,burst_trial,0.25,5,64.55999999999949,2,750,1,,,,2,1,2,1,1,1,1,1,True,1,1,0,0,0,0,burst,True
s06-r2-burst_trial-0.25,6,2,burst_trial-0.25,burst_trial,0.25,6,80.17599999999948,1,750,1,,,,1,1,1,1,1,1,1,1,True,1,1,0,1,1,0,burst,True
s06-r2-burst_trial-0.25,6,2,burst_trial-0.25,burst_trial,0.25,7,103.42000000000009,1,750,1,,,,1,1,1,1,1,1,1,1,True,1,1,0,1,1,0,burst,True
s06-r2-burst_trial-0.25,6,2,burst_trial-0.25,burst_trial,0.25,8,119.76800000000004,2,750,1,,,,1,1,1,1,2,1,2,1,True,0,0,0,1,1,0,burst,True
s06-r2-burst_trial-0.25,6,2,burst_trial-0.25,burst_trial,0.25,9,160.7520000000004,1,750,1,,,,1,1,1,1,1,1,1,1,True,1,1,0,1,1,0,burst,True
s06-r2-burst_trial-0.25,6,2,burst_trial-0.25,burst_trial,0.25,10,176.71999999999937,2,750,1,,,,1,1,1,1,1,1,1,1,True,0,0,0,0,0,0,burst,True
s06-r2-burst_trial-0.25,6,2,burst_trial-0.25,burst_trial,0.25,11,192.6560000000009,2,750,1,,,,1,1,1,1,1,1,1,1,True,0,0,0,0,0,0,burst,True
s06-r2-burst_trial-0.25,6,2,burst_trial-0.25,burst_trial,0.25,12,200.5,1,750,1,,,,1,1,1,1,1,1,1,1,True,1,1,0,1,1,0,burst,True
s06-r2-burst_trial-0.25,6,2,burst_trial-0.25,burst_trial,0.25,13,216.9320000000007,2,750,1,,,,2,1,1,1,2,1,2,1,True,1,0,1,1,1,0,burst,True
s06-r2-burst_trial-0.25,6,2,burst_trial-0.25,burst_trial,0.25,14,224.83200000000036,1,750,1,,,,1,1,1,1,2,1,2,1,True,1,1,0,0,0,0,burst,True
s06-r2-burst_trial-0.25,6,2,burst_trial-0.25,burst_trial,0.25,15,249.64799999999923,1,750,1,,,,1,1,1,1,2,1,2,1,True,1,1,0,0,0,0,burst,True
s06-r2-burst_trial-0.25,6,2,burst_trial-0.25,burst_trial,0.25,16,282.8079999999991,2,750,1,,,,1,1,1,1,1,1,2,1,True,0,0,0,0,1,1,burst,True
s06-r2-burst_trial-0.25,6,2,burst_trial-0.25,burst_trial,0.25,17,290.88800000000083,1,750,1,,,,1,1,1,1,1,1,2,1,True,1,1,0,1,0,1,burst,True
s06-r2-burst_trial-0.25,6,2,burst_trial-0.25,burst_trial,0.25,18,298.77599999999984,2,750,1,,,,2,1,2,1,1,1,2,1,True,1,1,0,0,1,1,burst,True
s06-r2-burst_trial-0.25,6,2,burst_trial-0.25,burst_trial,0.25,19,314.3279999999995,2,750,1,,,,1,1,1,1,1,1,1,1,True,0,0,0,0,0,0,burst,True
s06-r2-burst_trial-0.25,6,2,burst_trial-0.25,burst_trial,0.25,20,338.52399999999943,2,750,1,,,,2,1,2,1,1,1,1,1,True,1,1,0,0,0,0,burst,True
s06-r2-burst_trial-0.25,6,2,burst_trial-0.25,burst_trial,0.25,21,347.0,2,750,1,,,,1,1,1,1,1,1,2,1,True,0,0,0,0,1,1,burst,True
s06-r2-burst_trial-0.25,6,2,burst_trial-0.25,burst_trial,0.25,22,354.6239999999998,2,750,1,,,,1,1,2,1,2,1,2,1,True,0,1,1,1,1,0,burst,True
s06-r2-burst_trial-0.25,6,2,burst_trial-0.25,burst_trial,0.25,23,379.02800000000025,1,750,1,,,,1,1,1,1,1,1,1,1,True,1,1,0,1,1,0,burst,True
s06-r2-burst_trial-0.4,6,2,burst_trial-0.4,burst_trial,0.4,0,1.0,1,600,1,,,,1,1,1,1,1,1,1,1,True,1,1,0,1,1,0,burst,True
s06-r2-burst_trial-0.4,6,2,burst_trial-0.4,burst_trial,0.4,1,9.012000000000626,1,600,1,,,,1,1,1,1,1,1,1,1,True,1,1,0,1,1,0,burst,True
s06-r2-burst_trial-0.4,6,2,burst_trial-0.4,burst_trial,0.4,2,24.49200000000019,2,600,1,,,,2,1,2,1,1,1,2,1,True,1,1,0,0,1,1,burst,True
s06-r2-burst_trial-0.4,6,2,burst_trial-0.4,burst_trial,0.4,3,32.52399999999943,1,600,1,,,,1,1,1,1,1,1,1,1,True,1,1,0,1,1,0,burst,True
s06-r2-burst_trial-0.4,6,2,burst_trial-0.4,burst_trial,0.4,4,48.63600000000042,1,600,1,,,,1,1,1,1,1,1,1,1,True,1,1,0,1,1,0,burst,True
s06-r2-burst_trial-0.4,6,2,burst_trial-0.4,burst_trial,0.4,5,64.55999999999949,2,600,1,,,,2,1,2,1,1,1,1,1,True,1,1,0,0,0,0,burst,True
s06-r2-burst_trial-0.4,6,2,burst_trial-0.4,burst_trial,0.4,6,80.17599999999948,1,600,1,,,,2,1,1,1,1,1,1,1,True,0,1,1,1,1,0,burst,True
s06-r2-burst_trial-0.4,6,2,burst_trial-0.4,burst_trial,0.4,7,103.42000000000009,1,600,1,,,,1,1,1,1,2,1,1,1,True,1,1,0,0,1,1,burst,True
s06-r2-burst_trial-0.4,6,2,burst_trial-0.4,burst_trial,0.4,8,119.76800000000004,2,600,1,,,,1,1,1,1,1,1,2,1,True,0,0,0,0,1,1,burst,True
s06-r2-burst_trial-0.4,6,2,burst_trial-0.4,burst_trial,0.4,9,160.7520000000004,1,600,1,,,,1,1,1,1,1,1,1,1,True,1,1,0,1,1,0,burst,True
s06-r2-burst_trial-0.4,6,2,burst_trial-0.4,burst_trial,0.4,10,176.71999999999937,2,600,1,,,,1,1,1,1,1,1,1,1,True,0,0,0,0,0,0,burst,True
s06-r2-burst_trial-0.4,6,2,burst_trial-0.4,burst_trial,0.4,11,192.6560000000009,2,600,1,,,,1,1,1,1,1,1,1,1,True,0,0,0,0,0,0,burst,True
s06-r2-burst_trial-0.4,6,2,burst_trial-0.4,burst_trial,0.4,12,200.5,1,600,1,,,,1,1,1,1,1,1,1,1,True,1,1,0,1,1,0,burst,True
s06-r2-burst_trial-0.4,6,2,burst_trial-0.4,burst_trial,0.4,13,216.9320000000007,2,600,1,,,,1,1,1,1,1,1,2,1,True,0,0,0,0,1,1,burst,True
s06-r2-burst_trial-0.4,6,2,burst_trial-0.4,burst_trial,0.4,14,224.83200000000036,1,600,1,,,,2,1,1,1,1,1,2,1,True,0,1,1,1,0,1,burst,True
s06-r2-burst_trial-0.4,6,2,burst_trial-0.4,burst_trial,0.4,15,249.64799999999923,1,600,1,,,,2,1,1,1,1,1,2,1,True,0,1,1,1,0,1,burst,True
s06-r2-burst_trial-0.4,6,2,burst_trial-0.4,burst_trial,0.4,16,282.8080000000009,2,600,1,,,,1,1,1,1,1,1,2,1,True,0,0,0,0,1,1,burst,True
s06-r2-burst_trial-0.4,6,2,burst_trial-0.4,burst_trial,0.4,17,290.88800000000083,1,600,1,,,,1,1,1,1,1,1,2,1,True,1,1,0,1,0,1,burst,True
s06-r2-burst_trial-0.4,6,2,burst_trial-0.4,burst_trial,0.4,18,298.77599999999984,2,600,1,,,,2,1,2,1,1,1,2,1,True,1,1,0,0,1,1,burst,True
s06-r2-burst_trial-0.4,6,2,burst_trial-0.4,burst_trial,0.4,19,314.3279999999995,2,600,1,,,,1,1,1,1,1,1,1,1,True,0,0,0,0,0,0,burst,True
s06-r2-burst_trial-0.4,6,2,burst_trial-0.4,burst_trial,0.4,20,338.52399999999943,2,600,1,,,,2,1,2,1,1,1,1,1,True,1,1,0,0,0,0,burst,True
s06-r2-burst_trial-0.4,6,2,burst_trial-0.4,burst_trial,0.4,21,347.0,2,600,1,,,,1,1,1,1,1,1,2,1,True,0,0,0,0,1,1,burst,True
s06-r2-burst_trial-0.4,6,2,burst_trial-0.4,burst_trial,0.4,22,354.6239999999998,2,600,1,,,,1,1,2,1,2,1,2,1,True,0,1,1,1,1,0,burst,True
s06-r2-burst_trial-0.4,6,2,burst_trial-0.4,burst_trial,0.4,23,379.02800000000025,1,600,1,,,,1,1,1,1,1,1,1,1,True,1,1,0,1,1,0,burst,True
s06-r3-burst_trial-0.1,6,3,burst_trial-0.1,burst_trial,0.1,0,1.0,2,900,1,,,,1,1,2,1,1,1,1,1,True,0,1,1,0,0,0,burst,True
s06-r3-burst_trial-0.1,6,3,burst_trial-0.1,burst_trial,0.1,1,16.684000000001106,1,900,1,,,,1,1,1,1,1,1,1,1,True,1,1,0,1,1,0,burst,True
s06-r3-burst_trial-0.1,6,3,burst_trial-0.1,burst_trial,0.1,2,48.6359999999986,1,900,1,,,,2,1,1,1,1,1,1,1,True,0,1,1,1,1,0,burst,True
s06-r3-burst_trial-0.1,6,3,burst_trial-0.1,burst_trial,0.1,3,56.83599999999933,1,900,1,,,,1,1,1,1,1,1,1,1,True,1,1,0,1,1,0,burst,True
s06-r3-burst_trial-0.1,6,3,burst_trial-0.1,burst_trial,0.1,4,72.55199999999968,2,900,1,,,,2,1,2,1,1,1,1,1,True,1,1,0,0,0,0,burst,True
s06-r3-burst_trial-0.1,6,3,burst_trial-0.1,burst_trial,0.1,5,103.41999999999824,2,900,1,,,,1,1,1,1,2,1,2,1,True,0,0,0,1,1,0,burst,True
s06-r3-burst_trial-0.1,6,3,burst_trial-0.1,burst_trial,0.1,6,111.28800000000048,1,900,1,,,,1,1,1,1,2,1,2,1,True,1,1,0,0,0,0,burst,True
s06-r3-burst_trial-0.1,6,3,burst_trial-0.1,burst_trial,0.1,7,127.79999999999929,2,900,1,,,,1,1,1,1,2,1,2,1,True,0,0,0,1,1,0,burst,True
s06-r3-burst_trial-0.1,6,3,burst_trial-0.1,burst_trial,0.1,8,144.20799999999872,1,900,1,,,,1,1,1,1,1,1,2,1,True,1,1,0,1,0,1,burst,True
s06-r3-burst_trial-0.1,6,3,burst_trial-0.1,burst_trial,0.1,9,169.07200000000012,2,900,1,,,,1,1,1,1,1,1,1,1,True,0,0,0,0,0,0,burst,True
s06-r3-burst_trial-0.1,6,3,burst_trial-0.1,burst_trial,0.1,10,192.65599999999904,1,900,1,,,,1,1,1,1,1,1,1,1,True,1,1,0,1,1,0,burst,True
s06-r3-burst_trial-0.1,6,3,burst_trial-0.1,burst_trial,0.1,11,200.5,2,900,1,,,,1,1,1,1,2,1,2,1,True,0,0,0,1,1,0,burst,True
s06-r3-burst_trial-0.1,6,3,burst_trial-0.1,burst_trial,0.1,12,208.91600000000108,2,900,1,,,,1,1,1,1,1,1,1,1,True,0,0,0,0,0,0,burst,True
s06-r3-burst_trial-0.1,6,3,burst_trial-0.1,burst_trial,0.1,13,232.9360000000015,2,900,1,,,,2,1,2,1,2,1,2,1,True,1,1,0,1,1,0,burst,True
s06-r3-burst_trial-0.1,6,3,burst_trial-0.1,burst_trial,0.1,14,241.2200000000012,1,900,1,,,,1,1,1,1,1,1,1,1,True,1,1,0,1,1,0,burst,True
s06-r3-burst_trial-0.1,6,3,burst_trial-0.1,burst_trial,0.1,15,249.64800000000105,1,900,1,,,,1,1,1,1,1,1,1,1,True,1,1,0,1,1,0,burst,True
s06-r3-burst_trial-0.1,6,3,burst_trial-0.1,burst_trial,0.1,16,266.380000000001,2,900,1,,,,1,1,1,1,1,1,1,1,True,0,0,0,0,0,0,burst,True
s06-r3-burst_trial-0.1,6,3,burst_trial-0.1,burst_trial,0.1,17,274.5519999999997,1,900,1,,,,1,1,1,1,1,1,1,1,True,1,1,0,1,1,0,burst,True
s06-r3-burst_trial-0.1,6,3,burst_trial-0.1,burst_trial,0.1,18,290.887999999999,2,900,1,,,,1,1,1,1,2,1,2,1,True,0,0,0,1,1,0,burst,True
s06-r3-burst_trial-0.1,6,3,burst_trial-0.1,burst_trial,0.1,19,298.77600000000166,2,900,1,,,,2,1,2,1,2,1,2,1,True,1,1,0,1,1,0,burst,True
s06-r3-burst_trial-0.1,6,3,burst_trial-0.1,burst_trial,0.1,20,314.32800000000134,1,900,1,,,,1,1,1,1,1,1,1,1,True,1,1,0,1,1,0,burst,True
s06-r3-burst_trial-0.1,6,3,burst_trial-0.1,burst_trial,0.1,21,362.3359999999993,1,900,1,,,,1,1,1,1,1,1,1,1,True,1,1,0,1,1,0,burst,True
s06-r3-burst_trial-0.1,6,3,burst_trial-0.1,burst_trial,0.1,22,370.7920000000013,2,900,1,,,,2,1,2,1,2,1,2,1,True,1,1,0,1,1,0,burst,True
s06-r3-burst_trial-0.1,6,3,burst_trial-0.1,burst_trial,0.1,23,379.0279999999984,1,900,1,,,,1,1,1,1,1,1,1,1,True,1,1,0,1,1,0,burst,True
s06-r3-burst_trial-0.25,6,3,burst_trial-0.25,burst_trial,0.25,0,1.0,2,750,1,,,,2,1,2,1,1,1,1,1,True,1,1,0,0,0,0,burst,True
s06-r3-burst_trial-0.25,6,3,burst_trial-0.25,burst_trial,0.25,1,16.684000000001106,1,750,1,,,,1,1,1,1,1,1,1,1,True,1,1,0,1,1,0,burst,True
s06-r3-burst_trial-0.25,6,3,burst_trial-0.25,burst_trial,0.25,2,48.6359999999986,1,750,1,,,,1,1,1,1,1,1,1,1,True,1,1,0,1,1,0,burst,True
s06-r3-burst_trial-0.25,6,3,burst_trial-0.25,burst_trial,0.25,3,56.83599999999933,1,750,1,,,,1,1,1,1,1,1,1,1,True,1,1,0,1,1,0,burst,True
s06-r3-burst_trial-0.25,6,3,burst_trial-0.25,burst_trial,0.25,4,72.55199999999968,2,750,1,,,,1,1,2,1,1,1,1,1,True,0,1,1,0,0,0,burst,True
s06-r3-burst_trial-0.25,6,3,burst_trial-0.25,burst_trial,0.25,5,103.41999999999824,2,750,1,,,,1,1,1,1,2,1,2,1,True,0,0,0,1,1,0,burst,True
s06-r3-burst_trial-0.25,6,3,burst_trial-0.25,burst_trial,0.25,6,111.28800000000048,1,750,1,,,,1,1,1,1,1,1,2,1,True,1,1,0,1,0,1,burst,True
s06-r3-burst_trial-0.25,6,3,burst_trial-0.25,burst_trial,0.25,7,127.79999999999929,2,750,1,,,,1,1,1,1,1,1,2,1,True,0,0,0,0,1,1,burst,True
s06-r3-burst_trial-0.25,6,3,burst_trial-0.25,burst_trial,0.25,8,144.20799999999872,1,750,1,,,,1,1,1,1,2,1,2,1,True,1,1,0,0,0,0,burst,True
s06-r3-burst_trial-0.25,6,3,burst_trial-0.25,burst_trial,0.25,9,169.07200000000012,2,750,1,,,,1,1,1,1,1,1,1,1,True,0,0,0,0,0,0,burst,True
s06-r3-burst_trial-0.25,6,3,burst_trial-0.25,burst_trial,0.25,10,192.65599999999904,1,750,1,,,,1,1,1,1,1,1,1,1,True,1,1,0,1,1,0,burst,True
s06-r3-burst_trial-0.25,6,3,burst_trial-0.25,burst_trial,0.25,11,200.5,2,750,1,,,,1,1,1,1,2,1,2,1,True,0,0,0,1,1,0,burst,True
s06-r3-burst_trial-0.25,6,3,burst_trial-0.25,burst_trial,0.25,12,208.91600000000108,2,750,1,,,,1,1,1,1,1,1,1,1,True,0,0,0,0,0,0,burst,True
s06-r3-burst_trial-0.25,6,3,burst_trial-0.25,burst_trial,0.25,13,232.9360000000015,2,750,1,,,,1,1,2,1,2,1,2,1,True,0,1,1,1,1,0,burst,True
s06-r3-burst_trial-0.25,6,3,burst_trial-0.25,burst_trial,0.25,14,241.2200000000012,1,750,1,,,,1,1,1,1,1,1,1,1,True,1,1,0,1,1,0,burst,True
s06-r3-burst_trial-0.25,6,3,burst_trial-0.25,burst_trial,0.25,15,249.64800000000105,1,750,1,,,,1,1,1,1,1,1,1,1,True,1,1,0,1,1,0,burst,True
s06-r3-burst_trial-0.25,6,3,burst_trial-0.25,burst_trial,0.25,16,266.380000000001,2,750,1,,,,1,1,1,1,1,1,1,1,True,0,0,0,0,0,0,burst,True
s06-r3-burst_trial-0.25,6,3,burst_trial-0.25,burst_trial,0.25,17,274.5519999999997,1,750,1,,,,1,1,1,1,1,1,1,1,True,1,1,0,1,1,0,burst,True
s06-r3-burst_trial-0.25,6,3,burst_trial-0.25,burst_trial,0.25,18,290.887999999999,2,750,1,,,,1,1,1,1,1,1,2,1,True,0,0,0,0,1,1,burst,True
s06-r3-burst_trial-0.25,6,3,burst_trial-0.25,burst_trial,0.25,19,298.77600000000166,2,750,1,,,,2,1,2,1,2,1,2,1,True,1,1,0,1,1,0,burst,True
s06-r3-burst_trial-0.25,6,3,burst_trial-0.25,burst_trial,0.25,20,314.32800000000134,1,750,1,,,,1,1,1,1,1,1,1,1,True,1,1,0,1,1,0,burst,True
s06-r3-burst_trial-0.25,6,3,burst_trial-0.25,burst_trial,0.25,21,362.3359999999993,1,750,1,,,,1,1,1,1,1,1,1,1,True,1,1,0,1,1,0,burst,True
s06-r3-burst_trial-0.25,6,3,burst_trial-0.25,burst_trial,0.25,22,370.7920000000013,2,750,1,,,,2,1,2,1,2,1,2,1,True,1,1,0,1,1,0,burst,True
s06-r3-burst_trial-0.25,6,3,burst_trial-0.25,burst_trial,0.25,23,379.0279999999984,1,750,1,,,,1,1,1,1,1,1,1,1,True,1,1,0,1,1,0,burst,True
s06-r3-burst_trial-0.4,6,3,burst_trial-0.4,burst_trial,0.4,0,1.0,2,600,1,,,,2,1,2,1,1,1,1,1,True,1,1,0,0,0,0,burst,True
s06-r3-burst_trial-0.4,6,3,burst_trial-0.4,burst_trial,0.4,1,16.684000000001106,1,600,1,,,,1,1,1,1,1,1,1,1,True,1,1,0,1,1,0,burst,True
s06-r3-burst_trial-0.4,6,3,burst_trial-0.4,burst_trial,0.4,2,48.6359999999986,1,600,1,,,,1,1,1,1,1,1,1,1,True,1,1,0,1,1,0,burst,True
s06-r3-burst_trial-0.4,6,3,burst_trial-0.4,burst_trial,0.4,3,56.83599999999933,1,600,1,,,,1,1,1,1,1,1,1,1,True,1,1,0,1,1,0,burst,True
s06-r3-burst_trial-0.4,6,3,burst_trial-0.4,burst_trial,0.4,4,72.55199999999968,2,600,1,,,,1,1,2,1,1,1,1,1,True,0,1,1,0,0,0,burst,True
s06-r3-burst_trial-0.4,6,3,burst_trial-0.4,burst_trial,0.4,5,103.41999999999824,2,600,1,,,,1,1,1,1,2,1,2,1,True,0,0,0,1,1,0,burst,True
s06-r3-burst_trial-0.4,6,3,burst_trial-0.4,burst_trial,0.4,6,111.28800000000048,1,600,1,,,,1,1,1,1,1,1,2,1,True,1,1,0,1,0,1,burst,True
s06-r3-burst_trial-0.4,6,3,burst_trial-0.4,burst_trial,0.4,7,127.79999999999929,2,600,1,,,,1,1,1,1,1,1,2,1,True,0,0,0,0,1,1,burst,True
s06-r3-burst_trial-0.4,6,3,burst_trial-0.4,burst_trial,0.4,8,144.20799999999872,1,600,1,,,,1,1,1,1,1,1,2,1,True,1,1,0,1,0,1,burst,True
s06-r3-burst_trial-0.4,6,3,burst_trial-0.4,burst_trial,0.4,9,169.07200000000012,2,600,1,,,,2,1,1,1,1,1,1,1,True,1,0,1,0,0,0,burst,True
s06-r3-burst_trial-0.4,6,3,burst_trial-0.4,burst_trial,0.4,10,192.65599999999904,1,600,1,,,,1,1,1,1,1,1,1,1,True,1,1,0,1,1,0,burst,True
s06-r3-burst_trial-0.4,6,3,burst_trial-0.4,burst_trial,0.4,11,200.5,2,600,1,,,,1,1,1,1,2,1,2,1,True,0,0,0,1,1,0,burst,True
s06-r3-burst_trial-0.4,6,3,burst_trial-0.4,burst_trial,0.4,12,208.91600000000108,2,600,1,,,,1,1,1,1,1,1,1,1,True,0,0,0,0,0,0,burst,True
s06-r3-burst_trial-0.4,6,3,burst_trial-0.4,burst_trial,0.4,13,232.9360000000015,2,600,1,,,,1,1,2,1,1,1,2,1,True,0,1,1,0,1,1,burst,True
s06-r3-burst_trial-0.4,6,3,burst_trial-0.4,burst_trial,0.4,14,241.2200000000012,1,600,1,,,,1,1,1,1,1,1,1,1,True,1,1,0,1,1,0,burst,True
s06-r3-burst_trial-0.4,6,3,burst_trial-0.4,burst_trial,0.4,15,249.64800000000105,1,600,1,,,,1,1,1,1,1,1,1,1,True,1,1,0,1,1,0,burst,True
s06-r3-burst_trial-0.4,6,3,burst_trial-0.4,burst_trial,0.4,16,266.380000000001,2,600,1,,,,1,1,1,1,2,1,1,1,True,0,0,0,1,0,1,burst,True
s06-r3-burst_trial-0.4,6,3,burst_trial-0.4,burst_trial,0.4,17,274.5519999999997,1,600,1,,,,1,1,1,1,1,1,1,1,True,1,1,0,1,1,0,burst,True
s06-r3-burst_trial-0.4,6,3,burst_trial-0.4,burst_trial,0.4,18,290.887999999999,2,600,1,,,,1,1,1,1,1,1,2,1,True,0,0,0,0,1,1,burst,True
s06-r3-burst_trial-0.4,6,3,burst_trial-0.4,burst_trial,0.4,19,298.77600000000166,2,600,1,,,,2,1,2,1,2,1,2,1,True,1,1,0,1,1,0,burst,True
s06-r3-burst_trial-0.4,6,3,burst_trial-0.4,burst_trial,0.4,20,314.32800000000134,1,600,1,,,,1,1,1,1,1,1,1,1,True,1,1,0,1,1,0,burst,True
s06-r3-burst_trial-0.4,6,3,burst_trial-0.4,burst_trial,0.4,21,362.3359999999993,1,600,1,,,,1,1,1,1,1,1,1,1,True,1,1,0,1,1,0,burst,True
s06-r3-burst_trial-0.4,6,3,burst_trial-0.4,burst_trial,0.4,22,370.7920000000013,2,600,1,,,,2,1,2,1,2,1,2,1,True,1,1,0,1,1,0,burst,True
s06-r3-burst_trial-0.4,6,3,burst_trial-0.4,burst_trial,0.4,23,379.0279999999984,1,600,1,,,,1,1,1,1,1,1,1,1,True,1,1,0,1,1,0,burst,True
s06-r4-burst_trial-0.1,6,4,burst_trial-0.1,burst_trial,0.1,0,1.0,2,900,1,,,,1,1,1,1,2,1,2,1,True,0,0,0,1,1,0,burst,True
s06-r4-burst_trial-0.1,6,4,burst_trial-0.1,burst_trial,0.1,1,9.011999999998809,1,900,1,,,,1,1,1,1,2,1,2,1,True,1,1,0,0,0,0,burst,True
s06-r4-burst_trial-0.1,6,4,burst_trial-0.1,burst_trial,0.1,2,16.684000000001106,1,900,1,,,,1,1,1,1,1,1,1,1,True,1,1,0,1,1,0,burst,True
s06-r4-burst_trial-0.1,6,4,burst_trial-0.1,burst_trial,0.1,3,40.96800000000076,2,900,1,,,,1,1,1,1,1,1,1,1,True,0,0,0,0,0,0,burst,True
s06-r4-burst_trial-0.1,6,4,burst_trial-0.1,burst_trial,0.1,4,64.56000000000131,1,900,1,,,,1,1,1,1,1,1,1,1,True,1,1,0,1,1,0,burst,True
s06-r4-burst_trial-0.1,6,4,burst_trial-0.1,burst_trial,0.1,5,80.17599999999948,1,900,1,,,,1,1,1,1,1,1,1,1,True,1,1,0,1,1,0,burst,True
s06-r4-burst_trial-0.1,6,4,burst_trial-0.1,burst_trial,0.1,6,87.75600000000122,1,900,1,,,,1,1,1,1,1,1,1,1,True,1,1,0,1,1,0,burst,True
s06-r4-burst_trial-0.1,6,4,burst_trial-0.1,burst_trial,0.1,7,95.64400000000025,2,900,1,,,,2,1,2,1,2,1,2,1,True,1,1,0,1,1,0,burst,True
s06-r4-burst_trial-0.1,6,4,burst_trial-0.1,burst_trial,0.1,8,119.76800000000004,2,900,1,,,,1,1,1,1,2,1,2,1,True,0,0,0,1,1,0,burst,True
s06-r4-burst_trial-0.1,6,4,burst_trial-0.1,burst_trial,0.1,9,169.07200000000012,2,900,1,,,,1,1,1,1,2,1,2,1,True,0,0,0,1,1,0,burst,True
s06-r4-burst_trial-0.1,6,4,burst_trial-0.1,burst_trial,0.1,10,176.72000000000116,2,900,1,,,,1,1,1,1,2,1,2,1,True,0,0,0,1,1,0,burst,True
s06-r4-burst_trial-0.1,6,4,burst_trial-0.1,burst_trial,0.1,11,192.65599999999904,1,900,1,,,,1,1,1,1,2,1,2,1,True,1,1,0,0,0,0,burst,True
s06-r4-burst_trial-0.1,6,4,burst_trial-0.1,burst_trial,0.1,12,200.5,2,900,1,,,,1,1,1,1,1,1,1,1,True,0,0,0,0,0,0,burst,True
s06-r4-burst_trial-0.1,6,4,burst_trial-0.1,burst_trial,0.1,13,208.91600000000108,2,900,1,,,,1,1,1,1,1,1,1,1,True,0,0,0,0,0,0,burst,True
s06-r4-burst_trial-0.1,6,4,burst_trial-0.1,burst_trial,0.1,14,216.9320000000007,2,900,1,,,,1,1,1,1,2,1,2,1,True,0,0,0,1,1,0,burst,True
s06-r4-burst_trial-0.1,6,4,burst_trial-0.1,burst_trial,0.1,15,241.2200000000012,1,900,1,,,,1,1,1,1,1,1,1,1,True,1,1,0,1,1,0,burst,True
s06-r4-burst_trial-0.1,6,4,burst_trial-0.1,burst_trial,0.1,16,258.0159999999996,1,900,1,,,,1,1,1,1,1,1,1,1,True,1,1,0,1,1,0,burst,True
s06-r4-burst_trial-0.1,6,4,burst_trial-0.1,burst_trial,0.1,17,274.5519999999997,1,900,1,,,,1,1,1,1,1,1,1,1,True,1,1,0,1,1,0,burst,True
s06-r4-burst_trial-0.1,6,4,burst_trial-0.1,burst_trial,0.1,18,290.887999999999,1,900,1,,,,2,1,2,1,1,1,1,1,True,0,0,0,1,1,0,burst,True
s06-r4-burst_trial-0.1,6,4,burst_trial-0.1,burst_trial,0.1,19,306.6280000000006,1,900,1,,,,2,1,2,1,1,1,1,1,True,0,0,0,1,1,0,burst,True
s06-r4-burst_trial-0.1,6,4,burst_trial-0.1,burst_trial,0.1,20,314.32800000000134,2,900,1,,,,1,1,1,1,1,1,1,1,True,0,0,0,0,0,0,burst,True
s06-r4-burst_trial-0.1,6,4,burst_trial-0.1,burst_trial,0.1,21,347.0,1,900,1,,,,1,1,1,1,2,1,1,1,True,1,1,0,0,1,1,burst,True
s06-r4-burst_trial-0.1,6,4,burst_trial-0.1,burst_trial,0.1,22,354.6239999999998,2,900,1,,,,1,1,1,1,1,1,2,1,True,0,0,0,0,1,1,burst,True
s06-r4-burst_trial-0.1,6,4,burst_trial-0.1,burst_trial,0.1,23,370.7920000000013,2,900,1,,,,2,1,2,1,2,1,2,1,True,1,1,0,1,1,0,burst,True
s06-r4-burst_trial-0.25,6,4,burst_trial-0.25,burst_trial,0.25,0,1.0,2,750,1,,,,2,1,1,1,1,1,2,1,True,1,0,1,0,1,1,burst,True
s06-r4-burst_trial-0.25,6,4,burst_trial-0.25,burst_trial,0.25,1,9.011999999998809,1,750,1,,,,1,1,1,1,1,1,2,1,True,1,1,0,1,0,1,burst,True
s06-r4-burst_trial-0.25,6,4,burst_trial-0.25,burst_trial,0.25,2,16.684000000001106,1,750,1,,,,1,1,1,1,1,1,1,1,True,1,1,0,1,1,0,burst,True
s06-r4-burst_trial-0.25,6,4,burst_trial-0.25,burst_trial,0.25,3,40.96800000000076,2,750,1,,,,1,1,1,1,2,1,1,1,True,0,0,0,1,0,1,burst,True
s06-r4-burst_trial-0.25,6,4,burst_trial-0.25,burst_trial,0.25,4,64.56000000000131,1,750,1,,,,1,1,1,1,1,1,1,1,True,1,1,0,1,1,0,burst,True
s06-r4-burst_trial-0.25,6,4,burst_trial-0.25,burst_trial,0.25,5,80.17599999999948,1,750,1,,,,1,1,1,1,1,1,1,1,True,1,1,0,1,1,0,burst,True
s06-r4-burst_trial-0.25,6,4,burst_trial-0.25,burst_trial,0.25,6,87.75600000000122,1,750,1,,,,1,1,1,1,1,1,1,1,True,1,1,0,1,1,0,burst,True
s06-r4-burst_trial-0.25,6,4,burst_trial-0.25,burst_trial,0.25,7,95.64400000000025,2,750,1,,,,2,1,2,1,2,1,2,1,True,1,1,0,1,1,0,burst,True
s06-r4-burst_trial-0.25,6,4,burst_trial-0.25,burst_trial,0.25,8,119.76800000000004,2,750,1,,,,1,1,1,1,1,1,2,1,True,0,0,0,0,1,1,burst,True
s06-r4-burst_trial-0.25,6,4,burst_trial-0.25,burst_trial,0.25,9,169.07200000000012,2,750,1,,,,1,1,1,1,2,1,2,1,True,0,0,0,1,1,0,burst,True
s06-r4-burst_trial-0.25,6,4,burst_trial-0.25,burst_trial,0.25,10,176.72000000000116,2,750,1,,,,1,1,1,1,1,1,2,1,True,0,0,0,0,1,1,burst,True
s06-r4-burst_trial-0.25,6,4,burst_trial-0.25,burst_trial,0.25,11,192.65599999999904,1,750,1,,,,1,1,1,1,1,1,2,1,True,1,1,0,1,0,1,burst,True
s06-r4-burst_trial-0.25,6,4,burst_trial-0.25,burst_trial,0.25,12,200.5,2,750,1,,,,1,1,1,1,2,1,1,1,True,0,0,0,1,0,1,burst,True
s06-r4-burst_trial-0.25,6,4,burst_trial-0.25,burst_trial,0.25,13,208.91600000000108,2,750,1,,,,1,1,1,1,1,1,1,1,True,0,0,0,0,0,0,burst,True
s06-r4-burst_trial-0.25,6,4,burst_trial-0.25,burst_trial,0.25,14,216.9320000000007,2,750,1,,,,1,1,1,1,2,1,2,1,True,0,0,0,1,1,0,burst,True
s06-r4-burst_trial-0.25,6,4,burst_trial-0.25,burst_trial,0.25,15,241.2200000000012,1,750,1,,,,1,1,1,1,1,1,1,1,True,1,1,0,1,1,0,burst,True
s06-r4-burst_trial-0.25,6,4,burst_trial-0.25,burst_trial,0.25,16,258.0159999999996,1,750,1,,,,1,1,1,1,1,1,1,1,True,1,1,0,1,1,0,burst,True
s06-r4-burst_trial-0.25,6,4,burst_trial-0.25,burst_trial,0.25,17,274.5519999999997,1,750,1,,,,1,1,1,1,1,1,1,1,True,1,1,0,1,1,0,burst,True
s06-r4-burst_trial-0.25,6,4,burst_trial-0.25,burst_trial,0.25,18,290.887999999999,1,750,1,,,,1,1,2,1,1,1,1,1,True,1,0,1,1,1,0,burst,True
s06-r4-burst_trial-0.25,6,4,burst_trial-0.25,burst_trial,0.25,19,306.6280000000006,1,750,1,,,,2,1,2,1,1,1,1,1,True,0,0,0,1,1,0,burst,True
s06-r4-burst_trial-0.25,6,4,burst_trial-0.25,burst_trial,0.25,20,314.32800000000134,2,750,1,,,,1,1,1,1,1,1,1,1,True,0,0,0,0,0,0,burst,True
s06-r4-burst_trial-0.25,6,4,burst_trial-0.25,burst_trial,0.25,21,347.0,1,750,1,,,,1,1,1,1,1,1,1,1,True,1,1,0,1,1,0,burst,True
s06-r4-burst_trial-0.25,6,4,burst_trial-0.25,burst_trial,0.25,22,354.6239999999998,2,750,1,,,,1,1,1,1,2,1,2,1,True,0,0,0,1,1,0,burst,True
s06-r4-burst_trial-0.25,6,4,burst_trial-0.25,burst_trial,0.25,23,370.7920000000013,2,750,1,,,,2,1,2,1,2,1,2,1,True,1,1,0,1,1,0,burst,True
s06-r4-burst_trial-0.4,6,4,burst_trial-0.4,burst_trial,0.4,0,1.0,2,600,1,,,,1,1,1,1,1,1,2,1,True,0,0,0,0,1,1,burst,True
s06-r4-burst_trial-0.4,6,4,burst_trial-0.4,burst_trial,0.4,1,9.011999999998809,1,600,1,,,,1,1,1,1,1,1,2,1,True,1,1,0,1,0,1,burst,True
s06-r4-burst_trial-0.4,6,4,burst_trial-0.4,burst_trial,0.4,2,16.684000000001106,1,600,1,,,,1,1,1,1,1,1,1,1,True,1,1,0,1,1,0,burst,True
s06-r4-burst_trial-0.4,6,4,burst_trial-0.4,burst_trial,0.4,3,40.96800000000076,2,600,1,,,,1,1,1,1,1,1,1,1,True,0,0,0,0,0,0,burst,True
s06-r4-burst_trial-0.4,6,4,burst_trial-0.4,burst_trial,0.4,4,64.56000000000131,1,600,1,,,,1,1,1,1,1,1,1,1,True,1,1,0,1,1,0,burst,True
s06-r4-burst_trial-0.4,6,4,burst_trial-0.4,burst_trial,0.4,5,80.17599999999948,1,600,1,,,,1,1,1,1,1,1,1,1,True,1,1,0,1,1,0,burst,True
s06-r4-burst_trial-0.4,6,4,burst_trial-0.4,burst_trial,0.4,6,87.75600000000122,1,600,1,,,,1,1,1,1,1,1,1,1,True,1,1,0,1,1,0,burst,True
s06-r4-burst_trial-0.4,6,4,burst_trial-0.4,burst_trial,0.4,7,95.64400000000025,2,600,1,,,,2,1,2,1,1,1,2,1,True,1,1,0,0,1,1,burst,True
s06-r4-burst_trial-0.4,6,4,burst_trial-0.4,burst_trial,0.4,8,119.76800000000004,2,600,1,,,,1,1,1,1,1,1,2,1,True,0,0,0,0,1,1,burst,True
s06-r4-burst_trial-0.4,6,4,burst_trial-0.4,burst_trial,0.4,9,169.07200000000012,2,600,1,,,,1,1,1,1,2,1,2,1,True,0,0,0,1,1,0,burst,True
s06-r4-burst_trial-0.4,6,4,burst_trial-0.4,burst_trial,0.4,10,176.72000000000116,2,600,1,,,,1,1,1,1,2,1,2,1,True,0,0,0,1,1,0,burst,True
s06-r4-burst_trial-0.4,6,4,burst_trial-0.4,burst_trial,0.4,11,192.65599999999904,1,600,1,,,,1,1,1,1,1,1,2,1,True,1,1,0,1,0,1,burst,True
s06-r4-burst_trial-0.4,6,4,burst_trial-0.4,burst_trial,0.4,12,200.5,2,600,1,,,,1,1,1,1,1,1,1,1,True,0,0,0,0,0,0,burst,True
s06-r4-burst_trial-0.4,6,4,burst_trial-0.4,burst_trial,0.4,13,208.91600000000108,2,600,1,,,,1,1,1,1,1,1,1,1,True,0,0,0,0,0,0,burst,True
s06-r4-burst_trial-0.4,6,4,burst_trial-0.4,burst_trial,0.4,14,216.9320000000007,2,600,1,,,,1,1,1,1,1,1,2,1,True,0,0,0,0,1,1,burst,True
s06-r4-burst_trial-0.4,6,4,burst_trial-0.4,burst_trial,0.4,15,241.2200000000012,1,600,1,,,,1,1,1,1,1,1,1,1,True,1,1,0,1,1,0,burst,True
s06-r4-burst_trial-0.4,6,4,burst_trial-0.4,burst_trial,0.4,16,258.0159999999996,1,600,1,,,,2,1,1,1,1,1,1,1,True,0,1,1,1,1,0,burst,True
s06-r4-burst_trial-0.4,6,4,burst_trial-0.4,burst_trial,0.4,17,274.5519999999997,1,600,1,,,,1,1,1,1,1,1,1,1,True,1,1,0,1,1,0,burst,True
s06-r4-burst_trial-0.4,6,4,burst_trial-0.4,burst_trial,0.4,18,290.887999999999,1,600,1,,,,2,1,2,1,1,1,1,1,True,0,0,0,1,1,0,burst,True
s06-r4-burst_trial-0.4,6,4,burst_trial-0.4,burst_trial,0.4,19,306.6280000000006,1,600,1,,,,2,1,2,1,1,1,1,1,True,0,0,0,1,1,0,burst,True
s06-r4-burst_trial-0.4,6,4,burst_trial-0.4,burst_trial,0.4,20,314.32800000000134,2,600,1,,,,2,1,1,1,1,1,1,1,True,1,0,1,0,0,0,burst,True
s06-r4-burst_trial-0.4,6,4,burst_trial-0.4,burst_trial,0.4,21,347.0,1,600,1,,,,1,1,1,1,1,1,1,1,True,1,1,0,1,1,0,burst,True
s06-r4-burst_trial-0.4,6,4,burst_trial-0.4,burst_trial,0.4,22,354.6239999999998,2,600,1,,,,1,1,1,1,1,1,2,1,True,0,0,0,0,1,1,burst,True
s06-r4-burst_trial-0.4,6,4,burst_trial-0.4,burst_trial,0.4,23,370.7920000000013,2,600,1,,,,2,1,2,1,1,1,2,1,True,1,1,0,0,1,1,burst,True
s07-r0-burst_trial-0.1,7,0,burst_trial-0.1,burst_trial,0.1,0,1.0,1,900,1,,,,1,1,1,1,1,1,1,1,True,1,1,0,1,1,0,burst,True
s07-r0-burst_trial-0.1,7,0,burst_trial-0.1,burst_trial,0.1,1,9.011999999999716,2,900,1,,,,2,1,1,1,2,1,2,1,True,1,0,1,1,1,0,burst,True
s07-r0-burst_trial-0.1,7,0,burst_trial-0.1,burst_trial,0.1,2,16.684000000000196,2,900,1,,,,2,1,2,1,2,1,2,1,True,1,1,0,1,1,0,burst,True
s07-r0-burst_trial-0.1,7,0,burst_trial-0.1,burst_trial,0.1,3,24.49200000000019,1,900,1,,,,1,1,1,1,1,1,1,1,True,1,1,0,1,1,0,burst,True
s07-r0-burst_trial-0.1,7,0,burst_trial-0.1,burst_trial,0.1,4,32.52400000000034,2,900,1,,,,2,1,2,1,1,1,1,1,True,1,1,0,0,0,0,burst,True
s07-r0-burst_trial-0.1,7,0,burst_trial-0.1,burst_trial,0.1,5,40.96799999999985,1,900,1,,,,1,1,1,1,1,1,1,1,True,1,1,0,1,1,0,burst,True
s07-r0-burst_trial-0.1,7,0,burst_trial-0.1,burst_trial,0.1,6,48.63600000000042,2,900,1,,,,2,1,2,1,1,1,2,1,True,1,1,0,0,1,1,burst,True
s07-r0-burst_trial-0.1,7,0,burst_trial-0.1,burst_trial,0.1,7,64.5600000000004,2,900,1,,,,2,1,2,1,2,1,2,1,True,1,1,0,1,1,0,burst,True
s07-r0-burst_trial-0.1,7,0,burst_trial-0.1,burst_trial,0.1,8,80.17600000000039,1,900,1,,,,1,1,1,1,1,1,2,1,True,1,1,0,1,0,1,burst,True
s07-r0-burst_trial-0.1,7,0,burst_trial-0.1,burst_trial,0.1,9,95.64400000000025,2,900,1,,,,2,1,2,1,1,1,1,1,True,1,1,0,0,0,0,burst,True
s07-r0-burst_trial-0.1,7,0,burst_trial-0.1,burst_trial,0.1,10,103.42000000000009,1,900,1,,,,1,1,1,1,2,1,2,1,True,1,1,0,0,0,0,burst,True
s07-r0-burst_trial-0.1,7,0,burst_trial-0.1,burst_trial,0.1,11,152.47199999999975,1,900,1,,,,2,1,2,1,1,1,1,1,True,0,0,0,1,1,0,burst,True
s07-r0-burst_trial-0.1,7,0,burst_trial-0.1,burst_trial,0.1,12,169.07200000000012,2,900,1,,,,2,1,2,1,2,1,2,1,True,1,1,0,1,1,0,burst,True
s07-r0-burst_trial-0.1,7,0,burst_trial-0.1,burst_trial,0.1,13,176.72000000000023,1,900,1,,,,1,1,1,1,2,1,2,1,True,1,1,0,0,0,0,burst,True
s07-r0-burst_trial-0.1,7,0,burst_trial-0.1,burst_trial,0.1,14,184.84400000000005,1,900,1,,,,1,1,1,1,1,1,1,1,True,1,1,0,1,1,0,burst,True
s07-r0-burst_trial-0.1,7,0,burst_trial-0.1,burst_trial,0.1,15,208.91600000000017,1,900,1,,,,1,1,1,1,1,1,1,1,True,1,1,0,1,1,0,burst,True
s07-r0-burst_trial-0.1,7,0,burst_trial-0.1,burst_trial,0.1,16,241.22000000000023,1,900,1,,,,2,1,2,1,1,1,1,1,True,0,0,0,1,1,0,burst,True
s07-r0-burst_trial-0.1,7,0,burst_trial-0.1,burst_trial,0.1,17,249.6480000000001,2,900,1,,,,2,1,2,1,2,1,2,1,True,1,1,0,1,1,0,burst,True
s07-r0-burst_trial-0.1,7,0,burst_trial-0.1,burst_trial,0.1,18,258.0159999999996,1,900,1,,,,2,1,2,1,2,1,2,1,True,0,0,0,0,0,0,burst,True
s07-r0-burst_trial-0.1,7,0,burst_trial-0.1,burst_trial,0.1,19,266.3800000000001,2,900,1,,,,2,1,2,1,2,1,2,1,True,1,1,0,1,1,0,burst,True
s07-r0-burst_trial-0.1,7,0,burst_trial-0.1,burst_trial,0.1,20,274.5519999999997,2,900,1,,,,2,1,2,1,2,1,2,1,True,1,1,0,1,1,0,burst,True
s07-r0-burst_trial-0.1,7,0,burst_trial-0.1,burst_trial,0.1,21,282.808,1,900,1,,,,2,1,1,1,1,1,2,1,True,0,1,1,1,0,1,burst,True
s07-r0-burst_trial-0.1,7,0,burst_trial-0.1,burst_trial,0.1,22,290.8879999999999,2,900,1,,,,2,1,2,1,2,1,2,1,True,1,1,0,1,1,0,burst,True
s07-r0-burst_trial-0.1,7,0,burst_trial-0.1,burst_trial,0.1,23,306.6279999999997,2,900,1,,,,2,1,2,1,2,1,2,1,True,1,1,0,1,1,0,burst,True
s07-r0-burst_trial-0.25,7,0,burst_trial-0.25,burst_trial,0.25,0,1.0,1,750,1,,,,1,1,1,1,1,1,1,1,True,1,1,0,1,1,0,burst,True
s07-r0-burst_trial-0.25,7,0,burst_trial-0.25,burst_trial,0.25,1,9.011999999999716,2,750,1,,,,1,1,1,1,1,1,2,1,True,0,0,0,0,1,1,burst,True
s07-r0-burst_trial-0.25,7,0,burst_trial-0.25,burst_trial,0.25,2,16.684000000000196,2,750,1,,,,2,1,2,1,2,1,2,1,True,1,1,0,1,1,0,burst,True
s07-r0-burst_trial-0.25,7,0,burst_trial-0.25,burst_trial,0.25,3,24.49200000000019,1,750,1,,,,1,1,1,1,1,1,1,1,True,1,1,0,1,1,0,burst,True
s07-r0-burst_trial-0.25,7,0,burst_trial-0.25,burst_trial,0.25,4,32.52400000000034,2,750,1,,,,2,1,2,1,1,1,1,1,True,1,1,0,0,0,0,burst,True
s07-r0-burst_trial-0.25,7,0,burst_trial-0.25,burst_trial,0.25,5,40.96799999999985,1,750,1,,,,1,1,1,1,1,1,1,1,True,1,1,0,1,1,0,burst,True
s07-r0-burst_trial-0.25,7,0,burst_trial-0.25,burst_trial,0.25,6,48.63600000000042,2,750,1,,,,2,1,2,1,2,1,2,1,True,1,1,0,1,1,0,burst,True
s07-r0-burst_trial-0.25,7,0,burst_trial-0.25,burst_trial,0.25,7,64.5600000000004,2,750,1,,,,2,1,2,1,2,1,2,1,True,1,1,0,1,1,0,burst,True
s07-r0-burst_trial-0.25,7,0,burst_trial-0.25,burst_trial,0.25,8,80.17600000000039,1,750,1,,,,1,1,1,1,2,1,2,1,True,1,1,0,0,0,0,burst,True
s07-r0-burst_trial-0.25,7,0,burst_trial-0.25,burst_trial,0.25,9,95.64400000000025,2,750,1,,,,2,1,2,1,1,1,1,1,True,1,1,0,0,0,0,burst,True
s07-r0-burst_trial-0.25,7,0,burst_trial-0.25,burst_trial,0.25,10,103.42000000000009,1,750,1,,,,1,1,1,1,2,1,2,1,True,1,1,0,0,0,0,burst,True
s07-r0-burst_trial-0.25,7,0,burst_trial-0.25,burst_trial,0.25,11,152.47199999999975,1,750,1,,,,2,1,2,1,1,1,1,1,True,0,0,0,1,1,0,burst,True
s07-r0-burst_trial-0.25,7,0,burst_trial-0.25,burst_trial,0.25,12,169.07200000000012,2,750,1,,,,1,1,2,1,1,1,2,1,True,0,1,1,0,1,1,burst,True
s07-r0-burst_trial-0.25,7,0,burst_trial-0.25,burst_trial,0.25,13,176.72000000000023,1,750,1,,,,1,1,1,1,2,1,2,1,True,1,1,0,0,0,0,burst,True
s07-r0-burst_trial-0.25,7,0,burst_trial-0.25,burst_trial,0.25,14,184.84400000000005,1,750,1,,,,2,1,1,1,1,1,1,1,True,0,1,1,1,1,0,burst,True
s07-r0-burst_trial-0.25,7,0,burst_trial-0.25,burst_trial,0.25,15,208.91600000000017,1,750,1,,,,1,1,1,1,1,1,1,1,True,1,1,0,1,1,0,burst,True
s07-r0-burst_trial-0.25,7,0,burst_trial-0.25,burst_trial,0.25,16,241.22000000000023,1,750,1,,,,2,1,2,1,1,1,1,1,True,0,0,0,1,1,0,burst,True
s07-r0-burst_trial-0.25,7,0,burst_trial-0.25,burst_trial,0.25,17,249.6480000000001,2,750,1,,,,2,1,2,1,2,1,2,1,True,1,1,0,1,1,0,burst,True
s07-r0-burst_trial-0.25,7,0,burst_trial-0.25,burst_trial,0.25,18,258.0159999999996,1,750,1,,,,2,1,2,1,2,1,2,1,True,0,0,0,0,0,0,burst,True
s07-r0-burst_trial-0.25,7,0,burst_trial-0.25,burst_trial,0.25,19,266.3800000000001,2,750,1,,,,2,1,2,1,1,1,2,1,True,1,1,0,0,1,1,burst,True
s07-r0-burst_trial-0.25,7,0,burst_trial-0.25,burst_trial,0.25,20,274.5519999999997,2,750,1,,,,2,1,2,1,2,1,2,1,True,1,1,0,1,1,0,burst,True
s07-r0-burst_trial-0.25,7,0,burst_trial-0.25,burst_trial,0.25,21,282.808,1,750,1,,,,1,1,1,1,2,1,2,1,True,1,1,0,0,0,0,burst,True
s07-r0-burst_trial-0.25,7,0,burst_trial-0.25,burst_trial,0.25,22,290.8879999999999,2,750,1,,,,2,1,2,1,2,1,2,1,True,1,1,0,1,1,0,burst,True
s07-r0-burst_trial-0.25,7,0,burst_trial-0.25,burst_trial,0.25,23,306.6279999999997,2,750,1,,,,2,1,2,1,2,1,2,1,True,1,1,0,1,1,0,burst,True
s07-r0-burst_trial-0.4,7,0,burst_trial-0.4,burst_trial,0.4,0,1.0,1,600,1,,,,2,1,1,1,2,1,1,1,True,0,1,1,0,1,1,burst,True
s07-r0-burst_trial-0.4,7,0,burst_trial-0.4,burst_trial,0.4,1,9.011999999999716,2,600,1,,,,2,1,1,1,1,1,2,1,True,1,0,1,0,1,1,burst,True
s07-r0-burst_trial-0.4,7,0,burst_trial-0.4,burst_trial,0.4,2,16.684000000000196,2,600,1,,,,1,1,2,1,1,1,2,1,True,0,1,1,0,1,1,burst,True
s07-r0-burst_trial-0.4,7,0,burst_trial-0.4,burst_trial,0.4,3,24.49200000000019,1,600,1,,,,2,1,1,1,1,1,1,1,True,0,1,1,1,1,0,burst,True
s07-r0-burst_trial-0.4,7,0,burst_trial-0.4,burst_trial,0.4,4,32.52400000000034,2,600,1,,,,2,1,2,1,1,1,1,1,True,1,1,0,0,0,0,burst,True
s07-r0-burst_trial-0.4,7,0,burst_trial-0.4,burst_trial,0.4,5,40.96799999999985,1,600,1,,,,1,1,1,1,1,1,1,1,True,1,1,0,1,1,0,burst,True
s07-r0-burst_trial-0.4,7,0,burst_trial-0.4,burst_trial,0.4,6,48.63600000000042,2,600,1,,,,2,1,2,1,1,1,2,1,True,1,1,0,0,1,1,burst,True
s07-r0-burst_trial-0.4,7,0,burst_trial-0.4,burst_trial,0.4,7,64.5600000000004,2,600,1,,,,2,1,2,1,1,1,2,1,True,1,1,0,0,1,1,burst,True
s07-r0-burst_trial-0.4,7,0,burst_trial-0.4,burst_trial,0.4,8,80.17600000000039,1,600,1,,,,1,1,1,1,1,1,2,1,True,1,1,0,1,0,1,burst,True
s07-r0-burst_trial-0.4,7,0,burst_trial-0.4,burst_trial,0.4,9,95.64400000000025,2,600,1,,,,1,1,2,1,1,1,1,1,True,0,1,1,0,0,0,burst,True
s07-r0-burst_trial-0.4,7,0,burst_trial-0.4,burst_trial,0.4,10,103.42000000000009,1,600,1,,,,1,1,1,1,1,1,2,1,True,1,1,0,1,0,1,burst,True
s07-r0-burst_trial-0.4,7,0,burst_trial-0.4,burst_trial,0.4,11,152.47199999999975,1,600,1,,,,2,1,2,1,1,1,1,1,True,0,0,0,1,1,0,burst,True
s07-r0-burst_trial-0.4,7,0,burst_trial-0.4,burst_trial,0.4,12,169.07200000000012,2,600,1,,,,2,1,2,1,2,1,2,1,True,1,1,0,1,1,0,burst,True
s07-r0-burst_trial-0.4,7,0,burst_trial-0.4,burst_trial,0.4,13,176.72000000000023,1,600,1,,,,1,1,1,1,2,1,2,1,True,1,1,0,0,0,0,burst,True
s07-r0-burst_trial-0.4,7,0,burst_trial-0.4,burst_trial,0.4,14,184.84400000000005,1,600,1,,,,2,1,1,1,1,1,1,1,True,0,1,1,1,1,0,burst,True
s07-r0-burst_trial-0.4,7,0,burst_trial-0.4,burst_trial,0.4,15,208.91600000000017,1,600,1,,,,1,1,1,1,1,1,1,1,True,1,1,0,1,1,0,burst,True
s07-r0-burst_trial-0.4,7,0,burst_trial-0.4,burst_trial,0.4,16,241.22000000000023,1,600,1,,,,2,1,2,1,1,1,1,1,True,0,0,0,1,1,0,burst,True
s07-r0-burst_trial-0.4,7,0,burst_trial-0.4,burst_trial,0.4,17,249.6480000000001,2,600,1,,,,2,1,2,1,2,1,2,1,True,1,1,0,1,1,0,burst,True
s07-r0-burst_trial-0.4,7,0,burst_trial-0.4,burst_trial,0.4,18,258.0159999999996,1,600,1,,,,2,1,2,1,2,1,2,1,True,0,0,0,0,0,0,burst,True
s07-r0-burst_trial-0.4,7,0,burst_trial-0.4,burst_trial,0.4,19,266.3800000000001,2,600,1,,,,2,1,2,1,2,1,2,1,True,1,1,0,1,1,0,burst,True
s07-r0-burst_trial-0.4,7,0,burst_trial-0.4,burst_trial,0.4,20,274.5519999999997,2,600,1,,,,2,1,2,1,2,1,2,1,True,1,1,0,1,1,0,burst,True
s07-r0-burst_trial-0.4,7,0,burst_trial-0.4,burst_trial,0.4,21,282.808,1,600,1,,,,1,1,1,1,2,1,2,1,True,1,1,0,0,0,0,burst,True
s07-r0-burst_trial-0.4,7,0,burst_trial-0.4,burst_trial,0.4,22,290.8879999999999,2,600,1,,,,2,1,2,1,1,1,2,1,True,1,1,0,0,1,1,burst,True
s07-r0-burst_trial-0.4,7,0,burst_trial-0.4,burst_trial,0.4,23,306.6279999999997,2,600,1,,,,2,1,2,1,2,1,2,1,True,1,1,0,1,1,0,burst,True
s07-r1-burst_trial-0.1,7,1,burst_trial-0.1,burst_trial,0.1,0,16.683999999999287,2,900,1,,,,2,1,2,1,2,1,2,1,True,1,1,0,1,1,0,burst,True
s07-r1-burst_trial-0.1,7,1,burst_trial-0.1,burst_trial,0.1,1,24.49200000000019,1,900,1,,,,1,1,1,1,2,1,2,1,True,1,1,0,0,0,0,burst,True
s07-r1-burst_trial-0.1,7,1,burst_trial-0.1,burst_trial,0.1,2,32.52399999999943,1,900,1,,,,1,1,1,1,2,1,2,1,True,1,1,0,0,0,0,burst,True
s07-r1-burst_trial-0.1,7,1,burst_trial-0.1,burst_trial,0.1,3,40.96800000000076,2,900,1,,,,2,1,2,1,2,1,2,1,True,1,1,0,1,1,0,burst,True
s07-r1-burst_trial-0.1,7,1,burst_trial-0.1,burst_trial,0.1,4,64.55999999999949,2,900,1,,,,2,1,2,1,2,1,2,1,True,1,1,0,1,1,0,burst,True
s07-r1-burst_trial-0.1,7,1,burst_trial-0.1,burst_trial,0.1,5,80.17599999999948,1,900,1,,,,2,1,2,1,2,1,2,1,True,0,0,0,0,0,0,burst,True
s07-r1-burst_trial-0.1,7,1,burst_trial-0.1,burst_trial,0.1,6,87.7559999999994,1,900,1,,,,1,1,1,1,1,1,1,1,True,1,1,0,1,1,0,burst,True
s07-r1-burst_trial-0.1,7,1,burst_trial-0.1,burst_trial,0.1,7,95.64400000000025,1,900,1,,,,2,1,2,1,1,1,1,1,True,0,0,0,1,1,0,burst,True
s07-r1-burst_trial-0.1,7,1,burst_trial-0.1,burst_trial,0.1,8,111.28800000000048,2,900,1,,,,2,1,2,1,2,1,2,1,True,1,1,0,1,1,0,burst,True
s07-r1-burst_trial-0.1,7,1,burst_trial-0.1,burst_trial,0.1,9,119.76800000000004,2,900,1,,,,2,1,2,1,2,1,2,1,True,1,1,0,1,1,0,burst,True
s07-r1-burst_trial-0.1,7,1,burst_trial-0.1,burst_trial,0.1,10,127.79999999999929,1,900,1,,,,1,1,1,1,1,1,1,1,True,1,1,0,1,1,0,burst,True
s07-r1-burst_trial-0.1,7,1,burst_trial-0.1,burst_trial,0.1,11,136.0640000000003,1,900,1,,,,1,1,1,1,1,1,1,1,True,1,1,0,1,1,0,burst,True
s07-r1-burst_trial-0.1,7,1,burst_trial-0.1,burst_trial,0.1,12,152.47199999999975,1,900,1,,,,2,1,2,1,2,1,2,1,True,0,0,0,0,0,0,burst,True
s07-r1-burst_trial-0.1,7,1,burst_trial-0.1,burst_trial,0.1,13,160.7520000000004,2,900,1,,,,2,1,2,1,2,1,2,1,True,1,1,0,1,1,0,burst,True
s07-r1-burst_trial-0.1,7,1,burst_trial-0.1,burst_trial,0.1,14,192.6560000000009,1,900,1,,,,2,1,2,1,2,1,2,1,True,0,0,0,0,0,0,burst,True
s07-r1-burst_trial-0.1,7,1,burst_trial-0.1,burst_trial,0.1,15,216.9320000000007,2,900,1,,,,2,1,2,1,2,1,2,1,True,1,1,0,1,1,0,burst,True
s07-r1-burst_trial-0.1,7,1,burst_trial-0.1,burst_trial,0.1,16,241.21999999999932,2,900,1,,,,2,1,2,1,2,1,2,1,True,1,1,0,1,1,0,burst,True
s07-r1-burst_trial-0.1,7,1,burst_trial-0.1,burst_trial,0.1,17,249.64799999999923,1,900,1,,,,2,1,2,1,1,1,1,1,True,0,0,0,1,1,0,burst,True
s07-r1-burst_trial-0.1,7,1,burst_trial-0.1,burst_trial,0.1,18,258.0159999999996,2,900,1,,,,2,1,2,1,1,1,1,1,True,1,1,0,0,0,0,burst,True
s07-r1-burst_trial-0.1,7,1,burst_trial-0.1,burst_trial,0.1,19,306.6280000000006,1,900,1,,,,1,1,1,1,1,1,1,1,True,1,1,0,1,1,0,burst,True
s07-r1-burst_trial-0.1,7,1,burst_trial-0.1,burst_trial,0.1,20,322.65200000000004,2,900,1,,,,2,1,2,1,2,1,2,1,True,1,1,0,1,1,0,burst,True
s07-r1-burst_trial-0.1,7,1,burst_trial-0.1,burst_trial,0.1,21,338.52399999999943,2,900,1,,,,2,1,2,1,2,1,2,1,True,1,1,0,1,1,0,burst,True
s07-r1-burst_trial-0.1,7,1,burst_trial-0.1,burst_trial,0.1,22,362.3359999999993,2,900,1,,,,2,1,2,1,2,1,2,1,True,1,1,0,1,1,0,burst,True
s07-r1-burst_trial-0.1,7,1,burst_trial-0.1,burst_trial,0.1,23,379.02800000000025,1,900,1,,,,1,1,1,1,1,1,1,1,True,1,1,0,1,1,0,burst,True
s07-r1-burst_trial-0.25,7,1,burst_trial-0.25,burst_trial,0.25,0,16.683999999999287,2,750,1,,,,2,1,2,1,2,1,2,1,True,1,1,0,1,1,0,burst,True
s07-r1-burst_trial-0.25,7,1,burst_trial-0.25,burst_trial,0.25,1,24.49200000000019,1,750,1,,,,1,1,1,1,2,1,2,1,True,1,1,0,0,0,0,burst,True
s07-r1-burst_trial-0.25,7,1,burst_trial-0.25,burst_trial,0.25,2,32.52399999999943,1,750,1,,,,1,1,1,1,2,1,2,1,True,1,1,0,0,0,0,burst,True
s07-r1-burst_trial-0.25,7,1,burst_trial-0.25,burst_trial,0.25,3,40.96800000000076,2,750,1,,,,2,1,2,1,2,1,2,1,True,1,1,0,1,1,0,burst,True
s07-r1-burst_trial-0.25,7,1,burst_trial-0.25,burst_trial,0.25,4,64.55999999999949,2,750,1,,,,2,1,2,1,2,1,2,1,True,1,1,0,1,1,0,burst,True
s07-r1-burst_trial-0.25,7,1,burst_trial-0.25,burst_trial,0.25,5,80.17599999999948,1,750,1,,,,2,1,2,1,1,1,2,1,True,0,0,0,1,0,1,burst,True
s07-r1-burst_trial-0.25,7,1,burst_trial-0.25,burst_trial,0.25,6,87.7559999999994,1,750,1,,,,1,1,1,1,1,1,1,1,True,1,1,0,1,1,0,burst,True
s07-r1-burst_trial-0.25,7,1,burst_trial-0.25,burst_trial,0.25,7,95.64400000000025,1,750,1,,,,2,1,2,1,1,1,1,1,True,0,0,0,1,1,0,burst,True
s07-r1-burst_trial-0.25,7,1,burst_trial-0.25,burst_trial,0.25,8,111.28800000000048,2,750,1,,,,2,1,2,1,2,1,2,1,True,1,1,0,1,1,0,burst,True
s07-r1-burst_trial-0.25,7,1,burst_trial-0.25,burst_trial,0.25,9,119.76800000000004,2,750,1,,,,2,1,2,1,1,1,2,1,True,1,1,0,0,1,1,burst,True
s07-r1-burst_trial-0.25,7,1,burst_trial-0.25,burst_trial,0.25,10,127.79999999999929,1,750,1,,,,1,1,1,1,1,1,1,1,True,1,1,0,1,1,0,burst,True
s07-r1-burst_trial-0.25,7,1,burst_trial-0.25,burst_trial,0.25,11,136.0640000000003,1,750,1,,,,2,1,1,1,1,1,1,1,True,0,1,1,1,1,0,burst,True
s07-r1-burst_trial-0.25,7,1,burst_trial-0.25,burst_trial,0.25,12,152.47199999999975,1,750,1,,,,1,1,2,1,2,1,2,1,True,1,0,1,0,0,0,burst,True
s07-r1-burst_trial-0.25,7,1,burst_trial-0.25,burst_trial,0.25,13,160.7520000000004,2,750,1,,,,2,1,2,1,2,1,2,1,True,1,1,0,1,1,0,burst,True
s07-r1-burst_trial-0.25,7,1,burst_trial-0.25,burst_trial,0.25,14,192.6560000000009,1,750,1,,,,2,1,2,1,2,1,2,1,True,0,0,0,0,0,0,burst,True
s07-r1-burst_trial-0.25,7,1,burst_trial-0.25,burst_trial,0.25,15,216.9320000000007,2,750,1,,,,2,1,2,1,2,1,2,1,True,1,1,0,1,1,0,burst,True
s07-r1-burst_trial-0.25,7,1,burst_trial-0.25,burst_trial,0.25,16,241.21999999999932,2,750,1,,,,2,1,2,1,1,1,2,1,True,1,1,0,0,1,1,burst,True
s07-r1-burst_trial-0.25,7,1,burst_trial-0.25,burst_trial,0.25,17,249.64799999999923,1,750,1,,,,1,1,2,1,1,1,1,1,True,1,0,1,1,1,0,burst,True
s07-r1-burst_trial-0.25,7,1,burst_trial-0.25,burst_trial,0.25,18,258.0159999999996,2,750,1,,,,2,1,2,1,1,1,1,1,True,1,1,0,0,0,0,burst,True
s07-r1-burst_trial-0.25,7,1,burst_trial-0.25,burst_trial,0.25,19,306.6280000000006,1,750,1,,,,2,1,1,1,1,1,1,1,True,0,1,1,1,1,0,burst,True
s07-r1-burst_trial-0.25,7,1,burst_trial-0.25,burst_trial,0.25,20,322.65200000000004,2,750,1,,,,2,1,2,1,2,1,2,1,True,1,1,0,1,1,0,burst,True
s07-r1-burst_trial-0.25,7,1,burst_trial-0.25,burst_trial,0.25,21,338.52399999999943,2,750,1,,,,2,1,2,1,2,1,2,1,True,1,1,0,1,1,0,burst,True
s07-r1-burst_trial-0.25,7,1,burst_trial-0.25,burst_trial,0.25,22,362.3359999999993,2,750,1,,,,2,1,2,1,2,1,2,1,True,1,1,0,1,1,0,burst,True
s07-r1-burst_trial-0.25,7,1,burst_trial-0.25,burst_trial,0.25,23,379.02800000000025,1,750,1,,,,2,1,1,1,1,1,1,1,True,0,1,1,1,1,0,burst,True
s07-r1-burst_trial-0.4,7,1,burst_trial-0.4,burst_trial,0.4,0,16.683999999999287,2,600,1,,,,2,1,2,1,1,1,2,1,True,1,1,0,0,1,1,burst,True
s07-r1-burst_trial-0.4,7,1,burst_trial-0.4,burst_trial,0.4,1,24.49200000000019,1,600,1,,,,2,1,1,1,1,1,2,1,True,0,1,1,1,0,1,burst,True
s07-r1-burst_trial-0.4,7,1,burst_trial-0.4,burst_trial,0.4,2,32.52399999999943,1,600,1,,,,2,1,1,1,1,1,2,1,True,0,1,1,1,0,1,burst,True
s07-r1-burst_trial-0.4,7,1,burst_trial-0.4,burst_trial,0.4,3,40.96800000000076,2,600,1,,,,2,1,2,1,1,1,2,1,True,1,1,0,0,1,1,burst,True
s07-r1-burst_trial-0.4,7,1,burst_trial-0.4,burst_trial,0.4,4,64.55999999999949,2,600,1,,,,2,1,2,1,2,1,2,1,True,1,1,0,1,1,0,burst,True
s07-r1-burst_trial-0.4,7,1,burst_trial-0.4,burst_trial,0.4,5,80.17599999999948,1,600,1,,,,2,1,2,1,1,1,2,1,True,0,0,0,1,0,1,burst,True
s07-r1-burst_trial-0.4,7,1,burst_trial-0.4,burst_trial,0.4,6,87.7559999999994,1,600,1,,,,1,1,1,1,1,1,1,1,True,1,1,0,1,1,0,burst,True
s07-r1-burst_trial-0.4,7,1,burst_trial-0.4,burst_trial,0.4,7,95.64400000000025,1,600,1,,,,2,1,2,1,1,1,1,1,True,0,0,0,1,1,0,burst,True
s07-r1-burst_trial-0.4,7,1,burst_trial-0.4,burst_trial,0.4,8,111.28800000000048,2,600,1,,,,2,1,2,1,1,1,2,1,True,1,1,0,0,1,1,burst,True
s07-r1-burst_trial-0.4,7,1,burst_trial-0.4,burst_trial,0.4,9,119.76800000000004,2,600,1,,,,2,1,2,1,1,1,2,1,True,1,1,0,0,1,1,burst,True
s07-r1-burst_trial-0.4,7,1,burst_trial-0.4,burst_trial,0.4,10,127.79999999999929,1,600,1,,,,2,1,1,1,1,1,1,1,True,0,1,1,1,1,0,burst,True
s07-r1-burst_trial-0.4,7,1,burst_trial-0.4,burst_trial,0.4,11,136.0640000000003,1,600,1,,,,1,1,1,1,1,1,1,1,True,1,1,0,1,1,0,burst,True
s07-r1-burst_trial-0.4,7,1,burst_trial-0.4,burst_trial,0.4,12,152.47199999999975,1,600,1,,,,1,1,2,1,1,1,2,1,True,1,0,1,1,0,1,burst,True
s07-r1-burst_trial-0.4,7,1,burst_trial-0.4,burst_trial,0.4,13,160.7520000000004,2,600,1,,,,2,1,2,1,2,1,2,1,True,1,1,0,1,1,0,burst,True
s07-r1-burst_trial-0.4,7,1,burst_trial-0.4,burst_trial,0.4,14,192.6560000000009,1,600,1,,,,2,1,2,1,2,1,2,1,True,0,0,0,0,0,0,burst,True
s07-r1-burst_trial-0.4,7,1,burst_trial-0.4,burst_trial,0.4,15,216.9320000000007,2,600,1,,,,2,1,2,1,2,1,2,1,True,1,1,0,1,1,0,burst,True
s07-r1-burst_trial-0.4,7,1,burst_trial-0.4,burst_trial,0.4,16,241.21999999999932,2,600,1,,,,2,1,2,1,2,1,2,1,True,1,1,0,1,1,0,burst,True
s07-r1-burst_trial-0.4,7,1,burst_trial-0.4,burst_trial,0.4,17,249.64799999999923,1,600,1,,,,1,1,2,1,1,1,1,1,True,1,0,1,1,1,0,burst,True
s07-r1-burst_trial-0.4,7,1,burst_trial-0.4,burst_trial,0.4,18,258.0159999999996,2,600,1,,,,2,1,2,1,1,1,1,1,True,1,1,0,0,0,0,burst,True
s07-r1-burst_trial-0.4,7,1,burst_trial-0.4,burst_trial,0.4,19,306.6280000000006,1,600,1,,,,2,1,1,1,1,1,1,1,True,0,1,1,1,1,0,burst,True
s07-r1-burst_trial-0.4,7,1,burst_trial-0.4,burst_trial,0.4,20,322.65200000000004,2,600,1,,,,2,1,2,1,2,1,2,1,True,1,1,0,1,1,0,burst,True
s07-r1-burst_trial-0.4,7,1,burst_trial-0.4,burst_trial,0.4,21,338.52399999999943,2,600,1,,,,2,1,2,1,2,1,2,1,True,1,1,0,1,1,0,burst,True
s07-r1-burst_trial-0.4,7,1,burst_trial-0.4,burst_trial,0.4,22,362.3359999999993,2,600,1,,,,2,1,2,1,2,1,2,1,True,1,1,0,1,1,0,burst,True
s07-r1-burst_trial-0.4,7,1,burst_trial-0.4,burst_trial,0.4,23,379.02800000000025,1,600,1,,,,2,1,1,1,2,1,1,1,True,0,1,1,0,1,1,burst,True
s07-r2-burst_trial-0.1,7,2,burst_trial-0.1,burst_trial,0.1,0,1.0,1,900,1,,,,2,1,1,1,2,1,2,1,True,0,1,1,0,0,0,burst,True
s07-r2-burst_trial-0.1,7,2,burst_trial-0.1,burst_trial,0.1,1,9.012000000000626,1,900,1,,,,2,1,2,1,1,1,1,1,True,0,0,0,1,1,0,burst,True
s07-r2-burst_trial-0.1,7,2,burst_trial-0.1,burst_trial,0.1,2,24.49200000000019,2,900,1,,,,2,1,2,1,2,1,2,1,True,1,1,0,1,1,0,burst,True
s07-r2-burst_trial-0.1,7,2,burst_trial-0.1,burst_trial,0.1,3,32.52399999999943,1,900,1,,,,2,1,2,1,1,1,1,1,True,0,0,0,1,1,0,burst,True
s07-r2-burst_trial-0.1,7,2,burst_trial-0.1,burst_trial,0.1,4,48.63600000000042,1,900,1,,,,2,1,2,1,1,1,1,1,True,0,0,0,1,1,0,burst,True
s07-r2-burst_trial-0.1,7,2,burst_trial-0.1,burst_trial,0.1,5,64.55999999999949,2,900,1,,,,2,1,2,1,2,1,2,1,True,1,1,0,1,1,0,burst,True
s07-r2-burst_trial-0.1,7,2,burst_trial-0.1,burst_trial,0.1,6,80.17599999999948,1,900,1,,,,2,1,2,1,1,1,2,1,True,0,0,0,1,0,1,burst,True
s07-r2-burst_trial-0.1,7,2,burst_trial-0.1,burst_trial,0.1,7,103.42000000000009,1,900,1,,,,2,1,2,1,2,1,2,1,True,0,0,0,0,0,0,burst,True
s07-r2-burst_trial-0.1,7,2,burst_trial-0.1,burst_trial,0.1,8,119.76800000000004,2,900,1,,,,2,1,2,1,2,1,2,1,True,1,1,0,1,1,0,burst,True
s07-r2-burst_trial-0.1,7,2,burst_trial-0.1,burst_trial,0.1,9,160.7520000000004,1,900,1,,,,1,1,1,1,1,1,2,1,True,1,1,0,1,0,1,burst,True
s07-r2-burst_trial-0.1,7,2,burst_trial-0.1,burst_trial,0.1,10,176.71999999999937,2,900,1,,,,2,1,2,1,2,1,2,1,True,1,1,0,1,1,0,burst,True
s07-r2-burst_trial-0.1,7,2,burst_trial-0.1,burst_trial,0.1,11,192.6560000000009,2,900,1,,,,2,1,2,1,2,1,2,1,True,1,1,0,1,1,0,burst,True
s07-r2-burst_trial-0.1,7,2,burst_trial-0.1,burst_trial,0.1,12,200.5,1,900,1,,,,1,1,1,1,1,1,1,1,True,1,1,0,1,1,0,burst,True
s07-r2-burst_trial-0.1,7,2,burst_trial-0.1,burst_trial,0.1,13,216.9320000000007,2,900,1,,,,2,1,2,1,2,1,2,1,True,1,1,0,1,1,0,burst,True
s07-r2-burst_trial-0.1,7,2,burst_trial-0.1,burst_trial,0.1,14,224.83200000000036,1,900,1,,,,2,1,2,1,2,1,2,1,True,0,0,0,0,0,0,burst,True
s07-r2-burst_trial-0.1,7,2,burst_trial-0.1,burst_trial,0.1,15,249.64799999999923,1,900,1,,,,2,1,2,1,1,1,1,1,True,0,0,0,1,1,0,burst,True
s07-r2-burst_trial-0.1,7,2,burst_trial-0.1,burst_trial,0.1,16,282.8080000000009,2,900,1,,,,2,1,2,1,2,1,2,1,True,1,1,0,1,1,0,burst,True
s07-r2-burst_trial-0.1,7,2,burst_trial-0.1,burst_trial,0.1,17,290.88800000000083,1,900,1,,,,2,1,2,1,2,1,2,1,True,0,0,0,0,0,0,burst,True
s07-r2-burst_trial-0.1,7,2,burst_trial-0.1,burst_trial,0.1,18,298.77599999999984,2,900,1,,,,2,1,2,1,2,1,2,1,True,1,1,0,1,1,0,burst,True
s07-r2-burst_trial-0.1,7,2,burst_trial-0.1,burst_trial,0.1,19,314.3279999999995,2,900,1,,,,2,1,2,1,2,1,2,1,True,1,1,0,1,1,0,burst,True
s07-r2-burst_trial-0.1,7,2,burst_trial-0.1,burst_trial,0.1,20,338.52399999999943,2,900,1,,,,2,1,2,1,2,1,2,1,True,1,1,0,1,1,0,burst,True
s07-r2-burst_trial-0.1,7,2,burst_trial-0.1,burst_trial,0.1,21,347.0,2,900,1,,,,2,1,2,1,2,1,2,1,True,1,1,0,1,1,0,burst,True
s07-r2-burst_trial-0.1,7,2,burst_trial-0.1,burst_trial,0.1,22,354.6239999999998,2,900,1,,,,2,1,2,1,2,1,2,1,True,1,1,0,1,1,0,burst,True
s07-r2-burst_trial-0.1,7,2,burst_trial-0.1,burst_trial,0.1,23,379.02800000000025,1,900,1,,,,2,1,2,1,1,1,1,1,True,0,0,0,1,1,0,burst,True
s07-r2-burst_trial-0.25,7,2,burst_trial-0.25,burst_trial,0.25,0,1.0,1,750,1,,,,1,1,1,1,2,1,2,1,True,1,1,0,0,0,0,burst,True
s07-r2-burst_trial-0.25,7,2,burst_trial-0.25,burst_trial,0.25,1,9.012000000000626,1,750,1,,,,1,1,2,1,1,1,1,1,True,1,0,1,1,1,0,burst,True
s07-r2-burst_trial-0.25,7,2,burst_trial-0.25,burst_trial,0.25,2,24.49200000000019,2,750,1,,,,2,1,2,1,1,1,2,1,True,1,1,0,0,1,1,burst,True
s07-r2-burst_trial-0.25,7,2,burst_trial-0.25,burst_trial,0.25,3,32.52399999999943,1,750,1,,,,2,1,2,1,1,1,1,1,True,0,0,0,1,1,0,burst,True
s07-r2-burst_trial-0.25,7,2,burst_trial-0.25,burst_trial,0.25,4,48.63600000000042,1,750,1,,,,2,1,2,1,1,1,1,1,True,0,0,0,1,1,0,burst,True
s07-r2-burst_trial-0.25,7,2,burst_trial-0.25,burst_trial,0.25,5,64.55999999999949,2,750,1,,,,2,1,2,1,1,1,2,1,True,1,1,0,0,1,1,burst,True
s07-r2-burst_trial-0.25,7,2,burst_trial-0.25,burst_trial,0.25,6,80.17599999999948,1,750,1,,,,2,1,2,1,1,1,2,1,True,0,0,0,1,0,1,burst,True
s07-r2-burst_trial-0.25,7,2,burst_trial-0.25,burst_trial,0.25,7,103.42000000000009,1,750,1,,,,2,1,2,1,1,1,2,1,True,0,0,0,1,0,1,burst,True
s07-r2-burst_trial-0.25,7,2,burst_trial-0.25,burst_trial,0.25,8,119.76800000000004,2,750,1,,,,2,1,2,1,1,1,2,1,True,1,1,0,0,1,1,burst,True
s07-r2-burst_trial-0.25,7,2,burst_trial-0.25,burst_trial,0.25,9,160.7520000000004,1,750,1,,,,1,1,1,1,2,1,2,1,True,1,1,0,0,0,0,burst,True
s07-r2-burst_trial-0.25,7,2,burst_trial-0.25,burst_trial,0.25,10,176.71999999999937,2,750,1,,,,2,1,2,1,2,1,2,1,True,1,1,0,1,1,0,burst,True
s07-r2-burst_trial-0.25,7,2,burst_trial-0.25,burst_trial,0.25,11,192.6560000000009,2,750,1,,,,2,1,2,1,1,1,2,1,True,1,1,0,0,1,1,burst,True
s07-r2-burst_trial-0.25,7,2,burst_trial-0.25,burst_trial,0.25,12,200.5,1,750,1,,,,1,1,1,1,1,1,1,1,True,1,1,0,1,1,0,burst,True
s07-r2-burst_trial-0.25,7,2,burst_trial-0.25,burst_trial,0.25,13,216.9320000000007,2,750,1,,,,2,1,2,1,1,1,2,1,True,1,1,0,0,1,1,burst,True
s07-r2-burst_trial-0.25,7,2,burst_trial-0.25,burst_trial,0.25,14,224.83200000000036,1,750,1,,,,2,1,2,1,1,1,2,1,True,0,0,0,1,0,1,burst,True
s07-r2-burst_trial-0.25,7,2,burst_trial-0.25,burst_trial,0.25,15,249.64799999999923,1,750,1,,,,2,1,2,1,1,1,1,1,True,0,0,0,1,1,0,burst,True
s07-r2-burst_trial-0.25,7,2,burst_trial-0.25,burst_trial,0.25,16,282.8080000000009,2,750,1,,,,2,1,2,1,1,1,2,1,True,1,1,0,0,1,1,burst,True
s07-r2-burst_trial-0.25,7,2,burst_trial-0.25,burst_trial,0.25,17,290.88800000000083,1,750,1,,,,2,1,2,1,1,1,2,1,True,0,0,0,1,0,1,burst,True
s07-r2-burst_trial-0.25,7,2,burst_trial-0.25,burst_trial,0.25,18,298.77599999999984,2,750,1,,,,2,1,2,1,2,1,2,1,True,1,1,0,1,1,0,burst,True
s07-r2-burst_trial-0.25,7,2,burst_trial-0.25,burst_trial,0.25,19,314.3279999999995,2,750,1,,,,2,1,2,1,2,1,2,1,True,1,1,0,1,1,0,burst,True
s07-r2-burst_trial-0.25,7,2,burst_trial-0.25,burst_trial,0.25,20,338.52399999999943,2,750,1,,,,2,1,2,1,1,1,2,1,True,1,1,0,0,1,1,burst,True
s07-r2-burst_trial-0.25,7,2,burst_trial-0.25,burst_trial,0.25,21,347.0,2,750,1,,,,2,1,2,1,2,1,2,1,True,1,1,0,1,1,0,burst,True
s07-r2-burst_trial-0.25,7,2,burst_trial-0.25,burst_trial,0.25,22,354.6239999999998,2,750,1,,,,2,1,2,1,2,1,2,1,True,1,1,0,1,1,0,burst,True
s07-r2-burst_trial-0.25,7,2,burst_trial-0.25,burst_trial,0.25,23,379.02800000000025,1,750,1,,,,2,1,2,1,1,1,1,1,True,0,0,0,1,1,0,burst,True
s07-r2-burst_trial-0.4,7,2,burst_trial-0.4,burst_trial,0.4,0,1.0,1,600,1,,,,1,1,1,1,1,1,2,1,True,1,1,0,1,0,1,burst,True
s07-r2-burst_trial-0.4,7,2,burst_trial-0.4,burst_trial,0.4,1,9.012000000000626,1,600,1,,,,2,1,2,1,1,1,1,1,True,0,0,0,1,1,0,burst,True
s07-r2-burst_trial-0.4,7,2,burst_trial-0.4,burst_trial,0.4,2,24.49200000000019,2,600,1,,,,2,1,2,1,1,1,2,1,True,1,1,0,0,1,1,burst,True
s07-r2-burst_trial-0.4,7,2,burst_trial-0.4,burst_trial,0.4,3,32.52399999999943,1,600,1,,,,2,1,2,1,1,1,1,1,True,0,0,0,1,1,0,burst,True
s07-r2-burst_trial-0.4,7,2,burst_trial-0.4,burst_trial,0.4,4,48.63600000000042,1,600,1,,,,2,1,2,1,1,1,1,1,True,0,0,0,1,1,0,burst,True
s07-r2-burst_trial-0.4,7,2,burst_trial-0.4,burst_trial,0.4,5,64.55999999999949,2,600,1,,,,2,1,2,1,1,1,2,1,True,1,1,0,0,1,1,burst,True
s07-r2-burst_trial-0.4,7,2,burst_trial-0.4,burst_trial,0.4,6,80.17599999999948,1,600,1,,,,2,1,2,1,1,1,2,1,True,0,0,0,1,0,1,burst,True
s07-r2-burst_trial-0.4,7,2,burst_trial-0.4,burst_trial,0.4,7,103.42000000000009,1,600,1,,,,1,1,2,1,1,1,2,1,True,1,0,1,1,0,1,burst,True
s07-r2-burst_trial-0.4,7,2,burst_trial-0.4,burst_trial,0.4,8,119.76800000000004,2,600,1,,,,2,1,2,1,1,1,2,1,True,1,1,0,0,1,1,burst,True
s07-r2-burst_trial-0.4,7,2,burst_trial-0.4,burst_trial,0.4,9,160.7520000000004,1,600,1,,,,1,1,1,1,1,1,2,1,True,1,1,0,1,0,1,burst,True
s07-r2-burst_trial-0.4,7,2,burst_trial-0.4,burst_trial,0.4,10,176.71999999999937,2,600,1,,,,2,1,2,1,1,1,2,1,True,1,1,0,0,1,1,burst,True
s07-r2-burst_trial-0.4,7,2,burst_trial-0.4,burst_trial,0.4,11,192.6560000000009,2,600,1,,,,2,1,2,1,2,1,2,1,True,1,1,0,1,1,0,burst,True
s07-r2-burst_trial-0.4,7,2,burst_trial-0.4,burst_trial,0.4,12,200.5,1,600,1,,,,1,1,1,1,1,1,1,1,True,1,1,0,1,1,0,burst,True
s07-r2-burst_trial-0.4,7,2,burst_trial-0.4,burst_trial,0.4,13,216.9320000000007,2,600,1,,,,2,1,2,1,2,1,2,1,True,1,1,0,1,1,0,burst,True
s07-r2-burst_trial-0.4,7,2,burst_trial-0.4,burst_trial,0.4,14,224.83200000000036,1,600,1,,,,2,1,2,1,1,1,2,1,True,0,0,0,1,0,1,burst,True
s07-r2-burst_trial-0.4,7,2,burst_trial-0.4,burst_trial,0.4,15,249.64799999999923,1,600,1,,,,2,1,2,1,1,1,1,1,True,0,0,0,1,1,0,burst,True
s07-r2-burst_trial-0.4,7,2,burst_trial-0.4,burst_trial,0.4,16,282.8079999999991,2,600,1,,,,2,1,2,1,2,1,2,1,True,1,1,0,1,1,0,burst,True
s07-r2-burst_trial-0.4,7,2,burst_trial-0.4,burst_trial,0.4,17,290.88800000000083,1,600,1,,,,2,1,2,1,1,1,2,1,True,0,0,0,1,0,1,burst,True
s07-r2-burst_trial-0.4,7,2,burst_trial-0.4,burst_trial,0.4,18,298.77599999999984,2,600,1,,,,2,1,2,1,2,1,2,1,True,1,1,0,1,1,0,burst,True
s07-r2-burst_trial-0.4,7,2,burst_trial-0.4,burst_trial,0.4,19,314.3279999999995,2,600,1,,,,2,1,2,1,1,1,2,1,True,1,1,0,0,1,1,burst,True
s07-r2-burst_trial-0.4,7,2,burst_trial-0.4,burst_trial,0.4,20,338.52399999999943,2,600,1,,,,2,1,2,1,2,1,2,1,True,1,1,0,1,1,0,burst,True
s07-r2-burst_trial-0.4,7,2,burst_trial-0.4,burst_trial,0.4,21,347.0,2,600,1,,,,2,1,2,1,2,1,2,1,True,1,1,0,1,1,0,burst,True
s07-r2-burst_trial-0.4,7,2,burst_trial-0.4,burst_trial,0.4,22,354.6239999999998,2,600,1,,,,2,1,2,1,2,1,2,1,True,1,1,0,1,1,0,burst,True
s07-r2-burst_trial-0.4,7,2,burst_trial-0.4,burst_trial,0.4,23,379.02800000000025,1,600,1,,,,2,1,2,1,1,1,1,1,True,0,0,0,1,1,0,burst,True
s07-r3-burst_trial-0.1,7,3,burst_trial-0.1,burst_trial,0.1,0,1.0,2,900,1,,,,2,1,2,1,2,1,2,1,True,1,1,0,1,1,0,burst,True
s07-r3-burst_trial-0.1,7,3,burst_trial-0.1,burst_trial,0.1,1,16.684000000001106,1,900,1,,,,1,1,1,1,2,1,2,1,True,1,1,0,0,0,0,burst,True
s07-r3-burst_trial-0.1,7,3,burst_trial-0.1,burst_trial,0.1,2,48.6359999999986,1,900,1,,,,1,1,1,1,1,1,1,1,True,1,1,0,1,1,0,burst,True
s07-r3-burst_trial-0.1,7,3,burst_trial-0.1,burst_trial,0.1,3,56.83599999999933,1,900,1,,,,2,1,2,1,1,1,1,1,True,0,0,0,1,1,0,burst,True
s07-r3-burst_trial-0.1,7,3,burst_trial-0.1,burst_trial,0.1,4,72.55199999999968,2,900,1,,,,2,1,2,1,2,1,2,1,True,1,1,0,1,1,0,burst,True
s07-r3-burst_trial-0.1,7,3,burst_trial-0.1,burst_trial,0.1,5,103.41999999999824,2,900,1,,,,2,1,2,1,2,1,2,1,True,1,1,0,1,1,0,burst,True
s07-r3-burst_trial-0.1,7,3,burst_trial-0.1,burst_trial,0.1,6,111.28800000000048,1,900,1,,,,2,1,2,1,2,1,2,1,True,0,0,0,0,0,0,burst,True
s07-r3-burst_trial-0.1,7,3,burst_trial-0.1,burst_trial,0.1,7,127.79999999999929,2,900,1,,,,2,1,2,1,1,1,1,1,True,1,1,0,0,0,0,burst,True
s07-r3-burst_trial-0.1,7,3,burst_trial-0.1,burst_trial,0.1,8,144.20799999999872,1,900,1,,,,2,1,2,1,1,1,1,1,True,0,0,0,1,1,0,burst,True
s07-r3-burst_trial-0.1,7,3,burst_trial-0.1,burst_trial,0.1,9,169.07200000000012,2,900,1,,,,2,1,2,1,1,1,1,1,True,1,1,0,0,0,0,burst,True
s07-r3-burst_trial-0.1,7,3,burst_trial-0.1,burst_trial,0.1,10,192.65599999999904,1,900,1,,,,1,1,1,1,1,1,1,1,True,1,1,0,1,1,0,burst,True
s07-r3-burst_trial-0.1,7,3,burst_trial-0.1,burst_trial,0.1,11,200.5,2,900,1,,,,2,1,2,1,2,1,2,1,True,1,1,0,1,1,0,burst,True
s07-r3-burst_trial-0.1,7,3,burst_trial-0.1,burst_trial,0.1,12,208.91600000000108,2,900,1,,,,2,1,2,1,2,1,2,1,True,1,1,0,1,1,0,burst,True
s07-r3-burst_trial-0.1,7,3,burst_trial-0.1,burst_trial,0.1,13,232.9360000000015,2,900,1,,,,2,1,2,1,2,1,2,1,True,1,1,0,1,1,0,burst,True
s07-r3-burst_trial-0.1,7,3,burst_trial-0.1,burst_trial,0.1,14,241.2200000000012,1,900,1,,,,2,1,2,1,1,1,1,1,True,0,0,0,1,1,0,burst,True
s07-r3-burst_trial-0.1,7,3,burst_trial-0.1,burst_trial,0.1,15,249.64800000000105,1,900,1,,,,2,1,2,1,1,1,1,1,True,0,0,0,1,1,0,burst,True
s07-r3-burst_trial-0.1,7,3,burst_trial-0.1,burst_trial,0.1,16,266.380000000001,2,900,1,,,,2,1,2,1,1,1,1,1,True,1,1,0,0,0,0,burst,True
s07-r3-burst_trial-0.1,7,3,burst_trial-0.1,burst_trial,0.1,17,274.5519999999997,1,900,1,,,,1,1,1,1,1,1,1,1,True,1,1,0,1,1,0,burst,True
s07-r3-burst_trial-0.1,7,3,burst_trial-0.1,burst_trial,0.1,18,290.887999999999,2,900,1,,,,2,1,2,1,2,1,2,1,True,1,1,0,1,1,0,burst,True
s07-r3-burst_trial-0.1,7,3,burst_trial-0.1,burst_trial,0.1,19,298.77600000000166,2,900,1,,,,2,1,2,1,1,1,2,1,True,1,1,0,0,1,1,burst,True
s07-r3-burst_trial-0.1,7,3,burst_trial-0.1,burst_trial,0.1,20,314.32800000000134,1,900,1,,,,1,1,1,1,1,1,1,1,True,1,1,0,1,1,0,burst,True
s07-r3-burst_trial-0.1,7,3,burst_trial-0.1,burst_trial,0.1,21,362.3359999999993,1,900,1,,,,2,1,2,1,2,1,1,1,True,0,0,0,0,1,1,burst,True
s07-r3-burst_trial-0.1,7,3,burst_trial-0.1,burst_trial,0.1,22,370.7920000000013,2,900,1,,,,2,1,2,1,2,1,2,1,True,1,1,0,1,1,0,burst,True
s07-r3-burst_trial-0.1,7,3,burst_trial-0.1,burst_trial,0.1,23,379.0279999999984,1,900,1,,,,2,1,2,1,2,1,2,1,True,0,0,0,0,0,0,burst,True
s07-r3-burst_trial-0.25,7,3,burst_trial-0.25,burst_trial,0.25,0,1.0,2,750,1,,,,2,1,2,1,2,1,2,1,True,1,1,0,1,1,0,burst,True
s07-r3-burst_trial-0.25,7,3,burst_trial-0.25,burst_trial,0.25,1,16.684000000001106,1,750,1,,,,1,1,1,1,2,1,2,1,True,1,1,0,0,0,0,burst,True
s07-r3-burst_trial-0.25,7,3,burst_trial-0.25,burst_trial,0.25,2,48.6359999999986,1,750,1,,,,1,1,1,1,1,1,1,1,True,1,1,0,1,1,0,burst,True
s07-r3-burst_trial-0.25,7,3,burst_trial-0.25,burst_trial,0.25,3,56.83599999999933,1,750,1,,,,2,1,2,1,1,1,1,1,True,0,0,0,1,1,0,burst,True
s07-r3-burst_trial-0.25,7,3,burst_trial-0.25,burst_trial,0.25,4,72.55199999999968,2,750,1,,,,2,1,2,1,2,1,2,1,True,1,1,0,1,1,0,burst,True
s07-r3-burst_trial-0.25,7,3,burst_trial-0.25,burst_trial,0.25,5,103.41999999999824,2,750,1,,,,2,1,2,1,2,1,2,1,True,1,1,0,1,1,0,burst,True
s07-r3-burst_trial-0.25,7,3,burst_trial-0.25,burst_trial,0.25,6,111.28800000000048,1,750,1,,,,2,1,2,1,1,1,2,1,True,0,0,0,1,0,1,burst,True
s07-r3-burst_trial-0.25,7,3,burst_trial-0.25,burst_trial,0.25,7,127.79999999999929,2,750,1,,,,2,1,2,1,1,1,1,1,True,1,1,0,0,0,0,burst,True
s07-r3-burst_trial-0.25,7,3,burst_trial-0.25,burst_trial,0.25,8,144.20799999999872,1,750,1,,,,1,1,2,1,2,1,1,1,True,1,0,1,0,1,1,burst,True
s07-r3-burst_trial-0.25,7,3,burst_trial-0.25,burst_trial,0.25,9,169.07200000000012,2,750,1,,,,2,1,2,1,1,1,1,1,True,1,1,0,0,0,0,burst,True
s07-r3-burst_trial-0.25,7,3,burst_trial-0.25,burst_trial,0.25,10,192.65599999999904,1,750,1,,,,1,1,1,1,1,1,1,1,True,1,1,0,1,1,0,burst,True
s07-r3-burst_trial-0.25,7,3,burst_trial-0.25,burst_trial,0.25,11,200.5,2,750,1,,,,2,1,2,1,2,1,2,1,True,1,1,0,1,1,0,burst,True
s07-r3-burst_trial-0.25,7,3,burst_trial-0.25,burst_trial,0.25,12,208.91600000000108,2,750,1,,,,2,1,2,1,1,1,2,1,True,1,1,0,0,1,1,burst,True
s07-r3-burst_trial-0.25,7,3,burst_trial-0.25,burst_trial,0.25,13,232.9360000000015,2,750,1,,,,2,1,2,1,2,1,2,1,True,1,1,0,1,1,0,burst,True
s07-r3-burst_trial-0.25,7,3,burst_trial-0.25,burst_trial,0.25,14,241.2200000000012,1,750,1,,,,2,1,2,1,2,1,1,1,True,0,0,0,0,1,1,burst,True
s07-r3-burst_trial-0.25,7,3,burst_trial-0.25,burst_trial,0.25,15,249.64800000000105,1,750,1,,,,2,1,2,1,2,1,1,1,True,0,0,0,0,1,1,burst,True
s07-r3-burst_trial-0.25,7,3,burst_trial-0.25,burst_trial,0.25,16,266.380000000001,2,750,1,,,,2,1,2,1,1,1,1,1,True,1,1,0,0,0,0,burst,True
s07-r3-burst_trial-0.25,7,3,burst_trial-0.25,burst_trial,0.25,17,274.5519999999997,1,750,1,,,,1,1,1,1,1,1,1,1,True,1,1,0,1,1,0,burst,True
s07-r3-burst_trial-0.25,7,3,burst_trial-0.25,burst_trial,0.25,18,290.887999999999,2,750,1,,,,2,1,2,1,1,1,2,1,True,1,1,0,0,1,1,burst,True
s07-r3-burst_trial-0.25,7,3,burst_trial-0.25,burst_trial,0.25,19,298.77600000000166,2,750,1,,,,2,1,2,1,2,1,2,1,True,1,1,0,1,1,0,burst,True
s07-r3-burst_trial-0.25,7,3,burst_trial-0.25,burst_trial,0.25,20,314.32800000000134,1,750,1,,,,1,1,1,1,2,1,1,1,True,1,1,0,0,1,1,burst,True
s07-r3-burst_trial-0.25,7,3,burst_trial-0.25,burst_trial,0.25,21,362.3359999999993,1,750,1,,,,2,1,2,1,1,1,1,1,True,0,0,0,1,1,0,burst,True
s07-r3-burst_trial-0.25,7,3,burst_trial-0.25,burst_trial,0.25,22,370.7920000000013,2,750,1,,,,2,1,2,1,2,1,2,1,True,1,1,0,1,1,0,burst,True
s07-r3-burst_trial-0.25,7,3,burst_trial-0.25,burst_trial,0.25,23,379.0279999999984,1,750,1,,,,2,1,2,1,2,1,2,1,True,0,0,0,0,0,0,burst,True
s07-r3-burst_trial-0.4,7,3,burst_trial-0.4,burst_trial,0.4,0,1.0,2,600,1,,,,2,1,2,1,2,1,2,1,True,1,1,0,1,1,0,burst,True
s07-r3-burst_trial-0.4,7,3,burst_trial-0.4,burst_trial,0.4,1,16.684000000001106,1,600,1,,,,1,1,1,1,1,1,2,1,True,1,1,0,1,0,1,burst,True
s07-r3-burst_trial-0.4,7,3,burst_trial-0.4,burst_trial,0.4,2,48.6359999999986,1,600,1,,,,1,1,1,1,1,1,1,1,True,1,1,0,1,1,0,burst,True
s07-r3-burst_trial-0.4,7,3,burst_trial-0.4,burst_trial,0.4,3,56.83599999999933,1,600,1,,,,2,1,2,1,1,1,1,1,True,0,0,0,1,1,0,burst,True
s07-r3-burst_trial-0.4,7,3,burst_trial-0.4,burst_trial,0.4,4,72.55199999999968,2,600,1,,,,2,1,2,1,2,1,2,1,True,1,1,0,1,1,0,burst,True
s07-r3-burst_trial-0.4,7,3,burst_trial-0.4,burst_trial,0.4,5,103.41999999999824,2,600,1,,,,2,1,2,1,2,1,2,1,True,1,1,0,1,1,0,burst,True
s07-r3-burst_trial-0.4,7,3,burst_trial-0.4,burst_trial,0.4,6,111.28800000000048,1,600,1,,,,2,1,2,1,2,1,2,1,True,0,0,0,0,0,0,burst,True
s07-r3-burst_trial-0.4,7,3,burst_trial-0.4,burst_trial,0.4,7,127.79999999999929,2,600,1,,,,2,1,2,1,1,1,1,1,True,1,1,0,0,0,0,burst,True
s07-r3-burst_trial-0.4,7,3,burst_trial-0.4,burst_trial,0.4,8,144.20799999999872,1,600,1,,,,2,1,2,1,1,1,1,1,True,0,0,0,1,1,0,burst,True
s07-r3-burst_trial-0.4,7,3,burst_trial-0.4,burst_trial,0.4,9,169.07200000000012,2,600,1,,,,2,1,2,1,1,1,1,1,True,1,1,0,0,0,0,burst,True
s07-r3-burst_trial-0.4,7,3,burst_trial-0.4,burst_trial,0.4,10,192.65599999999904,1,600,1,,,,1,1,1,1,1,1,1,1,True,1,1,0,1,1,0,burst,True
s07-r3-burst_trial-0.4,7,3,burst_trial-0.4,burst_trial,0.4,11,200.5,2,600,1,,,,2,1,2,1,1,1,2,1,True,1,1,0,0,1,1,burst,True
s07-r3-burst_trial-0.4,7,3,burst_trial-0.4,burst_trial,0.4,12,208.91600000000108,2,600,1,,,,2,1,2,1,1,1,2,1,True,1,1,0,0,1,1,burst,True
s07-r3-burst_trial-0.4,7,3,burst_trial-0.4,burst_trial,0.4,13,232.9360000000015,2,600,1,,,,1,1,2,1,2,1,2,1,True,0,1,1,1,1,0,burst,True
s07-r3-burst_trial-0.4,7,3,burst_trial-0.4,burst_trial,0.4,14,241.2200000000012,1,600,1,,,,2,1,2,1,1,1,1,1,True,0,0,0,1,1,0,burst,True
s07-r3-burst_trial-0.4,7,3,burst_trial-0.4,burst_trial,0.4,15,249.64800000000105,1,600,1,,,,2,1,2,1,1,1,1,1,True,0,0,0,1,1,0,burst,True
s07-r3-burst_trial-0.4,7,3,burst_trial-0.4,burst_trial,0.4,16,266.380000000001,2,600,1,,,,2,1,2,1,1,1,1,1,True,1,1,0,0,0,0,burst,True
s07-r3-burst_trial-0.4,7,3,burst_trial-0.4,burst_trial,0.4,17,274.5519999999997,1,600,1,,,,2,1,1,1,1,1,1,1,True,0,1,1,1,1,0,burst,True
s07-r3-burst_trial-0.4,7,3,burst_trial-0.4,burst_trial,0.4,18,290.887999999999,2,600,1,,,,2,1,2,1,2,1,2,1,True,1,1,0,1,1,0,burst,True
s07-r3-burst_trial-0.4,7,3,burst_trial-0.4,burst_trial,0.4,19,298.77600000000166,2,600,1,,,,2,1,2,1,1,1,2,1,True,1,1,0,0,1,1,burst,True
s07-r3-burst_trial-0.4,7,3,burst_trial-0.4,burst_trial,0.4,20,314.32800000000134,1,600,1,,,,1,1,1,1,1,1,1,1,True,1,1,0,1,1,0,burst,True
s07-r3-burst_trial-0.4,7,3,burst_trial-0.4,burst_trial,0.4,21,362.3359999999993,1,600,1,,,,2,1,2,1,1,1,1,1,True,0,0,0,1,1,0,burst,True
s07-r3-burst_trial-0.4,7,3,burst_trial-0.4,burst_trial,0.4,22,370.7920000000013,2,600,1,,,,2,1,2,1,2,1,2,1,True,1,1,0,1,1,0,burst,True
s07-r3-burst_trial-0.4,7,3,burst_trial-0.4,burst_trial,0.4,23,379.0279999999984,1,600,1,,,,2,1,2,1,2,1,2,1,True,0,0,0,0,0,0,burst,True
s07-r4-burst_trial-0.1,7,4,burst_trial-0.1,burst_trial,0.1,0,1.0,2,900,1,,,,2,1,2,1,2,1,2,1,True,1,1,0,1,1,0,burst,True
s07-r4-burst_trial-0.1,7,4,burst_trial-0.1,burst_trial,0.1,1,9.011999999998809,1,900,1,,,,2,1,2,1,1,1,1,1,True,0,0,0,1,1,0,burst,True
s07-r4-burst_trial-0.1,7,4,burst_trial-0.1,burst_trial,0.1,2,16.684000000001106,1,900,1,,,,2,1,2,1,1,1,1,1,True,0,0,0,1,1,0,burst,True
s07-r4-burst_trial-0.1,7,4,burst_trial-0.1,burst_trial,0.1,3,40.96800000000076,2,900,1,,,,2,1,2,1,2,1,2,1,True,1,1,0,1,1,0,burst,True
s07-r4-burst_trial-0.1,7,4,burst_trial-0.1,burst_trial,0.1,4,64.56000000000131,1,900,1,,,,2,1,2,1,1,1,2,1,True,0,0,0,1,0,1,burst,True
s07-r4-burst_trial-0.1,7,4,burst_trial-0.1,burst_trial,0.1,5,80.17599999999948,1,900,1,,,,2,1,2,1,2,1,2,1,True,0,0,0,0,0,0,burst,True
s07-r4-burst_trial-0.1,7,4,burst_trial-0.1,burst_trial,0.1,6,87.75600000000122,1,900,1,,,,1,1,1,1,1,1,1,1,True,1,1,0,1,1,0,burst,True
s07-r4-burst_trial-0.1,7,4,burst_trial-0.1,burst_trial,0.1,7,95.64400000000025,2,900,1,,,,2,1,2,1,1,1,1,1,True,1,1,0,0,0,0,burst,True
s07-r4-burst_trial-0.1,7,4,burst_trial-0.1,burst_trial,0.1,8,119.76800000000004,2,900,1,,,,2,1,2,1,2,1,2,1,True,1,1,0,1,1,0,burst,True
s07-r4-burst_trial-0.1,7,4,burst_trial-0.1,burst_trial,0.1,9,169.07200000000012,2,900,1,,,,2,1,2,1,1,1,2,1,True,1,1,0,0,1,1,burst,True
s07-r4-burst_trial-0.1,7,4,burst_trial-0.1,burst_trial,0.1,10,176.72000000000116,2,900,1,,,,2,1,2,1,1,1,1,1,True,1,1,0,0,0,0,burst,True
s07-r4-burst_trial-0.1,7,4,burst_trial-0.1,burst_trial,0.1,11,192.65599999999904,1,900,1,,,,2,1,2,1,1,1,1,1,True,0,0,0,1,1,0,burst,True
s07-r4-burst_trial-0.1,7,4,burst_trial-0.1,burst_trial,0.1,12,200.5,2,900,1,,,,1,1,2,1,2,1,2,1,True,0,1,1,1,1,0,burst,True
s07-r4-burst_trial-0.1,7,4,burst_trial-0.1,burst_trial,0.1,13,208.91600000000108,2,900,1,,,,2,1,2,1,2,1,2,1,True,1,1,0,1,1,0,burst,True
s07-r4-burst_trial-0.1,7,4,burst_trial-0.1,burst_trial,0.1,14,216.9320000000007,2,900,1,,,,2,1,2,1,2,1,2,1,True,1,1,0,1,1,0,burst,True
s07-r4-burst_trial-0.1,7,4,burst_trial-0.1,burst_trial,0.1,15,241.2200000000012,1,900,1,,,,1,1,1,1,1,1,1,1,True,1,1,0,1,1,0,burst,True
s07-r4-burst_trial-0.1,7,4,burst_trial-0.1,burst_trial,0.1,16,258.0159999999996,1,900,1,,,,1,1,1,1,1,1,2,1,True,1,1,0,1,0,1,burst,True
s07-r4-burst_trial-0.1,7,4,burst_trial-0.1,burst_trial,0.1,17,274.5519999999997,1,900,1,,,,1,1,1,1,2,1,1,1,True,1,1,0,0,1,1,burst,True
s07-r4-burst_trial-0.1,7,4,burst_trial-0.1,burst_trial,0.1,18,290.887999999999,1,900,1,,,,1,1,2,1,1,1,1,1,True,1,0,1,1,1,0,burst,True
s07-r4-burst_trial-0.1,7,4,burst_trial-0.1,burst_trial,0.1,19,306.6280000000006,1,900,1,,,,2,1,2,1,2,1,2,1,True,0,0,0,0,0,0,burst,True
s07-r4-burst_trial-0.1,7,4,burst_trial-0.1,burst_trial,0.1,20,314.32800000000134,2,900,1,,,,2,1,2,1,2,1,2,1,True,1,1,0,1,1,0,burst,True
s07-r4-burst_trial-0.1,7,4,burst_trial-0.1,burst_trial,0.1,21,347.0,1,900,1,,,,2,1,2,1,1,1,1,1,True,0,0,0,1,1,0,burst,True
s07-r4-burst_trial-0.1,7,4,burst_trial-0.1,burst_trial,0.1,22,354.6239999999998,2,900,1,,,,2,1,2,1,2,1,2,1,True,1,1,0,1,1,0,burst,True
s07-r4-burst_trial-0.1,7,4,burst_trial-0.1,burst_trial,0.1,23,370.7920000000013,2,900,1,,,,2,1,2,1,1,1,2,1,True,1,1,0,0,1,1,burst,True
s07-r4-burst_trial-0.25,7,4,burst_trial-0.25,burst_trial,0.25,0,1.0,2,750,1,,,,2,1,2,1,1,1,2,1,True,1,1,0,0,1,1,burst,True
s07-r4-burst_trial-0.25,7,4,burst_trial-0.25,burst_trial,0.25,1,9.011999999998809,1,750,1,,,,2,1,2,1,1,1,1,1,True,0,0,0,1,1,0,burst,True
s07-r4-burst_trial-0.25,7,4,burst_trial-0.25,burst_trial,0.25,2,16.684000000001106,1,750,1,,,,2,1,2,1,1,1,1,1,True,0,0,0,1,1,0,burst,True
s07-r4-burst_trial-0.25,7,4,burst_trial-0.25,burst_trial,0.25,3,40.96800000000076,2,750,1,,,,2,1,2,1,1,1,2,1,True,1,1,0,0,1,1,burst,True
s07-r4-burst_trial-0.25,7,4,burst_trial-0.25,burst_trial,0.25,4,64.56000000000131,1,750,1,,,,2,1,2,1,2,1,2,1,True,0,0,0,0,0,0,burst,True
s07-r4-burst_trial-0.25,7,4,burst_trial-0.25,burst_trial,0.25,5,80.17599999999948,1,750,1,,,,2,1,2,1,2,1,2,1,True,0,0,0,0,0,0,burst,True
s07-r4-burst_trial-0.25,7,4,burst_trial-0.25,burst_trial,0.25,6,87.75600000000122,1,750,1,,,,1,1,1,1,1,1,1,1,True,1,1,0,1,1,0,burst,True
s07-r4-burst_trial-0.25,7,4,burst_trial-0.25,burst_trial,0.25,7,95.64400000000025,2,750,1,,,,2,1,2,1,1,1,1,1,True,1,1,0,0,0,0,burst,True
s07-r4-burst_trial-0.25,7,4,burst_trial-0.25,burst_trial,0.25,8,119.76800000000004,2,750,1,,,,2,1,2,1,2,1,2,1,True,1,1,0,1,1,0,burst,True
s07-r4-burst_trial-0.25,7,4,burst_trial-0.25,burst_trial,0.25,9,169.07200000000012,2,750,1,,,,2,1,2,1,1,1,2,1,True,1,1,0,0,1,1,burst,True
s07-r4-burst_trial-0.25,7,4,burst_trial-0.25,burst_trial,0.25,10,176.72000000000116,2,750,1,,,,2,1,2,1,1,1,1,1,True,1,1,0,0,0,0,burst,True
s07-r4-burst_trial-0.25,7,4,burst_trial-0.25,burst_trial,0.25,11,192.65599999999904,1,750,1,,,,2,1,2,1,1,1,1,1,True,0,0,0,1,1,0,burst,True
s07-r4-burst_trial-0.25,7,4,burst_trial-0.25,burst_trial,0.25,12,200.5,2,750,1,,,,1,1,2,1,2,1,2,1,True,0,1,1,1,1,0,burst,True
s07-r4-burst_trial-0.25,7,4,burst_trial-0.25,burst_trial,0.25,13,208.91600000000108,2,750,1,,,,2,1,2,1,2,1,2,1,True,1,1,0,1,1,0,burst,True
s07-r4-burst_trial-0.25,7,4,burst_trial-0.25,burst_trial,0.25,14,216.9320000000007,2,750,1,,,,2,1,2,1,1,1,2,1,True,1,1,0,0,1,1,burst,True
s07-r4-burst_trial-0.25,7,4,burst_trial-0.25,burst_trial,0.25,15,241.2200000000012,1,750,1,,,,1,1,1,1,1,1,1,1,True,1,1,0,1,1,0,burst,True
s07-r4-burst_trial-0.25,7,4,burst_trial-0.25,burst_trial,0.25,16,258.0159999999996,1,750,1,,,,1,1,1,1,1,1,2,1,True,1,1,0,1,0,1,burst,True
s07-r4-burst_trial-0.25,7,4,burst_trial-0.25,burst_trial,0.25,17,274.5519999999997,1,750,1,,,,1,1,1,1,1,1,1,1,True,1,1,0,1,1,0,burst,True
s07-r4-burst_trial-0.25,7,4,burst_trial-0.25,burst_trial,0.25,18,290.887999999999,1,750,1,,,,2,1,2,1,1,1,1,1,True,0,0,0,1,1,0,burst,True
s07-r4-burst_trial-0.25,7,4,burst_trial-0.25,burst_trial,0.25,19,306.6280000000006,1,750,1,,,,2,1,2,1,2,1,2,1,True,0,0,0,0,0,0,burst,True
s07-r4-burst_trial-0.25,7,4,burst_trial-0.25,burst_trial,0.25,20,314.32800000000134,2,750,1,,,,2,1,2,1,2,1,2,1,True,1,1,0,1,1,0,burst,True
s07-r4-burst_trial-0.25,7,4,burst_trial-0.25,burst_trial,0.25,21,347.0,1,750,1,,,,2,1,2,1,1,1,1,1,True,0,0,0,1,1,0,burst,True
s07-r4-burst_trial-0.25,7,4,burst_trial-0.25,burst_trial,0.25,22,354.6239999999998,2,750,1,,,,2,1,2,1,2,1,2,1,True,1,1,0,1,1,0,burst,True
s07-r4-burst_trial-0.25,7,4,burst_trial-0.25,burst_trial,0.25,23,370.7920000000013,2,750,1,,,,2,1,2,1,1,1,2,1,True,1,1,0,0,1,1,burst,True
s07-r4-burst_trial-0.4,7,4,burst_trial-0.4,burst_trial,0.4,0,1.0,2,600,1,,,,2,1,2,1,2,1,2,1,True,1,1,0,1,1,0,burst,True
s07-r4-burst_trial-0.4,7,4,burst_trial-0.4,burst_trial,0.4,1,9.011999999998809,1,600,1,,,,2,1,2,1,1,1,1,1,True,0,0,0,1,1,0,burst,True
s07-r4-burst_trial-0.4,7,4,burst_trial-0.4,burst_trial,0.4,2,16.684000000001106,1,600,1,,,,2,1,2,1,1,1,1,1,True,0,0,0,1,1,0,burst,True
s07-r4-burst_trial-0.4,7,4,burst_trial-0.4,burst_trial,0.4,3,40.96800000000076,2,600,1,,,,2,1,2,1,1,1,2,1,True,1,1,0,0,1,1,burst,True
s07-r4-burst_trial-0.4,7,4,burst_trial-0.4,burst_trial,0.4,4,64.56000000000131,1,600,1,,,,2,1,2,1,1,1,2,1,True,0,0,0,1,0,1,burst,True
s07-r4-burst_trial-0.4,7,4,burst_trial-0.4,burst_trial,0.4,5,80.17599999999948,1,600,1,,,,2,1,2,1,1,1,2,1,True,0,0,0,1,0,1,burst,True
s07-r4-burst_trial-0.4,7,4,burst_trial-0.4,burst_trial,0.4,6,87.75600000000122,1,600,1,,,,1,1,1,1,1,1,1,1,True,1,1,0,1,1,0,burst,True
s07-r4-burst_trial-0.4,7,4,burst_trial-0.4,burst_trial,0.4,7,95.64400000000025,2,600,1,,,,2,1,2,1,2,1,1,1,True,1,1,0,1,0,1,burst,True
s07-r4-burst_trial-0.4,7,4,burst_trial-0.4,burst_trial,0.4,8,119.76800000000004,2,600,1,,,,1,1,2,1,2,1,2,1,True,0,1,1,1,1,0,burst,True
s07-r4-burst_trial-0.4,7,4,burst_trial-0.4,burst_trial,0.4,9,169.07200000000012,2,600,1,,,,2,1,2,1,2,1,2,1,True,1,1,0,1,1,0,burst,True
s07-r4-burst_trial-0.4,7,4,burst_trial-0.4,burst_trial,0.4,10,176.72000000000116,2,600,1,,,,2,1,2,1,1,1,1,1,True,1,1,0,0,0,0,burst,True
s07-r4-burst_trial-0.4,7,4,burst_trial-0.4,burst_trial,0.4,11,192.65599999999904,1,600,1,,,,2,1,2,1,1,1,1,1,True,0,0,0,1,1,0,burst,True
s07-r4-burst_trial-0.4,7,4,burst_trial-0.4,burst_trial,0.4,12,200.5,2,600,1,,,,2,1,2,1,1,1,2,1,True,1,1,0,0,1,1,burst,True
s07-r4-burst_trial-0.4,7,4,burst_trial-0.4,burst_trial,0.4,13,208.91600000000108,2,600,1,,,,2,1,2,1,1,1,2,1,True,1,1,0,0,1,1,burst,True
s07-r4-burst_trial-0.4,7,4,burst_trial-0.4,burst_trial,0.4,14,216.9320000000007,2,600,1,,,,2,1,2,1,1,1,2,1,True,1,1,0,0,1,1,burst,True
s07-r4-burst_trial-0.4,7,4,burst_trial-0.4,burst_trial,0.4,15,241.2200000000012,1,600,1,,,,1,1,1,1,1,1,1,1,True,1,1,0,1,1,0,burst,True
s07-r4-burst_trial-0.4,7,4,burst_trial-0.4,burst_trial,0.4,16,258.0159999999996,1,600,1,,,,1,1,1,1,1,1,2,1,True,1,1,0,1,0,1,burst,True
s07-r4-burst_trial-0.4,7,4,burst_trial-0.4,burst_trial,0.4,17,274.5519999999997,1,600,1,,,,1,1,1,1,1,1,1,1,True,1,1,0,1,1,0,burst,True
s07-r4-burst_trial-0.4,7,4,burst_trial-0.4,burst_trial,0.4,18,290.887999999999,1,600,1,,,,2,1,2,1,1,1,1,1,True,0,0,0,1,1,0,burst,True
s07-r4-burst_trial-0.4,7,4,burst_trial-0.4,burst_trial,0.4,19,306.6280000000006,1,600,1,,,,2,1,2,1,1,1,2,1,True,0,0,0,1,0,1,burst,True
s07-r4-burst_trial-0.4,7,4,burst_trial-0.4,burst_trial,0.4,20,314.32800000000134,2,600,1,,,,2,1,2,1,2,1,2,1,True,1,1,0,1,1,0,burst,True
s07-r4-burst_trial-0.4,7,4,burst_trial-0.4,burst_trial,0.4,21,347.0,1,600,1,,,,2,1,2,1,1,1,1,1,True,0,0,0,1,1,0,burst,True
s07-r4-burst_trial-0.4,7,4,burst_trial-0.4,burst_trial,0.4,22,354.6239999999998,2,600,1,,,,2,1,2,1,2,1,2,1,True,1,1,0,1,1,0,burst,True
s07-r4-burst_trial-0.4,7,4,burst_trial-0.4,burst_trial,0.4,23,370.7920000000013,2,600,1,,,,2,1,2,1,1,1,2,1,True,1,1,0,0,1,1,burst,True
s08-r0-burst_trial-0.1,8,0,burst_trial-0.1,burst_trial,0.1,0,1.0,1,900,1,,,,1,1,1,1,1,1,1,1,True,1,1,0,1,1,0,burst,True
s08-r0-burst_trial-0.1,8,0,burst_trial-0.1,burst_trial,0.1,1,9.011999999999716,2,900,1,,,,2,1,2,1,2,1,2,1,True,1,1,0,1,1,0,burst,True
s08-r0-burst_trial-0.1,8,0,burst_trial-0.1,burst_trial,0.1,2,16.684000000000196,2,900,1,,,,2,1,2,1,1,1,1,1,True,1,1,0,0,0,0,burst,True
s08-r0-burst_trial-0.1,8,0,burst_trial-0.1,burst_trial,0.1,3,24.49200000000019,1,900,1,,,,1,1,1,1,1,1,1,1,True,1,1,0,1,1,0,burst,True
s08-r0-burst_trial-0.1,8,0,burst_trial-0.1,burst_trial,0.1,4,32.52400000000034,2,900,1,,,,2,1,2,1,2,1,2,1,True,1,1,0,1,1,0,burst,True
s08-r0-burst_trial-0.1,8,0,burst_trial-0.1,burst_trial,0.1,5,40.96799999999985,1,900,1,,,,1,1,1,1,1,1,1,1,True,1,1,0,1,1,0,burst,True
s08-r0-burst_trial-0.1,8,0,burst_trial-0.1,burst_trial,0.1,6,48.63600000000042,2,900,1,,,,2,1,2,1,2,1,2,1,True,1,1,0,1,1,0,burst,True
s08-r0-burst_trial-0.1,8,0,burst_trial-0.1,burst_trial,0.1,7,64.5600000000004,2,900,1,,,,2,1,2,1,2,1,2,1,True,1,1,0,1,1,0,burst,True
s08-r0-burst_trial-0.1,8,0,burst_trial-0.1,burst_trial,0.1,8,80.17600000000039,1,900,1,,,,1,1,1,1,1,1,1,1,True,1,1,0,1,1,0,burst,True
s08-r0-burst_trial-0.1,8,0,burst_trial-0.1,burst_trial,0.1,9,95.64400000000025,2,900,1,,,,2,1,2,1,2,1,2,1,True,1,1,0,1,1,0,burst,True
s08-r0-burst_trial-0.1,8,0,burst_trial-0.1,burst_trial,0.1,10,103.42000000000009,1,900,1,,,,2,1,2,1,2,1,2,1,True,0,0,0,0,0,0,burst,True
s08-r0-burst_trial-0.1,8,0,burst_trial-0.1,burst_trial,0.1,11,152.47199999999975,1,900,1,,,,1,1,1,1,1,1,1,1,True,1,1,0,1,1,0,burst,True
s08-r0-burst_trial-0.1,8,0,burst_trial-0.1,burst_trial,0.1,12,169.07200000000012,2,900,1,,,,1,1,2,1,2,1,2,1,True,0,1,1,1,1,0,burst,True
s08-r0-burst_trial-0.1,8,0,burst_trial-0.1,burst_trial,0.1,13,176.72000000000023,1,900,1,,,,1,1,1,1,1,1,1,1,True,1,1,0,1,1,0,burst,True
s08-r0-burst_trial-0.1,8,0,burst_trial-0.1,burst_trial,0.1,14,184.84400000000005,1,900,1,,,,1,1,1,1,1,1,1,1,True,1,1,0,1,1,0,burst,True
s08-r0-burst_trial-0.1,8,0,burst_trial-0.1,burst_trial,0.1,15,208.91600000000017,1,900,1,,,,1,1,1,1,1,1,1,1,True,1,1,0,1,1,0,burst,True
s08-r0-burst_trial-0.1,8,0,burst_trial-0.1,burst_trial,0.1,16,241.22000000000023,1,900,1,,,,1,1,1,1,1,1,1,1,True,1,1,0,1,1,0,burst,True
s08-r0-burst_trial-0.1,8,0,burst_trial-0.1,burst_trial,0.1,17,249.6480000000001,2,900,1,,,,2,1,2,1,2,1,2,1,True,1,1,0,1,1,0,burst,True
s08-r0-burst_trial-0.1,8,0,burst_trial-0.1,burst_trial,0.1,18,258.0159999999996,1,900,1,,,,1,1,1,1,1,1,1,1,True,1,1,0,1,1,0,burst,True
s08-r0-burst_trial-0.1,8,0,burst_trial-0.1,burst_trial,0.1,19,266.3800000000001,2,900,1,,,,2,1,2,1,2,1,2,1,True,1,1,0,1,1,0,burst,True
s08-r0-burst_trial-0.1,8,0,burst_trial-0.1,burst_trial,0.1,20,274.5519999999997,2,900,1,,,,2,1,2,1,2,1,2,1,True,1,1,0,1,1,0,burst,True
s08-r0-burst_trial-0.1,8,0,burst_trial-0.1,burst_trial,0.1,21,282.808,1,900,1,,,,1,1,1,1,1,1,1,1,True,1,1,0,1,1,0,burst,True
s08-r0-burst_trial-0.1,8,0,burst_trial-0.1,burst_trial,0.1,22,290.8879999999999,2,900,1,,,,2,1,2,1,2,1,2,1,True,1,1,0,1,1,0,burst,True
s08-r0-burst_trial-0.1,8,0,burst_trial-0.1,burst_trial,0.1,23,306.6279999999997,2,900,1,,,,2,1,2,1,2,1,2,1,True,1,1,0,1,1,0,burst,True
s08-r0-burst_trial-0.25,8,0,burst_trial-0.25,burst_trial,0.25,0,1.0,1,750,1,,,,1,1,1,1,1,1,1,1,True,1,1,0,1,1,0,burst,True
s08-r0-burst_trial-0.25,8,0,burst_trial-0.25,burst_trial,0.25,1,9.011999999999716,2,750,1,,,,2,1,2,1,2,1,2,1,True,1,1,0,1,1,0,burst,True
s08-r0-burst_trial-0.25,8,0,burst_trial-0.25,burst_trial,0.25,2,16.684000000000196,2,750,1,,,,2,1,2,1,1,1,1,1,True,1,1,0,0,0,0,burst,True
s08-r0-burst_trial-0.25,8,0,burst_trial-0.25,burst_trial,0.25,3,24.49200000000019,1,750,1,,,,1,1,1,1,1,1,1,1,True,1,1,0,1,1,0,burst,True
s08-r0-burst_trial-0.25,8,0,burst_trial-0.25,burst_trial,0.25,4,32.52400000000034,2,750,1,,,,2,1,2,1,2,1,2,1,True,1,1,0,1,1,0,burst,True
s08-r0-burst_trial-0.25,8,0,burst_trial-0.25,burst_trial,0.25,5,40.96799999999985,1,750,1,,,,1,1,1,1,1,1,1,1,True,1,1,0,1,1,0,burst,True
s08-r0-burst_trial-0.25,8,0,burst_trial-0.25,burst_trial,0.25,6,48.63600000000042,2,750,1,,,,2,1,2,1,2,1,2,1,True,1,1,0,1,1,0,burst,True
s08-r0-burst_trial-0.25,8,0,burst_trial-0.25,burst_trial,0.25,7,64.5600000000004,2,750,1,,,,2,1,2,1,2,1,2,1,True,1,1,0,1,1,0,burst,True
s08-r0-burst_trial-0.25,8,0,burst_trial-0.25,burst_trial,0.25,8,80.17600000000039,1,750,1,,,,1,1,1,1,1,1,1,1,True,1,1,0,1,1,0,burst,True
s08-r0-burst_trial-0.25,8,0,burst_trial-0.25,burst_trial,0.25,9,95.64400000000025,2,750,1,,,,2,1,2,1,2,1,2,1,True,1,1,0,1,1,0,burst,True
s08-r0-burst_trial-0.25,8,0,burst_trial-0.25,burst_trial,0.25,10,103.42000000000009,1,750,1,,,,2,1,2,1,1,1,2,1,True,0,0,0,1,0,1,burst,True
s08-r0-burst_trial-0.25,8,0,burst_trial-0.25,burst_trial,0.25,11,152.47199999999975,1,750,1,,,,1,1,1,1,1,1,1,1,True,1,1,0,1,1,0,burst,True
s08-r0-burst_trial-0.25,8,0,burst_trial-0.25,burst_trial,0.25,12,169.07200000000012,2,750,1,,,,2,1,2,1,2,1,2,1,True,1,1,0,1,1,0,burst,True
s08-r0-burst_trial-0.25,8,0,burst_trial-0.25,burst_trial,0.25,13,176.72000000000023,1,750,1,,,,1,1,1,1,1,1,1,1,True,1,1,0,1,1,0,burst,True
s08-r0-burst_trial-0.25,8,0,burst_trial-0.25,burst_trial,0.25,14,184.84400000000005,1,750,1,,,,1,1,1,1,1,1,1,1,True,1,1,0,1,1,0,burst,True
s08-r0-burst_trial-0.25,8,0,burst_trial-0.25,burst_trial,0.25,15,208.91600000000017,1,750,1,,,,1,1,1,1,1,1,1,1,True,1,1,0,1,1,0,burst,True
s08-r0-burst_trial-0.25,8,0,burst_trial-0.25,burst_trial,0.25,16,241.22000000000023,1,750,1,,,,1,1,1,1,1,1,1,1,True,1,1,0,1,1,0,burst,True
s08-r0-burst_trial-0.25,8,0,burst_trial-0.25,burst_trial,0.25,17,249.6480000000001,2,750,1,,,,2,1,2,1,2,1,2,1,True,1,1,0,1,1,0,burst,True
s08-r0-burst_trial-0.25,8,0,burst_trial-0.25,burst_trial,0.25,18,258.0159999999996,1,750,1,,,,1,1,1,1,1,1,1,1,True,1,1,0,1,1,0,burst,True
s08-r0-burst_trial-0.25,8,0,burst_trial-0.25,burst_trial,0.25,19,266.3800000000001,2,750,1,,,,2,1,2,1,2,1,2,1,True,1,1,0,1,1,0,burst,True
s08-r0-burst_trial-0.25,8,0,burst_trial-0.25,burst_trial,0.25,20,274.5519999999997,2,750,1,,,,2,1,2,1,1,1,2,1,True,1,1,0,0,1,1,burst,True
s08-r0-burst_trial-0.25,8,0,burst_trial-0.25,burst_trial,0.25,21,282.808,1,750,1,,,,1,1,1,1,1,1,1,1,True,1,1,0,1,1,0,burst,True
s08-r0-burst_trial-0.25,8,0,burst_trial-0.25,burst_trial,0.25,22,290.8879999999999,2,750,1,,,,2,1,2,1,2,1,2,1,True,1,1,0,1,1,0,burst,True
s08-r0-burst_trial-0.25,8,0,burst_trial-0.25,burst_trial,0.25,23,306.6279999999997,2,750,1,,,,2,1,2,1,2,1,2,1,True,1,1,0,1,1,0,burst,True
s08-r0-burst_trial-0.4,8,0,burst_trial-0.4,burst_trial,0.4,0,1.0,1,600,1,,,,1,1,1,1,1,1,1,1,True,1,1,0,1,1,0,burst,True
s08-r0-burst_trial-0.4,8,0,burst_trial-0.4,burst_trial,0.4,1,9.011999999999716,2,600,1,,,,2,1,2,1,2,1,2,1,True,1,1,0,1,1,0,burst,True
s08-r0-burst_trial-0.4,8,0,burst_trial-0.4,burst_trial,0.4,2,16.684000000000196,2,600,1,,,,2,1,2,1,1,1,1,1,True,1,1,0,0,0,0,burst,True
s08-r0-burst_trial-0.4,8,0,burst_trial-0.4,burst_trial,0.4,3,24.49200000000019,1,600,1,,,,1,1,1,1,1,1,1,1,True,1,1,0,1,1,0,burst,True
s08-r0-burst_trial-0.4,8,0,burst_trial-0.4,burst_trial,0.4,4,32.52400000000034,2,600,1,,,,2,1,2,1,2,1,2,1,True,1,1,0,1,1,0,burst,True
s08-r0-burst_trial-0.4,8,0,burst_trial-0.4,burst_trial,0.4,5,40.96799999999985,1,600,1,,,,1,1,1,1,1,1,1,1,True,1,1,0,1,1,0,burst,True
s08-r0-burst_trial-0.4,8,0,burst_trial-0.4,burst_trial,0.4,6,48.63600000000042,2,600,1,,,,2,1,2,1,1,1,2,1,True,1,1,0,0,1,1,burst,True
s08-r0-burst_trial-0.4,8,0,burst_trial-0.4,burst_trial,0.4,7,64.5600000000004,2,600,1,,,,2,1,2,1,2,1,2,1,True,1,1,0,1,1,0,burst,True
s08-r0-burst_trial-0.4,8,0,burst_trial-0.4,burst_trial,0.4,8,80.17600000000039,1,600,1,,,,1,1,1,1,1,1,1,1,True,1,1,0,1,1,0,burst,True
s08-r0-burst_trial-0.4,8,0,burst_trial-0.4,burst_trial,0.4,9,95.64400000000025,2,600,1,,,,2,1,2,1,2,1,2,1,True,1,1,0,1,1,0,burst,True
s08-r0-burst_trial-0.4,8,0,burst_trial-0.4,burst_trial,0.4,10,103.42000000000009,1,600,1,,,,2,1,2,1,1,1,2,1,True,0,0,0,1,0,1,burst,True
s08-r0-burst_trial-0.4,8,0,burst_trial-0.4,burst_trial,0.4,11,152.47199999999975,1,600,1,,,,2,1,1,1,1,1,1,1,True,0,1,1,1,1,0,burst,True
s08-r0-burst_trial-0.4,8,0,burst_trial-0.4,burst_trial,0.4,12,169.07200000000012,2,600,1,,,,2,1,2,1,2,1,2,1,True,1,1,0,1,1,0,burst,True
s08-r0-burst_trial-0.4,8,0,burst_trial-0.4,burst_trial,0.4,13,176.72000000000023,1,600,1,,,,1,1,1,1,1,1,1,1,True,1,1,0,1,1,0,burst,True
s08-r0-burst_trial-0.4,8,0,burst_trial-0.4,burst_trial,0.4,14,184.84400000000005,1,600,1,,,,1,1,1,1,1,1,1,1,True,1,1,0,1,1,0,burst,True
s08-r0-burst_trial-0.4,8,0,burst_trial-0.4,burst_trial,0.4,15,208.91600000000017,1,600,1,,,,1,1,1,1,1,1,1,1,True,1,1,0,1,1,0,burst,True
s08-r0-burst_trial-0.4,8,0,burst_trial-0.4,burst_trial,0.4,16,241.22000000000023,1,600,1,,,,1,1,1,1,1,1,1,1,True,1,1,0,1,1,0,burst,True
s08-r0-burst_trial-0.4,8,0,burst_trial-0.4,burst_trial,0.4,17,249.6480000000001,2,600,1,,,,2,1,2,1,2,1,2,1,True,1,1,0,1,1,0,burst,True
s08-r0-burst_trial-0.4,8,0,burst_trial-0.4,burst_trial,0.4,18,258.0159999999996,1,600,1,,,,1,1,1,1,1,1,1,1,True,1,1,0,1,1,0,burst,True
s08-r0-burst_trial-0.4,8,0,burst_trial-0.4,burst_trial,0.4,19,266.3800000000001,2,600,1,,,,2,1,2,1,2,1,2,1,True,1,1,0,1,1,0,burst,True
s08-r0-burst_trial-0.4,8,0,burst_trial-0.4,burst_trial,0.4,20,274.5519999999997,2,600,1,,,,2,1,2,1,2,1,2,1,True,1,1,0,1,1,0,burst,True
s08-r0-burst_trial-0.4,8,0,burst_trial-0.4,burst_trial,0.4,21,282.808,1,600,1,,,,1,1,1,1,1,1,1,1,True,1,1,0,1,1,0,burst,True
s08-r0-burst_trial-0.4,8,0,burst_trial-0.4,burst_trial,0.4,22,290.8879999999999,2,600,1,,,,2,1,2,1,2,1,2,1,True,1,1,0,1,1,0,burst,True
s08-r0-burst_trial-0.4,8,0,burst_trial-0.4,burst_trial,0.4,23,306.6279999999997,2,600,1,,,,2,1,2,1,2,1,2,1,True,1,1,0,1,1,0,burst,True
s08-r1-burst_trial-0.1,8,1,burst_trial-0.1,burst_trial,0.1,0,16.683999999999287,2,900,1,,,,2,1,2,1,2,1,2,1,True,1,1,0,1,1,0,burst,True
s08-r1-burst_trial-0.1,8,1,burst_trial-0.1,burst_trial,0.1,1,24.49200000000019,1,900,1,,,,1,1,1,1,1,1,1,1,True,1,1,0,1,1,0,burst,True
s08-r1-burst_trial-0.1,8,1,burst_trial-0.1,burst_trial,0.1,2,32.52399999999943,1,900,1,,,,1,1,1,1,1,1,1,1,True,1,1,0,1,1,0,burst,True
s08-r1-burst_trial-0.1,8,1,burst_trial-0.1,burst_trial,0.1,3,40.96800000000076,2,900,1,,,,2,1,2,1,2,1,2,1,True,1,1,0,1,1,0,burst,True
s08-r1-burst_trial-0.1,8,1,burst_trial-0.1,burst_trial,0.1,4,64.55999999999949,2,900,1,,,,2,1,2,1,1,1,1,1,True,1,1,0,0,0,0,burst,True
s08-r1-burst_trial-0.1,8,1,burst_trial-0.1,burst_trial,0.1,5,80.17599999999948,1,900,1,,,,1,1,1,1,1,1,1,1,True,1,1,0,1,1,0,burst,True
s08-r1-burst_trial-0.1,8,1,burst_trial-0.1,burst_trial,0.1,6,87.7559999999994,1,900,1,,,,1,1,1,1,1,1,1,1,True,1,1,0,1,1,0,burst,True
s08-r1-burst_trial-0.1,8,1,burst_trial-0.1,burst_trial,0.1,7,95.64400000000025,1,900,1,,,,2,1,2,1,1,1,1,1,True,0,0,0,1,1,0,burst,True
s08-r1-burst_trial-0.1,8,1,burst_trial-0.1,burst_trial,0.1,8,111.28800000000048,2,900,1,,,,2,1,2,1,2,1,2,1,True,1,1,0,1,1,0,burst,True
s08-r1-burst_trial-0.1,8,1,burst_trial-0.1,burst_trial,0.1,9,119.76800000000004,2,900,1,,,,2,1,2,1,2,1,2,1,True,1,1,0,1,1,0,burst,True
s08-r1-burst_trial-0.1,8,1,burst_trial-0.1,burst_trial,0.1,10,127.79999999999929,1,900,1,,,,1,1,1,1,1,1,1,1,True,1,1,0,1,1,0,burst,True
s08-r1-burst_trial-0.1,8,1,burst_trial-0.1,burst_trial,0.1,11,136.0640000000003,1,900,1,,,,1,1,1,1,1,1,1,1,True,1,1,0,1,1,0,burst,True
s08-r1-burst_trial-0.1,8,1,burst_trial-0.1,burst_trial,0.1,12,152.47199999999975,1,900,1,,,,1,1,1,1,1,1,1,1,True,1,1,0,1,1,0,burst,True
s08-r1-burst_trial-0.1,8,1,burst_trial-0.1,burst_trial,0.1,13,160.7520000000004,2,900,1,,,,2,1,2,1,2,1,2,1,True,1,1,0,1,1,0,burst,True
s08-r1-burst_trial-0.1,8,1,burst_trial-0.1,burst_trial,0.1,14,192.6560000000009,1,900,1,,,,1,1,1,1,1,1,1,1,True,1,1,0,1,1,0,burst,True
s08-r1-burst_trial-0.1,8,1,burst_trial-0.1,burst_trial,0.1,15,216.9320000000007,2,900,1,,,,2,1,2,1,2,1,2,1,True,1,1,0,1,1,0,burst,True
s08-r1-burst_trial-0.1,8,1,burst_trial-0.1,burst_trial,0.1,16,241.21999999999932,2,900,1,,,,2,1,2,1,2,1,2,1,True,1,1,0,1,1,0,burst,True
s08-r1-burst_trial-0.1,8,1,burst_trial-0.1,burst_trial,0.1,17,249.64799999999923,1,900,1,,,,1,1,1,1,1,1,1,1,True,1,1,0,1,1,0,burst,True
s08-r1-burst_trial-0.1,8,1,burst_trial-0.1,burst_trial,0.1,18,258.0159999999996,2,900,1,,,,2,1,2,1,2,1,2,1,True,1,1,0,1,1,0,burst,True
s08-r1-burst_trial-0.1,8,1,burst_trial-0.1,burst_trial,0.1,19,306.6280000000006,1,900,1,,,,1,1,1,1,1,1,1,1,True,1,1,0,1,1,0,burst,True
s08-r1-burst_trial-0.1,8,1,burst_trial-0.1,burst_trial,0.1,20,322.65200000000004,2,900,1,,,,2,1,2,1,2,1,2,1,True,1,1,0,1,1,0,burst,True
s08-r1-burst_trial-0.1,8,1,burst_trial-0.1,burst_trial,0.1,21,338.52399999999943,2,900,1,,,,1,1,1,1,2,1,2,1,True,0,0,0,1,1,0,burst,True
s08-r1-burst_trial-0.1,8,1,burst_trial-0.1,burst_trial,0.1,22,362.3359999999993,2,900,1,,,,2,1,2,1,2,1,2,1,True,1,1,0,1,1,0,burst,True
s08-r1-burst_trial-0.1,8,1,burst_trial-0.1,burst_trial,0.1,23,379.02800000000025,1,900,1,,,,1,1,1,1,1,1,1,1,True,1,1,0,1,1,0,burst,True
s08-r1-burst_trial-0.25,8,1,burst_trial-0.25,burst_trial,0.25,0,16.683999999999287,2,750,1,,,,1,1,2,1,1,1,2,1,True,0,1,1,0,1,1,burst,True
s08-r1-burst_trial-0.25,8,1,burst_trial-0.25,burst_trial,0.25,1,24.49200000000019,1,750,1,,,,1,1,1,1,1,1,1,1,True,1,1,0,1,1,0,burst,True
s08-r1-burst_trial-0.25,8,1,burst_trial-0.25,burst_trial,0.25,2,32.52399999999943,1,750,1,,,,1,1,1,1,1,1,1,1,True,1,1,0,1,1,0,burst,True
s08-r1-burst_trial-0.25,8,1,burst_trial-0.25,burst_trial,0.25,3,40.96800000000076,2,750,1,,,,2,1,2,1,2,1,2,1,True,1,1,0,1,1,0,burst,True
s08-r1-burst_trial-0.25,8,1,burst_trial-0.25,burst_trial,0.25,4,64.55999999999949,2,750,1,,,,2,1,2,1,1,1,1,1,True,1,1,0,0,0,0,burst,True
s08-r1-burst_trial-0.25,8,1,burst_trial-0.25,burst_trial,0.25,5,80.17599999999948,1,750,1,,,,1,1,1,1,1,1,1,1,True,1,1,0,1,1,0,burst,True
s08-r1-burst_trial-0.25,8,1,burst_trial-0.25,burst_trial,0.25,6,87.7559999999994,1,750,1,,,,1,1,1,1,1,1,1,1,True,1,1,0,1,1,0,burst,True
s08-r1-burst_trial-0.25,8,1,burst_trial-0.25,burst_trial,0.25,7,95.64400000000025,1,750,1,,,,2,1,2,1,1,1,1,1,True,0,0,0,1,1,0,burst,True
s08-r1-burst_trial-0.25,8,1,burst_trial-0.25,burst_trial,0.25,8,111.28800000000048,2,750,1,,,,2,1,2,1,2,1,2,1,True,1,1,0,1,1,0,burst,True
s08-r1-burst_trial-0.25,8,1,burst_trial-0.25,burst_trial,0.25,9,119.76800000000004,2,750,1,,,,2,1,2,1,2,1,2,1,True,1,1,0,1,1,0,burst,True
s08-r1-burst_trial-0.25,8,1,burst_trial-0.25,burst_trial,0.25,10,127.79999999999929,1,750,1,,,,1,1,1,1,1,1,1,1,True,1,1,0,1,1,0,burst,True
s08-r1-burst_trial-0.25,8,1,burst_trial-0.25,burst_trial,0.25,11,136.0640000000003,1,750,1,,,,1,1,1,1,1,1,1,1,True,1,1,0,1,1,0,burst,True
s08-r1-burst_trial-0.25,8,1,burst_trial-0.25,burst_trial,0.25,12,152.47199999999975,1,750,1,,,,1,1,1,1,1,1,1,1,True,1,1,0,1,1,0,burst,True
s08-r1-burst_trial-0.25,8,1,burst_trial-0.25,burst_trial,0.25,13,160.7520000000004,2,750,1,,,,2,1,2,1,2,1,2,1,True,1,1,0,1,1,0,burst,True
s08-r1-burst_trial-0.25,8,1,burst_trial-0.25,burst_trial,0.25,14,192.6560000000009,1,750,1,,,,1,1,1,1,1,1,1,1,True,1,1,0,1,1,0,burst,True
s08-r1-burst_trial-0.25,8,1,burst_trial-0.25,burst_trial,0.25,15,216.9320000000007,2,750,1,,,,2,1,2,1,2,1,2,1,True,1,1,0,1,1,0,burst,True
s08-r1-burst_trial-0.25,8,1,burst_trial-0.25,burst_trial,0.25,16,241.21999999999932,2,750,1,,,,2,1,2,1,2,1,2,1,True,1,1,0,1,1,0,burst,True
s08-r1-burst_trial-0.25,8,1,burst_trial-0.25,burst_trial,0.25,17,249.64799999999923,1,750,1,,,,1,1,1,1,1,1,1,1,True,1,1,0,1,1,0,burst,True
s08-r1-burst_trial-0.25,8,1,burst_trial-0.25,burst_trial,0.25,18,258.0159999999996,2,750,1,,,,2,1,2,1,2,1,2,1,True,1,1,0,1,1,0,burst,True
s08-r1-burst_trial-0.25,8,1,burst_trial-0.25,burst_trial,0.25,19,306.6280000000006,1,750,1,,,,1,1,1,1,1,1,1,1,True,1,1,0,1,1,0,burst,True
s08-r1-burst_trial-0.25,8,1,burst_trial-0.25,burst_trial,0.25,20,322.65200000000004,2,750,1,,,,2,1,2,1,1,1,2,1,True,1,1,0,0,1,1,burst,True
s08-r1-burst_trial-0.25,8,1,burst_trial-0.25,burst_trial,0.25,21,338.52399999999943,2,750,1,,,,1,1,1,1,2,1,2,1,True,0,0,0,1,1,0,burst,True
s08-r1-burst_trial-0.25,8,1,burst_trial-0.25,burst_trial,0.25,22,362.3359999999993,2,750,1,,,,2,1,2,1,2,1,2,1,True,1,1,0,1,1,0,burst,True
s08-r1-burst_trial-0.25,8,1,burst_trial-0.25,burst_trial,0.25,23,379.02800000000025,1,750,1,,,,1,1,1,1,1,1,1,1,True,1,1,0,1,1,0,burst,True
s08-r1-burst_trial-0.4,8,1,burst_trial-0.4,burst_trial,0.4,0,16.683999999999287,2,600,1,,,,1,1,2,1,1,1,2,1,True,0,1,1,0,1,1,burst,True
s08-r1-burst_trial-0.4,8,1,burst_trial-0.4,burst_trial,0.4,1,24.49200000000019,1,600,1,,,,1,1,1,1,1,1,1,1,True,1,1,0,1,1,0,burst,True
s08-r1-burst_trial-0.4,8,1,burst_trial-0.4,burst_trial,0.4,2,32.52399999999943,1,600,1,,,,1,1,1,1,1,1,1,1,True,1,1,0,1,1,0,burst,True
s08-r1-burst_trial-0.4,8,1,burst_trial-0.4,burst_trial,0.4,3,40.96800000000076,2,600,1,,,,2,1,2,1,2,1,2,1,True,1,1,0,1,1,0,burst,True
s08-r1-burst_trial-0.4,8,1,burst_trial-0.4,burst_trial,0.4,4,64.55999999999949,2,600,1,,,,2,1,2,1,1,1,1,1,True,1,1,0,0,0,0,burst,True
s08-r1-burst_trial-0.4,8,1,burst_trial-0.4,burst_trial,0.4,5,80.17599999999948,1,600,1,,,,1,1,1,1,1,1,1,1,True,1,1,0,1,1,0,burst,True
s08-r1-burst_trial-0.4,8,1,burst_trial-0.4,burst_trial,0.4,6,87.7559999999994,1,600,1,,,,1,1,1,1,1,1,1,1,True,1,1,0,1,1,0,burst,True
s08-r1-burst_trial-0.4,8,1,burst_trial-0.4,burst_trial,0.4,7,95.64400000000025,1,600,1,,,,2,1,2,1,1,1,1,1,True,0,0,0,1,1,0,burst,True
s08-r1-burst_trial-0.4,8,1,burst_trial-0.4,burst_trial,0.4,8,111.28800000000048,2,600,1,,,,2,1,2,1,2,1,2,1,True,1,1,0,1,1,0,burst,True
s08-r1-burst_trial-0.4,8,1,burst_trial-0.4,burst_trial,0.4,9,119.76800000000004,2,600,1,,,,2,1,2,1,2,1,2,1,True,1,1,0,1,1,0,burst,True
s08-r1-burst_trial-0.4,8,1,burst_trial-0.4,burst_trial,0.4,10,127.79999999999929,1,600,1,,,,1,1,1,1,1,1,1,1,True,1,1,0,1,1,0,burst,True
s08-r1-burst_trial-0.4,8,1,burst_trial-0.4,burst_trial,0.4,11,136.0640000000003,1,600,1,,,,1,1,1,1,1,1,1,1,True,1,1,0,1,1,0,burst,True
s08-r1-burst_trial-0.4,8,1,burst_trial-0.4,burst_trial,0.4,12,152.47199999999975,1,600,1,,,,1,1,1,1,1,1,1,1,True,1,1,0,1,1,0,burst,True
s08-r1-burst_trial-0.4,8,1,burst_trial-0.4,burst_trial,0.4,13,160.7520000000004,2,600,1,,,,2,1,2,1,2,1,2,1,True,1,1,0,1,1,0,burst,True
s08-r1-burst_trial-0.4,8,1,burst_trial-0.4,burst_trial,0.4,14,192.6560000000009,1,600,1,,,,1,1,1,1,1,1,1,1,True,1,1,0,1,1,0,burst,True
s08-r1-burst_trial-0.4,8,1,burst_trial-0.4,burst_trial,0.4,15,216.9320000000007,2,600,1,,,,2,1,2,1,2,1,2,1,True,1,1,0,1,1,0,burst,True
s08-r1-burst_trial-0.4,8,1,burst_trial-0.4,burst_trial,0.4,16,241.21999999999932,2,600,1,,,,2,1,2,1,2,1,2,1,True,1,1,0,1,1,0,burst,True
s08-r1-burst_trial-0.4,8,1,burst_trial-0.4,burst_trial,0.4,17,249.64799999999923,1,600,1,,,,1,1,1,1,1,1,1,1,True,1,1,0,1,1,0,burst,True
s08-r1-burst_trial-0.4,8,1,burst_trial-0.4,burst_trial,0.4,18,258.0159999999996,2,600,1,,,,2,1,2,1,2,1,2,1,True,1,1,0,1,1,0,burst,True
s08-r1-burst_trial-0.4,8,1,burst_trial-0.4,burst_trial,0.4,19,306.6280000000006,1,600,1,,,,1,1,1,1,1,1,1,1,True,1,1,0,1,1,0,burst,True
s08-r1-burst_trial-0.4,8,1,burst_trial-0.4,burst_trial,0.4,20,322.65200000000004,2,600,1,,,,2,1,2,1,1,1,2,1,True,1,1,0,0,1,1,burst,True
s08-r1-burst_trial-0.4,8,1,burst_trial-0.4,burst_trial,0.4,21,338.52399999999943,2,600,1,,,,1,1,1,1,2,1,2,1,True,0,0,0,1,1,0,burst,True
s08-r1-burst_trial-0.4,8,1,burst_trial-0.4,burst_trial,0.4,22,362.3359999999993,2,600,1,,,,2,1,2,1,2,1,2,1,True,1,1,0,1,1,0,burst,True
s08-r1-burst_trial-0.4,8,1,burst_trial-0.4,burst_trial,0.4,23,379.02800000000025,1,600,1,,,,1,1,1,1,1,1,1,1,True,1,1,0,1,1,0,burst,True
s08-r2-burst_trial-0.1,8,2,burst_trial-0.1,burst_trial,0.1,0,1.0,1,900,1,,,,1,1,1,1,1,1,1,1,True,1,1,0,1,1,0,burst,True
s08-r2-burst_trial-0.1,8,2,burst_trial-0.1,burst_trial,0.1,1,9.011999999998809,1,900,1,,,,1,1,1,1,1,1,1,1,True,1,1,0,1,1,0,burst,True
s08-r2-burst_trial-0.1,8,2,burst_trial-0.1,burst_trial,0.1,2,24.49199999999837,2,900,1,,,,2,1,2,1,2,1,2,1,True,1,1,0,1,1,0,burst,True
s08-r2-burst_trial-0.1,8,2,burst_trial-0.1,burst_trial,0.1,3,32.52400000000125,1,900,1,,,,1,1,1,1,1,1,1,1,True,1,1,0,1,1,0,burst,True
s08-r2-burst_trial-0.1,8,2,burst_trial-0.1,burst_trial,0.1,4,48.6359999999986,1,900,1,,,,1,1,1,1,1,1,1,1,True,1,1,0,1,1,0,burst,True
s08-r2-burst_trial-0.1,8,2,burst_trial-0.1,burst_trial,0.1,5,64.56000000000131,2,900,1,,,,2,1,2,1,2,1,2,1,True,1,1,0,1,1,0,burst,True
s08-r2-burst_trial-0.1,8,2,burst_trial-0.1,burst_trial,0.1,6,80.17599999999948,1,900,1,,,,1,1,1,1,1,1,1,1,True,1,1,0,1,1,0,burst,True
s08-r2-burst_trial-0.1,8,2,burst_trial-0.1,burst_trial,0.1,7,103.41999999999824,1,900,1,,,,1,1,1,1,1,1,1,1,True,1,1,0,1,1,0,burst,True
s08-r2-burst_trial-0.1,8,2,burst_trial-0.1,burst_trial,0.1,8,119.76800000000004,2,900,1,,,,2,1,2,1,2,1,2,1,True,1,1,0,1,1,0,burst,True
s08-r2-burst_trial-0.1,8,2,burst_trial-0.1,burst_trial,0.1,9,160.7520000000004,1,900,1,,,,1,1,1,1,1,1,1,1,True,1,1,0,1,1,0,burst,True
s08-r2-burst_trial-0.1,8,2,burst_trial-0.1,burst_trial,0.1,10,176.72000000000116,2,900,1,,,,2,1,2,1,2,1,2,1,True,1,1,0,1,1,0,burst,True
s08-r2-burst_trial-0.1,8,2,burst_trial-0.1,burst_trial,0.1,11,192.65599999999904,2,900,1,,,,2,1,2,1,2,1,2,1,True,1,1,0,1,1,0,burst,True
s08-r2-burst_trial-0.1,8,2,burst_trial-0.1,burst_trial,0.1,12,200.5,1,900,1,,,,1,1,1,1,1,1,1,1,True,1,1,0,1,1,0,burst,True
s08-r2-burst_trial-0.1,8,2,burst_trial-0.1,burst_trial,0.1,13,216.9320000000007,2,900,1,,,,2,1,2,1,2,1,2,1,True,1,1,0,1,1,0,burst,True
s08-r2-burst_trial-0.1,8,2,burst_trial-0.1,burst_trial,0.1,14,224.8319999999985,1,900,1,,,,1,1,1,1,1,1,1,1,True,1,1,0,1,1,0,burst,True
s08-r2-burst_trial-0.1,8,2,burst_trial-0.1,burst_trial,0.1,15,249.64800000000105,1,900,1,,,,1,1,1,1,1,1,1,1,True,1,1,0,1,1,0,burst,True
s08-r2-burst_trial-0.1,8,2,burst_trial-0.1,burst_trial,0.1,16,282.8080000000009,2,900,1,,,,2,1,2,1,1,1,2,1,True,1,1,0,0,1,1,burst,True
s08-r2-burst_trial-0.1,8,2,burst_trial-0.1,burst_trial,0.1,17,290.887999999999,1,900,1,,,,1,1,1,1,1,1,1,1,True,1,1,0,1,1,0,burst,True
s08-r2-burst_trial-0.1,8,2,burst_trial-0.1,burst_trial,0.1,18,298.77600000000166,2,900,1,,,,2,1,2,1,2,1,2,1,True,1,1,0,1,1,0,burst,True
s08-r2-burst_trial-0.1,8,2,burst_trial-0.1,burst_trial,0.1,19,314.32800000000134,2,900,1,,,,2,1,2,1,2,1,2,1,True,1,1,0,1,1,0,burst,True
s08-r2-burst_trial-0.1,8,2,burst_trial-0.1,burst_trial,0.1,20,338.52400000000125,2,900,1,,,,2,1,2,1,2,1,2,1,True,1,1,0,1,1,0,burst,True
s08-r2-burst_trial-0.1,8,2,burst_trial-0.1,burst_trial,0.1,21,347.0,2,900,1,,,,2,1,2,1,2,1,2,1,True,1,1,0,1,1,0,burst,True
s08-r2-burst_trial-0.1,8,2,burst_trial-0.1,burst_trial,0.1,22,354.6239999999998,2,900,1,,,,1,1,1,1,2,1,2,1,True,0,0,0,1,1,0,burst,True
s08-r2-burst_trial-0.1,8,2,burst_trial-0.1,burst_trial,0.1,23,379.0279999999984,1,900,1,,,,1,1,1,1,1,1,1,1,True,1,1,0,1,1,0,burst,True
s08-r2-burst_trial-0.25,8,2,burst_trial-0.25,burst_trial,0.25,0,1.0,1,750,1,,,,1,1,1,1,1,1,1,1,True,1,1,0,1,1,0,burst,True
s08-r2-burst_trial-0.25,8,2,burst_trial-0.25,burst_trial,0.25,1,9.011999999998809,1,750,1,,,,1,1,1,1,1,1,1,1,True,1,1,0,1,1,0,burst,True
s08-r2-burst_trial-0.25,8,2,burst_trial-0.25,burst_trial,0.25,2,24.49199999999837,2,750,1,,,,2,1,2,1,2,1,2,1,True,1,1,0,1,1,0,burst,True
s08-r2-burst_trial-0.25,8,2,burst_trial-0.25,burst_trial,0.25,3,32.52400000000125,1,750,1,,,,1,1,1,1,1,1,1,1,True,1,1,0,1,1,0,burst,True
s08-r2-burst_trial-0.25,8,2,burst_trial-0.25,burst_trial,0.25,4,48.6359999999986,1,750,1,,,,1,1,1,1,1,1,1,1,True,1,1,0,1,1,0,burst,True
s08-r2-burst_trial-0.25,8,2,burst_trial-0.25,burst_trial,0.25,5,64.56000000000131,2,750,1,,,,2,1,2,1,2,1,2,1,True,1,1,0,1,1,0,burst,True
s08-r2-burst_trial-0.25,8,2,burst_trial-0.25,burst_trial,0.25,6,80.17599999999948,1,750,1,,,,1,1,1,1,1,1,1,1,True,1,1,0,1,1,0,burst,True
s08-r2-burst_trial-0.25,8,2,burst_trial-0.25,burst_trial,0.25,7,103.41999999999824,1,750,1,,,,1,1,1,1,1,1,1,1,True,1,1,0,1,1,0,burst,True
s08-r2-burst_trial-0.25,8,2,burst_trial-0.25,burst_trial,0.25,8,119.76800000000004,2,750,1,,,,1,1,2,1,1,1,2,1,True,0,1,1,0,1,1,burst,True
s08-r2-burst_trial-0.25,8,2,burst_trial-0.25,burst_trial,0.25,9,160.7520000000004,1,750,1,,,,1,1,1,1,1,1,1,1,True,1,1,0,1,1,0,burst,True
s08-r2-burst_trial-0.25,8,2,burst_trial-0.25,burst_trial,0.25,10,176.72000000000116,2,750,1,,,,2,1,2,1,2,1,2,1,True,1,1,0,1,1,0,burst,True
s08-r2-burst_trial-0.25,8,2,burst_trial-0.25,burst_trial,0.25,11,192.65599999999904,2,750,1,,,,2,1,2,1,2,1,2,1,True,1,1,0,1,1,0,burst,True
s08-r2-burst_trial-0.25,8,2,burst_trial-0.25,burst_trial,0.25,12,200.5,1,750,1,,,,1,1,1,1,1,1,1,1,True,1,1,0,1,1,0,burst,True
s08-r2-burst_trial-0.25,8,2,burst_trial-0.25,burst_trial,0.25,13,216.9320000000007,2,750,1,,,,2,1,2,1,2,1,2,1,True,1,1,0,1,1,0,burst,True
s08-r2-burst_trial-0.25,8,2,burst_trial-0.25,burst_trial,0.25,14,224.8319999999985,1,750,1,,,,1,1,1,1,1,1,1,1,True,1,1,0,1,1,0,burst,True
s08-r2-burst_trial-0.25,8,2,burst_trial-0.25,burst_trial,0.25,15,249.64800000000105,1,750,1,,,,1,1,1,1,1,1,1,1,True,1,1,0,1,1,0,burst,True
s08-r2-burst_trial-0.25,8,2,burst_trial-0.25,burst_trial,0.25,16,282.8080000000009,2,750,1,,,,2,1,2,1,1,1,2,1,True,1,1,0,0,1,1,burst,True
s08-r2-burst_trial-0.25,8,2,burst_trial-0.25,burst_trial,0.25,17,290.887999999999,1,750,1,,,,1,1,1,1,1,1,1,1,True,1,1,0,1,1,0,burst,True
s08-r2-burst_trial-0.25,8,2,burst_trial-0.25,burst_trial,0.25,18,298.77600000000166,2,750,1,,,,2,1,2,1,2,1,2,1,True,1,1,0,1,1,0,burst,True
s08-r2-burst_trial-0.25,8,2,burst_trial-0.25,burst_trial,0.25,19,314.32800000000134,2,750,1,,,,2,1,2,1,2,1,2,1,True,1,1,0,1,1,0,burst,True
s08-r2-burst_trial-0.25,8,2,burst_trial-0.25,burst_trial,0.25,20,338.52400000000125,2,750,1,,,,2,1,2,1,2,1,2,1,True,1,1,0,1,1,0,burst,True
s08-r2-burst_trial-0.25,8,2,burst_trial-0.25,burst_trial,0.25,21,347.0,2,750,1,,,,2,1,2,1,1,1,2,1,True,1,1,0,0,1,1,burst,True
s08-r2-burst_trial-0.25,8,2,burst_trial-0.25,burst_trial,0.25,22,354.6239999999998,2,750,1,,,,2,1,1,1,2,1,2,1,True,1,0,1,1,1,0,burst,True
s08-r2-burst_trial-0.25,8,2,burst_trial-0.25,burst_trial,0.25,23,379.0279999999984,1,750,1,,,,1,1,1,1,1,1,1,1,True,1,1,0,1,1,0,burst,True
s08-r2-burst_trial-0.4,8,2,burst_trial-0.4,burst_trial,0.4,0,1.0,1,600,1,,,,1,1,1,1,1,1,1,1,True,1,1,0,1,1,0,burst,True
s08-r2-burst_trial-0.4,8,2,burst_trial-0.4,burst_trial,0.4,1,9.011999999998809,1,600,1,,,,1,1,1,1,1,1,1,1,True,1,1,0,1,1,0,burst,True
s08-r2-burst_trial-0.4,8,2,burst_trial-0.4,burst_trial,0.4,2,24.49199999999837,2,600,1,,,,1,1,2,1,1,1,2,1,True,0,1,1,0,1,1,burst,True
s08-r2-burst_trial-0.4,8,2,burst_trial-0.4,burst_trial,0.4,3,32.52400000000125,1,600,1,,,,1,1,1,1,1,1,1,1,True,1,1,0,1,1,0,burst,True
s08-r2-burst_trial-0.4,8,2,burst_trial-0.4,burst_trial,0.4,4,48.6359999999986,1,600,1,,,,1,1,1,1,1,1,1,1,True,1,1,0,1,1,0,burst,True
s08-r2-burst_trial-0.4,8,2,burst_trial-0.4,burst_trial,0.4,5,64.56000000000131,2,600,1,,,,2,1,2,1,1,1,2,1,True,1,1,0,0,1,1,burst,True
s08-r2-burst_trial-0.4,8,2,burst_trial-0.4,burst_trial,0.4,6,80.17599999999948,1,600,1,,,,1,1,1,1,1,1,1,1,True,1,1,0,1,1,0,burst,True
s08-r2-burst_trial-0.4,8,2,burst_trial-0.4,burst_trial,0.4,7,103.41999999999824,1,600,1,,,,1,1,1,1,1,1,1,1,True,1,1,0,1,1,0,burst,True
s08-r2-burst_trial-0.4,8,2,burst_trial-0.4,burst_trial,0.4,8,119.76800000000004,2,600,1,,,,2,1,2,1,2,1,2,1,True,1,1,0,1,1,0,burst,True
s08-r2-burst_trial-0.4,8,2,burst_trial-0.4,burst_trial,0.4,9,160.7520000000004,1,600,1,,,,1,1,1,1,1,1,1,1,True,1,1,0,1,1,0,burst,True
s08-r2-burst_trial-0.4,8,2,burst_trial-0.4,burst_trial,0.4,10,176.72000000000116,2,600,1,,,,2,1,2,1,2,1,2,1,True,1,1,0,1,1,0,burst,True
s08-r2-burst_trial-0.4,8,2,burst_trial-0.4,burst_trial,0.4,11,192.65599999999904,2,600,1,,,,2,1,2,1,2,1,2,1,True,1,1,0,1,1,0,burst,True
s08-r2-burst_trial-0.4,8,2,burst_trial-0.4,burst_trial,0.4,12,200.5,1,600,1,,,,1,1,1,1,1,1,1,1,True,1,1,0,1,1,0,burst,True
s08-r2-burst_trial-0.4,8,2,burst_trial-0.4,burst_trial,0.4,13,216.9320000000007,2,600,1,,,,2,1,2,1,2,1,2,1,True,1,1,0,1,1,0,burst,True
s08-r2-burst_trial-0.4,8,2,burst_trial-0.4,burst_trial,0.4,14,224.8319999999985,1,600,1,,,,1,1,1,1,1,1,1,1,True,1,1,0,1,1,0,burst,True
s08-r2-burst_trial-0.4,8,2,burst_trial-0.4,burst_trial,0.4,15,249.64800000000105,1,600,1,,,,1,1,1,1,1,1,1,1,True,1,1,0,1,1,0,burst,True
s08-r2-burst_trial-0.4,8,2,burst_trial-0.4,burst_trial,0.4,16,282.8080000000009,2,600,1,,,,2,1,2,1,1,1,2,1,True,1,1,0,0,1,1,burst,True
s08-r2-burst_trial-0.4,8,2,burst_trial-0.4,burst_trial,0.4,17,290.887999999999,1,600,1,,,,1,1,1,1,1,1,1,1,True,1,1,0,1,1,0,burst,True
s08-r2-burst_trial-0.4,8,2,burst_trial-0.4,burst_trial,0.4,18,298.77600000000166,2,600,1,,,,2,1,2,1,1,1,2,1,True,1,1,0,0,1,1,burst,True
s08-r2-burst_trial-0.4,8,2,burst_trial-0.4,burst_trial,0.4,19,314.32800000000134,2,600,1,,,,2,1,2,1,2,1,2,1,True,1,1,0,1,1,0,burst,True
s08-r2-burst_trial-0.4,8,2,burst_trial-0.4,burst_trial,0.4,20,338.52400000000125,2,600,1,,,,2,1,2,1,1,1,2,1,True,1,1,0,0,1,1,burst,True
s08-r2-burst_trial-0.4,8,2,burst_trial-0.4,burst_trial,0.4,21,347.0,2,600,1,,,,2,1,2,1,2,1,2,1,True,1,1,0,1,1,0,burst,True
s08-r2-burst_trial-0.4,8,2,burst_trial-0.4,burst_trial,0.4,22,354.6239999999998,2,600,1,,,,2,1,1,1,2,1,2,1,True,1,0,1,1,1,0,burst,True
s08-r2-burst_trial-0.4,8,2,burst_trial-0.4,burst_trial,0.4,23,379.0279999999984,1,600,1,,,,1,1,1,1,1,1,1,1,True,1,1,0,1,1,0,burst,True
s08-r3-burst_trial-0.1,8,3,burst_trial-0.1,burst_trial,0.1,0,1.0,2,900,1,,,,2,1,2,1,1,1,1,1,True,1,1,0,0,0,0,burst,True
s08-r3-burst_trial-0.1,8,3,burst_trial-0.1,burst_trial,0.1,1,16.684000000001106,1,900,1,,,,1,1,1,1,1,1,1,1,True,1,1,0,1,1,0,burst,True
s08-r3-burst_trial-0.1,8,3,burst_trial-0.1,burst_trial,0.1,2,48.6359999999986,1,900,1,,,,1,1,1,1,1,1,1,1,True,1,1,0,1,1,0,burst,True
s08-r3-burst_trial-0.1,8,3,burst_trial-0.1,burst_trial,0.1,3,56.83599999999933,1,900,1,,,,1,1,1,1,1,1,1,1,True,1,1,0,1,1,0,burst,True
s08-r3-burst_trial-0.1,8,3,burst_trial-0.1,burst_trial,0.1,4,72.55199999999968,2,900,1,,,,2,1,2,1,2,1,2,1,True,1,1,0,1,1,0,burst,True
s08-r3-burst_trial-0.1,8,3,burst_trial-0.1,burst_trial,0.1,5,103.41999999999824,2,900,1,,,,2,1,2,1,2,1,2,1,True,1,1,0,1,1,0,burst,True
s08-r3-burst_trial-0.1,8,3,burst_trial-0.1,burst_trial,0.1,6,111.28800000000048,1,900,1,,,,1,1,1,1,1,1,1,1,True,1,1,0,1,1,0,burst,True
s08-r3-burst_trial-0.1,8,3,burst_trial-0.1,burst_trial,0.1,7,127.79999999999929,2,900,1,,,,2,1,2,1,2,1,2,1,True,1,1,0,1,1,0,burst,True
s08-r3-burst_trial-0.1,8,3,burst_trial-0.1,burst_trial,0.1,8,144.20799999999872,1,900,1,,,,1,1,1,1,1,1,1,1,True,1,1,0,1,1,0,burst,True
s08-r3-burst_trial-0.1,8,3,burst_trial-0.1,burst_trial,0.1,9,169.07200000000012,2,900,1,,,,2,1,2,1,2,1,2,1,True,1,1,0,1,1,0,burst,True
s08-r3-burst_trial-0.1,8,3,burst_trial-0.1,burst_trial,0.1,10,192.65599999999904,1,900,1,,,,1,1,1,1,1,1,1,1,True,1,1,0,1,1,0,burst,True
s08-r3-burst_trial-0.1,8,3,burst_trial-0.1,burst_trial,0.1,11,200.5,2,900,1,,,,2,1,2,1,1,1,2,1,True,1,1,0,0,1,1,burst,True
s08-r3-burst_trial-0.1,8,3,burst_trial-0.1,burst_trial,0.1,12,208.91600000000108,2,900,1,,,,2,1,2,1,2,1,2,1,True,1,1,0,1,1,0,burst,True
s08-r3-burst_trial-0.1,8,3,burst_trial-0.1,burst_trial,0.1,13,232.9360000000015,2,900,1,,,,2,1,2,1,2,1,2,1,True,1,1,0,1,1,0,burst,True
s08-r3-burst_trial-0.1,8,3,burst_trial-0.1,burst_trial,0.1,14,241.2200000000012,1,900,1,,,,1,1,1,1,1,1,1,1,True,1,1,0,1,1,0,burst,True
s08-r3-burst_trial-0.1,8,3,burst_trial-0.1,burst_trial,0.1,15,249.64800000000105,1,900,1,,,,1,1,1,1,1,1,1,1,True,1,1,0,1,1,0,burst,True
s08-r3-burst_trial-0.1,8,3,burst_trial-0.1,burst_trial,0.1,16,266.380000000001,2,900,1,,,,2,1,2,1,2,1,2,1,True,1,1,0,1,1,0,burst,True
s08-r3-burst_trial-0.1,8,3,burst_trial-0.1,burst_trial,0.1,17,274.5519999999997,1,900,1,,,,1,1,1,1,1,1,1,1,True,1,1,0,1,1,0,burst,True
s08-r3-burst_trial-0.1,8,3,burst_trial-0.1,burst_trial,0.1,18,290.887999999999,2,900,1,,,,1,1,1,1,2,1,2,1,True,0,0,0,1,1,0,burst,True
s08-r3-burst_trial-0.1,8,3,burst_trial-0.1,burst_trial,0.1,19,298.77600000000166,2,900,1,,,,2,1,2,1,2,1,2,1,True,1,1,0,1,1,0,burst,True
s08-r3-burst_trial-0.1,8,3,burst_trial-0.1,burst_trial,0.1,20,314.32800000000134,1,900,1,,,,1,1,1,1,1,1,1,1,True,1,1,0,1,1,0,burst,True
s08-r3-burst_trial-0.1,8,3,burst_trial-0.1,burst_trial,0.1,21,362.3359999999993,1,900,1,,,,1,1,1,1,1,1,1,1,True,1,1,0,1,1,0,burst,True
s08-r3-burst_trial-0.1,8,3,burst_trial-0.1,burst_trial,0.1,22,370.7920000000013,2,900,1,,,,2,1,2,1,2,1,2,1,True,1,1,0,1,1,0,burst,True
s08-r3-burst_trial-0.1,8,3,burst_trial-0.1,burst_trial,0.1,23,379.0279999999984,1,900,1,,,,1,1,1,1,1,1,1,1,True,1,1,0,1,1,0,burst,True
s08-r3-burst_trial-0.25,8,3,burst_trial-0.25,burst_trial,0.25,0,1.0,2,750,1,,,,2,1,2,1,1,1,1,1,True,1,1,0,0,0,0,burst,True
s08-r3-burst_trial-0.25,8,3,burst_trial-0.25,burst_trial,0.25,1,16.684000000001106,1,750,1,,,,1,1,1,1,1,1,1,1,True,1,1,0,1,1,0,burst,True
s08-r3-burst_trial-0.25,8,3,burst_trial-0.25,burst_trial,0.25,2,48.6359999999986,1,750,1,,,,1,1,1,1,1,1,1,1,True,1,1,0,1,1,0,burst,True
s08-r3-burst_trial-0.25,8,3,burst_trial-0.25,burst_trial,0.25,3,56.83599999999933,1,750,1,,,,1,1,1,1,1,1,1,1,True,1,1,0,1,1,0,burst,True
s08-r3-burst_trial-0.25,8,3,burst_trial-0.25,burst_trial,0.25,4,72.55199999999968,2,750,1,,,,2,1,2,1,1,1,2,1,True,1,1,0,0,1,1,burst,True
s08-r3-burst_trial-0.25,8,3,burst_trial-0.25,burst_trial,0.25,5,103.41999999999824,2,750,1,,,,2,1,2,1,2,1,2,1,True,1,1,0,1,1,0,burst,True
s08-r3-burst_trial-0.25,8,3,burst_trial-0.25,burst_trial,0.25,6,111.28800000000048,1,750,1,,,,1,1,1,1,1,1,1,1,True,1,1,0,1,1,0,burst,True
s08-r3-burst_trial-0.25,8,3,burst_trial-0.25,burst_trial,0.25,7,127.79999999999929,2,750,1,,,,2,1,2,1,2,1,2,1,True,1,1,0,1,1,0,burst,True
s08-r3-burst_trial-0.25,8,3,burst_trial-0.25,burst_trial,0.25,8,144.20799999999872,1,750,1,,,,1,1,1,1,1,1,1,1,True,1,1,0,1,1,0,burst,True
s08-r3-burst_trial-0.25,8,3,burst_trial-0.25,burst_trial,0.25,9,169.07200000000012,2,750,1,,,,2,1,2,1,1,1,2,1,True,1,1,0,0,1,1,burst,True
s08-r3-burst_trial-0.25,8,3,burst_trial-0.25,burst_trial,0.25,10,192.65599999999904,1,750,1,,,,1,1,1,1,1,1,1,1,True,1,1,0,1,1,0,burst,True
s08-r3-burst_trial-0.25,8,3,burst_trial-0.25,burst_trial,0.25,11,200.5,2,750,1,,,,2,1,2,1,2,1,2,1,True,1,1,0,1,1,0,burst,True
s08-r3-burst_trial-0.25,8,3,burst_trial-0.25,burst_trial,0.25,12,208.91600000000108,2,750,1,,,,2,1,2,1,1,1,2,1,True,1,1,0,0,1,1,burst,True
s08-r3-burst_trial-0.25,8,3,burst_trial-0.25,burst_trial,0.25,13,232.9360000000015,2,750,1,,,,2,1,2,1,2,1,2,1,True,1,1,0,1,1,0,burst,True
s08-r3-burst_trial-0.25,8,3,burst_trial-0.25,burst_trial,0.25,14,241.2200000000012,1,750,1,,,,1,1,1,1,1,1,1,1,True,1,1,0,1,1,0,burst,True
s08-r3-burst_trial-0.25,8,3,burst_trial-0.25,burst_trial,0.25,15,249.64800000000105,1,750,1,,,,1,1,1,1,1,1,1,1,True,1,1,0,1,1,0,burst,True
s08-r3-burst_trial-0.25,8,3,burst_trial-0.25,burst_trial,0.25,16,266.380000000001,2,750,1,,,,2,1,2,1,2,1,2,1,True,1,1,0,1,1,0,burst,True
s08-r3-burst_trial-0.25,8,3,burst_trial-0.25,burst_trial,0.25,17,274.5519999999997,1,750,1,,,,1,1,1,1,1,1,1,1,True,1,1,0,1,1,0,burst,True
s08-r3-burst_trial-0.25,8,3,burst_trial-0.25,burst_trial,0.25,18,290.887999999999,2,750,1,,,,1,1,1,1,2,1,2,1,True,0,0,0,1,1,0,burst,True
s08-r3-burst_trial-0.25,8,3,burst_trial-0.25,burst_trial,0.25,19,298.77600000000166,2,750,1,,,,2,1,2,1,2,1,2,1,True,1,1,0,1,1,0,burst,True
s08-r3-burst_trial-0.25,8,3,burst_trial-0.25,burst_trial,0.25,20,314.32800000000134,1,750,1,,,,1,1,1,1,1,1,1,1,True,1,1,0,1,1,0,burst,True
s08-r3-burst_trial-0.25,8,3,burst_trial-0.25,burst_trial,0.25,21,362.3359999999993,1,750,1,,,,1,1,1,1,2,1,1,1,True,1,1,0,0,1,1,burst,True
s08-r3-burst_trial-0.25,8,3,burst_trial-0.25,burst_trial,0.25,22,370.7920000000013,2,750,1,,,,2,1,2,1,2,1,2,1,True,1,1,0,1,1,0,burst,True
s08-r3-burst_trial-0.25,8,3,burst_trial-0.25,burst_trial,0.25,23,379.0279999999984,1,750,1,,,,1,1,1,1,1,1,1,1,True,1,1,0,1,1,0,burst,True
s08-r3-burst_trial-0.4,8,3,burst_trial-0.4,burst_trial,0.4,0,1.0,2,600,1,,,,2,1,2,1,1,1,1,1,True,1,1,0,0,0,0,burst,True
s08-r3-burst_trial-0.4,8,3,burst_trial-0.4,burst_trial,0.4,1,16.684000000001106,1,600,1,,,,2,1,1,1,2,1,1,1,True,0,1,1,0,1,1,burst,True
s08-r3-burst_trial-0.4,8,3,burst_trial-0.4,burst_trial,0.4,2,48.6359999999986,1,600,1,,,,1,1,1,1,1,1,1,1,True,1,1,0,1,1,0,burst,True
s08-r3-burst_trial-0.4,8,3,burst_trial-0.4,burst_trial,0.4,3,56.83599999999933,1,600,1,,,,1,1,1,1,1,1,1,1,True,1,1,0,1,1,0,burst,True
s08-r3-burst_trial-0.4,8,3,burst_trial-0.4,burst_trial,0.4,4,72.55199999999968,2,600,1,,,,2,1,2,1,1,1,2,1,True,1,1,0,0,1,1,burst,True
s08-r3-burst_trial-0.4,8,3,burst_trial-0.4,burst_trial,0.4,5,103.41999999999824,2,600,1,,,,2,1,2,1,2,1,2,1,True,1,1,0,1,1,0,burst,True
s08-r3-burst_trial-0.4,8,3,burst_trial-0.4,burst_trial,0.4,6,111.28800000000048,1,600,1,,,,1,1,1,1,1,1,1,1,True,1,1,0,1,1,0,burst,True
s08-r3-burst_trial-0.4,8,3,burst_trial-0.4,burst_trial,0.4,7,127.79999999999929,2,600,1,,,,2,1,2,1,2,1,2,1,True,1,1,0,1,1,0,burst,True
s08-r3-burst_trial-0.4,8,3,burst_trial-0.4,burst_trial,0.4,8,144.20799999999872,1,600,1,,,,1,1,1,1,1,1,1,1,True,1,1,0,1,1,0,burst,True
s08-r3-burst_trial-0.4,8,3,burst_trial-0.4,burst_trial,0.4,9,169.07200000000012,2,600,1,,,,2,1,2,1,2,1,2,1,True,1,1,0,1,1,0,burst,True
s08-r3-burst_trial-0.4,8,3,burst_trial-0.4,burst_trial,0.4,10,192.65599999999904,1,600,1,,,,1,1,1,1,1,1,1,1,True,1,1,0,1,1,0,burst,True
s08-r3-burst_trial-0.4,8,3,burst_trial-0.4,burst_trial,0.4,11,200.5,2,600,1,,,,2,1,2,1,1,1,2,1,True,1,1,0,0,1,1,burst,True
s08-r3-burst_trial-0.4,8,3,burst_trial-0.4,burst_trial,0.4,12,208.91600000000108,2,600,1,,,,2,1,2,1,2,1,2,1,True,1,1,0,1,1,0,burst,True
s08-r3-burst_trial-0.4,8,3,burst_trial-0.4,burst_trial,0.4,13,232.9360000000015,2,600,1,,,,2,1,2,1,2,1,2,1,True,1,1,0,1,1,0,burst,True
s08-r3-burst_trial-0.4,8,3,burst_trial-0.4,burst_trial,0.4,14,241.2200000000012,1,600,1,,,,1,1,1,1,1,1,1,1,True,1,1,0,1,1,0,burst,True
s08-r3-burst_trial-0.4,8,3,burst_trial-0.4,burst_trial,0.4,15,249.64800000000105,1,600,1,,,,1,1,1,1,1,1,1,1,True,1,1,0,1,1,0,burst,True
s08-r3-burst_trial-0.4,8,3,burst_trial-0.4,burst_trial,0.4,16,266.380000000001,2,600,1,,,,2,1,2,1,2,1,2,1,True,1,1,0,1,1,0,burst,True
s08-r3-burst_trial-0.4,8,3,burst_trial-0.4,burst_trial,0.4,17,274.5519999999997,1,600,1,,,,1,1,1,1,1,1,1,1,True,1,1,0,1,1,0,burst,True
s08-r3-burst_trial-0.4,8,3,burst_trial-0.4,burst_trial,0.4,18,290.887999999999,2,600,1,,,,1,1,1,1,2,1,2,1,True,0,0,0,1,1,0,burst,True
s08-r3-burst_trial-0.4,8,3,burst_trial-0.4,burst_trial,0.4,19,298.77600000000166,2,600,1,,,,2,1,2,1,2,1,2,1,True,1,1,0,1,1,0,burst,True
s08-r3-burst_trial-0.4,8,3,burst_trial-0.4,burst_trial,0.4,20,314.32800000000134,1,600,1,,,,1,1,1,1,1,1,1,1,True,1,1,0,1,1,0,burst,True
s08-r3-burst_trial-0.4,8,3,burst_trial-0.4,burst_trial,0.4,21,362.3359999999993,1,600,1,,,,2,1,1,1,2,1,1,1,True,0,1,1,0,1,1,burst,True
s08-r3-burst_trial-0.4,8,3,burst_trial-0.4,burst_trial,0.4,22,370.7920000000013,2,600,1,,,,2,1,2,1,2,1,2,1,True,1,1,0,1,1,0,burst,True
s08-r3-burst_trial-0.4,8,3,burst_trial-0.4,burst_trial,0.4,23,379.0279999999984,1,600,1,,,,1,1,1,1,1,1,1,1,True,1,1,0,1,1,0,burst,True
s08-r4-burst_trial-0.1,8,4,burst_trial-0.1,burst_trial,0.1,0,1.0,2,900,1,,,,2,1,2,1,2,1,2,1,True,1,1,0,1,1,0,burst,True
s08-r4-burst_trial-0.1,8,4,burst_trial-0.1,burst_trial,0.1,1,9.011999999998809,1,900,1,,,,1,1,1,1,1,1,1,1,True,1,1,0,1,1,0,burst,True
s08-r4-burst_trial-0.1,8,4,burst_trial-0.1,burst_trial,0.1,2,16.684000000001106,1,900,1,,,,1,1,1,1,1,1,1,1,True,1,1,0,1,1,0,burst,True
s08-r4-burst_trial-0.1,8,4,burst_trial-0.1,burst_trial,0.1,3,40.96800000000076,2,900,1,,,,1,1,2,1,1,1,2,1,True,0,1,1,0,1,1,burst,True
s08-r4-burst_trial-0.1,8,4,burst_trial-0.1,burst_trial,0.1,4,64.56000000000131,1,900,1,,,,1,1,1,1,1,1,1,1,True,1,1,0,1,1,0,burst,True
s08-r4-burst_trial-0.1,8,4,burst_trial-0.1,burst_trial,0.1,5,80.17599999999948,1,900,1,,,,1,1,1,1,1,1,1,1,True,1,1,0,1,1,0,burst,True
s08-r4-burst_trial-0.1,8,4,burst_trial-0.1,burst_trial,0.1,6,87.75600000000122,1,900,1,,,,1,1,1,1,1,1,1,1,True,1,1,0,1,1,0,burst,True
s08-r4-burst_trial-0.1,8,4,burst_trial-0.1,burst_trial,0.1,7,95.64400000000025,2,900,1,,,,2,1,2,1,2,1,2,1,True,1,1,0,1,1,0,burst,True
s08-r4-burst_trial-0.1,8,4,burst_trial-0.1,burst_trial,0.1,8,119.76800000000004,2,900,1,,,,2,1,2,1,2,1,2,1,True,1,1,0,1,1,0,burst,True
s08-r4-burst_trial-0.1,8,4,burst_trial-0.1,burst_trial,0.1,9,169.07200000000012,2,900,1,,,,2,1,2,1,2,1,2,1,True,1,1,0,1,1,0,burst,True
s08-r4-burst_trial-0.1,8,4,burst_trial-0.1,burst_trial,0.1,10,176.72000000000116,2,900,1,,,,2,1,2,1,2,1,2,1,True,1,1,0,1,1,0,burst,True
s08-r4-burst_trial-0.1,8,4,burst_trial-0.1,burst_trial,0.1,11,192.65599999999904,1,900,1,,,,1,1,1,1,1,1,1,1,True,1,1,0,1,1,0,burst,True
s08-r4-burst_trial-0.1,8,4,burst_trial-0.1,burst_trial,0.1,12,200.5,2,900,1,,,,2,1,2,1,2,1,2,1,True,1,1,0,1,1,0,burst,True
s08-r4-burst_trial-0.1,8,4,burst_trial-0.1,burst_trial,0.1,13,208.91600000000108,2,900,1,,,,1,1,1,1,2,1,2,1,True,0,0,0,1,1,0,burst,True
s08-r4-burst_trial-0.1,8,4,burst_trial-0.1,burst_trial,0.1,14,216.9320000000007,2,900,1,,,,1,1,1,1,2,1,2,1,True,0,0,0,1,1,0,burst,True
s08-r4-burst_trial-0.1,8,4,burst_trial-0.1,burst_trial,0.1,15,241.2200000000012,1,900,1,,,,1,1,1,1,1,1,1,1,True,1,1,0,1,1,0,burst,True
s08-r4-burst_trial-0.1,8,4,burst_trial-0.1,burst_trial,0.1,16,258.0159999999996,1,900,1,,,,1,1,1,1,2,1,2,1,True,1,1,0,0,0,0,burst,True
s08-r4-burst_trial-0.1,8,4,burst_trial-0.1,burst_trial,0.1,17,274.5519999999997,1,900,1,,,,1,1,1,1,1,1,1,1,True,1,1,0,1,1,0,burst,True
s08-r4-burst_trial-0.1,8,4,burst_trial-0.1,burst_trial,0.1,18,290.887999999999,1,900,1,,,,1,1,1,1,2,1,2,1,True,1,1,0,0,0,0,burst,True
s08-r4-burst_trial-0.1,8,4,burst_trial-0.1,burst_trial,0.1,19,306.6280000000006,1,900,1,,,,1,1,1,1,1,1,1,1,True,1,1,0,1,1,0,burst,True
s08-r4-burst_trial-0.1,8,4,burst_trial-0.1,burst_trial,0.1,20,314.32800000000134,2,900,1,,,,2,1,2,1,2,1,2,1,True,1,1,0,1,1,0,burst,True
s08-r4-burst_trial-0.1,8,4,burst_trial-0.1,burst_trial,0.1,21,347.0,1,900,1,,,,1,1,1,1,1,1,1,1,True,1,1,0,1,1,0,burst,True
s08-r4-burst_trial-0.1,8,4,burst_trial-0.1,burst_trial,0.1,22,354.6239999999998,2,900,1,,,,2,1,2,1,2,1,2,1,True,1,1,0,1,1,0,burst,True
s08-r4-burst_trial-0.1,8,4,burst_trial-0.1,burst_trial,0.1,23,370.7920000000013,2,900,1,,,,2,1,2,1,2,1,2,1,True,1,1,0,1,1,0,burst,True
s08-r4-burst_trial-0.25,8,4,burst_trial-0.25,burst_trial,0.25,0,1.0,2,750,1,,,,2,1,2,1,2,1,2,1,True,1,1,0,1,1,0,burst,True
s08-r4-burst_trial-0.25,8,4,burst_trial-0.25,burst_trial,0.25,1,9.011999999998809,1,750,1,,,,1,1,1,1,1,1,1,1,True,1,1,0,1,1,0,burst,True
s08-r4-burst_trial-0.25,8,4,burst_trial-0.25,burst_trial,0.25,2,16.684000000001106,1,750,1,,,,1,1,1,1,1,1,1,1,True,1,1,0,1,1,0,burst,True
s08-r4-burst_trial-0.25,8,4,burst_trial-0.25,burst_trial,0.25,3,40.96800000000076,2,750,1,,,,1,1,2,1,1,1,2,1,True,0,1,1,0,1,1,burst,True
s08-r4-burst_trial-0.25,8,4,burst_trial-0.25,burst_trial,0.25,4,64.56000000000131,1,750,1,,,,1,1,1,1,1,1,1,1,True,1,1,0,1,1,0,burst,True
s08-r4-burst_trial-0.25,8,4,burst_trial-0.25,burst_trial,0.25,5,80.17599999999948,1,750,1,,,,1,1,1,1,1,1,1,1,True,1,1,0,1,1,0,burst,True
s08-r4-burst_trial-0.25,8,4,burst_trial-0.25,burst_trial,0.25,6,87.75600000000122,1,750,1,,,,1,1,1,1,1,1,1,1,True,1,1,0,1,1,0,burst,True
s08-r4-burst_trial-0.25,8,4,burst_trial-0.25,burst_trial,0.25,7,95.64400000000025,2,750,1,,,,2,1,2,1,2,1,2,1,True,1,1,0,1,1,0,burst,True
s08-r4-burst_trial-0.25,8,4,burst_trial-0.25,burst_trial,0.25,8,119.76800000000004,2,750,1,,,,2,1,2,1,2,1,2,1,True,1,1,0,1,1,0,burst,True
s08-r4-burst_trial-0.25,8,4,burst_trial-0.25,burst_trial,0.25,9,169.07200000000012,2,750,1,,,,2,1,2,1,2,1,2,1,True,1,1,0,1,1,0,burst,True
s08-r4-burst_trial-0.25,8,4,burst_trial-0.25,burst_trial,0.25,10,176.72000000000116,2,750,1,,,,2,1,2,1,2,1,2,1,True,1,1,0,1,1,0,burst,True
s08-r4-burst_trial-0.25,8,4,burst_trial-0.25,burst_trial,0.25,11,192.65599999999904,1,750,1,,,,1,1,1,1,1,1,1,1,True,1,1,0,1,1,0,burst,True
s08-r4-burst_trial-0.25,8,4,burst_trial-0.25,burst_trial,0.25,12,200.5,2,750,1,,,,2,1,2,1,2,1,2,1,True,1,1,0,1,1,0,burst,True
s08-r4-burst_trial-0.25,8,4,burst_trial-0.25,burst_trial,0.25,13,208.91600000000108,2,750,1,,,,2,1,1,1,2,1,2,1,True,1,0,1,1,1,0,burst,True
s08-r4-burst_trial-0.25,8,4,burst_trial-0.25,burst_trial,0.25,14,216.9320000000007,2,750,1,,,,1,1,1,1,2,1,2,1,True,0,0,0,1,1,0,burst,True
s08-r4-burst_trial-0.25,8,4,burst_trial-0.25,burst_trial,0.25,15,241.2200000000012,1,750,1,,,,1,1,1,1,1,1,1,1,True,1,1,0,1,1,0,burst,True
s08-r4-burst_trial-0.25,8,4,burst_trial-0.25,burst_trial,0.25,16,258.0159999999996,1,750,1,,,,1,1,1,1,2,1,2,1,True,1,1,0,0,0,0,burst,True
s08-r4-burst_trial-0.25,8,4,burst_trial-0.25,burst_trial,0.25,17,274.5519999999997,1,750,1,,,,1,1,1,1,1,1,1,1,True,1,1,0,1,1,0,burst,True
s08-r4-burst_trial-0.25,8,4,burst_trial-0.25,burst_trial,0.25,18,290.887999999999,1,750,1,,,,1,1,1,1,2,1,2,1,True,1,1,0,0,0,0,burst,True
s08-r4-burst_trial-0.25,8,4,burst_trial-0.25,burst_trial,0.25,19,306.6280000000006,1,750,1,,,,1,1,1,1,1,1,1,1,True,1,1,0,1,1,0,burst,True
s08-r4-burst_trial-0.25,8,4,burst_trial-0.25,burst_trial,0.25,20,314.32800000000134,2,750,1,,,,2,1,2,1,2,1,2,1,True,1,1,0,1,1,0,burst,True
s08-r4-burst_trial-0.25,8,4,burst_trial-0.25,burst_trial,0.25,21,347.0,1,750,1,,,,1,1,1,1,1,1,1,1,True,1,1,0,1,1,0,burst,True
s08-r4-burst_trial-0.25,8,4,burst_trial-0.25,burst_trial,0.25,22,354.6239999999998,2,750,1,,,,2,1,2,1,2,1,2,1,True,1,1,0,1,1,0,burst,True
s08-r4-burst_trial-0.25,8,4,burst_trial-0.25,burst_trial,0.25,23,370.7920000000013,2,750,1,,,,2,1,2,1,2,1,2,1,True,1,1,0,1,1,0,burst,True
s08-r4-burst_trial-0.4,8,4,burst_trial-0.4,burst_trial,0.4,0,1.0,2,600,1,,,,2,1,2,1,2,1,2,1,True,1,1,0,1,1,0,burst,True
s08-r4-burst_trial-0.4,8,4,burst_trial-0.4,burst_trial,0.4,1,9.011999999998809,1,600,1,,,,1,1,1,1,1,1,1,1,True,1,1,0,1,1,0,burst,True
s08-r4-burst_trial-0.4,8,4,burst_trial-0.4,burst_trial,0.4,2,16.684000000001106,1,600,1,,,,1,1,1,1,1,1,1,1,True,1,1,0,1,1,0,burst,True
s08-r4-burst_trial-0.4,8,4,burst_trial-0.4,burst_trial,0.4,3,40.96800000000076,2,600,1,,,,1,1,2,1,1,1,2,1,True,0,1,1,0,1,1,burst,True
s08-r4-burst_trial-0.4,8,4,burst_trial-0.4,burst_trial,0.4,4,64.56000000000131,1,600,1,,,,1,1,1,1,1,1,1,1,True,1,1,0,1,1,0,burst,True
s08-r4-burst_trial-0.4,8,4,burst_trial-0.4,burst_trial,0.4,5,80.17599999999948,1,600,1,,,,1,1,1,1,1,1,1,1,True,1,1,0,1,1,0,burst,True
s08-r4-burst_trial-0.4,8,4,burst_trial-0.4,burst_trial,0.4,6,87.75600000000122,1,600,1,,,,1,1,1,1,1,1,1,1,True,1,1,0,1,1,0,burst,True
s08-r4-burst_trial-0.4,8,4,burst_trial-0.4,burst_trial,0.4,7,95.64400000000025,2,600,1,,,,2,1,2,1,2,1,2,1,True,1,1,0,1,1,0,burst,True
s08-r4-burst_trial-0.4,8,4,burst_trial-0.4,burst_trial,0.4,8,119.76800000000004,2,600,1,,,,2,1,2,1,2,1,2,1,True,1,1,0,1,1,0,burst,True
s08-r4-burst_trial-0.4,8,4,burst_trial-0.4,burst_trial,0.4,9,169.07200000000012,2,600,1,,,,2,1,2,1,2,1,2,1,True,1,1,0,1,1,0,burst,True
s08-r4-burst_trial-0.4,8,4,burst_trial-0.4,burst_trial,0.4,10,176.72000000000116,2,600,1,,,,2,1,2,1,2,1,2,1,True,1,1,0,1,1,0,burst,True
s08-r4-burst_trial-0.4,8,4,burst_trial-0.4,burst_trial,0.4,11,192.65599999999904,1,600,1,,,,1,1,1,1,1,1,1,1,True,1,1,0,1,1,0,burst,True
s08-r4-burst_trial-0.4,8,4,burst_trial-0.4,burst_trial,0.4,12,200.5,2,600,1,,,,2,1,2,1,2,1,2,1,True,1,1,0,1,1,0,burst,True
s08-r4-burst_trial-0.4,8,4,burst_trial-0.4,burst_trial,0.4,13,208.91600000000108,2,600,1,,,,2,1,1,1,1,1,2,1,True,1,0,1,0,1,1,burst,True
s08-r4-burst_trial-0.4,8,4,burst_trial-0.4,burst_trial,0.4,14,216.9320000000007,2,600,1,,,,2,1,1,1,2,1,2,1,True,1,0,1,1,1,0,burst,True
s08-r4-burst_trial-0.4,8,4,burst_trial-0.4,burst_trial,0.4,15,241.2200000000012,1,600,1,,,,1,1,1,1,1,1,1,1,True,1,1,0,1,1,0,burst,True
s08-r4-burst_trial-0.4,8,4,burst_trial-0.4,burst_trial,0.4,16,258.0159999999996,1,600,1,,,,1,1,1,1,2,1,2,1,True,1,1,0,0,0,0,burst,True
s08-r4-burst_trial-0.4,8,4,burst_trial-0.4,burst_trial,0.4,17,274.5519999999997,1,600,1,,,,1,1,1,1,1,1,1,1,True,1,1,0,1,1,0,burst,True
s08-r4-burst_trial-0.4,8,4,burst_trial-0.4,burst_trial,0.4,18,290.887999999999,1,600,1,,,,2,1,1,1,1,1,2,1,True,0,1,1,1,0,1,burst,True
s08-r4-burst_trial-0.4,8,4,burst_trial-0.4,burst_trial,0.4,19,306.6280000000006,1,600,1,,,,1,1,1,1,1,1,1,1,True,1,1,0,1,1,0,burst,True
s08-r4-burst_trial-0.4,8,4,burst_trial-0.4,burst_trial,0.4,20,314.32800000000134,2,600,1,,,,2,1,2,1,2,1,2,1,True,1,1,0,1,1,0,burst,True
s08-r4-burst_trial-0.4,8,4,burst_trial-0.4,burst_trial,0.4,21,347.0,1,600,1,,,,1,1,1,1,1,1,1,1,True,1,1,0,1,1,0,burst,True
s08-r4-burst_trial-0.4,8,4,burst_trial-0.4,burst_trial,0.4,22,354.6239999999998,2,600,1,,,,1,1,2,1,2,1,2,1,True,0,1,1,1,1,0,burst,True
s08-r4-burst_trial-0.4,8,4,burst_trial-0.4,burst_trial,0.4,23,370.7920000000013,2,600,1,,,,2,1,2,1,2,1,2,1,True,1,1,0,1,1,0,burst,True
s09-r0-burst_trial-0.1,9,0,burst_trial-0.1,burst_trial,0.1,0,1.0,1,900,1,,,,1,1,1,1,2,1,1,1,True,1,1,0,0,1,1,burst,True
s09-r0-burst_trial-0.1,9,0,burst_trial-0.1,burst_trial,0.1,1,9.011999999999716,2,900,1,,,,2,1,2,1,2,1,2,1,True,1,1,0,1,1,0,burst,True
s09-r0-burst_trial-0.1,9,0,burst_trial-0.1,burst_trial,0.1,2,16.684000000000196,2,900,1,,,,2,1,2,1,2,1,2,1,True,1,1,0,1,1,0,burst,True
s09-r0-burst_trial-0.1,9,0,burst_trial-0.1,burst_trial,0.1,3,24.49200000000019,1,900,1,,,,1,1,1,1,1,1,1,1,True,1,1,0,1,1,0,burst,True
s09-r0-burst_trial-0.1,9,0,burst_trial-0.1,burst_trial,0.1,4,32.52400000000034,2,900,1,,,,2,1,2,1,2,1,2,1,True,1,1,0,1,1,0,burst,True
s09-r0-burst_trial-0.1,9,0,burst_trial-0.1,burst_trial,0.1,5,40.96799999999985,1,900,1,,,,1,1,1,1,1,1,1,1,True,1,1,0,1,1,0,burst,True
s09-r0-burst_trial-0.1,9,0,burst_trial-0.1,burst_trial,0.1,6,48.63600000000042,2,900,1,,,,2,1,2,1,2,1,2,1,True,1,1,0,1,1,0,burst,True
s09-r0-burst_trial-0.1,9,0,burst_trial-0.1,burst_trial,0.1,7,64.5600000000004,2,900,1,,,,2,1,2,1,2,1,2,1,True,1,1,0,1,1,0,burst,True
s09-r0-burst_trial-0.1,9,0,burst_trial-0.1,burst_trial,0.1,8,80.17600000000039,1,900,1,,,,1,1,1,1,1,1,1,1,True,1,1,0,1,1,0,burst,True
s09-r0-burst_trial-0.1,9,0,burst_trial-0.1,burst_trial,0.1,9,95.64400000000025,2,900,1,,,,1,1,1,1,2,1,2,1,True,0,0,0,1,1,0,burst,True
s09-r0-burst_trial-0.1,9,0,burst_trial-0.1,burst_trial,0.1,10,103.42000000000009,1,900,1,,,,1,1,1,1,1,1,1,1,True,1,1,0,1,1,0,burst,True
s09-r0-burst_trial-0.1,9,0,burst_trial-0.1,burst_trial,0.1,11,152.47199999999975,1,900,1,,,,1,1,1,1,1,1,1,1,True,1,1,0,1,1,0,burst,True
s09-r0-burst_trial-0.1,9,0,burst_trial-0.1,burst_trial,0.1,12,169.07200000000012,2,900,1,,,,2,1,2,1,2,1,2,1,True,1,1,0,1,1,0,burst,True
s09-r0-burst_trial-0.1,9,0,burst_trial-0.1,burst_trial,0.1,13,176.72000000000023,1,900,1,,,,1,1,1,1,1,1,1,1,True,1,1,0,1,1,0,burst,True
s09-r0-burst_trial-0.1,9,0,burst_trial-0.1,burst_trial,0.1,14,184.84400000000005,1,900,1,,,,1,1,1,1,1,1,1,1,True,1,1,0,1,1,0,burst,True
s09-r0-burst_trial-0.1,9,0,burst_trial-0.1,burst_trial,0.1,15,208.91600000000017,1,900,1,,,,2,1,2,1,1,1,1,1,True,0,0,0,1,1,0,burst,True
s09-r0-burst_trial-0.1,9,0,burst_trial-0.1,burst_trial,0.1,16,241.22000000000023,1,900,1,,,,1,1,1,1,1,1,1,1,True,1,1,0,1,1,0,burst,True
s09-r0-burst_trial-0.1,9,0,burst_trial-0.1,burst_trial,0.1,17,249.6480000000001,2,900,1,,,,2,1,2,1,2,1,2,1,True,1,1,0,1,1,0,burst,True
s09-r0-burst_trial-0.1,9,0,burst_trial-0.1,burst_trial,0.1,18,258.0159999999996,1,900,1,,,,1,1,1,1,1,1,1,1,True,1,1,0,1,1,0,burst,True
s09-r0-burst_trial-0.1,9,0,burst_trial-0.1,burst_trial,0.1,19,266.3800000000001,2,900,1,,,,2,1,2,1,2,1,2,1,True,1,1,0,1,1,0,burst,True
s09-r0-burst_trial-0.1,9,0,burst_trial-0.1,burst_trial,0.1,20,274.5519999999997,2,900,1,,,,2,1,2,1,2,1,2,1,True,1,1,0,1,1,0,burst,True
s09-r0-burst_trial-0.1,9,0,burst_trial-0.1,burst_trial,0.1,21,282.808,1,900,1,,,,1,1,1,1,1,1,1,1,True,1,1,0,1,1,0,burst,True
s09-r0-burst_trial-0.1,9,0,burst_trial-0.1,burst_trial,0.1,22,290.8879999999999,2,900,1,,,,2,1,2,1,2,1,2,1,True,1,1,0,1,1,0,burst,True
s09-r0-burst_trial-0.1,9,0,burst_trial-0.1,burst_trial,0.1,23,306.6279999999997,2,900,1,,,,2,1,2,1,2,1,2,1,True,1,1,0,1,1,0,burst,True
s09-r0-burst_trial-0.25,9,0,burst_trial-0.25,burst_trial,0.25,0,1.0,1,750,1,,,,1,1,1,1,1,1,1,1,True,1,1,0,1,1,0,burst,True
s09-r0-burst_trial-0.25,9,0,burst_trial-0.25,burst_trial,0.25,1,9.011999999999716,2,750,1,,,,2,1,2,1,2,1,2,1,True,1,1,0,1,1,0,burst,True
s09-r0-burst_trial-0.25,9,0,burst_trial-0.25,burst_trial,0.25,2,16.684000000000196,2,750,1,,,,2,1,2,1,2,1,2,1,True,1,1,0,1,1,0,burst,True
s09-r0-burst_trial-0.25,9,0,burst_trial-0.25,burst_trial,0.25,3,24.49200000000019,1,750,1,,,,1,1,1,1,1,1,1,1,True,1,1,0,1,1,0,burst,True
s09-r0-burst_trial-0.25,9,0,burst_trial-0.25,burst_trial,0.25,4,32.52400000000034,2,750,1,,,,2,1,2,1,2,1,2,1,True,1,1,0,1,1,0,burst,True
s09-r0-burst_trial-0.25,9,0,burst_trial-0.25,burst_trial,0.25,5,40.96799999999985,1,750,1,,,,1,1,1,1,1,1,1,1,True,1,1,0,1,1,0,burst,True
s09-r0-burst_trial-0.25,9,0,burst_trial-0.25,burst_trial,0.25,6,48.63600000000042,2,750,1,,,,2,1,2,1,2,1,2,1,True,1,1,0,1,1,0,burst,True
s09-r0-burst_trial-0.25,9,0,burst_trial-0.25,burst_trial,0.25,7,64.5600000000004,2,750,1,,,,2,1,2,1,2,1,2,1,True,1,1,0,1,1,0,burst,True
s09-r0-burst_trial-0.25,9,0,burst_trial-0.25,burst_trial,0.25,8,80.17600000000039,1,750,1,,,,1,1,1,1,1,1,1,1,True,1,1,0,1,1,0,burst,True
s09-r0-burst_trial-0.25,9,0,burst_trial-0.25,burst_trial,0.25,9,95.64400000000025,2,750,1,,,,1,1,1,1,2,1,2,1,True,0,0,0,1,1,0,burst,True
s09-r0-burst_trial-0.25,9,0,burst_trial-0.25,burst_trial,0.25,10,103.42000000000009,1,750,1,,,,1,1,1,1,1,1,1,1,True,1,1,0,1,1,0,burst,True
s09-r0-burst_trial-0.25,9,0,burst_trial-0.25,burst_trial,0.25,11,152.47199999999975,1,750,1,,,,1,1,1,1,1,1,1,1,True,1,1,0,1,1,0,burst,True
s09-r0-burst_trial-0.25,9,0,burst_trial-0.25,burst_trial,0.25,12,169.07200000000012,2,750,1,,,,2,1,2,1,1,1,2,1,True,1,1,0,0,1,1,burst,True
s09-r0-burst_trial-0.25,9,0,burst_trial-0.25,burst_trial,0.25,13,176.72000000000023,1,750,1,,,,1,1,1,1,1,1,1,1,True,1,1,0,1,1,0,burst,True
s09-r0-burst_trial-0.25,9,0,burst_trial-0.25,burst_trial,0.25,14,184.84400000000005,1,750,1,,,,2,1,1,1,1,1,1,1,True,0,1,1,1,1,0,burst,True
s09-r0-burst_trial-0.25,9,0,burst_trial-0.25,burst_trial,0.25,15,208.91600000000017,1,750,1,,,,2,1,2,1,1,1,1,1,True,0,0,0,1,1,0,burst,True
s09-r0-burst_trial-0.25,9,0,burst_trial-0.25,burst_trial,0.25,16,241.22000000000023,1,750,1,,,,1,1,1,1,1,1,1,1,True,1,1,0,1,1,0,burst,True
s09-r0-burst_trial-0.25,9,0,burst_trial-0.25,burst_trial,0.25,17,249.6480000000001,2,750,1,,,,2,1,2,1,2,1,2,1,True,1,1,0,1,1,0,burst,True
s09-r0-burst_trial-0.25,9,0,burst_trial-0.25,burst_trial,0.25,18,258.0159999999996,1,750,1,,,,1,1,1,1,1,1,1,1,True,1,1,0,1,1,0,burst,True
s09-r0-burst_trial-0.25,9,0,burst_trial-0.25,burst_trial,0.25,19,266.3800000000001,2,750,1,,,,2,1,2,1,1,1,2,1,True,1,1,0,0,1,1,burst,True
s09-r0-burst_trial-0.25,9,0,burst_trial-0.25,burst_trial,0.25,20,274.5519999999997,2,750,1,,,,2,1,2,1,2,1,2,1,True,1,1,0,1,1,0,burst,True
s09-r0-burst_trial-0.25,9,0,burst_trial-0.25,burst_trial,0.25,21,282.808,1,750,1,,,,1,1,1,1,1,1,1,1,True,1,1,0,1,1,0,burst,True
s09-r0-burst_trial-0.25,9,0,burst_trial-0.25,burst_trial,0.25,22,290.8879999999999,2,750,1,,,,2,1,2,1,2,1,2,1,True,1,1,0,1,1,0,burst,True
s09-r0-burst_trial-0.25,9,0,burst_trial-0.25,burst_trial,0.25,23,306.6279999999997,2,750,1,,,,2,1,2,1,2,1,2,1,True,1,1,0,1,1,0,burst,True
s09-r0-burst_trial-0.4,9,0,burst_trial-0.4,burst_trial,0.4,0,1.0,1,600,1,,,,1,1,1,1,1,1,1,1,True,1,1,0,1,1,0,burst,True
s09-r0-burst_trial-0.4,9,0,burst_trial-0.4,burst_trial,0.4,1,9.011999999999716,2,600,1,,,,2,1,2,1,2,1,2,1,True,1,1,0,1,1,0,burst,True
s09-r0-burst_trial-0.4,9,0,burst_trial-0.4,burst_trial,0.4,2,16.684000000000196,2,600,1,,,,2,1,2,1,2,1,2,1,True,1,1,0,1,1,0,burst,True
s09-r0-burst_trial-0.4,9,0,burst_trial-0.4,burst_trial,0.4,3,24.49200000000019,1,600,1,,,,1,1,1,1,1,1,1,1,True,1,1,0,1,1,0,burst,True
s09-r0-burst_trial-0.4,9,0,burst_trial-0.4,burst_trial,0.4,4,32.52400000000034,2,600,1,,,,2,1,2,1,2,1,2,1,True,1,1,0,1,1,0,burst,True
s09-r0-burst_trial-0.4,9,0,burst_trial-0.4,burst_trial,0.4,5,40.96799999999985,1,600,1,,,,1,1,1,1,1,1,1,1,True,1,1,0,1,1,0,burst,True
s09-r0-burst_trial-0.4,9,0,burst_trial-0.4,burst_trial,0.4,6,48.63600000000042,2,600,1,,,,1,1,2,1,1,1,2,1,True,0,1,1,0,1,1,burst,True
s09-r0-burst_trial-0.4,9,0,burst_trial-0.4,burst_trial,0.4,7,64.5600000000004,2,600,1,,,,2,1,2,1,1,1,2,1,True,1,1,0,0,1,1,burst,True
s09-r0-burst_trial-0.4,9,0,burst_trial-0.4,burst_trial,0.4,8,80.17600000000039,1,600,1,,,,1,1,1,1,1,1,1,1,True,1,1,0,1,1,0,burst,True
s09-r0-burst_trial-0.4,9,0,burst_trial-0.4,burst_trial,0.4,9,95.64400000000025,2,600,1,,,,1,1,1,1,2,1,2,1,True,0,0,0,1,1,0,burst,True
s09-r0-burst_trial-0.4,9,0,burst_trial-0.4,burst_trial,0.4,10,103.42000000000009,1,600,1,,,,1,1,1,1,1,1,1,1,True,1,1,0,1,1,0,burst,True
s09-r0-burst_trial-0.4,9,0,burst_trial-0.4,burst_trial,0.4,11,152.47199999999975,1,600,1,,,,1,1,1,1,1,1,1,1,True,1,1,0,1,1,0,burst,True
s09-r0-burst_trial-0.4,9,0,burst_trial-0.4,burst_trial,0.4,12,169.07200000000012,2,600,1,,,,2,1,2,1,1,1,2,1,True,1,1,0,0,1,1,burst,True
s09-r0-burst_trial-0.4,9,0,burst_trial-0.4,burst_trial,0.4,13,176.72000000000023,1,600,1,,,,1,1,1,1,1,1,1,1,True,1,1,0,1,1,0,burst,True
s09-r0-burst_trial-0.4,9,0,burst_trial-0.4,burst_trial,0.4,14,184.84400000000005,1,600,1,,,,2,1,1,1,1,1,1,1,True,0,1,1,1,1,0,burst,True
s09-r0-burst_trial-0.4,9,0,burst_trial-0.4,burst_trial,0.4,15,208.91600000000017,1,600,1,,,,2,1,2,1,1,1,1,1,True,0,0,0,1,1,0,burst,True
s09-r0-burst_trial-0.4,9,0,burst_trial-0.4,burst_trial,0.4,16,241.22000000000023,1,600,1,,,,1,1,1,1,1,1,1,1,True,1,1,0,1,1,0,burst,True
s09-r0-burst_trial-0.4,9,0,burst_trial-0.4,burst_trial,0.4,17,249.6480000000001,2,600,1,,,,2,1,2,1,2,1,2,1,True,1,1,0,1,1,0,burst,True
s09-r0-burst_trial-0.4,9,0,burst_trial-0.4,burst_trial,0.4,18,258.0159999999996,1,600,1,,,,1,1,1,1,2,1,1,1,True,1,1,0,0,1,1,burst,True
s09-r0-burst_trial-0.4,9,0,burst_trial-0.4,burst_trial,0.4,19,266.3800000000001,2,600,1,,,,2,1,2,1,1,1,2,1,True,1,1,0,0,1,1,burst,True
s09-r0-burst_trial-0.4,9,0,burst_trial-0.4,burst_trial,0.4,20,274.5519999999997,2,600,1,,,,2,1,2,1,2,1,2,1,True,1,1,0,1,1,0,burst,True
s09-r0-burst_trial-0.4,9,0,burst_trial-0.4,burst_trial,0.4,21,282.808,1,600,1,,,,1,1,1,1,1,1,1,1,True,1,1,0,1,1,0,burst,True
s09-r0-burst_trial-0.4,9,0,burst_trial-0.4,burst_trial,0.4,22,290.8879999999999,2,600,1,,,,2,1,2,1,2,1,2,1,True,1,1,0,1,1,0,burst,True
s09-r0-burst_trial-0.4,9,0,burst_trial-0.4,burst_trial,0.4,23,306.6279999999997,2,600,1,,,,2,1,2,1,2,1,2,1,True,1,1,0,1,1,0,burst,True
s09-r1-burst_trial-0.1,9,1,burst_trial-0.1,burst_trial,0.1,0,16.683999999999287,2,900,1,,,,2,1,2,1,2,1,2,1,True,1,1,0,1,1,0,burst,True
s09-r1-burst_trial-0.1,9,1,burst_trial-0.1,burst_trial,0.1,1,24.49200000000019,1,900,1,,,,1,1,1,1,2,1,2,1,True,1,1,0,0,0,0,burst,True
s09-r1-burst_trial-0.1,9,1,burst_trial-0.1,burst_trial,0.1,2,32.52399999999943,1,900,1,,,,1,1,1,1,2,1,1,1,True,1,1,0,0,1,1,burst,True
s09-r1-burst_trial-0.1,9,1,burst_trial-0.1,burst_trial,0.1,3,40.96800000000076,2,900,1,,,,2,1,2,1,2,1,2,1,True,1,1,0,1,1,0,burst,True
s09-r1-burst_trial-0.1,9,1,burst_trial-0.1,burst_trial,0.1,4,64.55999999999949,2,900,1,,,,2,1,2,1,2,1,2,1,True,1,1,0,1,1,0,burst,True
s09-r1-burst_trial-0.1,9,1,burst_trial-0.1,burst_trial,0.1,5,80.17599999999948,1,900,1,,,,1,1,1,1,1,1,1,1,True,1,1,0,1,1,0,burst,True
s09-r1-burst_trial-0.1,9,1,burst_trial-0.1,burst_trial,0.1,6,87.7559999999994,1,900,1,,,,1,1,1,1,1,1,1,1,True,1,1,0,1,1,0,burst,True
s09-r1-burst_trial-0.1,9,1,burst_trial-0.1,burst_trial,0.1,7,95.64400000000025,1,900,1,,,,1,1,1,1,1,1,1,1,True,1,1,0,1,1,0,burst,True
s09-r1-burst_trial-0.1,9,1,burst_trial-0.1,burst_trial,0.1,8,111.28800000000048,2,900,1,,,,2,1,2,1,2,1,2,1,True,1,1,0,1,1,0,burst,True
s09-r1-burst_trial-0.1,9,1,burst_trial-0.1,burst_trial,0.1,9,119.76800000000004,2,900,1,,,,2,1,2,1,2,1,2,1,True,1,1,0,1,1,0,burst,True
s09-r1-burst_trial-0.1,9,1,burst_trial-0.1,burst_trial,0.1,10,127.79999999999929,1,900,1,,,,1,1,1,1,1,1,1,1,True,1,1,0,1,1,0,burst,True
s09-r1-burst_trial-0.1,9,1,burst_trial-0.1,burst_trial,0.1,11,136.0640000000003,1,900,1,,,,1,1,1,1,1,1,1,1,True,1,1,0,1,1,0,burst,True
s09-r1-burst_trial-0.1,9,1,burst_trial-0.1,burst_trial,0.1,12,152.47199999999975,1,900,1,,,,1,1,1,1,1,1,1,1,True,1,1,0,1,1,0,burst,True
s09-r1-burst_trial-0.1,9,1,burst_trial-0.1,burst_trial,0.1,13,160.7520000000004,2,900,1,,,,2,1,2,1,2,1,2,1,True,1,1,0,1,1,0,burst,True
s09-r1-burst_trial-0.1,9,1,burst_trial-0.1,burst_trial,0.1,14,192.6560000000009,1,900,1,,,,1,1,1,1,1,1,1,1,True,1,1,0,1,1,0,burst,True
s09-r1-burst_trial-0.1,9,1,burst_trial-0.1,burst_trial,0.1,15,216.9320000000007,2,900,1,,,,2,1,2,1,2,1,2,1,True,1,1,0,1,1,0,burst,True
s09-r1-burst_trial-0.1,9,1,burst_trial-0.1,burst_trial,0.1,16,241.21999999999932,2,900,1,,,,2,1,2,1,2,1,2,1,True,1,1,0,1,1,0,burst,True
s09-r1-burst_trial-0.1,9,1,burst_trial-0.1,burst_trial,0.1,17,249.64799999999923,1,900,1,,,,1,1,1,1,1,1,1,1,True,1,1,0,1,1,0,burst,True
s09-r1-burst_trial-0.1,9,1,burst_trial-0.1,burst_trial,0.1,18,258.0159999999996,2,900,1,,,,2,1,2,1,2,1,2,1,True,1,1,0,1,1,0,burst,True
s09-r1-burst_trial-0.1,9,1,burst_trial-0.1,burst_trial,0.1,19,306.6280000000006,1,900,1,,,,1,1,1,1,1,1,1,1,True,1,1,0,1,1,0,burst,True
s09-r1-burst_trial-0.1,9,1,burst_trial-0.1,burst_trial,0.1,20,322.65200000000004,2,900,1,,,,2,1,2,1,2,1,2,1,True,1,1,0,1,1,0,burst,True
s09-r1-burst_trial-0.1,9,1,burst_trial-0.1,burst_trial,0.1,21,338.52399999999943,2,900,1,,,,2,1,2,1,2,1,2,1,True,1,1,0,1,1,0,burst,True
s09-r1-burst_trial-0.1,9,1,burst_trial-0.1,burst_trial,0.1,22,362.3359999999993,2,900,1,,,,2,1,2,1,2,1,2,1,True,1,1,0,1,1,0,burst,True
s09-r1-burst_trial-0.1,9,1,burst_trial-0.1,burst_trial,0.1,23,379.02800000000025,1,900,1,,,,1,1,1,1,1,1,1,1,True,1,1,0,1,1,0,burst,True
s09-r1-burst_trial-0.25,9,1,burst_trial-0.25,burst_trial,0.25,0,16.683999999999287,2,750,1,,,,2,1,2,1,2,1,2,1,True,1,1,0,1,1,0,burst,True
s09-r1-burst_trial-0.25,9,1,burst_trial-0.25,burst_trial,0.25,1,24.49200000000019,1,750,1,,,,1,1,1,1,2,1,2,1,True,1,1,0,0,0,0,burst,True
s09-r1-burst_trial-0.25,9,1,burst_trial-0.25,burst_trial,0.25,2,32.52399999999943,1,750,1,,,,1,1,1,1,1,1,1,1,True,1,1,0,1,1,0,burst,True
s09-r1-burst_trial-0.25,9,1,burst_trial-0.25,burst_trial,0.25,3,40.96800000000076,2,750,1,,,,2,1,2,1,2,1,2,1,True,1,1,0,1,1,0,burst,True
s09-r1-burst_trial-0.25,9,1,burst_trial-0.25,burst_trial,0.25,4,64.55999999999949,2,750,1,,,,2,1,2,1,2,1,2,1,True,1,1,0,1,1,0,burst,True
s09-r1-burst_trial-0.25,9,1,burst_trial-0.25,burst_trial,0.25,5,80.17599999999948,1,750,1,,,,1,1,1,1,1,1,1,1,True,1,1,0,1,1,0,burst,True
s09-r1-burst_trial-0.25,9,1,burst_trial-0.25,burst_trial,0.25,6,87.7559999999994,1,750,1,,,,1,1,1,1,1,1,1,1,True,1,1,0,1,1,0,burst,True
s09-r1-burst_trial-0.25,9,1,burst_trial-0.25,burst_trial,0.25,7,95.64400000000025,1,750,1,,,,1,1,1,1,1,1,1,1,True,1,1,0,1,1,0,burst,True
s09-r1-burst_trial-0.25,9,1,burst_trial-0.25,burst_trial,0.25,8,111.28800000000048,2,750,1,,,,2,1,2,1,2,1,2,1,True,1,1,0,1,1,0,burst,True
s09-r1-burst_trial-0.25,9,1,burst_trial-0.25,burst_trial,0.25,9,119.76800000000004,2,750,1,,,,2,1,2,1,2,1,2,1,True,1,1,0,1,1,0,burst,True
s09-r1-burst_trial-0.25,9,1,burst_trial-0.25,burst_trial,0.25,10,127.79999999999929,1,750,1,,,,1,1,1,1,1,1,1,1,True,1,1,0,1,1,0,burst,True
s09-r1-burst_trial-0.25,9,1,burst_trial-0.25,burst_trial,0.25,11,136.0640000000003,1,750,1,,,,1,1,1,1,1,1,1,1,True,1,1,0,1,1,0,burst,True
s09-r1-burst_trial-0.25,9,1,burst_trial-0.25,burst_trial,0.25,12,152.47199999999975,1,750,1,,,,1,1,1,1,1,1,1,1,True,1,1,0,1,1,0,burst,True
s09-r1-burst_trial-0.25,9,1,burst_trial-0.25,burst_trial,0.25,13,160.7520000000004,2,750,1,,,,2,1,2,1,2,1,2,1,True,1,1,0,1,1,0,burst,True
s09-r1-burst_trial-0.25,9,1,burst_trial-0.25,burst_trial,0.25,14,192.6560000000009,1,750,1,,,,1,1,1,1,1,1,1,1,True,1,1,0,1,1,0,burst,True
s09-r1-burst_trial-0.25,9,1,burst_trial-0.25,burst_trial,0.25,15,216.9320000000007,2,750,1,,,,2,1,2,1,2,1,2,1,True,1,1,0,1,1,0,burst,True
s09-r1-burst_trial-0.25,9,1,burst_trial-0.25,burst_trial,0.25,16,241.21999999999932,2,750,1,,,,2,1,2,1,1,1,2,1,True,1,1,0,0,1,1,burst,True
s09-r1-burst_trial-0.25,9,1,burst_trial-0.25,burst_trial,0.25,17,249.64799999999923,1,750,1,,,,1,1,1,1,1,1,1,1,True,1,1,0,1,1,0,burst,True
s09-r1-burst_trial-0.25,9,1,burst_trial-0.25,burst_trial,0.25,18,258.0159999999996,2,750,1,,,,2,1,2,1,2,1,2,1,True,1,1,0,1,1,0,burst,True
s09-r1-burst_trial-0.25,9,1,burst_trial-0.25,burst_trial,0.25,19,306.6280000000006,1,750,1,,,,1,1,1,1,1,1,1,1,True,1,1,0,1,1,0,burst,True
s09-r1-burst_trial-0.25,9,1,burst_trial-0.25,burst_trial,0.25,20,322.65200000000004,2,750,1,,,,2,1,2,1,2,1,2,1,True,1,1,0,1,1,0,burst,True
s09-r1-burst_trial-0.25,9,1,burst_trial-0.25,burst_trial,0.25,21,338.52399999999943,2,750,1,,,,2,1,2,1,2,1,2,1,True,1,1,0,1,1,0,burst,True
s09-r1-burst_trial-0.25,9,1,burst_trial-0.25,burst_trial,0.25,22,362.3359999999993,2,750,1,,,,2,1,2,1,2,1,2,1,True,1,1,0,1,1,0,burst,True
s09-r1-burst_trial-0.25,9,1,burst_trial-0.25,burst_trial,0.25,23,379.02800000000025,1,750,1,,,,1,1,1,1,1,1,1,1,True,1,1,0,1,1,0,burst,True
s09-r1-burst_trial-0.4,9,1,burst_trial-0.4,burst_trial,0.4,0,16.683999999999287,2,600,1,,,,2,1,2,1,2,1,2,1,True,1,1,0,1,1,0,burst,True
s09-r1-burst_trial-0.4,9,1,burst_trial-0.4,burst_trial,0.4,1,24.49200000000019,1,600,1,,,,1,1,1,1,1,1,2,1,True,1,1,0,1,0,1,burst,True
s09-r1-burst_trial-0.4,9,1,burst_trial-0.4,burst_trial,0.4,2,32.52399999999943,1,600,1,,,,1,1,1,1,1,1,1,1,True,1,1,0,1,1,0,burst,True
s09-r1-burst_trial-0.4,9,1,burst_trial-0.4,burst_trial,0.4,3,40.96800000000076,2,600,1,,,,2,1,2,1,2,1,2,1,True,1,1,0,1,1,0,burst,True
s09-r1-burst_trial-0.4,9,1,burst_trial-0.4,burst_trial,0.4,4,64.55999999999949,2,600,1,,,,2,1,2,1,2,1,2,1,True,1,1,0,1,1,0,burst,True
s09-r1-burst_trial-0.4,9,1,burst_trial-0.4,burst_trial,0.4,5,80.17599999999948,1,600,1,,,,1,1,1,1,1,1,1,1,True,1,1,0,1,1,0,burst,True
s09-r1-burst_trial-0.4,9,1,burst_trial-0.4,burst_trial,0.4,6,87.7559999999994,1,600,1,,,,1,1,1,1,1,1,1,1,True,1,1,0,1,1,0,burst,True
s09-r1-burst_trial-0.4,9,1,burst_trial-0.4,burst_trial,0.4,7,95.64400000000025,1,600,1,,,,1,1,1,1,2,1,1,1,True,1,1,0,0,1,1,burst,True
s09-r1-burst_trial-0.4,9,1,burst_trial-0.4,burst_trial,0.4,8,111.28800000000048,2,600,1,,,,2,1,2,1,2,1,2,1,True,1,1,0,1,1,0,burst,True
s09-r1-burst_trial-0.4,9,1,burst_trial-0.4,burst_trial,0.4,9,119.76800000000004,2,600,1,,,,2,1,2,1,2,1,2,1,True,1,1,0,1,1,0,burst,True
s09-r1-burst_trial-0.4,9,1,burst_trial-0.4,burst_trial,0.4,10,127.79999999999929,1,600,1,,,,1,1,1,1,1,1,1,1,True,1,1,0,1,1,0,burst,True
s09-r1-burst_trial-0.4,9,1,burst_trial-0.4,burst_trial,0.4,11,136.0640000000003,1,600,1,,,,1,1,1,1,1,1,1,1,True,1,1,0,1,1,0,burst,True
s09-r1-burst_trial-0.4,9,1,burst_trial-0.4,burst_trial,0.4,12,152.47199999999975,1,600,1,,,,1,1,1,1,1,1,1,1,True,1,1,0,1,1,0,burst,True
s09-r1-burst_trial-0.4,9,1,burst_trial-0.4,burst_trial,0.4,13,160.7520000000004,2,600,1,,,,2,1,2,1,1,1,2,1,True,1,1,0,0,1,1,burst,True
s09-r1-burst_trial-0.4,9,1,burst_trial-0.4,burst_trial,0.4,14,192.6560000000009,1,600,1,,,,1,1,1,1,1,1,1,1,True,1,1,0,1,1,0,burst,True
s09-r1-burst_trial-0.4,9,1,burst_trial-0.4,burst_trial,0.4,15,216.9320000000007,2,600,1,,,,2,1,2,1,2,1,2,1,True,1,1,0,1,1,0,burst,True
s09-r1-burst_trial-0.4,9,1,burst_trial-0.4,burst_trial,0.4,16,241.21999999999932,2,600,1,,,,2,1,2,1,1,1,2,1,True,1,1,0,0,1,1,burst,True
s09-r1-burst_trial-0.4,9,1,burst_trial-0.4,burst_trial,0.4,17,249.64799999999923,1,600,1,,,,1,1,1,1,1,1,1,1,True,1,1,0,1,1,0,burst,True
s09-r1-burst_trial-0.4,9,1,burst_trial-0.4,burst_trial,0.4,18,258.0159999999996,2,600,1,,,,2,1,2,1,2,1,2,1,True,1,1,0,1,1,0,burst,True
s09-r1-burst_trial-0.4,9,1,burst_trial-0.4,burst_trial,0.4,19,306.6280000000006,1,600,1,,,,1,1,1,1,1,1,1,1,True,1,1,0,1,1,0,burst,True
s09-r1-burst_trial-0.4,9,1,burst_trial-0.4,burst_trial,0.4,20,322.65200000000004,2,600,1,,,,2,1,2,1,2,1,2,1,True,1,1,0,1,1,0,burst,True
s09-r1-burst_trial-0.4,9,1,burst_trial-0.4,burst_trial,0.4,21,338.52399999999943,2,600,1,,,,2,1,2,1,1,1,2,1,True,1,1,0,0,1,1,burst,True
s09-r1-burst_trial-0.4,9,1,burst_trial-0.4,burst_trial,0.4,22,362.3359999999993,2,600,1,,,,2,1,2,1,1,1,2,1,True,1,1,0,0,1,1,burst,True
s09-r1-burst_trial-0.4,9,1,burst_trial-0.4,burst_trial,0.4,23,379.02800000000025,1,600,1,,,,1,1,1,1,1,1,1,1,True,1,1,0,1,1,0,burst,True
s09-r2-burst_trial-0.1,9,2,burst_trial-0.1,burst_trial,0.1,0,1.0,1,900,1,,,,1,1,1,1,1,1,1,1,True,1,1,0,1,1,0,burst,True
s09-r2-burst_trial-0.1,9,2,burst_trial-0.1,burst_trial,0.1,1,9.011999999998809,1,900,1,,,,1,1,1,1,1,1,1,1,True,1,1,0,1,1,0,burst,True
s09-r2-burst_trial-0.1,9,2,burst_trial-0.1,burst_trial,0.1,2,24.49199999999837,2,900,1,,,,2,1,2,1,2,1,2,1,True,1,1,0,1,1,0,burst,True
s09-r2-burst_trial-0.1,9,2,burst_trial-0.1,burst_trial,0.1,3,32.52400000000125,1,900,1,,,,1,1,1,1,1,1,1,1,True,1,1,0,1,1,0,burst,True
s09-r2-burst_trial-0.1,9,2,burst_trial-0.1,burst_trial,0.1,4,48.6359999999986,1,900,1,,,,1,1,1,1,1,1,1,1,True,1,1,0,1,1,0,burst,True
s09-r2-burst_trial-0.1,9,2,burst_trial-0.1,burst_trial,0.1,5,64.56000000000131,2,900,1,,,,2,1,2,1,2,1,2,1,True,1,1,0,1,1,0,burst,True
s09-r2-burst_trial-0.1,9,2,burst_trial-0.1,burst_trial,0.1,6,80.17599999999948,1,900,1,,,,1,1,1,1,1,1,1,1,True,1,1,0,1,1,0,burst,True
s09-r2-burst_trial-0.1,9,2,burst_trial-0.1,burst_trial,0.1,7,103.41999999999824,1,900,1,,,,1,1,1,1,1,1,1,1,True,1,1,0,1,1,0,burst,True
s09-r2-burst_trial-0.1,9,2,burst_trial-0.1,burst_trial,0.1,8,119.76800000000004,2,900,1,,,,2,1,2,1,2,1,2,1,True,1,1,0,1,1,0,burst,True
s09-r2-burst_trial-0.1,9,2,burst_trial-0.1,burst_trial,0.1,9,160.7520000000004,1,900,1,,,,1,1,1,1,1,1,1,1,True,1,1,0,1,1,0,burst,True
s09-r2-burst_trial-0.1,9,2,burst_trial-0.1,burst_trial,0.1,10,176.72000000000116,2,900,1,,,,2,1,2,1,2,1,2,1,True,1,1,0,1,1,0,burst,True
s09-r2-burst_trial-0.1,9,2,burst_trial-0.1,burst_trial,0.1,11,192.65599999999904,2,900,1,,,,1,1,1,1,2,1,2,1,True,0,0,0,1,1,0,burst,True
s09-r2-burst_trial-0.1,9,2,burst_trial-0.1,burst_trial,0.1,12,200.5,1,900,1,,,,1,1,1,1,1,1,1,1,True,1,1,0,1,1,0,burst,True
s09-r2-burst_trial-0.1,9,2,burst_trial-0.1,burst_trial,0.1,13,216.9320000000007,2,900,1,,,,2,1,2,1,2,1,2,1,True,1,1,0,1,1,0,burst,True
s09-r2-burst_trial-0.1,9,2,burst_trial-0.1,burst_trial,0.1,14,224.8319999999985,1,900,1,,,,1,1,1,1,1,1,1,1,True,1,1,0,1,1,0,burst,True
s09-r2-burst_trial-0.1,9,2,burst_trial-0.1,burst_trial,0.1,15,249.64800000000105,1,900,1,,,,1,1,2,1,1,1,1,1,True,1,0,1,1,1,0,burst,True
s09-r2-burst_trial-0.1,9,2,burst_trial-0.1,burst_trial,0.1,16,282.8080000000009,2,900,1,,,,2,1,2,1,2,1,2,1,True,1,1,0,1,1,0,burst,True
s09-r2-burst_trial-0.1,9,2,burst_trial-0.1,burst_trial,0.1,17,290.887999999999,1,900,1,,,,1,1,1,1,1,1,2,1,True,1,1,0,1,0,1,burst,True
s09-r2-burst_trial-0.1,9,2,burst_trial-0.1,burst_trial,0.1,18,298.77600000000166,2,900,1,,,,1,1,2,1,2,1,2,1,True,0,1,1,1,1,0,burst,True
s09-r2-burst_trial-0.1,9,2,burst_trial-0.1,burst_trial,0.1,19,314.32800000000134,2,900,1,,,,2,1,2,1,2,1,2,1,True,1,1,0,1,1,0,burst,True
s09-r2-burst_trial-0.1,9,2,burst_trial-0.1,burst_trial,0.1,20,338.52400000000125,2,900,1,,,,2,1,2,1,2,1,2,1,True,1,1,0,1,1,0,burst,True
s09-r2-burst_trial-0.1,9,2,burst_trial-0.1,burst_trial,0.1,21,347.0,2,900,1,,,,1,1,2,1,2,1,2,1,True,0,1,1,1,1,0,burst,True
s09-r2-burst_trial-0.1,9,2,burst_trial-0.1,burst_trial,0.1,22,354.6239999999998,2,900,1,,,,2,1,2,1,2,1,2,1,True,1,1,0,1,1,0,burst,True
s09-r2-burst_trial-0.1,9,2,burst_trial-0.1,burst_trial,0.1,23,379.0279999999984,1,900,1,,,,1,1,1,1,1,1,1,1,True,1,1,0,1,1,0,burst,True
s09-r2-burst_trial-0.25,9,2,burst_trial-0.25,burst_trial,0.25,0,1.0,1,750,1,,,,1,1,1,1,1,1,1,1,True,1,1,0,1,1,0,burst,True
s09-r2-burst_trial-0.25,9,2,burst_trial-0.25,burst_trial,0.25,1,9.011999999998809,1,750,1,,,,1,1,1,1,1,1,1,1,True,1,1,0,1,1,0,burst,True
s09-r2-burst_trial-0.25,9,2,burst_trial-0.25,burst_trial,0.25,2,24.49199999999837,2,750,1,,,,2,1,2,1,2,1,2,1,True,1,1,0,1,1,0,burst,True
s09-r2-burst_trial-0.25,9,2,burst_trial-0.25,burst_trial,0.25,3,32.52400000000125,1,750,1,,,,1,1,1,1,1,1,1,1,True,1,1,0,1,1,0,burst,True
s09-r2-burst_trial-0.25,9,2,burst_trial-0.25,burst_trial,0.25,4,48.6359999999986,1,750,1,,,,1,1,1,1,1,1,1,1,True,1,1,0,1,1,0,burst,True
s09-r2-burst_trial-0.25,9,2,burst_trial-0.25,burst_trial,0.25,5,64.56000000000131,2,750,1,,,,2,1,2,1,2,1,2,1,True,1,1,0,1,1,0,burst,True
s09-r2-burst_trial-0.25,9,2,burst_trial-0.25,burst_trial,0.25,6,80.17599999999948,1,750,1,,,,1,1,1,1,1,1,1,1,True,1,1,0,1,1,0,burst,True
s09-r2-burst_trial-0.25,9,2,burst_trial-0.25,burst_trial,0.25,7,103.41999999999824,1,750,1,,,,1,1,1,1,1,1,1,1,True,1,1,0,1,1,0,burst,True
s09-r2-burst_trial-0.25,9,2,burst_trial-0.25,burst_trial,0.25,8,119.76800000000004,2,750,1,,,,2,1,2,1,2,1,2,1,True,1,1,0,1,1,0,burst,True
s09-r2-burst_trial-0.25,9,2,burst_trial-0.25,burst_trial,0.25,9,160.7520000000004,1,750,1,,,,2,1,1,1,1,1,1,1,True,0,1,1,1,1,0,burst,True
s09-r2-burst_trial-0.25,9,2,burst_trial-0.25,burst_trial,0.25,10,176.72000000000116,2,750,1,,,,2,1,2,1,2,1,2,1,True,1,1,0,1,1,0,burst,True
s09-r2-burst_trial-0.25,9,2,burst_trial-0.25,burst_trial,0.25,11,192.65599999999904,2,750,1,,,,2,1,1,1,2,1,2,1,True,1,0,1,1,1,0,burst,True
s09-r2-burst_trial-0.25,9,2,burst_trial-0.25,burst_trial,0.25,12,200.5,1,750,1,,,,1,1,1,1,1,1,1,1,True,1,1,0,1,1,0,burst,True
s09-r2-burst_trial-0.25,9,2,burst_trial-0.25,burst_trial,0.25,13,216.9320000000007,2,750,1,,,,2,1,2,1,2,1,2,1,True,1,1,0,1,1,0,burst,True
s09-r2-burst_trial-0.25,9,2,burst_trial-0.25,burst_trial,0.25,14,224.8319999999985,1,750,1,,,,1,1,1,1,1,1,1,1,True,1,1,0,1,1,0,burst,True
s09-r2-burst_trial-0.25,9,2,burst_trial-0.25,burst_trial,0.25,15,249.64800000000105,1,750,1,,,,2,1,2,1,1,1,1,1,True,0,0,0,1,1,0,burst,True
s09-r2-burst_trial-0.25,9,2,burst_trial-0.25,burst_trial,0.25,16,282.8080000000009,2,750,1,,,,2,1,2,1,2,1,2,1,True,1,1,0,1,1,0,burst,True
s09-r2-burst_trial-0.25,9,2,burst_trial-0.25,burst_trial,0.25,17,290.887999999999,1,750,1,,,,1,1,1,1,1,1,2,1,True,1,1,0,1,0,1,burst,True
s09-r2-burst_trial-0.25,9,2,burst_trial-0.25,burst_trial,0.25,18,298.77600000000166,2,750,1,,,,2,1,2,1,2,1,2,1,True,1,1,0,1,1,0,burst,True
s09-r2-burst_trial-0.25,9,2,burst_trial-0.25,burst_trial,0.25,19,314.32800000000134,2,750,1,,,,2,1,2,1,2,1,2,1,True,1,1,0,1,1,0,burst,True
s09-r2-burst_trial-0.25,9,2,burst_trial-0.25,burst_trial,0.25,20,338.52400000000125,2,750,1,,,,2,1,2,1,2,1,2,1,True,1,1,0,1,1,0,burst,True
s09-r2-burst_trial-0.25,9,2,burst_trial-0.25,burst_trial,0.25,21,347.0,2,750,1,,,,2,1,2,1,2,1,2,1,True,1,1,0,1,1,0,burst,True
s09-r2-burst_trial-0.25,9,2,burst_trial-0.25,burst_trial,0.25,22,354.6239999999998,2,750,1,,,,2,1,2,1,2,1,2,1,True,1,1,0,1,1,0,burst,True
s09-r2-burst_trial-0.25,9,2,burst_trial-0.25,burst_trial,0.25,23,379.0279999999984,1,750,1,,,,1,1,1,1,1,1,1,1,True,1,1,0,1,1,0,burst,True
s09-r2-burst_trial-0.4,9,2,burst_trial-0.4,burst_trial,0.4,0,1.0,1,600,1,,,,1,1,1,1,1,1,1,1,True,1,1,0,1,1,0,burst,True
s09-r2-burst_trial-0.4,9,2,burst_trial-0.4,burst_trial,0.4,1,9.011999999998809,1,600,1,,,,1,1,1,1,1,1,1,1,True,1,1,0,1,1,0,burst,True
s09-r2-burst_trial-0.4,9,2,burst_trial-0.4,burst_trial,0.4,2,24.49199999999837,2,600,1,,,,2,1,2,1,2,1,2,1,True,1,1,0,1,1,0,burst,True
s09-r2-burst_trial-0.4,9,2,burst_trial-0.4,burst_trial,0.4,3,32.52400000000125,1,600,1,,,,1,1,1,1,1,1,1,1,True,1,1,0,1,1,0,burst,True
s09-r2-burst_trial-0.4,9,2,burst_trial-0.4,burst_trial,0.4,4,48.6359999999986,1,600,1,,,,1,1,1,1,1,1,1,1,True,1,1,0,1,1,0,burst,True
s09-r2-burst_trial-0.4,9,2,burst_trial-0.4,burst_trial,0.4,5,64.56000000000131,2,600,1,,,,1,1,2,1,2,1,2,1,True,0,1,1,1,1,0,burst,True
s09-r2-burst_trial-0.4,9,2,burst_trial-0.4,burst_trial,0.4,6,80.17599999999948,1,600,1,,,,1,1,1,1,1,1,1,1,True,1,1,0,1,1,0,burst,True
s09-r2-burst_trial-0.4,9,2,burst_trial-0.4,burst_trial,0.4,7,103.41999999999824,1,600,1,,,,1,1,1,1,2,1,1,1,True,1,1,0,0,1,1,burst,True
s09-r2-burst_trial-0.4,9,2,burst_trial-0.4,burst_trial,0.4,8,119.76800000000004,2,600,1,,,,2,1,2,1,2,1,2,1,True,1,1,0,1,1,0,burst,True
s09-r2-burst_trial-0.4,9,2,burst_trial-0.4,burst_trial,0.4,9,160.7520000000004,1,600,1,,,,2,1,1,1,1,1,1,1,True,0,1,1,1,1,0,burst,True
s09-r2-burst_trial-0.4,9,2,burst_trial-0.4,burst_trial,0.4,10,176.72000000000116,2,600,1,,,,2,1,2,1,2,1,2,1,True,1,1,0,1,1,0,burst,True
s09-r2-burst_trial-0.4,9,2,burst_trial-0.4,burst_trial,0.4,11,192.65599999999904,2,600,1,,,,2,1,1,1,2,1,2,1,True,1,0,1,1,1,0,burst,True
s09-r2-burst_trial-0.4,9,2,burst_trial-0.4,burst_trial,0.4,12,200.5,1,600,1,,,,1,1,1,1,1,1,1,1,True,1,1,0,1,1,0,burst,True
s09-r2-burst_trial-0.4,9,2,burst_trial-0.4,burst_trial,0.4,13,216.9320000000007,2,600,1,,,,2,1,2,1,2,1,2,1,True,1,1,0,1,1,0,burst,True
s09-r2-burst_trial-0.4,9,2,burst_trial-0.4,burst_trial,0.4,14,224.8319999999985,1,600,1,,,,1,1,1,1,1,1,1,1,True,1,1,0,1,1,0,burst,True
s09-r2-burst_trial-0.4,9,2,burst_trial-0.4,burst_trial,0.4,15,249.64800000000105,1,600,1,,,,1,1,2,1,1,1,1,1,True,1,0,1,1,1,0,burst,True
s09-r2-burst_trial-0.4,9,2,burst_trial-0.4,burst_trial,0.4,16,282.8080000000009,2,600,1,,,,2,1,2,1,1,1,2,1,True,1,1,0,0,1,1,burst,True
s09-r2-burst_trial-0.4,9,2,burst_trial-0.4,burst_trial,0.4,17,290.887999999999,1,600,1,,,,2,1,1,1,1,1,2,1,True,0,1,1,1,0,1,burst,True
s09-r2-burst_trial-0.4,9,2,burst_trial-0.4,burst_trial,0.4,18,298.77600000000166,2,600,1,,,,2,1,2,1,1,1,2,1,True,1,1,0,0,1,1,burst,True
s09-r2-burst_trial-0.4,9,2,burst_trial-0.4,burst_trial,0.4,19,314.32800000000134,2,600,1,,,,2,1,2,1,1,1,2,1,True,1,1,0,0,1,1,burst,True
s09-r2-burst_trial-0.4,9,2,burst_trial-0.4,burst_trial,0.4,20,338.52400000000125,2,600,1,,,,2,1,2,1,2,1,2,1,True,1,1,0,1,1,0,burst,True
s09-r2-burst_trial-0.4,9,2,burst_trial-0.4,burst_trial,0.4,21,347.0,2,600,1,,,,2,1,2,1,2,1,2,1,True,1,1,0,1,1,0,burst,True
s09-r2-burst_trial-0.4,9,2,burst_trial-0.4,burst_trial,0.4,22,354.6239999999998,2,600,1,,,,2,1,2,1,1,1,2,1,True,1,1,0,0,1,1,burst,True
s09-r2-burst_trial-0.4,9,2,burst_trial-0.4,burst_trial,0.4,23,379.0279999999984,1,600,1,,,,1,1,1,1,1,1,1,1,True,1,1,0,1,1,0,burst,True
s09-r3-burst_trial-0.1,9,3,burst_trial-0.1,burst_trial,0.1,0,1.0,2,900,1,,,,1,1,1,1,1,1,1,1,True,0,0,0,0,0,0,burst,True
s09-r3-burst_trial-0.1,9,3,burst_trial-0.1,burst_trial,0.1,1,16.684000000001106,1,900,1,,,,1,1,1,1,1,1,1,1,True,1,1,0,1,1,0,burst,True
s09-r3-burst_trial-0.1,9,3,burst_trial-0.1,burst_trial,0.1,2,48.6359999999986,1,900,1,,,,1,1,1,1,1,1,1,1,True,1,1,0,1,1,0,burst,True
s09-r3-burst_trial-0.1,9,3,burst_trial-0.1,burst_trial,0.1,3,56.83599999999933,1,900,1,,,,1,1,1,1,1,1,1,1,True,1,1,0,1,1,0,burst,True
s09-r3-burst_trial-0.1,9,3,burst_trial-0.1,burst_trial,0.1,4,72.55199999999968,2,900,1,,,,2,1,2,1,2,1,2,1,True,1,1,0,1,1,0,burst,True
s09-r3-burst_trial-0.1,9,3,burst_trial-0.1,burst_trial,0.1,5,103.41999999999824,2,900,1,,,,1,1,1,1,2,1,2,1,True,0,0,0,1,1,0,burst,True
s09-r3-burst_trial-0.1,9,3,burst_trial-0.1,burst_trial,0.1,6,111.28800000000048,1,900,1,,,,1,1,1,1,1,1,1,1,True,1,1,0,1,1,0,burst,True
s09-r3-burst_trial-0.1,9,3,burst_trial-0.1,burst_trial,0.1,7,127.79999999999929,2,900,1,,,,2,1,1,1,1,1,2,1,True,1,0,1,0,1,1,burst,True
s09-r3-burst_trial-0.1,9,3,burst_trial-0.1,burst_trial,0.1,8,144.20799999999872,1,900,1,,,,1,1,1,1,2,1,2,1,True,1,1,0,0,0,0,burst,True
s09-r3-burst_trial-0.1,9,3,burst_trial-0.1,burst_trial,0.1,9,169.07200000000012,2,900,1,,,,2,1,2,1,2,1,2,1,True,1,1,0,1,1,0,burst,True
s09-r3-burst_trial-0.1,9,3,burst_trial-0.1,burst_trial,0.1,10,192.65599999999904,1,900,1,,,,1,1,1,1,1,1,1,1,True,1,1,0,1,1,0,burst,True
s09-r3-burst_trial-0.1,9,3,burst_trial-0.1,burst_trial,0.1,11,200.5,2,900,1,,,,2,1,2,1,2,1,2,1,True,1,1,0,1,1,0,burst,True
s09-r3-burst_trial-0.1,9,3,burst_trial-0.1,burst_trial,0.1,12,208.91600000000108,2,900,1,,,,2,1,2,1,2,1,2,1,True,1,1,0,1,1,0,burst,True
s09-r3-burst_trial-0.1,9,3,burst_trial-0.1,burst_trial,0.1,13,232.9360000000015,2,900,1,,,,2,1,2,1,2,1,2,1,True,1,1,0,1,1,0,burst,True
s09-r3-burst_trial-0.1,9,3,burst_trial-0.1,burst_trial,0.1,14,241.2200000000012,1,900,1,,,,1,1,1,1,1,1,1,1,True,1,1,0,1,1,0,burst,True
s09-r3-burst_trial-0.1,9,3,burst_trial-0.1,burst_trial,0.1,15,249.64800000000105,1,900,1,,,,2,1,1,1,1,1,1,1,True,0,1,1,1,1,0,burst,True
s09-r3-burst_trial-0.1,9,3,burst_trial-0.1,burst_trial,0.1,16,266.380000000001,2,900,1,,,,2,1,2,1,2,1,2,1,True,1,1,0,1,1,0,burst,True
s09-r3-burst_trial-0.1,9,3,burst_trial-0.1,burst_trial,0.1,17,274.5519999999997,1,900,1,,,,1,1,1,1,1,1,2,1,True,1,1,0,1,0,1,burst,True
s09-r3-burst_trial-0.1,9,3,burst_trial-0.1,burst_trial,0.1,18,290.887999999999,2,900,1,,,,2,1,2,1,2,1,2,1,True,1,1,0,1,1,0,burst,True
s09-r3-burst_trial-0.1,9,3,burst_trial-0.1,burst_trial,0.1,19,298.77600000000166,2,900,1,,,,2,1,2,1,2,1,2,1,True,1,1,0,1,1,0,burst,True
s09-r3-burst_trial-0.1,9,3,burst_trial-0.1,burst_trial,0.1,20,314.32800000000134,1,900,1,,,,1,1,1,1,1,1,1,1,True,1,1,0,1,1,0,burst,True
s09-r3-burst_trial-0.1,9,3,burst_trial-0.1,burst_trial,0.1,21,362.3359999999993,1,900,1,,,,1,1,1,1,1,1,1,1,True,1,1,0,1,1,0,burst,True
s09-r3-burst_trial-0.1,9,3,burst_trial-0.1,burst_trial,0.1,22,370.7920000000013,2,900,1,,,,2,1,2,1,2,1,2,1,True,1,1,0,1,1,0,burst,True
s09-r3-burst_trial-0.1,9,3,burst_trial-0.1,burst_trial,0.1,23,379.0279999999984,1,900,1,,,,1,1,1,1,1,1,1,1,True,1,1,0,1,1,0,burst,True
s09-r3-burst_trial-0.25,9,3,burst_trial-0.25,burst_trial,0.25,0,1.0,2,750,1,,,,1,1,1,1,2,1,1,1,True,0,0,0,1,0,1,burst,True
s09-r3-burst_trial-0.25,9,3,burst_trial-0.25,burst_trial,0.25,1,16.684000000001106,1,750,1,,,,1,1,1,1,2,1,1,1,True,1,1,0,0,1,1,burst,True
s09-r3-burst_trial-0.25,9,3,burst_trial-0.25,burst_trial,0.25,2,48.6359999999986,1,750,1,,,,1,1,1,1,1,1,1,1,True,1,1,0,1,1,0,burst,True
s09-r3-burst_trial-0.25,9,3,burst_trial-0.25,burst_trial,0.25,3,56.83599999999933,1,750,1,,,,1,1,1,1,1,1,1,1,True,1,1,0,1,1,0,burst,True
s09-r3-burst_trial-0.25,9,3,burst_trial-0.25,burst_trial,0.25,4,72.55199999999968,2,750,1,,,,2,1,2,1,2,1,2,1,True,1,1,0,1,1,0,burst,True
s09-r3-burst_trial-0.25,9,3,burst_trial-0.25,burst_trial,0.25,5,103.41999999999824,2,750,1,,,,1,1,1,1,2,1,2,1,True,0,0,0,1,1,0,burst,True
s09-r3-burst_trial-0.25,9,3,burst_trial-0.25,burst_trial,0.25,6,111.28800000000048,1,750,1,,,,1,1,1,1,1,1,1,1,True,1,1,0,1,1,0,burst,True
s09-r3-burst_trial-0.25,9,3,burst_trial-0.25,burst_trial,0.25,7,127.79999999999929,2,750,1,,,,2,1,1,1,1,1,2,1,True,1,0,1,0,1,1,burst,True
s09-r3-burst_trial-0.25,9,3,burst_trial-0.25,burst_trial,0.25,8,144.20799999999872,1,750,1,,,,1,1,1,1,2,1,2,1,True,1,1,0,0,0,0,burst,True
s09-r3-burst_trial-0.25,9,3,burst_trial-0.25,burst_trial,0.25,9,169.07200000000012,2,750,1,,,,2,1,2,1,2,1,2,1,True,1,1,0,1,1,0,burst,True
s09-r3-burst_trial-0.25,9,3,burst_trial-0.25,burst_trial,0.25,10,192.65599999999904,1,750,1,,,,1,1,1,1,1,1,1,1,True,1,1,0,1,1,0,burst,True
s09-r3-burst_trial-0.25,9,3,burst_trial-0.25,burst_trial,0.25,11,200.5,2,750,1,,,,1,1,2,1,2,1,2,1,True,0,1,1,1,1,0,burst,True
s09-r3-burst_trial-0.25,9,3,burst_trial-0.25,burst_trial,0.25,12,208.91600000000108,2,750,1,,,,2,1,2,1,2,1,2,1,True,1,1,0,1,1,0,burst,True
s09-r3-burst_trial-0.25,9,3,burst_trial-0.25,burst_trial,0.25,13,232.9360000000015,2,750,1,,,,2,1,2,1,2,1,2,1,True,1,1,0,1,1,0,burst,True
s09-r3-burst_trial-0.25,9,3,burst_trial-0.25,burst_trial,0.25,14,241.2200000000012,1,750,1,,,,1,1,1,1,1,1,1,1,True,1,1,0,1,1,0,burst,True
s09-r3-burst_trial-0.25,9,3,burst_trial-0.25,burst_trial,0.25,15,249.64800000000105,1,750,1,,,,1,1,1,1,1,1,1,1,True,1,1,0,1,1,0,burst,True
s09-r3-burst_trial-0.25,9,3,burst_trial-0.25,burst_trial,0.25,16,266.380000000001,2,750,1,,,,2,1,2,1,2,1,2,1,True,1,1,0,1,1,0,burst,True
s09-r3-burst_trial-0.25,9,3,burst_trial-0.25,burst_trial,0.25,17,274.5519999999997,1,750,1,,,,1,1,1,1,1,1,2,1,True,1,1,0,1,0,1,burst,True
s09-r3-burst_trial-0.25,9,3,burst_trial-0.25,burst_trial,0.25,18,290.887999999999,2,750,1,,,,2,1,2,1,2,1,2,1,True,1,1,0,1,1,0,burst,True
s09-r3-burst_trial-0.25,9,3,burst_trial-0.25,burst_trial,0.25,19,298.77600000000166,2,750,1,,,,2,1,2,1,2,1,2,1,True,1,1,0,1,1,0,burst,True
s09-r3-burst_trial-0.25,9,3,burst_trial-0.25,burst_trial,0.25,20,314.32800000000134,1,750,1,,,,1,1,1,1,1,1,1,1,True,1,1,0,1,1,0,burst,True
s09-r3-burst_trial-0.25,9,3,burst_trial-0.25,burst_trial,0.25,21,362.3359999999993,1,750,1,,,,1,1,1,1,1,1,1,1,True,1,1,0,1,1,0,burst,True
s09-r3-burst_trial-0.25,9,3,burst_trial-0.25,burst_trial,0.25,22,370.7920000000013,2,750,1,,,,2,1,2,1,2,1,2,1,True,1,1,0,1,1,0,burst,True
s09-r3-burst_trial-0.25,9,3,burst_trial-0.25,burst_trial,0.25,23,379.0279999999984,1,750,1,,,,1,1,1,1,1,1,1,1,True,1,1,0,1,1,0,burst,True
s09-r3-burst_trial-0.4,9,3,burst_trial-0.4,burst_trial,0.4,0,1.0,2,600,1,,,,1,1,1,1,2,1,1,1,True,0,0,0,1,0,1,burst,True
s09-r3-burst_trial-0.4,9,3,burst_trial-0.4,burst_trial,0.4,1,16.684000000001106,1,600,1,,,,1,1,1,1,1,1,1,1,True,1,1,0,1,1,0,burst,True
s09-r3-burst_trial-0.4,9,3,burst_trial-0.4,burst_trial,0.4,2,48.6359999999986,1,600,1,,,,1,1,1,1,1,1,1,1,True,1,1,0,1,1,0,burst,True
s09-r3-burst_trial-0.4,9,3,burst_trial-0.4,burst_trial,0.4,3,56.83599999999933,1,600,1,,,,1,1,1,1,1,1,1,1,True,1,1,0,1,1,0,burst,True
s09-r3-burst_trial-0.4,9,3,burst_trial-0.4,burst_trial,0.4,4,72.55199999999968,2,600,1,,,,2,1,2,1,2,1,2,1,True,1,1,0,1,1,0,burst,True
s09-r3-burst_trial-0.4,9,3,burst_trial-0.4,burst_trial,0.4,5,103.41999999999824,2,600,1,,,,1,1,1,1,1,1,2,1,True,0,0,0,0,1,1,burst,True
s09-r3-burst_trial-0.4,9,3,burst_trial-0.4,burst_trial,0.4,6,111.28800000000048,1,600,1,,,,1,1,1,1,1,1,1,1,True,1,1,0,1,1,0,burst,True
s09-r3-burst_trial-0.4,9,3,burst_trial-0.4,burst_trial,0.4,7,127.79999999999929,2,600,1,,,,1,1,1,1,2,1,2,1,True,0,0,0,1,1,0,burst,True
s09-r3-burst_trial-0.4,9,3,burst_trial-0.4,burst_trial,0.4,8,144.20799999999872,1,600,1,,,,1,1,1,1,2,1,2,1,True,1,1,0,0,0,0,burst,True
s09-r3-burst_trial-0.4,9,3,burst_trial-0.4,burst_trial,0.4,9,169.07200000000012,2,600,1,,,,2,1,2,1,2,1,2,1,True,1,1,0,1,1,0,burst,True
s09-r3-burst_trial-0.4,9,3,burst_trial-0.4,burst_trial,0.4,10,192.65599999999904,1,600,1,,,,1,1,1,1,1,1,1,1,True,1,1,0,1,1,0,burst,True
s09-r3-burst_trial-0.4,9,3,burst_trial-0.4,burst_trial,0.4,11,200.5,2,600,1,,,,2,1,2,1,2,1,2,1,True,1,1,0,1,1,0,burst,True
s09-r3-burst_trial-0.4,9,3,burst_trial-0.4,burst_trial,0.4,12,208.91600000000108,2,600,1,,,,2,1,2,1,2,1,2,1,True,1,1,0,1,1,0,burst,True
s09-r3-burst_trial-0.4,9,3,burst_trial-0.4,burst_trial,0.4,13,232.9360000000015,2,600,1,,,,1,1,2,1,1,1,2,1,True,0,1,1,0,1,1,burst,True
s09-r3-burst_trial-0.4,9,3,burst_trial-0.4,burst_trial,0.4,14,241.2200000000012,1,600,1,,,,1,1,1,1,1,1,1,1,True,1,1,0,1,1,0,burst,True
s09-r3-burst_trial-0.4,9,3,burst_trial-0.4,burst_trial,0.4,15,249.64800000000105,1,600,1,,,,2,1,1,1,1,1,1,1,True,0,1,1,1,1,0,burst,True
s09-r3-burst_trial-0.4,9,3,burst_trial-0.4,burst_trial,0.4,16,266.380000000001,2,600,1,,,,2,1,2,1,2,1,2,1,True,1,1,0,1,1,0,burst,True
s09-r3-burst_trial-0.4,9,3,burst_trial-0.4,burst_trial,0.4,17,274.5519999999997,1,600,1,,,,1,1,1,1,1,1,2,1,True,1,1,0,1,0,1,burst,True
s09-r3-burst_trial-0.4,9,3,burst_trial-0.4,burst_trial,0.4,18,290.887999999999,2,600,1,,,,2,1,2,1,2,1,2,1,True,1,1,0,1,1,0,burst,True
s09-r3-burst_trial-0.4,9,3,burst_trial-0.4,burst_trial,0.4,19,298.77600000000166,2,600,1,,,,2,1,2,1,1,1,2,1,True,1,1,0,0,1,1,burst,True
s09-r3-burst_trial-0.4,9,3,burst_trial-0.4,burst_trial,0.4,20,314.32800000000134,1,600,1,,,,1,1,1,1,1,1,1,1,True,1,1,0,1,1,0,burst,True
s09-r3-burst_trial-0.4,9,3,burst_trial-0.4,burst_trial,0.4,21,362.3359999999993,1,600,1,,,,1,1,1,1,2,1,1,1,True,1,1,0,0,1,1,burst,True
s09-r3-burst_trial-0.4,9,3,burst_trial-0.4,burst_trial,0.4,22,370.7920000000013,2,600,1,,,,2,1,2,1,2,1,2,1,True,1,1,0,1,1,0,burst,True
s09-r3-burst_trial-0.4,9,3,burst_trial-0.4,burst_trial,0.4,23,379.0279999999984,1,600,1,,,,2,1,1,1,1,1,1,1,True,0,1,1,1,1,0,burst,True
s09-r4-burst_trial-0.1,9,4,burst_trial-0.1,burst_trial,0.1,0,1.0,2,900,1,,,,2,1,2,1,2,1,2,1,True,1,1,0,1,1,0,burst,True
s09-r4-burst_trial-0.1,9,4,burst_trial-0.1,burst_trial,0.1,1,9.011999999998809,1,900,1,,,,1,1,1,1,1,1,1,1,True,1,1,0,1,1,0,burst,True
s09-r4-burst_trial-0.1,9,4,burst_trial-0.1,burst_trial,0.1,2,16.684000000001106,1,900,1,,,,1,1,1,1,1,1,1,1,True,1,1,0,1,1,0,burst,True
s09-r4-burst_trial-0.1,9,4,burst_trial-0.1,burst_trial,0.1,3,40.96800000000076,2,900,1,,,,2,1,2,1,1,1,1,1,True,1,1,0,0,0,0,burst,True
s09-r4-burst_trial-0.1,9,4,burst_trial-0.1,burst_trial,0.1,4,64.56000000000131,1,900,1,,,,2,1,2,1,1,1,1,1,True,0,0,0,1,1,0,burst,True
s09-r4-burst_trial-0.1,9,4,burst_trial-0.1,burst_trial,0.1,5,80.17599999999948,1,900,1,,,,1,1,1,1,1,1,1,1,True,1,1,0,1,1,0,burst,True
s09-r4-burst_trial-0.1,9,4,burst_trial-0.1,burst_trial,0.1,6,87.75600000000122,1,900,1,,,,2,1,1,1,1,1,1,1,True,0,1,1,1,1,0,burst,True
s09-r4-burst_trial-0.1,9,4,burst_trial-0.1,burst_trial,0.1,7,95.64400000000025,2,900,1,,,,2,1,2,1,2,1,2,1,True,1,1,0,1,1,0,burst,True
s09-r4-burst_trial-0.1,9,4,burst_trial-0.1,burst_trial,0.1,8,119.76800000000004,2,900,1,,,,2,1,2,1,2,1,2,1,True,1,1,0,1,1,0,burst,True
s09-r4-burst_trial-0.1,9,4,burst_trial-0.1,burst_trial,0.1,9,169.07200000000012,2,900,1,,,,2,1,2,1,2,1,2,1,True,1,1,0,1,1,0,burst,True
s09-r4-burst_trial-0.1,9,4,burst_trial-0.1,burst_trial,0.1,10,176.72000000000116,2,900,1,,,,2,1,2,1,2,1,2,1,True,1,1,0,1,1,0,burst,True
s09-r4-burst_trial-0.1,9,4,burst_trial-0.1,burst_trial,0.1,11,192.65599999999904,1,900,1,,,,1,1,1,1,1,1,1,1,True,1,1,0,1,1,0,burst,True
s09-r4-burst_trial-0.1,9,4,burst_trial-0.1,burst_trial,0.1,12,200.5,2,900,1,,,,2,1,2,1,2,1,2,1,True,1,1,0,1,1,0,burst,True
s09-r4-burst_trial-0.1,9,4,burst_trial-0.1,burst_trial,0.1,13,208.91600000000108,2,900,1,,,,2,1,2,1,2,1,2,1,True,1,1,0,1,1,0,burst,True
s09-r4-burst_trial-0.1,9,4,burst_trial-0.1,burst_trial,0.1,14,216.9320000000007,2,900,1,,,,2,1,2,1,2,1,2,1,True,1,1,0,1,1,0,burst,True
s09-r4-burst_trial-0.1,9,4,burst_trial-0.1,burst_trial,0.1,15,241.2200000000012,1,900,1,,,,1,1,1,1,1,1,1,1,True,1,1,0,1,1,0,burst,True
s09-r4-burst_trial-0.1,9,4,burst_trial-0.1,burst_trial,0.1,16,258.0159999999996,1,900,1,,,,1,1,1,1,1,1,1,1,True,1,1,0,1,1,0,burst,True
s09-r4-burst_trial-0.1,9,4,burst_trial-0.1,burst_trial,0.1,17,274.5519999999997,1,900,1,,,,1,1,1,1,2,1,2,1,True,1,1,0,0,0,0,burst,True
s09-r4-burst_trial-0.1,9,4,burst_trial-0.1,burst_trial,0.1,18,290.887999999999,1,900,1,,,,1,1,2,1,1,1,1,1,True,1,0,1,1,1,0,burst,True
s09-r4-burst_trial-0.1,9,4,burst_trial-0.1,burst_trial,0.1,19,306.6280000000006,1,900,1,,,,1,1,1,1,2,1,2,1,True,1,1,0,0,0,0,burst,True
s09-r4-burst_trial-0.1,9,4,burst_trial-0.1,burst_trial,0.1,20,314.32800000000134,2,900,1,,,,2,1,2,1,2,1,2,1,True,1,1,0,1,1,0,burst,True
s09-r4-burst_trial-0.1,9,4,burst_trial-0.1,burst_trial,0.1,21,347.0,1,900,1,,,,1,1,1,1,2,1,2,1,True,1,1,0,0,0,0,burst,True
s09-r4-burst_trial-0.1,9,4,burst_trial-0.1,burst_trial,0.1,22,354.6239999999998,2,900,1,,,,2,1,2,1,2,1,2,1,True,1,1,0,1,1,0,burst,True
s09-r4-burst_trial-0.1,9,4,burst_trial-0.1,burst_trial,0.1,23,370.7920000000013,2,900,1,,,,2,1,2,1,2,1,2,1,True,1,1,0,1,1,0,burst,True
s09-r4-burst_trial-0.25,9,4,burst_trial-0.25,burst_trial,0.25,0,1.0,2,750,1,,,,2,1,2,1,2,1,2,1,True,1,1,0,1,1,0,burst,True
s09-r4-burst_trial-0.25,9,4,burst_trial-0.25,burst_trial,0.25,1,9.011999999998809,1,750,1,,,,1,1,1,1,1,1,1,1,True,1,1,0,1,1,0,burst,True
s09-r4-burst_trial-0.25,9,4,burst_trial-0.25,burst_trial,0.25,2,16.684000000001106,1,750,1,,,,1,1,1,1,1,1,1,1,True,1,1,0,1,1,0,burst,True
s09-r4-burst_trial-0.25,9,4,burst_trial-0.25,burst_trial,0.25,3,40.96800000000076,2,750,1,,,,2,1,2,1,1,1,1,1,True,1,1,0,0,0,0,burst,True
s09-r4-burst_trial-0.25,9,4,burst_trial-0.25,burst_trial,0.25,4,64.56000000000131,1,750,1,,,,2,1,2,1,1,1,1,1,True,0,0,0,1,1,0,burst,True
s09-r4-burst_trial-0.25,9,4,burst_trial-0.25,burst_trial,0.25,5,80.17599999999948,1,750,1,,,,1,1,1,1,1,1,1,1,True,1,1,0,1,1,0,burst,True
s09-r4-burst_trial-0.25,9,4,burst_trial-0.25,burst_trial,0.25,6,87.75600000000122,1,750,1,,,,1,1,1,1,1,1,1,1,True,1,1,0,1,1,0,burst,True
s09-r4-burst_trial-0.25,9,4,burst_trial-0.25,burst_trial,0.25,7,95.64400000000025,2,750,1,,,,2,1,2,1,1,1,2,1,True,1,1,0,0,1,1,burst,True
s09-r4-burst_trial-0.25,9,4,burst_trial-0.25,burst_trial,0.25,8,119.76800000000004,2,750,1,,,,2,1,2,1,2,1,2,1,True,1,1,0,1,1,0,burst,True
s09-r4-burst_trial-0.25,9,4,burst_trial-0.25,burst_trial,0.25,9,169.07200000000012,2,750,1,,,,2,1,2,1,2,1,2,1,True,1,1,0,1,1,0,burst,True
s09-r4-burst_trial-0.25,9,4,burst_trial-0.25,burst_trial,0.25,10,176.72000000000116,2,750,1,,,,2,1,2,1,2,1,2,1,True,1,1,0,1,1,0,burst,True
s09-r4-burst_trial-0.25,9,4,burst_trial-0.25,burst_trial,0.25,11,192.65599999999904,1,750,1,,,,1,1,1,1,1,1,1,1,True,1,1,0,1,1,0,burst,True
s09-r4-burst_trial-0.25,9,4,burst_trial-0.25,burst_trial,0.25,12,200.5,2,750,1,,,,2,1,2,1,2,1,2,1,True,1,1,0,1,1,0,burst,True
s09-r4-burst_trial-0.25,9,4,burst_trial-0.25,burst_trial,0.25,13,208.91600000000108,2,750,1,,,,2,1,2,1,2,1,2,1,True,1,1,0,1,1,0,burst,True
s09-r4-burst_trial-0.25,9,4,burst_trial-0.25,burst_trial,0.25,14,216.9320000000007,2,750,1,,,,2,1,2,1,2,1,2,1,True,1,1,0,1,1,0,burst,True
s09-r4-burst_trial-0.25,9,4,burst_trial-0.25,burst_trial,0.25,15,241.2200000000012,1,750,1,,,,2,1,1,1,2,1,1,1,True,0,1,1,0,1,1,burst,True
s09-r4-burst_trial-0.25,9,4,burst_trial-0.25,burst_trial,0.25,16,258.0159999999996,1,750,1,,,,1,1,1,1,1,1,1,1,True,1,1,0,1,1,0,burst,True
s09-r4-burst_trial-0.25,9,4,burst_trial-0.25,burst_trial,0.25,17,274.5519999999997,1,750,1,,,,1,1,1,1,1,1,2,1,True,1,1,0,1,0,1,burst,True
s09-r4-burst_trial-0.25,9,4,burst_trial-0.25,burst_trial,0.25,18,290.887999999999,1,750,1,,,,2,1,2,1,1,1,1,1,True,0,0,0,1,1,0,burst,True
s09-r4-burst_trial-0.25,9,4,burst_trial-0.25,burst_trial,0.25,19,306.6280000000006,1,750,1,,,,2,1,1,1,2,1,2,1,True,0,1,1,0,0,0,burst,True
s09-r4-burst_trial-0.25,9,4,burst_trial-0.25,burst_trial,0.25,20,314.32800000000134,2,750,1,,,,1,1,2,1,2,1,2,1,True,0,1,1,1,1,0,burst,True
s09-r4-burst_trial-0.25,9,4,burst_trial-0.25,burst_trial,0.25,21,347.0,1,750,1,,,,2,1,1,1,2,1,2,1,True,0,1,1,0,0,0,burst,True
s09-r4-burst_trial-0.25,9,4,burst_trial-0.25,burst_trial,0.25,22,354.6239999999998,2,750,1,,,,2,1,2,1,2,1,2,1,True,1,1,0,1,1,0,burst,True
s09-r4-burst_trial-0.25,9,4,burst_trial-0.25,burst_trial,0.25,23,370.7920000000013,2,750,1,,,,2,1,2,1,2,1,2,1,True,1,1,0,1,1,0,burst,True
s09-r4-burst_trial-0.4,9,4,burst_trial-0.4,burst_trial,0.4,0,1.0,2,600,1,,,,1,1,2,1,1,1,2,1,True,0,1,1,0,1,1,burst,True
s09-r4-burst_trial-0.4,9,4,burst_trial-0.4,burst_trial,0.4,1,9.011999999998809,1,600,1,,,,1,1,1,1,1,1,1,1,True,1,1,0,1,1,0,burst,True
s09-r4-burst_trial-0.4,9,4,burst_trial-0.4,burst_trial,0.4,2,16.684000000001106,1,600,1,,,,1,1,1,1,1,1,1,1,True,1,1,0,1,1,0,burst,True
s09-r4-burst_trial-0.4,9,4,burst_trial-0.4,burst_trial,0.4,3,40.96800000000076,2,600,1,,,,2,1,2,1,1,1,1,1,True,1,1,0,0,0,0,burst,True
s09-r4-burst_trial-0.4,9,4,burst_trial-0.4,burst_trial,0.4,4,64.56000000000131,1,600,1,,,,2,1,2,1,1,1,1,1,True,0,0,0,1,1,0,burst,True
s09-r4-burst_trial-0.4,9,4,burst_trial-0.4,burst_trial,0.4,5,80.17599999999948,1,600,1,,,,1,1,1,1,2,1,1,1,True,1,1,0,0,1,1,burst,True
s09-r4-burst_trial-0.4,9,4,burst_trial-0.4,burst_trial,0.4,6,87.75600000000122,1,600,1,,,,1,1,1,1,1,1,1,1,True,1,1,0,1,1,0,burst,True
s09-r4-burst_trial-0.4,9,4,burst_trial-0.4,burst_trial,0.4,7,95.64400000000025,2,600,1,,,,2,1,2,1,2,1,2,1,True,1,1,0,1,1,0,burst,True
s09-r4-burst_trial-0.4,9,4,burst_trial-0.4,burst_trial,0.4,8,119.76800000000004,2,600,1,,,,2,1,2,1,1,1,2,1,True,1,1,0,0,1,1,burst,True
s09-r4-burst_trial-0.4,9,4,burst_trial-0.4,burst_trial,0.4,9,169.07200000000012,2,600,1,,,,2,1,2,1,2,1,2,1,True,1,1,0,1,1,0,burst,True
s09-r4-burst_trial-0.4,9,4,burst_trial-0.4,burst_trial,0.4,10,176.72000000000116,2,600,1,,,,2,1,2,1,2,1,2,1,True,1,1,0,1,1,0,burst,True
s09-r4-burst_trial-0.4,9,4,burst_trial-0.4,burst_trial,0.4,11,192.65599999999904,1,600,1,,,,1,1,1,1,1,1,1,1,True,1,1,0,1,1,0,burst,True
s09-r4-burst_trial-0.4,9,4,burst_trial-0.4,burst_trial,0.4,12,200.5,2,600,1,,,,2,1,2,1,1,1,2,1,True,1,1,0,0,1,1,burst,True
s09-r4-burst_trial-0.4,9,4,burst_trial-0.4,burst_trial,0.4,13,208.91600000000108,2,600,1,,,,2,1,2,1,2,1,2,1,True,1,1,0,1,1,0,burst,True
s09-r4-burst_trial-0.4,9,4,burst_trial-0.4,burst_trial,0.4,14,216.9320000000007,2,600,1,,,,2,1,2,1,1,1,2,1,True,1,1,0,0,1,1,burst,True
s09-r4-burst_trial-0.4,9,4,burst_trial-0.4,burst_trial,0.4,15,241.2200000000012,1,600,1,,,,1,1,1,1,1,1,1,1,True,1,1,0,1,1,0,burst,True
s09-r4-burst_trial-0.4,9,4,burst_trial-0.4,burst_trial,0.4,16,258.0159999999996,1,600,1,,,,1,1,1,1,1,1,1,1,True,1,1,0,1,1,0,burst,True
s09-r4-burst_trial-0.4,9,4,burst_trial-0.4,burst_trial,0.4,17,274.5519999999997,1,600,1,,,,1,1,1,1,1,1,2,1,True,1,1,0,1,0,1,burst,True
s09-r4-burst_trial-0.4,9,4,burst_trial-0.4,burst_trial,0.4,18,290.887999999999,1,600,1,,,,2,1,2,1,1,1,1,1,True,0,0,0,1,1,0,burst,True
s09-r4-burst_trial-0.4,9,4,burst_trial-0.4,burst_trial,0.4,19,306.6280000000006,1,600,1,,,,1,1,1,1,1,1,2,1,True,1,1,0,1,0,1,burst,True
s09-r4-burst_trial-0.4,9,4,burst_trial-0.4,burst_trial,0.4,20,314.32800000000134,2,600,1,,,,2,1,2,1,2,1,2,1,True,1,1,0,1,1,0,burst,True
s09-r4-burst_trial-0.4,9,4,burst_trial-0.4,burst_trial,0.4,21,347.0,1,600,1,,,,1,1,1,1,1,1,2,1,True,1,1,0,1,0,1,burst,True
s09-r4-burst_trial-0.4,9,4,burst_trial-0.4,burst_trial,0.4,22,354.6239999999998,2,600,1,,,,2,1,2,1,2,1,2,1,True,1,1,0,1,1,0,burst,True
s09-r4-burst_trial-0.4,9,4,burst_trial-0.4,burst_trial,0.4,23,370.7920000000013,2,600,1,,,,2,1,2,1,2,1,2,1,True,1,1,0,1,1,0,burst,True
