exec_id,subject,run,label_cond,kind,severity,i,onset,y,n_samples,valid_online,pred_csp,valid_csp,ref_pred_csp,ref_valid_csp,pred_net,valid_net,ref_pred_net,ref_valid_net,touched,ok_csp,ref_ok_csp,chg_csp,ok_net,ref_ok_net,chg_net
s01-r0-disconnect-n10-1,1,0,disconnect-n10-1,disconnect,1.0,0,1.0,1,1000,1,1,1,1,1,1,1,1,1,False,1,1,0,1,1,0
s01-r0-disconnect-n10-1,1,0,disconnect-n10-1,disconnect,1.0,1,9.011999999999944,2,1000,1,2,1,2,1,2,1,2,1,False,1,1,0,1,1,0
s01-r0-disconnect-n10-1,1,0,disconnect-n10-1,disconnect,1.0,2,16.68399999999997,2,1000,1,1,1,1,1,1,1,1,1,False,0,0,0,0,0,0
s01-r0-disconnect-n10-1,1,0,disconnect-n10-1,disconnect,1.0,3,24.49199999999996,1,1000,1,1,1,1,1,1,1,1,1,False,1,1,0,1,1,0
s01-r0-disconnect-n10-1,1,0,disconnect-n10-1,disconnect,1.0,4,32.52399999999989,2,779,1,1,1,1,1,2,1,1,1,True,0,0,0,1,0,1
s01-r0-disconnect-n10-1,1,0,disconnect-n10-1,disconnect,1.0,5,40.96800000000008,1,1000,1,1,1,1,1,1,1,1,1,False,1,1,0,1,1,0
s01-r0-disconnect-n10-1,1,0,disconnect-n10-1,disconnect,1.0,6,48.63599999999997,2,1000,1,2,1,2,1,2,1,2,1,False,1,1,0,1,1,0
s01-r0-disconnect-n10-1,1,0,disconnect-n10-1,disconnect,1.0,7,64.55999999999995,2,1000,1,2,1,2,1,2,1,2,1,False,1,1,0,1,1,0
s01-r0-disconnect-n10-1,1,0,disconnect-n10-1,disconnect,1.0,8,80.17599999999993,1,1000,1,1,1,1,1,1,1,1,1,False,1,1,0,1,1,0
s01-r0-disconnect-n10-1,1,0,disconnect-n10-1,disconnect,1.0,9,95.644,2,620,1,2,1,2,1,2,1,2,1,True,1,1,0,1,1,0
s01-r0-disconnect-n10-1,1,0,disconnect-n10-1,disconnect,1.0,10,103.42000000000009,1,1000,1,1,1,1,1,1,1,1,1,False,1,1,0,1,1,0
s01-r0-disconnect-n10-1,1,0,disconnect-n10-1,disconnect,1.0,11,152.47199999999998,1,1000,1,1,1,1,1,1,1,1,1,False,1,1,0,1,1,0
s01-r0-disconnect-n10-1,1,0,disconnect-n10-1,disconnect,1.0,12,169.07200000000012,2,1000,1,2,1,2,1,2,1,2,1,False,1,1,0,1,1,0
s01-r0-disconnect-n10-1,1,0,disconnect-n10-1,disconnect,1.0,13,176.72000000000003,1,630,1,1,1,1,1,1,1,1,1,True,1,1,0,1,1,0
s01-r0-disconnect-n10-1,1,0,disconnect-n10-1,disconnect,1.0,14,184.84400000000005,1,1000,1,1,1,1,1,1,1,1,1,False,1,1,0,1,1,0
s01-r0-disconnect-n10-1,1,0,disconnect-n10-1,disconnect,1.0,15,208.91599999999997,1,1000,1,1,1,1,1,1,1,1,1,False,1,1,0,1,1,0
s01-r0-disconnect-n10-1,1,0,disconnect-n10-1,disconnect,1.0,16,241.2199999999998,1,1000,1,1,1,1,1,1,1,1,1,False,1,1,0,1,1,0
s01-r0-disconnect-n10-1,1,0,disconnect-n10-1,disconnect,1.0,17,249.6480000000001,2,1000,1,2,1,2,1,2,1,2,1,False,1,1,0,1,1,0
s01-r0-disconnect-n10-1,1,0,disconnect-n10-1,disconnect,1.0,18,258.0160000000001,1,1000,1,1,1,1,1,1,1,1,1,False,1,1,0,1,1,0
s01-r0-disconnect-n10-1,1,0,disconnect-n10-1,disconnect,1.0,19,266.3800000000001,2,755,1,2,1,2,1,2,1,2,1,True,1,1,0,1,1,0
s01-r0-disconnect-n10-1,1,0,disconnect-n10-1,disconnect,1.0,20,274.55200000000013,2,1000,1,2,1,2,1,1,1,1,1,False,1,1,0,0,0,0
s01-r0-disconnect-n10-1,1,0,disconnect-n10-1,disconnect,1.0,21,282.808,1,1000,1,1,1,1,1,1,1,1,1,False,1,1,0,1,1,0
s01-r0-disconnect-n10-1,1,0,disconnect-n10-1,disconnect,1.0,22,290.8879999999999,2,1000,1,2,1,2,1,2,1,2,1,False,1,1,0,1,1,0
s01-r0-disconnect-n10-1,1,0,disconnect-n10-1,disconnect,1.0,23,306.62800000000016,2,620,1,1,1,1,1,2,1,2,1,True,0,0,0,1,1,0
s01-r0-disconnect-n2-1,1,0,disconnect-n2-1,disconnect,1.0,0,1.0,1,1000,1,1,1,1,1,1,1,1,1,False,1,1,0,1,1,0
s01-r0-disconnect-n2-1,1,0,disconnect-n2-1,disconnect,1.0,1,9.011999999999944,2,1000,1,2,1,2,1,2,1,2,1,False,1,1,0,1,1,0
s01-r0-disconnect-n2-1,1,0,disconnect-n2-1,disconnect,1.0,2,16.68399999999997,2,1000,1,1,1,1,1,1,1,1,1,False,0,0,0,0,0,0
s01-r0-disconnect-n2-1,1,0,disconnect-n2-1,disconnect,1.0,3,24.49199999999996,1,1000,1,1,1,1,1,1,1,1,1,False,1,1,0,1,1,0
s01-r0-disconnect-n2-1,1,0,disconnect-n2-1,disconnect,1.0,4,32.52399999999989,2,1000,1,1,1,1,1,1,1,1,1,False,0,0,0,0,0,0
s01-r0-disconnect-n2-1,1,0,disconnect-n2-1,disconnect,1.0,5,40.96800000000008,1,1000,1,1,1,1,1,1,1,1,1,False,1,1,0,1,1,0
s01-r0-disconnect-n2-1,1,0,disconnect-n2-1,disconnect,1.0,6,48.63599999999997,2,1000,1,2,1,2,1,2,1,2,1,False,1,1,0,1,1,0
s01-r0-disconnect-n2-1,1,0,disconnect-n2-1,disconnect,1.0,7,64.55999999999995,2,1000,1,2,1,2,1,2,1,2,1,False,1,1,0,1,1,0
s01-r0-disconnect-n2-1,1,0,disconnect-n2-1,disconnect,1.0,8,80.17599999999993,1,1000,1,1,1,1,1,1,1,1,1,False,1,1,0,1,1,0
s01-r0-disconnect-n2-1,1,0,disconnect-n2-1,disconnect,1.0,9,95.644,2,1000,1,2,1,2,1,2,1,2,1,False,1,1,0,1,1,0
s01-r0-disconnect-n2-1,1,0,disconnect-n2-1,disconnect,1.0,10,103.42000000000009,1,1000,1,1,1,1,1,1,1,1,1,False,1,1,0,1,1,0
s01-r0-disconnect-n2-1,1,0,disconnect-n2-1,disconnect,1.0,11,152.47199999999998,1,1000,1,1,1,1,1,1,1,1,1,False,1,1,0,1,1,0
s01-r0-disconnect-n2-1,1,0,disconnect-n2-1,disconnect,1.0,12,169.07200000000012,2,1000,1,2,1,2,1,2,1,2,1,False,1,1,0,1,1,0
s01-r0-disconnect-n2-1,1,0,disconnect-n2-1,disconnect,1.0,13,176.72000000000003,1,1000,1,1,1,1,1,1,1,1,1,False,1,1,0,1,1,0
s01-r0-disconnect-n2-1,1,0,disconnect-n2-1,disconnect,1.0,14,184.84400000000005,1,1000,1,1,1,1,1,1,1,1,1,False,1,1,0,1,1,0
s01-r0-disconnect-n2-1,1,0,disconnect-n2-1,disconnect,1.0,15,208.91599999999997,1,1000,1,1,1,1,1,1,1,1,1,False,1,1,0,1,1,0
s01-r0-disconnect-n2-1,1,0,disconnect-n2-1,disconnect,1.0,16,241.2199999999998,1,1000,1,1,1,1,1,1,1,1,1,False,1,1,0,1,1,0
s01-r0-disconnect-n2-1,1,0,disconnect-n2-1,disconnect,1.0,17,249.6480000000001,2,1000,1,2,1,2,1,2,1,2,1,False,1,1,0,1,1,0
s01-r0-disconnect-n2-1,1,0,disconnect-n2-1,disconnect,1.0,18,258.0160000000001,1,1000,1,1,1,1,1,1,1,1,1,False,1,1,0,1,1,0
s01-r0-disconnect-n2-1,1,0,disconnect-n2-1,disconnect,1.0,19,266.3800000000001,2,1000,1,2,1,2,1,2,1,2,1,False,1,1,0,1,1,0
s01-r0-disconnect-n2-1,1,0,disconnect-n2-1,disconnect,1.0,20,274.55200000000013,2,1000,1,2,1,2,1,1,1,1,1,False,1,1,0,0,0,0
s01-r0-disconnect-n2-1,1,0,disconnect-n2-1,disconnect,1.0,21,282.808,1,1000,1,1,1,1,1,1,1,1,1,False,1,1,0,1,1,0
s01-r0-disconnect-n2-1,1,0,disconnect-n2-1,disconnect,1.0,22,290.8879999999999,2,902,1,2,1,2,1,2,1,2,1,True,1,1,0,1,1,0
s01-r0-disconnect-n2-1,1,0,disconnect-n2-1,disconnect,1.0,23,306.62800000000016,2,1000,1,1,1,1,1,2,1,2,1,False,0,0,0,1,1,0
s01-r0-disconnect-n20-1,1,0,disconnect-n20-1,disconnect,1.0,0,1.0,1,1000,1,1,1,1,1,1,1,1,1,False,1,1,0,1,1,0
s01-r0-disconnect-n20-1,1,0,disconnect-n20-1,disconnect,1.0,1,9.011999999999944,2,1000,1,2,1,2,1,2,1,2,1,False,1,1,0,1,1,0
s01-r0-disconnect-n20-1,1,0,disconnect-n20-1,disconnect,1.0,2,16.68399999999997,2,620,1,2,1,1,1,2,1,1,1,True,1,0,1,1,0,1
s01-r0-disconnect-n20-1,1,0,disconnect-n20-1,disconnect,1.0,3,24.49199999999996,1,1000,1,1,1,1,1,1,1,1,1,False,1,1,0,1,1,0
s01-r0-disconnect-n20-1,1,0,disconnect-n20-1,disconnect,1.0,4,32.524000000000115,2,1000,1,1,1,1,1,1,1,1,1,False,0,0,0,0,0,0
s01-r0-disconnect-n20-1,1,0,disconnect-n20-1,disconnect,1.0,5,40.96800000000008,1,1000,1,1,1,1,1,1,1,1,1,False,1,1,0,1,1,0
s01-r0-disconnect-n20-1,1,0,disconnect-n20-1,disconnect,1.0,6,48.63599999999997,2,620,1,2,1,2,1,2,1,2,1,True,1,1,0,1,1,0
s01-r0-disconnect-n20-1,1,0,disconnect-n20-1,disconnect,1.0,7,64.55999999999995,2,880,1,2,1,2,1,2,1,2,1,True,1,1,0,1,1,0
s01-r0-disconnect-n20-1,1,0,disconnect-n20-1,disconnect,1.0,8,80.17599999999993,1,1000,1,1,1,1,1,1,1,1,1,False,1,1,0,1,1,0
s01-r0-disconnect-n20-1,1,0,disconnect-n20-1,disconnect,1.0,9,95.644,2,1000,1,2,1,2,1,2,1,2,1,False,1,1,0,1,1,0
s01-r0-disconnect-n20-1,1,0,disconnect-n20-1,disconnect,1.0,10,103.42000000000009,1,895,1,1,1,1,1,1,1,1,1,True,1,1,0,1,1,0
s01-r0-disconnect-n20-1,1,0,disconnect-n20-1,disconnect,1.0,11,152.47199999999998,1,1000,1,1,1,1,1,1,1,1,1,False,1,1,0,1,1,0
s01-r0-disconnect-n20-1,1,0,disconnect-n20-1,disconnect,1.0,12,169.0719999999999,2,1000,1,2,1,2,1,2,1,2,1,False,1,1,0,1,1,0
s01-r0-disconnect-n20-1,1,0,disconnect-n20-1,disconnect,1.0,13,176.72000000000003,1,900,1,1,1,1,1,1,1,1,1,True,1,1,0,1,1,0
s01-r0-disconnect-n20-1,1,0,disconnect-n20-1,disconnect,1.0,14,184.84400000000005,1,1000,1,1,1,1,1,1,1,1,1,False,1,1,0,1,1,0
s01-r0-disconnect-n20-1,1,0,disconnect-n20-1,disconnect,1.0,15,208.91599999999997,1,1000,1,1,1,1,1,1,1,1,1,False,1,1,0,1,1,0
s01-r0-disconnect-n20-1,1,0,disconnect-n20-1,disconnect,1.0,16,241.22000000000003,1,1000,1,1,1,1,1,1,1,1,1,False,1,1,0,1,1,0
s01-r0-disconnect-n20-1,1,0,disconnect-n20-1,disconnect,1.0,17,249.6479999999999,2,620,1,2,1,2,1,2,1,2,1,True,1,1,0,1,1,0
s01-r0-disconnect-n20-1,1,0,disconnect-n20-1,disconnect,1.0,18,258.01599999999985,1,1000,1,1,1,1,1,1,1,1,1,False,1,1,0,1,1,0
s01-r0-disconnect-n20-1,1,0,disconnect-n20-1,disconnect,1.0,19,266.3799999999999,2,1000,1,2,1,2,1,2,1,2,1,False,1,1,0,1,1,0
s01-r0-disconnect-n20-1,1,0,disconnect-n20-1,disconnect,1.0,20,274.5519999999999,2,1000,1,2,1,2,1,1,1,1,1,False,1,1,0,0,0,0
s01-r0-disconnect-n20-1,1,0,disconnect-n20-1,disconnect,1.0,21,282.8080000000002,1,1000,1,1,1,1,1,1,1,1,1,False,1,1,0,1,1,0
s01-r0-disconnect-n20-1,1,0,disconnect-n20-1,disconnect,1.0,22,290.88800000000015,2,620,1,2,1,2,1,2,1,2,1,True,1,1,0,1,1,0
s01-r0-disconnect-n20-1,1,0,disconnect-n20-1,disconnect,1.0,23,306.628,2,1000,1,1,1,1,1,2,1,2,1,False,0,0,0,1,1,0
s01-r0-disconnect-n5-1,1,0,disconnect-n5-1,disconnect,1.0,0,1.0,1,1000,1,1,1,1,1,1,1,1,1,False,1,1,0,1,1,0
s01-r0-disconnect-n5-1,1,0,disconnect-n5-1,disconnect,1.0,1,9.011999999999944,2,1000,1,2,1,2,1,2,1,2,1,False,1,1,0,1,1,0
s01-r0-disconnect-n5-1,1,0,disconnect-n5-1,disconnect,1.0,2,16.68399999999997,2,841,1,1,1,1,1,1,1,1,1,True,0,0,0,0,0,0
s01-r0-disconnect-n5-1,1,0,disconnect-n5-1,disconnect,1.0,3,24.49199999999996,1,1000,1,1,1,1,1,1,1,1,1,False,1,1,0,1,1,0
s01-r0-disconnect-n5-1,1,0,disconnect-n5-1,disconnect,1.0,4,32.524000000000115,2,1000,1,1,1,1,1,1,1,1,1,False,0,0,0,0,0,0
s01-r0-disconnect-n5-1,1,0,disconnect-n5-1,disconnect,1.0,5,40.96800000000008,1,1000,1,1,1,1,1,1,1,1,1,False,1,1,0,1,1,0
s01-r0-disconnect-n5-1,1,0,disconnect-n5-1,disconnect,1.0,6,48.63599999999997,2,1000,1,2,1,2,1,2,1,2,1,False,1,1,0,1,1,0
s01-r0-disconnect-n5-1,1,0,disconnect-n5-1,disconnect,1.0,7,64.55999999999995,2,1000,1,2,1,2,1,2,1,2,1,False,1,1,0,1,1,0
s01-r0-disconnect-n5-1,1,0,disconnect-n5-1,disconnect,1.0,8,80.17599999999993,1,1000,1,1,1,1,1,1,1,1,1,False,1,1,0,1,1,0
s01-r0-disconnect-n5-1,1,0,disconnect-n5-1,disconnect,1.0,9,95.644,2,1000,1,2,1,2,1,2,1,2,1,False,1,1,0,1,1,0
s01-r0-disconnect-n5-1,1,0,disconnect-n5-1,disconnect,1.0,10,103.42000000000009,1,1000,1,1,1,1,1,1,1,1,1,False,1,1,0,1,1,0
s01-r0-disconnect-n5-1,1,0,disconnect-n5-1,disconnect,1.0,11,152.47199999999998,1,1000,1,1,1,1,1,1,1,1,1,False,1,1,0,1,1,0
s01-r0-disconnect-n5-1,1,0,disconnect-n5-1,disconnect,1.0,12,169.0719999999999,2,1000,1,2,1,2,1,2,1,2,1,False,1,1,0,1,1,0
s01-r0-disconnect-n5-1,1,0,disconnect-n5-1,disconnect,1.0,13,176.72000000000003,1,1000,1,1,1,1,1,1,1,1,1,False,1,1,0,1,1,0
s01-r0-disconnect-n5-1,1,0,disconnect-n5-1,disconnect,1.0,14,184.84400000000005,1,1000,1,1,1,1,1,1,1,1,1,False,1,1,0,1,1,0
s01-r0-disconnect-n5-1,1,0,disconnect-n5-1,disconnect,1.0,15,208.91599999999997,1,1000,1,1,1,1,1,1,1,1,1,False,1,1,0,1,1,0
s01-r0-disconnect-n5-1,1,0,disconnect-n5-1,disconnect,1.0,16,241.22000000000003,1,1000,1,1,1,1,1,1,1,1,1,False,1,1,0,1,1,0
s01-r0-disconnect-n5-1,1,0,disconnect-n5-1,disconnect,1.0,17,249.6479999999999,2,1000,1,2,1,2,1,2,1,2,1,False,1,1,0,1,1,0
s01-r0-disconnect-n5-1,1,0,disconnect-n5-1,disconnect,1.0,18,258.01599999999985,1,1000,1,1,1,1,1,1,1,1,1,False,1,1,0,1,1,0
s01-r0-disconnect-n5-1,1,0,disconnect-n5-1,disconnect,1.0,19,266.3799999999999,2,1000,1,2,1,2,1,2,1,2,1,False,1,1,0,1,1,0
s01-r0-disconnect-n5-1,1,0,disconnect-n5-1,disconnect,1.0,20,274.5519999999999,2,1000,1,2,1,2,1,1,1,1,1,False,1,1,0,0,0,0
s01-r0-disconnect-n5-1,1,0,disconnect-n5-1,disconnect,1.0,21,282.8080000000002,1,1000,1,1,1,1,1,1,1,1,1,False,1,1,0,1,1,0
s01-r0-disconnect-n5-1,1,0,disconnect-n5-1,disconnect,1.0,22,290.88800000000015,2,1000,1,2,1,2,1,2,1,2,1,False,1,1,0,1,1,0
s01-r0-disconnect-n5-1,1,0,disconnect-n5-1,disconnect,1.0,23,306.628,2,620,1,1,1,1,1,2,1,2,1,True,0,0,0,1,1,0
s01-r1-disconnect-n10-1,1,1,disconnect-n10-1,disconnect,1.0,0,16.684000000000196,2,1000,1,2,1,2,1,1,1,1,1,False,1,1,0,0,0,0
s01-r1-disconnect-n10-1,1,1,disconnect-n10-1,disconnect,1.0,1,24.49200000000019,1,1000,1,1,1,1,1,1,1,1,1,False,1,1,0,1,1,0
s01-r1-disconnect-n10-1,1,1,disconnect-n10-1,disconnect,1.0,2,32.52400000000034,1,1000,1,1,1,1,1,1,1,1,1,False,1,1,0,1,1,0
s01-r1-disconnect-n10-1,1,1,disconnect-n10-1,disconnect,1.0,3,40.96799999999985,2,1000,1,2,1,2,1,2,1,2,1,False,1,1,0,1,1,0
s01-r1-disconnect-n10-1,1,1,disconnect-n10-1,disconnect,1.0,4,64.5600000000004,2,1000,1,2,1,2,1,2,1,2,1,False,1,1,0,1,1,0
s01-r1-disconnect-n10-1,1,1,disconnect-n10-1,disconnect,1.0,5,80.17600000000039,1,1000,1,1,1,1,1,1,1,1,1,False,1,1,0,1,1,0
s01-r1-disconnect-n10-1,1,1,disconnect-n10-1,disconnect,1.0,6,87.75600000000031,1,721,1,1,1,1,1,1,1,1,1,True,1,1,0,1,1,0
s01-r1-disconnect-n10-1,1,1,disconnect-n10-1,disconnect,1.0,7,95.64400000000025,1,1000,1,1,1,1,1,1,1,1,1,False,1,1,0,1,1,0
s01-r1-disconnect-n10-1,1,1,disconnect-n10-1,disconnect,1.0,8,111.28799999999956,2,1000,1,1,1,1,1,2,1,2,1,False,0,0,0,1,1,0
s01-r1-disconnect-n10-1,1,1,disconnect-n10-1,disconnect,1.0,9,119.76800000000004,2,1000,1,2,1,2,1,2,1,2,1,False,1,1,0,1,1,0
s01-r1-disconnect-n10-1,1,1,disconnect-n10-1,disconnect,1.0,10,127.80000000000018,1,1000,1,1,1,1,1,1,1,1,1,False,1,1,0,1,1,0
s01-r1-disconnect-n10-1,1,1,disconnect-n10-1,disconnect,1.0,11,136.0640000000003,1,806,1,1,1,1,1,1,1,1,1,True,1,1,0,1,1,0
s01-r1-disconnect-n10-1,1,1,disconnect-n10-1,disconnect,1.0,12,152.47199999999975,1,1000,1,1,1,1,1,1,1,1,1,False,1,1,0,1,1,0
s01-r1-disconnect-n10-1,1,1,disconnect-n10-1,disconnect,1.0,13,160.7520000000004,2,1000,1,2,1,2,1,1,1,1,1,False,1,1,0,0,0,0
s01-r1-disconnect-n10-1,1,1,disconnect-n10-1,disconnect,1.0,14,192.65599999999995,1,1000,1,1,1,1,1,1,1,1,1,False,1,1,0,1,1,0
s01-r1-disconnect-n10-1,1,1,disconnect-n10-1,disconnect,1.0,15,216.9319999999998,2,620,1,1,1,1,1,2,1,2,1,True,0,0,0,1,1,0
s01-r1-disconnect-n10-1,1,1,disconnect-n10-1,disconnect,1.0,16,241.22000000000023,2,1000,1,2,1,2,1,2,1,2,1,False,1,1,0,1,1,0
s01-r1-disconnect-n10-1,1,1,disconnect-n10-1,disconnect,1.0,17,249.6480000000001,1,1000,1,1,1,1,1,1,1,1,1,False,1,1,0,1,1,0
s01-r1-disconnect-n10-1,1,1,disconnect-n10-1,disconnect,1.0,18,258.0159999999996,2,1000,1,2,1,2,1,2,1,2,1,False,1,1,0,1,1,0
s01-r1-disconnect-n10-1,1,1,disconnect-n10-1,disconnect,1.0,19,306.6279999999997,1,1000,1,1,1,1,1,1,1,1,1,False,1,1,0,1,1,0
s01-r1-disconnect-n10-1,1,1,disconnect-n10-1,disconnect,1.0,20,322.65200000000004,2,1000,1,2,1,2,1,2,1,2,1,False,1,1,0,1,1,0
s01-r1-disconnect-n10-1,1,1,disconnect-n10-1,disconnect,1.0,21,338.52400000000034,2,1000,1,1,1,1,1,2,1,2,1,False,0,0,0,1,1,0
s01-r1-disconnect-n10-1,1,1,disconnect-n10-1,disconnect,1.0,22,362.3360000000002,2,1000,1,2,1,2,1,2,1,2,1,False,1,1,0,1,1,0
s01-r1-disconnect-n10-1,1,1,disconnect-n10-1,disconnect,1.0,23,379.02800000000025,1,1000,1,1,1,1,1,1,1,1,1,False,1,1,0,1,1,0
s01-r1-disconnect-n2-1,1,1,disconnect-n2-1,disconnect,1.0,0,16.684000000000196,2,1000,1,2,1,2,1,1,1,1,1,False,1,1,0,0,0,0
s01-r1-disconnect-n2-1,1,1,disconnect-n2-1,disconnect,1.0,1,24.49200000000019,1,1000,1,1,1,1,1,1,1,1,1,False,1,1,0,1,1,0
s01-r1-disconnect-n2-1,1,1,disconnect-n2-1,disconnect,1.0,2,32.52400000000034,1,1000,1,1,1,1,1,1,1,1,1,False,1,1,0,1,1,0
s01-r1-disconnect-n2-1,1,1,disconnect-n2-1,disconnect,1.0,3,40.96799999999985,2,1000,1,2,1,2,1,2,1,2,1,False,1,1,0,1,1,0
s01-r1-disconnect-n2-1,1,1,disconnect-n2-1,disconnect,1.0,4,64.5600000000004,2,1000,1,2,1,2,1,2,1,2,1,False,1,1,0,1,1,0
s01-r1-disconnect-n2-1,1,1,disconnect-n2-1,disconnect,1.0,5,80.17600000000039,1,925,1,1,1,1,1,1,1,1,1,True,1,1,0,1,1,0
s01-r1-disconnect-n2-1,1,1,disconnect-n2-1,disconnect,1.0,6,87.75600000000031,1,1000,1,1,1,1,1,1,1,1,1,False,1,1,0,1,1,0
s01-r1-disconnect-n2-1,1,1,disconnect-n2-1,disconnect,1.0,7,95.64400000000025,1,1000,1,1,1,1,1,1,1,1,1,False,1,1,0,1,1,0
s01-r1-disconnect-n2-1,1,1,disconnect-n2-1,disconnect,1.0,8,111.28799999999956,2,1000,1,1,1,1,1,2,1,2,1,False,0,0,0,1,1,0
s01-r1-disconnect-n2-1,1,1,disconnect-n2-1,disconnect,1.0,9,119.76800000000004,2,1000,1,2,1,2,1,2,1,2,1,False,1,1,0,1,1,0
s01-r1-disconnect-n2-1,1,1,disconnect-n2-1,disconnect,1.0,10,127.80000000000018,1,1000,1,1,1,1,1,1,1,1,1,False,1,1,0,1,1,0
s01-r1-disconnect-n2-1,1,1,disconnect-n2-1,disconnect,1.0,11,136.0640000000003,1,1000,1,1,1,1,1,1,1,1,1,False,1,1,0,1,1,0
s01-r1-disconnect-n2-1,1,1,disconnect-n2-1,disconnect,1.0,12,152.47199999999975,1,1000,1,1,1,1,1,1,1,1,1,False,1,1,0,1,1,0
s01-r1-disconnect-n2-1,1,1,disconnect-n2-1,disconnect,1.0,13,160.7520000000004,2,1000,1,2,1,2,1,1,1,1,1,False,1,1,0,0,0,0
s01-r1-disconnect-n2-1,1,1,disconnect-n2-1,disconnect,1.0,14,192.65599999999995,1,1000,1,1,1,1,1,1,1,1,1,False,1,1,0,1,1,0
s01-r1-disconnect-n2-1,1,1,disconnect-n2-1,disconnect,1.0,15,216.9319999999998,2,1000,1,1,1,1,1,2,1,2,1,False,0,0,0,1,1,0
s01-r1-disconnect-n2-1,1,1,disconnect-n2-1,disconnect,1.0,16,241.22000000000023,2,1000,1,2,1,2,1,2,1,2,1,False,1,1,0,1,1,0
s01-r1-disconnect-n2-1,1,1,disconnect-n2-1,disconnect,1.0,17,249.6480000000001,1,1000,1,1,1,1,1,1,1,1,1,False,1,1,0,1,1,0
s01-r1-disconnect-n2-1,1,1,disconnect-n2-1,disconnect,1.0,18,258.0159999999996,2,1000,1,2,1,2,1,2,1,2,1,False,1,1,0,1,1,0
s01-r1-disconnect-n2-1,1,1,disconnect-n2-1,disconnect,1.0,19,306.6279999999997,1,1000,1,1,1,1,1,1,1,1,1,False,1,1,0,1,1,0
s01-r1-disconnect-n2-1,1,1,disconnect-n2-1,disconnect,1.0,20,322.65200000000004,2,1000,1,2,1,2,1,2,1,2,1,False,1,1,0,1,1,0
s01-r1-disconnect-n2-1,1,1,disconnect-n2-1,disconnect,1.0,21,338.52400000000034,2,1000,1,1,1,1,1,2,1,2,1,False,0,0,0,1,1,0
s01-r1-disconnect-n2-1,1,1,disconnect-n2-1,disconnect,1.0,22,362.3360000000002,2,1000,1,2,1,2,1,2,1,2,1,False,1,1,0,1,1,0
s01-r1-disconnect-n2-1,1,1,disconnect-n2-1,disconnect,1.0,23,379.02800000000025,1,1000,1,1,1,1,1,1,1,1,1,False,1,1,0,1,1,0
s01-r1-disconnect-n20-1,1,1,disconnect-n20-1,disconnect,1.0,0,16.684000000000196,2,1000,1,2,1,2,1,1,1,1,1,False,1,1,0,0,0,0
s01-r1-disconnect-n20-1,1,1,disconnect-n20-1,disconnect,1.0,1,24.49200000000019,1,1000,1,1,1,1,1,1,1,1,1,False,1,1,0,1,1,0
s01-r1-disconnect-n20-1,1,1,disconnect-n20-1,disconnect,1.0,2,32.52400000000034,1,1000,1,1,1,1,1,1,1,1,1,False,1,1,0,1,1,0
s01-r1-disconnect-n20-1,1,1,disconnect-n20-1,disconnect,1.0,3,40.96799999999985,2,1000,1,2,1,2,1,2,1,2,1,False,1,1,0,1,1,0
s01-r1-disconnect-n20-1,1,1,disconnect-n20-1,disconnect,1.0,4,64.5600000000004,2,1000,1,2,1,2,1,2,1,2,1,False,1,1,0,1,1,0
s01-r1-disconnect-n20-1,1,1,disconnect-n20-1,disconnect,1.0,5,80.17600000000039,1,1000,1,1,1,1,1,1,1,1,1,False,1,1,0,1,1,0
s01-r1-disconnect-n20-1,1,1,disconnect-n20-1,disconnect,1.0,6,87.75600000000031,1,1000,1,1,1,1,1,1,1,1,1,False,1,1,0,1,1,0
s01-r1-disconnect-n20-1,1,1,disconnect-n20-1,disconnect,1.0,7,95.64400000000025,1,1000,1,1,1,1,1,1,1,1,1,False,1,1,0,1,1,0
s01-r1-disconnect-n20-1,1,1,disconnect-n20-1,disconnect,1.0,8,111.28799999999956,2,1000,1,1,1,1,1,2,1,2,1,False,0,0,0,1,1,0
s01-r1-disconnect-n20-1,1,1,disconnect-n20-1,disconnect,1.0,9,119.76800000000004,2,1000,1,2,1,2,1,2,1,2,1,False,1,1,0,1,1,0
s01-r1-disconnect-n20-1,1,1,disconnect-n20-1,disconnect,1.0,10,127.80000000000018,1,1000,1,1,1,1,1,1,1,1,1,False,1,1,0,1,1,0
s01-r1-disconnect-n20-1,1,1,disconnect-n20-1,disconnect,1.0,11,136.0640000000003,1,1000,1,1,1,1,1,1,1,1,1,False,1,1,0,1,1,0
s01-r1-disconnect-n20-1,1,1,disconnect-n20-1,disconnect,1.0,12,152.47199999999975,1,1000,1,1,1,1,1,1,1,1,1,False,1,1,0,1,1,0
s01-r1-disconnect-n20-1,1,1,disconnect-n20-1,disconnect,1.0,13,160.7520000000004,2,678,1,1,1,2,1,1,1,1,1,True,0,1,1,0,0,0
s01-r1-disconnect-n20-1,1,1,disconnect-n20-1,disconnect,1.0,14,192.65599999999995,1,1000,1,1,1,1,1,1,1,1,1,False,1,1,0,1,1,0
s01-r1-disconnect-n20-1,1,1,disconnect-n20-1,disconnect,1.0,15,216.9319999999998,2,1000,1,1,1,1,1,2,1,2,1,False,0,0,0,1,1,0
s01-r1-disconnect-n20-1,1,1,disconnect-n20-1,disconnect,1.0,16,241.22000000000023,2,1000,1,2,1,2,1,2,1,2,1,False,1,1,0,1,1,0
s01-r1-disconnect-n20-1,1,1,disconnect-n20-1,disconnect,1.0,17,249.6480000000001,1,1000,1,1,1,1,1,1,1,1,1,False,1,1,0,1,1,0
s01-r1-disconnect-n20-1,1,1,disconnect-n20-1,disconnect,1.0,18,258.0159999999996,2,1000,1,2,1,2,1,2,1,2,1,False,1,1,0,1,1,0
s01-r1-disconnect-n20-1,1,1,disconnect-n20-1,disconnect,1.0,19,306.6279999999997,1,817,1,1,1,1,1,1,1,1,1,True,1,1,0,1,1,0
s01-r1-disconnect-n20-1,1,1,disconnect-n20-1,disconnect,1.0,20,322.65200000000004,2,620,1,2,1,2,1,2,1,2,1,True,1,1,0,1,1,0
s01-r1-disconnect-n20-1,1,1,disconnect-n20-1,disconnect,1.0,21,338.52400000000034,2,911,1,2,1,1,1,2,1,2,1,True,1,0,1,1,1,0
s01-r1-disconnect-n20-1,1,1,disconnect-n20-1,disconnect,1.0,22,362.3360000000002,2,1000,1,2,1,2,1,2,1,2,1,False,1,1,0,1,1,0
s01-r1-disconnect-n20-1,1,1,disconnect-n20-1,disconnect,1.0,23,379.02800000000025,1,1000,1,1,1,1,1,1,1,1,1,False,1,1,0,1,1,0
s01-r1-disconnect-n5-1,1,1,disconnect-n5-1,disconnect,1.0,0,16.684000000000196,2,1000,1,2,1,2,1,1,1,1,1,False,1,1,0,0,0,0
s01-r1-disconnect-n5-1,1,1,disconnect-n5-1,disconnect,1.0,1,24.49200000000019,1,1000,1,1,1,1,1,1,1,1,1,False,1,1,0,1,1,0
s01-r1-disconnect-n5-1,1,1,disconnect-n5-1,disconnect,1.0,2,32.52400000000034,1,1000,1,1,1,1,1,1,1,1,1,False,1,1,0,1,1,0
s01-r1-disconnect-n5-1,1,1,disconnect-n5-1,disconnect,1.0,3,40.96799999999985,2,1000,1,2,1,2,1,2,1,2,1,False,1,1,0,1,1,0
s01-r1-disconnect-n5-1,1,1,disconnect-n5-1,disconnect,1.0,4,64.5600000000004,2,1000,1,2,1,2,1,2,1,2,1,False,1,1,0,1,1,0
s01-r1-disconnect-n5-1,1,1,disconnect-n5-1,disconnect,1.0,5,80.17600000000039,1,1000,1,1,1,1,1,1,1,1,1,False,1,1,0,1,1,0
s01-r1-disconnect-n5-1,1,1,disconnect-n5-1,disconnect,1.0,6,87.75600000000031,1,1000,1,1,1,1,1,1,1,1,1,False,1,1,0,1,1,0
s01-r1-disconnect-n5-1,1,1,disconnect-n5-1,disconnect,1.0,7,95.64400000000025,1,1000,1,1,1,1,1,1,1,1,1,False,1,1,0,1,1,0
s01-r1-disconnect-n5-1,1,1,disconnect-n5-1,disconnect,1.0,8,111.28799999999956,2,1000,1,1,1,1,1,2,1,2,1,False,0,0,0,1,1,0
s01-r1-disconnect-n5-1,1,1,disconnect-n5-1,disconnect,1.0,9,119.76800000000004,2,1000,1,2,1,2,1,2,1,2,1,False,1,1,0,1,1,0
s01-r1-disconnect-n5-1,1,1,disconnect-n5-1,disconnect,1.0,10,127.80000000000018,1,1000,1,1,1,1,1,1,1,1,1,False,1,1,0,1,1,0
s01-r1-disconnect-n5-1,1,1,disconnect-n5-1,disconnect,1.0,11,136.0640000000003,1,624,1,1,1,1,1,1,1,1,1,True,1,1,0,1,1,0
s01-r1-disconnect-n5-1,1,1,disconnect-n5-1,disconnect,1.0,12,152.47199999999975,1,1000,1,1,1,1,1,1,1,1,1,False,1,1,0,1,1,0
s01-r1-disconnect-n5-1,1,1,disconnect-n5-1,disconnect,1.0,13,160.7520000000004,2,1000,1,2,1,2,1,1,1,1,1,False,1,1,0,0,0,0
s01-r1-disconnect-n5-1,1,1,disconnect-n5-1,disconnect,1.0,14,192.65599999999995,1,1000,1,1,1,1,1,1,1,1,1,False,1,1,0,1,1,0
s01-r1-disconnect-n5-1,1,1,disconnect-n5-1,disconnect,1.0,15,216.9319999999998,2,620,1,1,1,1,1,2,1,2,1,True,0,0,0,1,1,0
s01-r1-disconnect-n5-1,1,1,disconnect-n5-1,disconnect,1.0,16,241.22000000000023,2,1000,1,2,1,2,1,2,1,2,1,False,1,1,0,1,1,0
s01-r1-disconnect-n5-1,1,1,disconnect-n5-1,disconnect,1.0,17,249.6480000000001,1,1000,1,1,1,1,1,1,1,1,1,False,1,1,0,1,1,0
s01-r1-disconnect-n5-1,1,1,disconnect-n5-1,disconnect,1.0,18,258.0159999999996,2,1000,1,2,1,2,1,2,1,2,1,False,1,1,0,1,1,0
s01-r1-disconnect-n5-1,1,1,disconnect-n5-1,disconnect,1.0,19,306.6279999999997,1,1000,1,1,1,1,1,1,1,1,1,False,1,1,0,1,1,0
s01-r1-disconnect-n5-1,1,1,disconnect-n5-1,disconnect,1.0,20,322.65200000000004,2,620,1,2,1,2,1,2,1,2,1,True,1,1,0,1,1,0
s01-r1-disconnect-n5-1,1,1,disconnect-n5-1,disconnect,1.0,21,338.52400000000034,2,1000,1,1,1,1,1,2,1,2,1,False,0,0,0,1,1,0
s01-r1-disconnect-n5-1,1,1,disconnect-n5-1,disconnect,1.0,22,362.3360000000002,2,1000,1,2,1,2,1,2,1,2,1,False,1,1,0,1,1,0
s01-r1-disconnect-n5-1,1,1,disconnect-n5-1,disconnect,1.0,23,379.02800000000025,1,1000,1,1,1,1,1,1,1,1,1,False,1,1,0,1,1,0
s01-r2-disconnect-n10-1,1,2,disconnect-n10-1,disconnect,1.0,0,1.0,1,1000,1,1,1,1,1,1,1,1,1,False,1,1,0,1,1,0
s01-r2-disconnect-n10-1,1,2,disconnect-n10-1,disconnect,1.0,1,9.011999999999716,1,1000,1,1,1,1,1,2,1,2,1,False,1,1,0,0,0,0
s01-r2-disconnect-n10-1,1,2,disconnect-n10-1,disconnect,1.0,2,24.49200000000019,2,1000,1,1,1,1,1,2,1,2,1,False,0,0,0,1,1,0
s01-r2-disconnect-n10-1,1,2,disconnect-n10-1,disconnect,1.0,3,32.52400000000034,1,1000,1,1,1,1,1,1,1,1,1,False,1,1,0,1,1,0
s01-r2-disconnect-n10-1,1,2,disconnect-n10-1,disconnect,1.0,4,48.63600000000042,1,1000,1,1,1,1,1,1,1,1,1,False,1,1,0,1,1,0
s01-r2-disconnect-n10-1,1,2,disconnect-n10-1,disconnect,1.0,5,64.5600000000004,2,620,1,2,1,2,1,2,1,2,1,True,1,1,0,1,1,0
s01-r2-disconnect-n10-1,1,2,disconnect-n10-1,disconnect,1.0,6,80.17600000000039,1,1000,1,1,1,1,1,1,1,1,1,False,1,1,0,1,1,0
s01-r2-disconnect-n10-1,1,2,disconnect-n10-1,disconnect,1.0,7,103.42000000000009,1,620,1,1,1,1,1,1,1,1,1,True,1,1,0,1,1,0
s01-r2-disconnect-n10-1,1,2,disconnect-n10-1,disconnect,1.0,8,119.76800000000004,2,1000,1,2,1,2,1,2,1,2,1,False,1,1,0,1,1,0
s01-r2-disconnect-n10-1,1,2,disconnect-n10-1,disconnect,1.0,9,160.7520000000004,1,758,1,1,1,1,1,1,1,1,1,True,1,1,0,1,1,0
s01-r2-disconnect-n10-1,1,2,disconnect-n10-1,disconnect,1.0,10,176.72000000000023,2,1000,1,2,1,2,1,2,1,2,1,False,1,1,0,1,1,0
s01-r2-disconnect-n10-1,1,2,disconnect-n10-1,disconnect,1.0,11,192.65599999999995,2,1000,1,2,1,2,1,2,1,2,1,False,1,1,0,1,1,0
s01-r2-disconnect-n10-1,1,2,disconnect-n10-1,disconnect,1.0,12,200.5,1,1000,1,1,1,1,1,1,1,1,1,False,1,1,0,1,1,0
s01-r2-disconnect-n10-1,1,2,disconnect-n10-1,disconnect,1.0,13,216.9319999999998,2,1000,1,1,1,1,1,2,1,2,1,False,0,0,0,1,1,0
s01-r2-disconnect-n10-1,1,2,disconnect-n10-1,disconnect,1.0,14,224.83200000000036,1,1000,1,1,1,1,1,1,1,1,1,False,1,1,0,1,1,0
s01-r2-disconnect-n10-1,1,2,disconnect-n10-1,disconnect,1.0,15,249.6480000000001,1,922,1,1,1,1,1,1,1,1,1,True,1,1,0,1,1,0
s01-r2-disconnect-n10-1,1,2,disconnect-n10-1,disconnect,1.0,16,282.808,2,1000,1,2,1,2,1,1,1,1,1,False,1,1,0,0,0,0
s01-r2-disconnect-n10-1,1,2,disconnect-n10-1,disconnect,1.0,17,290.8879999999999,1,1000,1,1,1,1,1,1,1,1,1,False,1,1,0,1,1,0
s01-r2-disconnect-n10-1,1,2,disconnect-n10-1,disconnect,1.0,18,298.77599999999984,2,1000,1,2,1,2,1,2,1,2,1,False,1,1,0,1,1,0
s01-r2-disconnect-n10-1,1,2,disconnect-n10-1,disconnect,1.0,19,314.3279999999995,2,1000,1,2,1,2,1,2,1,2,1,False,1,1,0,1,1,0
s01-r2-disconnect-n10-1,1,2,disconnect-n10-1,disconnect,1.0,20,338.52400000000034,2,1000,1,1,1,1,1,1,1,1,1,False,0,0,0,0,0,0
s01-r2-disconnect-n10-1,1,2,disconnect-n10-1,disconnect,1.0,21,347.0,2,1000,1,1,1,1,1,2,1,2,1,False,0,0,0,1,1,0
s01-r2-disconnect-n10-1,1,2,disconnect-n10-1,disconnect,1.0,22,354.6239999999998,2,1000,1,2,1,2,1,2,1,2,1,False,1,1,0,1,1,0
s01-r2-disconnect-n10-1,1,2,disconnect-n10-1,disconnect,1.0,23,379.02800000000025,1,1000,1,1,1,1,1,1,1,1,1,False,1,1,0,1,1,0
s01-r2-disconnect-n2-1,1,2,disconnect-n2-1,disconnect,1.0,0,1.0,1,1000,1,1,1,1,1,1,1,1,1,False,1,1,0,1,1,0
s01-r2-disconnect-n2-1,1,2,disconnect-n2-1,disconnect,1.0,1,9.011999999999716,1,1000,1,1,1,1,1,2,1,2,1,False,1,1,0,0,0,0
s01-r2-disconnect-n2-1,1,2,disconnect-n2-1,disconnect,1.0,2,24.49200000000019,2,1000,1,1,1,1,1,2,1,2,1,False,0,0,0,1,1,0
s01-r2-disconnect-n2-1,1,2,disconnect-n2-1,disconnect,1.0,3,32.52400000000034,1,1000,1,1,1,1,1,1,1,1,1,False,1,1,0,1,1,0
s01-r2-disconnect-n2-1,1,2,disconnect-n2-1,disconnect,1.0,4,48.63600000000042,1,1000,1,1,1,1,1,1,1,1,1,False,1,1,0,1,1,0
s01-r2-disconnect-n2-1,1,2,disconnect-n2-1,disconnect,1.0,5,64.5600000000004,2,1000,1,2,1,2,1,2,1,2,1,False,1,1,0,1,1,0
s01-r2-disconnect-n2-1,1,2,disconnect-n2-1,disconnect,1.0,6,80.17600000000039,1,1000,1,1,1,1,1,1,1,1,1,False,1,1,0,1,1,0
s01-r2-disconnect-n2-1,1,2,disconnect-n2-1,disconnect,1.0,7,103.42000000000009,1,1000,1,1,1,1,1,1,1,1,1,False,1,1,0,1,1,0
s01-r2-disconnect-n2-1,1,2,disconnect-n2-1,disconnect,1.0,8,119.76800000000004,2,1000,1,2,1,2,1,2,1,2,1,False,1,1,0,1,1,0
s01-r2-disconnect-n2-1,1,2,disconnect-n2-1,disconnect,1.0,9,160.7520000000004,1,1000,1,1,1,1,1,1,1,1,1,False,1,1,0,1,1,0
s01-r2-disconnect-n2-1,1,2,disconnect-n2-1,disconnect,1.0,10,176.72000000000023,2,1000,1,2,1,2,1,2,1,2,1,False,1,1,0,1,1,0
s01-r2-disconnect-n2-1,1,2,disconnect-n2-1,disconnect,1.0,11,192.65599999999995,2,1000,1,2,1,2,1,2,1,2,1,False,1,1,0,1,1,0
s01-r2-disconnect-n2-1,1,2,disconnect-n2-1,disconnect,1.0,12,200.5,1,1000,1,1,1,1,1,1,1,1,1,False,1,1,0,1,1,0
s01-r2-disconnect-n2-1,1,2,disconnect-n2-1,disconnect,1.0,13,216.9319999999998,2,1000,1,1,1,1,1,2,1,2,1,False,0,0,0,1,1,0
s01-r2-disconnect-n2-1,1,2,disconnect-n2-1,disconnect,1.0,14,224.83200000000036,1,1000,1,1,1,1,1,1,1,1,1,False,1,1,0,1,1,0
s01-r2-disconnect-n2-1,1,2,disconnect-n2-1,disconnect,1.0,15,249.6480000000001,1,1000,1,1,1,1,1,1,1,1,1,False,1,1,0,1,1,0
s01-r2-disconnect-n2-1,1,2,disconnect-n2-1,disconnect,1.0,16,282.808,2,1000,1,2,1,2,1,1,1,1,1,False,1,1,0,0,0,0
s01-r2-disconnect-n2-1,1,2,disconnect-n2-1,disconnect,1.0,17,290.8879999999999,1,1000,1,1,1,1,1,1,1,1,1,False,1,1,0,1,1,0
s01-r2-disconnect-n2-1,1,2,disconnect-n2-1,disconnect,1.0,18,298.77599999999984,2,1000,1,2,1,2,1,2,1,2,1,False,1,1,0,1,1,0
s01-r2-disconnect-n2-1,1,2,disconnect-n2-1,disconnect,1.0,19,314.32800000000043,2,1000,1,2,1,2,1,2,1,2,1,False,1,1,0,1,1,0
s01-r2-disconnect-n2-1,1,2,disconnect-n2-1,disconnect,1.0,20,338.52400000000034,2,1000,1,1,1,1,1,1,1,1,1,False,0,0,0,0,0,0
s01-r2-disconnect-n2-1,1,2,disconnect-n2-1,disconnect,1.0,21,347.0,2,1000,1,1,1,1,1,2,1,2,1,False,0,0,0,1,1,0
s01-r2-disconnect-n2-1,1,2,disconnect-n2-1,disconnect,1.0,22,354.6239999999998,2,1000,1,2,1,2,1,2,1,2,1,False,1,1,0,1,1,0
s01-r2-disconnect-n2-1,1,2,disconnect-n2-1,disconnect,1.0,23,379.02800000000025,1,1000,1,1,1,1,1,1,1,1,1,False,1,1,0,1,1,0
s01-r2-disconnect-n20-1,1,2,disconnect-n20-1,disconnect,1.0,0,1.0,1,1000,1,1,1,1,1,1,1,1,1,False,1,1,0,1,1,0
s01-r2-disconnect-n20-1,1,2,disconnect-n20-1,disconnect,1.0,1,9.011999999999716,1,1000,1,1,1,1,1,2,1,2,1,False,1,1,0,0,0,0
s01-r2-disconnect-n20-1,1,2,disconnect-n20-1,disconnect,1.0,2,24.49200000000019,2,1000,1,1,1,1,1,2,1,2,1,False,0,0,0,1,1,0
s01-r2-disconnect-n20-1,1,2,disconnect-n20-1,disconnect,1.0,3,32.52400000000034,1,620,1,1,1,1,1,1,1,1,1,True,1,1,0,1,1,0
s01-r2-disconnect-n20-1,1,2,disconnect-n20-1,disconnect,1.0,4,48.63600000000042,1,1000,1,1,1,1,1,1,1,1,1,False,1,1,0,1,1,0
s01-r2-disconnect-n20-1,1,2,disconnect-n20-1,disconnect,1.0,5,64.5600000000004,2,1000,1,2,1,2,1,2,1,2,1,False,1,1,0,1,1,0
s01-r2-disconnect-n20-1,1,2,disconnect-n20-1,disconnect,1.0,6,80.17600000000039,1,1000,1,1,1,1,1,1,1,1,1,False,1,1,0,1,1,0
s01-r2-disconnect-n20-1,1,2,disconnect-n20-1,disconnect,1.0,7,103.42000000000009,1,1000,1,1,1,1,1,1,1,1,1,False,1,1,0,1,1,0
s01-r2-disconnect-n20-1,1,2,disconnect-n20-1,disconnect,1.0,8,119.76800000000004,2,1000,1,2,1,2,1,2,1,2,1,False,1,1,0,1,1,0
s01-r2-disconnect-n20-1,1,2,disconnect-n20-1,disconnect,1.0,9,160.7520000000004,1,1000,1,1,1,1,1,1,1,1,1,False,1,1,0,1,1,0
s01-r2-disconnect-n20-1,1,2,disconnect-n20-1,disconnect,1.0,10,176.72000000000023,2,690,1,2,1,2,1,2,1,2,1,True,1,1,0,1,1,0
s01-r2-disconnect-n20-1,1,2,disconnect-n20-1,disconnect,1.0,11,192.65599999999995,2,916,1,2,1,2,1,2,1,2,1,True,1,1,0,1,1,0
s01-r2-disconnect-n20-1,1,2,disconnect-n20-1,disconnect,1.0,12,200.5,1,1000,1,1,1,1,1,1,1,1,1,False,1,1,0,1,1,0
s01-r2-disconnect-n20-1,1,2,disconnect-n20-1,disconnect,1.0,13,216.9319999999998,2,1000,1,1,1,1,1,2,1,2,1,False,0,0,0,1,1,0
s01-r2-disconnect-n20-1,1,2,disconnect-n20-1,disconnect,1.0,14,224.83200000000036,1,912,1,1,1,1,1,1,1,1,1,True,1,1,0,1,1,0
s01-r2-disconnect-n20-1,1,2,disconnect-n20-1,disconnect,1.0,15,249.6480000000001,1,620,1,1,1,1,1,1,1,1,1,True,1,1,0,1,1,0
s01-r2-disconnect-n20-1,1,2,disconnect-n20-1,disconnect,1.0,16,282.808,2,620,1,2,1,2,1,2,1,1,1,True,1,1,0,1,0,1
s01-r2-disconnect-n20-1,1,2,disconnect-n20-1,disconnect,1.0,17,290.8879999999999,1,1000,1,1,1,1,1,1,1,1,1,False,1,1,0,1,1,0
s01-r2-disconnect-n20-1,1,2,disconnect-n20-1,disconnect,1.0,18,298.77599999999984,2,620,1,2,1,2,1,2,1,2,1,True,1,1,0,1,1,0
s01-r2-disconnect-n20-1,1,2,disconnect-n20-1,disconnect,1.0,19,314.3279999999995,2,1000,1,2,1,2,1,2,1,2,1,False,1,1,0,1,1,0
s01-r2-disconnect-n20-1,1,2,disconnect-n20-1,disconnect,1.0,20,338.52400000000034,2,701,1,2,1,1,1,2,1,1,1,True,1,0,1,1,0,1
s01-r2-disconnect-n20-1,1,2,disconnect-n20-1,disconnect,1.0,21,347.0,2,1000,1,1,1,1,1,2,1,2,1,False,0,0,0,1,1,0
s01-r2-disconnect-n20-1,1,2,disconnect-n20-1,disconnect,1.0,22,354.6239999999998,2,620,1,2,1,2,1,2,1,2,1,True,1,1,0,1,1,0
s01-r2-disconnect-n20-1,1,2,disconnect-n20-1,disconnect,1.0,23,379.02800000000025,1,1000,1,1,1,1,1,1,1,1,1,False,1,1,0,1,1,0
s01-r2-disconnect-n5-1,1,2,disconnect-n5-1,disconnect,1.0,0,1.0,1,1000,1,1,1,1,1,1,1,1,1,False,1,1,0,1,1,0
s01-r2-disconnect-n5-1,1,2,disconnect-n5-1,disconnect,1.0,1,9.011999999999716,1,1000,1,1,1,1,1,2,1,2,1,False,1,1,0,0,0,0
s01-r2-disconnect-n5-1,1,2,disconnect-n5-1,disconnect,1.0,2,24.49200000000019,2,1000,1,1,1,1,1,2,1,2,1,False,0,0,0,1,1,0
s01-r2-disconnect-n5-1,1,2,disconnect-n5-1,disconnect,1.0,3,32.52400000000034,1,1000,1,1,1,1,1,1,1,1,1,False,1,1,0,1,1,0
s01-r2-disconnect-n5-1,1,2,disconnect-n5-1,disconnect,1.0,4,48.63600000000042,1,1000,1,1,1,1,1,1,1,1,1,False,1,1,0,1,1,0
s01-r2-disconnect-n5-1,1,2,disconnect-n5-1,disconnect,1.0,5,64.5600000000004,2,1000,1,2,1,2,1,2,1,2,1,False,1,1,0,1,1,0
s01-r2-disconnect-n5-1,1,2,disconnect-n5-1,disconnect,1.0,6,80.17600000000039,1,1000,1,1,1,1,1,1,1,1,1,False,1,1,0,1,1,0
s01-r2-disconnect-n5-1,1,2,disconnect-n5-1,disconnect,1.0,7,103.42000000000009,1,1000,1,1,1,1,1,1,1,1,1,False,1,1,0,1,1,0
s01-r2-disconnect-n5-1,1,2,disconnect-n5-1,disconnect,1.0,8,119.76800000000004,2,1000,1,2,1,2,1,2,1,2,1,False,1,1,0,1,1,0
s01-r2-disconnect-n5-1,1,2,disconnect-n5-1,disconnect,1.0,9,160.7520000000004,1,1000,1,1,1,1,1,1,1,1,1,False,1,1,0,1,1,0
s01-r2-disconnect-n5-1,1,2,disconnect-n5-1,disconnect,1.0,10,176.72000000000023,2,1000,1,2,1,2,1,2,1,2,1,False,1,1,0,1,1,0
s01-r2-disconnect-n5-1,1,2,disconnect-n5-1,disconnect,1.0,11,192.65599999999995,2,986,1,2,1,2,1,2,1,2,1,True,1,1,0,1,1,0
s01-r2-disconnect-n5-1,1,2,disconnect-n5-1,disconnect,1.0,12,200.5,1,1000,1,1,1,1,1,1,1,1,1,False,1,1,0,1,1,0
s01-r2-disconnect-n5-1,1,2,disconnect-n5-1,disconnect,1.0,13,216.9319999999998,2,1000,1,1,1,1,1,2,1,2,1,False,0,0,0,1,1,0
s01-r2-disconnect-n5-1,1,2,disconnect-n5-1,disconnect,1.0,14,224.83200000000036,1,1000,1,1,1,1,1,1,1,1,1,False,1,1,0,1,1,0
s01-r2-disconnect-n5-1,1,2,disconnect-n5-1,disconnect,1.0,15,249.6480000000001,1,1000,1,1,1,1,1,1,1,1,1,False,1,1,0,1,1,0
s01-r2-disconnect-n5-1,1,2,disconnect-n5-1,disconnect,1.0,16,282.808,2,1000,1,2,1,2,1,1,1,1,1,False,1,1,0,0,0,0
s01-r2-disconnect-n5-1,1,2,disconnect-n5-1,disconnect,1.0,17,290.8879999999999,1,1000,1,1,1,1,1,1,1,1,1,False,1,1,0,1,1,0
s01-r2-disconnect-n5-1,1,2,disconnect-n5-1,disconnect,1.0,18,298.77599999999984,2,1000,1,2,1,2,1,2,1,2,1,False,1,1,0,1,1,0
s01-r2-disconnect-n5-1,1,2,disconnect-n5-1,disconnect,1.0,19,314.3279999999995,2,1000,1,2,1,2,1,2,1,2,1,False,1,1,0,1,1,0
s01-r2-disconnect-n5-1,1,2,disconnect-n5-1,disconnect,1.0,20,338.52400000000034,2,1000,1,1,1,1,1,1,1,1,1,False,0,0,0,0,0,0
s01-r2-disconnect-n5-1,1,2,disconnect-n5-1,disconnect,1.0,21,347.0,2,1000,1,1,1,1,1,2,1,2,1,False,0,0,0,1,1,0
s01-r2-disconnect-n5-1,1,2,disconnect-n5-1,disconnect,1.0,22,354.6239999999998,2,1000,1,2,1,2,1,2,1,2,1,False,1,1,0,1,1,0
s01-r2-disconnect-n5-1,1,2,disconnect-n5-1,disconnect,1.0,23,379.02800000000025,1,1000,1,1,1,1,1,1,1,1,1,False,1,1,0,1,1,0
s01-r3-disconnect-n10-1,1,3,disconnect-n10-1,disconnect,1.0,0,1.0,2,1000,1,2,1,2,1,2,1,2,1,False,1,1,0,1,1,0
s01-r3-disconnect-n10-1,1,3,disconnect-n10-1,disconnect,1.0,1,16.683999999999287,1,1000,1,1,1,1,1,2,1,2,1,False,1,1,0,0,0,0
s01-r3-disconnect-n10-1,1,3,disconnect-n10-1,disconnect,1.0,2,48.63600000000042,1,1000,1,1,1,1,1,1,1,1,1,False,1,1,0,1,1,0
s01-r3-disconnect-n10-1,1,3,disconnect-n10-1,disconnect,1.0,3,56.83599999999933,1,1000,1,1,1,1,1,1,1,1,1,False,1,1,0,1,1,0
s01-r3-disconnect-n10-1,1,3,disconnect-n10-1,disconnect,1.0,4,72.55199999999968,2,1000,1,2,1,2,1,2,1,2,1,False,1,1,0,1,1,0
s01-r3-disconnect-n10-1,1,3,disconnect-n10-1,disconnect,1.0,5,103.42000000000009,2,1000,1,1,1,1,1,2,1,2,1,False,0,0,0,1,1,0
s01-r3-disconnect-n10-1,1,3,disconnect-n10-1,disconnect,1.0,6,111.28800000000048,1,772,1,1,1,1,1,2,1,2,1,True,1,1,0,0,0,0
s01-r3-disconnect-n10-1,1,3,disconnect-n10-1,disconnect,1.0,7,127.79999999999929,2,1000,1,2,1,2,1,2,1,2,1,False,1,1,0,1,1,0
s01-r3-disconnect-n10-1,1,3,disconnect-n10-1,disconnect,1.0,8,144.20800000000054,1,1000,1,1,1,1,1,1,1,1,1,False,1,1,0,1,1,0
s01-r3-disconnect-n10-1,1,3,disconnect-n10-1,disconnect,1.0,9,169.07200000000012,2,1000,1,2,1,2,1,2,1,2,1,False,1,1,0,1,1,0
s01-r3-disconnect-n10-1,1,3,disconnect-n10-1,disconnect,1.0,10,192.6560000000009,1,620,1,1,1,1,1,2,1,1,1,True,1,1,0,0,1,1
s01-r3-disconnect-n10-1,1,3,disconnect-n10-1,disconnect,1.0,11,200.5,2,1000,1,2,1,2,1,2,1,2,1,False,1,1,0,1,1,0
s01-r3-disconnect-n10-1,1,3,disconnect-n10-1,disconnect,1.0,12,208.9159999999993,2,1000,1,1,1,1,1,2,1,2,1,False,0,0,0,1,1,0
s01-r3-disconnect-n10-1,1,3,disconnect-n10-1,disconnect,1.0,13,232.9359999999997,2,1000,1,2,1,2,1,2,1,2,1,False,1,1,0,1,1,0
s01-r3-disconnect-n10-1,1,3,disconnect-n10-1,disconnect,1.0,14,241.21999999999932,1,1000,1,1,1,1,1,1,1,1,1,False,1,1,0,1,1,0
s01-r3-disconnect-n10-1,1,3,disconnect-n10-1,disconnect,1.0,15,249.64799999999923,1,1000,1,1,1,1,1,1,1,1,1,False,1,1,0,1,1,0
s01-r3-disconnect-n10-1,1,3,disconnect-n10-1,disconnect,1.0,16,266.3799999999992,2,1000,1,2,1,2,1,2,1,2,1,False,1,1,0,1,1,0
s01-r3-disconnect-n10-1,1,3,disconnect-n10-1,disconnect,1.0,17,274.5519999999997,1,1000,1,1,1,1,1,1,1,1,1,False,1,1,0,1,1,0
s01-r3-disconnect-n10-1,1,3,disconnect-n10-1,disconnect,1.0,18,290.88800000000083,2,1000,1,2,1,2,1,2,1,2,1,False,1,1,0,1,1,0
s01-r3-disconnect-n10-1,1,3,disconnect-n10-1,disconnect,1.0,19,298.77599999999984,2,620,1,2,1,1,1,2,1,2,1,True,1,0,1,1,1,0
s01-r3-disconnect-n10-1,1,3,disconnect-n10-1,disconnect,1.0,20,314.3279999999995,1,1000,1,1,1,1,1,1,1,1,1,False,1,1,0,1,1,0
s01-r3-disconnect-n10-1,1,3,disconnect-n10-1,disconnect,1.0,21,362.3359999999993,1,1000,1,1,1,1,1,1,1,1,1,False,1,1,0,1,1,0
s01-r3-disconnect-n10-1,1,3,disconnect-n10-1,disconnect,1.0,22,370.79199999999946,2,1000,1,2,1,2,1,2,1,2,1,False,1,1,0,1,1,0
s01-r3-disconnect-n10-1,1,3,disconnect-n10-1,disconnect,1.0,23,379.02800000000025,1,1000,1,1,1,1,1,1,1,1,1,False,1,1,0,1,1,0
s01-r3-disconnect-n2-1,1,3,disconnect-n2-1,disconnect,1.0,0,1.0,2,1000,1,2,1,2,1,2,1,2,1,False,1,1,0,1,1,0
s01-r3-disconnect-n2-1,1,3,disconnect-n2-1,disconnect,1.0,1,16.683999999999287,1,1000,1,1,1,1,1,2,1,2,1,False,1,1,0,0,0,0
s01-r3-disconnect-n2-1,1,3,disconnect-n2-1,disconnect,1.0,2,48.63600000000042,1,1000,1,1,1,1,1,1,1,1,1,False,1,1,0,1,1,0
s01-r3-disconnect-n2-1,1,3,disconnect-n2-1,disconnect,1.0,3,56.83599999999933,1,1000,1,1,1,1,1,1,1,1,1,False,1,1,0,1,1,0
s01-r3-disconnect-n2-1,1,3,disconnect-n2-1,disconnect,1.0,4,72.55199999999968,2,1000,1,2,1,2,1,2,1,2,1,False,1,1,0,1,1,0
s01-r3-disconnect-n2-1,1,3,disconnect-n2-1,disconnect,1.0,5,103.42000000000009,2,1000,1,1,1,1,1,2,1,2,1,False,0,0,0,1,1,0
s01-r3-disconnect-n2-1,1,3,disconnect-n2-1,disconnect,1.0,6,111.28800000000048,1,1000,1,1,1,1,1,2,1,2,1,False,1,1,0,0,0,0
s01-r3-disconnect-n2-1,1,3,disconnect-n2-1,disconnect,1.0,7,127.79999999999929,2,1000,1,2,1,2,1,2,1,2,1,False,1,1,0,1,1,0
s01-r3-disconnect-n2-1,1,3,disconnect-n2-1,disconnect,1.0,8,144.20800000000054,1,1000,1,1,1,1,1,1,1,1,1,False,1,1,0,1,1,0
s01-r3-disconnect-n2-1,1,3,disconnect-n2-1,disconnect,1.0,9,169.07200000000012,2,1000,1,2,1,2,1,2,1,2,1,False,1,1,0,1,1,0
s01-r3-disconnect-n2-1,1,3,disconnect-n2-1,disconnect,1.0,10,192.6560000000009,1,1000,1,1,1,1,1,1,1,1,1,False,1,1,0,1,1,0
s01-r3-disconnect-n2-1,1,3,disconnect-n2-1,disconnect,1.0,11,200.5,2,1000,1,2,1,2,1,2,1,2,1,False,1,1,0,1,1,0
s01-r3-disconnect-n2-1,1,3,disconnect-n2-1,disconnect,1.0,12,208.9159999999993,2,1000,1,1,1,1,1,2,1,2,1,False,0,0,0,1,1,0
s01-r3-disconnect-n2-1,1,3,disconnect-n2-1,disconnect,1.0,13,232.9359999999997,2,1000,1,2,1,2,1,2,1,2,1,False,1,1,0,1,1,0
s01-r3-disconnect-n2-1,1,3,disconnect-n2-1,disconnect,1.0,14,241.21999999999932,1,1000,1,1,1,1,1,1,1,1,1,False,1,1,0,1,1,0
s01-r3-disconnect-n2-1,1,3,disconnect-n2-1,disconnect,1.0,15,249.64799999999923,1,1000,1,1,1,1,1,1,1,1,1,False,1,1,0,1,1,0
s01-r3-disconnect-n2-1,1,3,disconnect-n2-1,disconnect,1.0,16,266.3799999999992,2,1000,1,2,1,2,1,2,1,2,1,False,1,1,0,1,1,0
s01-r3-disconnect-n2-1,1,3,disconnect-n2-1,disconnect,1.0,17,274.5519999999997,1,1000,1,1,1,1,1,1,1,1,1,False,1,1,0,1,1,0
s01-r3-disconnect-n2-1,1,3,disconnect-n2-1,disconnect,1.0,18,290.88800000000083,2,1000,1,2,1,2,1,2,1,2,1,False,1,1,0,1,1,0
s01-r3-disconnect-n2-1,1,3,disconnect-n2-1,disconnect,1.0,19,298.77599999999984,2,1000,1,1,1,1,1,2,1,2,1,False,0,0,0,1,1,0
s01-r3-disconnect-n2-1,1,3,disconnect-n2-1,disconnect,1.0,20,314.3279999999995,1,1000,1,1,1,1,1,1,1,1,1,False,1,1,0,1,1,0
s01-r3-disconnect-n2-1,1,3,disconnect-n2-1,disconnect,1.0,21,362.3359999999993,1,1000,1,1,1,1,1,1,1,1,1,False,1,1,0,1,1,0
s01-r3-disconnect-n2-1,1,3,disconnect-n2-1,disconnect,1.0,22,370.79199999999946,2,1000,1,2,1,2,1,2,1,2,1,False,1,1,0,1,1,0
s01-r3-disconnect-n2-1,1,3,disconnect-n2-1,disconnect,1.0,23,379.02800000000025,1,1000,1,1,1,1,1,1,1,1,1,False,1,1,0,1,1,0
s01-r3-disconnect-n20-1,1,3,disconnect-n20-1,disconnect,1.0,0,1.0,2,1000,1,2,1,2,1,2,1,2,1,False,1,1,0,1,1,0
s01-r3-disconnect-n20-1,1,3,disconnect-n20-1,disconnect,1.0,1,16.683999999999287,1,620,1,1,1,1,1,2,1,2,1,True,1,1,0,0,0,0
s01-r3-disconnect-n20-1,1,3,disconnect-n20-1,disconnect,1.0,2,48.63600000000042,1,620,1,1,1,1,1,2,1,1,1,True,1,1,0,0,1,1
s01-r3-disconnect-n20-1,1,3,disconnect-n20-1,disconnect,1.0,3,56.83599999999933,1,1000,1,1,1,1,1,1,1,1,1,False,1,1,0,1,1,0
s01-r3-disconnect-n20-1,1,3,disconnect-n20-1,disconnect,1.0,4,72.55199999999968,2,1000,1,2,1,2,1,2,1,2,1,False,1,1,0,1,1,0
s01-r3-disconnect-n20-1,1,3,disconnect-n20-1,disconnect,1.0,5,103.42000000000009,2,1000,1,1,1,1,1,2,1,2,1,False,0,0,0,1,1,0
s01-r3-disconnect-n20-1,1,3,disconnect-n20-1,disconnect,1.0,6,111.28800000000048,1,620,1,1,1,1,1,2,1,2,1,True,1,1,0,0,0,0
s01-r3-disconnect-n20-1,1,3,disconnect-n20-1,disconnect,1.0,7,127.79999999999929,2,1000,1,2,1,2,1,2,1,2,1,False,1,1,0,1,1,0
s01-r3-disconnect-n20-1,1,3,disconnect-n20-1,disconnect,1.0,8,144.20800000000054,1,1000,1,1,1,1,1,1,1,1,1,False,1,1,0,1,1,0
s01-r3-disconnect-n20-1,1,3,disconnect-n20-1,disconnect,1.0,9,169.07200000000012,2,1000,1,2,1,2,1,2,1,2,1,False,1,1,0,1,1,0
s01-r3-disconnect-n20-1,1,3,disconnect-n20-1,disconnect,1.0,10,192.6560000000009,1,1000,1,1,1,1,1,1,1,1,1,False,1,1,0,1,1,0
s01-r3-disconnect-n20-1,1,3,disconnect-n20-1,disconnect,1.0,11,200.5,2,665,1,1,1,2,1,2,1,2,1,True,0,1,1,1,1,0
s01-r3-disconnect-n20-1,1,3,disconnect-n20-1,disconnect,1.0,12,208.9159999999993,2,891,1,1,1,1,1,2,1,2,1,True,0,0,0,1,1,0
s01-r3-disconnect-n20-1,1,3,disconnect-n20-1,disconnect,1.0,13,232.9359999999997,2,1000,1,2,1,2,1,2,1,2,1,False,1,1,0,1,1,0
s01-r3-disconnect-n20-1,1,3,disconnect-n20-1,disconnect,1.0,14,241.21999999999932,1,1000,1,1,1,1,1,1,1,1,1,False,1,1,0,1,1,0
s01-r3-disconnect-n20-1,1,3,disconnect-n20-1,disconnect,1.0,15,249.64799999999923,1,620,1,1,1,1,1,1,1,1,1,True,1,1,0,1,1,0
s01-r3-disconnect-n20-1,1,3,disconnect-n20-1,disconnect,1.0,16,266.3799999999992,2,620,1,1,1,2,1,2,1,2,1,True,0,1,1,1,1,0
s01-r3-disconnect-n20-1,1,3,disconnect-n20-1,disconnect,1.0,17,274.5519999999997,1,1000,1,1,1,1,1,1,1,1,1,False,1,1,0,1,1,0
s01-r3-disconnect-n20-1,1,3,disconnect-n20-1,disconnect,1.0,18,290.88800000000083,2,1000,1,2,1,2,1,2,1,2,1,False,1,1,0,1,1,0
s01-r3-disconnect-n20-1,1,3,disconnect-n20-1,disconnect,1.0,19,298.77599999999984,2,1000,1,1,1,1,1,2,1,2,1,False,0,0,0,1,1,0
s01-r3-disconnect-n20-1,1,3,disconnect-n20-1,disconnect,1.0,20,314.3279999999995,1,748,1,1,1,1,1,1,1,1,1,True,1,1,0,1,1,0
s01-r3-disconnect-n20-1,1,3,disconnect-n20-1,disconnect,1.0,21,362.3359999999993,1,1000,1,1,1,1,1,1,1,1,1,False,1,1,0,1,1,0
s01-r3-disconnect-n20-1,1,3,disconnect-n20-1,disconnect,1.0,22,370.79199999999946,2,1000,1,2,1,2,1,2,1,2,1,False,1,1,0,1,1,0
s01-r3-disconnect-n20-1,1,3,disconnect-n20-1,disconnect,1.0,23,379.02800000000025,1,1000,1,1,1,1,1,1,1,1,1,False,1,1,0,1,1,0
s01-r3-disconnect-n5-1,1,3,disconnect-n5-1,disconnect,1.0,0,1.0,2,1000,1,2,1,2,1,2,1,2,1,False,1,1,0,1,1,0
s01-r3-disconnect-n5-1,1,3,disconnect-n5-1,disconnect,1.0,1,16.683999999999287,1,1000,1,1,1,1,1,2,1,2,1,False,1,1,0,0,0,0
s01-r3-disconnect-n5-1,1,3,disconnect-n5-1,disconnect,1.0,2,48.63600000000042,1,1000,1,1,1,1,1,1,1,1,1,False,1,1,0,1,1,0
s01-r3-disconnect-n5-1,1,3,disconnect-n5-1,disconnect,1.0,3,56.83599999999933,1,1000,1,1,1,1,1,1,1,1,1,False,1,1,0,1,1,0
s01-r3-disconnect-n5-1,1,3,disconnect-n5-1,disconnect,1.0,4,72.55199999999968,2,1000,1,2,1,2,1,2,1,2,1,False,1,1,0,1,1,0
s01-r3-disconnect-n5-1,1,3,disconnect-n5-1,disconnect,1.0,5,103.42000000000009,2,1000,1,1,1,1,1,2,1,2,1,False,0,0,0,1,1,0
s01-r3-disconnect-n5-1,1,3,disconnect-n5-1,disconnect,1.0,6,111.28800000000048,1,1000,1,1,1,1,1,2,1,2,1,False,1,1,0,0,0,0
s01-r3-disconnect-n5-1,1,3,disconnect-n5-1,disconnect,1.0,7,127.79999999999929,2,1000,1,2,1,2,1,2,1,2,1,False,1,1,0,1,1,0
s01-r3-disconnect-n5-1,1,3,disconnect-n5-1,disconnect,1.0,8,144.20800000000054,1,1000,1,1,1,1,1,1,1,1,1,False,1,1,0,1,1,0
s01-r3-disconnect-n5-1,1,3,disconnect-n5-1,disconnect,1.0,9,169.07200000000012,2,1000,1,2,1,2,1,2,1,2,1,False,1,1,0,1,1,0
s01-r3-disconnect-n5-1,1,3,disconnect-n5-1,disconnect,1.0,10,192.6560000000009,1,1000,1,1,1,1,1,1,1,1,1,False,1,1,0,1,1,0
s01-r3-disconnect-n5-1,1,3,disconnect-n5-1,disconnect,1.0,11,200.5,2,1000,1,2,1,2,1,2,1,2,1,False,1,1,0,1,1,0
s01-r3-disconnect-n5-1,1,3,disconnect-n5-1,disconnect,1.0,12,208.9159999999993,2,1000,1,1,1,1,1,2,1,2,1,False,0,0,0,1,1,0
s01-r3-disconnect-n5-1,1,3,disconnect-n5-1,disconnect,1.0,13,232.9359999999997,2,1000,1,2,1,2,1,2,1,2,1,False,1,1,0,1,1,0
s01-r3-disconnect-n5-1,1,3,disconnect-n5-1,disconnect,1.0,14,241.21999999999932,1,1000,1,1,1,1,1,1,1,1,1,False,1,1,0,1,1,0
s01-r3-disconnect-n5-1,1,3,disconnect-n5-1,disconnect,1.0,15,249.64799999999923,1,620,1,1,1,1,1,1,1,1,1,True,1,1,0,1,1,0
s01-r3-disconnect-n5-1,1,3,disconnect-n5-1,disconnect,1.0,16,266.3799999999992,2,1000,1,2,1,2,1,2,1,2,1,False,1,1,0,1,1,0
s01-r3-disconnect-n5-1,1,3,disconnect-n5-1,disconnect,1.0,17,274.5519999999997,1,1000,1,1,1,1,1,1,1,1,1,False,1,1,0,1,1,0
s01-r3-disconnect-n5-1,1,3,disconnect-n5-1,disconnect,1.0,18,290.88800000000083,2,1000,1,2,1,2,1,2,1,2,1,False,1,1,0,1,1,0
s01-r3-disconnect-n5-1,1,3,disconnect-n5-1,disconnect,1.0,19,298.77599999999984,2,1000,1,1,1,1,1,2,1,2,1,False,0,0,0,1,1,0
s01-r3-disconnect-n5-1,1,3,disconnect-n5-1,disconnect,1.0,20,314.3279999999995,1,778,1,1,1,1,1,1,1,1,1,True,1,1,0,1,1,0
s01-r3-disconnect-n5-1,1,3,disconnect-n5-1,disconnect,1.0,21,362.3359999999993,1,1000,1,1,1,1,1,1,1,1,1,False,1,1,0,1,1,0
s01-r3-disconnect-n5-1,1,3,disconnect-n5-1,disconnect,1.0,22,370.79199999999946,2,1000,1,2,1,2,1,2,1,2,1,False,1,1,0,1,1,0
s01-r3-disconnect-n5-1,1,3,disconnect-n5-1,disconnect,1.0,23,379.02800000000025,1,1000,1,1,1,1,1,1,1,1,1,False,1,1,0,1,1,0
s01-r4-disconnect-n10-1,1,4,disconnect-n10-1,disconnect,1.0,0,1.0,2,1000,1,1,1,1,1,1,1,1,1,False,0,0,0,0,0,0
s01-r4-disconnect-n10-1,1,4,disconnect-n10-1,disconnect,1.0,1,9.012000000000626,1,1000,1,1,1,1,1,1,1,1,1,False,1,1,0,1,1,0
s01-r4-disconnect-n10-1,1,4,disconnect-n10-1,disconnect,1.0,2,16.683999999999287,1,1000,1,1,1,1,1,2,1,2,1,False,1,1,0,0,0,0
s01-r4-disconnect-n10-1,1,4,disconnect-n10-1,disconnect,1.0,3,40.96800000000076,2,620,1,2,1,1,1,2,1,2,1,True,1,0,1,1,1,0
s01-r4-disconnect-n10-1,1,4,disconnect-n10-1,disconnect,1.0,4,64.55999999999949,1,1000,1,1,1,1,1,2,1,2,1,False,1,1,0,0,0,0
s01-r4-disconnect-n10-1,1,4,disconnect-n10-1,disconnect,1.0,5,80.17599999999948,1,1000,1,1,1,1,1,1,1,1,1,False,1,1,0,1,1,0
s01-r4-disconnect-n10-1,1,4,disconnect-n10-1,disconnect,1.0,6,87.7559999999994,1,1000,1,1,1,1,1,1,1,1,1,False,1,1,0,1,1,0
s01-r4-disconnect-n10-1,1,4,disconnect-n10-1,disconnect,1.0,7,95.64400000000025,2,1000,1,1,1,1,1,2,1,2,1,False,0,0,0,1,1,0
s01-r4-disconnect-n10-1,1,4,disconnect-n10-1,disconnect,1.0,8,119.76800000000004,2,1000,1,2,1,2,1,2,1,2,1,False,1,1,0,1,1,0
s01-r4-disconnect-n10-1,1,4,disconnect-n10-1,disconnect,1.0,9,169.07200000000012,2,1000,1,2,1,2,1,2,1,2,1,False,1,1,0,1,1,0
s01-r4-disconnect-n10-1,1,4,disconnect-n10-1,disconnect,1.0,10,176.71999999999937,2,1000,1,2,1,2,1,2,1,2,1,False,1,1,0,1,1,0
s01-r4-disconnect-n10-1,1,4,disconnect-n10-1,disconnect,1.0,11,192.6560000000009,1,1000,1,1,1,1,1,1,1,1,1,False,1,1,0,1,1,0
s01-r4-disconnect-n10-1,1,4,disconnect-n10-1,disconnect,1.0,12,200.5,2,1000,1,2,1,2,1,2,1,2,1,False,1,1,0,1,1,0
s01-r4-disconnect-n10-1,1,4,disconnect-n10-1,disconnect,1.0,13,208.9159999999993,2,1000,1,1,1,1,1,2,1,2,1,False,0,0,0,1,1,0
s01-r4-disconnect-n10-1,1,4,disconnect-n10-1,disconnect,1.0,14,216.9320000000007,2,1000,1,1,1,1,1,2,1,2,1,False,0,0,0,1,1,0
s01-r4-disconnect-n10-1,1,4,disconnect-n10-1,disconnect,1.0,15,241.21999999999932,1,1000,1,1,1,1,1,1,1,1,1,False,1,1,0,1,1,0
s01-r4-disconnect-n10-1,1,4,disconnect-n10-1,disconnect,1.0,16,258.0159999999996,1,1000,1,1,1,1,1,1,1,1,1,False,1,1,0,1,1,0
s01-r4-disconnect-n10-1,1,4,disconnect-n10-1,disconnect,1.0,17,274.5519999999997,1,808,1,1,1,1,1,1,1,1,1,True,1,1,0,1,1,0
s01-r4-disconnect-n10-1,1,4,disconnect-n10-1,disconnect,1.0,18,290.88800000000083,1,1000,1,1,1,1,1,2,1,2,1,False,1,1,0,0,0,0
s01-r4-disconnect-n10-1,1,4,disconnect-n10-1,disconnect,1.0,19,306.6280000000006,1,1000,1,1,1,1,1,1,1,1,1,False,1,1,0,1,1,0
s01-r4-disconnect-n10-1,1,4,disconnect-n10-1,disconnect,1.0,20,314.3279999999995,2,1000,1,2,1,2,1,2,1,2,1,False,1,1,0,1,1,0
s01-r4-disconnect-n10-1,1,4,disconnect-n10-1,disconnect,1.0,21,347.0,1,830,1,1,1,1,1,1,1,1,1,True,1,1,0,1,1,0
s01-r4-disconnect-n10-1,1,4,disconnect-n10-1,disconnect,1.0,22,354.6239999999998,2,1000,1,2,1,2,1,2,1,2,1,False,1,1,0,1,1,0
s01-r4-disconnect-n10-1,1,4,disconnect-n10-1,disconnect,1.0,23,370.79199999999946,2,1000,1,1,1,1,1,2,1,2,1,False,0,0,0,1,1,0
s01-r4-disconnect-n2-1,1,4,disconnect-n2-1,disconnect,1.0,0,1.0,2,1000,1,1,1,1,1,1,1,1,1,False,0,0,0,0,0,0
s01-r4-disconnect-n2-1,1,4,disconnect-n2-1,disconnect,1.0,1,9.012000000000626,1,1000,1,1,1,1,1,1,1,1,1,False,1,1,0,1,1,0
s01-r4-disconnect-n2-1,1,4,disconnect-n2-1,disconnect,1.0,2,16.683999999999287,1,1000,1,1,1,1,1,2,1,2,1,False,1,1,0,0,0,0
s01-r4-disconnect-n2-1,1,4,disconnect-n2-1,disconnect,1.0,3,40.96800000000076,2,1000,1,1,1,1,1,2,1,2,1,False,0,0,0,1,1,0
s01-r4-disconnect-n2-1,1,4,disconnect-n2-1,disconnect,1.0,4,64.55999999999949,1,1000,1,1,1,1,1,2,1,2,1,False,1,1,0,0,0,0
s01-r4-disconnect-n2-1,1,4,disconnect-n2-1,disconnect,1.0,5,80.17599999999948,1,1000,1,1,1,1,1,1,1,1,1,False,1,1,0,1,1,0
s01-r4-disconnect-n2-1,1,4,disconnect-n2-1,disconnect,1.0,6,87.7559999999994,1,1000,1,1,1,1,1,1,1,1,1,False,1,1,0,1,1,0
s01-r4-disconnect-n2-1,1,4,disconnect-n2-1,disconnect,1.0,7,95.64400000000025,2,1000,1,1,1,1,1,2,1,2,1,False,0,0,0,1,1,0
s01-r4-disconnect-n2-1,1,4,disconnect-n2-1,disconnect,1.0,8,119.76800000000004,2,1000,1,2,1,2,1,2,1,2,1,False,1,1,0,1,1,0
s01-r4-disconnect-n2-1,1,4,disconnect-n2-1,disconnect,1.0,9,169.07200000000012,2,1000,1,2,1,2,1,2,1,2,1,False,1,1,0,1,1,0
s01-r4-disconnect-n2-1,1,4,disconnect-n2-1,disconnect,1.0,10,176.71999999999937,2,1000,1,2,1,2,1,2,1,2,1,False,1,1,0,1,1,0
s01-r4-disconnect-n2-1,1,4,disconnect-n2-1,disconnect,1.0,11,192.6560000000009,1,1000,1,1,1,1,1,1,1,1,1,False,1,1,0,1,1,0
s01-r4-disconnect-n2-1,1,4,disconnect-n2-1,disconnect,1.0,12,200.5,2,1000,1,2,1,2,1,2,1,2,1,False,1,1,0,1,1,0
s01-r4-disconnect-n2-1,1,4,disconnect-n2-1,disconnect,1.0,13,208.9159999999993,2,1000,1,1,1,1,1,2,1,2,1,False,0,0,0,1,1,0
s01-r4-disconnect-n2-1,1,4,disconnect-n2-1,disconnect,1.0,14,216.9320000000007,2,1000,1,1,1,1,1,2,1,2,1,False,0,0,0,1,1,0
s01-r4-disconnect-n2-1,1,4,disconnect-n2-1,disconnect,1.0,15,241.21999999999932,1,1000,1,1,1,1,1,1,1,1,1,False,1,1,0,1,1,0
s01-r4-disconnect-n2-1,1,4,disconnect-n2-1,disconnect,1.0,16,258.0159999999996,1,1000,1,1,1,1,1,1,1,1,1,False,1,1,0,1,1,0
s01-r4-disconnect-n2-1,1,4,disconnect-n2-1,disconnect,1.0,17,274.5519999999997,1,1000,1,1,1,1,1,1,1,1,1,False,1,1,0,1,1,0
s01-r4-disconnect-n2-1,1,4,disconnect-n2-1,disconnect,1.0,18,290.88800000000083,1,1000,1,1,1,1,1,2,1,2,1,False,1,1,0,0,0,0
s01-r4-disconnect-n2-1,1,4,disconnect-n2-1,disconnect,1.0,19,306.6280000000006,1,1000,1,1,1,1,1,1,1,1,1,False,1,1,0,1,1,0
s01-r4-disconnect-n2-1,1,4,disconnect-n2-1,disconnect,1.0,20,314.3279999999995,2,1000,1,2,1,2,1,2,1,2,1,False,1,1,0,1,1,0
s01-r4-disconnect-n2-1,1,4,disconnect-n2-1,disconnect,1.0,21,347.0,1,1000,1,1,1,1,1,1,1,1,1,False,1,1,0,1,1,0
s01-r4-disconnect-n2-1,1,4,disconnect-n2-1,disconnect,1.0,22,354.6239999999998,2,1000,1,2,1,2,1,2,1,2,1,False,1,1,0,1,1,0
s01-r4-disconnect-n2-1,1,4,disconnect-n2-1,disconnect,1.0,23,370.79199999999946,2,1000,1,1,1,1,1,2,1,2,1,False,0,0,0,1,1,0
s01-r4-disconnect-n20-1,1,4,disconnect-n20-1,disconnect,1.0,0,1.0,2,1000,1,1,1,1,1,1,1,1,1,False,0,0,0,0,0,0
s01-r4-disconnect-n20-1,1,4,disconnect-n20-1,disconnect,1.0,1,9.012000000000626,1,1000,1,1,1,1,1,1,1,1,1,False,1,1,0,1,1,0
s01-r4-disconnect-n20-1,1,4,disconnect-n20-1,disconnect,1.0,2,16.683999999999287,1,1000,1,1,1,1,1,2,1,2,1,False,1,1,0,0,0,0
s01-r4-disconnect-n20-1,1,4,disconnect-n20-1,disconnect,1.0,3,40.96800000000076,2,1000,1,1,1,1,1,2,1,2,1,False,0,0,0,1,1,0
s01-r4-disconnect-n20-1,1,4,disconnect-n20-1,disconnect,1.0,4,64.55999999999949,1,1000,1,1,1,1,1,2,1,2,1,False,1,1,0,0,0,0
s01-r4-disconnect-n20-1,1,4,disconnect-n20-1,disconnect,1.0,5,80.17599999999948,1,1000,1,1,1,1,1,1,1,1,1,False,1,1,0,1,1,0
s01-r4-disconnect-n20-1,1,4,disconnect-n20-1,disconnect,1.0,6,87.7559999999994,1,949,1,1,1,1,1,1,1,1,1,True,1,1,0,1,1,0
s01-r4-disconnect-n20-1,1,4,disconnect-n20-1,disconnect,1.0,7,95.64400000000025,2,1000,1,1,1,1,1,2,1,2,1,False,0,0,0,1,1,0
s01-r4-disconnect-n20-1,1,4,disconnect-n20-1,disconnect,1.0,8,119.76800000000004,2,1000,1,2,1,2,1,2,1,2,1,False,1,1,0,1,1,0
s01-r4-disconnect-n20-1,1,4,disconnect-n20-1,disconnect,1.0,9,169.07200000000012,2,1000,1,2,1,2,1,2,1,2,1,False,1,1,0,1,1,0
s01-r4-disconnect-n20-1,1,4,disconnect-n20-1,disconnect,1.0,10,176.71999999999937,2,670,1,2,1,2,1,2,1,2,1,True,1,1,0,1,1,0
s01-r4-disconnect-n20-1,1,4,disconnect-n20-1,disconnect,1.0,11,192.6560000000009,1,1000,1,1,1,1,1,1,1,1,1,False,1,1,0,1,1,0
s01-r4-disconnect-n20-1,1,4,disconnect-n20-1,disconnect,1.0,12,200.5,2,1000,1,2,1,2,1,2,1,2,1,False,1,1,0,1,1,0
s01-r4-disconnect-n20-1,1,4,disconnect-n20-1,disconnect,1.0,13,208.9159999999993,2,620,1,1,1,1,1,2,1,2,1,True,0,0,0,1,1,0
s01-r4-disconnect-n20-1,1,4,disconnect-n20-1,disconnect,1.0,14,216.9320000000007,2,1000,1,1,1,1,1,2,1,2,1,False,0,0,0,1,1,0
s01-r4-disconnect-n20-1,1,4,disconnect-n20-1,disconnect,1.0,15,241.21999999999932,1,1000,1,1,1,1,1,1,1,1,1,False,1,1,0,1,1,0
s01-r4-disconnect-n20-1,1,4,disconnect-n20-1,disconnect,1.0,16,258.0159999999996,1,1000,1,1,1,1,1,1,1,1,1,False,1,1,0,1,1,0
s01-r4-disconnect-n20-1,1,4,disconnect-n20-1,disconnect,1.0,17,274.5519999999997,1,1000,1,1,1,1,1,1,1,1,1,False,1,1,0,1,1,0
s01-r4-disconnect-n20-1,1,4,disconnect-n20-1,disconnect,1.0,18,290.88800000000083,1,620,1,1,1,1,1,2,1,2,1,True,1,1,0,0,0,0
s01-r4-disconnect-n20-1,1,4,disconnect-n20-1,disconnect,1.0,19,306.6280000000006,1,997,1,1,1,1,1,1,1,1,1,True,1,1,0,1,1,0
s01-r4-disconnect-n20-1,1,4,disconnect-n20-1,disconnect,1.0,20,314.3279999999995,2,620,1,2,1,2,1,2,1,2,1,True,1,1,0,1,1,0
s01-r4-disconnect-n20-1,1,4,disconnect-n20-1,disconnect,1.0,21,347.0,1,1000,1,1,1,1,1,1,1,1,1,False,1,1,0,1,1,0
s01-r4-disconnect-n20-1,1,4,disconnect-n20-1,disconnect,1.0,22,354.6239999999998,2,1000,1,2,1,2,1,2,1,2,1,False,1,1,0,1,1,0
s01-r4-disconnect-n20-1,1,4,disconnect-n20-1,disconnect,1.0,23,370.79199999999946,2,1000,1,1,1,1,1,2,1,2,1,False,0,0,0,1,1,0
s01-r4-disconnect-n5-1,1,4,disconnect-n5-1,disconnect,1.0,0,1.0,2,1000,1,1,1,1,1,1,1,1,1,False,0,0,0,0,0,0
s01-r4-disconnect-n5-1,1,4,disconnect-n5-1,disconnect,1.0,1,9.012000000000626,1,1000,1,1,1,1,1,1,1,1,1,False,1,1,0,1,1,0
s01-r4-disconnect-n5-1,1,4,disconnect-n5-1,disconnect,1.0,2,16.683999999999287,1,620,1,1,1,1,1,2,1,2,1,True,1,1,0,0,0,0
s01-r4-disconnect-n5-1,1,4,disconnect-n5-1,disconnect,1.0,3,40.96800000000076,2,1000,1,1,1,1,1,2,1,2,1,False,0,0,0,1,1,0
s01-r4-disconnect-n5-1,1,4,disconnect-n5-1,disconnect,1.0,4,64.55999999999949,1,1000,1,1,1,1,1,2,1,2,1,False,1,1,0,0,0,0
s01-r4-disconnect-n5-1,1,4,disconnect-n5-1,disconnect,1.0,5,80.17599999999948,1,1000,1,1,1,1,1,1,1,1,1,False,1,1,0,1,1,0
s01-r4-disconnect-n5-1,1,4,disconnect-n5-1,disconnect,1.0,6,87.7559999999994,1,1000,1,1,1,1,1,1,1,1,1,False,1,1,0,1,1,0
s01-r4-disconnect-n5-1,1,4,disconnect-n5-1,disconnect,1.0,7,95.64400000000025,2,1000,1,1,1,1,1,2,1,2,1,False,0,0,0,1,1,0
s01-r4-disconnect-n5-1,1,4,disconnect-n5-1,disconnect,1.0,8,119.76800000000004,2,1000,1,2,1,2,1,2,1,2,1,False,1,1,0,1,1,0
s01-r4-disconnect-n5-1,1,4,disconnect-n5-1,disconnect,1.0,9,169.07200000000012,2,1000,1,2,1,2,1,2,1,2,1,False,1,1,0,1,1,0
s01-r4-disconnect-n5-1,1,4,disconnect-n5-1,disconnect,1.0,10,176.71999999999937,2,1000,1,2,1,2,1,2,1,2,1,False,1,1,0,1,1,0
s01-r4-disconnect-n5-1,1,4,disconnect-n5-1,disconnect,1.0,11,192.6560000000009,1,1000,1,1,1,1,1,1,1,1,1,False,1,1,0,1,1,0
s01-r4-disconnect-n5-1,1,4,disconnect-n5-1,disconnect,1.0,12,200.5,2,1000,1,2,1,2,1,2,1,2,1,False,1,1,0,1,1,0
s01-r4-disconnect-n5-1,1,4,disconnect-n5-1,disconnect,1.0,13,208.9159999999993,2,1000,1,1,1,1,1,2,1,2,1,False,0,0,0,1,1,0
s01-r4-disconnect-n5-1,1,4,disconnect-n5-1,disconnect,1.0,14,216.9320000000007,2,620,1,1,1,1,1,2,1,2,1,True,0,0,0,1,1,0
s01-r4-disconnect-n5-1,1,4,disconnect-n5-1,disconnect,1.0,15,241.21999999999932,1,1000,1,1,1,1,1,1,1,1,1,False,1,1,0,1,1,0
s01-r4-disconnect-n5-1,1,4,disconnect-n5-1,disconnect,1.0,16,258.0159999999996,1,1000,1,1,1,1,1,1,1,1,1,False,1,1,0,1,1,0
s01-r4-disconnect-n5-1,1,4,disconnect-n5-1,disconnect,1.0,17,274.5519999999997,1,1000,1,1,1,1,1,1,1,1,1,False,1,1,0,1,1,0
s01-r4-disconnect-n5-1,1,4,disconnect-n5-1,disconnect,1.0,18,290.88800000000083,1,1000,1,1,1,1,1,2,1,2,1,False,1,1,0,0,0,0
s01-r4-disconnect-n5-1,1,4,disconnect-n5-1,disconnect,1.0,19,306.6280000000006,1,1000,1,1,1,1,1,1,1,1,1,False,1,1,0,1,1,0
s01-r4-disconnect-n5-1,1,4,disconnect-n5-1,disconnect,1.0,20,314.3279999999995,2,1000,1,2,1,2,1,2,1,2,1,False,1,1,0,1,1,0
s01-r4-disconnect-n5-1,1,4,disconnect-n5-1,disconnect,1.0,21,347.0,1,1000,1,1,1,1,1,1,1,1,1,False,1,1,0,1,1,0
s01-r4-disconnect-n5-1,1,4,disconnect-n5-1,disconnect,1.0,22,354.6239999999998,2,1000,1,2,1,2,1,2,1,2,1,False,1,1,0,1,1,0
s01-r4-disconnect-n5-1,1,4,disconnect-n5-1,disconnect,1.0,23,370.79199999999946,2,1000,1,1,1,1,1,2,1,2,1,False,0,0,0,1,1,0
s02-r0-disconnect-n10-1,2,0,disconnect-n10-1,disconnect,1.0,0,1.0,1,1000,1,1,1,1,1,2,1,2,1,False,1,1,0,0,0,0
s02-r0-disconnect-n10-1,2,0,disconnect-n10-1,disconnect,1.0,1,9.011999999999944,2,1000,1,2,1,2,1,2,1,2,1,False,1,1,0,1,1,0
s02-r0-disconnect-n10-1,2,0,disconnect-n10-1,disconnect,1.0,2,16.68399999999997,2,1000,1,1,1,1,1,2,1,2,1,False,0,0,0,1,1,0
s02-r0-disconnect-n10-1,2,0,disconnect-n10-1,disconnect,1.0,3,24.49199999999996,1,1000,1,2,1,2,1,1,1,1,1,False,0,0,0,1,1,0
s02-r0-disconnect-n10-1,2,0,disconnect-n10-1,disconnect,1.0,4,32.52399999999989,2,651,1,1,1,2,1,2,1,1,1,True,0,1,1,1,0,1
s02-r0-disconnect-n10-1,2,0,disconnect-n10-1,disconnect,1.0,5,40.96800000000008,1,1000,1,1,1,1,1,1,1,1,1,False,1,1,0,1,1,0
s02-r0-disconnect-n10-1,2,0,disconnect-n10-1,disconnect,1.0,6,48.63599999999997,2,1000,1,1,1,1,1,1,1,1,1,False,0,0,0,0,0,0
s02-r0-disconnect-n10-1,2,0,disconnect-n10-1,disconnect,1.0,7,64.55999999999995,2,1000,1,1,1,1,1,1,1,1,1,False,0,0,0,0,0,0
s02-r0-disconnect-n10-1,2,0,disconnect-n10-1,disconnect,1.0,8,80.17599999999993,1,1000,1,1,1,1,1,2,1,2,1,False,1,1,0,0,0,0
s02-r0-disconnect-n10-1,2,0,disconnect-n10-1,disconnect,1.0,9,95.644,2,1000,1,2,1,2,1,1,1,1,1,False,1,1,0,0,0,0
s02-r0-disconnect-n10-1,2,0,disconnect-n10-1,disconnect,1.0,10,103.42000000000009,1,1000,1,1,1,1,1,1,1,1,1,False,1,1,0,1,1,0
s02-r0-disconnect-n10-1,2,0,disconnect-n10-1,disconnect,1.0,11,152.47199999999998,1,1000,1,2,1,2,1,1,1,1,1,False,0,0,0,1,1,0
s02-r0-disconnect-n10-1,2,0,disconnect-n10-1,disconnect,1.0,12,169.07200000000012,2,1000,1,2,1,2,1,2,1,2,1,False,1,1,0,1,1,0
s02-r0-disconnect-n10-1,2,0,disconnect-n10-1,disconnect,1.0,13,176.72000000000003,1,620,1,2,1,2,1,1,1,2,1,True,0,0,0,1,0,1
s02-r0-disconnect-n10-1,2,0,disconnect-n10-1,disconnect,1.0,14,184.84400000000005,1,1000,1,1,1,1,1,1,1,1,1,False,1,1,0,1,1,0
s02-r0-disconnect-n10-1,2,0,disconnect-n10-1,disconnect,1.0,15,208.91599999999997,1,1000,1,2,1,2,1,2,1,2,1,False,0,0,0,0,0,0
s02-r0-disconnect-n10-1,2,0,disconnect-n10-1,disconnect,1.0,16,241.2199999999998,1,1000,1,2,1,2,1,2,1,2,1,False,0,0,0,0,0,0
s02-r0-disconnect-n10-1,2,0,disconnect-n10-1,disconnect,1.0,17,249.6480000000001,2,1000,1,2,1,2,1,1,1,1,1,False,1,1,0,0,0,0
s02-r0-disconnect-n10-1,2,0,disconnect-n10-1,disconnect,1.0,18,258.0160000000001,1,1000,1,1,1,1,1,1,1,1,1,False,1,1,0,1,1,0
s02-r0-disconnect-n10-1,2,0,disconnect-n10-1,disconnect,1.0,19,266.3800000000001,2,1000,1,2,1,2,1,2,1,2,1,False,1,1,0,1,1,0
s02-r0-disconnect-n10-1,2,0,disconnect-n10-1,disconnect,1.0,20,274.55200000000013,2,1000,1,2,1,2,1,2,1,2,1,False,1,1,0,1,1,0
s02-r0-disconnect-n10-1,2,0,disconnect-n10-1,disconnect,1.0,21,282.808,1,728,1,2,1,2,1,1,1,1,1,True,0,0,0,1,1,0
s02-r0-disconnect-n10-1,2,0,disconnect-n10-1,disconnect,1.0,22,290.8879999999999,2,1000,1,1,1,1,1,1,1,1,1,False,0,0,0,0,0,0
s02-r0-disconnect-n10-1,2,0,disconnect-n10-1,disconnect,1.0,23,306.62800000000016,2,620,1,1,1,2,1,2,1,2,1,True,0,1,1,1,1,0
s02-r0-disconnect-n2-1,2,0,disconnect-n2-1,disconnect,1.0,0,1.0,1,1000,1,1,1,1,1,2,1,2,1,False,1,1,0,0,0,0
s02-r0-disconnect-n2-1,2,0,disconnect-n2-1,disconnect,1.0,1,9.011999999999944,2,1000,1,2,1,2,1,2,1,2,1,False,1,1,0,1,1,0
s02-r0-disconnect-n2-1,2,0,disconnect-n2-1,disconnect,1.0,2,16.68399999999997,2,1000,1,1,1,1,1,2,1,2,1,False,0,0,0,1,1,0
s02-r0-disconnect-n2-1,2,0,disconnect-n2-1,disconnect,1.0,3,24.49199999999996,1,1000,1,2,1,2,1,1,1,1,1,False,0,0,0,1,1,0
s02-r0-disconnect-n2-1,2,0,disconnect-n2-1,disconnect,1.0,4,32.524000000000115,2,1000,1,2,1,2,1,1,1,1,1,False,1,1,0,0,0,0
s02-r0-disconnect-n2-1,2,0,disconnect-n2-1,disconnect,1.0,5,40.96800000000008,1,1000,1,1,1,1,1,1,1,1,1,False,1,1,0,1,1,0
s02-r0-disconnect-n2-1,2,0,disconnect-n2-1,disconnect,1.0,6,48.63599999999997,2,1000,1,1,1,1,1,1,1,1,1,False,0,0,0,0,0,0
s02-r0-disconnect-n2-1,2,0,disconnect-n2-1,disconnect,1.0,7,64.55999999999995,2,1000,1,1,1,1,1,1,1,1,1,False,0,0,0,0,0,0
s02-r0-disconnect-n2-1,2,0,disconnect-n2-1,disconnect,1.0,8,80.17599999999993,1,1000,1,1,1,1,1,2,1,2,1,False,1,1,0,0,0,0
s02-r0-disconnect-n2-1,2,0,disconnect-n2-1,disconnect,1.0,9,95.644,2,1000,1,2,1,2,1,1,1,1,1,False,1,1,0,0,0,0
s02-r0-disconnect-n2-1,2,0,disconnect-n2-1,disconnect,1.0,10,103.42000000000009,1,1000,1,1,1,1,1,1,1,1,1,False,1,1,0,1,1,0
s02-r0-disconnect-n2-1,2,0,disconnect-n2-1,disconnect,1.0,11,152.47199999999998,1,1000,1,2,1,2,1,1,1,1,1,False,0,0,0,1,1,0
s02-r0-disconnect-n2-1,2,0,disconnect-n2-1,disconnect,1.0,12,169.0719999999999,2,1000,1,2,1,2,1,2,1,2,1,False,1,1,0,1,1,0
s02-r0-disconnect-n2-1,2,0,disconnect-n2-1,disconnect,1.0,13,176.72000000000003,1,1000,1,2,1,2,1,2,1,2,1,False,0,0,0,0,0,0
s02-r0-disconnect-n2-1,2,0,disconnect-n2-1,disconnect,1.0,14,184.84400000000005,1,1000,1,1,1,1,1,1,1,1,1,False,1,1,0,1,1,0
s02-r0-disconnect-n2-1,2,0,disconnect-n2-1,disconnect,1.0,15,208.91599999999997,1,1000,1,2,1,2,1,2,1,2,1,False,0,0,0,0,0,0
s02-r0-disconnect-n2-1,2,0,disconnect-n2-1,disconnect,1.0,16,241.22000000000003,1,1000,1,2,1,2,1,2,1,2,1,False,0,0,0,0,0,0
s02-r0-disconnect-n2-1,2,0,disconnect-n2-1,disconnect,1.0,17,249.6479999999999,2,1000,1,2,1,2,1,1,1,1,1,False,1,1,0,0,0,0
s02-r0-disconnect-n2-1,2,0,disconnect-n2-1,disconnect,1.0,18,258.01599999999985,1,1000,1,1,1,1,1,1,1,1,1,False,1,1,0,1,1,0
s02-r0-disconnect-n2-1,2,0,disconnect-n2-1,disconnect,1.0,19,266.3799999999999,2,1000,1,2,1,2,1,2,1,2,1,False,1,1,0,1,1,0
s02-r0-disconnect-n2-1,2,0,disconnect-n2-1,disconnect,1.0,20,274.5519999999999,2,628,1,2,1,2,1,2,1,2,1,True,1,1,0,1,1,0
s02-r0-disconnect-n2-1,2,0,disconnect-n2-1,disconnect,1.0,21,282.80799999999977,1,1000,1,2,1,2,1,1,1,1,1,False,0,0,0,1,1,0
s02-r0-disconnect-n2-1,2,0,disconnect-n2-1,disconnect,1.0,22,290.88800000000015,2,1000,1,1,1,1,1,1,1,1,1,False,0,0,0,0,0,0
s02-r0-disconnect-n2-1,2,0,disconnect-n2-1,disconnect,1.0,23,306.628,2,1000,1,2,1,2,1,2,1,2,1,False,1,1,0,1,1,0
s02-r0-disconnect-n20-1,2,0,disconnect-n20-1,disconnect,1.0,0,1.0,1,1000,1,1,1,1,1,2,1,2,1,False,1,1,0,0,0,0
s02-r0-disconnect-n20-1,2,0,disconnect-n20-1,disconnect,1.0,1,9.012000000000173,2,1000,1,2,1,2,1,2,1,2,1,False,1,1,0,1,1,0
s02-r0-disconnect-n20-1,2,0,disconnect-n20-1,disconnect,1.0,2,16.684000000000196,2,620,1,1,1,1,1,1,1,2,1,True,0,0,0,0,1,1
s02-r0-disconnect-n20-1,2,0,disconnect-n20-1,disconnect,1.0,3,24.49200000000019,1,1000,1,2,1,2,1,1,1,1,1,False,0,0,0,1,1,0
s02-r0-disconnect-n20-1,2,0,disconnect-n20-1,disconnect,1.0,4,32.52399999999989,2,1000,1,2,1,2,1,1,1,1,1,False,1,1,0,0,0,0
s02-r0-disconnect-n20-1,2,0,disconnect-n20-1,disconnect,1.0,5,40.96799999999985,1,1000,1,1,1,1,1,1,1,1,1,False,1,1,0,1,1,0
s02-r0-disconnect-n20-1,2,0,disconnect-n20-1,disconnect,1.0,6,48.63599999999997,2,1000,1,1,1,1,1,1,1,1,1,False,0,0,0,0,0,0
s02-r0-disconnect-n20-1,2,0,disconnect-n20-1,disconnect,1.0,7,64.55999999999995,2,660,1,2,1,1,1,1,1,1,1,True,1,0,1,0,0,0
s02-r0-disconnect-n20-1,2,0,disconnect-n20-1,disconnect,1.0,8,80.17599999999993,1,1000,1,1,1,1,1,2,1,2,1,False,1,1,0,0,0,0
s02-r0-disconnect-n20-1,2,0,disconnect-n20-1,disconnect,1.0,9,95.64400000000025,2,1000,1,2,1,2,1,1,1,1,1,False,1,1,0,0,0,0
s02-r0-disconnect-n20-1,2,0,disconnect-n20-1,disconnect,1.0,10,103.42000000000009,1,1000,1,1,1,1,1,1,1,1,1,False,1,1,0,1,1,0
s02-r0-disconnect-n20-1,2,0,disconnect-n20-1,disconnect,1.0,11,152.4720000000002,1,1000,1,2,1,2,1,1,1,1,1,False,0,0,0,1,1,0
s02-r0-disconnect-n20-1,2,0,disconnect-n20-1,disconnect,1.0,12,169.07200000000012,2,1000,1,2,1,2,1,2,1,2,1,False,1,1,0,1,1,0
s02-r0-disconnect-n20-1,2,0,disconnect-n20-1,disconnect,1.0,13,176.7199999999998,1,1000,1,2,1,2,1,2,1,2,1,False,0,0,0,0,0,0
s02-r0-disconnect-n20-1,2,0,disconnect-n20-1,disconnect,1.0,14,184.84400000000005,1,1000,1,1,1,1,1,1,1,1,1,False,1,1,0,1,1,0
s02-r0-disconnect-n20-1,2,0,disconnect-n20-1,disconnect,1.0,15,208.91600000000017,1,1000,1,2,1,2,1,2,1,2,1,False,0,0,0,0,0,0
s02-r0-disconnect-n20-1,2,0,disconnect-n20-1,disconnect,1.0,16,241.2199999999998,1,1000,1,2,1,2,1,2,1,2,1,False,0,0,0,0,0,0
s02-r0-disconnect-n20-1,2,0,disconnect-n20-1,disconnect,1.0,17,249.6480000000001,2,620,1,2,1,2,1,2,1,1,1,True,1,1,0,1,0,1
s02-r0-disconnect-n20-1,2,0,disconnect-n20-1,disconnect,1.0,18,258.0160000000001,1,1000,1,1,1,1,1,1,1,1,1,False,1,1,0,1,1,0
s02-r0-disconnect-n20-1,2,0,disconnect-n20-1,disconnect,1.0,19,266.3800000000001,2,1000,1,2,1,2,1,2,1,2,1,False,1,1,0,1,1,0
s02-r0-disconnect-n20-1,2,0,disconnect-n20-1,disconnect,1.0,20,274.55200000000013,2,1000,1,2,1,2,1,2,1,2,1,False,1,1,0,1,1,0
s02-r0-disconnect-n20-1,2,0,disconnect-n20-1,disconnect,1.0,21,282.808,1,912,1,2,1,2,1,1,1,1,1,True,0,0,0,1,1,0
s02-r0-disconnect-n20-1,2,0,disconnect-n20-1,disconnect,1.0,22,290.8879999999999,2,1000,1,1,1,1,1,1,1,1,1,False,0,0,0,0,0,0
s02-r0-disconnect-n20-1,2,0,disconnect-n20-1,disconnect,1.0,23,306.62800000000016,2,620,1,2,1,2,1,2,1,2,1,True,1,1,0,1,1,0
s02-r0-disconnect-n5-1,2,0,disconnect-n5-1,disconnect,1.0,0,1.0,1,1000,1,1,1,1,1,2,1,2,1,False,1,1,0,0,0,0
s02-r0-disconnect-n5-1,2,0,disconnect-n5-1,disconnect,1.0,1,9.011999999999944,2,1000,1,2,1,2,1,2,1,2,1,False,1,1,0,1,1,0
s02-r0-disconnect-n5-1,2,0,disconnect-n5-1,disconnect,1.0,2,16.68399999999997,2,1000,1,1,1,1,1,2,1,2,1,False,0,0,0,1,1,0
s02-r0-disconnect-n5-1,2,0,disconnect-n5-1,disconnect,1.0,3,24.49199999999996,1,1000,1,2,1,2,1,1,1,1,1,False,0,0,0,1,1,0
s02-r0-disconnect-n5-1,2,0,disconnect-n5-1,disconnect,1.0,4,32.524000000000115,2,1000,1,2,1,2,1,1,1,1,1,False,1,1,0,0,0,0
s02-r0-disconnect-n5-1,2,0,disconnect-n5-1,disconnect,1.0,5,40.96800000000008,1,1000,1,1,1,1,1,1,1,1,1,False,1,1,0,1,1,0
s02-r0-disconnect-n5-1,2,0,disconnect-n5-1,disconnect,1.0,6,48.63599999999997,2,1000,1,1,1,1,1,1,1,1,1,False,0,0,0,0,0,0
s02-r0-disconnect-n5-1,2,0,disconnect-n5-1,disconnect,1.0,7,64.55999999999995,2,1000,1,1,1,1,1,1,1,1,1,False,0,0,0,0,0,0
s02-r0-disconnect-n5-1,2,0,disconnect-n5-1,disconnect,1.0,8,80.17599999999993,1,1000,1,1,1,1,1,2,1,2,1,False,1,1,0,0,0,0
s02-r0-disconnect-n5-1,2,0,disconnect-n5-1,disconnect,1.0,9,95.644,2,919,1,2,1,2,1,1,1,1,1,True,1,1,0,0,0,0
s02-r0-disconnect-n5-1,2,0,disconnect-n5-1,disconnect,1.0,10,103.42000000000009,1,1000,1,1,1,1,1,1,1,1,1,False,1,1,0,1,1,0
s02-r0-disconnect-n5-1,2,0,disconnect-n5-1,disconnect,1.0,11,152.47199999999998,1,1000,1,2,1,2,1,1,1,1,1,False,0,0,0,1,1,0
s02-r0-disconnect-n5-1,2,0,disconnect-n5-1,disconnect,1.0,12,169.0719999999999,2,1000,1,2,1,2,1,2,1,2,1,False,1,1,0,1,1,0
s02-r0-disconnect-n5-1,2,0,disconnect-n5-1,disconnect,1.0,13,176.72000000000003,1,1000,1,2,1,2,1,2,1,2,1,False,0,0,0,0,0,0
s02-r0-disconnect-n5-1,2,0,disconnect-n5-1,disconnect,1.0,14,184.84400000000005,1,1000,1,1,1,1,1,1,1,1,1,False,1,1,0,1,1,0
s02-r0-disconnect-n5-1,2,0,disconnect-n5-1,disconnect,1.0,15,208.91599999999997,1,1000,1,2,1,2,1,2,1,2,1,False,0,0,0,0,0,0
s02-r0-disconnect-n5-1,2,0,disconnect-n5-1,disconnect,1.0,16,241.22000000000003,1,775,1,2,1,2,1,1,1,2,1,True,0,0,0,1,0,1
s02-r0-disconnect-n5-1,2,0,disconnect-n5-1,disconnect,1.0,17,249.6479999999999,2,1000,1,2,1,2,1,1,1,1,1,False,1,1,0,0,0,0
s02-r0-disconnect-n5-1,2,0,disconnect-n5-1,disconnect,1.0,18,258.01599999999985,1,1000,1,1,1,1,1,1,1,1,1,False,1,1,0,1,1,0
s02-r0-disconnect-n5-1,2,0,disconnect-n5-1,disconnect,1.0,19,266.3799999999999,2,1000,1,2,1,2,1,2,1,2,1,False,1,1,0,1,1,0
s02-r0-disconnect-n5-1,2,0,disconnect-n5-1,disconnect,1.0,20,274.5519999999999,2,1000,1,2,1,2,1,2,1,2,1,False,1,1,0,1,1,0
s02-r0-disconnect-n5-1,2,0,disconnect-n5-1,disconnect,1.0,21,282.80799999999977,1,1000,1,2,1,2,1,1,1,1,1,False,0,0,0,1,1,0
s02-r0-disconnect-n5-1,2,0,disconnect-n5-1,disconnect,1.0,22,290.88800000000015,2,1000,1,1,1,1,1,1,1,1,1,False,0,0,0,0,0,0
s02-r0-disconnect-n5-1,2,0,disconnect-n5-1,disconnect,1.0,23,306.628,2,1000,1,2,1,2,1,2,1,2,1,False,1,1,0,1,1,0
s02-r1-disconnect-n10-1,2,1,disconnect-n10-1,disconnect,1.0,0,16.684000000000196,2,1000,1,1,1,1,1,1,1,1,1,False,0,0,0,0,0,0
s02-r1-disconnect-n10-1,2,1,disconnect-n10-1,disconnect,1.0,1,24.49200000000019,1,620,1,1,1,1,1,2,1,2,1,True,1,1,0,0,0,0
s02-r1-disconnect-n10-1,2,1,disconnect-n10-1,disconnect,1.0,2,32.52400000000034,1,1000,1,1,1,1,1,1,1,1,1,False,1,1,0,1,1,0
s02-r1-disconnect-n10-1,2,1,disconnect-n10-1,disconnect,1.0,3,40.96799999999985,2,1000,1,1,1,1,1,2,1,2,1,False,0,0,0,1,1,0
s02-r1-disconnect-n10-1,2,1,disconnect-n10-1,disconnect,1.0,4,64.5600000000004,2,890,1,1,1,1,1,2,1,2,1,True,0,0,0,1,1,0
s02-r1-disconnect-n10-1,2,1,disconnect-n10-1,disconnect,1.0,5,80.17600000000039,1,1000,1,1,1,1,1,2,1,2,1,False,1,1,0,0,0,0
s02-r1-disconnect-n10-1,2,1,disconnect-n10-1,disconnect,1.0,6,87.75600000000031,1,741,1,1,1,1,1,1,1,1,1,True,1,1,0,1,1,0
s02-r1-disconnect-n10-1,2,1,disconnect-n10-1,disconnect,1.0,7,95.64400000000025,1,1000,1,1,1,1,1,1,1,1,1,False,1,1,0,1,1,0
s02-r1-disconnect-n10-1,2,1,disconnect-n10-1,disconnect,1.0,8,111.28799999999956,2,1000,1,1,1,1,1,2,1,2,1,False,0,0,0,1,1,0
s02-r1-disconnect-n10-1,2,1,disconnect-n10-1,disconnect,1.0,9,119.76800000000004,2,1000,1,2,1,2,1,2,1,2,1,False,1,1,0,1,1,0
s02-r1-disconnect-n10-1,2,1,disconnect-n10-1,disconnect,1.0,10,127.80000000000018,1,1000,1,1,1,1,1,1,1,1,1,False,1,1,0,1,1,0
s02-r1-disconnect-n10-1,2,1,disconnect-n10-1,disconnect,1.0,11,136.0640000000003,1,1000,1,1,1,1,1,1,1,1,1,False,1,1,0,1,1,0
s02-r1-disconnect-n10-1,2,1,disconnect-n10-1,disconnect,1.0,12,152.47199999999975,1,1000,1,1,1,1,1,2,1,2,1,False,1,1,0,0,0,0
s02-r1-disconnect-n10-1,2,1,disconnect-n10-1,disconnect,1.0,13,160.7520000000004,2,1000,1,2,1,2,1,1,1,1,1,False,1,1,0,0,0,0
s02-r1-disconnect-n10-1,2,1,disconnect-n10-1,disconnect,1.0,14,192.65599999999995,1,1000,1,1,1,1,1,1,1,1,1,False,1,1,0,1,1,0
s02-r1-disconnect-n10-1,2,1,disconnect-n10-1,disconnect,1.0,15,216.9319999999998,2,1000,1,2,1,2,1,2,1,2,1,False,1,1,0,1,1,0
s02-r1-disconnect-n10-1,2,1,disconnect-n10-1,disconnect,1.0,16,241.22000000000023,2,1000,1,2,1,2,1,2,1,2,1,False,1,1,0,1,1,0
s02-r1-disconnect-n10-1,2,1,disconnect-n10-1,disconnect,1.0,17,249.6480000000001,1,1000,1,1,1,1,1,2,1,2,1,False,1,1,0,0,0,0
s02-r1-disconnect-n10-1,2,1,disconnect-n10-1,disconnect,1.0,18,258.0159999999996,2,1000,1,2,1,2,1,2,1,2,1,False,1,1,0,1,1,0
s02-r1-disconnect-n10-1,2,1,disconnect-n10-1,disconnect,1.0,19,306.6279999999997,1,1000,1,2,1,2,1,2,1,2,1,False,0,0,0,0,0,0
s02-r1-disconnect-n10-1,2,1,disconnect-n10-1,disconnect,1.0,20,322.65200000000004,2,907,1,2,1,2,1,1,1,1,1,True,1,1,0,0,0,0
s02-r1-disconnect-n10-1,2,1,disconnect-n10-1,disconnect,1.0,21,338.52400000000034,2,1000,1,2,1,2,1,1,1,1,1,False,1,1,0,0,0,0
s02-r1-disconnect-n10-1,2,1,disconnect-n10-1,disconnect,1.0,22,362.3360000000002,2,1000,1,1,1,1,1,1,1,1,1,False,0,0,0,0,0,0
s02-r1-disconnect-n10-1,2,1,disconnect-n10-1,disconnect,1.0,23,379.02800000000025,1,1000,1,2,1,2,1,2,1,2,1,False,0,0,0,0,0,0
s02-r1-disconnect-n2-1,2,1,disconnect-n2-1,disconnect,1.0,0,16.684000000000196,2,1000,1,1,1,1,1,1,1,1,1,False,0,0,0,0,0,0
s02-r1-disconnect-n2-1,2,1,disconnect-n2-1,disconnect,1.0,1,24.49200000000019,1,1000,1,1,1,1,1,2,1,2,1,False,1,1,0,0,0,0
s02-r1-disconnect-n2-1,2,1,disconnect-n2-1,disconnect,1.0,2,32.52400000000034,1,1000,1,1,1,1,1,1,1,1,1,False,1,1,0,1,1,0
s02-r1-disconnect-n2-1,2,1,disconnect-n2-1,disconnect,1.0,3,40.96799999999985,2,1000,1,1,1,1,1,2,1,2,1,False,0,0,0,1,1,0
s02-r1-disconnect-n2-1,2,1,disconnect-n2-1,disconnect,1.0,4,64.5600000000004,2,1000,1,1,1,1,1,2,1,2,1,False,0,0,0,1,1,0
s02-r1-disconnect-n2-1,2,1,disconnect-n2-1,disconnect,1.0,5,80.17600000000039,1,1000,1,1,1,1,1,2,1,2,1,False,1,1,0,0,0,0
s02-r1-disconnect-n2-1,2,1,disconnect-n2-1,disconnect,1.0,6,87.75600000000031,1,1000,1,1,1,1,1,1,1,1,1,False,1,1,0,1,1,0
s02-r1-disconnect-n2-1,2,1,disconnect-n2-1,disconnect,1.0,7,95.64400000000025,1,1000,1,1,1,1,1,1,1,1,1,False,1,1,0,1,1,0
s02-r1-disconnect-n2-1,2,1,disconnect-n2-1,disconnect,1.0,8,111.28799999999956,2,1000,1,1,1,1,1,2,1,2,1,False,0,0,0,1,1,0
s02-r1-disconnect-n2-1,2,1,disconnect-n2-1,disconnect,1.0,9,119.76800000000004,2,1000,1,2,1,2,1,2,1,2,1,False,1,1,0,1,1,0
s02-r1-disconnect-n2-1,2,1,disconnect-n2-1,disconnect,1.0,10,127.80000000000018,1,1000,1,1,1,1,1,1,1,1,1,False,1,1,0,1,1,0
s02-r1-disconnect-n2-1,2,1,disconnect-n2-1,disconnect,1.0,11,136.0640000000003,1,1000,1,1,1,1,1,1,1,1,1,False,1,1,0,1,1,0
s02-r1-disconnect-n2-1,2,1,disconnect-n2-1,disconnect,1.0,12,152.47199999999975,1,1000,1,1,1,1,1,2,1,2,1,False,1,1,0,0,0,0
s02-r1-disconnect-n2-1,2,1,disconnect-n2-1,disconnect,1.0,13,160.7520000000004,2,1000,1,2,1,2,1,1,1,1,1,False,1,1,0,0,0,0
s02-r1-disconnect-n2-1,2,1,disconnect-n2-1,disconnect,1.0,14,192.65599999999995,1,1000,1,1,1,1,1,1,1,1,1,False,1,1,0,1,1,0
s02-r1-disconnect-n2-1,2,1,disconnect-n2-1,disconnect,1.0,15,216.9319999999998,2,1000,1,2,1,2,1,2,1,2,1,False,1,1,0,1,1,0
s02-r1-disconnect-n2-1,2,1,disconnect-n2-1,disconnect,1.0,16,241.22000000000023,2,1000,1,2,1,2,1,2,1,2,1,False,1,1,0,1,1,0
s02-r1-disconnect-n2-1,2,1,disconnect-n2-1,disconnect,1.0,17,249.6480000000001,1,1000,1,1,1,1,1,2,1,2,1,False,1,1,0,0,0,0
s02-r1-disconnect-n2-1,2,1,disconnect-n2-1,disconnect,1.0,18,258.0159999999996,2,1000,1,2,1,2,1,2,1,2,1,False,1,1,0,1,1,0
s02-r1-disconnect-n2-1,2,1,disconnect-n2-1,disconnect,1.0,19,306.6279999999997,1,1000,1,2,1,2,1,2,1,2,1,False,0,0,0,0,0,0
s02-r1-disconnect-n2-1,2,1,disconnect-n2-1,disconnect,1.0,20,322.65200000000004,2,1000,1,2,1,2,1,1,1,1,1,False,1,1,0,0,0,0
s02-r1-disconnect-n2-1,2,1,disconnect-n2-1,disconnect,1.0,21,338.52400000000034,2,1000,1,2,1,2,1,1,1,1,1,False,1,1,0,0,0,0
s02-r1-disconnect-n2-1,2,1,disconnect-n2-1,disconnect,1.0,22,362.3360000000002,2,1000,1,1,1,1,1,1,1,1,1,False,0,0,0,0,0,0
s02-r1-disconnect-n2-1,2,1,disconnect-n2-1,disconnect,1.0,23,379.02800000000025,1,1000,1,2,1,2,1,2,1,2,1,False,0,0,0,0,0,0
s02-r1-disconnect-n20-1,2,1,disconnect-n20-1,disconnect,1.0,0,16.684000000000196,2,1000,1,1,1,1,1,1,1,1,1,False,0,0,0,0,0,0
s02-r1-disconnect-n20-1,2,1,disconnect-n20-1,disconnect,1.0,1,24.49200000000019,1,794,1,1,1,1,1,2,1,2,1,True,1,1,0,0,0,0
s02-r1-disconnect-n20-1,2,1,disconnect-n20-1,disconnect,1.0,2,32.52400000000034,1,1000,1,1,1,1,1,1,1,1,1,False,1,1,0,1,1,0
s02-r1-disconnect-n20-1,2,1,disconnect-n20-1,disconnect,1.0,3,40.96799999999985,2,1000,1,1,1,1,1,2,1,2,1,False,0,0,0,1,1,0
s02-r1-disconnect-n20-1,2,1,disconnect-n20-1,disconnect,1.0,4,64.5600000000004,2,620,1,1,1,1,1,2,1,2,1,True,0,0,0,1,1,0
s02-r1-disconnect-n20-1,2,1,disconnect-n20-1,disconnect,1.0,5,80.17600000000039,1,1000,1,1,1,1,1,2,1,2,1,False,1,1,0,0,0,0
s02-r1-disconnect-n20-1,2,1,disconnect-n20-1,disconnect,1.0,6,87.75600000000031,1,951,1,1,1,1,1,1,1,1,1,True,1,1,0,1,1,0
s02-r1-disconnect-n20-1,2,1,disconnect-n20-1,disconnect,1.0,7,95.64400000000025,1,1000,1,1,1,1,1,1,1,1,1,False,1,1,0,1,1,0
s02-r1-disconnect-n20-1,2,1,disconnect-n20-1,disconnect,1.0,8,111.28799999999956,2,1000,1,1,1,1,1,2,1,2,1,False,0,0,0,1,1,0
s02-r1-disconnect-n20-1,2,1,disconnect-n20-1,disconnect,1.0,9,119.76800000000004,2,1000,1,2,1,2,1,2,1,2,1,False,1,1,0,1,1,0
s02-r1-disconnect-n20-1,2,1,disconnect-n20-1,disconnect,1.0,10,127.80000000000018,1,680,1,1,1,1,1,1,1,1,1,True,1,1,0,1,1,0
s02-r1-disconnect-n20-1,2,1,disconnect-n20-1,disconnect,1.0,11,136.0640000000003,1,620,1,1,1,1,1,1,1,1,1,True,1,1,0,1,1,0
s02-r1-disconnect-n20-1,2,1,disconnect-n20-1,disconnect,1.0,12,152.47199999999975,1,1000,1,1,1,1,1,2,1,2,1,False,1,1,0,0,0,0
s02-r1-disconnect-n20-1,2,1,disconnect-n20-1,disconnect,1.0,13,160.7520000000004,2,1000,1,2,1,2,1,1,1,1,1,False,1,1,0,0,0,0
s02-r1-disconnect-n20-1,2,1,disconnect-n20-1,disconnect,1.0,14,192.65599999999995,1,1000,1,1,1,1,1,1,1,1,1,False,1,1,0,1,1,0
s02-r1-disconnect-n20-1,2,1,disconnect-n20-1,disconnect,1.0,15,216.9319999999998,2,1000,1,2,1,2,1,2,1,2,1,False,1,1,0,1,1,0
s02-r1-disconnect-n20-1,2,1,disconnect-n20-1,disconnect,1.0,16,241.22000000000023,2,1000,1,2,1,2,1,2,1,2,1,False,1,1,0,1,1,0
s02-r1-disconnect-n20-1,2,1,disconnect-n20-1,disconnect,1.0,17,249.6480000000001,1,878,1,1,1,1,1,1,1,2,1,True,1,1,0,1,0,1
s02-r1-disconnect-n20-1,2,1,disconnect-n20-1,disconnect,1.0,18,258.0159999999996,2,1000,1,2,1,2,1,2,1,2,1,False,1,1,0,1,1,0
s02-r1-disconnect-n20-1,2,1,disconnect-n20-1,disconnect,1.0,19,306.6279999999997,1,633,1,2,1,2,1,1,1,2,1,True,0,0,0,1,0,1
s02-r1-disconnect-n20-1,2,1,disconnect-n20-1,disconnect,1.0,20,322.65200000000004,2,1000,1,2,1,2,1,1,1,1,1,False,1,1,0,0,0,0
s02-r1-disconnect-n20-1,2,1,disconnect-n20-1,disconnect,1.0,21,338.52400000000034,2,1000,1,2,1,2,1,1,1,1,1,False,1,1,0,0,0,0
s02-r1-disconnect-n20-1,2,1,disconnect-n20-1,disconnect,1.0,22,362.3360000000002,2,1000,1,1,1,1,1,1,1,1,1,False,0,0,0,0,0,0
s02-r1-disconnect-n20-1,2,1,disconnect-n20-1,disconnect,1.0,23,379.02800000000025,1,1000,1,2,1,2,1,2,1,2,1,False,0,0,0,0,0,0
s02-r1-disconnect-n5-1,2,1,disconnect-n5-1,disconnect,1.0,0,16.684000000000196,2,1000,1,1,1,1,1,1,1,1,1,False,0,0,0,0,0,0
s02-r1-disconnect-n5-1,2,1,disconnect-n5-1,disconnect,1.0,1,24.49200000000019,1,1000,1,1,1,1,1,2,1,2,1,False,1,1,0,0,0,0
s02-r1-disconnect-n5-1,2,1,disconnect-n5-1,disconnect,1.0,2,32.52400000000034,1,1000,1,1,1,1,1,1,1,1,1,False,1,1,0,1,1,0
s02-r1-disconnect-n5-1,2,1,disconnect-n5-1,disconnect,1.0,3,40.96799999999985,2,1000,1,1,1,1,1,2,1,2,1,False,0,0,0,1,1,0
s02-r1-disconnect-n5-1,2,1,disconnect-n5-1,disconnect,1.0,4,64.5600000000004,2,1000,1,1,1,1,1,2,1,2,1,False,0,0,0,1,1,0
s02-r1-disconnect-n5-1,2,1,disconnect-n5-1,disconnect,1.0,5,80.17600000000039,1,1000,1,1,1,1,1,2,1,2,1,False,1,1,0,0,0,0
s02-r1-disconnect-n5-1,2,1,disconnect-n5-1,disconnect,1.0,6,87.75600000000031,1,1000,1,1,1,1,1,1,1,1,1,False,1,1,0,1,1,0
s02-r1-disconnect-n5-1,2,1,disconnect-n5-1,disconnect,1.0,7,95.64400000000025,1,1000,1,1,1,1,1,1,1,1,1,False,1,1,0,1,1,0
s02-r1-disconnect-n5-1,2,1,disconnect-n5-1,disconnect,1.0,8,111.28799999999956,2,1000,1,1,1,1,1,2,1,2,1,False,0,0,0,1,1,0
s02-r1-disconnect-n5-1,2,1,disconnect-n5-1,disconnect,1.0,9,119.76800000000004,2,1000,1,2,1,2,1,2,1,2,1,False,1,1,0,1,1,0
s02-r1-disconnect-n5-1,2,1,disconnect-n5-1,disconnect,1.0,10,127.80000000000018,1,1000,1,1,1,1,1,1,1,1,1,False,1,1,0,1,1,0
s02-r1-disconnect-n5-1,2,1,disconnect-n5-1,disconnect,1.0,11,136.0640000000003,1,1000,1,1,1,1,1,1,1,1,1,False,1,1,0,1,1,0
s02-r1-disconnect-n5-1,2,1,disconnect-n5-1,disconnect,1.0,12,152.47199999999975,1,1000,1,1,1,1,1,2,1,2,1,False,1,1,0,0,0,0
s02-r1-disconnect-n5-1,2,1,disconnect-n5-1,disconnect,1.0,13,160.7520000000004,2,1000,1,2,1,2,1,1,1,1,1,False,1,1,0,0,0,0
s02-r1-disconnect-n5-1,2,1,disconnect-n5-1,disconnect,1.0,14,192.65599999999995,1,1000,1,1,1,1,1,1,1,1,1,False,1,1,0,1,1,0
s02-r1-disconnect-n5-1,2,1,disconnect-n5-1,disconnect,1.0,15,216.9319999999998,2,1000,1,2,1,2,1,2,1,2,1,False,1,1,0,1,1,0
s02-r1-disconnect-n5-1,2,1,disconnect-n5-1,disconnect,1.0,16,241.22000000000023,2,1000,1,2,1,2,1,2,1,2,1,False,1,1,0,1,1,0
s02-r1-disconnect-n5-1,2,1,disconnect-n5-1,disconnect,1.0,17,249.6480000000001,1,1000,1,1,1,1,1,2,1,2,1,False,1,1,0,0,0,0
s02-r1-disconnect-n5-1,2,1,disconnect-n5-1,disconnect,1.0,18,258.0159999999996,2,1000,1,2,1,2,1,2,1,2,1,False,1,1,0,1,1,0
s02-r1-disconnect-n5-1,2,1,disconnect-n5-1,disconnect,1.0,19,306.6279999999997,1,863,1,2,1,2,1,1,1,2,1,True,0,0,0,1,0,1
s02-r1-disconnect-n5-1,2,1,disconnect-n5-1,disconnect,1.0,20,322.65200000000004,2,1000,1,2,1,2,1,1,1,1,1,False,1,1,0,0,0,0
s02-r1-disconnect-n5-1,2,1,disconnect-n5-1,disconnect,1.0,21,338.52400000000034,2,1000,1,2,1,2,1,1,1,1,1,False,1,1,0,0,0,0
s02-r1-disconnect-n5-1,2,1,disconnect-n5-1,disconnect,1.0,22,362.3360000000002,2,1000,1,1,1,1,1,1,1,1,1,False,0,0,0,0,0,0
s02-r1-disconnect-n5-1,2,1,disconnect-n5-1,disconnect,1.0,23,379.02800000000025,1,1000,1,2,1,2,1,2,1,2,1,False,0,0,0,0,0,0
s02-r2-disconnect-n10-1,2,2,disconnect-n10-1,disconnect,1.0,0,1.0,1,1000,1,1,1,1,1,2,1,2,1,False,1,1,0,0,0,0
s02-r2-disconnect-n10-1,2,2,disconnect-n10-1,disconnect,1.0,1,9.011999999999716,1,1000,1,1,1,1,1,2,1,2,1,False,1,1,0,0,0,0
s02-r2-disconnect-n10-1,2,2,disconnect-n10-1,disconnect,1.0,2,24.49200000000019,2,1000,1,1,1,1,1,1,1,1,1,False,0,0,0,0,0,0
s02-r2-disconnect-n10-1,2,2,disconnect-n10-1,disconnect,1.0,3,32.52400000000034,1,1000,1,1,1,1,1,2,1,2,1,False,1,1,0,0,0,0
s02-r2-disconnect-n10-1,2,2,disconnect-n10-1,disconnect,1.0,4,48.63600000000042,1,1000,1,1,1,1,1,2,1,2,1,False,1,1,0,0,0,0
s02-r2-disconnect-n10-1,2,2,disconnect-n10-1,disconnect,1.0,5,64.5600000000004,2,1000,1,1,1,1,1,1,1,1,1,False,0,0,0,0,0,0
s02-r2-disconnect-n10-1,2,2,disconnect-n10-1,disconnect,1.0,6,80.17600000000039,1,1000,1,1,1,1,1,1,1,1,1,False,1,1,0,1,1,0
s02-r2-disconnect-n10-1,2,2,disconnect-n10-1,disconnect,1.0,7,103.42000000000009,1,1000,1,1,1,1,1,1,1,1,1,False,1,1,0,1,1,0
s02-r2-disconnect-n10-1,2,2,disconnect-n10-1,disconnect,1.0,8,119.76800000000004,2,958,1,1,1,1,1,1,1,1,1,True,0,0,0,0,0,0
s02-r2-disconnect-n10-1,2,2,disconnect-n10-1,disconnect,1.0,9,160.7520000000004,1,1000,1,1,1,1,1,1,1,1,1,False,1,1,0,1,1,0
s02-r2-disconnect-n10-1,2,2,disconnect-n10-1,disconnect,1.0,10,176.72000000000023,2,910,1,1,1,1,1,2,1,1,1,True,0,0,0,1,0,1
s02-r2-disconnect-n10-1,2,2,disconnect-n10-1,disconnect,1.0,11,192.65599999999995,2,1000,1,1,1,1,1,1,1,1,1,False,0,0,0,0,0,0
s02-r2-disconnect-n10-1,2,2,disconnect-n10-1,disconnect,1.0,12,200.5,1,1000,1,1,1,1,1,1,1,1,1,False,1,1,0,1,1,0
s02-r2-disconnect-n10-1,2,2,disconnect-n10-1,disconnect,1.0,13,216.9319999999998,2,1000,1,1,1,1,1,2,1,2,1,False,0,0,0,1,1,0
s02-r2-disconnect-n10-1,2,2,disconnect-n10-1,disconnect,1.0,14,224.83200000000036,1,1000,1,1,1,1,1,2,1,2,1,False,1,1,0,0,0,0
s02-r2-disconnect-n10-1,2,2,disconnect-n10-1,disconnect,1.0,15,249.6480000000001,1,1000,1,1,1,1,1,2,1,2,1,False,1,1,0,0,0,0
s02-r2-disconnect-n10-1,2,2,disconnect-n10-1,disconnect,1.0,16,282.808,2,1000,1,2,1,2,1,2,1,2,1,False,1,1,0,1,1,0
s02-r2-disconnect-n10-1,2,2,disconnect-n10-1,disconnect,1.0,17,290.8879999999999,1,620,1,1,1,2,1,1,1,1,1,True,1,0,1,1,1,0
s02-r2-disconnect-n10-1,2,2,disconnect-n10-1,disconnect,1.0,18,298.77599999999984,2,1000,1,1,1,1,1,1,1,1,1,False,0,0,0,0,0,0
s02-r2-disconnect-n10-1,2,2,disconnect-n10-1,disconnect,1.0,19,314.32800000000043,2,1000,1,1,1,1,1,1,1,1,1,False,0,0,0,0,0,0
s02-r2-disconnect-n10-1,2,2,disconnect-n10-1,disconnect,1.0,20,338.52400000000034,2,1000,1,1,1,1,1,1,1,1,1,False,0,0,0,0,0,0
s02-r2-disconnect-n10-1,2,2,disconnect-n10-1,disconnect,1.0,21,347.0,2,1000,1,2,1,2,1,2,1,2,1,False,1,1,0,1,1,0
s02-r2-disconnect-n10-1,2,2,disconnect-n10-1,disconnect,1.0,22,354.6239999999998,2,1000,1,1,1,1,1,2,1,2,1,False,0,0,0,1,1,0
s02-r2-disconnect-n10-1,2,2,disconnect-n10-1,disconnect,1.0,23,379.02800000000025,1,1000,1,2,1,2,1,1,1,1,1,False,0,0,0,1,1,0
s02-r2-disconnect-n2-1,2,2,disconnect-n2-1,disconnect,1.0,0,1.0,1,1000,1,1,1,1,1,2,1,2,1,False,1,1,0,0,0,0
s02-r2-disconnect-n2-1,2,2,disconnect-n2-1,disconnect,1.0,1,9.011999999999716,1,1000,1,1,1,1,1,2,1,2,1,False,1,1,0,0,0,0
s02-r2-disconnect-n2-1,2,2,disconnect-n2-1,disconnect,1.0,2,24.49200000000019,2,1000,1,1,1,1,1,1,1,1,1,False,0,0,0,0,0,0
s02-r2-disconnect-n2-1,2,2,disconnect-n2-1,disconnect,1.0,3,32.52400000000034,1,751,1,1,1,1,1,2,1,2,1,True,1,1,0,0,0,0
s02-r2-disconnect-n2-1,2,2,disconnect-n2-1,disconnect,1.0,4,48.63600000000042,1,1000,1,1,1,1,1,2,1,2,1,False,1,1,0,0,0,0
s02-r2-disconnect-n2-1,2,2,disconnect-n2-1,disconnect,1.0,5,64.5600000000004,2,1000,1,1,1,1,1,1,1,1,1,False,0,0,0,0,0,0
s02-r2-disconnect-n2-1,2,2,disconnect-n2-1,disconnect,1.0,6,80.17600000000039,1,1000,1,1,1,1,1,1,1,1,1,False,1,1,0,1,1,0
s02-r2-disconnect-n2-1,2,2,disconnect-n2-1,disconnect,1.0,7,103.42000000000009,1,1000,1,1,1,1,1,1,1,1,1,False,1,1,0,1,1,0
s02-r2-disconnect-n2-1,2,2,disconnect-n2-1,disconnect,1.0,8,119.76800000000004,2,1000,1,1,1,1,1,1,1,1,1,False,0,0,0,0,0,0
s02-r2-disconnect-n2-1,2,2,disconnect-n2-1,disconnect,1.0,9,160.7520000000004,1,1000,1,1,1,1,1,1,1,1,1,False,1,1,0,1,1,0
s02-r2-disconnect-n2-1,2,2,disconnect-n2-1,disconnect,1.0,10,176.72000000000023,2,1000,1,1,1,1,1,1,1,1,1,False,0,0,0,0,0,0
s02-r2-disconnect-n2-1,2,2,disconnect-n2-1,disconnect,1.0,11,192.65599999999995,2,1000,1,1,1,1,1,1,1,1,1,False,0,0,0,0,0,0
s02-r2-disconnect-n2-1,2,2,disconnect-n2-1,disconnect,1.0,12,200.5,1,1000,1,1,1,1,1,1,1,1,1,False,1,1,0,1,1,0
s02-r2-disconnect-n2-1,2,2,disconnect-n2-1,disconnect,1.0,13,216.9319999999998,2,1000,1,1,1,1,1,2,1,2,1,False,0,0,0,1,1,0
s02-r2-disconnect-n2-1,2,2,disconnect-n2-1,disconnect,1.0,14,224.83200000000036,1,1000,1,1,1,1,1,2,1,2,1,False,1,1,0,0,0,0
s02-r2-disconnect-n2-1,2,2,disconnect-n2-1,disconnect,1.0,15,249.6480000000001,1,1000,1,1,1,1,1,2,1,2,1,False,1,1,0,0,0,0
s02-r2-disconnect-n2-1,2,2,disconnect-n2-1,disconnect,1.0,16,282.808,2,1000,1,2,1,2,1,2,1,2,1,False,1,1,0,1,1,0
s02-r2-disconnect-n2-1,2,2,disconnect-n2-1,disconnect,1.0,17,290.8879999999999,1,1000,1,2,1,2,1,1,1,1,1,False,0,0,0,1,1,0
s02-r2-disconnect-n2-1,2,2,disconnect-n2-1,disconnect,1.0,18,298.77599999999984,2,1000,1,1,1,1,1,1,1,1,1,False,0,0,0,0,0,0
s02-r2-disconnect-n2-1,2,2,disconnect-n2-1,disconnect,1.0,19,314.32800000000043,2,1000,1,1,1,1,1,1,1,1,1,False,0,0,0,0,0,0
s02-r2-disconnect-n2-1,2,2,disconnect-n2-1,disconnect,1.0,20,338.52400000000034,2,1000,1,1,1,1,1,1,1,1,1,False,0,0,0,0,0,0
s02-r2-disconnect-n2-1,2,2,disconnect-n2-1,disconnect,1.0,21,347.0,2,1000,1,2,1,2,1,2,1,2,1,False,1,1,0,1,1,0
s02-r2-disconnect-n2-1,2,2,disconnect-n2-1,disconnect,1.0,22,354.6239999999998,2,1000,1,1,1,1,1,2,1,2,1,False,0,0,0,1,1,0
s02-r2-disconnect-n2-1,2,2,disconnect-n2-1,disconnect,1.0,23,379.02800000000025,1,1000,1,2,1,2,1,1,1,1,1,False,0,0,0,1,1,0
s02-r2-disconnect-n20-1,2,2,disconnect-n20-1,disconnect,1.0,0,1.0,1,1000,1,1,1,1,1,2,1,2,1,False,1,1,0,0,0,0
s02-r2-disconnect-n20-1,2,2,disconnect-n20-1,disconnect,1.0,1,9.011999999999716,1,1000,1,1,1,1,1,2,1,2,1,False,1,1,0,0,0,0
s02-r2-disconnect-n20-1,2,2,disconnect-n20-1,disconnect,1.0,2,24.49200000000019,2,1000,1,1,1,1,1,1,1,1,1,False,0,0,0,0,0,0
s02-r2-disconnect-n20-1,2,2,disconnect-n20-1,disconnect,1.0,3,32.52400000000034,1,1000,1,1,1,1,1,2,1,2,1,False,1,1,0,0,0,0
s02-r2-disconnect-n20-1,2,2,disconnect-n20-1,disconnect,1.0,4,48.63600000000042,1,701,1,1,1,1,1,1,1,2,1,True,1,1,0,1,0,1
s02-r2-disconnect-n20-1,2,2,disconnect-n20-1,disconnect,1.0,5,64.5600000000004,2,1000,1,1,1,1,1,1,1,1,1,False,0,0,0,0,0,0
s02-r2-disconnect-n20-1,2,2,disconnect-n20-1,disconnect,1.0,6,80.17600000000039,1,1000,1,1,1,1,1,1,1,1,1,False,1,1,0,1,1,0
s02-r2-disconnect-n20-1,2,2,disconnect-n20-1,disconnect,1.0,7,103.42000000000009,1,1000,1,1,1,1,1,1,1,1,1,False,1,1,0,1,1,0
s02-r2-disconnect-n20-1,2,2,disconnect-n20-1,disconnect,1.0,8,119.76800000000004,2,808,1,1,1,1,1,1,1,1,1,True,0,0,0,0,0,0
s02-r2-disconnect-n20-1,2,2,disconnect-n20-1,disconnect,1.0,9,160.7520000000004,1,1000,1,1,1,1,1,1,1,1,1,False,1,1,0,1,1,0
s02-r2-disconnect-n20-1,2,2,disconnect-n20-1,disconnect,1.0,10,176.72000000000023,2,620,1,2,1,1,1,1,1,1,1,True,1,0,1,0,0,0
s02-r2-disconnect-n20-1,2,2,disconnect-n20-1,disconnect,1.0,11,192.65599999999995,2,1000,1,1,1,1,1,1,1,1,1,False,0,0,0,0,0,0
s02-r2-disconnect-n20-1,2,2,disconnect-n20-1,disconnect,1.0,12,200.5,1,725,1,1,1,1,1,1,1,1,1,True,1,1,0,1,1,0
s02-r2-disconnect-n20-1,2,2,disconnect-n20-1,disconnect,1.0,13,216.9319999999998,2,1000,1,1,1,1,1,2,1,2,1,False,0,0,0,1,1,0
s02-r2-disconnect-n20-1,2,2,disconnect-n20-1,disconnect,1.0,14,224.83200000000036,1,1000,1,1,1,1,1,2,1,2,1,False,1,1,0,0,0,0
s02-r2-disconnect-n20-1,2,2,disconnect-n20-1,disconnect,1.0,15,249.6480000000001,1,892,1,1,1,1,1,2,1,2,1,True,1,1,0,0,0,0
s02-r2-disconnect-n20-1,2,2,disconnect-n20-1,disconnect,1.0,16,282.808,2,1000,1,2,1,2,1,2,1,2,1,False,1,1,0,1,1,0
s02-r2-disconnect-n20-1,2,2,disconnect-n20-1,disconnect,1.0,17,290.8879999999999,1,692,1,2,1,2,1,2,1,1,1,True,0,0,0,0,1,1
s02-r2-disconnect-n20-1,2,2,disconnect-n20-1,disconnect,1.0,18,298.77599999999984,2,1000,1,1,1,1,1,1,1,1,1,False,0,0,0,0,0,0
s02-r2-disconnect-n20-1,2,2,disconnect-n20-1,disconnect,1.0,19,314.32800000000043,2,1000,1,1,1,1,1,1,1,1,1,False,0,0,0,0,0,0
s02-r2-disconnect-n20-1,2,2,disconnect-n20-1,disconnect,1.0,20,338.52400000000034,2,620,1,1,1,1,1,1,1,1,1,True,0,0,0,0,0,0
s02-r2-disconnect-n20-1,2,2,disconnect-n20-1,disconnect,1.0,21,347.0,2,1000,1,2,1,2,1,2,1,2,1,False,1,1,0,1,1,0
s02-r2-disconnect-n20-1,2,2,disconnect-n20-1,disconnect,1.0,22,354.6239999999998,2,1000,1,1,1,1,1,2,1,2,1,False,0,0,0,1,1,0
s02-r2-disconnect-n20-1,2,2,disconnect-n20-1,disconnect,1.0,23,379.02800000000025,1,1000,1,2,1,2,1,1,1,1,1,False,0,0,0,1,1,0
s02-r2-disconnect-n5-1,2,2,disconnect-n5-1,disconnect,1.0,0,1.0,1,1000,1,1,1,1,1,2,1,2,1,False,1,1,0,0,0,0
s02-r2-disconnect-n5-1,2,2,disconnect-n5-1,disconnect,1.0,1,9.011999999999716,1,1000,1,1,1,1,1,2,1,2,1,False,1,1,0,0,0,0
s02-r2-disconnect-n5-1,2,2,disconnect-n5-1,disconnect,1.0,2,24.49200000000019,2,1000,1,1,1,1,1,1,1,1,1,False,0,0,0,0,0,0
s02-r2-disconnect-n5-1,2,2,disconnect-n5-1,disconnect,1.0,3,32.52400000000034,1,1000,1,1,1,1,1,2,1,2,1,False,1,1,0,0,0,0
s02-r2-disconnect-n5-1,2,2,disconnect-n5-1,disconnect,1.0,4,48.63600000000042,1,1000,1,1,1,1,1,2,1,2,1,False,1,1,0,0,0,0
s02-r2-disconnect-n5-1,2,2,disconnect-n5-1,disconnect,1.0,5,64.5600000000004,2,1000,1,1,1,1,1,1,1,1,1,False,0,0,0,0,0,0
s02-r2-disconnect-n5-1,2,2,disconnect-n5-1,disconnect,1.0,6,80.17600000000039,1,1000,1,1,1,1,1,1,1,1,1,False,1,1,0,1,1,0
s02-r2-disconnect-n5-1,2,2,disconnect-n5-1,disconnect,1.0,7,103.42000000000009,1,1000,1,1,1,1,1,1,1,1,1,False,1,1,0,1,1,0
s02-r2-disconnect-n5-1,2,2,disconnect-n5-1,disconnect,1.0,8,119.76800000000004,2,620,1,1,1,1,1,1,1,1,1,True,0,0,0,0,0,0
s02-r2-disconnect-n5-1,2,2,disconnect-n5-1,disconnect,1.0,9,160.7520000000004,1,1000,1,1,1,1,1,1,1,1,1,False,1,1,0,1,1,0
s02-r2-disconnect-n5-1,2,2,disconnect-n5-1,disconnect,1.0,10,176.72000000000023,2,1000,1,1,1,1,1,1,1,1,1,False,0,0,0,0,0,0
s02-r2-disconnect-n5-1,2,2,disconnect-n5-1,disconnect,1.0,11,192.65599999999995,2,1000,1,1,1,1,1,1,1,1,1,False,0,0,0,0,0,0
s02-r2-disconnect-n5-1,2,2,disconnect-n5-1,disconnect,1.0,12,200.5,1,1000,1,1,1,1,1,1,1,1,1,False,1,1,0,1,1,0
s02-r2-disconnect-n5-1,2,2,disconnect-n5-1,disconnect,1.0,13,216.9319999999998,2,1000,1,1,1,1,1,2,1,2,1,False,0,0,0,1,1,0
s02-r2-disconnect-n5-1,2,2,disconnect-n5-1,disconnect,1.0,14,224.83200000000036,1,1000,1,1,1,1,1,2,1,2,1,False,1,1,0,0,0,0
s02-r2-disconnect-n5-1,2,2,disconnect-n5-1,disconnect,1.0,15,249.6480000000001,1,620,1,1,1,1,1,1,1,2,1,True,1,1,0,1,0,1
s02-r2-disconnect-n5-1,2,2,disconnect-n5-1,disconnect,1.0,16,282.808,2,1000,1,2,1,2,1,2,1,2,1,False,1,1,0,1,1,0
s02-r2-disconnect-n5-1,2,2,disconnect-n5-1,disconnect,1.0,17,290.8879999999999,1,1000,1,2,1,2,1,1,1,1,1,False,0,0,0,1,1,0
s02-r2-disconnect-n5-1,2,2,disconnect-n5-1,disconnect,1.0,18,298.77599999999984,2,1000,1,1,1,1,1,1,1,1,1,False,0,0,0,0,0,0
s02-r2-disconnect-n5-1,2,2,disconnect-n5-1,disconnect,1.0,19,314.3279999999995,2,1000,1,1,1,1,1,1,1,1,1,False,0,0,0,0,0,0
s02-r2-disconnect-n5-1,2,2,disconnect-n5-1,disconnect,1.0,20,338.52400000000034,2,1000,1,1,1,1,1,1,1,1,1,False,0,0,0,0,0,0
s02-r2-disconnect-n5-1,2,2,disconnect-n5-1,disconnect,1.0,21,347.0,2,1000,1,2,1,2,1,2,1,2,1,False,1,1,0,1,1,0
s02-r2-disconnect-n5-1,2,2,disconnect-n5-1,disconnect,1.0,22,354.6239999999998,2,1000,1,1,1,1,1,2,1,2,1,False,0,0,0,1,1,0
s02-r2-disconnect-n5-1,2,2,disconnect-n5-1,disconnect,1.0,23,379.02800000000025,1,1000,1,2,1,2,1,1,1,1,1,False,0,0,0,1,1,0
s02-r3-disconnect-n10-1,2,3,disconnect-n10-1,disconnect,1.0,0,1.0,2,1000,1,1,1,1,1,2,1,2,1,False,0,0,0,1,1,0
s02-r3-disconnect-n10-1,2,3,disconnect-n10-1,disconnect,1.0,1,16.683999999999287,1,1000,1,1,1,1,1,2,1,2,1,False,1,1,0,0,0,0
s02-r3-disconnect-n10-1,2,3,disconnect-n10-1,disconnect,1.0,2,48.63600000000042,1,1000,1,1,1,1,1,2,1,2,1,False,1,1,0,0,0,0
s02-r3-disconnect-n10-1,2,3,disconnect-n10-1,disconnect,1.0,3,56.83599999999933,1,1000,1,2,1,2,1,1,1,1,1,False,0,0,0,1,1,0
s02-r3-disconnect-n10-1,2,3,disconnect-n10-1,disconnect,1.0,4,72.55199999999968,2,1000,1,1,1,1,1,1,1,1,1,False,0,0,0,0,0,0
s02-r3-disconnect-n10-1,2,3,disconnect-n10-1,disconnect,1.0,5,103.42000000000009,2,625,1,2,1,2,1,1,1,1,1,True,1,1,0,0,0,0
s02-r3-disconnect-n10-1,2,3,disconnect-n10-1,disconnect,1.0,6,111.28800000000048,1,1000,1,2,1,2,1,1,1,1,1,False,0,0,0,1,1,0
s02-r3-disconnect-n10-1,2,3,disconnect-n10-1,disconnect,1.0,7,127.79999999999929,2,930,1,1,1,1,1,1,1,1,1,True,0,0,0,0,0,0
s02-r3-disconnect-n10-1,2,3,disconnect-n10-1,disconnect,1.0,8,144.20800000000054,1,1000,1,2,1,2,1,2,1,2,1,False,0,0,0,0,0,0
s02-r3-disconnect-n10-1,2,3,disconnect-n10-1,disconnect,1.0,9,169.07200000000012,2,1000,1,2,1,2,1,2,1,2,1,False,1,1,0,1,1,0
s02-r3-disconnect-n10-1,2,3,disconnect-n10-1,disconnect,1.0,10,192.6560000000009,1,1000,1,1,1,1,1,2,1,2,1,False,1,1,0,0,0,0
s02-r3-disconnect-n10-1,2,3,disconnect-n10-1,disconnect,1.0,11,200.5,2,1000,1,2,1,2,1,1,1,1,1,False,1,1,0,0,0,0
s02-r3-disconnect-n10-1,2,3,disconnect-n10-1,disconnect,1.0,12,208.9159999999993,2,1000,1,2,1,2,1,2,1,2,1,False,1,1,0,1,1,0
s02-r3-disconnect-n10-1,2,3,disconnect-n10-1,disconnect,1.0,13,232.9359999999997,2,620,1,2,1,2,1,2,1,2,1,True,1,1,0,1,1,0
s02-r3-disconnect-n10-1,2,3,disconnect-n10-1,disconnect,1.0,14,241.21999999999932,1,1000,1,1,1,1,1,2,1,2,1,False,1,1,0,0,0,0
s02-r3-disconnect-n10-1,2,3,disconnect-n10-1,disconnect,1.0,15,249.64799999999923,1,1000,1,1,1,1,1,1,1,1,1,False,1,1,0,1,1,0
s02-r3-disconnect-n10-1,2,3,disconnect-n10-1,disconnect,1.0,16,266.3799999999992,2,1000,1,2,1,2,1,2,1,2,1,False,1,1,0,1,1,0
s02-r3-disconnect-n10-1,2,3,disconnect-n10-1,disconnect,1.0,17,274.5519999999997,1,1000,1,2,1,2,1,2,1,2,1,False,0,0,0,0,0,0
s02-r3-disconnect-n10-1,2,3,disconnect-n10-1,disconnect,1.0,18,290.88800000000083,2,1000,1,2,1,2,1,1,1,1,1,False,1,1,0,0,0,0
s02-r3-disconnect-n10-1,2,3,disconnect-n10-1,disconnect,1.0,19,298.77599999999984,2,1000,1,2,1,2,1,1,1,1,1,False,1,1,0,0,0,0
s02-r3-disconnect-n10-1,2,3,disconnect-n10-1,disconnect,1.0,20,314.3279999999995,1,1000,1,1,1,1,1,2,1,2,1,False,1,1,0,0,0,0
s02-r3-disconnect-n10-1,2,3,disconnect-n10-1,disconnect,1.0,21,362.3359999999993,1,1000,1,2,1,2,1,2,1,2,1,False,0,0,0,0,0,0
s02-r3-disconnect-n10-1,2,3,disconnect-n10-1,disconnect,1.0,22,370.79199999999946,2,1000,1,1,1,1,1,2,1,2,1,False,0,0,0,1,1,0
s02-r3-disconnect-n10-1,2,3,disconnect-n10-1,disconnect,1.0,23,379.02800000000025,1,1000,1,1,1,1,1,1,1,1,1,False,1,1,0,1,1,0
s02-r3-disconnect-n2-1,2,3,disconnect-n2-1,disconnect,1.0,0,1.0,2,1000,1,1,1,1,1,2,1,2,1,False,0,0,0,1,1,0
s02-r3-disconnect-n2-1,2,3,disconnect-n2-1,disconnect,1.0,1,16.683999999999287,1,1000,1,1,1,1,1,2,1,2,1,False,1,1,0,0,0,0
s02-r3-disconnect-n2-1,2,3,disconnect-n2-1,disconnect,1.0,2,48.63600000000042,1,1000,1,1,1,1,1,2,1,2,1,False,1,1,0,0,0,0
s02-r3-disconnect-n2-1,2,3,disconnect-n2-1,disconnect,1.0,3,56.83599999999933,1,1000,1,2,1,2,1,1,1,1,1,False,0,0,0,1,1,0
s02-r3-disconnect-n2-1,2,3,disconnect-n2-1,disconnect,1.0,4,72.55199999999968,2,1000,1,1,1,1,1,1,1,1,1,False,0,0,0,0,0,0
s02-r3-disconnect-n2-1,2,3,disconnect-n2-1,disconnect,1.0,5,103.42000000000009,2,1000,1,2,1,2,1,1,1,1,1,False,1,1,0,0,0,0
s02-r3-disconnect-n2-1,2,3,disconnect-n2-1,disconnect,1.0,6,111.28800000000048,1,1000,1,2,1,2,1,1,1,1,1,False,0,0,0,1,1,0
s02-r3-disconnect-n2-1,2,3,disconnect-n2-1,disconnect,1.0,7,127.79999999999929,2,1000,1,1,1,1,1,1,1,1,1,False,0,0,0,0,0,0
s02-r3-disconnect-n2-1,2,3,disconnect-n2-1,disconnect,1.0,8,144.20800000000054,1,1000,1,2,1,2,1,2,1,2,1,False,0,0,0,0,0,0
s02-r3-disconnect-n2-1,2,3,disconnect-n2-1,disconnect,1.0,9,169.07200000000012,2,1000,1,2,1,2,1,2,1,2,1,False,1,1,0,1,1,0
s02-r3-disconnect-n2-1,2,3,disconnect-n2-1,disconnect,1.0,10,192.6560000000009,1,1000,1,1,1,1,1,2,1,2,1,False,1,1,0,0,0,0
s02-r3-disconnect-n2-1,2,3,disconnect-n2-1,disconnect,1.0,11,200.5,2,1000,1,2,1,2,1,1,1,1,1,False,1,1,0,0,0,0
s02-r3-disconnect-n2-1,2,3,disconnect-n2-1,disconnect,1.0,12,208.9159999999993,2,1000,1,2,1,2,1,2,1,2,1,False,1,1,0,1,1,0
s02-r3-disconnect-n2-1,2,3,disconnect-n2-1,disconnect,1.0,13,232.9359999999997,2,1000,1,2,1,2,1,2,1,2,1,False,1,1,0,1,1,0
s02-r3-disconnect-n2-1,2,3,disconnect-n2-1,disconnect,1.0,14,241.21999999999932,1,1000,1,1,1,1,1,2,1,2,1,False,1,1,0,0,0,0
s02-r3-disconnect-n2-1,2,3,disconnect-n2-1,disconnect,1.0,15,249.64799999999923,1,1000,1,1,1,1,1,1,1,1,1,False,1,1,0,1,1,0
s02-r3-disconnect-n2-1,2,3,disconnect-n2-1,disconnect,1.0,16,266.3799999999992,2,1000,1,2,1,2,1,2,1,2,1,False,1,1,0,1,1,0
s02-r3-disconnect-n2-1,2,3,disconnect-n2-1,disconnect,1.0,17,274.5519999999997,1,1000,1,2,1,2,1,2,1,2,1,False,0,0,0,0,0,0
s02-r3-disconnect-n2-1,2,3,disconnect-n2-1,disconnect,1.0,18,290.88800000000083,2,1000,1,2,1,2,1,1,1,1,1,False,1,1,0,0,0,0
s02-r3-disconnect-n2-1,2,3,disconnect-n2-1,disconnect,1.0,19,298.77599999999984,2,1000,1,2,1,2,1,1,1,1,1,False,1,1,0,0,0,0
s02-r3-disconnect-n2-1,2,3,disconnect-n2-1,disconnect,1.0,20,314.3279999999995,1,1000,1,1,1,1,1,2,1,2,1,False,1,1,0,0,0,0
s02-r3-disconnect-n2-1,2,3,disconnect-n2-1,disconnect,1.0,21,362.3359999999993,1,1000,1,2,1,2,1,2,1,2,1,False,0,0,0,0,0,0
s02-r3-disconnect-n2-1,2,3,disconnect-n2-1,disconnect,1.0,22,370.79199999999946,2,1000,1,1,1,1,1,2,1,2,1,False,0,0,0,1,1,0
s02-r3-disconnect-n2-1,2,3,disconnect-n2-1,disconnect,1.0,23,379.02800000000025,1,1000,1,1,1,1,1,1,1,1,1,False,1,1,0,1,1,0
s02-r3-disconnect-n20-1,2,3,disconnect-n20-1,disconnect,1.0,0,1.0,2,1000,1,1,1,1,1,2,1,2,1,False,0,0,0,1,1,0
s02-r3-disconnect-n20-1,2,3,disconnect-n20-1,disconnect,1.0,1,16.683999999999287,1,1000,1,1,1,1,1,2,1,2,1,False,1,1,0,0,0,0
s02-r3-disconnect-n20-1,2,3,disconnect-n20-1,disconnect,1.0,2,48.63600000000042,1,1000,1,1,1,1,1,2,1,2,1,False,1,1,0,0,0,0
s02-r3-disconnect-n20-1,2,3,disconnect-n20-1,disconnect,1.0,3,56.83599999999933,1,620,1,2,1,2,1,2,1,1,1,True,0,0,0,0,1,1
s02-r3-disconnect-n20-1,2,3,disconnect-n20-1,disconnect,1.0,4,72.55199999999968,2,620,1,1,1,1,1,1,1,1,1,True,0,0,0,0,0,0
s02-r3-disconnect-n20-1,2,3,disconnect-n20-1,disconnect,1.0,5,103.42000000000009,2,620,1,2,1,2,1,1,1,1,1,True,1,1,0,0,0,0
s02-r3-disconnect-n20-1,2,3,disconnect-n20-1,disconnect,1.0,6,111.28800000000048,1,1000,1,2,1,2,1,1,1,1,1,False,0,0,0,1,1,0
s02-r3-disconnect-n20-1,2,3,disconnect-n20-1,disconnect,1.0,7,127.79999999999929,2,1000,1,1,1,1,1,1,1,1,1,False,0,0,0,0,0,0
s02-r3-disconnect-n20-1,2,3,disconnect-n20-1,disconnect,1.0,8,144.20800000000054,1,1000,1,2,1,2,1,2,1,2,1,False,0,0,0,0,0,0
s02-r3-disconnect-n20-1,2,3,disconnect-n20-1,disconnect,1.0,9,169.07200000000012,2,1000,1,2,1,2,1,2,1,2,1,False,1,1,0,1,1,0
s02-r3-disconnect-n20-1,2,3,disconnect-n20-1,disconnect,1.0,10,192.6560000000009,1,620,1,2,1,1,1,2,1,2,1,True,0,1,1,0,0,0
s02-r3-disconnect-n20-1,2,3,disconnect-n20-1,disconnect,1.0,11,200.5,2,1000,1,2,1,2,1,1,1,1,1,False,1,1,0,0,0,0
s02-r3-disconnect-n20-1,2,3,disconnect-n20-1,disconnect,1.0,12,208.9159999999993,2,620,1,2,1,2,1,2,1,2,1,True,1,1,0,1,1,0
s02-r3-disconnect-n20-1,2,3,disconnect-n20-1,disconnect,1.0,13,232.9359999999997,2,620,1,2,1,2,1,2,1,2,1,True,1,1,0,1,1,0
s02-r3-disconnect-n20-1,2,3,disconnect-n20-1,disconnect,1.0,14,241.21999999999932,1,1000,1,1,1,1,1,2,1,2,1,False,1,1,0,0,0,0
s02-r3-disconnect-n20-1,2,3,disconnect-n20-1,disconnect,1.0,15,249.64799999999923,1,1000,1,1,1,1,1,1,1,1,1,False,1,1,0,1,1,0
s02-r3-disconnect-n20-1,2,3,disconnect-n20-1,disconnect,1.0,16,266.3799999999992,2,620,1,2,1,2,1,1,1,2,1,True,1,1,0,0,1,1
s02-r3-disconnect-n20-1,2,3,disconnect-n20-1,disconnect,1.0,17,274.5519999999997,1,1000,1,2,1,2,1,2,1,2,1,False,0,0,0,0,0,0
s02-r3-disconnect-n20-1,2,3,disconnect-n20-1,disconnect,1.0,18,290.88800000000083,2,983,1,2,1,2,1,1,1,1,1,True,1,1,0,0,0,0
s02-r3-disconnect-n20-1,2,3,disconnect-n20-1,disconnect,1.0,19,298.77599999999984,2,1000,1,2,1,2,1,1,1,1,1,False,1,1,0,0,0,0
s02-r3-disconnect-n20-1,2,3,disconnect-n20-1,disconnect,1.0,20,314.3279999999995,1,1000,1,1,1,1,1,2,1,2,1,False,1,1,0,0,0,0
s02-r3-disconnect-n20-1,2,3,disconnect-n20-1,disconnect,1.0,21,362.3359999999993,1,884,1,2,1,2,1,2,1,2,1,True,0,0,0,0,0,0
s02-r3-disconnect-n20-1,2,3,disconnect-n20-1,disconnect,1.0,22,370.79199999999946,2,1000,1,1,1,1,1,2,1,2,1,False,0,0,0,1,1,0
s02-r3-disconnect-n20-1,2,3,disconnect-n20-1,disconnect,1.0,23,379.02800000000025,1,1000,1,1,1,1,1,1,1,1,1,False,1,1,0,1,1,0
s02-r3-disconnect-n5-1,2,3,disconnect-n5-1,disconnect,1.0,0,1.0,2,1000,1,1,1,1,1,2,1,2,1,False,0,0,0,1,1,0
s02-r3-disconnect-n5-1,2,3,disconnect-n5-1,disconnect,1.0,1,16.683999999999287,1,1000,1,1,1,1,1,2,1,2,1,False,1,1,0,0,0,0
s02-r3-disconnect-n5-1,2,3,disconnect-n5-1,disconnect,1.0,2,48.63600000000042,1,1000,1,1,1,1,1,2,1,2,1,False,1,1,0,0,0,0
s02-r3-disconnect-n5-1,2,3,disconnect-n5-1,disconnect,1.0,3,56.83599999999933,1,620,1,2,1,2,1,1,1,1,1,True,0,0,0,1,1,0
s02-r3-disconnect-n5-1,2,3,disconnect-n5-1,disconnect,1.0,4,72.55199999999968,2,1000,1,1,1,1,1,1,1,1,1,False,0,0,0,0,0,0
s02-r3-disconnect-n5-1,2,3,disconnect-n5-1,disconnect,1.0,5,103.42000000000009,2,1000,1,2,1,2,1,1,1,1,1,False,1,1,0,0,0,0
s02-r3-disconnect-n5-1,2,3,disconnect-n5-1,disconnect,1.0,6,111.28800000000048,1,1000,1,2,1,2,1,1,1,1,1,False,0,0,0,1,1,0
s02-r3-disconnect-n5-1,2,3,disconnect-n5-1,disconnect,1.0,7,127.79999999999929,2,1000,1,1,1,1,1,1,1,1,1,False,0,0,0,0,0,0
s02-r3-disconnect-n5-1,2,3,disconnect-n5-1,disconnect,1.0,8,144.20800000000054,1,1000,1,2,1,2,1,2,1,2,1,False,0,0,0,0,0,0
s02-r3-disconnect-n5-1,2,3,disconnect-n5-1,disconnect,1.0,9,169.07200000000012,2,1000,1,2,1,2,1,2,1,2,1,False,1,1,0,1,1,0
s02-r3-disconnect-n5-1,2,3,disconnect-n5-1,disconnect,1.0,10,192.6560000000009,1,1000,1,1,1,1,1,2,1,2,1,False,1,1,0,0,0,0
s02-r3-disconnect-n5-1,2,3,disconnect-n5-1,disconnect,1.0,11,200.5,2,1000,1,2,1,2,1,1,1,1,1,False,1,1,0,0,0,0
s02-r3-disconnect-n5-1,2,3,disconnect-n5-1,disconnect,1.0,12,208.9159999999993,2,1000,1,2,1,2,1,2,1,2,1,False,1,1,0,1,1,0
s02-r3-disconnect-n5-1,2,3,disconnect-n5-1,disconnect,1.0,13,232.9359999999997,2,1000,1,2,1,2,1,2,1,2,1,False,1,1,0,1,1,0
s02-r3-disconnect-n5-1,2,3,disconnect-n5-1,disconnect,1.0,14,241.21999999999932,1,620,1,2,1,1,1,2,1,2,1,True,0,1,1,0,0,0
s02-r3-disconnect-n5-1,2,3,disconnect-n5-1,disconnect,1.0,15,249.64799999999923,1,1000,1,1,1,1,1,1,1,1,1,False,1,1,0,1,1,0
s02-r3-disconnect-n5-1,2,3,disconnect-n5-1,disconnect,1.0,16,266.3799999999992,2,1000,1,2,1,2,1,2,1,2,1,False,1,1,0,1,1,0
s02-r3-disconnect-n5-1,2,3,disconnect-n5-1,disconnect,1.0,17,274.5519999999997,1,1000,1,2,1,2,1,2,1,2,1,False,0,0,0,0,0,0
s02-r3-disconnect-n5-1,2,3,disconnect-n5-1,disconnect,1.0,18,290.88800000000083,2,1000,1,2,1,2,1,1,1,1,1,False,1,1,0,0,0,0
s02-r3-disconnect-n5-1,2,3,disconnect-n5-1,disconnect,1.0,19,298.77599999999984,2,1000,1,2,1,2,1,1,1,1,1,False,1,1,0,0,0,0
s02-r3-disconnect-n5-1,2,3,disconnect-n5-1,disconnect,1.0,20,314.3279999999995,1,1000,1,1,1,1,1,2,1,2,1,False,1,1,0,0,0,0
s02-r3-disconnect-n5-1,2,3,disconnect-n5-1,disconnect,1.0,21,362.3359999999993,1,1000,1,2,1,2,1,2,1,2,1,False,0,0,0,0,0,0
s02-r3-disconnect-n5-1,2,3,disconnect-n5-1,disconnect,1.0,22,370.79199999999946,2,1000,1,1,1,1,1,2,1,2,1,False,0,0,0,1,1,0
s02-r3-disconnect-n5-1,2,3,disconnect-n5-1,disconnect,1.0,23,379.02800000000025,1,1000,1,1,1,1,1,1,1,1,1,False,1,1,0,1,1,0
s02-r4-disconnect-n10-1,2,4,disconnect-n10-1,disconnect,1.0,0,1.0,2,1000,1,1,1,1,1,2,1,2,1,False,0,0,0,1,1,0
s02-r4-disconnect-n10-1,2,4,disconnect-n10-1,disconnect,1.0,1,9.012000000000626,1,1000,1,1,1,1,1,1,1,1,1,False,1,1,0,1,1,0
s02-r4-disconnect-n10-1,2,4,disconnect-n10-1,disconnect,1.0,2,16.683999999999287,1,1000,1,1,1,1,1,1,1,1,1,False,1,1,0,1,1,0
s02-r4-disconnect-n10-1,2,4,disconnect-n10-1,disconnect,1.0,3,40.96800000000076,2,1000,1,1,1,1,1,1,1,1,1,False,0,0,0,0,0,0
s02-r4-disconnect-n10-1,2,4,disconnect-n10-1,disconnect,1.0,4,64.55999999999949,1,1000,1,1,1,1,1,2,1,2,1,False,1,1,0,0,0,0
s02-r4-disconnect-n10-1,2,4,disconnect-n10-1,disconnect,1.0,5,80.17599999999948,1,1000,1,1,1,1,1,1,1,1,1,False,1,1,0,1,1,0
s02-r4-disconnect-n10-1,2,4,disconnect-n10-1,disconnect,1.0,6,87.7559999999994,1,1000,1,2,1,2,1,1,1,1,1,False,0,0,0,1,1,0
s02-r4-disconnect-n10-1,2,4,disconnect-n10-1,disconnect,1.0,7,95.64400000000025,2,1000,1,2,1,2,1,1,1,1,1,False,1,1,0,0,0,0
s02-r4-disconnect-n10-1,2,4,disconnect-n10-1,disconnect,1.0,8,119.76800000000004,2,1000,1,2,1,2,1,1,1,1,1,False,1,1,0,0,0,0
s02-r4-disconnect-n10-1,2,4,disconnect-n10-1,disconnect,1.0,9,169.07200000000012,2,1000,1,2,1,2,1,1,1,1,1,False,1,1,0,0,0,0
s02-r4-disconnect-n10-1,2,4,disconnect-n10-1,disconnect,1.0,10,176.71999999999937,2,1000,1,1,1,1,1,2,1,2,1,False,0,0,0,1,1,0
s02-r4-disconnect-n10-1,2,4,disconnect-n10-1,disconnect,1.0,11,192.6560000000009,1,1000,1,1,1,1,1,1,1,1,1,False,1,1,0,1,1,0
s02-r4-disconnect-n10-1,2,4,disconnect-n10-1,disconnect,1.0,12,200.5,2,1000,1,1,1,1,1,1,1,1,1,False,0,0,0,0,0,0
s02-r4-disconnect-n10-1,2,4,disconnect-n10-1,disconnect,1.0,13,208.9159999999993,2,1000,1,2,1,2,1,2,1,2,1,False,1,1,0,1,1,0
s02-r4-disconnect-n10-1,2,4,disconnect-n10-1,disconnect,1.0,14,216.9320000000007,2,897,1,2,1,2,1,1,1,1,1,True,1,1,0,0,0,0
s02-r4-disconnect-n10-1,2,4,disconnect-n10-1,disconnect,1.0,15,241.21999999999932,1,1000,1,2,1,2,1,1,1,1,1,False,0,0,0,1,1,0
s02-r4-disconnect-n10-1,2,4,disconnect-n10-1,disconnect,1.0,16,258.0159999999996,1,1000,1,1,1,1,1,2,1,2,1,False,1,1,0,0,0,0
s02-r4-disconnect-n10-1,2,4,disconnect-n10-1,disconnect,1.0,17,274.5519999999997,1,1000,1,2,1,2,1,1,1,1,1,False,0,0,0,1,1,0
s02-r4-disconnect-n10-1,2,4,disconnect-n10-1,disconnect,1.0,18,290.88800000000083,1,1000,1,1,1,1,1,2,1,2,1,False,1,1,0,0,0,0
s02-r4-disconnect-n10-1,2,4,disconnect-n10-1,disconnect,1.0,19,306.6280000000006,1,703,1,2,1,2,1,1,1,1,1,True,0,0,0,1,1,0
s02-r4-disconnect-n10-1,2,4,disconnect-n10-1,disconnect,1.0,20,314.3279999999995,2,1000,1,2,1,2,1,2,1,2,1,False,1,1,0,1,1,0
s02-r4-disconnect-n10-1,2,4,disconnect-n10-1,disconnect,1.0,21,347.0,1,1000,1,1,1,1,1,2,1,2,1,False,1,1,0,0,0,0
s02-r4-disconnect-n10-1,2,4,disconnect-n10-1,disconnect,1.0,22,354.6239999999998,2,1000,1,2,1,2,1,2,1,2,1,False,1,1,0,1,1,0
s02-r4-disconnect-n10-1,2,4,disconnect-n10-1,disconnect,1.0,23,370.79199999999946,2,1000,1,2,1,2,1,1,1,1,1,False,1,1,0,0,0,0
s02-r4-disconnect-n2-1,2,4,disconnect-n2-1,disconnect,1.0,0,1.0,2,1000,1,1,1,1,1,2,1,2,1,False,0,0,0,1,1,0
s02-r4-disconnect-n2-1,2,4,disconnect-n2-1,disconnect,1.0,1,9.012000000000626,1,1000,1,1,1,1,1,1,1,1,1,False,1,1,0,1,1,0
s02-r4-disconnect-n2-1,2,4,disconnect-n2-1,disconnect,1.0,2,16.683999999999287,1,1000,1,1,1,1,1,1,1,1,1,False,1,1,0,1,1,0
s02-r4-disconnect-n2-1,2,4,disconnect-n2-1,disconnect,1.0,3,40.96800000000076,2,1000,1,1,1,1,1,1,1,1,1,False,0,0,0,0,0,0
s02-r4-disconnect-n2-1,2,4,disconnect-n2-1,disconnect,1.0,4,64.55999999999949,1,1000,1,1,1,1,1,2,1,2,1,False,1,1,0,0,0,0
s02-r4-disconnect-n2-1,2,4,disconnect-n2-1,disconnect,1.0,5,80.17599999999948,1,1000,1,1,1,1,1,1,1,1,1,False,1,1,0,1,1,0
s02-r4-disconnect-n2-1,2,4,disconnect-n2-1,disconnect,1.0,6,87.7559999999994,1,1000,1,2,1,2,1,1,1,1,1,False,0,0,0,1,1,0
s02-r4-disconnect-n2-1,2,4,disconnect-n2-1,disconnect,1.0,7,95.64400000000025,2,1000,1,2,1,2,1,1,1,1,1,False,1,1,0,0,0,0
s02-r4-disconnect-n2-1,2,4,disconnect-n2-1,disconnect,1.0,8,119.76800000000004,2,1000,1,2,1,2,1,1,1,1,1,False,1,1,0,0,0,0
s02-r4-disconnect-n2-1,2,4,disconnect-n2-1,disconnect,1.0,9,169.07200000000012,2,1000,1,2,1,2,1,1,1,1,1,False,1,1,0,0,0,0
s02-r4-disconnect-n2-1,2,4,disconnect-n2-1,disconnect,1.0,10,176.71999999999937,2,1000,1,1,1,1,1,2,1,2,1,False,0,0,0,1,1,0
s02-r4-disconnect-n2-1,2,4,disconnect-n2-1,disconnect,1.0,11,192.6560000000009,1,1000,1,1,1,1,1,1,1,1,1,False,1,1,0,1,1,0
s02-r4-disconnect-n2-1,2,4,disconnect-n2-1,disconnect,1.0,12,200.5,2,975,1,1,1,1,1,1,1,1,1,True,0,0,0,0,0,0
s02-r4-disconnect-n2-1,2,4,disconnect-n2-1,disconnect,1.0,13,208.9159999999993,2,1000,1,2,1,2,1,2,1,2,1,False,1,1,0,1,1,0
s02-r4-disconnect-n2-1,2,4,disconnect-n2-1,disconnect,1.0,14,216.9320000000007,2,1000,1,2,1,2,1,1,1,1,1,False,1,1,0,0,0,0
s02-r4-disconnect-n2-1,2,4,disconnect-n2-1,disconnect,1.0,15,241.21999999999932,1,1000,1,2,1,2,1,1,1,1,1,False,0,0,0,1,1,0
s02-r4-disconnect-n2-1,2,4,disconnect-n2-1,disconnect,1.0,16,258.0159999999996,1,1000,1,1,1,1,1,2,1,2,1,False,1,1,0,0,0,0
s02-r4-disconnect-n2-1,2,4,disconnect-n2-1,disconnect,1.0,17,274.5519999999997,1,1000,1,2,1,2,1,1,1,1,1,False,0,0,0,1,1,0
s02-r4-disconnect-n2-1,2,4,disconnect-n2-1,disconnect,1.0,18,290.88800000000083,1,1000,1,1,1,1,1,2,1,2,1,False,1,1,0,0,0,0
s02-r4-disconnect-n2-1,2,4,disconnect-n2-1,disconnect,1.0,19,306.6280000000006,1,1000,1,2,1,2,1,1,1,1,1,False,0,0,0,1,1,0
s02-r4-disconnect-n2-1,2,4,disconnect-n2-1,disconnect,1.0,20,314.3279999999995,2,1000,1,2,1,2,1,2,1,2,1,False,1,1,0,1,1,0
s02-r4-disconnect-n2-1,2,4,disconnect-n2-1,disconnect,1.0,21,347.0,1,1000,1,1,1,1,1,2,1,2,1,False,1,1,0,0,0,0
s02-r4-disconnect-n2-1,2,4,disconnect-n2-1,disconnect,1.0,22,354.6239999999998,2,1000,1,2,1,2,1,2,1,2,1,False,1,1,0,1,1,0
s02-r4-disconnect-n2-1,2,4,disconnect-n2-1,disconnect,1.0,23,370.79199999999946,2,1000,1,2,1,2,1,1,1,1,1,False,1,1,0,0,0,0
s02-r4-disconnect-n20-1,2,4,disconnect-n20-1,disconnect,1.0,0,1.0,2,1000,1,1,1,1,1,2,1,2,1,False,0,0,0,1,1,0
s02-r4-disconnect-n20-1,2,4,disconnect-n20-1,disconnect,1.0,1,9.012000000000626,1,1000,1,1,1,1,1,1,1,1,1,False,1,1,0,1,1,0
s02-r4-disconnect-n20-1,2,4,disconnect-n20-1,disconnect,1.0,2,16.683999999999287,1,620,1,1,1,1,1,1,1,1,1,True,1,1,0,1,1,0
s02-r4-disconnect-n20-1,2,4,disconnect-n20-1,disconnect,1.0,3,40.96800000000076,2,843,1,1,1,1,1,2,1,1,1,True,0,0,0,1,0,1
s02-r4-disconnect-n20-1,2,4,disconnect-n20-1,disconnect,1.0,4,64.55999999999949,1,790,1,1,1,1,1,2,1,2,1,True,1,1,0,0,0,0
s02-r4-disconnect-n20-1,2,4,disconnect-n20-1,disconnect,1.0,5,80.17599999999948,1,1000,1,1,1,1,1,1,1,1,1,False,1,1,0,1,1,0
s02-r4-disconnect-n20-1,2,4,disconnect-n20-1,disconnect,1.0,6,87.7559999999994,1,799,1,2,1,2,1,2,1,1,1,True,0,0,0,0,1,1
s02-r4-disconnect-n20-1,2,4,disconnect-n20-1,disconnect,1.0,7,95.64400000000025,2,1000,1,2,1,2,1,1,1,1,1,False,1,1,0,0,0,0
s02-r4-disconnect-n20-1,2,4,disconnect-n20-1,disconnect,1.0,8,119.76800000000004,2,1000,1,2,1,2,1,1,1,1,1,False,1,1,0,0,0,0
s02-r4-disconnect-n20-1,2,4,disconnect-n20-1,disconnect,1.0,9,169.07200000000012,2,1000,1,2,1,2,1,1,1,1,1,False,1,1,0,0,0,0
s02-r4-disconnect-n20-1,2,4,disconnect-n20-1,disconnect,1.0,10,176.71999999999937,2,1000,1,1,1,1,1,2,1,2,1,False,0,0,0,1,1,0
s02-r4-disconnect-n20-1,2,4,disconnect-n20-1,disconnect,1.0,11,192.6560000000009,1,1000,1,1,1,1,1,1,1,1,1,False,1,1,0,1,1,0
s02-r4-disconnect-n20-1,2,4,disconnect-n20-1,disconnect,1.0,12,200.5,2,1000,1,1,1,1,1,1,1,1,1,False,0,0,0,0,0,0
s02-r4-disconnect-n20-1,2,4,disconnect-n20-1,disconnect,1.0,13,208.9159999999993,2,1000,1,1,1,2,1,2,1,2,1,False,0,1,1,1,1,0
s02-r4-disconnect-n20-1,2,4,disconnect-n20-1,disconnect,1.0,14,216.9320000000007,2,1000,1,2,1,2,1,1,1,1,1,False,1,1,0,0,0,0
s02-r4-disconnect-n20-1,2,4,disconnect-n20-1,disconnect,1.0,15,241.21999999999932,1,1000,1,2,1,2,1,1,1,1,1,False,0,0,0,1,1,0
s02-r4-disconnect-n20-1,2,4,disconnect-n20-1,disconnect,1.0,16,258.0159999999996,1,1000,1,1,1,1,1,2,1,2,1,False,1,1,0,0,0,0
s02-r4-disconnect-n20-1,2,4,disconnect-n20-1,disconnect,1.0,17,274.5519999999997,1,868,1,1,1,2,1,2,1,1,1,True,1,0,1,0,1,1
s02-r4-disconnect-n20-1,2,4,disconnect-n20-1,disconnect,1.0,18,290.88800000000083,1,1000,1,1,1,1,1,2,1,2,1,False,1,1,0,0,0,0
s02-r4-disconnect-n20-1,2,4,disconnect-n20-1,disconnect,1.0,19,306.6280000000006,1,1000,1,2,1,2,1,1,1,1,1,False,0,0,0,1,1,0
s02-r4-disconnect-n20-1,2,4,disconnect-n20-1,disconnect,1.0,20,314.3279999999995,2,1000,1,2,1,2,1,2,1,2,1,False,1,1,0,1,1,0
s02-r4-disconnect-n20-1,2,4,disconnect-n20-1,disconnect,1.0,21,347.0,1,1000,1,1,1,1,1,2,1,2,1,False,1,1,0,0,0,0
s02-r4-disconnect-n20-1,2,4,disconnect-n20-1,disconnect,1.0,22,354.6239999999998,2,620,1,2,1,2,1,2,1,2,1,True,1,1,0,1,1,0
s02-r4-disconnect-n20-1,2,4,disconnect-n20-1,disconnect,1.0,23,370.79199999999946,2,1000,1,2,1,2,1,1,1,1,1,False,1,1,0,0,0,0
s02-r4-disconnect-n5-1,2,4,disconnect-n5-1,disconnect,1.0,0,1.0,2,1000,1,1,1,1,1,2,1,2,1,False,0,0,0,1,1,0
s02-r4-disconnect-n5-1,2,4,disconnect-n5-1,disconnect,1.0,1,9.012000000000626,1,1000,1,1,1,1,1,1,1,1,1,False,1,1,0,1,1,0
s02-r4-disconnect-n5-1,2,4,disconnect-n5-1,disconnect,1.0,2,16.683999999999287,1,1000,1,1,1,1,1,1,1,1,1,False,1,1,0,1,1,0
s02-r4-disconnect-n5-1,2,4,disconnect-n5-1,disconnect,1.0,3,40.96800000000076,2,1000,1,1,1,1,1,1,1,1,1,False,0,0,0,0,0,0
s02-r4-disconnect-n5-1,2,4,disconnect-n5-1,disconnect,1.0,4,64.55999999999949,1,1000,1,1,1,1,1,2,1,2,1,False,1,1,0,0,0,0
s02-r4-disconnect-n5-1,2,4,disconnect-n5-1,disconnect,1.0,5,80.17599999999948,1,1000,1,1,1,1,1,1,1,1,1,False,1,1,0,1,1,0
s02-r4-disconnect-n5-1,2,4,disconnect-n5-1,disconnect,1.0,6,87.7559999999994,1,1000,1,2,1,2,1,1,1,1,1,False,0,0,0,1,1,0
s02-r4-disconnect-n5-1,2,4,disconnect-n5-1,disconnect,1.0,7,95.64400000000025,2,1000,1,2,1,2,1,1,1,1,1,False,1,1,0,0,0,0
s02-r4-disconnect-n5-1,2,4,disconnect-n5-1,disconnect,1.0,8,119.76800000000004,2,620,1,2,1,2,1,2,1,1,1,True,1,1,0,1,0,1
s02-r4-disconnect-n5-1,2,4,disconnect-n5-1,disconnect,1.0,9,169.07200000000012,2,1000,1,2,1,2,1,1,1,1,1,False,1,1,0,0,0,0
s02-r4-disconnect-n5-1,2,4,disconnect-n5-1,disconnect,1.0,10,176.71999999999937,2,680,1,2,1,1,1,2,1,2,1,True,1,0,1,1,1,0
s02-r4-disconnect-n5-1,2,4,disconnect-n5-1,disconnect,1.0,11,192.6560000000009,1,1000,1,1,1,1,1,1,1,1,1,False,1,1,0,1,1,0
s02-r4-disconnect-n5-1,2,4,disconnect-n5-1,disconnect,1.0,12,200.5,2,1000,1,1,1,1,1,1,1,1,1,False,0,0,0,0,0,0
s02-r4-disconnect-n5-1,2,4,disconnect-n5-1,disconnect,1.0,13,208.9159999999993,2,1000,1,2,1,2,1,2,1,2,1,False,1,1,0,1,1,0
s02-r4-disconnect-n5-1,2,4,disconnect-n5-1,disconnect,1.0,14,216.9320000000007,2,1000,1,2,1,2,1,1,1,1,1,False,1,1,0,0,0,0
s02-r4-disconnect-n5-1,2,4,disconnect-n5-1,disconnect,1.0,15,241.21999999999932,1,1000,1,2,1,2,1,1,1,1,1,False,0,0,0,1,1,0
s02-r4-disconnect-n5-1,2,4,disconnect-n5-1,disconnect,1.0,16,258.0159999999996,1,1000,1,1,1,1,1,2,1,2,1,False,1,1,0,0,0,0
s02-r4-disconnect-n5-1,2,4,disconnect-n5-1,disconnect,1.0,17,274.5519999999997,1,1000,1,2,1,2,1,1,1,1,1,False,0,0,0,1,1,0
s02-r4-disconnect-n5-1,2,4,disconnect-n5-1,disconnect,1.0,18,290.88800000000083,1,1000,1,1,1,1,1,2,1,2,1,False,1,1,0,0,0,0
s02-r4-disconnect-n5-1,2,4,disconnect-n5-1,disconnect,1.0,19,306.6280000000006,1,1000,1,2,1,2,1,1,1,1,1,False,0,0,0,1,1,0
s02-r4-disconnect-n5-1,2,4,disconnect-n5-1,disconnect,1.0,20,314.3279999999995,2,1000,1,2,1,2,1,2,1,2,1,False,1,1,0,1,1,0
s02-r4-disconnect-n5-1,2,4,disconnect-n5-1,disconnect,1.0,21,347.0,1,1000,1,1,1,1,1,2,1,2,1,False,1,1,0,0,0,0
s02-r4-disconnect-n5-1,2,4,disconnect-n5-1,disconnect,1.0,22,354.6239999999998,2,1000,1,2,1,2,1,2,1,2,1,False,1,1,0,1,1,0
s02-r4-disconnect-n5-1,2,4,disconnect-n5-1,disconnect,1.0,23,370.79199999999946,2,1000,1,2,1,2,1,1,1,1,1,False,1,1,0,0,0,0
s03-r0-disconnect-n10-1,3,0,disconnect-n10-1,disconnect,1.0,0,1.0,1,1000,1,1,1,1,1,1,1,1,1,False,1,1,0,1,1,0
s03-r0-disconnect-n10-1,3,0,disconnect-n10-1,disconnect,1.0,1,9.012000000000173,2,1000,1,2,1,2,1,2,1,2,1,False,1,1,0,1,1,0
s03-r0-disconnect-n10-1,3,0,disconnect-n10-1,disconnect,1.0,2,16.684000000000196,2,1000,1,2,1,2,1,1,1,1,1,False,1,1,0,0,0,0
s03-r0-disconnect-n10-1,3,0,disconnect-n10-1,disconnect,1.0,3,24.49200000000019,1,647,1,1,1,2,1,1,1,1,1,True,1,0,1,1,1,0
s03-r0-disconnect-n10-1,3,0,disconnect-n10-1,disconnect,1.0,4,32.52399999999989,2,1000,1,2,1,2,1,2,1,2,1,False,1,1,0,1,1,0
s03-r0-disconnect-n10-1,3,0,disconnect-n10-1,disconnect,1.0,5,40.96799999999985,1,1000,1,1,1,1,1,1,1,1,1,False,1,1,0,1,1,0
s03-r0-disconnect-n10-1,3,0,disconnect-n10-1,disconnect,1.0,6,48.63599999999997,2,1000,1,2,1,2,1,2,1,2,1,False,1,1,0,1,1,0
s03-r0-disconnect-n10-1,3,0,disconnect-n10-1,disconnect,1.0,7,64.55999999999995,2,1000,1,2,1,2,1,2,1,2,1,False,1,1,0,1,1,0
s03-r0-disconnect-n10-1,3,0,disconnect-n10-1,disconnect,1.0,8,80.17599999999993,1,1000,1,1,1,1,1,1,1,1,1,False,1,1,0,1,1,0
s03-r0-disconnect-n10-1,3,0,disconnect-n10-1,disconnect,1.0,9,95.64400000000025,2,1000,1,2,1,2,1,2,1,2,1,False,1,1,0,1,1,0
s03-r0-disconnect-n10-1,3,0,disconnect-n10-1,disconnect,1.0,10,103.42000000000009,1,1000,1,1,1,1,1,1,1,1,1,False,1,1,0,1,1,0
s03-r0-disconnect-n10-1,3,0,disconnect-n10-1,disconnect,1.0,11,152.4720000000002,1,1000,1,1,1,1,1,1,1,1,1,False,1,1,0,1,1,0
s03-r0-disconnect-n10-1,3,0,disconnect-n10-1,disconnect,1.0,12,169.07200000000012,2,1000,1,2,1,2,1,2,1,2,1,False,1,1,0,1,1,0
s03-r0-disconnect-n10-1,3,0,disconnect-n10-1,disconnect,1.0,13,176.7199999999998,1,1000,1,1,1,1,1,1,1,1,1,False,1,1,0,1,1,0
s03-r0-disconnect-n10-1,3,0,disconnect-n10-1,disconnect,1.0,14,184.84400000000005,1,871,1,1,1,2,1,1,1,1,1,True,1,0,1,1,1,0
s03-r0-disconnect-n10-1,3,0,disconnect-n10-1,disconnect,1.0,15,208.91600000000017,1,1000,1,1,1,1,1,1,1,1,1,False,1,1,0,1,1,0
s03-r0-disconnect-n10-1,3,0,disconnect-n10-1,disconnect,1.0,16,241.2199999999998,1,1000,1,2,1,2,1,1,1,1,1,False,0,0,0,1,1,0
s03-r0-disconnect-n10-1,3,0,disconnect-n10-1,disconnect,1.0,17,249.6480000000001,2,1000,1,2,1,2,1,2,1,2,1,False,1,1,0,1,1,0
s03-r0-disconnect-n10-1,3,0,disconnect-n10-1,disconnect,1.0,18,258.0160000000001,1,1000,1,1,1,1,1,1,1,1,1,False,1,1,0,1,1,0
s03-r0-disconnect-n10-1,3,0,disconnect-n10-1,disconnect,1.0,19,266.3800000000001,2,1000,1,2,1,2,1,2,1,2,1,False,1,1,0,1,1,0
s03-r0-disconnect-n10-1,3,0,disconnect-n10-1,disconnect,1.0,20,274.55200000000013,2,1000,1,2,1,2,1,2,1,2,1,False,1,1,0,1,1,0
s03-r0-disconnect-n10-1,3,0,disconnect-n10-1,disconnect,1.0,21,282.808,1,1000,1,1,1,1,1,1,1,1,1,False,1,1,0,1,1,0
s03-r0-disconnect-n10-1,3,0,disconnect-n10-1,disconnect,1.0,22,290.8879999999999,2,1000,1,2,1,2,1,2,1,2,1,False,1,1,0,1,1,0
s03-r0-disconnect-n10-1,3,0,disconnect-n10-1,disconnect,1.0,23,306.62800000000016,2,1000,1,2,1,2,1,2,1,2,1,False,1,1,0,1,1,0
s03-r0-disconnect-n2-1,3,0,disconnect-n2-1,disconnect,1.0,0,1.0,1,1000,1,1,1,1,1,1,1,1,1,False,1,1,0,1,1,0
s03-r0-disconnect-n2-1,3,0,disconnect-n2-1,disconnect,1.0,1,9.012000000000173,2,1000,1,2,1,2,1,2,1,2,1,False,1,1,0,1,1,0
s03-r0-disconnect-n2-1,3,0,disconnect-n2-1,disconnect,1.0,2,16.684000000000196,2,1000,1,2,1,2,1,1,1,1,1,False,1,1,0,0,0,0
s03-r0-disconnect-n2-1,3,0,disconnect-n2-1,disconnect,1.0,3,24.49200000000019,1,1000,1,2,1,2,1,1,1,1,1,False,0,0,0,1,1,0
s03-r0-disconnect-n2-1,3,0,disconnect-n2-1,disconnect,1.0,4,32.52399999999989,2,1000,1,2,1,2,1,2,1,2,1,False,1,1,0,1,1,0
s03-r0-disconnect-n2-1,3,0,disconnect-n2-1,disconnect,1.0,5,40.96799999999985,1,1000,1,1,1,1,1,1,1,1,1,False,1,1,0,1,1,0
s03-r0-disconnect-n2-1,3,0,disconnect-n2-1,disconnect,1.0,6,48.63599999999997,2,1000,1,2,1,2,1,2,1,2,1,False,1,1,0,1,1,0
s03-r0-disconnect-n2-1,3,0,disconnect-n2-1,disconnect,1.0,7,64.55999999999995,2,1000,1,2,1,2,1,2,1,2,1,False,1,1,0,1,1,0
s03-r0-disconnect-n2-1,3,0,disconnect-n2-1,disconnect,1.0,8,80.17599999999993,1,1000,1,1,1,1,1,1,1,1,1,False,1,1,0,1,1,0
s03-r0-disconnect-n2-1,3,0,disconnect-n2-1,disconnect,1.0,9,95.64399999999978,2,1000,1,2,1,2,1,2,1,2,1,False,1,1,0,1,1,0
s03-r0-disconnect-n2-1,3,0,disconnect-n2-1,disconnect,1.0,10,103.42000000000009,1,1000,1,1,1,1,1,1,1,1,1,False,1,1,0,1,1,0
s03-r0-disconnect-n2-1,3,0,disconnect-n2-1,disconnect,1.0,11,152.4720000000002,1,1000,1,1,1,1,1,1,1,1,1,False,1,1,0,1,1,0
s03-r0-disconnect-n2-1,3,0,disconnect-n2-1,disconnect,1.0,12,169.07200000000012,2,1000,1,2,1,2,1,2,1,2,1,False,1,1,0,1,1,0
s03-r0-disconnect-n2-1,3,0,disconnect-n2-1,disconnect,1.0,13,176.7199999999998,1,1000,1,1,1,1,1,1,1,1,1,False,1,1,0,1,1,0
s03-r0-disconnect-n2-1,3,0,disconnect-n2-1,disconnect,1.0,14,184.84400000000005,1,1000,1,2,1,2,1,1,1,1,1,False,0,0,0,1,1,0
s03-r0-disconnect-n2-1,3,0,disconnect-n2-1,disconnect,1.0,15,208.91600000000017,1,1000,1,1,1,1,1,1,1,1,1,False,1,1,0,1,1,0
s03-r0-disconnect-n2-1,3,0,disconnect-n2-1,disconnect,1.0,16,241.2199999999998,1,1000,1,2,1,2,1,1,1,1,1,False,0,0,0,1,1,0
s03-r0-disconnect-n2-1,3,0,disconnect-n2-1,disconnect,1.0,17,249.6480000000001,2,1000,1,2,1,2,1,2,1,2,1,False,1,1,0,1,1,0
s03-r0-disconnect-n2-1,3,0,disconnect-n2-1,disconnect,1.0,18,258.0160000000001,1,1000,1,1,1,1,1,1,1,1,1,False,1,1,0,1,1,0
s03-r0-disconnect-n2-1,3,0,disconnect-n2-1,disconnect,1.0,19,266.3800000000001,2,1000,1,2,1,2,1,2,1,2,1,False,1,1,0,1,1,0
s03-r0-disconnect-n2-1,3,0,disconnect-n2-1,disconnect,1.0,20,274.55200000000013,2,1000,1,2,1,2,1,2,1,2,1,False,1,1,0,1,1,0
s03-r0-disconnect-n2-1,3,0,disconnect-n2-1,disconnect,1.0,21,282.808,1,1000,1,1,1,1,1,1,1,1,1,False,1,1,0,1,1,0
s03-r0-disconnect-n2-1,3,0,disconnect-n2-1,disconnect,1.0,22,290.8879999999999,2,1000,1,2,1,2,1,2,1,2,1,False,1,1,0,1,1,0
s03-r0-disconnect-n2-1,3,0,disconnect-n2-1,disconnect,1.0,23,306.62800000000016,2,1000,1,2,1,2,1,2,1,2,1,False,1,1,0,1,1,0
s03-r0-disconnect-n20-1,3,0,disconnect-n20-1,disconnect,1.0,0,1.0,1,1000,1,1,1,1,1,1,1,1,1,False,1,1,0,1,1,0
s03-r0-disconnect-n20-1,3,0,disconnect-n20-1,disconnect,1.0,1,9.012000000000173,2,1000,1,2,1,2,1,2,1,2,1,False,1,1,0,1,1,0
s03-r0-disconnect-n20-1,3,0,disconnect-n20-1,disconnect,1.0,2,16.684000000000196,2,620,1,2,1,2,1,2,1,1,1,True,1,1,0,1,0,1
s03-r0-disconnect-n20-1,3,0,disconnect-n20-1,disconnect,1.0,3,24.49200000000019,1,1000,1,2,1,2,1,1,1,1,1,False,0,0,0,1,1,0
s03-r0-disconnect-n20-1,3,0,disconnect-n20-1,disconnect,1.0,4,32.52399999999989,2,1000,1,2,1,2,1,2,1,2,1,False,1,1,0,1,1,0
s03-r0-disconnect-n20-1,3,0,disconnect-n20-1,disconnect,1.0,5,40.96799999999985,1,1000,1,1,1,1,1,1,1,1,1,False,1,1,0,1,1,0
s03-r0-disconnect-n20-1,3,0,disconnect-n20-1,disconnect,1.0,6,48.63599999999997,2,1000,1,2,1,2,1,2,1,2,1,False,1,1,0,1,1,0
s03-r0-disconnect-n20-1,3,0,disconnect-n20-1,disconnect,1.0,7,64.55999999999995,2,1000,1,2,1,2,1,2,1,2,1,False,1,1,0,1,1,0
s03-r0-disconnect-n20-1,3,0,disconnect-n20-1,disconnect,1.0,8,80.17599999999993,1,1000,1,1,1,1,1,1,1,1,1,False,1,1,0,1,1,0
s03-r0-disconnect-n20-1,3,0,disconnect-n20-1,disconnect,1.0,9,95.64399999999978,2,751,1,2,1,2,1,2,1,2,1,True,1,1,0,1,1,0
s03-r0-disconnect-n20-1,3,0,disconnect-n20-1,disconnect,1.0,10,103.42000000000009,1,620,1,1,1,1,1,1,1,1,1,True,1,1,0,1,1,0
s03-r0-disconnect-n20-1,3,0,disconnect-n20-1,disconnect,1.0,11,152.4720000000002,1,1000,1,1,1,1,1,1,1,1,1,False,1,1,0,1,1,0
s03-r0-disconnect-n20-1,3,0,disconnect-n20-1,disconnect,1.0,12,169.07200000000012,2,1000,1,2,1,2,1,2,1,2,1,False,1,1,0,1,1,0
s03-r0-disconnect-n20-1,3,0,disconnect-n20-1,disconnect,1.0,13,176.7199999999998,1,1000,1,1,1,1,1,1,1,1,1,False,1,1,0,1,1,0
s03-r0-disconnect-n20-1,3,0,disconnect-n20-1,disconnect,1.0,14,184.84400000000005,1,1000,1,2,1,2,1,1,1,1,1,False,0,0,0,1,1,0
s03-r0-disconnect-n20-1,3,0,disconnect-n20-1,disconnect,1.0,15,208.91600000000017,1,1000,1,1,1,1,1,1,1,1,1,False,1,1,0,1,1,0
s03-r0-disconnect-n20-1,3,0,disconnect-n20-1,disconnect,1.0,16,241.2199999999998,1,1000,1,2,1,2,1,1,1,1,1,False,0,0,0,1,1,0
s03-r0-disconnect-n20-1,3,0,disconnect-n20-1,disconnect,1.0,17,249.6480000000001,2,957,1,2,1,2,1,2,1,2,1,True,1,1,0,1,1,0
s03-r0-disconnect-n20-1,3,0,disconnect-n20-1,disconnect,1.0,18,258.0160000000001,1,1000,1,1,1,1,1,1,1,1,1,False,1,1,0,1,1,0
s03-r0-disconnect-n20-1,3,0,disconnect-n20-1,disconnect,1.0,19,266.3800000000001,2,1000,1,2,1,2,1,2,1,2,1,False,1,1,0,1,1,0
s03-r0-disconnect-n20-1,3,0,disconnect-n20-1,disconnect,1.0,20,274.55200000000013,2,818,1,2,1,2,1,2,1,2,1,True,1,1,0,1,1,0
s03-r0-disconnect-n20-1,3,0,disconnect-n20-1,disconnect,1.0,21,282.808,1,1000,1,1,1,1,1,1,1,1,1,False,1,1,0,1,1,0
s03-r0-disconnect-n20-1,3,0,disconnect-n20-1,disconnect,1.0,22,290.8879999999999,2,1000,1,2,1,2,1,2,1,2,1,False,1,1,0,1,1,0
s03-r0-disconnect-n20-1,3,0,disconnect-n20-1,disconnect,1.0,23,306.62800000000016,2,1000,1,2,1,2,1,2,1,2,1,False,1,1,0,1,1,0
s03-r0-disconnect-n5-1,3,0,disconnect-n5-1,disconnect,1.0,0,1.0,1,1000,1,1,1,1,1,1,1,1,1,False,1,1,0,1,1,0
s03-r0-disconnect-n5-1,3,0,disconnect-n5-1,disconnect,1.0,1,9.012000000000173,2,1000,1,2,1,2,1,2,1,2,1,False,1,1,0,1,1,0
s03-r0-disconnect-n5-1,3,0,disconnect-n5-1,disconnect,1.0,2,16.684000000000196,2,1000,1,2,1,2,1,1,1,1,1,False,1,1,0,0,0,0
s03-r0-disconnect-n5-1,3,0,disconnect-n5-1,disconnect,1.0,3,24.49200000000019,1,1000,1,2,1,2,1,1,1,1,1,False,0,0,0,1,1,0
s03-r0-disconnect-n5-1,3,0,disconnect-n5-1,disconnect,1.0,4,32.52399999999989,2,1000,1,2,1,2,1,2,1,2,1,False,1,1,0,1,1,0
s03-r0-disconnect-n5-1,3,0,disconnect-n5-1,disconnect,1.0,5,40.96799999999985,1,1000,1,1,1,1,1,1,1,1,1,False,1,1,0,1,1,0
s03-r0-disconnect-n5-1,3,0,disconnect-n5-1,disconnect,1.0,6,48.63599999999997,2,1000,1,2,1,2,1,2,1,2,1,False,1,1,0,1,1,0
s03-r0-disconnect-n5-1,3,0,disconnect-n5-1,disconnect,1.0,7,64.55999999999995,2,770,1,2,1,2,1,2,1,2,1,True,1,1,0,1,1,0
s03-r0-disconnect-n5-1,3,0,disconnect-n5-1,disconnect,1.0,8,80.17599999999993,1,1000,1,1,1,1,1,1,1,1,1,False,1,1,0,1,1,0
s03-r0-disconnect-n5-1,3,0,disconnect-n5-1,disconnect,1.0,9,95.64399999999978,2,1000,1,2,1,2,1,2,1,2,1,False,1,1,0,1,1,0
s03-r0-disconnect-n5-1,3,0,disconnect-n5-1,disconnect,1.0,10,103.42000000000009,1,1000,1,1,1,1,1,1,1,1,1,False,1,1,0,1,1,0
s03-r0-disconnect-n5-1,3,0,disconnect-n5-1,disconnect,1.0,11,152.4720000000002,1,1000,1,1,1,1,1,1,1,1,1,False,1,1,0,1,1,0
s03-r0-disconnect-n5-1,3,0,disconnect-n5-1,disconnect,1.0,12,169.07200000000012,2,1000,1,2,1,2,1,2,1,2,1,False,1,1,0,1,1,0
s03-r0-disconnect-n5-1,3,0,disconnect-n5-1,disconnect,1.0,13,176.7199999999998,1,1000,1,1,1,1,1,1,1,1,1,False,1,1,0,1,1,0
s03-r0-disconnect-n5-1,3,0,disconnect-n5-1,disconnect,1.0,14,184.84400000000005,1,1000,1,2,1,2,1,1,1,1,1,False,0,0,0,1,1,0
s03-r0-disconnect-n5-1,3,0,disconnect-n5-1,disconnect,1.0,15,208.91600000000017,1,1000,1,1,1,1,1,1,1,1,1,False,1,1,0,1,1,0
s03-r0-disconnect-n5-1,3,0,disconnect-n5-1,disconnect,1.0,16,241.2199999999998,1,1000,1,2,1,2,1,1,1,1,1,False,0,0,0,1,1,0
s03-r0-disconnect-n5-1,3,0,disconnect-n5-1,disconnect,1.0,17,249.6480000000001,2,1000,1,2,1,2,1,2,1,2,1,False,1,1,0,1,1,0
s03-r0-disconnect-n5-1,3,0,disconnect-n5-1,disconnect,1.0,18,258.0160000000001,1,1000,1,1,1,1,1,1,1,1,1,False,1,1,0,1,1,0
s03-r0-disconnect-n5-1,3,0,disconnect-n5-1,disconnect,1.0,19,266.3800000000001,2,1000,1,2,1,2,1,2,1,2,1,False,1,1,0,1,1,0
s03-r0-disconnect-n5-1,3,0,disconnect-n5-1,disconnect,1.0,20,274.55200000000013,2,1000,1,2,1,2,1,2,1,2,1,False,1,1,0,1,1,0
s03-r0-disconnect-n5-1,3,0,disconnect-n5-1,disconnect,1.0,21,282.808,1,1000,1,1,1,1,1,1,1,1,1,False,1,1,0,1,1,0
s03-r0-disconnect-n5-1,3,0,disconnect-n5-1,disconnect,1.0,22,290.8879999999999,2,902,1,2,1,2,1,2,1,2,1,True,1,1,0,1,1,0
s03-r0-disconnect-n5-1,3,0,disconnect-n5-1,disconnect,1.0,23,306.62800000000016,2,1000,1,2,1,2,1,2,1,2,1,False,1,1,0,1,1,0
s03-r1-disconnect-n10-1,3,1,disconnect-n10-1,disconnect,1.0,0,16.684000000000196,2,1000,1,2,1,2,1,2,1,2,1,False,1,1,0,1,1,0
s03-r1-disconnect-n10-1,3,1,disconnect-n10-1,disconnect,1.0,1,24.49200000000019,1,1000,1,1,1,1,1,1,1,1,1,False,1,1,0,1,1,0
s03-r1-disconnect-n10-1,3,1,disconnect-n10-1,disconnect,1.0,2,32.52400000000034,1,1000,1,2,1,2,1,1,1,1,1,False,0,0,0,1,1,0
s03-r1-disconnect-n10-1,3,1,disconnect-n10-1,disconnect,1.0,3,40.96799999999985,2,1000,1,2,1,2,1,2,1,2,1,False,1,1,0,1,1,0
s03-r1-disconnect-n10-1,3,1,disconnect-n10-1,disconnect,1.0,4,64.5600000000004,2,1000,1,2,1,2,1,2,1,2,1,False,1,1,0,1,1,0
s03-r1-disconnect-n10-1,3,1,disconnect-n10-1,disconnect,1.0,5,80.17600000000039,1,1000,1,1,1,1,1,1,1,1,1,False,1,1,0,1,1,0
s03-r1-disconnect-n10-1,3,1,disconnect-n10-1,disconnect,1.0,6,87.75600000000031,1,1000,1,1,1,1,1,1,1,1,1,False,1,1,0,1,1,0
s03-r1-disconnect-n10-1,3,1,disconnect-n10-1,disconnect,1.0,7,95.64400000000025,1,1000,1,2,1,2,1,1,1,1,1,False,0,0,0,1,1,0
s03-r1-disconnect-n10-1,3,1,disconnect-n10-1,disconnect,1.0,8,111.28799999999956,2,1000,1,2,1,2,1,2,1,2,1,False,1,1,0,1,1,0
s03-r1-disconnect-n10-1,3,1,disconnect-n10-1,disconnect,1.0,9,119.76800000000004,2,1000,1,2,1,2,1,2,1,2,1,False,1,1,0,1,1,0
s03-r1-disconnect-n10-1,3,1,disconnect-n10-1,disconnect,1.0,10,127.80000000000018,1,1000,1,1,1,1,1,1,1,1,1,False,1,1,0,1,1,0
s03-r1-disconnect-n10-1,3,1,disconnect-n10-1,disconnect,1.0,11,136.0640000000003,1,1000,1,1,1,1,1,1,1,1,1,False,1,1,0,1,1,0
s03-r1-disconnect-n10-1,3,1,disconnect-n10-1,disconnect,1.0,12,152.47199999999975,1,1000,1,1,1,1,1,1,1,1,1,False,1,1,0,1,1,0
s03-r1-disconnect-n10-1,3,1,disconnect-n10-1,disconnect,1.0,13,160.7520000000004,2,1000,1,2,1,2,1,2,1,2,1,False,1,1,0,1,1,0
s03-r1-disconnect-n10-1,3,1,disconnect-n10-1,disconnect,1.0,14,192.65599999999995,1,620,1,1,1,1,1,1,1,1,1,True,1,1,0,1,1,0
s03-r1-disconnect-n10-1,3,1,disconnect-n10-1,disconnect,1.0,15,216.9319999999998,2,1000,1,2,1,2,1,2,1,2,1,False,1,1,0,1,1,0
s03-r1-disconnect-n10-1,3,1,disconnect-n10-1,disconnect,1.0,16,241.22000000000023,2,1000,1,2,1,2,1,2,1,2,1,False,1,1,0,1,1,0
s03-r1-disconnect-n10-1,3,1,disconnect-n10-1,disconnect,1.0,17,249.6480000000001,1,1000,1,1,1,1,1,1,1,1,1,False,1,1,0,1,1,0
s03-r1-disconnect-n10-1,3,1,disconnect-n10-1,disconnect,1.0,18,258.0159999999996,2,1000,1,2,1,2,1,2,1,2,1,False,1,1,0,1,1,0
s03-r1-disconnect-n10-1,3,1,disconnect-n10-1,disconnect,1.0,19,306.6279999999997,1,1000,1,1,1,1,1,1,1,1,1,False,1,1,0,1,1,0
s03-r1-disconnect-n10-1,3,1,disconnect-n10-1,disconnect,1.0,20,322.65200000000004,2,813,1,2,1,2,1,2,1,2,1,True,1,1,0,1,1,0
s03-r1-disconnect-n10-1,3,1,disconnect-n10-1,disconnect,1.0,21,338.52400000000034,2,1000,1,2,1,2,1,2,1,2,1,False,1,1,0,1,1,0
s03-r1-disconnect-n10-1,3,1,disconnect-n10-1,disconnect,1.0,22,362.3360000000002,2,1000,1,2,1,2,1,2,1,2,1,False,1,1,0,1,1,0
s03-r1-disconnect-n10-1,3,1,disconnect-n10-1,disconnect,1.0,23,379.02800000000025,1,1000,1,1,1,1,1,1,1,1,1,False,1,1,0,1,1,0
s03-r1-disconnect-n2-1,3,1,disconnect-n2-1,disconnect,1.0,0,16.684000000000196,2,1000,1,2,1,2,1,2,1,2,1,False,1,1,0,1,1,0
s03-r1-disconnect-n2-1,3,1,disconnect-n2-1,disconnect,1.0,1,24.49200000000019,1,1000,1,1,1,1,1,1,1,1,1,False,1,1,0,1,1,0
s03-r1-disconnect-n2-1,3,1,disconnect-n2-1,disconnect,1.0,2,32.52400000000034,1,1000,1,2,1,2,1,1,1,1,1,False,0,0,0,1,1,0
s03-r1-disconnect-n2-1,3,1,disconnect-n2-1,disconnect,1.0,3,40.96799999999985,2,1000,1,2,1,2,1,2,1,2,1,False,1,1,0,1,1,0
s03-r1-disconnect-n2-1,3,1,disconnect-n2-1,disconnect,1.0,4,64.5600000000004,2,1000,1,2,1,2,1,2,1,2,1,False,1,1,0,1,1,0
s03-r1-disconnect-n2-1,3,1,disconnect-n2-1,disconnect,1.0,5,80.17600000000039,1,1000,1,1,1,1,1,1,1,1,1,False,1,1,0,1,1,0
s03-r1-disconnect-n2-1,3,1,disconnect-n2-1,disconnect,1.0,6,87.75600000000031,1,1000,1,1,1,1,1,1,1,1,1,False,1,1,0,1,1,0
s03-r1-disconnect-n2-1,3,1,disconnect-n2-1,disconnect,1.0,7,95.64400000000025,1,1000,1,2,1,2,1,1,1,1,1,False,0,0,0,1,1,0
s03-r1-disconnect-n2-1,3,1,disconnect-n2-1,disconnect,1.0,8,111.28799999999956,2,1000,1,2,1,2,1,2,1,2,1,False,1,1,0,1,1,0
s03-r1-disconnect-n2-1,3,1,disconnect-n2-1,disconnect,1.0,9,119.76800000000004,2,1000,1,2,1,2,1,2,1,2,1,False,1,1,0,1,1,0
s03-r1-disconnect-n2-1,3,1,disconnect-n2-1,disconnect,1.0,10,127.80000000000018,1,1000,1,1,1,1,1,1,1,1,1,False,1,1,0,1,1,0
s03-r1-disconnect-n2-1,3,1,disconnect-n2-1,disconnect,1.0,11,136.0640000000003,1,1000,1,1,1,1,1,1,1,1,1,False,1,1,0,1,1,0
s03-r1-disconnect-n2-1,3,1,disconnect-n2-1,disconnect,1.0,12,152.47199999999975,1,1000,1,1,1,1,1,1,1,1,1,False,1,1,0,1,1,0
s03-r1-disconnect-n2-1,3,1,disconnect-n2-1,disconnect,1.0,13,160.7520000000004,2,620,1,2,1,2,1,2,1,2,1,True,1,1,0,1,1,0
s03-r1-disconnect-n2-1,3,1,disconnect-n2-1,disconnect,1.0,14,192.65599999999995,1,1000,1,1,1,1,1,1,1,1,1,False,1,1,0,1,1,0
s03-r1-disconnect-n2-1,3,1,disconnect-n2-1,disconnect,1.0,15,216.9319999999998,2,1000,1,2,1,2,1,2,1,2,1,False,1,1,0,1,1,0
s03-r1-disconnect-n2-1,3,1,disconnect-n2-1,disconnect,1.0,16,241.22000000000023,2,1000,1,2,1,2,1,2,1,2,1,False,1,1,0,1,1,0
s03-r1-disconnect-n2-1,3,1,disconnect-n2-1,disconnect,1.0,17,249.6480000000001,1,1000,1,1,1,1,1,1,1,1,1,False,1,1,0,1,1,0
s03-r1-disconnect-n2-1,3,1,disconnect-n2-1,disconnect,1.0,18,258.0159999999996,2,1000,1,2,1,2,1,2,1,2,1,False,1,1,0,1,1,0
s03-r1-disconnect-n2-1,3,1,disconnect-n2-1,disconnect,1.0,19,306.6279999999997,1,1000,1,1,1,1,1,1,1,1,1,False,1,1,0,1,1,0
s03-r1-disconnect-n2-1,3,1,disconnect-n2-1,disconnect,1.0,20,322.65200000000004,2,1000,1,2,1,2,1,2,1,2,1,False,1,1,0,1,1,0
s03-r1-disconnect-n2-1,3,1,disconnect-n2-1,disconnect,1.0,21,338.52400000000034,2,1000,1,2,1,2,1,2,1,2,1,False,1,1,0,1,1,0
s03-r1-disconnect-n2-1,3,1,disconnect-n2-1,disconnect,1.0,22,362.3360000000002,2,1000,1,2,1,2,1,2,1,2,1,False,1,1,0,1,1,0
s03-r1-disconnect-n2-1,3,1,disconnect-n2-1,disconnect,1.0,23,379.02800000000025,1,1000,1,1,1,1,1,1,1,1,1,False,1,1,0,1,1,0
s03-r1-disconnect-n20-1,3,1,disconnect-n20-1,disconnect,1.0,0,16.684000000000196,2,681,1,2,1,2,1,2,1,2,1,True,1,1,0,1,1,0
s03-r1-disconnect-n20-1,3,1,disconnect-n20-1,disconnect,1.0,1,24.49200000000019,1,1000,1,1,1,1,1,1,1,1,1,False,1,1,0,1,1,0
s03-r1-disconnect-n20-1,3,1,disconnect-n20-1,disconnect,1.0,2,32.52400000000034,1,620,1,1,1,2,1,1,1,1,1,True,1,0,1,1,1,0
s03-r1-disconnect-n20-1,3,1,disconnect-n20-1,disconnect,1.0,3,40.96799999999985,2,1000,1,2,1,2,1,2,1,2,1,False,1,1,0,1,1,0
s03-r1-disconnect-n20-1,3,1,disconnect-n20-1,disconnect,1.0,4,64.5600000000004,2,940,1,2,1,2,1,2,1,2,1,True,1,1,0,1,1,0
s03-r1-disconnect-n20-1,3,1,disconnect-n20-1,disconnect,1.0,5,80.17600000000039,1,1000,1,1,1,1,1,1,1,1,1,False,1,1,0,1,1,0
s03-r1-disconnect-n20-1,3,1,disconnect-n20-1,disconnect,1.0,6,87.75600000000031,1,1000,1,1,1,1,1,1,1,1,1,False,1,1,0,1,1,0
s03-r1-disconnect-n20-1,3,1,disconnect-n20-1,disconnect,1.0,7,95.64400000000025,1,1000,1,2,1,2,1,1,1,1,1,False,0,0,0,1,1,0
s03-r1-disconnect-n20-1,3,1,disconnect-n20-1,disconnect,1.0,8,111.28799999999956,2,1000,1,2,1,2,1,2,1,2,1,False,1,1,0,1,1,0
s03-r1-disconnect-n20-1,3,1,disconnect-n20-1,disconnect,1.0,9,119.76800000000004,2,620,1,2,1,2,1,2,1,2,1,True,1,1,0,1,1,0
s03-r1-disconnect-n20-1,3,1,disconnect-n20-1,disconnect,1.0,10,127.80000000000018,1,1000,1,1,1,1,1,1,1,1,1,False,1,1,0,1,1,0
s03-r1-disconnect-n20-1,3,1,disconnect-n20-1,disconnect,1.0,11,136.0640000000003,1,1000,1,1,1,1,1,1,1,1,1,False,1,1,0,1,1,0
s03-r1-disconnect-n20-1,3,1,disconnect-n20-1,disconnect,1.0,12,152.47199999999975,1,1000,1,1,1,1,1,1,1,1,1,False,1,1,0,1,1,0
s03-r1-disconnect-n20-1,3,1,disconnect-n20-1,disconnect,1.0,13,160.7520000000004,2,1000,1,2,1,2,1,2,1,2,1,False,1,1,0,1,1,0
s03-r1-disconnect-n20-1,3,1,disconnect-n20-1,disconnect,1.0,14,192.65599999999995,1,620,1,1,1,1,1,1,1,1,1,True,1,1,0,1,1,0
s03-r1-disconnect-n20-1,3,1,disconnect-n20-1,disconnect,1.0,15,216.9319999999998,2,623,1,2,1,2,1,2,1,2,1,True,1,1,0,1,1,0
s03-r1-disconnect-n20-1,3,1,disconnect-n20-1,disconnect,1.0,16,241.22000000000023,2,1000,1,2,1,2,1,2,1,2,1,False,1,1,0,1,1,0
s03-r1-disconnect-n20-1,3,1,disconnect-n20-1,disconnect,1.0,17,249.6480000000001,1,1000,1,1,1,1,1,1,1,1,1,False,1,1,0,1,1,0
s03-r1-disconnect-n20-1,3,1,disconnect-n20-1,disconnect,1.0,18,258.0159999999996,2,1000,1,2,1,2,1,2,1,2,1,False,1,1,0,1,1,0
s03-r1-disconnect-n20-1,3,1,disconnect-n20-1,disconnect,1.0,19,306.6279999999997,1,620,1,1,1,1,1,1,1,1,1,True,1,1,0,1,1,0
s03-r1-disconnect-n20-1,3,1,disconnect-n20-1,disconnect,1.0,20,322.65200000000004,2,1000,1,2,1,2,1,2,1,2,1,False,1,1,0,1,1,0
s03-r1-disconnect-n20-1,3,1,disconnect-n20-1,disconnect,1.0,21,338.52400000000034,2,1000,1,2,1,2,1,2,1,2,1,False,1,1,0,1,1,0
s03-r1-disconnect-n20-1,3,1,disconnect-n20-1,disconnect,1.0,22,362.3360000000002,2,1000,1,2,1,2,1,2,1,2,1,False,1,1,0,1,1,0
s03-r1-disconnect-n20-1,3,1,disconnect-n20-1,disconnect,1.0,23,379.02800000000025,1,1000,1,1,1,1,1,1,1,1,1,False,1,1,0,1,1,0
s03-r1-disconnect-n5-1,3,1,disconnect-n5-1,disconnect,1.0,0,16.684000000000196,2,1000,1,2,1,2,1,2,1,2,1,False,1,1,0,1,1,0
s03-r1-disconnect-n5-1,3,1,disconnect-n5-1,disconnect,1.0,1,24.49200000000019,1,1000,1,1,1,1,1,1,1,1,1,False,1,1,0,1,1,0
s03-r1-disconnect-n5-1,3,1,disconnect-n5-1,disconnect,1.0,2,32.52400000000034,1,651,1,2,1,2,1,1,1,1,1,True,0,0,0,1,1,0
s03-r1-disconnect-n5-1,3,1,disconnect-n5-1,disconnect,1.0,3,40.96799999999985,2,1000,1,2,1,2,1,2,1,2,1,False,1,1,0,1,1,0
s03-r1-disconnect-n5-1,3,1,disconnect-n5-1,disconnect,1.0,4,64.5600000000004,2,1000,1,2,1,2,1,2,1,2,1,False,1,1,0,1,1,0
s03-r1-disconnect-n5-1,3,1,disconnect-n5-1,disconnect,1.0,5,80.17600000000039,1,1000,1,1,1,1,1,1,1,1,1,False,1,1,0,1,1,0
s03-r1-disconnect-n5-1,3,1,disconnect-n5-1,disconnect,1.0,6,87.75600000000031,1,1000,1,1,1,1,1,1,1,1,1,False,1,1,0,1,1,0
s03-r1-disconnect-n5-1,3,1,disconnect-n5-1,disconnect,1.0,7,95.64400000000025,1,1000,1,2,1,2,1,1,1,1,1,False,0,0,0,1,1,0
s03-r1-disconnect-n5-1,3,1,disconnect-n5-1,disconnect,1.0,8,111.28799999999956,2,1000,1,2,1,2,1,2,1,2,1,False,1,1,0,1,1,0
s03-r1-disconnect-n5-1,3,1,disconnect-n5-1,disconnect,1.0,9,119.76800000000004,2,1000,1,2,1,2,1,2,1,2,1,False,1,1,0,1,1,0
s03-r1-disconnect-n5-1,3,1,disconnect-n5-1,disconnect,1.0,10,127.80000000000018,1,1000,1,1,1,1,1,1,1,1,1,False,1,1,0,1,1,0
s03-r1-disconnect-n5-1,3,1,disconnect-n5-1,disconnect,1.0,11,136.0640000000003,1,1000,1,1,1,1,1,1,1,1,1,False,1,1,0,1,1,0
s03-r1-disconnect-n5-1,3,1,disconnect-n5-1,disconnect,1.0,12,152.47199999999975,1,1000,1,1,1,1,1,1,1,1,1,False,1,1,0,1,1,0
s03-r1-disconnect-n5-1,3,1,disconnect-n5-1,disconnect,1.0,13,160.7520000000004,2,1000,1,2,1,2,1,2,1,2,1,False,1,1,0,1,1,0
s03-r1-disconnect-n5-1,3,1,disconnect-n5-1,disconnect,1.0,14,192.65599999999995,1,1000,1,1,1,1,1,1,1,1,1,False,1,1,0,1,1,0
s03-r1-disconnect-n5-1,3,1,disconnect-n5-1,disconnect,1.0,15,216.9319999999998,2,620,1,2,1,2,1,2,1,2,1,True,1,1,0,1,1,0
s03-r1-disconnect-n5-1,3,1,disconnect-n5-1,disconnect,1.0,16,241.22000000000023,2,1000,1,2,1,2,1,2,1,2,1,False,1,1,0,1,1,0
s03-r1-disconnect-n5-1,3,1,disconnect-n5-1,disconnect,1.0,17,249.6480000000001,1,1000,1,1,1,1,1,1,1,1,1,False,1,1,0,1,1,0
s03-r1-disconnect-n5-1,3,1,disconnect-n5-1,disconnect,1.0,18,258.0159999999996,2,1000,1,2,1,2,1,2,1,2,1,False,1,1,0,1,1,0
s03-r1-disconnect-n5-1,3,1,disconnect-n5-1,disconnect,1.0,19,306.6279999999997,1,867,1,1,1,1,1,1,1,1,1,True,1,1,0,1,1,0
s03-r1-disconnect-n5-1,3,1,disconnect-n5-1,disconnect,1.0,20,322.65200000000004,2,1000,1,2,1,2,1,2,1,2,1,False,1,1,0,1,1,0
s03-r1-disconnect-n5-1,3,1,disconnect-n5-1,disconnect,1.0,21,338.52400000000034,2,1000,1,2,1,2,1,2,1,2,1,False,1,1,0,1,1,0
s03-r1-disconnect-n5-1,3,1,disconnect-n5-1,disconnect,1.0,22,362.3360000000002,2,1000,1,2,1,2,1,2,1,2,1,False,1,1,0,1,1,0
s03-r1-disconnect-n5-1,3,1,disconnect-n5-1,disconnect,1.0,23,379.02800000000025,1,1000,1,1,1,1,1,1,1,1,1,False,1,1,0,1,1,0
s03-r2-disconnect-n10-1,3,2,disconnect-n10-1,disconnect,1.0,0,1.0,1,1000,1,1,1,1,1,1,1,1,1,False,1,1,0,1,1,0
s03-r2-disconnect-n10-1,3,2,disconnect-n10-1,disconnect,1.0,1,9.011999999999716,1,1000,1,1,1,1,1,1,1,1,1,False,1,1,0,1,1,0
s03-r2-disconnect-n10-1,3,2,disconnect-n10-1,disconnect,1.0,2,24.49200000000019,2,1000,1,2,1,2,1,2,1,2,1,False,1,1,0,1,1,0
s03-r2-disconnect-n10-1,3,2,disconnect-n10-1,disconnect,1.0,3,32.52400000000034,1,620,1,1,1,1,1,1,1,1,1,True,1,1,0,1,1,0
s03-r2-disconnect-n10-1,3,2,disconnect-n10-1,disconnect,1.0,4,48.63600000000042,1,1000,1,1,1,1,1,1,1,1,1,False,1,1,0,1,1,0
s03-r2-disconnect-n10-1,3,2,disconnect-n10-1,disconnect,1.0,5,64.5600000000004,2,1000,1,2,1,2,1,2,1,2,1,False,1,1,0,1,1,0
s03-r2-disconnect-n10-1,3,2,disconnect-n10-1,disconnect,1.0,6,80.17600000000039,1,1000,1,1,1,1,1,1,1,1,1,False,1,1,0,1,1,0
s03-r2-disconnect-n10-1,3,2,disconnect-n10-1,disconnect,1.0,7,103.42000000000009,1,1000,1,1,1,1,1,1,1,1,1,False,1,1,0,1,1,0
s03-r2-disconnect-n10-1,3,2,disconnect-n10-1,disconnect,1.0,8,119.76800000000004,2,1000,1,2,1,2,1,2,1,2,1,False,1,1,0,1,1,0
s03-r2-disconnect-n10-1,3,2,disconnect-n10-1,disconnect,1.0,9,160.7520000000004,1,1000,1,1,1,1,1,1,1,1,1,False,1,1,0,1,1,0
s03-r2-disconnect-n10-1,3,2,disconnect-n10-1,disconnect,1.0,10,176.72000000000023,2,740,1,2,1,2,1,2,1,2,1,True,1,1,0,1,1,0
s03-r2-disconnect-n10-1,3,2,disconnect-n10-1,disconnect,1.0,11,192.65599999999995,2,1000,1,2,1,2,1,2,1,2,1,False,1,1,0,1,1,0
s03-r2-disconnect-n10-1,3,2,disconnect-n10-1,disconnect,1.0,12,200.5,1,885,1,1,1,1,1,1,1,1,1,True,1,1,0,1,1,0
s03-r2-disconnect-n10-1,3,2,disconnect-n10-1,disconnect,1.0,13,216.9319999999998,2,1000,1,2,1,2,1,2,1,2,1,False,1,1,0,1,1,0
s03-r2-disconnect-n10-1,3,2,disconnect-n10-1,disconnect,1.0,14,224.83200000000036,1,1000,1,1,1,1,1,1,1,1,1,False,1,1,0,1,1,0
s03-r2-disconnect-n10-1,3,2,disconnect-n10-1,disconnect,1.0,15,249.6480000000001,1,1000,1,1,1,1,1,1,1,1,1,False,1,1,0,1,1,0
s03-r2-disconnect-n10-1,3,2,disconnect-n10-1,disconnect,1.0,16,282.808,2,1000,1,2,1,2,1,2,1,2,1,False,1,1,0,1,1,0
s03-r2-disconnect-n10-1,3,2,disconnect-n10-1,disconnect,1.0,17,290.8879999999999,1,620,1,2,1,1,1,1,1,1,1,True,0,1,1,1,1,0
s03-r2-disconnect-n10-1,3,2,disconnect-n10-1,disconnect,1.0,18,298.77599999999984,2,1000,1,2,1,2,1,2,1,2,1,False,1,1,0,1,1,0
s03-r2-disconnect-n10-1,3,2,disconnect-n10-1,disconnect,1.0,19,314.32800000000043,2,1000,1,2,1,2,1,2,1,2,1,False,1,1,0,1,1,0
s03-r2-disconnect-n10-1,3,2,disconnect-n10-1,disconnect,1.0,20,338.52400000000034,2,1000,1,2,1,2,1,2,1,2,1,False,1,1,0,1,1,0
s03-r2-disconnect-n10-1,3,2,disconnect-n10-1,disconnect,1.0,21,347.0,2,1000,1,2,1,2,1,2,1,2,1,False,1,1,0,1,1,0
s03-r2-disconnect-n10-1,3,2,disconnect-n10-1,disconnect,1.0,22,354.6239999999998,2,936,1,2,1,2,1,2,1,2,1,True,1,1,0,1,1,0
s03-r2-disconnect-n10-1,3,2,disconnect-n10-1,disconnect,1.0,23,379.02800000000025,1,1000,1,2,1,2,1,1,1,1,1,False,0,0,0,1,1,0
s03-r2-disconnect-n2-1,3,2,disconnect-n2-1,disconnect,1.0,0,1.0,1,1000,1,1,1,1,1,1,1,1,1,False,1,1,0,1,1,0
s03-r2-disconnect-n2-1,3,2,disconnect-n2-1,disconnect,1.0,1,9.011999999999716,1,1000,1,1,1,1,1,1,1,1,1,False,1,1,0,1,1,0
s03-r2-disconnect-n2-1,3,2,disconnect-n2-1,disconnect,1.0,2,24.49200000000019,2,1000,1,2,1,2,1,2,1,2,1,False,1,1,0,1,1,0
s03-r2-disconnect-n2-1,3,2,disconnect-n2-1,disconnect,1.0,3,32.52400000000034,1,1000,1,1,1,1,1,1,1,1,1,False,1,1,0,1,1,0
s03-r2-disconnect-n2-1,3,2,disconnect-n2-1,disconnect,1.0,4,48.63600000000042,1,1000,1,1,1,1,1,1,1,1,1,False,1,1,0,1,1,0
s03-r2-disconnect-n2-1,3,2,disconnect-n2-1,disconnect,1.0,5,64.5600000000004,2,1000,1,2,1,2,1,2,1,2,1,False,1,1,0,1,1,0
s03-r2-disconnect-n2-1,3,2,disconnect-n2-1,disconnect,1.0,6,80.17600000000039,1,1000,1,1,1,1,1,1,1,1,1,False,1,1,0,1,1,0
s03-r2-disconnect-n2-1,3,2,disconnect-n2-1,disconnect,1.0,7,103.42000000000009,1,1000,1,1,1,1,1,1,1,1,1,False,1,1,0,1,1,0
s03-r2-disconnect-n2-1,3,2,disconnect-n2-1,disconnect,1.0,8,119.76800000000004,2,1000,1,2,1,2,1,2,1,2,1,False,1,1,0,1,1,0
s03-r2-disconnect-n2-1,3,2,disconnect-n2-1,disconnect,1.0,9,160.7520000000004,1,1000,1,1,1,1,1,1,1,1,1,False,1,1,0,1,1,0
s03-r2-disconnect-n2-1,3,2,disconnect-n2-1,disconnect,1.0,10,176.72000000000023,2,1000,1,2,1,2,1,2,1,2,1,False,1,1,0,1,1,0
s03-r2-disconnect-n2-1,3,2,disconnect-n2-1,disconnect,1.0,11,192.65599999999995,2,1000,1,2,1,2,1,2,1,2,1,False,1,1,0,1,1,0
s03-r2-disconnect-n2-1,3,2,disconnect-n2-1,disconnect,1.0,12,200.5,1,620,1,1,1,1,1,1,1,1,1,True,1,1,0,1,1,0
s03-r2-disconnect-n2-1,3,2,disconnect-n2-1,disconnect,1.0,13,216.9319999999998,2,1000,1,2,1,2,1,2,1,2,1,False,1,1,0,1,1,0
s03-r2-disconnect-n2-1,3,2,disconnect-n2-1,disconnect,1.0,14,224.83200000000036,1,1000,1,1,1,1,1,1,1,1,1,False,1,1,0,1,1,0
s03-r2-disconnect-n2-1,3,2,disconnect-n2-1,disconnect,1.0,15,249.6480000000001,1,1000,1,1,1,1,1,1,1,1,1,False,1,1,0,1,1,0
s03-r2-disconnect-n2-1,3,2,disconnect-n2-1,disconnect,1.0,16,282.808,2,1000,1,2,1,2,1,2,1,2,1,False,1,1,0,1,1,0
s03-r2-disconnect-n2-1,3,2,disconnect-n2-1,disconnect,1.0,17,290.8879999999999,1,1000,1,1,1,1,1,1,1,1,1,False,1,1,0,1,1,0
s03-r2-disconnect-n2-1,3,2,disconnect-n2-1,disconnect,1.0,18,298.77599999999984,2,1000,1,2,1,2,1,2,1,2,1,False,1,1,0,1,1,0
s03-r2-disconnect-n2-1,3,2,disconnect-n2-1,disconnect,1.0,19,314.32800000000043,2,1000,1,2,1,2,1,2,1,2,1,False,1,1,0,1,1,0
s03-r2-disconnect-n2-1,3,2,disconnect-n2-1,disconnect,1.0,20,338.52400000000034,2,1000,1,2,1,2,1,2,1,2,1,False,1,1,0,1,1,0
s03-r2-disconnect-n2-1,3,2,disconnect-n2-1,disconnect,1.0,21,347.0,2,1000,1,2,1,2,1,2,1,2,1,False,1,1,0,1,1,0
s03-r2-disconnect-n2-1,3,2,disconnect-n2-1,disconnect,1.0,22,354.6239999999998,2,1000,1,2,1,2,1,2,1,2,1,False,1,1,0,1,1,0
s03-r2-disconnect-n2-1,3,2,disconnect-n2-1,disconnect,1.0,23,379.02800000000025,1,1000,1,2,1,2,1,1,1,1,1,False,0,0,0,1,1,0
s03-r2-disconnect-n20-1,3,2,disconnect-n20-1,disconnect,1.0,0,1.0,1,1000,1,1,1,1,1,1,1,1,1,False,1,1,0,1,1,0
s03-r2-disconnect-n20-1,3,2,disconnect-n20-1,disconnect,1.0,1,9.011999999999716,1,1000,1,1,1,1,1,1,1,1,1,False,1,1,0,1,1,0
s03-r2-disconnect-n20-1,3,2,disconnect-n20-1,disconnect,1.0,2,24.49200000000019,2,1000,1,2,1,2,1,2,1,2,1,False,1,1,0,1,1,0
s03-r2-disconnect-n20-1,3,2,disconnect-n20-1,disconnect,1.0,3,32.52400000000034,1,1000,1,1,1,1,1,1,1,1,1,False,1,1,0,1,1,0
s03-r2-disconnect-n20-1,3,2,disconnect-n20-1,disconnect,1.0,4,48.63600000000042,1,1000,1,1,1,1,1,1,1,1,1,False,1,1,0,1,1,0
s03-r2-disconnect-n20-1,3,2,disconnect-n20-1,disconnect,1.0,5,64.5600000000004,2,1000,1,2,1,2,1,2,1,2,1,False,1,1,0,1,1,0
s03-r2-disconnect-n20-1,3,2,disconnect-n20-1,disconnect,1.0,6,80.17600000000039,1,1000,1,1,1,1,1,1,1,1,1,False,1,1,0,1,1,0
s03-r2-disconnect-n20-1,3,2,disconnect-n20-1,disconnect,1.0,7,103.42000000000009,1,1000,1,1,1,1,1,1,1,1,1,False,1,1,0,1,1,0
s03-r2-disconnect-n20-1,3,2,disconnect-n20-1,disconnect,1.0,8,119.76800000000004,2,620,1,2,1,2,1,2,1,2,1,True,1,1,0,1,1,0
s03-r2-disconnect-n20-1,3,2,disconnect-n20-1,disconnect,1.0,9,160.7520000000004,1,1000,1,1,1,1,1,1,1,1,1,False,1,1,0,1,1,0
s03-r2-disconnect-n20-1,3,2,disconnect-n20-1,disconnect,1.0,10,176.72000000000023,2,1000,1,2,1,2,1,2,1,2,1,False,1,1,0,1,1,0
s03-r2-disconnect-n20-1,3,2,disconnect-n20-1,disconnect,1.0,11,192.65599999999995,2,620,1,2,1,2,1,2,1,2,1,True,1,1,0,1,1,0
s03-r2-disconnect-n20-1,3,2,disconnect-n20-1,disconnect,1.0,12,200.5,1,1000,1,1,1,1,1,1,1,1,1,False,1,1,0,1,1,0
s03-r2-disconnect-n20-1,3,2,disconnect-n20-1,disconnect,1.0,13,216.9319999999998,2,963,1,2,1,2,1,2,1,2,1,True,1,1,0,1,1,0
s03-r2-disconnect-n20-1,3,2,disconnect-n20-1,disconnect,1.0,14,224.83200000000036,1,1000,1,1,1,1,1,1,1,1,1,False,1,1,0,1,1,0
s03-r2-disconnect-n20-1,3,2,disconnect-n20-1,disconnect,1.0,15,249.6480000000001,1,1000,1,1,1,1,1,1,1,1,1,False,1,1,0,1,1,0
s03-r2-disconnect-n20-1,3,2,disconnect-n20-1,disconnect,1.0,16,282.808,2,902,1,2,1,2,1,2,1,2,1,True,1,1,0,1,1,0
s03-r2-disconnect-n20-1,3,2,disconnect-n20-1,disconnect,1.0,17,290.8879999999999,1,1000,1,1,1,1,1,1,1,1,1,False,1,1,0,1,1,0
s03-r2-disconnect-n20-1,3,2,disconnect-n20-1,disconnect,1.0,18,298.77599999999984,2,1000,1,2,1,2,1,2,1,2,1,False,1,1,0,1,1,0
s03-r2-disconnect-n20-1,3,2,disconnect-n20-1,disconnect,1.0,19,314.3279999999995,2,1000,1,2,1,2,1,2,1,2,1,False,1,1,0,1,1,0
s03-r2-disconnect-n20-1,3,2,disconnect-n20-1,disconnect,1.0,20,338.52400000000034,2,1000,1,2,1,2,1,2,1,2,1,False,1,1,0,1,1,0
s03-r2-disconnect-n20-1,3,2,disconnect-n20-1,disconnect,1.0,21,347.0,2,1000,1,2,1,2,1,2,1,2,1,False,1,1,0,1,1,0
s03-r2-disconnect-n20-1,3,2,disconnect-n20-1,disconnect,1.0,22,354.6239999999998,2,1000,1,2,1,2,1,2,1,2,1,False,1,1,0,1,1,0
s03-r2-disconnect-n20-1,3,2,disconnect-n20-1,disconnect,1.0,23,379.02800000000025,1,1000,1,2,1,2,1,1,1,1,1,False,0,0,0,1,1,0
s03-r2-disconnect-n5-1,3,2,disconnect-n5-1,disconnect,1.0,0,1.0,1,1000,1,1,1,1,1,1,1,1,1,False,1,1,0,1,1,0
s03-r2-disconnect-n5-1,3,2,disconnect-n5-1,disconnect,1.0,1,9.011999999999716,1,1000,1,1,1,1,1,1,1,1,1,False,1,1,0,1,1,0
s03-r2-disconnect-n5-1,3,2,disconnect-n5-1,disconnect,1.0,2,24.49200000000019,2,1000,1,2,1,2,1,2,1,2,1,False,1,1,0,1,1,0
s03-r2-disconnect-n5-1,3,2,disconnect-n5-1,disconnect,1.0,3,32.52400000000034,1,921,1,1,1,1,1,1,1,1,1,True,1,1,0,1,1,0
s03-r2-disconnect-n5-1,3,2,disconnect-n5-1,disconnect,1.0,4,48.63600000000042,1,1000,1,1,1,1,1,1,1,1,1,False,1,1,0,1,1,0
s03-r2-disconnect-n5-1,3,2,disconnect-n5-1,disconnect,1.0,5,64.5600000000004,2,1000,1,2,1,2,1,2,1,2,1,False,1,1,0,1,1,0
s03-r2-disconnect-n5-1,3,2,disconnect-n5-1,disconnect,1.0,6,80.17600000000039,1,1000,1,1,1,1,1,1,1,1,1,False,1,1,0,1,1,0
s03-r2-disconnect-n5-1,3,2,disconnect-n5-1,disconnect,1.0,7,103.42000000000009,1,1000,1,1,1,1,1,1,1,1,1,False,1,1,0,1,1,0
s03-r2-disconnect-n5-1,3,2,disconnect-n5-1,disconnect,1.0,8,119.76800000000004,2,1000,1,2,1,2,1,2,1,2,1,False,1,1,0,1,1,0
s03-r2-disconnect-n5-1,3,2,disconnect-n5-1,disconnect,1.0,9,160.7520000000004,1,948,1,1,1,1,1,1,1,1,1,True,1,1,0,1,1,0
s03-r2-disconnect-n5-1,3,2,disconnect-n5-1,disconnect,1.0,10,176.72000000000023,2,1000,1,2,1,2,1,2,1,2,1,False,1,1,0,1,1,0
s03-r2-disconnect-n5-1,3,2,disconnect-n5-1,disconnect,1.0,11,192.65599999999995,2,1000,1,2,1,2,1,2,1,2,1,False,1,1,0,1,1,0
s03-r2-disconnect-n5-1,3,2,disconnect-n5-1,disconnect,1.0,12,200.5,1,1000,1,1,1,1,1,1,1,1,1,False,1,1,0,1,1,0
s03-r2-disconnect-n5-1,3,2,disconnect-n5-1,disconnect,1.0,13,216.9319999999998,2,1000,1,2,1,2,1,2,1,2,1,False,1,1,0,1,1,0
s03-r2-disconnect-n5-1,3,2,disconnect-n5-1,disconnect,1.0,14,224.83200000000036,1,1000,1,1,1,1,1,1,1,1,1,False,1,1,0,1,1,0
s03-r2-disconnect-n5-1,3,2,disconnect-n5-1,disconnect,1.0,15,249.6480000000001,1,1000,1,1,1,1,1,1,1,1,1,False,1,1,0,1,1,0
s03-r2-disconnect-n5-1,3,2,disconnect-n5-1,disconnect,1.0,16,282.808,2,1000,1,2,1,2,1,2,1,2,1,False,1,1,0,1,1,0
s03-r2-disconnect-n5-1,3,2,disconnect-n5-1,disconnect,1.0,17,290.8879999999999,1,1000,1,1,1,1,1,1,1,1,1,False,1,1,0,1,1,0
s03-r2-disconnect-n5-1,3,2,disconnect-n5-1,disconnect,1.0,18,298.77599999999984,2,1000,1,2,1,2,1,2,1,2,1,False,1,1,0,1,1,0
s03-r2-disconnect-n5-1,3,2,disconnect-n5-1,disconnect,1.0,19,314.32800000000043,2,1000,1,2,1,2,1,2,1,2,1,False,1,1,0,1,1,0
s03-r2-disconnect-n5-1,3,2,disconnect-n5-1,disconnect,1.0,20,338.52400000000034,2,1000,1,2,1,2,1,2,1,2,1,False,1,1,0,1,1,0
s03-r2-disconnect-n5-1,3,2,disconnect-n5-1,disconnect,1.0,21,347.0,2,1000,1,2,1,2,1,2,1,2,1,False,1,1,0,1,1,0
s03-r2-disconnect-n5-1,3,2,disconnect-n5-1,disconnect,1.0,22,354.6239999999998,2,620,1,2,1,2,1,2,1,2,1,True,1,1,0,1,1,0
s03-r2-disconnect-n5-1,3,2,disconnect-n5-1,disconnect,1.0,23,379.02800000000025,1,1000,1,2,1,2,1,1,1,1,1,False,0,0,0,1,1,0
s03-r3-disconnect-n10-1,3,3,disconnect-n10-1,disconnect,1.0,0,1.0,2,1000,1,2,1,2,1,2,1,2,1,False,1,1,0,1,1,0
s03-r3-disconnect-n10-1,3,3,disconnect-n10-1,disconnect,1.0,1,16.683999999999287,1,620,1,1,1,1,1,1,1,1,1,True,1,1,0,1,1,0
s03-r3-disconnect-n10-1,3,3,disconnect-n10-1,disconnect,1.0,2,48.63600000000042,1,1000,1,2,1,2,1,2,1,2,1,False,0,0,0,0,0,0
s03-r3-disconnect-n10-1,3,3,disconnect-n10-1,disconnect,1.0,3,56.83599999999933,1,1000,1,1,1,1,1,1,1,1,1,False,1,1,0,1,1,0
s03-r3-disconnect-n10-1,3,3,disconnect-n10-1,disconnect,1.0,4,72.55199999999968,2,1000,1,2,1,2,1,2,1,2,1,False,1,1,0,1,1,0
s03-r3-disconnect-n10-1,3,3,disconnect-n10-1,disconnect,1.0,5,103.42000000000009,2,1000,1,2,1,2,1,2,1,2,1,False,1,1,0,1,1,0
s03-r3-disconnect-n10-1,3,3,disconnect-n10-1,disconnect,1.0,6,111.28800000000048,1,1000,1,1,1,1,1,1,1,1,1,False,1,1,0,1,1,0
s03-r3-disconnect-n10-1,3,3,disconnect-n10-1,disconnect,1.0,7,127.79999999999929,2,1000,1,2,1,2,1,2,1,2,1,False,1,1,0,1,1,0
s03-r3-disconnect-n10-1,3,3,disconnect-n10-1,disconnect,1.0,8,144.20800000000054,1,1000,1,1,1,1,1,1,1,1,1,False,1,1,0,1,1,0
s03-r3-disconnect-n10-1,3,3,disconnect-n10-1,disconnect,1.0,9,169.07200000000012,2,620,1,2,1,2,1,2,1,2,1,True,1,1,0,1,1,0
s03-r3-disconnect-n10-1,3,3,disconnect-n10-1,disconnect,1.0,10,192.6560000000009,1,1000,1,1,1,1,1,1,1,1,1,False,1,1,0,1,1,0
s03-r3-disconnect-n10-1,3,3,disconnect-n10-1,disconnect,1.0,11,200.5,2,1000,1,2,1,2,1,2,1,2,1,False,1,1,0,1,1,0
s03-r3-disconnect-n10-1,3,3,disconnect-n10-1,disconnect,1.0,12,208.9159999999993,2,1000,1,2,1,2,1,2,1,2,1,False,1,1,0,1,1,0
s03-r3-disconnect-n10-1,3,3,disconnect-n10-1,disconnect,1.0,13,232.9359999999997,2,1000,1,2,1,2,1,2,1,2,1,False,1,1,0,1,1,0
s03-r3-disconnect-n10-1,3,3,disconnect-n10-1,disconnect,1.0,14,241.21999999999932,1,1000,1,1,1,1,1,1,1,1,1,False,1,1,0,1,1,0
s03-r3-disconnect-n10-1,3,3,disconnect-n10-1,disconnect,1.0,15,249.64799999999923,1,1000,1,1,1,1,1,1,1,1,1,False,1,1,0,1,1,0
s03-r3-disconnect-n10-1,3,3,disconnect-n10-1,disconnect,1.0,16,266.3799999999992,2,1000,1,2,1,2,1,2,1,2,1,False,1,1,0,1,1,0
s03-r3-disconnect-n10-1,3,3,disconnect-n10-1,disconnect,1.0,17,274.5519999999997,1,1000,1,2,1,2,1,1,1,1,1,False,0,0,0,1,1,0
s03-r3-disconnect-n10-1,3,3,disconnect-n10-1,disconnect,1.0,18,290.88800000000083,2,1000,1,2,1,2,1,2,1,2,1,False,1,1,0,1,1,0
s03-r3-disconnect-n10-1,3,3,disconnect-n10-1,disconnect,1.0,19,298.77599999999984,2,1000,1,2,1,2,1,1,1,1,1,False,1,1,0,0,0,0
s03-r3-disconnect-n10-1,3,3,disconnect-n10-1,disconnect,1.0,20,314.3279999999995,1,972,1,1,1,1,1,1,1,1,1,True,1,1,0,1,1,0
s03-r3-disconnect-n10-1,3,3,disconnect-n10-1,disconnect,1.0,21,362.3359999999993,1,1000,1,1,1,1,1,1,1,1,1,False,1,1,0,1,1,0
s03-r3-disconnect-n10-1,3,3,disconnect-n10-1,disconnect,1.0,22,370.79199999999946,2,1000,1,2,1,2,1,2,1,2,1,False,1,1,0,1,1,0
s03-r3-disconnect-n10-1,3,3,disconnect-n10-1,disconnect,1.0,23,379.02800000000025,1,1000,1,2,1,2,1,1,1,1,1,False,0,0,0,1,1,0
s03-r3-disconnect-n2-1,3,3,disconnect-n2-1,disconnect,1.0,0,1.0,2,1000,1,2,1,2,1,2,1,2,1,False,1,1,0,1,1,0
s03-r3-disconnect-n2-1,3,3,disconnect-n2-1,disconnect,1.0,1,16.683999999999287,1,1000,1,1,1,1,1,1,1,1,1,False,1,1,0,1,1,0
s03-r3-disconnect-n2-1,3,3,disconnect-n2-1,disconnect,1.0,2,48.63600000000042,1,1000,1,2,1,2,1,2,1,2,1,False,0,0,0,0,0,0
s03-r3-disconnect-n2-1,3,3,disconnect-n2-1,disconnect,1.0,3,56.83599999999933,1,1000,1,1,1,1,1,1,1,1,1,False,1,1,0,1,1,0
s03-r3-disconnect-n2-1,3,3,disconnect-n2-1,disconnect,1.0,4,72.55199999999968,2,1000,1,2,1,2,1,2,1,2,1,False,1,1,0,1,1,0
s03-r3-disconnect-n2-1,3,3,disconnect-n2-1,disconnect,1.0,5,103.42000000000009,2,1000,1,2,1,2,1,2,1,2,1,False,1,1,0,1,1,0
s03-r3-disconnect-n2-1,3,3,disconnect-n2-1,disconnect,1.0,6,111.28800000000048,1,1000,1,1,1,1,1,1,1,1,1,False,1,1,0,1,1,0
s03-r3-disconnect-n2-1,3,3,disconnect-n2-1,disconnect,1.0,7,127.79999999999929,2,1000,1,2,1,2,1,2,1,2,1,False,1,1,0,1,1,0
s03-r3-disconnect-n2-1,3,3,disconnect-n2-1,disconnect,1.0,8,144.20800000000054,1,1000,1,1,1,1,1,1,1,1,1,False,1,1,0,1,1,0
s03-r3-disconnect-n2-1,3,3,disconnect-n2-1,disconnect,1.0,9,169.07200000000012,2,1000,1,2,1,2,1,2,1,2,1,False,1,1,0,1,1,0
s03-r3-disconnect-n2-1,3,3,disconnect-n2-1,disconnect,1.0,10,192.6560000000009,1,1000,1,1,1,1,1,1,1,1,1,False,1,1,0,1,1,0
s03-r3-disconnect-n2-1,3,3,disconnect-n2-1,disconnect,1.0,11,200.5,2,1000,1,2,1,2,1,2,1,2,1,False,1,1,0,1,1,0
s03-r3-disconnect-n2-1,3,3,disconnect-n2-1,disconnect,1.0,12,208.9159999999993,2,1000,1,2,1,2,1,2,1,2,1,False,1,1,0,1,1,0
s03-r3-disconnect-n2-1,3,3,disconnect-n2-1,disconnect,1.0,13,232.9359999999997,2,1000,1,2,1,2,1,2,1,2,1,False,1,1,0,1,1,0
s03-r3-disconnect-n2-1,3,3,disconnect-n2-1,disconnect,1.0,14,241.21999999999932,1,1000,1,1,1,1,1,1,1,1,1,False,1,1,0,1,1,0
s03-r3-disconnect-n2-1,3,3,disconnect-n2-1,disconnect,1.0,15,249.64799999999923,1,1000,1,1,1,1,1,1,1,1,1,False,1,1,0,1,1,0
s03-r3-disconnect-n2-1,3,3,disconnect-n2-1,disconnect,1.0,16,266.3799999999992,2,1000,1,2,1,2,1,2,1,2,1,False,1,1,0,1,1,0
s03-r3-disconnect-n2-1,3,3,disconnect-n2-1,disconnect,1.0,17,274.5519999999997,1,1000,1,2,1,2,1,1,1,1,1,False,0,0,0,1,1,0
s03-r3-disconnect-n2-1,3,3,disconnect-n2-1,disconnect,1.0,18,290.88800000000083,2,1000,1,2,1,2,1,2,1,2,1,False,1,1,0,1,1,0
s03-r3-disconnect-n2-1,3,3,disconnect-n2-1,disconnect,1.0,19,298.77599999999984,2,1000,1,2,1,2,1,1,1,1,1,False,1,1,0,0,0,0
s03-r3-disconnect-n2-1,3,3,disconnect-n2-1,disconnect,1.0,20,314.3279999999995,1,1000,1,1,1,1,1,1,1,1,1,False,1,1,0,1,1,0
s03-r3-disconnect-n2-1,3,3,disconnect-n2-1,disconnect,1.0,21,362.3359999999993,1,1000,1,1,1,1,1,1,1,1,1,False,1,1,0,1,1,0
s03-r3-disconnect-n2-1,3,3,disconnect-n2-1,disconnect,1.0,22,370.79199999999946,2,1000,1,2,1,2,1,2,1,2,1,False,1,1,0,1,1,0
s03-r3-disconnect-n2-1,3,3,disconnect-n2-1,disconnect,1.0,23,379.02800000000025,1,1000,1,2,1,2,1,1,1,1,1,False,0,0,0,1,1,0
s03-r3-disconnect-n20-1,3,3,disconnect-n20-1,disconnect,1.0,0,1.0,2,1000,1,2,1,2,1,2,1,2,1,False,1,1,0,1,1,0
s03-r3-disconnect-n20-1,3,3,disconnect-n20-1,disconnect,1.0,1,16.683999999999287,1,1000,1,1,1,1,1,1,1,1,1,False,1,1,0,1,1,0
s03-r3-disconnect-n20-1,3,3,disconnect-n20-1,disconnect,1.0,2,48.63600000000042,1,620,1,2,1,2,1,1,1,2,1,True,0,0,0,1,0,1
s03-r3-disconnect-n20-1,3,3,disconnect-n20-1,disconnect,1.0,3,56.83599999999933,1,1000,1,1,1,1,1,1,1,1,1,False,1,1,0,1,1,0
s03-r3-disconnect-n20-1,3,3,disconnect-n20-1,disconnect,1.0,4,72.55199999999968,2,1000,1,2,1,2,1,2,1,2,1,False,1,1,0,1,1,0
s03-r3-disconnect-n20-1,3,3,disconnect-n20-1,disconnect,1.0,5,103.42000000000009,2,1000,1,2,1,2,1,2,1,2,1,False,1,1,0,1,1,0
s03-r3-disconnect-n20-1,3,3,disconnect-n20-1,disconnect,1.0,6,111.28800000000048,1,620,1,1,1,1,1,2,1,1,1,True,1,1,0,0,1,1
s03-r3-disconnect-n20-1,3,3,disconnect-n20-1,disconnect,1.0,7,127.79999999999929,2,1000,1,2,1,2,1,2,1,2,1,False,1,1,0,1,1,0
s03-r3-disconnect-n20-1,3,3,disconnect-n20-1,disconnect,1.0,8,144.20800000000054,1,628,1,1,1,1,1,1,1,1,1,True,1,1,0,1,1,0
s03-r3-disconnect-n20-1,3,3,disconnect-n20-1,disconnect,1.0,9,169.07200000000012,2,1000,1,2,1,2,1,2,1,2,1,False,1,1,0,1,1,0
s03-r3-disconnect-n20-1,3,3,disconnect-n20-1,disconnect,1.0,10,192.6560000000009,1,1000,1,1,1,1,1,1,1,1,1,False,1,1,0,1,1,0
s03-r3-disconnect-n20-1,3,3,disconnect-n20-1,disconnect,1.0,11,200.5,2,1000,1,2,1,2,1,2,1,2,1,False,1,1,0,1,1,0
s03-r3-disconnect-n20-1,3,3,disconnect-n20-1,disconnect,1.0,12,208.9159999999993,2,1000,1,2,1,2,1,2,1,2,1,False,1,1,0,1,1,0
s03-r3-disconnect-n20-1,3,3,disconnect-n20-1,disconnect,1.0,13,232.9359999999997,2,754,1,2,1,2,1,2,1,2,1,True,1,1,0,1,1,0
s03-r3-disconnect-n20-1,3,3,disconnect-n20-1,disconnect,1.0,14,241.21999999999932,1,1000,1,1,1,1,1,1,1,1,1,False,1,1,0,1,1,0
s03-r3-disconnect-n20-1,3,3,disconnect-n20-1,disconnect,1.0,15,249.64799999999923,1,818,1,1,1,1,1,1,1,1,1,True,1,1,0,1,1,0
s03-r3-disconnect-n20-1,3,3,disconnect-n20-1,disconnect,1.0,16,266.3799999999992,2,1000,1,2,1,2,1,2,1,2,1,False,1,1,0,1,1,0
s03-r3-disconnect-n20-1,3,3,disconnect-n20-1,disconnect,1.0,17,274.5519999999997,1,788,1,2,1,2,1,1,1,1,1,True,0,0,0,1,1,0
s03-r3-disconnect-n20-1,3,3,disconnect-n20-1,disconnect,1.0,18,290.88800000000083,2,620,1,2,1,2,1,2,1,2,1,True,1,1,0,1,1,0
s03-r3-disconnect-n20-1,3,3,disconnect-n20-1,disconnect,1.0,19,298.77599999999984,2,620,1,2,1,2,1,2,1,1,1,True,1,1,0,1,0,1
s03-r3-disconnect-n20-1,3,3,disconnect-n20-1,disconnect,1.0,20,314.3279999999995,1,1000,1,1,1,1,1,1,1,1,1,False,1,1,0,1,1,0
s03-r3-disconnect-n20-1,3,3,disconnect-n20-1,disconnect,1.0,21,362.3359999999993,1,1000,1,1,1,1,1,1,1,1,1,False,1,1,0,1,1,0
s03-r3-disconnect-n20-1,3,3,disconnect-n20-1,disconnect,1.0,22,370.79199999999946,2,1000,1,2,1,2,1,2,1,2,1,False,1,1,0,1,1,0
s03-r3-disconnect-n20-1,3,3,disconnect-n20-1,disconnect,1.0,23,379.02800000000025,1,1000,1,2,1,2,1,1,1,1,1,False,0,0,0,1,1,0
s03-r3-disconnect-n5-1,3,3,disconnect-n5-1,disconnect,1.0,0,1.0,2,1000,1,2,1,2,1,2,1,2,1,False,1,1,0,1,1,0
s03-r3-disconnect-n5-1,3,3,disconnect-n5-1,disconnect,1.0,1,16.683999999999287,1,1000,1,1,1,1,1,1,1,1,1,False,1,1,0,1,1,0
s03-r3-disconnect-n5-1,3,3,disconnect-n5-1,disconnect,1.0,2,48.63600000000042,1,1000,1,2,1,2,1,2,1,2,1,False,0,0,0,0,0,0
s03-r3-disconnect-n5-1,3,3,disconnect-n5-1,disconnect,1.0,3,56.83599999999933,1,1000,1,1,1,1,1,1,1,1,1,False,1,1,0,1,1,0
s03-r3-disconnect-n5-1,3,3,disconnect-n5-1,disconnect,1.0,4,72.55199999999968,2,1000,1,2,1,2,1,2,1,2,1,False,1,1,0,1,1,0
s03-r3-disconnect-n5-1,3,3,disconnect-n5-1,disconnect,1.0,5,103.42000000000009,2,1000,1,2,1,2,1,2,1,2,1,False,1,1,0,1,1,0
s03-r3-disconnect-n5-1,3,3,disconnect-n5-1,disconnect,1.0,6,111.28800000000048,1,620,1,1,1,1,1,1,1,1,1,True,1,1,0,1,1,0
s03-r3-disconnect-n5-1,3,3,disconnect-n5-1,disconnect,1.0,7,127.79999999999929,2,1000,1,2,1,2,1,2,1,2,1,False,1,1,0,1,1,0
s03-r3-disconnect-n5-1,3,3,disconnect-n5-1,disconnect,1.0,8,144.20800000000054,1,1000,1,1,1,1,1,1,1,1,1,False,1,1,0,1,1,0
s03-r3-disconnect-n5-1,3,3,disconnect-n5-1,disconnect,1.0,9,169.07200000000012,2,1000,1,2,1,2,1,2,1,2,1,False,1,1,0,1,1,0
s03-r3-disconnect-n5-1,3,3,disconnect-n5-1,disconnect,1.0,10,192.6560000000009,1,1000,1,1,1,1,1,1,1,1,1,False,1,1,0,1,1,0
s03-r3-disconnect-n5-1,3,3,disconnect-n5-1,disconnect,1.0,11,200.5,2,1000,1,2,1,2,1,2,1,2,1,False,1,1,0,1,1,0
s03-r3-disconnect-n5-1,3,3,disconnect-n5-1,disconnect,1.0,12,208.9159999999993,2,1000,1,2,1,2,1,2,1,2,1,False,1,1,0,1,1,0
s03-r3-disconnect-n5-1,3,3,disconnect-n5-1,disconnect,1.0,13,232.9359999999997,2,1000,1,2,1,2,1,2,1,2,1,False,1,1,0,1,1,0
s03-r3-disconnect-n5-1,3,3,disconnect-n5-1,disconnect,1.0,14,241.21999999999932,1,1000,1,1,1,1,1,1,1,1,1,False,1,1,0,1,1,0
s03-r3-disconnect-n5-1,3,3,disconnect-n5-1,disconnect,1.0,15,249.64799999999923,1,1000,1,1,1,1,1,1,1,1,1,False,1,1,0,1,1,0
s03-r3-disconnect-n5-1,3,3,disconnect-n5-1,disconnect,1.0,16,266.3799999999992,2,805,1,2,1,2,1,2,1,2,1,True,1,1,0,1,1,0
s03-r3-disconnect-n5-1,3,3,disconnect-n5-1,disconnect,1.0,17,274.5519999999997,1,1000,1,2,1,2,1,1,1,1,1,False,0,0,0,1,1,0
s03-r3-disconnect-n5-1,3,3,disconnect-n5-1,disconnect,1.0,18,290.88800000000083,2,1000,1,2,1,2,1,2,1,2,1,False,1,1,0,1,1,0
s03-r3-disconnect-n5-1,3,3,disconnect-n5-1,disconnect,1.0,19,298.77599999999984,2,1000,1,2,1,2,1,1,1,1,1,False,1,1,0,0,0,0
s03-r3-disconnect-n5-1,3,3,disconnect-n5-1,disconnect,1.0,20,314.3279999999995,1,1000,1,1,1,1,1,1,1,1,1,False,1,1,0,1,1,0
s03-r3-disconnect-n5-1,3,3,disconnect-n5-1,disconnect,1.0,21,362.3359999999993,1,1000,1,1,1,1,1,1,1,1,1,False,1,1,0,1,1,0
s03-r3-disconnect-n5-1,3,3,disconnect-n5-1,disconnect,1.0,22,370.79199999999946,2,1000,1,2,1,2,1,2,1,2,1,False,1,1,0,1,1,0
s03-r3-disconnect-n5-1,3,3,disconnect-n5-1,disconnect,1.0,23,379.02800000000025,1,1000,1,2,1,2,1,1,1,1,1,False,0,0,0,1,1,0
s03-r4-disconnect-n10-1,3,4,disconnect-n10-1,disconnect,1.0,0,1.0,2,1000,1,2,1,2,1,1,1,1,1,False,1,1,0,0,0,0
s03-r4-disconnect-n10-1,3,4,disconnect-n10-1,disconnect,1.0,1,9.012000000000626,1,1000,1,1,1,1,1,1,1,1,1,False,1,1,0,1,1,0
s03-r4-disconnect-n10-1,3,4,disconnect-n10-1,disconnect,1.0,2,16.683999999999287,1,1000,1,1,1,1,1,1,1,1,1,False,1,1,0,1,1,0
s03-r4-disconnect-n10-1,3,4,disconnect-n10-1,disconnect,1.0,3,40.96800000000076,2,1000,1,2,1,2,1,2,1,2,1,False,1,1,0,1,1,0
s03-r4-disconnect-n10-1,3,4,disconnect-n10-1,disconnect,1.0,4,64.55999999999949,1,1000,1,2,1,2,1,2,1,2,1,False,0,0,0,0,0,0
s03-r4-disconnect-n10-1,3,4,disconnect-n10-1,disconnect,1.0,5,80.17599999999948,1,1000,1,1,1,1,1,1,1,1,1,False,1,1,0,1,1,0
s03-r4-disconnect-n10-1,3,4,disconnect-n10-1,disconnect,1.0,6,87.7559999999994,1,1000,1,2,1,2,1,1,1,1,1,False,0,0,0,1,1,0
s03-r4-disconnect-n10-1,3,4,disconnect-n10-1,disconnect,1.0,7,95.64400000000025,2,620,1,2,1,2,1,2,1,2,1,True,1,1,0,1,1,0
s03-r4-disconnect-n10-1,3,4,disconnect-n10-1,disconnect,1.0,8,119.76800000000004,2,1000,1,2,1,2,1,2,1,2,1,False,1,1,0,1,1,0
s03-r4-disconnect-n10-1,3,4,disconnect-n10-1,disconnect,1.0,9,169.07200000000012,2,1000,1,2,1,2,1,2,1,2,1,False,1,1,0,1,1,0
s03-r4-disconnect-n10-1,3,4,disconnect-n10-1,disconnect,1.0,10,176.71999999999937,2,1000,1,2,1,2,1,2,1,2,1,False,1,1,0,1,1,0
s03-r4-disconnect-n10-1,3,4,disconnect-n10-1,disconnect,1.0,11,192.6560000000009,1,1000,1,1,1,1,1,1,1,1,1,False,1,1,0,1,1,0
s03-r4-disconnect-n10-1,3,4,disconnect-n10-1,disconnect,1.0,12,200.5,2,620,1,2,1,2,1,1,1,2,1,True,1,1,0,0,1,1
s03-r4-disconnect-n10-1,3,4,disconnect-n10-1,disconnect,1.0,13,208.9159999999993,2,1000,1,2,1,2,1,2,1,2,1,False,1,1,0,1,1,0
s03-r4-disconnect-n10-1,3,4,disconnect-n10-1,disconnect,1.0,14,216.9320000000007,2,1000,1,2,1,2,1,2,1,2,1,False,1,1,0,1,1,0
s03-r4-disconnect-n10-1,3,4,disconnect-n10-1,disconnect,1.0,15,241.21999999999932,1,1000,1,1,1,1,1,1,1,1,1,False,1,1,0,1,1,0
s03-r4-disconnect-n10-1,3,4,disconnect-n10-1,disconnect,1.0,16,258.0159999999996,1,1000,1,1,1,1,1,2,1,2,1,False,1,1,0,0,0,0
s03-r4-disconnect-n10-1,3,4,disconnect-n10-1,disconnect,1.0,17,274.5519999999997,1,1000,1,1,1,1,1,1,1,1,1,False,1,1,0,1,1,0
s03-r4-disconnect-n10-1,3,4,disconnect-n10-1,disconnect,1.0,18,290.88800000000083,1,713,1,1,1,1,1,2,1,1,1,True,1,1,0,0,1,1
s03-r4-disconnect-n10-1,3,4,disconnect-n10-1,disconnect,1.0,19,306.6280000000006,1,620,1,2,1,1,1,2,1,1,1,True,0,1,1,0,1,1
s03-r4-disconnect-n10-1,3,4,disconnect-n10-1,disconnect,1.0,20,314.3279999999995,2,1000,1,2,1,2,1,2,1,2,1,False,1,1,0,1,1,0
s03-r4-disconnect-n10-1,3,4,disconnect-n10-1,disconnect,1.0,21,347.0,1,1000,1,1,1,1,1,1,1,1,1,False,1,1,0,1,1,0
s03-r4-disconnect-n10-1,3,4,disconnect-n10-1,disconnect,1.0,22,354.6239999999998,2,1000,1,2,1,2,1,2,1,2,1,False,1,1,0,1,1,0
s03-r4-disconnect-n10-1,3,4,disconnect-n10-1,disconnect,1.0,23,370.79199999999946,2,1000,1,2,1,2,1,2,1,2,1,False,1,1,0,1,1,0
s03-r4-disconnect-n2-1,3,4,disconnect-n2-1,disconnect,1.0,0,1.0,2,1000,1,2,1,2,1,1,1,1,1,False,1,1,0,0,0,0
s03-r4-disconnect-n2-1,3,4,disconnect-n2-1,disconnect,1.0,1,9.012000000000626,1,1000,1,1,1,1,1,1,1,1,1,False,1,1,0,1,1,0
s03-r4-disconnect-n2-1,3,4,disconnect-n2-1,disconnect,1.0,2,16.683999999999287,1,1000,1,1,1,1,1,1,1,1,1,False,1,1,0,1,1,0
s03-r4-disconnect-n2-1,3,4,disconnect-n2-1,disconnect,1.0,3,40.96800000000076,2,1000,1,2,1,2,1,2,1,2,1,False,1,1,0,1,1,0
s03-r4-disconnect-n2-1,3,4,disconnect-n2-1,disconnect,1.0,4,64.55999999999949,1,1000,1,2,1,2,1,2,1,2,1,False,0,0,0,0,0,0
s03-r4-disconnect-n2-1,3,4,disconnect-n2-1,disconnect,1.0,5,80.17599999999948,1,1000,1,1,1,1,1,1,1,1,1,False,1,1,0,1,1,0
s03-r4-disconnect-n2-1,3,4,disconnect-n2-1,disconnect,1.0,6,87.7559999999994,1,1000,1,2,1,2,1,1,1,1,1,False,0,0,0,1,1,0
s03-r4-disconnect-n2-1,3,4,disconnect-n2-1,disconnect,1.0,7,95.64400000000025,2,1000,1,2,1,2,1,2,1,2,1,False,1,1,0,1,1,0
s03-r4-disconnect-n2-1,3,4,disconnect-n2-1,disconnect,1.0,8,119.76800000000004,2,1000,1,2,1,2,1,2,1,2,1,False,1,1,0,1,1,0
s03-r4-disconnect-n2-1,3,4,disconnect-n2-1,disconnect,1.0,9,169.07200000000012,2,1000,1,2,1,2,1,2,1,2,1,False,1,1,0,1,1,0
s03-r4-disconnect-n2-1,3,4,disconnect-n2-1,disconnect,1.0,10,176.71999999999937,2,1000,1,2,1,2,1,2,1,2,1,False,1,1,0,1,1,0
s03-r4-disconnect-n2-1,3,4,disconnect-n2-1,disconnect,1.0,11,192.6560000000009,1,1000,1,1,1,1,1,1,1,1,1,False,1,1,0,1,1,0
s03-r4-disconnect-n2-1,3,4,disconnect-n2-1,disconnect,1.0,12,200.5,2,1000,1,2,1,2,1,2,1,2,1,False,1,1,0,1,1,0
s03-r4-disconnect-n2-1,3,4,disconnect-n2-1,disconnect,1.0,13,208.9159999999993,2,1000,1,2,1,2,1,2,1,2,1,False,1,1,0,1,1,0
s03-r4-disconnect-n2-1,3,4,disconnect-n2-1,disconnect,1.0,14,216.9320000000007,2,1000,1,2,1,2,1,2,1,2,1,False,1,1,0,1,1,0
s03-r4-disconnect-n2-1,3,4,disconnect-n2-1,disconnect,1.0,15,241.21999999999932,1,1000,1,1,1,1,1,1,1,1,1,False,1,1,0,1,1,0
s03-r4-disconnect-n2-1,3,4,disconnect-n2-1,disconnect,1.0,16,258.0159999999996,1,1000,1,1,1,1,1,2,1,2,1,False,1,1,0,0,0,0
s03-r4-disconnect-n2-1,3,4,disconnect-n2-1,disconnect,1.0,17,274.5519999999997,1,1000,1,1,1,1,1,1,1,1,1,False,1,1,0,1,1,0
s03-r4-disconnect-n2-1,3,4,disconnect-n2-1,disconnect,1.0,18,290.88800000000083,1,1000,1,1,1,1,1,1,1,1,1,False,1,1,0,1,1,0
s03-r4-disconnect-n2-1,3,4,disconnect-n2-1,disconnect,1.0,19,306.6280000000006,1,1000,1,1,1,1,1,1,1,1,1,False,1,1,0,1,1,0
s03-r4-disconnect-n2-1,3,4,disconnect-n2-1,disconnect,1.0,20,314.3279999999995,2,1000,1,2,1,2,1,2,1,2,1,False,1,1,0,1,1,0
s03-r4-disconnect-n2-1,3,4,disconnect-n2-1,disconnect,1.0,21,347.0,1,1000,1,1,1,1,1,1,1,1,1,False,1,1,0,1,1,0
s03-r4-disconnect-n2-1,3,4,disconnect-n2-1,disconnect,1.0,22,354.6239999999998,2,1000,1,2,1,2,1,2,1,2,1,False,1,1,0,1,1,0
s03-r4-disconnect-n2-1,3,4,disconnect-n2-1,disconnect,1.0,23,370.79199999999946,2,1000,1,2,1,2,1,2,1,2,1,False,1,1,0,1,1,0
s03-r4-disconnect-n20-1,3,4,disconnect-n20-1,disconnect,1.0,0,1.0,2,1000,1,2,1,2,1,1,1,1,1,False,1,1,0,0,0,0
s03-r4-disconnect-n20-1,3,4,disconnect-n20-1,disconnect,1.0,1,9.012000000000626,1,1000,1,1,1,1,1,1,1,1,1,False,1,1,0,1,1,0
s03-r4-disconnect-n20-1,3,4,disconnect-n20-1,disconnect,1.0,2,16.683999999999287,1,1000,1,1,1,1,1,1,1,1,1,False,1,1,0,1,1,0
s03-r4-disconnect-n20-1,3,4,disconnect-n20-1,disconnect,1.0,3,40.96800000000076,2,1000,1,2,1,2,1,2,1,2,1,False,1,1,0,1,1,0
s03-r4-disconnect-n20-1,3,4,disconnect-n20-1,disconnect,1.0,4,64.55999999999949,1,1000,1,2,1,2,1,2,1,2,1,False,0,0,0,0,0,0
s03-r4-disconnect-n20-1,3,4,disconnect-n20-1,disconnect,1.0,5,80.17599999999948,1,1000,1,1,1,1,1,1,1,1,1,False,1,1,0,1,1,0
s03-r4-disconnect-n20-1,3,4,disconnect-n20-1,disconnect,1.0,6,87.7559999999994,1,1000,1,2,1,2,1,1,1,1,1,False,0,0,0,1,1,0
s03-r4-disconnect-n20-1,3,4,disconnect-n20-1,disconnect,1.0,7,95.64400000000025,2,1000,1,2,1,2,1,2,1,2,1,False,1,1,0,1,1,0
s03-r4-disconnect-n20-1,3,4,disconnect-n20-1,disconnect,1.0,8,119.76800000000004,2,1000,1,2,1,2,1,2,1,2,1,False,1,1,0,1,1,0
s03-r4-disconnect-n20-1,3,4,disconnect-n20-1,disconnect,1.0,9,169.07200000000012,2,1000,1,2,1,2,1,2,1,2,1,False,1,1,0,1,1,0
s03-r4-disconnect-n20-1,3,4,disconnect-n20-1,disconnect,1.0,10,176.71999999999937,2,1000,1,2,1,2,1,2,1,2,1,False,1,1,0,1,1,0
s03-r4-disconnect-n20-1,3,4,disconnect-n20-1,disconnect,1.0,11,192.6560000000009,1,1000,1,1,1,1,1,1,1,1,1,False,1,1,0,1,1,0
s03-r4-disconnect-n20-1,3,4,disconnect-n20-1,disconnect,1.0,12,200.5,2,620,1,2,1,2,1,1,1,2,1,True,1,1,0,0,1,1
s03-r4-disconnect-n20-1,3,4,disconnect-n20-1,disconnect,1.0,13,208.9159999999993,2,1000,1,2,1,2,1,2,1,2,1,False,1,1,0,1,1,0
s03-r4-disconnect-n20-1,3,4,disconnect-n20-1,disconnect,1.0,14,216.9320000000007,2,1000,1,2,1,2,1,2,1,2,1,False,1,1,0,1,1,0
s03-r4-disconnect-n20-1,3,4,disconnect-n20-1,disconnect,1.0,15,241.21999999999932,1,1000,1,1,1,1,1,1,1,1,1,False,1,1,0,1,1,0
s03-r4-disconnect-n20-1,3,4,disconnect-n20-1,disconnect,1.0,16,258.0159999999996,1,1000,1,1,1,1,1,2,1,2,1,False,1,1,0,0,0,0
s03-r4-disconnect-n20-1,3,4,disconnect-n20-1,disconnect,1.0,17,274.5519999999997,1,1000,1,1,1,1,1,1,1,1,1,False,1,1,0,1,1,0
s03-r4-disconnect-n20-1,3,4,disconnect-n20-1,disconnect,1.0,18,290.88800000000083,1,1000,1,1,1,1,1,1,1,1,1,False,1,1,0,1,1,0
s03-r4-disconnect-n20-1,3,4,disconnect-n20-1,disconnect,1.0,19,306.6280000000006,1,1000,1,1,1,1,1,1,1,1,1,False,1,1,0,1,1,0
s03-r4-disconnect-n20-1,3,4,disconnect-n20-1,disconnect,1.0,20,314.3279999999995,2,1000,1,2,1,2,1,2,1,2,1,False,1,1,0,1,1,0
s03-r4-disconnect-n20-1,3,4,disconnect-n20-1,disconnect,1.0,21,347.0,1,1000,1,1,1,1,1,1,1,1,1,False,1,1,0,1,1,0
s03-r4-disconnect-n20-1,3,4,disconnect-n20-1,disconnect,1.0,22,354.6239999999998,2,956,1,2,1,2,1,2,1,2,1,True,1,1,0,1,1,0
s03-r4-disconnect-n20-1,3,4,disconnect-n20-1,disconnect,1.0,23,370.79199999999946,2,1000,1,2,1,2,1,2,1,2,1,False,1,1,0,1,1,0
s03-r4-disconnect-n5-1,3,4,disconnect-n5-1,disconnect,1.0,0,1.0,2,1000,1,2,1,2,1,1,1,1,1,False,1,1,0,0,0,0
s03-r4-disconnect-n5-1,3,4,disconnect-n5-1,disconnect,1.0,1,9.012000000000626,1,1000,1,1,1,1,1,1,1,1,1,False,1,1,0,1,1,0
s03-r4-disconnect-n5-1,3,4,disconnect-n5-1,disconnect,1.0,2,16.683999999999287,1,1000,1,1,1,1,1,1,1,1,1,False,1,1,0,1,1,0
s03-r4-disconnect-n5-1,3,4,disconnect-n5-1,disconnect,1.0,3,40.96800000000076,2,1000,1,2,1,2,1,2,1,2,1,False,1,1,0,1,1,0
s03-r4-disconnect-n5-1,3,4,disconnect-n5-1,disconnect,1.0,4,64.55999999999949,1,1000,1,2,1,2,1,2,1,2,1,False,0,0,0,0,0,0
s03-r4-disconnect-n5-1,3,4,disconnect-n5-1,disconnect,1.0,5,80.17599999999948,1,1000,1,1,1,1,1,1,1,1,1,False,1,1,0,1,1,0
s03-r4-disconnect-n5-1,3,4,disconnect-n5-1,disconnect,1.0,6,87.7559999999994,1,1000,1,2,1,2,1,1,1,1,1,False,0,0,0,1,1,0
s03-r4-disconnect-n5-1,3,4,disconnect-n5-1,disconnect,1.0,7,95.64400000000025,2,669,1,2,1,2,1,2,1,2,1,True,1,1,0,1,1,0
s03-r4-disconnect-n5-1,3,4,disconnect-n5-1,disconnect,1.0,8,119.76800000000004,2,1000,1,2,1,2,1,2,1,2,1,False,1,1,0,1,1,0
s03-r4-disconnect-n5-1,3,4,disconnect-n5-1,disconnect,1.0,9,169.07200000000012,2,1000,1,2,1,2,1,2,1,2,1,False,1,1,0,1,1,0
s03-r4-disconnect-n5-1,3,4,disconnect-n5-1,disconnect,1.0,10,176.71999999999937,2,1000,1,2,1,2,1,2,1,2,1,False,1,1,0,1,1,0
s03-r4-disconnect-n5-1,3,4,disconnect-n5-1,disconnect,1.0,11,192.6560000000009,1,1000,1,1,1,1,1,1,1,1,1,False,1,1,0,1,1,0
s03-r4-disconnect-n5-1,3,4,disconnect-n5-1,disconnect,1.0,12,200.5,2,635,1,2,1,2,1,2,1,2,1,True,1,1,0,1,1,0
s03-r4-disconnect-n5-1,3,4,disconnect-n5-1,disconnect,1.0,13,208.9159999999993,2,1000,1,2,1,2,1,2,1,2,1,False,1,1,0,1,1,0
s03-r4-disconnect-n5-1,3,4,disconnect-n5-1,disconnect,1.0,14,216.9320000000007,2,1000,1,2,1,2,1,2,1,2,1,False,1,1,0,1,1,0
s03-r4-disconnect-n5-1,3,4,disconnect-n5-1,disconnect,1.0,15,241.21999999999932,1,1000,1,1,1,1,1,1,1,1,1,False,1,1,0,1,1,0
s03-r4-disconnect-n5-1,3,4,disconnect-n5-1,disconnect,1.0,16,258.0159999999996,1,1000,1,1,1,1,1,2,1,2,1,False,1,1,0,0,0,0
s03-r4-disconnect-n5-1,3,4,disconnect-n5-1,disconnect,1.0,17,274.5519999999997,1,1000,1,1,1,1,1,1,1,1,1,False,1,1,0,1,1,0
s03-r4-disconnect-n5-1,3,4,disconnect-n5-1,disconnect,1.0,18,290.88800000000083,1,1000,1,1,1,1,1,1,1,1,1,False,1,1,0,1,1,0
s03-r4-disconnect-n5-1,3,4,disconnect-n5-1,disconnect,1.0,19,306.6280000000006,1,1000,1,1,1,1,1,1,1,1,1,False,1,1,0,1,1,0
s03-r4-disconnect-n5-1,3,4,disconnect-n5-1,disconnect,1.0,20,314.3279999999995,2,1000,1,2,1,2,1,2,1,2,1,False,1,1,0,1,1,0
s03-r4-disconnect-n5-1,3,4,disconnect-n5-1,disconnect,1.0,21,347.0,1,1000,1,1,1,1,1,1,1,1,1,False,1,1,0,1,1,0
s03-r4-disconnect-n5-1,3,4,disconnect-n5-1,disconnect,1.0,22,354.6239999999998,2,1000,1,2,1,2,1,2,1,2,1,False,1,1,0,1,1,0
s03-r4-disconnect-n5-1,3,4,disconnect-n5-1,disconnect,1.0,23,370.79199999999946,2,1000,1,2,1,2,1,2,1,2,1,False,1,1,0,1,1,0
s04-r0-disconnect-n10-1,4,0,disconnect-n10-1,disconnect,1.0,0,16.684000000000196,2,1000,1,2,1,2,1,2,1,2,1,False,1,1,0,1,1,0
s04-r0-disconnect-n10-1,4,0,disconnect-n10-1,disconnect,1.0,1,24.49200000000019,1,1000,1,2,1,2,1,1,1,1,1,False,0,0,0,1,1,0
s04-r0-disconnect-n10-1,4,0,disconnect-n10-1,disconnect,1.0,2,32.52399999999989,1,1000,1,2,1,2,1,1,1,1,1,False,0,0,0,1,1,0
s04-r0-disconnect-n10-1,4,0,disconnect-n10-1,disconnect,1.0,3,40.96799999999985,2,620,1,2,1,2,1,1,1,1,1,True,1,1,0,0,0,0
s04-r0-disconnect-n10-1,4,0,disconnect-n10-1,disconnect,1.0,4,64.55999999999995,2,1000,1,2,1,2,1,2,1,2,1,False,1,1,0,1,1,0
s04-r0-disconnect-n10-1,4,0,disconnect-n10-1,disconnect,1.0,5,80.17599999999993,1,1000,1,1,1,1,1,1,1,1,1,False,1,1,0,1,1,0
s04-r0-disconnect-n10-1,4,0,disconnect-n10-1,disconnect,1.0,6,87.75599999999986,1,1000,1,2,1,2,1,1,1,1,1,False,0,0,0,1,1,0
s04-r0-disconnect-n10-1,4,0,disconnect-n10-1,disconnect,1.0,7,95.64400000000025,1,1000,1,2,1,2,1,1,1,1,1,False,0,0,0,1,1,0
s04-r0-disconnect-n10-1,4,0,disconnect-n10-1,disconnect,1.0,8,111.288,2,1000,1,2,1,2,1,1,1,1,1,False,1,1,0,0,0,0
s04-r0-disconnect-n10-1,4,0,disconnect-n10-1,disconnect,1.0,9,119.76800000000004,2,1000,1,2,1,2,1,2,1,2,1,False,1,1,0,1,1,0
s04-r0-disconnect-n10-1,4,0,disconnect-n10-1,disconnect,1.0,10,127.80000000000018,1,960,1,1,1,1,1,1,1,2,1,True,1,1,0,1,0,1
s04-r0-disconnect-n10-1,4,0,disconnect-n10-1,disconnect,1.0,11,136.06399999999985,1,1000,1,1,1,1,1,1,1,1,1,False,1,1,0,1,1,0
s04-r0-disconnect-n10-1,4,0,disconnect-n10-1,disconnect,1.0,12,152.4720000000002,1,1000,1,1,1,1,1,2,1,2,1,False,1,1,0,0,0,0
s04-r0-disconnect-n10-1,4,0,disconnect-n10-1,disconnect,1.0,13,160.75199999999995,2,1000,1,2,1,2,1,1,1,1,1,False,1,1,0,0,0,0
s04-r0-disconnect-n10-1,4,0,disconnect-n10-1,disconnect,1.0,14,192.65599999999995,1,1000,1,1,1,1,1,1,1,1,1,False,1,1,0,1,1,0
s04-r0-disconnect-n10-1,4,0,disconnect-n10-1,disconnect,1.0,15,216.9319999999998,2,1000,1,2,1,2,1,2,1,2,1,False,1,1,0,1,1,0
s04-r0-disconnect-n10-1,4,0,disconnect-n10-1,disconnect,1.0,16,241.2199999999998,2,1000,1,2,1,2,1,1,1,1,1,False,1,1,0,0,0,0
s04-r0-disconnect-n10-1,4,0,disconnect-n10-1,disconnect,1.0,17,249.6480000000001,1,1000,1,2,1,2,1,1,1,1,1,False,0,0,0,1,1,0
s04-r0-disconnect-n10-1,4,0,disconnect-n10-1,disconnect,1.0,18,258.0160000000001,2,1000,1,2,1,2,1,2,1,2,1,False,1,1,0,1,1,0
s04-r0-disconnect-n10-1,4,0,disconnect-n10-1,disconnect,1.0,19,306.62800000000016,1,1000,1,1,1,1,1,2,1,2,1,False,1,1,0,0,0,0
s04-r0-disconnect-n10-1,4,0,disconnect-n10-1,disconnect,1.0,20,322.65200000000004,2,620,1,2,1,2,1,2,1,2,1,True,1,1,0,1,1,0
s04-r0-disconnect-n10-1,4,0,disconnect-n10-1,disconnect,1.0,21,338.5239999999999,2,949,1,2,1,2,1,1,1,1,1,True,1,1,0,0,0,0
s04-r0-disconnect-n10-1,4,0,disconnect-n10-1,disconnect,1.0,22,362.3360000000002,2,1000,1,2,1,2,1,2,1,2,1,False,1,1,0,1,1,0
s04-r0-disconnect-n10-1,4,0,disconnect-n10-1,disconnect,1.0,23,379.02800000000025,1,1000,1,1,1,1,1,1,1,1,1,False,1,1,0,1,1,0
s04-r0-disconnect-n2-1,4,0,disconnect-n2-1,disconnect,1.0,0,16.684000000000196,2,1000,1,2,1,2,1,2,1,2,1,False,1,1,0,1,1,0
s04-r0-disconnect-n2-1,4,0,disconnect-n2-1,disconnect,1.0,1,24.49200000000019,1,1000,1,2,1,2,1,1,1,1,1,False,0,0,0,1,1,0
s04-r0-disconnect-n2-1,4,0,disconnect-n2-1,disconnect,1.0,2,32.52399999999989,1,1000,1,2,1,2,1,1,1,1,1,False,0,0,0,1,1,0
s04-r0-disconnect-n2-1,4,0,disconnect-n2-1,disconnect,1.0,3,40.96799999999985,2,1000,1,2,1,2,1,1,1,1,1,False,1,1,0,0,0,0
s04-r0-disconnect-n2-1,4,0,disconnect-n2-1,disconnect,1.0,4,64.55999999999995,2,1000,1,2,1,2,1,2,1,2,1,False,1,1,0,1,1,0
s04-r0-disconnect-n2-1,4,0,disconnect-n2-1,disconnect,1.0,5,80.17599999999993,1,1000,1,1,1,1,1,1,1,1,1,False,1,1,0,1,1,0
s04-r0-disconnect-n2-1,4,0,disconnect-n2-1,disconnect,1.0,6,87.75599999999986,1,1000,1,2,1,2,1,1,1,1,1,False,0,0,0,1,1,0
s04-r0-disconnect-n2-1,4,0,disconnect-n2-1,disconnect,1.0,7,95.64400000000025,1,1000,1,2,1,2,1,1,1,1,1,False,0,0,0,1,1,0
s04-r0-disconnect-n2-1,4,0,disconnect-n2-1,disconnect,1.0,8,111.288,2,1000,1,2,1,2,1,1,1,1,1,False,1,1,0,0,0,0
s04-r0-disconnect-n2-1,4,0,disconnect-n2-1,disconnect,1.0,9,119.76800000000004,2,1000,1,2,1,2,1,2,1,2,1,False,1,1,0,1,1,0
s04-r0-disconnect-n2-1,4,0,disconnect-n2-1,disconnect,1.0,10,127.80000000000018,1,1000,1,1,1,1,1,2,1,2,1,False,1,1,0,0,0,0
s04-r0-disconnect-n2-1,4,0,disconnect-n2-1,disconnect,1.0,11,136.06399999999985,1,1000,1,1,1,1,1,1,1,1,1,False,1,1,0,1,1,0
s04-r0-disconnect-n2-1,4,0,disconnect-n2-1,disconnect,1.0,12,152.4720000000002,1,1000,1,1,1,1,1,2,1,2,1,False,1,1,0,0,0,0
s04-r0-disconnect-n2-1,4,0,disconnect-n2-1,disconnect,1.0,13,160.75199999999995,2,1000,1,2,1,2,1,1,1,1,1,False,1,1,0,0,0,0
s04-r0-disconnect-n2-1,4,0,disconnect-n2-1,disconnect,1.0,14,192.65599999999995,1,1000,1,1,1,1,1,1,1,1,1,False,1,1,0,1,1,0
s04-r0-disconnect-n2-1,4,0,disconnect-n2-1,disconnect,1.0,15,216.9319999999998,2,1000,1,2,1,2,1,2,1,2,1,False,1,1,0,1,1,0
s04-r0-disconnect-n2-1,4,0,disconnect-n2-1,disconnect,1.0,16,241.2199999999998,2,1000,1,2,1,2,1,1,1,1,1,False,1,1,0,0,0,0
s04-r0-disconnect-n2-1,4,0,disconnect-n2-1,disconnect,1.0,17,249.6480000000001,1,1000,1,2,1,2,1,1,1,1,1,False,0,0,0,1,1,0
s04-r0-disconnect-n2-1,4,0,disconnect-n2-1,disconnect,1.0,18,258.0160000000001,2,1000,1,2,1,2,1,2,1,2,1,False,1,1,0,1,1,0
s04-r0-disconnect-n2-1,4,0,disconnect-n2-1,disconnect,1.0,19,306.62800000000016,1,1000,1,1,1,1,1,2,1,2,1,False,1,1,0,0,0,0
s04-r0-disconnect-n2-1,4,0,disconnect-n2-1,disconnect,1.0,20,322.65200000000004,2,1000,1,2,1,2,1,2,1,2,1,False,1,1,0,1,1,0
s04-r0-disconnect-n2-1,4,0,disconnect-n2-1,disconnect,1.0,21,338.5239999999999,2,1000,1,2,1,2,1,1,1,1,1,False,1,1,0,0,0,0
s04-r0-disconnect-n2-1,4,0,disconnect-n2-1,disconnect,1.0,22,362.3360000000002,2,1000,1,2,1,2,1,2,1,2,1,False,1,1,0,1,1,0
s04-r0-disconnect-n2-1,4,0,disconnect-n2-1,disconnect,1.0,23,379.02800000000025,1,1000,1,1,1,1,1,1,1,1,1,False,1,1,0,1,1,0
s04-r0-disconnect-n20-1,4,0,disconnect-n20-1,disconnect,1.0,0,16.684000000000196,2,620,1,2,1,2,1,2,1,2,1,True,1,1,0,1,1,0
s04-r0-disconnect-n20-1,4,0,disconnect-n20-1,disconnect,1.0,1,24.49200000000019,1,1000,1,2,1,2,1,1,1,1,1,False,0,0,0,1,1,0
s04-r0-disconnect-n20-1,4,0,disconnect-n20-1,disconnect,1.0,2,32.52399999999989,1,1000,1,2,1,2,1,1,1,1,1,False,0,0,0,1,1,0
s04-r0-disconnect-n20-1,4,0,disconnect-n20-1,disconnect,1.0,3,40.96799999999985,2,620,1,2,1,2,1,1,1,1,1,True,1,1,0,0,0,0
s04-r0-disconnect-n20-1,4,0,disconnect-n20-1,disconnect,1.0,4,64.55999999999995,2,890,1,2,1,2,1,2,1,2,1,True,1,1,0,1,1,0
s04-r0-disconnect-n20-1,4,0,disconnect-n20-1,disconnect,1.0,5,80.17599999999993,1,1000,1,1,1,1,1,1,1,1,1,False,1,1,0,1,1,0
s04-r0-disconnect-n20-1,4,0,disconnect-n20-1,disconnect,1.0,6,87.75599999999986,1,811,1,2,1,2,1,2,1,1,1,True,0,0,0,0,1,1
s04-r0-disconnect-n20-1,4,0,disconnect-n20-1,disconnect,1.0,7,95.64400000000025,1,1000,1,2,1,2,1,1,1,1,1,False,0,0,0,1,1,0
s04-r0-disconnect-n20-1,4,0,disconnect-n20-1,disconnect,1.0,8,111.288,2,1000,1,2,1,2,1,1,1,1,1,False,1,1,0,0,0,0
s04-r0-disconnect-n20-1,4,0,disconnect-n20-1,disconnect,1.0,9,119.76800000000004,2,1000,1,2,1,2,1,2,1,2,1,False,1,1,0,1,1,0
s04-r0-disconnect-n20-1,4,0,disconnect-n20-1,disconnect,1.0,10,127.80000000000018,1,900,1,1,1,1,1,1,1,2,1,True,1,1,0,1,0,1
s04-r0-disconnect-n20-1,4,0,disconnect-n20-1,disconnect,1.0,11,136.06399999999985,1,1000,1,1,1,1,1,1,1,1,1,False,1,1,0,1,1,0
s04-r0-disconnect-n20-1,4,0,disconnect-n20-1,disconnect,1.0,12,152.4720000000002,1,1000,1,1,1,1,1,2,1,2,1,False,1,1,0,0,0,0
s04-r0-disconnect-n20-1,4,0,disconnect-n20-1,disconnect,1.0,13,160.75199999999995,2,948,1,2,1,2,1,1,1,1,1,True,1,1,0,0,0,0
s04-r0-disconnect-n20-1,4,0,disconnect-n20-1,disconnect,1.0,14,192.65599999999995,1,976,1,1,1,1,1,1,1,1,1,True,1,1,0,1,1,0
s04-r0-disconnect-n20-1,4,0,disconnect-n20-1,disconnect,1.0,15,216.9319999999998,2,620,1,2,1,2,1,2,1,2,1,True,1,1,0,1,1,0
s04-r0-disconnect-n20-1,4,0,disconnect-n20-1,disconnect,1.0,16,241.2199999999998,2,1000,1,2,1,2,1,1,1,1,1,False,1,1,0,0,0,0
s04-r0-disconnect-n20-1,4,0,disconnect-n20-1,disconnect,1.0,17,249.6480000000001,1,1000,1,2,1,2,1,1,1,1,1,False,0,0,0,1,1,0
s04-r0-disconnect-n20-1,4,0,disconnect-n20-1,disconnect,1.0,18,258.0160000000001,2,1000,1,2,1,2,1,2,1,2,1,False,1,1,0,1,1,0
s04-r0-disconnect-n20-1,4,0,disconnect-n20-1,disconnect,1.0,19,306.62800000000016,1,1000,1,1,1,1,1,2,1,2,1,False,1,1,0,0,0,0
s04-r0-disconnect-n20-1,4,0,disconnect-n20-1,disconnect,1.0,20,322.65200000000004,2,620,1,2,1,2,1,2,1,2,1,True,1,1,0,1,1,0
s04-r0-disconnect-n20-1,4,0,disconnect-n20-1,disconnect,1.0,21,338.5239999999999,2,1000,1,2,1,2,1,1,1,1,1,False,1,1,0,0,0,0
s04-r0-disconnect-n20-1,4,0,disconnect-n20-1,disconnect,1.0,22,362.3360000000002,2,620,1,2,1,2,1,2,1,2,1,True,1,1,0,1,1,0
s04-r0-disconnect-n20-1,4,0,disconnect-n20-1,disconnect,1.0,23,379.02800000000025,1,1000,1,1,1,1,1,1,1,1,1,False,1,1,0,1,1,0
s04-r0-disconnect-n5-1,4,0,disconnect-n5-1,disconnect,1.0,0,16.684000000000196,2,1000,1,2,1,2,1,2,1,2,1,False,1,1,0,1,1,0
s04-r0-disconnect-n5-1,4,0,disconnect-n5-1,disconnect,1.0,1,24.49200000000019,1,1000,1,2,1,2,1,1,1,1,1,False,0,0,0,1,1,0
s04-r0-disconnect-n5-1,4,0,disconnect-n5-1,disconnect,1.0,2,32.52399999999989,1,1000,1,2,1,2,1,1,1,1,1,False,0,0,0,1,1,0
s04-r0-disconnect-n5-1,4,0,disconnect-n5-1,disconnect,1.0,3,40.96799999999985,2,1000,1,2,1,2,1,1,1,1,1,False,1,1,0,0,0,0
s04-r0-disconnect-n5-1,4,0,disconnect-n5-1,disconnect,1.0,4,64.55999999999995,2,1000,1,2,1,2,1,2,1,2,1,False,1,1,0,1,1,0
s04-r0-disconnect-n5-1,4,0,disconnect-n5-1,disconnect,1.0,5,80.17599999999993,1,1000,1,1,1,1,1,1,1,1,1,False,1,1,0,1,1,0
s04-r0-disconnect-n5-1,4,0,disconnect-n5-1,disconnect,1.0,6,87.75599999999986,1,879,1,2,1,2,1,2,1,1,1,True,0,0,0,0,1,1
s04-r0-disconnect-n5-1,4,0,disconnect-n5-1,disconnect,1.0,7,95.64399999999978,1,1000,1,2,1,2,1,1,1,1,1,False,0,0,0,1,1,0
s04-r0-disconnect-n5-1,4,0,disconnect-n5-1,disconnect,1.0,8,111.288,2,1000,1,2,1,2,1,1,1,1,1,False,1,1,0,0,0,0
s04-r0-disconnect-n5-1,4,0,disconnect-n5-1,disconnect,1.0,9,119.76800000000004,2,1000,1,2,1,2,1,2,1,2,1,False,1,1,0,1,1,0
s04-r0-disconnect-n5-1,4,0,disconnect-n5-1,disconnect,1.0,10,127.80000000000018,1,1000,1,1,1,1,1,2,1,2,1,False,1,1,0,0,0,0
s04-r0-disconnect-n5-1,4,0,disconnect-n5-1,disconnect,1.0,11,136.06399999999985,1,1000,1,1,1,1,1,1,1,1,1,False,1,1,0,1,1,0
s04-r0-disconnect-n5-1,4,0,disconnect-n5-1,disconnect,1.0,12,152.4720000000002,1,1000,1,1,1,1,1,2,1,2,1,False,1,1,0,0,0,0
s04-r0-disconnect-n5-1,4,0,disconnect-n5-1,disconnect,1.0,13,160.75199999999995,2,1000,1,2,1,2,1,1,1,1,1,False,1,1,0,0,0,0
s04-r0-disconnect-n5-1,4,0,disconnect-n5-1,disconnect,1.0,14,192.65599999999995,1,1000,1,1,1,1,1,1,1,1,1,False,1,1,0,1,1,0
s04-r0-disconnect-n5-1,4,0,disconnect-n5-1,disconnect,1.0,15,216.9319999999998,2,1000,1,2,1,2,1,2,1,2,1,False,1,1,0,1,1,0
s04-r0-disconnect-n5-1,4,0,disconnect-n5-1,disconnect,1.0,16,241.2199999999998,2,1000,1,2,1,2,1,1,1,1,1,False,1,1,0,0,0,0
s04-r0-disconnect-n5-1,4,0,disconnect-n5-1,disconnect,1.0,17,249.6480000000001,1,1000,1,2,1,2,1,1,1,1,1,False,0,0,0,1,1,0
s04-r0-disconnect-n5-1,4,0,disconnect-n5-1,disconnect,1.0,18,258.0160000000001,2,1000,1,2,1,2,1,2,1,2,1,False,1,1,0,1,1,0
s04-r0-disconnect-n5-1,4,0,disconnect-n5-1,disconnect,1.0,19,306.62800000000016,1,1000,1,1,1,1,1,2,1,2,1,False,1,1,0,0,0,0
s04-r0-disconnect-n5-1,4,0,disconnect-n5-1,disconnect,1.0,20,322.65200000000004,2,1000,1,2,1,2,1,2,1,2,1,False,1,1,0,1,1,0
s04-r0-disconnect-n5-1,4,0,disconnect-n5-1,disconnect,1.0,21,338.5239999999999,2,1000,1,2,1,2,1,1,1,1,1,False,1,1,0,0,0,0
s04-r0-disconnect-n5-1,4,0,disconnect-n5-1,disconnect,1.0,22,362.3359999999998,2,1000,1,2,1,2,1,2,1,2,1,False,1,1,0,1,1,0
s04-r0-disconnect-n5-1,4,0,disconnect-n5-1,disconnect,1.0,23,379.0279999999998,1,1000,1,1,1,1,1,1,1,1,1,False,1,1,0,1,1,0
s04-r1-disconnect-n10-1,4,1,disconnect-n10-1,disconnect,1.0,0,1.0,1,1000,1,2,1,2,1,2,1,2,1,False,0,0,0,0,0,0
s04-r1-disconnect-n10-1,4,1,disconnect-n10-1,disconnect,1.0,1,9.011999999999716,1,1000,1,2,1,2,1,1,1,1,1,False,0,0,0,1,1,0
s04-r1-disconnect-n10-1,4,1,disconnect-n10-1,disconnect,1.0,2,24.49200000000019,2,1000,1,2,1,2,1,2,1,2,1,False,1,1,0,1,1,0
s04-r1-disconnect-n10-1,4,1,disconnect-n10-1,disconnect,1.0,3,32.52400000000034,1,1000,1,2,1,2,1,1,1,1,1,False,0,0,0,1,1,0
s04-r1-disconnect-n10-1,4,1,disconnect-n10-1,disconnect,1.0,4,48.63600000000042,1,1000,1,2,1,2,1,2,1,2,1,False,0,0,0,0,0,0
s04-r1-disconnect-n10-1,4,1,disconnect-n10-1,disconnect,1.0,5,64.5600000000004,2,1000,1,2,1,2,1,2,1,2,1,False,1,1,0,1,1,0
s04-r1-disconnect-n10-1,4,1,disconnect-n10-1,disconnect,1.0,6,80.17600000000039,1,1000,1,2,1,2,1,1,1,1,1,False,0,0,0,1,1,0
s04-r1-disconnect-n10-1,4,1,disconnect-n10-1,disconnect,1.0,7,103.42000000000009,1,1000,1,1,1,1,1,1,1,1,1,False,1,1,0,1,1,0
s04-r1-disconnect-n10-1,4,1,disconnect-n10-1,disconnect,1.0,8,119.76800000000004,2,1000,1,2,1,2,1,2,1,2,1,False,1,1,0,1,1,0
s04-r1-disconnect-n10-1,4,1,disconnect-n10-1,disconnect,1.0,9,160.7520000000004,1,1000,1,2,1,2,1,1,1,1,1,False,0,0,0,1,1,0
s04-r1-disconnect-n10-1,4,1,disconnect-n10-1,disconnect,1.0,10,176.72000000000023,2,620,1,2,1,2,1,1,1,1,1,True,1,1,0,0,0,0
s04-r1-disconnect-n10-1,4,1,disconnect-n10-1,disconnect,1.0,11,192.65599999999995,2,1000,1,2,1,2,1,2,1,2,1,False,1,1,0,1,1,0
s04-r1-disconnect-n10-1,4,1,disconnect-n10-1,disconnect,1.0,12,200.5,1,675,1,2,1,2,1,1,1,2,1,True,0,0,0,1,0,1
s04-r1-disconnect-n10-1,4,1,disconnect-n10-1,disconnect,1.0,13,216.9319999999998,2,1000,1,2,1,2,1,1,1,1,1,False,1,1,0,0,0,0
s04-r1-disconnect-n10-1,4,1,disconnect-n10-1,disconnect,1.0,14,224.83200000000036,1,1000,1,2,1,2,1,2,1,2,1,False,0,0,0,0,0,0
s04-r1-disconnect-n10-1,4,1,disconnect-n10-1,disconnect,1.0,15,249.6480000000001,1,1000,1,1,1,1,1,1,1,1,1,False,1,1,0,1,1,0
s04-r1-disconnect-n10-1,4,1,disconnect-n10-1,disconnect,1.0,16,282.808,2,1000,1,2,1,2,1,2,1,2,1,False,1,1,0,1,1,0
s04-r1-disconnect-n10-1,4,1,disconnect-n10-1,disconnect,1.0,17,290.8879999999999,1,1000,1,1,1,1,1,1,1,1,1,False,1,1,0,1,1,0
s04-r1-disconnect-n10-1,4,1,disconnect-n10-1,disconnect,1.0,18,298.77599999999984,2,620,1,1,1,2,1,2,1,2,1,True,0,1,1,1,1,0
s04-r1-disconnect-n10-1,4,1,disconnect-n10-1,disconnect,1.0,19,314.32800000000043,2,1000,1,2,1,2,1,1,1,1,1,False,1,1,0,0,0,0
s04-r1-disconnect-n10-1,4,1,disconnect-n10-1,disconnect,1.0,20,338.52400000000034,2,932,1,2,1,2,1,2,1,2,1,True,1,1,0,1,1,0
s04-r1-disconnect-n10-1,4,1,disconnect-n10-1,disconnect,1.0,21,347.0,2,1000,1,2,1,2,1,2,1,2,1,False,1,1,0,1,1,0
s04-r1-disconnect-n10-1,4,1,disconnect-n10-1,disconnect,1.0,22,354.6239999999998,2,1000,1,1,1,1,1,2,1,2,1,False,0,0,0,1,1,0
s04-r1-disconnect-n10-1,4,1,disconnect-n10-1,disconnect,1.0,23,379.02800000000025,1,1000,1,2,1,2,1,2,1,2,1,False,0,0,0,0,0,0
s04-r1-disconnect-n2-1,4,1,disconnect-n2-1,disconnect,1.0,0,1.0,1,1000,1,2,1,2,1,2,1,2,1,False,0,0,0,0,0,0
s04-r1-disconnect-n2-1,4,1,disconnect-n2-1,disconnect,1.0,1,9.011999999999716,1,1000,1,2,1,2,1,1,1,1,1,False,0,0,0,1,1,0
s04-r1-disconnect-n2-1,4,1,disconnect-n2-1,disconnect,1.0,2,24.49200000000019,2,1000,1,2,1,2,1,2,1,2,1,False,1,1,0,1,1,0
s04-r1-disconnect-n2-1,4,1,disconnect-n2-1,disconnect,1.0,3,32.52400000000034,1,1000,1,2,1,2,1,1,1,1,1,False,0,0,0,1,1,0
s04-r1-disconnect-n2-1,4,1,disconnect-n2-1,disconnect,1.0,4,48.63600000000042,1,1000,1,2,1,2,1,2,1,2,1,False,0,0,0,0,0,0
s04-r1-disconnect-n2-1,4,1,disconnect-n2-1,disconnect,1.0,5,64.5600000000004,2,1000,1,2,1,2,1,2,1,2,1,False,1,1,0,1,1,0
s04-r1-disconnect-n2-1,4,1,disconnect-n2-1,disconnect,1.0,6,80.17600000000039,1,1000,1,2,1,2,1,1,1,1,1,False,0,0,0,1,1,0
s04-r1-disconnect-n2-1,4,1,disconnect-n2-1,disconnect,1.0,7,103.42000000000009,1,1000,1,1,1,1,1,1,1,1,1,False,1,1,0,1,1,0
s04-r1-disconnect-n2-1,4,1,disconnect-n2-1,disconnect,1.0,8,119.76800000000004,2,1000,1,2,1,2,1,2,1,2,1,False,1,1,0,1,1,0
s04-r1-disconnect-n2-1,4,1,disconnect-n2-1,disconnect,1.0,9,160.7520000000004,1,1000,1,2,1,2,1,1,1,1,1,False,0,0,0,1,1,0
s04-r1-disconnect-n2-1,4,1,disconnect-n2-1,disconnect,1.0,10,176.72000000000023,2,1000,1,2,1,2,1,1,1,1,1,False,1,1,0,0,0,0
s04-r1-disconnect-n2-1,4,1,disconnect-n2-1,disconnect,1.0,11,192.65599999999995,2,1000,1,2,1,2,1,2,1,2,1,False,1,1,0,1,1,0
s04-r1-disconnect-n2-1,4,1,disconnect-n2-1,disconnect,1.0,12,200.5,1,1000,1,2,1,2,1,2,1,2,1,False,0,0,0,0,0,0
s04-r1-disconnect-n2-1,4,1,disconnect-n2-1,disconnect,1.0,13,216.9319999999998,2,1000,1,2,1,2,1,1,1,1,1,False,1,1,0,0,0,0
s04-r1-disconnect-n2-1,4,1,disconnect-n2-1,disconnect,1.0,14,224.83200000000036,1,1000,1,2,1,2,1,2,1,2,1,False,0,0,0,0,0,0
s04-r1-disconnect-n2-1,4,1,disconnect-n2-1,disconnect,1.0,15,249.6480000000001,1,948,1,1,1,1,1,1,1,1,1,True,1,1,0,1,1,0
s04-r1-disconnect-n2-1,4,1,disconnect-n2-1,disconnect,1.0,16,282.808,2,1000,1,2,1,2,1,2,1,2,1,False,1,1,0,1,1,0
s04-r1-disconnect-n2-1,4,1,disconnect-n2-1,disconnect,1.0,17,290.8879999999999,1,1000,1,1,1,1,1,1,1,1,1,False,1,1,0,1,1,0
s04-r1-disconnect-n2-1,4,1,disconnect-n2-1,disconnect,1.0,18,298.77599999999984,2,1000,1,2,1,2,1,2,1,2,1,False,1,1,0,1,1,0
s04-r1-disconnect-n2-1,4,1,disconnect-n2-1,disconnect,1.0,19,314.32800000000043,2,1000,1,2,1,2,1,1,1,1,1,False,1,1,0,0,0,0
s04-r1-disconnect-n2-1,4,1,disconnect-n2-1,disconnect,1.0,20,338.52400000000034,2,1000,1,2,1,2,1,2,1,2,1,False,1,1,0,1,1,0
s04-r1-disconnect-n2-1,4,1,disconnect-n2-1,disconnect,1.0,21,347.0,2,1000,1,2,1,2,1,2,1,2,1,False,1,1,0,1,1,0
s04-r1-disconnect-n2-1,4,1,disconnect-n2-1,disconnect,1.0,22,354.6239999999998,2,1000,1,1,1,1,1,2,1,2,1,False,0,0,0,1,1,0
s04-r1-disconnect-n2-1,4,1,disconnect-n2-1,disconnect,1.0,23,379.02800000000025,1,1000,1,2,1,2,1,2,1,2,1,False,0,0,0,0,0,0
s04-r1-disconnect-n20-1,4,1,disconnect-n20-1,disconnect,1.0,0,1.0,1,1000,1,2,1,2,1,2,1,2,1,False,0,0,0,0,0,0
s04-r1-disconnect-n20-1,4,1,disconnect-n20-1,disconnect,1.0,1,9.011999999999716,1,1000,1,2,1,2,1,1,1,1,1,False,0,0,0,1,1,0
s04-r1-disconnect-n20-1,4,1,disconnect-n20-1,disconnect,1.0,2,24.49200000000019,2,1000,1,2,1,2,1,2,1,2,1,False,1,1,0,1,1,0
s04-r1-disconnect-n20-1,4,1,disconnect-n20-1,disconnect,1.0,3,32.52400000000034,1,819,1,1,1,2,1,1,1,1,1,True,1,0,1,1,1,0
s04-r1-disconnect-n20-1,4,1,disconnect-n20-1,disconnect,1.0,4,48.63600000000042,1,1000,1,2,1,2,1,2,1,2,1,False,0,0,0,0,0,0
s04-r1-disconnect-n20-1,4,1,disconnect-n20-1,disconnect,1.0,5,64.5600000000004,2,1000,1,2,1,2,1,2,1,2,1,False,1,1,0,1,1,0
s04-r1-disconnect-n20-1,4,1,disconnect-n20-1,disconnect,1.0,6,80.17600000000039,1,1000,1,2,1,2,1,1,1,1,1,False,0,0,0,1,1,0
s04-r1-disconnect-n20-1,4,1,disconnect-n20-1,disconnect,1.0,7,103.42000000000009,1,620,1,1,1,1,1,1,1,1,1,True,1,1,0,1,1,0
s04-r1-disconnect-n20-1,4,1,disconnect-n20-1,disconnect,1.0,8,119.76800000000004,2,798,1,2,1,2,1,2,1,2,1,True,1,1,0,1,1,0
s04-r1-disconnect-n20-1,4,1,disconnect-n20-1,disconnect,1.0,9,160.7520000000004,1,732,1,2,1,2,1,1,1,1,1,True,0,0,0,1,1,0
s04-r1-disconnect-n20-1,4,1,disconnect-n20-1,disconnect,1.0,10,176.72000000000023,2,1000,1,2,1,2,1,1,1,1,1,False,1,1,0,0,0,0
s04-r1-disconnect-n20-1,4,1,disconnect-n20-1,disconnect,1.0,11,192.65599999999995,2,620,1,2,1,2,1,2,1,2,1,True,1,1,0,1,1,0
s04-r1-disconnect-n20-1,4,1,disconnect-n20-1,disconnect,1.0,12,200.5,1,1000,1,2,1,2,1,2,1,2,1,False,0,0,0,0,0,0
s04-r1-disconnect-n20-1,4,1,disconnect-n20-1,disconnect,1.0,13,216.9319999999998,2,1000,1,2,1,2,1,2,1,1,1,False,1,1,0,1,0,1
s04-r1-disconnect-n20-1,4,1,disconnect-n20-1,disconnect,1.0,14,224.83200000000036,1,1000,1,2,1,2,1,2,1,2,1,False,0,0,0,0,0,0
s04-r1-disconnect-n20-1,4,1,disconnect-n20-1,disconnect,1.0,15,249.6480000000001,1,888,1,2,1,1,1,1,1,1,1,True,0,1,1,1,1,0
s04-r1-disconnect-n20-1,4,1,disconnect-n20-1,disconnect,1.0,16,282.808,2,982,1,2,1,2,1,2,1,2,1,True,1,1,0,1,1,0
s04-r1-disconnect-n20-1,4,1,disconnect-n20-1,disconnect,1.0,17,290.8879999999999,1,1000,1,1,1,1,1,1,1,1,1,False,1,1,0,1,1,0
s04-r1-disconnect-n20-1,4,1,disconnect-n20-1,disconnect,1.0,18,298.77599999999984,2,1000,1,2,1,2,1,2,1,2,1,False,1,1,0,1,1,0
s04-r1-disconnect-n20-1,4,1,disconnect-n20-1,disconnect,1.0,19,314.3279999999995,2,1000,1,2,1,2,1,1,1,1,1,False,1,1,0,0,0,0
s04-r1-disconnect-n20-1,4,1,disconnect-n20-1,disconnect,1.0,20,338.52400000000034,2,620,1,2,1,2,1,2,1,2,1,True,1,1,0,1,1,0
s04-r1-disconnect-n20-1,4,1,disconnect-n20-1,disconnect,1.0,21,347.0,2,1000,1,2,1,2,1,2,1,2,1,False,1,1,0,1,1,0
s04-r1-disconnect-n20-1,4,1,disconnect-n20-1,disconnect,1.0,22,354.6239999999998,2,1000,1,1,1,1,1,2,1,2,1,False,0,0,0,1,1,0
s04-r1-disconnect-n20-1,4,1,disconnect-n20-1,disconnect,1.0,23,379.02800000000025,1,1000,1,2,1,2,1,2,1,2,1,False,0,0,0,0,0,0
s04-r1-disconnect-n5-1,4,1,disconnect-n5-1,disconnect,1.0,0,1.0,1,1000,1,2,1,2,1,2,1,2,1,False,0,0,0,0,0,0
s04-r1-disconnect-n5-1,4,1,disconnect-n5-1,disconnect,1.0,1,9.011999999999716,1,1000,1,2,1,2,1,1,1,1,1,False,0,0,0,1,1,0
s04-r1-disconnect-n5-1,4,1,disconnect-n5-1,disconnect,1.0,2,24.49200000000019,2,1000,1,2,1,2,1,2,1,2,1,False,1,1,0,1,1,0
s04-r1-disconnect-n5-1,4,1,disconnect-n5-1,disconnect,1.0,3,32.52400000000034,1,1000,1,2,1,2,1,1,1,1,1,False,0,0,0,1,1,0
s04-r1-disconnect-n5-1,4,1,disconnect-n5-1,disconnect,1.0,4,48.63600000000042,1,1000,1,2,1,2,1,2,1,2,1,False,0,0,0,0,0,0
s04-r1-disconnect-n5-1,4,1,disconnect-n5-1,disconnect,1.0,5,64.5600000000004,2,1000,1,2,1,2,1,2,1,2,1,False,1,1,0,1,1,0
s04-r1-disconnect-n5-1,4,1,disconnect-n5-1,disconnect,1.0,6,80.17600000000039,1,1000,1,2,1,2,1,1,1,1,1,False,0,0,0,1,1,0
s04-r1-disconnect-n5-1,4,1,disconnect-n5-1,disconnect,1.0,7,103.42000000000009,1,1000,1,1,1,1,1,1,1,1,1,False,1,1,0,1,1,0
s04-r1-disconnect-n5-1,4,1,disconnect-n5-1,disconnect,1.0,8,119.76800000000004,2,1000,1,2,1,2,1,2,1,2,1,False,1,1,0,1,1,0
s04-r1-disconnect-n5-1,4,1,disconnect-n5-1,disconnect,1.0,9,160.7520000000004,1,1000,1,2,1,2,1,1,1,1,1,False,0,0,0,1,1,0
s04-r1-disconnect-n5-1,4,1,disconnect-n5-1,disconnect,1.0,10,176.72000000000023,2,1000,1,2,1,2,1,1,1,1,1,False,1,1,0,0,0,0
s04-r1-disconnect-n5-1,4,1,disconnect-n5-1,disconnect,1.0,11,192.65599999999995,2,1000,1,2,1,2,1,2,1,2,1,False,1,1,0,1,1,0
s04-r1-disconnect-n5-1,4,1,disconnect-n5-1,disconnect,1.0,12,200.5,1,1000,1,2,1,2,1,2,1,2,1,False,0,0,0,0,0,0
s04-r1-disconnect-n5-1,4,1,disconnect-n5-1,disconnect,1.0,13,216.9319999999998,2,1000,1,2,1,2,1,1,1,1,1,False,1,1,0,0,0,0
s04-r1-disconnect-n5-1,4,1,disconnect-n5-1,disconnect,1.0,14,224.83200000000036,1,1000,1,2,1,2,1,2,1,2,1,False,0,0,0,0,0,0
s04-r1-disconnect-n5-1,4,1,disconnect-n5-1,disconnect,1.0,15,249.6480000000001,1,1000,1,1,1,1,1,1,1,1,1,False,1,1,0,1,1,0
s04-r1-disconnect-n5-1,4,1,disconnect-n5-1,disconnect,1.0,16,282.808,2,1000,1,2,1,2,1,2,1,2,1,False,1,1,0,1,1,0
s04-r1-disconnect-n5-1,4,1,disconnect-n5-1,disconnect,1.0,17,290.8879999999999,1,1000,1,1,1,1,1,1,1,1,1,False,1,1,0,1,1,0
s04-r1-disconnect-n5-1,4,1,disconnect-n5-1,disconnect,1.0,18,298.77599999999984,2,1000,1,2,1,2,1,2,1,2,1,False,1,1,0,1,1,0
s04-r1-disconnect-n5-1,4,1,disconnect-n5-1,disconnect,1.0,19,314.3279999999995,2,1000,1,2,1,2,1,1,1,1,1,False,1,1,0,0,0,0
s04-r1-disconnect-n5-1,4,1,disconnect-n5-1,disconnect,1.0,20,338.52400000000034,2,1000,1,2,1,2,1,2,1,2,1,False,1,1,0,1,1,0
s04-r1-disconnect-n5-1,4,1,disconnect-n5-1,disconnect,1.0,21,347.0,2,1000,1,2,1,2,1,2,1,2,1,False,1,1,0,1,1,0
s04-r1-disconnect-n5-1,4,1,disconnect-n5-1,disconnect,1.0,22,354.6239999999998,2,854,1,2,1,1,1,2,1,2,1,True,1,0,1,1,1,0
s04-r1-disconnect-n5-1,4,1,disconnect-n5-1,disconnect,1.0,23,379.02800000000025,1,1000,1,2,1,2,1,2,1,2,1,False,0,0,0,0,0,0
s04-r2-disconnect-n10-1,4,2,disconnect-n10-1,disconnect,1.0,0,1.0,2,1000,1,2,1,2,1,1,1,1,1,False,1,1,0,0,0,0
s04-r2-disconnect-n10-1,4,2,disconnect-n10-1,disconnect,1.0,1,16.684000000000196,1,1000,1,2,1,2,1,1,1,1,1,False,0,0,0,1,1,0
s04-r2-disconnect-n10-1,4,2,disconnect-n10-1,disconnect,1.0,2,48.63600000000042,1,1000,1,1,1,1,1,1,1,1,1,False,1,1,0,1,1,0
s04-r2-disconnect-n10-1,4,2,disconnect-n10-1,disconnect,1.0,3,56.83600000000024,1,659,1,2,1,2,1,1,1,1,1,True,0,0,0,1,1,0
s04-r2-disconnect-n10-1,4,2,disconnect-n10-1,disconnect,1.0,4,72.55199999999968,2,1000,1,2,1,2,1,2,1,2,1,False,1,1,0,1,1,0
s04-r2-disconnect-n10-1,4,2,disconnect-n10-1,disconnect,1.0,5,103.42000000000009,2,1000,1,1,1,1,1,1,1,1,1,False,0,0,0,0,0,0
s04-r2-disconnect-n10-1,4,2,disconnect-n10-1,disconnect,1.0,6,111.28799999999956,1,1000,1,2,1,2,1,1,1,1,1,False,0,0,0,1,1,0
s04-r2-disconnect-n10-1,4,2,disconnect-n10-1,disconnect,1.0,7,127.80000000000018,2,1000,1,2,1,2,1,1,1,1,1,False,1,1,0,0,0,0
s04-r2-disconnect-n10-1,4,2,disconnect-n10-1,disconnect,1.0,8,144.20799999999963,1,1000,1,2,1,2,1,1,1,1,1,False,0,0,0,1,1,0
s04-r2-disconnect-n10-1,4,2,disconnect-n10-1,disconnect,1.0,9,169.07200000000012,2,1000,1,2,1,2,1,1,1,1,1,False,1,1,0,0,0,0
s04-r2-disconnect-n10-1,4,2,disconnect-n10-1,disconnect,1.0,10,192.65599999999995,1,1000,1,2,1,2,1,2,1,2,1,False,0,0,0,0,0,0
s04-r2-disconnect-n10-1,4,2,disconnect-n10-1,disconnect,1.0,11,200.5,2,1000,1,2,1,2,1,2,1,2,1,False,1,1,0,1,1,0
s04-r2-disconnect-n10-1,4,2,disconnect-n10-1,disconnect,1.0,12,208.91600000000017,2,1000,1,2,1,2,1,2,1,2,1,False,1,1,0,1,1,0
s04-r2-disconnect-n10-1,4,2,disconnect-n10-1,disconnect,1.0,13,232.9359999999997,2,1000,1,2,1,2,1,1,1,1,1,False,1,1,0,0,0,0
s04-r2-disconnect-n10-1,4,2,disconnect-n10-1,disconnect,1.0,14,241.22000000000023,1,1000,1,1,1,1,1,1,1,1,1,False,1,1,0,1,1,0
s04-r2-disconnect-n10-1,4,2,disconnect-n10-1,disconnect,1.0,15,249.6480000000001,1,1000,1,2,1,2,1,1,1,1,1,False,0,0,0,1,1,0
s04-r2-disconnect-n10-1,4,2,disconnect-n10-1,disconnect,1.0,16,266.3800000000001,2,715,1,2,1,2,1,1,1,2,1,True,1,1,0,0,1,1
s04-r2-disconnect-n10-1,4,2,disconnect-n10-1,disconnect,1.0,17,274.5519999999997,1,1000,1,2,1,2,1,1,1,1,1,False,0,0,0,1,1,0
s04-r2-disconnect-n10-1,4,2,disconnect-n10-1,disconnect,1.0,18,290.8879999999999,2,1000,1,2,1,2,1,2,1,2,1,False,1,1,0,1,1,0
s04-r2-disconnect-n10-1,4,2,disconnect-n10-1,disconnect,1.0,19,298.77599999999984,2,826,1,2,1,1,1,1,1,1,1,True,1,0,1,0,0,0
s04-r2-disconnect-n10-1,4,2,disconnect-n10-1,disconnect,1.0,20,314.3279999999995,1,1000,1,1,1,1,1,1,1,1,1,False,1,1,0,1,1,0
s04-r2-disconnect-n10-1,4,2,disconnect-n10-1,disconnect,1.0,21,362.3360000000002,1,620,1,2,1,2,1,1,1,1,1,True,0,0,0,1,1,0
s04-r2-disconnect-n10-1,4,2,disconnect-n10-1,disconnect,1.0,22,370.7920000000004,2,1000,1,2,1,2,1,2,1,2,1,False,1,1,0,1,1,0
s04-r2-disconnect-n10-1,4,2,disconnect-n10-1,disconnect,1.0,23,379.02800000000025,1,1000,1,1,1,1,1,1,1,1,1,False,1,1,0,1,1,0
s04-r2-disconnect-n2-1,4,2,disconnect-n2-1,disconnect,1.0,0,1.0,2,1000,1,2,1,2,1,1,1,1,1,False,1,1,0,0,0,0
s04-r2-disconnect-n2-1,4,2,disconnect-n2-1,disconnect,1.0,1,16.684000000000196,1,1000,1,2,1,2,1,1,1,1,1,False,0,0,0,1,1,0
s04-r2-disconnect-n2-1,4,2,disconnect-n2-1,disconnect,1.0,2,48.63600000000042,1,1000,1,1,1,1,1,1,1,1,1,False,1,1,0,1,1,0
s04-r2-disconnect-n2-1,4,2,disconnect-n2-1,disconnect,1.0,3,56.83600000000024,1,1000,1,2,1,2,1,1,1,1,1,False,0,0,0,1,1,0
s04-r2-disconnect-n2-1,4,2,disconnect-n2-1,disconnect,1.0,4,72.55199999999968,2,1000,1,2,1,2,1,2,1,2,1,False,1,1,0,1,1,0
s04-r2-disconnect-n2-1,4,2,disconnect-n2-1,disconnect,1.0,5,103.42000000000009,2,1000,1,1,1,1,1,1,1,1,1,False,0,0,0,0,0,0
s04-r2-disconnect-n2-1,4,2,disconnect-n2-1,disconnect,1.0,6,111.28799999999956,1,1000,1,2,1,2,1,1,1,1,1,False,0,0,0,1,1,0
s04-r2-disconnect-n2-1,4,2,disconnect-n2-1,disconnect,1.0,7,127.80000000000018,2,1000,1,2,1,2,1,1,1,1,1,False,1,1,0,0,0,0
s04-r2-disconnect-n2-1,4,2,disconnect-n2-1,disconnect,1.0,8,144.20799999999963,1,1000,1,2,1,2,1,1,1,1,1,False,0,0,0,1,1,0
s04-r2-disconnect-n2-1,4,2,disconnect-n2-1,disconnect,1.0,9,169.07200000000012,2,1000,1,2,1,2,1,1,1,1,1,False,1,1,0,0,0,0
s04-r2-disconnect-n2-1,4,2,disconnect-n2-1,disconnect,1.0,10,192.65599999999995,1,1000,1,2,1,2,1,2,1,2,1,False,0,0,0,0,0,0
s04-r2-disconnect-n2-1,4,2,disconnect-n2-1,disconnect,1.0,11,200.5,2,1000,1,2,1,2,1,2,1,2,1,False,1,1,0,1,1,0
s04-r2-disconnect-n2-1,4,2,disconnect-n2-1,disconnect,1.0,12,208.91600000000017,2,1000,1,2,1,2,1,2,1,2,1,False,1,1,0,1,1,0
s04-r2-disconnect-n2-1,4,2,disconnect-n2-1,disconnect,1.0,13,232.9359999999997,2,1000,1,2,1,2,1,1,1,1,1,False,1,1,0,0,0,0
s04-r2-disconnect-n2-1,4,2,disconnect-n2-1,disconnect,1.0,14,241.22000000000023,1,1000,1,1,1,1,1,1,1,1,1,False,1,1,0,1,1,0
s04-r2-disconnect-n2-1,4,2,disconnect-n2-1,disconnect,1.0,15,249.6480000000001,1,1000,1,2,1,2,1,1,1,1,1,False,0,0,0,1,1,0
s04-r2-disconnect-n2-1,4,2,disconnect-n2-1,disconnect,1.0,16,266.3800000000001,2,1000,1,2,1,2,1,2,1,2,1,False,1,1,0,1,1,0
s04-r2-disconnect-n2-1,4,2,disconnect-n2-1,disconnect,1.0,17,274.5519999999997,1,1000,1,2,1,2,1,1,1,1,1,False,0,0,0,1,1,0
s04-r2-disconnect-n2-1,4,2,disconnect-n2-1,disconnect,1.0,18,290.8879999999999,2,1000,1,2,1,2,1,2,1,2,1,False,1,1,0,1,1,0
s04-r2-disconnect-n2-1,4,2,disconnect-n2-1,disconnect,1.0,19,298.77599999999984,2,1000,1,1,1,1,1,1,1,1,1,False,0,0,0,0,0,0
s04-r2-disconnect-n2-1,4,2,disconnect-n2-1,disconnect,1.0,20,314.3279999999995,1,1000,1,1,1,1,1,1,1,1,1,False,1,1,0,1,1,0
s04-r2-disconnect-n2-1,4,2,disconnect-n2-1,disconnect,1.0,21,362.3360000000002,1,1000,1,2,1,2,1,1,1,1,1,False,0,0,0,1,1,0
s04-r2-disconnect-n2-1,4,2,disconnect-n2-1,disconnect,1.0,22,370.7920000000004,2,1000,1,2,1,2,1,2,1,2,1,False,1,1,0,1,1,0
s04-r2-disconnect-n2-1,4,2,disconnect-n2-1,disconnect,1.0,23,379.02800000000025,1,1000,1,1,1,1,1,1,1,1,1,False,1,1,0,1,1,0
s04-r2-disconnect-n20-1,4,2,disconnect-n20-1,disconnect,1.0,0,1.0,2,1000,1,2,1,2,1,1,1,1,1,False,1,1,0,0,0,0
s04-r2-disconnect-n20-1,4,2,disconnect-n20-1,disconnect,1.0,1,16.684000000000196,1,1000,1,2,1,2,1,1,1,1,1,False,0,0,0,1,1,0
s04-r2-disconnect-n20-1,4,2,disconnect-n20-1,disconnect,1.0,2,48.63600000000042,1,1000,1,1,1,1,1,1,1,1,1,False,1,1,0,1,1,0
s04-r2-disconnect-n20-1,4,2,disconnect-n20-1,disconnect,1.0,3,56.83600000000024,1,1000,1,2,1,2,1,1,1,1,1,False,0,0,0,1,1,0
s04-r2-disconnect-n20-1,4,2,disconnect-n20-1,disconnect,1.0,4,72.55199999999968,2,1000,1,2,1,2,1,2,1,2,1,False,1,1,0,1,1,0
s04-r2-disconnect-n20-1,4,2,disconnect-n20-1,disconnect,1.0,5,103.42000000000009,2,625,1,1,1,1,1,1,1,1,1,True,0,0,0,0,0,0
s04-r2-disconnect-n20-1,4,2,disconnect-n20-1,disconnect,1.0,6,111.28799999999956,1,1000,1,2,1,2,1,1,1,1,1,False,0,0,0,1,1,0
s04-r2-disconnect-n20-1,4,2,disconnect-n20-1,disconnect,1.0,7,127.80000000000018,2,1000,1,2,1,2,1,1,1,1,1,False,1,1,0,0,0,0
s04-r2-disconnect-n20-1,4,2,disconnect-n20-1,disconnect,1.0,8,144.20799999999963,1,1000,1,2,1,2,1,1,1,1,1,False,0,0,0,1,1,0
s04-r2-disconnect-n20-1,4,2,disconnect-n20-1,disconnect,1.0,9,169.07200000000012,2,1000,1,2,1,2,1,1,1,1,1,False,1,1,0,0,0,0
s04-r2-disconnect-n20-1,4,2,disconnect-n20-1,disconnect,1.0,10,192.65599999999995,1,620,1,2,1,2,1,1,1,2,1,True,0,0,0,1,0,1
s04-r2-disconnect-n20-1,4,2,disconnect-n20-1,disconnect,1.0,11,200.5,2,1000,1,2,1,2,1,2,1,2,1,False,1,1,0,1,1,0
s04-r2-disconnect-n20-1,4,2,disconnect-n20-1,disconnect,1.0,12,208.91600000000017,2,671,1,2,1,2,1,2,1,2,1,True,1,1,0,1,1,0
s04-r2-disconnect-n20-1,4,2,disconnect-n20-1,disconnect,1.0,13,232.9359999999997,2,1000,1,2,1,2,1,1,1,1,1,False,1,1,0,0,0,0
s04-r2-disconnect-n20-1,4,2,disconnect-n20-1,disconnect,1.0,14,241.22000000000023,1,1000,1,1,1,1,1,1,1,1,1,False,1,1,0,1,1,0
s04-r2-disconnect-n20-1,4,2,disconnect-n20-1,disconnect,1.0,15,249.6480000000001,1,978,1,2,1,2,1,1,1,1,1,True,0,0,0,1,1,0
s04-r2-disconnect-n20-1,4,2,disconnect-n20-1,disconnect,1.0,16,266.3800000000001,2,1000,1,2,1,2,1,2,1,2,1,False,1,1,0,1,1,0
s04-r2-disconnect-n20-1,4,2,disconnect-n20-1,disconnect,1.0,17,274.5519999999997,1,668,1,2,1,2,1,1,1,1,1,True,0,0,0,1,1,0
s04-r2-disconnect-n20-1,4,2,disconnect-n20-1,disconnect,1.0,18,290.8879999999999,2,1000,1,2,1,2,1,2,1,2,1,False,1,1,0,1,1,0
s04-r2-disconnect-n20-1,4,2,disconnect-n20-1,disconnect,1.0,19,298.77599999999984,2,1000,1,1,1,1,1,1,1,1,1,False,0,0,0,0,0,0
s04-r2-disconnect-n20-1,4,2,disconnect-n20-1,disconnect,1.0,20,314.32800000000043,1,1000,1,1,1,1,1,1,1,1,1,False,1,1,0,1,1,0
s04-r2-disconnect-n20-1,4,2,disconnect-n20-1,disconnect,1.0,21,362.3360000000002,1,1000,1,2,1,2,1,1,1,1,1,False,0,0,0,1,1,0
s04-r2-disconnect-n20-1,4,2,disconnect-n20-1,disconnect,1.0,22,370.7920000000004,2,1000,1,2,1,2,1,2,1,2,1,False,1,1,0,1,1,0
s04-r2-disconnect-n20-1,4,2,disconnect-n20-1,disconnect,1.0,23,379.02800000000025,1,1000,1,1,1,1,1,1,1,1,1,False,1,1,0,1,1,0
s04-r2-disconnect-n5-1,4,2,disconnect-n5-1,disconnect,1.0,0,1.0,2,1000,1,2,1,2,1,1,1,1,1,False,1,1,0,0,0,0
s04-r2-disconnect-n5-1,4,2,disconnect-n5-1,disconnect,1.0,1,16.684000000000196,1,1000,1,2,1,2,1,1,1,1,1,False,0,0,0,1,1,0
s04-r2-disconnect-n5-1,4,2,disconnect-n5-1,disconnect,1.0,2,48.63600000000042,1,1000,1,1,1,1,1,1,1,1,1,False,1,1,0,1,1,0
s04-r2-disconnect-n5-1,4,2,disconnect-n5-1,disconnect,1.0,3,56.83600000000024,1,1000,1,2,1,2,1,1,1,1,1,False,0,0,0,1,1,0
s04-r2-disconnect-n5-1,4,2,disconnect-n5-1,disconnect,1.0,4,72.55199999999968,2,1000,1,2,1,2,1,2,1,2,1,False,1,1,0,1,1,0
s04-r2-disconnect-n5-1,4,2,disconnect-n5-1,disconnect,1.0,5,103.42000000000009,2,1000,1,1,1,1,1,1,1,1,1,False,0,0,0,0,0,0
s04-r2-disconnect-n5-1,4,2,disconnect-n5-1,disconnect,1.0,6,111.28799999999956,1,1000,1,2,1,2,1,1,1,1,1,False,0,0,0,1,1,0
s04-r2-disconnect-n5-1,4,2,disconnect-n5-1,disconnect,1.0,7,127.80000000000018,2,1000,1,2,1,2,1,1,1,1,1,False,1,1,0,0,0,0
s04-r2-disconnect-n5-1,4,2,disconnect-n5-1,disconnect,1.0,8,144.20799999999963,1,1000,1,2,1,2,1,1,1,1,1,False,0,0,0,1,1,0
s04-r2-disconnect-n5-1,4,2,disconnect-n5-1,disconnect,1.0,9,169.07200000000012,2,620,1,2,1,2,1,1,1,1,1,True,1,1,0,0,0,0
s04-r2-disconnect-n5-1,4,2,disconnect-n5-1,disconnect,1.0,10,192.65599999999995,1,1000,1,2,1,2,1,2,1,2,1,False,0,0,0,0,0,0
s04-r2-disconnect-n5-1,4,2,disconnect-n5-1,disconnect,1.0,11,200.5,2,1000,1,2,1,2,1,2,1,2,1,False,1,1,0,1,1,0
s04-r2-disconnect-n5-1,4,2,disconnect-n5-1,disconnect,1.0,12,208.91600000000017,2,1000,1,2,1,2,1,2,1,2,1,False,1,1,0,1,1,0
s04-r2-disconnect-n5-1,4,2,disconnect-n5-1,disconnect,1.0,13,232.9359999999997,2,1000,1,2,1,2,1,1,1,1,1,False,1,1,0,0,0,0
s04-r2-disconnect-n5-1,4,2,disconnect-n5-1,disconnect,1.0,14,241.22000000000023,1,1000,1,1,1,1,1,1,1,1,1,False,1,1,0,1,1,0
s04-r2-disconnect-n5-1,4,2,disconnect-n5-1,disconnect,1.0,15,249.6480000000001,1,1000,1,2,1,2,1,1,1,1,1,False,0,0,0,1,1,0
s04-r2-disconnect-n5-1,4,2,disconnect-n5-1,disconnect,1.0,16,266.3800000000001,2,1000,1,2,1,2,1,2,1,2,1,False,1,1,0,1,1,0
s04-r2-disconnect-n5-1,4,2,disconnect-n5-1,disconnect,1.0,17,274.5519999999997,1,1000,1,2,1,2,1,1,1,1,1,False,0,0,0,1,1,0
s04-r2-disconnect-n5-1,4,2,disconnect-n5-1,disconnect,1.0,18,290.8879999999999,2,620,1,2,1,2,1,2,1,2,1,True,1,1,0,1,1,0
s04-r2-disconnect-n5-1,4,2,disconnect-n5-1,disconnect,1.0,19,298.77599999999984,2,1000,1,1,1,1,1,1,1,1,1,False,0,0,0,0,0,0
s04-r2-disconnect-n5-1,4,2,disconnect-n5-1,disconnect,1.0,20,314.32800000000043,1,1000,1,1,1,1,1,1,1,1,1,False,1,1,0,1,1,0
s04-r2-disconnect-n5-1,4,2,disconnect-n5-1,disconnect,1.0,21,362.3360000000002,1,1000,1,2,1,2,1,1,1,1,1,False,0,0,0,1,1,0
s04-r2-disconnect-n5-1,4,2,disconnect-n5-1,disconnect,1.0,22,370.7920000000004,2,1000,1,2,1,2,1,2,1,2,1,False,1,1,0,1,1,0
s04-r2-disconnect-n5-1,4,2,disconnect-n5-1,disconnect,1.0,23,379.02800000000025,1,1000,1,1,1,1,1,1,1,1,1,False,1,1,0,1,1,0
s04-r3-disconnect-n10-1,4,3,disconnect-n10-1,disconnect,1.0,0,1.0,2,1000,1,2,1,2,1,2,1,2,1,False,1,1,0,1,1,0
s04-r3-disconnect-n10-1,4,3,disconnect-n10-1,disconnect,1.0,1,9.012000000000626,1,1000,1,1,1,1,1,1,1,1,1,False,1,1,0,1,1,0
s04-r3-disconnect-n10-1,4,3,disconnect-n10-1,disconnect,1.0,2,16.683999999999287,1,761,1,1,1,2,1,1,1,1,1,True,1,0,1,1,1,0
s04-r3-disconnect-n10-1,4,3,disconnect-n10-1,disconnect,1.0,3,40.96800000000076,2,1000,1,2,1,2,1,2,1,2,1,False,1,1,0,1,1,0
s04-r3-disconnect-n10-1,4,3,disconnect-n10-1,disconnect,1.0,4,64.55999999999949,1,1000,1,2,1,2,1,1,1,1,1,False,0,0,0,1,1,0
s04-r3-disconnect-n10-1,4,3,disconnect-n10-1,disconnect,1.0,5,80.17599999999948,1,1000,1,1,1,1,1,1,1,1,1,False,1,1,0,1,1,0
s04-r3-disconnect-n10-1,4,3,disconnect-n10-1,disconnect,1.0,6,87.7559999999994,1,1000,1,2,1,2,1,1,1,1,1,False,0,0,0,1,1,0
s04-r3-disconnect-n10-1,4,3,disconnect-n10-1,disconnect,1.0,7,95.64400000000025,2,1000,1,2,1,2,1,2,1,2,1,False,1,1,0,1,1,0
s04-r3-disconnect-n10-1,4,3,disconnect-n10-1,disconnect,1.0,8,119.76800000000004,2,1000,1,2,1,2,1,2,1,2,1,False,1,1,0,1,1,0
s04-r3-disconnect-n10-1,4,3,disconnect-n10-1,disconnect,1.0,9,169.07200000000012,2,692,1,2,1,2,1,2,1,2,1,True,1,1,0,1,1,0
s04-r3-disconnect-n10-1,4,3,disconnect-n10-1,disconnect,1.0,10,176.71999999999937,2,1000,1,2,1,2,1,1,1,1,1,False,1,1,0,0,0,0
s04-r3-disconnect-n10-1,4,3,disconnect-n10-1,disconnect,1.0,11,192.6560000000009,1,1000,1,2,1,2,1,1,1,1,1,False,0,0,0,1,1,0
s04-r3-disconnect-n10-1,4,3,disconnect-n10-1,disconnect,1.0,12,200.5,2,1000,1,2,1,2,1,2,1,2,1,False,1,1,0,1,1,0
s04-r3-disconnect-n10-1,4,3,disconnect-n10-1,disconnect,1.0,13,208.9159999999993,2,1000,1,2,1,2,1,1,1,1,1,False,1,1,0,0,0,0
s04-r3-disconnect-n10-1,4,3,disconnect-n10-1,disconnect,1.0,14,216.9320000000007,2,733,1,2,1,2,1,2,1,2,1,True,1,1,0,1,1,0
s04-r3-disconnect-n10-1,4,3,disconnect-n10-1,disconnect,1.0,15,241.21999999999932,1,620,1,2,1,2,1,1,1,1,1,True,0,0,0,1,1,0
s04-r3-disconnect-n10-1,4,3,disconnect-n10-1,disconnect,1.0,16,258.0159999999996,1,1000,1,2,1,2,1,2,1,2,1,False,0,0,0,0,0,0
s04-r3-disconnect-n10-1,4,3,disconnect-n10-1,disconnect,1.0,17,274.5519999999997,1,620,1,1,1,2,1,1,1,1,1,True,1,0,1,1,1,0
s04-r3-disconnect-n10-1,4,3,disconnect-n10-1,disconnect,1.0,18,290.88800000000083,1,1000,1,1,1,1,1,1,1,1,1,False,1,1,0,1,1,0
s04-r3-disconnect-n10-1,4,3,disconnect-n10-1,disconnect,1.0,19,306.6280000000006,1,1000,1,2,1,2,1,2,1,2,1,False,0,0,0,0,0,0
s04-r3-disconnect-n10-1,4,3,disconnect-n10-1,disconnect,1.0,20,314.3279999999995,2,712,1,1,1,1,1,1,1,2,1,True,0,0,0,0,1,1
s04-r3-disconnect-n10-1,4,3,disconnect-n10-1,disconnect,1.0,21,347.0,1,1000,1,1,1,1,1,1,1,1,1,False,1,1,0,1,1,0
s04-r3-disconnect-n10-1,4,3,disconnect-n10-1,disconnect,1.0,22,354.6239999999998,2,1000,1,2,1,2,1,2,1,2,1,False,1,1,0,1,1,0
s04-r3-disconnect-n10-1,4,3,disconnect-n10-1,disconnect,1.0,23,370.79199999999946,2,1000,1,2,1,2,1,1,1,1,1,False,1,1,0,0,0,0
s04-r3-disconnect-n2-1,4,3,disconnect-n2-1,disconnect,1.0,0,1.0,2,1000,1,2,1,2,1,2,1,2,1,False,1,1,0,1,1,0
s04-r3-disconnect-n2-1,4,3,disconnect-n2-1,disconnect,1.0,1,9.012000000000626,1,1000,1,1,1,1,1,1,1,1,1,False,1,1,0,1,1,0
s04-r3-disconnect-n2-1,4,3,disconnect-n2-1,disconnect,1.0,2,16.683999999999287,1,1000,1,2,1,2,1,1,1,1,1,False,0,0,0,1,1,0
s04-r3-disconnect-n2-1,4,3,disconnect-n2-1,disconnect,1.0,3,40.96800000000076,2,1000,1,2,1,2,1,2,1,2,1,False,1,1,0,1,1,0
s04-r3-disconnect-n2-1,4,3,disconnect-n2-1,disconnect,1.0,4,64.55999999999949,1,1000,1,2,1,2,1,1,1,1,1,False,0,0,0,1,1,0
s04-r3-disconnect-n2-1,4,3,disconnect-n2-1,disconnect,1.0,5,80.17599999999948,1,1000,1,1,1,1,1,1,1,1,1,False,1,1,0,1,1,0
s04-r3-disconnect-n2-1,4,3,disconnect-n2-1,disconnect,1.0,6,87.7559999999994,1,1000,1,2,1,2,1,1,1,1,1,False,0,0,0,1,1,0
s04-r3-disconnect-n2-1,4,3,disconnect-n2-1,disconnect,1.0,7,95.64400000000025,2,1000,1,2,1,2,1,2,1,2,1,False,1,1,0,1,1,0
s04-r3-disconnect-n2-1,4,3,disconnect-n2-1,disconnect,1.0,8,119.76800000000004,2,1000,1,2,1,2,1,2,1,2,1,False,1,1,0,1,1,0
s04-r3-disconnect-n2-1,4,3,disconnect-n2-1,disconnect,1.0,9,169.07200000000012,2,1000,1,2,1,2,1,2,1,2,1,False,1,1,0,1,1,0
s04-r3-disconnect-n2-1,4,3,disconnect-n2-1,disconnect,1.0,10,176.71999999999937,2,1000,1,2,1,2,1,1,1,1,1,False,1,1,0,0,0,0
s04-r3-disconnect-n2-1,4,3,disconnect-n2-1,disconnect,1.0,11,192.6560000000009,1,1000,1,2,1,2,1,1,1,1,1,False,0,0,0,1,1,0
s04-r3-disconnect-n2-1,4,3,disconnect-n2-1,disconnect,1.0,12,200.5,2,1000,1,2,1,2,1,2,1,2,1,False,1,1,0,1,1,0
s04-r3-disconnect-n2-1,4,3,disconnect-n2-1,disconnect,1.0,13,208.9159999999993,2,1000,1,2,1,2,1,1,1,1,1,False,1,1,0,0,0,0
s04-r3-disconnect-n2-1,4,3,disconnect-n2-1,disconnect,1.0,14,216.9320000000007,2,1000,1,2,1,2,1,2,1,2,1,False,1,1,0,1,1,0
s04-r3-disconnect-n2-1,4,3,disconnect-n2-1,disconnect,1.0,15,241.21999999999932,1,1000,1,2,1,2,1,1,1,1,1,False,0,0,0,1,1,0
s04-r3-disconnect-n2-1,4,3,disconnect-n2-1,disconnect,1.0,16,258.0159999999996,1,1000,1,2,1,2,1,2,1,2,1,False,0,0,0,0,0,0
s04-r3-disconnect-n2-1,4,3,disconnect-n2-1,disconnect,1.0,17,274.5519999999997,1,1000,1,2,1,2,1,1,1,1,1,False,0,0,0,1,1,0
s04-r3-disconnect-n2-1,4,3,disconnect-n2-1,disconnect,1.0,18,290.88800000000083,1,1000,1,1,1,1,1,1,1,1,1,False,1,1,0,1,1,0
s04-r3-disconnect-n2-1,4,3,disconnect-n2-1,disconnect,1.0,19,306.6280000000006,1,1000,1,2,1,2,1,2,1,2,1,False,0,0,0,0,0,0
s04-r3-disconnect-n2-1,4,3,disconnect-n2-1,disconnect,1.0,20,314.3279999999995,2,1000,1,1,1,1,1,2,1,2,1,False,0,0,0,1,1,0
s04-r3-disconnect-n2-1,4,3,disconnect-n2-1,disconnect,1.0,21,347.0,1,1000,1,1,1,1,1,1,1,1,1,False,1,1,0,1,1,0
s04-r3-disconnect-n2-1,4,3,disconnect-n2-1,disconnect,1.0,22,354.6239999999998,2,1000,1,2,1,2,1,2,1,2,1,False,1,1,0,1,1,0
s04-r3-disconnect-n2-1,4,3,disconnect-n2-1,disconnect,1.0,23,370.79199999999946,2,1000,1,2,1,2,1,1,1,1,1,False,1,1,0,0,0,0
s04-r3-disconnect-n20-1,4,3,disconnect-n20-1,disconnect,1.0,0,1.0,2,1000,1,2,1,2,1,2,1,2,1,False,1,1,0,1,1,0
s04-r3-disconnect-n20-1,4,3,disconnect-n20-1,disconnect,1.0,1,9.012000000000626,1,1000,1,1,1,1,1,1,1,1,1,False,1,1,0,1,1,0
s04-r3-disconnect-n20-1,4,3,disconnect-n20-1,disconnect,1.0,2,16.683999999999287,1,620,1,1,1,2,1,1,1,1,1,True,1,0,1,1,1,0
s04-r3-disconnect-n20-1,4,3,disconnect-n20-1,disconnect,1.0,3,40.96800000000076,2,1000,1,2,1,2,1,2,1,2,1,False,1,1,0,1,1,0
s04-r3-disconnect-n20-1,4,3,disconnect-n20-1,disconnect,1.0,4,64.55999999999949,1,1000,1,2,1,2,1,1,1,1,1,False,0,0,0,1,1,0
s04-r3-disconnect-n20-1,4,3,disconnect-n20-1,disconnect,1.0,5,80.17599999999948,1,1000,1,1,1,1,1,1,1,1,1,False,1,1,0,1,1,0
s04-r3-disconnect-n20-1,4,3,disconnect-n20-1,disconnect,1.0,6,87.7559999999994,1,999,1,2,1,2,1,1,1,1,1,True,0,0,0,1,1,0
s04-r3-disconnect-n20-1,4,3,disconnect-n20-1,disconnect,1.0,7,95.64400000000025,2,1000,1,2,1,2,1,2,1,2,1,False,1,1,0,1,1,0
s04-r3-disconnect-n20-1,4,3,disconnect-n20-1,disconnect,1.0,8,119.76800000000004,2,1000,1,2,1,2,1,2,1,2,1,False,1,1,0,1,1,0
s04-r3-disconnect-n20-1,4,3,disconnect-n20-1,disconnect,1.0,9,169.07200000000012,2,1000,1,2,1,2,1,2,1,2,1,False,1,1,0,1,1,0
s04-r3-disconnect-n20-1,4,3,disconnect-n20-1,disconnect,1.0,10,176.71999999999937,2,880,1,2,1,2,1,1,1,1,1,True,1,1,0,0,0,0
s04-r3-disconnect-n20-1,4,3,disconnect-n20-1,disconnect,1.0,11,192.6560000000009,1,1000,1,2,1,2,1,1,1,1,1,False,0,0,0,1,1,0
s04-r3-disconnect-n20-1,4,3,disconnect-n20-1,disconnect,1.0,12,200.5,2,1000,1,2,1,2,1,2,1,2,1,False,1,1,0,1,1,0
s04-r3-disconnect-n20-1,4,3,disconnect-n20-1,disconnect,1.0,13,208.9159999999993,2,1000,1,2,1,2,1,1,1,1,1,False,1,1,0,0,0,0
s04-r3-disconnect-n20-1,4,3,disconnect-n20-1,disconnect,1.0,14,216.9320000000007,2,787,1,2,1,2,1,2,1,2,1,True,1,1,0,1,1,0
s04-r3-disconnect-n20-1,4,3,disconnect-n20-1,disconnect,1.0,15,241.21999999999932,1,1000,1,2,1,2,1,1,1,1,1,False,0,0,0,1,1,0
s04-r3-disconnect-n20-1,4,3,disconnect-n20-1,disconnect,1.0,16,258.0159999999996,1,1000,1,2,1,2,1,2,1,2,1,False,0,0,0,0,0,0
s04-r3-disconnect-n20-1,4,3,disconnect-n20-1,disconnect,1.0,17,274.5519999999997,1,958,1,2,1,2,1,1,1,1,1,True,0,0,0,1,1,0
s04-r3-disconnect-n20-1,4,3,disconnect-n20-1,disconnect,1.0,18,290.88800000000083,1,1000,1,1,1,1,1,1,1,1,1,False,1,1,0,1,1,0
s04-r3-disconnect-n20-1,4,3,disconnect-n20-1,disconnect,1.0,19,306.6280000000006,1,1000,1,2,1,2,1,2,1,2,1,False,0,0,0,0,0,0
s04-r3-disconnect-n20-1,4,3,disconnect-n20-1,disconnect,1.0,20,314.3279999999995,2,1000,1,1,1,1,1,2,1,2,1,False,0,0,0,1,1,0
s04-r3-disconnect-n20-1,4,3,disconnect-n20-1,disconnect,1.0,21,347.0,1,1000,1,1,1,1,1,1,1,1,1,False,1,1,0,1,1,0
s04-r3-disconnect-n20-1,4,3,disconnect-n20-1,disconnect,1.0,22,354.6239999999998,2,1000,1,2,1,2,1,2,1,2,1,False,1,1,0,1,1,0
s04-r3-disconnect-n20-1,4,3,disconnect-n20-1,disconnect,1.0,23,370.79199999999946,2,1000,1,2,1,2,1,1,1,1,1,False,1,1,0,0,0,0
s04-r3-disconnect-n5-1,4,3,disconnect-n5-1,disconnect,1.0,0,1.0,2,1000,1,2,1,2,1,2,1,2,1,False,1,1,0,1,1,0
s04-r3-disconnect-n5-1,4,3,disconnect-n5-1,disconnect,1.0,1,9.012000000000626,1,1000,1,1,1,1,1,1,1,1,1,False,1,1,0,1,1,0
s04-r3-disconnect-n5-1,4,3,disconnect-n5-1,disconnect,1.0,2,16.683999999999287,1,1000,1,2,1,2,1,1,1,1,1,False,0,0,0,1,1,0
s04-r3-disconnect-n5-1,4,3,disconnect-n5-1,disconnect,1.0,3,40.96800000000076,2,1000,1,2,1,2,1,2,1,2,1,False,1,1,0,1,1,0
s04-r3-disconnect-n5-1,4,3,disconnect-n5-1,disconnect,1.0,4,64.55999999999949,1,970,1,2,1,2,1,2,1,1,1,True,0,0,0,0,1,1
s04-r3-disconnect-n5-1,4,3,disconnect-n5-1,disconnect,1.0,5,80.17599999999948,1,1000,1,1,1,1,1,1,1,1,1,False,1,1,0,1,1,0
s04-r3-disconnect-n5-1,4,3,disconnect-n5-1,disconnect,1.0,6,87.7559999999994,1,1000,1,2,1,2,1,1,1,1,1,False,0,0,0,1,1,0
s04-r3-disconnect-n5-1,4,3,disconnect-n5-1,disconnect,1.0,7,95.64400000000025,2,1000,1,2,1,2,1,2,1,2,1,False,1,1,0,1,1,0
s04-r3-disconnect-n5-1,4,3,disconnect-n5-1,disconnect,1.0,8,119.76800000000004,2,1000,1,2,1,2,1,2,1,2,1,False,1,1,0,1,1,0
s04-r3-disconnect-n5-1,4,3,disconnect-n5-1,disconnect,1.0,9,169.07200000000012,2,1000,1,2,1,2,1,2,1,2,1,False,1,1,0,1,1,0
s04-r3-disconnect-n5-1,4,3,disconnect-n5-1,disconnect,1.0,10,176.71999999999937,2,1000,1,2,1,2,1,1,1,1,1,False,1,1,0,0,0,0
s04-r3-disconnect-n5-1,4,3,disconnect-n5-1,disconnect,1.0,11,192.6560000000009,1,1000,1,2,1,2,1,1,1,1,1,False,0,0,0,1,1,0
s04-r3-disconnect-n5-1,4,3,disconnect-n5-1,disconnect,1.0,12,200.5,2,1000,1,2,1,2,1,2,1,2,1,False,1,1,0,1,1,0
s04-r3-disconnect-n5-1,4,3,disconnect-n5-1,disconnect,1.0,13,208.9159999999993,2,1000,1,2,1,2,1,1,1,1,1,False,1,1,0,0,0,0
s04-r3-disconnect-n5-1,4,3,disconnect-n5-1,disconnect,1.0,14,216.9320000000007,2,1000,1,2,1,2,1,2,1,2,1,False,1,1,0,1,1,0
s04-r3-disconnect-n5-1,4,3,disconnect-n5-1,disconnect,1.0,15,241.21999999999932,1,1000,1,2,1,2,1,1,1,1,1,False,0,0,0,1,1,0
s04-r3-disconnect-n5-1,4,3,disconnect-n5-1,disconnect,1.0,16,258.0159999999996,1,620,1,1,1,2,1,1,1,2,1,True,1,0,1,1,0,1
s04-r3-disconnect-n5-1,4,3,disconnect-n5-1,disconnect,1.0,17,274.5519999999997,1,1000,1,2,1,2,1,1,1,1,1,False,0,0,0,1,1,0
s04-r3-disconnect-n5-1,4,3,disconnect-n5-1,disconnect,1.0,18,290.88800000000083,1,1000,1,1,1,1,1,1,1,1,1,False,1,1,0,1,1,0
s04-r3-disconnect-n5-1,4,3,disconnect-n5-1,disconnect,1.0,19,306.6280000000006,1,1000,1,2,1,2,1,2,1,2,1,False,0,0,0,0,0,0
s04-r3-disconnect-n5-1,4,3,disconnect-n5-1,disconnect,1.0,20,314.3279999999995,2,1000,1,1,1,1,1,2,1,2,1,False,0,0,0,1,1,0
s04-r3-disconnect-n5-1,4,3,disconnect-n5-1,disconnect,1.0,21,347.0,1,620,1,1,1,1,1,1,1,1,1,True,1,1,0,1,1,0
s04-r3-disconnect-n5-1,4,3,disconnect-n5-1,disconnect,1.0,22,354.6239999999998,2,1000,1,2,1,2,1,2,1,2,1,False,1,1,0,1,1,0
s04-r3-disconnect-n5-1,4,3,disconnect-n5-1,disconnect,1.0,23,370.79199999999946,2,1000,1,2,1,2,1,1,1,1,1,False,1,1,0,0,0,0
s04-r4-disconnect-n10-1,4,4,disconnect-n10-1,disconnect,1.0,0,9.012000000000626,1,1000,1,2,1,2,1,1,1,1,1,False,0,0,0,1,1,0
s04-r4-disconnect-n10-1,4,4,disconnect-n10-1,disconnect,1.0,1,24.49200000000019,2,1000,1,2,1,2,1,2,1,2,1,False,1,1,0,1,1,0
s04-r4-disconnect-n10-1,4,4,disconnect-n10-1,disconnect,1.0,2,40.96800000000076,1,1000,1,2,1,2,1,1,1,1,1,False,0,0,0,1,1,0
s04-r4-disconnect-n10-1,4,4,disconnect-n10-1,disconnect,1.0,3,48.63600000000042,1,1000,1,2,1,2,1,1,1,1,1,False,0,0,0,1,1,0
s04-r4-disconnect-n10-1,4,4,disconnect-n10-1,disconnect,1.0,4,72.55199999999968,2,822,1,2,1,2,1,1,1,1,1,True,1,1,0,0,0,0
s04-r4-disconnect-n10-1,4,4,disconnect-n10-1,disconnect,1.0,5,87.7559999999994,2,1000,1,2,1,2,1,1,1,1,1,False,1,1,0,0,0,0
s04-r4-disconnect-n10-1,4,4,disconnect-n10-1,disconnect,1.0,6,95.64400000000025,2,1000,1,2,1,2,1,2,1,2,1,False,1,1,0,1,1,0
s04-r4-disconnect-n10-1,4,4,disconnect-n10-1,disconnect,1.0,7,103.42000000000009,1,620,1,2,1,2,1,1,1,1,1,True,0,0,0,1,1,0
s04-r4-disconnect-n10-1,4,4,disconnect-n10-1,disconnect,1.0,8,111.28800000000048,2,1000,1,2,1,2,1,2,1,2,1,False,1,1,0,1,1,0
s04-r4-disconnect-n10-1,4,4,disconnect-n10-1,disconnect,1.0,9,136.0640000000003,2,1000,1,2,1,2,1,2,1,2,1,False,1,1,0,1,1,0
s04-r4-disconnect-n10-1,4,4,disconnect-n10-1,disconnect,1.0,10,144.20800000000054,2,1000,1,2,1,2,1,2,1,2,1,False,1,1,0,1,1,0
s04-r4-disconnect-n10-1,4,4,disconnect-n10-1,disconnect,1.0,11,152.47199999999975,2,1000,1,2,1,2,1,2,1,2,1,False,1,1,0,1,1,0
s04-r4-disconnect-n10-1,4,4,disconnect-n10-1,disconnect,1.0,12,160.7520000000004,2,1000,1,2,1,2,1,1,1,1,1,False,1,1,0,0,0,0
s04-r4-disconnect-n10-1,4,4,disconnect-n10-1,disconnect,1.0,13,200.5,1,1000,1,1,1,1,1,1,1,1,1,False,1,1,0,1,1,0
s04-r4-disconnect-n10-1,4,4,disconnect-n10-1,disconnect,1.0,14,208.9159999999993,2,1000,1,2,1,2,1,2,1,2,1,False,1,1,0,1,1,0
s04-r4-disconnect-n10-1,4,4,disconnect-n10-1,disconnect,1.0,15,224.83200000000036,2,1000,1,2,1,2,1,2,1,2,1,False,1,1,0,1,1,0
s04-r4-disconnect-n10-1,4,4,disconnect-n10-1,disconnect,1.0,16,232.9359999999997,1,1000,1,1,1,1,1,1,1,1,1,False,1,1,0,1,1,0
s04-r4-disconnect-n10-1,4,4,disconnect-n10-1,disconnect,1.0,17,249.64799999999923,1,1000,1,1,1,1,1,1,1,1,1,False,1,1,0,1,1,0
s04-r4-disconnect-n10-1,4,4,disconnect-n10-1,disconnect,1.0,18,266.3799999999992,1,1000,1,2,1,2,1,1,1,1,1,False,0,0,0,1,1,0
s04-r4-disconnect-n10-1,4,4,disconnect-n10-1,disconnect,1.0,19,274.5519999999997,1,1000,1,2,1,2,1,1,1,1,1,False,0,0,0,1,1,0
s04-r4-disconnect-n10-1,4,4,disconnect-n10-1,disconnect,1.0,20,282.8079999999991,1,1000,1,2,1,2,1,1,1,1,1,False,0,0,0,1,1,0
s04-r4-disconnect-n10-1,4,4,disconnect-n10-1,disconnect,1.0,21,290.88800000000083,1,723,1,2,1,2,1,1,1,1,1,True,0,0,0,1,1,0
s04-r4-disconnect-n10-1,4,4,disconnect-n10-1,disconnect,1.0,22,322.65200000000004,2,620,1,2,1,2,1,2,1,2,1,True,1,1,0,1,1,0
s04-r4-disconnect-n10-1,4,4,disconnect-n10-1,disconnect,1.0,23,370.79199999999946,1,1000,1,2,1,2,1,1,1,1,1,False,0,0,0,1,1,0
s04-r4-disconnect-n2-1,4,4,disconnect-n2-1,disconnect,1.0,0,9.012000000000626,1,1000,1,2,1,2,1,1,1,1,1,False,0,0,0,1,1,0
s04-r4-disconnect-n2-1,4,4,disconnect-n2-1,disconnect,1.0,1,24.49200000000019,2,1000,1,2,1,2,1,2,1,2,1,False,1,1,0,1,1,0
s04-r4-disconnect-n2-1,4,4,disconnect-n2-1,disconnect,1.0,2,40.96800000000076,1,1000,1,2,1,2,1,1,1,1,1,False,0,0,0,1,1,0
s04-r4-disconnect-n2-1,4,4,disconnect-n2-1,disconnect,1.0,3,48.63600000000042,1,1000,1,2,1,2,1,1,1,1,1,False,0,0,0,1,1,0
s04-r4-disconnect-n2-1,4,4,disconnect-n2-1,disconnect,1.0,4,72.55199999999968,2,1000,1,2,1,2,1,1,1,1,1,False,1,1,0,0,0,0
s04-r4-disconnect-n2-1,4,4,disconnect-n2-1,disconnect,1.0,5,87.7559999999994,2,1000,1,2,1,2,1,1,1,1,1,False,1,1,0,0,0,0
s04-r4-disconnect-n2-1,4,4,disconnect-n2-1,disconnect,1.0,6,95.64400000000025,2,1000,1,2,1,2,1,2,1,2,1,False,1,1,0,1,1,0
s04-r4-disconnect-n2-1,4,4,disconnect-n2-1,disconnect,1.0,7,103.42000000000009,1,1000,1,2,1,2,1,1,1,1,1,False,0,0,0,1,1,0
s04-r4-disconnect-n2-1,4,4,disconnect-n2-1,disconnect,1.0,8,111.28800000000048,2,848,1,2,1,2,1,2,1,2,1,True,1,1,0,1,1,0
s04-r4-disconnect-n2-1,4,4,disconnect-n2-1,disconnect,1.0,9,136.0640000000003,2,1000,1,2,1,2,1,2,1,2,1,False,1,1,0,1,1,0
s04-r4-disconnect-n2-1,4,4,disconnect-n2-1,disconnect,1.0,10,144.20800000000054,2,1000,1,2,1,2,1,2,1,2,1,False,1,1,0,1,1,0
s04-r4-disconnect-n2-1,4,4,disconnect-n2-1,disconnect,1.0,11,152.47199999999975,2,1000,1,2,1,2,1,2,1,2,1,False,1,1,0,1,1,0
s04-r4-disconnect-n2-1,4,4,disconnect-n2-1,disconnect,1.0,12,160.7520000000004,2,1000,1,2,1,2,1,1,1,1,1,False,1,1,0,0,0,0
s04-r4-disconnect-n2-1,4,4,disconnect-n2-1,disconnect,1.0,13,200.5,1,1000,1,1,1,1,1,1,1,1,1,False,1,1,0,1,1,0
s04-r4-disconnect-n2-1,4,4,disconnect-n2-1,disconnect,1.0,14,208.9159999999993,2,1000,1,2,1,2,1,2,1,2,1,False,1,1,0,1,1,0
s04-r4-disconnect-n2-1,4,4,disconnect-n2-1,disconnect,1.0,15,224.83200000000036,2,1000,1,2,1,2,1,2,1,2,1,False,1,1,0,1,1,0
s04-r4-disconnect-n2-1,4,4,disconnect-n2-1,disconnect,1.0,16,232.9359999999997,1,1000,1,1,1,1,1,1,1,1,1,False,1,1,0,1,1,0
s04-r4-disconnect-n2-1,4,4,disconnect-n2-1,disconnect,1.0,17,249.64799999999923,1,1000,1,1,1,1,1,1,1,1,1,False,1,1,0,1,1,0
s04-r4-disconnect-n2-1,4,4,disconnect-n2-1,disconnect,1.0,18,266.3799999999992,1,1000,1,2,1,2,1,1,1,1,1,False,0,0,0,1,1,0
s04-r4-disconnect-n2-1,4,4,disconnect-n2-1,disconnect,1.0,19,274.5519999999997,1,1000,1,2,1,2,1,1,1,1,1,False,0,0,0,1,1,0
s04-r4-disconnect-n2-1,4,4,disconnect-n2-1,disconnect,1.0,20,282.8080000000009,1,1000,1,2,1,2,1,1,1,1,1,False,0,0,0,1,1,0
s04-r4-disconnect-n2-1,4,4,disconnect-n2-1,disconnect,1.0,21,290.88800000000083,1,1000,1,2,1,2,1,1,1,1,1,False,0,0,0,1,1,0
s04-r4-disconnect-n2-1,4,4,disconnect-n2-1,disconnect,1.0,22,322.65200000000004,2,1000,1,2,1,2,1,2,1,2,1,False,1,1,0,1,1,0
s04-r4-disconnect-n2-1,4,4,disconnect-n2-1,disconnect,1.0,23,370.79199999999946,1,1000,1,2,1,2,1,1,1,1,1,False,0,0,0,1,1,0
s04-r4-disconnect-n20-1,4,4,disconnect-n20-1,disconnect,1.0,0,9.012000000000626,1,1000,1,2,1,2,1,1,1,1,1,False,0,0,0,1,1,0
s04-r4-disconnect-n20-1,4,4,disconnect-n20-1,disconnect,1.0,1,24.49200000000019,2,1000,1,2,1,2,1,2,1,2,1,False,1,1,0,1,1,0
s04-r4-disconnect-n20-1,4,4,disconnect-n20-1,disconnect,1.0,2,40.96800000000076,1,1000,1,2,1,2,1,1,1,1,1,False,0,0,0,1,1,0
s04-r4-disconnect-n20-1,4,4,disconnect-n20-1,disconnect,1.0,3,48.63600000000042,1,1000,1,2,1,2,1,1,1,1,1,False,0,0,0,1,1,0
s04-r4-disconnect-n20-1,4,4,disconnect-n20-1,disconnect,1.0,4,72.55199999999968,2,728,1,2,1,2,1,1,1,1,1,True,1,1,0,0,0,0
s04-r4-disconnect-n20-1,4,4,disconnect-n20-1,disconnect,1.0,5,87.7559999999994,2,791,1,2,1,2,1,1,1,1,1,True,1,1,0,0,0,0
s04-r4-disconnect-n20-1,4,4,disconnect-n20-1,disconnect,1.0,6,95.64400000000025,2,1000,1,2,1,2,1,2,1,2,1,False,1,1,0,1,1,0
s04-r4-disconnect-n20-1,4,4,disconnect-n20-1,disconnect,1.0,7,103.42000000000009,1,735,1,2,1,2,1,1,1,1,1,True,0,0,0,1,1,0
s04-r4-disconnect-n20-1,4,4,disconnect-n20-1,disconnect,1.0,8,111.28800000000048,2,1000,1,2,1,2,1,2,1,2,1,False,1,1,0,1,1,0
s04-r4-disconnect-n20-1,4,4,disconnect-n20-1,disconnect,1.0,9,136.0640000000003,2,1000,1,2,1,2,1,2,1,2,1,False,1,1,0,1,1,0
s04-r4-disconnect-n20-1,4,4,disconnect-n20-1,disconnect,1.0,10,144.20800000000054,2,620,1,2,1,2,1,2,1,2,1,True,1,1,0,1,1,0
s04-r4-disconnect-n20-1,4,4,disconnect-n20-1,disconnect,1.0,11,152.47199999999975,2,1000,1,2,1,2,1,2,1,2,1,False,1,1,0,1,1,0
s04-r4-disconnect-n20-1,4,4,disconnect-n20-1,disconnect,1.0,12,160.7520000000004,2,1000,1,2,1,2,1,1,1,1,1,False,1,1,0,0,0,0
s04-r4-disconnect-n20-1,4,4,disconnect-n20-1,disconnect,1.0,13,200.5,1,1000,1,1,1,1,1,1,1,1,1,False,1,1,0,1,1,0
s04-r4-disconnect-n20-1,4,4,disconnect-n20-1,disconnect,1.0,14,208.9159999999993,2,1000,1,2,1,2,1,2,1,2,1,False,1,1,0,1,1,0
s04-r4-disconnect-n20-1,4,4,disconnect-n20-1,disconnect,1.0,15,224.83200000000036,2,1000,1,2,1,2,1,2,1,2,1,False,1,1,0,1,1,0
s04-r4-disconnect-n20-1,4,4,disconnect-n20-1,disconnect,1.0,16,232.9359999999997,1,620,1,1,1,1,1,1,1,1,1,True,1,1,0,1,1,0
s04-r4-disconnect-n20-1,4,4,disconnect-n20-1,disconnect,1.0,17,249.64799999999923,1,620,1,1,1,1,1,1,1,1,1,True,1,1,0,1,1,0
s04-r4-disconnect-n20-1,4,4,disconnect-n20-1,disconnect,1.0,18,266.3799999999992,1,1000,1,2,1,2,1,1,1,1,1,False,0,0,0,1,1,0
s04-r4-disconnect-n20-1,4,4,disconnect-n20-1,disconnect,1.0,19,274.5519999999997,1,1000,1,2,1,2,1,1,1,1,1,False,0,0,0,1,1,0
s04-r4-disconnect-n20-1,4,4,disconnect-n20-1,disconnect,1.0,20,282.8080000000009,1,620,1,2,1,2,1,1,1,1,1,True,0,0,0,1,1,0
s04-r4-disconnect-n20-1,4,4,disconnect-n20-1,disconnect,1.0,21,290.88800000000083,1,1000,1,2,1,2,1,1,1,1,1,False,0,0,0,1,1,0
s04-r4-disconnect-n20-1,4,4,disconnect-n20-1,disconnect,1.0,22,322.65200000000004,2,1000,1,2,1,2,1,2,1,2,1,False,1,1,0,1,1,0
s04-r4-disconnect-n20-1,4,4,disconnect-n20-1,disconnect,1.0,23,370.79199999999946,1,1000,1,2,1,2,1,1,1,1,1,False,0,0,0,1,1,0
s04-r4-disconnect-n5-1,4,4,disconnect-n5-1,disconnect,1.0,0,9.012000000000626,1,1000,1,2,1,2,1,1,1,1,1,False,0,0,0,1,1,0
s04-r4-disconnect-n5-1,4,4,disconnect-n5-1,disconnect,1.0,1,24.49200000000019,2,1000,1,2,1,2,1,2,1,2,1,False,1,1,0,1,1,0
s04-r4-disconnect-n5-1,4,4,disconnect-n5-1,disconnect,1.0,2,40.96800000000076,1,1000,1,2,1,2,1,1,1,1,1,False,0,0,0,1,1,0
s04-r4-disconnect-n5-1,4,4,disconnect-n5-1,disconnect,1.0,3,48.63600000000042,1,1000,1,2,1,2,1,1,1,1,1,False,0,0,0,1,1,0
s04-r4-disconnect-n5-1,4,4,disconnect-n5-1,disconnect,1.0,4,72.55199999999968,2,1000,1,2,1,2,1,1,1,1,1,False,1,1,0,0,0,0
s04-r4-disconnect-n5-1,4,4,disconnect-n5-1,disconnect,1.0,5,87.7559999999994,2,869,1,2,1,2,1,1,1,1,1,True,1,1,0,0,0,0
s04-r4-disconnect-n5-1,4,4,disconnect-n5-1,disconnect,1.0,6,95.64400000000025,2,1000,1,2,1,2,1,2,1,2,1,False,1,1,0,1,1,0
s04-r4-disconnect-n5-1,4,4,disconnect-n5-1,disconnect,1.0,7,103.42000000000009,1,1000,1,2,1,2,1,1,1,1,1,False,0,0,0,1,1,0
s04-r4-disconnect-n5-1,4,4,disconnect-n5-1,disconnect,1.0,8,111.28800000000048,2,1000,1,2,1,2,1,2,1,2,1,False,1,1,0,1,1,0
s04-r4-disconnect-n5-1,4,4,disconnect-n5-1,disconnect,1.0,9,136.0640000000003,2,1000,1,2,1,2,1,2,1,2,1,False,1,1,0,1,1,0
s04-r4-disconnect-n5-1,4,4,disconnect-n5-1,disconnect,1.0,10,144.20800000000054,2,1000,1,2,1,2,1,2,1,2,1,False,1,1,0,1,1,0
s04-r4-disconnect-n5-1,4,4,disconnect-n5-1,disconnect,1.0,11,152.47199999999975,2,1000,1,2,1,2,1,2,1,2,1,False,1,1,0,1,1,0
s04-r4-disconnect-n5-1,4,4,disconnect-n5-1,disconnect,1.0,12,160.7520000000004,2,1000,1,2,1,2,1,1,1,1,1,False,1,1,0,0,0,0
s04-r4-disconnect-n5-1,4,4,disconnect-n5-1,disconnect,1.0,13,200.5,1,620,1,2,1,1,1,1,1,1,1,True,0,1,1,1,1,0
s04-r4-disconnect-n5-1,4,4,disconnect-n5-1,disconnect,1.0,14,208.9159999999993,2,1000,1,2,1,2,1,2,1,2,1,False,1,1,0,1,1,0
s04-r4-disconnect-n5-1,4,4,disconnect-n5-1,disconnect,1.0,15,224.83200000000036,2,1000,1,2,1,2,1,2,1,2,1,False,1,1,0,1,1,0
s04-r4-disconnect-n5-1,4,4,disconnect-n5-1,disconnect,1.0,16,232.9359999999997,1,1000,1,1,1,1,1,1,1,1,1,False,1,1,0,1,1,0
s04-r4-disconnect-n5-1,4,4,disconnect-n5-1,disconnect,1.0,17,249.64799999999923,1,1000,1,1,1,1,1,1,1,1,1,False,1,1,0,1,1,0
s04-r4-disconnect-n5-1,4,4,disconnect-n5-1,disconnect,1.0,18,266.3799999999992,1,1000,1,2,1,2,1,1,1,1,1,False,0,0,0,1,1,0
s04-r4-disconnect-n5-1,4,4,disconnect-n5-1,disconnect,1.0,19,274.5519999999997,1,1000,1,2,1,2,1,1,1,1,1,False,0,0,0,1,1,0
s04-r4-disconnect-n5-1,4,4,disconnect-n5-1,disconnect,1.0,20,282.8080000000009,1,1000,1,2,1,2,1,1,1,1,1,False,0,0,0,1,1,0
s04-r4-disconnect-n5-1,4,4,disconnect-n5-1,disconnect,1.0,21,290.88800000000083,1,1000,1,2,1,2,1,1,1,1,1,False,0,0,0,1,1,0
s04-r4-disconnect-n5-1,4,4,disconnect-n5-1,disconnect,1.0,22,322.65200000000004,2,1000,1,2,1,2,1,2,1,2,1,False,1,1,0,1,1,0
s04-r4-disconnect-n5-1,4,4,disconnect-n5-1,disconnect,1.0,23,370.79199999999946,1,1000,1,2,1,2,1,1,1,1,1,False,0,0,0,1,1,0
s05-r0-disconnect-n10-1,5,0,disconnect-n10-1,disconnect,1.0,0,1.0,1,1000,1,1,1,1,1,1,1,1,1,False,1,1,0,1,1,0
s05-r0-disconnect-n10-1,5,0,disconnect-n10-1,disconnect,1.0,1,9.012000000000173,2,1000,1,2,1,2,1,2,1,2,1,False,1,1,0,1,1,0
s05-r0-disconnect-n10-1,5,0,disconnect-n10-1,disconnect,1.0,2,16.684000000000196,2,1000,1,2,1,2,1,2,1,2,1,False,1,1,0,1,1,0
s05-r0-disconnect-n10-1,5,0,disconnect-n10-1,disconnect,1.0,3,24.49200000000019,1,1000,1,1,1,1,1,1,1,1,1,False,1,1,0,1,1,0
s05-r0-disconnect-n10-1,5,0,disconnect-n10-1,disconnect,1.0,4,32.52399999999989,2,620,1,2,1,2,1,1,1,2,1,True,1,1,0,0,1,1
s05-r0-disconnect-n10-1,5,0,disconnect-n10-1,disconnect,1.0,5,40.96799999999985,1,1000,1,2,1,2,1,1,1,1,1,False,0,0,0,1,1,0
s05-r0-disconnect-n10-1,5,0,disconnect-n10-1,disconnect,1.0,6,48.63599999999997,2,1000,1,2,1,2,1,1,1,1,1,False,1,1,0,0,0,0
s05-r0-disconnect-n10-1,5,0,disconnect-n10-1,disconnect,1.0,7,64.55999999999995,2,1000,1,1,1,1,1,2,1,2,1,False,0,0,0,1,1,0
s05-r0-disconnect-n10-1,5,0,disconnect-n10-1,disconnect,1.0,8,80.17599999999993,1,1000,1,2,1,2,1,1,1,1,1,False,0,0,0,1,1,0
s05-r0-disconnect-n10-1,5,0,disconnect-n10-1,disconnect,1.0,9,95.64400000000025,2,1000,1,2,1,2,1,1,1,1,1,False,1,1,0,0,0,0
s05-r0-disconnect-n10-1,5,0,disconnect-n10-1,disconnect,1.0,10,103.42000000000009,1,620,1,2,1,2,1,1,1,2,1,True,0,0,0,1,0,1
s05-r0-disconnect-n10-1,5,0,disconnect-n10-1,disconnect,1.0,11,152.4720000000002,1,1000,1,1,1,1,1,2,1,2,1,False,1,1,0,0,0,0
s05-r0-disconnect-n10-1,5,0,disconnect-n10-1,disconnect,1.0,12,169.07200000000012,2,1000,1,2,1,2,1,2,1,2,1,False,1,1,0,1,1,0
s05-r0-disconnect-n10-1,5,0,disconnect-n10-1,disconnect,1.0,13,176.7199999999998,1,620,1,2,1,2,1,1,1,1,1,True,0,0,0,1,1,0
s05-r0-disconnect-n10-1,5,0,disconnect-n10-1,disconnect,1.0,14,184.84400000000005,1,1000,1,2,1,2,1,2,1,2,1,False,0,0,0,0,0,0
s05-r0-disconnect-n10-1,5,0,disconnect-n10-1,disconnect,1.0,15,208.91600000000017,1,1000,1,2,1,2,1,1,1,1,1,False,0,0,0,1,1,0
s05-r0-disconnect-n10-1,5,0,disconnect-n10-1,disconnect,1.0,16,241.2199999999998,1,1000,1,2,1,2,1,2,1,2,1,False,0,0,0,0,0,0
s05-r0-disconnect-n10-1,5,0,disconnect-n10-1,disconnect,1.0,17,249.6480000000001,2,1000,1,2,1,2,1,1,1,1,1,False,1,1,0,0,0,0
s05-r0-disconnect-n10-1,5,0,disconnect-n10-1,disconnect,1.0,18,258.0160000000001,1,1000,1,1,1,1,1,1,1,1,1,False,1,1,0,1,1,0
s05-r0-disconnect-n10-1,5,0,disconnect-n10-1,disconnect,1.0,19,266.3800000000001,2,620,1,2,1,1,1,1,1,2,1,True,1,0,1,0,1,1
s05-r0-disconnect-n10-1,5,0,disconnect-n10-1,disconnect,1.0,20,274.55200000000013,2,1000,1,2,1,2,1,2,1,2,1,False,1,1,0,1,1,0
s05-r0-disconnect-n10-1,5,0,disconnect-n10-1,disconnect,1.0,21,282.808,1,1000,1,1,1,1,1,1,1,1,1,False,1,1,0,1,1,0
s05-r0-disconnect-n10-1,5,0,disconnect-n10-1,disconnect,1.0,22,290.8879999999999,2,1000,1,2,1,2,1,1,1,1,1,False,1,1,0,0,0,0
s05-r0-disconnect-n10-1,5,0,disconnect-n10-1,disconnect,1.0,23,306.62800000000016,2,1000,1,2,1,2,1,2,1,2,1,False,1,1,0,1,1,0
s05-r0-disconnect-n2-1,5,0,disconnect-n2-1,disconnect,1.0,0,1.0,1,1000,1,1,1,1,1,1,1,1,1,False,1,1,0,1,1,0
s05-r0-disconnect-n2-1,5,0,disconnect-n2-1,disconnect,1.0,1,9.012000000000173,2,1000,1,2,1,2,1,2,1,2,1,False,1,1,0,1,1,0
s05-r0-disconnect-n2-1,5,0,disconnect-n2-1,disconnect,1.0,2,16.684000000000196,2,1000,1,2,1,2,1,2,1,2,1,False,1,1,0,1,1,0
s05-r0-disconnect-n2-1,5,0,disconnect-n2-1,disconnect,1.0,3,24.49200000000019,1,1000,1,1,1,1,1,1,1,1,1,False,1,1,0,1,1,0
s05-r0-disconnect-n2-1,5,0,disconnect-n2-1,disconnect,1.0,4,32.52399999999989,2,1000,1,2,1,2,1,2,1,2,1,False,1,1,0,1,1,0
s05-r0-disconnect-n2-1,5,0,disconnect-n2-1,disconnect,1.0,5,40.96799999999985,1,1000,1,2,1,2,1,1,1,1,1,False,0,0,0,1,1,0
s05-r0-disconnect-n2-1,5,0,disconnect-n2-1,disconnect,1.0,6,48.63599999999997,2,1000,1,2,1,2,1,1,1,1,1,False,1,1,0,0,0,0
s05-r0-disconnect-n2-1,5,0,disconnect-n2-1,disconnect,1.0,7,64.55999999999995,2,1000,1,1,1,1,1,2,1,2,1,False,0,0,0,1,1,0
s05-r0-disconnect-n2-1,5,0,disconnect-n2-1,disconnect,1.0,8,80.17599999999993,1,1000,1,2,1,2,1,1,1,1,1,False,0,0,0,1,1,0
s05-r0-disconnect-n2-1,5,0,disconnect-n2-1,disconnect,1.0,9,95.64399999999978,2,1000,1,2,1,2,1,1,1,1,1,False,1,1,0,0,0,0
s05-r0-disconnect-n2-1,5,0,disconnect-n2-1,disconnect,1.0,10,103.42000000000009,1,965,1,2,1,2,1,1,1,2,1,True,0,0,0,1,0,1
s05-r0-disconnect-n2-1,5,0,disconnect-n2-1,disconnect,1.0,11,152.4720000000002,1,1000,1,1,1,1,1,2,1,2,1,False,1,1,0,0,0,0
s05-r0-disconnect-n2-1,5,0,disconnect-n2-1,disconnect,1.0,12,169.07200000000012,2,1000,1,2,1,2,1,2,1,2,1,False,1,1,0,1,1,0
s05-r0-disconnect-n2-1,5,0,disconnect-n2-1,disconnect,1.0,13,176.7199999999998,1,1000,1,2,1,2,1,1,1,1,1,False,0,0,0,1,1,0
s05-r0-disconnect-n2-1,5,0,disconnect-n2-1,disconnect,1.0,14,184.84400000000005,1,1000,1,2,1,2,1,2,1,2,1,False,0,0,0,0,0,0
s05-r0-disconnect-n2-1,5,0,disconnect-n2-1,disconnect,1.0,15,208.91600000000017,1,1000,1,2,1,2,1,1,1,1,1,False,0,0,0,1,1,0
s05-r0-disconnect-n2-1,5,0,disconnect-n2-1,disconnect,1.0,16,241.2199999999998,1,1000,1,2,1,2,1,2,1,2,1,False,0,0,0,0,0,0
s05-r0-disconnect-n2-1,5,0,disconnect-n2-1,disconnect,1.0,17,249.6480000000001,2,1000,1,2,1,2,1,1,1,1,1,False,1,1,0,0,0,0
s05-r0-disconnect-n2-1,5,0,disconnect-n2-1,disconnect,1.0,18,258.0160000000001,1,1000,1,1,1,1,1,1,1,1,1,False,1,1,0,1,1,0
s05-r0-disconnect-n2-1,5,0,disconnect-n2-1,disconnect,1.0,19,266.3800000000001,2,1000,1,1,1,1,1,2,1,2,1,False,0,0,0,1,1,0
s05-r0-disconnect-n2-1,5,0,disconnect-n2-1,disconnect,1.0,20,274.55200000000013,2,1000,1,2,1,2,1,2,1,2,1,False,1,1,0,1,1,0
s05-r0-disconnect-n2-1,5,0,disconnect-n2-1,disconnect,1.0,21,282.808,1,1000,1,1,1,1,1,1,1,1,1,False,1,1,0,1,1,0
s05-r0-disconnect-n2-1,5,0,disconnect-n2-1,disconnect,1.0,22,290.8879999999999,2,1000,1,2,1,2,1,1,1,1,1,False,1,1,0,0,0,0
s05-r0-disconnect-n2-1,5,0,disconnect-n2-1,disconnect,1.0,23,306.62800000000016,2,1000,1,2,1,2,1,2,1,2,1,False,1,1,0,1,1,0
s05-r0-disconnect-n20-1,5,0,disconnect-n20-1,disconnect,1.0,0,1.0,1,1000,1,1,1,1,1,1,1,1,1,False,1,1,0,1,1,0
s05-r0-disconnect-n20-1,5,0,disconnect-n20-1,disconnect,1.0,1,9.012000000000173,2,1000,1,2,1,2,1,2,1,2,1,False,1,1,0,1,1,0
s05-r0-disconnect-n20-1,5,0,disconnect-n20-1,disconnect,1.0,2,16.684000000000196,2,1000,1,2,1,2,1,2,1,2,1,False,1,1,0,1,1,0
s05-r0-disconnect-n20-1,5,0,disconnect-n20-1,disconnect,1.0,3,24.49200000000019,1,1000,1,1,1,1,1,1,1,1,1,False,1,1,0,1,1,0
s05-r0-disconnect-n20-1,5,0,disconnect-n20-1,disconnect,1.0,4,32.52399999999989,2,1000,1,2,1,2,1,2,1,2,1,False,1,1,0,1,1,0
s05-r0-disconnect-n20-1,5,0,disconnect-n20-1,disconnect,1.0,5,40.96799999999985,1,620,1,2,1,2,1,1,1,1,1,True,0,0,0,1,1,0
s05-r0-disconnect-n20-1,5,0,disconnect-n20-1,disconnect,1.0,6,48.63599999999997,2,620,1,2,1,2,1,1,1,1,1,True,1,1,0,0,0,0
s05-r0-disconnect-n20-1,5,0,disconnect-n20-1,disconnect,1.0,7,64.55999999999995,2,1000,1,1,1,1,1,2,1,2,1,False,0,0,0,1,1,0
s05-r0-disconnect-n20-1,5,0,disconnect-n20-1,disconnect,1.0,8,80.17599999999993,1,1000,1,2,1,2,1,1,1,1,1,False,0,0,0,1,1,0
s05-r0-disconnect-n20-1,5,0,disconnect-n20-1,disconnect,1.0,9,95.64399999999978,2,1000,1,2,1,2,1,1,1,1,1,False,1,1,0,0,0,0
s05-r0-disconnect-n20-1,5,0,disconnect-n20-1,disconnect,1.0,10,103.42000000000009,1,620,1,2,1,2,1,1,1,2,1,True,0,0,0,1,0,1
s05-r0-disconnect-n20-1,5,0,disconnect-n20-1,disconnect,1.0,11,152.4720000000002,1,1000,1,1,1,1,1,2,1,2,1,False,1,1,0,0,0,0
s05-r0-disconnect-n20-1,5,0,disconnect-n20-1,disconnect,1.0,12,169.07200000000012,2,1000,1,2,1,2,1,2,1,2,1,False,1,1,0,1,1,0
s05-r0-disconnect-n20-1,5,0,disconnect-n20-1,disconnect,1.0,13,176.7199999999998,1,1000,1,2,1,2,1,1,1,1,1,False,0,0,0,1,1,0
s05-r0-disconnect-n20-1,5,0,disconnect-n20-1,disconnect,1.0,14,184.84400000000005,1,1000,1,2,1,2,1,2,1,2,1,False,0,0,0,0,0,0
s05-r0-disconnect-n20-1,5,0,disconnect-n20-1,disconnect,1.0,15,208.91600000000017,1,620,1,2,1,2,1,1,1,1,1,True,0,0,0,1,1,0
s05-r0-disconnect-n20-1,5,0,disconnect-n20-1,disconnect,1.0,16,241.2199999999998,1,1000,1,2,1,2,1,2,1,2,1,False,0,0,0,0,0,0
s05-r0-disconnect-n20-1,5,0,disconnect-n20-1,disconnect,1.0,17,249.6480000000001,2,1000,1,2,1,2,1,1,1,1,1,False,1,1,0,0,0,0
s05-r0-disconnect-n20-1,5,0,disconnect-n20-1,disconnect,1.0,18,258.0160000000001,1,1000,1,1,1,1,1,1,1,1,1,False,1,1,0,1,1,0
s05-r0-disconnect-n20-1,5,0,disconnect-n20-1,disconnect,1.0,19,266.3800000000001,2,955,1,1,1,1,1,2,1,2,1,True,0,0,0,1,1,0
s05-r0-disconnect-n20-1,5,0,disconnect-n20-1,disconnect,1.0,20,274.55200000000013,2,1000,1,2,1,2,1,2,1,2,1,False,1,1,0,1,1,0
s05-r0-disconnect-n20-1,5,0,disconnect-n20-1,disconnect,1.0,21,282.808,1,1000,1,1,1,1,1,1,1,1,1,False,1,1,0,1,1,0
s05-r0-disconnect-n20-1,5,0,disconnect-n20-1,disconnect,1.0,22,290.8879999999999,2,620,1,2,1,2,1,1,1,1,1,True,1,1,0,0,0,0
s05-r0-disconnect-n20-1,5,0,disconnect-n20-1,disconnect,1.0,23,306.62800000000016,2,1000,1,2,1,2,1,2,1,2,1,False,1,1,0,1,1,0
s05-r0-disconnect-n5-1,5,0,disconnect-n5-1,disconnect,1.0,0,1.0,1,1000,1,1,1,1,1,1,1,1,1,False,1,1,0,1,1,0
s05-r0-disconnect-n5-1,5,0,disconnect-n5-1,disconnect,1.0,1,9.012000000000173,2,1000,1,2,1,2,1,2,1,2,1,False,1,1,0,1,1,0
s05-r0-disconnect-n5-1,5,0,disconnect-n5-1,disconnect,1.0,2,16.684000000000196,2,1000,1,2,1,2,1,2,1,2,1,False,1,1,0,1,1,0
s05-r0-disconnect-n5-1,5,0,disconnect-n5-1,disconnect,1.0,3,24.49200000000019,1,1000,1,1,1,1,1,1,1,1,1,False,1,1,0,1,1,0
s05-r0-disconnect-n5-1,5,0,disconnect-n5-1,disconnect,1.0,4,32.52399999999989,2,1000,1,2,1,2,1,2,1,2,1,False,1,1,0,1,1,0
s05-r0-disconnect-n5-1,5,0,disconnect-n5-1,disconnect,1.0,5,40.96799999999985,1,1000,1,2,1,2,1,1,1,1,1,False,0,0,0,1,1,0
s05-r0-disconnect-n5-1,5,0,disconnect-n5-1,disconnect,1.0,6,48.63599999999997,2,1000,1,2,1,2,1,1,1,1,1,False,1,1,0,0,0,0
s05-r0-disconnect-n5-1,5,0,disconnect-n5-1,disconnect,1.0,7,64.55999999999995,2,1000,1,1,1,1,1,2,1,2,1,False,0,0,0,1,1,0
s05-r0-disconnect-n5-1,5,0,disconnect-n5-1,disconnect,1.0,8,80.17599999999993,1,1000,1,2,1,2,1,1,1,1,1,False,0,0,0,1,1,0
s05-r0-disconnect-n5-1,5,0,disconnect-n5-1,disconnect,1.0,9,95.64400000000025,2,1000,1,2,1,2,1,1,1,1,1,False,1,1,0,0,0,0
s05-r0-disconnect-n5-1,5,0,disconnect-n5-1,disconnect,1.0,10,103.42000000000009,1,1000,1,2,1,2,1,2,1,2,1,False,0,0,0,0,0,0
s05-r0-disconnect-n5-1,5,0,disconnect-n5-1,disconnect,1.0,11,152.4720000000002,1,1000,1,1,1,1,1,2,1,2,1,False,1,1,0,0,0,0
s05-r0-disconnect-n5-1,5,0,disconnect-n5-1,disconnect,1.0,12,169.07200000000012,2,1000,1,2,1,2,1,2,1,2,1,False,1,1,0,1,1,0
s05-r0-disconnect-n5-1,5,0,disconnect-n5-1,disconnect,1.0,13,176.7199999999998,1,1000,1,2,1,2,1,1,1,1,1,False,0,0,0,1,1,0
s05-r0-disconnect-n5-1,5,0,disconnect-n5-1,disconnect,1.0,14,184.84400000000005,1,1000,1,2,1,2,1,2,1,2,1,False,0,0,0,0,0,0
s05-r0-disconnect-n5-1,5,0,disconnect-n5-1,disconnect,1.0,15,208.91600000000017,1,1000,1,2,1,2,1,1,1,1,1,False,0,0,0,1,1,0
s05-r0-disconnect-n5-1,5,0,disconnect-n5-1,disconnect,1.0,16,241.2199999999998,1,1000,1,2,1,2,1,2,1,2,1,False,0,0,0,0,0,0
s05-r0-disconnect-n5-1,5,0,disconnect-n5-1,disconnect,1.0,17,249.6480000000001,2,1000,1,2,1,2,1,1,1,1,1,False,1,1,0,0,0,0
s05-r0-disconnect-n5-1,5,0,disconnect-n5-1,disconnect,1.0,18,258.0160000000001,1,1000,1,1,1,1,1,1,1,1,1,False,1,1,0,1,1,0
s05-r0-disconnect-n5-1,5,0,disconnect-n5-1,disconnect,1.0,19,266.3800000000001,2,1000,1,1,1,1,1,2,1,2,1,False,0,0,0,1,1,0
s05-r0-disconnect-n5-1,5,0,disconnect-n5-1,disconnect,1.0,20,274.55200000000013,2,1000,1,2,1,2,1,2,1,2,1,False,1,1,0,1,1,0
s05-r0-disconnect-n5-1,5,0,disconnect-n5-1,disconnect,1.0,21,282.808,1,1000,1,1,1,1,1,1,1,1,1,False,1,1,0,1,1,0
s05-r0-disconnect-n5-1,5,0,disconnect-n5-1,disconnect,1.0,22,290.8879999999999,2,1000,1,2,1,2,1,1,1,1,1,False,1,1,0,0,0,0
s05-r0-disconnect-n5-1,5,0,disconnect-n5-1,disconnect,1.0,23,306.62800000000016,2,1000,1,2,1,2,1,2,1,2,1,False,1,1,0,1,1,0
s05-r1-disconnect-n10-1,5,1,disconnect-n10-1,disconnect,1.0,0,16.684000000000196,2,620,1,1,1,2,1,2,1,2,1,True,0,1,1,1,1,0
s05-r1-disconnect-n10-1,5,1,disconnect-n10-1,disconnect,1.0,1,24.49200000000019,1,1000,1,1,1,1,1,1,1,1,1,False,1,1,0,1,1,0
s05-r1-disconnect-n10-1,5,1,disconnect-n10-1,disconnect,1.0,2,32.52400000000034,1,1000,1,2,1,2,1,1,1,1,1,False,0,0,0,1,1,0
s05-r1-disconnect-n10-1,5,1,disconnect-n10-1,disconnect,1.0,3,40.96799999999985,2,1000,1,2,1,2,1,2,1,2,1,False,1,1,0,1,1,0
s05-r1-disconnect-n10-1,5,1,disconnect-n10-1,disconnect,1.0,4,64.5600000000004,2,1000,1,1,1,1,1,1,1,1,1,False,0,0,0,0,0,0
s05-r1-disconnect-n10-1,5,1,disconnect-n10-1,disconnect,1.0,5,80.17600000000039,1,1000,1,1,1,1,1,1,1,1,1,False,1,1,0,1,1,0
s05-r1-disconnect-n10-1,5,1,disconnect-n10-1,disconnect,1.0,6,87.75600000000031,1,1000,1,2,1,2,1,1,1,1,1,False,0,0,0,1,1,0
s05-r1-disconnect-n10-1,5,1,disconnect-n10-1,disconnect,1.0,7,95.64400000000025,1,1000,1,1,1,1,1,1,1,1,1,False,1,1,0,1,1,0
s05-r1-disconnect-n10-1,5,1,disconnect-n10-1,disconnect,1.0,8,111.28799999999956,2,1000,1,2,1,2,1,1,1,1,1,False,1,1,0,0,0,0
s05-r1-disconnect-n10-1,5,1,disconnect-n10-1,disconnect,1.0,9,119.76800000000004,2,1000,1,2,1,2,1,1,1,1,1,False,1,1,0,0,0,0
s05-r1-disconnect-n10-1,5,1,disconnect-n10-1,disconnect,1.0,10,127.80000000000018,1,1000,1,1,1,1,1,2,1,2,1,False,1,1,0,0,0,0
s05-r1-disconnect-n10-1,5,1,disconnect-n10-1,disconnect,1.0,11,136.0640000000003,1,1000,1,2,1,2,1,1,1,1,1,False,0,0,0,1,1,0
s05-r1-disconnect-n10-1,5,1,disconnect-n10-1,disconnect,1.0,12,152.47199999999975,1,1000,1,2,1,2,1,2,1,2,1,False,0,0,0,0,0,0
s05-r1-disconnect-n10-1,5,1,disconnect-n10-1,disconnect,1.0,13,160.7520000000004,2,1000,1,2,1,2,1,1,1,1,1,False,1,1,0,0,0,0
s05-r1-disconnect-n10-1,5,1,disconnect-n10-1,disconnect,1.0,14,192.65599999999995,1,1000,1,1,1,1,1,2,1,2,1,False,1,1,0,0,0,0
s05-r1-disconnect-n10-1,5,1,disconnect-n10-1,disconnect,1.0,15,216.9319999999998,2,1000,1,2,1,2,1,2,1,2,1,False,1,1,0,1,1,0
s05-r1-disconnect-n10-1,5,1,disconnect-n10-1,disconnect,1.0,16,241.22000000000023,2,1000,1,1,1,1,1,2,1,2,1,False,0,0,0,1,1,0
s05-r1-disconnect-n10-1,5,1,disconnect-n10-1,disconnect,1.0,17,249.6480000000001,1,892,1,2,1,2,1,2,1,2,1,True,0,0,0,0,0,0
s05-r1-disconnect-n10-1,5,1,disconnect-n10-1,disconnect,1.0,18,258.0159999999996,2,1000,1,2,1,2,1,2,1,2,1,False,1,1,0,1,1,0
s05-r1-disconnect-n10-1,5,1,disconnect-n10-1,disconnect,1.0,19,306.6279999999997,1,620,1,2,1,2,1,1,1,2,1,True,0,0,0,1,0,1
s05-r1-disconnect-n10-1,5,1,disconnect-n10-1,disconnect,1.0,20,322.65200000000004,2,1000,1,2,1,2,1,2,1,2,1,False,1,1,0,1,1,0
s05-r1-disconnect-n10-1,5,1,disconnect-n10-1,disconnect,1.0,21,338.52400000000034,2,1000,1,2,1,2,1,2,1,2,1,False,1,1,0,1,1,0
s05-r1-disconnect-n10-1,5,1,disconnect-n10-1,disconnect,1.0,22,362.3360000000002,2,1000,1,1,1,1,1,2,1,2,1,False,0,0,0,1,1,0
s05-r1-disconnect-n10-1,5,1,disconnect-n10-1,disconnect,1.0,23,379.02800000000025,1,1000,1,2,1,2,1,2,1,2,1,False,0,0,0,0,0,0
s05-r1-disconnect-n2-1,5,1,disconnect-n2-1,disconnect,1.0,0,16.684000000000196,2,1000,1,2,1,2,1,2,1,2,1,False,1,1,0,1,1,0
s05-r1-disconnect-n2-1,5,1,disconnect-n2-1,disconnect,1.0,1,24.49200000000019,1,1000,1,1,1,1,1,1,1,1,1,False,1,1,0,1,1,0
s05-r1-disconnect-n2-1,5,1,disconnect-n2-1,disconnect,1.0,2,32.52400000000034,1,1000,1,2,1,2,1,1,1,1,1,False,0,0,0,1,1,0
s05-r1-disconnect-n2-1,5,1,disconnect-n2-1,disconnect,1.0,3,40.96799999999985,2,1000,1,2,1,2,1,2,1,2,1,False,1,1,0,1,1,0
s05-r1-disconnect-n2-1,5,1,disconnect-n2-1,disconnect,1.0,4,64.5600000000004,2,1000,1,1,1,1,1,1,1,1,1,False,0,0,0,0,0,0
s05-r1-disconnect-n2-1,5,1,disconnect-n2-1,disconnect,1.0,5,80.17600000000039,1,1000,1,1,1,1,1,1,1,1,1,False,1,1,0,1,1,0
s05-r1-disconnect-n2-1,5,1,disconnect-n2-1,disconnect,1.0,6,87.75600000000031,1,1000,1,2,1,2,1,1,1,1,1,False,0,0,0,1,1,0
s05-r1-disconnect-n2-1,5,1,disconnect-n2-1,disconnect,1.0,7,95.64400000000025,1,1000,1,1,1,1,1,1,1,1,1,False,1,1,0,1,1,0
s05-r1-disconnect-n2-1,5,1,disconnect-n2-1,disconnect,1.0,8,111.28799999999956,2,1000,1,2,1,2,1,1,1,1,1,False,1,1,0,0,0,0
s05-r1-disconnect-n2-1,5,1,disconnect-n2-1,disconnect,1.0,9,119.76800000000004,2,1000,1,2,1,2,1,1,1,1,1,False,1,1,0,0,0,0
s05-r1-disconnect-n2-1,5,1,disconnect-n2-1,disconnect,1.0,10,127.80000000000018,1,1000,1,1,1,1,1,2,1,2,1,False,1,1,0,0,0,0
s05-r1-disconnect-n2-1,5,1,disconnect-n2-1,disconnect,1.0,11,136.0640000000003,1,1000,1,2,1,2,1,1,1,1,1,False,0,0,0,1,1,0
s05-r1-disconnect-n2-1,5,1,disconnect-n2-1,disconnect,1.0,12,152.47199999999975,1,1000,1,2,1,2,1,2,1,2,1,False,0,0,0,0,0,0
s05-r1-disconnect-n2-1,5,1,disconnect-n2-1,disconnect,1.0,13,160.7520000000004,2,1000,1,2,1,2,1,1,1,1,1,False,1,1,0,0,0,0
s05-r1-disconnect-n2-1,5,1,disconnect-n2-1,disconnect,1.0,14,192.65599999999995,1,1000,1,1,1,1,1,2,1,2,1,False,1,1,0,0,0,0
s05-r1-disconnect-n2-1,5,1,disconnect-n2-1,disconnect,1.0,15,216.9319999999998,2,1000,1,2,1,2,1,2,1,2,1,False,1,1,0,1,1,0
s05-r1-disconnect-n2-1,5,1,disconnect-n2-1,disconnect,1.0,16,241.22000000000023,2,1000,1,1,1,1,1,2,1,2,1,False,0,0,0,1,1,0
s05-r1-disconnect-n2-1,5,1,disconnect-n2-1,disconnect,1.0,17,249.6480000000001,1,1000,1,2,1,2,1,2,1,2,1,False,0,0,0,0,0,0
s05-r1-disconnect-n2-1,5,1,disconnect-n2-1,disconnect,1.0,18,258.0159999999996,2,1000,1,2,1,2,1,2,1,2,1,False,1,1,0,1,1,0
s05-r1-disconnect-n2-1,5,1,disconnect-n2-1,disconnect,1.0,19,306.6279999999997,1,1000,1,2,1,2,1,2,1,2,1,False,0,0,0,0,0,0
s05-r1-disconnect-n2-1,5,1,disconnect-n2-1,disconnect,1.0,20,322.65200000000004,2,1000,1,2,1,2,1,2,1,2,1,False,1,1,0,1,1,0
s05-r1-disconnect-n2-1,5,1,disconnect-n2-1,disconnect,1.0,21,338.52400000000034,2,1000,1,2,1,2,1,2,1,2,1,False,1,1,0,1,1,0
s05-r1-disconnect-n2-1,5,1,disconnect-n2-1,disconnect,1.0,22,362.3360000000002,2,1000,1,1,1,1,1,2,1,2,1,False,0,0,0,1,1,0
s05-r1-disconnect-n2-1,5,1,disconnect-n2-1,disconnect,1.0,23,379.02800000000025,1,1000,1,2,1,2,1,2,1,2,1,False,0,0,0,0,0,0
s05-r1-disconnect-n20-1,5,1,disconnect-n20-1,disconnect,1.0,0,16.684000000000196,2,1000,1,2,1,2,1,2,1,2,1,False,1,1,0,1,1,0
s05-r1-disconnect-n20-1,5,1,disconnect-n20-1,disconnect,1.0,1,24.49200000000019,1,1000,1,1,1,1,1,1,1,1,1,False,1,1,0,1,1,0
s05-r1-disconnect-n20-1,5,1,disconnect-n20-1,disconnect,1.0,2,32.52400000000034,1,620,1,2,1,2,1,2,1,1,1,True,0,0,0,0,1,1
s05-r1-disconnect-n20-1,5,1,disconnect-n20-1,disconnect,1.0,3,40.96799999999985,2,1000,1,2,1,2,1,2,1,2,1,False,1,1,0,1,1,0
s05-r1-disconnect-n20-1,5,1,disconnect-n20-1,disconnect,1.0,4,64.5600000000004,2,1000,1,1,1,1,1,1,1,1,1,False,0,0,0,0,0,0
s05-r1-disconnect-n20-1,5,1,disconnect-n20-1,disconnect,1.0,5,80.17600000000039,1,1000,1,1,1,1,1,1,1,1,1,False,1,1,0,1,1,0
s05-r1-disconnect-n20-1,5,1,disconnect-n20-1,disconnect,1.0,6,87.75600000000031,1,620,1,1,1,2,1,1,1,1,1,True,1,0,1,1,1,0
s05-r1-disconnect-n20-1,5,1,disconnect-n20-1,disconnect,1.0,7,95.64400000000025,1,1000,1,1,1,1,1,1,1,1,1,False,1,1,0,1,1,0
s05-r1-disconnect-n20-1,5,1,disconnect-n20-1,disconnect,1.0,8,111.28799999999956,2,1000,1,2,1,2,1,1,1,1,1,False,1,1,0,0,0,0
s05-r1-disconnect-n20-1,5,1,disconnect-n20-1,disconnect,1.0,9,119.76800000000004,2,1000,1,2,1,2,1,1,1,1,1,False,1,1,0,0,0,0
s05-r1-disconnect-n20-1,5,1,disconnect-n20-1,disconnect,1.0,10,127.80000000000018,1,620,1,2,1,1,1,2,1,2,1,True,0,1,1,0,0,0
s05-r1-disconnect-n20-1,5,1,disconnect-n20-1,disconnect,1.0,11,136.0640000000003,1,1000,1,2,1,2,1,1,1,1,1,False,0,0,0,1,1,0
s05-r1-disconnect-n20-1,5,1,disconnect-n20-1,disconnect,1.0,12,152.47199999999975,1,1000,1,2,1,2,1,2,1,2,1,False,0,0,0,0,0,0
s05-r1-disconnect-n20-1,5,1,disconnect-n20-1,disconnect,1.0,13,160.7520000000004,2,1000,1,2,1,2,1,1,1,1,1,False,1,1,0,0,0,0
s05-r1-disconnect-n20-1,5,1,disconnect-n20-1,disconnect,1.0,14,192.65599999999995,1,620,1,2,1,1,1,1,1,2,1,True,0,1,1,1,0,1
s05-r1-disconnect-n20-1,5,1,disconnect-n20-1,disconnect,1.0,15,216.9319999999998,2,893,1,2,1,2,1,2,1,2,1,True,1,1,0,1,1,0
s05-r1-disconnect-n20-1,5,1,disconnect-n20-1,disconnect,1.0,16,241.22000000000023,2,1000,1,1,1,1,1,2,1,2,1,False,0,0,0,1,1,0
s05-r1-disconnect-n20-1,5,1,disconnect-n20-1,disconnect,1.0,17,249.6480000000001,1,648,1,2,1,2,1,1,1,2,1,True,0,0,0,1,0,1
s05-r1-disconnect-n20-1,5,1,disconnect-n20-1,disconnect,1.0,18,258.0159999999996,2,1000,1,2,1,2,1,2,1,2,1,False,1,1,0,1,1,0
s05-r1-disconnect-n20-1,5,1,disconnect-n20-1,disconnect,1.0,19,306.6279999999997,1,733,1,2,1,2,1,1,1,2,1,True,0,0,0,1,0,1
s05-r1-disconnect-n20-1,5,1,disconnect-n20-1,disconnect,1.0,20,322.65200000000004,2,620,1,2,1,2,1,1,1,2,1,True,1,1,0,0,1,1
s05-r1-disconnect-n20-1,5,1,disconnect-n20-1,disconnect,1.0,21,338.52400000000034,2,792,1,2,1,2,1,2,1,2,1,True,1,1,0,1,1,0
s05-r1-disconnect-n20-1,5,1,disconnect-n20-1,disconnect,1.0,22,362.3360000000002,2,1000,1,1,1,1,1,2,1,2,1,False,0,0,0,1,1,0
s05-r1-disconnect-n20-1,5,1,disconnect-n20-1,disconnect,1.0,23,379.02800000000025,1,1000,1,2,1,2,1,2,1,2,1,False,0,0,0,0,0,0
s05-r1-disconnect-n5-1,5,1,disconnect-n5-1,disconnect,1.0,0,16.684000000000196,2,1000,1,2,1,2,1,2,1,2,1,False,1,1,0,1,1,0
s05-r1-disconnect-n5-1,5,1,disconnect-n5-1,disconnect,1.0,1,24.49200000000019,1,1000,1,1,1,1,1,1,1,1,1,False,1,1,0,1,1,0
s05-r1-disconnect-n5-1,5,1,disconnect-n5-1,disconnect,1.0,2,32.52400000000034,1,1000,1,2,1,2,1,1,1,1,1,False,0,0,0,1,1,0
s05-r1-disconnect-n5-1,5,1,disconnect-n5-1,disconnect,1.0,3,40.96799999999985,2,1000,1,2,1,2,1,2,1,2,1,False,1,1,0,1,1,0
s05-r1-disconnect-n5-1,5,1,disconnect-n5-1,disconnect,1.0,4,64.5600000000004,2,790,1,1,1,1,1,1,1,1,1,True,0,0,0,0,0,0
s05-r1-disconnect-n5-1,5,1,disconnect-n5-1,disconnect,1.0,5,80.17600000000039,1,1000,1,1,1,1,1,1,1,1,1,False,1,1,0,1,1,0
s05-r1-disconnect-n5-1,5,1,disconnect-n5-1,disconnect,1.0,6,87.75600000000031,1,1000,1,2,1,2,1,1,1,1,1,False,0,0,0,1,1,0
s05-r1-disconnect-n5-1,5,1,disconnect-n5-1,disconnect,1.0,7,95.64400000000025,1,1000,1,1,1,1,1,1,1,1,1,False,1,1,0,1,1,0
s05-r1-disconnect-n5-1,5,1,disconnect-n5-1,disconnect,1.0,8,111.28799999999956,2,1000,1,2,1,2,1,1,1,1,1,False,1,1,0,0,0,0
s05-r1-disconnect-n5-1,5,1,disconnect-n5-1,disconnect,1.0,9,119.76800000000004,2,1000,1,2,1,2,1,1,1,1,1,False,1,1,0,0,0,0
s05-r1-disconnect-n5-1,5,1,disconnect-n5-1,disconnect,1.0,10,127.80000000000018,1,620,1,1,1,1,1,2,1,2,1,True,1,1,0,0,0,0
s05-r1-disconnect-n5-1,5,1,disconnect-n5-1,disconnect,1.0,11,136.0640000000003,1,1000,1,2,1,2,1,1,1,1,1,False,0,0,0,1,1,0
s05-r1-disconnect-n5-1,5,1,disconnect-n5-1,disconnect,1.0,12,152.47199999999975,1,1000,1,2,1,2,1,2,1,2,1,False,0,0,0,0,0,0
s05-r1-disconnect-n5-1,5,1,disconnect-n5-1,disconnect,1.0,13,160.7520000000004,2,1000,1,2,1,2,1,1,1,1,1,False,1,1,0,0,0,0
s05-r1-disconnect-n5-1,5,1,disconnect-n5-1,disconnect,1.0,14,192.65599999999995,1,1000,1,1,1,1,1,2,1,2,1,False,1,1,0,0,0,0
s05-r1-disconnect-n5-1,5,1,disconnect-n5-1,disconnect,1.0,15,216.9319999999998,2,620,1,2,1,2,1,1,1,2,1,True,1,1,0,0,1,1
s05-r1-disconnect-n5-1,5,1,disconnect-n5-1,disconnect,1.0,16,241.22000000000023,2,1000,1,1,1,1,1,2,1,2,1,False,0,0,0,1,1,0
s05-r1-disconnect-n5-1,5,1,disconnect-n5-1,disconnect,1.0,17,249.6480000000001,1,1000,1,2,1,2,1,2,1,2,1,False,0,0,0,0,0,0
s05-r1-disconnect-n5-1,5,1,disconnect-n5-1,disconnect,1.0,18,258.0159999999996,2,1000,1,2,1,2,1,2,1,2,1,False,1,1,0,1,1,0
s05-r1-disconnect-n5-1,5,1,disconnect-n5-1,disconnect,1.0,19,306.6279999999997,1,1000,1,2,1,2,1,2,1,2,1,False,0,0,0,0,0,0
s05-r1-disconnect-n5-1,5,1,disconnect-n5-1,disconnect,1.0,20,322.65200000000004,2,1000,1,2,1,2,1,2,1,2,1,False,1,1,0,1,1,0
s05-r1-disconnect-n5-1,5,1,disconnect-n5-1,disconnect,1.0,21,338.52400000000034,2,1000,1,2,1,2,1,2,1,2,1,False,1,1,0,1,1,0
s05-r1-disconnect-n5-1,5,1,disconnect-n5-1,disconnect,1.0,22,362.3360000000002,2,975,1,2,1,1,1,2,1,2,1,True,1,0,1,1,1,0
s05-r1-disconnect-n5-1,5,1,disconnect-n5-1,disconnect,1.0,23,379.02800000000025,1,1000,1,2,1,2,1,2,1,2,1,False,0,0,0,0,0,0
s05-r2-disconnect-n10-1,5,2,disconnect-n10-1,disconnect,1.0,0,1.0,1,1000,1,1,1,1,1,2,1,2,1,False,1,1,0,0,0,0
s05-r2-disconnect-n10-1,5,2,disconnect-n10-1,disconnect,1.0,1,9.011999999999716,1,1000,1,1,1,1,1,1,1,1,1,False,1,1,0,1,1,0
s05-r2-disconnect-n10-1,5,2,disconnect-n10-1,disconnect,1.0,2,24.49200000000019,2,1000,1,2,1,2,1,1,1,1,1,False,1,1,0,0,0,0
s05-r2-disconnect-n10-1,5,2,disconnect-n10-1,disconnect,1.0,3,32.52400000000034,1,1000,1,2,1,2,1,2,1,2,1,False,0,0,0,0,0,0
s05-r2-disconnect-n10-1,5,2,disconnect-n10-1,disconnect,1.0,4,48.63600000000042,1,1000,1,2,1,2,1,2,1,2,1,False,0,0,0,0,0,0
s05-r2-disconnect-n10-1,5,2,disconnect-n10-1,disconnect,1.0,5,64.5600000000004,2,1000,1,2,1,2,1,1,1,1,1,False,1,1,0,0,0,0
s05-r2-disconnect-n10-1,5,2,disconnect-n10-1,disconnect,1.0,6,80.17600000000039,1,1000,1,1,1,1,1,1,1,1,1,False,1,1,0,1,1,0
s05-r2-disconnect-n10-1,5,2,disconnect-n10-1,disconnect,1.0,7,103.42000000000009,1,1000,1,2,1,2,1,1,1,1,1,False,0,0,0,1,1,0
s05-r2-disconnect-n10-1,5,2,disconnect-n10-1,disconnect,1.0,8,119.76800000000004,2,1000,1,2,1,2,1,2,1,2,1,False,1,1,0,1,1,0
s05-r2-disconnect-n10-1,5,2,disconnect-n10-1,disconnect,1.0,9,160.7520000000004,1,1000,1,2,1,2,1,2,1,2,1,False,0,0,0,0,0,0
s05-r2-disconnect-n10-1,5,2,disconnect-n10-1,disconnect,1.0,10,176.72000000000023,2,1000,1,2,1,2,1,1,1,1,1,False,1,1,0,0,0,0
s05-r2-disconnect-n10-1,5,2,disconnect-n10-1,disconnect,1.0,11,192.65599999999995,2,1000,1,2,1,2,1,2,1,2,1,False,1,1,0,1,1,0
s05-r2-disconnect-n10-1,5,2,disconnect-n10-1,disconnect,1.0,12,200.5,1,1000,1,2,1,2,1,2,1,2,1,False,0,0,0,0,0,0
s05-r2-disconnect-n10-1,5,2,disconnect-n10-1,disconnect,1.0,13,216.9319999999998,2,1000,1,2,1,2,1,2,1,2,1,False,1,1,0,1,1,0
s05-r2-disconnect-n10-1,5,2,disconnect-n10-1,disconnect,1.0,14,224.83200000000036,1,1000,1,2,1,2,1,1,1,1,1,False,0,0,0,1,1,0
s05-r2-disconnect-n10-1,5,2,disconnect-n10-1,disconnect,1.0,15,249.6480000000001,1,1000,1,2,1,2,1,1,1,1,1,False,0,0,0,1,1,0
s05-r2-disconnect-n10-1,5,2,disconnect-n10-1,disconnect,1.0,16,282.808,2,620,1,2,1,2,1,2,1,1,1,True,1,1,0,1,0,1
s05-r2-disconnect-n10-1,5,2,disconnect-n10-1,disconnect,1.0,17,290.8879999999999,1,1000,1,2,1,2,1,1,1,1,1,False,0,0,0,1,1,0
s05-r2-disconnect-n10-1,5,2,disconnect-n10-1,disconnect,1.0,18,298.77599999999984,2,1000,1,2,1,2,1,2,1,2,1,False,1,1,0,1,1,0
s05-r2-disconnect-n10-1,5,2,disconnect-n10-1,disconnect,1.0,19,314.32800000000043,2,1000,1,2,1,2,1,2,1,2,1,False,1,1,0,1,1,0
s05-r2-disconnect-n10-1,5,2,disconnect-n10-1,disconnect,1.0,20,338.52400000000034,2,620,1,2,1,2,1,1,1,1,1,True,1,1,0,0,0,0
s05-r2-disconnect-n10-1,5,2,disconnect-n10-1,disconnect,1.0,21,347.0,2,1000,1,2,1,2,1,1,1,1,1,False,1,1,0,0,0,0
s05-r2-disconnect-n10-1,5,2,disconnect-n10-1,disconnect,1.0,22,354.6239999999998,2,1000,1,2,1,2,1,2,1,2,1,False,1,1,0,1,1,0
s05-r2-disconnect-n10-1,5,2,disconnect-n10-1,disconnect,1.0,23,379.02800000000025,1,1000,1,2,1,2,1,1,1,1,1,False,0,0,0,1,1,0
s05-r2-disconnect-n2-1,5,2,disconnect-n2-1,disconnect,1.0,0,1.0,1,1000,1,1,1,1,1,2,1,2,1,False,1,1,0,0,0,0
s05-r2-disconnect-n2-1,5,2,disconnect-n2-1,disconnect,1.0,1,9.011999999999716,1,1000,1,1,1,1,1,1,1,1,1,False,1,1,0,1,1,0
s05-r2-disconnect-n2-1,5,2,disconnect-n2-1,disconnect,1.0,2,24.49200000000019,2,1000,1,2,1,2,1,1,1,1,1,False,1,1,0,0,0,0
s05-r2-disconnect-n2-1,5,2,disconnect-n2-1,disconnect,1.0,3,32.52400000000034,1,1000,1,2,1,2,1,2,1,2,1,False,0,0,0,0,0,0
s05-r2-disconnect-n2-1,5,2,disconnect-n2-1,disconnect,1.0,4,48.63600000000042,1,620,1,2,1,2,1,1,1,2,1,True,0,0,0,1,0,1
s05-r2-disconnect-n2-1,5,2,disconnect-n2-1,disconnect,1.0,5,64.5600000000004,2,1000,1,2,1,2,1,1,1,1,1,False,1,1,0,0,0,0
s05-r2-disconnect-n2-1,5,2,disconnect-n2-1,disconnect,1.0,6,80.17600000000039,1,1000,1,1,1,1,1,1,1,1,1,False,1,1,0,1,1,0
s05-r2-disconnect-n2-1,5,2,disconnect-n2-1,disconnect,1.0,7,103.42000000000009,1,1000,1,2,1,2,1,1,1,1,1,False,0,0,0,1,1,0
s05-r2-disconnect-n2-1,5,2,disconnect-n2-1,disconnect,1.0,8,119.76800000000004,2,1000,1,2,1,2,1,2,1,2,1,False,1,1,0,1,1,0
s05-r2-disconnect-n2-1,5,2,disconnect-n2-1,disconnect,1.0,9,160.7520000000004,1,1000,1,2,1,2,1,2,1,2,1,False,0,0,0,0,0,0
s05-r2-disconnect-n2-1,5,2,disconnect-n2-1,disconnect,1.0,10,176.72000000000023,2,1000,1,2,1,2,1,1,1,1,1,False,1,1,0,0,0,0
s05-r2-disconnect-n2-1,5,2,disconnect-n2-1,disconnect,1.0,11,192.65599999999995,2,1000,1,2,1,2,1,2,1,2,1,False,1,1,0,1,1,0
s05-r2-disconnect-n2-1,5,2,disconnect-n2-1,disconnect,1.0,12,200.5,1,1000,1,2,1,2,1,2,1,2,1,False,0,0,0,0,0,0
s05-r2-disconnect-n2-1,5,2,disconnect-n2-1,disconnect,1.0,13,216.9319999999998,2,1000,1,2,1,2,1,2,1,2,1,False,1,1,0,1,1,0
s05-r2-disconnect-n2-1,5,2,disconnect-n2-1,disconnect,1.0,14,224.83200000000036,1,1000,1,2,1,2,1,1,1,1,1,False,0,0,0,1,1,0
s05-r2-disconnect-n2-1,5,2,disconnect-n2-1,disconnect,1.0,15,249.6480000000001,1,1000,1,2,1,2,1,1,1,1,1,False,0,0,0,1,1,0
s05-r2-disconnect-n2-1,5,2,disconnect-n2-1,disconnect,1.0,16,282.808,2,1000,1,2,1,2,1,1,1,1,1,False,1,1,0,0,0,0
s05-r2-disconnect-n2-1,5,2,disconnect-n2-1,disconnect,1.0,17,290.8879999999999,1,1000,1,2,1,2,1,1,1,1,1,False,0,0,0,1,1,0
s05-r2-disconnect-n2-1,5,2,disconnect-n2-1,disconnect,1.0,18,298.77599999999984,2,1000,1,2,1,2,1,2,1,2,1,False,1,1,0,1,1,0
s05-r2-disconnect-n2-1,5,2,disconnect-n2-1,disconnect,1.0,19,314.32800000000043,2,1000,1,2,1,2,1,2,1,2,1,False,1,1,0,1,1,0
s05-r2-disconnect-n2-1,5,2,disconnect-n2-1,disconnect,1.0,20,338.52400000000034,2,1000,1,2,1,2,1,1,1,1,1,False,1,1,0,0,0,0
s05-r2-disconnect-n2-1,5,2,disconnect-n2-1,disconnect,1.0,21,347.0,2,1000,1,2,1,2,1,1,1,1,1,False,1,1,0,0,0,0
s05-r2-disconnect-n2-1,5,2,disconnect-n2-1,disconnect,1.0,22,354.6239999999998,2,1000,1,2,1,2,1,2,1,2,1,False,1,1,0,1,1,0
s05-r2-disconnect-n2-1,5,2,disconnect-n2-1,disconnect,1.0,23,379.02800000000025,1,1000,1,2,1,2,1,1,1,1,1,False,0,0,0,1,1,0
s05-r2-disconnect-n20-1,5,2,disconnect-n20-1,disconnect,1.0,0,1.0,1,1000,1,1,1,1,1,2,1,2,1,False,1,1,0,0,0,0
s05-r2-disconnect-n20-1,5,2,disconnect-n20-1,disconnect,1.0,1,9.011999999999716,1,1000,1,1,1,1,1,1,1,1,1,False,1,1,0,1,1,0
s05-r2-disconnect-n20-1,5,2,disconnect-n20-1,disconnect,1.0,2,24.49200000000019,2,1000,1,2,1,2,1,1,1,1,1,False,1,1,0,0,0,0
s05-r2-disconnect-n20-1,5,2,disconnect-n20-1,disconnect,1.0,3,32.52400000000034,1,1000,1,2,1,2,1,2,1,2,1,False,0,0,0,0,0,0
s05-r2-disconnect-n20-1,5,2,disconnect-n20-1,disconnect,1.0,4,48.63600000000042,1,1000,1,2,1,2,1,2,1,2,1,False,0,0,0,0,0,0
s05-r2-disconnect-n20-1,5,2,disconnect-n20-1,disconnect,1.0,5,64.5600000000004,2,1000,1,2,1,2,1,1,1,1,1,False,1,1,0,0,0,0
s05-r2-disconnect-n20-1,5,2,disconnect-n20-1,disconnect,1.0,6,80.17600000000039,1,1000,1,1,1,1,1,1,1,1,1,False,1,1,0,1,1,0
s05-r2-disconnect-n20-1,5,2,disconnect-n20-1,disconnect,1.0,7,103.42000000000009,1,620,1,2,1,2,1,1,1,1,1,True,0,0,0,1,1,0
s05-r2-disconnect-n20-1,5,2,disconnect-n20-1,disconnect,1.0,8,119.76800000000004,2,620,1,1,1,2,1,2,1,2,1,True,0,1,1,1,1,0
s05-r2-disconnect-n20-1,5,2,disconnect-n20-1,disconnect,1.0,9,160.7520000000004,1,620,1,2,1,2,1,1,1,2,1,True,0,0,0,1,0,1
s05-r2-disconnect-n20-1,5,2,disconnect-n20-1,disconnect,1.0,10,176.72000000000023,2,1000,1,2,1,2,1,1,1,1,1,False,1,1,0,0,0,0
s05-r2-disconnect-n20-1,5,2,disconnect-n20-1,disconnect,1.0,11,192.65599999999995,2,620,1,2,1,2,1,1,1,2,1,True,1,1,0,0,1,1
s05-r2-disconnect-n20-1,5,2,disconnect-n20-1,disconnect,1.0,12,200.5,1,1000,1,2,1,2,1,2,1,2,1,False,0,0,0,0,0,0
s05-r2-disconnect-n20-1,5,2,disconnect-n20-1,disconnect,1.0,13,216.9319999999998,2,1000,1,2,1,2,1,2,1,2,1,False,1,1,0,1,1,0
s05-r2-disconnect-n20-1,5,2,disconnect-n20-1,disconnect,1.0,14,224.83200000000036,1,1000,1,2,1,2,1,1,1,1,1,False,0,0,0,1,1,0
s05-r2-disconnect-n20-1,5,2,disconnect-n20-1,disconnect,1.0,15,249.6480000000001,1,1000,1,2,1,2,1,1,1,1,1,False,0,0,0,1,1,0
s05-r2-disconnect-n20-1,5,2,disconnect-n20-1,disconnect,1.0,16,282.808,2,1000,1,2,1,2,1,1,1,1,1,False,1,1,0,0,0,0
s05-r2-disconnect-n20-1,5,2,disconnect-n20-1,disconnect,1.0,17,290.8879999999999,1,1000,1,2,1,2,1,1,1,1,1,False,0,0,0,1,1,0
s05-r2-disconnect-n20-1,5,2,disconnect-n20-1,disconnect,1.0,18,298.77599999999984,2,620,1,2,1,2,1,1,1,2,1,True,1,1,0,0,1,1
s05-r2-disconnect-n20-1,5,2,disconnect-n20-1,disconnect,1.0,19,314.32800000000043,2,1000,1,2,1,2,1,2,1,2,1,False,1,1,0,1,1,0
s05-r2-disconnect-n20-1,5,2,disconnect-n20-1,disconnect,1.0,20,338.52400000000034,2,1000,1,2,1,2,1,1,1,1,1,False,1,1,0,0,0,0
s05-r2-disconnect-n20-1,5,2,disconnect-n20-1,disconnect,1.0,21,347.0000000000009,2,1000,1,2,1,2,1,1,1,1,1,False,1,1,0,0,0,0
s05-r2-disconnect-n20-1,5,2,disconnect-n20-1,disconnect,1.0,22,354.6240000000007,2,717,1,1,1,2,1,1,1,2,1,True,0,1,1,0,1,1
s05-r2-disconnect-n20-1,5,2,disconnect-n20-1,disconnect,1.0,23,379.02799999999934,1,1000,1,2,1,2,1,1,1,1,1,False,0,0,0,1,1,0
s05-r2-disconnect-n5-1,5,2,disconnect-n5-1,disconnect,1.0,0,1.0,1,1000,1,1,1,1,1,2,1,2,1,False,1,1,0,0,0,0
s05-r2-disconnect-n5-1,5,2,disconnect-n5-1,disconnect,1.0,1,9.011999999999716,1,1000,1,1,1,1,1,1,1,1,1,False,1,1,0,1,1,0
s05-r2-disconnect-n5-1,5,2,disconnect-n5-1,disconnect,1.0,2,24.49200000000019,2,1000,1,2,1,2,1,1,1,1,1,False,1,1,0,0,0,0
s05-r2-disconnect-n5-1,5,2,disconnect-n5-1,disconnect,1.0,3,32.52400000000034,1,1000,1,2,1,2,1,2,1,2,1,False,0,0,0,0,0,0
s05-r2-disconnect-n5-1,5,2,disconnect-n5-1,disconnect,1.0,4,48.63600000000042,1,1000,1,2,1,2,1,2,1,2,1,False,0,0,0,0,0,0
s05-r2-disconnect-n5-1,5,2,disconnect-n5-1,disconnect,1.0,5,64.5600000000004,2,1000,1,2,1,2,1,1,1,1,1,False,1,1,0,0,0,0
s05-r2-disconnect-n5-1,5,2,disconnect-n5-1,disconnect,1.0,6,80.17600000000039,1,1000,1,1,1,1,1,1,1,1,1,False,1,1,0,1,1,0
s05-r2-disconnect-n5-1,5,2,disconnect-n5-1,disconnect,1.0,7,103.42000000000009,1,1000,1,2,1,2,1,1,1,1,1,False,0,0,0,1,1,0
s05-r2-disconnect-n5-1,5,2,disconnect-n5-1,disconnect,1.0,8,119.76800000000004,2,1000,1,2,1,2,1,2,1,2,1,False,1,1,0,1,1,0
s05-r2-disconnect-n5-1,5,2,disconnect-n5-1,disconnect,1.0,9,160.7520000000004,1,1000,1,2,1,2,1,2,1,2,1,False,0,0,0,0,0,0
s05-r2-disconnect-n5-1,5,2,disconnect-n5-1,disconnect,1.0,10,176.72000000000023,2,1000,1,2,1,2,1,1,1,1,1,False,1,1,0,0,0,0
s05-r2-disconnect-n5-1,5,2,disconnect-n5-1,disconnect,1.0,11,192.65599999999995,2,1000,1,2,1,2,1,2,1,2,1,False,1,1,0,1,1,0
s05-r2-disconnect-n5-1,5,2,disconnect-n5-1,disconnect,1.0,12,200.5,1,1000,1,2,1,2,1,2,1,2,1,False,0,0,0,0,0,0
s05-r2-disconnect-n5-1,5,2,disconnect-n5-1,disconnect,1.0,13,216.9319999999998,2,1000,1,2,1,2,1,2,1,2,1,False,1,1,0,1,1,0
s05-r2-disconnect-n5-1,5,2,disconnect-n5-1,disconnect,1.0,14,224.83200000000036,1,1000,1,2,1,2,1,1,1,1,1,False,0,0,0,1,1,0
s05-r2-disconnect-n5-1,5,2,disconnect-n5-1,disconnect,1.0,15,249.6480000000001,1,1000,1,2,1,2,1,1,1,1,1,False,0,0,0,1,1,0
s05-r2-disconnect-n5-1,5,2,disconnect-n5-1,disconnect,1.0,16,282.808,2,1000,1,2,1,2,1,1,1,1,1,False,1,1,0,0,0,0
s05-r2-disconnect-n5-1,5,2,disconnect-n5-1,disconnect,1.0,17,290.8879999999999,1,1000,1,2,1,2,1,1,1,1,1,False,0,0,0,1,1,0
s05-r2-disconnect-n5-1,5,2,disconnect-n5-1,disconnect,1.0,18,298.77599999999984,2,1000,1,2,1,2,1,2,1,2,1,False,1,1,0,1,1,0
s05-r2-disconnect-n5-1,5,2,disconnect-n5-1,disconnect,1.0,19,314.3279999999995,2,1000,1,2,1,2,1,2,1,2,1,False,1,1,0,1,1,0
s05-r2-disconnect-n5-1,5,2,disconnect-n5-1,disconnect,1.0,20,338.52400000000034,2,1000,1,2,1,2,1,1,1,1,1,False,1,1,0,0,0,0
s05-r2-disconnect-n5-1,5,2,disconnect-n5-1,disconnect,1.0,21,347.0,2,1000,1,2,1,2,1,1,1,1,1,False,1,1,0,0,0,0
s05-r2-disconnect-n5-1,5,2,disconnect-n5-1,disconnect,1.0,22,354.6239999999998,2,1000,1,2,1,2,1,2,1,2,1,False,1,1,0,1,1,0
s05-r2-disconnect-n5-1,5,2,disconnect-n5-1,disconnect,1.0,23,379.02800000000025,1,1000,1,2,1,2,1,1,1,1,1,False,0,0,0,1,1,0
s05-r3-disconnect-n10-1,5,3,disconnect-n10-1,disconnect,1.0,0,1.0,2,1000,1,2,1,2,1,2,1,2,1,False,1,1,0,1,1,0
s05-r3-disconnect-n10-1,5,3,disconnect-n10-1,disconnect,1.0,1,16.683999999999287,1,1000,1,1,1,1,1,2,1,2,1,False,1,1,0,0,0,0
s05-r3-disconnect-n10-1,5,3,disconnect-n10-1,disconnect,1.0,2,48.63600000000042,1,1000,1,2,1,2,1,1,1,1,1,False,0,0,0,1,1,0
s05-r3-disconnect-n10-1,5,3,disconnect-n10-1,disconnect,1.0,3,56.83599999999933,1,749,1,2,1,2,1,1,1,2,1,True,0,0,0,1,0,1
s05-r3-disconnect-n10-1,5,3,disconnect-n10-1,disconnect,1.0,4,72.55199999999968,2,1000,1,2,1,2,1,1,1,1,1,False,1,1,0,0,0,0
s05-r3-disconnect-n10-1,5,3,disconnect-n10-1,disconnect,1.0,5,103.42000000000009,2,620,1,2,1,2,1,1,1,1,1,True,1,1,0,0,0,0
s05-r3-disconnect-n10-1,5,3,disconnect-n10-1,disconnect,1.0,6,111.28800000000048,1,1000,1,2,1,2,1,1,1,1,1,False,0,0,0,1,1,0
s05-r3-disconnect-n10-1,5,3,disconnect-n10-1,disconnect,1.0,7,127.79999999999929,2,1000,1,2,1,2,1,2,1,2,1,False,1,1,0,1,1,0
s05-r3-disconnect-n10-1,5,3,disconnect-n10-1,disconnect,1.0,8,144.20800000000054,1,1000,1,2,1,2,1,1,1,1,1,False,0,0,0,1,1,0
s05-r3-disconnect-n10-1,5,3,disconnect-n10-1,disconnect,1.0,9,169.07200000000012,2,1000,1,2,1,2,1,2,1,2,1,False,1,1,0,1,1,0
s05-r3-disconnect-n10-1,5,3,disconnect-n10-1,disconnect,1.0,10,192.6560000000009,1,620,1,1,1,1,1,1,1,1,1,True,1,1,0,1,1,0
s05-r3-disconnect-n10-1,5,3,disconnect-n10-1,disconnect,1.0,11,200.5,2,1000,1,2,1,2,1,1,1,1,1,False,1,1,0,0,0,0
s05-r3-disconnect-n10-1,5,3,disconnect-n10-1,disconnect,1.0,12,208.9159999999993,2,1000,1,2,1,2,1,1,1,1,1,False,1,1,0,0,0,0
s05-r3-disconnect-n10-1,5,3,disconnect-n10-1,disconnect,1.0,13,232.9359999999997,2,1000,1,2,1,2,1,2,1,2,1,False,1,1,0,1,1,0
s05-r3-disconnect-n10-1,5,3,disconnect-n10-1,disconnect,1.0,14,241.21999999999932,1,1000,1,1,1,1,1,2,1,2,1,False,1,1,0,0,0,0
s05-r3-disconnect-n10-1,5,3,disconnect-n10-1,disconnect,1.0,15,249.64799999999923,1,1000,1,2,1,2,1,2,1,2,1,False,0,0,0,0,0,0
s05-r3-disconnect-n10-1,5,3,disconnect-n10-1,disconnect,1.0,16,266.3799999999992,2,1000,1,2,1,2,1,2,1,2,1,False,1,1,0,1,1,0
s05-r3-disconnect-n10-1,5,3,disconnect-n10-1,disconnect,1.0,17,274.5519999999997,1,1000,1,2,1,2,1,2,1,2,1,False,0,0,0,0,0,0
s05-r3-disconnect-n10-1,5,3,disconnect-n10-1,disconnect,1.0,18,290.88800000000083,2,1000,1,1,1,1,1,2,1,2,1,False,0,0,0,1,1,0
s05-r3-disconnect-n10-1,5,3,disconnect-n10-1,disconnect,1.0,19,298.77599999999984,2,620,1,2,1,2,1,2,1,2,1,True,1,1,0,1,1,0
s05-r3-disconnect-n10-1,5,3,disconnect-n10-1,disconnect,1.0,20,314.3279999999995,1,1000,1,2,1,2,1,2,1,2,1,False,0,0,0,0,0,0
s05-r3-disconnect-n10-1,5,3,disconnect-n10-1,disconnect,1.0,21,362.3359999999993,1,1000,1,1,1,1,1,2,1,2,1,False,1,1,0,0,0,0
s05-r3-disconnect-n10-1,5,3,disconnect-n10-1,disconnect,1.0,22,370.79199999999946,2,1000,1,2,1,2,1,2,1,2,1,False,1,1,0,1,1,0
s05-r3-disconnect-n10-1,5,3,disconnect-n10-1,disconnect,1.0,23,379.02800000000025,1,1000,1,2,1,2,1,1,1,1,1,False,0,0,0,1,1,0
s05-r3-disconnect-n2-1,5,3,disconnect-n2-1,disconnect,1.0,0,1.0,2,1000,1,2,1,2,1,2,1,2,1,False,1,1,0,1,1,0
s05-r3-disconnect-n2-1,5,3,disconnect-n2-1,disconnect,1.0,1,16.683999999999287,1,1000,1,1,1,1,1,2,1,2,1,False,1,1,0,0,0,0
s05-r3-disconnect-n2-1,5,3,disconnect-n2-1,disconnect,1.0,2,48.63600000000042,1,1000,1,2,1,2,1,1,1,1,1,False,0,0,0,1,1,0
s05-r3-disconnect-n2-1,5,3,disconnect-n2-1,disconnect,1.0,3,56.83599999999933,1,1000,1,2,1,2,1,2,1,2,1,False,0,0,0,0,0,0
s05-r3-disconnect-n2-1,5,3,disconnect-n2-1,disconnect,1.0,4,72.55199999999968,2,1000,1,2,1,2,1,1,1,1,1,False,1,1,0,0,0,0
s05-r3-disconnect-n2-1,5,3,disconnect-n2-1,disconnect,1.0,5,103.42000000000009,2,1000,1,2,1,2,1,1,1,1,1,False,1,1,0,0,0,0
s05-r3-disconnect-n2-1,5,3,disconnect-n2-1,disconnect,1.0,6,111.28800000000048,1,1000,1,2,1,2,1,1,1,1,1,False,0,0,0,1,1,0
s05-r3-disconnect-n2-1,5,3,disconnect-n2-1,disconnect,1.0,7,127.79999999999929,2,1000,1,2,1,2,1,2,1,2,1,False,1,1,0,1,1,0
s05-r3-disconnect-n2-1,5,3,disconnect-n2-1,disconnect,1.0,8,144.20800000000054,1,1000,1,2,1,2,1,1,1,1,1,False,0,0,0,1,1,0
s05-r3-disconnect-n2-1,5,3,disconnect-n2-1,disconnect,1.0,9,169.07200000000012,2,1000,1,2,1,2,1,2,1,2,1,False,1,1,0,1,1,0
s05-r3-disconnect-n2-1,5,3,disconnect-n2-1,disconnect,1.0,10,192.6560000000009,1,1000,1,1,1,1,1,1,1,1,1,False,1,1,0,1,1,0
s05-r3-disconnect-n2-1,5,3,disconnect-n2-1,disconnect,1.0,11,200.5,2,1000,1,2,1,2,1,1,1,1,1,False,1,1,0,0,0,0
s05-r3-disconnect-n2-1,5,3,disconnect-n2-1,disconnect,1.0,12,208.9159999999993,2,1000,1,2,1,2,1,1,1,1,1,False,1,1,0,0,0,0
s05-r3-disconnect-n2-1,5,3,disconnect-n2-1,disconnect,1.0,13,232.9359999999997,2,1000,1,2,1,2,1,2,1,2,1,False,1,1,0,1,1,0
s05-r3-disconnect-n2-1,5,3,disconnect-n2-1,disconnect,1.0,14,241.21999999999932,1,1000,1,1,1,1,1,2,1,2,1,False,1,1,0,0,0,0
s05-r3-disconnect-n2-1,5,3,disconnect-n2-1,disconnect,1.0,15,249.64799999999923,1,832,1,2,1,2,1,2,1,2,1,True,0,0,0,0,0,0
s05-r3-disconnect-n2-1,5,3,disconnect-n2-1,disconnect,1.0,16,266.3799999999992,2,1000,1,2,1,2,1,2,1,2,1,False,1,1,0,1,1,0
s05-r3-disconnect-n2-1,5,3,disconnect-n2-1,disconnect,1.0,17,274.5519999999997,1,1000,1,2,1,2,1,2,1,2,1,False,0,0,0,0,0,0
s05-r3-disconnect-n2-1,5,3,disconnect-n2-1,disconnect,1.0,18,290.88800000000083,2,1000,1,1,1,1,1,2,1,2,1,False,0,0,0,1,1,0
s05-r3-disconnect-n2-1,5,3,disconnect-n2-1,disconnect,1.0,19,298.77599999999984,2,1000,1,2,1,2,1,2,1,2,1,False,1,1,0,1,1,0
s05-r3-disconnect-n2-1,5,3,disconnect-n2-1,disconnect,1.0,20,314.3279999999995,1,1000,1,2,1,2,1,2,1,2,1,False,0,0,0,0,0,0
s05-r3-disconnect-n2-1,5,3,disconnect-n2-1,disconnect,1.0,21,362.3359999999993,1,1000,1,1,1,1,1,2,1,2,1,False,1,1,0,0,0,0
s05-r3-disconnect-n2-1,5,3,disconnect-n2-1,disconnect,1.0,22,370.79199999999946,2,1000,1,2,1,2,1,2,1,2,1,False,1,1,0,1,1,0
s05-r3-disconnect-n2-1,5,3,disconnect-n2-1,disconnect,1.0,23,379.02800000000025,1,1000,1,2,1,2,1,1,1,1,1,False,0,0,0,1,1,0
s05-r3-disconnect-n20-1,5,3,disconnect-n20-1,disconnect,1.0,0,1.0,2,1000,1,2,1,2,1,2,1,2,1,False,1,1,0,1,1,0
s05-r3-disconnect-n20-1,5,3,disconnect-n20-1,disconnect,1.0,1,16.683999999999287,1,711,1,1,1,1,1,2,1,2,1,True,1,1,0,0,0,0
s05-r3-disconnect-n20-1,5,3,disconnect-n20-1,disconnect,1.0,2,48.63600000000042,1,1000,1,2,1,2,1,1,1,1,1,False,0,0,0,1,1,0
s05-r3-disconnect-n20-1,5,3,disconnect-n20-1,disconnect,1.0,3,56.83599999999933,1,620,1,2,1,2,1,2,1,2,1,True,0,0,0,0,0,0
s05-r3-disconnect-n20-1,5,3,disconnect-n20-1,disconnect,1.0,4,72.55199999999968,2,1000,1,2,1,2,1,1,1,1,1,False,1,1,0,0,0,0
s05-r3-disconnect-n20-1,5,3,disconnect-n20-1,disconnect,1.0,5,103.42000000000009,2,715,1,2,1,2,1,1,1,1,1,True,1,1,0,0,0,0
s05-r3-disconnect-n20-1,5,3,disconnect-n20-1,disconnect,1.0,6,111.28800000000048,1,1000,1,2,1,2,1,1,1,1,1,False,0,0,0,1,1,0
s05-r3-disconnect-n20-1,5,3,disconnect-n20-1,disconnect,1.0,7,127.79999999999929,2,1000,1,2,1,2,1,2,1,2,1,False,1,1,0,1,1,0
s05-r3-disconnect-n20-1,5,3,disconnect-n20-1,disconnect,1.0,8,144.20800000000054,1,888,1,1,1,2,1,1,1,1,1,True,1,0,1,1,1,0
s05-r3-disconnect-n20-1,5,3,disconnect-n20-1,disconnect,1.0,9,169.07200000000012,2,1000,1,2,1,2,1,2,1,2,1,False,1,1,0,1,1,0
s05-r3-disconnect-n20-1,5,3,disconnect-n20-1,disconnect,1.0,10,192.6560000000009,1,1000,1,1,1,1,1,1,1,1,1,False,1,1,0,1,1,0
s05-r3-disconnect-n20-1,5,3,disconnect-n20-1,disconnect,1.0,11,200.5,2,620,1,2,1,2,1,1,1,1,1,True,1,1,0,0,0,0
s05-r3-disconnect-n20-1,5,3,disconnect-n20-1,disconnect,1.0,12,208.9159999999993,2,620,1,2,1,2,1,1,1,1,1,True,1,1,0,0,0,0
s05-r3-disconnect-n20-1,5,3,disconnect-n20-1,disconnect,1.0,13,232.9359999999997,2,620,1,2,1,2,1,2,1,2,1,True,1,1,0,1,1,0
s05-r3-disconnect-n20-1,5,3,disconnect-n20-1,disconnect,1.0,14,241.21999999999932,1,1000,1,1,1,1,1,2,1,2,1,False,1,1,0,0,0,0
s05-r3-disconnect-n20-1,5,3,disconnect-n20-1,disconnect,1.0,15,249.64799999999923,1,620,1,2,1,2,1,1,1,2,1,True,0,0,0,1,0,1
s05-r3-disconnect-n20-1,5,3,disconnect-n20-1,disconnect,1.0,16,266.3799999999992,2,755,1,2,1,2,1,2,1,2,1,True,1,1,0,1,1,0
s05-r3-disconnect-n20-1,5,3,disconnect-n20-1,disconnect,1.0,17,274.5519999999997,1,1000,1,2,1,2,1,2,1,2,1,False,0,0,0,0,0,0
s05-r3-disconnect-n20-1,5,3,disconnect-n20-1,disconnect,1.0,18,290.88800000000083,2,623,1,1,1,1,1,2,1,2,1,True,0,0,0,1,1,0
s05-r3-disconnect-n20-1,5,3,disconnect-n20-1,disconnect,1.0,19,298.77599999999984,2,1000,1,2,1,2,1,2,1,2,1,False,1,1,0,1,1,0
s05-r3-disconnect-n20-1,5,3,disconnect-n20-1,disconnect,1.0,20,314.3279999999995,1,1000,1,2,1,2,1,2,1,2,1,False,0,0,0,0,0,0
s05-r3-disconnect-n20-1,5,3,disconnect-n20-1,disconnect,1.0,21,362.3359999999993,1,1000,1,1,1,1,1,2,1,2,1,False,1,1,0,0,0,0
s05-r3-disconnect-n20-1,5,3,disconnect-n20-1,disconnect,1.0,22,370.79199999999946,2,1000,1,2,1,2,1,2,1,2,1,False,1,1,0,1,1,0
s05-r3-disconnect-n20-1,5,3,disconnect-n20-1,disconnect,1.0,23,379.02800000000025,1,1000,1,2,1,2,1,1,1,1,1,False,0,0,0,1,1,0
s05-r3-disconnect-n5-1,5,3,disconnect-n5-1,disconnect,1.0,0,1.0,2,1000,1,2,1,2,1,2,1,2,1,False,1,1,0,1,1,0
s05-r3-disconnect-n5-1,5,3,disconnect-n5-1,disconnect,1.0,1,16.683999999999287,1,1000,1,1,1,1,1,2,1,2,1,False,1,1,0,0,0,0
s05-r3-disconnect-n5-1,5,3,disconnect-n5-1,disconnect,1.0,2,48.63600000000042,1,1000,1,2,1,2,1,1,1,1,1,False,0,0,0,1,1,0
s05-r3-disconnect-n5-1,5,3,disconnect-n5-1,disconnect,1.0,3,56.83599999999933,1,1000,1,2,1,2,1,2,1,2,1,False,0,0,0,0,0,0
s05-r3-disconnect-n5-1,5,3,disconnect-n5-1,disconnect,1.0,4,72.55199999999968,2,1000,1,2,1,2,1,1,1,1,1,False,1,1,0,0,0,0
s05-r3-disconnect-n5-1,5,3,disconnect-n5-1,disconnect,1.0,5,103.42000000000009,2,620,1,2,1,2,1,2,1,1,1,True,1,1,0,1,0,1
s05-r3-disconnect-n5-1,5,3,disconnect-n5-1,disconnect,1.0,6,111.28800000000048,1,1000,1,2,1,2,1,1,1,1,1,False,0,0,0,1,1,0
s05-r3-disconnect-n5-1,5,3,disconnect-n5-1,disconnect,1.0,7,127.79999999999929,2,1000,1,2,1,2,1,2,1,2,1,False,1,1,0,1,1,0
s05-r3-disconnect-n5-1,5,3,disconnect-n5-1,disconnect,1.0,8,144.20800000000054,1,1000,1,2,1,2,1,1,1,1,1,False,0,0,0,1,1,0
s05-r3-disconnect-n5-1,5,3,disconnect-n5-1,disconnect,1.0,9,169.07200000000012,2,922,1,2,1,2,1,2,1,2,1,True,1,1,0,1,1,0
s05-r3-disconnect-n5-1,5,3,disconnect-n5-1,disconnect,1.0,10,192.6560000000009,1,1000,1,1,1,1,1,1,1,1,1,False,1,1,0,1,1,0
s05-r3-disconnect-n5-1,5,3,disconnect-n5-1,disconnect,1.0,11,200.5,2,1000,1,2,1,2,1,1,1,1,1,False,1,1,0,0,0,0
s05-r3-disconnect-n5-1,5,3,disconnect-n5-1,disconnect,1.0,12,208.9159999999993,2,1000,1,2,1,2,1,1,1,1,1,False,1,1,0,0,0,0
s05-r3-disconnect-n5-1,5,3,disconnect-n5-1,disconnect,1.0,13,232.9359999999997,2,1000,1,2,1,2,1,2,1,2,1,False,1,1,0,1,1,0
s05-r3-disconnect-n5-1,5,3,disconnect-n5-1,disconnect,1.0,14,241.21999999999932,1,1000,1,1,1,1,1,2,1,2,1,False,1,1,0,0,0,0
s05-r3-disconnect-n5-1,5,3,disconnect-n5-1,disconnect,1.0,15,249.64799999999923,1,1000,1,2,1,2,1,2,1,2,1,False,0,0,0,0,0,0
s05-r3-disconnect-n5-1,5,3,disconnect-n5-1,disconnect,1.0,16,266.3799999999992,2,620,1,2,1,2,1,2,1,2,1,True,1,1,0,1,1,0
s05-r3-disconnect-n5-1,5,3,disconnect-n5-1,disconnect,1.0,17,274.5519999999997,1,1000,1,2,1,2,1,2,1,2,1,False,0,0,0,0,0,0
s05-r3-disconnect-n5-1,5,3,disconnect-n5-1,disconnect,1.0,18,290.88800000000083,2,1000,1,1,1,1,1,2,1,2,1,False,0,0,0,1,1,0
s05-r3-disconnect-n5-1,5,3,disconnect-n5-1,disconnect,1.0,19,298.77599999999984,2,620,1,2,1,2,1,2,1,2,1,True,1,1,0,1,1,0
s05-r3-disconnect-n5-1,5,3,disconnect-n5-1,disconnect,1.0,20,314.3279999999995,1,1000,1,2,1,2,1,2,1,2,1,False,0,0,0,0,0,0
s05-r3-disconnect-n5-1,5,3,disconnect-n5-1,disconnect,1.0,21,362.3359999999993,1,1000,1,1,1,1,1,2,1,2,1,False,1,1,0,0,0,0
s05-r3-disconnect-n5-1,5,3,disconnect-n5-1,disconnect,1.0,22,370.79199999999946,2,1000,1,2,1,2,1,2,1,2,1,False,1,1,0,1,1,0
s05-r3-disconnect-n5-1,5,3,disconnect-n5-1,disconnect,1.0,23,379.02800000000025,1,1000,1,2,1,2,1,1,1,1,1,False,0,0,0,1,1,0
s05-r4-disconnect-n10-1,5,4,disconnect-n10-1,disconnect,1.0,0,1.0,2,1000,1,2,1,2,1,2,1,2,1,False,1,1,0,1,1,0
s05-r4-disconnect-n10-1,5,4,disconnect-n10-1,disconnect,1.0,1,9.012000000000626,1,1000,1,2,1,2,1,1,1,1,1,False,0,0,0,1,1,0
s05-r4-disconnect-n10-1,5,4,disconnect-n10-1,disconnect,1.0,2,16.683999999999287,1,620,1,2,1,1,1,1,1,1,1,True,0,1,1,1,1,0
s05-r4-disconnect-n10-1,5,4,disconnect-n10-1,disconnect,1.0,3,40.96800000000076,2,1000,1,2,1,2,1,1,1,1,1,False,1,1,0,0,0,0
s05-r4-disconnect-n10-1,5,4,disconnect-n10-1,disconnect,1.0,4,64.55999999999949,1,620,1,2,1,2,1,1,1,1,1,True,0,0,0,1,1,0
s05-r4-disconnect-n10-1,5,4,disconnect-n10-1,disconnect,1.0,5,80.17599999999948,1,1000,1,2,1,2,1,1,1,1,1,False,0,0,0,1,1,0
s05-r4-disconnect-n10-1,5,4,disconnect-n10-1,disconnect,1.0,6,87.7559999999994,1,799,1,2,1,2,1,1,1,1,1,True,0,0,0,1,1,0
s05-r4-disconnect-n10-1,5,4,disconnect-n10-1,disconnect,1.0,7,95.64400000000025,2,1000,1,1,1,1,1,1,1,1,1,False,0,0,0,0,0,0
s05-r4-disconnect-n10-1,5,4,disconnect-n10-1,disconnect,1.0,8,119.76800000000004,2,1000,1,2,1,2,1,2,1,2,1,False,1,1,0,1,1,0
s05-r4-disconnect-n10-1,5,4,disconnect-n10-1,disconnect,1.0,9,169.07200000000012,2,918,1,2,1,2,1,1,1,2,1,True,1,1,0,0,1,1
s05-r4-disconnect-n10-1,5,4,disconnect-n10-1,disconnect,1.0,10,176.71999999999937,2,1000,1,2,1,2,1,2,1,2,1,False,1,1,0,1,1,0
s05-r4-disconnect-n10-1,5,4,disconnect-n10-1,disconnect,1.0,11,192.6560000000009,1,1000,1,1,1,1,1,2,1,2,1,False,1,1,0,0,0,0
s05-r4-disconnect-n10-1,5,4,disconnect-n10-1,disconnect,1.0,12,200.5,2,1000,1,2,1,2,1,2,1,2,1,False,1,1,0,1,1,0
s05-r4-disconnect-n10-1,5,4,disconnect-n10-1,disconnect,1.0,13,208.9159999999993,2,1000,1,2,1,2,1,2,1,2,1,False,1,1,0,1,1,0
s05-r4-disconnect-n10-1,5,4,disconnect-n10-1,disconnect,1.0,14,216.9320000000007,2,1000,1,2,1,2,1,2,1,2,1,False,1,1,0,1,1,0
s05-r4-disconnect-n10-1,5,4,disconnect-n10-1,disconnect,1.0,15,241.21999999999932,1,1000,1,2,1,2,1,2,1,2,1,False,0,0,0,0,0,0
s05-r4-disconnect-n10-1,5,4,disconnect-n10-1,disconnect,1.0,16,258.0159999999996,1,1000,1,2,1,2,1,1,1,1,1,False,0,0,0,1,1,0
s05-r4-disconnect-n10-1,5,4,disconnect-n10-1,disconnect,1.0,17,274.5519999999997,1,878,1,2,1,2,1,2,1,2,1,True,0,0,0,0,0,0
s05-r4-disconnect-n10-1,5,4,disconnect-n10-1,disconnect,1.0,18,290.88800000000083,1,1000,1,2,1,2,1,2,1,2,1,False,0,0,0,0,0,0
s05-r4-disconnect-n10-1,5,4,disconnect-n10-1,disconnect,1.0,19,306.6280000000006,1,1000,1,2,1,2,1,1,1,1,1,False,0,0,0,1,1,0
s05-r4-disconnect-n10-1,5,4,disconnect-n10-1,disconnect,1.0,20,314.3279999999995,2,1000,1,2,1,2,1,1,1,1,1,False,1,1,0,0,0,0
s05-r4-disconnect-n10-1,5,4,disconnect-n10-1,disconnect,1.0,21,347.0,1,1000,1,2,1,2,1,2,1,2,1,False,0,0,0,0,0,0
s05-r4-disconnect-n10-1,5,4,disconnect-n10-1,disconnect,1.0,22,354.6239999999998,2,1000,1,2,1,2,1,1,1,1,1,False,1,1,0,0,0,0
s05-r4-disconnect-n10-1,5,4,disconnect-n10-1,disconnect,1.0,23,370.79199999999946,2,1000,1,2,1,2,1,1,1,1,1,False,1,1,0,0,0,0
s05-r4-disconnect-n2-1,5,4,disconnect-n2-1,disconnect,1.0,0,1.0,2,1000,1,2,1,2,1,2,1,2,1,False,1,1,0,1,1,0
s05-r4-disconnect-n2-1,5,4,disconnect-n2-1,disconnect,1.0,1,9.012000000000626,1,1000,1,2,1,2,1,1,1,1,1,False,0,0,0,1,1,0
s05-r4-disconnect-n2-1,5,4,disconnect-n2-1,disconnect,1.0,2,16.683999999999287,1,791,1,1,1,1,1,1,1,1,1,True,1,1,0,1,1,0
s05-r4-disconnect-n2-1,5,4,disconnect-n2-1,disconnect,1.0,3,40.96800000000076,2,1000,1,2,1,2,1,1,1,1,1,False,1,1,0,0,0,0
s05-r4-disconnect-n2-1,5,4,disconnect-n2-1,disconnect,1.0,4,64.55999999999949,1,1000,1,2,1,2,1,1,1,1,1,False,0,0,0,1,1,0
s05-r4-disconnect-n2-1,5,4,disconnect-n2-1,disconnect,1.0,5,80.17599999999948,1,1000,1,2,1,2,1,1,1,1,1,False,0,0,0,1,1,0
s05-r4-disconnect-n2-1,5,4,disconnect-n2-1,disconnect,1.0,6,87.7559999999994,1,1000,1,2,1,2,1,1,1,1,1,False,0,0,0,1,1,0
s05-r4-disconnect-n2-1,5,4,disconnect-n2-1,disconnect,1.0,7,95.64400000000025,2,1000,1,1,1,1,1,1,1,1,1,False,0,0,0,0,0,0
s05-r4-disconnect-n2-1,5,4,disconnect-n2-1,disconnect,1.0,8,119.76800000000004,2,1000,1,2,1,2,1,2,1,2,1,False,1,1,0,1,1,0
s05-r4-disconnect-n2-1,5,4,disconnect-n2-1,disconnect,1.0,9,169.07200000000012,2,1000,1,2,1,2,1,2,1,2,1,False,1,1,0,1,1,0
s05-r4-disconnect-n2-1,5,4,disconnect-n2-1,disconnect,1.0,10,176.71999999999937,2,1000,1,2,1,2,1,2,1,2,1,False,1,1,0,1,1,0
s05-r4-disconnect-n2-1,5,4,disconnect-n2-1,disconnect,1.0,11,192.6560000000009,1,1000,1,1,1,1,1,2,1,2,1,False,1,1,0,0,0,0
s05-r4-disconnect-n2-1,5,4,disconnect-n2-1,disconnect,1.0,12,200.5,2,1000,1,2,1,2,1,2,1,2,1,False,1,1,0,1,1,0
s05-r4-disconnect-n2-1,5,4,disconnect-n2-1,disconnect,1.0,13,208.9159999999993,2,1000,1,2,1,2,1,2,1,2,1,False,1,1,0,1,1,0
s05-r4-disconnect-n2-1,5,4,disconnect-n2-1,disconnect,1.0,14,216.9320000000007,2,1000,1,2,1,2,1,2,1,2,1,False,1,1,0,1,1,0
s05-r4-disconnect-n2-1,5,4,disconnect-n2-1,disconnect,1.0,15,241.21999999999932,1,1000,1,2,1,2,1,2,1,2,1,False,0,0,0,0,0,0
s05-r4-disconnect-n2-1,5,4,disconnect-n2-1,disconnect,1.0,16,258.0159999999996,1,1000,1,2,1,2,1,1,1,1,1,False,0,0,0,1,1,0
s05-r4-disconnect-n2-1,5,4,disconnect-n2-1,disconnect,1.0,17,274.5519999999997,1,1000,1,2,1,2,1,2,1,2,1,False,0,0,0,0,0,0
s05-r4-disconnect-n2-1,5,4,disconnect-n2-1,disconnect,1.0,18,290.88800000000083,1,1000,1,2,1,2,1,2,1,2,1,False,0,0,0,0,0,0
s05-r4-disconnect-n2-1,5,4,disconnect-n2-1,disconnect,1.0,19,306.6280000000006,1,1000,1,2,1,2,1,1,1,1,1,False,0,0,0,1,1,0
s05-r4-disconnect-n2-1,5,4,disconnect-n2-1,disconnect,1.0,20,314.3279999999995,2,1000,1,2,1,2,1,1,1,1,1,False,1,1,0,0,0,0
s05-r4-disconnect-n2-1,5,4,disconnect-n2-1,disconnect,1.0,21,347.0,1,1000,1,2,1,2,1,2,1,2,1,False,0,0,0,0,0,0
s05-r4-disconnect-n2-1,5,4,disconnect-n2-1,disconnect,1.0,22,354.6239999999998,2,1000,1,2,1,2,1,1,1,1,1,False,1,1,0,0,0,0
s05-r4-disconnect-n2-1,5,4,disconnect-n2-1,disconnect,1.0,23,370.79199999999946,2,1000,1,2,1,2,1,1,1,1,1,False,1,1,0,0,0,0
s05-r4-disconnect-n20-1,5,4,disconnect-n20-1,disconnect,1.0,0,1.0,2,1000,1,2,1,2,1,2,1,2,1,False,1,1,0,1,1,0
s05-r4-disconnect-n20-1,5,4,disconnect-n20-1,disconnect,1.0,1,9.012000000000626,1,1000,1,2,1,2,1,1,1,1,1,False,0,0,0,1,1,0
s05-r4-disconnect-n20-1,5,4,disconnect-n20-1,disconnect,1.0,2,16.683999999999287,1,759,1,2,1,1,1,1,1,1,1,True,0,1,1,1,1,0
s05-r4-disconnect-n20-1,5,4,disconnect-n20-1,disconnect,1.0,3,40.96800000000076,2,620,1,2,1,2,1,1,1,1,1,True,1,1,0,0,0,0
s05-r4-disconnect-n20-1,5,4,disconnect-n20-1,disconnect,1.0,4,64.55999999999949,1,1000,1,2,1,2,1,1,1,1,1,False,0,0,0,1,1,0
s05-r4-disconnect-n20-1,5,4,disconnect-n20-1,disconnect,1.0,5,80.17599999999948,1,1000,1,2,1,2,1,1,1,1,1,False,0,0,0,1,1,0
s05-r4-disconnect-n20-1,5,4,disconnect-n20-1,disconnect,1.0,6,87.7559999999994,1,1000,1,2,1,2,1,1,1,1,1,False,0,0,0,1,1,0
s05-r4-disconnect-n20-1,5,4,disconnect-n20-1,disconnect,1.0,7,95.64400000000025,2,1000,1,1,1,1,1,1,1,1,1,False,0,0,0,0,0,0
s05-r4-disconnect-n20-1,5,4,disconnect-n20-1,disconnect,1.0,8,119.76800000000004,2,808,1,2,1,2,1,2,1,2,1,True,1,1,0,1,1,0
s05-r4-disconnect-n20-1,5,4,disconnect-n20-1,disconnect,1.0,9,169.07200000000012,2,1000,1,2,1,2,1,2,1,2,1,False,1,1,0,1,1,0
s05-r4-disconnect-n20-1,5,4,disconnect-n20-1,disconnect,1.0,10,176.71999999999937,2,1000,1,2,1,2,1,2,1,2,1,False,1,1,0,1,1,0
s05-r4-disconnect-n20-1,5,4,disconnect-n20-1,disconnect,1.0,11,192.6560000000009,1,1000,1,1,1,1,1,2,1,2,1,False,1,1,0,0,0,0
s05-r4-disconnect-n20-1,5,4,disconnect-n20-1,disconnect,1.0,12,200.5,2,1000,1,2,1,2,1,2,1,2,1,False,1,1,0,1,1,0
s05-r4-disconnect-n20-1,5,4,disconnect-n20-1,disconnect,1.0,13,208.9159999999993,2,1000,1,2,1,2,1,2,1,2,1,False,1,1,0,1,1,0
s05-r4-disconnect-n20-1,5,4,disconnect-n20-1,disconnect,1.0,14,216.9320000000007,2,620,1,2,1,2,1,2,1,2,1,True,1,1,0,1,1,0
s05-r4-disconnect-n20-1,5,4,disconnect-n20-1,disconnect,1.0,15,241.21999999999932,1,1000,1,2,1,2,1,2,1,2,1,False,0,0,0,0,0,0
s05-r4-disconnect-n20-1,5,4,disconnect-n20-1,disconnect,1.0,16,258.0159999999996,1,1000,1,2,1,2,1,1,1,1,1,False,0,0,0,1,1,0
s05-r4-disconnect-n20-1,5,4,disconnect-n20-1,disconnect,1.0,17,274.5519999999997,1,1000,1,2,1,2,1,2,1,2,1,False,0,0,0,0,0,0
s05-r4-disconnect-n20-1,5,4,disconnect-n20-1,disconnect,1.0,18,290.88800000000083,1,1000,1,2,1,2,1,2,1,2,1,False,0,0,0,0,0,0
s05-r4-disconnect-n20-1,5,4,disconnect-n20-1,disconnect,1.0,19,306.6280000000006,1,620,1,2,1,2,1,1,1,1,1,True,0,0,0,1,1,0
s05-r4-disconnect-n20-1,5,4,disconnect-n20-1,disconnect,1.0,20,314.3279999999995,2,1000,1,2,1,2,1,1,1,1,1,False,1,1,0,0,0,0
s05-r4-disconnect-n20-1,5,4,disconnect-n20-1,disconnect,1.0,21,347.0,1,1000,1,2,1,2,1,2,1,2,1,False,0,0,0,0,0,0
s05-r4-disconnect-n20-1,5,4,disconnect-n20-1,disconnect,1.0,22,354.6239999999998,2,620,1,2,1,2,1,1,1,1,1,True,1,1,0,0,0,0
s05-r4-disconnect-n20-1,5,4,disconnect-n20-1,disconnect,1.0,23,370.79199999999946,2,1000,1,2,1,2,1,1,1,1,1,False,1,1,0,0,0,0
s05-r4-disconnect-n5-1,5,4,disconnect-n5-1,disconnect,1.0,0,1.0,2,1000,1,2,1,2,1,2,1,2,1,False,1,1,0,1,1,0
s05-r4-disconnect-n5-1,5,4,disconnect-n5-1,disconnect,1.0,1,9.012000000000626,1,1000,1,2,1,2,1,1,1,1,1,False,0,0,0,1,1,0
s05-r4-disconnect-n5-1,5,4,disconnect-n5-1,disconnect,1.0,2,16.683999999999287,1,1000,1,1,1,1,1,1,1,1,1,False,1,1,0,1,1,0
s05-r4-disconnect-n5-1,5,4,disconnect-n5-1,disconnect,1.0,3,40.96800000000076,2,993,1,2,1,2,1,1,1,1,1,True,1,1,0,0,0,0
s05-r4-disconnect-n5-1,5,4,disconnect-n5-1,disconnect,1.0,4,64.55999999999949,1,1000,1,2,1,2,1,1,1,1,1,False,0,0,0,1,1,0
s05-r4-disconnect-n5-1,5,4,disconnect-n5-1,disconnect,1.0,5,80.17599999999948,1,1000,1,2,1,2,1,1,1,1,1,False,0,0,0,1,1,0
s05-r4-disconnect-n5-1,5,4,disconnect-n5-1,disconnect,1.0,6,87.7559999999994,1,1000,1,2,1,2,1,1,1,1,1,False,0,0,0,1,1,0
s05-r4-disconnect-n5-1,5,4,disconnect-n5-1,disconnect,1.0,7,95.64400000000025,2,1000,1,1,1,1,1,1,1,1,1,False,0,0,0,0,0,0
s05-r4-disconnect-n5-1,5,4,disconnect-n5-1,disconnect,1.0,8,119.76800000000004,2,1000,1,2,1,2,1,2,1,2,1,False,1,1,0,1,1,0
s05-r4-disconnect-n5-1,5,4,disconnect-n5-1,disconnect,1.0,9,169.07200000000012,2,1000,1,2,1,2,1,2,1,2,1,False,1,1,0,1,1,0
s05-r4-disconnect-n5-1,5,4,disconnect-n5-1,disconnect,1.0,10,176.71999999999937,2,1000,1,2,1,2,1,2,1,2,1,False,1,1,0,1,1,0
s05-r4-disconnect-n5-1,5,4,disconnect-n5-1,disconnect,1.0,11,192.6560000000009,1,1000,1,1,1,1,1,2,1,2,1,False,1,1,0,0,0,0
s05-r4-disconnect-n5-1,5,4,disconnect-n5-1,disconnect,1.0,12,200.5,2,1000,1,2,1,2,1,2,1,2,1,False,1,1,0,1,1,0
s05-r4-disconnect-n5-1,5,4,disconnect-n5-1,disconnect,1.0,13,208.9159999999993,2,1000,1,2,1,2,1,2,1,2,1,False,1,1,0,1,1,0
s05-r4-disconnect-n5-1,5,4,disconnect-n5-1,disconnect,1.0,14,216.9320000000007,2,1000,1,2,1,2,1,2,1,2,1,False,1,1,0,1,1,0
s05-r4-disconnect-n5-1,5,4,disconnect-n5-1,disconnect,1.0,15,241.21999999999932,1,1000,1,2,1,2,1,2,1,2,1,False,0,0,0,0,0,0
s05-r4-disconnect-n5-1,5,4,disconnect-n5-1,disconnect,1.0,16,258.0159999999996,1,1000,1,2,1,2,1,1,1,1,1,False,0,0,0,1,1,0
s05-r4-disconnect-n5-1,5,4,disconnect-n5-1,disconnect,1.0,17,274.5519999999997,1,1000,1,2,1,2,1,2,1,2,1,False,0,0,0,0,0,0
s05-r4-disconnect-n5-1,5,4,disconnect-n5-1,disconnect,1.0,18,290.88800000000083,1,1000,1,2,1,2,1,2,1,2,1,False,0,0,0,0,0,0
s05-r4-disconnect-n5-1,5,4,disconnect-n5-1,disconnect,1.0,19,306.6280000000006,1,1000,1,2,1,2,1,1,1,1,1,False,0,0,0,1,1,0
s05-r4-disconnect-n5-1,5,4,disconnect-n5-1,disconnect,1.0,20,314.3279999999995,2,1000,1,2,1,2,1,1,1,1,1,False,1,1,0,0,0,0
s05-r4-disconnect-n5-1,5,4,disconnect-n5-1,disconnect,1.0,21,347.0,1,1000,1,2,1,2,1,2,1,2,1,False,0,0,0,0,0,0
s05-r4-disconnect-n5-1,5,4,disconnect-n5-1,disconnect,1.0,22,354.6239999999998,2,1000,1,2,1,2,1,1,1,1,1,False,1,1,0,0,0,0
s05-r4-disconnect-n5-1,5,4,disconnect-n5-1,disconnect,1.0,23,370.79199999999946,2,1000,1,2,1,2,1,1,1,1,1,False,1,1,0,0,0,0
s06-r0-disconnect-n10-1,6,0,disconnect-n10-1,disconnect,1.0,0,1.0,1,1000,1,1,1,1,1,1,1,1,1,False,1,1,0,1,1,0
s06-r0-disconnect-n10-1,6,0,disconnect-n10-1,disconnect,1.0,1,9.012000000000173,2,1000,1,1,1,1,1,1,1,1,1,False,0,0,0,0,0,0
s06-r0-disconnect-n10-1,6,0,disconnect-n10-1,disconnect,1.0,2,16.684000000000196,2,1000,1,1,1,1,1,2,1,2,1,False,0,0,0,1,1,0
s06-r0-disconnect-n10-1,6,0,disconnect-n10-1,disconnect,1.0,3,24.49200000000019,1,1000,1,1,1,1,1,1,1,1,1,False,1,1,0,1,1,0
s06-r0-disconnect-n10-1,6,0,disconnect-n10-1,disconnect,1.0,4,32.52399999999989,2,1000,1,1,1,1,1,1,1,1,1,False,0,0,0,0,0,0
s06-r0-disconnect-n10-1,6,0,disconnect-n10-1,disconnect,1.0,5,40.96799999999985,1,1000,1,1,1,1,1,1,1,1,1,False,1,1,0,1,1,0
s06-r0-disconnect-n10-1,6,0,disconnect-n10-1,disconnect,1.0,6,48.63599999999997,2,711,1,2,1,1,1,1,1,1,1,True,1,0,1,0,0,0
s06-r0-disconnect-n10-1,6,0,disconnect-n10-1,disconnect,1.0,7,64.55999999999995,2,1000,1,1,1,1,1,2,1,2,1,False,0,0,0,1,1,0
s06-r0-disconnect-n10-1,6,0,disconnect-n10-1,disconnect,1.0,8,80.17599999999993,1,1000,1,1,1,1,1,1,1,1,1,False,1,1,0,1,1,0
s06-r0-disconnect-n10-1,6,0,disconnect-n10-1,disconnect,1.0,9,95.64400000000025,2,1000,1,2,1,2,1,1,1,1,1,False,1,1,0,0,0,0
s06-r0-disconnect-n10-1,6,0,disconnect-n10-1,disconnect,1.0,10,103.42000000000009,1,1000,1,1,1,1,1,1,1,1,1,False,1,1,0,1,1,0
s06-r0-disconnect-n10-1,6,0,disconnect-n10-1,disconnect,1.0,11,152.4720000000002,1,1000,1,1,1,1,1,1,1,1,1,False,1,1,0,1,1,0
s06-r0-disconnect-n10-1,6,0,disconnect-n10-1,disconnect,1.0,12,169.07200000000012,2,1000,1,2,1,2,1,2,1,2,1,False,1,1,0,1,1,0
s06-r0-disconnect-n10-1,6,0,disconnect-n10-1,disconnect,1.0,13,176.7199999999998,1,1000,1,1,1,1,1,1,1,1,1,False,1,1,0,1,1,0
s06-r0-disconnect-n10-1,6,0,disconnect-n10-1,disconnect,1.0,14,184.84400000000005,1,1000,1,1,1,1,1,1,1,1,1,False,1,1,0,1,1,0
s06-r0-disconnect-n10-1,6,0,disconnect-n10-1,disconnect,1.0,15,208.91600000000017,1,1000,1,1,1,1,1,1,1,1,1,False,1,1,0,1,1,0
s06-r0-disconnect-n10-1,6,0,disconnect-n10-1,disconnect,1.0,16,241.2199999999998,1,620,1,1,1,1,1,1,1,2,1,True,1,1,0,1,0,1
s06-r0-disconnect-n10-1,6,0,disconnect-n10-1,disconnect,1.0,17,249.6480000000001,2,1000,1,1,1,1,1,2,1,2,1,False,0,0,0,1,1,0
s06-r0-disconnect-n10-1,6,0,disconnect-n10-1,disconnect,1.0,18,258.0160000000001,1,1000,1,1,1,1,1,1,1,1,1,False,1,1,0,1,1,0
s06-r0-disconnect-n10-1,6,0,disconnect-n10-1,disconnect,1.0,19,266.3800000000001,2,1000,1,2,1,2,1,1,1,1,1,False,1,1,0,0,0,0
s06-r0-disconnect-n10-1,6,0,disconnect-n10-1,disconnect,1.0,20,274.55200000000013,2,1000,1,1,1,1,1,2,1,2,1,False,0,0,0,1,1,0
s06-r0-disconnect-n10-1,6,0,disconnect-n10-1,disconnect,1.0,21,282.808,1,672,1,1,1,1,1,1,1,1,1,True,1,1,0,1,1,0
s06-r0-disconnect-n10-1,6,0,disconnect-n10-1,disconnect,1.0,22,290.8879999999999,2,1000,1,2,1,2,1,2,1,2,1,False,1,1,0,1,1,0
s06-r0-disconnect-n10-1,6,0,disconnect-n10-1,disconnect,1.0,23,306.62800000000016,2,1000,1,1,1,1,1,2,1,2,1,False,0,0,0,1,1,0
s06-r0-disconnect-n2-1,6,0,disconnect-n2-1,disconnect,1.0,0,1.0,1,1000,1,1,1,1,1,1,1,1,1,False,1,1,0,1,1,0
s06-r0-disconnect-n2-1,6,0,disconnect-n2-1,disconnect,1.0,1,9.012000000000173,2,1000,1,1,1,1,1,1,1,1,1,False,0,0,0,0,0,0
s06-r0-disconnect-n2-1,6,0,disconnect-n2-1,disconnect,1.0,2,16.684000000000196,2,1000,1,1,1,1,1,2,1,2,1,False,0,0,0,1,1,0
s06-r0-disconnect-n2-1,6,0,disconnect-n2-1,disconnect,1.0,3,24.49200000000019,1,1000,1,1,1,1,1,1,1,1,1,False,1,1,0,1,1,0
s06-r0-disconnect-n2-1,6,0,disconnect-n2-1,disconnect,1.0,4,32.52399999999989,2,1000,1,1,1,1,1,1,1,1,1,False,0,0,0,0,0,0
s06-r0-disconnect-n2-1,6,0,disconnect-n2-1,disconnect,1.0,5,40.96799999999985,1,620,1,1,1,1,1,1,1,1,1,True,1,1,0,1,1,0
s06-r0-disconnect-n2-1,6,0,disconnect-n2-1,disconnect,1.0,6,48.63599999999997,2,1000,1,1,1,1,1,1,1,1,1,False,0,0,0,0,0,0
s06-r0-disconnect-n2-1,6,0,disconnect-n2-1,disconnect,1.0,7,64.55999999999995,2,1000,1,1,1,1,1,2,1,2,1,False,0,0,0,1,1,0
s06-r0-disconnect-n2-1,6,0,disconnect-n2-1,disconnect,1.0,8,80.17599999999993,1,1000,1,1,1,1,1,1,1,1,1,False,1,1,0,1,1,0
s06-r0-disconnect-n2-1,6,0,disconnect-n2-1,disconnect,1.0,9,95.64400000000025,2,1000,1,2,1,2,1,1,1,1,1,False,1,1,0,0,0,0
s06-r0-disconnect-n2-1,6,0,disconnect-n2-1,disconnect,1.0,10,103.42000000000009,1,1000,1,1,1,1,1,1,1,1,1,False,1,1,0,1,1,0
s06-r0-disconnect-n2-1,6,0,disconnect-n2-1,disconnect,1.0,11,152.4720000000002,1,1000,1,1,1,1,1,1,1,1,1,False,1,1,0,1,1,0
s06-r0-disconnect-n2-1,6,0,disconnect-n2-1,disconnect,1.0,12,169.07200000000012,2,1000,1,2,1,2,1,2,1,2,1,False,1,1,0,1,1,0
s06-r0-disconnect-n2-1,6,0,disconnect-n2-1,disconnect,1.0,13,176.7199999999998,1,1000,1,1,1,1,1,1,1,1,1,False,1,1,0,1,1,0
s06-r0-disconnect-n2-1,6,0,disconnect-n2-1,disconnect,1.0,14,184.84400000000005,1,1000,1,1,1,1,1,1,1,1,1,False,1,1,0,1,1,0
s06-r0-disconnect-n2-1,6,0,disconnect-n2-1,disconnect,1.0,15,208.91600000000017,1,1000,1,1,1,1,1,1,1,1,1,False,1,1,0,1,1,0
s06-r0-disconnect-n2-1,6,0,disconnect-n2-1,disconnect,1.0,16,241.2199999999998,1,1000,1,1,1,1,1,2,1,2,1,False,1,1,0,0,0,0
s06-r0-disconnect-n2-1,6,0,disconnect-n2-1,disconnect,1.0,17,249.6480000000001,2,1000,1,1,1,1,1,2,1,2,1,False,0,0,0,1,1,0
s06-r0-disconnect-n2-1,6,0,disconnect-n2-1,disconnect,1.0,18,258.0160000000001,1,1000,1,1,1,1,1,1,1,1,1,False,1,1,0,1,1,0
s06-r0-disconnect-n2-1,6,0,disconnect-n2-1,disconnect,1.0,19,266.3800000000001,2,1000,1,2,1,2,1,1,1,1,1,False,1,1,0,0,0,0
s06-r0-disconnect-n2-1,6,0,disconnect-n2-1,disconnect,1.0,20,274.55200000000013,2,1000,1,1,1,1,1,2,1,2,1,False,0,0,0,1,1,0
s06-r0-disconnect-n2-1,6,0,disconnect-n2-1,disconnect,1.0,21,282.808,1,1000,1,1,1,1,1,1,1,1,1,False,1,1,0,1,1,0
s06-r0-disconnect-n2-1,6,0,disconnect-n2-1,disconnect,1.0,22,290.8879999999999,2,1000,1,2,1,2,1,2,1,2,1,False,1,1,0,1,1,0
s06-r0-disconnect-n2-1,6,0,disconnect-n2-1,disconnect,1.0,23,306.62800000000016,2,1000,1,1,1,1,1,2,1,2,1,False,0,0,0,1,1,0
s06-r0-disconnect-n20-1,6,0,disconnect-n20-1,disconnect,1.0,0,1.0,1,1000,1,1,1,1,1,1,1,1,1,False,1,1,0,1,1,0
s06-r0-disconnect-n20-1,6,0,disconnect-n20-1,disconnect,1.0,1,9.012000000000173,2,1000,1,1,1,1,1,1,1,1,1,False,0,0,0,0,0,0
s06-r0-disconnect-n20-1,6,0,disconnect-n20-1,disconnect,1.0,2,16.684000000000196,2,988,1,1,1,1,1,2,1,2,1,True,0,0,0,1,1,0
s06-r0-disconnect-n20-1,6,0,disconnect-n20-1,disconnect,1.0,3,24.49200000000019,1,1000,1,1,1,1,1,1,1,1,1,False,1,1,0,1,1,0
s06-r0-disconnect-n20-1,6,0,disconnect-n20-1,disconnect,1.0,4,32.52399999999989,2,1000,1,1,1,1,1,1,1,1,1,False,0,0,0,0,0,0
s06-r0-disconnect-n20-1,6,0,disconnect-n20-1,disconnect,1.0,5,40.96799999999985,1,620,1,1,1,1,1,1,1,1,1,True,1,1,0,1,1,0
s06-r0-disconnect-n20-1,6,0,disconnect-n20-1,disconnect,1.0,6,48.63599999999997,2,1000,1,1,1,1,1,1,1,1,1,False,0,0,0,0,0,0
s06-r0-disconnect-n20-1,6,0,disconnect-n20-1,disconnect,1.0,7,64.55999999999995,2,1000,1,1,1,1,1,2,1,2,1,False,0,0,0,1,1,0
s06-r0-disconnect-n20-1,6,0,disconnect-n20-1,disconnect,1.0,8,80.17599999999993,1,1000,1,1,1,1,1,1,1,1,1,False,1,1,0,1,1,0
s06-r0-disconnect-n20-1,6,0,disconnect-n20-1,disconnect,1.0,9,95.64399999999978,2,721,1,2,1,2,1,2,1,1,1,True,1,1,0,1,0,1
s06-r0-disconnect-n20-1,6,0,disconnect-n20-1,disconnect,1.0,10,103.42000000000009,1,1000,1,1,1,1,1,1,1,1,1,False,1,1,0,1,1,0
s06-r0-disconnect-n20-1,6,0,disconnect-n20-1,disconnect,1.0,11,152.4720000000002,1,1000,1,1,1,1,1,1,1,1,1,False,1,1,0,1,1,0
s06-r0-disconnect-n20-1,6,0,disconnect-n20-1,disconnect,1.0,12,169.07200000000012,2,1000,1,2,1,2,1,2,1,2,1,False,1,1,0,1,1,0
s06-r0-disconnect-n20-1,6,0,disconnect-n20-1,disconnect,1.0,13,176.7199999999998,1,1000,1,1,1,1,1,1,1,1,1,False,1,1,0,1,1,0
s06-r0-disconnect-n20-1,6,0,disconnect-n20-1,disconnect,1.0,14,184.84400000000005,1,631,1,1,1,1,1,1,1,1,1,True,1,1,0,1,1,0
s06-r0-disconnect-n20-1,6,0,disconnect-n20-1,disconnect,1.0,15,208.91600000000017,1,620,1,1,1,1,1,1,1,1,1,True,1,1,0,1,1,0
s06-r0-disconnect-n20-1,6,0,disconnect-n20-1,disconnect,1.0,16,241.2199999999998,1,1000,1,1,1,1,1,2,1,2,1,False,1,1,0,0,0,0
s06-r0-disconnect-n20-1,6,0,disconnect-n20-1,disconnect,1.0,17,249.6480000000001,2,1000,1,1,1,1,1,2,1,2,1,False,0,0,0,1,1,0
s06-r0-disconnect-n20-1,6,0,disconnect-n20-1,disconnect,1.0,18,258.0160000000001,1,1000,1,1,1,1,1,1,1,1,1,False,1,1,0,1,1,0
s06-r0-disconnect-n20-1,6,0,disconnect-n20-1,disconnect,1.0,19,266.3800000000001,2,735,1,2,1,2,1,1,1,1,1,True,1,1,0,0,0,0
s06-r0-disconnect-n20-1,6,0,disconnect-n20-1,disconnect,1.0,20,274.55200000000013,2,1000,1,1,1,1,1,2,1,2,1,False,0,0,0,1,1,0
s06-r0-disconnect-n20-1,6,0,disconnect-n20-1,disconnect,1.0,21,282.808,1,1000,1,1,1,1,1,1,1,1,1,False,1,1,0,1,1,0
s06-r0-disconnect-n20-1,6,0,disconnect-n20-1,disconnect,1.0,22,290.8879999999999,2,1000,1,2,1,2,1,2,1,2,1,False,1,1,0,1,1,0
s06-r0-disconnect-n20-1,6,0,disconnect-n20-1,disconnect,1.0,23,306.62800000000016,2,620,1,1,1,1,1,2,1,2,1,True,0,0,0,1,1,0
s06-r0-disconnect-n5-1,6,0,disconnect-n5-1,disconnect,1.0,0,1.0,1,1000,1,1,1,1,1,1,1,1,1,False,1,1,0,1,1,0
s06-r0-disconnect-n5-1,6,0,disconnect-n5-1,disconnect,1.0,1,9.012000000000173,2,1000,1,1,1,1,1,1,1,1,1,False,0,0,0,0,0,0
s06-r0-disconnect-n5-1,6,0,disconnect-n5-1,disconnect,1.0,2,16.684000000000196,2,1000,1,1,1,1,1,2,1,2,1,False,0,0,0,1,1,0
s06-r0-disconnect-n5-1,6,0,disconnect-n5-1,disconnect,1.0,3,24.49200000000019,1,1000,1,1,1,1,1,1,1,1,1,False,1,1,0,1,1,0
s06-r0-disconnect-n5-1,6,0,disconnect-n5-1,disconnect,1.0,4,32.52399999999989,2,1000,1,1,1,1,1,1,1,1,1,False,0,0,0,0,0,0
s06-r0-disconnect-n5-1,6,0,disconnect-n5-1,disconnect,1.0,5,40.96799999999985,1,1000,1,1,1,1,1,1,1,1,1,False,1,1,0,1,1,0
s06-r0-disconnect-n5-1,6,0,disconnect-n5-1,disconnect,1.0,6,48.63599999999997,2,1000,1,1,1,1,1,1,1,1,1,False,0,0,0,0,0,0
s06-r0-disconnect-n5-1,6,0,disconnect-n5-1,disconnect,1.0,7,64.55999999999995,2,1000,1,1,1,1,1,2,1,2,1,False,0,0,0,1,1,0
s06-r0-disconnect-n5-1,6,0,disconnect-n5-1,disconnect,1.0,8,80.17599999999993,1,1000,1,1,1,1,1,1,1,1,1,False,1,1,0,1,1,0
s06-r0-disconnect-n5-1,6,0,disconnect-n5-1,disconnect,1.0,9,95.64400000000025,2,852,1,2,1,2,1,2,1,1,1,True,1,1,0,1,0,1
s06-r0-disconnect-n5-1,6,0,disconnect-n5-1,disconnect,1.0,10,103.42000000000009,1,1000,1,1,1,1,1,1,1,1,1,False,1,1,0,1,1,0
s06-r0-disconnect-n5-1,6,0,disconnect-n5-1,disconnect,1.0,11,152.4720000000002,1,1000,1,1,1,1,1,1,1,1,1,False,1,1,0,1,1,0
s06-r0-disconnect-n5-1,6,0,disconnect-n5-1,disconnect,1.0,12,169.07200000000012,2,1000,1,2,1,2,1,2,1,2,1,False,1,1,0,1,1,0
s06-r0-disconnect-n5-1,6,0,disconnect-n5-1,disconnect,1.0,13,176.7199999999998,1,1000,1,1,1,1,1,1,1,1,1,False,1,1,0,1,1,0
s06-r0-disconnect-n5-1,6,0,disconnect-n5-1,disconnect,1.0,14,184.84400000000005,1,1000,1,1,1,1,1,1,1,1,1,False,1,1,0,1,1,0
s06-r0-disconnect-n5-1,6,0,disconnect-n5-1,disconnect,1.0,15,208.91600000000017,1,1000,1,1,1,1,1,1,1,1,1,False,1,1,0,1,1,0
s06-r0-disconnect-n5-1,6,0,disconnect-n5-1,disconnect,1.0,16,241.2199999999998,1,1000,1,1,1,1,1,2,1,2,1,False,1,1,0,0,0,0
s06-r0-disconnect-n5-1,6,0,disconnect-n5-1,disconnect,1.0,17,249.6480000000001,2,1000,1,1,1,1,1,2,1,2,1,False,0,0,0,1,1,0
s06-r0-disconnect-n5-1,6,0,disconnect-n5-1,disconnect,1.0,18,258.0160000000001,1,1000,1,1,1,1,1,1,1,1,1,False,1,1,0,1,1,0
s06-r0-disconnect-n5-1,6,0,disconnect-n5-1,disconnect,1.0,19,266.3800000000001,2,1000,1,2,1,2,1,1,1,1,1,False,1,1,0,0,0,0
s06-r0-disconnect-n5-1,6,0,disconnect-n5-1,disconnect,1.0,20,274.55200000000013,2,1000,1,1,1,1,1,2,1,2,1,False,0,0,0,1,1,0
s06-r0-disconnect-n5-1,6,0,disconnect-n5-1,disconnect,1.0,21,282.808,1,1000,1,1,1,1,1,1,1,1,1,False,1,1,0,1,1,0
s06-r0-disconnect-n5-1,6,0,disconnect-n5-1,disconnect,1.0,22,290.8879999999999,2,1000,1,2,1,2,1,2,1,2,1,False,1,1,0,1,1,0
s06-r0-disconnect-n5-1,6,0,disconnect-n5-1,disconnect,1.0,23,306.62800000000016,2,1000,1,1,1,1,1,2,1,2,1,False,0,0,0,1,1,0
s06-r1-disconnect-n10-1,6,1,disconnect-n10-1,disconnect,1.0,0,16.684000000000196,2,1000,1,2,1,2,1,2,1,2,1,False,1,1,0,1,1,0
s06-r1-disconnect-n10-1,6,1,disconnect-n10-1,disconnect,1.0,1,24.49200000000019,1,1000,1,1,1,1,1,1,1,1,1,False,1,1,0,1,1,0
s06-r1-disconnect-n10-1,6,1,disconnect-n10-1,disconnect,1.0,2,32.52400000000034,1,1000,1,1,1,1,1,1,1,1,1,False,1,1,0,1,1,0
s06-r1-disconnect-n10-1,6,1,disconnect-n10-1,disconnect,1.0,3,40.96799999999985,2,1000,1,1,1,1,1,1,1,1,1,False,0,0,0,0,0,0
s06-r1-disconnect-n10-1,6,1,disconnect-n10-1,disconnect,1.0,4,64.5600000000004,2,1000,1,1,1,1,1,1,1,1,1,False,0,0,0,0,0,0
s06-r1-disconnect-n10-1,6,1,disconnect-n10-1,disconnect,1.0,5,80.17600000000039,1,1000,1,1,1,1,1,1,1,1,1,False,1,1,0,1,1,0
s06-r1-disconnect-n10-1,6,1,disconnect-n10-1,disconnect,1.0,6,87.75600000000031,1,1000,1,1,1,1,1,1,1,1,1,False,1,1,0,1,1,0
s06-r1-disconnect-n10-1,6,1,disconnect-n10-1,disconnect,1.0,7,95.64400000000025,1,1000,1,1,1,1,1,1,1,1,1,False,1,1,0,1,1,0
s06-r1-disconnect-n10-1,6,1,disconnect-n10-1,disconnect,1.0,8,111.28799999999956,2,1000,1,1,1,1,1,1,1,1,1,False,0,0,0,0,0,0
s06-r1-disconnect-n10-1,6,1,disconnect-n10-1,disconnect,1.0,9,119.76800000000004,2,1000,1,2,1,2,1,2,1,2,1,False,1,1,0,1,1,0
s06-r1-disconnect-n10-1,6,1,disconnect-n10-1,disconnect,1.0,10,127.80000000000018,1,1000,1,1,1,1,1,1,1,1,1,False,1,1,0,1,1,0
s06-r1-disconnect-n10-1,6,1,disconnect-n10-1,disconnect,1.0,11,136.0640000000003,1,1000,1,1,1,1,1,2,1,2,1,False,1,1,0,0,0,0
s06-r1-disconnect-n10-1,6,1,disconnect-n10-1,disconnect,1.0,12,152.47199999999975,1,1000,1,1,1,1,1,1,1,1,1,False,1,1,0,1,1,0
s06-r1-disconnect-n10-1,6,1,disconnect-n10-1,disconnect,1.0,13,160.7520000000004,2,1000,1,1,1,1,1,1,1,1,1,False,0,0,0,0,0,0
s06-r1-disconnect-n10-1,6,1,disconnect-n10-1,disconnect,1.0,14,192.65599999999995,1,1000,1,1,1,1,1,1,1,1,1,False,1,1,0,1,1,0
s06-r1-disconnect-n10-1,6,1,disconnect-n10-1,disconnect,1.0,15,216.9319999999998,2,787,1,1,1,1,1,2,1,2,1,True,0,0,0,1,1,0
s06-r1-disconnect-n10-1,6,1,disconnect-n10-1,disconnect,1.0,16,241.22000000000023,2,985,1,2,1,2,1,1,1,1,1,True,1,1,0,0,0,0
s06-r1-disconnect-n10-1,6,1,disconnect-n10-1,disconnect,1.0,17,249.6480000000001,1,1000,1,1,1,1,1,1,1,1,1,False,1,1,0,1,1,0
s06-r1-disconnect-n10-1,6,1,disconnect-n10-1,disconnect,1.0,18,258.0159999999996,2,1000,1,1,1,1,1,2,1,2,1,False,0,0,0,1,1,0
s06-r1-disconnect-n10-1,6,1,disconnect-n10-1,disconnect,1.0,19,306.6279999999997,1,1000,1,2,1,2,1,2,1,2,1,False,0,0,0,0,0,0
s06-r1-disconnect-n10-1,6,1,disconnect-n10-1,disconnect,1.0,20,322.65200000000004,2,1000,1,1,1,1,1,1,1,1,1,False,0,0,0,0,0,0
s06-r1-disconnect-n10-1,6,1,disconnect-n10-1,disconnect,1.0,21,338.52400000000034,2,1000,1,1,1,1,1,1,1,1,1,False,0,0,0,0,0,0
s06-r1-disconnect-n10-1,6,1,disconnect-n10-1,disconnect,1.0,22,362.3360000000002,2,1000,1,1,1,1,1,2,1,2,1,False,0,0,0,1,1,0
s06-r1-disconnect-n10-1,6,1,disconnect-n10-1,disconnect,1.0,23,379.02800000000025,1,1000,1,1,1,1,1,1,1,1,1,False,1,1,0,1,1,0
s06-r1-disconnect-n2-1,6,1,disconnect-n2-1,disconnect,1.0,0,16.684000000000196,2,1000,1,2,1,2,1,2,1,2,1,False,1,1,0,1,1,0
s06-r1-disconnect-n2-1,6,1,disconnect-n2-1,disconnect,1.0,1,24.49200000000019,1,1000,1,1,1,1,1,1,1,1,1,False,1,1,0,1,1,0
s06-r1-disconnect-n2-1,6,1,disconnect-n2-1,disconnect,1.0,2,32.52400000000034,1,1000,1,1,1,1,1,1,1,1,1,False,1,1,0,1,1,0
s06-r1-disconnect-n2-1,6,1,disconnect-n2-1,disconnect,1.0,3,40.96799999999985,2,1000,1,1,1,1,1,1,1,1,1,False,0,0,0,0,0,0
s06-r1-disconnect-n2-1,6,1,disconnect-n2-1,disconnect,1.0,4,64.5600000000004,2,1000,1,1,1,1,1,1,1,1,1,False,0,0,0,0,0,0
s06-r1-disconnect-n2-1,6,1,disconnect-n2-1,disconnect,1.0,5,80.17600000000039,1,1000,1,1,1,1,1,1,1,1,1,False,1,1,0,1,1,0
s06-r1-disconnect-n2-1,6,1,disconnect-n2-1,disconnect,1.0,6,87.75600000000031,1,1000,1,1,1,1,1,1,1,1,1,False,1,1,0,1,1,0
s06-r1-disconnect-n2-1,6,1,disconnect-n2-1,disconnect,1.0,7,95.64400000000025,1,1000,1,1,1,1,1,1,1,1,1,False,1,1,0,1,1,0
s06-r1-disconnect-n2-1,6,1,disconnect-n2-1,disconnect,1.0,8,111.28799999999956,2,1000,1,1,1,1,1,1,1,1,1,False,0,0,0,0,0,0
s06-r1-disconnect-n2-1,6,1,disconnect-n2-1,disconnect,1.0,9,119.76800000000004,2,1000,1,2,1,2,1,2,1,2,1,False,1,1,0,1,1,0
s06-r1-disconnect-n2-1,6,1,disconnect-n2-1,disconnect,1.0,10,127.80000000000018,1,1000,1,1,1,1,1,1,1,1,1,False,1,1,0,1,1,0
s06-r1-disconnect-n2-1,6,1,disconnect-n2-1,disconnect,1.0,11,136.0640000000003,1,1000,1,1,1,1,1,2,1,2,1,False,1,1,0,0,0,0
s06-r1-disconnect-n2-1,6,1,disconnect-n2-1,disconnect,1.0,12,152.47199999999975,1,1000,1,1,1,1,1,1,1,1,1,False,1,1,0,1,1,0
s06-r1-disconnect-n2-1,6,1,disconnect-n2-1,disconnect,1.0,13,160.7520000000004,2,1000,1,1,1,1,1,1,1,1,1,False,0,0,0,0,0,0
s06-r1-disconnect-n2-1,6,1,disconnect-n2-1,disconnect,1.0,14,192.65599999999995,1,1000,1,1,1,1,1,1,1,1,1,False,1,1,0,1,1,0
s06-r1-disconnect-n2-1,6,1,disconnect-n2-1,disconnect,1.0,15,216.9319999999998,2,1000,1,1,1,1,1,2,1,2,1,False,0,0,0,1,1,0
s06-r1-disconnect-n2-1,6,1,disconnect-n2-1,disconnect,1.0,16,241.22000000000023,2,1000,1,2,1,2,1,1,1,1,1,False,1,1,0,0,0,0
s06-r1-disconnect-n2-1,6,1,disconnect-n2-1,disconnect,1.0,17,249.6480000000001,1,1000,1,1,1,1,1,1,1,1,1,False,1,1,0,1,1,0
s06-r1-disconnect-n2-1,6,1,disconnect-n2-1,disconnect,1.0,18,258.0159999999996,2,1000,1,1,1,1,1,2,1,2,1,False,0,0,0,1,1,0
s06-r1-disconnect-n2-1,6,1,disconnect-n2-1,disconnect,1.0,19,306.6279999999997,1,1000,1,2,1,2,1,2,1,2,1,False,0,0,0,0,0,0
s06-r1-disconnect-n2-1,6,1,disconnect-n2-1,disconnect,1.0,20,322.65200000000004,2,1000,1,1,1,1,1,1,1,1,1,False,0,0,0,0,0,0
s06-r1-disconnect-n2-1,6,1,disconnect-n2-1,disconnect,1.0,21,338.52400000000034,2,1000,1,1,1,1,1,1,1,1,1,False,0,0,0,0,0,0
s06-r1-disconnect-n2-1,6,1,disconnect-n2-1,disconnect,1.0,22,362.3360000000002,2,1000,1,1,1,1,1,2,1,2,1,False,0,0,0,1,1,0
s06-r1-disconnect-n2-1,6,1,disconnect-n2-1,disconnect,1.0,23,379.02800000000025,1,1000,1,1,1,1,1,1,1,1,1,False,1,1,0,1,1,0
s06-r1-disconnect-n20-1,6,1,disconnect-n20-1,disconnect,1.0,0,16.684000000000196,2,1000,1,2,1,2,1,2,1,2,1,False,1,1,0,1,1,0
s06-r1-disconnect-n20-1,6,1,disconnect-n20-1,disconnect,1.0,1,24.49200000000019,1,884,1,1,1,1,1,1,1,1,1,True,1,1,0,1,1,0
s06-r1-disconnect-n20-1,6,1,disconnect-n20-1,disconnect,1.0,2,32.52400000000034,1,620,1,1,1,1,1,1,1,1,1,True,1,1,0,1,1,0
s06-r1-disconnect-n20-1,6,1,disconnect-n20-1,disconnect,1.0,3,40.96799999999985,2,1000,1,1,1,1,1,1,1,1,1,False,0,0,0,0,0,0
s06-r1-disconnect-n20-1,6,1,disconnect-n20-1,disconnect,1.0,4,64.5600000000004,2,1000,1,1,1,1,1,1,1,1,1,False,0,0,0,0,0,0
s06-r1-disconnect-n20-1,6,1,disconnect-n20-1,disconnect,1.0,5,80.17600000000039,1,1000,1,1,1,1,1,1,1,1,1,False,1,1,0,1,1,0
s06-r1-disconnect-n20-1,6,1,disconnect-n20-1,disconnect,1.0,6,87.75600000000031,1,1000,1,1,1,1,1,1,1,1,1,False,1,1,0,1,1,0
s06-r1-disconnect-n20-1,6,1,disconnect-n20-1,disconnect,1.0,7,95.64400000000025,1,1000,1,1,1,1,1,1,1,1,1,False,1,1,0,1,1,0
s06-r1-disconnect-n20-1,6,1,disconnect-n20-1,disconnect,1.0,8,111.28799999999956,2,1000,1,1,1,1,1,1,1,1,1,False,0,0,0,0,0,0
s06-r1-disconnect-n20-1,6,1,disconnect-n20-1,disconnect,1.0,9,119.76800000000004,2,1000,1,2,1,2,1,2,1,2,1,False,1,1,0,1,1,0
s06-r1-disconnect-n20-1,6,1,disconnect-n20-1,disconnect,1.0,10,127.80000000000018,1,820,1,1,1,1,1,2,1,1,1,True,1,1,0,0,1,1
s06-r1-disconnect-n20-1,6,1,disconnect-n20-1,disconnect,1.0,11,136.0640000000003,1,1000,1,1,1,1,1,2,1,2,1,False,1,1,0,0,0,0
s06-r1-disconnect-n20-1,6,1,disconnect-n20-1,disconnect,1.0,12,152.47199999999975,1,1000,1,1,1,1,1,1,1,1,1,False,1,1,0,1,1,0
s06-r1-disconnect-n20-1,6,1,disconnect-n20-1,disconnect,1.0,13,160.7520000000004,2,872,1,1,1,1,1,2,1,1,1,True,0,0,0,1,0,1
s06-r1-disconnect-n20-1,6,1,disconnect-n20-1,disconnect,1.0,14,192.65599999999995,1,1000,1,1,1,1,1,1,1,1,1,False,1,1,0,1,1,0
s06-r1-disconnect-n20-1,6,1,disconnect-n20-1,disconnect,1.0,15,216.9319999999998,2,703,1,1,1,1,1,2,1,2,1,True,0,0,0,1,1,0
s06-r1-disconnect-n20-1,6,1,disconnect-n20-1,disconnect,1.0,16,241.22000000000023,2,1000,1,2,1,2,1,1,1,1,1,False,1,1,0,0,0,0
s06-r1-disconnect-n20-1,6,1,disconnect-n20-1,disconnect,1.0,17,249.6480000000001,1,620,1,1,1,1,1,1,1,1,1,True,1,1,0,1,1,0
s06-r1-disconnect-n20-1,6,1,disconnect-n20-1,disconnect,1.0,18,258.0159999999996,2,1000,1,1,1,1,1,2,1,2,1,False,0,0,0,1,1,0
s06-r1-disconnect-n20-1,6,1,disconnect-n20-1,disconnect,1.0,19,306.6279999999997,1,1000,1,2,1,2,1,2,1,2,1,False,0,0,0,0,0,0
s06-r1-disconnect-n20-1,6,1,disconnect-n20-1,disconnect,1.0,20,322.65200000000004,2,620,1,1,1,1,1,1,1,1,1,True,0,0,0,0,0,0
s06-r1-disconnect-n20-1,6,1,disconnect-n20-1,disconnect,1.0,21,338.52400000000034,2,620,1,2,1,1,1,1,1,1,1,True,1,0,1,0,0,0
s06-r1-disconnect-n20-1,6,1,disconnect-n20-1,disconnect,1.0,22,362.3360000000002,2,1000,1,1,1,1,1,2,1,2,1,False,0,0,0,1,1,0
s06-r1-disconnect-n20-1,6,1,disconnect-n20-1,disconnect,1.0,23,379.02800000000025,1,1000,1,1,1,1,1,1,1,1,1,False,1,1,0,1,1,0
s06-r1-disconnect-n5-1,6,1,disconnect-n5-1,disconnect,1.0,0,16.684000000000196,2,1000,1,2,1,2,1,2,1,2,1,False,1,1,0,1,1,0
s06-r1-disconnect-n5-1,6,1,disconnect-n5-1,disconnect,1.0,1,24.49200000000019,1,1000,1,1,1,1,1,1,1,1,1,False,1,1,0,1,1,0
s06-r1-disconnect-n5-1,6,1,disconnect-n5-1,disconnect,1.0,2,32.52400000000034,1,1000,1,1,1,1,1,1,1,1,1,False,1,1,0,1,1,0
s06-r1-disconnect-n5-1,6,1,disconnect-n5-1,disconnect,1.0,3,40.96799999999985,2,1000,1,1,1,1,1,1,1,1,1,False,0,0,0,0,0,0
s06-r1-disconnect-n5-1,6,1,disconnect-n5-1,disconnect,1.0,4,64.5600000000004,2,620,1,1,1,1,1,1,1,1,1,True,0,0,0,0,0,0
s06-r1-disconnect-n5-1,6,1,disconnect-n5-1,disconnect,1.0,5,80.17600000000039,1,1000,1,1,1,1,1,1,1,1,1,False,1,1,0,1,1,0
s06-r1-disconnect-n5-1,6,1,disconnect-n5-1,disconnect,1.0,6,87.75600000000031,1,620,1,2,1,1,1,1,1,1,1,True,0,1,1,1,1,0
s06-r1-disconnect-n5-1,6,1,disconnect-n5-1,disconnect,1.0,7,95.64400000000025,1,1000,1,1,1,1,1,1,1,1,1,False,1,1,0,1,1,0
s06-r1-disconnect-n5-1,6,1,disconnect-n5-1,disconnect,1.0,8,111.28799999999956,2,1000,1,1,1,1,1,1,1,1,1,False,0,0,0,0,0,0
s06-r1-disconnect-n5-1,6,1,disconnect-n5-1,disconnect,1.0,9,119.76800000000004,2,1000,1,2,1,2,1,2,1,2,1,False,1,1,0,1,1,0
s06-r1-disconnect-n5-1,6,1,disconnect-n5-1,disconnect,1.0,10,127.80000000000018,1,1000,1,1,1,1,1,1,1,1,1,False,1,1,0,1,1,0
s06-r1-disconnect-n5-1,6,1,disconnect-n5-1,disconnect,1.0,11,136.0640000000003,1,1000,1,1,1,1,1,2,1,2,1,False,1,1,0,0,0,0
s06-r1-disconnect-n5-1,6,1,disconnect-n5-1,disconnect,1.0,12,152.47199999999975,1,1000,1,1,1,1,1,1,1,1,1,False,1,1,0,1,1,0
s06-r1-disconnect-n5-1,6,1,disconnect-n5-1,disconnect,1.0,13,160.7520000000004,2,1000,1,1,1,1,1,1,1,1,1,False,0,0,0,0,0,0
s06-r1-disconnect-n5-1,6,1,disconnect-n5-1,disconnect,1.0,14,192.65599999999995,1,1000,1,1,1,1,1,1,1,1,1,False,1,1,0,1,1,0
s06-r1-disconnect-n5-1,6,1,disconnect-n5-1,disconnect,1.0,15,216.9319999999998,2,1000,1,1,1,1,1,2,1,2,1,False,0,0,0,1,1,0
s06-r1-disconnect-n5-1,6,1,disconnect-n5-1,disconnect,1.0,16,241.22000000000023,2,1000,1,2,1,2,1,1,1,1,1,False,1,1,0,0,0,0
s06-r1-disconnect-n5-1,6,1,disconnect-n5-1,disconnect,1.0,17,249.6480000000001,1,1000,1,1,1,1,1,1,1,1,1,False,1,1,0,1,1,0
s06-r1-disconnect-n5-1,6,1,disconnect-n5-1,disconnect,1.0,18,258.0159999999996,2,1000,1,1,1,1,1,2,1,2,1,False,0,0,0,1,1,0
s06-r1-disconnect-n5-1,6,1,disconnect-n5-1,disconnect,1.0,19,306.6279999999997,1,1000,1,2,1,2,1,2,1,2,1,False,0,0,0,0,0,0
s06-r1-disconnect-n5-1,6,1,disconnect-n5-1,disconnect,1.0,20,322.65200000000004,2,1000,1,1,1,1,1,1,1,1,1,False,0,0,0,0,0,0
s06-r1-disconnect-n5-1,6,1,disconnect-n5-1,disconnect,1.0,21,338.52400000000034,2,1000,1,1,1,1,1,1,1,1,1,False,0,0,0,0,0,0
s06-r1-disconnect-n5-1,6,1,disconnect-n5-1,disconnect,1.0,22,362.3360000000002,2,1000,1,1,1,1,1,2,1,2,1,False,0,0,0,1,1,0
s06-r1-disconnect-n5-1,6,1,disconnect-n5-1,disconnect,1.0,23,379.02800000000025,1,1000,1,1,1,1,1,1,1,1,1,False,1,1,0,1,1,0
s06-r2-disconnect-n10-1,6,2,disconnect-n10-1,disconnect,1.0,0,1.0,1,1000,1,1,1,1,1,1,1,1,1,False,1,1,0,1,1,0
s06-r2-disconnect-n10-1,6,2,disconnect-n10-1,disconnect,1.0,1,9.011999999999716,1,1000,1,1,1,1,1,1,1,1,1,False,1,1,0,1,1,0
s06-r2-disconnect-n10-1,6,2,disconnect-n10-1,disconnect,1.0,2,24.49200000000019,2,1000,1,2,1,2,1,2,1,2,1,False,1,1,0,1,1,0
s06-r2-disconnect-n10-1,6,2,disconnect-n10-1,disconnect,1.0,3,32.52400000000034,1,620,1,1,1,1,1,1,1,1,1,True,1,1,0,1,1,0
s06-r2-disconnect-n10-1,6,2,disconnect-n10-1,disconnect,1.0,4,48.63600000000042,1,1000,1,1,1,1,1,1,1,1,1,False,1,1,0,1,1,0
s06-r2-disconnect-n10-1,6,2,disconnect-n10-1,disconnect,1.0,5,64.5600000000004,2,1000,1,2,1,2,1,1,1,1,1,False,1,1,0,0,0,0
s06-r2-disconnect-n10-1,6,2,disconnect-n10-1,disconnect,1.0,6,80.17600000000039,1,1000,1,1,1,1,1,1,1,1,1,False,1,1,0,1,1,0
s06-r2-disconnect-n10-1,6,2,disconnect-n10-1,disconnect,1.0,7,103.42000000000009,1,1000,1,1,1,1,1,1,1,1,1,False,1,1,0,1,1,0
s06-r2-disconnect-n10-1,6,2,disconnect-n10-1,disconnect,1.0,8,119.76800000000004,2,1000,1,1,1,1,1,2,1,2,1,False,0,0,0,1,1,0
s06-r2-disconnect-n10-1,6,2,disconnect-n10-1,disconnect,1.0,9,160.7520000000004,1,620,1,1,1,1,1,1,1,1,1,True,1,1,0,1,1,0
s06-r2-disconnect-n10-1,6,2,disconnect-n10-1,disconnect,1.0,10,176.72000000000023,2,1000,1,1,1,1,1,1,1,1,1,False,0,0,0,0,0,0
s06-r2-disconnect-n10-1,6,2,disconnect-n10-1,disconnect,1.0,11,192.65599999999995,2,1000,1,1,1,1,1,1,1,1,1,False,0,0,0,0,0,0
s06-r2-disconnect-n10-1,6,2,disconnect-n10-1,disconnect,1.0,12,200.5,1,1000,1,1,1,1,1,1,1,1,1,False,1,1,0,1,1,0
s06-r2-disconnect-n10-1,6,2,disconnect-n10-1,disconnect,1.0,13,216.9319999999998,2,1000,1,1,1,1,1,2,1,2,1,False,0,0,0,1,1,0
s06-r2-disconnect-n10-1,6,2,disconnect-n10-1,disconnect,1.0,14,224.83200000000036,1,1000,1,1,1,1,1,2,1,2,1,False,1,1,0,0,0,0
s06-r2-disconnect-n10-1,6,2,disconnect-n10-1,disconnect,1.0,15,249.6480000000001,1,620,1,1,1,1,1,1,1,2,1,True,1,1,0,1,0,1
s06-r2-disconnect-n10-1,6,2,disconnect-n10-1,disconnect,1.0,16,282.808,2,620,1,1,1,1,1,1,1,2,1,True,0,0,0,0,1,1
s06-r2-disconnect-n10-1,6,2,disconnect-n10-1,disconnect,1.0,17,290.8879999999999,1,1000,1,1,1,1,1,2,1,2,1,False,1,1,0,0,0,0
s06-r2-disconnect-n10-1,6,2,disconnect-n10-1,disconnect,1.0,18,298.77599999999984,2,1000,1,2,1,2,1,2,1,2,1,False,1,1,0,1,1,0
s06-r2-disconnect-n10-1,6,2,disconnect-n10-1,disconnect,1.0,19,314.32800000000043,2,1000,1,1,1,1,1,1,1,1,1,False,0,0,0,0,0,0
s06-r2-disconnect-n10-1,6,2,disconnect-n10-1,disconnect,1.0,20,338.52400000000034,2,1000,1,2,1,2,1,1,1,1,1,False,1,1,0,0,0,0
s06-r2-disconnect-n10-1,6,2,disconnect-n10-1,disconnect,1.0,21,347.0000000000009,2,1000,1,1,1,1,1,2,1,2,1,False,0,0,0,1,1,0
s06-r2-disconnect-n10-1,6,2,disconnect-n10-1,disconnect,1.0,22,354.6240000000007,2,1000,1,2,1,2,1,2,1,2,1,False,1,1,0,1,1,0
s06-r2-disconnect-n10-1,6,2,disconnect-n10-1,disconnect,1.0,23,379.02799999999934,1,1000,1,1,1,1,1,1,1,1,1,False,1,1,0,1,1,0
s06-r2-disconnect-n2-1,6,2,disconnect-n2-1,disconnect,1.0,0,1.0,1,1000,1,1,1,1,1,1,1,1,1,False,1,1,0,1,1,0
s06-r2-disconnect-n2-1,6,2,disconnect-n2-1,disconnect,1.0,1,9.011999999999716,1,1000,1,1,1,1,1,1,1,1,1,False,1,1,0,1,1,0
s06-r2-disconnect-n2-1,6,2,disconnect-n2-1,disconnect,1.0,2,24.49200000000019,2,1000,1,2,1,2,1,2,1,2,1,False,1,1,0,1,1,0
s06-r2-disconnect-n2-1,6,2,disconnect-n2-1,disconnect,1.0,3,32.52400000000034,1,1000,1,1,1,1,1,1,1,1,1,False,1,1,0,1,1,0
s06-r2-disconnect-n2-1,6,2,disconnect-n2-1,disconnect,1.0,4,48.63600000000042,1,1000,1,1,1,1,1,1,1,1,1,False,1,1,0,1,1,0
s06-r2-disconnect-n2-1,6,2,disconnect-n2-1,disconnect,1.0,5,64.5600000000004,2,1000,1,2,1,2,1,1,1,1,1,False,1,1,0,0,0,0
s06-r2-disconnect-n2-1,6,2,disconnect-n2-1,disconnect,1.0,6,80.17600000000039,1,1000,1,1,1,1,1,1,1,1,1,False,1,1,0,1,1,0
s06-r2-disconnect-n2-1,6,2,disconnect-n2-1,disconnect,1.0,7,103.42000000000009,1,1000,1,1,1,1,1,1,1,1,1,False,1,1,0,1,1,0
s06-r2-disconnect-n2-1,6,2,disconnect-n2-1,disconnect,1.0,8,119.76800000000004,2,1000,1,1,1,1,1,2,1,2,1,False,0,0,0,1,1,0
s06-r2-disconnect-n2-1,6,2,disconnect-n2-1,disconnect,1.0,9,160.7520000000004,1,1000,1,1,1,1,1,1,1,1,1,False,1,1,0,1,1,0
s06-r2-disconnect-n2-1,6,2,disconnect-n2-1,disconnect,1.0,10,176.72000000000023,2,1000,1,1,1,1,1,1,1,1,1,False,0,0,0,0,0,0
s06-r2-disconnect-n2-1,6,2,disconnect-n2-1,disconnect,1.0,11,192.65599999999995,2,1000,1,1,1,1,1,1,1,1,1,False,0,0,0,0,0,0
s06-r2-disconnect-n2-1,6,2,disconnect-n2-1,disconnect,1.0,12,200.5,1,1000,1,1,1,1,1,1,1,1,1,False,1,1,0,1,1,0
s06-r2-disconnect-n2-1,6,2,disconnect-n2-1,disconnect,1.0,13,216.9319999999998,2,1000,1,1,1,1,1,2,1,2,1,False,0,0,0,1,1,0
s06-r2-disconnect-n2-1,6,2,disconnect-n2-1,disconnect,1.0,14,224.83200000000036,1,1000,1,1,1,1,1,2,1,2,1,False,1,1,0,0,0,0
s06-r2-disconnect-n2-1,6,2,disconnect-n2-1,disconnect,1.0,15,249.6480000000001,1,1000,1,1,1,1,1,2,1,2,1,False,1,1,0,0,0,0
s06-r2-disconnect-n2-1,6,2,disconnect-n2-1,disconnect,1.0,16,282.808,2,1000,1,1,1,1,1,2,1,2,1,False,0,0,0,1,1,0
s06-r2-disconnect-n2-1,6,2,disconnect-n2-1,disconnect,1.0,17,290.8879999999999,1,1000,1,1,1,1,1,2,1,2,1,False,1,1,0,0,0,0
s06-r2-disconnect-n2-1,6,2,disconnect-n2-1,disconnect,1.0,18,298.77599999999984,2,1000,1,2,1,2,1,2,1,2,1,False,1,1,0,1,1,0
s06-r2-disconnect-n2-1,6,2,disconnect-n2-1,disconnect,1.0,19,314.3279999999995,2,762,1,1,1,1,1,2,1,1,1,True,0,0,0,1,0,1
s06-r2-disconnect-n2-1,6,2,disconnect-n2-1,disconnect,1.0,20,338.52399999999943,2,1000,1,2,1,2,1,1,1,1,1,False,1,1,0,0,0,0
s06-r2-disconnect-n2-1,6,2,disconnect-n2-1,disconnect,1.0,21,347.0,2,1000,1,1,1,1,1,2,1,2,1,False,0,0,0,1,1,0
s06-r2-disconnect-n2-1,6,2,disconnect-n2-1,disconnect,1.0,22,354.6239999999998,2,1000,1,2,1,2,1,2,1,2,1,False,1,1,0,1,1,0
s06-r2-disconnect-n2-1,6,2,disconnect-n2-1,disconnect,1.0,23,379.02800000000025,1,1000,1,1,1,1,1,1,1,1,1,False,1,1,0,1,1,0
s06-r2-disconnect-n20-1,6,2,disconnect-n20-1,disconnect,1.0,0,1.0,1,1000,1,1,1,1,1,1,1,1,1,False,1,1,0,1,1,0
s06-r2-disconnect-n20-1,6,2,disconnect-n20-1,disconnect,1.0,1,9.011999999999716,1,1000,1,1,1,1,1,1,1,1,1,False,1,1,0,1,1,0
s06-r2-disconnect-n20-1,6,2,disconnect-n20-1,disconnect,1.0,2,24.49200000000019,2,620,1,2,1,2,1,2,1,2,1,True,1,1,0,1,1,0
s06-r2-disconnect-n20-1,6,2,disconnect-n20-1,disconnect,1.0,3,32.52400000000034,1,620,1,1,1,1,1,1,1,1,1,True,1,1,0,1,1,0
s06-r2-disconnect-n20-1,6,2,disconnect-n20-1,disconnect,1.0,4,48.63600000000042,1,620,1,1,1,1,1,1,1,1,1,True,1,1,0,1,1,0
s06-r2-disconnect-n20-1,6,2,disconnect-n20-1,disconnect,1.0,5,64.5600000000004,2,1000,1,2,1,2,1,1,1,1,1,False,1,1,0,0,0,0
s06-r2-disconnect-n20-1,6,2,disconnect-n20-1,disconnect,1.0,6,80.17600000000039,1,1000,1,1,1,1,1,1,1,1,1,False,1,1,0,1,1,0
s06-r2-disconnect-n20-1,6,2,disconnect-n20-1,disconnect,1.0,7,103.42000000000009,1,620,1,1,1,1,1,1,1,1,1,True,1,1,0,1,1,0
s06-r2-disconnect-n20-1,6,2,disconnect-n20-1,disconnect,1.0,8,119.76800000000004,2,1000,1,1,1,1,1,2,1,2,1,False,0,0,0,1,1,0
s06-r2-disconnect-n20-1,6,2,disconnect-n20-1,disconnect,1.0,9,160.7520000000004,1,718,1,1,1,1,1,1,1,1,1,True,1,1,0,1,1,0
s06-r2-disconnect-n20-1,6,2,disconnect-n20-1,disconnect,1.0,10,176.72000000000023,2,620,1,1,1,1,1,1,1,1,1,True,0,0,0,0,0,0
s06-r2-disconnect-n20-1,6,2,disconnect-n20-1,disconnect,1.0,11,192.65599999999995,2,620,1,1,1,1,1,1,1,1,1,True,0,0,0,0,0,0
s06-r2-disconnect-n20-1,6,2,disconnect-n20-1,disconnect,1.0,12,200.5,1,1000,1,1,1,1,1,1,1,1,1,False,1,1,0,1,1,0
s06-r2-disconnect-n20-1,6,2,disconnect-n20-1,disconnect,1.0,13,216.9319999999998,2,620,1,1,1,1,1,1,1,2,1,True,0,0,0,0,1,1
s06-r2-disconnect-n20-1,6,2,disconnect-n20-1,disconnect,1.0,14,224.83200000000036,1,1000,1,1,1,1,1,2,1,2,1,False,1,1,0,0,0,0
s06-r2-disconnect-n20-1,6,2,disconnect-n20-1,disconnect,1.0,15,249.6480000000001,1,620,1,1,1,1,1,2,1,2,1,True,1,1,0,0,0,0
s06-r2-disconnect-n20-1,6,2,disconnect-n20-1,disconnect,1.0,16,282.808,2,1000,1,1,1,1,1,2,1,2,1,False,0,0,0,1,1,0
s06-r2-disconnect-n20-1,6,2,disconnect-n20-1,disconnect,1.0,17,290.8879999999999,1,1000,1,1,1,1,1,2,1,2,1,False,1,1,0,0,0,0
s06-r2-disconnect-n20-1,6,2,disconnect-n20-1,disconnect,1.0,18,298.77599999999984,2,1000,1,2,1,2,1,2,1,2,1,False,1,1,0,1,1,0
s06-r2-disconnect-n20-1,6,2,disconnect-n20-1,disconnect,1.0,19,314.32800000000043,2,1000,1,1,1,1,1,1,1,1,1,False,0,0,0,0,0,0
s06-r2-disconnect-n20-1,6,2,disconnect-n20-1,disconnect,1.0,20,338.52400000000034,2,1000,1,2,1,2,1,1,1,1,1,False,1,1,0,0,0,0
s06-r2-disconnect-n20-1,6,2,disconnect-n20-1,disconnect,1.0,21,347.0000000000009,2,1000,1,1,1,1,1,2,1,2,1,False,0,0,0,1,1,0
s06-r2-disconnect-n20-1,6,2,disconnect-n20-1,disconnect,1.0,22,354.6240000000007,2,1000,1,2,1,2,1,2,1,2,1,False,1,1,0,1,1,0
s06-r2-disconnect-n20-1,6,2,disconnect-n20-1,disconnect,1.0,23,379.02799999999934,1,1000,1,1,1,1,1,1,1,1,1,False,1,1,0,1,1,0
s06-r2-disconnect-n5-1,6,2,disconnect-n5-1,disconnect,1.0,0,1.0,1,1000,1,1,1,1,1,1,1,1,1,False,1,1,0,1,1,0
s06-r2-disconnect-n5-1,6,2,disconnect-n5-1,disconnect,1.0,1,9.011999999999716,1,1000,1,1,1,1,1,1,1,1,1,False,1,1,0,1,1,0
s06-r2-disconnect-n5-1,6,2,disconnect-n5-1,disconnect,1.0,2,24.49200000000019,2,1000,1,2,1,2,1,2,1,2,1,False,1,1,0,1,1,0
s06-r2-disconnect-n5-1,6,2,disconnect-n5-1,disconnect,1.0,3,32.52400000000034,1,1000,1,1,1,1,1,1,1,1,1,False,1,1,0,1,1,0
s06-r2-disconnect-n5-1,6,2,disconnect-n5-1,disconnect,1.0,4,48.63600000000042,1,1000,1,1,1,1,1,1,1,1,1,False,1,1,0,1,1,0
s06-r2-disconnect-n5-1,6,2,disconnect-n5-1,disconnect,1.0,5,64.5600000000004,2,1000,1,2,1,2,1,1,1,1,1,False,1,1,0,0,0,0
s06-r2-disconnect-n5-1,6,2,disconnect-n5-1,disconnect,1.0,6,80.17600000000039,1,1000,1,1,1,1,1,1,1,1,1,False,1,1,0,1,1,0
s06-r2-disconnect-n5-1,6,2,disconnect-n5-1,disconnect,1.0,7,103.42000000000009,1,1000,1,1,1,1,1,1,1,1,1,False,1,1,0,1,1,0
s06-r2-disconnect-n5-1,6,2,disconnect-n5-1,disconnect,1.0,8,119.76800000000004,2,1000,1,1,1,1,1,2,1,2,1,False,0,0,0,1,1,0
s06-r2-disconnect-n5-1,6,2,disconnect-n5-1,disconnect,1.0,9,160.7520000000004,1,1000,1,1,1,1,1,1,1,1,1,False,1,1,0,1,1,0
s06-r2-disconnect-n5-1,6,2,disconnect-n5-1,disconnect,1.0,10,176.72000000000023,2,1000,1,1,1,1,1,1,1,1,1,False,0,0,0,0,0,0
s06-r2-disconnect-n5-1,6,2,disconnect-n5-1,disconnect,1.0,11,192.65599999999995,2,1000,1,1,1,1,1,1,1,1,1,False,0,0,0,0,0,0
s06-r2-disconnect-n5-1,6,2,disconnect-n5-1,disconnect,1.0,12,200.5,1,1000,1,1,1,1,1,1,1,1,1,False,1,1,0,1,1,0
s06-r2-disconnect-n5-1,6,2,disconnect-n5-1,disconnect,1.0,13,216.9319999999998,2,1000,1,1,1,1,1,2,1,2,1,False,0,0,0,1,1,0
s06-r2-disconnect-n5-1,6,2,disconnect-n5-1,disconnect,1.0,14,224.83200000000036,1,1000,1,1,1,1,1,2,1,2,1,False,1,1,0,0,0,0
s06-r2-disconnect-n5-1,6,2,disconnect-n5-1,disconnect,1.0,15,249.6480000000001,1,1000,1,1,1,1,1,2,1,2,1,False,1,1,0,0,0,0
s06-r2-disconnect-n5-1,6,2,disconnect-n5-1,disconnect,1.0,16,282.808,2,1000,1,1,1,1,1,2,1,2,1,False,0,0,0,1,1,0
s06-r2-disconnect-n5-1,6,2,disconnect-n5-1,disconnect,1.0,17,290.8879999999999,1,1000,1,1,1,1,1,2,1,2,1,False,1,1,0,0,0,0
s06-r2-disconnect-n5-1,6,2,disconnect-n5-1,disconnect,1.0,18,298.77599999999984,2,1000,1,2,1,2,1,2,1,2,1,False,1,1,0,1,1,0
s06-r2-disconnect-n5-1,6,2,disconnect-n5-1,disconnect,1.0,19,314.3279999999995,2,1000,1,1,1,1,1,1,1,1,1,False,0,0,0,0,0,0
s06-r2-disconnect-n5-1,6,2,disconnect-n5-1,disconnect,1.0,20,338.52399999999943,2,1000,1,2,1,2,1,1,1,1,1,False,1,1,0,0,0,0
s06-r2-disconnect-n5-1,6,2,disconnect-n5-1,disconnect,1.0,21,347.0,2,1000,1,1,1,1,1,2,1,2,1,False,0,0,0,1,1,0
s06-r2-disconnect-n5-1,6,2,disconnect-n5-1,disconnect,1.0,22,354.6239999999998,2,1000,1,2,1,2,1,2,1,2,1,False,1,1,0,1,1,0
s06-r2-disconnect-n5-1,6,2,disconnect-n5-1,disconnect,1.0,23,379.02800000000025,1,1000,1,1,1,1,1,1,1,1,1,False,1,1,0,1,1,0
s06-r3-disconnect-n10-1,6,3,disconnect-n10-1,disconnect,1.0,0,1.0,2,1000,1,2,1,2,1,1,1,1,1,False,1,1,0,0,0,0
s06-r3-disconnect-n10-1,6,3,disconnect-n10-1,disconnect,1.0,1,16.683999999999287,1,1000,1,1,1,1,1,1,1,1,1,False,1,1,0,1,1,0
s06-r3-disconnect-n10-1,6,3,disconnect-n10-1,disconnect,1.0,2,48.63600000000042,1,1000,1,1,1,1,1,1,1,1,1,False,1,1,0,1,1,0
s06-r3-disconnect-n10-1,6,3,disconnect-n10-1,disconnect,1.0,3,56.83599999999933,1,869,1,1,1,1,1,1,1,1,1,True,1,1,0,1,1,0
s06-r3-disconnect-n10-1,6,3,disconnect-n10-1,disconnect,1.0,4,72.55199999999968,2,1000,1,2,1,2,1,1,1,1,1,False,1,1,0,0,0,0
s06-r3-disconnect-n10-1,6,3,disconnect-n10-1,disconnect,1.0,5,103.42000000000009,2,1000,1,1,1,1,1,2,1,2,1,False,0,0,0,1,1,0
s06-r3-disconnect-n10-1,6,3,disconnect-n10-1,disconnect,1.0,6,111.28800000000048,1,1000,1,1,1,1,1,2,1,2,1,False,1,1,0,0,0,0
s06-r3-disconnect-n10-1,6,3,disconnect-n10-1,disconnect,1.0,7,127.79999999999929,2,1000,1,1,1,1,1,2,1,2,1,False,0,0,0,1,1,0
s06-r3-disconnect-n10-1,6,3,disconnect-n10-1,disconnect,1.0,8,144.20800000000054,1,1000,1,1,1,1,1,2,1,2,1,False,1,1,0,0,0,0
s06-r3-disconnect-n10-1,6,3,disconnect-n10-1,disconnect,1.0,9,169.07200000000012,2,1000,1,1,1,1,1,1,1,1,1,False,0,0,0,0,0,0
s06-r3-disconnect-n10-1,6,3,disconnect-n10-1,disconnect,1.0,10,192.6560000000009,1,1000,1,1,1,1,1,1,1,1,1,False,1,1,0,1,1,0
s06-r3-disconnect-n10-1,6,3,disconnect-n10-1,disconnect,1.0,11,200.5,2,995,1,1,1,1,1,2,1,2,1,True,0,0,0,1,1,0
s06-r3-disconnect-n10-1,6,3,disconnect-n10-1,disconnect,1.0,12,208.9159999999993,2,1000,1,1,1,1,1,1,1,1,1,False,0,0,0,0,0,0
s06-r3-disconnect-n10-1,6,3,disconnect-n10-1,disconnect,1.0,13,232.9359999999997,2,704,1,1,1,2,1,2,1,2,1,True,0,1,1,1,1,0
s06-r3-disconnect-n10-1,6,3,disconnect-n10-1,disconnect,1.0,14,241.21999999999932,1,1000,1,1,1,1,1,1,1,1,1,False,1,1,0,1,1,0
s06-r3-disconnect-n10-1,6,3,disconnect-n10-1,disconnect,1.0,15,249.64799999999923,1,1000,1,1,1,1,1,1,1,1,1,False,1,1,0,1,1,0
s06-r3-disconnect-n10-1,6,3,disconnect-n10-1,disconnect,1.0,16,266.3799999999992,2,1000,1,1,1,1,1,1,1,1,1,False,0,0,0,0,0,0
s06-r3-disconnect-n10-1,6,3,disconnect-n10-1,disconnect,1.0,17,274.5519999999997,1,1000,1,1,1,1,1,1,1,1,1,False,1,1,0,1,1,0
s06-r3-disconnect-n10-1,6,3,disconnect-n10-1,disconnect,1.0,18,290.88800000000083,2,1000,1,1,1,1,1,2,1,2,1,False,0,0,0,1,1,0
s06-r3-disconnect-n10-1,6,3,disconnect-n10-1,disconnect,1.0,19,298.77599999999984,2,1000,1,2,1,2,1,2,1,2,1,False,1,1,0,1,1,0
s06-r3-disconnect-n10-1,6,3,disconnect-n10-1,disconnect,1.0,20,314.3279999999995,1,620,1,1,1,1,1,1,1,1,1,True,1,1,0,1,1,0
s06-r3-disconnect-n10-1,6,3,disconnect-n10-1,disconnect,1.0,21,362.3359999999993,1,1000,1,1,1,1,1,1,1,1,1,False,1,1,0,1,1,0
s06-r3-disconnect-n10-1,6,3,disconnect-n10-1,disconnect,1.0,22,370.79199999999946,2,1000,1,2,1,2,1,2,1,2,1,False,1,1,0,1,1,0
s06-r3-disconnect-n10-1,6,3,disconnect-n10-1,disconnect,1.0,23,379.02800000000025,1,1000,1,1,1,1,1,1,1,1,1,False,1,1,0,1,1,0
s06-r3-disconnect-n2-1,6,3,disconnect-n2-1,disconnect,1.0,0,1.0,2,1000,1,2,1,2,1,1,1,1,1,False,1,1,0,0,0,0
s06-r3-disconnect-n2-1,6,3,disconnect-n2-1,disconnect,1.0,1,16.683999999999287,1,1000,1,1,1,1,1,1,1,1,1,False,1,1,0,1,1,0
s06-r3-disconnect-n2-1,6,3,disconnect-n2-1,disconnect,1.0,2,48.63600000000042,1,1000,1,1,1,1,1,1,1,1,1,False,1,1,0,1,1,0
s06-r3-disconnect-n2-1,6,3,disconnect-n2-1,disconnect,1.0,3,56.83599999999933,1,1000,1,1,1,1,1,1,1,1,1,False,1,1,0,1,1,0
s06-r3-disconnect-n2-1,6,3,disconnect-n2-1,disconnect,1.0,4,72.55199999999968,2,1000,1,2,1,2,1,1,1,1,1,False,1,1,0,0,0,0
s06-r3-disconnect-n2-1,6,3,disconnect-n2-1,disconnect,1.0,5,103.42000000000009,2,1000,1,1,1,1,1,2,1,2,1,False,0,0,0,1,1,0
s06-r3-disconnect-n2-1,6,3,disconnect-n2-1,disconnect,1.0,6,111.28800000000048,1,1000,1,1,1,1,1,2,1,2,1,False,1,1,0,0,0,0
s06-r3-disconnect-n2-1,6,3,disconnect-n2-1,disconnect,1.0,7,127.79999999999929,2,1000,1,1,1,1,1,2,1,2,1,False,0,0,0,1,1,0
s06-r3-disconnect-n2-1,6,3,disconnect-n2-1,disconnect,1.0,8,144.20800000000054,1,1000,1,1,1,1,1,2,1,2,1,False,1,1,0,0,0,0
s06-r3-disconnect-n2-1,6,3,disconnect-n2-1,disconnect,1.0,9,169.07200000000012,2,1000,1,1,1,1,1,1,1,1,1,False,0,0,0,0,0,0
s06-r3-disconnect-n2-1,6,3,disconnect-n2-1,disconnect,1.0,10,192.6560000000009,1,1000,1,1,1,1,1,1,1,1,1,False,1,1,0,1,1,0
s06-r3-disconnect-n2-1,6,3,disconnect-n2-1,disconnect,1.0,11,200.5,2,1000,1,1,1,1,1,2,1,2,1,False,0,0,0,1,1,0
s06-r3-disconnect-n2-1,6,3,disconnect-n2-1,disconnect,1.0,12,208.9159999999993,2,1000,1,1,1,1,1,1,1,1,1,False,0,0,0,0,0,0
s06-r3-disconnect-n2-1,6,3,disconnect-n2-1,disconnect,1.0,13,232.9359999999997,2,1000,1,2,1,2,1,2,1,2,1,False,1,1,0,1,1,0
s06-r3-disconnect-n2-1,6,3,disconnect-n2-1,disconnect,1.0,14,241.21999999999932,1,1000,1,1,1,1,1,1,1,1,1,False,1,1,0,1,1,0
s06-r3-disconnect-n2-1,6,3,disconnect-n2-1,disconnect,1.0,15,249.64799999999923,1,1000,1,1,1,1,1,1,1,1,1,False,1,1,0,1,1,0
s06-r3-disconnect-n2-1,6,3,disconnect-n2-1,disconnect,1.0,16,266.3799999999992,2,1000,1,1,1,1,1,1,1,1,1,False,0,0,0,0,0,0
s06-r3-disconnect-n2-1,6,3,disconnect-n2-1,disconnect,1.0,17,274.5519999999997,1,1000,1,1,1,1,1,1,1,1,1,False,1,1,0,1,1,0
s06-r3-disconnect-n2-1,6,3,disconnect-n2-1,disconnect,1.0,18,290.88800000000083,2,1000,1,1,1,1,1,2,1,2,1,False,0,0,0,1,1,0
s06-r3-disconnect-n2-1,6,3,disconnect-n2-1,disconnect,1.0,19,298.77599999999984,2,1000,1,2,1,2,1,2,1,2,1,False,1,1,0,1,1,0
s06-r3-disconnect-n2-1,6,3,disconnect-n2-1,disconnect,1.0,20,314.3279999999995,1,1000,1,1,1,1,1,1,1,1,1,False,1,1,0,1,1,0
s06-r3-disconnect-n2-1,6,3,disconnect-n2-1,disconnect,1.0,21,362.3359999999993,1,1000,1,1,1,1,1,1,1,1,1,False,1,1,0,1,1,0
s06-r3-disconnect-n2-1,6,3,disconnect-n2-1,disconnect,1.0,22,370.79199999999946,2,1000,1,2,1,2,1,2,1,2,1,False,1,1,0,1,1,0
s06-r3-disconnect-n2-1,6,3,disconnect-n2-1,disconnect,1.0,23,379.02800000000025,1,1000,1,1,1,1,1,1,1,1,1,False,1,1,0,1,1,0
s06-r3-disconnect-n20-1,6,3,disconnect-n20-1,disconnect,1.0,0,1.0,2,1000,1,2,1,2,1,1,1,1,1,False,1,1,0,0,0,0
s06-r3-disconnect-n20-1,6,3,disconnect-n20-1,disconnect,1.0,1,16.683999999999287,1,1000,1,1,1,1,1,1,1,1,1,False,1,1,0,1,1,0
s06-r3-disconnect-n20-1,6,3,disconnect-n20-1,disconnect,1.0,2,48.63600000000042,1,620,1,2,1,1,1,1,1,1,1,True,0,1,1,1,1,0
s06-r3-disconnect-n20-1,6,3,disconnect-n20-1,disconnect,1.0,3,56.83599999999933,1,1000,1,1,1,1,1,1,1,1,1,False,1,1,0,1,1,0
s06-r3-disconnect-n20-1,6,3,disconnect-n20-1,disconnect,1.0,4,72.55199999999968,2,1000,1,2,1,2,1,1,1,1,1,False,1,1,0,0,0,0
s06-r3-disconnect-n20-1,6,3,disconnect-n20-1,disconnect,1.0,5,103.42000000000009,2,1000,1,1,1,1,1,2,1,2,1,False,0,0,0,1,1,0
s06-r3-disconnect-n20-1,6,3,disconnect-n20-1,disconnect,1.0,6,111.28800000000048,1,620,1,1,1,1,1,1,1,2,1,True,1,1,0,1,0,1
s06-r3-disconnect-n20-1,6,3,disconnect-n20-1,disconnect,1.0,7,127.79999999999929,2,620,1,1,1,1,1,2,1,2,1,True,0,0,0,1,1,0
s06-r3-disconnect-n20-1,6,3,disconnect-n20-1,disconnect,1.0,8,144.20800000000054,1,1000,1,1,1,1,1,2,1,2,1,False,1,1,0,0,0,0
s06-r3-disconnect-n20-1,6,3,disconnect-n20-1,disconnect,1.0,9,169.07200000000012,2,1000,1,1,1,1,1,1,1,1,1,False,0,0,0,0,0,0
s06-r3-disconnect-n20-1,6,3,disconnect-n20-1,disconnect,1.0,10,192.6560000000009,1,1000,1,1,1,1,1,1,1,1,1,False,1,1,0,1,1,0
s06-r3-disconnect-n20-1,6,3,disconnect-n20-1,disconnect,1.0,11,200.5,2,1000,1,1,1,1,1,2,1,2,1,False,0,0,0,1,1,0
s06-r3-disconnect-n20-1,6,3,disconnect-n20-1,disconnect,1.0,12,208.9159999999993,2,841,1,1,1,1,1,1,1,1,1,True,0,0,0,0,0,0
s06-r3-disconnect-n20-1,6,3,disconnect-n20-1,disconnect,1.0,13,232.9359999999997,2,1000,1,2,1,2,1,2,1,2,1,False,1,1,0,1,1,0
s06-r3-disconnect-n20-1,6,3,disconnect-n20-1,disconnect,1.0,14,241.21999999999932,1,1000,1,1,1,1,1,1,1,1,1,False,1,1,0,1,1,0
s06-r3-disconnect-n20-1,6,3,disconnect-n20-1,disconnect,1.0,15,249.64799999999923,1,928,1,1,1,1,1,1,1,1,1,True,1,1,0,1,1,0
s06-r3-disconnect-n20-1,6,3,disconnect-n20-1,disconnect,1.0,16,266.3799999999992,2,1000,1,1,1,1,1,1,1,1,1,False,0,0,0,0,0,0
s06-r3-disconnect-n20-1,6,3,disconnect-n20-1,disconnect,1.0,17,274.5519999999997,1,1000,1,1,1,1,1,1,1,1,1,False,1,1,0,1,1,0
s06-r3-disconnect-n20-1,6,3,disconnect-n20-1,disconnect,1.0,18,290.88800000000083,2,1000,1,1,1,1,1,2,1,2,1,False,0,0,0,1,1,0
s06-r3-disconnect-n20-1,6,3,disconnect-n20-1,disconnect,1.0,19,298.77599999999984,2,620,1,1,1,2,1,2,1,2,1,True,0,1,1,1,1,0
s06-r3-disconnect-n20-1,6,3,disconnect-n20-1,disconnect,1.0,20,314.3279999999995,1,1000,1,1,1,1,1,1,1,1,1,False,1,1,0,1,1,0
s06-r3-disconnect-n20-1,6,3,disconnect-n20-1,disconnect,1.0,21,362.3359999999993,1,1000,1,1,1,1,1,1,1,1,1,False,1,1,0,1,1,0
s06-r3-disconnect-n20-1,6,3,disconnect-n20-1,disconnect,1.0,22,370.79199999999946,2,1000,1,2,1,2,1,2,1,2,1,False,1,1,0,1,1,0
s06-r3-disconnect-n20-1,6,3,disconnect-n20-1,disconnect,1.0,23,379.02800000000025,1,1000,1,1,1,1,1,1,1,1,1,False,1,1,0,1,1,0
s06-r3-disconnect-n5-1,6,3,disconnect-n5-1,disconnect,1.0,0,1.0,2,1000,1,2,1,2,1,1,1,1,1,False,1,1,0,0,0,0
s06-r3-disconnect-n5-1,6,3,disconnect-n5-1,disconnect,1.0,1,16.683999999999287,1,1000,1,1,1,1,1,1,1,1,1,False,1,1,0,1,1,0
s06-r3-disconnect-n5-1,6,3,disconnect-n5-1,disconnect,1.0,2,48.63600000000042,1,1000,1,1,1,1,1,1,1,1,1,False,1,1,0,1,1,0
s06-r3-disconnect-n5-1,6,3,disconnect-n5-1,disconnect,1.0,3,56.83599999999933,1,1000,1,1,1,1,1,1,1,1,1,False,1,1,0,1,1,0
s06-r3-disconnect-n5-1,6,3,disconnect-n5-1,disconnect,1.0,4,72.55199999999968,2,1000,1,2,1,2,1,1,1,1,1,False,1,1,0,0,0,0
s06-r3-disconnect-n5-1,6,3,disconnect-n5-1,disconnect,1.0,5,103.42000000000009,2,1000,1,1,1,1,1,2,1,2,1,False,0,0,0,1,1,0
s06-r3-disconnect-n5-1,6,3,disconnect-n5-1,disconnect,1.0,6,111.28800000000048,1,1000,1,1,1,1,1,2,1,2,1,False,1,1,0,0,0,0
s06-r3-disconnect-n5-1,6,3,disconnect-n5-1,disconnect,1.0,7,127.79999999999929,2,1000,1,1,1,1,1,2,1,2,1,False,0,0,0,1,1,0
s06-r3-disconnect-n5-1,6,3,disconnect-n5-1,disconnect,1.0,8,144.20800000000054,1,1000,1,1,1,1,1,2,1,2,1,False,1,1,0,0,0,0
s06-r3-disconnect-n5-1,6,3,disconnect-n5-1,disconnect,1.0,9,169.07200000000012,2,1000,1,1,1,1,1,1,1,1,1,False,0,0,0,0,0,0
s06-r3-disconnect-n5-1,6,3,disconnect-n5-1,disconnect,1.0,10,192.6560000000009,1,1000,1,1,1,1,1,1,1,1,1,False,1,1,0,1,1,0
s06-r3-disconnect-n5-1,6,3,disconnect-n5-1,disconnect,1.0,11,200.5,2,1000,1,1,1,1,1,2,1,2,1,False,0,0,0,1,1,0
s06-r3-disconnect-n5-1,6,3,disconnect-n5-1,disconnect,1.0,12,208.9159999999993,2,1000,1,1,1,1,1,1,1,1,1,False,0,0,0,0,0,0
s06-r3-disconnect-n5-1,6,3,disconnect-n5-1,disconnect,1.0,13,232.9359999999997,2,1000,1,2,1,2,1,2,1,2,1,False,1,1,0,1,1,0
s06-r3-disconnect-n5-1,6,3,disconnect-n5-1,disconnect,1.0,14,241.21999999999932,1,1000,1,1,1,1,1,1,1,1,1,False,1,1,0,1,1,0
s06-r3-disconnect-n5-1,6,3,disconnect-n5-1,disconnect,1.0,15,249.64799999999923,1,1000,1,1,1,1,1,1,1,1,1,False,1,1,0,1,1,0
s06-r3-disconnect-n5-1,6,3,disconnect-n5-1,disconnect,1.0,16,266.3799999999992,2,1000,1,1,1,1,1,1,1,1,1,False,0,0,0,0,0,0
s06-r3-disconnect-n5-1,6,3,disconnect-n5-1,disconnect,1.0,17,274.5519999999997,1,1000,1,1,1,1,1,1,1,1,1,False,1,1,0,1,1,0
s06-r3-disconnect-n5-1,6,3,disconnect-n5-1,disconnect,1.0,18,290.88800000000083,2,1000,1,1,1,1,1,2,1,2,1,False,0,0,0,1,1,0
s06-r3-disconnect-n5-1,6,3,disconnect-n5-1,disconnect,1.0,19,298.77599999999984,2,1000,1,2,1,2,1,2,1,2,1,False,1,1,0,1,1,0
s06-r3-disconnect-n5-1,6,3,disconnect-n5-1,disconnect,1.0,20,314.3279999999995,1,1000,1,1,1,1,1,1,1,1,1,False,1,1,0,1,1,0
s06-r3-disconnect-n5-1,6,3,disconnect-n5-1,disconnect,1.0,21,362.3359999999993,1,1000,1,1,1,1,1,1,1,1,1,False,1,1,0,1,1,0
s06-r3-disconnect-n5-1,6,3,disconnect-n5-1,disconnect,1.0,22,370.79199999999946,2,1000,1,2,1,2,1,2,1,2,1,False,1,1,0,1,1,0
s06-r3-disconnect-n5-1,6,3,disconnect-n5-1,disconnect,1.0,23,379.02800000000025,1,1000,1,1,1,1,1,1,1,1,1,False,1,1,0,1,1,0
s06-r4-disconnect-n10-1,6,4,disconnect-n10-1,disconnect,1.0,0,1.0,2,1000,1,1,1,1,1,2,1,2,1,False,0,0,0,1,1,0
s06-r4-disconnect-n10-1,6,4,disconnect-n10-1,disconnect,1.0,1,9.012000000000626,1,1000,1,1,1,1,1,2,1,2,1,False,1,1,0,0,0,0
s06-r4-disconnect-n10-1,6,4,disconnect-n10-1,disconnect,1.0,2,16.683999999999287,1,1000,1,1,1,1,1,1,1,1,1,False,1,1,0,1,1,0
s06-r4-disconnect-n10-1,6,4,disconnect-n10-1,disconnect,1.0,3,40.96800000000076,2,1000,1,1,1,1,1,1,1,1,1,False,0,0,0,0,0,0
s06-r4-disconnect-n10-1,6,4,disconnect-n10-1,disconnect,1.0,4,64.55999999999949,1,1000,1,1,1,1,1,1,1,1,1,False,1,1,0,1,1,0
s06-r4-disconnect-n10-1,6,4,disconnect-n10-1,disconnect,1.0,5,80.17599999999948,1,1000,1,1,1,1,1,1,1,1,1,False,1,1,0,1,1,0
s06-r4-disconnect-n10-1,6,4,disconnect-n10-1,disconnect,1.0,6,87.7559999999994,1,1000,1,1,1,1,1,1,1,1,1,False,1,1,0,1,1,0
s06-r4-disconnect-n10-1,6,4,disconnect-n10-1,disconnect,1.0,7,95.64400000000025,2,1000,1,2,1,2,1,2,1,2,1,False,1,1,0,1,1,0
s06-r4-disconnect-n10-1,6,4,disconnect-n10-1,disconnect,1.0,8,119.76800000000004,2,620,1,1,1,1,1,2,1,2,1,True,0,0,0,1,1,0
s06-r4-disconnect-n10-1,6,4,disconnect-n10-1,disconnect,1.0,9,169.07200000000012,2,620,1,1,1,1,1,2,1,2,1,True,0,0,0,1,1,0
s06-r4-disconnect-n10-1,6,4,disconnect-n10-1,disconnect,1.0,10,176.71999999999937,2,1000,1,1,1,1,1,2,1,2,1,False,0,0,0,1,1,0
s06-r4-disconnect-n10-1,6,4,disconnect-n10-1,disconnect,1.0,11,192.6560000000009,1,1000,1,1,1,1,1,2,1,2,1,False,1,1,0,0,0,0
s06-r4-disconnect-n10-1,6,4,disconnect-n10-1,disconnect,1.0,12,200.5,2,1000,1,1,1,1,1,1,1,1,1,False,0,0,0,0,0,0
s06-r4-disconnect-n10-1,6,4,disconnect-n10-1,disconnect,1.0,13,208.9159999999993,2,1000,1,1,1,1,1,1,1,1,1,False,0,0,0,0,0,0
s06-r4-disconnect-n10-1,6,4,disconnect-n10-1,disconnect,1.0,14,216.9320000000007,2,1000,1,1,1,1,1,2,1,2,1,False,0,0,0,1,1,0
s06-r4-disconnect-n10-1,6,4,disconnect-n10-1,disconnect,1.0,15,241.21999999999932,1,1000,1,1,1,1,1,1,1,1,1,False,1,1,0,1,1,0
s06-r4-disconnect-n10-1,6,4,disconnect-n10-1,disconnect,1.0,16,258.0159999999996,1,1000,1,1,1,1,1,1,1,1,1,False,1,1,0,1,1,0
s06-r4-disconnect-n10-1,6,4,disconnect-n10-1,disconnect,1.0,17,274.5519999999997,1,1000,1,1,1,1,1,1,1,1,1,False,1,1,0,1,1,0
s06-r4-disconnect-n10-1,6,4,disconnect-n10-1,disconnect,1.0,18,290.88800000000083,1,1000,1,2,1,2,1,1,1,1,1,False,0,0,0,1,1,0
s06-r4-disconnect-n10-1,6,4,disconnect-n10-1,disconnect,1.0,19,306.6280000000006,1,1000,1,2,1,2,1,1,1,1,1,False,0,0,0,1,1,0
s06-r4-disconnect-n10-1,6,4,disconnect-n10-1,disconnect,1.0,20,314.3279999999995,2,1000,1,1,1,1,1,1,1,1,1,False,0,0,0,0,0,0
s06-r4-disconnect-n10-1,6,4,disconnect-n10-1,disconnect,1.0,21,347.0,1,1000,1,1,1,1,1,1,1,1,1,False,1,1,0,1,1,0
s06-r4-disconnect-n10-1,6,4,disconnect-n10-1,disconnect,1.0,22,354.6239999999998,2,1000,1,1,1,1,1,2,1,2,1,False,0,0,0,1,1,0
s06-r4-disconnect-n10-1,6,4,disconnect-n10-1,disconnect,1.0,23,370.79199999999946,2,1000,1,2,1,2,1,2,1,2,1,False,1,1,0,1,1,0
s06-r4-disconnect-n2-1,6,4,disconnect-n2-1,disconnect,1.0,0,1.0,2,1000,1,1,1,1,1,2,1,2,1,False,0,0,0,1,1,0
s06-r4-disconnect-n2-1,6,4,disconnect-n2-1,disconnect,1.0,1,9.012000000000626,1,1000,1,1,1,1,1,2,1,2,1,False,1,1,0,0,0,0
s06-r4-disconnect-n2-1,6,4,disconnect-n2-1,disconnect,1.0,2,16.683999999999287,1,639,1,1,1,1,1,1,1,1,1,True,1,1,0,1,1,0
s06-r4-disconnect-n2-1,6,4,disconnect-n2-1,disconnect,1.0,3,40.96800000000076,2,1000,1,1,1,1,1,1,1,1,1,False,0,0,0,0,0,0
s06-r4-disconnect-n2-1,6,4,disconnect-n2-1,disconnect,1.0,4,64.55999999999949,1,1000,1,1,1,1,1,1,1,1,1,False,1,1,0,1,1,0
s06-r4-disconnect-n2-1,6,4,disconnect-n2-1,disconnect,1.0,5,80.17599999999948,1,1000,1,1,1,1,1,1,1,1,1,False,1,1,0,1,1,0
s06-r4-disconnect-n2-1,6,4,disconnect-n2-1,disconnect,1.0,6,87.7559999999994,1,1000,1,1,1,1,1,1,1,1,1,False,1,1,0,1,1,0
s06-r4-disconnect-n2-1,6,4,disconnect-n2-1,disconnect,1.0,7,95.64400000000025,2,1000,1,2,1,2,1,2,1,2,1,False,1,1,0,1,1,0
s06-r4-disconnect-n2-1,6,4,disconnect-n2-1,disconnect,1.0,8,119.76800000000004,2,1000,1,1,1,1,1,2,1,2,1,False,0,0,0,1,1,0
s06-r4-disconnect-n2-1,6,4,disconnect-n2-1,disconnect,1.0,9,169.07200000000012,2,1000,1,1,1,1,1,2,1,2,1,False,0,0,0,1,1,0
s06-r4-disconnect-n2-1,6,4,disconnect-n2-1,disconnect,1.0,10,176.71999999999937,2,1000,1,1,1,1,1,2,1,2,1,False,0,0,0,1,1,0
s06-r4-disconnect-n2-1,6,4,disconnect-n2-1,disconnect,1.0,11,192.6560000000009,1,1000,1,1,1,1,1,2,1,2,1,False,1,1,0,0,0,0
s06-r4-disconnect-n2-1,6,4,disconnect-n2-1,disconnect,1.0,12,200.5,2,1000,1,1,1,1,1,1,1,1,1,False,0,0,0,0,0,0
s06-r4-disconnect-n2-1,6,4,disconnect-n2-1,disconnect,1.0,13,208.9159999999993,2,1000,1,1,1,1,1,1,1,1,1,False,0,0,0,0,0,0
s06-r4-disconnect-n2-1,6,4,disconnect-n2-1,disconnect,1.0,14,216.9320000000007,2,1000,1,1,1,1,1,2,1,2,1,False,0,0,0,1,1,0
s06-r4-disconnect-n2-1,6,4,disconnect-n2-1,disconnect,1.0,15,241.21999999999932,1,1000,1,1,1,1,1,1,1,1,1,False,1,1,0,1,1,0
s06-r4-disconnect-n2-1,6,4,disconnect-n2-1,disconnect,1.0,16,258.0159999999996,1,1000,1,1,1,1,1,1,1,1,1,False,1,1,0,1,1,0
s06-r4-disconnect-n2-1,6,4,disconnect-n2-1,disconnect,1.0,17,274.5519999999997,1,1000,1,1,1,1,1,1,1,1,1,False,1,1,0,1,1,0
s06-r4-disconnect-n2-1,6,4,disconnect-n2-1,disconnect,1.0,18,290.88800000000083,1,1000,1,2,1,2,1,1,1,1,1,False,0,0,0,1,1,0
s06-r4-disconnect-n2-1,6,4,disconnect-n2-1,disconnect,1.0,19,306.6280000000006,1,1000,1,2,1,2,1,1,1,1,1,False,0,0,0,1,1,0
s06-r4-disconnect-n2-1,6,4,disconnect-n2-1,disconnect,1.0,20,314.3279999999995,2,1000,1,1,1,1,1,1,1,1,1,False,0,0,0,0,0,0
s06-r4-disconnect-n2-1,6,4,disconnect-n2-1,disconnect,1.0,21,347.0,1,1000,1,1,1,1,1,1,1,1,1,False,1,1,0,1,1,0
s06-r4-disconnect-n2-1,6,4,disconnect-n2-1,disconnect,1.0,22,354.6239999999998,2,1000,1,1,1,1,1,2,1,2,1,False,0,0,0,1,1,0
s06-r4-disconnect-n2-1,6,4,disconnect-n2-1,disconnect,1.0,23,370.79199999999946,2,1000,1,2,1,2,1,2,1,2,1,False,1,1,0,1,1,0
s06-r4-disconnect-n20-1,6,4,disconnect-n20-1,disconnect,1.0,0,1.0,2,1000,1,1,1,1,1,2,1,2,1,False,0,0,0,1,1,0
s06-r4-disconnect-n20-1,6,4,disconnect-n20-1,disconnect,1.0,1,9.012000000000626,1,1000,1,1,1,1,1,2,1,2,1,False,1,1,0,0,0,0
s06-r4-disconnect-n20-1,6,4,disconnect-n20-1,disconnect,1.0,2,16.683999999999287,1,1000,1,1,1,1,1,1,1,1,1,False,1,1,0,1,1,0
s06-r4-disconnect-n20-1,6,4,disconnect-n20-1,disconnect,1.0,3,40.96800000000076,2,1000,1,1,1,1,1,1,1,1,1,False,0,0,0,0,0,0
s06-r4-disconnect-n20-1,6,4,disconnect-n20-1,disconnect,1.0,4,64.55999999999949,1,1000,1,1,1,1,1,1,1,1,1,False,1,1,0,1,1,0
s06-r4-disconnect-n20-1,6,4,disconnect-n20-1,disconnect,1.0,5,80.17599999999948,1,1000,1,1,1,1,1,1,1,1,1,False,1,1,0,1,1,0
s06-r4-disconnect-n20-1,6,4,disconnect-n20-1,disconnect,1.0,6,87.7559999999994,1,969,1,1,1,1,1,1,1,1,1,True,1,1,0,1,1,0
s06-r4-disconnect-n20-1,6,4,disconnect-n20-1,disconnect,1.0,7,95.64400000000025,2,1000,1,2,1,2,1,2,1,2,1,False,1,1,0,1,1,0
s06-r4-disconnect-n20-1,6,4,disconnect-n20-1,disconnect,1.0,8,119.76800000000004,2,1000,1,1,1,1,1,2,1,2,1,False,0,0,0,1,1,0
s06-r4-disconnect-n20-1,6,4,disconnect-n20-1,disconnect,1.0,9,169.07200000000012,2,1000,1,1,1,1,1,2,1,2,1,False,0,0,0,1,1,0
s06-r4-disconnect-n20-1,6,4,disconnect-n20-1,disconnect,1.0,10,176.71999999999937,2,620,1,1,1,1,1,1,1,2,1,True,0,0,0,0,1,1
s06-r4-disconnect-n20-1,6,4,disconnect-n20-1,disconnect,1.0,11,192.6560000000009,1,895,1,1,1,1,1,2,1,2,1,True,1,1,0,0,0,0
s06-r4-disconnect-n20-1,6,4,disconnect-n20-1,disconnect,1.0,12,200.5,2,1000,1,1,1,1,1,1,1,1,1,False,0,0,0,0,0,0
s06-r4-disconnect-n20-1,6,4,disconnect-n20-1,disconnect,1.0,13,208.9159999999993,2,1000,1,1,1,1,1,1,1,1,1,False,0,0,0,0,0,0
s06-r4-disconnect-n20-1,6,4,disconnect-n20-1,disconnect,1.0,14,216.9320000000007,2,1000,1,1,1,1,1,2,1,2,1,False,0,0,0,1,1,0
s06-r4-disconnect-n20-1,6,4,disconnect-n20-1,disconnect,1.0,15,241.21999999999932,1,1000,1,1,1,1,1,1,1,1,1,False,1,1,0,1,1,0
s06-r4-disconnect-n20-1,6,4,disconnect-n20-1,disconnect,1.0,16,258.0159999999996,1,1000,1,1,1,1,1,1,1,1,1,False,1,1,0,1,1,0
s06-r4-disconnect-n20-1,6,4,disconnect-n20-1,disconnect,1.0,17,274.5519999999997,1,1000,1,1,1,1,1,1,1,1,1,False,1,1,0,1,1,0
s06-r4-disconnect-n20-1,6,4,disconnect-n20-1,disconnect,1.0,18,290.88800000000083,1,933,1,2,1,2,1,2,1,1,1,True,0,0,0,0,1,1
s06-r4-disconnect-n20-1,6,4,disconnect-n20-1,disconnect,1.0,19,306.6280000000006,1,1000,1,2,1,2,1,1,1,1,1,False,0,0,0,1,1,0
s06-r4-disconnect-n20-1,6,4,disconnect-n20-1,disconnect,1.0,20,314.3279999999995,2,938,1,1,1,1,1,1,1,1,1,True,0,0,0,0,0,0
s06-r4-disconnect-n20-1,6,4,disconnect-n20-1,disconnect,1.0,21,347.0,1,1000,1,1,1,1,1,1,1,1,1,False,1,1,0,1,1,0
s06-r4-disconnect-n20-1,6,4,disconnect-n20-1,disconnect,1.0,22,354.6239999999998,2,696,1,2,1,1,1,1,1,2,1,True,1,0,1,0,1,1
s06-r4-disconnect-n20-1,6,4,disconnect-n20-1,disconnect,1.0,23,370.79199999999946,2,1000,1,2,1,2,1,2,1,2,1,False,1,1,0,1,1,0
s06-r4-disconnect-n5-1,6,4,disconnect-n5-1,disconnect,1.0,0,1.0,2,1000,1,1,1,1,1,2,1,2,1,False,0,0,0,1,1,0
s06-r4-disconnect-n5-1,6,4,disconnect-n5-1,disconnect,1.0,1,9.012000000000626,1,1000,1,1,1,1,1,2,1,2,1,False,1,1,0,0,0,0
s06-r4-disconnect-n5-1,6,4,disconnect-n5-1,disconnect,1.0,2,16.683999999999287,1,1000,1,1,1,1,1,1,1,1,1,False,1,1,0,1,1,0
s06-r4-disconnect-n5-1,6,4,disconnect-n5-1,disconnect,1.0,3,40.96800000000076,2,1000,1,1,1,1,1,1,1,1,1,False,0,0,0,0,0,0
s06-r4-disconnect-n5-1,6,4,disconnect-n5-1,disconnect,1.0,4,64.55999999999949,1,1000,1,1,1,1,1,1,1,1,1,False,1,1,0,1,1,0
s06-r4-disconnect-n5-1,6,4,disconnect-n5-1,disconnect,1.0,5,80.17599999999948,1,1000,1,1,1,1,1,1,1,1,1,False,1,1,0,1,1,0
s06-r4-disconnect-n5-1,6,4,disconnect-n5-1,disconnect,1.0,6,87.7559999999994,1,1000,1,1,1,1,1,1,1,1,1,False,1,1,0,1,1,0
s06-r4-disconnect-n5-1,6,4,disconnect-n5-1,disconnect,1.0,7,95.64400000000025,2,1000,1,2,1,2,1,2,1,2,1,False,1,1,0,1,1,0
s06-r4-disconnect-n5-1,6,4,disconnect-n5-1,disconnect,1.0,8,119.76800000000004,2,1000,1,1,1,1,1,2,1,2,1,False,0,0,0,1,1,0
s06-r4-disconnect-n5-1,6,4,disconnect-n5-1,disconnect,1.0,9,169.07200000000012,2,1000,1,1,1,1,1,2,1,2,1,False,0,0,0,1,1,0
s06-r4-disconnect-n5-1,6,4,disconnect-n5-1,disconnect,1.0,10,176.71999999999937,2,1000,1,1,1,1,1,2,1,2,1,False,0,0,0,1,1,0
s06-r4-disconnect-n5-1,6,4,disconnect-n5-1,disconnect,1.0,11,192.6560000000009,1,1000,1,1,1,1,1,2,1,2,1,False,1,1,0,0,0,0
s06-r4-disconnect-n5-1,6,4,disconnect-n5-1,disconnect,1.0,12,200.5,2,795,1,1,1,1,1,2,1,1,1,True,0,0,0,1,0,1
s06-r4-disconnect-n5-1,6,4,disconnect-n5-1,disconnect,1.0,13,208.9159999999993,2,1000,1,1,1,1,1,1,1,1,1,False,0,0,0,0,0,0
s06-r4-disconnect-n5-1,6,4,disconnect-n5-1,disconnect,1.0,14,216.9320000000007,2,1000,1,1,1,1,1,2,1,2,1,False,0,0,0,1,1,0
s06-r4-disconnect-n5-1,6,4,disconnect-n5-1,disconnect,1.0,15,241.21999999999932,1,1000,1,1,1,1,1,1,1,1,1,False,1,1,0,1,1,0
s06-r4-disconnect-n5-1,6,4,disconnect-n5-1,disconnect,1.0,16,258.0159999999996,1,1000,1,1,1,1,1,1,1,1,1,False,1,1,0,1,1,0
s06-r4-disconnect-n5-1,6,4,disconnect-n5-1,disconnect,1.0,17,274.5519999999997,1,1000,1,1,1,1,1,1,1,1,1,False,1,1,0,1,1,0
s06-r4-disconnect-n5-1,6,4,disconnect-n5-1,disconnect,1.0,18,290.88800000000083,1,1000,1,2,1,2,1,1,1,1,1,False,0,0,0,1,1,0
s06-r4-disconnect-n5-1,6,4,disconnect-n5-1,disconnect,1.0,19,306.6280000000006,1,1000,1,2,1,2,1,1,1,1,1,False,0,0,0,1,1,0
s06-r4-disconnect-n5-1,6,4,disconnect-n5-1,disconnect,1.0,20,314.3279999999995,2,1000,1,1,1,1,1,1,1,1,1,False,0,0,0,0,0,0
s06-r4-disconnect-n5-1,6,4,disconnect-n5-1,disconnect,1.0,21,347.0,1,1000,1,1,1,1,1,1,1,1,1,False,1,1,0,1,1,0
s06-r4-disconnect-n5-1,6,4,disconnect-n5-1,disconnect,1.0,22,354.6239999999998,2,1000,1,1,1,1,1,2,1,2,1,False,0,0,0,1,1,0
s06-r4-disconnect-n5-1,6,4,disconnect-n5-1,disconnect,1.0,23,370.79199999999946,2,1000,1,2,1,2,1,2,1,2,1,False,1,1,0,1,1,0
s07-r0-disconnect-n10-1,7,0,disconnect-n10-1,disconnect,1.0,0,1.0,1,1000,1,1,1,1,1,1,1,1,1,False,1,1,0,1,1,0
s07-r0-disconnect-n10-1,7,0,disconnect-n10-1,disconnect,1.0,1,9.012000000000173,2,1000,1,1,1,1,1,2,1,2,1,False,0,0,0,1,1,0
s07-r0-disconnect-n10-1,7,0,disconnect-n10-1,disconnect,1.0,2,16.684000000000196,2,1000,1,2,1,2,1,2,1,2,1,False,1,1,0,1,1,0
s07-r0-disconnect-n10-1,7,0,disconnect-n10-1,disconnect,1.0,3,24.49200000000019,1,907,1,1,1,1,1,1,1,1,1,True,1,1,0,1,1,0
s07-r0-disconnect-n10-1,7,0,disconnect-n10-1,disconnect,1.0,4,32.52399999999989,2,1000,1,2,1,2,1,1,1,1,1,False,1,1,0,0,0,0
s07-r0-disconnect-n10-1,7,0,disconnect-n10-1,disconnect,1.0,5,40.96799999999985,1,1000,1,1,1,1,1,1,1,1,1,False,1,1,0,1,1,0
s07-r0-disconnect-n10-1,7,0,disconnect-n10-1,disconnect,1.0,6,48.63599999999997,2,1000,1,2,1,2,1,2,1,2,1,False,1,1,0,1,1,0
s07-r0-disconnect-n10-1,7,0,disconnect-n10-1,disconnect,1.0,7,64.55999999999995,2,1000,1,2,1,2,1,2,1,2,1,False,1,1,0,1,1,0
s07-r0-disconnect-n10-1,7,0,disconnect-n10-1,disconnect,1.0,8,80.17599999999993,1,1000,1,1,1,1,1,2,1,2,1,False,1,1,0,0,0,0
s07-r0-disconnect-n10-1,7,0,disconnect-n10-1,disconnect,1.0,9,95.64399999999978,2,1000,1,2,1,2,1,1,1,1,1,False,1,1,0,0,0,0
s07-r0-disconnect-n10-1,7,0,disconnect-n10-1,disconnect,1.0,10,103.42000000000009,1,1000,1,1,1,1,1,2,1,2,1,False,1,1,0,0,0,0
s07-r0-disconnect-n10-1,7,0,disconnect-n10-1,disconnect,1.0,11,152.4720000000002,1,1000,1,2,1,2,1,1,1,1,1,False,0,0,0,1,1,0
s07-r0-disconnect-n10-1,7,0,disconnect-n10-1,disconnect,1.0,12,169.07200000000012,2,620,1,2,1,2,1,2,1,2,1,True,1,1,0,1,1,0
s07-r0-disconnect-n10-1,7,0,disconnect-n10-1,disconnect,1.0,13,176.7199999999998,1,1000,1,1,1,1,1,2,1,2,1,False,1,1,0,0,0,0
s07-r0-disconnect-n10-1,7,0,disconnect-n10-1,disconnect,1.0,14,184.84400000000005,1,1000,1,1,1,1,1,1,1,1,1,False,1,1,0,1,1,0
s07-r0-disconnect-n10-1,7,0,disconnect-n10-1,disconnect,1.0,15,208.91600000000017,1,1000,1,1,1,1,1,1,1,1,1,False,1,1,0,1,1,0
s07-r0-disconnect-n10-1,7,0,disconnect-n10-1,disconnect,1.0,16,241.2199999999998,1,1000,1,2,1,2,1,1,1,1,1,False,0,0,0,1,1,0
s07-r0-disconnect-n10-1,7,0,disconnect-n10-1,disconnect,1.0,17,249.6480000000001,2,620,1,2,1,2,1,2,1,2,1,True,1,1,0,1,1,0
s07-r0-disconnect-n10-1,7,0,disconnect-n10-1,disconnect,1.0,18,258.0160000000001,1,1000,1,2,1,2,1,2,1,2,1,False,0,0,0,0,0,0
s07-r0-disconnect-n10-1,7,0,disconnect-n10-1,disconnect,1.0,19,266.3800000000001,2,1000,1,2,1,2,1,2,1,2,1,False,1,1,0,1,1,0
s07-r0-disconnect-n10-1,7,0,disconnect-n10-1,disconnect,1.0,20,274.55200000000013,2,1000,1,2,1,2,1,2,1,2,1,False,1,1,0,1,1,0
s07-r0-disconnect-n10-1,7,0,disconnect-n10-1,disconnect,1.0,21,282.808,1,1000,1,1,1,1,1,2,1,2,1,False,1,1,0,0,0,0
s07-r0-disconnect-n10-1,7,0,disconnect-n10-1,disconnect,1.0,22,290.8879999999999,2,1000,1,2,1,2,1,2,1,2,1,False,1,1,0,1,1,0
s07-r0-disconnect-n10-1,7,0,disconnect-n10-1,disconnect,1.0,23,306.62800000000016,2,1000,1,2,1,2,1,2,1,2,1,False,1,1,0,1,1,0
s07-r0-disconnect-n2-1,7,0,disconnect-n2-1,disconnect,1.0,0,1.0,1,1000,1,1,1,1,1,1,1,1,1,False,1,1,0,1,1,0
s07-r0-disconnect-n2-1,7,0,disconnect-n2-1,disconnect,1.0,1,9.012000000000173,2,1000,1,1,1,1,1,2,1,2,1,False,0,0,0,1,1,0
s07-r0-disconnect-n2-1,7,0,disconnect-n2-1,disconnect,1.0,2,16.684000000000196,2,1000,1,2,1,2,1,2,1,2,1,False,1,1,0,1,1,0
s07-r0-disconnect-n2-1,7,0,disconnect-n2-1,disconnect,1.0,3,24.49200000000019,1,1000,1,1,1,1,1,1,1,1,1,False,1,1,0,1,1,0
s07-r0-disconnect-n2-1,7,0,disconnect-n2-1,disconnect,1.0,4,32.52399999999989,2,1000,1,2,1,2,1,1,1,1,1,False,1,1,0,0,0,0
s07-r0-disconnect-n2-1,7,0,disconnect-n2-1,disconnect,1.0,5,40.96799999999985,1,1000,1,1,1,1,1,1,1,1,1,False,1,1,0,1,1,0
s07-r0-disconnect-n2-1,7,0,disconnect-n2-1,disconnect,1.0,6,48.63599999999997,2,620,1,2,1,2,1,1,1,2,1,True,1,1,0,0,1,1
s07-r0-disconnect-n2-1,7,0,disconnect-n2-1,disconnect,1.0,7,64.55999999999995,2,1000,1,2,1,2,1,2,1,2,1,False,1,1,0,1,1,0
s07-r0-disconnect-n2-1,7,0,disconnect-n2-1,disconnect,1.0,8,80.17599999999993,1,1000,1,1,1,1,1,2,1,2,1,False,1,1,0,0,0,0
s07-r0-disconnect-n2-1,7,0,disconnect-n2-1,disconnect,1.0,9,95.64400000000025,2,1000,1,2,1,2,1,1,1,1,1,False,1,1,0,0,0,0
s07-r0-disconnect-n2-1,7,0,disconnect-n2-1,disconnect,1.0,10,103.42000000000009,1,1000,1,1,1,1,1,2,1,2,1,False,1,1,0,0,0,0
s07-r0-disconnect-n2-1,7,0,disconnect-n2-1,disconnect,1.0,11,152.4720000000002,1,1000,1,2,1,2,1,1,1,1,1,False,0,0,0,1,1,0
s07-r0-disconnect-n2-1,7,0,disconnect-n2-1,disconnect,1.0,12,169.07200000000012,2,1000,1,2,1,2,1,2,1,2,1,False,1,1,0,1,1,0
s07-r0-disconnect-n2-1,7,0,disconnect-n2-1,disconnect,1.0,13,176.7199999999998,1,1000,1,1,1,1,1,2,1,2,1,False,1,1,0,0,0,0
s07-r0-disconnect-n2-1,7,0,disconnect-n2-1,disconnect,1.0,14,184.84400000000005,1,1000,1,1,1,1,1,1,1,1,1,False,1,1,0,1,1,0
s07-r0-disconnect-n2-1,7,0,disconnect-n2-1,disconnect,1.0,15,208.91600000000017,1,1000,1,1,1,1,1,1,1,1,1,False,1,1,0,1,1,0
s07-r0-disconnect-n2-1,7,0,disconnect-n2-1,disconnect,1.0,16,241.2199999999998,1,1000,1,2,1,2,1,1,1,1,1,False,0,0,0,1,1,0
s07-r0-disconnect-n2-1,7,0,disconnect-n2-1,disconnect,1.0,17,249.6480000000001,2,1000,1,2,1,2,1,2,1,2,1,False,1,1,0,1,1,0
s07-r0-disconnect-n2-1,7,0,disconnect-n2-1,disconnect,1.0,18,258.0160000000001,1,1000,1,2,1,2,1,2,1,2,1,False,0,0,0,0,0,0
s07-r0-disconnect-n2-1,7,0,disconnect-n2-1,disconnect,1.0,19,266.3800000000001,2,1000,1,2,1,2,1,2,1,2,1,False,1,1,0,1,1,0
s07-r0-disconnect-n2-1,7,0,disconnect-n2-1,disconnect,1.0,20,274.55200000000013,2,1000,1,2,1,2,1,2,1,2,1,False,1,1,0,1,1,0
s07-r0-disconnect-n2-1,7,0,disconnect-n2-1,disconnect,1.0,21,282.808,1,1000,1,1,1,1,1,2,1,2,1,False,1,1,0,0,0,0
s07-r0-disconnect-n2-1,7,0,disconnect-n2-1,disconnect,1.0,22,290.8879999999999,2,1000,1,2,1,2,1,2,1,2,1,False,1,1,0,1,1,0
s07-r0-disconnect-n2-1,7,0,disconnect-n2-1,disconnect,1.0,23,306.62800000000016,2,1000,1,2,1,2,1,2,1,2,1,False,1,1,0,1,1,0
s07-r0-disconnect-n20-1,7,0,disconnect-n20-1,disconnect,1.0,0,1.0,1,1000,1,1,1,1,1,1,1,1,1,False,1,1,0,1,1,0
s07-r0-disconnect-n20-1,7,0,disconnect-n20-1,disconnect,1.0,1,9.012000000000173,2,1000,1,1,1,1,1,2,1,2,1,False,0,0,0,1,1,0
s07-r0-disconnect-n20-1,7,0,disconnect-n20-1,disconnect,1.0,2,16.684000000000196,2,962,1,2,1,2,1,2,1,2,1,True,1,1,0,1,1,0
s07-r0-disconnect-n20-1,7,0,disconnect-n20-1,disconnect,1.0,3,24.49200000000019,1,1000,1,1,1,1,1,1,1,1,1,False,1,1,0,1,1,0
s07-r0-disconnect-n20-1,7,0,disconnect-n20-1,disconnect,1.0,4,32.52399999999989,2,620,1,2,1,2,1,2,1,1,1,True,1,1,0,1,0,1
s07-r0-disconnect-n20-1,7,0,disconnect-n20-1,disconnect,1.0,5,40.96799999999985,1,1000,1,1,1,1,1,1,1,1,1,False,1,1,0,1,1,0
s07-r0-disconnect-n20-1,7,0,disconnect-n20-1,disconnect,1.0,6,48.63599999999997,2,1000,1,2,1,2,1,2,1,2,1,False,1,1,0,1,1,0
s07-r0-disconnect-n20-1,7,0,disconnect-n20-1,disconnect,1.0,7,64.55999999999995,2,1000,1,2,1,2,1,2,1,2,1,False,1,1,0,1,1,0
s07-r0-disconnect-n20-1,7,0,disconnect-n20-1,disconnect,1.0,8,80.17599999999993,1,1000,1,1,1,1,1,2,1,2,1,False,1,1,0,0,0,0
s07-r0-disconnect-n20-1,7,0,disconnect-n20-1,disconnect,1.0,9,95.64400000000025,2,1000,1,2,1,2,1,1,1,1,1,False,1,1,0,0,0,0
s07-r0-disconnect-n20-1,7,0,disconnect-n20-1,disconnect,1.0,10,103.42000000000009,1,1000,1,1,1,1,1,2,1,2,1,False,1,1,0,0,0,0
s07-r0-disconnect-n20-1,7,0,disconnect-n20-1,disconnect,1.0,11,152.4720000000002,1,1000,1,2,1,2,1,1,1,1,1,False,0,0,0,1,1,0
s07-r0-disconnect-n20-1,7,0,disconnect-n20-1,disconnect,1.0,12,169.07200000000012,2,1000,1,2,1,2,1,2,1,2,1,False,1,1,0,1,1,0
s07-r0-disconnect-n20-1,7,0,disconnect-n20-1,disconnect,1.0,13,176.7199999999998,1,1000,1,1,1,1,1,2,1,2,1,False,1,1,0,0,0,0
s07-r0-disconnect-n20-1,7,0,disconnect-n20-1,disconnect,1.0,14,184.84400000000005,1,620,1,2,1,1,1,1,1,1,1,True,0,1,1,1,1,0
s07-r0-disconnect-n20-1,7,0,disconnect-n20-1,disconnect,1.0,15,208.91600000000017,1,1000,1,1,1,1,1,1,1,1,1,False,1,1,0,1,1,0
s07-r0-disconnect-n20-1,7,0,disconnect-n20-1,disconnect,1.0,16,241.2199999999998,1,965,1,2,1,2,1,1,1,1,1,True,0,0,0,1,1,0
s07-r0-disconnect-n20-1,7,0,disconnect-n20-1,disconnect,1.0,17,249.6480000000001,2,1000,1,2,1,2,1,2,1,2,1,False,1,1,0,1,1,0
s07-r0-disconnect-n20-1,7,0,disconnect-n20-1,disconnect,1.0,18,258.0160000000001,1,1000,1,2,1,2,1,2,1,2,1,False,0,0,0,0,0,0
s07-r0-disconnect-n20-1,7,0,disconnect-n20-1,disconnect,1.0,19,266.3800000000001,2,1000,1,2,1,2,1,2,1,2,1,False,1,1,0,1,1,0
s07-r0-disconnect-n20-1,7,0,disconnect-n20-1,disconnect,1.0,20,274.55200000000013,2,988,1,2,1,2,1,2,1,2,1,True,1,1,0,1,1,0
s07-r0-disconnect-n20-1,7,0,disconnect-n20-1,disconnect,1.0,21,282.808,1,1000,1,1,1,1,1,2,1,2,1,False,1,1,0,0,0,0
s07-r0-disconnect-n20-1,7,0,disconnect-n20-1,disconnect,1.0,22,290.8879999999999,2,1000,1,2,1,2,1,2,1,2,1,False,1,1,0,1,1,0
s07-r0-disconnect-n20-1,7,0,disconnect-n20-1,disconnect,1.0,23,306.62800000000016,2,1000,1,2,1,2,1,2,1,2,1,False,1,1,0,1,1,0
s07-r0-disconnect-n5-1,7,0,disconnect-n5-1,disconnect,1.0,0,1.0,1,1000,1,1,1,1,1,1,1,1,1,False,1,1,0,1,1,0
s07-r0-disconnect-n5-1,7,0,disconnect-n5-1,disconnect,1.0,1,9.012000000000173,2,1000,1,1,1,1,1,2,1,2,1,False,0,0,0,1,1,0
s07-r0-disconnect-n5-1,7,0,disconnect-n5-1,disconnect,1.0,2,16.684000000000196,2,1000,1,2,1,2,1,2,1,2,1,False,1,1,0,1,1,0
s07-r0-disconnect-n5-1,7,0,disconnect-n5-1,disconnect,1.0,3,24.49200000000019,1,1000,1,1,1,1,1,1,1,1,1,False,1,1,0,1,1,0
s07-r0-disconnect-n5-1,7,0,disconnect-n5-1,disconnect,1.0,4,32.52399999999989,2,1000,1,2,1,2,1,1,1,1,1,False,1,1,0,0,0,0
s07-r0-disconnect-n5-1,7,0,disconnect-n5-1,disconnect,1.0,5,40.96799999999985,1,1000,1,1,1,1,1,1,1,1,1,False,1,1,0,1,1,0
s07-r0-disconnect-n5-1,7,0,disconnect-n5-1,disconnect,1.0,6,48.63599999999997,2,1000,1,2,1,2,1,2,1,2,1,False,1,1,0,1,1,0
s07-r0-disconnect-n5-1,7,0,disconnect-n5-1,disconnect,1.0,7,64.55999999999995,2,1000,1,2,1,2,1,2,1,2,1,False,1,1,0,1,1,0
s07-r0-disconnect-n5-1,7,0,disconnect-n5-1,disconnect,1.0,8,80.17599999999993,1,1000,1,1,1,1,1,2,1,2,1,False,1,1,0,0,0,0
s07-r0-disconnect-n5-1,7,0,disconnect-n5-1,disconnect,1.0,9,95.64400000000025,2,1000,1,2,1,2,1,1,1,1,1,False,1,1,0,0,0,0
s07-r0-disconnect-n5-1,7,0,disconnect-n5-1,disconnect,1.0,10,103.42000000000009,1,865,1,1,1,1,1,1,1,2,1,True,1,1,0,1,0,1
s07-r0-disconnect-n5-1,7,0,disconnect-n5-1,disconnect,1.0,11,152.4720000000002,1,1000,1,2,1,2,1,1,1,1,1,False,0,0,0,1,1,0
s07-r0-disconnect-n5-1,7,0,disconnect-n5-1,disconnect,1.0,12,169.07200000000012,2,1000,1,2,1,2,1,2,1,2,1,False,1,1,0,1,1,0
s07-r0-disconnect-n5-1,7,0,disconnect-n5-1,disconnect,1.0,13,176.7199999999998,1,1000,1,1,1,1,1,2,1,2,1,False,1,1,0,0,0,0
s07-r0-disconnect-n5-1,7,0,disconnect-n5-1,disconnect,1.0,14,184.84400000000005,1,1000,1,1,1,1,1,1,1,1,1,False,1,1,0,1,1,0
s07-r0-disconnect-n5-1,7,0,disconnect-n5-1,disconnect,1.0,15,208.91600000000017,1,1000,1,1,1,1,1,1,1,1,1,False,1,1,0,1,1,0
s07-r0-disconnect-n5-1,7,0,disconnect-n5-1,disconnect,1.0,16,241.2199999999998,1,1000,1,2,1,2,1,1,1,1,1,False,0,0,0,1,1,0
s07-r0-disconnect-n5-1,7,0,disconnect-n5-1,disconnect,1.0,17,249.6480000000001,2,1000,1,2,1,2,1,2,1,2,1,False,1,1,0,1,1,0
s07-r0-disconnect-n5-1,7,0,disconnect-n5-1,disconnect,1.0,18,258.0160000000001,1,1000,1,2,1,2,1,2,1,2,1,False,0,0,0,0,0,0
s07-r0-disconnect-n5-1,7,0,disconnect-n5-1,disconnect,1.0,19,266.3800000000001,2,1000,1,2,1,2,1,2,1,2,1,False,1,1,0,1,1,0
s07-r0-disconnect-n5-1,7,0,disconnect-n5-1,disconnect,1.0,20,274.55200000000013,2,1000,1,2,1,2,1,2,1,2,1,False,1,1,0,1,1,0
s07-r0-disconnect-n5-1,7,0,disconnect-n5-1,disconnect,1.0,21,282.808,1,1000,1,1,1,1,1,2,1,2,1,False,1,1,0,0,0,0
s07-r0-disconnect-n5-1,7,0,disconnect-n5-1,disconnect,1.0,22,290.8879999999999,2,1000,1,2,1,2,1,2,1,2,1,False,1,1,0,1,1,0
s07-r0-disconnect-n5-1,7,0,disconnect-n5-1,disconnect,1.0,23,306.62800000000016,2,1000,1,2,1,2,1,2,1,2,1,False,1,1,0,1,1,0
s07-r1-disconnect-n10-1,7,1,disconnect-n10-1,disconnect,1.0,0,16.684000000000196,2,1000,1,2,1,2,1,2,1,2,1,False,1,1,0,1,1,0
s07-r1-disconnect-n10-1,7,1,disconnect-n10-1,disconnect,1.0,1,24.49200000000019,1,1000,1,1,1,1,1,2,1,2,1,False,1,1,0,0,0,0
s07-r1-disconnect-n10-1,7,1,disconnect-n10-1,disconnect,1.0,2,32.52400000000034,1,1000,1,1,1,1,1,2,1,2,1,False,1,1,0,0,0,0
s07-r1-disconnect-n10-1,7,1,disconnect-n10-1,disconnect,1.0,3,40.96799999999985,2,1000,1,2,1,2,1,2,1,2,1,False,1,1,0,1,1,0
s07-r1-disconnect-n10-1,7,1,disconnect-n10-1,disconnect,1.0,4,64.5600000000004,2,1000,1,2,1,2,1,2,1,2,1,False,1,1,0,1,1,0
s07-r1-disconnect-n10-1,7,1,disconnect-n10-1,disconnect,1.0,5,80.17600000000039,1,1000,1,2,1,2,1,2,1,2,1,False,0,0,0,0,0,0
s07-r1-disconnect-n10-1,7,1,disconnect-n10-1,disconnect,1.0,6,87.75600000000031,1,1000,1,1,1,1,1,1,1,1,1,False,1,1,0,1,1,0
s07-r1-disconnect-n10-1,7,1,disconnect-n10-1,disconnect,1.0,7,95.64400000000025,1,1000,1,2,1,2,1,1,1,1,1,False,0,0,0,1,1,0
s07-r1-disconnect-n10-1,7,1,disconnect-n10-1,disconnect,1.0,8,111.28799999999956,2,1000,1,2,1,2,1,2,1,2,1,False,1,1,0,1,1,0
s07-r1-disconnect-n10-1,7,1,disconnect-n10-1,disconnect,1.0,9,119.76800000000004,2,1000,1,2,1,2,1,2,1,2,1,False,1,1,0,1,1,0
s07-r1-disconnect-n10-1,7,1,disconnect-n10-1,disconnect,1.0,10,127.80000000000018,1,1000,1,1,1,1,1,1,1,1,1,False,1,1,0,1,1,0
s07-r1-disconnect-n10-1,7,1,disconnect-n10-1,disconnect,1.0,11,136.0640000000003,1,1000,1,1,1,1,1,1,1,1,1,False,1,1,0,1,1,0
s07-r1-disconnect-n10-1,7,1,disconnect-n10-1,disconnect,1.0,12,152.47199999999975,1,1000,1,2,1,2,1,2,1,2,1,False,0,0,0,0,0,0
s07-r1-disconnect-n10-1,7,1,disconnect-n10-1,disconnect,1.0,13,160.7520000000004,2,1000,1,2,1,2,1,2,1,2,1,False,1,1,0,1,1,0
s07-r1-disconnect-n10-1,7,1,disconnect-n10-1,disconnect,1.0,14,192.65599999999995,1,1000,1,2,1,2,1,2,1,2,1,False,0,0,0,0,0,0
s07-r1-disconnect-n10-1,7,1,disconnect-n10-1,disconnect,1.0,15,216.9319999999998,2,1000,1,2,1,2,1,2,1,2,1,False,1,1,0,1,1,0
s07-r1-disconnect-n10-1,7,1,disconnect-n10-1,disconnect,1.0,16,241.22000000000023,2,1000,1,2,1,2,1,2,1,2,1,False,1,1,0,1,1,0
s07-r1-disconnect-n10-1,7,1,disconnect-n10-1,disconnect,1.0,17,249.6480000000001,1,1000,1,2,1,2,1,1,1,1,1,False,0,0,0,1,1,0
s07-r1-disconnect-n10-1,7,1,disconnect-n10-1,disconnect,1.0,18,258.0159999999996,2,1000,1,2,1,2,1,1,1,1,1,False,1,1,0,0,0,0
s07-r1-disconnect-n10-1,7,1,disconnect-n10-1,disconnect,1.0,19,306.6279999999997,1,1000,1,1,1,1,1,1,1,1,1,False,1,1,0,1,1,0
s07-r1-disconnect-n10-1,7,1,disconnect-n10-1,disconnect,1.0,20,322.65200000000004,2,1000,1,2,1,2,1,2,1,2,1,False,1,1,0,1,1,0
s07-r1-disconnect-n10-1,7,1,disconnect-n10-1,disconnect,1.0,21,338.52400000000034,2,1000,1,2,1,2,1,2,1,2,1,False,1,1,0,1,1,0
s07-r1-disconnect-n10-1,7,1,disconnect-n10-1,disconnect,1.0,22,362.3360000000002,2,1000,1,2,1,2,1,2,1,2,1,False,1,1,0,1,1,0
s07-r1-disconnect-n10-1,7,1,disconnect-n10-1,disconnect,1.0,23,379.02800000000025,1,1000,1,1,1,1,1,1,1,1,1,False,1,1,0,1,1,0
s07-r1-disconnect-n2-1,7,1,disconnect-n2-1,disconnect,1.0,0,16.684000000000196,2,1000,1,2,1,2,1,2,1,2,1,False,1,1,0,1,1,0
s07-r1-disconnect-n2-1,7,1,disconnect-n2-1,disconnect,1.0,1,24.49200000000019,1,1000,1,1,1,1,1,2,1,2,1,False,1,1,0,0,0,0
s07-r1-disconnect-n2-1,7,1,disconnect-n2-1,disconnect,1.0,2,32.52400000000034,1,1000,1,1,1,1,1,2,1,2,1,False,1,1,0,0,0,0
s07-r1-disconnect-n2-1,7,1,disconnect-n2-1,disconnect,1.0,3,40.96799999999985,2,1000,1,2,1,2,1,2,1,2,1,False,1,1,0,1,1,0
s07-r1-disconnect-n2-1,7,1,disconnect-n2-1,disconnect,1.0,4,64.5600000000004,2,1000,1,2,1,2,1,2,1,2,1,False,1,1,0,1,1,0
s07-r1-disconnect-n2-1,7,1,disconnect-n2-1,disconnect,1.0,5,80.17600000000039,1,1000,1,2,1,2,1,2,1,2,1,False,0,0,0,0,0,0
s07-r1-disconnect-n2-1,7,1,disconnect-n2-1,disconnect,1.0,6,87.75600000000031,1,1000,1,1,1,1,1,1,1,1,1,False,1,1,0,1,1,0
s07-r1-disconnect-n2-1,7,1,disconnect-n2-1,disconnect,1.0,7,95.64400000000025,1,1000,1,2,1,2,1,1,1,1,1,False,0,0,0,1,1,0
s07-r1-disconnect-n2-1,7,1,disconnect-n2-1,disconnect,1.0,8,111.28799999999956,2,1000,1,2,1,2,1,2,1,2,1,False,1,1,0,1,1,0
s07-r1-disconnect-n2-1,7,1,disconnect-n2-1,disconnect,1.0,9,119.76800000000004,2,1000,1,2,1,2,1,2,1,2,1,False,1,1,0,1,1,0
s07-r1-disconnect-n2-1,7,1,disconnect-n2-1,disconnect,1.0,10,127.80000000000018,1,1000,1,1,1,1,1,1,1,1,1,False,1,1,0,1,1,0
s07-r1-disconnect-n2-1,7,1,disconnect-n2-1,disconnect,1.0,11,136.0640000000003,1,1000,1,1,1,1,1,1,1,1,1,False,1,1,0,1,1,0
s07-r1-disconnect-n2-1,7,1,disconnect-n2-1,disconnect,1.0,12,152.47199999999975,1,1000,1,2,1,2,1,2,1,2,1,False,0,0,0,0,0,0
s07-r1-disconnect-n2-1,7,1,disconnect-n2-1,disconnect,1.0,13,160.7520000000004,2,1000,1,2,1,2,1,2,1,2,1,False,1,1,0,1,1,0
s07-r1-disconnect-n2-1,7,1,disconnect-n2-1,disconnect,1.0,14,192.65599999999995,1,1000,1,2,1,2,1,2,1,2,1,False,0,0,0,0,0,0
s07-r1-disconnect-n2-1,7,1,disconnect-n2-1,disconnect,1.0,15,216.9319999999998,2,1000,1,2,1,2,1,2,1,2,1,False,1,1,0,1,1,0
s07-r1-disconnect-n2-1,7,1,disconnect-n2-1,disconnect,1.0,16,241.22000000000023,2,1000,1,2,1,2,1,2,1,2,1,False,1,1,0,1,1,0
s07-r1-disconnect-n2-1,7,1,disconnect-n2-1,disconnect,1.0,17,249.6480000000001,1,1000,1,2,1,2,1,1,1,1,1,False,0,0,0,1,1,0
s07-r1-disconnect-n2-1,7,1,disconnect-n2-1,disconnect,1.0,18,258.0159999999996,2,1000,1,2,1,2,1,1,1,1,1,False,1,1,0,0,0,0
s07-r1-disconnect-n2-1,7,1,disconnect-n2-1,disconnect,1.0,19,306.6279999999997,1,1000,1,1,1,1,1,1,1,1,1,False,1,1,0,1,1,0
s07-r1-disconnect-n2-1,7,1,disconnect-n2-1,disconnect,1.0,20,322.65200000000004,2,1000,1,2,1,2,1,2,1,2,1,False,1,1,0,1,1,0
s07-r1-disconnect-n2-1,7,1,disconnect-n2-1,disconnect,1.0,21,338.52400000000034,2,620,1,2,1,2,1,2,1,2,1,True,1,1,0,1,1,0
s07-r1-disconnect-n2-1,7,1,disconnect-n2-1,disconnect,1.0,22,362.3360000000002,2,1000,1,2,1,2,1,2,1,2,1,False,1,1,0,1,1,0
s07-r1-disconnect-n2-1,7,1,disconnect-n2-1,disconnect,1.0,23,379.02800000000025,1,1000,1,1,1,1,1,1,1,1,1,False,1,1,0,1,1,0
s07-r1-disconnect-n20-1,7,1,disconnect-n20-1,disconnect,1.0,0,16.684000000000196,2,1000,1,2,1,2,1,2,1,2,1,False,1,1,0,1,1,0
s07-r1-disconnect-n20-1,7,1,disconnect-n20-1,disconnect,1.0,1,24.49200000000019,1,1000,1,1,1,1,1,2,1,2,1,False,1,1,0,0,0,0
s07-r1-disconnect-n20-1,7,1,disconnect-n20-1,disconnect,1.0,2,32.52400000000034,1,1000,1,1,1,1,1,2,1,2,1,False,1,1,0,0,0,0
s07-r1-disconnect-n20-1,7,1,disconnect-n20-1,disconnect,1.0,3,40.96799999999985,2,1000,1,2,1,2,1,2,1,2,1,False,1,1,0,1,1,0
s07-r1-disconnect-n20-1,7,1,disconnect-n20-1,disconnect,1.0,4,64.5600000000004,2,1000,1,2,1,2,1,2,1,2,1,False,1,1,0,1,1,0
s07-r1-disconnect-n20-1,7,1,disconnect-n20-1,disconnect,1.0,5,80.17600000000039,1,1000,1,2,1,2,1,2,1,2,1,False,0,0,0,0,0,0
s07-r1-disconnect-n20-1,7,1,disconnect-n20-1,disconnect,1.0,6,87.75600000000031,1,1000,1,1,1,1,1,1,1,1,1,False,1,1,0,1,1,0
s07-r1-disconnect-n20-1,7,1,disconnect-n20-1,disconnect,1.0,7,95.64400000000025,1,1000,1,2,1,2,1,1,1,1,1,False,0,0,0,1,1,0
s07-r1-disconnect-n20-1,7,1,disconnect-n20-1,disconnect,1.0,8,111.28799999999956,2,620,1,2,1,2,1,2,1,2,1,True,1,1,0,1,1,0
s07-r1-disconnect-n20-1,7,1,disconnect-n20-1,disconnect,1.0,9,119.76800000000004,2,1000,1,2,1,2,1,2,1,2,1,False,1,1,0,1,1,0
s07-r1-disconnect-n20-1,7,1,disconnect-n20-1,disconnect,1.0,10,127.80000000000018,1,740,1,2,1,1,1,1,1,1,1,True,0,1,1,1,1,0
s07-r1-disconnect-n20-1,7,1,disconnect-n20-1,disconnect,1.0,11,136.0640000000003,1,1000,1,1,1,1,1,1,1,1,1,False,1,1,0,1,1,0
s07-r1-disconnect-n20-1,7,1,disconnect-n20-1,disconnect,1.0,12,152.47199999999975,1,1000,1,2,1,2,1,2,1,2,1,False,0,0,0,0,0,0
s07-r1-disconnect-n20-1,7,1,disconnect-n20-1,disconnect,1.0,13,160.7520000000004,2,1000,1,2,1,2,1,2,1,2,1,False,1,1,0,1,1,0
s07-r1-disconnect-n20-1,7,1,disconnect-n20-1,disconnect,1.0,14,192.65599999999995,1,1000,1,2,1,2,1,2,1,2,1,False,0,0,0,0,0,0
s07-r1-disconnect-n20-1,7,1,disconnect-n20-1,disconnect,1.0,15,216.9319999999998,2,633,1,2,1,2,1,1,1,2,1,True,1,1,0,0,1,1
s07-r1-disconnect-n20-1,7,1,disconnect-n20-1,disconnect,1.0,16,241.22000000000023,2,1000,1,2,1,2,1,2,1,2,1,False,1,1,0,1,1,0
s07-r1-disconnect-n20-1,7,1,disconnect-n20-1,disconnect,1.0,17,249.6480000000001,1,1000,1,2,1,2,1,1,1,1,1,False,0,0,0,1,1,0
s07-r1-disconnect-n20-1,7,1,disconnect-n20-1,disconnect,1.0,18,258.0159999999996,2,1000,1,2,1,2,1,1,1,1,1,False,1,1,0,0,0,0
s07-r1-disconnect-n20-1,7,1,disconnect-n20-1,disconnect,1.0,19,306.6279999999997,1,1000,1,1,1,1,1,1,1,1,1,False,1,1,0,1,1,0
s07-r1-disconnect-n20-1,7,1,disconnect-n20-1,disconnect,1.0,20,322.65200000000004,2,1000,1,2,1,2,1,2,1,2,1,False,1,1,0,1,1,0
s07-r1-disconnect-n20-1,7,1,disconnect-n20-1,disconnect,1.0,21,338.52400000000034,2,620,1,2,1,2,1,2,1,2,1,True,1,1,0,1,1,0
s07-r1-disconnect-n20-1,7,1,disconnect-n20-1,disconnect,1.0,22,362.3360000000002,2,1000,1,2,1,2,1,2,1,2,1,False,1,1,0,1,1,0
s07-r1-disconnect-n20-1,7,1,disconnect-n20-1,disconnect,1.0,23,379.02800000000025,1,1000,1,1,1,1,1,1,1,1,1,False,1,1,0,1,1,0
s07-r1-disconnect-n5-1,7,1,disconnect-n5-1,disconnect,1.0,0,16.684000000000196,2,1000,1,2,1,2,1,2,1,2,1,False,1,1,0,1,1,0
s07-r1-disconnect-n5-1,7,1,disconnect-n5-1,disconnect,1.0,1,24.49200000000019,1,1000,1,1,1,1,1,2,1,2,1,False,1,1,0,0,0,0
s07-r1-disconnect-n5-1,7,1,disconnect-n5-1,disconnect,1.0,2,32.52400000000034,1,1000,1,1,1,1,1,2,1,2,1,False,1,1,0,0,0,0
s07-r1-disconnect-n5-1,7,1,disconnect-n5-1,disconnect,1.0,3,40.96799999999985,2,1000,1,2,1,2,1,2,1,2,1,False,1,1,0,1,1,0
s07-r1-disconnect-n5-1,7,1,disconnect-n5-1,disconnect,1.0,4,64.5600000000004,2,1000,1,2,1,2,1,2,1,2,1,False,1,1,0,1,1,0
s07-r1-disconnect-n5-1,7,1,disconnect-n5-1,disconnect,1.0,5,80.17600000000039,1,1000,1,2,1,2,1,2,1,2,1,False,0,0,0,0,0,0
s07-r1-disconnect-n5-1,7,1,disconnect-n5-1,disconnect,1.0,6,87.75600000000031,1,1000,1,1,1,1,1,1,1,1,1,False,1,1,0,1,1,0
s07-r1-disconnect-n5-1,7,1,disconnect-n5-1,disconnect,1.0,7,95.64400000000025,1,1000,1,2,1,2,1,1,1,1,1,False,0,0,0,1,1,0
s07-r1-disconnect-n5-1,7,1,disconnect-n5-1,disconnect,1.0,8,111.28799999999956,2,1000,1,2,1,2,1,2,1,2,1,False,1,1,0,1,1,0
s07-r1-disconnect-n5-1,7,1,disconnect-n5-1,disconnect,1.0,9,119.76800000000004,2,1000,1,2,1,2,1,2,1,2,1,False,1,1,0,1,1,0
s07-r1-disconnect-n5-1,7,1,disconnect-n5-1,disconnect,1.0,10,127.80000000000018,1,620,1,1,1,1,1,1,1,1,1,True,1,1,0,1,1,0
s07-r1-disconnect-n5-1,7,1,disconnect-n5-1,disconnect,1.0,11,136.0640000000003,1,1000,1,1,1,1,1,1,1,1,1,False,1,1,0,1,1,0
s07-r1-disconnect-n5-1,7,1,disconnect-n5-1,disconnect,1.0,12,152.47199999999975,1,1000,1,2,1,2,1,2,1,2,1,False,0,0,0,0,0,0
s07-r1-disconnect-n5-1,7,1,disconnect-n5-1,disconnect,1.0,13,160.7520000000004,2,1000,1,2,1,2,1,2,1,2,1,False,1,1,0,1,1,0
s07-r1-disconnect-n5-1,7,1,disconnect-n5-1,disconnect,1.0,14,192.65599999999995,1,1000,1,2,1,2,1,2,1,2,1,False,0,0,0,0,0,0
s07-r1-disconnect-n5-1,7,1,disconnect-n5-1,disconnect,1.0,15,216.9319999999998,2,1000,1,2,1,2,1,2,1,2,1,False,1,1,0,1,1,0
s07-r1-disconnect-n5-1,7,1,disconnect-n5-1,disconnect,1.0,16,241.22000000000023,2,1000,1,2,1,2,1,2,1,2,1,False,1,1,0,1,1,0
s07-r1-disconnect-n5-1,7,1,disconnect-n5-1,disconnect,1.0,17,249.6480000000001,1,1000,1,2,1,2,1,1,1,1,1,False,0,0,0,1,1,0
s07-r1-disconnect-n5-1,7,1,disconnect-n5-1,disconnect,1.0,18,258.0159999999996,2,1000,1,2,1,2,1,1,1,1,1,False,1,1,0,0,0,0
s07-r1-disconnect-n5-1,7,1,disconnect-n5-1,disconnect,1.0,19,306.6279999999997,1,1000,1,1,1,1,1,1,1,1,1,False,1,1,0,1,1,0
s07-r1-disconnect-n5-1,7,1,disconnect-n5-1,disconnect,1.0,20,322.65200000000004,2,1000,1,2,1,2,1,2,1,2,1,False,1,1,0,1,1,0
s07-r1-disconnect-n5-1,7,1,disconnect-n5-1,disconnect,1.0,21,338.52400000000034,2,1000,1,2,1,2,1,2,1,2,1,False,1,1,0,1,1,0
s07-r1-disconnect-n5-1,7,1,disconnect-n5-1,disconnect,1.0,22,362.3360000000002,2,1000,1,2,1,2,1,2,1,2,1,False,1,1,0,1,1,0
s07-r1-disconnect-n5-1,7,1,disconnect-n5-1,disconnect,1.0,23,379.02800000000025,1,1000,1,1,1,1,1,1,1,1,1,False,1,1,0,1,1,0
s07-r2-disconnect-n10-1,7,2,disconnect-n10-1,disconnect,1.0,0,1.0,1,1000,1,1,1,1,1,2,1,2,1,False,1,1,0,0,0,0
s07-r2-disconnect-n10-1,7,2,disconnect-n10-1,disconnect,1.0,1,9.012000000000626,1,1000,1,2,1,2,1,1,1,1,1,False,0,0,0,1,1,0
s07-r2-disconnect-n10-1,7,2,disconnect-n10-1,disconnect,1.0,2,24.49200000000019,2,1000,1,2,1,2,1,2,1,2,1,False,1,1,0,1,1,0
s07-r2-disconnect-n10-1,7,2,disconnect-n10-1,disconnect,1.0,3,32.52399999999943,1,711,1,2,1,2,1,1,1,1,1,True,0,0,0,1,1,0
s07-r2-disconnect-n10-1,7,2,disconnect-n10-1,disconnect,1.0,4,48.63600000000042,1,1000,1,2,1,2,1,1,1,1,1,False,0,0,0,1,1,0
s07-r2-disconnect-n10-1,7,2,disconnect-n10-1,disconnect,1.0,5,64.55999999999949,2,1000,1,2,1,2,1,2,1,2,1,False,1,1,0,1,1,0
s07-r2-disconnect-n10-1,7,2,disconnect-n10-1,disconnect,1.0,6,80.17599999999948,1,1000,1,2,1,2,1,2,1,2,1,False,0,0,0,0,0,0
s07-r2-disconnect-n10-1,7,2,disconnect-n10-1,disconnect,1.0,7,103.42000000000009,1,1000,1,2,1,2,1,2,1,2,1,False,0,0,0,0,0,0
s07-r2-disconnect-n10-1,7,2,disconnect-n10-1,disconnect,1.0,8,119.76800000000004,2,1000,1,2,1,2,1,2,1,2,1,False,1,1,0,1,1,0
s07-r2-disconnect-n10-1,7,2,disconnect-n10-1,disconnect,1.0,9,160.7520000000004,1,1000,1,1,1,1,1,2,1,2,1,False,1,1,0,0,0,0
s07-r2-disconnect-n10-1,7,2,disconnect-n10-1,disconnect,1.0,10,176.71999999999937,2,1000,1,2,1,2,1,2,1,2,1,False,1,1,0,1,1,0
s07-r2-disconnect-n10-1,7,2,disconnect-n10-1,disconnect,1.0,11,192.6560000000009,2,1000,1,2,1,2,1,2,1,2,1,False,1,1,0,1,1,0
s07-r2-disconnect-n10-1,7,2,disconnect-n10-1,disconnect,1.0,12,200.5,1,1000,1,1,1,1,1,1,1,1,1,False,1,1,0,1,1,0
s07-r2-disconnect-n10-1,7,2,disconnect-n10-1,disconnect,1.0,13,216.9320000000007,2,620,1,2,1,2,1,1,1,2,1,True,1,1,0,0,1,1
s07-r2-disconnect-n10-1,7,2,disconnect-n10-1,disconnect,1.0,14,224.83200000000036,1,1000,1,2,1,2,1,2,1,2,1,False,0,0,0,0,0,0
s07-r2-disconnect-n10-1,7,2,disconnect-n10-1,disconnect,1.0,15,249.64799999999923,1,1000,1,2,1,2,1,1,1,1,1,False,0,0,0,1,1,0
s07-r2-disconnect-n10-1,7,2,disconnect-n10-1,disconnect,1.0,16,282.8079999999991,2,1000,1,2,1,2,1,2,1,2,1,False,1,1,0,1,1,0
s07-r2-disconnect-n10-1,7,2,disconnect-n10-1,disconnect,1.0,17,290.88800000000083,1,1000,1,2,1,2,1,2,1,2,1,False,0,0,0,0,0,0
s07-r2-disconnect-n10-1,7,2,disconnect-n10-1,disconnect,1.0,18,298.77599999999984,2,1000,1,2,1,2,1,2,1,2,1,False,1,1,0,1,1,0
s07-r2-disconnect-n10-1,7,2,disconnect-n10-1,disconnect,1.0,19,314.3279999999995,2,1000,1,2,1,2,1,2,1,2,1,False,1,1,0,1,1,0
s07-r2-disconnect-n10-1,7,2,disconnect-n10-1,disconnect,1.0,20,338.52399999999943,2,1000,1,2,1,2,1,2,1,2,1,False,1,1,0,1,1,0
s07-r2-disconnect-n10-1,7,2,disconnect-n10-1,disconnect,1.0,21,347.0,2,860,1,2,1,2,1,2,1,2,1,True,1,1,0,1,1,0
s07-r2-disconnect-n10-1,7,2,disconnect-n10-1,disconnect,1.0,22,354.6239999999998,2,1000,1,2,1,2,1,2,1,2,1,False,1,1,0,1,1,0
s07-r2-disconnect-n10-1,7,2,disconnect-n10-1,disconnect,1.0,23,379.02800000000025,1,1000,1,2,1,2,1,1,1,1,1,False,0,0,0,1,1,0
s07-r2-disconnect-n2-1,7,2,disconnect-n2-1,disconnect,1.0,0,1.0,1,1000,1,1,1,1,1,2,1,2,1,False,1,1,0,0,0,0
s07-r2-disconnect-n2-1,7,2,disconnect-n2-1,disconnect,1.0,1,9.012000000000626,1,1000,1,2,1,2,1,1,1,1,1,False,0,0,0,1,1,0
s07-r2-disconnect-n2-1,7,2,disconnect-n2-1,disconnect,1.0,2,24.49200000000019,2,1000,1,2,1,2,1,2,1,2,1,False,1,1,0,1,1,0
s07-r2-disconnect-n2-1,7,2,disconnect-n2-1,disconnect,1.0,3,32.52399999999943,1,1000,1,2,1,2,1,1,1,1,1,False,0,0,0,1,1,0
s07-r2-disconnect-n2-1,7,2,disconnect-n2-1,disconnect,1.0,4,48.63600000000042,1,1000,1,2,1,2,1,1,1,1,1,False,0,0,0,1,1,0
s07-r2-disconnect-n2-1,7,2,disconnect-n2-1,disconnect,1.0,5,64.55999999999949,2,1000,1,2,1,2,1,2,1,2,1,False,1,1,0,1,1,0
s07-r2-disconnect-n2-1,7,2,disconnect-n2-1,disconnect,1.0,6,80.17599999999948,1,1000,1,2,1,2,1,2,1,2,1,False,0,0,0,0,0,0
s07-r2-disconnect-n2-1,7,2,disconnect-n2-1,disconnect,1.0,7,103.42000000000009,1,1000,1,2,1,2,1,2,1,2,1,False,0,0,0,0,0,0
s07-r2-disconnect-n2-1,7,2,disconnect-n2-1,disconnect,1.0,8,119.76800000000004,2,1000,1,2,1,2,1,2,1,2,1,False,1,1,0,1,1,0
s07-r2-disconnect-n2-1,7,2,disconnect-n2-1,disconnect,1.0,9,160.7520000000004,1,1000,1,1,1,1,1,2,1,2,1,False,1,1,0,0,0,0
s07-r2-disconnect-n2-1,7,2,disconnect-n2-1,disconnect,1.0,10,176.71999999999937,2,1000,1,2,1,2,1,2,1,2,1,False,1,1,0,1,1,0
s07-r2-disconnect-n2-1,7,2,disconnect-n2-1,disconnect,1.0,11,192.6560000000009,2,1000,1,2,1,2,1,2,1,2,1,False,1,1,0,1,1,0
s07-r2-disconnect-n2-1,7,2,disconnect-n2-1,disconnect,1.0,12,200.5,1,1000,1,1,1,1,1,1,1,1,1,False,1,1,0,1,1,0
s07-r2-disconnect-n2-1,7,2,disconnect-n2-1,disconnect,1.0,13,216.9320000000007,2,1000,1,2,1,2,1,2,1,2,1,False,1,1,0,1,1,0
s07-r2-disconnect-n2-1,7,2,disconnect-n2-1,disconnect,1.0,14,224.83200000000036,1,1000,1,2,1,2,1,2,1,2,1,False,0,0,0,0,0,0
s07-r2-disconnect-n2-1,7,2,disconnect-n2-1,disconnect,1.0,15,249.64799999999923,1,1000,1,2,1,2,1,1,1,1,1,False,0,0,0,1,1,0
s07-r2-disconnect-n2-1,7,2,disconnect-n2-1,disconnect,1.0,16,282.8080000000009,2,1000,1,2,1,2,1,2,1,2,1,False,1,1,0,1,1,0
s07-r2-disconnect-n2-1,7,2,disconnect-n2-1,disconnect,1.0,17,290.88800000000083,1,1000,1,2,1,2,1,2,1,2,1,False,0,0,0,0,0,0
s07-r2-disconnect-n2-1,7,2,disconnect-n2-1,disconnect,1.0,18,298.77599999999984,2,1000,1,2,1,2,1,2,1,2,1,False,1,1,0,1,1,0
s07-r2-disconnect-n2-1,7,2,disconnect-n2-1,disconnect,1.0,19,314.3279999999995,2,1000,1,2,1,2,1,2,1,2,1,False,1,1,0,1,1,0
s07-r2-disconnect-n2-1,7,2,disconnect-n2-1,disconnect,1.0,20,338.52399999999943,2,1000,1,2,1,2,1,2,1,2,1,False,1,1,0,1,1,0
s07-r2-disconnect-n2-1,7,2,disconnect-n2-1,disconnect,1.0,21,347.0,2,1000,1,2,1,2,1,2,1,2,1,False,1,1,0,1,1,0
s07-r2-disconnect-n2-1,7,2,disconnect-n2-1,disconnect,1.0,22,354.6239999999998,2,1000,1,2,1,2,1,2,1,2,1,False,1,1,0,1,1,0
s07-r2-disconnect-n2-1,7,2,disconnect-n2-1,disconnect,1.0,23,379.02800000000025,1,1000,1,2,1,2,1,1,1,1,1,False,0,0,0,1,1,0
s07-r2-disconnect-n20-1,7,2,disconnect-n20-1,disconnect,1.0,0,1.0,1,1000,1,1,1,1,1,2,1,2,1,False,1,1,0,0,0,0
s07-r2-disconnect-n20-1,7,2,disconnect-n20-1,disconnect,1.0,1,9.012000000000626,1,1000,1,2,1,2,1,1,1,1,1,False,0,0,0,1,1,0
s07-r2-disconnect-n20-1,7,2,disconnect-n20-1,disconnect,1.0,2,24.49200000000019,2,1000,1,2,1,2,1,2,1,2,1,False,1,1,0,1,1,0
s07-r2-disconnect-n20-1,7,2,disconnect-n20-1,disconnect,1.0,3,32.52399999999943,1,1000,1,2,1,2,1,1,1,1,1,False,0,0,0,1,1,0
s07-r2-disconnect-n20-1,7,2,disconnect-n20-1,disconnect,1.0,4,48.63600000000042,1,1000,1,2,1,2,1,1,1,1,1,False,0,0,0,1,1,0
s07-r2-disconnect-n20-1,7,2,disconnect-n20-1,disconnect,1.0,5,64.55999999999949,2,1000,1,2,1,2,1,2,1,2,1,False,1,1,0,1,1,0
s07-r2-disconnect-n20-1,7,2,disconnect-n20-1,disconnect,1.0,6,80.17599999999948,1,1000,1,2,1,2,1,2,1,2,1,False,0,0,0,0,0,0
s07-r2-disconnect-n20-1,7,2,disconnect-n20-1,disconnect,1.0,7,103.42000000000009,1,1000,1,2,1,2,1,2,1,2,1,False,0,0,0,0,0,0
s07-r2-disconnect-n20-1,7,2,disconnect-n20-1,disconnect,1.0,8,119.76800000000004,2,1000,1,2,1,2,1,2,1,2,1,False,1,1,0,1,1,0
s07-r2-disconnect-n20-1,7,2,disconnect-n20-1,disconnect,1.0,9,160.7520000000004,1,1000,1,1,1,1,1,2,1,2,1,False,1,1,0,0,0,0
s07-r2-disconnect-n20-1,7,2,disconnect-n20-1,disconnect,1.0,10,176.71999999999937,2,800,1,2,1,2,1,1,1,2,1,True,1,1,0,0,1,1
s07-r2-disconnect-n20-1,7,2,disconnect-n20-1,disconnect,1.0,11,192.6560000000009,2,620,1,2,1,2,1,2,1,2,1,True,1,1,0,1,1,0
s07-r2-disconnect-n20-1,7,2,disconnect-n20-1,disconnect,1.0,12,200.5,1,1000,1,1,1,1,1,1,1,1,1,False,1,1,0,1,1,0
s07-r2-disconnect-n20-1,7,2,disconnect-n20-1,disconnect,1.0,13,216.9320000000007,2,1000,1,2,1,2,1,2,1,2,1,False,1,1,0,1,1,0
s07-r2-disconnect-n20-1,7,2,disconnect-n20-1,disconnect,1.0,14,224.83200000000036,1,1000,1,2,1,2,1,2,1,2,1,False,0,0,0,0,0,0
s07-r2-disconnect-n20-1,7,2,disconnect-n20-1,disconnect,1.0,15,249.64799999999923,1,1000,1,2,1,2,1,1,1,1,1,False,0,0,0,1,1,0
s07-r2-disconnect-n20-1,7,2,disconnect-n20-1,disconnect,1.0,16,282.8079999999991,2,1000,1,2,1,2,1,2,1,2,1,False,1,1,0,1,1,0
s07-r2-disconnect-n20-1,7,2,disconnect-n20-1,disconnect,1.0,17,290.88800000000083,1,620,1,2,1,2,1,2,1,2,1,True,0,0,0,0,0,0
s07-r2-disconnect-n20-1,7,2,disconnect-n20-1,disconnect,1.0,18,298.77599999999984,2,1000,1,2,1,2,1,2,1,2,1,False,1,1,0,1,1,0
s07-r2-disconnect-n20-1,7,2,disconnect-n20-1,disconnect,1.0,19,314.3279999999995,2,1000,1,2,1,2,1,2,1,2,1,False,1,1,0,1,1,0
s07-r2-disconnect-n20-1,7,2,disconnect-n20-1,disconnect,1.0,20,338.52399999999943,2,889,1,2,1,2,1,2,1,2,1,True,1,1,0,1,1,0
s07-r2-disconnect-n20-1,7,2,disconnect-n20-1,disconnect,1.0,21,347.0,2,1000,1,2,1,2,1,2,1,2,1,False,1,1,0,1,1,0
s07-r2-disconnect-n20-1,7,2,disconnect-n20-1,disconnect,1.0,22,354.6239999999998,2,1000,1,2,1,2,1,2,1,2,1,False,1,1,0,1,1,0
s07-r2-disconnect-n20-1,7,2,disconnect-n20-1,disconnect,1.0,23,379.02800000000025,1,1000,1,2,1,2,1,1,1,1,1,False,0,0,0,1,1,0
s07-r2-disconnect-n5-1,7,2,disconnect-n5-1,disconnect,1.0,0,1.0,1,1000,1,1,1,1,1,2,1,2,1,False,1,1,0,0,0,0
s07-r2-disconnect-n5-1,7,2,disconnect-n5-1,disconnect,1.0,1,9.012000000000626,1,1000,1,2,1,2,1,1,1,1,1,False,0,0,0,1,1,0
s07-r2-disconnect-n5-1,7,2,disconnect-n5-1,disconnect,1.0,2,24.49200000000019,2,1000,1,2,1,2,1,2,1,2,1,False,1,1,0,1,1,0
s07-r2-disconnect-n5-1,7,2,disconnect-n5-1,disconnect,1.0,3,32.52399999999943,1,1000,1,2,1,2,1,1,1,1,1,False,0,0,0,1,1,0
s07-r2-disconnect-n5-1,7,2,disconnect-n5-1,disconnect,1.0,4,48.63600000000042,1,1000,1,2,1,2,1,1,1,1,1,False,0,0,0,1,1,0
s07-r2-disconnect-n5-1,7,2,disconnect-n5-1,disconnect,1.0,5,64.55999999999949,2,1000,1,2,1,2,1,2,1,2,1,False,1,1,0,1,1,0
s07-r2-disconnect-n5-1,7,2,disconnect-n5-1,disconnect,1.0,6,80.17599999999948,1,1000,1,2,1,2,1,2,1,2,1,False,0,0,0,0,0,0
s07-r2-disconnect-n5-1,7,2,disconnect-n5-1,disconnect,1.0,7,103.42000000000009,1,1000,1,2,1,2,1,2,1,2,1,False,0,0,0,0,0,0
s07-r2-disconnect-n5-1,7,2,disconnect-n5-1,disconnect,1.0,8,119.76800000000004,2,1000,1,2,1,2,1,2,1,2,1,False,1,1,0,1,1,0
s07-r2-disconnect-n5-1,7,2,disconnect-n5-1,disconnect,1.0,9,160.7520000000004,1,751,1,1,1,1,1,2,1,2,1,True,1,1,0,0,0,0
s07-r2-disconnect-n5-1,7,2,disconnect-n5-1,disconnect,1.0,10,176.71999999999937,2,1000,1,2,1,2,1,2,1,2,1,False,1,1,0,1,1,0
s07-r2-disconnect-n5-1,7,2,disconnect-n5-1,disconnect,1.0,11,192.6560000000009,2,1000,1,2,1,2,1,2,1,2,1,False,1,1,0,1,1,0
s07-r2-disconnect-n5-1,7,2,disconnect-n5-1,disconnect,1.0,12,200.5,1,1000,1,1,1,1,1,1,1,1,1,False,1,1,0,1,1,0
s07-r2-disconnect-n5-1,7,2,disconnect-n5-1,disconnect,1.0,13,216.9320000000007,2,1000,1,2,1,2,1,2,1,2,1,False,1,1,0,1,1,0
s07-r2-disconnect-n5-1,7,2,disconnect-n5-1,disconnect,1.0,14,224.83200000000036,1,1000,1,2,1,2,1,2,1,2,1,False,0,0,0,0,0,0
s07-r2-disconnect-n5-1,7,2,disconnect-n5-1,disconnect,1.0,15,249.64799999999923,1,1000,1,2,1,2,1,1,1,1,1,False,0,0,0,1,1,0
s07-r2-disconnect-n5-1,7,2,disconnect-n5-1,disconnect,1.0,16,282.8079999999991,2,1000,1,2,1,2,1,2,1,2,1,False,1,1,0,1,1,0
s07-r2-disconnect-n5-1,7,2,disconnect-n5-1,disconnect,1.0,17,290.88800000000083,1,1000,1,2,1,2,1,2,1,2,1,False,0,0,0,0,0,0
s07-r2-disconnect-n5-1,7,2,disconnect-n5-1,disconnect,1.0,18,298.77599999999984,2,1000,1,2,1,2,1,2,1,2,1,False,1,1,0,1,1,0
s07-r2-disconnect-n5-1,7,2,disconnect-n5-1,disconnect,1.0,19,314.3279999999995,2,620,1,2,1,2,1,1,1,2,1,True,1,1,0,0,1,1
s07-r2-disconnect-n5-1,7,2,disconnect-n5-1,disconnect,1.0,20,338.52399999999943,2,1000,1,2,1,2,1,2,1,2,1,False,1,1,0,1,1,0
s07-r2-disconnect-n5-1,7,2,disconnect-n5-1,disconnect,1.0,21,347.0,2,1000,1,2,1,2,1,2,1,2,1,False,1,1,0,1,1,0
s07-r2-disconnect-n5-1,7,2,disconnect-n5-1,disconnect,1.0,22,354.6239999999998,2,1000,1,2,1,2,1,2,1,2,1,False,1,1,0,1,1,0
s07-r2-disconnect-n5-1,7,2,disconnect-n5-1,disconnect,1.0,23,379.02800000000025,1,1000,1,2,1,2,1,1,1,1,1,False,0,0,0,1,1,0
s07-r3-disconnect-n10-1,7,3,disconnect-n10-1,disconnect,1.0,0,1.0,2,1000,1,2,1,2,1,2,1,2,1,False,1,1,0,1,1,0
s07-r3-disconnect-n10-1,7,3,disconnect-n10-1,disconnect,1.0,1,16.683999999999287,1,1000,1,1,1,1,1,2,1,2,1,False,1,1,0,0,0,0
s07-r3-disconnect-n10-1,7,3,disconnect-n10-1,disconnect,1.0,2,48.63600000000042,1,620,1,1,1,1,1,1,1,1,1,True,1,1,0,1,1,0
s07-r3-disconnect-n10-1,7,3,disconnect-n10-1,disconnect,1.0,3,56.83599999999933,1,1000,1,2,1,2,1,1,1,1,1,False,0,0,0,1,1,0
s07-r3-disconnect-n10-1,7,3,disconnect-n10-1,disconnect,1.0,4,72.55199999999968,2,1000,1,2,1,2,1,2,1,2,1,False,1,1,0,1,1,0
s07-r3-disconnect-n10-1,7,3,disconnect-n10-1,disconnect,1.0,5,103.42000000000009,2,1000,1,2,1,2,1,2,1,2,1,False,1,1,0,1,1,0
s07-r3-disconnect-n10-1,7,3,disconnect-n10-1,disconnect,1.0,6,111.28800000000048,1,1000,1,2,1,2,1,2,1,2,1,False,0,0,0,0,0,0
s07-r3-disconnect-n10-1,7,3,disconnect-n10-1,disconnect,1.0,7,127.79999999999929,2,980,1,2,1,2,1,1,1,1,1,True,1,1,0,0,0,0
s07-r3-disconnect-n10-1,7,3,disconnect-n10-1,disconnect,1.0,8,144.20800000000054,1,1000,1,2,1,2,1,1,1,1,1,False,0,0,0,1,1,0
s07-r3-disconnect-n10-1,7,3,disconnect-n10-1,disconnect,1.0,9,169.07200000000012,2,1000,1,2,1,2,1,1,1,1,1,False,1,1,0,0,0,0
s07-r3-disconnect-n10-1,7,3,disconnect-n10-1,disconnect,1.0,10,192.6560000000009,1,635,1,1,1,1,1,1,1,1,1,True,1,1,0,1,1,0
s07-r3-disconnect-n10-1,7,3,disconnect-n10-1,disconnect,1.0,11,200.5,2,1000,1,2,1,2,1,2,1,2,1,False,1,1,0,1,1,0
s07-r3-disconnect-n10-1,7,3,disconnect-n10-1,disconnect,1.0,12,208.9159999999993,2,1000,1,2,1,2,1,2,1,2,1,False,1,1,0,1,1,0
s07-r3-disconnect-n10-1,7,3,disconnect-n10-1,disconnect,1.0,13,232.9359999999997,2,1000,1,2,1,2,1,2,1,2,1,False,1,1,0,1,1,0
s07-r3-disconnect-n10-1,7,3,disconnect-n10-1,disconnect,1.0,14,241.21999999999932,1,1000,1,2,1,2,1,1,1,1,1,False,0,0,0,1,1,0
s07-r3-disconnect-n10-1,7,3,disconnect-n10-1,disconnect,1.0,15,249.64799999999923,1,1000,1,2,1,2,1,1,1,1,1,False,0,0,0,1,1,0
s07-r3-disconnect-n10-1,7,3,disconnect-n10-1,disconnect,1.0,16,266.3799999999992,2,1000,1,2,1,2,1,1,1,1,1,False,1,1,0,0,0,0
s07-r3-disconnect-n10-1,7,3,disconnect-n10-1,disconnect,1.0,17,274.5519999999997,1,1000,1,1,1,1,1,1,1,1,1,False,1,1,0,1,1,0
s07-r3-disconnect-n10-1,7,3,disconnect-n10-1,disconnect,1.0,18,290.88800000000083,2,743,1,2,1,2,1,1,1,2,1,True,1,1,0,0,1,1
s07-r3-disconnect-n10-1,7,3,disconnect-n10-1,disconnect,1.0,19,298.77599999999984,2,1000,1,2,1,2,1,2,1,2,1,False,1,1,0,1,1,0
s07-r3-disconnect-n10-1,7,3,disconnect-n10-1,disconnect,1.0,20,314.3279999999995,1,892,1,1,1,1,1,1,1,1,1,True,1,1,0,1,1,0
s07-r3-disconnect-n10-1,7,3,disconnect-n10-1,disconnect,1.0,21,362.3359999999993,1,1000,1,2,1,2,1,1,1,1,1,False,0,0,0,1,1,0
s07-r3-disconnect-n10-1,7,3,disconnect-n10-1,disconnect,1.0,22,370.79199999999946,2,1000,1,2,1,2,1,2,1,2,1,False,1,1,0,1,1,0
s07-r3-disconnect-n10-1,7,3,disconnect-n10-1,disconnect,1.0,23,379.02800000000025,1,1000,1,2,1,2,1,2,1,2,1,False,0,0,0,0,0,0
s07-r3-disconnect-n2-1,7,3,disconnect-n2-1,disconnect,1.0,0,1.0,2,1000,1,2,1,2,1,2,1,2,1,False,1,1,0,1,1,0
s07-r3-disconnect-n2-1,7,3,disconnect-n2-1,disconnect,1.0,1,16.683999999999287,1,1000,1,1,1,1,1,2,1,2,1,False,1,1,0,0,0,0
s07-r3-disconnect-n2-1,7,3,disconnect-n2-1,disconnect,1.0,2,48.63600000000042,1,1000,1,1,1,1,1,1,1,1,1,False,1,1,0,1,1,0
s07-r3-disconnect-n2-1,7,3,disconnect-n2-1,disconnect,1.0,3,56.83599999999933,1,1000,1,2,1,2,1,1,1,1,1,False,0,0,0,1,1,0
s07-r3-disconnect-n2-1,7,3,disconnect-n2-1,disconnect,1.0,4,72.55199999999968,2,1000,1,2,1,2,1,2,1,2,1,False,1,1,0,1,1,0
s07-r3-disconnect-n2-1,7,3,disconnect-n2-1,disconnect,1.0,5,103.42000000000009,2,1000,1,2,1,2,1,2,1,2,1,False,1,1,0,1,1,0
s07-r3-disconnect-n2-1,7,3,disconnect-n2-1,disconnect,1.0,6,111.28800000000048,1,1000,1,2,1,2,1,2,1,2,1,False,0,0,0,0,0,0
s07-r3-disconnect-n2-1,7,3,disconnect-n2-1,disconnect,1.0,7,127.79999999999929,2,1000,1,2,1,2,1,1,1,1,1,False,1,1,0,0,0,0
s07-r3-disconnect-n2-1,7,3,disconnect-n2-1,disconnect,1.0,8,144.20800000000054,1,1000,1,2,1,2,1,1,1,1,1,False,0,0,0,1,1,0
s07-r3-disconnect-n2-1,7,3,disconnect-n2-1,disconnect,1.0,9,169.07200000000012,2,1000,1,2,1,2,1,1,1,1,1,False,1,1,0,0,0,0
s07-r3-disconnect-n2-1,7,3,disconnect-n2-1,disconnect,1.0,10,192.6560000000009,1,1000,1,1,1,1,1,1,1,1,1,False,1,1,0,1,1,0
s07-r3-disconnect-n2-1,7,3,disconnect-n2-1,disconnect,1.0,11,200.5,2,1000,1,2,1,2,1,2,1,2,1,False,1,1,0,1,1,0
s07-r3-disconnect-n2-1,7,3,disconnect-n2-1,disconnect,1.0,12,208.9159999999993,2,1000,1,2,1,2,1,2,1,2,1,False,1,1,0,1,1,0
s07-r3-disconnect-n2-1,7,3,disconnect-n2-1,disconnect,1.0,13,232.9359999999997,2,1000,1,2,1,2,1,2,1,2,1,False,1,1,0,1,1,0
s07-r3-disconnect-n2-1,7,3,disconnect-n2-1,disconnect,1.0,14,241.21999999999932,1,1000,1,2,1,2,1,1,1,1,1,False,0,0,0,1,1,0
s07-r3-disconnect-n2-1,7,3,disconnect-n2-1,disconnect,1.0,15,249.64799999999923,1,1000,1,2,1,2,1,1,1,1,1,False,0,0,0,1,1,0
s07-r3-disconnect-n2-1,7,3,disconnect-n2-1,disconnect,1.0,16,266.3799999999992,2,1000,1,2,1,2,1,1,1,1,1,False,1,1,0,0,0,0
s07-r3-disconnect-n2-1,7,3,disconnect-n2-1,disconnect,1.0,17,274.5519999999997,1,1000,1,1,1,1,1,1,1,1,1,False,1,1,0,1,1,0
s07-r3-disconnect-n2-1,7,3,disconnect-n2-1,disconnect,1.0,18,290.88800000000083,2,1000,1,2,1,2,1,2,1,2,1,False,1,1,0,1,1,0
s07-r3-disconnect-n2-1,7,3,disconnect-n2-1,disconnect,1.0,19,298.77599999999984,2,1000,1,2,1,2,1,2,1,2,1,False,1,1,0,1,1,0
s07-r3-disconnect-n2-1,7,3,disconnect-n2-1,disconnect,1.0,20,314.3279999999995,1,1000,1,1,1,1,1,1,1,1,1,False,1,1,0,1,1,0
s07-r3-disconnect-n2-1,7,3,disconnect-n2-1,disconnect,1.0,21,362.3359999999993,1,1000,1,2,1,2,1,1,1,1,1,False,0,0,0,1,1,0
s07-r3-disconnect-n2-1,7,3,disconnect-n2-1,disconnect,1.0,22,370.79199999999946,2,1000,1,2,1,2,1,2,1,2,1,False,1,1,0,1,1,0
s07-r3-disconnect-n2-1,7,3,disconnect-n2-1,disconnect,1.0,23,379.02800000000025,1,1000,1,2,1,2,1,2,1,2,1,False,0,0,0,0,0,0
s07-r3-disconnect-n20-1,7,3,disconnect-n20-1,disconnect,1.0,0,1.0,2,1000,1,2,1,2,1,2,1,2,1,False,1,1,0,1,1,0
s07-r3-disconnect-n20-1,7,3,disconnect-n20-1,disconnect,1.0,1,16.683999999999287,1,620,1,1,1,1,1,2,1,2,1,True,1,1,0,0,0,0
s07-r3-disconnect-n20-1,7,3,disconnect-n20-1,disconnect,1.0,2,48.63600000000042,1,1000,1,1,1,1,1,1,1,1,1,False,1,1,0,1,1,0
s07-r3-disconnect-n20-1,7,3,disconnect-n20-1,disconnect,1.0,3,56.83599999999933,1,620,1,2,1,2,1,1,1,1,1,True,0,0,0,1,1,0
s07-r3-disconnect-n20-1,7,3,disconnect-n20-1,disconnect,1.0,4,72.55199999999968,2,1000,1,2,1,2,1,2,1,2,1,False,1,1,0,1,1,0
s07-r3-disconnect-n20-1,7,3,disconnect-n20-1,disconnect,1.0,5,103.42000000000009,2,1000,1,2,1,2,1,2,1,2,1,False,1,1,0,1,1,0
s07-r3-disconnect-n20-1,7,3,disconnect-n20-1,disconnect,1.0,6,111.28800000000048,1,620,1,2,1,2,1,2,1,2,1,True,0,0,0,0,0,0
s07-r3-disconnect-n20-1,7,3,disconnect-n20-1,disconnect,1.0,7,127.79999999999929,2,620,1,2,1,2,1,1,1,1,1,True,1,1,0,0,0,0
s07-r3-disconnect-n20-1,7,3,disconnect-n20-1,disconnect,1.0,8,144.20800000000054,1,718,1,2,1,2,1,1,1,1,1,True,0,0,0,1,1,0
s07-r3-disconnect-n20-1,7,3,disconnect-n20-1,disconnect,1.0,9,169.07200000000012,2,1000,1,2,1,2,1,1,1,1,1,False,1,1,0,0,0,0
s07-r3-disconnect-n20-1,7,3,disconnect-n20-1,disconnect,1.0,10,192.6560000000009,1,1000,1,1,1,1,1,1,1,1,1,False,1,1,0,1,1,0
s07-r3-disconnect-n20-1,7,3,disconnect-n20-1,disconnect,1.0,11,200.5,2,925,1,2,1,2,1,2,1,2,1,True,1,1,0,1,1,0
s07-r3-disconnect-n20-1,7,3,disconnect-n20-1,disconnect,1.0,12,208.9159999999993,2,1000,1,2,1,2,1,2,1,2,1,False,1,1,0,1,1,0
s07-r3-disconnect-n20-1,7,3,disconnect-n20-1,disconnect,1.0,13,232.9359999999997,2,1000,1,2,1,2,1,2,1,2,1,False,1,1,0,1,1,0
s07-r3-disconnect-n20-1,7,3,disconnect-n20-1,disconnect,1.0,14,241.21999999999932,1,1000,1,2,1,2,1,1,1,1,1,False,0,0,0,1,1,0
s07-r3-disconnect-n20-1,7,3,disconnect-n20-1,disconnect,1.0,15,249.64799999999923,1,1000,1,2,1,2,1,1,1,1,1,False,0,0,0,1,1,0
s07-r3-disconnect-n20-1,7,3,disconnect-n20-1,disconnect,1.0,16,266.3799999999992,2,1000,1,2,1,2,1,1,1,1,1,False,1,1,0,0,0,0
s07-r3-disconnect-n20-1,7,3,disconnect-n20-1,disconnect,1.0,17,274.5519999999997,1,988,1,1,1,1,1,1,1,1,1,True,1,1,0,1,1,0
s07-r3-disconnect-n20-1,7,3,disconnect-n20-1,disconnect,1.0,18,290.88800000000083,2,1000,1,2,1,2,1,2,1,2,1,False,1,1,0,1,1,0
s07-r3-disconnect-n20-1,7,3,disconnect-n20-1,disconnect,1.0,19,298.77599999999984,2,1000,1,2,1,2,1,2,1,2,1,False,1,1,0,1,1,0
s07-r3-disconnect-n20-1,7,3,disconnect-n20-1,disconnect,1.0,20,314.3279999999995,1,1000,1,1,1,1,1,1,1,1,1,False,1,1,0,1,1,0
s07-r3-disconnect-n20-1,7,3,disconnect-n20-1,disconnect,1.0,21,362.3359999999993,1,1000,1,2,1,2,1,1,1,1,1,False,0,0,0,1,1,0
s07-r3-disconnect-n20-1,7,3,disconnect-n20-1,disconnect,1.0,22,370.79199999999946,2,1000,1,2,1,2,1,2,1,2,1,False,1,1,0,1,1,0
s07-r3-disconnect-n20-1,7,3,disconnect-n20-1,disconnect,1.0,23,379.02800000000025,1,1000,1,2,1,2,1,2,1,2,1,False,0,0,0,0,0,0
s07-r3-disconnect-n5-1,7,3,disconnect-n5-1,disconnect,1.0,0,1.0,2,1000,1,2,1,2,1,2,1,2,1,False,1,1,0,1,1,0
s07-r3-disconnect-n5-1,7,3,disconnect-n5-1,disconnect,1.0,1,16.683999999999287,1,1000,1,1,1,1,1,2,1,2,1,False,1,1,0,0,0,0
s07-r3-disconnect-n5-1,7,3,disconnect-n5-1,disconnect,1.0,2,48.63600000000042,1,1000,1,1,1,1,1,1,1,1,1,False,1,1,0,1,1,0
s07-r3-disconnect-n5-1,7,3,disconnect-n5-1,disconnect,1.0,3,56.83599999999933,1,1000,1,2,1,2,1,1,1,1,1,False,0,0,0,1,1,0
s07-r3-disconnect-n5-1,7,3,disconnect-n5-1,disconnect,1.0,4,72.55199999999968,2,1000,1,2,1,2,1,2,1,2,1,False,1,1,0,1,1,0
s07-r3-disconnect-n5-1,7,3,disconnect-n5-1,disconnect,1.0,5,103.42000000000009,2,1000,1,2,1,2,1,2,1,2,1,False,1,1,0,1,1,0
s07-r3-disconnect-n5-1,7,3,disconnect-n5-1,disconnect,1.0,6,111.28800000000048,1,848,1,2,1,2,1,2,1,2,1,True,0,0,0,0,0,0
s07-r3-disconnect-n5-1,7,3,disconnect-n5-1,disconnect,1.0,7,127.79999999999929,2,1000,1,2,1,2,1,1,1,1,1,False,1,1,0,0,0,0
s07-r3-disconnect-n5-1,7,3,disconnect-n5-1,disconnect,1.0,8,144.20800000000054,1,1000,1,2,1,2,1,1,1,1,1,False,0,0,0,1,1,0
s07-r3-disconnect-n5-1,7,3,disconnect-n5-1,disconnect,1.0,9,169.07200000000012,2,1000,1,2,1,2,1,1,1,1,1,False,1,1,0,0,0,0
s07-r3-disconnect-n5-1,7,3,disconnect-n5-1,disconnect,1.0,10,192.6560000000009,1,1000,1,1,1,1,1,1,1,1,1,False,1,1,0,1,1,0
s07-r3-disconnect-n5-1,7,3,disconnect-n5-1,disconnect,1.0,11,200.5,2,1000,1,2,1,2,1,2,1,2,1,False,1,1,0,1,1,0
s07-r3-disconnect-n5-1,7,3,disconnect-n5-1,disconnect,1.0,12,208.9159999999993,2,1000,1,2,1,2,1,2,1,2,1,False,1,1,0,1,1,0
s07-r3-disconnect-n5-1,7,3,disconnect-n5-1,disconnect,1.0,13,232.9359999999997,2,1000,1,2,1,2,1,2,1,2,1,False,1,1,0,1,1,0
s07-r3-disconnect-n5-1,7,3,disconnect-n5-1,disconnect,1.0,14,241.21999999999932,1,755,1,2,1,2,1,1,1,1,1,True,0,0,0,1,1,0
s07-r3-disconnect-n5-1,7,3,disconnect-n5-1,disconnect,1.0,15,249.64799999999923,1,1000,1,2,1,2,1,1,1,1,1,False,0,0,0,1,1,0
s07-r3-disconnect-n5-1,7,3,disconnect-n5-1,disconnect,1.0,16,266.3799999999992,2,1000,1,2,1,2,1,1,1,1,1,False,1,1,0,0,0,0
s07-r3-disconnect-n5-1,7,3,disconnect-n5-1,disconnect,1.0,17,274.5519999999997,1,1000,1,1,1,1,1,1,1,1,1,False,1,1,0,1,1,0
s07-r3-disconnect-n5-1,7,3,disconnect-n5-1,disconnect,1.0,18,290.88800000000083,2,1000,1,2,1,2,1,2,1,2,1,False,1,1,0,1,1,0
s07-r3-disconnect-n5-1,7,3,disconnect-n5-1,disconnect,1.0,19,298.77599999999984,2,1000,1,2,1,2,1,2,1,2,1,False,1,1,0,1,1,0
s07-r3-disconnect-n5-1,7,3,disconnect-n5-1,disconnect,1.0,20,314.3279999999995,1,1000,1,1,1,1,1,1,1,1,1,False,1,1,0,1,1,0
s07-r3-disconnect-n5-1,7,3,disconnect-n5-1,disconnect,1.0,21,362.3359999999993,1,1000,1,2,1,2,1,1,1,1,1,False,0,0,0,1,1,0
s07-r3-disconnect-n5-1,7,3,disconnect-n5-1,disconnect,1.0,22,370.79199999999946,2,1000,1,2,1,2,1,2,1,2,1,False,1,1,0,1,1,0
s07-r3-disconnect-n5-1,7,3,disconnect-n5-1,disconnect,1.0,23,379.02800000000025,1,1000,1,2,1,2,1,2,1,2,1,False,0,0,0,0,0,0
s07-r4-disconnect-n10-1,7,4,disconnect-n10-1,disconnect,1.0,0,1.0,2,1000,1,2,1,2,1,2,1,2,1,False,1,1,0,1,1,0
s07-r4-disconnect-n10-1,7,4,disconnect-n10-1,disconnect,1.0,1,9.012000000000626,1,1000,1,2,1,2,1,1,1,1,1,False,0,0,0,1,1,0
s07-r4-disconnect-n10-1,7,4,disconnect-n10-1,disconnect,1.0,2,16.683999999999287,1,1000,1,2,1,2,1,1,1,1,1,False,0,0,0,1,1,0
s07-r4-disconnect-n10-1,7,4,disconnect-n10-1,disconnect,1.0,3,40.96800000000076,2,1000,1,2,1,2,1,2,1,2,1,False,1,1,0,1,1,0
s07-r4-disconnect-n10-1,7,4,disconnect-n10-1,disconnect,1.0,4,64.55999999999949,1,1000,1,2,1,2,1,2,1,2,1,False,0,0,0,0,0,0
s07-r4-disconnect-n10-1,7,4,disconnect-n10-1,disconnect,1.0,5,80.17599999999948,1,1000,1,2,1,2,1,2,1,2,1,False,0,0,0,0,0,0
s07-r4-disconnect-n10-1,7,4,disconnect-n10-1,disconnect,1.0,6,87.7559999999994,1,1000,1,1,1,1,1,1,1,1,1,False,1,1,0,1,1,0
s07-r4-disconnect-n10-1,7,4,disconnect-n10-1,disconnect,1.0,7,95.64400000000025,2,1000,1,2,1,2,1,1,1,1,1,False,1,1,0,0,0,0
s07-r4-disconnect-n10-1,7,4,disconnect-n10-1,disconnect,1.0,8,119.76800000000004,2,1000,1,2,1,2,1,2,1,2,1,False,1,1,0,1,1,0
s07-r4-disconnect-n10-1,7,4,disconnect-n10-1,disconnect,1.0,9,169.07200000000012,2,1000,1,2,1,2,1,2,1,2,1,False,1,1,0,1,1,0
s07-r4-disconnect-n10-1,7,4,disconnect-n10-1,disconnect,1.0,10,176.71999999999937,2,1000,1,2,1,2,1,1,1,1,1,False,1,1,0,0,0,0
s07-r4-disconnect-n10-1,7,4,disconnect-n10-1,disconnect,1.0,11,192.6560000000009,1,1000,1,2,1,2,1,1,1,1,1,False,0,0,0,1,1,0
s07-r4-disconnect-n10-1,7,4,disconnect-n10-1,disconnect,1.0,12,200.5,2,620,1,1,1,2,1,1,1,2,1,True,0,1,1,0,1,1
s07-r4-disconnect-n10-1,7,4,disconnect-n10-1,disconnect,1.0,13,208.9159999999993,2,1000,1,2,1,2,1,2,1,2,1,False,1,1,0,1,1,0
s07-r4-disconnect-n10-1,7,4,disconnect-n10-1,disconnect,1.0,14,216.9320000000007,2,1000,1,2,1,2,1,2,1,2,1,False,1,1,0,1,1,0
s07-r4-disconnect-n10-1,7,4,disconnect-n10-1,disconnect,1.0,15,241.21999999999932,1,1000,1,1,1,1,1,1,1,1,1,False,1,1,0,1,1,0
s07-r4-disconnect-n10-1,7,4,disconnect-n10-1,disconnect,1.0,16,258.0159999999996,1,1000,1,1,1,1,1,2,1,2,1,False,1,1,0,0,0,0
s07-r4-disconnect-n10-1,7,4,disconnect-n10-1,disconnect,1.0,17,274.5519999999997,1,1000,1,1,1,1,1,1,1,1,1,False,1,1,0,1,1,0
s07-r4-disconnect-n10-1,7,4,disconnect-n10-1,disconnect,1.0,18,290.88800000000083,1,1000,1,2,1,2,1,1,1,1,1,False,0,0,0,1,1,0
s07-r4-disconnect-n10-1,7,4,disconnect-n10-1,disconnect,1.0,19,306.6280000000006,1,1000,1,2,1,2,1,2,1,2,1,False,0,0,0,0,0,0
s07-r4-disconnect-n10-1,7,4,disconnect-n10-1,disconnect,1.0,20,314.3279999999995,2,1000,1,2,1,2,1,2,1,2,1,False,1,1,0,1,1,0
s07-r4-disconnect-n10-1,7,4,disconnect-n10-1,disconnect,1.0,21,347.0,1,1000,1,2,1,2,1,1,1,1,1,False,0,0,0,1,1,0
s07-r4-disconnect-n10-1,7,4,disconnect-n10-1,disconnect,1.0,22,354.6239999999998,2,1000,1,2,1,2,1,2,1,2,1,False,1,1,0,1,1,0
s07-r4-disconnect-n10-1,7,4,disconnect-n10-1,disconnect,1.0,23,370.79199999999946,2,1000,1,2,1,2,1,2,1,2,1,False,1,1,0,1,1,0
s07-r4-disconnect-n2-1,7,4,disconnect-n2-1,disconnect,1.0,0,1.0,2,1000,1,2,1,2,1,2,1,2,1,False,1,1,0,1,1,0
s07-r4-disconnect-n2-1,7,4,disconnect-n2-1,disconnect,1.0,1,9.012000000000626,1,1000,1,2,1,2,1,1,1,1,1,False,0,0,0,1,1,0
s07-r4-disconnect-n2-1,7,4,disconnect-n2-1,disconnect,1.0,2,16.683999999999287,1,1000,1,2,1,2,1,1,1,1,1,False,0,0,0,1,1,0
s07-r4-disconnect-n2-1,7,4,disconnect-n2-1,disconnect,1.0,3,40.96800000000076,2,1000,1,2,1,2,1,2,1,2,1,False,1,1,0,1,1,0
s07-r4-disconnect-n2-1,7,4,disconnect-n2-1,disconnect,1.0,4,64.55999999999949,1,1000,1,2,1,2,1,2,1,2,1,False,0,0,0,0,0,0
s07-r4-disconnect-n2-1,7,4,disconnect-n2-1,disconnect,1.0,5,80.17599999999948,1,1000,1,2,1,2,1,2,1,2,1,False,0,0,0,0,0,0
s07-r4-disconnect-n2-1,7,4,disconnect-n2-1,disconnect,1.0,6,87.7559999999994,1,1000,1,1,1,1,1,1,1,1,1,False,1,1,0,1,1,0
s07-r4-disconnect-n2-1,7,4,disconnect-n2-1,disconnect,1.0,7,95.64400000000025,2,1000,1,2,1,2,1,1,1,1,1,False,1,1,0,0,0,0
s07-r4-disconnect-n2-1,7,4,disconnect-n2-1,disconnect,1.0,8,119.76800000000004,2,1000,1,2,1,2,1,2,1,2,1,False,1,1,0,1,1,0
s07-r4-disconnect-n2-1,7,4,disconnect-n2-1,disconnect,1.0,9,169.07200000000012,2,1000,1,2,1,2,1,2,1,2,1,False,1,1,0,1,1,0
s07-r4-disconnect-n2-1,7,4,disconnect-n2-1,disconnect,1.0,10,176.71999999999937,2,740,1,2,1,2,1,1,1,1,1,True,1,1,0,0,0,0
s07-r4-disconnect-n2-1,7,4,disconnect-n2-1,disconnect,1.0,11,192.6560000000009,1,1000,1,2,1,2,1,1,1,1,1,False,0,0,0,1,1,0
s07-r4-disconnect-n2-1,7,4,disconnect-n2-1,disconnect,1.0,12,200.5,2,1000,1,2,1,2,1,2,1,2,1,False,1,1,0,1,1,0
s07-r4-disconnect-n2-1,7,4,disconnect-n2-1,disconnect,1.0,13,208.9159999999993,2,1000,1,2,1,2,1,2,1,2,1,False,1,1,0,1,1,0
s07-r4-disconnect-n2-1,7,4,disconnect-n2-1,disconnect,1.0,14,216.9320000000007,2,1000,1,2,1,2,1,2,1,2,1,False,1,1,0,1,1,0
s07-r4-disconnect-n2-1,7,4,disconnect-n2-1,disconnect,1.0,15,241.21999999999932,1,1000,1,1,1,1,1,1,1,1,1,False,1,1,0,1,1,0
s07-r4-disconnect-n2-1,7,4,disconnect-n2-1,disconnect,1.0,16,258.0159999999996,1,1000,1,1,1,1,1,2,1,2,1,False,1,1,0,0,0,0
s07-r4-disconnect-n2-1,7,4,disconnect-n2-1,disconnect,1.0,17,274.5519999999997,1,1000,1,1,1,1,1,1,1,1,1,False,1,1,0,1,1,0
s07-r4-disconnect-n2-1,7,4,disconnect-n2-1,disconnect,1.0,18,290.88800000000083,1,1000,1,2,1,2,1,1,1,1,1,False,0,0,0,1,1,0
s07-r4-disconnect-n2-1,7,4,disconnect-n2-1,disconnect,1.0,19,306.6280000000006,1,1000,1,2,1,2,1,2,1,2,1,False,0,0,0,0,0,0
s07-r4-disconnect-n2-1,7,4,disconnect-n2-1,disconnect,1.0,20,314.3279999999995,2,1000,1,2,1,2,1,2,1,2,1,False,1,1,0,1,1,0
s07-r4-disconnect-n2-1,7,4,disconnect-n2-1,disconnect,1.0,21,347.0,1,1000,1,2,1,2,1,1,1,1,1,False,0,0,0,1,1,0
s07-r4-disconnect-n2-1,7,4,disconnect-n2-1,disconnect,1.0,22,354.6239999999998,2,1000,1,2,1,2,1,2,1,2,1,False,1,1,0,1,1,0
s07-r4-disconnect-n2-1,7,4,disconnect-n2-1,disconnect,1.0,23,370.79199999999946,2,1000,1,2,1,2,1,2,1,2,1,False,1,1,0,1,1,0
s07-r4-disconnect-n20-1,7,4,disconnect-n20-1,disconnect,1.0,0,1.0,2,1000,1,2,1,2,1,2,1,2,1,False,1,1,0,1,1,0
s07-r4-disconnect-n20-1,7,4,disconnect-n20-1,disconnect,1.0,1,9.012000000000626,1,1000,1,2,1,2,1,1,1,1,1,False,0,0,0,1,1,0
s07-r4-disconnect-n20-1,7,4,disconnect-n20-1,disconnect,1.0,2,16.683999999999287,1,679,1,1,1,2,1,1,1,1,1,True,1,0,1,1,1,0
s07-r4-disconnect-n20-1,7,4,disconnect-n20-1,disconnect,1.0,3,40.96800000000076,2,733,1,2,1,2,1,1,1,2,1,True,1,1,0,0,1,1
s07-r4-disconnect-n20-1,7,4,disconnect-n20-1,disconnect,1.0,4,64.55999999999949,1,1000,1,2,1,2,1,2,1,2,1,False,0,0,0,0,0,0
s07-r4-disconnect-n20-1,7,4,disconnect-n20-1,disconnect,1.0,5,80.17599999999948,1,1000,1,2,1,2,1,2,1,2,1,False,0,0,0,0,0,0
s07-r4-disconnect-n20-1,7,4,disconnect-n20-1,disconnect,1.0,6,87.7559999999994,1,620,1,1,1,1,1,1,1,1,1,True,1,1,0,1,1,0
s07-r4-disconnect-n20-1,7,4,disconnect-n20-1,disconnect,1.0,7,95.64400000000025,2,1000,1,2,1,2,1,1,1,1,1,False,1,1,0,0,0,0
s07-r4-disconnect-n20-1,7,4,disconnect-n20-1,disconnect,1.0,8,119.76800000000004,2,958,1,2,1,2,1,2,1,2,1,True,1,1,0,1,1,0
s07-r4-disconnect-n20-1,7,4,disconnect-n20-1,disconnect,1.0,9,169.07200000000012,2,1000,1,2,1,2,1,2,1,2,1,False,1,1,0,1,1,0
s07-r4-disconnect-n20-1,7,4,disconnect-n20-1,disconnect,1.0,10,176.71999999999937,2,1000,1,2,1,2,1,1,1,1,1,False,1,1,0,0,0,0
s07-r4-disconnect-n20-1,7,4,disconnect-n20-1,disconnect,1.0,11,192.6560000000009,1,765,1,2,1,2,1,1,1,1,1,True,0,0,0,1,1,0
s07-r4-disconnect-n20-1,7,4,disconnect-n20-1,disconnect,1.0,12,200.5,2,1000,1,2,1,2,1,2,1,2,1,False,1,1,0,1,1,0
s07-r4-disconnect-n20-1,7,4,disconnect-n20-1,disconnect,1.0,13,208.9159999999993,2,620,1,2,1,2,1,1,1,2,1,True,1,1,0,0,1,1
s07-r4-disconnect-n20-1,7,4,disconnect-n20-1,disconnect,1.0,14,216.9320000000007,2,1000,1,2,1,2,1,2,1,2,1,False,1,1,0,1,1,0
s07-r4-disconnect-n20-1,7,4,disconnect-n20-1,disconnect,1.0,15,241.21999999999932,1,1000,1,1,1,1,1,1,1,1,1,False,1,1,0,1,1,0
s07-r4-disconnect-n20-1,7,4,disconnect-n20-1,disconnect,1.0,16,258.0159999999996,1,1000,1,1,1,1,1,2,1,2,1,False,1,1,0,0,0,0
s07-r4-disconnect-n20-1,7,4,disconnect-n20-1,disconnect,1.0,17,274.5519999999997,1,1000,1,1,1,1,1,1,1,1,1,False,1,1,0,1,1,0
s07-r4-disconnect-n20-1,7,4,disconnect-n20-1,disconnect,1.0,18,290.88800000000083,1,1000,1,2,1,2,1,1,1,1,1,False,0,0,0,1,1,0
s07-r4-disconnect-n20-1,7,4,disconnect-n20-1,disconnect,1.0,19,306.6280000000006,1,1000,1,2,1,2,1,2,1,2,1,False,0,0,0,0,0,0
s07-r4-disconnect-n20-1,7,4,disconnect-n20-1,disconnect,1.0,20,314.3279999999995,2,1000,1,2,1,2,1,2,1,2,1,False,1,1,0,1,1,0
s07-r4-disconnect-n20-1,7,4,disconnect-n20-1,disconnect,1.0,21,347.0,1,1000,1,2,1,2,1,1,1,1,1,False,0,0,0,1,1,0
s07-r4-disconnect-n20-1,7,4,disconnect-n20-1,disconnect,1.0,22,354.6239999999998,2,620,1,2,1,2,1,2,1,2,1,True,1,1,0,1,1,0
s07-r4-disconnect-n20-1,7,4,disconnect-n20-1,disconnect,1.0,23,370.79199999999946,2,1000,1,2,1,2,1,2,1,2,1,False,1,1,0,1,1,0
s07-r4-disconnect-n5-1,7,4,disconnect-n5-1,disconnect,1.0,0,1.0,2,1000,1,2,1,2,1,2,1,2,1,False,1,1,0,1,1,0
s07-r4-disconnect-n5-1,7,4,disconnect-n5-1,disconnect,1.0,1,9.012000000000626,1,1000,1,2,1,2,1,1,1,1,1,False,0,0,0,1,1,0
s07-r4-disconnect-n5-1,7,4,disconnect-n5-1,disconnect,1.0,2,16.683999999999287,1,661,1,1,1,2,1,1,1,1,1,True,1,0,1,1,1,0
s07-r4-disconnect-n5-1,7,4,disconnect-n5-1,disconnect,1.0,3,40.96800000000076,2,1000,1,2,1,2,1,2,1,2,1,False,1,1,0,1,1,0
s07-r4-disconnect-n5-1,7,4,disconnect-n5-1,disconnect,1.0,4,64.55999999999949,1,1000,1,2,1,2,1,2,1,2,1,False,0,0,0,0,0,0
s07-r4-disconnect-n5-1,7,4,disconnect-n5-1,disconnect,1.0,5,80.17599999999948,1,1000,1,2,1,2,1,2,1,2,1,False,0,0,0,0,0,0
s07-r4-disconnect-n5-1,7,4,disconnect-n5-1,disconnect,1.0,6,87.7559999999994,1,1000,1,1,1,1,1,1,1,1,1,False,1,1,0,1,1,0
s07-r4-disconnect-n5-1,7,4,disconnect-n5-1,disconnect,1.0,7,95.64400000000025,2,721,1,2,1,2,1,1,1,1,1,True,1,1,0,0,0,0
s07-r4-disconnect-n5-1,7,4,disconnect-n5-1,disconnect,1.0,8,119.76800000000004,2,1000,1,2,1,2,1,2,1,2,1,False,1,1,0,1,1,0
s07-r4-disconnect-n5-1,7,4,disconnect-n5-1,disconnect,1.0,9,169.07200000000012,2,1000,1,2,1,2,1,2,1,2,1,False,1,1,0,1,1,0
s07-r4-disconnect-n5-1,7,4,disconnect-n5-1,disconnect,1.0,10,176.71999999999937,2,1000,1,2,1,2,1,1,1,1,1,False,1,1,0,0,0,0
s07-r4-disconnect-n5-1,7,4,disconnect-n5-1,disconnect,1.0,11,192.6560000000009,1,1000,1,2,1,2,1,1,1,1,1,False,0,0,0,1,1,0
s07-r4-disconnect-n5-1,7,4,disconnect-n5-1,disconnect,1.0,12,200.5,2,1000,1,2,1,2,1,2,1,2,1,False,1,1,0,1,1,0
s07-r4-disconnect-n5-1,7,4,disconnect-n5-1,disconnect,1.0,13,208.9159999999993,2,1000,1,2,1,2,1,2,1,2,1,False,1,1,0,1,1,0
s07-r4-disconnect-n5-1,7,4,disconnect-n5-1,disconnect,1.0,14,216.9320000000007,2,837,1,2,1,2,1,2,1,2,1,True,1,1,0,1,1,0
s07-r4-disconnect-n5-1,7,4,disconnect-n5-1,disconnect,1.0,15,241.21999999999932,1,1000,1,1,1,1,1,1,1,1,1,False,1,1,0,1,1,0
s07-r4-disconnect-n5-1,7,4,disconnect-n5-1,disconnect,1.0,16,258.0159999999996,1,1000,1,1,1,1,1,2,1,2,1,False,1,1,0,0,0,0
s07-r4-disconnect-n5-1,7,4,disconnect-n5-1,disconnect,1.0,17,274.5519999999997,1,1000,1,1,1,1,1,1,1,1,1,False,1,1,0,1,1,0
s07-r4-disconnect-n5-1,7,4,disconnect-n5-1,disconnect,1.0,18,290.88800000000083,1,1000,1,2,1,2,1,1,1,1,1,False,0,0,0,1,1,0
s07-r4-disconnect-n5-1,7,4,disconnect-n5-1,disconnect,1.0,19,306.6280000000006,1,1000,1,2,1,2,1,2,1,2,1,False,0,0,0,0,0,0
s07-r4-disconnect-n5-1,7,4,disconnect-n5-1,disconnect,1.0,20,314.3279999999995,2,982,1,2,1,2,1,2,1,2,1,True,1,1,0,1,1,0
s07-r4-disconnect-n5-1,7,4,disconnect-n5-1,disconnect,1.0,21,347.0,1,1000,1,2,1,2,1,1,1,1,1,False,0,0,0,1,1,0
s07-r4-disconnect-n5-1,7,4,disconnect-n5-1,disconnect,1.0,22,354.6239999999998,2,1000,1,2,1,2,1,2,1,2,1,False,1,1,0,1,1,0
s07-r4-disconnect-n5-1,7,4,disconnect-n5-1,disconnect,1.0,23,370.79199999999946,2,1000,1,2,1,2,1,2,1,2,1,False,1,1,0,1,1,0
s08-r0-disconnect-n10-1,8,0,disconnect-n10-1,disconnect,1.0,0,1.0,1,1000,1,1,1,1,1,1,1,1,1,False,1,1,0,1,1,0
s08-r0-disconnect-n10-1,8,0,disconnect-n10-1,disconnect,1.0,1,9.012000000000173,2,1000,1,2,1,2,1,2,1,2,1,False,1,1,0,1,1,0
s08-r0-disconnect-n10-1,8,0,disconnect-n10-1,disconnect,1.0,2,16.684000000000196,2,1000,1,2,1,2,1,1,1,1,1,False,1,1,0,0,0,0
s08-r0-disconnect-n10-1,8,0,disconnect-n10-1,disconnect,1.0,3,24.49200000000019,1,620,1,1,1,1,1,1,1,1,1,True,1,1,0,1,1,0
s08-r0-disconnect-n10-1,8,0,disconnect-n10-1,disconnect,1.0,4,32.52399999999989,2,1000,1,2,1,2,1,2,1,2,1,False,1,1,0,1,1,0
s08-r0-disconnect-n10-1,8,0,disconnect-n10-1,disconnect,1.0,5,40.96799999999985,1,1000,1,1,1,1,1,1,1,1,1,False,1,1,0,1,1,0
s08-r0-disconnect-n10-1,8,0,disconnect-n10-1,disconnect,1.0,6,48.63599999999997,2,1000,1,2,1,2,1,2,1,2,1,False,1,1,0,1,1,0
s08-r0-disconnect-n10-1,8,0,disconnect-n10-1,disconnect,1.0,7,64.55999999999995,2,1000,1,2,1,2,1,2,1,2,1,False,1,1,0,1,1,0
s08-r0-disconnect-n10-1,8,0,disconnect-n10-1,disconnect,1.0,8,80.17599999999993,1,1000,1,1,1,1,1,1,1,1,1,False,1,1,0,1,1,0
s08-r0-disconnect-n10-1,8,0,disconnect-n10-1,disconnect,1.0,9,95.64399999999978,2,1000,1,2,1,2,1,2,1,2,1,False,1,1,0,1,1,0
s08-r0-disconnect-n10-1,8,0,disconnect-n10-1,disconnect,1.0,10,103.42000000000009,1,1000,1,2,1,2,1,2,1,2,1,False,0,0,0,0,0,0
s08-r0-disconnect-n10-1,8,0,disconnect-n10-1,disconnect,1.0,11,152.4720000000002,1,1000,1,1,1,1,1,1,1,1,1,False,1,1,0,1,1,0
s08-r0-disconnect-n10-1,8,0,disconnect-n10-1,disconnect,1.0,12,169.07200000000012,2,1000,1,2,1,2,1,2,1,2,1,False,1,1,0,1,1,0
s08-r0-disconnect-n10-1,8,0,disconnect-n10-1,disconnect,1.0,13,176.7199999999998,1,960,1,1,1,1,1,1,1,1,1,True,1,1,0,1,1,0
s08-r0-disconnect-n10-1,8,0,disconnect-n10-1,disconnect,1.0,14,184.84400000000005,1,1000,1,1,1,1,1,1,1,1,1,False,1,1,0,1,1,0
s08-r0-disconnect-n10-1,8,0,disconnect-n10-1,disconnect,1.0,15,208.91600000000017,1,751,1,1,1,1,1,1,1,1,1,True,1,1,0,1,1,0
s08-r0-disconnect-n10-1,8,0,disconnect-n10-1,disconnect,1.0,16,241.2199999999998,1,1000,1,1,1,1,1,1,1,1,1,False,1,1,0,1,1,0
s08-r0-disconnect-n10-1,8,0,disconnect-n10-1,disconnect,1.0,17,249.6480000000001,2,1000,1,2,1,2,1,2,1,2,1,False,1,1,0,1,1,0
s08-r0-disconnect-n10-1,8,0,disconnect-n10-1,disconnect,1.0,18,258.0160000000001,1,1000,1,1,1,1,1,1,1,1,1,False,1,1,0,1,1,0
s08-r0-disconnect-n10-1,8,0,disconnect-n10-1,disconnect,1.0,19,266.3800000000001,2,1000,1,2,1,2,1,2,1,2,1,False,1,1,0,1,1,0
s08-r0-disconnect-n10-1,8,0,disconnect-n10-1,disconnect,1.0,20,274.55200000000013,2,1000,1,2,1,2,1,2,1,2,1,False,1,1,0,1,1,0
s08-r0-disconnect-n10-1,8,0,disconnect-n10-1,disconnect,1.0,21,282.808,1,998,1,1,1,1,1,1,1,1,1,True,1,1,0,1,1,0
s08-r0-disconnect-n10-1,8,0,disconnect-n10-1,disconnect,1.0,22,290.8879999999999,2,1000,1,2,1,2,1,2,1,2,1,False,1,1,0,1,1,0
s08-r0-disconnect-n10-1,8,0,disconnect-n10-1,disconnect,1.0,23,306.62800000000016,2,1000,1,2,1,2,1,2,1,2,1,False,1,1,0,1,1,0
s08-r0-disconnect-n2-1,8,0,disconnect-n2-1,disconnect,1.0,0,1.0,1,1000,1,1,1,1,1,1,1,1,1,False,1,1,0,1,1,0
s08-r0-disconnect-n2-1,8,0,disconnect-n2-1,disconnect,1.0,1,9.012000000000173,2,1000,1,2,1,2,1,2,1,2,1,False,1,1,0,1,1,0
s08-r0-disconnect-n2-1,8,0,disconnect-n2-1,disconnect,1.0,2,16.684000000000196,2,1000,1,2,1,2,1,1,1,1,1,False,1,1,0,0,0,0
s08-r0-disconnect-n2-1,8,0,disconnect-n2-1,disconnect,1.0,3,24.49200000000019,1,817,1,1,1,1,1,1,1,1,1,True,1,1,0,1,1,0
s08-r0-disconnect-n2-1,8,0,disconnect-n2-1,disconnect,1.0,4,32.52399999999989,2,1000,1,2,1,2,1,2,1,2,1,False,1,1,0,1,1,0
s08-r0-disconnect-n2-1,8,0,disconnect-n2-1,disconnect,1.0,5,40.96799999999985,1,1000,1,1,1,1,1,1,1,1,1,False,1,1,0,1,1,0
s08-r0-disconnect-n2-1,8,0,disconnect-n2-1,disconnect,1.0,6,48.63599999999997,2,1000,1,2,1,2,1,2,1,2,1,False,1,1,0,1,1,0
s08-r0-disconnect-n2-1,8,0,disconnect-n2-1,disconnect,1.0,7,64.55999999999995,2,1000,1,2,1,2,1,2,1,2,1,False,1,1,0,1,1,0
s08-r0-disconnect-n2-1,8,0,disconnect-n2-1,disconnect,1.0,8,80.17599999999993,1,1000,1,1,1,1,1,1,1,1,1,False,1,1,0,1,1,0
s08-r0-disconnect-n2-1,8,0,disconnect-n2-1,disconnect,1.0,9,95.64400000000025,2,1000,1,2,1,2,1,2,1,2,1,False,1,1,0,1,1,0
s08-r0-disconnect-n2-1,8,0,disconnect-n2-1,disconnect,1.0,10,103.42000000000009,1,1000,1,2,1,2,1,2,1,2,1,False,0,0,0,0,0,0
s08-r0-disconnect-n2-1,8,0,disconnect-n2-1,disconnect,1.0,11,152.4720000000002,1,1000,1,1,1,1,1,1,1,1,1,False,1,1,0,1,1,0
s08-r0-disconnect-n2-1,8,0,disconnect-n2-1,disconnect,1.0,12,169.07200000000012,2,1000,1,2,1,2,1,2,1,2,1,False,1,1,0,1,1,0
s08-r0-disconnect-n2-1,8,0,disconnect-n2-1,disconnect,1.0,13,176.7199999999998,1,1000,1,1,1,1,1,1,1,1,1,False,1,1,0,1,1,0
s08-r0-disconnect-n2-1,8,0,disconnect-n2-1,disconnect,1.0,14,184.84400000000005,1,1000,1,1,1,1,1,1,1,1,1,False,1,1,0,1,1,0
s08-r0-disconnect-n2-1,8,0,disconnect-n2-1,disconnect,1.0,15,208.91600000000017,1,1000,1,1,1,1,1,1,1,1,1,False,1,1,0,1,1,0
s08-r0-disconnect-n2-1,8,0,disconnect-n2-1,disconnect,1.0,16,241.2199999999998,1,1000,1,1,1,1,1,1,1,1,1,False,1,1,0,1,1,0
s08-r0-disconnect-n2-1,8,0,disconnect-n2-1,disconnect,1.0,17,249.6480000000001,2,1000,1,2,1,2,1,2,1,2,1,False,1,1,0,1,1,0
s08-r0-disconnect-n2-1,8,0,disconnect-n2-1,disconnect,1.0,18,258.0160000000001,1,1000,1,1,1,1,1,1,1,1,1,False,1,1,0,1,1,0
s08-r0-disconnect-n2-1,8,0,disconnect-n2-1,disconnect,1.0,19,266.3800000000001,2,1000,1,2,1,2,1,2,1,2,1,False,1,1,0,1,1,0
s08-r0-disconnect-n2-1,8,0,disconnect-n2-1,disconnect,1.0,20,274.55200000000013,2,1000,1,2,1,2,1,2,1,2,1,False,1,1,0,1,1,0
s08-r0-disconnect-n2-1,8,0,disconnect-n2-1,disconnect,1.0,21,282.808,1,1000,1,1,1,1,1,1,1,1,1,False,1,1,0,1,1,0
s08-r0-disconnect-n2-1,8,0,disconnect-n2-1,disconnect,1.0,22,290.8879999999999,2,658,1,2,1,2,1,2,1,2,1,True,1,1,0,1,1,0
s08-r0-disconnect-n2-1,8,0,disconnect-n2-1,disconnect,1.0,23,306.62800000000016,2,1000,1,2,1,2,1,2,1,2,1,False,1,1,0,1,1,0
s08-r0-disconnect-n20-1,8,0,disconnect-n20-1,disconnect,1.0,0,1.0,1,1000,1,1,1,1,1,1,1,1,1,False,1,1,0,1,1,0
s08-r0-disconnect-n20-1,8,0,disconnect-n20-1,disconnect,1.0,1,9.012000000000173,2,1000,1,2,1,2,1,2,1,2,1,False,1,1,0,1,1,0
s08-r0-disconnect-n20-1,8,0,disconnect-n20-1,disconnect,1.0,2,16.684000000000196,2,1000,1,2,1,2,1,1,1,1,1,False,1,1,0,0,0,0
s08-r0-disconnect-n20-1,8,0,disconnect-n20-1,disconnect,1.0,3,24.49200000000019,1,1000,1,1,1,1,1,1,1,1,1,False,1,1,0,1,1,0
s08-r0-disconnect-n20-1,8,0,disconnect-n20-1,disconnect,1.0,4,32.52399999999989,2,620,1,2,1,2,1,2,1,2,1,True,1,1,0,1,1,0
s08-r0-disconnect-n20-1,8,0,disconnect-n20-1,disconnect,1.0,5,40.96799999999985,1,1000,1,1,1,1,1,1,1,1,1,False,1,1,0,1,1,0
s08-r0-disconnect-n20-1,8,0,disconnect-n20-1,disconnect,1.0,6,48.63599999999997,2,1000,1,2,1,2,1,2,1,2,1,False,1,1,0,1,1,0
s08-r0-disconnect-n20-1,8,0,disconnect-n20-1,disconnect,1.0,7,64.55999999999995,2,1000,1,2,1,2,1,2,1,2,1,False,1,1,0,1,1,0
s08-r0-disconnect-n20-1,8,0,disconnect-n20-1,disconnect,1.0,8,80.17599999999993,1,1000,1,1,1,1,1,1,1,1,1,False,1,1,0,1,1,0
s08-r0-disconnect-n20-1,8,0,disconnect-n20-1,disconnect,1.0,9,95.64400000000025,2,1000,1,2,1,2,1,2,1,2,1,False,1,1,0,1,1,0
s08-r0-disconnect-n20-1,8,0,disconnect-n20-1,disconnect,1.0,10,103.42000000000009,1,1000,1,2,1,2,1,2,1,2,1,False,0,0,0,0,0,0
s08-r0-disconnect-n20-1,8,0,disconnect-n20-1,disconnect,1.0,11,152.4720000000002,1,1000,1,1,1,1,1,1,1,1,1,False,1,1,0,1,1,0
s08-r0-disconnect-n20-1,8,0,disconnect-n20-1,disconnect,1.0,12,169.07200000000012,2,1000,1,2,1,2,1,2,1,2,1,False,1,1,0,1,1,0
s08-r0-disconnect-n20-1,8,0,disconnect-n20-1,disconnect,1.0,13,176.7199999999998,1,1000,1,1,1,1,1,1,1,1,1,False,1,1,0,1,1,0
s08-r0-disconnect-n20-1,8,0,disconnect-n20-1,disconnect,1.0,14,184.84400000000005,1,1000,1,1,1,1,1,1,1,1,1,False,1,1,0,1,1,0
s08-r0-disconnect-n20-1,8,0,disconnect-n20-1,disconnect,1.0,15,208.91600000000017,1,1000,1,1,1,1,1,1,1,1,1,False,1,1,0,1,1,0
s08-r0-disconnect-n20-1,8,0,disconnect-n20-1,disconnect,1.0,16,241.2199999999998,1,1000,1,1,1,1,1,1,1,1,1,False,1,1,0,1,1,0
s08-r0-disconnect-n20-1,8,0,disconnect-n20-1,disconnect,1.0,17,249.6480000000001,2,1000,1,2,1,2,1,2,1,2,1,False,1,1,0,1,1,0
s08-r0-disconnect-n20-1,8,0,disconnect-n20-1,disconnect,1.0,18,258.0160000000001,1,1000,1,1,1,1,1,1,1,1,1,False,1,1,0,1,1,0
s08-r0-disconnect-n20-1,8,0,disconnect-n20-1,disconnect,1.0,19,266.3800000000001,2,620,1,2,1,2,1,2,1,2,1,True,1,1,0,1,1,0
s08-r0-disconnect-n20-1,8,0,disconnect-n20-1,disconnect,1.0,20,274.5519999999997,2,1000,1,2,1,2,1,2,1,2,1,False,1,1,0,1,1,0
s08-r0-disconnect-n20-1,8,0,disconnect-n20-1,disconnect,1.0,21,282.808,1,1000,1,1,1,1,1,1,1,1,1,False,1,1,0,1,1,0
s08-r0-disconnect-n20-1,8,0,disconnect-n20-1,disconnect,1.0,22,290.8879999999999,2,620,1,2,1,2,1,2,1,2,1,True,1,1,0,1,1,0
s08-r0-disconnect-n20-1,8,0,disconnect-n20-1,disconnect,1.0,23,306.6279999999997,2,620,1,2,1,2,1,2,1,2,1,True,1,1,0,1,1,0
s08-r0-disconnect-n5-1,8,0,disconnect-n5-1,disconnect,1.0,0,1.0,1,1000,1,1,1,1,1,1,1,1,1,False,1,1,0,1,1,0
s08-r0-disconnect-n5-1,8,0,disconnect-n5-1,disconnect,1.0,1,9.012000000000173,2,1000,1,2,1,2,1,2,1,2,1,False,1,1,0,1,1,0
s08-r0-disconnect-n5-1,8,0,disconnect-n5-1,disconnect,1.0,2,16.684000000000196,2,1000,1,2,1,2,1,1,1,1,1,False,1,1,0,0,0,0
s08-r0-disconnect-n5-1,8,0,disconnect-n5-1,disconnect,1.0,3,24.49200000000019,1,1000,1,1,1,1,1,1,1,1,1,False,1,1,0,1,1,0
s08-r0-disconnect-n5-1,8,0,disconnect-n5-1,disconnect,1.0,4,32.52399999999989,2,1000,1,2,1,2,1,2,1,2,1,False,1,1,0,1,1,0
s08-r0-disconnect-n5-1,8,0,disconnect-n5-1,disconnect,1.0,5,40.96799999999985,1,1000,1,1,1,1,1,1,1,1,1,False,1,1,0,1,1,0
s08-r0-disconnect-n5-1,8,0,disconnect-n5-1,disconnect,1.0,6,48.63599999999997,2,1000,1,2,1,2,1,2,1,2,1,False,1,1,0,1,1,0
s08-r0-disconnect-n5-1,8,0,disconnect-n5-1,disconnect,1.0,7,64.55999999999995,2,1000,1,2,1,2,1,2,1,2,1,False,1,1,0,1,1,0
s08-r0-disconnect-n5-1,8,0,disconnect-n5-1,disconnect,1.0,8,80.17599999999993,1,1000,1,1,1,1,1,1,1,1,1,False,1,1,0,1,1,0
s08-r0-disconnect-n5-1,8,0,disconnect-n5-1,disconnect,1.0,9,95.64400000000025,2,1000,1,2,1,2,1,2,1,2,1,False,1,1,0,1,1,0
s08-r0-disconnect-n5-1,8,0,disconnect-n5-1,disconnect,1.0,10,103.42000000000009,1,1000,1,2,1,2,1,2,1,2,1,False,0,0,0,0,0,0
s08-r0-disconnect-n5-1,8,0,disconnect-n5-1,disconnect,1.0,11,152.4720000000002,1,1000,1,1,1,1,1,1,1,1,1,False,1,1,0,1,1,0
s08-r0-disconnect-n5-1,8,0,disconnect-n5-1,disconnect,1.0,12,169.07200000000012,2,1000,1,2,1,2,1,2,1,2,1,False,1,1,0,1,1,0
s08-r0-disconnect-n5-1,8,0,disconnect-n5-1,disconnect,1.0,13,176.7199999999998,1,1000,1,1,1,1,1,1,1,1,1,False,1,1,0,1,1,0
s08-r0-disconnect-n5-1,8,0,disconnect-n5-1,disconnect,1.0,14,184.84400000000005,1,1000,1,1,1,1,1,1,1,1,1,False,1,1,0,1,1,0
s08-r0-disconnect-n5-1,8,0,disconnect-n5-1,disconnect,1.0,15,208.91600000000017,1,1000,1,1,1,1,1,1,1,1,1,False,1,1,0,1,1,0
s08-r0-disconnect-n5-1,8,0,disconnect-n5-1,disconnect,1.0,16,241.2199999999998,1,1000,1,1,1,1,1,1,1,1,1,False,1,1,0,1,1,0
s08-r0-disconnect-n5-1,8,0,disconnect-n5-1,disconnect,1.0,17,249.6480000000001,2,1000,1,2,1,2,1,2,1,2,1,False,1,1,0,1,1,0
s08-r0-disconnect-n5-1,8,0,disconnect-n5-1,disconnect,1.0,18,258.0160000000001,1,1000,1,1,1,1,1,1,1,1,1,False,1,1,0,1,1,0
s08-r0-disconnect-n5-1,8,0,disconnect-n5-1,disconnect,1.0,19,266.3800000000001,2,1000,1,2,1,2,1,2,1,2,1,False,1,1,0,1,1,0
s08-r0-disconnect-n5-1,8,0,disconnect-n5-1,disconnect,1.0,20,274.55200000000013,2,1000,1,2,1,2,1,2,1,2,1,False,1,1,0,1,1,0
s08-r0-disconnect-n5-1,8,0,disconnect-n5-1,disconnect,1.0,21,282.808,1,1000,1,1,1,1,1,1,1,1,1,False,1,1,0,1,1,0
s08-r0-disconnect-n5-1,8,0,disconnect-n5-1,disconnect,1.0,22,290.8879999999999,2,1000,1,2,1,2,1,2,1,2,1,False,1,1,0,1,1,0
s08-r0-disconnect-n5-1,8,0,disconnect-n5-1,disconnect,1.0,23,306.62800000000016,2,1000,1,2,1,2,1,2,1,2,1,False,1,1,0,1,1,0
s08-r1-disconnect-n10-1,8,1,disconnect-n10-1,disconnect,1.0,0,16.684000000000196,2,1000,1,2,1,2,1,2,1,2,1,False,1,1,0,1,1,0
s08-r1-disconnect-n10-1,8,1,disconnect-n10-1,disconnect,1.0,1,24.49200000000019,1,1000,1,1,1,1,1,1,1,1,1,False,1,1,0,1,1,0
s08-r1-disconnect-n10-1,8,1,disconnect-n10-1,disconnect,1.0,2,32.52400000000034,1,1000,1,1,1,1,1,1,1,1,1,False,1,1,0,1,1,0
s08-r1-disconnect-n10-1,8,1,disconnect-n10-1,disconnect,1.0,3,40.96799999999985,2,1000,1,2,1,2,1,2,1,2,1,False,1,1,0,1,1,0
s08-r1-disconnect-n10-1,8,1,disconnect-n10-1,disconnect,1.0,4,64.5600000000004,2,690,1,2,1,2,1,2,1,1,1,True,1,1,0,1,0,1
s08-r1-disconnect-n10-1,8,1,disconnect-n10-1,disconnect,1.0,5,80.17600000000039,1,1000,1,1,1,1,1,1,1,1,1,False,1,1,0,1,1,0
s08-r1-disconnect-n10-1,8,1,disconnect-n10-1,disconnect,1.0,6,87.75600000000031,1,991,1,1,1,1,1,1,1,1,1,True,1,1,0,1,1,0
s08-r1-disconnect-n10-1,8,1,disconnect-n10-1,disconnect,1.0,7,95.64400000000025,1,1000,1,2,1,2,1,1,1,1,1,False,0,0,0,1,1,0
s08-r1-disconnect-n10-1,8,1,disconnect-n10-1,disconnect,1.0,8,111.28799999999956,2,1000,1,2,1,2,1,2,1,2,1,False,1,1,0,1,1,0
s08-r1-disconnect-n10-1,8,1,disconnect-n10-1,disconnect,1.0,9,119.76800000000004,2,1000,1,2,1,2,1,2,1,2,1,False,1,1,0,1,1,0
s08-r1-disconnect-n10-1,8,1,disconnect-n10-1,disconnect,1.0,10,127.80000000000018,1,1000,1,1,1,1,1,1,1,1,1,False,1,1,0,1,1,0
s08-r1-disconnect-n10-1,8,1,disconnect-n10-1,disconnect,1.0,11,136.0640000000003,1,1000,1,1,1,1,1,1,1,1,1,False,1,1,0,1,1,0
s08-r1-disconnect-n10-1,8,1,disconnect-n10-1,disconnect,1.0,12,152.47199999999975,1,1000,1,1,1,1,1,1,1,1,1,False,1,1,0,1,1,0
s08-r1-disconnect-n10-1,8,1,disconnect-n10-1,disconnect,1.0,13,160.7520000000004,2,1000,1,2,1,2,1,2,1,2,1,False,1,1,0,1,1,0
s08-r1-disconnect-n10-1,8,1,disconnect-n10-1,disconnect,1.0,14,192.65599999999995,1,1000,1,1,1,1,1,1,1,1,1,False,1,1,0,1,1,0
s08-r1-disconnect-n10-1,8,1,disconnect-n10-1,disconnect,1.0,15,216.9319999999998,2,1000,1,2,1,2,1,2,1,2,1,False,1,1,0,1,1,0
s08-r1-disconnect-n10-1,8,1,disconnect-n10-1,disconnect,1.0,16,241.22000000000023,2,755,1,2,1,2,1,2,1,2,1,True,1,1,0,1,1,0
s08-r1-disconnect-n10-1,8,1,disconnect-n10-1,disconnect,1.0,17,249.6480000000001,1,1000,1,1,1,1,1,1,1,1,1,False,1,1,0,1,1,0
s08-r1-disconnect-n10-1,8,1,disconnect-n10-1,disconnect,1.0,18,258.0159999999996,2,1000,1,2,1,2,1,2,1,2,1,False,1,1,0,1,1,0
s08-r1-disconnect-n10-1,8,1,disconnect-n10-1,disconnect,1.0,19,306.6279999999997,1,663,1,1,1,1,1,1,1,1,1,True,1,1,0,1,1,0
s08-r1-disconnect-n10-1,8,1,disconnect-n10-1,disconnect,1.0,20,322.65200000000004,2,1000,1,2,1,2,1,2,1,2,1,False,1,1,0,1,1,0
s08-r1-disconnect-n10-1,8,1,disconnect-n10-1,disconnect,1.0,21,338.52400000000034,2,1000,1,1,1,1,1,2,1,2,1,False,0,0,0,1,1,0
s08-r1-disconnect-n10-1,8,1,disconnect-n10-1,disconnect,1.0,22,362.3360000000002,2,1000,1,2,1,2,1,2,1,2,1,False,1,1,0,1,1,0
s08-r1-disconnect-n10-1,8,1,disconnect-n10-1,disconnect,1.0,23,379.02800000000025,1,1000,1,1,1,1,1,1,1,1,1,False,1,1,0,1,1,0
s08-r1-disconnect-n2-1,8,1,disconnect-n2-1,disconnect,1.0,0,16.684000000000196,2,1000,1,2,1,2,1,2,1,2,1,False,1,1,0,1,1,0
s08-r1-disconnect-n2-1,8,1,disconnect-n2-1,disconnect,1.0,1,24.49200000000019,1,1000,1,1,1,1,1,1,1,1,1,False,1,1,0,1,1,0
s08-r1-disconnect-n2-1,8,1,disconnect-n2-1,disconnect,1.0,2,32.52400000000034,1,1000,1,1,1,1,1,1,1,1,1,False,1,1,0,1,1,0
s08-r1-disconnect-n2-1,8,1,disconnect-n2-1,disconnect,1.0,3,40.96799999999985,2,1000,1,2,1,2,1,2,1,2,1,False,1,1,0,1,1,0
s08-r1-disconnect-n2-1,8,1,disconnect-n2-1,disconnect,1.0,4,64.5600000000004,2,1000,1,2,1,2,1,1,1,1,1,False,1,1,0,0,0,0
s08-r1-disconnect-n2-1,8,1,disconnect-n2-1,disconnect,1.0,5,80.17600000000039,1,1000,1,1,1,1,1,1,1,1,1,False,1,1,0,1,1,0
s08-r1-disconnect-n2-1,8,1,disconnect-n2-1,disconnect,1.0,6,87.75600000000031,1,1000,1,1,1,1,1,1,1,1,1,False,1,1,0,1,1,0
s08-r1-disconnect-n2-1,8,1,disconnect-n2-1,disconnect,1.0,7,95.64400000000025,1,1000,1,2,1,2,1,1,1,1,1,False,0,0,0,1,1,0
s08-r1-disconnect-n2-1,8,1,disconnect-n2-1,disconnect,1.0,8,111.28799999999956,2,1000,1,2,1,2,1,2,1,2,1,False,1,1,0,1,1,0
s08-r1-disconnect-n2-1,8,1,disconnect-n2-1,disconnect,1.0,9,119.76800000000004,2,1000,1,2,1,2,1,2,1,2,1,False,1,1,0,1,1,0
s08-r1-disconnect-n2-1,8,1,disconnect-n2-1,disconnect,1.0,10,127.80000000000018,1,1000,1,1,1,1,1,1,1,1,1,False,1,1,0,1,1,0
s08-r1-disconnect-n2-1,8,1,disconnect-n2-1,disconnect,1.0,11,136.0640000000003,1,1000,1,1,1,1,1,1,1,1,1,False,1,1,0,1,1,0
s08-r1-disconnect-n2-1,8,1,disconnect-n2-1,disconnect,1.0,12,152.47199999999975,1,1000,1,1,1,1,1,1,1,1,1,False,1,1,0,1,1,0
s08-r1-disconnect-n2-1,8,1,disconnect-n2-1,disconnect,1.0,13,160.7520000000004,2,1000,1,2,1,2,1,2,1,2,1,False,1,1,0,1,1,0
s08-r1-disconnect-n2-1,8,1,disconnect-n2-1,disconnect,1.0,14,192.65599999999995,1,1000,1,1,1,1,1,1,1,1,1,False,1,1,0,1,1,0
s08-r1-disconnect-n2-1,8,1,disconnect-n2-1,disconnect,1.0,15,216.9319999999998,2,1000,1,2,1,2,1,2,1,2,1,False,1,1,0,1,1,0
s08-r1-disconnect-n2-1,8,1,disconnect-n2-1,disconnect,1.0,16,241.22000000000023,2,1000,1,2,1,2,1,2,1,2,1,False,1,1,0,1,1,0
s08-r1-disconnect-n2-1,8,1,disconnect-n2-1,disconnect,1.0,17,249.6480000000001,1,1000,1,1,1,1,1,1,1,1,1,False,1,1,0,1,1,0
s08-r1-disconnect-n2-1,8,1,disconnect-n2-1,disconnect,1.0,18,258.0159999999996,2,1000,1,2,1,2,1,2,1,2,1,False,1,1,0,1,1,0
s08-r1-disconnect-n2-1,8,1,disconnect-n2-1,disconnect,1.0,19,306.6279999999997,1,1000,1,1,1,1,1,1,1,1,1,False,1,1,0,1,1,0
s08-r1-disconnect-n2-1,8,1,disconnect-n2-1,disconnect,1.0,20,322.65200000000004,2,1000,1,2,1,2,1,2,1,2,1,False,1,1,0,1,1,0
s08-r1-disconnect-n2-1,8,1,disconnect-n2-1,disconnect,1.0,21,338.52400000000034,2,1000,1,1,1,1,1,2,1,2,1,False,0,0,0,1,1,0
s08-r1-disconnect-n2-1,8,1,disconnect-n2-1,disconnect,1.0,22,362.3360000000002,2,1000,1,2,1,2,1,2,1,2,1,False,1,1,0,1,1,0
s08-r1-disconnect-n2-1,8,1,disconnect-n2-1,disconnect,1.0,23,379.02800000000025,1,1000,1,1,1,1,1,1,1,1,1,False,1,1,0,1,1,0
s08-r1-disconnect-n20-1,8,1,disconnect-n20-1,disconnect,1.0,0,16.684000000000196,2,979,1,2,1,2,1,2,1,2,1,True,1,1,0,1,1,0
s08-r1-disconnect-n20-1,8,1,disconnect-n20-1,disconnect,1.0,1,24.49200000000019,1,1000,1,1,1,1,1,1,1,1,1,False,1,1,0,1,1,0
s08-r1-disconnect-n20-1,8,1,disconnect-n20-1,disconnect,1.0,2,32.52400000000034,1,1000,1,1,1,1,1,1,1,1,1,False,1,1,0,1,1,0
s08-r1-disconnect-n20-1,8,1,disconnect-n20-1,disconnect,1.0,3,40.96799999999985,2,812,1,2,1,2,1,2,1,2,1,True,1,1,0,1,1,0
s08-r1-disconnect-n20-1,8,1,disconnect-n20-1,disconnect,1.0,4,64.5600000000004,2,1000,1,2,1,2,1,1,1,1,1,False,1,1,0,0,0,0
s08-r1-disconnect-n20-1,8,1,disconnect-n20-1,disconnect,1.0,5,80.17600000000039,1,1000,1,1,1,1,1,1,1,1,1,False,1,1,0,1,1,0
s08-r1-disconnect-n20-1,8,1,disconnect-n20-1,disconnect,1.0,6,87.75600000000031,1,1000,1,1,1,1,1,1,1,1,1,False,1,1,0,1,1,0
s08-r1-disconnect-n20-1,8,1,disconnect-n20-1,disconnect,1.0,7,95.64400000000025,1,620,1,2,1,2,1,1,1,1,1,True,0,0,0,1,1,0
s08-r1-disconnect-n20-1,8,1,disconnect-n20-1,disconnect,1.0,8,111.28799999999956,2,628,1,2,1,2,1,2,1,2,1,True,1,1,0,1,1,0
s08-r1-disconnect-n20-1,8,1,disconnect-n20-1,disconnect,1.0,9,119.76800000000004,2,978,1,2,1,2,1,2,1,2,1,True,1,1,0,1,1,0
s08-r1-disconnect-n20-1,8,1,disconnect-n20-1,disconnect,1.0,10,127.80000000000018,1,1000,1,1,1,1,1,1,1,1,1,False,1,1,0,1,1,0
s08-r1-disconnect-n20-1,8,1,disconnect-n20-1,disconnect,1.0,11,136.0640000000003,1,1000,1,1,1,1,1,1,1,1,1,False,1,1,0,1,1,0
s08-r1-disconnect-n20-1,8,1,disconnect-n20-1,disconnect,1.0,12,152.47199999999975,1,1000,1,1,1,1,1,1,1,1,1,False,1,1,0,1,1,0
s08-r1-disconnect-n20-1,8,1,disconnect-n20-1,disconnect,1.0,13,160.7520000000004,2,620,1,2,1,2,1,2,1,2,1,True,1,1,0,1,1,0
s08-r1-disconnect-n20-1,8,1,disconnect-n20-1,disconnect,1.0,14,192.65599999999995,1,1000,1,1,1,1,1,1,1,1,1,False,1,1,0,1,1,0
s08-r1-disconnect-n20-1,8,1,disconnect-n20-1,disconnect,1.0,15,216.9319999999998,2,797,1,2,1,2,1,2,1,2,1,True,1,1,0,1,1,0
s08-r1-disconnect-n20-1,8,1,disconnect-n20-1,disconnect,1.0,16,241.22000000000023,2,1000,1,2,1,2,1,2,1,2,1,False,1,1,0,1,1,0
s08-r1-disconnect-n20-1,8,1,disconnect-n20-1,disconnect,1.0,17,249.6480000000001,1,942,1,1,1,1,1,1,1,1,1,True,1,1,0,1,1,0
s08-r1-disconnect-n20-1,8,1,disconnect-n20-1,disconnect,1.0,18,258.0159999999996,2,1000,1,2,1,2,1,2,1,2,1,False,1,1,0,1,1,0
s08-r1-disconnect-n20-1,8,1,disconnect-n20-1,disconnect,1.0,19,306.6279999999997,1,1000,1,1,1,1,1,1,1,1,1,False,1,1,0,1,1,0
s08-r1-disconnect-n20-1,8,1,disconnect-n20-1,disconnect,1.0,20,322.65200000000004,2,1000,1,2,1,2,1,2,1,2,1,False,1,1,0,1,1,0
s08-r1-disconnect-n20-1,8,1,disconnect-n20-1,disconnect,1.0,21,338.52400000000034,2,682,1,1,1,1,1,2,1,2,1,True,0,0,0,1,1,0
s08-r1-disconnect-n20-1,8,1,disconnect-n20-1,disconnect,1.0,22,362.3360000000002,2,1000,1,2,1,2,1,2,1,2,1,False,1,1,0,1,1,0
s08-r1-disconnect-n20-1,8,1,disconnect-n20-1,disconnect,1.0,23,379.02800000000025,1,1000,1,1,1,1,1,1,1,1,1,False,1,1,0,1,1,0
s08-r1-disconnect-n5-1,8,1,disconnect-n5-1,disconnect,1.0,0,16.684000000000196,2,1000,1,2,1,2,1,2,1,2,1,False,1,1,0,1,1,0
s08-r1-disconnect-n5-1,8,1,disconnect-n5-1,disconnect,1.0,1,24.49200000000019,1,1000,1,1,1,1,1,1,1,1,1,False,1,1,0,1,1,0
s08-r1-disconnect-n5-1,8,1,disconnect-n5-1,disconnect,1.0,2,32.52400000000034,1,1000,1,1,1,1,1,1,1,1,1,False,1,1,0,1,1,0
s08-r1-disconnect-n5-1,8,1,disconnect-n5-1,disconnect,1.0,3,40.96799999999985,2,1000,1,2,1,2,1,2,1,2,1,False,1,1,0,1,1,0
s08-r1-disconnect-n5-1,8,1,disconnect-n5-1,disconnect,1.0,4,64.5600000000004,2,1000,1,2,1,2,1,1,1,1,1,False,1,1,0,0,0,0
s08-r1-disconnect-n5-1,8,1,disconnect-n5-1,disconnect,1.0,5,80.17600000000039,1,1000,1,1,1,1,1,1,1,1,1,False,1,1,0,1,1,0
s08-r1-disconnect-n5-1,8,1,disconnect-n5-1,disconnect,1.0,6,87.75600000000031,1,1000,1,1,1,1,1,1,1,1,1,False,1,1,0,1,1,0
s08-r1-disconnect-n5-1,8,1,disconnect-n5-1,disconnect,1.0,7,95.64400000000025,1,1000,1,2,1,2,1,1,1,1,1,False,0,0,0,1,1,0
s08-r1-disconnect-n5-1,8,1,disconnect-n5-1,disconnect,1.0,8,111.28799999999956,2,1000,1,2,1,2,1,2,1,2,1,False,1,1,0,1,1,0
s08-r1-disconnect-n5-1,8,1,disconnect-n5-1,disconnect,1.0,9,119.76800000000004,2,1000,1,2,1,2,1,2,1,2,1,False,1,1,0,1,1,0
s08-r1-disconnect-n5-1,8,1,disconnect-n5-1,disconnect,1.0,10,127.80000000000018,1,620,1,1,1,1,1,1,1,1,1,True,1,1,0,1,1,0
s08-r1-disconnect-n5-1,8,1,disconnect-n5-1,disconnect,1.0,11,136.0640000000003,1,1000,1,1,1,1,1,1,1,1,1,False,1,1,0,1,1,0
s08-r1-disconnect-n5-1,8,1,disconnect-n5-1,disconnect,1.0,12,152.47199999999975,1,1000,1,1,1,1,1,1,1,1,1,False,1,1,0,1,1,0
s08-r1-disconnect-n5-1,8,1,disconnect-n5-1,disconnect,1.0,13,160.7520000000004,2,1000,1,2,1,2,1,2,1,2,1,False,1,1,0,1,1,0
s08-r1-disconnect-n5-1,8,1,disconnect-n5-1,disconnect,1.0,14,192.65599999999995,1,1000,1,1,1,1,1,1,1,1,1,False,1,1,0,1,1,0
s08-r1-disconnect-n5-1,8,1,disconnect-n5-1,disconnect,1.0,15,216.9319999999998,2,1000,1,2,1,2,1,2,1,2,1,False,1,1,0,1,1,0
s08-r1-disconnect-n5-1,8,1,disconnect-n5-1,disconnect,1.0,16,241.22000000000023,2,1000,1,2,1,2,1,2,1,2,1,False,1,1,0,1,1,0
s08-r1-disconnect-n5-1,8,1,disconnect-n5-1,disconnect,1.0,17,249.6480000000001,1,620,1,1,1,1,1,2,1,1,1,True,1,1,0,0,1,1
s08-r1-disconnect-n5-1,8,1,disconnect-n5-1,disconnect,1.0,18,258.0159999999996,2,1000,1,2,1,2,1,2,1,2,1,False,1,1,0,1,1,0
s08-r1-disconnect-n5-1,8,1,disconnect-n5-1,disconnect,1.0,19,306.6279999999997,1,1000,1,1,1,1,1,1,1,1,1,False,1,1,0,1,1,0
s08-r1-disconnect-n5-1,8,1,disconnect-n5-1,disconnect,1.0,20,322.65200000000004,2,1000,1,2,1,2,1,2,1,2,1,False,1,1,0,1,1,0
s08-r1-disconnect-n5-1,8,1,disconnect-n5-1,disconnect,1.0,21,338.52400000000034,2,648,1,1,1,1,1,2,1,2,1,True,0,0,0,1,1,0
s08-r1-disconnect-n5-1,8,1,disconnect-n5-1,disconnect,1.0,22,362.3360000000002,2,1000,1,2,1,2,1,2,1,2,1,False,1,1,0,1,1,0
s08-r1-disconnect-n5-1,8,1,disconnect-n5-1,disconnect,1.0,23,379.02800000000025,1,1000,1,1,1,1,1,1,1,1,1,False,1,1,0,1,1,0
s08-r2-disconnect-n10-1,8,2,disconnect-n10-1,disconnect,1.0,0,1.0,1,1000,1,1,1,1,1,1,1,1,1,False,1,1,0,1,1,0
s08-r2-disconnect-n10-1,8,2,disconnect-n10-1,disconnect,1.0,1,9.012000000000626,1,1000,1,1,1,1,1,1,1,1,1,False,1,1,0,1,1,0
s08-r2-disconnect-n10-1,8,2,disconnect-n10-1,disconnect,1.0,2,24.49200000000019,2,1000,1,2,1,2,1,2,1,2,1,False,1,1,0,1,1,0
s08-r2-disconnect-n10-1,8,2,disconnect-n10-1,disconnect,1.0,3,32.52399999999943,1,1000,1,1,1,1,1,1,1,1,1,False,1,1,0,1,1,0
s08-r2-disconnect-n10-1,8,2,disconnect-n10-1,disconnect,1.0,4,48.63600000000042,1,1000,1,1,1,1,1,1,1,1,1,False,1,1,0,1,1,0
s08-r2-disconnect-n10-1,8,2,disconnect-n10-1,disconnect,1.0,5,64.55999999999949,2,790,1,2,1,2,1,2,1,2,1,True,1,1,0,1,1,0
s08-r2-disconnect-n10-1,8,2,disconnect-n10-1,disconnect,1.0,6,80.17599999999948,1,1000,1,1,1,1,1,1,1,1,1,False,1,1,0,1,1,0
s08-r2-disconnect-n10-1,8,2,disconnect-n10-1,disconnect,1.0,7,103.42000000000009,1,1000,1,1,1,1,1,1,1,1,1,False,1,1,0,1,1,0
s08-r2-disconnect-n10-1,8,2,disconnect-n10-1,disconnect,1.0,8,119.76800000000004,2,1000,1,2,1,2,1,2,1,2,1,False,1,1,0,1,1,0
s08-r2-disconnect-n10-1,8,2,disconnect-n10-1,disconnect,1.0,9,160.7520000000004,1,1000,1,1,1,1,1,1,1,1,1,False,1,1,0,1,1,0
s08-r2-disconnect-n10-1,8,2,disconnect-n10-1,disconnect,1.0,10,176.71999999999937,2,1000,1,2,1,2,1,2,1,2,1,False,1,1,0,1,1,0
s08-r2-disconnect-n10-1,8,2,disconnect-n10-1,disconnect,1.0,11,192.6560000000009,2,1000,1,2,1,2,1,2,1,2,1,False,1,1,0,1,1,0
s08-r2-disconnect-n10-1,8,2,disconnect-n10-1,disconnect,1.0,12,200.5,1,1000,1,1,1,1,1,1,1,1,1,False,1,1,0,1,1,0
s08-r2-disconnect-n10-1,8,2,disconnect-n10-1,disconnect,1.0,13,216.9320000000007,2,1000,1,2,1,2,1,2,1,2,1,False,1,1,0,1,1,0
s08-r2-disconnect-n10-1,8,2,disconnect-n10-1,disconnect,1.0,14,224.83200000000036,1,1000,1,1,1,1,1,1,1,1,1,False,1,1,0,1,1,0
s08-r2-disconnect-n10-1,8,2,disconnect-n10-1,disconnect,1.0,15,249.64799999999923,1,1000,1,1,1,1,1,1,1,1,1,False,1,1,0,1,1,0
s08-r2-disconnect-n10-1,8,2,disconnect-n10-1,disconnect,1.0,16,282.8080000000009,2,1000,1,2,1,2,1,2,1,2,1,False,1,1,0,1,1,0
s08-r2-disconnect-n10-1,8,2,disconnect-n10-1,disconnect,1.0,17,290.88800000000083,1,1000,1,1,1,1,1,1,1,1,1,False,1,1,0,1,1,0
s08-r2-disconnect-n10-1,8,2,disconnect-n10-1,disconnect,1.0,18,298.77599999999984,2,1000,1,2,1,2,1,2,1,2,1,False,1,1,0,1,1,0
s08-r2-disconnect-n10-1,8,2,disconnect-n10-1,disconnect,1.0,19,314.3279999999995,2,1000,1,2,1,2,1,2,1,2,1,False,1,1,0,1,1,0
s08-r2-disconnect-n10-1,8,2,disconnect-n10-1,disconnect,1.0,20,338.52399999999943,2,859,1,2,1,2,1,2,1,2,1,True,1,1,0,1,1,0
s08-r2-disconnect-n10-1,8,2,disconnect-n10-1,disconnect,1.0,21,347.0,2,1000,1,2,1,2,1,2,1,2,1,False,1,1,0,1,1,0
s08-r2-disconnect-n10-1,8,2,disconnect-n10-1,disconnect,1.0,22,354.6239999999998,2,1000,1,1,1,1,1,2,1,2,1,False,0,0,0,1,1,0
s08-r2-disconnect-n10-1,8,2,disconnect-n10-1,disconnect,1.0,23,379.02800000000025,1,1000,1,1,1,1,1,1,1,1,1,False,1,1,0,1,1,0
s08-r2-disconnect-n2-1,8,2,disconnect-n2-1,disconnect,1.0,0,1.0,1,1000,1,1,1,1,1,1,1,1,1,False,1,1,0,1,1,0
s08-r2-disconnect-n2-1,8,2,disconnect-n2-1,disconnect,1.0,1,9.012000000000626,1,1000,1,1,1,1,1,1,1,1,1,False,1,1,0,1,1,0
s08-r2-disconnect-n2-1,8,2,disconnect-n2-1,disconnect,1.0,2,24.49200000000019,2,1000,1,2,1,2,1,2,1,2,1,False,1,1,0,1,1,0
s08-r2-disconnect-n2-1,8,2,disconnect-n2-1,disconnect,1.0,3,32.52399999999943,1,1000,1,1,1,1,1,1,1,1,1,False,1,1,0,1,1,0
s08-r2-disconnect-n2-1,8,2,disconnect-n2-1,disconnect,1.0,4,48.63600000000042,1,1000,1,1,1,1,1,1,1,1,1,False,1,1,0,1,1,0
s08-r2-disconnect-n2-1,8,2,disconnect-n2-1,disconnect,1.0,5,64.55999999999949,2,1000,1,2,1,2,1,2,1,2,1,False,1,1,0,1,1,0
s08-r2-disconnect-n2-1,8,2,disconnect-n2-1,disconnect,1.0,6,80.17599999999948,1,1000,1,1,1,1,1,1,1,1,1,False,1,1,0,1,1,0
s08-r2-disconnect-n2-1,8,2,disconnect-n2-1,disconnect,1.0,7,103.42000000000009,1,1000,1,1,1,1,1,1,1,1,1,False,1,1,0,1,1,0
s08-r2-disconnect-n2-1,8,2,disconnect-n2-1,disconnect,1.0,8,119.76800000000004,2,1000,1,2,1,2,1,2,1,2,1,False,1,1,0,1,1,0
s08-r2-disconnect-n2-1,8,2,disconnect-n2-1,disconnect,1.0,9,160.7520000000004,1,1000,1,1,1,1,1,1,1,1,1,False,1,1,0,1,1,0
s08-r2-disconnect-n2-1,8,2,disconnect-n2-1,disconnect,1.0,10,176.71999999999937,2,1000,1,2,1,2,1,2,1,2,1,False,1,1,0,1,1,0
s08-r2-disconnect-n2-1,8,2,disconnect-n2-1,disconnect,1.0,11,192.6560000000009,2,1000,1,2,1,2,1,2,1,2,1,False,1,1,0,1,1,0
s08-r2-disconnect-n2-1,8,2,disconnect-n2-1,disconnect,1.0,12,200.5,1,1000,1,1,1,1,1,1,1,1,1,False,1,1,0,1,1,0
s08-r2-disconnect-n2-1,8,2,disconnect-n2-1,disconnect,1.0,13,216.9320000000007,2,1000,1,2,1,2,1,2,1,2,1,False,1,1,0,1,1,0
s08-r2-disconnect-n2-1,8,2,disconnect-n2-1,disconnect,1.0,14,224.83200000000036,1,1000,1,1,1,1,1,1,1,1,1,False,1,1,0,1,1,0
s08-r2-disconnect-n2-1,8,2,disconnect-n2-1,disconnect,1.0,15,249.64799999999923,1,1000,1,1,1,1,1,1,1,1,1,False,1,1,0,1,1,0
s08-r2-disconnect-n2-1,8,2,disconnect-n2-1,disconnect,1.0,16,282.8079999999991,2,1000,1,2,1,2,1,2,1,2,1,False,1,1,0,1,1,0
s08-r2-disconnect-n2-1,8,2,disconnect-n2-1,disconnect,1.0,17,290.88800000000083,1,1000,1,1,1,1,1,1,1,1,1,False,1,1,0,1,1,0
s08-r2-disconnect-n2-1,8,2,disconnect-n2-1,disconnect,1.0,18,298.77599999999984,2,1000,1,2,1,2,1,2,1,2,1,False,1,1,0,1,1,0
s08-r2-disconnect-n2-1,8,2,disconnect-n2-1,disconnect,1.0,19,314.3279999999995,2,1000,1,2,1,2,1,2,1,2,1,False,1,1,0,1,1,0
s08-r2-disconnect-n2-1,8,2,disconnect-n2-1,disconnect,1.0,20,338.52399999999943,2,1000,1,2,1,2,1,2,1,2,1,False,1,1,0,1,1,0
s08-r2-disconnect-n2-1,8,2,disconnect-n2-1,disconnect,1.0,21,347.0,2,1000,1,2,1,2,1,2,1,2,1,False,1,1,0,1,1,0
s08-r2-disconnect-n2-1,8,2,disconnect-n2-1,disconnect,1.0,22,354.6239999999998,2,1000,1,1,1,1,1,2,1,2,1,False,0,0,0,1,1,0
s08-r2-disconnect-n2-1,8,2,disconnect-n2-1,disconnect,1.0,23,379.02800000000025,1,1000,1,1,1,1,1,1,1,1,1,False,1,1,0,1,1,0
s08-r2-disconnect-n20-1,8,2,disconnect-n20-1,disconnect,1.0,0,1.0,1,1000,1,1,1,1,1,1,1,1,1,False,1,1,0,1,1,0
s08-r2-disconnect-n20-1,8,2,disconnect-n20-1,disconnect,1.0,1,9.012000000000626,1,1000,1,1,1,1,1,1,1,1,1,False,1,1,0,1,1,0
s08-r2-disconnect-n20-1,8,2,disconnect-n20-1,disconnect,1.0,2,24.49200000000019,2,1000,1,2,1,2,1,2,1,2,1,False,1,1,0,1,1,0
s08-r2-disconnect-n20-1,8,2,disconnect-n20-1,disconnect,1.0,3,32.52399999999943,1,1000,1,1,1,1,1,1,1,1,1,False,1,1,0,1,1,0
s08-r2-disconnect-n20-1,8,2,disconnect-n20-1,disconnect,1.0,4,48.63600000000042,1,1000,1,1,1,1,1,1,1,1,1,False,1,1,0,1,1,0
s08-r2-disconnect-n20-1,8,2,disconnect-n20-1,disconnect,1.0,5,64.55999999999949,2,1000,1,2,1,2,1,2,1,2,1,False,1,1,0,1,1,0
s08-r2-disconnect-n20-1,8,2,disconnect-n20-1,disconnect,1.0,6,80.17599999999948,1,1000,1,1,1,1,1,1,1,1,1,False,1,1,0,1,1,0
s08-r2-disconnect-n20-1,8,2,disconnect-n20-1,disconnect,1.0,7,103.42000000000009,1,875,1,1,1,1,1,1,1,1,1,True,1,1,0,1,1,0
s08-r2-disconnect-n20-1,8,2,disconnect-n20-1,disconnect,1.0,8,119.76800000000004,2,1000,1,2,1,2,1,2,1,2,1,False,1,1,0,1,1,0
s08-r2-disconnect-n20-1,8,2,disconnect-n20-1,disconnect,1.0,9,160.7520000000004,1,620,1,1,1,1,1,1,1,1,1,True,1,1,0,1,1,0
s08-r2-disconnect-n20-1,8,2,disconnect-n20-1,disconnect,1.0,10,176.71999999999937,2,1000,1,2,1,2,1,2,1,2,1,False,1,1,0,1,1,0
s08-r2-disconnect-n20-1,8,2,disconnect-n20-1,disconnect,1.0,11,192.6560000000009,2,1000,1,2,1,2,1,2,1,2,1,False,1,1,0,1,1,0
s08-r2-disconnect-n20-1,8,2,disconnect-n20-1,disconnect,1.0,12,200.5,1,985,1,1,1,1,1,1,1,1,1,True,1,1,0,1,1,0
s08-r2-disconnect-n20-1,8,2,disconnect-n20-1,disconnect,1.0,13,216.9320000000007,2,620,1,2,1,2,1,2,1,2,1,True,1,1,0,1,1,0
s08-r2-disconnect-n20-1,8,2,disconnect-n20-1,disconnect,1.0,14,224.83200000000036,1,1000,1,1,1,1,1,1,1,1,1,False,1,1,0,1,1,0
s08-r2-disconnect-n20-1,8,2,disconnect-n20-1,disconnect,1.0,15,249.64799999999923,1,1000,1,1,1,1,1,1,1,1,1,False,1,1,0,1,1,0
s08-r2-disconnect-n20-1,8,2,disconnect-n20-1,disconnect,1.0,16,282.8080000000009,2,1000,1,2,1,2,1,2,1,2,1,False,1,1,0,1,1,0
s08-r2-disconnect-n20-1,8,2,disconnect-n20-1,disconnect,1.0,17,290.88800000000083,1,620,1,1,1,1,1,1,1,1,1,True,1,1,0,1,1,0
s08-r2-disconnect-n20-1,8,2,disconnect-n20-1,disconnect,1.0,18,298.77599999999984,2,1000,1,2,1,2,1,2,1,2,1,False,1,1,0,1,1,0
s08-r2-disconnect-n20-1,8,2,disconnect-n20-1,disconnect,1.0,19,314.3279999999995,2,620,1,2,1,2,1,2,1,2,1,True,1,1,0,1,1,0
s08-r2-disconnect-n20-1,8,2,disconnect-n20-1,disconnect,1.0,20,338.52399999999943,2,931,1,2,1,2,1,2,1,2,1,True,1,1,0,1,1,0
s08-r2-disconnect-n20-1,8,2,disconnect-n20-1,disconnect,1.0,21,347.0,2,1000,1,2,1,2,1,2,1,2,1,False,1,1,0,1,1,0
s08-r2-disconnect-n20-1,8,2,disconnect-n20-1,disconnect,1.0,22,354.6239999999998,2,1000,1,1,1,1,1,2,1,2,1,False,0,0,0,1,1,0
s08-r2-disconnect-n20-1,8,2,disconnect-n20-1,disconnect,1.0,23,379.02800000000025,1,1000,1,1,1,1,1,1,1,1,1,False,1,1,0,1,1,0
s08-r2-disconnect-n5-1,8,2,disconnect-n5-1,disconnect,1.0,0,1.0,1,1000,1,1,1,1,1,1,1,1,1,False,1,1,0,1,1,0
s08-r2-disconnect-n5-1,8,2,disconnect-n5-1,disconnect,1.0,1,9.012000000000626,1,1000,1,1,1,1,1,1,1,1,1,False,1,1,0,1,1,0
s08-r2-disconnect-n5-1,8,2,disconnect-n5-1,disconnect,1.0,2,24.49200000000019,2,1000,1,2,1,2,1,2,1,2,1,False,1,1,0,1,1,0
s08-r2-disconnect-n5-1,8,2,disconnect-n5-1,disconnect,1.0,3,32.52399999999943,1,1000,1,1,1,1,1,1,1,1,1,False,1,1,0,1,1,0
s08-r2-disconnect-n5-1,8,2,disconnect-n5-1,disconnect,1.0,4,48.63600000000042,1,1000,1,1,1,1,1,1,1,1,1,False,1,1,0,1,1,0
s08-r2-disconnect-n5-1,8,2,disconnect-n5-1,disconnect,1.0,5,64.55999999999949,2,820,1,2,1,2,1,2,1,2,1,True,1,1,0,1,1,0
s08-r2-disconnect-n5-1,8,2,disconnect-n5-1,disconnect,1.0,6,80.17599999999948,1,1000,1,1,1,1,1,1,1,1,1,False,1,1,0,1,1,0
s08-r2-disconnect-n5-1,8,2,disconnect-n5-1,disconnect,1.0,7,103.42000000000009,1,1000,1,1,1,1,1,1,1,1,1,False,1,1,0,1,1,0
s08-r2-disconnect-n5-1,8,2,disconnect-n5-1,disconnect,1.0,8,119.76800000000004,2,1000,1,2,1,2,1,2,1,2,1,False,1,1,0,1,1,0
s08-r2-disconnect-n5-1,8,2,disconnect-n5-1,disconnect,1.0,9,160.7520000000004,1,1000,1,1,1,1,1,1,1,1,1,False,1,1,0,1,1,0
s08-r2-disconnect-n5-1,8,2,disconnect-n5-1,disconnect,1.0,10,176.71999999999937,2,1000,1,2,1,2,1,2,1,2,1,False,1,1,0,1,1,0
s08-r2-disconnect-n5-1,8,2,disconnect-n5-1,disconnect,1.0,11,192.6560000000009,2,1000,1,2,1,2,1,2,1,2,1,False,1,1,0,1,1,0
s08-r2-disconnect-n5-1,8,2,disconnect-n5-1,disconnect,1.0,12,200.5,1,1000,1,1,1,1,1,1,1,1,1,False,1,1,0,1,1,0
s08-r2-disconnect-n5-1,8,2,disconnect-n5-1,disconnect,1.0,13,216.9320000000007,2,1000,1,2,1,2,1,2,1,2,1,False,1,1,0,1,1,0
s08-r2-disconnect-n5-1,8,2,disconnect-n5-1,disconnect,1.0,14,224.83200000000036,1,1000,1,1,1,1,1,1,1,1,1,False,1,1,0,1,1,0
s08-r2-disconnect-n5-1,8,2,disconnect-n5-1,disconnect,1.0,15,249.64799999999923,1,620,1,1,1,1,1,1,1,1,1,True,1,1,0,1,1,0
s08-r2-disconnect-n5-1,8,2,disconnect-n5-1,disconnect,1.0,16,282.8080000000009,2,1000,1,2,1,2,1,2,1,2,1,False,1,1,0,1,1,0
s08-r2-disconnect-n5-1,8,2,disconnect-n5-1,disconnect,1.0,17,290.88800000000083,1,1000,1,1,1,1,1,1,1,1,1,False,1,1,0,1,1,0
s08-r2-disconnect-n5-1,8,2,disconnect-n5-1,disconnect,1.0,18,298.77599999999984,2,1000,1,2,1,2,1,2,1,2,1,False,1,1,0,1,1,0
s08-r2-disconnect-n5-1,8,2,disconnect-n5-1,disconnect,1.0,19,314.3279999999995,2,1000,1,2,1,2,1,2,1,2,1,False,1,1,0,1,1,0
s08-r2-disconnect-n5-1,8,2,disconnect-n5-1,disconnect,1.0,20,338.52399999999943,2,1000,1,2,1,2,1,2,1,2,1,False,1,1,0,1,1,0
s08-r2-disconnect-n5-1,8,2,disconnect-n5-1,disconnect,1.0,21,347.0,2,1000,1,2,1,2,1,2,1,2,1,False,1,1,0,1,1,0
s08-r2-disconnect-n5-1,8,2,disconnect-n5-1,disconnect,1.0,22,354.6239999999998,2,1000,1,1,1,1,1,2,1,2,1,False,0,0,0,1,1,0
s08-r2-disconnect-n5-1,8,2,disconnect-n5-1,disconnect,1.0,23,379.02800000000025,1,1000,1,1,1,1,1,1,1,1,1,False,1,1,0,1,1,0
s08-r3-disconnect-n10-1,8,3,disconnect-n10-1,disconnect,1.0,0,1.0,2,1000,1,2,1,2,1,1,1,1,1,False,1,1,0,0,0,0
s08-r3-disconnect-n10-1,8,3,disconnect-n10-1,disconnect,1.0,1,16.683999999999287,1,1000,1,1,1,1,1,1,1,1,1,False,1,1,0,1,1,0
s08-r3-disconnect-n10-1,8,3,disconnect-n10-1,disconnect,1.0,2,48.63600000000042,1,1000,1,1,1,1,1,1,1,1,1,False,1,1,0,1,1,0
s08-r3-disconnect-n10-1,8,3,disconnect-n10-1,disconnect,1.0,3,56.83599999999933,1,1000,1,1,1,1,1,1,1,1,1,False,1,1,0,1,1,0
s08-r3-disconnect-n10-1,8,3,disconnect-n10-1,disconnect,1.0,4,72.55199999999968,2,1000,1,2,1,2,1,2,1,2,1,False,1,1,0,1,1,0
s08-r3-disconnect-n10-1,8,3,disconnect-n10-1,disconnect,1.0,5,103.42000000000009,2,655,1,2,1,2,1,2,1,2,1,True,1,1,0,1,1,0
s08-r3-disconnect-n10-1,8,3,disconnect-n10-1,disconnect,1.0,6,111.28800000000048,1,1000,1,1,1,1,1,1,1,1,1,False,1,1,0,1,1,0
s08-r3-disconnect-n10-1,8,3,disconnect-n10-1,disconnect,1.0,7,127.79999999999929,2,1000,1,2,1,2,1,2,1,2,1,False,1,1,0,1,1,0
s08-r3-disconnect-n10-1,8,3,disconnect-n10-1,disconnect,1.0,8,144.20800000000054,1,1000,1,1,1,1,1,1,1,1,1,False,1,1,0,1,1,0
s08-r3-disconnect-n10-1,8,3,disconnect-n10-1,disconnect,1.0,9,169.07200000000012,2,1000,1,2,1,2,1,2,1,2,1,False,1,1,0,1,1,0
s08-r3-disconnect-n10-1,8,3,disconnect-n10-1,disconnect,1.0,10,192.6560000000009,1,1000,1,1,1,1,1,1,1,1,1,False,1,1,0,1,1,0
s08-r3-disconnect-n10-1,8,3,disconnect-n10-1,disconnect,1.0,11,200.5,2,620,1,1,1,2,1,1,1,2,1,True,0,1,1,0,1,1
s08-r3-disconnect-n10-1,8,3,disconnect-n10-1,disconnect,1.0,12,208.9159999999993,2,1000,1,2,1,2,1,2,1,2,1,False,1,1,0,1,1,0
s08-r3-disconnect-n10-1,8,3,disconnect-n10-1,disconnect,1.0,13,232.9359999999997,2,1000,1,2,1,2,1,2,1,2,1,False,1,1,0,1,1,0
s08-r3-disconnect-n10-1,8,3,disconnect-n10-1,disconnect,1.0,14,241.21999999999932,1,1000,1,1,1,1,1,1,1,1,1,False,1,1,0,1,1,0
s08-r3-disconnect-n10-1,8,3,disconnect-n10-1,disconnect,1.0,15,249.64799999999923,1,1000,1,1,1,1,1,1,1,1,1,False,1,1,0,1,1,0
s08-r3-disconnect-n10-1,8,3,disconnect-n10-1,disconnect,1.0,16,266.3799999999992,2,1000,1,2,1,2,1,2,1,2,1,False,1,1,0,1,1,0
s08-r3-disconnect-n10-1,8,3,disconnect-n10-1,disconnect,1.0,17,274.5519999999997,1,1000,1,1,1,1,1,1,1,1,1,False,1,1,0,1,1,0
s08-r3-disconnect-n10-1,8,3,disconnect-n10-1,disconnect,1.0,18,290.88800000000083,2,1000,1,1,1,1,1,2,1,2,1,False,0,0,0,1,1,0
s08-r3-disconnect-n10-1,8,3,disconnect-n10-1,disconnect,1.0,19,298.77599999999984,2,1000,1,2,1,2,1,2,1,2,1,False,1,1,0,1,1,0
s08-r3-disconnect-n10-1,8,3,disconnect-n10-1,disconnect,1.0,20,314.3279999999995,1,1000,1,1,1,1,1,1,1,1,1,False,1,1,0,1,1,0
s08-r3-disconnect-n10-1,8,3,disconnect-n10-1,disconnect,1.0,21,362.3359999999993,1,1000,1,1,1,1,1,1,1,1,1,False,1,1,0,1,1,0
s08-r3-disconnect-n10-1,8,3,disconnect-n10-1,disconnect,1.0,22,370.79199999999946,2,1000,1,2,1,2,1,2,1,2,1,False,1,1,0,1,1,0
s08-r3-disconnect-n10-1,8,3,disconnect-n10-1,disconnect,1.0,23,379.02800000000025,1,1000,1,1,1,1,1,1,1,1,1,False,1,1,0,1,1,0
s08-r3-disconnect-n2-1,8,3,disconnect-n2-1,disconnect,1.0,0,1.0,2,1000,1,2,1,2,1,1,1,1,1,False,1,1,0,0,0,0
s08-r3-disconnect-n2-1,8,3,disconnect-n2-1,disconnect,1.0,1,16.683999999999287,1,1000,1,1,1,1,1,1,1,1,1,False,1,1,0,1,1,0
s08-r3-disconnect-n2-1,8,3,disconnect-n2-1,disconnect,1.0,2,48.63600000000042,1,1000,1,1,1,1,1,1,1,1,1,False,1,1,0,1,1,0
s08-r3-disconnect-n2-1,8,3,disconnect-n2-1,disconnect,1.0,3,56.83599999999933,1,620,1,1,1,1,1,1,1,1,1,True,1,1,0,1,1,0
s08-r3-disconnect-n2-1,8,3,disconnect-n2-1,disconnect,1.0,4,72.55199999999968,2,1000,1,2,1,2,1,2,1,2,1,False,1,1,0,1,1,0
s08-r3-disconnect-n2-1,8,3,disconnect-n2-1,disconnect,1.0,5,103.42000000000009,2,1000,1,2,1,2,1,2,1,2,1,False,1,1,0,1,1,0
s08-r3-disconnect-n2-1,8,3,disconnect-n2-1,disconnect,1.0,6,111.28800000000048,1,1000,1,1,1,1,1,1,1,1,1,False,1,1,0,1,1,0
s08-r3-disconnect-n2-1,8,3,disconnect-n2-1,disconnect,1.0,7,127.79999999999929,2,1000,1,2,1,2,1,2,1,2,1,False,1,1,0,1,1,0
s08-r3-disconnect-n2-1,8,3,disconnect-n2-1,disconnect,1.0,8,144.20800000000054,1,1000,1,1,1,1,1,1,1,1,1,False,1,1,0,1,1,0
s08-r3-disconnect-n2-1,8,3,disconnect-n2-1,disconnect,1.0,9,169.07200000000012,2,1000,1,2,1,2,1,2,1,2,1,False,1,1,0,1,1,0
s08-r3-disconnect-n2-1,8,3,disconnect-n2-1,disconnect,1.0,10,192.6560000000009,1,1000,1,1,1,1,1,1,1,1,1,False,1,1,0,1,1,0
s08-r3-disconnect-n2-1,8,3,disconnect-n2-1,disconnect,1.0,11,200.5,2,1000,1,2,1,2,1,2,1,2,1,False,1,1,0,1,1,0
s08-r3-disconnect-n2-1,8,3,disconnect-n2-1,disconnect,1.0,12,208.9159999999993,2,1000,1,2,1,2,1,2,1,2,1,False,1,1,0,1,1,0
s08-r3-disconnect-n2-1,8,3,disconnect-n2-1,disconnect,1.0,13,232.9359999999997,2,1000,1,2,1,2,1,2,1,2,1,False,1,1,0,1,1,0
s08-r3-disconnect-n2-1,8,3,disconnect-n2-1,disconnect,1.0,14,241.21999999999932,1,1000,1,1,1,1,1,1,1,1,1,False,1,1,0,1,1,0
s08-r3-disconnect-n2-1,8,3,disconnect-n2-1,disconnect,1.0,15,249.64799999999923,1,1000,1,1,1,1,1,1,1,1,1,False,1,1,0,1,1,0
s08-r3-disconnect-n2-1,8,3,disconnect-n2-1,disconnect,1.0,16,266.3799999999992,2,1000,1,2,1,2,1,2,1,2,1,False,1,1,0,1,1,0
s08-r3-disconnect-n2-1,8,3,disconnect-n2-1,disconnect,1.0,17,274.5519999999997,1,1000,1,1,1,1,1,1,1,1,1,False,1,1,0,1,1,0
s08-r3-disconnect-n2-1,8,3,disconnect-n2-1,disconnect,1.0,18,290.88800000000083,2,1000,1,1,1,1,1,2,1,2,1,False,0,0,0,1,1,0
s08-r3-disconnect-n2-1,8,3,disconnect-n2-1,disconnect,1.0,19,298.77599999999984,2,1000,1,2,1,2,1,2,1,2,1,False,1,1,0,1,1,0
s08-r3-disconnect-n2-1,8,3,disconnect-n2-1,disconnect,1.0,20,314.3279999999995,1,1000,1,1,1,1,1,1,1,1,1,False,1,1,0,1,1,0
s08-r3-disconnect-n2-1,8,3,disconnect-n2-1,disconnect,1.0,21,362.3359999999993,1,1000,1,1,1,1,1,1,1,1,1,False,1,1,0,1,1,0
s08-r3-disconnect-n2-1,8,3,disconnect-n2-1,disconnect,1.0,22,370.79199999999946,2,1000,1,2,1,2,1,2,1,2,1,False,1,1,0,1,1,0
s08-r3-disconnect-n2-1,8,3,disconnect-n2-1,disconnect,1.0,23,379.02800000000025,1,1000,1,1,1,1,1,1,1,1,1,False,1,1,0,1,1,0
s08-r3-disconnect-n20-1,8,3,disconnect-n20-1,disconnect,1.0,0,1.0,2,1000,1,2,1,2,1,1,1,1,1,False,1,1,0,0,0,0
s08-r3-disconnect-n20-1,8,3,disconnect-n20-1,disconnect,1.0,1,16.683999999999287,1,1000,1,1,1,1,1,1,1,1,1,False,1,1,0,1,1,0
s08-r3-disconnect-n20-1,8,3,disconnect-n20-1,disconnect,1.0,2,48.63600000000042,1,620,1,1,1,1,1,1,1,1,1,True,1,1,0,1,1,0
s08-r3-disconnect-n20-1,8,3,disconnect-n20-1,disconnect,1.0,3,56.83599999999933,1,1000,1,1,1,1,1,1,1,1,1,False,1,1,0,1,1,0
s08-r3-disconnect-n20-1,8,3,disconnect-n20-1,disconnect,1.0,4,72.55199999999968,2,1000,1,2,1,2,1,2,1,2,1,False,1,1,0,1,1,0
s08-r3-disconnect-n20-1,8,3,disconnect-n20-1,disconnect,1.0,5,103.42000000000009,2,1000,1,2,1,2,1,2,1,2,1,False,1,1,0,1,1,0
s08-r3-disconnect-n20-1,8,3,disconnect-n20-1,disconnect,1.0,6,111.28800000000048,1,1000,1,1,1,1,1,1,1,1,1,False,1,1,0,1,1,0
s08-r3-disconnect-n20-1,8,3,disconnect-n20-1,disconnect,1.0,7,127.79999999999929,2,1000,1,2,1,2,1,2,1,2,1,False,1,1,0,1,1,0
s08-r3-disconnect-n20-1,8,3,disconnect-n20-1,disconnect,1.0,8,144.20800000000054,1,902,1,1,1,1,1,1,1,1,1,True,1,1,0,1,1,0
s08-r3-disconnect-n20-1,8,3,disconnect-n20-1,disconnect,1.0,9,169.07200000000012,2,1000,1,2,1,2,1,2,1,2,1,False,1,1,0,1,1,0
s08-r3-disconnect-n20-1,8,3,disconnect-n20-1,disconnect,1.0,10,192.6560000000009,1,835,1,1,1,1,1,1,1,1,1,True,1,1,0,1,1,0
s08-r3-disconnect-n20-1,8,3,disconnect-n20-1,disconnect,1.0,11,200.5,2,1000,1,2,1,2,1,2,1,2,1,False,1,1,0,1,1,0
s08-r3-disconnect-n20-1,8,3,disconnect-n20-1,disconnect,1.0,12,208.9159999999993,2,620,1,2,1,2,1,1,1,2,1,True,1,1,0,0,1,1
s08-r3-disconnect-n20-1,8,3,disconnect-n20-1,disconnect,1.0,13,232.9359999999997,2,620,1,2,1,2,1,2,1,2,1,True,1,1,0,1,1,0
s08-r3-disconnect-n20-1,8,3,disconnect-n20-1,disconnect,1.0,14,241.21999999999932,1,1000,1,1,1,1,1,1,1,1,1,False,1,1,0,1,1,0
s08-r3-disconnect-n20-1,8,3,disconnect-n20-1,disconnect,1.0,15,249.64799999999923,1,1000,1,1,1,1,1,1,1,1,1,False,1,1,0,1,1,0
s08-r3-disconnect-n20-1,8,3,disconnect-n20-1,disconnect,1.0,16,266.3799999999992,2,620,1,2,1,2,1,2,1,2,1,True,1,1,0,1,1,0
s08-r3-disconnect-n20-1,8,3,disconnect-n20-1,disconnect,1.0,17,274.5519999999997,1,1000,1,1,1,1,1,1,1,1,1,False,1,1,0,1,1,0
s08-r3-disconnect-n20-1,8,3,disconnect-n20-1,disconnect,1.0,18,290.88800000000083,2,1000,1,1,1,1,1,2,1,2,1,False,0,0,0,1,1,0
s08-r3-disconnect-n20-1,8,3,disconnect-n20-1,disconnect,1.0,19,298.77599999999984,2,716,1,2,1,2,1,2,1,2,1,True,1,1,0,1,1,0
s08-r3-disconnect-n20-1,8,3,disconnect-n20-1,disconnect,1.0,20,314.3279999999995,1,1000,1,1,1,1,1,1,1,1,1,False,1,1,0,1,1,0
s08-r3-disconnect-n20-1,8,3,disconnect-n20-1,disconnect,1.0,21,362.3359999999993,1,620,1,1,1,1,1,1,1,1,1,True,1,1,0,1,1,0
s08-r3-disconnect-n20-1,8,3,disconnect-n20-1,disconnect,1.0,22,370.79199999999946,2,1000,1,2,1,2,1,2,1,2,1,False,1,1,0,1,1,0
s08-r3-disconnect-n20-1,8,3,disconnect-n20-1,disconnect,1.0,23,379.02800000000025,1,1000,1,1,1,1,1,1,1,1,1,False,1,1,0,1,1,0
s08-r3-disconnect-n5-1,8,3,disconnect-n5-1,disconnect,1.0,0,1.0,2,1000,1,2,1,2,1,1,1,1,1,False,1,1,0,0,0,0
s08-r3-disconnect-n5-1,8,3,disconnect-n5-1,disconnect,1.0,1,16.683999999999287,1,1000,1,1,1,1,1,1,1,1,1,False,1,1,0,1,1,0
s08-r3-disconnect-n5-1,8,3,disconnect-n5-1,disconnect,1.0,2,48.63600000000042,1,1000,1,1,1,1,1,1,1,1,1,False,1,1,0,1,1,0
s08-r3-disconnect-n5-1,8,3,disconnect-n5-1,disconnect,1.0,3,56.83599999999933,1,859,1,1,1,1,1,1,1,1,1,True,1,1,0,1,1,0
s08-r3-disconnect-n5-1,8,3,disconnect-n5-1,disconnect,1.0,4,72.55199999999968,2,1000,1,2,1,2,1,2,1,2,1,False,1,1,0,1,1,0
s08-r3-disconnect-n5-1,8,3,disconnect-n5-1,disconnect,1.0,5,103.42000000000009,2,620,1,2,1,2,1,2,1,2,1,True,1,1,0,1,1,0
s08-r3-disconnect-n5-1,8,3,disconnect-n5-1,disconnect,1.0,6,111.28800000000048,1,1000,1,1,1,1,1,1,1,1,1,False,1,1,0,1,1,0
s08-r3-disconnect-n5-1,8,3,disconnect-n5-1,disconnect,1.0,7,127.79999999999929,2,1000,1,2,1,2,1,2,1,2,1,False,1,1,0,1,1,0
s08-r3-disconnect-n5-1,8,3,disconnect-n5-1,disconnect,1.0,8,144.20800000000054,1,1000,1,1,1,1,1,1,1,1,1,False,1,1,0,1,1,0
s08-r3-disconnect-n5-1,8,3,disconnect-n5-1,disconnect,1.0,9,169.07200000000012,2,1000,1,2,1,2,1,2,1,2,1,False,1,1,0,1,1,0
s08-r3-disconnect-n5-1,8,3,disconnect-n5-1,disconnect,1.0,10,192.6560000000009,1,1000,1,1,1,1,1,1,1,1,1,False,1,1,0,1,1,0
s08-r3-disconnect-n5-1,8,3,disconnect-n5-1,disconnect,1.0,11,200.5,2,1000,1,2,1,2,1,2,1,2,1,False,1,1,0,1,1,0
s08-r3-disconnect-n5-1,8,3,disconnect-n5-1,disconnect,1.0,12,208.9159999999993,2,1000,1,2,1,2,1,2,1,2,1,False,1,1,0,1,1,0
s08-r3-disconnect-n5-1,8,3,disconnect-n5-1,disconnect,1.0,13,232.9359999999997,2,1000,1,2,1,2,1,2,1,2,1,False,1,1,0,1,1,0
s08-r3-disconnect-n5-1,8,3,disconnect-n5-1,disconnect,1.0,14,241.21999999999932,1,1000,1,1,1,1,1,1,1,1,1,False,1,1,0,1,1,0
s08-r3-disconnect-n5-1,8,3,disconnect-n5-1,disconnect,1.0,15,249.64799999999923,1,1000,1,1,1,1,1,1,1,1,1,False,1,1,0,1,1,0
s08-r3-disconnect-n5-1,8,3,disconnect-n5-1,disconnect,1.0,16,266.3799999999992,2,1000,1,2,1,2,1,2,1,2,1,False,1,1,0,1,1,0
s08-r3-disconnect-n5-1,8,3,disconnect-n5-1,disconnect,1.0,17,274.5519999999997,1,620,1,1,1,1,1,1,1,1,1,True,1,1,0,1,1,0
s08-r3-disconnect-n5-1,8,3,disconnect-n5-1,disconnect,1.0,18,290.88800000000083,2,1000,1,1,1,1,1,2,1,2,1,False,0,0,0,1,1,0
s08-r3-disconnect-n5-1,8,3,disconnect-n5-1,disconnect,1.0,19,298.77599999999984,2,1000,1,2,1,2,1,2,1,2,1,False,1,1,0,1,1,0
s08-r3-disconnect-n5-1,8,3,disconnect-n5-1,disconnect,1.0,20,314.3279999999995,1,1000,1,1,1,1,1,1,1,1,1,False,1,1,0,1,1,0
s08-r3-disconnect-n5-1,8,3,disconnect-n5-1,disconnect,1.0,21,362.3359999999993,1,1000,1,1,1,1,1,1,1,1,1,False,1,1,0,1,1,0
s08-r3-disconnect-n5-1,8,3,disconnect-n5-1,disconnect,1.0,22,370.79199999999946,2,1000,1,2,1,2,1,2,1,2,1,False,1,1,0,1,1,0
s08-r3-disconnect-n5-1,8,3,disconnect-n5-1,disconnect,1.0,23,379.02800000000025,1,1000,1,1,1,1,1,1,1,1,1,False,1,1,0,1,1,0
s08-r4-disconnect-n10-1,8,4,disconnect-n10-1,disconnect,1.0,0,1.0,2,1000,1,2,1,2,1,2,1,2,1,False,1,1,0,1,1,0
s08-r4-disconnect-n10-1,8,4,disconnect-n10-1,disconnect,1.0,1,9.012000000000626,1,1000,1,1,1,1,1,1,1,1,1,False,1,1,0,1,1,0
s08-r4-disconnect-n10-1,8,4,disconnect-n10-1,disconnect,1.0,2,16.683999999999287,1,1000,1,1,1,1,1,1,1,1,1,False,1,1,0,1,1,0
s08-r4-disconnect-n10-1,8,4,disconnect-n10-1,disconnect,1.0,3,40.96800000000076,2,1000,1,2,1,2,1,2,1,2,1,False,1,1,0,1,1,0
s08-r4-disconnect-n10-1,8,4,disconnect-n10-1,disconnect,1.0,4,64.55999999999949,1,1000,1,1,1,1,1,1,1,1,1,False,1,1,0,1,1,0
s08-r4-disconnect-n10-1,8,4,disconnect-n10-1,disconnect,1.0,5,80.17599999999948,1,1000,1,1,1,1,1,1,1,1,1,False,1,1,0,1,1,0
s08-r4-disconnect-n10-1,8,4,disconnect-n10-1,disconnect,1.0,6,87.7559999999994,1,620,1,1,1,1,1,1,1,1,1,True,1,1,0,1,1,0
s08-r4-disconnect-n10-1,8,4,disconnect-n10-1,disconnect,1.0,7,95.64400000000025,2,1000,1,2,1,2,1,2,1,2,1,False,1,1,0,1,1,0
s08-r4-disconnect-n10-1,8,4,disconnect-n10-1,disconnect,1.0,8,119.76800000000004,2,1000,1,2,1,2,1,2,1,2,1,False,1,1,0,1,1,0
s08-r4-disconnect-n10-1,8,4,disconnect-n10-1,disconnect,1.0,9,169.07200000000012,2,1000,1,2,1,2,1,2,1,2,1,False,1,1,0,1,1,0
s08-r4-disconnect-n10-1,8,4,disconnect-n10-1,disconnect,1.0,10,176.71999999999937,2,1000,1,2,1,2,1,2,1,2,1,False,1,1,0,1,1,0
s08-r4-disconnect-n10-1,8,4,disconnect-n10-1,disconnect,1.0,11,192.6560000000009,1,1000,1,1,1,1,1,1,1,1,1,False,1,1,0,1,1,0
s08-r4-disconnect-n10-1,8,4,disconnect-n10-1,disconnect,1.0,12,200.5,2,620,1,2,1,2,1,2,1,2,1,True,1,1,0,1,1,0
s08-r4-disconnect-n10-1,8,4,disconnect-n10-1,disconnect,1.0,13,208.9159999999993,2,1000,1,1,1,1,1,2,1,2,1,False,0,0,0,1,1,0
s08-r4-disconnect-n10-1,8,4,disconnect-n10-1,disconnect,1.0,14,216.9320000000007,2,1000,1,1,1,1,1,2,1,2,1,False,0,0,0,1,1,0
s08-r4-disconnect-n10-1,8,4,disconnect-n10-1,disconnect,1.0,15,241.21999999999932,1,1000,1,1,1,1,1,1,1,1,1,False,1,1,0,1,1,0
s08-r4-disconnect-n10-1,8,4,disconnect-n10-1,disconnect,1.0,16,258.0159999999996,1,1000,1,1,1,1,1,2,1,2,1,False,1,1,0,0,0,0
s08-r4-disconnect-n10-1,8,4,disconnect-n10-1,disconnect,1.0,17,274.5519999999997,1,1000,1,1,1,1,1,1,1,1,1,False,1,1,0,1,1,0
s08-r4-disconnect-n10-1,8,4,disconnect-n10-1,disconnect,1.0,18,290.88800000000083,1,1000,1,1,1,1,1,2,1,2,1,False,1,1,0,0,0,0
s08-r4-disconnect-n10-1,8,4,disconnect-n10-1,disconnect,1.0,19,306.6280000000006,1,777,1,1,1,1,1,1,1,1,1,True,1,1,0,1,1,0
s08-r4-disconnect-n10-1,8,4,disconnect-n10-1,disconnect,1.0,20,314.3279999999995,2,1000,1,2,1,2,1,2,1,2,1,False,1,1,0,1,1,0
s08-r4-disconnect-n10-1,8,4,disconnect-n10-1,disconnect,1.0,21,347.0,1,1000,1,1,1,1,1,1,1,1,1,False,1,1,0,1,1,0
s08-r4-disconnect-n10-1,8,4,disconnect-n10-1,disconnect,1.0,22,354.6239999999998,2,1000,1,2,1,2,1,2,1,2,1,False,1,1,0,1,1,0
s08-r4-disconnect-n10-1,8,4,disconnect-n10-1,disconnect,1.0,23,370.79199999999946,2,1000,1,2,1,2,1,2,1,2,1,False,1,1,0,1,1,0
s08-r4-disconnect-n2-1,8,4,disconnect-n2-1,disconnect,1.0,0,1.0,2,1000,1,2,1,2,1,2,1,2,1,False,1,1,0,1,1,0
s08-r4-disconnect-n2-1,8,4,disconnect-n2-1,disconnect,1.0,1,9.012000000000626,1,1000,1,1,1,1,1,1,1,1,1,False,1,1,0,1,1,0
s08-r4-disconnect-n2-1,8,4,disconnect-n2-1,disconnect,1.0,2,16.683999999999287,1,1000,1,1,1,1,1,1,1,1,1,False,1,1,0,1,1,0
s08-r4-disconnect-n2-1,8,4,disconnect-n2-1,disconnect,1.0,3,40.96800000000076,2,1000,1,2,1,2,1,2,1,2,1,False,1,1,0,1,1,0
s08-r4-disconnect-n2-1,8,4,disconnect-n2-1,disconnect,1.0,4,64.55999999999949,1,1000,1,1,1,1,1,1,1,1,1,False,1,1,0,1,1,0
s08-r4-disconnect-n2-1,8,4,disconnect-n2-1,disconnect,1.0,5,80.17599999999948,1,1000,1,1,1,1,1,1,1,1,1,False,1,1,0,1,1,0
s08-r4-disconnect-n2-1,8,4,disconnect-n2-1,disconnect,1.0,6,87.7559999999994,1,1000,1,1,1,1,1,1,1,1,1,False,1,1,0,1,1,0
s08-r4-disconnect-n2-1,8,4,disconnect-n2-1,disconnect,1.0,7,95.64400000000025,2,1000,1,2,1,2,1,2,1,2,1,False,1,1,0,1,1,0
s08-r4-disconnect-n2-1,8,4,disconnect-n2-1,disconnect,1.0,8,119.76800000000004,2,1000,1,2,1,2,1,2,1,2,1,False,1,1,0,1,1,0
s08-r4-disconnect-n2-1,8,4,disconnect-n2-1,disconnect,1.0,9,169.07200000000012,2,1000,1,2,1,2,1,2,1,2,1,False,1,1,0,1,1,0
s08-r4-disconnect-n2-1,8,4,disconnect-n2-1,disconnect,1.0,10,176.71999999999937,2,1000,1,2,1,2,1,2,1,2,1,False,1,1,0,1,1,0
s08-r4-disconnect-n2-1,8,4,disconnect-n2-1,disconnect,1.0,11,192.6560000000009,1,1000,1,1,1,1,1,1,1,1,1,False,1,1,0,1,1,0
s08-r4-disconnect-n2-1,8,4,disconnect-n2-1,disconnect,1.0,12,200.5,2,1000,1,2,1,2,1,2,1,2,1,False,1,1,0,1,1,0
s08-r4-disconnect-n2-1,8,4,disconnect-n2-1,disconnect,1.0,13,208.9159999999993,2,1000,1,1,1,1,1,2,1,2,1,False,0,0,0,1,1,0
s08-r4-disconnect-n2-1,8,4,disconnect-n2-1,disconnect,1.0,14,216.9320000000007,2,1000,1,1,1,1,1,2,1,2,1,False,0,0,0,1,1,0
s08-r4-disconnect-n2-1,8,4,disconnect-n2-1,disconnect,1.0,15,241.21999999999932,1,1000,1,1,1,1,1,1,1,1,1,False,1,1,0,1,1,0
s08-r4-disconnect-n2-1,8,4,disconnect-n2-1,disconnect,1.0,16,258.0159999999996,1,1000,1,1,1,1,1,2,1,2,1,False,1,1,0,0,0,0
s08-r4-disconnect-n2-1,8,4,disconnect-n2-1,disconnect,1.0,17,274.5519999999997,1,1000,1,1,1,1,1,1,1,1,1,False,1,1,0,1,1,0
s08-r4-disconnect-n2-1,8,4,disconnect-n2-1,disconnect,1.0,18,290.88800000000083,1,1000,1,1,1,1,1,2,1,2,1,False,1,1,0,0,0,0
s08-r4-disconnect-n2-1,8,4,disconnect-n2-1,disconnect,1.0,19,306.6280000000006,1,1000,1,1,1,1,1,1,1,1,1,False,1,1,0,1,1,0
s08-r4-disconnect-n2-1,8,4,disconnect-n2-1,disconnect,1.0,20,314.3279999999995,2,1000,1,2,1,2,1,2,1,2,1,False,1,1,0,1,1,0
s08-r4-disconnect-n2-1,8,4,disconnect-n2-1,disconnect,1.0,21,347.0,1,1000,1,1,1,1,1,1,1,1,1,False,1,1,0,1,1,0
s08-r4-disconnect-n2-1,8,4,disconnect-n2-1,disconnect,1.0,22,354.6239999999998,2,1000,1,2,1,2,1,2,1,2,1,False,1,1,0,1,1,0
s08-r4-disconnect-n2-1,8,4,disconnect-n2-1,disconnect,1.0,23,370.79199999999946,2,1000,1,2,1,2,1,2,1,2,1,False,1,1,0,1,1,0
s08-r4-disconnect-n20-1,8,4,disconnect-n20-1,disconnect,1.0,0,1.0,2,1000,1,2,1,2,1,2,1,2,1,False,1,1,0,1,1,0
s08-r4-disconnect-n20-1,8,4,disconnect-n20-1,disconnect,1.0,1,9.012000000000626,1,1000,1,1,1,1,1,1,1,1,1,False,1,1,0,1,1,0
s08-r4-disconnect-n20-1,8,4,disconnect-n20-1,disconnect,1.0,2,16.683999999999287,1,881,1,1,1,1,1,1,1,1,1,True,1,1,0,1,1,0
s08-r4-disconnect-n20-1,8,4,disconnect-n20-1,disconnect,1.0,3,40.96800000000076,2,1000,1,2,1,2,1,2,1,2,1,False,1,1,0,1,1,0
s08-r4-disconnect-n20-1,8,4,disconnect-n20-1,disconnect,1.0,4,64.55999999999949,1,1000,1,1,1,1,1,1,1,1,1,False,1,1,0,1,1,0
s08-r4-disconnect-n20-1,8,4,disconnect-n20-1,disconnect,1.0,5,80.17599999999948,1,1000,1,1,1,1,1,1,1,1,1,False,1,1,0,1,1,0
s08-r4-disconnect-n20-1,8,4,disconnect-n20-1,disconnect,1.0,6,87.7559999999994,1,1000,1,1,1,1,1,1,1,1,1,False,1,1,0,1,1,0
s08-r4-disconnect-n20-1,8,4,disconnect-n20-1,disconnect,1.0,7,95.64400000000025,2,761,1,2,1,2,1,2,1,2,1,True,1,1,0,1,1,0
s08-r4-disconnect-n20-1,8,4,disconnect-n20-1,disconnect,1.0,8,119.76800000000004,2,1000,1,2,1,2,1,2,1,2,1,False,1,1,0,1,1,0
s08-r4-disconnect-n20-1,8,4,disconnect-n20-1,disconnect,1.0,9,169.07200000000012,2,1000,1,2,1,2,1,2,1,2,1,False,1,1,0,1,1,0
s08-r4-disconnect-n20-1,8,4,disconnect-n20-1,disconnect,1.0,10,176.71999999999937,2,940,1,2,1,2,1,2,1,2,1,True,1,1,0,1,1,0
s08-r4-disconnect-n20-1,8,4,disconnect-n20-1,disconnect,1.0,11,192.6560000000009,1,1000,1,1,1,1,1,1,1,1,1,False,1,1,0,1,1,0
s08-r4-disconnect-n20-1,8,4,disconnect-n20-1,disconnect,1.0,12,200.5,2,675,1,2,1,2,1,2,1,2,1,True,1,1,0,1,1,0
s08-r4-disconnect-n20-1,8,4,disconnect-n20-1,disconnect,1.0,13,208.9159999999993,2,1000,1,1,1,1,1,2,1,2,1,False,0,0,0,1,1,0
s08-r4-disconnect-n20-1,8,4,disconnect-n20-1,disconnect,1.0,14,216.9320000000007,2,1000,1,1,1,1,1,2,1,2,1,False,0,0,0,1,1,0
s08-r4-disconnect-n20-1,8,4,disconnect-n20-1,disconnect,1.0,15,241.21999999999932,1,995,1,1,1,1,1,1,1,1,1,True,1,1,0,1,1,0
s08-r4-disconnect-n20-1,8,4,disconnect-n20-1,disconnect,1.0,16,258.0159999999996,1,1000,1,1,1,1,1,2,1,2,1,False,1,1,0,0,0,0
s08-r4-disconnect-n20-1,8,4,disconnect-n20-1,disconnect,1.0,17,274.5519999999997,1,1000,1,1,1,1,1,1,1,1,1,False,1,1,0,1,1,0
s08-r4-disconnect-n20-1,8,4,disconnect-n20-1,disconnect,1.0,18,290.88800000000083,1,953,1,1,1,1,1,2,1,2,1,True,1,1,0,0,0,0
s08-r4-disconnect-n20-1,8,4,disconnect-n20-1,disconnect,1.0,19,306.6280000000006,1,833,1,1,1,1,1,1,1,1,1,True,1,1,0,1,1,0
s08-r4-disconnect-n20-1,8,4,disconnect-n20-1,disconnect,1.0,20,314.3279999999995,2,1000,1,2,1,2,1,2,1,2,1,False,1,1,0,1,1,0
s08-r4-disconnect-n20-1,8,4,disconnect-n20-1,disconnect,1.0,21,347.0,1,1000,1,1,1,1,1,1,1,1,1,False,1,1,0,1,1,0
s08-r4-disconnect-n20-1,8,4,disconnect-n20-1,disconnect,1.0,22,354.6239999999998,2,814,1,2,1,2,1,2,1,2,1,True,1,1,0,1,1,0
s08-r4-disconnect-n20-1,8,4,disconnect-n20-1,disconnect,1.0,23,370.79199999999946,2,1000,1,2,1,2,1,2,1,2,1,False,1,1,0,1,1,0
s08-r4-disconnect-n5-1,8,4,disconnect-n5-1,disconnect,1.0,0,1.0,2,1000,1,2,1,2,1,2,1,2,1,False,1,1,0,1,1,0
s08-r4-disconnect-n5-1,8,4,disconnect-n5-1,disconnect,1.0,1,9.012000000000626,1,1000,1,1,1,1,1,1,1,1,1,False,1,1,0,1,1,0
s08-r4-disconnect-n5-1,8,4,disconnect-n5-1,disconnect,1.0,2,16.683999999999287,1,1000,1,1,1,1,1,1,1,1,1,False,1,1,0,1,1,0
s08-r4-disconnect-n5-1,8,4,disconnect-n5-1,disconnect,1.0,3,40.96800000000076,2,1000,1,2,1,2,1,2,1,2,1,False,1,1,0,1,1,0
s08-r4-disconnect-n5-1,8,4,disconnect-n5-1,disconnect,1.0,4,64.55999999999949,1,1000,1,1,1,1,1,1,1,1,1,False,1,1,0,1,1,0
s08-r4-disconnect-n5-1,8,4,disconnect-n5-1,disconnect,1.0,5,80.17599999999948,1,1000,1,1,1,1,1,1,1,1,1,False,1,1,0,1,1,0
s08-r4-disconnect-n5-1,8,4,disconnect-n5-1,disconnect,1.0,6,87.7559999999994,1,1000,1,1,1,1,1,1,1,1,1,False,1,1,0,1,1,0
s08-r4-disconnect-n5-1,8,4,disconnect-n5-1,disconnect,1.0,7,95.64400000000025,2,1000,1,2,1,2,1,2,1,2,1,False,1,1,0,1,1,0
s08-r4-disconnect-n5-1,8,4,disconnect-n5-1,disconnect,1.0,8,119.76800000000004,2,1000,1,2,1,2,1,2,1,2,1,False,1,1,0,1,1,0
s08-r4-disconnect-n5-1,8,4,disconnect-n5-1,disconnect,1.0,9,169.07200000000012,2,1000,1,2,1,2,1,2,1,2,1,False,1,1,0,1,1,0
s08-r4-disconnect-n5-1,8,4,disconnect-n5-1,disconnect,1.0,10,176.71999999999937,2,1000,1,2,1,2,1,2,1,2,1,False,1,1,0,1,1,0
s08-r4-disconnect-n5-1,8,4,disconnect-n5-1,disconnect,1.0,11,192.6560000000009,1,1000,1,1,1,1,1,1,1,1,1,False,1,1,0,1,1,0
s08-r4-disconnect-n5-1,8,4,disconnect-n5-1,disconnect,1.0,12,200.5,2,1000,1,2,1,2,1,2,1,2,1,False,1,1,0,1,1,0
s08-r4-disconnect-n5-1,8,4,disconnect-n5-1,disconnect,1.0,13,208.9159999999993,2,1000,1,1,1,1,1,2,1,2,1,False,0,0,0,1,1,0
s08-r4-disconnect-n5-1,8,4,disconnect-n5-1,disconnect,1.0,14,216.9320000000007,2,1000,1,1,1,1,1,2,1,2,1,False,0,0,0,1,1,0
s08-r4-disconnect-n5-1,8,4,disconnect-n5-1,disconnect,1.0,15,241.21999999999932,1,1000,1,1,1,1,1,1,1,1,1,False,1,1,0,1,1,0
s08-r4-disconnect-n5-1,8,4,disconnect-n5-1,disconnect,1.0,16,258.0159999999996,1,620,1,1,1,1,1,1,1,2,1,True,1,1,0,1,0,1
s08-r4-disconnect-n5-1,8,4,disconnect-n5-1,disconnect,1.0,17,274.5519999999997,1,1000,1,1,1,1,1,1,1,1,1,False,1,1,0,1,1,0
s08-r4-disconnect-n5-1,8,4,disconnect-n5-1,disconnect,1.0,18,290.88800000000083,1,1000,1,1,1,1,1,2,1,2,1,False,1,1,0,0,0,0
s08-r4-disconnect-n5-1,8,4,disconnect-n5-1,disconnect,1.0,19,306.6280000000006,1,1000,1,1,1,1,1,1,1,1,1,False,1,1,0,1,1,0
s08-r4-disconnect-n5-1,8,4,disconnect-n5-1,disconnect,1.0,20,314.3279999999995,2,1000,1,2,1,2,1,2,1,2,1,False,1,1,0,1,1,0
s08-r4-disconnect-n5-1,8,4,disconnect-n5-1,disconnect,1.0,21,347.0,1,1000,1,1,1,1,1,1,1,1,1,False,1,1,0,1,1,0
s08-r4-disconnect-n5-1,8,4,disconnect-n5-1,disconnect,1.0,22,354.6239999999998,2,1000,1,2,1,2,1,2,1,2,1,False,1,1,0,1,1,0
s08-r4-disconnect-n5-1,8,4,disconnect-n5-1,disconnect,1.0,23,370.79199999999946,2,1000,1,2,1,2,1,2,1,2,1,False,1,1,0,1,1,0
s09-r0-disconnect-n10-1,9,0,disconnect-n10-1,disconnect,1.0,0,1.0,1,1000,1,1,1,1,1,1,1,1,1,False,1,1,0,1,1,0
s09-r0-disconnect-n10-1,9,0,disconnect-n10-1,disconnect,1.0,1,9.012000000000173,2,1000,1,2,1,2,1,2,1,2,1,False,1,1,0,1,1,0
s09-r0-disconnect-n10-1,9,0,disconnect-n10-1,disconnect,1.0,2,16.684000000000196,2,1000,1,2,1,2,1,2,1,2,1,False,1,1,0,1,1,0
s09-r0-disconnect-n10-1,9,0,disconnect-n10-1,disconnect,1.0,3,24.49200000000019,1,1000,1,1,1,1,1,1,1,1,1,False,1,1,0,1,1,0
s09-r0-disconnect-n10-1,9,0,disconnect-n10-1,disconnect,1.0,4,32.52399999999989,2,1000,1,2,1,2,1,2,1,2,1,False,1,1,0,1,1,0
s09-r0-disconnect-n10-1,9,0,disconnect-n10-1,disconnect,1.0,5,40.96799999999985,1,1000,1,1,1,1,1,1,1,1,1,False,1,1,0,1,1,0
s09-r0-disconnect-n10-1,9,0,disconnect-n10-1,disconnect,1.0,6,48.63599999999997,2,1000,1,2,1,2,1,2,1,2,1,False,1,1,0,1,1,0
s09-r0-disconnect-n10-1,9,0,disconnect-n10-1,disconnect,1.0,7,64.55999999999995,2,1000,1,2,1,2,1,2,1,2,1,False,1,1,0,1,1,0
s09-r0-disconnect-n10-1,9,0,disconnect-n10-1,disconnect,1.0,8,80.17599999999993,1,1000,1,1,1,1,1,1,1,1,1,False,1,1,0,1,1,0
s09-r0-disconnect-n10-1,9,0,disconnect-n10-1,disconnect,1.0,9,95.64399999999978,2,1000,1,1,1,1,1,2,1,2,1,False,0,0,0,1,1,0
s09-r0-disconnect-n10-1,9,0,disconnect-n10-1,disconnect,1.0,10,103.42000000000009,1,1000,1,1,1,1,1,1,1,1,1,False,1,1,0,1,1,0
s09-r0-disconnect-n10-1,9,0,disconnect-n10-1,disconnect,1.0,11,152.4720000000002,1,1000,1,1,1,1,1,1,1,1,1,False,1,1,0,1,1,0
s09-r0-disconnect-n10-1,9,0,disconnect-n10-1,disconnect,1.0,12,169.07200000000012,2,620,1,2,1,2,1,1,1,2,1,True,1,1,0,0,1,1
s09-r0-disconnect-n10-1,9,0,disconnect-n10-1,disconnect,1.0,13,176.7199999999998,1,1000,1,1,1,1,1,1,1,1,1,False,1,1,0,1,1,0
s09-r0-disconnect-n10-1,9,0,disconnect-n10-1,disconnect,1.0,14,184.84400000000005,1,1000,1,1,1,1,1,1,1,1,1,False,1,1,0,1,1,0
s09-r0-disconnect-n10-1,9,0,disconnect-n10-1,disconnect,1.0,15,208.91600000000017,1,1000,1,2,1,2,1,1,1,1,1,False,0,0,0,1,1,0
s09-r0-disconnect-n10-1,9,0,disconnect-n10-1,disconnect,1.0,16,241.2199999999998,1,1000,1,1,1,1,1,1,1,1,1,False,1,1,0,1,1,0
s09-r0-disconnect-n10-1,9,0,disconnect-n10-1,disconnect,1.0,17,249.6480000000001,2,620,1,2,1,2,1,2,1,2,1,True,1,1,0,1,1,0
s09-r0-disconnect-n10-1,9,0,disconnect-n10-1,disconnect,1.0,18,258.0160000000001,1,1000,1,1,1,1,1,1,1,1,1,False,1,1,0,1,1,0
s09-r0-disconnect-n10-1,9,0,disconnect-n10-1,disconnect,1.0,19,266.37999999999965,2,1000,1,2,1,2,1,2,1,2,1,False,1,1,0,1,1,0
s09-r0-disconnect-n10-1,9,0,disconnect-n10-1,disconnect,1.0,20,274.55200000000013,2,1000,1,2,1,2,1,2,1,2,1,False,1,1,0,1,1,0
s09-r0-disconnect-n10-1,9,0,disconnect-n10-1,disconnect,1.0,21,282.80800000000045,1,917,1,1,1,1,1,1,1,1,1,True,1,1,0,1,1,0
s09-r0-disconnect-n10-1,9,0,disconnect-n10-1,disconnect,1.0,22,290.8880000000004,2,1000,1,2,1,2,1,2,1,2,1,False,1,1,0,1,1,0
s09-r0-disconnect-n10-1,9,0,disconnect-n10-1,disconnect,1.0,23,306.62800000000016,2,620,1,2,1,2,1,2,1,2,1,True,1,1,0,1,1,0
s09-r0-disconnect-n2-1,9,0,disconnect-n2-1,disconnect,1.0,0,1.0,1,1000,1,1,1,1,1,1,1,1,1,False,1,1,0,1,1,0
s09-r0-disconnect-n2-1,9,0,disconnect-n2-1,disconnect,1.0,1,9.012000000000173,2,1000,1,2,1,2,1,2,1,2,1,False,1,1,0,1,1,0
s09-r0-disconnect-n2-1,9,0,disconnect-n2-1,disconnect,1.0,2,16.684000000000196,2,1000,1,2,1,2,1,2,1,2,1,False,1,1,0,1,1,0
s09-r0-disconnect-n2-1,9,0,disconnect-n2-1,disconnect,1.0,3,24.49200000000019,1,1000,1,1,1,1,1,1,1,1,1,False,1,1,0,1,1,0
s09-r0-disconnect-n2-1,9,0,disconnect-n2-1,disconnect,1.0,4,32.52399999999989,2,1000,1,2,1,2,1,2,1,2,1,False,1,1,0,1,1,0
s09-r0-disconnect-n2-1,9,0,disconnect-n2-1,disconnect,1.0,5,40.96799999999985,1,1000,1,1,1,1,1,1,1,1,1,False,1,1,0,1,1,0
s09-r0-disconnect-n2-1,9,0,disconnect-n2-1,disconnect,1.0,6,48.63599999999997,2,1000,1,2,1,2,1,2,1,2,1,False,1,1,0,1,1,0
s09-r0-disconnect-n2-1,9,0,disconnect-n2-1,disconnect,1.0,7,64.55999999999995,2,1000,1,2,1,2,1,2,1,2,1,False,1,1,0,1,1,0
s09-r0-disconnect-n2-1,9,0,disconnect-n2-1,disconnect,1.0,8,80.17599999999993,1,1000,1,1,1,1,1,1,1,1,1,False,1,1,0,1,1,0
s09-r0-disconnect-n2-1,9,0,disconnect-n2-1,disconnect,1.0,9,95.64400000000025,2,1000,1,1,1,1,1,2,1,2,1,False,0,0,0,1,1,0
s09-r0-disconnect-n2-1,9,0,disconnect-n2-1,disconnect,1.0,10,103.42000000000009,1,1000,1,1,1,1,1,1,1,1,1,False,1,1,0,1,1,0
s09-r0-disconnect-n2-1,9,0,disconnect-n2-1,disconnect,1.0,11,152.4720000000002,1,1000,1,1,1,1,1,1,1,1,1,False,1,1,0,1,1,0
s09-r0-disconnect-n2-1,9,0,disconnect-n2-1,disconnect,1.0,12,169.07200000000012,2,1000,1,2,1,2,1,2,1,2,1,False,1,1,0,1,1,0
s09-r0-disconnect-n2-1,9,0,disconnect-n2-1,disconnect,1.0,13,176.7199999999998,1,1000,1,1,1,1,1,1,1,1,1,False,1,1,0,1,1,0
s09-r0-disconnect-n2-1,9,0,disconnect-n2-1,disconnect,1.0,14,184.84400000000005,1,1000,1,1,1,1,1,1,1,1,1,False,1,1,0,1,1,0
s09-r0-disconnect-n2-1,9,0,disconnect-n2-1,disconnect,1.0,15,208.91600000000017,1,1000,1,2,1,2,1,1,1,1,1,False,0,0,0,1,1,0
s09-r0-disconnect-n2-1,9,0,disconnect-n2-1,disconnect,1.0,16,241.2199999999998,1,1000,1,1,1,1,1,1,1,1,1,False,1,1,0,1,1,0
s09-r0-disconnect-n2-1,9,0,disconnect-n2-1,disconnect,1.0,17,249.6480000000001,2,857,1,2,1,2,1,2,1,2,1,True,1,1,0,1,1,0
s09-r0-disconnect-n2-1,9,0,disconnect-n2-1,disconnect,1.0,18,258.0160000000001,1,1000,1,1,1,1,1,1,1,1,1,False,1,1,0,1,1,0
s09-r0-disconnect-n2-1,9,0,disconnect-n2-1,disconnect,1.0,19,266.3800000000001,2,1000,1,2,1,2,1,2,1,2,1,False,1,1,0,1,1,0
s09-r0-disconnect-n2-1,9,0,disconnect-n2-1,disconnect,1.0,20,274.5519999999997,2,1000,1,2,1,2,1,2,1,2,1,False,1,1,0,1,1,0
s09-r0-disconnect-n2-1,9,0,disconnect-n2-1,disconnect,1.0,21,282.808,1,1000,1,1,1,1,1,1,1,1,1,False,1,1,0,1,1,0
s09-r0-disconnect-n2-1,9,0,disconnect-n2-1,disconnect,1.0,22,290.8879999999999,2,1000,1,2,1,2,1,2,1,2,1,False,1,1,0,1,1,0
s09-r0-disconnect-n2-1,9,0,disconnect-n2-1,disconnect,1.0,23,306.6279999999997,2,1000,1,2,1,2,1,2,1,2,1,False,1,1,0,1,1,0
s09-r0-disconnect-n20-1,9,0,disconnect-n20-1,disconnect,1.0,0,1.0,1,1000,1,1,1,1,1,1,1,1,1,False,1,1,0,1,1,0
s09-r0-disconnect-n20-1,9,0,disconnect-n20-1,disconnect,1.0,1,9.012000000000173,2,1000,1,2,1,2,1,2,1,2,1,False,1,1,0,1,1,0
s09-r0-disconnect-n20-1,9,0,disconnect-n20-1,disconnect,1.0,2,16.684000000000196,2,988,1,2,1,2,1,2,1,2,1,True,1,1,0,1,1,0
s09-r0-disconnect-n20-1,9,0,disconnect-n20-1,disconnect,1.0,3,24.49200000000019,1,1000,1,1,1,1,1,1,1,1,1,False,1,1,0,1,1,0
s09-r0-disconnect-n20-1,9,0,disconnect-n20-1,disconnect,1.0,4,32.52399999999989,2,1000,1,2,1,2,1,2,1,2,1,False,1,1,0,1,1,0
s09-r0-disconnect-n20-1,9,0,disconnect-n20-1,disconnect,1.0,5,40.96799999999985,1,642,1,1,1,1,1,1,1,1,1,True,1,1,0,1,1,0
s09-r0-disconnect-n20-1,9,0,disconnect-n20-1,disconnect,1.0,6,48.63599999999997,2,1000,1,2,1,2,1,2,1,2,1,False,1,1,0,1,1,0
s09-r0-disconnect-n20-1,9,0,disconnect-n20-1,disconnect,1.0,7,64.55999999999995,2,1000,1,2,1,2,1,2,1,2,1,False,1,1,0,1,1,0
s09-r0-disconnect-n20-1,9,0,disconnect-n20-1,disconnect,1.0,8,80.17599999999993,1,1000,1,1,1,1,1,1,1,1,1,False,1,1,0,1,1,0
s09-r0-disconnect-n20-1,9,0,disconnect-n20-1,disconnect,1.0,9,95.64399999999978,2,1000,1,1,1,1,1,2,1,2,1,False,0,0,0,1,1,0
s09-r0-disconnect-n20-1,9,0,disconnect-n20-1,disconnect,1.0,10,103.42000000000009,1,620,1,2,1,1,1,1,1,1,1,True,0,1,1,1,1,0
s09-r0-disconnect-n20-1,9,0,disconnect-n20-1,disconnect,1.0,11,152.4720000000002,1,1000,1,1,1,1,1,1,1,1,1,False,1,1,0,1,1,0
s09-r0-disconnect-n20-1,9,0,disconnect-n20-1,disconnect,1.0,12,169.07200000000012,2,1000,1,2,1,2,1,2,1,2,1,False,1,1,0,1,1,0
s09-r0-disconnect-n20-1,9,0,disconnect-n20-1,disconnect,1.0,13,176.7199999999998,1,1000,1,1,1,1,1,1,1,1,1,False,1,1,0,1,1,0
s09-r0-disconnect-n20-1,9,0,disconnect-n20-1,disconnect,1.0,14,184.84400000000005,1,731,1,1,1,1,1,2,1,1,1,True,1,1,0,0,1,1
s09-r0-disconnect-n20-1,9,0,disconnect-n20-1,disconnect,1.0,15,208.91600000000017,1,941,1,1,1,2,1,1,1,1,1,True,1,0,1,1,1,0
s09-r0-disconnect-n20-1,9,0,disconnect-n20-1,disconnect,1.0,16,241.2199999999998,1,1000,1,1,1,1,1,1,1,1,1,False,1,1,0,1,1,0
s09-r0-disconnect-n20-1,9,0,disconnect-n20-1,disconnect,1.0,17,249.6480000000001,2,1000,1,2,1,2,1,2,1,2,1,False,1,1,0,1,1,0
s09-r0-disconnect-n20-1,9,0,disconnect-n20-1,disconnect,1.0,18,258.0160000000001,1,1001,1,1,1,1,1,1,1,1,1,False,1,1,0,1,1,0
s09-r0-disconnect-n20-1,9,0,disconnect-n20-1,disconnect,1.0,19,266.37999999999965,2,1000,1,2,1,2,1,2,1,2,1,False,1,1,0,1,1,0
s09-r0-disconnect-n20-1,9,0,disconnect-n20-1,disconnect,1.0,20,274.55200000000013,2,1000,1,2,1,2,1,2,1,2,1,False,1,1,0,1,1,0
s09-r0-disconnect-n20-1,9,0,disconnect-n20-1,disconnect,1.0,21,282.80800000000045,1,1000,1,1,1,1,1,1,1,1,1,False,1,1,0,1,1,0
s09-r0-disconnect-n20-1,9,0,disconnect-n20-1,disconnect,1.0,22,290.8880000000004,2,1000,1,2,1,2,1,2,1,2,1,False,1,1,0,1,1,0
s09-r0-disconnect-n20-1,9,0,disconnect-n20-1,disconnect,1.0,23,306.62800000000016,2,620,1,2,1,2,1,1,1,2,1,True,1,1,0,0,1,1
s09-r0-disconnect-n5-1,9,0,disconnect-n5-1,disconnect,1.0,0,1.0,1,1000,1,1,1,1,1,1,1,1,1,False,1,1,0,1,1,0
s09-r0-disconnect-n5-1,9,0,disconnect-n5-1,disconnect,1.0,1,9.012000000000173,2,1000,1,2,1,2,1,2,1,2,1,False,1,1,0,1,1,0
s09-r0-disconnect-n5-1,9,0,disconnect-n5-1,disconnect,1.0,2,16.684000000000196,2,1000,1,2,1,2,1,2,1,2,1,False,1,1,0,1,1,0
s09-r0-disconnect-n5-1,9,0,disconnect-n5-1,disconnect,1.0,3,24.49200000000019,1,1000,1,1,1,1,1,1,1,1,1,False,1,1,0,1,1,0
s09-r0-disconnect-n5-1,9,0,disconnect-n5-1,disconnect,1.0,4,32.52399999999989,2,1000,1,2,1,2,1,2,1,2,1,False,1,1,0,1,1,0
s09-r0-disconnect-n5-1,9,0,disconnect-n5-1,disconnect,1.0,5,40.96799999999985,1,1000,1,1,1,1,1,1,1,1,1,False,1,1,0,1,1,0
s09-r0-disconnect-n5-1,9,0,disconnect-n5-1,disconnect,1.0,6,48.63599999999997,2,1000,1,2,1,2,1,2,1,2,1,False,1,1,0,1,1,0
s09-r0-disconnect-n5-1,9,0,disconnect-n5-1,disconnect,1.0,7,64.55999999999995,2,1000,1,2,1,2,1,2,1,2,1,False,1,1,0,1,1,0
s09-r0-disconnect-n5-1,9,0,disconnect-n5-1,disconnect,1.0,8,80.17599999999993,1,1000,1,1,1,1,1,1,1,1,1,False,1,1,0,1,1,0
s09-r0-disconnect-n5-1,9,0,disconnect-n5-1,disconnect,1.0,9,95.64399999999978,2,1000,1,1,1,1,1,2,1,2,1,False,0,0,0,1,1,0
s09-r0-disconnect-n5-1,9,0,disconnect-n5-1,disconnect,1.0,10,103.42000000000009,1,1000,1,1,1,1,1,1,1,1,1,False,1,1,0,1,1,0
s09-r0-disconnect-n5-1,9,0,disconnect-n5-1,disconnect,1.0,11,152.4720000000002,1,1000,1,1,1,1,1,1,1,1,1,False,1,1,0,1,1,0
s09-r0-disconnect-n5-1,9,0,disconnect-n5-1,disconnect,1.0,12,169.07200000000012,2,1000,1,2,1,2,1,2,1,2,1,False,1,1,0,1,1,0
s09-r0-disconnect-n5-1,9,0,disconnect-n5-1,disconnect,1.0,13,176.7199999999998,1,1000,1,1,1,1,1,1,1,1,1,False,1,1,0,1,1,0
s09-r0-disconnect-n5-1,9,0,disconnect-n5-1,disconnect,1.0,14,184.84400000000005,1,1000,1,1,1,1,1,1,1,1,1,False,1,1,0,1,1,0
s09-r0-disconnect-n5-1,9,0,disconnect-n5-1,disconnect,1.0,15,208.91600000000017,1,811,1,2,1,2,1,1,1,1,1,True,0,0,0,1,1,0
s09-r0-disconnect-n5-1,9,0,disconnect-n5-1,disconnect,1.0,16,241.2199999999998,1,1000,1,1,1,1,1,1,1,1,1,False,1,1,0,1,1,0
s09-r0-disconnect-n5-1,9,0,disconnect-n5-1,disconnect,1.0,17,249.6480000000001,2,1000,1,2,1,2,1,2,1,2,1,False,1,1,0,1,1,0
s09-r0-disconnect-n5-1,9,0,disconnect-n5-1,disconnect,1.0,18,258.0160000000001,1,1000,1,1,1,1,1,1,1,1,1,False,1,1,0,1,1,0
s09-r0-disconnect-n5-1,9,0,disconnect-n5-1,disconnect,1.0,19,266.37999999999965,2,1000,1,2,1,2,1,2,1,2,1,False,1,1,0,1,1,0
s09-r0-disconnect-n5-1,9,0,disconnect-n5-1,disconnect,1.0,20,274.55200000000013,2,918,1,2,1,2,1,2,1,2,1,True,1,1,0,1,1,0
s09-r0-disconnect-n5-1,9,0,disconnect-n5-1,disconnect,1.0,21,282.80799999999954,1,1000,1,1,1,1,1,1,1,1,1,False,1,1,0,1,1,0
s09-r0-disconnect-n5-1,9,0,disconnect-n5-1,disconnect,1.0,22,290.8880000000004,2,1000,1,2,1,2,1,2,1,2,1,False,1,1,0,1,1,0
s09-r0-disconnect-n5-1,9,0,disconnect-n5-1,disconnect,1.0,23,306.62800000000016,2,1000,1,2,1,2,1,2,1,2,1,False,1,1,0,1,1,0
s09-r1-disconnect-n10-1,9,1,disconnect-n10-1,disconnect,1.0,0,16.684000000000196,2,620,1,2,1,2,1,1,1,2,1,True,1,1,0,0,1,1
s09-r1-disconnect-n10-1,9,1,disconnect-n10-1,disconnect,1.0,1,24.49200000000019,1,1000,1,1,1,1,1,2,1,2,1,False,1,1,0,0,0,0
s09-r1-disconnect-n10-1,9,1,disconnect-n10-1,disconnect,1.0,2,32.52400000000034,1,1000,1,1,1,1,1,1,1,1,1,False,1,1,0,1,1,0
s09-r1-disconnect-n10-1,9,1,disconnect-n10-1,disconnect,1.0,3,40.96799999999985,2,1000,1,2,1,2,1,2,1,2,1,False,1,1,0,1,1,0
s09-r1-disconnect-n10-1,9,1,disconnect-n10-1,disconnect,1.0,4,64.5600000000004,2,1000,1,2,1,2,1,2,1,2,1,False,1,1,0,1,1,0
s09-r1-disconnect-n10-1,9,1,disconnect-n10-1,disconnect,1.0,5,80.17600000000039,1,1000,1,1,1,1,1,1,1,1,1,False,1,1,0,1,1,0
s09-r1-disconnect-n10-1,9,1,disconnect-n10-1,disconnect,1.0,6,87.75600000000031,1,1000,1,1,1,1,1,1,1,1,1,False,1,1,0,1,1,0
s09-r1-disconnect-n10-1,9,1,disconnect-n10-1,disconnect,1.0,7,95.64400000000025,1,1000,1,1,1,1,1,1,1,1,1,False,1,1,0,1,1,0
s09-r1-disconnect-n10-1,9,1,disconnect-n10-1,disconnect,1.0,8,111.28799999999956,2,1000,1,2,1,2,1,2,1,2,1,False,1,1,0,1,1,0
s09-r1-disconnect-n10-1,9,1,disconnect-n10-1,disconnect,1.0,9,119.76800000000004,2,1000,1,2,1,2,1,2,1,2,1,False,1,1,0,1,1,0
s09-r1-disconnect-n10-1,9,1,disconnect-n10-1,disconnect,1.0,10,127.80000000000018,1,620,1,1,1,1,1,1,1,1,1,True,1,1,0,1,1,0
s09-r1-disconnect-n10-1,9,1,disconnect-n10-1,disconnect,1.0,11,136.0640000000003,1,1000,1,1,1,1,1,1,1,1,1,False,1,1,0,1,1,0
s09-r1-disconnect-n10-1,9,1,disconnect-n10-1,disconnect,1.0,12,152.47199999999975,1,1000,1,1,1,1,1,1,1,1,1,False,1,1,0,1,1,0
s09-r1-disconnect-n10-1,9,1,disconnect-n10-1,disconnect,1.0,13,160.7520000000004,2,1000,1,2,1,2,1,2,1,2,1,False,1,1,0,1,1,0
s09-r1-disconnect-n10-1,9,1,disconnect-n10-1,disconnect,1.0,14,192.65599999999995,1,644,1,1,1,1,1,2,1,1,1,True,1,1,0,0,1,1
s09-r1-disconnect-n10-1,9,1,disconnect-n10-1,disconnect,1.0,15,216.9319999999998,2,1000,1,2,1,2,1,2,1,2,1,False,1,1,0,1,1,0
s09-r1-disconnect-n10-1,9,1,disconnect-n10-1,disconnect,1.0,16,241.22000000000023,2,1000,1,2,1,2,1,2,1,2,1,False,1,1,0,1,1,0
s09-r1-disconnect-n10-1,9,1,disconnect-n10-1,disconnect,1.0,17,249.6480000000001,1,1000,1,1,1,1,1,1,1,1,1,False,1,1,0,1,1,0
s09-r1-disconnect-n10-1,9,1,disconnect-n10-1,disconnect,1.0,18,258.0159999999996,2,1000,1,2,1,2,1,2,1,2,1,False,1,1,0,1,1,0
s09-r1-disconnect-n10-1,9,1,disconnect-n10-1,disconnect,1.0,19,306.6279999999997,1,1000,1,1,1,1,1,1,1,1,1,False,1,1,0,1,1,0
s09-r1-disconnect-n10-1,9,1,disconnect-n10-1,disconnect,1.0,20,322.65200000000004,2,947,1,2,1,2,1,2,1,2,1,True,1,1,0,1,1,0
s09-r1-disconnect-n10-1,9,1,disconnect-n10-1,disconnect,1.0,21,338.52400000000034,2,1000,1,2,1,2,1,2,1,2,1,False,1,1,0,1,1,0
s09-r1-disconnect-n10-1,9,1,disconnect-n10-1,disconnect,1.0,22,362.3360000000002,2,945,1,2,1,2,1,2,1,2,1,True,1,1,0,1,1,0
s09-r1-disconnect-n10-1,9,1,disconnect-n10-1,disconnect,1.0,23,379.02800000000025,1,1000,1,1,1,1,1,1,1,1,1,False,1,1,0,1,1,0
s09-r1-disconnect-n2-1,9,1,disconnect-n2-1,disconnect,1.0,0,16.684000000000196,2,1000,1,2,1,2,1,2,1,2,1,False,1,1,0,1,1,0
s09-r1-disconnect-n2-1,9,1,disconnect-n2-1,disconnect,1.0,1,24.49200000000019,1,1000,1,1,1,1,1,2,1,2,1,False,1,1,0,0,0,0
s09-r1-disconnect-n2-1,9,1,disconnect-n2-1,disconnect,1.0,2,32.52400000000034,1,1000,1,1,1,1,1,1,1,1,1,False,1,1,0,1,1,0
s09-r1-disconnect-n2-1,9,1,disconnect-n2-1,disconnect,1.0,3,40.96799999999985,2,1000,1,2,1,2,1,2,1,2,1,False,1,1,0,1,1,0
s09-r1-disconnect-n2-1,9,1,disconnect-n2-1,disconnect,1.0,4,64.5600000000004,2,1000,1,2,1,2,1,2,1,2,1,False,1,1,0,1,1,0
s09-r1-disconnect-n2-1,9,1,disconnect-n2-1,disconnect,1.0,5,80.17600000000039,1,1000,1,1,1,1,1,1,1,1,1,False,1,1,0,1,1,0
s09-r1-disconnect-n2-1,9,1,disconnect-n2-1,disconnect,1.0,6,87.75600000000031,1,1000,1,1,1,1,1,1,1,1,1,False,1,1,0,1,1,0
s09-r1-disconnect-n2-1,9,1,disconnect-n2-1,disconnect,1.0,7,95.64400000000025,1,1000,1,1,1,1,1,1,1,1,1,False,1,1,0,1,1,0
s09-r1-disconnect-n2-1,9,1,disconnect-n2-1,disconnect,1.0,8,111.28799999999956,2,620,1,2,1,2,1,2,1,2,1,True,1,1,0,1,1,0
s09-r1-disconnect-n2-1,9,1,disconnect-n2-1,disconnect,1.0,9,119.76800000000004,2,1000,1,2,1,2,1,2,1,2,1,False,1,1,0,1,1,0
s09-r1-disconnect-n2-1,9,1,disconnect-n2-1,disconnect,1.0,10,127.80000000000018,1,1000,1,1,1,1,1,1,1,1,1,False,1,1,0,1,1,0
s09-r1-disconnect-n2-1,9,1,disconnect-n2-1,disconnect,1.0,11,136.0640000000003,1,1000,1,1,1,1,1,1,1,1,1,False,1,1,0,1,1,0
s09-r1-disconnect-n2-1,9,1,disconnect-n2-1,disconnect,1.0,12,152.47199999999975,1,1000,1,1,1,1,1,1,1,1,1,False,1,1,0,1,1,0
s09-r1-disconnect-n2-1,9,1,disconnect-n2-1,disconnect,1.0,13,160.7520000000004,2,1000,1,2,1,2,1,2,1,2,1,False,1,1,0,1,1,0
s09-r1-disconnect-n2-1,9,1,disconnect-n2-1,disconnect,1.0,14,192.65599999999995,1,1000,1,1,1,1,1,1,1,1,1,False,1,1,0,1,1,0
s09-r1-disconnect-n2-1,9,1,disconnect-n2-1,disconnect,1.0,15,216.9319999999998,2,1000,1,2,1,2,1,2,1,2,1,False,1,1,0,1,1,0
s09-r1-disconnect-n2-1,9,1,disconnect-n2-1,disconnect,1.0,16,241.22000000000023,2,1000,1,2,1,2,1,2,1,2,1,False,1,1,0,1,1,0
s09-r1-disconnect-n2-1,9,1,disconnect-n2-1,disconnect,1.0,17,249.6480000000001,1,1000,1,1,1,1,1,1,1,1,1,False,1,1,0,1,1,0
s09-r1-disconnect-n2-1,9,1,disconnect-n2-1,disconnect,1.0,18,258.0159999999996,2,1000,1,2,1,2,1,2,1,2,1,False,1,1,0,1,1,0
s09-r1-disconnect-n2-1,9,1,disconnect-n2-1,disconnect,1.0,19,306.6279999999997,1,1000,1,1,1,1,1,1,1,1,1,False,1,1,0,1,1,0
s09-r1-disconnect-n2-1,9,1,disconnect-n2-1,disconnect,1.0,20,322.65200000000004,2,1000,1,2,1,2,1,2,1,2,1,False,1,1,0,1,1,0
s09-r1-disconnect-n2-1,9,1,disconnect-n2-1,disconnect,1.0,21,338.52400000000034,2,1000,1,2,1,2,1,2,1,2,1,False,1,1,0,1,1,0
s09-r1-disconnect-n2-1,9,1,disconnect-n2-1,disconnect,1.0,22,362.3360000000002,2,1000,1,2,1,2,1,2,1,2,1,False,1,1,0,1,1,0
s09-r1-disconnect-n2-1,9,1,disconnect-n2-1,disconnect,1.0,23,379.02800000000025,1,1000,1,1,1,1,1,1,1,1,1,False,1,1,0,1,1,0
s09-r1-disconnect-n20-1,9,1,disconnect-n20-1,disconnect,1.0,0,16.684000000000196,2,891,1,2,1,2,1,2,1,2,1,True,1,1,0,1,1,0
s09-r1-disconnect-n20-1,9,1,disconnect-n20-1,disconnect,1.0,1,24.49200000000019,1,1000,1,1,1,1,1,2,1,2,1,False,1,1,0,0,0,0
s09-r1-disconnect-n20-1,9,1,disconnect-n20-1,disconnect,1.0,2,32.52400000000034,1,620,1,1,1,1,1,1,1,1,1,True,1,1,0,1,1,0
s09-r1-disconnect-n20-1,9,1,disconnect-n20-1,disconnect,1.0,3,40.96799999999985,2,1000,1,2,1,2,1,2,1,2,1,False,1,1,0,1,1,0
s09-r1-disconnect-n20-1,9,1,disconnect-n20-1,disconnect,1.0,4,64.5600000000004,2,1000,1,2,1,2,1,2,1,2,1,False,1,1,0,1,1,0
s09-r1-disconnect-n20-1,9,1,disconnect-n20-1,disconnect,1.0,5,80.17600000000039,1,1000,1,1,1,1,1,1,1,1,1,False,1,1,0,1,1,0
s09-r1-disconnect-n20-1,9,1,disconnect-n20-1,disconnect,1.0,6,87.75600000000031,1,1000,1,1,1,1,1,1,1,1,1,False,1,1,0,1,1,0
s09-r1-disconnect-n20-1,9,1,disconnect-n20-1,disconnect,1.0,7,95.64400000000025,1,1000,1,1,1,1,1,1,1,1,1,False,1,1,0,1,1,0
s09-r1-disconnect-n20-1,9,1,disconnect-n20-1,disconnect,1.0,8,111.28799999999956,2,912,1,2,1,2,1,2,1,2,1,True,1,1,0,1,1,0
s09-r1-disconnect-n20-1,9,1,disconnect-n20-1,disconnect,1.0,9,119.76800000000004,2,1000,1,2,1,2,1,2,1,2,1,False,1,1,0,1,1,0
s09-r1-disconnect-n20-1,9,1,disconnect-n20-1,disconnect,1.0,10,127.80000000000018,1,630,1,1,1,1,1,1,1,1,1,True,1,1,0,1,1,0
s09-r1-disconnect-n20-1,9,1,disconnect-n20-1,disconnect,1.0,11,136.0640000000003,1,1000,1,1,1,1,1,1,1,1,1,False,1,1,0,1,1,0
s09-r1-disconnect-n20-1,9,1,disconnect-n20-1,disconnect,1.0,12,152.47199999999975,1,1000,1,1,1,1,1,1,1,1,1,False,1,1,0,1,1,0
s09-r1-disconnect-n20-1,9,1,disconnect-n20-1,disconnect,1.0,13,160.7520000000004,2,1000,1,2,1,2,1,2,1,2,1,False,1,1,0,1,1,0
s09-r1-disconnect-n20-1,9,1,disconnect-n20-1,disconnect,1.0,14,192.65599999999995,1,1000,1,1,1,1,1,1,1,1,1,False,1,1,0,1,1,0
s09-r1-disconnect-n20-1,9,1,disconnect-n20-1,disconnect,1.0,15,216.9319999999998,2,847,1,2,1,2,1,2,1,2,1,True,1,1,0,1,1,0
s09-r1-disconnect-n20-1,9,1,disconnect-n20-1,disconnect,1.0,16,241.22000000000023,2,1000,1,2,1,2,1,2,1,2,1,False,1,1,0,1,1,0
s09-r1-disconnect-n20-1,9,1,disconnect-n20-1,disconnect,1.0,17,249.6480000000001,1,1000,1,1,1,1,1,1,1,1,1,False,1,1,0,1,1,0
s09-r1-disconnect-n20-1,9,1,disconnect-n20-1,disconnect,1.0,18,258.0159999999996,2,1000,1,2,1,2,1,2,1,2,1,False,1,1,0,1,1,0
s09-r1-disconnect-n20-1,9,1,disconnect-n20-1,disconnect,1.0,19,306.6279999999997,1,1000,1,1,1,1,1,1,1,1,1,False,1,1,0,1,1,0
s09-r1-disconnect-n20-1,9,1,disconnect-n20-1,disconnect,1.0,20,322.65200000000004,2,620,1,2,1,2,1,2,1,2,1,True,1,1,0,1,1,0
s09-r1-disconnect-n20-1,9,1,disconnect-n20-1,disconnect,1.0,21,338.52400000000034,2,879,1,2,1,2,1,2,1,2,1,True,1,1,0,1,1,0
s09-r1-disconnect-n20-1,9,1,disconnect-n20-1,disconnect,1.0,22,362.3360000000002,2,620,1,2,1,2,1,2,1,2,1,True,1,1,0,1,1,0
s09-r1-disconnect-n20-1,9,1,disconnect-n20-1,disconnect,1.0,23,379.02800000000025,1,1000,1,1,1,1,1,1,1,1,1,False,1,1,0,1,1,0
s09-r1-disconnect-n5-1,9,1,disconnect-n5-1,disconnect,1.0,0,16.684000000000196,2,620,1,2,1,2,1,2,1,2,1,True,1,1,0,1,1,0
s09-r1-disconnect-n5-1,9,1,disconnect-n5-1,disconnect,1.0,1,24.49200000000019,1,1000,1,1,1,1,1,2,1,2,1,False,1,1,0,0,0,0
s09-r1-disconnect-n5-1,9,1,disconnect-n5-1,disconnect,1.0,2,32.52400000000034,1,1000,1,1,1,1,1,1,1,1,1,False,1,1,0,1,1,0
s09-r1-disconnect-n5-1,9,1,disconnect-n5-1,disconnect,1.0,3,40.96799999999985,2,1000,1,2,1,2,1,2,1,2,1,False,1,1,0,1,1,0
s09-r1-disconnect-n5-1,9,1,disconnect-n5-1,disconnect,1.0,4,64.5600000000004,2,1000,1,2,1,2,1,2,1,2,1,False,1,1,0,1,1,0
s09-r1-disconnect-n5-1,9,1,disconnect-n5-1,disconnect,1.0,5,80.17600000000039,1,1000,1,1,1,1,1,1,1,1,1,False,1,1,0,1,1,0
s09-r1-disconnect-n5-1,9,1,disconnect-n5-1,disconnect,1.0,6,87.75600000000031,1,1000,1,1,1,1,1,1,1,1,1,False,1,1,0,1,1,0
s09-r1-disconnect-n5-1,9,1,disconnect-n5-1,disconnect,1.0,7,95.64400000000025,1,1000,1,1,1,1,1,1,1,1,1,False,1,1,0,1,1,0
s09-r1-disconnect-n5-1,9,1,disconnect-n5-1,disconnect,1.0,8,111.28799999999956,2,1000,1,2,1,2,1,2,1,2,1,False,1,1,0,1,1,0
s09-r1-disconnect-n5-1,9,1,disconnect-n5-1,disconnect,1.0,9,119.76800000000004,2,620,1,2,1,2,1,2,1,2,1,True,1,1,0,1,1,0
s09-r1-disconnect-n5-1,9,1,disconnect-n5-1,disconnect,1.0,10,127.80000000000018,1,1000,1,1,1,1,1,1,1,1,1,False,1,1,0,1,1,0
s09-r1-disconnect-n5-1,9,1,disconnect-n5-1,disconnect,1.0,11,136.0640000000003,1,1000,1,1,1,1,1,1,1,1,1,False,1,1,0,1,1,0
s09-r1-disconnect-n5-1,9,1,disconnect-n5-1,disconnect,1.0,12,152.47199999999975,1,1000,1,1,1,1,1,1,1,1,1,False,1,1,0,1,1,0
s09-r1-disconnect-n5-1,9,1,disconnect-n5-1,disconnect,1.0,13,160.7520000000004,2,682,1,2,1,2,1,2,1,2,1,True,1,1,0,1,1,0
s09-r1-disconnect-n5-1,9,1,disconnect-n5-1,disconnect,1.0,14,192.65599999999995,1,1000,1,1,1,1,1,1,1,1,1,False,1,1,0,1,1,0
s09-r1-disconnect-n5-1,9,1,disconnect-n5-1,disconnect,1.0,15,216.9319999999998,2,1000,1,2,1,2,1,2,1,2,1,False,1,1,0,1,1,0
s09-r1-disconnect-n5-1,9,1,disconnect-n5-1,disconnect,1.0,16,241.22000000000023,2,1000,1,2,1,2,1,2,1,2,1,False,1,1,0,1,1,0
s09-r1-disconnect-n5-1,9,1,disconnect-n5-1,disconnect,1.0,17,249.6480000000001,1,1000,1,1,1,1,1,1,1,1,1,False,1,1,0,1,1,0
s09-r1-disconnect-n5-1,9,1,disconnect-n5-1,disconnect,1.0,18,258.0159999999996,2,894,1,2,1,2,1,2,1,2,1,True,1,1,0,1,1,0
s09-r1-disconnect-n5-1,9,1,disconnect-n5-1,disconnect,1.0,19,306.6279999999997,1,1000,1,1,1,1,1,1,1,1,1,False,1,1,0,1,1,0
s09-r1-disconnect-n5-1,9,1,disconnect-n5-1,disconnect,1.0,20,322.65200000000004,2,620,1,2,1,2,1,2,1,2,1,True,1,1,0,1,1,0
s09-r1-disconnect-n5-1,9,1,disconnect-n5-1,disconnect,1.0,21,338.52400000000034,2,1000,1,2,1,2,1,2,1,2,1,False,1,1,0,1,1,0
s09-r1-disconnect-n5-1,9,1,disconnect-n5-1,disconnect,1.0,22,362.3360000000002,2,1000,1,2,1,2,1,2,1,2,1,False,1,1,0,1,1,0
s09-r1-disconnect-n5-1,9,1,disconnect-n5-1,disconnect,1.0,23,379.02800000000025,1,1000,1,1,1,1,1,1,1,1,1,False,1,1,0,1,1,0
s09-r2-disconnect-n10-1,9,2,disconnect-n10-1,disconnect,1.0,0,1.0,1,1000,1,1,1,1,1,1,1,1,1,False,1,1,0,1,1,0
s09-r2-disconnect-n10-1,9,2,disconnect-n10-1,disconnect,1.0,1,9.012000000000626,1,1000,1,1,1,1,1,1,1,1,1,False,1,1,0,1,1,0
s09-r2-disconnect-n10-1,9,2,disconnect-n10-1,disconnect,1.0,2,24.49200000000019,2,1000,1,2,1,2,1,2,1,2,1,False,1,1,0,1,1,0
s09-r2-disconnect-n10-1,9,2,disconnect-n10-1,disconnect,1.0,3,32.52399999999943,1,741,1,1,1,1,1,1,1,1,1,True,1,1,0,1,1,0
s09-r2-disconnect-n10-1,9,2,disconnect-n10-1,disconnect,1.0,4,48.63600000000042,1,620,1,1,1,1,1,2,1,1,1,True,1,1,0,0,1,1
s09-r2-disconnect-n10-1,9,2,disconnect-n10-1,disconnect,1.0,5,64.55999999999949,2,1000,1,2,1,2,1,2,1,2,1,False,1,1,0,1,1,0
s09-r2-disconnect-n10-1,9,2,disconnect-n10-1,disconnect,1.0,6,80.17599999999948,1,1000,1,1,1,1,1,1,1,1,1,False,1,1,0,1,1,0
s09-r2-disconnect-n10-1,9,2,disconnect-n10-1,disconnect,1.0,7,103.42000000000009,1,1000,1,1,1,1,1,1,1,1,1,False,1,1,0,1,1,0
s09-r2-disconnect-n10-1,9,2,disconnect-n10-1,disconnect,1.0,8,119.76800000000004,2,1000,1,2,1,2,1,2,1,2,1,False,1,1,0,1,1,0
s09-r2-disconnect-n10-1,9,2,disconnect-n10-1,disconnect,1.0,9,160.7520000000004,1,1000,1,1,1,1,1,1,1,1,1,False,1,1,0,1,1,0
s09-r2-disconnect-n10-1,9,2,disconnect-n10-1,disconnect,1.0,10,176.71999999999937,2,1000,1,2,1,2,1,2,1,2,1,False,1,1,0,1,1,0
s09-r2-disconnect-n10-1,9,2,disconnect-n10-1,disconnect,1.0,11,192.6560000000009,2,1000,1,1,1,1,1,2,1,2,1,False,0,0,0,1,1,0
s09-r2-disconnect-n10-1,9,2,disconnect-n10-1,disconnect,1.0,12,200.5,1,1000,1,1,1,1,1,1,1,1,1,False,1,1,0,1,1,0
s09-r2-disconnect-n10-1,9,2,disconnect-n10-1,disconnect,1.0,13,216.9320000000007,2,620,1,2,1,2,1,2,1,2,1,True,1,1,0,1,1,0
s09-r2-disconnect-n10-1,9,2,disconnect-n10-1,disconnect,1.0,14,224.83200000000036,1,1000,1,1,1,1,1,1,1,1,1,False,1,1,0,1,1,0
s09-r2-disconnect-n10-1,9,2,disconnect-n10-1,disconnect,1.0,15,249.64799999999923,1,1000,1,2,1,2,1,1,1,1,1,False,0,0,0,1,1,0
s09-r2-disconnect-n10-1,9,2,disconnect-n10-1,disconnect,1.0,16,282.8079999999991,2,1000,1,2,1,2,1,2,1,2,1,False,1,1,0,1,1,0
s09-r2-disconnect-n10-1,9,2,disconnect-n10-1,disconnect,1.0,17,290.88800000000083,1,1000,1,1,1,1,1,2,1,2,1,False,1,1,0,0,0,0
s09-r2-disconnect-n10-1,9,2,disconnect-n10-1,disconnect,1.0,18,298.77599999999984,2,1000,1,2,1,2,1,2,1,2,1,False,1,1,0,1,1,0
s09-r2-disconnect-n10-1,9,2,disconnect-n10-1,disconnect,1.0,19,314.3279999999995,2,1000,1,2,1,2,1,2,1,2,1,False,1,1,0,1,1,0
s09-r2-disconnect-n10-1,9,2,disconnect-n10-1,disconnect,1.0,20,338.52399999999943,2,1000,1,2,1,2,1,2,1,2,1,False,1,1,0,1,1,0
s09-r2-disconnect-n10-1,9,2,disconnect-n10-1,disconnect,1.0,21,347.0,2,1000,1,2,1,2,1,2,1,2,1,False,1,1,0,1,1,0
s09-r2-disconnect-n10-1,9,2,disconnect-n10-1,disconnect,1.0,22,354.6239999999998,2,1000,1,2,1,2,1,2,1,2,1,False,1,1,0,1,1,0
s09-r2-disconnect-n10-1,9,2,disconnect-n10-1,disconnect,1.0,23,379.02800000000025,1,1000,1,1,1,1,1,1,1,1,1,False,1,1,0,1,1,0
s09-r2-disconnect-n2-1,9,2,disconnect-n2-1,disconnect,1.0,0,1.0,1,1000,1,1,1,1,1,1,1,1,1,False,1,1,0,1,1,0
s09-r2-disconnect-n2-1,9,2,disconnect-n2-1,disconnect,1.0,1,9.012000000000626,1,1000,1,1,1,1,1,1,1,1,1,False,1,1,0,1,1,0
s09-r2-disconnect-n2-1,9,2,disconnect-n2-1,disconnect,1.0,2,24.49200000000019,2,620,1,2,1,2,1,2,1,2,1,True,1,1,0,1,1,0
s09-r2-disconnect-n2-1,9,2,disconnect-n2-1,disconnect,1.0,3,32.52399999999943,1,1000,1,1,1,1,1,1,1,1,1,False,1,1,0,1,1,0
s09-r2-disconnect-n2-1,9,2,disconnect-n2-1,disconnect,1.0,4,48.63600000000042,1,1000,1,1,1,1,1,1,1,1,1,False,1,1,0,1,1,0
s09-r2-disconnect-n2-1,9,2,disconnect-n2-1,disconnect,1.0,5,64.55999999999949,2,1000,1,2,1,2,1,2,1,2,1,False,1,1,0,1,1,0
s09-r2-disconnect-n2-1,9,2,disconnect-n2-1,disconnect,1.0,6,80.17599999999948,1,1000,1,1,1,1,1,1,1,1,1,False,1,1,0,1,1,0
s09-r2-disconnect-n2-1,9,2,disconnect-n2-1,disconnect,1.0,7,103.42000000000009,1,1000,1,1,1,1,1,1,1,1,1,False,1,1,0,1,1,0
s09-r2-disconnect-n2-1,9,2,disconnect-n2-1,disconnect,1.0,8,119.76800000000004,2,1000,1,2,1,2,1,2,1,2,1,False,1,1,0,1,1,0
s09-r2-disconnect-n2-1,9,2,disconnect-n2-1,disconnect,1.0,9,160.7520000000004,1,1000,1,1,1,1,1,1,1,1,1,False,1,1,0,1,1,0
s09-r2-disconnect-n2-1,9,2,disconnect-n2-1,disconnect,1.0,10,176.71999999999937,2,1000,1,2,1,2,1,2,1,2,1,False,1,1,0,1,1,0
s09-r2-disconnect-n2-1,9,2,disconnect-n2-1,disconnect,1.0,11,192.6560000000009,2,1000,1,1,1,1,1,2,1,2,1,False,0,0,0,1,1,0
s09-r2-disconnect-n2-1,9,2,disconnect-n2-1,disconnect,1.0,12,200.5,1,1000,1,1,1,1,1,1,1,1,1,False,1,1,0,1,1,0
s09-r2-disconnect-n2-1,9,2,disconnect-n2-1,disconnect,1.0,13,216.9320000000007,2,1000,1,2,1,2,1,2,1,2,1,False,1,1,0,1,1,0
s09-r2-disconnect-n2-1,9,2,disconnect-n2-1,disconnect,1.0,14,224.83200000000036,1,1000,1,1,1,1,1,1,1,1,1,False,1,1,0,1,1,0
s09-r2-disconnect-n2-1,9,2,disconnect-n2-1,disconnect,1.0,15,249.64799999999923,1,1000,1,2,1,2,1,1,1,1,1,False,0,0,0,1,1,0
s09-r2-disconnect-n2-1,9,2,disconnect-n2-1,disconnect,1.0,16,282.8080000000009,2,1000,1,2,1,2,1,2,1,2,1,False,1,1,0,1,1,0
s09-r2-disconnect-n2-1,9,2,disconnect-n2-1,disconnect,1.0,17,290.88800000000083,1,1000,1,1,1,1,1,2,1,2,1,False,1,1,0,0,0,0
s09-r2-disconnect-n2-1,9,2,disconnect-n2-1,disconnect,1.0,18,298.77599999999984,2,1000,1,2,1,2,1,2,1,2,1,False,1,1,0,1,1,0
s09-r2-disconnect-n2-1,9,2,disconnect-n2-1,disconnect,1.0,19,314.3279999999995,2,708,1,2,1,2,1,2,1,2,1,True,1,1,0,1,1,0
s09-r2-disconnect-n2-1,9,2,disconnect-n2-1,disconnect,1.0,20,338.52399999999943,2,1000,1,2,1,2,1,2,1,2,1,False,1,1,0,1,1,0
s09-r2-disconnect-n2-1,9,2,disconnect-n2-1,disconnect,1.0,21,347.0,2,1000,1,2,1,2,1,2,1,2,1,False,1,1,0,1,1,0
s09-r2-disconnect-n2-1,9,2,disconnect-n2-1,disconnect,1.0,22,354.6239999999998,2,1000,1,2,1,2,1,2,1,2,1,False,1,1,0,1,1,0
s09-r2-disconnect-n2-1,9,2,disconnect-n2-1,disconnect,1.0,23,379.02800000000025,1,1000,1,1,1,1,1,1,1,1,1,False,1,1,0,1,1,0
s09-r2-disconnect-n20-1,9,2,disconnect-n20-1,disconnect,1.0,0,1.0,1,1000,1,1,1,1,1,1,1,1,1,False,1,1,0,1,1,0
s09-r2-disconnect-n20-1,9,2,disconnect-n20-1,disconnect,1.0,1,9.012000000000626,1,1000,1,1,1,1,1,1,1,1,1,False,1,1,0,1,1,0
s09-r2-disconnect-n20-1,9,2,disconnect-n20-1,disconnect,1.0,2,24.49200000000019,2,1000,1,2,1,2,1,2,1,2,1,False,1,1,0,1,1,0
s09-r2-disconnect-n20-1,9,2,disconnect-n20-1,disconnect,1.0,3,32.52399999999943,1,1000,1,1,1,1,1,1,1,1,1,False,1,1,0,1,1,0
s09-r2-disconnect-n20-1,9,2,disconnect-n20-1,disconnect,1.0,4,48.63600000000042,1,620,1,1,1,1,1,1,1,1,1,True,1,1,0,1,1,0
s09-r2-disconnect-n20-1,9,2,disconnect-n20-1,disconnect,1.0,5,64.55999999999949,2,1000,1,2,1,2,1,2,1,2,1,False,1,1,0,1,1,0
s09-r2-disconnect-n20-1,9,2,disconnect-n20-1,disconnect,1.0,6,80.17599999999948,1,1000,1,1,1,1,1,1,1,1,1,False,1,1,0,1,1,0
s09-r2-disconnect-n20-1,9,2,disconnect-n20-1,disconnect,1.0,7,103.42000000000009,1,915,1,1,1,1,1,1,1,1,1,True,1,1,0,1,1,0
s09-r2-disconnect-n20-1,9,2,disconnect-n20-1,disconnect,1.0,8,119.76800000000004,2,1000,1,2,1,2,1,2,1,2,1,False,1,1,0,1,1,0
s09-r2-disconnect-n20-1,9,2,disconnect-n20-1,disconnect,1.0,9,160.7520000000004,1,1000,1,1,1,1,1,1,1,1,1,False,1,1,0,1,1,0
s09-r2-disconnect-n20-1,9,2,disconnect-n20-1,disconnect,1.0,10,176.71999999999937,2,1000,1,2,1,2,1,2,1,2,1,False,1,1,0,1,1,0
s09-r2-disconnect-n20-1,9,2,disconnect-n20-1,disconnect,1.0,11,192.6560000000009,2,1000,1,1,1,1,1,2,1,2,1,False,0,0,0,1,1,0
s09-r2-disconnect-n20-1,9,2,disconnect-n20-1,disconnect,1.0,12,200.5,1,625,1,1,1,1,1,1,1,1,1,True,1,1,0,1,1,0
s09-r2-disconnect-n20-1,9,2,disconnect-n20-1,disconnect,1.0,13,216.9320000000007,2,1000,1,2,1,2,1,2,1,2,1,False,1,1,0,1,1,0
s09-r2-disconnect-n20-1,9,2,disconnect-n20-1,disconnect,1.0,14,224.83200000000036,1,1000,1,1,1,1,1,1,1,1,1,False,1,1,0,1,1,0
s09-r2-disconnect-n20-1,9,2,disconnect-n20-1,disconnect,1.0,15,249.64799999999923,1,620,1,2,1,2,1,1,1,1,1,True,0,0,0,1,1,0
s09-r2-disconnect-n20-1,9,2,disconnect-n20-1,disconnect,1.0,16,282.8080000000009,2,1000,1,2,1,2,1,2,1,2,1,False,1,1,0,1,1,0
s09-r2-disconnect-n20-1,9,2,disconnect-n20-1,disconnect,1.0,17,290.88800000000083,1,1000,1,1,1,1,1,2,1,2,1,False,1,1,0,0,0,0
s09-r2-disconnect-n20-1,9,2,disconnect-n20-1,disconnect,1.0,18,298.77599999999984,2,1000,1,2,1,2,1,2,1,2,1,False,1,1,0,1,1,0
s09-r2-disconnect-n20-1,9,2,disconnect-n20-1,disconnect,1.0,19,314.3279999999995,2,1000,1,2,1,2,1,2,1,2,1,False,1,1,0,1,1,0
s09-r2-disconnect-n20-1,9,2,disconnect-n20-1,disconnect,1.0,20,338.52399999999943,2,1000,1,2,1,2,1,2,1,2,1,False,1,1,0,1,1,0
s09-r2-disconnect-n20-1,9,2,disconnect-n20-1,disconnect,1.0,21,347.0,2,1000,1,2,1,2,1,2,1,2,1,False,1,1,0,1,1,0
s09-r2-disconnect-n20-1,9,2,disconnect-n20-1,disconnect,1.0,22,354.6239999999998,2,620,1,2,1,2,1,1,1,2,1,True,1,1,0,0,1,1
s09-r2-disconnect-n20-1,9,2,disconnect-n20-1,disconnect,1.0,23,379.02800000000025,1,1000,1,1,1,1,1,1,1,1,1,False,1,1,0,1,1,0
s09-r2-disconnect-n5-1,9,2,disconnect-n5-1,disconnect,1.0,0,1.0,1,1000,1,1,1,1,1,1,1,1,1,False,1,1,0,1,1,0
s09-r2-disconnect-n5-1,9,2,disconnect-n5-1,disconnect,1.0,1,9.012000000000626,1,1000,1,1,1,1,1,1,1,1,1,False,1,1,0,1,1,0
s09-r2-disconnect-n5-1,9,2,disconnect-n5-1,disconnect,1.0,2,24.49200000000019,2,1000,1,2,1,2,1,2,1,2,1,False,1,1,0,1,1,0
s09-r2-disconnect-n5-1,9,2,disconnect-n5-1,disconnect,1.0,3,32.52399999999943,1,1000,1,1,1,1,1,1,1,1,1,False,1,1,0,1,1,0
s09-r2-disconnect-n5-1,9,2,disconnect-n5-1,disconnect,1.0,4,48.63600000000042,1,1000,1,1,1,1,1,1,1,1,1,False,1,1,0,1,1,0
s09-r2-disconnect-n5-1,9,2,disconnect-n5-1,disconnect,1.0,5,64.55999999999949,2,1000,1,2,1,2,1,2,1,2,1,False,1,1,0,1,1,0
s09-r2-disconnect-n5-1,9,2,disconnect-n5-1,disconnect,1.0,6,80.17599999999948,1,1000,1,1,1,1,1,1,1,1,1,False,1,1,0,1,1,0
s09-r2-disconnect-n5-1,9,2,disconnect-n5-1,disconnect,1.0,7,103.42000000000009,1,1000,1,1,1,1,1,1,1,1,1,False,1,1,0,1,1,0
s09-r2-disconnect-n5-1,9,2,disconnect-n5-1,disconnect,1.0,8,119.76800000000004,2,1000,1,2,1,2,1,2,1,2,1,False,1,1,0,1,1,0
s09-r2-disconnect-n5-1,9,2,disconnect-n5-1,disconnect,1.0,9,160.7520000000004,1,1000,1,1,1,1,1,1,1,1,1,False,1,1,0,1,1,0
s09-r2-disconnect-n5-1,9,2,disconnect-n5-1,disconnect,1.0,10,176.71999999999937,2,1000,1,2,1,2,1,2,1,2,1,False,1,1,0,1,1,0
s09-r2-disconnect-n5-1,9,2,disconnect-n5-1,disconnect,1.0,11,192.6560000000009,2,1000,1,1,1,1,1,2,1,2,1,False,0,0,0,1,1,0
s09-r2-disconnect-n5-1,9,2,disconnect-n5-1,disconnect,1.0,12,200.5,1,1000,1,1,1,1,1,1,1,1,1,False,1,1,0,1,1,0
s09-r2-disconnect-n5-1,9,2,disconnect-n5-1,disconnect,1.0,13,216.9320000000007,2,1000,1,2,1,2,1,2,1,2,1,False,1,1,0,1,1,0
s09-r2-disconnect-n5-1,9,2,disconnect-n5-1,disconnect,1.0,14,224.83200000000036,1,1000,1,1,1,1,1,1,1,1,1,False,1,1,0,1,1,0
s09-r2-disconnect-n5-1,9,2,disconnect-n5-1,disconnect,1.0,15,249.64799999999923,1,1000,1,2,1,2,1,1,1,1,1,False,0,0,0,1,1,0
s09-r2-disconnect-n5-1,9,2,disconnect-n5-1,disconnect,1.0,16,282.8080000000009,2,1000,1,2,1,2,1,2,1,2,1,False,1,1,0,1,1,0
s09-r2-disconnect-n5-1,9,2,disconnect-n5-1,disconnect,1.0,17,290.88800000000083,1,1000,1,1,1,1,1,2,1,2,1,False,1,1,0,0,0,0
s09-r2-disconnect-n5-1,9,2,disconnect-n5-1,disconnect,1.0,18,298.77599999999984,2,1000,1,2,1,2,1,2,1,2,1,False,1,1,0,1,1,0
s09-r2-disconnect-n5-1,9,2,disconnect-n5-1,disconnect,1.0,19,314.3279999999995,2,1000,1,2,1,2,1,2,1,2,1,False,1,1,0,1,1,0
s09-r2-disconnect-n5-1,9,2,disconnect-n5-1,disconnect,1.0,20,338.52399999999943,2,1000,1,2,1,2,1,2,1,2,1,False,1,1,0,1,1,0
s09-r2-disconnect-n5-1,9,2,disconnect-n5-1,disconnect,1.0,21,347.0,2,1000,1,2,1,2,1,2,1,2,1,False,1,1,0,1,1,0
s09-r2-disconnect-n5-1,9,2,disconnect-n5-1,disconnect,1.0,22,354.6239999999998,2,1000,1,2,1,2,1,2,1,2,1,False,1,1,0,1,1,0
s09-r2-disconnect-n5-1,9,2,disconnect-n5-1,disconnect,1.0,23,379.02800000000025,1,1000,1,1,1,1,1,1,1,1,1,False,1,1,0,1,1,0
s09-r3-disconnect-n10-1,9,3,disconnect-n10-1,disconnect,1.0,0,1.0,2,1000,1,1,1,1,1,1,1,1,1,False,0,0,0,0,0,0
s09-r3-disconnect-n10-1,9,3,disconnect-n10-1,disconnect,1.0,1,16.683999999999287,1,1000,1,1,1,1,1,1,1,1,1,False,1,1,0,1,1,0
s09-r3-disconnect-n10-1,9,3,disconnect-n10-1,disconnect,1.0,2,48.63600000000042,1,1000,1,1,1,1,1,1,1,1,1,False,1,1,0,1,1,0
s09-r3-disconnect-n10-1,9,3,disconnect-n10-1,disconnect,1.0,3,56.83599999999933,1,989,1,1,1,1,1,1,1,1,1,True,1,1,0,1,1,0
s09-r3-disconnect-n10-1,9,3,disconnect-n10-1,disconnect,1.0,4,72.55199999999968,2,1000,1,2,1,2,1,2,1,2,1,False,1,1,0,1,1,0
s09-r3-disconnect-n10-1,9,3,disconnect-n10-1,disconnect,1.0,5,103.42000000000009,2,620,1,1,1,1,1,2,1,2,1,True,0,0,0,1,1,0
s09-r3-disconnect-n10-1,9,3,disconnect-n10-1,disconnect,1.0,6,111.28800000000048,1,1000,1,1,1,1,1,1,1,1,1,False,1,1,0,1,1,0
s09-r3-disconnect-n10-1,9,3,disconnect-n10-1,disconnect,1.0,7,127.79999999999929,2,1000,1,1,1,1,1,2,1,2,1,False,0,0,0,1,1,0
s09-r3-disconnect-n10-1,9,3,disconnect-n10-1,disconnect,1.0,8,144.20800000000054,1,1000,1,1,1,1,1,2,1,2,1,False,1,1,0,0,0,0
s09-r3-disconnect-n10-1,9,3,disconnect-n10-1,disconnect,1.0,9,169.07200000000012,2,1000,1,2,1,2,1,2,1,2,1,False,1,1,0,1,1,0
s09-r3-disconnect-n10-1,9,3,disconnect-n10-1,disconnect,1.0,10,192.6560000000009,1,1000,1,1,1,1,1,1,1,1,1,False,1,1,0,1,1,0
s09-r3-disconnect-n10-1,9,3,disconnect-n10-1,disconnect,1.0,11,200.5,2,620,1,2,1,2,1,2,1,2,1,True,1,1,0,1,1,0
s09-r3-disconnect-n10-1,9,3,disconnect-n10-1,disconnect,1.0,12,208.9159999999993,2,1000,1,2,1,2,1,2,1,2,1,False,1,1,0,1,1,0
s09-r3-disconnect-n10-1,9,3,disconnect-n10-1,disconnect,1.0,13,232.9359999999997,2,1000,1,2,1,2,1,2,1,2,1,False,1,1,0,1,1,0
s09-r3-disconnect-n10-1,9,3,disconnect-n10-1,disconnect,1.0,14,241.21999999999932,1,1000,1,1,1,1,1,1,1,1,1,False,1,1,0,1,1,0
s09-r3-disconnect-n10-1,9,3,disconnect-n10-1,disconnect,1.0,15,249.64799999999923,1,942,1,1,1,1,1,2,1,1,1,True,1,1,0,0,1,1
s09-r3-disconnect-n10-1,9,3,disconnect-n10-1,disconnect,1.0,16,266.3799999999992,2,1000,1,2,1,2,1,2,1,2,1,False,1,1,0,1,1,0
s09-r3-disconnect-n10-1,9,3,disconnect-n10-1,disconnect,1.0,17,274.5519999999997,1,1000,1,1,1,1,1,2,1,2,1,False,1,1,0,0,0,0
s09-r3-disconnect-n10-1,9,3,disconnect-n10-1,disconnect,1.0,18,290.88800000000083,2,1000,1,2,1,2,1,2,1,2,1,False,1,1,0,1,1,0
s09-r3-disconnect-n10-1,9,3,disconnect-n10-1,disconnect,1.0,19,298.77599999999984,2,1000,1,2,1,2,1,2,1,2,1,False,1,1,0,1,1,0
s09-r3-disconnect-n10-1,9,3,disconnect-n10-1,disconnect,1.0,20,314.3279999999995,1,1000,1,1,1,1,1,1,1,1,1,False,1,1,0,1,1,0
s09-r3-disconnect-n10-1,9,3,disconnect-n10-1,disconnect,1.0,21,362.3359999999993,1,1000,1,1,1,1,1,1,1,1,1,False,1,1,0,1,1,0
s09-r3-disconnect-n10-1,9,3,disconnect-n10-1,disconnect,1.0,22,370.79199999999946,2,1000,1,2,1,2,1,2,1,2,1,False,1,1,0,1,1,0
s09-r3-disconnect-n10-1,9,3,disconnect-n10-1,disconnect,1.0,23,379.02800000000025,1,1000,1,1,1,1,1,1,1,1,1,False,1,1,0,1,1,0
s09-r3-disconnect-n2-1,9,3,disconnect-n2-1,disconnect,1.0,0,1.0,2,1000,1,1,1,1,1,1,1,1,1,False,0,0,0,0,0,0
s09-r3-disconnect-n2-1,9,3,disconnect-n2-1,disconnect,1.0,1,16.683999999999287,1,1000,1,1,1,1,1,1,1,1,1,False,1,1,0,1,1,0
s09-r3-disconnect-n2-1,9,3,disconnect-n2-1,disconnect,1.0,2,48.63600000000042,1,1000,1,1,1,1,1,1,1,1,1,False,1,1,0,1,1,0
s09-r3-disconnect-n2-1,9,3,disconnect-n2-1,disconnect,1.0,3,56.83599999999933,1,1000,1,1,1,1,1,1,1,1,1,False,1,1,0,1,1,0
s09-r3-disconnect-n2-1,9,3,disconnect-n2-1,disconnect,1.0,4,72.55199999999968,2,1000,1,2,1,2,1,2,1,2,1,False,1,1,0,1,1,0
s09-r3-disconnect-n2-1,9,3,disconnect-n2-1,disconnect,1.0,5,103.42000000000009,2,1000,1,1,1,1,1,2,1,2,1,False,0,0,0,1,1,0
s09-r3-disconnect-n2-1,9,3,disconnect-n2-1,disconnect,1.0,6,111.28800000000048,1,1000,1,1,1,1,1,1,1,1,1,False,1,1,0,1,1,0
s09-r3-disconnect-n2-1,9,3,disconnect-n2-1,disconnect,1.0,7,127.79999999999929,2,1000,1,1,1,1,1,2,1,2,1,False,0,0,0,1,1,0
s09-r3-disconnect-n2-1,9,3,disconnect-n2-1,disconnect,1.0,8,144.20800000000054,1,1000,1,1,1,1,1,2,1,2,1,False,1,1,0,0,0,0
s09-r3-disconnect-n2-1,9,3,disconnect-n2-1,disconnect,1.0,9,169.07200000000012,2,1000,1,2,1,2,1,2,1,2,1,False,1,1,0,1,1,0
s09-r3-disconnect-n2-1,9,3,disconnect-n2-1,disconnect,1.0,10,192.6560000000009,1,1000,1,1,1,1,1,1,1,1,1,False,1,1,0,1,1,0
s09-r3-disconnect-n2-1,9,3,disconnect-n2-1,disconnect,1.0,11,200.5,2,1000,1,2,1,2,1,2,1,2,1,False,1,1,0,1,1,0
s09-r3-disconnect-n2-1,9,3,disconnect-n2-1,disconnect,1.0,12,208.9159999999993,2,1000,1,2,1,2,1,2,1,2,1,False,1,1,0,1,1,0
s09-r3-disconnect-n2-1,9,3,disconnect-n2-1,disconnect,1.0,13,232.9359999999997,2,1000,1,2,1,2,1,2,1,2,1,False,1,1,0,1,1,0
s09-r3-disconnect-n2-1,9,3,disconnect-n2-1,disconnect,1.0,14,241.21999999999932,1,1000,1,1,1,1,1,1,1,1,1,False,1,1,0,1,1,0
s09-r3-disconnect-n2-1,9,3,disconnect-n2-1,disconnect,1.0,15,249.64799999999923,1,1000,1,1,1,1,1,1,1,1,1,False,1,1,0,1,1,0
s09-r3-disconnect-n2-1,9,3,disconnect-n2-1,disconnect,1.0,16,266.3799999999992,2,1000,1,2,1,2,1,2,1,2,1,False,1,1,0,1,1,0
s09-r3-disconnect-n2-1,9,3,disconnect-n2-1,disconnect,1.0,17,274.5519999999997,1,1000,1,1,1,1,1,2,1,2,1,False,1,1,0,0,0,0
s09-r3-disconnect-n2-1,9,3,disconnect-n2-1,disconnect,1.0,18,290.88800000000083,2,1000,1,2,1,2,1,2,1,2,1,False,1,1,0,1,1,0
s09-r3-disconnect-n2-1,9,3,disconnect-n2-1,disconnect,1.0,19,298.77599999999984,2,1000,1,2,1,2,1,2,1,2,1,False,1,1,0,1,1,0
s09-r3-disconnect-n2-1,9,3,disconnect-n2-1,disconnect,1.0,20,314.3279999999995,1,1000,1,1,1,1,1,1,1,1,1,False,1,1,0,1,1,0
s09-r3-disconnect-n2-1,9,3,disconnect-n2-1,disconnect,1.0,21,362.3359999999993,1,1000,1,1,1,1,1,1,1,1,1,False,1,1,0,1,1,0
s09-r3-disconnect-n2-1,9,3,disconnect-n2-1,disconnect,1.0,22,370.79199999999946,2,1000,1,2,1,2,1,2,1,2,1,False,1,1,0,1,1,0
s09-r3-disconnect-n2-1,9,3,disconnect-n2-1,disconnect,1.0,23,379.02800000000025,1,1000,1,1,1,1,1,1,1,1,1,False,1,1,0,1,1,0
s09-r3-disconnect-n20-1,9,3,disconnect-n20-1,disconnect,1.0,0,1.0,2,1000,1,1,1,1,1,1,1,1,1,False,0,0,0,0,0,0
s09-r3-disconnect-n20-1,9,3,disconnect-n20-1,disconnect,1.0,1,16.683999999999287,1,1000,1,1,1,1,1,1,1,1,1,False,1,1,0,1,1,0
s09-r3-disconnect-n20-1,9,3,disconnect-n20-1,disconnect,1.0,2,48.63600000000042,1,1000,1,1,1,1,1,1,1,1,1,False,1,1,0,1,1,0
s09-r3-disconnect-n20-1,9,3,disconnect-n20-1,disconnect,1.0,3,56.83599999999933,1,1000,1,1,1,1,1,1,1,1,1,False,1,1,0,1,1,0
s09-r3-disconnect-n20-1,9,3,disconnect-n20-1,disconnect,1.0,4,72.55199999999968,2,620,1,2,1,2,1,2,1,2,1,True,1,1,0,1,1,0
s09-r3-disconnect-n20-1,9,3,disconnect-n20-1,disconnect,1.0,5,103.42000000000009,2,620,1,1,1,1,1,1,1,2,1,True,0,0,0,0,1,1
s09-r3-disconnect-n20-1,9,3,disconnect-n20-1,disconnect,1.0,6,111.28800000000048,1,1000,1,1,1,1,1,1,1,1,1,False,1,1,0,1,1,0
s09-r3-disconnect-n20-1,9,3,disconnect-n20-1,disconnect,1.0,7,127.79999999999929,2,640,1,1,1,1,1,2,1,2,1,True,0,0,0,1,1,0
s09-r3-disconnect-n20-1,9,3,disconnect-n20-1,disconnect,1.0,8,144.20800000000054,1,1000,1,1,1,1,1,2,1,2,1,False,1,1,0,0,0,0
s09-r3-disconnect-n20-1,9,3,disconnect-n20-1,disconnect,1.0,9,169.07200000000012,2,1000,1,2,1,2,1,2,1,2,1,False,1,1,0,1,1,0
s09-r3-disconnect-n20-1,9,3,disconnect-n20-1,disconnect,1.0,10,192.6560000000009,1,1000,1,1,1,1,1,1,1,1,1,False,1,1,0,1,1,0
s09-r3-disconnect-n20-1,9,3,disconnect-n20-1,disconnect,1.0,11,200.5,2,620,1,2,1,2,1,2,1,2,1,True,1,1,0,1,1,0
s09-r3-disconnect-n20-1,9,3,disconnect-n20-1,disconnect,1.0,12,208.9159999999993,2,1000,1,2,1,2,1,2,1,2,1,False,1,1,0,1,1,0
s09-r3-disconnect-n20-1,9,3,disconnect-n20-1,disconnect,1.0,13,232.9359999999997,2,620,1,2,1,2,1,2,1,2,1,True,1,1,0,1,1,0
s09-r3-disconnect-n20-1,9,3,disconnect-n20-1,disconnect,1.0,14,241.21999999999932,1,1000,1,1,1,1,1,1,1,1,1,False,1,1,0,1,1,0
s09-r3-disconnect-n20-1,9,3,disconnect-n20-1,disconnect,1.0,15,249.64799999999923,1,1000,1,1,1,1,1,1,1,1,1,False,1,1,0,1,1,0
s09-r3-disconnect-n20-1,9,3,disconnect-n20-1,disconnect,1.0,16,266.3799999999992,2,795,1,2,1,2,1,2,1,2,1,True,1,1,0,1,1,0
s09-r3-disconnect-n20-1,9,3,disconnect-n20-1,disconnect,1.0,17,274.5519999999997,1,1000,1,1,1,1,1,2,1,2,1,False,1,1,0,0,0,0
s09-r3-disconnect-n20-1,9,3,disconnect-n20-1,disconnect,1.0,18,290.88800000000083,2,893,1,2,1,2,1,2,1,2,1,True,1,1,0,1,1,0
s09-r3-disconnect-n20-1,9,3,disconnect-n20-1,disconnect,1.0,19,298.77599999999984,2,1000,1,2,1,2,1,2,1,2,1,False,1,1,0,1,1,0
s09-r3-disconnect-n20-1,9,3,disconnect-n20-1,disconnect,1.0,20,314.3279999999995,1,1000,1,1,1,1,1,1,1,1,1,False,1,1,0,1,1,0
s09-r3-disconnect-n20-1,9,3,disconnect-n20-1,disconnect,1.0,21,362.3359999999993,1,1000,1,1,1,1,1,1,1,1,1,False,1,1,0,1,1,0
s09-r3-disconnect-n20-1,9,3,disconnect-n20-1,disconnect,1.0,22,370.79199999999946,2,1000,1,2,1,2,1,2,1,2,1,False,1,1,0,1,1,0
s09-r3-disconnect-n20-1,9,3,disconnect-n20-1,disconnect,1.0,23,379.02800000000025,1,1000,1,1,1,1,1,1,1,1,1,False,1,1,0,1,1,0
s09-r3-disconnect-n5-1,9,3,disconnect-n5-1,disconnect,1.0,0,1.0,2,1000,1,1,1,1,1,1,1,1,1,False,0,0,0,0,0,0
s09-r3-disconnect-n5-1,9,3,disconnect-n5-1,disconnect,1.0,1,16.683999999999287,1,1000,1,1,1,1,1,1,1,1,1,False,1,1,0,1,1,0
s09-r3-disconnect-n5-1,9,3,disconnect-n5-1,disconnect,1.0,2,48.63600000000042,1,1000,1,1,1,1,1,1,1,1,1,False,1,1,0,1,1,0
s09-r3-disconnect-n5-1,9,3,disconnect-n5-1,disconnect,1.0,3,56.83599999999933,1,1000,1,1,1,1,1,1,1,1,1,False,1,1,0,1,1,0
s09-r3-disconnect-n5-1,9,3,disconnect-n5-1,disconnect,1.0,4,72.55199999999968,2,1000,1,2,1,2,1,2,1,2,1,False,1,1,0,1,1,0
s09-r3-disconnect-n5-1,9,3,disconnect-n5-1,disconnect,1.0,5,103.42000000000009,2,1000,1,1,1,1,1,2,1,2,1,False,0,0,0,1,1,0
s09-r3-disconnect-n5-1,9,3,disconnect-n5-1,disconnect,1.0,6,111.28800000000048,1,692,1,1,1,1,1,1,1,1,1,True,1,1,0,1,1,0
s09-r3-disconnect-n5-1,9,3,disconnect-n5-1,disconnect,1.0,7,127.79999999999929,2,1000,1,1,1,1,1,2,1,2,1,False,0,0,0,1,1,0
s09-r3-disconnect-n5-1,9,3,disconnect-n5-1,disconnect,1.0,8,144.20800000000054,1,1000,1,1,1,1,1,2,1,2,1,False,1,1,0,0,0,0
s09-r3-disconnect-n5-1,9,3,disconnect-n5-1,disconnect,1.0,9,169.07200000000012,2,1000,1,2,1,2,1,2,1,2,1,False,1,1,0,1,1,0
s09-r3-disconnect-n5-1,9,3,disconnect-n5-1,disconnect,1.0,10,192.6560000000009,1,1000,1,1,1,1,1,1,1,1,1,False,1,1,0,1,1,0
s09-r3-disconnect-n5-1,9,3,disconnect-n5-1,disconnect,1.0,11,200.5,2,1000,1,2,1,2,1,2,1,2,1,False,1,1,0,1,1,0
s09-r3-disconnect-n5-1,9,3,disconnect-n5-1,disconnect,1.0,12,208.9159999999993,2,1000,1,2,1,2,1,2,1,2,1,False,1,1,0,1,1,0
s09-r3-disconnect-n5-1,9,3,disconnect-n5-1,disconnect,1.0,13,232.9359999999997,2,1000,1,2,1,2,1,2,1,2,1,False,1,1,0,1,1,0
s09-r3-disconnect-n5-1,9,3,disconnect-n5-1,disconnect,1.0,14,241.21999999999932,1,1000,1,1,1,1,1,1,1,1,1,False,1,1,0,1,1,0
s09-r3-disconnect-n5-1,9,3,disconnect-n5-1,disconnect,1.0,15,249.64799999999923,1,628,1,2,1,1,1,1,1,1,1,True,0,1,1,1,1,0
s09-r3-disconnect-n5-1,9,3,disconnect-n5-1,disconnect,1.0,16,266.3799999999992,2,1000,1,2,1,2,1,2,1,2,1,False,1,1,0,1,1,0
s09-r3-disconnect-n5-1,9,3,disconnect-n5-1,disconnect,1.0,17,274.5519999999997,1,1000,1,1,1,1,1,2,1,2,1,False,1,1,0,0,0,0
s09-r3-disconnect-n5-1,9,3,disconnect-n5-1,disconnect,1.0,18,290.88800000000083,2,1000,1,2,1,2,1,2,1,2,1,False,1,1,0,1,1,0
s09-r3-disconnect-n5-1,9,3,disconnect-n5-1,disconnect,1.0,19,298.77599999999984,2,1000,1,2,1,2,1,2,1,2,1,False,1,1,0,1,1,0
s09-r3-disconnect-n5-1,9,3,disconnect-n5-1,disconnect,1.0,20,314.3279999999995,1,1000,1,1,1,1,1,1,1,1,1,False,1,1,0,1,1,0
s09-r3-disconnect-n5-1,9,3,disconnect-n5-1,disconnect,1.0,21,362.3359999999993,1,620,1,1,1,1,1,1,1,1,1,True,1,1,0,1,1,0
s09-r3-disconnect-n5-1,9,3,disconnect-n5-1,disconnect,1.0,22,370.79199999999946,2,1000,1,2,1,2,1,2,1,2,1,False,1,1,0,1,1,0
s09-r3-disconnect-n5-1,9,3,disconnect-n5-1,disconnect,1.0,23,379.02800000000025,1,1000,1,1,1,1,1,1,1,1,1,False,1,1,0,1,1,0
s09-r4-disconnect-n10-1,9,4,disconnect-n10-1,disconnect,1.0,0,1.0,2,1000,1,2,1,2,1,2,1,2,1,False,1,1,0,1,1,0
s09-r4-disconnect-n10-1,9,4,disconnect-n10-1,disconnect,1.0,1,9.012000000000626,1,1000,1,1,1,1,1,1,1,1,1,False,1,1,0,1,1,0
s09-r4-disconnect-n10-1,9,4,disconnect-n10-1,disconnect,1.0,2,16.683999999999287,1,1000,1,1,1,1,1,1,1,1,1,False,1,1,0,1,1,0
s09-r4-disconnect-n10-1,9,4,disconnect-n10-1,disconnect,1.0,3,40.96800000000076,2,620,1,2,1,2,1,1,1,1,1,True,1,1,0,0,0,0
s09-r4-disconnect-n10-1,9,4,disconnect-n10-1,disconnect,1.0,4,64.55999999999949,1,1000,1,2,1,2,1,1,1,1,1,False,0,0,0,1,1,0
s09-r4-disconnect-n10-1,9,4,disconnect-n10-1,disconnect,1.0,5,80.17599999999948,1,1000,1,1,1,1,1,1,1,1,1,False,1,1,0,1,1,0
s09-r4-disconnect-n10-1,9,4,disconnect-n10-1,disconnect,1.0,6,87.7559999999994,1,1000,1,1,1,1,1,1,1,1,1,False,1,1,0,1,1,0
s09-r4-disconnect-n10-1,9,4,disconnect-n10-1,disconnect,1.0,7,95.64400000000025,2,620,1,2,1,2,1,1,1,2,1,True,1,1,0,0,1,1
s09-r4-disconnect-n10-1,9,4,disconnect-n10-1,disconnect,1.0,8,119.76800000000004,2,620,1,2,1,2,1,2,1,2,1,True,1,1,0,1,1,0
s09-r4-disconnect-n10-1,9,4,disconnect-n10-1,disconnect,1.0,9,169.07200000000012,2,758,1,2,1,2,1,2,1,2,1,True,1,1,0,1,1,0
s09-r4-disconnect-n10-1,9,4,disconnect-n10-1,disconnect,1.0,10,176.71999999999937,2,1000,1,2,1,2,1,2,1,2,1,False,1,1,0,1,1,0
s09-r4-disconnect-n10-1,9,4,disconnect-n10-1,disconnect,1.0,11,192.6560000000009,1,1000,1,1,1,1,1,1,1,1,1,False,1,1,0,1,1,0
s09-r4-disconnect-n10-1,9,4,disconnect-n10-1,disconnect,1.0,12,200.5,2,1000,1,2,1,2,1,2,1,2,1,False,1,1,0,1,1,0
s09-r4-disconnect-n10-1,9,4,disconnect-n10-1,disconnect,1.0,13,208.9159999999993,2,1000,1,2,1,2,1,2,1,2,1,False,1,1,0,1,1,0
s09-r4-disconnect-n10-1,9,4,disconnect-n10-1,disconnect,1.0,14,216.9320000000007,2,620,1,2,1,2,1,2,1,2,1,True,1,1,0,1,1,0
s09-r4-disconnect-n10-1,9,4,disconnect-n10-1,disconnect,1.0,15,241.21999999999932,1,620,1,2,1,1,1,1,1,1,1,True,0,1,1,1,1,0
s09-r4-disconnect-n10-1,9,4,disconnect-n10-1,disconnect,1.0,16,258.0159999999996,1,1000,1,1,1,1,1,1,1,1,1,False,1,1,0,1,1,0
s09-r4-disconnect-n10-1,9,4,disconnect-n10-1,disconnect,1.0,17,274.5519999999997,1,1000,1,1,1,1,1,2,1,2,1,False,1,1,0,0,0,0
s09-r4-disconnect-n10-1,9,4,disconnect-n10-1,disconnect,1.0,18,290.88800000000083,1,1000,1,2,1,2,1,1,1,1,1,False,0,0,0,1,1,0
s09-r4-disconnect-n10-1,9,4,disconnect-n10-1,disconnect,1.0,19,306.6280000000006,1,1000,1,1,1,1,1,2,1,2,1,False,1,1,0,0,0,0
s09-r4-disconnect-n10-1,9,4,disconnect-n10-1,disconnect,1.0,20,314.3279999999995,2,620,1,2,1,2,1,2,1,2,1,True,1,1,0,1,1,0
s09-r4-disconnect-n10-1,9,4,disconnect-n10-1,disconnect,1.0,21,347.0,1,620,1,2,1,1,1,1,1,2,1,True,0,1,1,1,0,1
s09-r4-disconnect-n10-1,9,4,disconnect-n10-1,disconnect,1.0,22,354.6239999999998,2,1000,1,2,1,2,1,2,1,2,1,False,1,1,0,1,1,0
s09-r4-disconnect-n10-1,9,4,disconnect-n10-1,disconnect,1.0,23,370.79199999999946,2,1000,1,2,1,2,1,2,1,2,1,False,1,1,0,1,1,0
s09-r4-disconnect-n2-1,9,4,disconnect-n2-1,disconnect,1.0,0,1.0,2,1000,1,2,1,2,1,2,1,2,1,False,1,1,0,1,1,0
s09-r4-disconnect-n2-1,9,4,disconnect-n2-1,disconnect,1.0,1,9.012000000000626,1,1000,1,1,1,1,1,1,1,1,1,False,1,1,0,1,1,0
s09-r4-disconnect-n2-1,9,4,disconnect-n2-1,disconnect,1.0,2,16.683999999999287,1,1000,1,1,1,1,1,1,1,1,1,False,1,1,0,1,1,0
s09-r4-disconnect-n2-1,9,4,disconnect-n2-1,disconnect,1.0,3,40.96800000000076,2,1000,1,2,1,2,1,1,1,1,1,False,1,1,0,0,0,0
s09-r4-disconnect-n2-1,9,4,disconnect-n2-1,disconnect,1.0,4,64.55999999999949,1,1000,1,2,1,2,1,1,1,1,1,False,0,0,0,1,1,0
s09-r4-disconnect-n2-1,9,4,disconnect-n2-1,disconnect,1.0,5,80.17599999999948,1,1000,1,1,1,1,1,1,1,1,1,False,1,1,0,1,1,0
s09-r4-disconnect-n2-1,9,4,disconnect-n2-1,disconnect,1.0,6,87.7559999999994,1,1000,1,1,1,1,1,1,1,1,1,False,1,1,0,1,1,0
s09-r4-disconnect-n2-1,9,4,disconnect-n2-1,disconnect,1.0,7,95.64400000000025,2,1000,1,2,1,2,1,2,1,2,1,False,1,1,0,1,1,0
s09-r4-disconnect-n2-1,9,4,disconnect-n2-1,disconnect,1.0,8,119.76800000000004,2,1000,1,2,1,2,1,2,1,2,1,False,1,1,0,1,1,0
s09-r4-disconnect-n2-1,9,4,disconnect-n2-1,disconnect,1.0,9,169.07200000000012,2,1000,1,2,1,2,1,2,1,2,1,False,1,1,0,1,1,0
s09-r4-disconnect-n2-1,9,4,disconnect-n2-1,disconnect,1.0,10,176.71999999999937,2,1000,1,2,1,2,1,2,1,2,1,False,1,1,0,1,1,0
s09-r4-disconnect-n2-1,9,4,disconnect-n2-1,disconnect,1.0,11,192.6560000000009,1,1000,1,1,1,1,1,1,1,1,1,False,1,1,0,1,1,0
s09-r4-disconnect-n2-1,9,4,disconnect-n2-1,disconnect,1.0,12,200.5,2,1000,1,2,1,2,1,2,1,2,1,False,1,1,0,1,1,0
s09-r4-disconnect-n2-1,9,4,disconnect-n2-1,disconnect,1.0,13,208.9159999999993,2,1000,1,2,1,2,1,2,1,2,1,False,1,1,0,1,1,0
s09-r4-disconnect-n2-1,9,4,disconnect-n2-1,disconnect,1.0,14,216.9320000000007,2,1000,1,2,1,2,1,2,1,2,1,False,1,1,0,1,1,0
s09-r4-disconnect-n2-1,9,4,disconnect-n2-1,disconnect,1.0,15,241.21999999999932,1,1000,1,1,1,1,1,1,1,1,1,False,1,1,0,1,1,0
s09-r4-disconnect-n2-1,9,4,disconnect-n2-1,disconnect,1.0,16,258.0159999999996,1,1000,1,1,1,1,1,1,1,1,1,False,1,1,0,1,1,0
s09-r4-disconnect-n2-1,9,4,disconnect-n2-1,disconnect,1.0,17,274.5519999999997,1,1000,1,1,1,1,1,2,1,2,1,False,1,1,0,0,0,0
s09-r4-disconnect-n2-1,9,4,disconnect-n2-1,disconnect,1.0,18,290.88800000000083,1,1000,1,2,1,2,1,1,1,1,1,False,0,0,0,1,1,0
s09-r4-disconnect-n2-1,9,4,disconnect-n2-1,disconnect,1.0,19,306.6280000000006,1,1000,1,1,1,1,1,2,1,2,1,False,1,1,0,0,0,0
s09-r4-disconnect-n2-1,9,4,disconnect-n2-1,disconnect,1.0,20,314.3279999999995,2,1000,1,2,1,2,1,2,1,2,1,False,1,1,0,1,1,0
s09-r4-disconnect-n2-1,9,4,disconnect-n2-1,disconnect,1.0,21,347.0,1,1000,1,1,1,1,1,2,1,2,1,False,1,1,0,0,0,0
s09-r4-disconnect-n2-1,9,4,disconnect-n2-1,disconnect,1.0,22,354.6239999999998,2,1000,1,2,1,2,1,2,1,2,1,False,1,1,0,1,1,0
s09-r4-disconnect-n2-1,9,4,disconnect-n2-1,disconnect,1.0,23,370.79199999999946,2,1000,1,2,1,2,1,2,1,2,1,False,1,1,0,1,1,0
s09-r4-disconnect-n20-1,9,4,disconnect-n20-1,disconnect,1.0,0,1.0,2,1000,1,2,1,2,1,2,1,2,1,False,1,1,0,1,1,0
s09-r4-disconnect-n20-1,9,4,disconnect-n20-1,disconnect,1.0,1,9.012000000000626,1,1000,1,1,1,1,1,1,1,1,1,False,1,1,0,1,1,0
s09-r4-disconnect-n20-1,9,4,disconnect-n20-1,disconnect,1.0,2,16.683999999999287,1,749,1,1,1,1,1,1,1,1,1,True,1,1,0,1,1,0
s09-r4-disconnect-n20-1,9,4,disconnect-n20-1,disconnect,1.0,3,40.96800000000076,2,620,1,2,1,2,1,1,1,1,1,True,1,1,0,0,0,0
s09-r4-disconnect-n20-1,9,4,disconnect-n20-1,disconnect,1.0,4,64.55999999999949,1,1000,1,2,1,2,1,1,1,1,1,False,0,0,0,1,1,0
s09-r4-disconnect-n20-1,9,4,disconnect-n20-1,disconnect,1.0,5,80.17599999999948,1,1000,1,1,1,1,1,1,1,1,1,False,1,1,0,1,1,0
s09-r4-disconnect-n20-1,9,4,disconnect-n20-1,disconnect,1.0,6,87.7559999999994,1,1000,1,1,1,1,1,1,1,1,1,False,1,1,0,1,1,0
s09-r4-disconnect-n20-1,9,4,disconnect-n20-1,disconnect,1.0,7,95.64400000000025,2,1000,1,2,1,2,1,2,1,2,1,False,1,1,0,1,1,0
s09-r4-disconnect-n20-1,9,4,disconnect-n20-1,disconnect,1.0,8,119.76800000000004,2,1000,1,2,1,2,1,2,1,2,1,False,1,1,0,1,1,0
s09-r4-disconnect-n20-1,9,4,disconnect-n20-1,disconnect,1.0,9,169.07200000000012,2,1000,1,2,1,2,1,2,1,2,1,False,1,1,0,1,1,0
s09-r4-disconnect-n20-1,9,4,disconnect-n20-1,disconnect,1.0,10,176.71999999999937,2,1000,1,2,1,2,1,2,1,2,1,False,1,1,0,1,1,0
s09-r4-disconnect-n20-1,9,4,disconnect-n20-1,disconnect,1.0,11,192.6560000000009,1,1000,1,1,1,1,1,1,1,1,1,False,1,1,0,1,1,0
s09-r4-disconnect-n20-1,9,4,disconnect-n20-1,disconnect,1.0,12,200.5,2,620,1,2,1,2,1,2,1,2,1,True,1,1,0,1,1,0
s09-r4-disconnect-n20-1,9,4,disconnect-n20-1,disconnect,1.0,13,208.9159999999993,2,620,1,2,1,2,1,2,1,2,1,True,1,1,0,1,1,0
s09-r4-disconnect-n20-1,9,4,disconnect-n20-1,disconnect,1.0,14,216.9320000000007,2,1000,1,2,1,2,1,2,1,2,1,False,1,1,0,1,1,0
s09-r4-disconnect-n20-1,9,4,disconnect-n20-1,disconnect,1.0,15,241.21999999999932,1,1000,1,1,1,1,1,1,1,1,1,False,1,1,0,1,1,0
s09-r4-disconnect-n20-1,9,4,disconnect-n20-1,disconnect,1.0,16,258.0159999999996,1,1000,1,1,1,1,1,1,1,1,1,False,1,1,0,1,1,0
s09-r4-disconnect-n20-1,9,4,disconnect-n20-1,disconnect,1.0,17,274.5519999999997,1,1000,1,1,1,1,1,2,1,2,1,False,1,1,0,0,0,0
s09-r4-disconnect-n20-1,9,4,disconnect-n20-1,disconnect,1.0,18,290.88800000000083,1,1000,1,2,1,2,1,1,1,1,1,False,0,0,0,1,1,0
s09-r4-disconnect-n20-1,9,4,disconnect-n20-1,disconnect,1.0,19,306.6280000000006,1,620,1,1,1,1,1,1,1,2,1,True,1,1,0,1,0,1
s09-r4-disconnect-n20-1,9,4,disconnect-n20-1,disconnect,1.0,20,314.3279999999995,2,1000,1,2,1,2,1,2,1,2,1,False,1,1,0,1,1,0
s09-r4-disconnect-n20-1,9,4,disconnect-n20-1,disconnect,1.0,21,347.0,1,1000,1,1,1,1,1,2,1,2,1,False,1,1,0,0,0,0
s09-r4-disconnect-n20-1,9,4,disconnect-n20-1,disconnect,1.0,22,354.6239999999998,2,1000,1,2,1,2,1,2,1,2,1,False,1,1,0,1,1,0
s09-r4-disconnect-n20-1,9,4,disconnect-n20-1,disconnect,1.0,23,370.79199999999946,2,1000,1,2,1,2,1,2,1,2,1,False,1,1,0,1,1,0
s09-r4-disconnect-n5-1,9,4,disconnect-n5-1,disconnect,1.0,0,1.0,2,1000,1,2,1,2,1,2,1,2,1,False,1,1,0,1,1,0
s09-r4-disconnect-n5-1,9,4,disconnect-n5-1,disconnect,1.0,1,9.012000000000626,1,1000,1,1,1,1,1,1,1,1,1,False,1,1,0,1,1,0
s09-r4-disconnect-n5-1,9,4,disconnect-n5-1,disconnect,1.0,2,16.683999999999287,1,1000,1,1,1,1,1,1,1,1,1,False,1,1,0,1,1,0
s09-r4-disconnect-n5-1,9,4,disconnect-n5-1,disconnect,1.0,3,40.96800000000076,2,1000,1,2,1,2,1,1,1,1,1,False,1,1,0,0,0,0
s09-r4-disconnect-n5-1,9,4,disconnect-n5-1,disconnect,1.0,4,64.55999999999949,1,1000,1,2,1,2,1,1,1,1,1,False,0,0,0,1,1,0
s09-r4-disconnect-n5-1,9,4,disconnect-n5-1,disconnect,1.0,5,80.17599999999948,1,1000,1,1,1,1,1,1,1,1,1,False,1,1,0,1,1,0
s09-r4-disconnect-n5-1,9,4,disconnect-n5-1,disconnect,1.0,6,87.7559999999994,1,1000,1,1,1,1,1,1,1,1,1,False,1,1,0,1,1,0
s09-r4-disconnect-n5-1,9,4,disconnect-n5-1,disconnect,1.0,7,95.64400000000025,2,1000,1,2,1,2,1,2,1,2,1,False,1,1,0,1,1,0
s09-r4-disconnect-n5-1,9,4,disconnect-n5-1,disconnect,1.0,8,119.76800000000004,2,1000,1,2,1,2,1,2,1,2,1,False,1,1,0,1,1,0
s09-r4-disconnect-n5-1,9,4,disconnect-n5-1,disconnect,1.0,9,169.07200000000012,2,1000,1,2,1,2,1,2,1,2,1,False,1,1,0,1,1,0
s09-r4-disconnect-n5-1,9,4,disconnect-n5-1,disconnect,1.0,10,176.71999999999937,2,1000,1,2,1,2,1,2,1,2,1,False,1,1,0,1,1,0
s09-r4-disconnect-n5-1,9,4,disconnect-n5-1,disconnect,1.0,11,192.6560000000009,1,1000,1,1,1,1,1,1,1,1,1,False,1,1,0,1,1,0
s09-r4-disconnect-n5-1,9,4,disconnect-n5-1,disconnect,1.0,12,200.5,2,1000,1,2,1,2,1,2,1,2,1,False,1,1,0,1,1,0
s09-r4-disconnect-n5-1,9,4,disconnect-n5-1,disconnect,1.0,13,208.9159999999993,2,1000,1,2,1,2,1,2,1,2,1,False,1,1,0,1,1,0
s09-r4-disconnect-n5-1,9,4,disconnect-n5-1,disconnect,1.0,14,216.9320000000007,2,1000,1,2,1,2,1,2,1,2,1,False,1,1,0,1,1,0
s09-r4-disconnect-n5-1,9,4,disconnect-n5-1,disconnect,1.0,15,241.21999999999932,1,1000,1,1,1,1,1,1,1,1,1,False,1,1,0,1,1,0
s09-r4-disconnect-n5-1,9,4,disconnect-n5-1,disconnect,1.0,16,258.0159999999996,1,1000,1,1,1,1,1,1,1,1,1,False,1,1,0,1,1,0
s09-r4-disconnect-n5-1,9,4,disconnect-n5-1,disconnect,1.0,17,274.5519999999997,1,1000,1,1,1,1,1,2,1,2,1,False,1,1,0,0,0,0
s09-r4-disconnect-n5-1,9,4,disconnect-n5-1,disconnect,1.0,18,290.88800000000083,1,1000,1,2,1,2,1,1,1,1,1,False,0,0,0,1,1,0
s09-r4-disconnect-n5-1,9,4,disconnect-n5-1,disconnect,1.0,19,306.6280000000006,1,1000,1,1,1,1,1,2,1,2,1,False,1,1,0,0,0,0
s09-r4-disconnect-n5-1,9,4,disconnect-n5-1,disconnect,1.0,20,314.3279999999995,2,1000,1,2,1,2,1,2,1,2,1,False,1,1,0,1,1,0
s09-r4-disconnect-n5-1,9,4,disconnect-n5-1,disconnect,1.0,21,347.0,1,1000,1,1,1,1,1,2,1,2,1,False,1,1,0,0,0,0
s09-r4-disconnect-n5-1,9,4,disconnect-n5-1,disconnect,1.0,22,354.6239999999998,2,1000,1,2,1,2,1,2,1,2,1,False,1,1,0,1,1,0
s09-r4-disconnect-n5-1,9,4,disconnect-n5-1,disconnect,1.0,23,370.79199999999946,2,1000,1,2,1,2,1,2,1,2,1,False,1,1,0,1,1,0
