exec_id,subject,run,kind,severity,k,start_rel,end_rel,d_plan,d_log,sec_resume,hueco_ts,hueco_ia,espera_ts,espera_ia,t_resume_rel
s01-r0-disconnect-0.5,1,0,disconnect,0.5,0,202.32,202.8,0.5,0.4800000000000182,203,1.52,1.55964,1.0399999999999818,1.0796399999999817,203.84
s01-r0-disconnect-0.5,1,0,disconnect,0.5,1,294.56,295.08,0.5,0.5199999999999818,296,1.52,1.55715,1.0000000000000182,1.0371500000000182,296.08
s01-r0-disconnect-0.5,1,0,disconnect,0.5,2,305.68,306.2,0.5,0.5199999999999818,307,1.52,1.56021,1.0000000000000182,1.0402100000000183,307.2
s01-r0-disconnect-0.5,1,0,disconnect,0.5,3,317.08,317.6,0.5,0.5200000000000387,318,1.52,1.56109,0.9999999999999614,1.0410899999999614,318.59999999999997
s01-r0-disconnect-0.5,1,0,disconnect,0.5,4,322.6,323.08,0.5,0.47999999999996135,324,1.52,1.56093,1.0400000000000387,1.0809300000000386,324.12
s01-r0-disconnect-1,1,0,disconnect,1.0,0,75.84,76.84,1.0,1.0,77,1.52,1.55963,0.52,0.5596300000000001,77.36
s01-r0-disconnect-1,1,0,disconnect,1.0,1,106.52,107.52,1.0,1.0,108,1.52,1.56462,0.52,0.5646199999999999,108.03999999999999
s01-r0-disconnect-1,1,0,disconnect,1.0,2,194.72,195.72,1.0,1.0,196,1.52,1.56041,0.52,0.5604100000000001,196.24
s01-r0-disconnect-1,1,0,disconnect,1.0,3,229.36,230.36,1.0,1.0,230,1.52,1.55932,0.52,0.55932,230.88000000000002
s01-r0-disconnect-1,1,0,disconnect,1.0,4,326.56,327.56,1.0,1.0,328,1.52,1.56217,0.52,0.5621700000000001,328.08
s01-r0-disconnect-3,1,0,disconnect,3.0,0,38.48,41.48,3.0,3.0,42,3.56,3.59869,0.56,0.5986899999999999,42.04
s01-r0-disconnect-3,1,0,disconnect,3.0,1,71.24,74.24,3.0,3.0,74,3.52,3.56037,0.52,0.5603699999999998,74.75999999999999
s01-r0-disconnect-3,1,0,disconnect,3.0,2,142.2,145.2,3.0,3.0,145,3.52,3.56217,0.52,0.5621700000000001,145.72
s01-r0-disconnect-3,1,0,disconnect,3.0,3,160.0,163.0,3.0,3.0,163,3.52,3.56213,0.52,0.5621299999999998,163.52
s01-r0-disconnect-3,1,0,disconnect,3.0,4,168.0,171.0,3.0,3.0,171,3.52,3.56024,0.52,0.5602399999999998,171.52
s01-r0-disconnect_trial-0.5,1,0,disconnect_trial,0.5,0,3.0,3.52,0.5,0.52,4,1.52,1.56114,1.0,1.04114,4.52
s01-r0-disconnect_trial-0.5,1,0,disconnect_trial,0.5,1,11.04,11.52,0.5,0.4800000000000004,12,1.52,1.56224,1.0399999999999996,1.0822399999999996,12.559999999999999
s01-r0-disconnect_trial-0.5,1,0,disconnect_trial,0.5,2,18.72,19.2,0.5,0.4800000000000004,20,1.52,1.5585,1.0399999999999996,1.0784999999999996,20.24
s01-r0-disconnect_trial-0.5,1,0,disconnect_trial,0.5,3,26.52,27.0,0.5,0.4800000000000004,28,1.52,1.55859,1.0399999999999996,1.0785899999999995,28.04
s01-r0-disconnect_trial-0.5,1,0,disconnect_trial,0.5,4,34.56,35.04,0.5,0.4799999999999969,36,1.52,1.55639,1.0400000000000031,1.076390000000003,36.080000000000005
s01-r0-disconnect_trial-0.5,1,0,disconnect_trial,0.5,5,43.0,43.48,0.5,0.4799999999999969,44,1.52,1.56149,1.0400000000000031,1.0814900000000032,44.52
s01-r0-disconnect_trial-0.5,1,0,disconnect_trial,0.5,6,50.64,51.16,0.5,0.519999999999996,52,1.52,1.55615,1.000000000000004,1.036150000000004,52.160000000000004
s01-r0-disconnect_trial-0.5,1,0,disconnect_trial,0.5,7,58.84,59.36,0.5,0.519999999999996,60,1.52,1.56305,1.000000000000004,1.043050000000004,60.36000000000001
s01-r0-disconnect_trial-0.5,1,0,disconnect_trial,0.5,8,66.56,67.08,0.5,0.519999999999996,68,1.52,1.55702,1.000000000000004,1.037020000000004,68.08
s01-r0-disconnect_trial-0.5,1,0,disconnect_trial,0.5,9,74.56,75.08,0.5,0.519999999999996,76,1.52,1.56025,1.000000000000004,1.040250000000004,76.08
s01-r0-disconnect_trial-0.5,1,0,disconnect_trial,0.5,10,82.2,82.68,0.5,0.480000000000004,83,1.52,1.5571,1.039999999999996,1.077099999999996,83.72
s01-r0-disconnect_trial-0.5,1,0,disconnect_trial,0.5,11,89.76,90.28,0.5,0.519999999999996,91,1.52,1.56204,1.000000000000004,1.042040000000004,91.28
s01-r0-disconnect_trial-0.5,1,0,disconnect_trial,0.5,12,97.68,98.16,0.5,0.47999999999998977,99,1.52,1.55955,1.0400000000000102,1.0795500000000102,99.2
s01-r0-disconnect_trial-0.5,1,0,disconnect_trial,0.5,13,105.44,105.92,0.5,0.480000000000004,106,1.52,1.56391,1.039999999999996,1.083909999999996,106.96
s01-r0-disconnect_trial-0.5,1,0,disconnect_trial,0.5,14,113.32,113.8,0.5,0.480000000000004,114,1.52,1.56001,1.039999999999996,1.080009999999996,114.83999999999999
s01-r0-disconnect_trial-0.5,1,0,disconnect_trial,0.5,15,121.8,122.28,0.5,0.480000000000004,123,1.52,1.56029,1.039999999999996,1.080289999999996,123.32
s01-r0-disconnect_trial-0.5,1,0,disconnect_trial,0.5,16,129.8,130.32,0.5,0.5199999999999818,131,1.52,1.55934,1.0000000000000182,1.0393400000000181,131.32000000000002
s01-r0-disconnect_trial-0.5,1,0,disconnect_trial,0.5,17,138.08,138.6,0.5,0.5199999999999818,139,1.52,1.56033,1.0000000000000182,1.0403300000000182,139.60000000000002
s01-r0-disconnect_trial-0.5,1,0,disconnect_trial,0.5,18,146.24,146.72,0.5,0.47999999999998977,147,1.52,1.56015,1.0400000000000102,1.0801500000000102,147.76000000000002
s01-r0-disconnect_trial-0.5,1,0,disconnect_trial,0.5,19,154.48,155.0,0.5,0.5200000000000102,156,1.52,1.56045,0.9999999999999898,1.0404499999999897,156.0
s01-r0-disconnect_trial-0.5,1,0,disconnect_trial,0.5,20,162.76,163.28,0.5,0.5200000000000102,164,1.52,1.5596,0.9999999999999898,1.0395999999999899,164.28
s01-r0-disconnect_trial-0.5,1,0,disconnect_trial,0.5,21,171.08,171.6,0.5,0.5199999999999818,172,1.52,1.56477,1.0000000000000182,1.0447700000000182,172.60000000000002
s01-r0-disconnect_trial-0.5,1,0,disconnect_trial,0.5,22,178.72,179.24,0.5,0.5200000000000102,180,1.52,1.55968,0.9999999999999898,1.0396799999999897,180.24
s01-r0-disconnect_trial-0.5,1,0,disconnect_trial,0.5,23,186.88,187.36,0.5,0.4800000000000182,188,1.52,1.5602,1.0399999999999818,1.0801999999999818,188.4
s01-r0-disconnect_trial-0.5,1,0,disconnect_trial,0.5,24,194.68,195.16,0.5,0.47999999999998977,196,1.52,1.55964,1.0400000000000102,1.0796400000000101,196.20000000000002
s01-r0-disconnect_trial-0.5,1,0,disconnect_trial,0.5,25,202.52,203.0,0.5,0.47999999999998977,204,1.52,1.55942,1.0400000000000102,1.0794200000000103,204.04000000000002
s01-r0-disconnect_trial-0.5,1,0,disconnect_trial,0.5,26,210.92,211.44,0.5,0.5200000000000102,212,1.52,1.56045,0.9999999999999898,1.0404499999999897,212.44
s01-r0-disconnect_trial-0.5,1,0,disconnect_trial,0.5,27,218.96,219.44,0.5,0.47999999999998977,220,1.52,1.55948,1.0400000000000102,1.0794800000000102,220.48000000000002
s01-r0-disconnect_trial-0.5,1,0,disconnect_trial,0.5,28,226.84,227.36,0.5,0.5200000000000102,228,1.52,1.55951,0.9999999999999898,1.0395099999999897,228.36
s01-r0-disconnect_trial-0.5,1,0,disconnect_trial,0.5,29,234.96,235.44,0.5,0.47999999999998977,236,1.52,1.55981,1.0400000000000102,1.0798100000000102,236.48000000000002
s01-r0-disconnect_trial-0.5,1,0,disconnect_trial,0.5,30,243.24,243.72,0.5,0.47999999999998977,244,1.52,1.55935,1.0400000000000102,1.0793500000000102,244.76000000000002
s01-r0-disconnect_trial-0.5,1,0,disconnect_trial,0.5,31,251.68,252.16,0.5,0.47999999999998977,253,1.52,1.55945,1.0400000000000102,1.0794500000000102,253.20000000000002
s01-r0-disconnect_trial-0.5,1,0,disconnect_trial,0.5,32,260.04,260.52,0.5,0.47999999999996135,261,1.52,1.55947,1.0400000000000387,1.0794700000000386,261.56
s01-r0-disconnect_trial-0.5,1,0,disconnect_trial,0.5,33,268.4,268.88,0.5,0.4800000000000182,269,1.52,1.55971,1.0399999999999818,1.0797099999999817,269.91999999999996
s01-r0-disconnect_trial-0.5,1,0,disconnect_trial,0.5,34,276.56,277.08,0.5,0.5199999999999818,278,1.52,1.56008,1.0000000000000182,1.040080000000018,278.08
s01-r0-disconnect_trial-0.5,1,0,disconnect_trial,0.5,35,284.84,285.32,0.5,0.4800000000000182,286,1.52,1.55985,1.0399999999999818,1.0798499999999818,286.35999999999996
s01-r0-disconnect_trial-0.5,1,0,disconnect_trial,0.5,36,292.92,293.4,0.5,0.47999999999996135,294,1.52,1.55939,1.0400000000000387,1.0793900000000387,294.44
s01-r0-disconnect_trial-0.5,1,0,disconnect_trial,0.5,37,300.8,301.28,0.5,0.47999999999996135,302,1.52,1.56021,1.0400000000000387,1.0802100000000388,302.32
s01-r0-disconnect_trial-0.5,1,0,disconnect_trial,0.5,38,308.64,309.16,0.5,0.5200000000000387,310,1.52,1.56007,0.9999999999999614,1.0400699999999614,310.15999999999997
s01-r0-disconnect_trial-0.5,1,0,disconnect_trial,0.5,39,316.36,316.84,0.5,0.47999999999996135,317,1.52,1.55513,1.0400000000000387,1.0751300000000386,317.88
s01-r0-disconnect_trial-0.5,1,0,disconnect_trial,0.5,40,324.68,325.16,0.5,0.4800000000000182,326,1.52,1.55994,1.0399999999999818,1.079939999999982,326.2
s01-r0-disconnect_trial-0.5,1,0,disconnect_trial,0.5,41,332.6,333.08,0.5,0.47999999999996135,334,1.52,1.55946,1.0400000000000387,1.0794600000000387,334.12
s01-r0-disconnect_trial-0.5,1,0,disconnect_trial,0.5,42,340.56,341.04,0.5,0.4800000000000182,342,1.52,1.5592,1.0399999999999818,1.0791999999999817,342.08
s01-r0-disconnect_trial-0.5,1,0,disconnect_trial,0.5,43,349.0,349.52,0.5,0.5199999999999818,350,1.52,1.55981,1.0000000000000182,1.039810000000018,350.52
s01-r0-disconnect_trial-0.5,1,0,disconnect_trial,0.5,44,356.64,357.16,0.5,0.5200000000000387,358,1.52,1.56433,0.9999999999999614,1.0443299999999613,358.15999999999997
s01-r0-disconnect_trial-0.5,1,0,disconnect_trial,0.5,45,364.36,364.84,0.5,0.47999999999996135,365,1.52,1.55504,1.0400000000000387,1.0750400000000386,365.88
s01-r0-disconnect_trial-0.5,1,0,disconnect_trial,0.5,46,372.8,373.32,0.5,0.5199999999999818,374,1.52,1.55975,1.0000000000000182,1.0397500000000182,374.32
s01-r0-disconnect_trial-0.5,1,0,disconnect_trial,0.5,47,381.04,381.56,0.5,0.5199999999999818,382,1.52,1.56442,1.0000000000000182,1.0444200000000181,382.56
s01-r0-disconnect_trial-1,1,0,disconnect_trial,1.0,0,3.0,4.0,1.0,1.0,4,1.52,1.56179,0.52,0.56179,4.52
s01-r0-disconnect_trial-1,1,0,disconnect_trial,1.0,1,11.04,12.04,1.0,1.0,12,1.52,1.56164,0.52,0.5616399999999999,12.559999999999999
s01-r0-disconnect_trial-1,1,0,disconnect_trial,1.0,2,18.72,19.72,1.0,1.0,20,1.52,1.56321,0.52,0.56321,20.24
s01-r0-disconnect_trial-1,1,0,disconnect_trial,1.0,3,26.52,27.52,1.0,1.0,28,1.52,1.5621,0.52,0.5621,28.04
s01-r0-disconnect_trial-1,1,0,disconnect_trial,1.0,4,34.56,35.56,1.0,1.0,36,1.52,1.55609,0.52,0.55609,36.080000000000005
s01-r0-disconnect_trial-1,1,0,disconnect_trial,1.0,5,43.0,44.0,1.0,1.0,44,1.52,1.56053,0.52,0.56053,44.52
s01-r0-disconnect_trial-1,1,0,disconnect_trial,1.0,6,50.64,51.64,1.0,1.0,52,1.52,1.55872,0.52,0.5587200000000001,52.160000000000004
s01-r0-disconnect_trial-1,1,0,disconnect_trial,1.0,7,58.84,59.84,1.0,1.0,60,1.52,1.55609,0.52,0.55609,60.36000000000001
s01-r0-disconnect_trial-1,1,0,disconnect_trial,1.0,8,66.56,67.56,1.0,1.0,68,1.52,1.55976,0.52,0.55976,68.08
s01-r0-disconnect_trial-1,1,0,disconnect_trial,1.0,9,74.56,75.56,1.0,1.0,76,1.52,1.55966,0.52,0.55966,76.08
s01-r0-disconnect_trial-1,1,0,disconnect_trial,1.0,10,82.2,83.2,1.0,1.0,83,1.52,1.56072,0.52,0.5607200000000001,83.72
s01-r0-disconnect_trial-1,1,0,disconnect_trial,1.0,11,89.76,90.76,1.0,1.0,91,1.52,1.56262,0.52,0.5626199999999999,91.28
s01-r0-disconnect_trial-1,1,0,disconnect_trial,1.0,12,97.68,98.68,1.0,1.0,99,1.52,1.56035,0.52,0.5603499999999999,99.2
s01-r0-disconnect_trial-1,1,0,disconnect_trial,1.0,13,105.44,106.44,1.0,1.0,106,1.52,1.55997,0.52,0.5599700000000001,106.96
s01-r0-disconnect_trial-1,1,0,disconnect_trial,1.0,14,113.32,114.32,1.0,1.0,114,1.52,1.55992,0.52,0.55992,114.83999999999999
s01-r0-disconnect_trial-1,1,0,disconnect_trial,1.0,15,121.8,122.8,1.0,1.0,123,1.52,1.56404,0.52,0.5640400000000001,123.32
s01-r0-disconnect_trial-1,1,0,disconnect_trial,1.0,16,129.8,130.8,1.0,1.0,131,1.52,1.56026,0.52,0.56026,131.32000000000002
s01-r0-disconnect_trial-1,1,0,disconnect_trial,1.0,17,138.08,139.08,1.0,1.0,139,1.52,1.55911,0.52,0.55911,139.60000000000002
s01-r0-disconnect_trial-1,1,0,disconnect_trial,1.0,18,146.24,147.24,1.0,1.0,147,1.52,1.56487,0.52,0.56487,147.76000000000002
s01-r0-disconnect_trial-1,1,0,disconnect_trial,1.0,19,154.48,155.48,1.0,1.0,156,1.52,1.55947,0.52,0.5594699999999999,156.0
s01-r0-disconnect_trial-1,1,0,disconnect_trial,1.0,20,162.76,163.76,1.0,1.0,164,1.52,1.56078,0.52,0.5607800000000001,164.28
s01-r0-disconnect_trial-1,1,0,disconnect_trial,1.0,21,171.08,172.08,1.0,1.0,172,1.52,1.55953,0.52,0.5595300000000001,172.60000000000002
s01-r0-disconnect_trial-1,1,0,disconnect_trial,1.0,22,178.72,179.72,1.0,1.0,180,1.52,1.55886,0.52,0.5588599999999999,180.24
s01-r0-disconnect_trial-1,1,0,disconnect_trial,1.0,23,186.88,187.88,1.0,1.0,188,1.52,1.5593,0.52,0.5592999999999999,188.4
s01-r0-disconnect_trial-1,1,0,disconnect_trial,1.0,24,194.68,195.68,1.0,1.0,196,1.52,1.56012,0.52,0.56012,196.20000000000002
s01-r0-disconnect_trial-1,1,0,disconnect_trial,1.0,25,202.52,203.52,1.0,1.0,204,1.52,1.55966,0.52,0.55966,204.04000000000002
s01-r0-disconnect_trial-1,1,0,disconnect_trial,1.0,26,210.92,211.92,1.0,1.0,212,1.52,1.56054,0.52,0.56054,212.44
s01-r0-disconnect_trial-1,1,0,disconnect_trial,1.0,27,218.96,219.96,1.0,1.0,220,1.52,1.56,0.52,0.56,220.48000000000002
s01-r0-disconnect_trial-1,1,0,disconnect_trial,1.0,28,226.84,227.84,1.0,1.0,228,1.52,1.56437,0.52,0.56437,228.36
s01-r0-disconnect_trial-1,1,0,disconnect_trial,1.0,29,234.96,235.96,1.0,1.0,236,1.52,1.56031,0.52,0.5603100000000001,236.48000000000002
s01-r0-disconnect_trial-1,1,0,disconnect_trial,1.0,30,243.24,244.24,1.0,1.0,244,1.52,1.55965,0.52,0.55965,244.76000000000002
s01-r0-disconnect_trial-1,1,0,disconnect_trial,1.0,31,251.68,252.68,1.0,1.0,253,1.52,1.55922,0.52,0.55922,253.20000000000002
s01-r0-disconnect_trial-1,1,0,disconnect_trial,1.0,32,260.04,261.04,1.0,1.0,261,1.52,1.56028,0.52,0.5602799999999999,261.56
s01-r0-disconnect_trial-1,1,0,disconnect_trial,1.0,33,268.4,269.4,1.0,1.0,269,1.52,1.55986,0.52,0.55986,269.91999999999996
s01-r0-disconnect_trial-1,1,0,disconnect_trial,1.0,34,276.56,277.56,1.0,1.0,278,1.52,1.55902,0.52,0.5590200000000001,278.08
s01-r0-disconnect_trial-1,1,0,disconnect_trial,1.0,35,284.84,285.84,1.0,1.0,286,1.52,1.55973,0.52,0.5597300000000001,286.35999999999996
s01-r0-disconnect_trial-1,1,0,disconnect_trial,1.0,36,292.92,293.92,1.0,1.0,294,1.52,1.55917,0.52,0.55917,294.44
s01-r0-disconnect_trial-1,1,0,disconnect_trial,1.0,37,300.8,301.8,1.0,1.0,302,1.52,1.55999,0.52,0.55999,302.32
s01-r0-disconnect_trial-1,1,0,disconnect_trial,1.0,38,308.64,309.64,1.0,1.0,310,1.52,1.55923,0.52,0.5592299999999999,310.15999999999997
s01-r0-disconnect_trial-1,1,0,disconnect_trial,1.0,39,316.36,317.36,1.0,1.0,317,1.52,1.56046,0.52,0.56046,317.88
s01-r0-disconnect_trial-1,1,0,disconnect_trial,1.0,40,324.68,325.68,1.0,1.0,326,1.52,1.56007,0.52,0.5600700000000001,326.2
s01-r0-disconnect_trial-1,1,0,disconnect_trial,1.0,41,332.6,333.6,1.0,1.0,334,1.52,1.56038,0.52,0.5603800000000001,334.12
s01-r0-disconnect_trial-1,1,0,disconnect_trial,1.0,42,340.56,341.56,1.0,1.0,342,1.52,1.55936,0.52,0.5593600000000001,342.08
s01-r0-disconnect_trial-1,1,0,disconnect_trial,1.0,43,349.0,350.0,1.0,1.0,350,1.52,1.55993,0.52,0.55993,350.52
s01-r0-disconnect_trial-1,1,0,disconnect_trial,1.0,44,356.64,357.64,1.0,1.0,358,1.52,1.55982,0.52,0.55982,358.15999999999997
s01-r0-disconnect_trial-1,1,0,disconnect_trial,1.0,45,364.36,365.36,1.0,1.0,365,1.52,1.55961,0.52,0.5596099999999999,365.88
s01-r0-disconnect_trial-1,1,0,disconnect_trial,1.0,46,372.8,373.8,1.0,1.0,374,1.52,1.55944,0.52,0.5594399999999999,374.32
s01-r0-disconnect_trial-1,1,0,disconnect_trial,1.0,47,381.04,382.04,1.0,1.0,382,1.52,1.55955,0.52,0.55955,382.56
s01-r0-disconnect_trial-2,1,0,disconnect_trial,2.0,0,3.0,5.0,2.0,2.0,5,2.52,2.56171,0.52,0.5617100000000002,5.52
s01-r0-disconnect_trial-2,1,0,disconnect_trial,2.0,1,11.04,13.04,2.0,2.0,13,2.52,2.55839,0.52,0.5583900000000002,13.559999999999999
s01-r0-disconnect_trial-2,1,0,disconnect_trial,2.0,2,18.72,20.72,2.0,2.0,21,2.52,2.56045,0.52,0.5604499999999999,21.24
s01-r0-disconnect_trial-2,1,0,disconnect_trial,2.0,3,26.52,28.52,2.0,2.0,29,2.52,2.56261,0.52,0.5626099999999998,29.04
s01-r0-disconnect_trial-2,1,0,disconnect_trial,2.0,4,34.56,36.56,2.0,2.0,37,2.52,2.56117,0.52,0.5611700000000002,37.080000000000005
s01-r0-disconnect_trial-2,1,0,disconnect_trial,2.0,5,43.0,45.0,2.0,2.0,45,2.52,2.56012,0.52,0.56012,45.52
s01-r0-disconnect_trial-2,1,0,disconnect_trial,2.0,6,50.64,52.64,2.0,2.0,53,2.52,2.55747,0.52,0.5574699999999999,53.160000000000004
s01-r0-disconnect_trial-2,1,0,disconnect_trial,2.0,7,58.84,60.84,2.0,2.0,61,2.52,2.5606,0.52,0.5606,61.36000000000001
s01-r0-disconnect_trial-2,1,0,disconnect_trial,2.0,8,66.56,68.56,2.0,2.0,69,2.52,2.56132,0.52,0.5613199999999998,69.08
s01-r0-disconnect_trial-2,1,0,disconnect_trial,2.0,9,74.56,76.56,2.0,2.0,77,2.52,2.55528,0.52,0.5552800000000002,77.08
s01-r0-disconnect_trial-2,1,0,disconnect_trial,2.0,10,82.2,84.2,2.0,2.0,84,2.52,2.56089,0.52,0.5608900000000001,84.72
s01-r0-disconnect_trial-2,1,0,disconnect_trial,2.0,11,89.76,91.76,2.0,2.0,92,2.52,2.56311,0.52,0.56311,92.28
s01-r0-disconnect_trial-2,1,0,disconnect_trial,2.0,12,97.68,99.68,2.0,2.0,100,2.52,2.56398,0.52,0.5639799999999999,100.2
s01-r0-disconnect_trial-2,1,0,disconnect_trial,2.0,13,105.44,107.44,2.0,2.0,107,2.52,2.56306,0.52,0.5630600000000001,107.96
s01-r0-disconnect_trial-2,1,0,disconnect_trial,2.0,14,113.32,115.32,2.0,2.0,115,2.52,2.56376,0.52,0.5637599999999998,115.83999999999999
s01-r0-disconnect_trial-2,1,0,disconnect_trial,2.0,15,121.8,123.8,2.0,2.0,124,2.52,2.55702,0.52,0.5570200000000001,124.32
s01-r0-disconnect_trial-2,1,0,disconnect_trial,2.0,16,129.8,131.8,2.0,2.0,132,2.52,2.55955,0.52,0.5595500000000002,132.32000000000002
s01-r0-disconnect_trial-2,1,0,disconnect_trial,2.0,17,138.08,140.08,2.0,2.0,140,2.52,2.56401,0.52,0.5640100000000001,140.60000000000002
s01-r0-disconnect_trial-2,1,0,disconnect_trial,2.0,18,146.24,148.24,2.0,2.0,148,2.52,2.5587,0.52,0.5587,148.76000000000002
s01-r0-disconnect_trial-2,1,0,disconnect_trial,2.0,19,154.48,156.48,2.0,2.0,157,2.52,2.55943,0.52,0.5594299999999999,157.0
s01-r0-disconnect_trial-2,1,0,disconnect_trial,2.0,20,162.76,164.76,2.0,2.0,165,2.52,2.56252,0.52,0.5625200000000001,165.28
s01-r0-disconnect_trial-2,1,0,disconnect_trial,2.0,21,171.08,173.08,2.0,2.0,173,2.52,2.56349,0.52,0.5634899999999998,173.60000000000002
s01-r0-disconnect_trial-2,1,0,disconnect_trial,2.0,22,178.72,180.72,2.0,2.0,181,2.52,2.56201,0.52,0.5620099999999999,181.24
s01-r0-disconnect_trial-2,1,0,disconnect_trial,2.0,23,186.88,188.88,2.0,2.0,189,2.52,2.55875,0.52,0.5587499999999999,189.4
s01-r0-disconnect_trial-2,1,0,disconnect_trial,2.0,24,194.68,196.68,2.0,2.0,197,2.52,2.56483,0.52,0.5648300000000002,197.20000000000002
s01-r0-disconnect_trial-2,1,0,disconnect_trial,2.0,25,202.52,204.52,2.0,2.0,205,2.52,2.55948,0.52,0.5594800000000002,205.04000000000002
s01-r0-disconnect_trial-2,1,0,disconnect_trial,2.0,26,210.92,212.92,2.0,2.0,213,2.52,2.55937,0.52,0.5593699999999999,213.44
s01-r0-disconnect_trial-2,1,0,disconnect_trial,2.0,27,218.96,220.96,2.0,2.0,221,2.52,2.55671,0.52,0.5567099999999998,221.48000000000002
s01-r0-disconnect_trial-2,1,0,disconnect_trial,2.0,28,226.84,228.84,2.0,2.0,229,2.52,2.5641,0.52,0.5640999999999998,229.36
s01-r0-disconnect_trial-2,1,0,disconnect_trial,2.0,29,234.96,236.96,2.0,2.0,237,2.52,2.55865,0.52,0.5586500000000001,237.48000000000002
s01-r0-disconnect_trial-2,1,0,disconnect_trial,2.0,30,243.24,245.24,2.0,2.0,245,2.52,2.56338,0.52,0.56338,245.76000000000002
s01-r0-disconnect_trial-2,1,0,disconnect_trial,2.0,31,251.68,253.68,2.0,2.0,254,2.52,2.56348,0.52,0.5634800000000002,254.20000000000002
s01-r0-disconnect_trial-2,1,0,disconnect_trial,2.0,32,260.04,262.04,2.0,2.0,262,2.52,2.55961,0.52,0.5596100000000002,262.56
s01-r0-disconnect_trial-2,1,0,disconnect_trial,2.0,33,268.4,270.4,2.0,2.0,270,2.52,2.55822,0.52,0.5582199999999999,270.91999999999996
s01-r0-disconnect_trial-2,1,0,disconnect_trial,2.0,34,276.56,278.56,2.0,2.0,279,2.52,2.56381,0.52,0.5638100000000001,279.08
s01-r0-disconnect_trial-2,1,0,disconnect_trial,2.0,35,284.84,286.84,2.0,2.0,287,2.52,2.5583,0.52,0.5583,287.35999999999996
s01-r0-disconnect_trial-2,1,0,disconnect_trial,2.0,36,292.92,294.92,2.0,2.0,295,2.52,2.56361,0.52,0.5636100000000002,295.44
s01-r0-disconnect_trial-2,1,0,disconnect_trial,2.0,37,300.8,302.8,2.0,2.0,303,2.52,2.56356,0.52,0.5635599999999998,303.32
s01-r0-disconnect_trial-2,1,0,disconnect_trial,2.0,38,308.64,310.64,2.0,2.0,311,2.52,2.55873,0.52,0.5587300000000002,311.15999999999997
s01-r0-disconnect_trial-2,1,0,disconnect_trial,2.0,39,316.36,318.36,2.0,2.0,318,2.52,2.56329,0.52,0.5632899999999998,318.88
s01-r0-disconnect_trial-2,1,0,disconnect_trial,2.0,40,324.68,326.68,2.0,2.0,327,2.52,2.56307,0.52,0.5630700000000002,327.2
s01-r0-disconnect_trial-2,1,0,disconnect_trial,2.0,41,332.6,334.6,2.0,2.0,335,2.52,2.55853,0.52,0.5585300000000002,335.12
s01-r0-disconnect_trial-2,1,0,disconnect_trial,2.0,42,340.56,342.56,2.0,2.0,343,2.52,2.55805,0.52,0.5580500000000002,343.08
s01-r0-disconnect_trial-2,1,0,disconnect_trial,2.0,43,349.0,351.0,2.0,2.0,351,2.52,2.55803,0.52,0.55803,351.52
s01-r0-disconnect_trial-2,1,0,disconnect_trial,2.0,44,356.64,358.64,2.0,2.0,359,2.52,2.55743,0.52,0.5574300000000001,359.15999999999997
s01-r0-disconnect_trial-2,1,0,disconnect_trial,2.0,45,364.36,366.36,2.0,2.0,366,2.52,2.56339,0.52,0.5633900000000001,366.88
s01-r0-disconnect_trial-2,1,0,disconnect_trial,2.0,46,372.8,374.8,2.0,2.0,375,2.52,2.55886,0.52,0.5588600000000001,375.32
s01-r0-disconnect_trial-2,1,0,disconnect_trial,2.0,47,381.04,383.04,2.0,2.0,383,2.52,2.56251,0.52,0.5625100000000001,383.56
s01-r1-disconnect-0.5,1,1,disconnect,0.5,0,20.72,21.24,0.5,0.5199999999999996,22,1.52,1.55633,1.0000000000000004,1.0363300000000004,22.24
s01-r1-disconnect-0.5,1,1,disconnect,0.5,1,149.0,149.48,0.5,0.47999999999998977,150,1.52,1.5643,1.0400000000000102,1.0843000000000103,150.52
s01-r1-disconnect-0.5,1,1,disconnect,0.5,2,249.12,249.6,0.5,0.47999999999998977,250,1.52,1.55948,1.0400000000000102,1.0794800000000102,250.64000000000001
s01-r1-disconnect-0.5,1,1,disconnect,0.5,3,325.16,325.64,0.5,0.47999999999996135,326,1.52,1.55896,1.0400000000000387,1.0789600000000386,326.68
s01-r1-disconnect-0.5,1,1,disconnect,0.5,4,337.6,338.12,0.5,0.5199999999999818,339,1.52,1.56052,1.0000000000000182,1.040520000000018,339.12
s01-r1-disconnect-1,1,1,disconnect,1.0,0,34.56,35.56,1.0,1.0,36,1.52,1.55968,0.52,0.55968,36.080000000000005
s01-r1-disconnect-1,1,1,disconnect,1.0,1,84.6,85.6,1.0,1.0,86,1.52,1.55925,0.52,0.55925,86.11999999999999
s01-r1-disconnect-1,1,1,disconnect,1.0,2,90.6,91.6,1.0,1.0,92,1.52,1.55914,0.52,0.55914,92.11999999999999
s01-r1-disconnect-1,1,1,disconnect,1.0,3,154.92,155.92,1.0,1.0,156,1.52,1.55992,0.52,0.55992,156.44
s01-r1-disconnect-1,1,1,disconnect,1.0,4,242.68,243.68,1.0,1.0,244,1.52,1.55985,0.52,0.55985,244.20000000000002
s01-r1-disconnect-3,1,1,disconnect,3.0,0,26.64,29.64,3.0,3.0,30,3.56,3.59988,0.56,0.5998800000000002,30.2
s01-r1-disconnect-3,1,1,disconnect,3.0,1,187.88,190.88,3.0,3.0,191,3.52,3.55779,0.52,0.5577899999999998,191.4
s01-r1-disconnect-3,1,1,disconnect,3.0,2,265.24,268.24,3.0,3.0,268,3.52,3.56294,0.52,0.5629400000000002,268.76
s01-r1-disconnect-3,1,1,disconnect,3.0,3,273.24,276.24,3.0,3.0,276,3.52,3.55705,0.52,0.5570499999999998,276.76
s01-r1-disconnect-3,1,1,disconnect,3.0,4,363.44,366.44,3.0,3.0,366,3.52,3.56408,0.52,0.5640800000000001,366.96
s01-r1-disconnect_trial-0.5,1,1,disconnect_trial,0.5,0,3.0,3.52,0.5,0.52,4,1.52,1.55945,1.0,1.03945,4.52
s01-r1-disconnect_trial-0.5,1,1,disconnect_trial,0.5,1,11.04,11.52,0.5,0.4800000000000004,12,1.52,1.55953,1.0399999999999996,1.0795299999999997,12.559999999999999
s01-r1-disconnect_trial-0.5,1,1,disconnect_trial,0.5,2,18.72,19.2,0.5,0.4800000000000004,20,1.52,1.5608,1.0399999999999996,1.0807999999999995,20.24
s01-r1-disconnect_trial-0.5,1,1,disconnect_trial,0.5,3,26.52,27.0,0.5,0.4800000000000004,28,1.52,1.55999,1.0399999999999996,1.0799899999999996,28.04
s01-r1-disconnect_trial-0.5,1,1,disconnect_trial,0.5,4,34.56,35.04,0.5,0.4799999999999969,36,1.52,1.56039,1.0400000000000031,1.080390000000003,36.080000000000005
s01-r1-disconnect_trial-0.5,1,1,disconnect_trial,0.5,5,43.0,43.48,0.5,0.4799999999999969,44,1.52,1.5602,1.0400000000000031,1.0802000000000032,44.52
s01-r1-disconnect_trial-0.5,1,1,disconnect_trial,0.5,6,50.64,51.16,0.5,0.519999999999996,52,1.52,1.55966,1.000000000000004,1.039660000000004,52.160000000000004
s01-r1-disconnect_trial-0.5,1,1,disconnect_trial,0.5,7,58.84,59.36,0.5,0.519999999999996,60,1.52,1.55927,1.000000000000004,1.039270000000004,60.36000000000001
s01-r1-disconnect_trial-0.5,1,1,disconnect_trial,0.5,8,66.56,67.08,0.5,0.519999999999996,68,1.52,1.56435,1.000000000000004,1.0443500000000039,68.08
s01-r1-disconnect_trial-0.5,1,1,disconnect_trial,0.5,9,74.56,75.08,0.5,0.519999999999996,76,1.52,1.55895,1.000000000000004,1.038950000000004,76.08
s01-r1-disconnect_trial-0.5,1,1,disconnect_trial,0.5,10,82.2,82.68,0.5,0.480000000000004,83,1.52,1.56007,1.039999999999996,1.080069999999996,83.72
s01-r1-disconnect_trial-0.5,1,1,disconnect_trial,0.5,11,89.76,90.28,0.5,0.519999999999996,91,1.52,1.56015,1.000000000000004,1.040150000000004,91.28
s01-r1-disconnect_trial-0.5,1,1,disconnect_trial,0.5,12,97.68,98.16,0.5,0.47999999999998977,99,1.52,1.55988,1.0400000000000102,1.0798800000000102,99.2
s01-r1-disconnect_trial-0.5,1,1,disconnect_trial,0.5,13,105.44,105.92,0.5,0.480000000000004,106,1.52,1.56002,1.039999999999996,1.080019999999996,106.96
s01-r1-disconnect_trial-0.5,1,1,disconnect_trial,0.5,14,113.32,113.8,0.5,0.480000000000004,114,1.52,1.55988,1.039999999999996,1.079879999999996,114.83999999999999
s01-r1-disconnect_trial-0.5,1,1,disconnect_trial,0.5,15,121.8,122.28,0.5,0.480000000000004,123,1.52,1.56054,1.039999999999996,1.080539999999996,123.32
s01-r1-disconnect_trial-0.5,1,1,disconnect_trial,0.5,16,129.8,130.32,0.5,0.5199999999999818,131,1.52,1.55924,1.0000000000000182,1.0392400000000181,131.32000000000002
s01-r1-disconnect_trial-0.5,1,1,disconnect_trial,0.5,17,138.08,138.6,0.5,0.5199999999999818,139,1.52,1.55962,1.0000000000000182,1.0396200000000182,139.60000000000002
s01-r1-disconnect_trial-0.5,1,1,disconnect_trial,0.5,18,146.24,146.72,0.5,0.47999999999998977,147,1.52,1.55987,1.0400000000000102,1.0798700000000103,147.76000000000002
s01-r1-disconnect_trial-0.5,1,1,disconnect_trial,0.5,19,154.48,155.0,0.5,0.5200000000000102,156,1.52,1.56023,0.9999999999999898,1.0402299999999898,156.0
s01-r1-disconnect_trial-0.5,1,1,disconnect_trial,0.5,20,162.76,163.28,0.5,0.5200000000000102,164,1.52,1.56069,0.9999999999999898,1.0406899999999897,164.28
s01-r1-disconnect_trial-0.5,1,1,disconnect_trial,0.5,21,171.08,171.6,0.5,0.5199999999999818,172,1.52,1.55941,1.0000000000000182,1.0394100000000182,172.60000000000002
s01-r1-disconnect_trial-0.5,1,1,disconnect_trial,0.5,22,178.72,179.24,0.5,0.5200000000000102,180,1.52,1.55579,0.9999999999999898,1.0357899999999898,180.24
s01-r1-disconnect_trial-0.5,1,1,disconnect_trial,0.5,23,186.88,187.36,0.5,0.4800000000000182,188,1.52,1.56031,1.0399999999999818,1.080309999999982,188.4
s01-r1-disconnect_trial-0.5,1,1,disconnect_trial,0.5,24,194.68,195.16,0.5,0.47999999999998977,196,1.52,1.55982,1.0400000000000102,1.0798200000000102,196.20000000000002
s01-r1-disconnect_trial-0.5,1,1,disconnect_trial,0.5,25,202.52,203.0,0.5,0.47999999999998977,204,1.52,1.56003,1.0400000000000102,1.0800300000000103,204.04000000000002
s01-r1-disconnect_trial-0.5,1,1,disconnect_trial,0.5,26,210.92,211.44,0.5,0.5200000000000102,212,1.52,1.56418,0.9999999999999898,1.0441799999999897,212.44
s01-r1-disconnect_trial-0.5,1,1,disconnect_trial,0.5,27,218.96,219.44,0.5,0.47999999999998977,220,1.52,1.55938,1.0400000000000102,1.0793800000000102,220.48000000000002
s01-r1-disconnect_trial-0.5,1,1,disconnect_trial,0.5,28,226.84,227.36,0.5,0.5200000000000102,228,1.52,1.5594,0.9999999999999898,1.0393999999999897,228.36
s01-r1-disconnect_trial-0.5,1,1,disconnect_trial,0.5,29,234.96,235.44,0.5,0.47999999999998977,236,1.52,1.56017,1.0400000000000102,1.0801700000000103,236.48000000000002
s01-r1-disconnect_trial-0.5,1,1,disconnect_trial,0.5,30,243.24,243.72,0.5,0.47999999999998977,244,1.52,1.55976,1.0400000000000102,1.0797600000000103,244.76000000000002
s01-r1-disconnect_trial-0.5,1,1,disconnect_trial,0.5,31,251.68,252.16,0.5,0.47999999999998977,253,1.52,1.56014,1.0400000000000102,1.0801400000000103,253.20000000000002
s01-r1-disconnect_trial-0.5,1,1,disconnect_trial,0.5,32,260.04,260.52,0.5,0.47999999999996135,261,1.52,1.56023,1.0400000000000387,1.0802300000000387,261.56
s01-r1-disconnect_trial-0.5,1,1,disconnect_trial,0.5,33,268.4,268.88,0.5,0.4800000000000182,269,1.52,1.55963,1.0399999999999818,1.0796299999999819,269.91999999999996
s01-r1-disconnect_trial-0.5,1,1,disconnect_trial,0.5,34,276.56,277.08,0.5,0.5199999999999818,278,1.52,1.56435,1.0000000000000182,1.044350000000018,278.08
s01-r1-disconnect_trial-0.5,1,1,disconnect_trial,0.5,35,284.84,285.32,0.5,0.4800000000000182,286,1.52,1.55941,1.0399999999999818,1.0794099999999818,286.35999999999996
s01-r1-disconnect_trial-0.5,1,1,disconnect_trial,0.5,36,292.92,293.4,0.5,0.47999999999996135,294,1.52,1.5605,1.0400000000000387,1.0805000000000387,294.44
s01-r1-disconnect_trial-0.5,1,1,disconnect_trial,0.5,37,300.8,301.28,0.5,0.47999999999996135,302,1.52,1.56037,1.0400000000000387,1.0803700000000387,302.32
s01-r1-disconnect_trial-0.5,1,1,disconnect_trial,0.5,38,308.64,309.16,0.5,0.5200000000000387,310,1.52,1.5599,0.9999999999999614,1.0398999999999614,310.15999999999997
s01-r1-disconnect_trial-0.5,1,1,disconnect_trial,0.5,39,316.36,316.84,0.5,0.47999999999996135,317,1.52,1.5591,1.0400000000000387,1.0791000000000386,317.88
s01-r1-disconnect_trial-0.5,1,1,disconnect_trial,0.5,40,324.68,325.16,0.5,0.4800000000000182,326,1.52,1.56089,1.0399999999999818,1.080889999999982,326.2
s01-r1-disconnect_trial-0.5,1,1,disconnect_trial,0.5,41,332.6,333.08,0.5,0.47999999999996135,334,1.52,1.55955,1.0400000000000387,1.0795500000000386,334.12
s01-r1-disconnect_trial-0.5,1,1,disconnect_trial,0.5,42,340.56,341.04,0.5,0.4800000000000182,342,1.52,1.56003,1.0399999999999818,1.0800299999999818,342.08
s01-r1-disconnect_trial-0.5,1,1,disconnect_trial,0.5,43,349.0,349.52,0.5,0.5199999999999818,350,1.52,1.56005,1.0000000000000182,1.0400500000000181,350.52
s01-r1-disconnect_trial-0.5,1,1,disconnect_trial,0.5,44,356.64,357.16,0.5,0.5200000000000387,358,1.52,1.5595,0.9999999999999614,1.0394999999999615,358.15999999999997
s01-r1-disconnect_trial-0.5,1,1,disconnect_trial,0.5,45,364.36,364.84,0.5,0.47999999999996135,365,1.52,1.56018,1.0400000000000387,1.0801800000000386,365.88
s01-r1-disconnect_trial-0.5,1,1,disconnect_trial,0.5,46,372.8,373.32,0.5,0.5199999999999818,374,1.52,1.55995,1.0000000000000182,1.0399500000000181,374.32
s01-r1-disconnect_trial-0.5,1,1,disconnect_trial,0.5,47,381.04,381.56,0.5,0.5199999999999818,382,1.52,1.55989,1.0000000000000182,1.0398900000000182,382.56
s01-r1-disconnect_trial-1,1,1,disconnect_trial,1.0,0,3.0,4.0,1.0,1.0,4,1.52,1.56015,0.52,0.5601499999999999,4.52
s01-r1-disconnect_trial-1,1,1,disconnect_trial,1.0,1,11.04,12.04,1.0,1.0,12,1.52,1.56031,0.52,0.5603100000000001,12.559999999999999
s01-r1-disconnect_trial-1,1,1,disconnect_trial,1.0,2,18.72,19.72,1.0,1.0,20,1.52,1.55628,0.52,0.5562800000000001,20.24
s01-r1-disconnect_trial-1,1,1,disconnect_trial,1.0,3,26.52,27.52,1.0,1.0,28,1.52,1.56053,0.52,0.56053,28.04
s01-r1-disconnect_trial-1,1,1,disconnect_trial,1.0,4,34.56,35.56,1.0,1.0,36,1.52,1.56045,0.52,0.5604499999999999,36.080000000000005
s01-r1-disconnect_trial-1,1,1,disconnect_trial,1.0,5,43.0,44.0,1.0,1.0,44,1.52,1.55976,0.52,0.55976,44.52
s01-r1-disconnect_trial-1,1,1,disconnect_trial,1.0,6,50.64,51.64,1.0,1.0,52,1.52,1.55924,0.52,0.55924,52.160000000000004
s01-r1-disconnect_trial-1,1,1,disconnect_trial,1.0,7,58.84,59.84,1.0,1.0,60,1.52,1.55897,0.52,0.55897,60.36000000000001
s01-r1-disconnect_trial-1,1,1,disconnect_trial,1.0,8,66.56,67.56,1.0,1.0,68,1.52,1.56006,0.52,0.56006,68.08
s01-r1-disconnect_trial-1,1,1,disconnect_trial,1.0,9,74.56,75.56,1.0,1.0,76,1.52,1.5603,0.52,0.5603,76.08
s01-r1-disconnect_trial-1,1,1,disconnect_trial,1.0,10,82.2,83.2,1.0,1.0,83,1.52,1.55997,0.52,0.5599700000000001,83.72
s01-r1-disconnect_trial-1,1,1,disconnect_trial,1.0,11,89.76,90.76,1.0,1.0,91,1.52,1.55944,0.52,0.5594399999999999,91.28
s01-r1-disconnect_trial-1,1,1,disconnect_trial,1.0,12,97.68,98.68,1.0,1.0,99,1.52,1.55944,0.52,0.5594399999999999,99.2
s01-r1-disconnect_trial-1,1,1,disconnect_trial,1.0,13,105.44,106.44,1.0,1.0,106,1.52,1.5596,0.52,0.5596000000000001,106.96
s01-r1-disconnect_trial-1,1,1,disconnect_trial,1.0,14,113.32,114.32,1.0,1.0,114,1.52,1.5597,0.52,0.5597000000000001,114.83999999999999
s01-r1-disconnect_trial-1,1,1,disconnect_trial,1.0,15,121.8,122.8,1.0,1.0,123,1.52,1.55873,0.52,0.55873,123.32
s01-r1-disconnect_trial-1,1,1,disconnect_trial,1.0,16,129.8,130.8,1.0,1.0,131,1.52,1.55975,0.52,0.55975,131.32000000000002
s01-r1-disconnect_trial-1,1,1,disconnect_trial,1.0,17,138.08,139.08,1.0,1.0,139,1.52,1.55941,0.52,0.55941,139.60000000000002
s01-r1-disconnect_trial-1,1,1,disconnect_trial,1.0,18,146.24,147.24,1.0,1.0,147,1.52,1.55963,0.52,0.5596300000000001,147.76000000000002
s01-r1-disconnect_trial-1,1,1,disconnect_trial,1.0,19,154.48,155.48,1.0,1.0,156,1.52,1.5597,0.52,0.5597000000000001,156.0
s01-r1-disconnect_trial-1,1,1,disconnect_trial,1.0,20,162.76,163.76,1.0,1.0,164,1.52,1.55939,0.52,0.55939,164.28
s01-r1-disconnect_trial-1,1,1,disconnect_trial,1.0,21,171.08,172.08,1.0,1.0,172,1.52,1.55878,0.52,0.55878,172.60000000000002
s01-r1-disconnect_trial-1,1,1,disconnect_trial,1.0,22,178.72,179.72,1.0,1.0,180,1.52,1.56073,0.52,0.56073,180.24
s01-r1-disconnect_trial-1,1,1,disconnect_trial,1.0,23,186.88,187.88,1.0,1.0,188,1.52,1.56004,0.52,0.5600400000000001,188.4
s01-r1-disconnect_trial-1,1,1,disconnect_trial,1.0,24,194.68,195.68,1.0,1.0,196,1.52,1.56458,0.52,0.5645800000000001,196.20000000000002
s01-r1-disconnect_trial-1,1,1,disconnect_trial,1.0,25,202.52,203.52,1.0,1.0,204,1.52,1.55827,0.52,0.55827,204.04000000000002
s01-r1-disconnect_trial-1,1,1,disconnect_trial,1.0,26,210.92,211.92,1.0,1.0,212,1.52,1.55958,0.52,0.55958,212.44
s01-r1-disconnect_trial-1,1,1,disconnect_trial,1.0,27,218.96,219.96,1.0,1.0,220,1.52,1.55925,0.52,0.55925,220.48000000000002
s01-r1-disconnect_trial-1,1,1,disconnect_trial,1.0,28,226.84,227.84,1.0,1.0,228,1.52,1.55972,0.52,0.55972,228.36
s01-r1-disconnect_trial-1,1,1,disconnect_trial,1.0,29,234.96,235.96,1.0,1.0,236,1.52,1.56397,0.52,0.5639700000000001,236.48000000000002
s01-r1-disconnect_trial-1,1,1,disconnect_trial,1.0,30,243.24,244.24,1.0,1.0,244,1.52,1.55909,0.52,0.5590900000000001,244.76000000000002
s01-r1-disconnect_trial-1,1,1,disconnect_trial,1.0,31,251.68,252.68,1.0,1.0,253,1.52,1.55922,0.52,0.55922,253.20000000000002
s01-r1-disconnect_trial-1,1,1,disconnect_trial,1.0,32,260.04,261.04,1.0,1.0,261,1.52,1.56428,0.52,0.5642799999999999,261.56
s01-r1-disconnect_trial-1,1,1,disconnect_trial,1.0,33,268.4,269.4,1.0,1.0,269,1.52,1.56026,0.52,0.56026,269.91999999999996
s01-r1-disconnect_trial-1,1,1,disconnect_trial,1.0,34,276.56,277.56,1.0,1.0,278,1.52,1.5598,0.52,0.5598000000000001,278.08
s01-r1-disconnect_trial-1,1,1,disconnect_trial,1.0,35,284.84,285.84,1.0,1.0,286,1.52,1.55936,0.52,0.5593600000000001,286.35999999999996
s01-r1-disconnect_trial-1,1,1,disconnect_trial,1.0,36,292.92,293.92,1.0,1.0,294,1.52,1.56407,0.52,0.5640700000000001,294.44
s01-r1-disconnect_trial-1,1,1,disconnect_trial,1.0,37,300.8,301.8,1.0,1.0,302,1.52,1.55971,0.52,0.5597099999999999,302.32
s01-r1-disconnect_trial-1,1,1,disconnect_trial,1.0,38,308.64,309.64,1.0,1.0,310,1.52,1.55966,0.52,0.55966,310.15999999999997
s01-r1-disconnect_trial-1,1,1,disconnect_trial,1.0,39,316.36,317.36,1.0,1.0,317,1.52,1.55799,0.52,0.55799,317.88
s01-r1-disconnect_trial-1,1,1,disconnect_trial,1.0,40,324.68,325.68,1.0,1.0,326,1.52,1.55905,0.52,0.55905,326.2
s01-r1-disconnect_trial-1,1,1,disconnect_trial,1.0,41,332.6,333.6,1.0,1.0,334,1.52,1.55868,0.52,0.5586800000000001,334.12
s01-r1-disconnect_trial-1,1,1,disconnect_trial,1.0,42,340.56,341.56,1.0,1.0,342,1.52,1.55991,0.52,0.5599099999999999,342.08
s01-r1-disconnect_trial-1,1,1,disconnect_trial,1.0,43,349.0,350.0,1.0,1.0,350,1.52,1.55979,0.52,0.55979,350.52
s01-r1-disconnect_trial-1,1,1,disconnect_trial,1.0,44,356.64,357.64,1.0,1.0,358,1.52,1.56374,0.52,0.5637399999999999,358.15999999999997
s01-r1-disconnect_trial-1,1,1,disconnect_trial,1.0,45,364.36,365.36,1.0,1.0,365,1.52,1.55939,0.52,0.55939,365.88
s01-r1-disconnect_trial-1,1,1,disconnect_trial,1.0,46,372.8,373.8,1.0,1.0,374,1.52,1.55945,0.52,0.55945,374.32
s01-r1-disconnect_trial-1,1,1,disconnect_trial,1.0,47,381.04,382.04,1.0,1.0,382,1.52,1.5604,0.52,0.5604,382.56
s01-r1-disconnect_trial-2,1,1,disconnect_trial,2.0,0,3.0,5.0,2.0,2.0,5,2.52,2.56377,0.52,0.5637699999999999,5.52
s01-r1-disconnect_trial-2,1,1,disconnect_trial,2.0,1,11.04,13.04,2.0,2.0,13,2.52,2.56379,0.52,0.56379,13.559999999999999
s01-r1-disconnect_trial-2,1,1,disconnect_trial,2.0,2,18.72,20.72,2.0,2.0,21,2.52,2.55984,0.52,0.5598399999999999,21.24
s01-r1-disconnect_trial-2,1,1,disconnect_trial,2.0,3,26.52,28.52,2.0,2.0,29,2.52,2.56005,0.52,0.5600499999999999,29.04
s01-r1-disconnect_trial-2,1,1,disconnect_trial,2.0,4,34.56,36.56,2.0,2.0,37,2.52,2.55893,0.52,0.5589300000000001,37.080000000000005
s01-r1-disconnect_trial-2,1,1,disconnect_trial,2.0,5,43.0,45.0,2.0,2.0,45,2.52,2.55797,0.52,0.5579700000000001,45.52
s01-r1-disconnect_trial-2,1,1,disconnect_trial,2.0,6,50.64,52.64,2.0,2.0,53,2.52,2.55881,0.52,0.5588099999999998,53.160000000000004
s01-r1-disconnect_trial-2,1,1,disconnect_trial,2.0,7,58.84,60.84,2.0,2.0,61,2.52,2.55801,0.52,0.5580099999999999,61.36000000000001
s01-r1-disconnect_trial-2,1,1,disconnect_trial,2.0,8,66.56,68.56,2.0,2.0,69,2.52,2.55871,0.52,0.55871,69.08
s01-r1-disconnect_trial-2,1,1,disconnect_trial,2.0,9,74.56,76.56,2.0,2.0,77,2.52,2.56219,0.52,0.5621900000000002,77.08
s01-r1-disconnect_trial-2,1,1,disconnect_trial,2.0,10,82.2,84.2,2.0,2.0,84,2.52,2.55801,0.52,0.5580099999999999,84.72
s01-r1-disconnect_trial-2,1,1,disconnect_trial,2.0,11,89.76,91.76,2.0,2.0,92,2.52,2.56268,0.52,0.5626799999999998,92.28
s01-r1-disconnect_trial-2,1,1,disconnect_trial,2.0,12,97.68,99.68,2.0,2.0,100,2.52,2.5592,0.52,0.5592000000000001,100.2
s01-r1-disconnect_trial-2,1,1,disconnect_trial,2.0,13,105.44,107.44,2.0,2.0,107,2.52,2.55876,0.52,0.5587599999999999,107.96
s01-r1-disconnect_trial-2,1,1,disconnect_trial,2.0,14,113.32,115.32,2.0,2.0,115,2.52,2.55809,0.52,0.55809,115.83999999999999
s01-r1-disconnect_trial-2,1,1,disconnect_trial,2.0,15,121.8,123.8,2.0,2.0,124,2.52,2.55717,0.52,0.5571700000000002,124.32
s01-r1-disconnect_trial-2,1,1,disconnect_trial,2.0,16,129.8,131.8,2.0,2.0,132,2.52,2.55838,0.52,0.5583800000000001,132.32000000000002
s01-r1-disconnect_trial-2,1,1,disconnect_trial,2.0,17,138.08,140.08,2.0,2.0,140,2.52,2.55776,0.52,0.55776,140.60000000000002
s01-r1-disconnect_trial-2,1,1,disconnect_trial,2.0,18,146.24,148.24,2.0,2.0,148,2.52,2.5633,0.52,0.5632999999999999,148.76000000000002
s01-r1-disconnect_trial-2,1,1,disconnect_trial,2.0,19,154.48,156.48,2.0,2.0,157,2.52,2.55952,0.52,0.55952,157.0
s01-r1-disconnect_trial-2,1,1,disconnect_trial,2.0,20,162.76,164.76,2.0,2.0,165,2.52,2.55785,0.52,0.5578500000000002,165.28
s01-r1-disconnect_trial-2,1,1,disconnect_trial,2.0,21,171.08,173.08,2.0,2.0,173,2.52,2.55774,0.52,0.5577399999999999,173.60000000000002
s01-r1-disconnect_trial-2,1,1,disconnect_trial,2.0,22,178.72,180.72,2.0,2.0,181,2.52,2.55775,0.52,0.55775,181.24
s01-r1-disconnect_trial-2,1,1,disconnect_trial,2.0,23,186.88,188.88,2.0,2.0,189,2.52,2.558,0.52,0.5579999999999998,189.4
s01-r1-disconnect_trial-2,1,1,disconnect_trial,2.0,24,194.68,196.68,2.0,2.0,197,2.52,2.558,0.52,0.5579999999999998,197.20000000000002
s01-r1-disconnect_trial-2,1,1,disconnect_trial,2.0,25,202.52,204.52,2.0,2.0,205,2.52,2.56249,0.52,0.5624899999999999,205.04000000000002
s01-r1-disconnect_trial-2,1,1,disconnect_trial,2.0,26,210.92,212.92,2.0,2.0,213,2.52,2.56309,0.52,0.5630899999999999,213.44
s01-r1-disconnect_trial-2,1,1,disconnect_trial,2.0,27,218.96,220.96,2.0,2.0,221,2.52,2.55931,0.52,0.55931,221.48000000000002
s01-r1-disconnect_trial-2,1,1,disconnect_trial,2.0,28,226.84,228.84,2.0,2.0,229,2.52,2.55803,0.52,0.55803,229.36
s01-r1-disconnect_trial-2,1,1,disconnect_trial,2.0,29,234.96,236.96,2.0,2.0,237,2.52,2.56297,0.52,0.56297,237.48000000000002
s01-r1-disconnect_trial-2,1,1,disconnect_trial,2.0,30,243.24,245.24,2.0,2.0,245,2.52,2.55837,0.52,0.55837,245.76000000000002
s01-r1-disconnect_trial-2,1,1,disconnect_trial,2.0,31,251.68,253.68,2.0,2.0,254,2.52,2.55889,0.52,0.5588899999999999,254.20000000000002
s01-r1-disconnect_trial-2,1,1,disconnect_trial,2.0,32,260.04,262.04,2.0,2.0,262,2.52,2.55735,0.52,0.55735,262.56
s01-r1-disconnect_trial-2,1,1,disconnect_trial,2.0,33,268.4,270.4,2.0,2.0,270,2.52,2.55903,0.52,0.5590299999999999,270.91999999999996
s01-r1-disconnect_trial-2,1,1,disconnect_trial,2.0,34,276.56,278.56,2.0,2.0,279,2.52,2.56213,0.52,0.5621299999999998,279.08
s01-r1-disconnect_trial-2,1,1,disconnect_trial,2.0,35,284.84,286.84,2.0,2.0,287,2.52,2.56381,0.52,0.5638100000000001,287.35999999999996
s01-r1-disconnect_trial-2,1,1,disconnect_trial,2.0,36,292.92,294.92,2.0,2.0,295,2.52,2.55911,0.52,0.55911,295.44
s01-r1-disconnect_trial-2,1,1,disconnect_trial,2.0,37,300.8,302.8,2.0,2.0,303,2.52,2.56351,0.52,0.56351,303.32
s01-r1-disconnect_trial-2,1,1,disconnect_trial,2.0,38,308.64,310.64,2.0,2.0,311,2.52,2.56326,0.52,0.5632600000000001,311.15999999999997
s01-r1-disconnect_trial-2,1,1,disconnect_trial,2.0,39,316.36,318.36,2.0,2.0,318,2.52,2.5623,0.52,0.5623,318.88
s01-r1-disconnect_trial-2,1,1,disconnect_trial,2.0,40,324.68,326.68,2.0,2.0,327,2.52,2.56369,0.52,0.5636899999999998,327.2
s01-r1-disconnect_trial-2,1,1,disconnect_trial,2.0,41,332.6,334.6,2.0,2.0,335,2.52,2.55989,0.52,0.5598900000000002,335.12
s01-r1-disconnect_trial-2,1,1,disconnect_trial,2.0,42,340.56,342.56,2.0,2.0,343,2.52,2.56332,0.52,0.56332,343.08
s01-r1-disconnect_trial-2,1,1,disconnect_trial,2.0,43,349.0,351.0,2.0,2.0,351,2.52,2.56297,0.52,0.56297,351.52
s01-r1-disconnect_trial-2,1,1,disconnect_trial,2.0,44,356.64,358.64,2.0,2.0,359,2.52,2.55805,0.52,0.5580500000000002,359.15999999999997
s01-r1-disconnect_trial-2,1,1,disconnect_trial,2.0,45,364.36,366.36,2.0,2.0,366,2.52,2.55676,0.52,0.5567600000000001,366.88
s01-r1-disconnect_trial-2,1,1,disconnect_trial,2.0,46,372.8,374.8,2.0,2.0,375,2.52,2.56389,0.52,0.5638899999999998,375.32
s01-r1-disconnect_trial-2,1,1,disconnect_trial,2.0,47,381.04,383.04,2.0,2.0,383,2.52,2.55918,0.52,0.55918,383.56
s01-r2-disconnect-0.5,1,2,disconnect,0.5,0,93.2,93.72,0.5,0.519999999999996,94,1.52,1.56442,1.000000000000004,1.044420000000004,94.72
s01-r2-disconnect-0.5,1,2,disconnect,0.5,1,98.88,99.36,0.5,0.480000000000004,100,1.52,1.55984,1.039999999999996,1.079839999999996,100.39999999999999
s01-r2-disconnect-0.5,1,2,disconnect,0.5,2,140.16,140.64,0.5,0.47999999999998977,141,1.52,1.55946,1.0400000000000102,1.0794600000000103,141.68
s01-r2-disconnect-0.5,1,2,disconnect,0.5,3,211.76,212.28,0.5,0.5200000000000102,213,1.52,1.55946,0.9999999999999898,1.0394599999999898,213.28
s01-r2-disconnect-0.5,1,2,disconnect,0.5,4,327.64,328.12,0.5,0.4800000000000182,329,1.52,1.5584,1.0399999999999818,1.0783999999999818,329.15999999999997
s01-r2-disconnect-1,1,2,disconnect,1.0,0,16.76,17.76,1.0,1.0,18,1.52,1.56493,0.52,0.5649299999999999,18.28
s01-r2-disconnect-1,1,2,disconnect,1.0,1,63.52,64.52,0.9999999999999929,0.9999999999999929,65,1.52,1.55915,0.5200000000000071,0.5591500000000071,65.04
s01-r2-disconnect-1,1,2,disconnect,1.0,2,85.72,86.72,1.0,1.0,87,1.52,1.5598,0.52,0.5598000000000001,87.24
s01-r2-disconnect-1,1,2,disconnect,1.0,3,224.36,225.36,1.0,1.0,225,1.52,1.55951,0.52,0.55951,225.88000000000002
s01-r2-disconnect-1,1,2,disconnect,1.0,4,305.72,306.72,1.0,1.0,307,1.52,1.56418,0.52,0.5641799999999999,307.24
s01-r2-disconnect-3,1,2,disconnect,3.0,0,60.88,63.88,3.0,3.0,64,3.56,3.60358,0.56,0.60358,64.44
s01-r2-disconnect-3,1,2,disconnect,3.0,1,71.24,74.24,3.0,3.0,74,3.52,3.55689,0.52,0.5568900000000001,74.75999999999999
s01-r2-disconnect-3,1,2,disconnect,3.0,2,135.6,138.6,3.0,3.0,139,3.52,3.55642,0.52,0.5564200000000001,139.12
s01-r2-disconnect-3,1,2,disconnect,3.0,3,217.16,220.16,3.0,3.0,220,3.52,3.56142,0.52,0.56142,220.68
s01-r2-disconnect-3,1,2,disconnect,3.0,4,267.88,270.88,3.0,3.0,271,3.52,3.55686,0.52,0.5568599999999999,271.4
s01-r2-disconnect_trial-0.5,1,2,disconnect_trial,0.5,0,3.0,3.52,0.5,0.52,4,1.52,1.55943,1.0,1.03943,4.52
s01-r2-disconnect_trial-0.5,1,2,disconnect_trial,0.5,1,11.04,11.52,0.5,0.4800000000000004,12,1.52,1.55949,1.0399999999999996,1.0794899999999996,12.559999999999999
s01-r2-disconnect_trial-0.5,1,2,disconnect_trial,0.5,2,18.72,19.2,0.5,0.4800000000000004,20,1.52,1.56439,1.0399999999999996,1.0843899999999995,20.24
s01-r2-disconnect_trial-0.5,1,2,disconnect_trial,0.5,3,26.52,27.0,0.5,0.4800000000000004,28,1.52,1.55913,1.0399999999999996,1.0791299999999995,28.04
s01-r2-disconnect_trial-0.5,1,2,disconnect_trial,0.5,4,34.56,35.04,0.5,0.4799999999999969,36,1.52,1.56037,1.0400000000000031,1.0803700000000032,36.080000000000005
s01-r2-disconnect_trial-0.5,1,2,disconnect_trial,0.5,5,43.0,43.48,0.5,0.4799999999999969,44,1.52,1.55927,1.0400000000000031,1.079270000000003,44.52
s01-r2-disconnect_trial-0.5,1,2,disconnect_trial,0.5,6,50.64,51.16,0.5,0.519999999999996,52,1.52,1.55982,1.000000000000004,1.039820000000004,52.160000000000004
s01-r2-disconnect_trial-0.5,1,2,disconnect_trial,0.5,7,58.84,59.36,0.5,0.519999999999996,60,1.52,1.5599,1.000000000000004,1.039900000000004,60.36000000000001
s01-r2-disconnect_trial-0.5,1,2,disconnect_trial,0.5,8,66.56,67.08,0.5,0.519999999999996,68,1.52,1.55982,1.000000000000004,1.039820000000004,68.08
s01-r2-disconnect_trial-0.5,1,2,disconnect_trial,0.5,9,74.56,75.08,0.5,0.519999999999996,76,1.52,1.55821,1.000000000000004,1.038210000000004,76.08
s01-r2-disconnect_trial-0.5,1,2,disconnect_trial,0.5,10,82.2,82.68,0.5,0.480000000000004,83,1.52,1.55912,1.039999999999996,1.079119999999996,83.72
s01-r2-disconnect_trial-0.5,1,2,disconnect_trial,0.5,11,89.76,90.28,0.5,0.519999999999996,91,1.52,1.55961,1.000000000000004,1.039610000000004,91.28
s01-r2-disconnect_trial-0.5,1,2,disconnect_trial,0.5,12,97.68,98.16,0.5,0.47999999999998977,99,1.52,1.56018,1.0400000000000102,1.0801800000000101,99.2
s01-r2-disconnect_trial-0.5,1,2,disconnect_trial,0.5,13,105.44,105.92,0.5,0.480000000000004,106,1.52,1.56424,1.039999999999996,1.084239999999996,106.96
s01-r2-disconnect_trial-0.5,1,2,disconnect_trial,0.5,14,113.32,113.8,0.5,0.480000000000004,114,1.52,1.55925,1.039999999999996,1.079249999999996,114.83999999999999
s01-r2-disconnect_trial-0.5,1,2,disconnect_trial,0.5,15,121.8,122.28,0.5,0.480000000000004,123,1.52,1.55981,1.039999999999996,1.079809999999996,123.32
s01-r2-disconnect_trial-0.5,1,2,disconnect_trial,0.5,16,129.8,130.32,0.5,0.5199999999999818,131,1.52,1.55934,1.0000000000000182,1.0393400000000181,131.32000000000002
s01-r2-disconnect_trial-0.5,1,2,disconnect_trial,0.5,17,138.08,138.6,0.5,0.5199999999999818,139,1.52,1.56028,1.0000000000000182,1.040280000000018,139.60000000000002
s01-r2-disconnect_trial-0.5,1,2,disconnect_trial,0.5,18,146.24,146.72,0.5,0.47999999999998977,147,1.52,1.55972,1.0400000000000102,1.0797200000000102,147.76000000000002
s01-r2-disconnect_trial-0.5,1,2,disconnect_trial,0.5,19,154.48,155.0,0.5,0.5200000000000102,156,1.52,1.56398,0.9999999999999898,1.0439799999999897,156.0
s01-r2-disconnect_trial-0.5,1,2,disconnect_trial,0.5,20,162.76,163.28,0.5,0.5200000000000102,164,1.52,1.55867,0.9999999999999898,1.0386699999999898,164.28
s01-r2-disconnect_trial-0.5,1,2,disconnect_trial,0.5,21,171.08,171.6,0.5,0.5199999999999818,172,1.52,1.55904,1.0000000000000182,1.0390400000000182,172.60000000000002
s01-r2-disconnect_trial-0.5,1,2,disconnect_trial,0.5,22,178.72,179.24,0.5,0.5200000000000102,180,1.52,1.55944,0.9999999999999898,1.0394399999999897,180.24
s01-r2-disconnect_trial-0.5,1,2,disconnect_trial,0.5,23,186.88,187.36,0.5,0.4800000000000182,188,1.52,1.55916,1.0399999999999818,1.079159999999982,188.4
s01-r2-disconnect_trial-0.5,1,2,disconnect_trial,0.5,24,194.68,195.16,0.5,0.47999999999998977,196,1.52,1.55831,1.0400000000000102,1.0783100000000103,196.20000000000002
s01-r2-disconnect_trial-0.5,1,2,disconnect_trial,0.5,25,202.52,203.0,0.5,0.47999999999998977,204,1.52,1.55937,1.0400000000000102,1.0793700000000102,204.04000000000002
s01-r2-disconnect_trial-0.5,1,2,disconnect_trial,0.5,26,210.92,211.44,0.5,0.5200000000000102,212,1.52,1.55886,0.9999999999999898,1.0388599999999897,212.44
s01-r2-disconnect_trial-0.5,1,2,disconnect_trial,0.5,27,218.96,219.44,0.5,0.47999999999998977,220,1.52,1.56417,1.0400000000000102,1.0841700000000103,220.48000000000002
s01-r2-disconnect_trial-0.5,1,2,disconnect_trial,0.5,28,226.84,227.36,0.5,0.5200000000000102,228,1.52,1.5595,0.9999999999999898,1.0394999999999899,228.36
s01-r2-disconnect_trial-0.5,1,2,disconnect_trial,0.5,29,234.96,235.44,0.5,0.47999999999998977,236,1.52,1.55986,1.0400000000000102,1.0798600000000103,236.48000000000002
s01-r2-disconnect_trial-0.5,1,2,disconnect_trial,0.5,30,243.24,243.72,0.5,0.47999999999998977,244,1.52,1.56012,1.0400000000000102,1.0801200000000102,244.76000000000002
s01-r2-disconnect_trial-0.5,1,2,disconnect_trial,0.5,31,251.68,252.16,0.5,0.47999999999998977,253,1.52,1.55866,1.0400000000000102,1.0786600000000102,253.20000000000002
s01-r2-disconnect_trial-0.5,1,2,disconnect_trial,0.5,32,260.04,260.52,0.5,0.47999999999996135,261,1.52,1.55884,1.0400000000000387,1.0788400000000387,261.56
s01-r2-disconnect_trial-0.5,1,2,disconnect_trial,0.5,33,268.4,268.88,0.5,0.4800000000000182,269,1.52,1.55953,1.0399999999999818,1.079529999999982,269.91999999999996
s01-r2-disconnect_trial-0.5,1,2,disconnect_trial,0.5,34,276.56,277.08,0.5,0.5199999999999818,278,1.52,1.55989,1.0000000000000182,1.0398900000000182,278.08
s01-r2-disconnect_trial-0.5,1,2,disconnect_trial,0.5,35,284.84,285.32,0.5,0.4800000000000182,286,1.52,1.56012,1.0399999999999818,1.0801199999999818,286.35999999999996
s01-r2-disconnect_trial-0.5,1,2,disconnect_trial,0.5,36,292.92,293.4,0.5,0.47999999999996135,294,1.52,1.56031,1.0400000000000387,1.0803100000000387,294.44
s01-r2-disconnect_trial-0.5,1,2,disconnect_trial,0.5,37,300.8,301.28,0.5,0.47999999999996135,302,1.52,1.55971,1.0400000000000387,1.0797100000000386,302.32
s01-r2-disconnect_trial-0.5,1,2,disconnect_trial,0.5,38,308.64,309.16,0.5,0.5200000000000387,310,1.52,1.55971,0.9999999999999614,1.0397099999999613,310.15999999999997
s01-r2-disconnect_trial-0.5,1,2,disconnect_trial,0.5,39,316.36,316.84,0.5,0.47999999999996135,317,1.52,1.55861,1.0400000000000387,1.0786100000000387,317.88
s01-r2-disconnect_trial-0.5,1,2,disconnect_trial,0.5,40,324.68,325.16,0.5,0.4800000000000182,326,1.52,1.56458,1.0399999999999818,1.084579999999982,326.2
s01-r2-disconnect_trial-0.5,1,2,disconnect_trial,0.5,41,332.6,333.08,0.5,0.47999999999996135,334,1.52,1.56053,1.0400000000000387,1.0805300000000386,334.12
s01-r2-disconnect_trial-0.5,1,2,disconnect_trial,0.5,42,340.56,341.04,0.5,0.4800000000000182,342,1.52,1.55953,1.0399999999999818,1.079529999999982,342.08
s01-r2-disconnect_trial-0.5,1,2,disconnect_trial,0.5,43,349.0,349.52,0.5,0.5199999999999818,350,1.52,1.55938,1.0000000000000182,1.0393800000000182,350.52
s01-r2-disconnect_trial-0.5,1,2,disconnect_trial,0.5,44,356.64,357.16,0.5,0.5200000000000387,358,1.52,1.5597,0.9999999999999614,1.0396999999999614,358.15999999999997
s01-r2-disconnect_trial-0.5,1,2,disconnect_trial,0.5,45,364.36,364.84,0.5,0.47999999999996135,365,1.52,1.55922,1.0400000000000387,1.0792200000000387,365.88
s01-r2-disconnect_trial-0.5,1,2,disconnect_trial,0.5,46,372.8,373.32,0.5,0.5199999999999818,374,1.52,1.56,1.0000000000000182,1.0400000000000182,374.32
s01-r2-disconnect_trial-0.5,1,2,disconnect_trial,0.5,47,381.04,381.56,0.5,0.5199999999999818,382,1.52,1.55926,1.0000000000000182,1.0392600000000183,382.56
s01-r2-disconnect_trial-1,1,2,disconnect_trial,1.0,0,3.0,4.0,1.0,1.0,4,1.52,1.55928,0.52,0.55928,4.52
s01-r2-disconnect_trial-1,1,2,disconnect_trial,1.0,1,11.04,12.04,1.0,1.0,12,1.52,1.55986,0.52,0.55986,12.559999999999999
s01-r2-disconnect_trial-1,1,2,disconnect_trial,1.0,2,18.72,19.72,1.0,1.0,20,1.52,1.55989,0.52,0.55989,20.24
s01-r2-disconnect_trial-1,1,2,disconnect_trial,1.0,3,26.52,27.52,1.0,1.0,28,1.52,1.55973,0.52,0.5597300000000001,28.04
s01-r2-disconnect_trial-1,1,2,disconnect_trial,1.0,4,34.56,35.56,1.0,1.0,36,1.52,1.55984,0.52,0.5598399999999999,36.080000000000005
s01-r2-disconnect_trial-1,1,2,disconnect_trial,1.0,5,43.0,44.0,1.0,1.0,44,1.52,1.55974,0.52,0.5597399999999999,44.52
s01-r2-disconnect_trial-1,1,2,disconnect_trial,1.0,6,50.64,51.64,1.0,1.0,52,1.52,1.55902,0.52,0.5590200000000001,52.160000000000004
s01-r2-disconnect_trial-1,1,2,disconnect_trial,1.0,7,58.84,59.84,1.0,1.0,60,1.52,1.56484,0.52,0.56484,60.36000000000001
s01-r2-disconnect_trial-1,1,2,disconnect_trial,1.0,8,66.56,67.56,1.0,1.0,68,1.52,1.55996,0.52,0.55996,68.08
s01-r2-disconnect_trial-1,1,2,disconnect_trial,1.0,9,74.56,75.56,1.0,1.0,76,1.52,1.55887,0.52,0.55887,76.08
s01-r2-disconnect_trial-1,1,2,disconnect_trial,1.0,10,82.2,83.2,1.0,1.0,83,1.52,1.56345,0.52,0.56345,83.72
s01-r2-disconnect_trial-1,1,2,disconnect_trial,1.0,11,89.76,90.76,1.0,1.0,91,1.52,1.56469,0.52,0.5646899999999999,91.28
s01-r2-disconnect_trial-1,1,2,disconnect_trial,1.0,12,97.68,98.68,1.0,1.0,99,1.52,1.55985,0.52,0.55985,99.2
s01-r2-disconnect_trial-1,1,2,disconnect_trial,1.0,13,105.44,106.44,1.0,1.0,106,1.52,1.55949,0.52,0.55949,106.96
s01-r2-disconnect_trial-1,1,2,disconnect_trial,1.0,14,113.32,114.32,1.0,1.0,114,1.52,1.55898,0.52,0.55898,114.83999999999999
s01-r2-disconnect_trial-1,1,2,disconnect_trial,1.0,15,121.8,122.8,1.0,1.0,123,1.52,1.55939,0.52,0.55939,123.32
s01-r2-disconnect_trial-1,1,2,disconnect_trial,1.0,16,129.8,130.8,1.0,1.0,131,1.52,1.55982,0.52,0.55982,131.32000000000002
s01-r2-disconnect_trial-1,1,2,disconnect_trial,1.0,17,138.08,139.08,1.0,1.0,139,1.52,1.55949,0.52,0.55949,139.60000000000002
s01-r2-disconnect_trial-1,1,2,disconnect_trial,1.0,18,146.24,147.24,1.0,1.0,147,1.52,1.55978,0.52,0.5597799999999999,147.76000000000002
s01-r2-disconnect_trial-1,1,2,disconnect_trial,1.0,19,154.48,155.48,1.0,1.0,156,1.52,1.55937,0.52,0.5593699999999999,156.0
s01-r2-disconnect_trial-1,1,2,disconnect_trial,1.0,20,162.76,163.76,1.0,1.0,164,1.52,1.55968,0.52,0.55968,164.28
s01-r2-disconnect_trial-1,1,2,disconnect_trial,1.0,21,171.08,172.08,1.0,1.0,172,1.52,1.55888,0.52,0.55888,172.60000000000002
s01-r2-disconnect_trial-1,1,2,disconnect_trial,1.0,22,178.72,179.72,1.0,1.0,180,1.52,1.55535,0.52,0.55535,180.24
s01-r2-disconnect_trial-1,1,2,disconnect_trial,1.0,23,186.88,187.88,1.0,1.0,188,1.52,1.55992,0.52,0.55992,188.4
s01-r2-disconnect_trial-1,1,2,disconnect_trial,1.0,24,194.68,195.68,1.0,1.0,196,1.52,1.55988,0.52,0.5598799999999999,196.20000000000002
s01-r2-disconnect_trial-1,1,2,disconnect_trial,1.0,25,202.52,203.52,1.0,1.0,204,1.52,1.55896,0.52,0.5589599999999999,204.04000000000002
s01-r2-disconnect_trial-1,1,2,disconnect_trial,1.0,26,210.92,211.92,1.0,1.0,212,1.52,1.55965,0.52,0.55965,212.44
s01-r2-disconnect_trial-1,1,2,disconnect_trial,1.0,27,218.96,219.96,1.0,1.0,220,1.52,1.56406,0.52,0.56406,220.48000000000002
s01-r2-disconnect_trial-1,1,2,disconnect_trial,1.0,28,226.84,227.84,1.0,1.0,228,1.52,1.55875,0.52,0.5587500000000001,228.36
s01-r2-disconnect_trial-1,1,2,disconnect_trial,1.0,29,234.96,235.96,1.0,1.0,236,1.52,1.5606,0.52,0.5606,236.48000000000002
s01-r2-disconnect_trial-1,1,2,disconnect_trial,1.0,30,243.24,244.24,1.0,1.0,244,1.52,1.55945,0.52,0.55945,244.76000000000002
s01-r2-disconnect_trial-1,1,2,disconnect_trial,1.0,31,251.68,252.68,1.0,1.0,253,1.52,1.55915,0.52,0.55915,253.20000000000002
s01-r2-disconnect_trial-1,1,2,disconnect_trial,1.0,32,260.04,261.04,1.0,1.0,261,1.52,1.55865,0.52,0.5586500000000001,261.56
s01-r2-disconnect_trial-1,1,2,disconnect_trial,1.0,33,268.4,269.4,1.0,1.0,269,1.52,1.56423,0.52,0.56423,269.91999999999996
s01-r2-disconnect_trial-1,1,2,disconnect_trial,1.0,34,276.56,277.56,1.0,1.0,278,1.52,1.56016,0.52,0.56016,278.08
s01-r2-disconnect_trial-1,1,2,disconnect_trial,1.0,35,284.84,285.84,1.0,1.0,286,1.52,1.56037,0.52,0.56037,286.35999999999996
s01-r2-disconnect_trial-1,1,2,disconnect_trial,1.0,36,292.92,293.92,1.0,1.0,294,1.52,1.56005,0.52,0.5600499999999999,294.44
s01-r2-disconnect_trial-1,1,2,disconnect_trial,1.0,37,300.8,301.8,1.0,1.0,302,1.52,1.5591,0.52,0.5590999999999999,302.32
s01-r2-disconnect_trial-1,1,2,disconnect_trial,1.0,38,308.64,309.64,1.0,1.0,310,1.52,1.5596,0.52,0.5596000000000001,310.15999999999997
s01-r2-disconnect_trial-1,1,2,disconnect_trial,1.0,39,316.36,317.36,1.0,1.0,317,1.52,1.55954,0.52,0.5595399999999999,317.88
s01-r2-disconnect_trial-1,1,2,disconnect_trial,1.0,40,324.68,325.68,1.0,1.0,326,1.52,1.55954,0.52,0.5595399999999999,326.2
s01-r2-disconnect_trial-1,1,2,disconnect_trial,1.0,41,332.6,333.6,1.0,1.0,334,1.52,1.55933,0.52,0.5593300000000001,334.12
s01-r2-disconnect_trial-1,1,2,disconnect_trial,1.0,42,340.56,341.56,1.0,1.0,342,1.52,1.55886,0.52,0.5588599999999999,342.08
s01-r2-disconnect_trial-1,1,2,disconnect_trial,1.0,43,349.0,350.0,1.0,1.0,350,1.52,1.55852,0.52,0.5585199999999999,350.52
s01-r2-disconnect_trial-1,1,2,disconnect_trial,1.0,44,356.64,357.64,1.0,1.0,358,1.52,1.55923,0.52,0.5592299999999999,358.15999999999997
s01-r2-disconnect_trial-1,1,2,disconnect_trial,1.0,45,364.36,365.36,1.0,1.0,365,1.52,1.55934,0.52,0.55934,365.88
s01-r2-disconnect_trial-1,1,2,disconnect_trial,1.0,46,372.8,373.8,1.0,1.0,374,1.52,1.56005,0.52,0.5600499999999999,374.32
s01-r2-disconnect_trial-1,1,2,disconnect_trial,1.0,47,381.04,382.04,1.0,1.0,382,1.52,1.55972,0.52,0.55972,382.56
s01-r2-disconnect_trial-2,1,2,disconnect_trial,2.0,0,3.0,5.0,2.0,2.0,5,2.52,2.56376,0.52,0.5637599999999998,5.52
s01-r2-disconnect_trial-2,1,2,disconnect_trial,2.0,1,11.04,13.04,2.0,2.0,13,2.52,2.55887,0.52,0.5588700000000002,13.559999999999999
s01-r2-disconnect_trial-2,1,2,disconnect_trial,2.0,2,18.72,20.72,2.0,2.0,21,2.52,2.56357,0.52,0.5635699999999999,21.24
s01-r2-disconnect_trial-2,1,2,disconnect_trial,2.0,3,26.52,28.52,2.0,2.0,29,2.52,2.56241,0.52,0.5624099999999999,29.04
s01-r2-disconnect_trial-2,1,2,disconnect_trial,2.0,4,34.56,36.56,2.0,2.0,37,2.52,2.55848,0.52,0.5584799999999999,37.080000000000005
s01-r2-disconnect_trial-2,1,2,disconnect_trial,2.0,5,43.0,45.0,2.0,2.0,45,2.52,2.56362,0.52,0.5636199999999998,45.52
s01-r2-disconnect_trial-2,1,2,disconnect_trial,2.0,6,50.64,52.64,2.0,2.0,53,2.52,2.55851,0.52,0.5585100000000001,53.160000000000004
s01-r2-disconnect_trial-2,1,2,disconnect_trial,2.0,7,58.84,60.84,2.0,2.0,61,2.52,2.5622,0.52,0.5621999999999998,61.36000000000001
s01-r2-disconnect_trial-2,1,2,disconnect_trial,2.0,8,66.56,68.56,2.0,2.0,69,2.52,2.56249,0.52,0.5624899999999999,69.08
s01-r2-disconnect_trial-2,1,2,disconnect_trial,2.0,9,74.56,76.56,2.0,2.0,77,2.52,2.55852,0.52,0.5585200000000001,77.08
s01-r2-disconnect_trial-2,1,2,disconnect_trial,2.0,10,82.2,84.2,2.0,2.0,84,2.52,2.55868,0.52,0.5586799999999998,84.72
s01-r2-disconnect_trial-2,1,2,disconnect_trial,2.0,11,89.76,91.76,2.0,2.0,92,2.52,2.56292,0.52,0.5629200000000001,92.28
s01-r2-disconnect_trial-2,1,2,disconnect_trial,2.0,12,97.68,99.68,2.0,2.0,100,2.52,2.55904,0.52,0.55904,100.2
s01-r2-disconnect_trial-2,1,2,disconnect_trial,2.0,13,105.44,107.44,2.0,2.0,107,2.52,2.5603,0.52,0.5602999999999998,107.96
s01-r2-disconnect_trial-2,1,2,disconnect_trial,2.0,14,113.32,115.32,2.0,2.0,115,2.52,2.5584,0.52,0.5583999999999998,115.83999999999999
s01-r2-disconnect_trial-2,1,2,disconnect_trial,2.0,15,121.8,123.8,2.0,2.0,124,2.52,2.55867,0.52,0.5586700000000002,124.32
s01-r2-disconnect_trial-2,1,2,disconnect_trial,2.0,16,129.8,131.8,2.0,2.0,132,2.52,2.55819,0.52,0.5581900000000002,132.32000000000002
s01-r2-disconnect_trial-2,1,2,disconnect_trial,2.0,17,138.08,140.08,2.0,2.0,140,2.52,2.56294,0.52,0.5629400000000002,140.60000000000002
s01-r2-disconnect_trial-2,1,2,disconnect_trial,2.0,18,146.24,148.24,2.0,2.0,148,2.52,2.55922,0.52,0.5592199999999998,148.76000000000002
s01-r2-disconnect_trial-2,1,2,disconnect_trial,2.0,19,154.48,156.48,2.0,2.0,157,2.52,2.55866,0.52,0.5586600000000002,157.0
s01-r2-disconnect_trial-2,1,2,disconnect_trial,2.0,20,162.76,164.76,2.0,2.0,165,2.52,2.56351,0.52,0.56351,165.28
s01-r2-disconnect_trial-2,1,2,disconnect_trial,2.0,21,171.08,173.08,2.0,2.0,173,2.52,2.55771,0.52,0.5577100000000002,173.60000000000002
s01-r2-disconnect_trial-2,1,2,disconnect_trial,2.0,22,178.72,180.72,2.0,2.0,181,2.52,2.56363,0.52,0.5636299999999999,181.24
s01-r2-disconnect_trial-2,1,2,disconnect_trial,2.0,23,186.88,188.88,2.0,2.0,189,2.52,2.55898,0.52,0.55898,189.4
s01-r2-disconnect_trial-2,1,2,disconnect_trial,2.0,24,194.68,196.68,2.0,2.0,197,2.52,2.55874,0.52,0.5587399999999998,197.20000000000002
s01-r2-disconnect_trial-2,1,2,disconnect_trial,2.0,25,202.52,204.52,2.0,2.0,205,2.52,2.55957,0.52,0.5595699999999999,205.04000000000002
s01-r2-disconnect_trial-2,1,2,disconnect_trial,2.0,26,210.92,212.92,2.0,2.0,213,2.52,2.55784,0.52,0.5578400000000001,213.44
s01-r2-disconnect_trial-2,1,2,disconnect_trial,2.0,27,218.96,220.96,2.0,2.0,221,2.52,2.55858,0.52,0.5585800000000001,221.48000000000002
s01-r2-disconnect_trial-2,1,2,disconnect_trial,2.0,28,226.84,228.84,2.0,2.0,229,2.52,2.55854,0.52,0.5585399999999998,229.36
s01-r2-disconnect_trial-2,1,2,disconnect_trial,2.0,29,234.96,236.96,2.0,2.0,237,2.52,2.55814,0.52,0.5581399999999999,237.48000000000002
s01-r2-disconnect_trial-2,1,2,disconnect_trial,2.0,30,243.24,245.24,2.0,2.0,245,2.52,2.55865,0.52,0.5586500000000001,245.76000000000002
s01-r2-disconnect_trial-2,1,2,disconnect_trial,2.0,31,251.68,253.68,2.0,2.0,254,2.52,2.55891,0.52,0.55891,254.20000000000002
s01-r2-disconnect_trial-2,1,2,disconnect_trial,2.0,32,260.04,262.04,2.0,2.0,262,2.52,2.55832,0.52,0.5583200000000001,262.56
s01-r2-disconnect_trial-2,1,2,disconnect_trial,2.0,33,268.4,270.4,2.0,2.0,270,2.52,2.55854,0.52,0.5585399999999998,270.91999999999996
s01-r2-disconnect_trial-2,1,2,disconnect_trial,2.0,34,276.56,278.56,2.0,2.0,279,2.52,2.55782,0.52,0.55782,279.08
s01-r2-disconnect_trial-2,1,2,disconnect_trial,2.0,35,284.84,286.84,2.0,2.0,287,2.52,2.56239,0.52,0.5623900000000002,287.35999999999996
s01-r2-disconnect_trial-2,1,2,disconnect_trial,2.0,36,292.92,294.92,2.0,2.0,295,2.52,2.55809,0.52,0.55809,295.44
s01-r2-disconnect_trial-2,1,2,disconnect_trial,2.0,37,300.8,302.8,2.0,2.0,303,2.52,2.56376,0.52,0.5637599999999998,303.32
s01-r2-disconnect_trial-2,1,2,disconnect_trial,2.0,38,308.64,310.64,2.0,2.0,311,2.52,2.55846,0.52,0.5584600000000002,311.15999999999997
s01-r2-disconnect_trial-2,1,2,disconnect_trial,2.0,39,316.36,318.36,2.0,2.0,318,2.52,2.55893,0.52,0.5589300000000001,318.88
s01-r2-disconnect_trial-2,1,2,disconnect_trial,2.0,40,324.68,326.68,2.0,2.0,327,2.52,2.56398,0.52,0.5639799999999999,327.2
s01-r2-disconnect_trial-2,1,2,disconnect_trial,2.0,41,332.6,334.6,2.0,2.0,335,2.52,2.55825,0.52,0.5582500000000001,335.12
s01-r2-disconnect_trial-2,1,2,disconnect_trial,2.0,42,340.56,342.56,2.0,2.0,343,2.52,2.56389,0.52,0.5638899999999998,343.08
s01-r2-disconnect_trial-2,1,2,disconnect_trial,2.0,43,349.0,351.0,2.0,2.0,351,2.52,2.55788,0.52,0.5578799999999999,351.52
s01-r2-disconnect_trial-2,1,2,disconnect_trial,2.0,44,356.64,358.64,2.0,2.0,359,2.52,2.5583,0.52,0.5583,359.15999999999997
s01-r2-disconnect_trial-2,1,2,disconnect_trial,2.0,45,364.36,366.36,2.0,2.0,366,2.52,2.55735,0.52,0.55735,366.88
s01-r2-disconnect_trial-2,1,2,disconnect_trial,2.0,46,372.8,374.8,2.0,2.0,375,2.52,2.55883,0.52,0.5588299999999999,375.32
s01-r2-disconnect_trial-2,1,2,disconnect_trial,2.0,47,381.04,383.04,2.0,2.0,383,2.52,2.56294,0.52,0.5629400000000002,383.56
s01-r3-disconnect-0.5,1,3,disconnect,0.5,0,31.44,31.96,0.5,0.5199999999999996,32,1.52,1.56053,1.0000000000000004,1.0405300000000004,32.96
s01-r3-disconnect-0.5,1,3,disconnect,0.5,1,112.88,113.36,0.5,0.480000000000004,114,1.52,1.55972,1.039999999999996,1.079719999999996,114.39999999999999
s01-r3-disconnect-0.5,1,3,disconnect,0.5,2,120.76,121.28,0.5,0.519999999999996,122,1.52,1.55882,1.000000000000004,1.038820000000004,122.28
s01-r3-disconnect-0.5,1,3,disconnect,0.5,3,188.64,189.16,0.5,0.5200000000000102,190,1.52,1.55974,0.9999999999999898,1.0397399999999897,190.16
s01-r3-disconnect-0.5,1,3,disconnect,0.5,4,255.04,255.56,0.5,0.5200000000000102,256,1.52,1.56032,0.9999999999999898,1.0403199999999897,256.56
s01-r3-disconnect-1,1,3,disconnect,1.0,0,123.08,124.08,1.0,1.0,124,1.52,1.55969,0.52,0.55969,124.6
s01-r3-disconnect-1,1,3,disconnect,1.0,1,148.08,149.08,1.0,1.0,149,1.52,1.5607,0.52,0.5607,149.60000000000002
s01-r3-disconnect-1,1,3,disconnect,1.0,2,173.04,174.04,1.0,1.0,174,1.52,1.55938,0.52,0.55938,174.56
s01-r3-disconnect-1,1,3,disconnect,1.0,3,262.04,263.04,1.0,1.0,263,1.52,1.55955,0.52,0.55955,263.56
s01-r3-disconnect-1,1,3,disconnect,1.0,4,334.28,335.28,1.0,1.0,335,1.52,1.55904,0.52,0.55904,335.79999999999995
s01-r3-disconnect-3,1,3,disconnect,3.0,0,37.04,40.04,3.0,3.0,40,3.56,3.59795,0.56,0.59795,40.6
s01-r3-disconnect-3,1,3,disconnect,3.0,1,102.0,105.0,3.0,3.0,105,3.52,3.56104,0.52,0.5610400000000002,105.52
s01-r3-disconnect-3,1,3,disconnect,3.0,2,316.64,319.64,3.0,3.0,320,3.52,3.55715,0.52,0.55715,320.15999999999997
s01-r3-disconnect-3,1,3,disconnect,3.0,3,335.52,338.52,3.0,3.0,339,3.52,3.56206,0.52,0.5620599999999998,339.03999999999996
s01-r3-disconnect-3,1,3,disconnect,3.0,4,355.16,358.16,3.0,3.0,358,3.52,3.55882,0.52,0.5588199999999999,358.68
s01-r3-disconnect_trial-0.5,1,3,disconnect_trial,0.5,0,3.0,3.52,0.5,0.52,4,1.52,1.55978,1.0,1.03978,4.52
s01-r3-disconnect_trial-0.5,1,3,disconnect_trial,0.5,1,11.04,11.52,0.5,0.4800000000000004,12,1.52,1.55937,1.0399999999999996,1.0793699999999995,12.559999999999999
s01-r3-disconnect_trial-0.5,1,3,disconnect_trial,0.5,2,18.72,19.2,0.5,0.4800000000000004,20,1.52,1.55955,1.0399999999999996,1.0795499999999996,20.24
s01-r3-disconnect_trial-0.5,1,3,disconnect_trial,0.5,3,26.52,27.0,0.5,0.4800000000000004,28,1.52,1.55946,1.0399999999999996,1.0794599999999996,28.04
s01-r3-disconnect_trial-0.5,1,3,disconnect_trial,0.5,4,34.56,35.04,0.5,0.4799999999999969,36,1.52,1.56042,1.0400000000000031,1.080420000000003,36.080000000000005
s01-r3-disconnect_trial-0.5,1,3,disconnect_trial,0.5,5,43.0,43.48,0.5,0.4799999999999969,44,1.52,1.56026,1.0400000000000031,1.080260000000003,44.52
s01-r3-disconnect_trial-0.5,1,3,disconnect_trial,0.5,6,50.64,51.16,0.5,0.519999999999996,52,1.52,1.55887,1.000000000000004,1.038870000000004,52.160000000000004
s01-r3-disconnect_trial-0.5,1,3,disconnect_trial,0.5,7,58.84,59.36,0.5,0.519999999999996,60,1.52,1.55877,1.000000000000004,1.038770000000004,60.36000000000001
s01-r3-disconnect_trial-0.5,1,3,disconnect_trial,0.5,8,66.56,67.08,0.5,0.519999999999996,68,1.52,1.56005,1.000000000000004,1.040050000000004,68.08
s01-r3-disconnect_trial-0.5,1,3,disconnect_trial,0.5,9,74.56,75.08,0.5,0.519999999999996,76,1.52,1.56006,1.000000000000004,1.040060000000004,76.08
s01-r3-disconnect_trial-0.5,1,3,disconnect_trial,0.5,10,82.2,82.68,0.5,0.480000000000004,83,1.52,1.56427,1.039999999999996,1.084269999999996,83.72
s01-r3-disconnect_trial-0.5,1,3,disconnect_trial,0.5,11,89.76,90.28,0.5,0.519999999999996,91,1.52,1.55992,1.000000000000004,1.039920000000004,91.28
s01-r3-disconnect_trial-0.5,1,3,disconnect_trial,0.5,12,97.68,98.16,0.5,0.47999999999998977,99,1.52,1.56498,1.0400000000000102,1.0849800000000103,99.2
s01-r3-disconnect_trial-0.5,1,3,disconnect_trial,0.5,13,105.44,105.92,0.5,0.480000000000004,106,1.52,1.5598,1.039999999999996,1.079799999999996,106.96
s01-r3-disconnect_trial-0.5,1,3,disconnect_trial,0.5,14,113.32,113.8,0.5,0.480000000000004,114,1.52,1.55955,1.039999999999996,1.079549999999996,114.83999999999999
s01-r3-disconnect_trial-0.5,1,3,disconnect_trial,0.5,15,121.8,122.28,0.5,0.480000000000004,123,1.52,1.55899,1.039999999999996,1.0789899999999961,123.32
s01-r3-disconnect_trial-0.5,1,3,disconnect_trial,0.5,16,129.8,130.32,0.5,0.5199999999999818,131,1.52,1.55998,1.0000000000000182,1.0399800000000181,131.32000000000002
s01-r3-disconnect_trial-0.5,1,3,disconnect_trial,0.5,17,138.08,138.6,0.5,0.5199999999999818,139,1.52,1.5596,1.0000000000000182,1.0396000000000183,139.60000000000002
s01-r3-disconnect_trial-0.5,1,3,disconnect_trial,0.5,18,146.24,146.72,0.5,0.47999999999998977,147,1.52,1.5597,1.0400000000000102,1.0797000000000103,147.76000000000002
s01-r3-disconnect_trial-0.5,1,3,disconnect_trial,0.5,19,154.48,155.0,0.5,0.5200000000000102,156,1.52,1.56004,0.9999999999999898,1.0400399999999899,156.0
s01-r3-disconnect_trial-0.5,1,3,disconnect_trial,0.5,20,162.76,163.28,0.5,0.5200000000000102,164,1.52,1.56427,0.9999999999999898,1.0442699999999898,164.28
s01-r3-disconnect_trial-0.5,1,3,disconnect_trial,0.5,21,171.08,171.6,0.5,0.5199999999999818,172,1.52,1.56009,1.0000000000000182,1.0400900000000182,172.60000000000002
s01-r3-disconnect_trial-0.5,1,3,disconnect_trial,0.5,22,178.72,179.24,0.5,0.5200000000000102,180,1.52,1.55949,0.9999999999999898,1.0394899999999898,180.24
s01-r3-disconnect_trial-0.5,1,3,disconnect_trial,0.5,23,186.88,187.36,0.5,0.4800000000000182,188,1.52,1.55917,1.0399999999999818,1.0791699999999818,188.4
s01-r3-disconnect_trial-0.5,1,3,disconnect_trial,0.5,24,194.68,195.16,0.5,0.47999999999998977,196,1.52,1.55914,1.0400000000000102,1.0791400000000102,196.20000000000002
s01-r3-disconnect_trial-0.5,1,3,disconnect_trial,0.5,25,202.52,203.0,0.5,0.47999999999998977,204,1.52,1.56006,1.0400000000000102,1.0800600000000102,204.04000000000002
s01-r3-disconnect_trial-0.5,1,3,disconnect_trial,0.5,26,210.92,211.44,0.5,0.5200000000000102,212,1.52,1.56017,0.9999999999999898,1.0401699999999898,212.44
s01-r3-disconnect_trial-0.5,1,3,disconnect_trial,0.5,27,218.96,219.44,0.5,0.47999999999998977,220,1.52,1.56005,1.0400000000000102,1.0800500000000102,220.48000000000002
s01-r3-disconnect_trial-0.5,1,3,disconnect_trial,0.5,28,226.84,227.36,0.5,0.5200000000000102,228,1.52,1.55883,0.9999999999999898,1.0388299999999897,228.36
s01-r3-disconnect_trial-0.5,1,3,disconnect_trial,0.5,29,234.96,235.44,0.5,0.47999999999998977,236,1.52,1.55897,1.0400000000000102,1.0789700000000102,236.48000000000002
s01-r3-disconnect_trial-0.5,1,3,disconnect_trial,0.5,30,243.24,243.72,0.5,0.47999999999998977,244,1.52,1.55882,1.0400000000000102,1.0788200000000103,244.76000000000002
s01-r3-disconnect_trial-0.5,1,3,disconnect_trial,0.5,31,251.68,252.16,0.5,0.47999999999998977,253,1.52,1.55929,1.0400000000000102,1.0792900000000103,253.20000000000002
s01-r3-disconnect_trial-0.5,1,3,disconnect_trial,0.5,32,260.04,260.52,0.5,0.47999999999996135,261,1.52,1.55919,1.0400000000000387,1.0791900000000387,261.56
s01-r3-disconnect_trial-0.5,1,3,disconnect_trial,0.5,33,268.4,268.88,0.5,0.4800000000000182,269,1.52,1.55911,1.0399999999999818,1.0791099999999818,269.91999999999996
s01-r3-disconnect_trial-0.5,1,3,disconnect_trial,0.5,34,276.56,277.08,0.5,0.5199999999999818,278,1.52,1.55865,1.0000000000000182,1.0386500000000183,278.08
s01-r3-disconnect_trial-0.5,1,3,disconnect_trial,0.5,35,284.84,285.32,0.5,0.4800000000000182,286,1.52,1.55967,1.0399999999999818,1.0796699999999817,286.35999999999996
s01-r3-disconnect_trial-0.5,1,3,disconnect_trial,0.5,36,292.92,293.4,0.5,0.47999999999996135,294,1.52,1.56454,1.0400000000000387,1.0845400000000387,294.44
s01-r3-disconnect_trial-0.5,1,3,disconnect_trial,0.5,37,300.8,301.28,0.5,0.47999999999996135,302,1.52,1.55907,1.0400000000000387,1.0790700000000386,302.32
s01-r3-disconnect_trial-0.5,1,3,disconnect_trial,0.5,38,308.64,309.16,0.5,0.5200000000000387,310,1.52,1.56439,0.9999999999999614,1.0443899999999613,310.15999999999997
s01-r3-disconnect_trial-0.5,1,3,disconnect_trial,0.5,39,316.36,316.84,0.5,0.47999999999996135,317,1.52,1.55887,1.0400000000000387,1.0788700000000386,317.88
s01-r3-disconnect_trial-0.5,1,3,disconnect_trial,0.5,40,324.68,325.16,0.5,0.4800000000000182,326,1.52,1.55952,1.0399999999999818,1.0795199999999818,326.2
s01-r3-disconnect_trial-0.5,1,3,disconnect_trial,0.5,41,332.6,333.08,0.5,0.47999999999996135,334,1.52,1.55961,1.0400000000000387,1.0796100000000386,334.12
s01-r3-disconnect_trial-0.5,1,3,disconnect_trial,0.5,42,340.56,341.04,0.5,0.4800000000000182,342,1.52,1.56,1.0399999999999818,1.0799999999999819,342.08
s01-r3-disconnect_trial-0.5,1,3,disconnect_trial,0.5,43,349.0,349.52,0.5,0.5199999999999818,350,1.52,1.56059,1.0000000000000182,1.0405900000000181,350.52
s01-r3-disconnect_trial-0.5,1,3,disconnect_trial,0.5,44,356.64,357.16,0.5,0.5200000000000387,358,1.52,1.55932,0.9999999999999614,1.0393199999999614,358.15999999999997
s01-r3-disconnect_trial-0.5,1,3,disconnect_trial,0.5,45,364.36,364.84,0.5,0.47999999999996135,365,1.52,1.5553,1.0400000000000387,1.0753000000000386,365.88
s01-r3-disconnect_trial-0.5,1,3,disconnect_trial,0.5,46,372.8,373.32,0.5,0.5199999999999818,374,1.52,1.56012,1.0000000000000182,1.0401200000000181,374.32
s01-r3-disconnect_trial-0.5,1,3,disconnect_trial,0.5,47,381.04,381.56,0.5,0.5199999999999818,382,1.52,1.55929,1.0000000000000182,1.0392900000000183,382.56
s01-r3-disconnect_trial-1,1,3,disconnect_trial,1.0,0,3.0,4.0,1.0,1.0,4,1.52,1.55908,0.52,0.55908,4.52
s01-r3-disconnect_trial-1,1,3,disconnect_trial,1.0,1,11.04,12.04,1.0,1.0,12,1.52,1.56462,0.52,0.5646199999999999,12.559999999999999
s01-r3-disconnect_trial-1,1,3,disconnect_trial,1.0,2,18.72,19.72,1.0,1.0,20,1.52,1.56068,0.52,0.5606800000000001,20.24
s01-r3-disconnect_trial-1,1,3,disconnect_trial,1.0,3,26.52,27.52,1.0,1.0,28,1.52,1.55878,0.52,0.55878,28.04
s01-r3-disconnect_trial-1,1,3,disconnect_trial,1.0,4,34.56,35.56,1.0,1.0,36,1.52,1.55966,0.52,0.55966,36.080000000000005
s01-r3-disconnect_trial-1,1,3,disconnect_trial,1.0,5,43.0,44.0,1.0,1.0,44,1.52,1.56036,0.52,0.56036,44.52
s01-r3-disconnect_trial-1,1,3,disconnect_trial,1.0,6,50.64,51.64,1.0,1.0,52,1.52,1.56396,0.52,0.56396,52.160000000000004
s01-r3-disconnect_trial-1,1,3,disconnect_trial,1.0,7,58.84,59.84,1.0,1.0,60,1.52,1.55937,0.52,0.5593699999999999,60.36000000000001
s01-r3-disconnect_trial-1,1,3,disconnect_trial,1.0,8,66.56,67.56,1.0,1.0,68,1.52,1.56015,0.52,0.5601499999999999,68.08
s01-r3-disconnect_trial-1,1,3,disconnect_trial,1.0,9,74.56,75.56,1.0,1.0,76,1.52,1.55923,0.52,0.5592299999999999,76.08
s01-r3-disconnect_trial-1,1,3,disconnect_trial,1.0,10,82.2,83.2,1.0,1.0,83,1.52,1.55971,0.52,0.5597099999999999,83.72
s01-r3-disconnect_trial-1,1,3,disconnect_trial,1.0,11,89.76,90.76,1.0,1.0,91,1.52,1.56457,0.52,0.56457,91.28
s01-r3-disconnect_trial-1,1,3,disconnect_trial,1.0,12,97.68,98.68,1.0,1.0,99,1.52,1.56423,0.52,0.56423,99.2
s01-r3-disconnect_trial-1,1,3,disconnect_trial,1.0,13,105.44,106.44,1.0,1.0,106,1.52,1.56108,0.52,0.56108,106.96
s01-r3-disconnect_trial-1,1,3,disconnect_trial,1.0,14,113.32,114.32,1.0,1.0,114,1.52,1.55918,0.52,0.55918,114.83999999999999
s01-r3-disconnect_trial-1,1,3,disconnect_trial,1.0,15,121.8,122.8,1.0,1.0,123,1.52,1.55949,0.52,0.55949,123.32
s01-r3-disconnect_trial-1,1,3,disconnect_trial,1.0,16,129.8,130.8,1.0,1.0,131,1.52,1.5592,0.52,0.5591999999999999,131.32000000000002
s01-r3-disconnect_trial-1,1,3,disconnect_trial,1.0,17,138.08,139.08,1.0,1.0,139,1.52,1.55956,0.52,0.5595600000000001,139.60000000000002
s01-r3-disconnect_trial-1,1,3,disconnect_trial,1.0,18,146.24,147.24,1.0,1.0,147,1.52,1.55906,0.52,0.5590599999999999,147.76000000000002
s01-r3-disconnect_trial-1,1,3,disconnect_trial,1.0,19,154.48,155.48,1.0,1.0,156,1.52,1.5599,0.52,0.5599000000000001,156.0
s01-r3-disconnect_trial-1,1,3,disconnect_trial,1.0,20,162.76,163.76,1.0,1.0,164,1.52,1.55866,0.52,0.5586599999999999,164.28
s01-r3-disconnect_trial-1,1,3,disconnect_trial,1.0,21,171.08,172.08,1.0,1.0,172,1.52,1.55903,0.52,0.5590299999999999,172.60000000000002
s01-r3-disconnect_trial-1,1,3,disconnect_trial,1.0,22,178.72,179.72,1.0,1.0,180,1.52,1.56423,0.52,0.56423,180.24
s01-r3-disconnect_trial-1,1,3,disconnect_trial,1.0,23,186.88,187.88,1.0,1.0,188,1.52,1.55941,0.52,0.55941,188.4
s01-r3-disconnect_trial-1,1,3,disconnect_trial,1.0,24,194.68,195.68,1.0,1.0,196,1.52,1.55955,0.52,0.55955,196.20000000000002
s01-r3-disconnect_trial-1,1,3,disconnect_trial,1.0,25,202.52,203.52,1.0,1.0,204,1.52,1.5605,0.52,0.5605,204.04000000000002
s01-r3-disconnect_trial-1,1,3,disconnect_trial,1.0,26,210.92,211.92,1.0,1.0,212,1.52,1.56407,0.52,0.5640700000000001,212.44
s01-r3-disconnect_trial-1,1,3,disconnect_trial,1.0,27,218.96,219.96,1.0,1.0,220,1.52,1.55954,0.52,0.5595399999999999,220.48000000000002
s01-r3-disconnect_trial-1,1,3,disconnect_trial,1.0,28,226.84,227.84,1.0,1.0,228,1.52,1.56338,0.52,0.56338,228.36
s01-r3-disconnect_trial-1,1,3,disconnect_trial,1.0,29,234.96,235.96,1.0,1.0,236,1.52,1.56406,0.52,0.56406,236.48000000000002
s01-r3-disconnect_trial-1,1,3,disconnect_trial,1.0,30,243.24,244.24,1.0,1.0,244,1.52,1.55946,0.52,0.5594600000000001,244.76000000000002
s01-r3-disconnect_trial-1,1,3,disconnect_trial,1.0,31,251.68,252.68,1.0,1.0,253,1.52,1.56009,0.52,0.56009,253.20000000000002
s01-r3-disconnect_trial-1,1,3,disconnect_trial,1.0,32,260.04,261.04,1.0,1.0,261,1.52,1.56443,0.52,0.56443,261.56
s01-r3-disconnect_trial-1,1,3,disconnect_trial,1.0,33,268.4,269.4,1.0,1.0,269,1.52,1.56017,0.52,0.5601700000000001,269.91999999999996
s01-r3-disconnect_trial-1,1,3,disconnect_trial,1.0,34,276.56,277.56,1.0,1.0,278,1.52,1.56025,0.52,0.5602499999999999,278.08
s01-r3-disconnect_trial-1,1,3,disconnect_trial,1.0,35,284.84,285.84,1.0,1.0,286,1.52,1.5598,0.52,0.5598000000000001,286.35999999999996
s01-r3-disconnect_trial-1,1,3,disconnect_trial,1.0,36,292.92,293.92,1.0,1.0,294,1.52,1.55894,0.52,0.55894,294.44
s01-r3-disconnect_trial-1,1,3,disconnect_trial,1.0,37,300.8,301.8,1.0,1.0,302,1.52,1.55933,0.52,0.5593300000000001,302.32
s01-r3-disconnect_trial-1,1,3,disconnect_trial,1.0,38,308.64,309.64,1.0,1.0,310,1.52,1.55948,0.52,0.55948,310.15999999999997
s01-r3-disconnect_trial-1,1,3,disconnect_trial,1.0,39,316.36,317.36,1.0,1.0,317,1.52,1.55918,0.52,0.55918,317.88
s01-r3-disconnect_trial-1,1,3,disconnect_trial,1.0,40,324.68,325.68,1.0,1.0,326,1.52,1.55947,0.52,0.5594699999999999,326.2
s01-r3-disconnect_trial-1,1,3,disconnect_trial,1.0,41,332.6,333.6,1.0,1.0,334,1.52,1.56392,0.52,0.56392,334.12
s01-r3-disconnect_trial-1,1,3,disconnect_trial,1.0,42,340.56,341.56,1.0,1.0,342,1.52,1.5592,0.52,0.5591999999999999,342.08
s01-r3-disconnect_trial-1,1,3,disconnect_trial,1.0,43,349.0,350.0,1.0,1.0,350,1.52,1.56052,0.52,0.5605199999999999,350.52
s01-r3-disconnect_trial-1,1,3,disconnect_trial,1.0,44,356.64,357.64,1.0,1.0,358,1.52,1.56016,0.52,0.56016,358.15999999999997
s01-r3-disconnect_trial-1,1,3,disconnect_trial,1.0,45,364.36,365.36,1.0,1.0,365,1.52,1.56023,0.52,0.56023,365.88
s01-r3-disconnect_trial-1,1,3,disconnect_trial,1.0,46,372.8,373.8,1.0,1.0,374,1.52,1.56038,0.52,0.5603800000000001,374.32
s01-r3-disconnect_trial-1,1,3,disconnect_trial,1.0,47,381.04,382.04,1.0,1.0,382,1.52,1.55937,0.52,0.5593699999999999,382.56
s01-r3-disconnect_trial-2,1,3,disconnect_trial,2.0,0,3.0,5.0,2.0,2.0,5,2.52,2.56367,0.52,0.5636700000000001,5.52
s01-r3-disconnect_trial-2,1,3,disconnect_trial,2.0,1,11.04,13.04,2.0,2.0,13,2.52,2.56312,0.52,0.5631200000000001,13.559999999999999
s01-r3-disconnect_trial-2,1,3,disconnect_trial,2.0,2,18.72,20.72,2.0,2.0,21,2.52,2.56289,0.52,0.5628899999999999,21.24
s01-r3-disconnect_trial-2,1,3,disconnect_trial,2.0,3,26.52,28.52,2.0,2.0,29,2.52,2.55886,0.52,0.5588600000000001,29.04
s01-r3-disconnect_trial-2,1,3,disconnect_trial,2.0,4,34.56,36.56,2.0,2.0,37,2.52,2.55958,0.52,0.55958,37.080000000000005
s01-r3-disconnect_trial-2,1,3,disconnect_trial,2.0,5,43.0,45.0,2.0,2.0,45,2.52,2.56353,0.52,0.5635300000000001,45.52
s01-r3-disconnect_trial-2,1,3,disconnect_trial,2.0,6,50.64,52.64,2.0,2.0,53,2.52,2.55806,0.52,0.5580599999999998,53.160000000000004
s01-r3-disconnect_trial-2,1,3,disconnect_trial,2.0,7,58.84,60.84,2.0,2.0,61,2.52,2.5628,0.52,0.5628000000000002,61.36000000000001
s01-r3-disconnect_trial-2,1,3,disconnect_trial,2.0,8,66.56,68.56,2.0,2.0,69,2.52,2.56424,0.52,0.5642399999999999,69.08
s01-r3-disconnect_trial-2,1,3,disconnect_trial,2.0,9,74.56,76.56,2.0,2.0,77,2.52,2.55822,0.52,0.5582199999999999,77.08
s01-r3-disconnect_trial-2,1,3,disconnect_trial,2.0,10,82.2,84.2,2.0,2.0,84,2.52,2.55799,0.52,0.5579900000000002,84.72
s01-r3-disconnect_trial-2,1,3,disconnect_trial,2.0,11,89.76,91.76,2.0,2.0,92,2.52,2.55877,0.52,0.55877,92.28
s01-r3-disconnect_trial-2,1,3,disconnect_trial,2.0,12,97.68,99.68,2.0,2.0,100,2.52,2.56282,0.52,0.5628199999999999,100.2
s01-r3-disconnect_trial-2,1,3,disconnect_trial,2.0,13,105.44,107.44,2.0,2.0,107,2.52,2.55727,0.52,0.5572699999999999,107.96
s01-r3-disconnect_trial-2,1,3,disconnect_trial,2.0,14,113.32,115.32,2.0,2.0,115,2.52,2.55759,0.52,0.5575899999999998,115.83999999999999
s01-r3-disconnect_trial-2,1,3,disconnect_trial,2.0,15,121.8,123.8,2.0,2.0,124,2.52,2.55818,0.52,0.5581800000000001,124.32
s01-r3-disconnect_trial-2,1,3,disconnect_trial,2.0,16,129.8,131.8,2.0,2.0,132,2.52,2.55843,0.52,0.55843,132.32000000000002
s01-r3-disconnect_trial-2,1,3,disconnect_trial,2.0,17,138.08,140.08,2.0,2.0,140,2.52,2.5593,0.52,0.5592999999999999,140.60000000000002
s01-r3-disconnect_trial-2,1,3,disconnect_trial,2.0,18,146.24,148.24,2.0,2.0,148,2.52,2.56348,0.52,0.5634800000000002,148.76000000000002
s01-r3-disconnect_trial-2,1,3,disconnect_trial,2.0,19,154.48,156.48,2.0,2.0,157,2.52,2.56332,0.52,0.56332,157.0
s01-r3-disconnect_trial-2,1,3,disconnect_trial,2.0,20,162.76,164.76,2.0,2.0,165,2.52,2.55842,0.52,0.5584199999999999,165.28
s01-r3-disconnect_trial-2,1,3,disconnect_trial,2.0,21,171.08,173.08,2.0,2.0,173,2.52,2.55831,0.52,0.5583100000000001,173.60000000000002
s01-r3-disconnect_trial-2,1,3,disconnect_trial,2.0,22,178.72,180.72,2.0,2.0,181,2.52,2.56393,0.52,0.56393,181.24
s01-r3-disconnect_trial-2,1,3,disconnect_trial,2.0,23,186.88,188.88,2.0,2.0,189,2.52,2.55818,0.52,0.5581800000000001,189.4
s01-r3-disconnect_trial-2,1,3,disconnect_trial,2.0,24,194.68,196.68,2.0,2.0,197,2.52,2.55893,0.52,0.5589300000000001,197.20000000000002
s01-r3-disconnect_trial-2,1,3,disconnect_trial,2.0,25,202.52,204.52,2.0,2.0,205,2.52,2.55818,0.52,0.5581800000000001,205.04000000000002
s01-r3-disconnect_trial-2,1,3,disconnect_trial,2.0,26,210.92,212.92,2.0,2.0,213,2.52,2.55806,0.52,0.5580599999999998,213.44
s01-r3-disconnect_trial-2,1,3,disconnect_trial,2.0,27,218.96,220.96,2.0,2.0,221,2.52,2.56315,0.52,0.5631499999999998,221.48000000000002
s01-r3-disconnect_trial-2,1,3,disconnect_trial,2.0,28,226.84,228.84,2.0,2.0,229,2.52,2.55738,0.52,0.5573800000000002,229.36
s01-r3-disconnect_trial-2,1,3,disconnect_trial,2.0,29,234.96,236.96,2.0,2.0,237,2.52,2.56244,0.52,0.56244,237.48000000000002
s01-r3-disconnect_trial-2,1,3,disconnect_trial,2.0,30,243.24,245.24,2.0,2.0,245,2.52,2.55941,0.52,0.5594100000000002,245.76000000000002
s01-r3-disconnect_trial-2,1,3,disconnect_trial,2.0,31,251.68,253.68,2.0,2.0,254,2.52,2.55875,0.52,0.5587499999999999,254.20000000000002
s01-r3-disconnect_trial-2,1,3,disconnect_trial,2.0,32,260.04,262.04,2.0,2.0,262,2.52,2.55804,0.52,0.5580400000000001,262.56
s01-r3-disconnect_trial-2,1,3,disconnect_trial,2.0,33,268.4,270.4,2.0,2.0,270,2.52,2.5634,0.52,0.5634000000000001,270.91999999999996
s01-r3-disconnect_trial-2,1,3,disconnect_trial,2.0,34,276.56,278.56,2.0,2.0,279,2.52,2.55895,0.52,0.5589499999999998,279.08
s01-r3-disconnect_trial-2,1,3,disconnect_trial,2.0,35,284.84,286.84,2.0,2.0,287,2.52,2.55863,0.52,0.55863,287.35999999999996
s01-r3-disconnect_trial-2,1,3,disconnect_trial,2.0,36,292.92,294.92,2.0,2.0,295,2.52,2.55786,0.52,0.5578599999999998,295.44
s01-r3-disconnect_trial-2,1,3,disconnect_trial,2.0,37,300.8,302.8,2.0,2.0,303,2.52,2.56299,0.52,0.5629900000000001,303.32
s01-r3-disconnect_trial-2,1,3,disconnect_trial,2.0,38,308.64,310.64,2.0,2.0,311,2.52,2.5625,0.52,0.5625,311.15999999999997
s01-r3-disconnect_trial-2,1,3,disconnect_trial,2.0,39,316.36,318.36,2.0,2.0,318,2.52,2.56268,0.52,0.5626799999999998,318.88
s01-r3-disconnect_trial-2,1,3,disconnect_trial,2.0,40,324.68,326.68,2.0,2.0,327,2.52,2.55872,0.52,0.5587200000000001,327.2
s01-r3-disconnect_trial-2,1,3,disconnect_trial,2.0,41,332.6,334.6,2.0,2.0,335,2.52,2.56301,0.52,0.5630099999999998,335.12
s01-r3-disconnect_trial-2,1,3,disconnect_trial,2.0,42,340.56,342.56,2.0,2.0,343,2.52,2.55831,0.52,0.5583100000000001,343.08
s01-r3-disconnect_trial-2,1,3,disconnect_trial,2.0,43,349.0,351.0,2.0,2.0,351,2.52,2.55891,0.52,0.55891,351.52
s01-r3-disconnect_trial-2,1,3,disconnect_trial,2.0,44,356.64,358.64,2.0,2.0,359,2.52,2.55796,0.52,0.55796,359.15999999999997
s01-r3-disconnect_trial-2,1,3,disconnect_trial,2.0,45,364.36,366.36,2.0,2.0,366,2.52,2.55963,0.52,0.5596299999999998,366.88
s01-r3-disconnect_trial-2,1,3,disconnect_trial,2.0,46,372.8,374.8,2.0,2.0,375,2.52,2.5586,0.52,0.5586000000000002,375.32
s01-r3-disconnect_trial-2,1,3,disconnect_trial,2.0,47,381.04,383.04,2.0,2.0,383,2.52,2.559,0.52,0.5590000000000002,383.56
s01-r4-disconnect-0.5,1,4,disconnect,0.5,0,45.64,46.16,0.5,0.519999999999996,47,1.52,1.56009,1.000000000000004,1.040090000000004,47.160000000000004
s01-r4-disconnect-0.5,1,4,disconnect,0.5,1,108.56,109.04,0.5,0.480000000000004,110,1.52,1.55937,1.039999999999996,1.079369999999996,110.08
s01-r4-disconnect-0.5,1,4,disconnect,0.5,2,228.44,228.92,0.5,0.47999999999998977,229,1.52,1.55978,1.0400000000000102,1.0797800000000102,229.96
s01-r4-disconnect-0.5,1,4,disconnect,0.5,3,264.16,264.64,0.5,0.47999999999996135,265,1.52,1.5597,1.0400000000000387,1.0797000000000387,265.68
s01-r4-disconnect-0.5,1,4,disconnect,0.5,4,338.88,339.36,0.5,0.4800000000000182,340,1.52,1.55911,1.0399999999999818,1.0791099999999818,340.4
s01-r4-disconnect-1,1,4,disconnect,1.0,0,37.32,38.32,1.0,1.0,38,1.52,1.55941,0.52,0.55941,38.84
s01-r4-disconnect-1,1,4,disconnect,1.0,1,159.8,160.8,1.0,1.0,161,1.52,1.55905,0.52,0.55905,161.32000000000002
s01-r4-disconnect-1,1,4,disconnect,1.0,2,165.8,166.8,1.0,1.0,167,1.52,1.56035,0.52,0.5603499999999999,167.32000000000002
s01-r4-disconnect-1,1,4,disconnect,1.0,3,270.28,271.28,1.0,1.0,271,1.52,1.55971,0.52,0.5597099999999999,271.79999999999995
s01-r4-disconnect-1,1,4,disconnect,1.0,4,353.56,354.56,1.0,1.0,355,1.52,1.55936,0.52,0.5593600000000001,355.08
s01-r4-disconnect-3,1,4,disconnect,3.0,0,42.76,45.76,3.0,3.0,46,3.52,3.55874,0.52,0.5587399999999998,46.28
s01-r4-disconnect-3,1,4,disconnect,3.0,1,150.36,153.36,3.0,3.0,153,3.52,3.55811,0.52,0.5581100000000001,153.88000000000002
s01-r4-disconnect-3,1,4,disconnect,3.0,2,223.28,226.28,3.0,3.0,226,3.52,3.55916,0.52,0.5591599999999999,226.8
s01-r4-disconnect-3,1,4,disconnect,3.0,3,233.48,236.48,3.0,3.0,237,3.52,3.5578,0.52,0.5577999999999999,237.0
s01-r4-disconnect-3,1,4,disconnect,3.0,4,241.48,244.48,3.0,3.0,245,3.52,3.55799,0.52,0.5579900000000002,245.0
s01-r4-disconnect_trial-0.5,1,4,disconnect_trial,0.5,0,3.0,3.52,0.5,0.52,4,1.52,1.56011,1.0,1.04011,4.52
s01-r4-disconnect_trial-0.5,1,4,disconnect_trial,0.5,1,11.04,11.52,0.5,0.4800000000000004,12,1.52,1.55953,1.0399999999999996,1.0795299999999997,12.559999999999999
s01-r4-disconnect_trial-0.5,1,4,disconnect_trial,0.5,2,18.72,19.2,0.5,0.4800000000000004,20,1.52,1.55997,1.0399999999999996,1.0799699999999997,20.24
s01-r4-disconnect_trial-0.5,1,4,disconnect_trial,0.5,3,26.52,27.0,0.5,0.4800000000000004,28,1.52,1.55878,1.0399999999999996,1.0787799999999996,28.04
s01-r4-disconnect_trial-0.5,1,4,disconnect_trial,0.5,4,34.56,35.04,0.5,0.4799999999999969,36,1.52,1.55921,1.0400000000000031,1.0792100000000031,36.080000000000005
s01-r4-disconnect_trial-0.5,1,4,disconnect_trial,0.5,5,43.0,43.48,0.5,0.4799999999999969,44,1.52,1.55952,1.0400000000000031,1.0795200000000031,44.52
s01-r4-disconnect_trial-0.5,1,4,disconnect_trial,0.5,6,50.64,51.16,0.5,0.519999999999996,52,1.52,1.55931,1.000000000000004,1.039310000000004,52.160000000000004
s01-r4-disconnect_trial-0.5,1,4,disconnect_trial,0.5,7,58.84,59.36,0.5,0.519999999999996,60,1.52,1.55958,1.000000000000004,1.039580000000004,60.36000000000001
s01-r4-disconnect_trial-0.5,1,4,disconnect_trial,0.5,8,66.56,67.08,0.5,0.519999999999996,68,1.52,1.55888,1.000000000000004,1.038880000000004,68.08
s01-r4-disconnect_trial-0.5,1,4,disconnect_trial,0.5,9,74.56,75.08,0.5,0.519999999999996,76,1.52,1.55954,1.000000000000004,1.039540000000004,76.08
s01-r4-disconnect_trial-0.5,1,4,disconnect_trial,0.5,10,82.2,82.68,0.5,0.480000000000004,83,1.52,1.55961,1.039999999999996,1.079609999999996,83.72
s01-r4-disconnect_trial-0.5,1,4,disconnect_trial,0.5,11,89.76,90.28,0.5,0.519999999999996,91,1.52,1.56032,1.000000000000004,1.040320000000004,91.28
s01-r4-disconnect_trial-0.5,1,4,disconnect_trial,0.5,12,97.68,98.16,0.5,0.47999999999998977,99,1.52,1.56393,1.0400000000000102,1.0839300000000103,99.2
s01-r4-disconnect_trial-0.5,1,4,disconnect_trial,0.5,13,105.44,105.92,0.5,0.480000000000004,106,1.52,1.55933,1.039999999999996,1.0793299999999961,106.96
s01-r4-disconnect_trial-0.5,1,4,disconnect_trial,0.5,14,113.32,113.8,0.5,0.480000000000004,114,1.52,1.56003,1.039999999999996,1.080029999999996,114.83999999999999
s01-r4-disconnect_trial-0.5,1,4,disconnect_trial,0.5,15,121.8,122.28,0.5,0.480000000000004,123,1.52,1.56042,1.039999999999996,1.080419999999996,123.32
s01-r4-disconnect_trial-0.5,1,4,disconnect_trial,0.5,16,129.8,130.32,0.5,0.5199999999999818,131,1.52,1.55989,1.0000000000000182,1.0398900000000182,131.32000000000002
s01-r4-disconnect_trial-0.5,1,4,disconnect_trial,0.5,17,138.08,138.6,0.5,0.5199999999999818,139,1.52,1.56041,1.0000000000000182,1.0404100000000183,139.60000000000002
s01-r4-disconnect_trial-0.5,1,4,disconnect_trial,0.5,18,146.24,146.72,0.5,0.47999999999998977,147,1.52,1.56001,1.0400000000000102,1.0800100000000101,147.76000000000002
s01-r4-disconnect_trial-0.5,1,4,disconnect_trial,0.5,19,154.48,155.0,0.5,0.5200000000000102,156,1.52,1.56017,0.9999999999999898,1.0401699999999898,156.0
s01-r4-disconnect_trial-0.5,1,4,disconnect_trial,0.5,20,162.76,163.28,0.5,0.5200000000000102,164,1.52,1.55886,0.9999999999999898,1.0388599999999897,164.28
s01-r4-disconnect_trial-0.5,1,4,disconnect_trial,0.5,21,171.08,171.6,0.5,0.5199999999999818,172,1.52,1.56428,1.0000000000000182,1.044280000000018,172.60000000000002
s01-r4-disconnect_trial-0.5,1,4,disconnect_trial,0.5,22,178.72,179.24,0.5,0.5200000000000102,180,1.52,1.56018,0.9999999999999898,1.0401799999999897,180.24
s01-r4-disconnect_trial-0.5,1,4,disconnect_trial,0.5,23,186.88,187.36,0.5,0.4800000000000182,188,1.52,1.55908,1.0399999999999818,1.0790799999999818,188.4
s01-r4-disconnect_trial-0.5,1,4,disconnect_trial,0.5,24,194.68,195.16,0.5,0.47999999999998977,196,1.52,1.55925,1.0400000000000102,1.0792500000000103,196.20000000000002
s01-r4-disconnect_trial-0.5,1,4,disconnect_trial,0.5,25,202.52,203.0,0.5,0.47999999999998977,204,1.52,1.55985,1.0400000000000102,1.0798500000000102,204.04000000000002
s01-r4-disconnect_trial-0.5,1,4,disconnect_trial,0.5,26,210.92,211.44,0.5,0.5200000000000102,212,1.52,1.56003,0.9999999999999898,1.0400299999999898,212.44
s01-r4-disconnect_trial-0.5,1,4,disconnect_trial,0.5,27,218.96,219.44,0.5,0.47999999999998977,220,1.52,1.56089,1.0400000000000102,1.0808900000000103,220.48000000000002
s01-r4-disconnect_trial-0.5,1,4,disconnect_trial,0.5,28,226.84,227.36,0.5,0.5200000000000102,228,1.52,1.56008,0.9999999999999898,1.0400799999999897,228.36
s01-r4-disconnect_trial-0.5,1,4,disconnect_trial,0.5,29,234.96,235.44,0.5,0.47999999999998977,236,1.52,1.55926,1.0400000000000102,1.0792600000000103,236.48000000000002
s01-r4-disconnect_trial-0.5,1,4,disconnect_trial,0.5,30,243.24,243.72,0.5,0.47999999999998977,244,1.52,1.55989,1.0400000000000102,1.0798900000000102,244.76000000000002
s01-r4-disconnect_trial-0.5,1,4,disconnect_trial,0.5,31,251.68,252.16,0.5,0.47999999999998977,253,1.52,1.56424,1.0400000000000102,1.0842400000000103,253.20000000000002
s01-r4-disconnect_trial-0.5,1,4,disconnect_trial,0.5,32,260.04,260.52,0.5,0.47999999999996135,261,1.52,1.56064,1.0400000000000387,1.0806400000000387,261.56
s01-r4-disconnect_trial-0.5,1,4,disconnect_trial,0.5,33,268.4,268.88,0.5,0.4800000000000182,269,1.52,1.5596,1.0399999999999818,1.079599999999982,269.91999999999996
s01-r4-disconnect_trial-0.5,1,4,disconnect_trial,0.5,34,276.56,277.08,0.5,0.5199999999999818,278,1.52,1.55984,1.0000000000000182,1.039840000000018,278.08
s01-r4-disconnect_trial-0.5,1,4,disconnect_trial,0.5,35,284.84,285.32,0.5,0.4800000000000182,286,1.52,1.55882,1.0399999999999818,1.078819999999982,286.35999999999996
s01-r4-disconnect_trial-0.5,1,4,disconnect_trial,0.5,36,292.92,293.4,0.5,0.47999999999996135,294,1.52,1.55965,1.0400000000000387,1.0796500000000386,294.44
s01-r4-disconnect_trial-0.5,1,4,disconnect_trial,0.5,37,300.8,301.28,0.5,0.47999999999996135,302,1.52,1.56048,1.0400000000000387,1.0804800000000387,302.32
s01-r4-disconnect_trial-0.5,1,4,disconnect_trial,0.5,38,308.64,309.16,0.5,0.5200000000000387,310,1.52,1.56028,0.9999999999999614,1.0402799999999612,310.15999999999997
s01-r4-disconnect_trial-0.5,1,4,disconnect_trial,0.5,39,316.36,316.84,0.5,0.47999999999996135,317,1.52,1.55981,1.0400000000000387,1.0798100000000386,317.88
s01-r4-disconnect_trial-0.5,1,4,disconnect_trial,0.5,40,324.68,325.16,0.5,0.4800000000000182,326,1.52,1.55972,1.0399999999999818,1.0797199999999818,326.2
s01-r4-disconnect_trial-0.5,1,4,disconnect_trial,0.5,41,332.6,333.08,0.5,0.47999999999996135,334,1.52,1.56039,1.0400000000000387,1.0803900000000386,334.12
s01-r4-disconnect_trial-0.5,1,4,disconnect_trial,0.5,42,340.56,341.04,0.5,0.4800000000000182,342,1.52,1.5597,1.0399999999999818,1.079699999999982,342.08
s01-r4-disconnect_trial-0.5,1,4,disconnect_trial,0.5,43,349.0,349.52,0.5,0.5199999999999818,350,1.52,1.55982,1.0000000000000182,1.0398200000000182,350.52
s01-r4-disconnect_trial-0.5,1,4,disconnect_trial,0.5,44,356.64,357.16,0.5,0.5200000000000387,358,1.52,1.55922,0.9999999999999614,1.0392199999999614,358.15999999999997
s01-r4-disconnect_trial-0.5,1,4,disconnect_trial,0.5,45,364.36,364.84,0.5,0.47999999999996135,365,1.52,1.55992,1.0400000000000387,1.0799200000000386,365.88
s01-r4-disconnect_trial-0.5,1,4,disconnect_trial,0.5,46,372.8,373.32,0.5,0.5199999999999818,374,1.52,1.55925,1.0000000000000182,1.0392500000000182,374.32
s01-r4-disconnect_trial-0.5,1,4,disconnect_trial,0.5,47,381.04,381.56,0.5,0.5199999999999818,382,1.52,1.55891,1.0000000000000182,1.0389100000000182,382.56
s01-r4-disconnect_trial-1,1,4,disconnect_trial,1.0,0,3.0,4.0,1.0,1.0,4,1.52,1.55953,0.52,0.5595300000000001,4.52
s01-r4-disconnect_trial-1,1,4,disconnect_trial,1.0,1,11.04,12.04,1.0,1.0,12,1.52,1.56013,0.52,0.56013,12.559999999999999
s01-r4-disconnect_trial-1,1,4,disconnect_trial,1.0,2,18.72,19.72,1.0,1.0,20,1.52,1.55949,0.52,0.55949,20.24
s01-r4-disconnect_trial-1,1,4,disconnect_trial,1.0,3,26.52,27.52,1.0,1.0,28,1.52,1.55989,0.52,0.55989,28.04
s01-r4-disconnect_trial-1,1,4,disconnect_trial,1.0,4,34.56,35.56,1.0,1.0,36,1.52,1.56075,0.52,0.5607500000000001,36.080000000000005
s01-r4-disconnect_trial-1,1,4,disconnect_trial,1.0,5,43.0,44.0,1.0,1.0,44,1.52,1.55974,0.52,0.5597399999999999,44.52
s01-r4-disconnect_trial-1,1,4,disconnect_trial,1.0,6,50.64,51.64,1.0,1.0,52,1.52,1.55981,0.52,0.5598099999999999,52.160000000000004
s01-r4-disconnect_trial-1,1,4,disconnect_trial,1.0,7,58.84,59.84,1.0,1.0,60,1.52,1.56022,0.52,0.5602199999999999,60.36000000000001
s01-r4-disconnect_trial-1,1,4,disconnect_trial,1.0,8,66.56,67.56,1.0,1.0,68,1.52,1.56435,0.52,0.5643499999999999,68.08
s01-r4-disconnect_trial-1,1,4,disconnect_trial,1.0,9,74.56,75.56,1.0,1.0,76,1.52,1.55988,0.52,0.5598799999999999,76.08
s01-r4-disconnect_trial-1,1,4,disconnect_trial,1.0,10,82.2,83.2,1.0,1.0,83,1.52,1.56054,0.52,0.56054,83.72
s01-r4-disconnect_trial-1,1,4,disconnect_trial,1.0,11,89.76,90.76,1.0,1.0,91,1.52,1.56008,0.52,0.5600799999999999,91.28
s01-r4-disconnect_trial-1,1,4,disconnect_trial,1.0,12,97.68,98.68,1.0,1.0,99,1.52,1.55955,0.52,0.55955,99.2
s01-r4-disconnect_trial-1,1,4,disconnect_trial,1.0,13,105.44,106.44,1.0,1.0,106,1.52,1.55925,0.52,0.55925,106.96
s01-r4-disconnect_trial-1,1,4,disconnect_trial,1.0,14,113.32,114.32,1.0,1.0,114,1.52,1.55965,0.52,0.55965,114.83999999999999
s01-r4-disconnect_trial-1,1,4,disconnect_trial,1.0,15,121.8,122.8,1.0,1.0,123,1.52,1.55973,0.52,0.5597300000000001,123.32
s01-r4-disconnect_trial-1,1,4,disconnect_trial,1.0,16,129.8,130.8,1.0,1.0,131,1.52,1.55991,0.52,0.5599099999999999,131.32000000000002
s01-r4-disconnect_trial-1,1,4,disconnect_trial,1.0,17,138.08,139.08,1.0,1.0,139,1.52,1.55972,0.52,0.55972,139.60000000000002
s01-r4-disconnect_trial-1,1,4,disconnect_trial,1.0,18,146.24,147.24,1.0,1.0,147,1.52,1.55677,0.52,0.55677,147.76000000000002
s01-r4-disconnect_trial-1,1,4,disconnect_trial,1.0,19,154.48,155.48,1.0,1.0,156,1.52,1.55982,0.52,0.55982,156.0
s01-r4-disconnect_trial-1,1,4,disconnect_trial,1.0,20,162.76,163.76,1.0,1.0,164,1.52,1.55974,0.52,0.5597399999999999,164.28
s01-r4-disconnect_trial-1,1,4,disconnect_trial,1.0,21,171.08,172.08,1.0,1.0,172,1.52,1.55981,0.52,0.5598099999999999,172.60000000000002
s01-r4-disconnect_trial-1,1,4,disconnect_trial,1.0,22,178.72,179.72,1.0,1.0,180,1.52,1.55992,0.52,0.55992,180.24
s01-r4-disconnect_trial-1,1,4,disconnect_trial,1.0,23,186.88,187.88,1.0,1.0,188,1.52,1.56038,0.52,0.5603800000000001,188.4
s01-r4-disconnect_trial-1,1,4,disconnect_trial,1.0,24,194.68,195.68,1.0,1.0,196,1.52,1.56044,0.52,0.56044,196.20000000000002
s01-r4-disconnect_trial-1,1,4,disconnect_trial,1.0,25,202.52,203.52,1.0,1.0,204,1.52,1.55946,0.52,0.5594600000000001,204.04000000000002
s01-r4-disconnect_trial-1,1,4,disconnect_trial,1.0,26,210.92,211.92,1.0,1.0,212,1.52,1.55927,0.52,0.5592699999999999,212.44
s01-r4-disconnect_trial-1,1,4,disconnect_trial,1.0,27,218.96,219.96,1.0,1.0,220,1.52,1.55933,0.52,0.5593300000000001,220.48000000000002
s01-r4-disconnect_trial-1,1,4,disconnect_trial,1.0,28,226.84,227.84,1.0,1.0,228,1.52,1.56063,0.52,0.56063,228.36
s01-r4-disconnect_trial-1,1,4,disconnect_trial,1.0,29,234.96,235.96,1.0,1.0,236,1.52,1.55974,0.52,0.5597399999999999,236.48000000000002
s01-r4-disconnect_trial-1,1,4,disconnect_trial,1.0,30,243.24,244.24,1.0,1.0,244,1.52,1.55978,0.52,0.5597799999999999,244.76000000000002
s01-r4-disconnect_trial-1,1,4,disconnect_trial,1.0,31,251.68,252.68,1.0,1.0,253,1.52,1.55961,0.52,0.5596099999999999,253.20000000000002
s01-r4-disconnect_trial-1,1,4,disconnect_trial,1.0,32,260.04,261.04,1.0,1.0,261,1.52,1.56076,0.52,0.5607599999999999,261.56
s01-r4-disconnect_trial-1,1,4,disconnect_trial,1.0,33,268.4,269.4,1.0,1.0,269,1.52,1.5588,0.52,0.5588,269.91999999999996
s01-r4-disconnect_trial-1,1,4,disconnect_trial,1.0,34,276.56,277.56,1.0,1.0,278,1.52,1.56018,0.52,0.5601799999999999,278.08
s01-r4-disconnect_trial-1,1,4,disconnect_trial,1.0,35,284.84,285.84,1.0,1.0,286,1.52,1.55956,0.52,0.5595600000000001,286.35999999999996
s01-r4-disconnect_trial-1,1,4,disconnect_trial,1.0,36,292.92,293.92,1.0,1.0,294,1.52,1.55512,0.52,0.5551200000000001,294.44
s01-r4-disconnect_trial-1,1,4,disconnect_trial,1.0,37,300.8,301.8,1.0,1.0,302,1.52,1.55969,0.52,0.55969,302.32
s01-r4-disconnect_trial-1,1,4,disconnect_trial,1.0,38,308.64,309.64,1.0,1.0,310,1.52,1.5589,0.52,0.5589,310.15999999999997
s01-r4-disconnect_trial-1,1,4,disconnect_trial,1.0,39,316.36,317.36,1.0,1.0,317,1.52,1.56006,0.52,0.56006,317.88
s01-r4-disconnect_trial-1,1,4,disconnect_trial,1.0,40,324.68,325.68,1.0,1.0,326,1.52,1.55961,0.52,0.5596099999999999,326.2
s01-r4-disconnect_trial-1,1,4,disconnect_trial,1.0,41,332.6,333.6,1.0,1.0,334,1.52,1.56478,0.52,0.5647800000000001,334.12
s01-r4-disconnect_trial-1,1,4,disconnect_trial,1.0,42,340.56,341.56,1.0,1.0,342,1.52,1.55964,0.52,0.5596399999999999,342.08
s01-r4-disconnect_trial-1,1,4,disconnect_trial,1.0,43,349.0,350.0,1.0,1.0,350,1.52,1.55959,0.52,0.55959,350.52
s01-r4-disconnect_trial-1,1,4,disconnect_trial,1.0,44,356.64,357.64,1.0,1.0,358,1.52,1.56046,0.52,0.56046,358.15999999999997
s01-r4-disconnect_trial-1,1,4,disconnect_trial,1.0,45,364.36,365.36,1.0,1.0,365,1.52,1.55999,0.52,0.55999,365.88
s01-r4-disconnect_trial-1,1,4,disconnect_trial,1.0,46,372.8,373.8,1.0,1.0,374,1.52,1.55994,0.52,0.5599400000000001,374.32
s01-r4-disconnect_trial-1,1,4,disconnect_trial,1.0,47,381.04,382.04,1.0,1.0,382,1.52,1.55904,0.52,0.55904,382.56
s01-r4-disconnect_trial-2,1,4,disconnect_trial,2.0,0,3.0,5.0,2.0,2.0,5,2.52,2.55941,0.52,0.5594100000000002,5.52
s01-r4-disconnect_trial-2,1,4,disconnect_trial,2.0,1,11.04,13.04,2.0,2.0,13,2.52,2.56309,0.52,0.5630899999999999,13.559999999999999
s01-r4-disconnect_trial-2,1,4,disconnect_trial,2.0,2,18.72,20.72,2.0,2.0,21,2.52,2.55821,0.52,0.5582099999999999,21.24
s01-r4-disconnect_trial-2,1,4,disconnect_trial,2.0,3,26.52,28.52,2.0,2.0,29,2.52,2.55861,0.52,0.5586099999999998,29.04
s01-r4-disconnect_trial-2,1,4,disconnect_trial,2.0,4,34.56,36.56,2.0,2.0,37,2.52,2.5591,0.52,0.5590999999999999,37.080000000000005
s01-r4-disconnect_trial-2,1,4,disconnect_trial,2.0,5,43.0,45.0,2.0,2.0,45,2.52,2.5583,0.52,0.5583,45.52
s01-r4-disconnect_trial-2,1,4,disconnect_trial,2.0,6,50.64,52.64,2.0,2.0,53,2.52,2.56368,0.52,0.5636800000000002,53.160000000000004
s01-r4-disconnect_trial-2,1,4,disconnect_trial,2.0,7,58.84,60.84,2.0,2.0,61,2.52,2.559,0.52,0.5590000000000002,61.36000000000001
s01-r4-disconnect_trial-2,1,4,disconnect_trial,2.0,8,66.56,68.56,2.0,2.0,69,2.52,2.55852,0.52,0.5585200000000001,69.08
s01-r4-disconnect_trial-2,1,4,disconnect_trial,2.0,9,74.56,76.56,2.0,2.0,77,2.52,2.55804,0.52,0.5580400000000001,77.08
s01-r4-disconnect_trial-2,1,4,disconnect_trial,2.0,10,82.2,84.2,2.0,2.0,84,2.52,2.56328,0.52,0.5632799999999998,84.72
s01-r4-disconnect_trial-2,1,4,disconnect_trial,2.0,11,89.76,91.76,2.0,2.0,92,2.52,2.55844,0.52,0.55844,92.28
s01-r4-disconnect_trial-2,1,4,disconnect_trial,2.0,12,97.68,99.68,2.0,2.0,100,2.52,2.5579,0.52,0.5579000000000001,100.2
s01-r4-disconnect_trial-2,1,4,disconnect_trial,2.0,13,105.44,107.44,2.0,2.0,107,2.52,2.56193,0.52,0.5619299999999998,107.96
s01-r4-disconnect_trial-2,1,4,disconnect_trial,2.0,14,113.32,115.32,2.0,2.0,115,2.52,2.56402,0.52,0.5640200000000002,115.83999999999999
s01-r4-disconnect_trial-2,1,4,disconnect_trial,2.0,15,121.8,123.8,2.0,2.0,124,2.52,2.55779,0.52,0.5577899999999998,124.32
s01-r4-disconnect_trial-2,1,4,disconnect_trial,2.0,16,129.8,131.8,2.0,2.0,132,2.52,2.56391,0.52,0.5639099999999999,132.32000000000002
s01-r4-disconnect_trial-2,1,4,disconnect_trial,2.0,17,138.08,140.08,2.0,2.0,140,2.52,2.55682,0.52,0.5568200000000001,140.60000000000002
s01-r4-disconnect_trial-2,1,4,disconnect_trial,2.0,18,146.24,148.24,2.0,2.0,148,2.52,2.55968,0.52,0.5596800000000002,148.76000000000002
s01-r4-disconnect_trial-2,1,4,disconnect_trial,2.0,19,154.48,156.48,2.0,2.0,157,2.52,2.55927,0.52,0.5592700000000002,157.0
s01-r4-disconnect_trial-2,1,4,disconnect_trial,2.0,20,162.76,164.76,2.0,2.0,165,2.52,2.55825,0.52,0.5582500000000001,165.28
s01-r4-disconnect_trial-2,1,4,disconnect_trial,2.0,21,171.08,173.08,2.0,2.0,173,2.52,2.55809,0.52,0.55809,173.60000000000002
s01-r4-disconnect_trial-2,1,4,disconnect_trial,2.0,22,178.72,180.72,2.0,2.0,181,2.52,2.55936,0.52,0.5593599999999999,181.24
s01-r4-disconnect_trial-2,1,4,disconnect_trial,2.0,23,186.88,188.88,2.0,2.0,189,2.52,2.56281,0.52,0.5628099999999998,189.4
s01-r4-disconnect_trial-2,1,4,disconnect_trial,2.0,24,194.68,196.68,2.0,2.0,197,2.52,2.56379,0.52,0.56379,197.20000000000002
s01-r4-disconnect_trial-2,1,4,disconnect_trial,2.0,25,202.52,204.52,2.0,2.0,205,2.52,2.55896,0.52,0.5589599999999999,205.04000000000002
s01-r4-disconnect_trial-2,1,4,disconnect_trial,2.0,26,210.92,212.92,2.0,2.0,213,2.52,2.56374,0.52,0.5637400000000001,213.44
s01-r4-disconnect_trial-2,1,4,disconnect_trial,2.0,27,218.96,220.96,2.0,2.0,221,2.52,2.55857,0.52,0.55857,221.48000000000002
s01-r4-disconnect_trial-2,1,4,disconnect_trial,2.0,28,226.84,228.84,2.0,2.0,229,2.52,2.55896,0.52,0.5589599999999999,229.36
s01-r4-disconnect_trial-2,1,4,disconnect_trial,2.0,29,234.96,236.96,2.0,2.0,237,2.52,2.55963,0.52,0.5596299999999998,237.48000000000002
s01-r4-disconnect_trial-2,1,4,disconnect_trial,2.0,30,243.24,245.24,2.0,2.0,245,2.52,2.55854,0.52,0.5585399999999998,245.76000000000002
s01-r4-disconnect_trial-2,1,4,disconnect_trial,2.0,31,251.68,253.68,2.0,2.0,254,2.52,2.5585,0.52,0.5585,254.20000000000002
s01-r4-disconnect_trial-2,1,4,disconnect_trial,2.0,32,260.04,262.04,2.0,2.0,262,2.52,2.55994,0.52,0.5599400000000001,262.56
s01-r4-disconnect_trial-2,1,4,disconnect_trial,2.0,33,268.4,270.4,2.0,2.0,270,2.52,2.55925,0.52,0.55925,270.91999999999996
s01-r4-disconnect_trial-2,1,4,disconnect_trial,2.0,34,276.56,278.56,2.0,2.0,279,2.52,2.55887,0.52,0.5588700000000002,279.08
s01-r4-disconnect_trial-2,1,4,disconnect_trial,2.0,35,284.84,286.84,2.0,2.0,287,2.52,2.55829,0.52,0.55829,287.35999999999996
s01-r4-disconnect_trial-2,1,4,disconnect_trial,2.0,36,292.92,294.92,2.0,2.0,295,2.52,2.56293,0.52,0.5629300000000002,295.44
s01-r4-disconnect_trial-2,1,4,disconnect_trial,2.0,37,300.8,302.8,2.0,2.0,303,2.52,2.55782,0.52,0.55782,303.32
s01-r4-disconnect_trial-2,1,4,disconnect_trial,2.0,38,308.64,310.64,2.0,2.0,311,2.52,2.55875,0.52,0.5587499999999999,311.15999999999997
s01-r4-disconnect_trial-2,1,4,disconnect_trial,2.0,39,316.36,318.36,2.0,2.0,318,2.52,2.55829,0.52,0.55829,318.88
s01-r4-disconnect_trial-2,1,4,disconnect_trial,2.0,40,324.68,326.68,2.0,2.0,327,2.52,2.55729,0.52,0.5572900000000001,327.2
s01-r4-disconnect_trial-2,1,4,disconnect_trial,2.0,41,332.6,334.6,2.0,2.0,335,2.52,2.55793,0.52,0.5579299999999998,335.12
s01-r4-disconnect_trial-2,1,4,disconnect_trial,2.0,42,340.56,342.56,2.0,2.0,343,2.52,2.55783,0.52,0.55783,343.08
s01-r4-disconnect_trial-2,1,4,disconnect_trial,2.0,43,349.0,351.0,2.0,2.0,351,2.52,2.56018,0.52,0.5601799999999999,351.52
s01-r4-disconnect_trial-2,1,4,disconnect_trial,2.0,44,356.64,358.64,2.0,2.0,359,2.52,2.55843,0.52,0.55843,359.15999999999997
s01-r4-disconnect_trial-2,1,4,disconnect_trial,2.0,45,364.36,366.36,2.0,2.0,366,2.52,2.56323,0.52,0.5632299999999999,366.88
s01-r4-disconnect_trial-2,1,4,disconnect_trial,2.0,46,372.8,374.8,2.0,2.0,375,2.52,2.55959,0.52,0.55959,375.32
s01-r4-disconnect_trial-2,1,4,disconnect_trial,2.0,47,381.04,383.04,2.0,2.0,383,2.52,2.56381,0.52,0.5638100000000001,383.56
s02-r0-disconnect-0.5,2,0,disconnect,0.5,0,20.32,20.84,0.5,0.5199999999999996,21,1.52,1.56084,1.0000000000000004,1.0408400000000004,21.84
s02-r0-disconnect-0.5,2,0,disconnect,0.5,1,99.96,100.44,0.5,0.480000000000004,101,1.52,1.56085,1.039999999999996,1.080849999999996,101.47999999999999
s02-r0-disconnect-0.5,2,0,disconnect,0.5,2,115.64,116.12,0.5,0.480000000000004,117,1.52,1.55907,1.039999999999996,1.079069999999996,117.16
s02-r0-disconnect-0.5,2,0,disconnect,0.5,3,233.84,234.36,0.5,0.5200000000000102,235,1.52,1.5597,0.9999999999999898,1.0396999999999899,235.36
s02-r0-disconnect-0.5,2,0,disconnect,0.5,4,269.96,270.44,0.5,0.4800000000000182,271,1.52,1.55574,1.0399999999999818,1.0757399999999817,271.47999999999996
s02-r0-disconnect-1,2,0,disconnect,1.0,0,29.32,30.32,1.0,1.0,30,1.52,1.56009,0.52,0.56009,30.84
s02-r0-disconnect-1,2,0,disconnect,1.0,1,82.76,83.76,1.0,1.0,84,1.52,1.55957,0.52,0.5595699999999999,84.28
s02-r0-disconnect-1,2,0,disconnect,1.0,2,236.28,237.28,1.0,1.0,237,1.52,1.56419,0.52,0.56419,237.8
s02-r0-disconnect-1,2,0,disconnect,1.0,3,249.2,250.2,1.0,1.0,250,1.52,1.55931,0.52,0.55931,250.72
s02-r0-disconnect-1,2,0,disconnect,1.0,4,368.6,369.6,1.0,1.0,370,1.52,1.55958,0.52,0.55958,370.12
s02-r0-disconnect-3,2,0,disconnect,3.0,0,153.2,156.2,3.0,3.0,156,3.52,3.56077,0.52,0.5607700000000002,156.72
s02-r0-disconnect-3,2,0,disconnect,3.0,1,191.84,194.84,3.0,3.0,195,3.52,3.56483,0.52,0.5648300000000002,195.36
s02-r0-disconnect-3,2,0,disconnect,3.0,2,210.28,213.28,3.0,3.0,213,3.52,3.56133,0.52,0.5613299999999999,213.8
s02-r0-disconnect-3,2,0,disconnect,3.0,3,218.28,221.28,3.0,3.0,221,3.52,3.56231,0.52,0.5623100000000001,221.8
s02-r0-disconnect-3,2,0,disconnect,3.0,4,280.48,283.48,3.0,3.0,284,3.52,3.55883,0.52,0.5588299999999999,284.0
s02-r0-disconnect_trial-0.5,2,0,disconnect_trial,0.5,0,3.0,3.52,0.5,0.52,4,1.52,1.56024,1.0,1.04024,4.52
s02-r0-disconnect_trial-0.5,2,0,disconnect_trial,0.5,1,11.04,11.52,0.5,0.4800000000000004,12,1.52,1.55999,1.0399999999999996,1.0799899999999996,12.559999999999999
s02-r0-disconnect_trial-0.5,2,0,disconnect_trial,0.5,2,18.72,19.2,0.5,0.4800000000000004,20,1.52,1.56032,1.0399999999999996,1.0803199999999995,20.24
s02-r0-disconnect_trial-0.5,2,0,disconnect_trial,0.5,3,26.52,27.0,0.5,0.4800000000000004,28,1.52,1.56471,1.0399999999999996,1.0847099999999996,28.04
s02-r0-disconnect_trial-0.5,2,0,disconnect_trial,0.5,4,34.56,35.04,0.5,0.4799999999999969,36,1.52,1.55994,1.0400000000000031,1.0799400000000032,36.080000000000005
s02-r0-disconnect_trial-0.5,2,0,disconnect_trial,0.5,5,43.0,43.48,0.5,0.4799999999999969,44,1.52,1.55911,1.0400000000000031,1.0791100000000031,44.52
s02-r0-disconnect_trial-0.5,2,0,disconnect_trial,0.5,6,50.64,51.16,0.5,0.519999999999996,52,1.52,1.55956,1.000000000000004,1.039560000000004,52.160000000000004
s02-r0-disconnect_trial-0.5,2,0,disconnect_trial,0.5,7,58.84,59.36,0.5,0.519999999999996,60,1.52,1.55975,1.000000000000004,1.039750000000004,60.36000000000001
s02-r0-disconnect_trial-0.5,2,0,disconnect_trial,0.5,8,66.56,67.08,0.5,0.519999999999996,68,1.52,1.55967,1.000000000000004,1.0396700000000039,68.08
s02-r0-disconnect_trial-0.5,2,0,disconnect_trial,0.5,9,74.56,75.08,0.5,0.519999999999996,76,1.52,1.55983,1.000000000000004,1.039830000000004,76.08
s02-r0-disconnect_trial-0.5,2,0,disconnect_trial,0.5,10,82.2,82.68,0.5,0.480000000000004,83,1.52,1.56004,1.039999999999996,1.0800399999999961,83.72
s02-r0-disconnect_trial-0.5,2,0,disconnect_trial,0.5,11,89.76,90.28,0.5,0.519999999999996,91,1.52,1.55992,1.000000000000004,1.039920000000004,91.28
s02-r0-disconnect_trial-0.5,2,0,disconnect_trial,0.5,12,97.68,98.16,0.5,0.47999999999998977,99,1.52,1.55901,1.0400000000000102,1.0790100000000102,99.2
s02-r0-disconnect_trial-0.5,2,0,disconnect_trial,0.5,13,105.44,105.92,0.5,0.480000000000004,106,1.52,1.5594,1.039999999999996,1.079399999999996,106.96
s02-r0-disconnect_trial-0.5,2,0,disconnect_trial,0.5,14,113.32,113.8,0.5,0.480000000000004,114,1.52,1.55948,1.039999999999996,1.079479999999996,114.83999999999999
s02-r0-disconnect_trial-0.5,2,0,disconnect_trial,0.5,15,121.8,122.28,0.5,0.480000000000004,123,1.52,1.55922,1.039999999999996,1.079219999999996,123.32
s02-r0-disconnect_trial-0.5,2,0,disconnect_trial,0.5,16,129.8,130.32,0.5,0.5199999999999818,131,1.52,1.55923,1.0000000000000182,1.039230000000018,131.32000000000002
s02-r0-disconnect_trial-0.5,2,0,disconnect_trial,0.5,17,138.08,138.6,0.5,0.5199999999999818,139,1.52,1.55953,1.0000000000000182,1.0395300000000183,139.60000000000002
s02-r0-disconnect_trial-0.5,2,0,disconnect_trial,0.5,18,146.24,146.72,0.5,0.47999999999998977,147,1.52,1.55934,1.0400000000000102,1.0793400000000102,147.76000000000002
s02-r0-disconnect_trial-0.5,2,0,disconnect_trial,0.5,19,154.48,155.0,0.5,0.5200000000000102,156,1.52,1.55947,0.9999999999999898,1.0394699999999897,156.0
s02-r0-disconnect_trial-0.5,2,0,disconnect_trial,0.5,20,162.76,163.28,0.5,0.5200000000000102,164,1.52,1.55961,0.9999999999999898,1.0396099999999897,164.28
s02-r0-disconnect_trial-0.5,2,0,disconnect_trial,0.5,21,171.08,171.6,0.5,0.5199999999999818,172,1.52,1.55955,1.0000000000000182,1.0395500000000182,172.60000000000002
s02-r0-disconnect_trial-0.5,2,0,disconnect_trial,0.5,22,178.72,179.24,0.5,0.5200000000000102,180,1.52,1.55967,0.9999999999999898,1.0396699999999897,180.24
s02-r0-disconnect_trial-0.5,2,0,disconnect_trial,0.5,23,186.88,187.36,0.5,0.4800000000000182,188,1.52,1.55893,1.0399999999999818,1.0789299999999817,188.4
s02-r0-disconnect_trial-0.5,2,0,disconnect_trial,0.5,24,194.68,195.16,0.5,0.47999999999998977,196,1.52,1.56022,1.0400000000000102,1.0802200000000102,196.20000000000002
s02-r0-disconnect_trial-0.5,2,0,disconnect_trial,0.5,25,202.52,203.0,0.5,0.47999999999998977,204,1.52,1.56047,1.0400000000000102,1.0804700000000103,204.04000000000002
s02-r0-disconnect_trial-0.5,2,0,disconnect_trial,0.5,26,210.92,211.44,0.5,0.5200000000000102,212,1.52,1.55931,0.9999999999999898,1.0393099999999897,212.44
s02-r0-disconnect_trial-0.5,2,0,disconnect_trial,0.5,27,218.96,219.44,0.5,0.47999999999998977,220,1.52,1.55968,1.0400000000000102,1.0796800000000102,220.48000000000002
s02-r0-disconnect_trial-0.5,2,0,disconnect_trial,0.5,28,226.84,227.36,0.5,0.5200000000000102,228,1.52,1.55929,0.9999999999999898,1.0392899999999898,228.36
s02-r0-disconnect_trial-0.5,2,0,disconnect_trial,0.5,29,234.96,235.44,0.5,0.47999999999998977,236,1.52,1.56039,1.0400000000000102,1.0803900000000102,236.48000000000002
s02-r0-disconnect_trial-0.5,2,0,disconnect_trial,0.5,30,243.24,243.72,0.5,0.47999999999998977,244,1.52,1.56427,1.0400000000000102,1.0842700000000103,244.76000000000002
s02-r0-disconnect_trial-0.5,2,0,disconnect_trial,0.5,31,251.68,252.16,0.5,0.47999999999998977,253,1.52,1.55977,1.0400000000000102,1.0797700000000103,253.20000000000002
s02-r0-disconnect_trial-0.5,2,0,disconnect_trial,0.5,32,260.04,260.52,0.5,0.47999999999996135,261,1.52,1.55917,1.0400000000000387,1.0791700000000386,261.56
s02-r0-disconnect_trial-0.5,2,0,disconnect_trial,0.5,33,268.4,268.88,0.5,0.4800000000000182,269,1.52,1.55955,1.0399999999999818,1.0795499999999818,269.91999999999996
s02-r0-disconnect_trial-0.5,2,0,disconnect_trial,0.5,34,276.56,277.08,0.5,0.5199999999999818,278,1.52,1.55964,1.0000000000000182,1.039640000000018,278.08
s02-r0-disconnect_trial-0.5,2,0,disconnect_trial,0.5,35,284.84,285.32,0.5,0.4800000000000182,286,1.52,1.55943,1.0399999999999818,1.079429999999982,286.35999999999996
s02-r0-disconnect_trial-0.5,2,0,disconnect_trial,0.5,36,292.92,293.4,0.5,0.47999999999996135,294,1.52,1.56016,1.0400000000000387,1.0801600000000386,294.44
s02-r0-disconnect_trial-0.5,2,0,disconnect_trial,0.5,37,300.8,301.28,0.5,0.47999999999996135,302,1.52,1.56065,1.0400000000000387,1.0806500000000387,302.32
s02-r0-disconnect_trial-0.5,2,0,disconnect_trial,0.5,38,308.64,309.16,0.5,0.5200000000000387,310,1.52,1.55943,0.9999999999999614,1.0394299999999614,310.15999999999997
s02-r0-disconnect_trial-0.5,2,0,disconnect_trial,0.5,39,316.36,316.84,0.5,0.47999999999996135,317,1.52,1.56011,1.0400000000000387,1.0801100000000388,317.88
s02-r0-disconnect_trial-0.5,2,0,disconnect_trial,0.5,40,324.68,325.16,0.5,0.4800000000000182,326,1.52,1.55998,1.0399999999999818,1.0799799999999817,326.2
s02-r0-disconnect_trial-0.5,2,0,disconnect_trial,0.5,41,332.6,333.08,0.5,0.47999999999996135,334,1.52,1.55898,1.0400000000000387,1.0789800000000387,334.12
s02-r0-disconnect_trial-0.5,2,0,disconnect_trial,0.5,42,340.56,341.04,0.5,0.4800000000000182,342,1.52,1.56,1.0399999999999818,1.0799999999999819,342.08
s02-r0-disconnect_trial-0.5,2,0,disconnect_trial,0.5,43,349.0,349.52,0.5,0.5199999999999818,350,1.52,1.56401,1.0000000000000182,1.044010000000018,350.52
s02-r0-disconnect_trial-0.5,2,0,disconnect_trial,0.5,44,356.64,357.16,0.5,0.5200000000000387,358,1.52,1.55962,0.9999999999999614,1.0396199999999614,358.15999999999997
s02-r0-disconnect_trial-0.5,2,0,disconnect_trial,0.5,45,364.36,364.84,0.5,0.47999999999996135,365,1.52,1.5597,1.0400000000000387,1.0797000000000387,365.88
s02-r0-disconnect_trial-0.5,2,0,disconnect_trial,0.5,46,372.8,373.32,0.5,0.5199999999999818,374,1.52,1.56422,1.0000000000000182,1.0442200000000181,374.32
s02-r0-disconnect_trial-0.5,2,0,disconnect_trial,0.5,47,381.04,381.56,0.5,0.5199999999999818,382,1.52,1.55983,1.0000000000000182,1.0398300000000182,382.56
s02-r0-disconnect_trial-1,2,0,disconnect_trial,1.0,0,3.0,4.0,1.0,1.0,4,1.52,1.55932,0.52,0.55932,4.52
s02-r0-disconnect_trial-1,2,0,disconnect_trial,1.0,1,11.04,12.04,1.0,1.0,12,1.52,1.55957,0.52,0.5595699999999999,12.559999999999999
s02-r0-disconnect_trial-1,2,0,disconnect_trial,1.0,2,18.72,19.72,1.0,1.0,20,1.52,1.55929,0.52,0.5592900000000001,20.24
s02-r0-disconnect_trial-1,2,0,disconnect_trial,1.0,3,26.52,27.52,1.0,1.0,28,1.52,1.55929,0.52,0.5592900000000001,28.04
s02-r0-disconnect_trial-1,2,0,disconnect_trial,1.0,4,34.56,35.56,1.0,1.0,36,1.52,1.55951,0.52,0.55951,36.080000000000005
s02-r0-disconnect_trial-1,2,0,disconnect_trial,1.0,5,43.0,44.0,1.0,1.0,44,1.52,1.56018,0.52,0.5601799999999999,44.52
s02-r0-disconnect_trial-1,2,0,disconnect_trial,1.0,6,50.64,51.64,1.0,1.0,52,1.52,1.56006,0.52,0.56006,52.160000000000004
s02-r0-disconnect_trial-1,2,0,disconnect_trial,1.0,7,58.84,59.84,1.0,1.0,60,1.52,1.55984,0.52,0.5598399999999999,60.36000000000001
s02-r0-disconnect_trial-1,2,0,disconnect_trial,1.0,8,66.56,67.56,1.0,1.0,68,1.52,1.55961,0.52,0.5596099999999999,68.08
s02-r0-disconnect_trial-1,2,0,disconnect_trial,1.0,9,74.56,75.56,1.0,1.0,76,1.52,1.55864,0.52,0.55864,76.08
s02-r0-disconnect_trial-1,2,0,disconnect_trial,1.0,10,82.2,83.2,1.0,1.0,83,1.52,1.55941,0.52,0.55941,83.72
s02-r0-disconnect_trial-1,2,0,disconnect_trial,1.0,11,89.76,90.76,1.0,1.0,91,1.52,1.55929,0.52,0.5592900000000001,91.28
s02-r0-disconnect_trial-1,2,0,disconnect_trial,1.0,12,97.68,98.68,1.0,1.0,99,1.52,1.5604,0.52,0.5604,99.2
s02-r0-disconnect_trial-1,2,0,disconnect_trial,1.0,13,105.44,106.44,1.0,1.0,106,1.52,1.56369,0.52,0.56369,106.96
s02-r0-disconnect_trial-1,2,0,disconnect_trial,1.0,14,113.32,114.32,1.0,1.0,114,1.52,1.55859,0.52,0.5585899999999999,114.83999999999999
s02-r0-disconnect_trial-1,2,0,disconnect_trial,1.0,15,121.8,122.8,1.0,1.0,123,1.52,1.55969,0.52,0.55969,123.32
s02-r0-disconnect_trial-1,2,0,disconnect_trial,1.0,16,129.8,130.8,1.0,1.0,131,1.52,1.55892,0.52,0.5589200000000001,131.32000000000002
s02-r0-disconnect_trial-1,2,0,disconnect_trial,1.0,17,138.08,139.08,1.0,1.0,139,1.52,1.56025,0.52,0.5602499999999999,139.60000000000002
s02-r0-disconnect_trial-1,2,0,disconnect_trial,1.0,18,146.24,147.24,1.0,1.0,147,1.52,1.55891,0.52,0.55891,147.76000000000002
s02-r0-disconnect_trial-1,2,0,disconnect_trial,1.0,19,154.48,155.48,1.0,1.0,156,1.52,1.55953,0.52,0.5595300000000001,156.0
s02-r0-disconnect_trial-1,2,0,disconnect_trial,1.0,20,162.76,163.76,1.0,1.0,164,1.52,1.56451,0.52,0.5645100000000001,164.28
s02-r0-disconnect_trial-1,2,0,disconnect_trial,1.0,21,171.08,172.08,1.0,1.0,172,1.52,1.55939,0.52,0.55939,172.60000000000002
s02-r0-disconnect_trial-1,2,0,disconnect_trial,1.0,22,178.72,179.72,1.0,1.0,180,1.52,1.55952,0.52,0.55952,180.24
s02-r0-disconnect_trial-1,2,0,disconnect_trial,1.0,23,186.88,187.88,1.0,1.0,188,1.52,1.55938,0.52,0.55938,188.4
s02-r0-disconnect_trial-1,2,0,disconnect_trial,1.0,24,194.68,195.68,1.0,1.0,196,1.52,1.55965,0.52,0.55965,196.20000000000002
s02-r0-disconnect_trial-1,2,0,disconnect_trial,1.0,25,202.52,203.52,1.0,1.0,204,1.52,1.55992,0.52,0.55992,204.04000000000002
s02-r0-disconnect_trial-1,2,0,disconnect_trial,1.0,26,210.92,211.92,1.0,1.0,212,1.52,1.56018,0.52,0.5601799999999999,212.44
s02-r0-disconnect_trial-1,2,0,disconnect_trial,1.0,27,218.96,219.96,1.0,1.0,220,1.52,1.55895,0.52,0.5589500000000001,220.48000000000002
s02-r0-disconnect_trial-1,2,0,disconnect_trial,1.0,28,226.84,227.84,1.0,1.0,228,1.52,1.56403,0.52,0.56403,228.36
s02-r0-disconnect_trial-1,2,0,disconnect_trial,1.0,29,234.96,235.96,1.0,1.0,236,1.52,1.55989,0.52,0.55989,236.48000000000002
s02-r0-disconnect_trial-1,2,0,disconnect_trial,1.0,30,243.24,244.24,1.0,1.0,244,1.52,1.55928,0.52,0.55928,244.76000000000002
s02-r0-disconnect_trial-1,2,0,disconnect_trial,1.0,31,251.68,252.68,1.0,1.0,253,1.52,1.55922,0.52,0.55922,253.20000000000002
s02-r0-disconnect_trial-1,2,0,disconnect_trial,1.0,32,260.04,261.04,1.0,1.0,261,1.52,1.55966,0.52,0.55966,261.56
s02-r0-disconnect_trial-1,2,0,disconnect_trial,1.0,33,268.4,269.4,1.0,1.0,269,1.52,1.55932,0.52,0.55932,269.91999999999996
s02-r0-disconnect_trial-1,2,0,disconnect_trial,1.0,34,276.56,277.56,1.0,1.0,278,1.52,1.5601,0.52,0.5601,278.08
s02-r0-disconnect_trial-1,2,0,disconnect_trial,1.0,35,284.84,285.84,1.0,1.0,286,1.52,1.55995,0.52,0.55995,286.35999999999996
s02-r0-disconnect_trial-1,2,0,disconnect_trial,1.0,36,292.92,293.92,1.0,1.0,294,1.52,1.55891,0.52,0.55891,294.44
s02-r0-disconnect_trial-1,2,0,disconnect_trial,1.0,37,300.8,301.8,1.0,1.0,302,1.52,1.56468,0.52,0.5646800000000001,302.32
s02-r0-disconnect_trial-1,2,0,disconnect_trial,1.0,38,308.64,309.64,1.0,1.0,310,1.52,1.5599,0.52,0.5599000000000001,310.15999999999997
s02-r0-disconnect_trial-1,2,0,disconnect_trial,1.0,39,316.36,317.36,1.0,1.0,317,1.52,1.5598,0.52,0.5598000000000001,317.88
s02-r0-disconnect_trial-1,2,0,disconnect_trial,1.0,40,324.68,325.68,1.0,1.0,326,1.52,1.55975,0.52,0.55975,326.2
s02-r0-disconnect_trial-1,2,0,disconnect_trial,1.0,41,332.6,333.6,1.0,1.0,334,1.52,1.55997,0.52,0.5599700000000001,334.12
s02-r0-disconnect_trial-1,2,0,disconnect_trial,1.0,42,340.56,341.56,1.0,1.0,342,1.52,1.55953,0.52,0.5595300000000001,342.08
s02-r0-disconnect_trial-1,2,0,disconnect_trial,1.0,43,349.0,350.0,1.0,1.0,350,1.52,1.55911,0.52,0.55911,350.52
s02-r0-disconnect_trial-1,2,0,disconnect_trial,1.0,44,356.64,357.64,1.0,1.0,358,1.52,1.55977,0.52,0.5597700000000001,358.15999999999997
s02-r0-disconnect_trial-1,2,0,disconnect_trial,1.0,45,364.36,365.36,1.0,1.0,365,1.52,1.55992,0.52,0.55992,365.88
s02-r0-disconnect_trial-1,2,0,disconnect_trial,1.0,46,372.8,373.8,1.0,1.0,374,1.52,1.55814,0.52,0.5581400000000001,374.32
s02-r0-disconnect_trial-1,2,0,disconnect_trial,1.0,47,381.04,382.04,1.0,1.0,382,1.52,1.55936,0.52,0.5593600000000001,382.56
s02-r0-disconnect_trial-2,2,0,disconnect_trial,2.0,0,3.0,5.0,2.0,2.0,5,2.52,2.55872,0.52,0.5587200000000001,5.52
s02-r0-disconnect_trial-2,2,0,disconnect_trial,2.0,1,11.04,13.04,2.0,2.0,13,2.52,2.558,0.52,0.5579999999999998,13.559999999999999
s02-r0-disconnect_trial-2,2,0,disconnect_trial,2.0,2,18.72,20.72,2.0,2.0,21,2.52,2.55884,0.52,0.55884,21.24
s02-r0-disconnect_trial-2,2,0,disconnect_trial,2.0,3,26.52,28.52,2.0,2.0,29,2.52,2.55892,0.52,0.5589200000000001,29.04
s02-r0-disconnect_trial-2,2,0,disconnect_trial,2.0,4,34.56,36.56,2.0,2.0,37,2.52,2.55995,0.52,0.5599500000000002,37.080000000000005
s02-r0-disconnect_trial-2,2,0,disconnect_trial,2.0,5,43.0,45.0,2.0,2.0,45,2.52,2.5635,0.52,0.5634999999999999,45.52
s02-r0-disconnect_trial-2,2,0,disconnect_trial,2.0,6,50.64,52.64,2.0,2.0,53,2.52,2.55894,0.52,0.5589400000000002,53.160000000000004
s02-r0-disconnect_trial-2,2,0,disconnect_trial,2.0,7,58.84,60.84,2.0,2.0,61,2.52,2.55849,0.52,0.5584899999999999,61.36000000000001
s02-r0-disconnect_trial-2,2,0,disconnect_trial,2.0,8,66.56,68.56,2.0,2.0,69,2.52,2.56331,0.52,0.56331,69.08
s02-r0-disconnect_trial-2,2,0,disconnect_trial,2.0,9,74.56,76.56,2.0,2.0,77,2.52,2.55909,0.52,0.5590899999999999,77.08
s02-r0-disconnect_trial-2,2,0,disconnect_trial,2.0,10,82.2,84.2,2.0,2.0,84,2.52,2.5586,0.52,0.5586000000000002,84.72
s02-r0-disconnect_trial-2,2,0,disconnect_trial,2.0,11,89.76,91.76,2.0,2.0,92,2.52,2.56358,0.52,0.56358,92.28
s02-r0-disconnect_trial-2,2,0,disconnect_trial,2.0,12,97.68,99.68,2.0,2.0,100,2.52,2.56081,0.52,0.56081,100.2
s02-r0-disconnect_trial-2,2,0,disconnect_trial,2.0,13,105.44,107.44,2.0,2.0,107,2.52,2.56318,0.52,0.56318,107.96
s02-r0-disconnect_trial-2,2,0,disconnect_trial,2.0,14,113.32,115.32,2.0,2.0,115,2.52,2.56389,0.52,0.5638899999999998,115.83999999999999
s02-r0-disconnect_trial-2,2,0,disconnect_trial,2.0,15,121.8,123.8,2.0,2.0,124,2.52,2.55969,0.52,0.5596899999999998,124.32
s02-r0-disconnect_trial-2,2,0,disconnect_trial,2.0,16,129.8,131.8,2.0,2.0,132,2.52,2.5588,0.52,0.5588000000000002,132.32000000000002
s02-r0-disconnect_trial-2,2,0,disconnect_trial,2.0,17,138.08,140.08,2.0,2.0,140,2.52,2.5581,0.52,0.5581,140.60000000000002
s02-r0-disconnect_trial-2,2,0,disconnect_trial,2.0,18,146.24,148.24,2.0,2.0,148,2.52,2.55919,0.52,0.5591900000000001,148.76000000000002
s02-r0-disconnect_trial-2,2,0,disconnect_trial,2.0,19,154.48,156.48,2.0,2.0,157,2.52,2.55897,0.52,0.55897,157.0
s02-r0-disconnect_trial-2,2,0,disconnect_trial,2.0,20,162.76,164.76,2.0,2.0,165,2.52,2.56369,0.52,0.5636899999999998,165.28
s02-r0-disconnect_trial-2,2,0,disconnect_trial,2.0,21,171.08,173.08,2.0,2.0,173,2.52,2.55913,0.52,0.5591300000000001,173.60000000000002
s02-r0-disconnect_trial-2,2,0,disconnect_trial,2.0,22,178.72,180.72,2.0,2.0,181,2.52,2.56328,0.52,0.5632799999999998,181.24
s02-r0-disconnect_trial-2,2,0,disconnect_trial,2.0,23,186.88,188.88,2.0,2.0,189,2.52,2.56343,0.52,0.5634299999999999,189.4
s02-r0-disconnect_trial-2,2,0,disconnect_trial,2.0,24,194.68,196.68,2.0,2.0,197,2.52,2.55879,0.52,0.5587900000000001,197.20000000000002
s02-r0-disconnect_trial-2,2,0,disconnect_trial,2.0,25,202.52,204.52,2.0,2.0,205,2.52,2.55823,0.52,0.55823,205.04000000000002
s02-r0-disconnect_trial-2,2,0,disconnect_trial,2.0,26,210.92,212.92,2.0,2.0,213,2.52,2.55944,0.52,0.5594399999999999,213.44
s02-r0-disconnect_trial-2,2,0,disconnect_trial,2.0,27,218.96,220.96,2.0,2.0,221,2.52,2.5579,0.52,0.5579000000000001,221.48000000000002
s02-r0-disconnect_trial-2,2,0,disconnect_trial,2.0,28,226.84,228.84,2.0,2.0,229,2.52,2.5593,0.52,0.5592999999999999,229.36
s02-r0-disconnect_trial-2,2,0,disconnect_trial,2.0,29,234.96,236.96,2.0,2.0,237,2.52,2.55821,0.52,0.5582099999999999,237.48000000000002
s02-r0-disconnect_trial-2,2,0,disconnect_trial,2.0,30,243.24,245.24,2.0,2.0,245,2.52,2.55858,0.52,0.5585800000000001,245.76000000000002
s02-r0-disconnect_trial-2,2,0,disconnect_trial,2.0,31,251.68,253.68,2.0,2.0,254,2.52,2.56323,0.52,0.5632299999999999,254.20000000000002
s02-r0-disconnect_trial-2,2,0,disconnect_trial,2.0,32,260.04,262.04,2.0,2.0,262,2.52,2.55869,0.52,0.5586899999999999,262.56
s02-r0-disconnect_trial-2,2,0,disconnect_trial,2.0,33,268.4,270.4,2.0,2.0,270,2.52,2.55941,0.52,0.5594100000000002,270.91999999999996
s02-r0-disconnect_trial-2,2,0,disconnect_trial,2.0,34,276.56,278.56,2.0,2.0,279,2.52,2.55853,0.52,0.5585300000000002,279.08
s02-r0-disconnect_trial-2,2,0,disconnect_trial,2.0,35,284.84,286.84,2.0,2.0,287,2.52,2.55914,0.52,0.5591400000000002,287.35999999999996
s02-r0-disconnect_trial-2,2,0,disconnect_trial,2.0,36,292.92,294.92,2.0,2.0,295,2.52,2.56311,0.52,0.56311,295.44
s02-r0-disconnect_trial-2,2,0,disconnect_trial,2.0,37,300.8,302.8,2.0,2.0,303,2.52,2.55742,0.52,0.55742,303.32
s02-r0-disconnect_trial-2,2,0,disconnect_trial,2.0,38,308.64,310.64,2.0,2.0,311,2.52,2.55942,0.52,0.5594199999999998,311.15999999999997
s02-r0-disconnect_trial-2,2,0,disconnect_trial,2.0,39,316.36,318.36,2.0,2.0,318,2.52,2.55842,0.52,0.5584199999999999,318.88
s02-r0-disconnect_trial-2,2,0,disconnect_trial,2.0,40,324.68,326.68,2.0,2.0,327,2.52,2.55792,0.52,0.5579200000000002,327.2
s02-r0-disconnect_trial-2,2,0,disconnect_trial,2.0,41,332.6,334.6,2.0,2.0,335,2.52,2.56259,0.52,0.5625900000000001,335.12
s02-r0-disconnect_trial-2,2,0,disconnect_trial,2.0,42,340.56,342.56,2.0,2.0,343,2.52,2.5632,0.52,0.5632000000000001,343.08
s02-r0-disconnect_trial-2,2,0,disconnect_trial,2.0,43,349.0,351.0,2.0,2.0,351,2.52,2.5593,0.52,0.5592999999999999,351.52
s02-r0-disconnect_trial-2,2,0,disconnect_trial,2.0,44,356.64,358.64,2.0,2.0,359,2.52,2.56348,0.52,0.5634800000000002,359.15999999999997
s02-r0-disconnect_trial-2,2,0,disconnect_trial,2.0,45,364.36,366.36,2.0,2.0,366,2.52,2.56278,0.52,0.5627800000000001,366.88
s02-r0-disconnect_trial-2,2,0,disconnect_trial,2.0,46,372.8,374.8,2.0,2.0,375,2.52,2.56251,0.52,0.5625100000000001,375.32
s02-r0-disconnect_trial-2,2,0,disconnect_trial,2.0,47,381.04,383.04,2.0,2.0,383,2.52,2.56391,0.52,0.5639099999999999,383.56
s02-r1-disconnect-0.5,2,1,disconnect,0.5,0,146.04,146.52,0.5,0.4800000000000182,147,1.52,1.55989,1.0399999999999818,1.0798899999999818,147.56
s02-r1-disconnect-0.5,2,1,disconnect,0.5,1,201.08,201.6,0.5,0.5199999999999818,202,1.52,1.55959,1.0000000000000182,1.0395900000000182,202.60000000000002
s02-r1-disconnect-0.5,2,1,disconnect,0.5,2,272.68,273.2,0.5,0.5199999999999818,274,1.52,1.55906,1.0000000000000182,1.039060000000018,274.2
s02-r1-disconnect-0.5,2,1,disconnect,0.5,3,317.24,317.72,0.5,0.4800000000000182,318,1.52,1.55985,1.0399999999999818,1.0798499999999818,318.76
s02-r1-disconnect-0.5,2,1,disconnect,0.5,4,360.32,360.8,0.5,0.4800000000000182,361,1.52,1.55993,1.0399999999999818,1.0799299999999818,361.84
s02-r1-disconnect-1,2,1,disconnect,1.0,0,25.12,26.12,1.0,1.0,26,1.52,1.56013,0.52,0.56013,26.64
s02-r1-disconnect-1,2,1,disconnect,1.0,1,68.96,69.96,1.0,1.0,70,1.52,1.55926,0.52,0.5592600000000001,70.47999999999999
s02-r1-disconnect-1,2,1,disconnect,1.0,2,152.68,153.68,1.0,1.0,154,1.52,1.55986,0.52,0.55986,154.20000000000002
s02-r1-disconnect-1,2,1,disconnect,1.0,3,223.8,224.8,1.0,1.0,225,1.52,1.5592,0.52,0.5591999999999999,225.32000000000002
s02-r1-disconnect-1,2,1,disconnect,1.0,4,323.4,324.4,1.0,1.0,324,1.52,1.55953,0.52,0.5595300000000001,324.91999999999996
s02-r1-disconnect-3,2,1,disconnect,3.0,0,35.32,38.32,3.0,3.0,38,3.52,3.55822,0.52,0.5582199999999999,38.84
s02-r1-disconnect-3,2,1,disconnect,3.0,1,43.32,46.32,3.0,3.0,46,3.52,3.55717,0.52,0.5571700000000002,46.84
s02-r1-disconnect-3,2,1,disconnect,3.0,2,59.16,62.16,3.0,3.0,62,3.52,3.55691,0.52,0.5569099999999998,62.68
s02-r1-disconnect-3,2,1,disconnect,3.0,3,164.76,167.76,3.0,3.0,168,3.52,3.56164,0.52,0.5616400000000001,168.28
s02-r1-disconnect-3,2,1,disconnect,3.0,4,333.8,336.8,3.0,3.0,337,3.52,3.5566,0.52,0.5566,337.32
s02-r1-disconnect_trial-0.5,2,1,disconnect_trial,0.5,0,3.0,3.52,0.5,0.52,4,1.52,1.55974,1.0,1.0397399999999999,4.52
s02-r1-disconnect_trial-0.5,2,1,disconnect_trial,0.5,1,11.04,11.52,0.5,0.4800000000000004,12,1.52,1.5643,1.0399999999999996,1.0842999999999996,12.559999999999999
s02-r1-disconnect_trial-0.5,2,1,disconnect_trial,0.5,2,18.72,19.2,0.5,0.4800000000000004,20,1.52,1.56012,1.0399999999999996,1.0801199999999995,20.24
s02-r1-disconnect_trial-0.5,2,1,disconnect_trial,0.5,3,26.52,27.0,0.5,0.4800000000000004,28,1.52,1.55931,1.0399999999999996,1.0793099999999995,28.04
s02-r1-disconnect_trial-0.5,2,1,disconnect_trial,0.5,4,34.56,35.04,0.5,0.4799999999999969,36,1.52,1.56454,1.0400000000000031,1.0845400000000032,36.080000000000005
s02-r1-disconnect_trial-0.5,2,1,disconnect_trial,0.5,5,43.0,43.48,0.5,0.4799999999999969,44,1.52,1.55973,1.0400000000000031,1.0797300000000032,44.52
s02-r1-disconnect_trial-0.5,2,1,disconnect_trial,0.5,6,50.64,51.16,0.5,0.519999999999996,52,1.52,1.56028,1.000000000000004,1.0402800000000039,52.160000000000004
s02-r1-disconnect_trial-0.5,2,1,disconnect_trial,0.5,7,58.84,59.36,0.5,0.519999999999996,60,1.52,1.56035,1.000000000000004,1.0403500000000039,60.36000000000001
s02-r1-disconnect_trial-0.5,2,1,disconnect_trial,0.5,8,66.56,67.08,0.5,0.519999999999996,68,1.52,1.56155,1.000000000000004,1.041550000000004,68.08
s02-r1-disconnect_trial-0.5,2,1,disconnect_trial,0.5,9,74.56,75.08,0.5,0.519999999999996,76,1.52,1.56038,1.000000000000004,1.040380000000004,76.08
s02-r1-disconnect_trial-0.5,2,1,disconnect_trial,0.5,10,82.2,82.68,0.5,0.480000000000004,83,1.52,1.55967,1.039999999999996,1.079669999999996,83.72
s02-r1-disconnect_trial-0.5,2,1,disconnect_trial,0.5,11,89.76,90.28,0.5,0.519999999999996,91,1.52,1.5602,1.000000000000004,1.040200000000004,91.28
s02-r1-disconnect_trial-0.5,2,1,disconnect_trial,0.5,12,97.68,98.16,0.5,0.47999999999998977,99,1.52,1.5599,1.0400000000000102,1.0799000000000103,99.2
s02-r1-disconnect_trial-0.5,2,1,disconnect_trial,0.5,13,105.44,105.92,0.5,0.480000000000004,106,1.52,1.55958,1.039999999999996,1.079579999999996,106.96
s02-r1-disconnect_trial-0.5,2,1,disconnect_trial,0.5,14,113.32,113.8,0.5,0.480000000000004,114,1.52,1.56009,1.039999999999996,1.080089999999996,114.83999999999999
s02-r1-disconnect_trial-0.5,2,1,disconnect_trial,0.5,15,121.8,122.28,0.5,0.480000000000004,123,1.52,1.56034,1.039999999999996,1.080339999999996,123.32
s02-r1-disconnect_trial-0.5,2,1,disconnect_trial,0.5,16,129.8,130.32,0.5,0.5199999999999818,131,1.52,1.56006,1.0000000000000182,1.0400600000000182,131.32000000000002
s02-r1-disconnect_trial-0.5,2,1,disconnect_trial,0.5,17,138.08,138.6,0.5,0.5199999999999818,139,1.52,1.56469,1.0000000000000182,1.044690000000018,139.60000000000002
s02-r1-disconnect_trial-0.5,2,1,disconnect_trial,0.5,18,146.24,146.72,0.5,0.47999999999998977,147,1.52,1.56442,1.0400000000000102,1.0844200000000102,147.76000000000002
s02-r1-disconnect_trial-0.5,2,1,disconnect_trial,0.5,19,154.48,155.0,0.5,0.5200000000000102,156,1.52,1.56004,0.9999999999999898,1.0400399999999899,156.0
s02-r1-disconnect_trial-0.5,2,1,disconnect_trial,0.5,20,162.76,163.28,0.5,0.5200000000000102,164,1.52,1.55996,0.9999999999999898,1.0399599999999898,164.28
s02-r1-disconnect_trial-0.5,2,1,disconnect_trial,0.5,21,171.08,171.6,0.5,0.5199999999999818,172,1.52,1.55958,1.0000000000000182,1.0395800000000182,172.60000000000002
s02-r1-disconnect_trial-0.5,2,1,disconnect_trial,0.5,22,178.72,179.24,0.5,0.5200000000000102,180,1.52,1.55943,0.9999999999999898,1.0394299999999899,180.24
s02-r1-disconnect_trial-0.5,2,1,disconnect_trial,0.5,23,186.88,187.36,0.5,0.4800000000000182,188,1.52,1.56017,1.0399999999999818,1.0801699999999819,188.4
s02-r1-disconnect_trial-0.5,2,1,disconnect_trial,0.5,24,194.68,195.16,0.5,0.47999999999998977,196,1.52,1.56016,1.0400000000000102,1.0801600000000102,196.20000000000002
s02-r1-disconnect_trial-0.5,2,1,disconnect_trial,0.5,25,202.52,203.0,0.5,0.47999999999998977,204,1.52,1.55983,1.0400000000000102,1.0798300000000103,204.04000000000002
s02-r1-disconnect_trial-0.5,2,1,disconnect_trial,0.5,26,210.92,211.44,0.5,0.5200000000000102,212,1.52,1.55923,0.9999999999999898,1.0392299999999897,212.44
s02-r1-disconnect_trial-0.5,2,1,disconnect_trial,0.5,27,218.96,219.44,0.5,0.47999999999998977,220,1.52,1.55944,1.0400000000000102,1.0794400000000102,220.48000000000002
s02-r1-disconnect_trial-0.5,2,1,disconnect_trial,0.5,28,226.84,227.36,0.5,0.5200000000000102,228,1.52,1.56018,0.9999999999999898,1.0401799999999897,228.36
s02-r1-disconnect_trial-0.5,2,1,disconnect_trial,0.5,29,234.96,235.44,0.5,0.47999999999998977,236,1.52,1.5597,1.0400000000000102,1.0797000000000103,236.48000000000002
s02-r1-disconnect_trial-0.5,2,1,disconnect_trial,0.5,30,243.24,243.72,0.5,0.47999999999998977,244,1.52,1.56033,1.0400000000000102,1.0803300000000102,244.76000000000002
s02-r1-disconnect_trial-0.5,2,1,disconnect_trial,0.5,31,251.68,252.16,0.5,0.47999999999998977,253,1.52,1.55984,1.0400000000000102,1.0798400000000101,253.20000000000002
s02-r1-disconnect_trial-0.5,2,1,disconnect_trial,0.5,32,260.04,260.52,0.5,0.47999999999996135,261,1.52,1.55975,1.0400000000000387,1.0797500000000386,261.56
s02-r1-disconnect_trial-0.5,2,1,disconnect_trial,0.5,33,268.4,268.88,0.5,0.4800000000000182,269,1.52,1.56001,1.0399999999999818,1.0800099999999817,269.91999999999996
s02-r1-disconnect_trial-0.5,2,1,disconnect_trial,0.5,34,276.56,277.08,0.5,0.5199999999999818,278,1.52,1.56021,1.0000000000000182,1.0402100000000183,278.08
s02-r1-disconnect_trial-0.5,2,1,disconnect_trial,0.5,35,284.84,285.32,0.5,0.4800000000000182,286,1.52,1.55946,1.0399999999999818,1.0794599999999819,286.35999999999996
s02-r1-disconnect_trial-0.5,2,1,disconnect_trial,0.5,36,292.92,293.4,0.5,0.47999999999996135,294,1.52,1.55962,1.0400000000000387,1.0796200000000387,294.44
s02-r1-disconnect_trial-0.5,2,1,disconnect_trial,0.5,37,300.8,301.28,0.5,0.47999999999996135,302,1.52,1.56453,1.0400000000000387,1.0845300000000386,302.32
s02-r1-disconnect_trial-0.5,2,1,disconnect_trial,0.5,38,308.64,309.16,0.5,0.5200000000000387,310,1.52,1.56036,0.9999999999999614,1.0403599999999613,310.15999999999997
s02-r1-disconnect_trial-0.5,2,1,disconnect_trial,0.5,39,316.36,316.84,0.5,0.47999999999996135,317,1.52,1.55984,1.0400000000000387,1.0798400000000385,317.88
s02-r1-disconnect_trial-0.5,2,1,disconnect_trial,0.5,40,324.68,325.16,0.5,0.4800000000000182,326,1.52,1.55973,1.0399999999999818,1.0797299999999819,326.2
s02-r1-disconnect_trial-0.5,2,1,disconnect_trial,0.5,41,332.6,333.08,0.5,0.47999999999996135,334,1.52,1.55959,1.0400000000000387,1.0795900000000387,334.12
s02-r1-disconnect_trial-0.5,2,1,disconnect_trial,0.5,42,340.56,341.04,0.5,0.4800000000000182,342,1.52,1.55964,1.0399999999999818,1.0796399999999817,342.08
s02-r1-disconnect_trial-0.5,2,1,disconnect_trial,0.5,43,349.0,349.52,0.5,0.5199999999999818,350,1.52,1.56029,1.0000000000000182,1.0402900000000181,350.52
s02-r1-disconnect_trial-0.5,2,1,disconnect_trial,0.5,44,356.64,357.16,0.5,0.5200000000000387,358,1.52,1.56004,0.9999999999999614,1.0400399999999614,358.15999999999997
s02-r1-disconnect_trial-0.5,2,1,disconnect_trial,0.5,45,364.36,364.84,0.5,0.47999999999996135,365,1.52,1.55919,1.0400000000000387,1.0791900000000387,365.88
s02-r1-disconnect_trial-0.5,2,1,disconnect_trial,0.5,46,372.8,373.32,0.5,0.5199999999999818,374,1.52,1.55954,1.0000000000000182,1.0395400000000181,374.32
s02-r1-disconnect_trial-0.5,2,1,disconnect_trial,0.5,47,381.04,381.56,0.5,0.5199999999999818,382,1.52,1.55993,1.0000000000000182,1.0399300000000182,382.56
s02-r1-disconnect_trial-1,2,1,disconnect_trial,1.0,0,3.0,4.0,1.0,1.0,4,1.52,1.56001,0.52,0.5600099999999999,4.52
s02-r1-disconnect_trial-1,2,1,disconnect_trial,1.0,1,11.04,12.04,1.0,1.0,12,1.52,1.55914,0.52,0.55914,12.559999999999999
s02-r1-disconnect_trial-1,2,1,disconnect_trial,1.0,2,18.72,19.72,1.0,1.0,20,1.52,1.55985,0.52,0.55985,20.24
s02-r1-disconnect_trial-1,2,1,disconnect_trial,1.0,3,26.52,27.52,1.0,1.0,28,1.52,1.55435,0.52,0.5543499999999999,28.04
s02-r1-disconnect_trial-1,2,1,disconnect_trial,1.0,4,34.56,35.56,1.0,1.0,36,1.52,1.55992,0.52,0.55992,36.080000000000005
s02-r1-disconnect_trial-1,2,1,disconnect_trial,1.0,5,43.0,44.0,1.0,1.0,44,1.52,1.56014,0.52,0.5601400000000001,44.52
s02-r1-disconnect_trial-1,2,1,disconnect_trial,1.0,6,50.64,51.64,1.0,1.0,52,1.52,1.56042,0.52,0.5604199999999999,52.160000000000004
s02-r1-disconnect_trial-1,2,1,disconnect_trial,1.0,7,58.84,59.84,1.0,1.0,60,1.52,1.55933,0.52,0.5593300000000001,60.36000000000001
s02-r1-disconnect_trial-1,2,1,disconnect_trial,1.0,8,66.56,67.56,1.0,1.0,68,1.52,1.55952,0.52,0.55952,68.08
s02-r1-disconnect_trial-1,2,1,disconnect_trial,1.0,9,74.56,75.56,1.0,1.0,76,1.52,1.55944,0.52,0.5594399999999999,76.08
s02-r1-disconnect_trial-1,2,1,disconnect_trial,1.0,10,82.2,83.2,1.0,1.0,83,1.52,1.56425,0.52,0.5642499999999999,83.72
s02-r1-disconnect_trial-1,2,1,disconnect_trial,1.0,11,89.76,90.76,1.0,1.0,91,1.52,1.55962,0.52,0.55962,91.28
s02-r1-disconnect_trial-1,2,1,disconnect_trial,1.0,12,97.68,98.68,1.0,1.0,99,1.52,1.55927,0.52,0.5592699999999999,99.2
s02-r1-disconnect_trial-1,2,1,disconnect_trial,1.0,13,105.44,106.44,1.0,1.0,106,1.52,1.56003,0.52,0.56003,106.96
s02-r1-disconnect_trial-1,2,1,disconnect_trial,1.0,14,113.32,114.32,1.0,1.0,114,1.52,1.55925,0.52,0.55925,114.83999999999999
s02-r1-disconnect_trial-1,2,1,disconnect_trial,1.0,15,121.8,122.8,1.0,1.0,123,1.52,1.55978,0.52,0.5597799999999999,123.32
s02-r1-disconnect_trial-1,2,1,disconnect_trial,1.0,16,129.8,130.8,1.0,1.0,131,1.52,1.56016,0.52,0.56016,131.32000000000002
s02-r1-disconnect_trial-1,2,1,disconnect_trial,1.0,17,138.08,139.08,1.0,1.0,139,1.52,1.55949,0.52,0.55949,139.60000000000002
s02-r1-disconnect_trial-1,2,1,disconnect_trial,1.0,18,146.24,147.24,1.0,1.0,147,1.52,1.55986,0.52,0.55986,147.76000000000002
s02-r1-disconnect_trial-1,2,1,disconnect_trial,1.0,19,154.48,155.48,1.0,1.0,156,1.52,1.56019,0.52,0.56019,156.0
s02-r1-disconnect_trial-1,2,1,disconnect_trial,1.0,20,162.76,163.76,1.0,1.0,164,1.52,1.5595,0.52,0.5595000000000001,164.28
s02-r1-disconnect_trial-1,2,1,disconnect_trial,1.0,21,171.08,172.08,1.0,1.0,172,1.52,1.55962,0.52,0.55962,172.60000000000002
s02-r1-disconnect_trial-1,2,1,disconnect_trial,1.0,22,178.72,179.72,1.0,1.0,180,1.52,1.56045,0.52,0.5604499999999999,180.24
s02-r1-disconnect_trial-1,2,1,disconnect_trial,1.0,23,186.88,187.88,1.0,1.0,188,1.52,1.55972,0.52,0.55972,188.4
s02-r1-disconnect_trial-1,2,1,disconnect_trial,1.0,24,194.68,195.68,1.0,1.0,196,1.52,1.55997,0.52,0.5599700000000001,196.20000000000002
s02-r1-disconnect_trial-1,2,1,disconnect_trial,1.0,25,202.52,203.52,1.0,1.0,204,1.52,1.55922,0.52,0.55922,204.04000000000002
s02-r1-disconnect_trial-1,2,1,disconnect_trial,1.0,26,210.92,211.92,1.0,1.0,212,1.52,1.55939,0.52,0.55939,212.44
s02-r1-disconnect_trial-1,2,1,disconnect_trial,1.0,27,218.96,219.96,1.0,1.0,220,1.52,1.55972,0.52,0.55972,220.48000000000002
s02-r1-disconnect_trial-1,2,1,disconnect_trial,1.0,28,226.84,227.84,1.0,1.0,228,1.52,1.55958,0.52,0.55958,228.36
s02-r1-disconnect_trial-1,2,1,disconnect_trial,1.0,29,234.96,235.96,1.0,1.0,236,1.52,1.55956,0.52,0.5595600000000001,236.48000000000002
s02-r1-disconnect_trial-1,2,1,disconnect_trial,1.0,30,243.24,244.24,1.0,1.0,244,1.52,1.5599,0.52,0.5599000000000001,244.76000000000002
s02-r1-disconnect_trial-1,2,1,disconnect_trial,1.0,31,251.68,252.68,1.0,1.0,253,1.52,1.56465,0.52,0.5646500000000001,253.20000000000002
s02-r1-disconnect_trial-1,2,1,disconnect_trial,1.0,32,260.04,261.04,1.0,1.0,261,1.52,1.5591,0.52,0.5590999999999999,261.56
s02-r1-disconnect_trial-1,2,1,disconnect_trial,1.0,33,268.4,269.4,1.0,1.0,269,1.52,1.55971,0.52,0.5597099999999999,269.91999999999996
s02-r1-disconnect_trial-1,2,1,disconnect_trial,1.0,34,276.56,277.56,1.0,1.0,278,1.52,1.55956,0.52,0.5595600000000001,278.08
s02-r1-disconnect_trial-1,2,1,disconnect_trial,1.0,35,284.84,285.84,1.0,1.0,286,1.52,1.5646,0.52,0.5646,286.35999999999996
s02-r1-disconnect_trial-1,2,1,disconnect_trial,1.0,36,292.92,293.92,1.0,1.0,294,1.52,1.55958,0.52,0.55958,294.44
s02-r1-disconnect_trial-1,2,1,disconnect_trial,1.0,37,300.8,301.8,1.0,1.0,302,1.52,1.55991,0.52,0.5599099999999999,302.32
s02-r1-disconnect_trial-1,2,1,disconnect_trial,1.0,38,308.64,309.64,1.0,1.0,310,1.52,1.56005,0.52,0.5600499999999999,310.15999999999997
s02-r1-disconnect_trial-1,2,1,disconnect_trial,1.0,39,316.36,317.36,1.0,1.0,317,1.52,1.56003,0.52,0.56003,317.88
s02-r1-disconnect_trial-1,2,1,disconnect_trial,1.0,40,324.68,325.68,1.0,1.0,326,1.52,1.5598,0.52,0.5598000000000001,326.2
s02-r1-disconnect_trial-1,2,1,disconnect_trial,1.0,41,332.6,333.6,1.0,1.0,334,1.52,1.55986,0.52,0.55986,334.12
s02-r1-disconnect_trial-1,2,1,disconnect_trial,1.0,42,340.56,341.56,1.0,1.0,342,1.52,1.55999,0.52,0.55999,342.08
s02-r1-disconnect_trial-1,2,1,disconnect_trial,1.0,43,349.0,350.0,1.0,1.0,350,1.52,1.56059,0.52,0.5605899999999999,350.52
s02-r1-disconnect_trial-1,2,1,disconnect_trial,1.0,44,356.64,357.64,1.0,1.0,358,1.52,1.5553,0.52,0.5552999999999999,358.15999999999997
s02-r1-disconnect_trial-1,2,1,disconnect_trial,1.0,45,364.36,365.36,1.0,1.0,365,1.52,1.56446,0.52,0.56446,365.88
s02-r1-disconnect_trial-1,2,1,disconnect_trial,1.0,46,372.8,373.8,1.0,1.0,374,1.52,1.55953,0.52,0.5595300000000001,374.32
s02-r1-disconnect_trial-1,2,1,disconnect_trial,1.0,47,381.04,382.04,1.0,1.0,382,1.52,1.55972,0.52,0.55972,382.56
s02-r1-disconnect_trial-2,2,1,disconnect_trial,2.0,0,3.0,5.0,2.0,2.0,5,2.52,2.55856,0.52,0.55856,5.52
s02-r1-disconnect_trial-2,2,1,disconnect_trial,2.0,1,11.04,13.04,2.0,2.0,13,2.52,2.56289,0.52,0.5628899999999999,13.559999999999999
s02-r1-disconnect_trial-2,2,1,disconnect_trial,2.0,2,18.72,20.72,2.0,2.0,21,2.52,2.56362,0.52,0.5636199999999998,21.24
s02-r1-disconnect_trial-2,2,1,disconnect_trial,2.0,3,26.52,28.52,2.0,2.0,29,2.52,2.5626,0.52,0.5626000000000002,29.04
s02-r1-disconnect_trial-2,2,1,disconnect_trial,2.0,4,34.56,36.56,2.0,2.0,37,2.52,2.56392,0.52,0.56392,37.080000000000005
s02-r1-disconnect_trial-2,2,1,disconnect_trial,2.0,5,43.0,45.0,2.0,2.0,45,2.52,2.55898,0.52,0.55898,45.52
s02-r1-disconnect_trial-2,2,1,disconnect_trial,2.0,6,50.64,52.64,2.0,2.0,53,2.52,2.55988,0.52,0.5598800000000002,53.160000000000004
s02-r1-disconnect_trial-2,2,1,disconnect_trial,2.0,7,58.84,60.84,2.0,2.0,61,2.52,2.55837,0.52,0.55837,61.36000000000001
s02-r1-disconnect_trial-2,2,1,disconnect_trial,2.0,8,66.56,68.56,2.0,2.0,69,2.52,2.55809,0.52,0.55809,69.08
s02-r1-disconnect_trial-2,2,1,disconnect_trial,2.0,9,74.56,76.56,2.0,2.0,77,2.52,2.55977,0.52,0.5597699999999999,77.08
s02-r1-disconnect_trial-2,2,1,disconnect_trial,2.0,10,82.2,84.2,2.0,2.0,84,2.52,2.55855,0.52,0.5585499999999999,84.72
s02-r1-disconnect_trial-2,2,1,disconnect_trial,2.0,11,89.76,91.76,2.0,2.0,92,2.52,2.56261,0.52,0.5626099999999998,92.28
s02-r1-disconnect_trial-2,2,1,disconnect_trial,2.0,12,97.68,99.68,2.0,2.0,100,2.52,2.55902,0.52,0.5590199999999999,100.2
s02-r1-disconnect_trial-2,2,1,disconnect_trial,2.0,13,105.44,107.44,2.0,2.0,107,2.52,2.55864,0.52,0.55864,107.96
s02-r1-disconnect_trial-2,2,1,disconnect_trial,2.0,14,113.32,115.32,2.0,2.0,115,2.52,2.55911,0.52,0.55911,115.83999999999999
s02-r1-disconnect_trial-2,2,1,disconnect_trial,2.0,15,121.8,123.8,2.0,2.0,124,2.52,2.55923,0.52,0.5592299999999999,124.32
s02-r1-disconnect_trial-2,2,1,disconnect_trial,2.0,16,129.8,131.8,2.0,2.0,132,2.52,2.5638,0.52,0.5638000000000001,132.32000000000002
s02-r1-disconnect_trial-2,2,1,disconnect_trial,2.0,17,138.08,140.08,2.0,2.0,140,2.52,2.55866,0.52,0.5586600000000002,140.60000000000002
s02-r1-disconnect_trial-2,2,1,disconnect_trial,2.0,18,146.24,148.24,2.0,2.0,148,2.52,2.55981,0.52,0.5598100000000001,148.76000000000002
s02-r1-disconnect_trial-2,2,1,disconnect_trial,2.0,19,154.48,156.48,2.0,2.0,157,2.52,2.55922,0.52,0.5592199999999998,157.0
s02-r1-disconnect_trial-2,2,1,disconnect_trial,2.0,20,162.76,164.76,2.0,2.0,165,2.52,2.56445,0.52,0.5644499999999999,165.28
s02-r1-disconnect_trial-2,2,1,disconnect_trial,2.0,21,171.08,173.08,2.0,2.0,173,2.52,2.5636,0.52,0.5636000000000001,173.60000000000002
s02-r1-disconnect_trial-2,2,1,disconnect_trial,2.0,22,178.72,180.72,2.0,2.0,181,2.52,2.56327,0.52,0.5632700000000002,181.24
s02-r1-disconnect_trial-2,2,1,disconnect_trial,2.0,23,186.88,188.88,2.0,2.0,189,2.52,2.56322,0.52,0.5632199999999998,189.4
s02-r1-disconnect_trial-2,2,1,disconnect_trial,2.0,24,194.68,196.68,2.0,2.0,197,2.52,2.55946,0.52,0.5594600000000001,197.20000000000002
s02-r1-disconnect_trial-2,2,1,disconnect_trial,2.0,25,202.52,204.52,2.0,2.0,205,2.52,2.56324,0.52,0.56324,205.04000000000002
s02-r1-disconnect_trial-2,2,1,disconnect_trial,2.0,26,210.92,212.92,2.0,2.0,213,2.52,2.56278,0.52,0.5627800000000001,213.44
s02-r1-disconnect_trial-2,2,1,disconnect_trial,2.0,27,218.96,220.96,2.0,2.0,221,2.52,2.5595,0.52,0.5594999999999999,221.48000000000002
s02-r1-disconnect_trial-2,2,1,disconnect_trial,2.0,28,226.84,228.84,2.0,2.0,229,2.52,2.55906,0.52,0.5590600000000001,229.36
s02-r1-disconnect_trial-2,2,1,disconnect_trial,2.0,29,234.96,236.96,2.0,2.0,237,2.52,2.55998,0.52,0.5599799999999999,237.48000000000002
s02-r1-disconnect_trial-2,2,1,disconnect_trial,2.0,30,243.24,245.24,2.0,2.0,245,2.52,2.5583,0.52,0.5583,245.76000000000002
s02-r1-disconnect_trial-2,2,1,disconnect_trial,2.0,31,251.68,253.68,2.0,2.0,254,2.52,2.5585,0.52,0.5585,254.20000000000002
s02-r1-disconnect_trial-2,2,1,disconnect_trial,2.0,32,260.04,262.04,2.0,2.0,262,2.52,2.56303,0.52,0.5630299999999999,262.56
s02-r1-disconnect_trial-2,2,1,disconnect_trial,2.0,33,268.4,270.4,2.0,2.0,270,2.52,2.55855,0.52,0.5585499999999999,270.91999999999996
s02-r1-disconnect_trial-2,2,1,disconnect_trial,2.0,34,276.56,278.56,2.0,2.0,279,2.52,2.55909,0.52,0.5590899999999999,279.08
s02-r1-disconnect_trial-2,2,1,disconnect_trial,2.0,35,284.84,286.84,2.0,2.0,287,2.52,2.55915,0.52,0.5591499999999998,287.35999999999996
s02-r1-disconnect_trial-2,2,1,disconnect_trial,2.0,36,292.92,294.92,2.0,2.0,295,2.52,2.55838,0.52,0.5583800000000001,295.44
s02-r1-disconnect_trial-2,2,1,disconnect_trial,2.0,37,300.8,302.8,2.0,2.0,303,2.52,2.55817,0.52,0.55817,303.32
s02-r1-disconnect_trial-2,2,1,disconnect_trial,2.0,38,308.64,310.64,2.0,2.0,311,2.52,2.55827,0.52,0.5582699999999998,311.15999999999997
s02-r1-disconnect_trial-2,2,1,disconnect_trial,2.0,39,316.36,318.36,2.0,2.0,318,2.52,2.55791,0.52,0.5579100000000001,318.88
s02-r1-disconnect_trial-2,2,1,disconnect_trial,2.0,40,324.68,326.68,2.0,2.0,327,2.52,2.56379,0.52,0.56379,327.2
s02-r1-disconnect_trial-2,2,1,disconnect_trial,2.0,41,332.6,334.6,2.0,2.0,335,2.52,2.56361,0.52,0.5636100000000002,335.12
s02-r1-disconnect_trial-2,2,1,disconnect_trial,2.0,42,340.56,342.56,2.0,2.0,343,2.52,2.5585,0.52,0.5585,343.08
s02-r1-disconnect_trial-2,2,1,disconnect_trial,2.0,43,349.0,351.0,2.0,2.0,351,2.52,2.56383,0.52,0.5638299999999998,351.52
s02-r1-disconnect_trial-2,2,1,disconnect_trial,2.0,44,356.64,358.64,2.0,2.0,359,2.52,2.55832,0.52,0.5583200000000001,359.15999999999997
s02-r1-disconnect_trial-2,2,1,disconnect_trial,2.0,45,364.36,366.36,2.0,2.0,366,2.52,2.55938,0.52,0.55938,366.88
s02-r1-disconnect_trial-2,2,1,disconnect_trial,2.0,46,372.8,374.8,2.0,2.0,375,2.52,2.55901,0.52,0.5590099999999998,375.32
s02-r1-disconnect_trial-2,2,1,disconnect_trial,2.0,47,381.04,383.04,2.0,2.0,383,2.52,2.55926,0.52,0.5592600000000001,383.56
s02-r2-disconnect-0.5,2,2,disconnect,0.5,0,64.68,65.16,0.5,0.47999999999998977,66,1.52,1.55946,1.0400000000000102,1.0794600000000103,66.2
s02-r2-disconnect-0.5,2,2,disconnect,0.5,1,99.64,100.12,0.5,0.480000000000004,101,1.52,1.55915,1.039999999999996,1.079149999999996,101.16
s02-r2-disconnect-0.5,2,2,disconnect,0.5,2,105.12,105.64,0.5,0.519999999999996,106,1.52,1.5597,1.000000000000004,1.039700000000004,106.64
s02-r2-disconnect-0.5,2,2,disconnect,0.5,3,261.88,262.4,0.5,0.5199999999999818,263,1.52,1.56034,1.0000000000000182,1.0403400000000183,263.4
s02-r2-disconnect-0.5,2,2,disconnect,0.5,4,296.04,296.56,0.5,0.5199999999999818,297,1.52,1.55965,1.0000000000000182,1.0396500000000182,297.56
s02-r2-disconnect-1,2,2,disconnect,1.0,0,154.88,155.88,1.0,1.0,156,1.52,1.55948,0.52,0.55948,156.4
s02-r2-disconnect-1,2,2,disconnect,1.0,1,186.6,187.6,1.0,1.0,188,1.52,1.5634,0.52,0.5633999999999999,188.12
s02-r2-disconnect-1,2,2,disconnect,1.0,2,247.72,248.72,1.0,1.0,249,1.52,1.55564,0.52,0.5556399999999999,249.24
s02-r2-disconnect-1,2,2,disconnect,1.0,3,278.36,279.36,1.0,1.0,279,1.52,1.55946,0.52,0.5594600000000001,279.88
s02-r2-disconnect-1,2,2,disconnect,1.0,4,334.2,335.2,1.0,1.0,335,1.52,1.5598,0.52,0.5598000000000001,335.71999999999997
s02-r2-disconnect-3,2,2,disconnect,3.0,0,44.6,47.6,3.0,3.0,48,3.56,3.6032,0.56,0.6032000000000002,48.160000000000004
s02-r2-disconnect-3,2,2,disconnect,3.0,1,66.0,69.0,3.0,3.0,69,3.52,3.55883,0.52,0.5588299999999999,69.52
s02-r2-disconnect-3,2,2,disconnect,3.0,2,94.28,97.28,3.0,3.0,97,3.52,3.56313,0.52,0.5631300000000001,97.8
s02-r2-disconnect-3,2,2,disconnect,3.0,3,273.28,276.28,3.0,3.0,276,3.52,3.56214,0.52,0.5621399999999999,276.79999999999995
s02-r2-disconnect-3,2,2,disconnect,3.0,4,285.48,288.48,3.0,3.0,289,3.52,3.5633,0.52,0.5632999999999999,289.0
s02-r2-disconnect_trial-0.5,2,2,disconnect_trial,0.5,0,3.0,3.52,0.5,0.52,4,1.52,1.55967,1.0,1.0396699999999999,4.52
s02-r2-disconnect_trial-0.5,2,2,disconnect_trial,0.5,1,11.04,11.52,0.5,0.4800000000000004,12,1.52,1.56014,1.0399999999999996,1.0801399999999997,12.559999999999999
s02-r2-disconnect_trial-0.5,2,2,disconnect_trial,0.5,2,18.72,19.2,0.5,0.4800000000000004,20,1.52,1.55944,1.0399999999999996,1.0794399999999995,20.24
s02-r2-disconnect_trial-0.5,2,2,disconnect_trial,0.5,3,26.52,27.0,0.5,0.4800000000000004,28,1.52,1.56002,1.0399999999999996,1.0800199999999995,28.04
s02-r2-disconnect_trial-0.5,2,2,disconnect_trial,0.5,4,34.56,35.04,0.5,0.4799999999999969,36,1.52,1.55904,1.0400000000000031,1.079040000000003,36.080000000000005
s02-r2-disconnect_trial-0.5,2,2,disconnect_trial,0.5,5,43.0,43.48,0.5,0.4799999999999969,44,1.52,1.56031,1.0400000000000031,1.0803100000000032,44.52
s02-r2-disconnect_trial-0.5,2,2,disconnect_trial,0.5,6,50.64,51.16,0.5,0.519999999999996,52,1.52,1.55919,1.000000000000004,1.039190000000004,52.160000000000004
s02-r2-disconnect_trial-0.5,2,2,disconnect_trial,0.5,7,58.84,59.36,0.5,0.519999999999996,60,1.52,1.55947,1.000000000000004,1.039470000000004,60.36000000000001
s02-r2-disconnect_trial-0.5,2,2,disconnect_trial,0.5,8,66.56,67.08,0.5,0.519999999999996,68,1.52,1.5595,1.000000000000004,1.039500000000004,68.08
s02-r2-disconnect_trial-0.5,2,2,disconnect_trial,0.5,9,74.56,75.08,0.5,0.519999999999996,76,1.52,1.5604,1.000000000000004,1.040400000000004,76.08
s02-r2-disconnect_trial-0.5,2,2,disconnect_trial,0.5,10,82.2,82.68,0.5,0.480000000000004,83,1.52,1.55985,1.039999999999996,1.079849999999996,83.72
s02-r2-disconnect_trial-0.5,2,2,disconnect_trial,0.5,11,89.76,90.28,0.5,0.519999999999996,91,1.52,1.56019,1.000000000000004,1.040190000000004,91.28
s02-r2-disconnect_trial-0.5,2,2,disconnect_trial,0.5,12,97.68,98.16,0.5,0.47999999999998977,99,1.52,1.55999,1.0400000000000102,1.0799900000000102,99.2
s02-r2-disconnect_trial-0.5,2,2,disconnect_trial,0.5,13,105.44,105.92,0.5,0.480000000000004,106,1.52,1.56048,1.039999999999996,1.080479999999996,106.96
s02-r2-disconnect_trial-0.5,2,2,disconnect_trial,0.5,14,113.32,113.8,0.5,0.480000000000004,114,1.52,1.5585,1.039999999999996,1.078499999999996,114.83999999999999
s02-r2-disconnect_trial-0.5,2,2,disconnect_trial,0.5,15,121.8,122.28,0.5,0.480000000000004,123,1.52,1.55844,1.039999999999996,1.078439999999996,123.32
s02-r2-disconnect_trial-0.5,2,2,disconnect_trial,0.5,16,129.8,130.32,0.5,0.5199999999999818,131,1.52,1.55931,1.0000000000000182,1.0393100000000182,131.32000000000002
s02-r2-disconnect_trial-0.5,2,2,disconnect_trial,0.5,17,138.08,138.6,0.5,0.5199999999999818,139,1.52,1.55959,1.0000000000000182,1.0395900000000182,139.60000000000002
s02-r2-disconnect_trial-0.5,2,2,disconnect_trial,0.5,18,146.24,146.72,0.5,0.47999999999998977,147,1.52,1.55969,1.0400000000000102,1.0796900000000103,147.76000000000002
s02-r2-disconnect_trial-0.5,2,2,disconnect_trial,0.5,19,154.48,155.0,0.5,0.5200000000000102,156,1.52,1.5601,0.9999999999999898,1.0400999999999898,156.0
s02-r2-disconnect_trial-0.5,2,2,disconnect_trial,0.5,20,162.76,163.28,0.5,0.5200000000000102,164,1.52,1.55946,0.9999999999999898,1.0394599999999898,164.28
s02-r2-disconnect_trial-0.5,2,2,disconnect_trial,0.5,21,171.08,171.6,0.5,0.5199999999999818,172,1.52,1.55977,1.0000000000000182,1.0397700000000183,172.60000000000002
s02-r2-disconnect_trial-0.5,2,2,disconnect_trial,0.5,22,178.72,179.24,0.5,0.5200000000000102,180,1.52,1.55935,0.9999999999999898,1.0393499999999898,180.24
s02-r2-disconnect_trial-0.5,2,2,disconnect_trial,0.5,23,186.88,187.36,0.5,0.4800000000000182,188,1.52,1.56,1.0399999999999818,1.0799999999999819,188.4
s02-r2-disconnect_trial-0.5,2,2,disconnect_trial,0.5,24,194.68,195.16,0.5,0.47999999999998977,196,1.52,1.55969,1.0400000000000102,1.0796900000000103,196.20000000000002
s02-r2-disconnect_trial-0.5,2,2,disconnect_trial,0.5,25,202.52,203.0,0.5,0.47999999999998977,204,1.52,1.56435,1.0400000000000102,1.0843500000000101,204.04000000000002
s02-r2-disconnect_trial-0.5,2,2,disconnect_trial,0.5,26,210.92,211.44,0.5,0.5200000000000102,212,1.52,1.55907,0.9999999999999898,1.0390699999999897,212.44
s02-r2-disconnect_trial-0.5,2,2,disconnect_trial,0.5,27,218.96,219.44,0.5,0.47999999999998977,220,1.52,1.55911,1.0400000000000102,1.0791100000000102,220.48000000000002
s02-r2-disconnect_trial-0.5,2,2,disconnect_trial,0.5,28,226.84,227.36,0.5,0.5200000000000102,228,1.52,1.55941,0.9999999999999898,1.0394099999999897,228.36
s02-r2-disconnect_trial-0.5,2,2,disconnect_trial,0.5,29,234.96,235.44,0.5,0.47999999999998977,236,1.52,1.55979,1.0400000000000102,1.0797900000000102,236.48000000000002
s02-r2-disconnect_trial-0.5,2,2,disconnect_trial,0.5,30,243.24,243.72,0.5,0.47999999999998977,244,1.52,1.56014,1.0400000000000102,1.0801400000000103,244.76000000000002
s02-r2-disconnect_trial-0.5,2,2,disconnect_trial,0.5,31,251.68,252.16,0.5,0.47999999999998977,253,1.52,1.55864,1.0400000000000102,1.0786400000000103,253.20000000000002
s02-r2-disconnect_trial-0.5,2,2,disconnect_trial,0.5,32,260.04,260.52,0.5,0.47999999999996135,261,1.52,1.55993,1.0400000000000387,1.0799300000000387,261.56
s02-r2-disconnect_trial-0.5,2,2,disconnect_trial,0.5,33,268.4,268.88,0.5,0.4800000000000182,269,1.52,1.55908,1.0399999999999818,1.0790799999999818,269.91999999999996
s02-r2-disconnect_trial-0.5,2,2,disconnect_trial,0.5,34,276.56,277.08,0.5,0.5199999999999818,278,1.52,1.55896,1.0000000000000182,1.038960000000018,278.08
s02-r2-disconnect_trial-0.5,2,2,disconnect_trial,0.5,35,284.84,285.32,0.5,0.4800000000000182,286,1.52,1.55967,1.0399999999999818,1.0796699999999817,286.35999999999996
s02-r2-disconnect_trial-0.5,2,2,disconnect_trial,0.5,36,292.92,293.4,0.5,0.47999999999996135,294,1.52,1.56015,1.0400000000000387,1.0801500000000386,294.44
s02-r2-disconnect_trial-0.5,2,2,disconnect_trial,0.5,37,300.8,301.28,0.5,0.47999999999996135,302,1.52,1.55972,1.0400000000000387,1.0797200000000386,302.32
s02-r2-disconnect_trial-0.5,2,2,disconnect_trial,0.5,38,308.64,309.16,0.5,0.5200000000000387,310,1.52,1.56017,0.9999999999999614,1.0401699999999614,310.15999999999997
s02-r2-disconnect_trial-0.5,2,2,disconnect_trial,0.5,39,316.36,316.84,0.5,0.47999999999996135,317,1.52,1.5604,1.0400000000000387,1.0804000000000387,317.88
s02-r2-disconnect_trial-0.5,2,2,disconnect_trial,0.5,40,324.68,325.16,0.5,0.4800000000000182,326,1.52,1.55979,1.0399999999999818,1.0797899999999818,326.2
s02-r2-disconnect_trial-0.5,2,2,disconnect_trial,0.5,41,332.6,333.08,0.5,0.47999999999996135,334,1.52,1.56013,1.0400000000000387,1.0801300000000387,334.12
s02-r2-disconnect_trial-0.5,2,2,disconnect_trial,0.5,42,340.56,341.04,0.5,0.4800000000000182,342,1.52,1.56095,1.0399999999999818,1.0809499999999819,342.08
s02-r2-disconnect_trial-0.5,2,2,disconnect_trial,0.5,43,349.0,349.52,0.5,0.5199999999999818,350,1.52,1.55939,1.0000000000000182,1.0393900000000182,350.52
s02-r2-disconnect_trial-0.5,2,2,disconnect_trial,0.5,44,356.64,357.16,0.5,0.5200000000000387,358,1.52,1.56021,0.9999999999999614,1.0402099999999614,358.15999999999997
s02-r2-disconnect_trial-0.5,2,2,disconnect_trial,0.5,45,364.36,364.84,0.5,0.47999999999996135,365,1.52,1.55977,1.0400000000000387,1.0797700000000388,365.88
s02-r2-disconnect_trial-0.5,2,2,disconnect_trial,0.5,46,372.8,373.32,0.5,0.5199999999999818,374,1.52,1.55954,1.0000000000000182,1.0395400000000181,374.32
s02-r2-disconnect_trial-0.5,2,2,disconnect_trial,0.5,47,381.04,381.56,0.5,0.5199999999999818,382,1.52,1.56047,1.0000000000000182,1.0404700000000182,382.56
s02-r2-disconnect_trial-1,2,2,disconnect_trial,1.0,0,3.0,4.0,1.0,1.0,4,1.52,1.55976,0.52,0.55976,4.52
s02-r2-disconnect_trial-1,2,2,disconnect_trial,1.0,1,11.04,12.04,1.0,1.0,12,1.52,1.56037,0.52,0.56037,12.559999999999999
s02-r2-disconnect_trial-1,2,2,disconnect_trial,1.0,2,18.72,19.72,1.0,1.0,20,1.52,1.55972,0.52,0.55972,20.24
s02-r2-disconnect_trial-1,2,2,disconnect_trial,1.0,3,26.52,27.52,1.0,1.0,28,1.52,1.55956,0.52,0.5595600000000001,28.04
s02-r2-disconnect_trial-1,2,2,disconnect_trial,1.0,4,34.56,35.56,1.0,1.0,36,1.52,1.55968,0.52,0.55968,36.080000000000005
s02-r2-disconnect_trial-1,2,2,disconnect_trial,1.0,5,43.0,44.0,1.0,1.0,44,1.52,1.56027,0.52,0.56027,44.52
s02-r2-disconnect_trial-1,2,2,disconnect_trial,1.0,6,50.64,51.64,1.0,1.0,52,1.52,1.55963,0.52,0.5596300000000001,52.160000000000004
s02-r2-disconnect_trial-1,2,2,disconnect_trial,1.0,7,58.84,59.84,1.0,1.0,60,1.52,1.55965,0.52,0.55965,60.36000000000001
s02-r2-disconnect_trial-1,2,2,disconnect_trial,1.0,8,66.56,67.56,1.0,1.0,68,1.52,1.56011,0.52,0.5601100000000001,68.08
s02-r2-disconnect_trial-1,2,2,disconnect_trial,1.0,9,74.56,75.56,1.0,1.0,76,1.52,1.55996,0.52,0.55996,76.08
s02-r2-disconnect_trial-1,2,2,disconnect_trial,1.0,10,82.2,83.2,1.0,1.0,83,1.52,1.56024,0.52,0.5602400000000001,83.72
s02-r2-disconnect_trial-1,2,2,disconnect_trial,1.0,11,89.76,90.76,1.0,1.0,91,1.52,1.56409,0.52,0.56409,91.28
s02-r2-disconnect_trial-1,2,2,disconnect_trial,1.0,12,97.68,98.68,1.0,1.0,99,1.52,1.55902,0.52,0.5590200000000001,99.2
s02-r2-disconnect_trial-1,2,2,disconnect_trial,1.0,13,105.44,106.44,1.0,1.0,106,1.52,1.55864,0.52,0.55864,106.96
s02-r2-disconnect_trial-1,2,2,disconnect_trial,1.0,14,113.32,114.32,1.0,1.0,114,1.52,1.55929,0.52,0.5592900000000001,114.83999999999999
s02-r2-disconnect_trial-1,2,2,disconnect_trial,1.0,15,121.8,122.8,1.0,1.0,123,1.52,1.55898,0.52,0.55898,123.32
s02-r2-disconnect_trial-1,2,2,disconnect_trial,1.0,16,129.8,130.8,1.0,1.0,131,1.52,1.55856,0.52,0.55856,131.32000000000002
s02-r2-disconnect_trial-1,2,2,disconnect_trial,1.0,17,138.08,139.08,1.0,1.0,139,1.52,1.55973,0.52,0.5597300000000001,139.60000000000002
s02-r2-disconnect_trial-1,2,2,disconnect_trial,1.0,18,146.24,147.24,1.0,1.0,147,1.52,1.55882,0.52,0.5588200000000001,147.76000000000002
s02-r2-disconnect_trial-1,2,2,disconnect_trial,1.0,19,154.48,155.48,1.0,1.0,156,1.52,1.55949,0.52,0.55949,156.0
s02-r2-disconnect_trial-1,2,2,disconnect_trial,1.0,20,162.76,163.76,1.0,1.0,164,1.52,1.55951,0.52,0.55951,164.28
s02-r2-disconnect_trial-1,2,2,disconnect_trial,1.0,21,171.08,172.08,1.0,1.0,172,1.52,1.55547,0.52,0.5554699999999999,172.60000000000002
s02-r2-disconnect_trial-1,2,2,disconnect_trial,1.0,22,178.72,179.72,1.0,1.0,180,1.52,1.56247,0.52,0.56247,180.24
s02-r2-disconnect_trial-1,2,2,disconnect_trial,1.0,23,186.88,187.88,1.0,1.0,188,1.52,1.56031,0.52,0.5603100000000001,188.4
s02-r2-disconnect_trial-1,2,2,disconnect_trial,1.0,24,194.68,195.68,1.0,1.0,196,1.52,1.55985,0.52,0.55985,196.20000000000002
s02-r2-disconnect_trial-1,2,2,disconnect_trial,1.0,25,202.52,203.52,1.0,1.0,204,1.52,1.56497,0.52,0.56497,204.04000000000002
s02-r2-disconnect_trial-1,2,2,disconnect_trial,1.0,26,210.92,211.92,1.0,1.0,212,1.52,1.55959,0.52,0.55959,212.44
s02-r2-disconnect_trial-1,2,2,disconnect_trial,1.0,27,218.96,219.96,1.0,1.0,220,1.52,1.5648,0.52,0.5648,220.48000000000002
s02-r2-disconnect_trial-1,2,2,disconnect_trial,1.0,28,226.84,227.84,1.0,1.0,228,1.52,1.55842,0.52,0.5584199999999999,228.36
s02-r2-disconnect_trial-1,2,2,disconnect_trial,1.0,29,234.96,235.96,1.0,1.0,236,1.52,1.5594,0.52,0.5593999999999999,236.48000000000002
s02-r2-disconnect_trial-1,2,2,disconnect_trial,1.0,30,243.24,244.24,1.0,1.0,244,1.52,1.55951,0.52,0.55951,244.76000000000002
s02-r2-disconnect_trial-1,2,2,disconnect_trial,1.0,31,251.68,252.68,1.0,1.0,253,1.52,1.55981,0.52,0.5598099999999999,253.20000000000002
s02-r2-disconnect_trial-1,2,2,disconnect_trial,1.0,32,260.04,261.04,1.0,1.0,261,1.52,1.56025,0.52,0.5602499999999999,261.56
s02-r2-disconnect_trial-1,2,2,disconnect_trial,1.0,33,268.4,269.4,1.0,1.0,269,1.52,1.5591,0.52,0.5590999999999999,269.91999999999996
s02-r2-disconnect_trial-1,2,2,disconnect_trial,1.0,34,276.56,277.56,1.0,1.0,278,1.52,1.56123,0.52,0.5612299999999999,278.08
s02-r2-disconnect_trial-1,2,2,disconnect_trial,1.0,35,284.84,285.84,1.0,1.0,286,1.52,1.56042,0.52,0.5604199999999999,286.35999999999996
s02-r2-disconnect_trial-1,2,2,disconnect_trial,1.0,36,292.92,293.92,1.0,1.0,294,1.52,1.55995,0.52,0.55995,294.44
s02-r2-disconnect_trial-1,2,2,disconnect_trial,1.0,37,300.8,301.8,1.0,1.0,302,1.52,1.55953,0.52,0.5595300000000001,302.32
s02-r2-disconnect_trial-1,2,2,disconnect_trial,1.0,38,308.64,309.64,1.0,1.0,310,1.52,1.55955,0.52,0.55955,310.15999999999997
s02-r2-disconnect_trial-1,2,2,disconnect_trial,1.0,39,316.36,317.36,1.0,1.0,317,1.52,1.56024,0.52,0.5602400000000001,317.88
s02-r2-disconnect_trial-1,2,2,disconnect_trial,1.0,40,324.68,325.68,1.0,1.0,326,1.52,1.56037,0.52,0.56037,326.2
s02-r2-disconnect_trial-1,2,2,disconnect_trial,1.0,41,332.6,333.6,1.0,1.0,334,1.52,1.55575,0.52,0.55575,334.12
s02-r2-disconnect_trial-1,2,2,disconnect_trial,1.0,42,340.56,341.56,1.0,1.0,342,1.52,1.55914,0.52,0.55914,342.08
s02-r2-disconnect_trial-1,2,2,disconnect_trial,1.0,43,349.0,350.0,1.0,1.0,350,1.52,1.56009,0.52,0.56009,350.52
s02-r2-disconnect_trial-1,2,2,disconnect_trial,1.0,44,356.64,357.64,1.0,1.0,358,1.52,1.56002,0.52,0.56002,358.15999999999997
s02-r2-disconnect_trial-1,2,2,disconnect_trial,1.0,45,364.36,365.36,1.0,1.0,365,1.52,1.55996,0.52,0.55996,365.88
s02-r2-disconnect_trial-1,2,2,disconnect_trial,1.0,46,372.8,373.8,1.0,1.0,374,1.52,1.56,0.52,0.56,374.32
s02-r2-disconnect_trial-1,2,2,disconnect_trial,1.0,47,381.04,382.04,1.0,1.0,382,1.52,1.56105,0.52,0.56105,382.56
s02-r2-disconnect_trial-2,2,2,disconnect_trial,2.0,0,3.0,5.0,2.0,2.0,5,2.52,2.55922,0.52,0.5592199999999998,5.52
s02-r2-disconnect_trial-2,2,2,disconnect_trial,2.0,1,11.04,13.04,2.0,2.0,13,2.52,2.55915,0.52,0.5591499999999998,13.559999999999999
s02-r2-disconnect_trial-2,2,2,disconnect_trial,2.0,2,18.72,20.72,2.0,2.0,21,2.52,2.55808,0.52,0.5580799999999999,21.24
s02-r2-disconnect_trial-2,2,2,disconnect_trial,2.0,3,26.52,28.52,2.0,2.0,29,2.52,2.56336,0.52,0.5633599999999999,29.04
s02-r2-disconnect_trial-2,2,2,disconnect_trial,2.0,4,34.56,36.56,2.0,2.0,37,2.52,2.55864,0.52,0.55864,37.080000000000005
s02-r2-disconnect_trial-2,2,2,disconnect_trial,2.0,5,43.0,45.0,2.0,2.0,45,2.52,2.55891,0.52,0.55891,45.52
s02-r2-disconnect_trial-2,2,2,disconnect_trial,2.0,6,50.64,52.64,2.0,2.0,53,2.52,2.55978,0.52,0.5597799999999999,53.160000000000004
s02-r2-disconnect_trial-2,2,2,disconnect_trial,2.0,7,58.84,60.84,2.0,2.0,61,2.52,2.55847,0.52,0.5584699999999998,61.36000000000001
s02-r2-disconnect_trial-2,2,2,disconnect_trial,2.0,8,66.56,68.56,2.0,2.0,69,2.52,2.55839,0.52,0.5583900000000002,69.08
s02-r2-disconnect_trial-2,2,2,disconnect_trial,2.0,9,74.56,76.56,2.0,2.0,77,2.52,2.56319,0.52,0.5631900000000001,77.08
s02-r2-disconnect_trial-2,2,2,disconnect_trial,2.0,10,82.2,84.2,2.0,2.0,84,2.52,2.55869,0.52,0.5586899999999999,84.72
s02-r2-disconnect_trial-2,2,2,disconnect_trial,2.0,11,89.76,91.76,2.0,2.0,92,2.52,2.56261,0.52,0.5626099999999998,92.28
s02-r2-disconnect_trial-2,2,2,disconnect_trial,2.0,12,97.68,99.68,2.0,2.0,100,2.52,2.56217,0.52,0.5621700000000001,100.2
s02-r2-disconnect_trial-2,2,2,disconnect_trial,2.0,13,105.44,107.44,2.0,2.0,107,2.52,2.55801,0.52,0.5580099999999999,107.96
s02-r2-disconnect_trial-2,2,2,disconnect_trial,2.0,14,113.32,115.32,2.0,2.0,115,2.52,2.56156,0.52,0.5615600000000001,115.83999999999999
s02-r2-disconnect_trial-2,2,2,disconnect_trial,2.0,15,121.8,123.8,2.0,2.0,124,2.52,2.55885,0.52,0.5588500000000001,124.32
s02-r2-disconnect_trial-2,2,2,disconnect_trial,2.0,16,129.8,131.8,2.0,2.0,132,2.52,2.55919,0.52,0.5591900000000001,132.32000000000002
s02-r2-disconnect_trial-2,2,2,disconnect_trial,2.0,17,138.08,140.08,2.0,2.0,140,2.52,2.55818,0.52,0.5581800000000001,140.60000000000002
s02-r2-disconnect_trial-2,2,2,disconnect_trial,2.0,18,146.24,148.24,2.0,2.0,148,2.52,2.56335,0.52,0.5633499999999998,148.76000000000002
s02-r2-disconnect_trial-2,2,2,disconnect_trial,2.0,19,154.48,156.48,2.0,2.0,157,2.52,2.56239,0.52,0.5623900000000002,157.0
s02-r2-disconnect_trial-2,2,2,disconnect_trial,2.0,20,162.76,164.76,2.0,2.0,165,2.52,2.55869,0.52,0.5586899999999999,165.28
s02-r2-disconnect_trial-2,2,2,disconnect_trial,2.0,21,171.08,173.08,2.0,2.0,173,2.52,2.56301,0.52,0.5630099999999998,173.60000000000002
s02-r2-disconnect_trial-2,2,2,disconnect_trial,2.0,22,178.72,180.72,2.0,2.0,181,2.52,2.55858,0.52,0.5585800000000001,181.24
s02-r2-disconnect_trial-2,2,2,disconnect_trial,2.0,23,186.88,188.88,2.0,2.0,189,2.52,2.5588,0.52,0.5588000000000002,189.4
s02-r2-disconnect_trial-2,2,2,disconnect_trial,2.0,24,194.68,196.68,2.0,2.0,197,2.52,2.56351,0.52,0.56351,197.20000000000002
s02-r2-disconnect_trial-2,2,2,disconnect_trial,2.0,25,202.52,204.52,2.0,2.0,205,2.52,2.55768,0.52,0.55768,205.04000000000002
s02-r2-disconnect_trial-2,2,2,disconnect_trial,2.0,26,210.92,212.92,2.0,2.0,213,2.52,2.56262,0.52,0.5626199999999999,213.44
s02-r2-disconnect_trial-2,2,2,disconnect_trial,2.0,27,218.96,220.96,2.0,2.0,221,2.52,2.56291,0.52,0.56291,221.48000000000002
s02-r2-disconnect_trial-2,2,2,disconnect_trial,2.0,28,226.84,228.84,2.0,2.0,229,2.52,2.55661,0.52,0.55661,229.36
s02-r2-disconnect_trial-2,2,2,disconnect_trial,2.0,29,234.96,236.96,2.0,2.0,237,2.52,2.56002,0.52,0.5600200000000002,237.48000000000002
s02-r2-disconnect_trial-2,2,2,disconnect_trial,2.0,30,243.24,245.24,2.0,2.0,245,2.52,2.56267,0.52,0.5626699999999998,245.76000000000002
s02-r2-disconnect_trial-2,2,2,disconnect_trial,2.0,31,251.68,253.68,2.0,2.0,254,2.52,2.55712,0.52,0.5571199999999998,254.20000000000002
s02-r2-disconnect_trial-2,2,2,disconnect_trial,2.0,32,260.04,262.04,2.0,2.0,262,2.52,2.55846,0.52,0.5584600000000002,262.56
s02-r2-disconnect_trial-2,2,2,disconnect_trial,2.0,33,268.4,270.4,2.0,2.0,270,2.52,2.56333,0.52,0.5633300000000001,270.91999999999996
s02-r2-disconnect_trial-2,2,2,disconnect_trial,2.0,34,276.56,278.56,2.0,2.0,279,2.52,2.55778,0.52,0.5577800000000002,279.08
s02-r2-disconnect_trial-2,2,2,disconnect_trial,2.0,35,284.84,286.84,2.0,2.0,287,2.52,2.55765,0.52,0.5576500000000002,287.35999999999996
s02-r2-disconnect_trial-2,2,2,disconnect_trial,2.0,36,292.92,294.92,2.0,2.0,295,2.52,2.56019,0.52,0.56019,295.44
s02-r2-disconnect_trial-2,2,2,disconnect_trial,2.0,37,300.8,302.8,2.0,2.0,303,2.52,2.55858,0.52,0.5585800000000001,303.32
s02-r2-disconnect_trial-2,2,2,disconnect_trial,2.0,38,308.64,310.64,2.0,2.0,311,2.52,2.55933,0.52,0.5593300000000001,311.15999999999997
s02-r2-disconnect_trial-2,2,2,disconnect_trial,2.0,39,316.36,318.36,2.0,2.0,318,2.52,2.55958,0.52,0.55958,318.88
s02-r2-disconnect_trial-2,2,2,disconnect_trial,2.0,40,324.68,326.68,2.0,2.0,327,2.52,2.55867,0.52,0.5586700000000002,327.2
s02-r2-disconnect_trial-2,2,2,disconnect_trial,2.0,41,332.6,334.6,2.0,2.0,335,2.52,2.55905,0.52,0.55905,335.12
s02-r2-disconnect_trial-2,2,2,disconnect_trial,2.0,42,340.56,342.56,2.0,2.0,343,2.52,2.55806,0.52,0.5580599999999998,343.08
s02-r2-disconnect_trial-2,2,2,disconnect_trial,2.0,43,349.0,351.0,2.0,2.0,351,2.52,2.56196,0.52,0.56196,351.52
s02-r2-disconnect_trial-2,2,2,disconnect_trial,2.0,44,356.64,358.64,2.0,2.0,359,2.52,2.56425,0.52,0.5642499999999999,359.15999999999997
s02-r2-disconnect_trial-2,2,2,disconnect_trial,2.0,45,364.36,366.36,2.0,2.0,366,2.52,2.56294,0.52,0.5629400000000002,366.88
s02-r2-disconnect_trial-2,2,2,disconnect_trial,2.0,46,372.8,374.8,2.0,2.0,375,2.52,2.56377,0.52,0.5637699999999999,375.32
s02-r2-disconnect_trial-2,2,2,disconnect_trial,2.0,47,381.04,383.04,2.0,2.0,383,2.52,2.55722,0.52,0.55722,383.56
s02-r3-disconnect-0.5,2,3,disconnect,0.5,0,25.84,26.32,0.5,0.4800000000000004,27,1.52,1.55959,1.0399999999999996,1.0795899999999996,27.36
s02-r3-disconnect-0.5,2,3,disconnect,0.5,1,64.52,65.04,0.5,0.5200000000000102,66,1.52,1.56049,0.9999999999999898,1.0404899999999897,66.03999999999999
s02-r3-disconnect-0.5,2,3,disconnect,0.5,2,70.04,70.52,0.5,0.47999999999998977,71,1.52,1.55999,1.0400000000000102,1.0799900000000102,71.56
s02-r3-disconnect-0.5,2,3,disconnect,0.5,3,84.56,85.04,0.5,0.480000000000004,86,1.52,1.55915,1.039999999999996,1.079149999999996,86.08
s02-r3-disconnect-0.5,2,3,disconnect,0.5,4,257.64,258.12,0.5,0.4800000000000182,259,1.52,1.55904,1.0399999999999818,1.0790399999999818,259.15999999999997
s02-r3-disconnect-1,2,3,disconnect,1.0,0,26.68,27.68,1.0,1.0,28,1.52,1.55879,0.52,0.5587899999999999,28.2
s02-r3-disconnect-1,2,3,disconnect,1.0,1,32.68,33.68,1.0,1.0,34,1.52,1.55996,0.52,0.55996,34.2
s02-r3-disconnect-1,2,3,disconnect,1.0,2,113.84,114.84,1.0,1.0,115,1.52,1.559,0.52,0.5589999999999999,115.36
s02-r3-disconnect-1,2,3,disconnect,1.0,3,232.84,233.84,1.0,1.0,234,1.52,1.55954,0.52,0.5595399999999999,234.36
s02-r3-disconnect-1,2,3,disconnect,1.0,4,279.44,280.44,1.0,1.0,280,1.52,1.55998,0.52,0.5599799999999999,280.96
s02-r3-disconnect-3,2,3,disconnect,3.0,0,85.36,88.36,3.0,3.0,88,3.52,3.56151,0.52,0.5615100000000002,88.88
s02-r3-disconnect-3,2,3,disconnect,3.0,1,124.24,127.24,3.0,3.0,127,3.52,3.56028,0.52,0.5602800000000001,127.75999999999999
s02-r3-disconnect-3,2,3,disconnect,3.0,2,183.4,186.4,3.0,3.0,186,3.52,3.56307,0.52,0.5630700000000002,186.92000000000002
s02-r3-disconnect-3,2,3,disconnect,3.0,3,202.28,205.28,3.0,3.0,205,3.52,3.56239,0.52,0.5623900000000002,205.8
s02-r3-disconnect-3,2,3,disconnect,3.0,4,259.04,262.04,3.0,3.0,262,3.52,3.55788,0.52,0.5578799999999999,262.56
s02-r3-disconnect_trial-0.5,2,3,disconnect_trial,0.5,0,3.0,3.52,0.5,0.52,4,1.52,1.55984,1.0,1.0398399999999999,4.52
s02-r3-disconnect_trial-0.5,2,3,disconnect_trial,0.5,1,11.04,11.52,0.5,0.4800000000000004,12,1.52,1.56027,1.0399999999999996,1.0802699999999996,12.559999999999999
s02-r3-disconnect_trial-0.5,2,3,disconnect_trial,0.5,2,18.72,19.2,0.5,0.4800000000000004,20,1.52,1.5604,1.0399999999999996,1.0803999999999996,20.24
s02-r3-disconnect_trial-0.5,2,3,disconnect_trial,0.5,3,26.52,27.0,0.5,0.4800000000000004,28,1.52,1.5595,1.0399999999999996,1.0794999999999997,28.04
s02-r3-disconnect_trial-0.5,2,3,disconnect_trial,0.5,4,34.56,35.04,0.5,0.4799999999999969,36,1.52,1.55835,1.0400000000000031,1.078350000000003,36.080000000000005
s02-r3-disconnect_trial-0.5,2,3,disconnect_trial,0.5,5,43.0,43.48,0.5,0.4799999999999969,44,1.52,1.5596,1.0400000000000031,1.0796000000000032,44.52
s02-r3-disconnect_trial-0.5,2,3,disconnect_trial,0.5,6,50.64,51.16,0.5,0.519999999999996,52,1.52,1.55883,1.000000000000004,1.038830000000004,52.160000000000004
s02-r3-disconnect_trial-0.5,2,3,disconnect_trial,0.5,7,58.84,59.36,0.5,0.519999999999996,60,1.52,1.55932,1.000000000000004,1.039320000000004,60.36000000000001
s02-r3-disconnect_trial-0.5,2,3,disconnect_trial,0.5,8,66.56,67.08,0.5,0.519999999999996,68,1.52,1.56003,1.000000000000004,1.040030000000004,68.08
s02-r3-disconnect_trial-0.5,2,3,disconnect_trial,0.5,9,74.56,75.08,0.5,0.519999999999996,76,1.52,1.56398,1.000000000000004,1.043980000000004,76.08
s02-r3-disconnect_trial-0.5,2,3,disconnect_trial,0.5,10,82.2,82.68,0.5,0.480000000000004,83,1.52,1.55916,1.039999999999996,1.0791599999999961,83.72
s02-r3-disconnect_trial-0.5,2,3,disconnect_trial,0.5,11,89.76,90.28,0.5,0.519999999999996,91,1.52,1.56361,1.000000000000004,1.043610000000004,91.28
s02-r3-disconnect_trial-0.5,2,3,disconnect_trial,0.5,12,97.68,98.16,0.5,0.47999999999998977,99,1.52,1.55942,1.0400000000000102,1.0794200000000103,99.2
s02-r3-disconnect_trial-0.5,2,3,disconnect_trial,0.5,13,105.44,105.92,0.5,0.480000000000004,106,1.52,1.55954,1.039999999999996,1.079539999999996,106.96
s02-r3-disconnect_trial-0.5,2,3,disconnect_trial,0.5,14,113.32,113.8,0.5,0.480000000000004,114,1.52,1.55985,1.039999999999996,1.079849999999996,114.83999999999999
s02-r3-disconnect_trial-0.5,2,3,disconnect_trial,0.5,15,121.8,122.28,0.5,0.480000000000004,123,1.52,1.55869,1.039999999999996,1.078689999999996,123.32
s02-r3-disconnect_trial-0.5,2,3,disconnect_trial,0.5,16,129.8,130.32,0.5,0.5199999999999818,131,1.52,1.56028,1.0000000000000182,1.040280000000018,131.32000000000002
s02-r3-disconnect_trial-0.5,2,3,disconnect_trial,0.5,17,138.08,138.6,0.5,0.5199999999999818,139,1.52,1.55912,1.0000000000000182,1.0391200000000183,139.60000000000002
s02-r3-disconnect_trial-0.5,2,3,disconnect_trial,0.5,18,146.24,146.72,0.5,0.47999999999998977,147,1.52,1.55868,1.0400000000000102,1.0786800000000103,147.76000000000002
s02-r3-disconnect_trial-0.5,2,3,disconnect_trial,0.5,19,154.48,155.0,0.5,0.5200000000000102,156,1.52,1.55919,0.9999999999999898,1.0391899999999898,156.0
s02-r3-disconnect_trial-0.5,2,3,disconnect_trial,0.5,20,162.76,163.28,0.5,0.5200000000000102,164,1.52,1.55964,0.9999999999999898,1.0396399999999897,164.28
s02-r3-disconnect_trial-0.5,2,3,disconnect_trial,0.5,21,171.08,171.6,0.5,0.5199999999999818,172,1.52,1.55985,1.0000000000000182,1.0398500000000181,172.60000000000002
s02-r3-disconnect_trial-0.5,2,3,disconnect_trial,0.5,22,178.72,179.24,0.5,0.5200000000000102,180,1.52,1.56448,0.9999999999999898,1.0444799999999899,180.24
s02-r3-disconnect_trial-0.5,2,3,disconnect_trial,0.5,23,186.88,187.36,0.5,0.4800000000000182,188,1.52,1.55947,1.0399999999999818,1.0794699999999817,188.4
s02-r3-disconnect_trial-0.5,2,3,disconnect_trial,0.5,24,194.68,195.16,0.5,0.47999999999998977,196,1.52,1.55908,1.0400000000000102,1.0790800000000103,196.20000000000002
s02-r3-disconnect_trial-0.5,2,3,disconnect_trial,0.5,25,202.52,203.0,0.5,0.47999999999998977,204,1.52,1.55998,1.0400000000000102,1.0799800000000102,204.04000000000002
s02-r3-disconnect_trial-0.5,2,3,disconnect_trial,0.5,26,210.92,211.44,0.5,0.5200000000000102,212,1.52,1.55895,0.9999999999999898,1.0389499999999898,212.44
s02-r3-disconnect_trial-0.5,2,3,disconnect_trial,0.5,27,218.96,219.44,0.5,0.47999999999998977,220,1.52,1.55957,1.0400000000000102,1.0795700000000101,220.48000000000002
s02-r3-disconnect_trial-0.5,2,3,disconnect_trial,0.5,28,226.84,227.36,0.5,0.5200000000000102,228,1.52,1.55899,0.9999999999999898,1.0389899999999899,228.36
s02-r3-disconnect_trial-0.5,2,3,disconnect_trial,0.5,29,234.96,235.44,0.5,0.47999999999998977,236,1.52,1.56412,1.0400000000000102,1.0841200000000102,236.48000000000002
s02-r3-disconnect_trial-0.5,2,3,disconnect_trial,0.5,30,243.24,243.72,0.5,0.47999999999998977,244,1.52,1.55893,1.0400000000000102,1.0789300000000102,244.76000000000002
s02-r3-disconnect_trial-0.5,2,3,disconnect_trial,0.5,31,251.68,252.16,0.5,0.47999999999998977,253,1.52,1.55891,1.0400000000000102,1.0789100000000102,253.20000000000002
s02-r3-disconnect_trial-0.5,2,3,disconnect_trial,0.5,32,260.04,260.52,0.5,0.47999999999996135,261,1.52,1.56016,1.0400000000000387,1.0801600000000386,261.56
s02-r3-disconnect_trial-0.5,2,3,disconnect_trial,0.5,33,268.4,268.88,0.5,0.4800000000000182,269,1.52,1.55939,1.0399999999999818,1.0793899999999819,269.91999999999996
s02-r3-disconnect_trial-0.5,2,3,disconnect_trial,0.5,34,276.56,277.08,0.5,0.5199999999999818,278,1.52,1.56425,1.0000000000000182,1.044250000000018,278.08
s02-r3-disconnect_trial-0.5,2,3,disconnect_trial,0.5,35,284.84,285.32,0.5,0.4800000000000182,286,1.52,1.56031,1.0399999999999818,1.080309999999982,286.35999999999996
s02-r3-disconnect_trial-0.5,2,3,disconnect_trial,0.5,36,292.92,293.4,0.5,0.47999999999996135,294,1.52,1.55842,1.0400000000000387,1.0784200000000386,294.44
s02-r3-disconnect_trial-0.5,2,3,disconnect_trial,0.5,37,300.8,301.28,0.5,0.47999999999996135,302,1.52,1.56468,1.0400000000000387,1.0846800000000387,302.32
s02-r3-disconnect_trial-0.5,2,3,disconnect_trial,0.5,38,308.64,309.16,0.5,0.5200000000000387,310,1.52,1.55985,0.9999999999999614,1.0398499999999613,310.15999999999997
s02-r3-disconnect_trial-0.5,2,3,disconnect_trial,0.5,39,316.36,316.84,0.5,0.47999999999996135,317,1.52,1.55878,1.0400000000000387,1.0787800000000387,317.88
s02-r3-disconnect_trial-0.5,2,3,disconnect_trial,0.5,40,324.68,325.16,0.5,0.4800000000000182,326,1.52,1.55934,1.0399999999999818,1.0793399999999818,326.2
s02-r3-disconnect_trial-0.5,2,3,disconnect_trial,0.5,41,332.6,333.08,0.5,0.47999999999996135,334,1.52,1.55977,1.0400000000000387,1.0797700000000388,334.12
s02-r3-disconnect_trial-0.5,2,3,disconnect_trial,0.5,42,340.56,341.04,0.5,0.4800000000000182,342,1.52,1.55973,1.0399999999999818,1.0797299999999819,342.08
s02-r3-disconnect_trial-0.5,2,3,disconnect_trial,0.5,43,349.0,349.52,0.5,0.5199999999999818,350,1.52,1.55942,1.0000000000000182,1.0394200000000182,350.52
s02-r3-disconnect_trial-0.5,2,3,disconnect_trial,0.5,44,356.64,357.16,0.5,0.5200000000000387,358,1.52,1.55954,0.9999999999999614,1.0395399999999613,358.15999999999997
s02-r3-disconnect_trial-0.5,2,3,disconnect_trial,0.5,45,364.36,364.84,0.5,0.47999999999996135,365,1.52,1.55868,1.0400000000000387,1.0786800000000387,365.88
s02-r3-disconnect_trial-0.5,2,3,disconnect_trial,0.5,46,372.8,373.32,0.5,0.5199999999999818,374,1.52,1.55944,1.0000000000000182,1.0394400000000181,374.32
s02-r3-disconnect_trial-0.5,2,3,disconnect_trial,0.5,47,381.04,381.56,0.5,0.5199999999999818,382,1.52,1.56192,1.0000000000000182,1.0419200000000182,382.56
s02-r3-disconnect_trial-1,2,3,disconnect_trial,1.0,0,3.0,4.0,1.0,1.0,4,1.52,1.55859,0.52,0.5585899999999999,4.52
s02-r3-disconnect_trial-1,2,3,disconnect_trial,1.0,1,11.04,12.04,1.0,1.0,12,1.52,1.55891,0.52,0.55891,12.559999999999999
s02-r3-disconnect_trial-1,2,3,disconnect_trial,1.0,2,18.72,19.72,1.0,1.0,20,1.52,1.55984,0.52,0.5598399999999999,20.24
s02-r3-disconnect_trial-1,2,3,disconnect_trial,1.0,3,26.52,27.52,1.0,1.0,28,1.52,1.55962,0.52,0.55962,28.04
s02-r3-disconnect_trial-1,2,3,disconnect_trial,1.0,4,34.56,35.56,1.0,1.0,36,1.52,1.55952,0.52,0.55952,36.080000000000005
s02-r3-disconnect_trial-1,2,3,disconnect_trial,1.0,5,43.0,44.0,1.0,1.0,44,1.52,1.5595,0.52,0.5595000000000001,44.52
s02-r3-disconnect_trial-1,2,3,disconnect_trial,1.0,6,50.64,51.64,1.0,1.0,52,1.52,1.55998,0.52,0.5599799999999999,52.160000000000004
s02-r3-disconnect_trial-1,2,3,disconnect_trial,1.0,7,58.84,59.84,1.0,1.0,60,1.52,1.55944,0.52,0.5594399999999999,60.36000000000001
s02-r3-disconnect_trial-1,2,3,disconnect_trial,1.0,8,66.56,67.56,1.0,1.0,68,1.52,1.55947,0.52,0.5594699999999999,68.08
s02-r3-disconnect_trial-1,2,3,disconnect_trial,1.0,9,74.56,75.56,1.0,1.0,76,1.52,1.55985,0.52,0.55985,76.08
s02-r3-disconnect_trial-1,2,3,disconnect_trial,1.0,10,82.2,83.2,1.0,1.0,83,1.52,1.55987,0.52,0.5598700000000001,83.72
s02-r3-disconnect_trial-1,2,3,disconnect_trial,1.0,11,89.76,90.76,1.0,1.0,91,1.52,1.55896,0.52,0.5589599999999999,91.28
s02-r3-disconnect_trial-1,2,3,disconnect_trial,1.0,12,97.68,98.68,1.0,1.0,99,1.52,1.56391,0.52,0.5639099999999999,99.2
s02-r3-disconnect_trial-1,2,3,disconnect_trial,1.0,13,105.44,106.44,1.0,1.0,106,1.52,1.55953,0.52,0.5595300000000001,106.96
s02-r3-disconnect_trial-1,2,3,disconnect_trial,1.0,14,113.32,114.32,1.0,1.0,114,1.52,1.55928,0.52,0.55928,114.83999999999999
s02-r3-disconnect_trial-1,2,3,disconnect_trial,1.0,15,121.8,122.8,1.0,1.0,123,1.52,1.56071,0.52,0.56071,123.32
s02-r3-disconnect_trial-1,2,3,disconnect_trial,1.0,16,129.8,130.8,1.0,1.0,131,1.52,1.55995,0.52,0.55995,131.32000000000002
s02-r3-disconnect_trial-1,2,3,disconnect_trial,1.0,17,138.08,139.08,1.0,1.0,139,1.52,1.5597,0.52,0.5597000000000001,139.60000000000002
s02-r3-disconnect_trial-1,2,3,disconnect_trial,1.0,18,146.24,147.24,1.0,1.0,147,1.52,1.55987,0.52,0.5598700000000001,147.76000000000002
s02-r3-disconnect_trial-1,2,3,disconnect_trial,1.0,19,154.48,155.48,1.0,1.0,156,1.52,1.55995,0.52,0.55995,156.0
s02-r3-disconnect_trial-1,2,3,disconnect_trial,1.0,20,162.76,163.76,1.0,1.0,164,1.52,1.55912,0.52,0.5591200000000001,164.28
s02-r3-disconnect_trial-1,2,3,disconnect_trial,1.0,21,171.08,172.08,1.0,1.0,172,1.52,1.5596,0.52,0.5596000000000001,172.60000000000002
s02-r3-disconnect_trial-1,2,3,disconnect_trial,1.0,22,178.72,179.72,1.0,1.0,180,1.52,1.56044,0.52,0.56044,180.24
s02-r3-disconnect_trial-1,2,3,disconnect_trial,1.0,23,186.88,187.88,1.0,1.0,188,1.52,1.55935,0.52,0.55935,188.4
s02-r3-disconnect_trial-1,2,3,disconnect_trial,1.0,24,194.68,195.68,1.0,1.0,196,1.52,1.55914,0.52,0.55914,196.20000000000002
s02-r3-disconnect_trial-1,2,3,disconnect_trial,1.0,25,202.52,203.52,1.0,1.0,204,1.52,1.5606,0.52,0.5606,204.04000000000002
s02-r3-disconnect_trial-1,2,3,disconnect_trial,1.0,26,210.92,211.92,1.0,1.0,212,1.52,1.55943,0.52,0.5594300000000001,212.44
s02-r3-disconnect_trial-1,2,3,disconnect_trial,1.0,27,218.96,219.96,1.0,1.0,220,1.52,1.55993,0.52,0.55993,220.48000000000002
s02-r3-disconnect_trial-1,2,3,disconnect_trial,1.0,28,226.84,227.84,1.0,1.0,228,1.52,1.55892,0.52,0.5589200000000001,228.36
s02-r3-disconnect_trial-1,2,3,disconnect_trial,1.0,29,234.96,235.96,1.0,1.0,236,1.52,1.55945,0.52,0.55945,236.48000000000002
s02-r3-disconnect_trial-1,2,3,disconnect_trial,1.0,30,243.24,244.24,1.0,1.0,244,1.52,1.55974,0.52,0.5597399999999999,244.76000000000002
s02-r3-disconnect_trial-1,2,3,disconnect_trial,1.0,31,251.68,252.68,1.0,1.0,253,1.52,1.56393,0.52,0.56393,253.20000000000002
s02-r3-disconnect_trial-1,2,3,disconnect_trial,1.0,32,260.04,261.04,1.0,1.0,261,1.52,1.55982,0.52,0.55982,261.56
s02-r3-disconnect_trial-1,2,3,disconnect_trial,1.0,33,268.4,269.4,1.0,1.0,269,1.52,1.55995,0.52,0.55995,269.91999999999996
s02-r3-disconnect_trial-1,2,3,disconnect_trial,1.0,34,276.56,277.56,1.0,1.0,278,1.52,1.55973,0.52,0.5597300000000001,278.08
s02-r3-disconnect_trial-1,2,3,disconnect_trial,1.0,35,284.84,285.84,1.0,1.0,286,1.52,1.55936,0.52,0.5593600000000001,286.35999999999996
s02-r3-disconnect_trial-1,2,3,disconnect_trial,1.0,36,292.92,293.92,1.0,1.0,294,1.52,1.56004,0.52,0.5600400000000001,294.44
s02-r3-disconnect_trial-1,2,3,disconnect_trial,1.0,37,300.8,301.8,1.0,1.0,302,1.52,1.55985,0.52,0.55985,302.32
s02-r3-disconnect_trial-1,2,3,disconnect_trial,1.0,38,308.64,309.64,1.0,1.0,310,1.52,1.5593,0.52,0.5592999999999999,310.15999999999997
s02-r3-disconnect_trial-1,2,3,disconnect_trial,1.0,39,316.36,317.36,1.0,1.0,317,1.52,1.55969,0.52,0.55969,317.88
s02-r3-disconnect_trial-1,2,3,disconnect_trial,1.0,40,324.68,325.68,1.0,1.0,326,1.52,1.55929,0.52,0.5592900000000001,326.2
s02-r3-disconnect_trial-1,2,3,disconnect_trial,1.0,41,332.6,333.6,1.0,1.0,334,1.52,1.5584,0.52,0.5584,334.12
s02-r3-disconnect_trial-1,2,3,disconnect_trial,1.0,42,340.56,341.56,1.0,1.0,342,1.52,1.55927,0.52,0.5592699999999999,342.08
s02-r3-disconnect_trial-1,2,3,disconnect_trial,1.0,43,349.0,350.0,1.0,1.0,350,1.52,1.55967,0.52,0.5596699999999999,350.52
s02-r3-disconnect_trial-1,2,3,disconnect_trial,1.0,44,356.64,357.64,1.0,1.0,358,1.52,1.55875,0.52,0.5587500000000001,358.15999999999997
s02-r3-disconnect_trial-1,2,3,disconnect_trial,1.0,45,364.36,365.36,1.0,1.0,365,1.52,1.56381,0.52,0.5638099999999999,365.88
s02-r3-disconnect_trial-1,2,3,disconnect_trial,1.0,46,372.8,373.8,1.0,1.0,374,1.52,1.55914,0.52,0.55914,374.32
s02-r3-disconnect_trial-1,2,3,disconnect_trial,1.0,47,381.04,382.04,1.0,1.0,382,1.52,1.56136,0.52,0.5613600000000001,382.56
s02-r3-disconnect_trial-2,2,3,disconnect_trial,2.0,0,3.0,5.0,2.0,2.0,5,2.52,2.55912,0.52,0.5591200000000001,5.52
s02-r3-disconnect_trial-2,2,3,disconnect_trial,2.0,1,11.04,13.04,2.0,2.0,13,2.52,2.5633,0.52,0.5632999999999999,13.559999999999999
s02-r3-disconnect_trial-2,2,3,disconnect_trial,2.0,2,18.72,20.72,2.0,2.0,21,2.52,2.55937,0.52,0.5593699999999999,21.24
s02-r3-disconnect_trial-2,2,3,disconnect_trial,2.0,3,26.52,28.52,2.0,2.0,29,2.52,2.56358,0.52,0.56358,29.04
s02-r3-disconnect_trial-2,2,3,disconnect_trial,2.0,4,34.56,36.56,2.0,2.0,37,2.52,2.55937,0.52,0.5593699999999999,37.080000000000005
s02-r3-disconnect_trial-2,2,3,disconnect_trial,2.0,5,43.0,45.0,2.0,2.0,45,2.52,2.56408,0.52,0.5640800000000001,45.52
s02-r3-disconnect_trial-2,2,3,disconnect_trial,2.0,6,50.64,52.64,2.0,2.0,53,2.52,2.55843,0.52,0.55843,53.160000000000004
s02-r3-disconnect_trial-2,2,3,disconnect_trial,2.0,7,58.84,60.84,2.0,2.0,61,2.52,2.56401,0.52,0.5640100000000001,61.36000000000001
s02-r3-disconnect_trial-2,2,3,disconnect_trial,2.0,8,66.56,68.56,2.0,2.0,69,2.52,2.55908,0.52,0.5590799999999998,69.08
s02-r3-disconnect_trial-2,2,3,disconnect_trial,2.0,9,74.56,76.56,2.0,2.0,77,2.52,2.55807,0.52,0.5580699999999998,77.08
s02-r3-disconnect_trial-2,2,3,disconnect_trial,2.0,10,82.2,84.2,2.0,2.0,84,2.52,2.55779,0.52,0.5577899999999998,84.72
s02-r3-disconnect_trial-2,2,3,disconnect_trial,2.0,11,89.76,91.76,2.0,2.0,92,2.52,2.55903,0.52,0.5590299999999999,92.28
s02-r3-disconnect_trial-2,2,3,disconnect_trial,2.0,12,97.68,99.68,2.0,2.0,100,2.52,2.559,0.52,0.5590000000000002,100.2
s02-r3-disconnect_trial-2,2,3,disconnect_trial,2.0,13,105.44,107.44,2.0,2.0,107,2.52,2.56018,0.52,0.5601799999999999,107.96
s02-r3-disconnect_trial-2,2,3,disconnect_trial,2.0,14,113.32,115.32,2.0,2.0,115,2.52,2.55867,0.52,0.5586700000000002,115.83999999999999
s02-r3-disconnect_trial-2,2,3,disconnect_trial,2.0,15,121.8,123.8,2.0,2.0,124,2.52,2.55936,0.52,0.5593599999999999,124.32
s02-r3-disconnect_trial-2,2,3,disconnect_trial,2.0,16,129.8,131.8,2.0,2.0,132,2.52,2.5595,0.52,0.5594999999999999,132.32000000000002
s02-r3-disconnect_trial-2,2,3,disconnect_trial,2.0,17,138.08,140.08,2.0,2.0,140,2.52,2.55944,0.52,0.5594399999999999,140.60000000000002
s02-r3-disconnect_trial-2,2,3,disconnect_trial,2.0,18,146.24,148.24,2.0,2.0,148,2.52,2.55836,0.52,0.55836,148.76000000000002
s02-r3-disconnect_trial-2,2,3,disconnect_trial,2.0,19,154.48,156.48,2.0,2.0,157,2.52,2.55895,0.52,0.5589499999999998,157.0
s02-r3-disconnect_trial-2,2,3,disconnect_trial,2.0,20,162.76,164.76,2.0,2.0,165,2.52,2.55783,0.52,0.55783,165.28
s02-r3-disconnect_trial-2,2,3,disconnect_trial,2.0,21,171.08,173.08,2.0,2.0,173,2.52,2.55896,0.52,0.5589599999999999,173.60000000000002
s02-r3-disconnect_trial-2,2,3,disconnect_trial,2.0,22,178.72,180.72,2.0,2.0,181,2.52,2.5631,0.52,0.5630999999999999,181.24
s02-r3-disconnect_trial-2,2,3,disconnect_trial,2.0,23,186.88,188.88,2.0,2.0,189,2.52,2.56412,0.52,0.56412,189.4
s02-r3-disconnect_trial-2,2,3,disconnect_trial,2.0,24,194.68,196.68,2.0,2.0,197,2.52,2.55825,0.52,0.5582500000000001,197.20000000000002
s02-r3-disconnect_trial-2,2,3,disconnect_trial,2.0,25,202.52,204.52,2.0,2.0,205,2.52,2.56245,0.52,0.5624500000000001,205.04000000000002
s02-r3-disconnect_trial-2,2,3,disconnect_trial,2.0,26,210.92,212.92,2.0,2.0,213,2.52,2.55821,0.52,0.5582099999999999,213.44
s02-r3-disconnect_trial-2,2,3,disconnect_trial,2.0,27,218.96,220.96,2.0,2.0,221,2.52,2.55866,0.52,0.5586600000000002,221.48000000000002
s02-r3-disconnect_trial-2,2,3,disconnect_trial,2.0,28,226.84,228.84,2.0,2.0,229,2.52,2.56321,0.52,0.5632100000000002,229.36
s02-r3-disconnect_trial-2,2,3,disconnect_trial,2.0,29,234.96,236.96,2.0,2.0,237,2.52,2.55821,0.52,0.5582099999999999,237.48000000000002
s02-r3-disconnect_trial-2,2,3,disconnect_trial,2.0,30,243.24,245.24,2.0,2.0,245,2.52,2.55891,0.52,0.55891,245.76000000000002
s02-r3-disconnect_trial-2,2,3,disconnect_trial,2.0,31,251.68,253.68,2.0,2.0,254,2.52,2.56418,0.52,0.5641799999999999,254.20000000000002
s02-r3-disconnect_trial-2,2,3,disconnect_trial,2.0,32,260.04,262.04,2.0,2.0,262,2.52,2.55881,0.52,0.5588099999999998,262.56
s02-r3-disconnect_trial-2,2,3,disconnect_trial,2.0,33,268.4,270.4,2.0,2.0,270,2.52,2.56302,0.52,0.5630199999999999,270.91999999999996
s02-r3-disconnect_trial-2,2,3,disconnect_trial,2.0,34,276.56,278.56,2.0,2.0,279,2.52,2.55789,0.52,0.55789,279.08
s02-r3-disconnect_trial-2,2,3,disconnect_trial,2.0,35,284.84,286.84,2.0,2.0,287,2.52,2.55953,0.52,0.5595300000000001,287.35999999999996
s02-r3-disconnect_trial-2,2,3,disconnect_trial,2.0,36,292.92,294.92,2.0,2.0,295,2.52,2.56312,0.52,0.5631200000000001,295.44
s02-r3-disconnect_trial-2,2,3,disconnect_trial,2.0,37,300.8,302.8,2.0,2.0,303,2.52,2.55793,0.52,0.5579299999999998,303.32
s02-r3-disconnect_trial-2,2,3,disconnect_trial,2.0,38,308.64,310.64,2.0,2.0,311,2.52,2.56027,0.52,0.56027,311.15999999999997
s02-r3-disconnect_trial-2,2,3,disconnect_trial,2.0,39,316.36,318.36,2.0,2.0,318,2.52,2.56283,0.52,0.5628299999999999,318.88
s02-r3-disconnect_trial-2,2,3,disconnect_trial,2.0,40,324.68,326.68,2.0,2.0,327,2.52,2.5593,0.52,0.5592999999999999,327.2
s02-r3-disconnect_trial-2,2,3,disconnect_trial,2.0,41,332.6,334.6,2.0,2.0,335,2.52,2.56231,0.52,0.5623100000000001,335.12
s02-r3-disconnect_trial-2,2,3,disconnect_trial,2.0,42,340.56,342.56,2.0,2.0,343,2.52,2.56006,0.52,0.56006,343.08
s02-r3-disconnect_trial-2,2,3,disconnect_trial,2.0,43,349.0,351.0,2.0,2.0,351,2.52,2.55897,0.52,0.55897,351.52
s02-r3-disconnect_trial-2,2,3,disconnect_trial,2.0,44,356.64,358.64,2.0,2.0,359,2.52,2.56244,0.52,0.56244,359.15999999999997
s02-r3-disconnect_trial-2,2,3,disconnect_trial,2.0,45,364.36,366.36,2.0,2.0,366,2.52,2.55845,0.52,0.5584500000000001,366.88
s02-r3-disconnect_trial-2,2,3,disconnect_trial,2.0,46,372.8,374.8,2.0,2.0,375,2.52,2.5603,0.52,0.5602999999999998,375.32
s02-r3-disconnect_trial-2,2,3,disconnect_trial,2.0,47,381.04,383.04,2.0,2.0,383,2.52,2.55886,0.52,0.5588600000000001,383.56
s02-r4-disconnect-0.5,2,4,disconnect,0.5,0,34.56,35.08,0.5,0.519999999999996,36,1.52,1.55855,1.000000000000004,1.038550000000004,36.080000000000005
s02-r4-disconnect-0.5,2,4,disconnect,0.5,1,121.92,122.4,0.5,0.480000000000004,123,1.52,1.55977,1.039999999999996,1.0797699999999961,123.44
s02-r4-disconnect-0.5,2,4,disconnect,0.5,2,193.0,193.52,0.5,0.5200000000000102,194,1.52,1.55998,0.9999999999999898,1.0399799999999897,194.52
s02-r4-disconnect-0.5,2,4,disconnect,0.5,3,241.16,241.68,0.5,0.5200000000000102,242,1.52,1.55945,0.9999999999999898,1.0394499999999898,242.68
s02-r4-disconnect-0.5,2,4,disconnect,0.5,4,333.88,334.4,0.5,0.5199999999999818,335,1.52,1.55918,1.0000000000000182,1.0391800000000182,335.4
s02-r4-disconnect-1,2,4,disconnect,1.0,0,117.56,118.56,1.0,1.0,119,1.52,1.55919,0.52,0.5591900000000001,119.08
s02-r4-disconnect-1,2,4,disconnect,1.0,1,142.48,143.48,1.0,1.0,144,1.52,1.55979,0.52,0.55979,144.0
s02-r4-disconnect-1,2,4,disconnect,1.0,2,321.76,322.76,1.0,1.0,323,1.52,1.55958,0.52,0.55958,323.28
s02-r4-disconnect-1,2,4,disconnect,1.0,3,334.08,335.08,1.0,1.0,335,1.52,1.56409,0.52,0.56409,335.59999999999997
s02-r4-disconnect-1,2,4,disconnect,1.0,4,355.04,356.04,1.0,1.0,356,1.52,1.5598,0.52,0.5598000000000001,356.56
s02-r4-disconnect-3,2,4,disconnect,3.0,0,214.68,217.68,3.0,3.0,218,3.52,3.55989,0.52,0.5598900000000002,218.20000000000002
s02-r4-disconnect-3,2,4,disconnect,3.0,1,269.36,272.36,3.0,3.0,272,3.52,3.56139,0.52,0.5613899999999998,272.88
s02-r4-disconnect-3,2,4,disconnect,3.0,2,284.28,287.28,3.0,3.0,287,3.52,3.55712,0.52,0.5571199999999998,287.79999999999995
s02-r4-disconnect-3,2,4,disconnect,3.0,3,292.64,295.64,3.0,3.0,296,3.52,3.56337,0.52,0.5633699999999999,296.15999999999997
s02-r4-disconnect-3,2,4,disconnect,3.0,4,344.44,347.44,3.0,3.0,347,3.52,3.55753,0.52,0.5575299999999999,347.96
s02-r4-disconnect_trial-0.5,2,4,disconnect_trial,0.5,0,3.0,3.52,0.5,0.52,4,1.52,1.55942,1.0,1.03942,4.52
s02-r4-disconnect_trial-0.5,2,4,disconnect_trial,0.5,1,11.04,11.52,0.5,0.4800000000000004,12,1.52,1.56456,1.0399999999999996,1.0845599999999995,12.559999999999999
s02-r4-disconnect_trial-0.5,2,4,disconnect_trial,0.5,2,18.72,19.2,0.5,0.4800000000000004,20,1.52,1.56213,1.0399999999999996,1.0821299999999996,20.24
s02-r4-disconnect_trial-0.5,2,4,disconnect_trial,0.5,3,26.52,27.0,0.5,0.4800000000000004,28,1.52,1.55811,1.0399999999999996,1.0781099999999997,28.04
s02-r4-disconnect_trial-0.5,2,4,disconnect_trial,0.5,4,34.56,35.04,0.5,0.4799999999999969,36,1.52,1.5596,1.0400000000000031,1.0796000000000032,36.080000000000005
s02-r4-disconnect_trial-0.5,2,4,disconnect_trial,0.5,5,43.0,43.48,0.5,0.4799999999999969,44,1.52,1.55933,1.0400000000000031,1.0793300000000032,44.52
s02-r4-disconnect_trial-0.5,2,4,disconnect_trial,0.5,6,50.64,51.16,0.5,0.519999999999996,52,1.52,1.56387,1.000000000000004,1.043870000000004,52.160000000000004
s02-r4-disconnect_trial-0.5,2,4,disconnect_trial,0.5,7,58.84,59.36,0.5,0.519999999999996,60,1.52,1.55947,1.000000000000004,1.039470000000004,60.36000000000001
s02-r4-disconnect_trial-0.5,2,4,disconnect_trial,0.5,8,66.56,67.08,0.5,0.519999999999996,68,1.52,1.56018,1.000000000000004,1.0401800000000039,68.08
s02-r4-disconnect_trial-0.5,2,4,disconnect_trial,0.5,9,74.56,75.08,0.5,0.519999999999996,76,1.52,1.55862,1.000000000000004,1.0386200000000039,76.08
s02-r4-disconnect_trial-0.5,2,4,disconnect_trial,0.5,10,82.2,82.68,0.5,0.480000000000004,83,1.52,1.55875,1.039999999999996,1.078749999999996,83.72
s02-r4-disconnect_trial-0.5,2,4,disconnect_trial,0.5,11,89.76,90.28,0.5,0.519999999999996,91,1.52,1.55967,1.000000000000004,1.0396700000000039,91.28
s02-r4-disconnect_trial-0.5,2,4,disconnect_trial,0.5,12,97.68,98.16,0.5,0.47999999999998977,99,1.52,1.55914,1.0400000000000102,1.0791400000000102,99.2
s02-r4-disconnect_trial-0.5,2,4,disconnect_trial,0.5,13,105.44,105.92,0.5,0.480000000000004,106,1.52,1.55859,1.039999999999996,1.078589999999996,106.96
s02-r4-disconnect_trial-0.5,2,4,disconnect_trial,0.5,14,113.32,113.8,0.5,0.480000000000004,114,1.52,1.55896,1.039999999999996,1.078959999999996,114.83999999999999
s02-r4-disconnect_trial-0.5,2,4,disconnect_trial,0.5,15,121.8,122.28,0.5,0.480000000000004,123,1.52,1.5599,1.039999999999996,1.079899999999996,123.32
s02-r4-disconnect_trial-0.5,2,4,disconnect_trial,0.5,16,129.8,130.32,0.5,0.5199999999999818,131,1.52,1.55985,1.0000000000000182,1.0398500000000181,131.32000000000002
s02-r4-disconnect_trial-0.5,2,4,disconnect_trial,0.5,17,138.08,138.6,0.5,0.5199999999999818,139,1.52,1.55961,1.0000000000000182,1.0396100000000181,139.60000000000002
s02-r4-disconnect_trial-0.5,2,4,disconnect_trial,0.5,18,146.24,146.72,0.5,0.47999999999998977,147,1.52,1.55874,1.0400000000000102,1.0787400000000102,147.76000000000002
s02-r4-disconnect_trial-0.5,2,4,disconnect_trial,0.5,19,154.48,155.0,0.5,0.5200000000000102,156,1.52,1.55936,0.9999999999999898,1.0393599999999898,156.0
s02-r4-disconnect_trial-0.5,2,4,disconnect_trial,0.5,20,162.76,163.28,0.5,0.5200000000000102,164,1.52,1.55721,0.9999999999999898,1.0372099999999898,164.28
s02-r4-disconnect_trial-0.5,2,4,disconnect_trial,0.5,21,171.08,171.6,0.5,0.5199999999999818,172,1.52,1.55969,1.0000000000000182,1.0396900000000182,172.60000000000002
s02-r4-disconnect_trial-0.5,2,4,disconnect_trial,0.5,22,178.72,179.24,0.5,0.5200000000000102,180,1.52,1.55937,0.9999999999999898,1.0393699999999897,180.24
s02-r4-disconnect_trial-0.5,2,4,disconnect_trial,0.5,23,186.88,187.36,0.5,0.4800000000000182,188,1.52,1.55935,1.0399999999999818,1.0793499999999818,188.4
s02-r4-disconnect_trial-0.5,2,4,disconnect_trial,0.5,24,194.68,195.16,0.5,0.47999999999998977,196,1.52,1.55992,1.0400000000000102,1.0799200000000102,196.20000000000002
s02-r4-disconnect_trial-0.5,2,4,disconnect_trial,0.5,25,202.52,203.0,0.5,0.47999999999998977,204,1.52,1.55875,1.0400000000000102,1.0787500000000103,204.04000000000002
s02-r4-disconnect_trial-0.5,2,4,disconnect_trial,0.5,26,210.92,211.44,0.5,0.5200000000000102,212,1.52,1.55922,0.9999999999999898,1.0392199999999898,212.44
s02-r4-disconnect_trial-0.5,2,4,disconnect_trial,0.5,27,218.96,219.44,0.5,0.47999999999998977,220,1.52,1.55964,1.0400000000000102,1.0796400000000101,220.48000000000002
s02-r4-disconnect_trial-0.5,2,4,disconnect_trial,0.5,28,226.84,227.36,0.5,0.5200000000000102,228,1.52,1.56364,0.9999999999999898,1.0436399999999897,228.36
s02-r4-disconnect_trial-0.5,2,4,disconnect_trial,0.5,29,234.96,235.44,0.5,0.47999999999998977,236,1.52,1.55947,1.0400000000000102,1.0794700000000101,236.48000000000002
s02-r4-disconnect_trial-0.5,2,4,disconnect_trial,0.5,30,243.24,243.72,0.5,0.47999999999998977,244,1.52,1.56011,1.0400000000000102,1.0801100000000103,244.76000000000002
s02-r4-disconnect_trial-0.5,2,4,disconnect_trial,0.5,31,251.68,252.16,0.5,0.47999999999998977,253,1.52,1.55989,1.0400000000000102,1.0798900000000102,253.20000000000002
s02-r4-disconnect_trial-0.5,2,4,disconnect_trial,0.5,32,260.04,260.52,0.5,0.47999999999996135,261,1.52,1.56025,1.0400000000000387,1.0802500000000386,261.56
s02-r4-disconnect_trial-0.5,2,4,disconnect_trial,0.5,33,268.4,268.88,0.5,0.4800000000000182,269,1.52,1.5603,1.0399999999999818,1.0802999999999818,269.91999999999996
s02-r4-disconnect_trial-0.5,2,4,disconnect_trial,0.5,34,276.56,277.08,0.5,0.5199999999999818,278,1.52,1.55899,1.0000000000000182,1.0389900000000183,278.08
s02-r4-disconnect_trial-0.5,2,4,disconnect_trial,0.5,35,284.84,285.32,0.5,0.4800000000000182,286,1.52,1.55996,1.0399999999999818,1.0799599999999818,286.35999999999996
s02-r4-disconnect_trial-0.5,2,4,disconnect_trial,0.5,36,292.92,293.4,0.5,0.47999999999996135,294,1.52,1.56034,1.0400000000000387,1.0803400000000387,294.44
s02-r4-disconnect_trial-0.5,2,4,disconnect_trial,0.5,37,300.8,301.28,0.5,0.47999999999996135,302,1.52,1.55973,1.0400000000000387,1.0797300000000387,302.32
s02-r4-disconnect_trial-0.5,2,4,disconnect_trial,0.5,38,308.64,309.16,0.5,0.5200000000000387,310,1.52,1.56027,0.9999999999999614,1.0402699999999614,310.15999999999997
s02-r4-disconnect_trial-0.5,2,4,disconnect_trial,0.5,39,316.36,316.84,0.5,0.47999999999996135,317,1.52,1.55939,1.0400000000000387,1.0793900000000387,317.88
s02-r4-disconnect_trial-0.5,2,4,disconnect_trial,0.5,40,324.68,325.16,0.5,0.4800000000000182,326,1.52,1.56,1.0399999999999818,1.0799999999999819,326.2
s02-r4-disconnect_trial-0.5,2,4,disconnect_trial,0.5,41,332.6,333.08,0.5,0.47999999999996135,334,1.52,1.56024,1.0400000000000387,1.0802400000000387,334.12
s02-r4-disconnect_trial-0.5,2,4,disconnect_trial,0.5,42,340.56,341.04,0.5,0.4800000000000182,342,1.52,1.55964,1.0399999999999818,1.0796399999999817,342.08
s02-r4-disconnect_trial-0.5,2,4,disconnect_trial,0.5,43,349.0,349.52,0.5,0.5199999999999818,350,1.52,1.55962,1.0000000000000182,1.0396200000000182,350.52
s02-r4-disconnect_trial-0.5,2,4,disconnect_trial,0.5,44,356.64,357.16,0.5,0.5200000000000387,358,1.52,1.55964,0.9999999999999614,1.0396399999999613,358.15999999999997
s02-r4-disconnect_trial-0.5,2,4,disconnect_trial,0.5,45,364.36,364.84,0.5,0.47999999999996135,365,1.52,1.5595,1.0400000000000387,1.0795000000000388,365.88
s02-r4-disconnect_trial-0.5,2,4,disconnect_trial,0.5,46,372.8,373.32,0.5,0.5199999999999818,374,1.52,1.55878,1.0000000000000182,1.0387800000000182,374.32
s02-r4-disconnect_trial-0.5,2,4,disconnect_trial,0.5,47,381.04,381.56,0.5,0.5199999999999818,382,1.52,1.55993,1.0000000000000182,1.0399300000000182,382.56
s02-r4-disconnect_trial-1,2,4,disconnect_trial,1.0,0,3.0,4.0,1.0,1.0,4,1.52,1.55983,0.52,0.55983,4.52
s02-r4-disconnect_trial-1,2,4,disconnect_trial,1.0,1,11.04,12.04,1.0,1.0,12,1.52,1.56031,0.52,0.5603100000000001,12.559999999999999
s02-r4-disconnect_trial-1,2,4,disconnect_trial,1.0,2,18.72,19.72,1.0,1.0,20,1.52,1.5602,0.52,0.5602,20.24
s02-r4-disconnect_trial-1,2,4,disconnect_trial,1.0,3,26.52,27.52,1.0,1.0,28,1.52,1.55887,0.52,0.55887,28.04
s02-r4-disconnect_trial-1,2,4,disconnect_trial,1.0,4,34.56,35.56,1.0,1.0,36,1.52,1.55534,0.52,0.55534,36.080000000000005
s02-r4-disconnect_trial-1,2,4,disconnect_trial,1.0,5,43.0,44.0,1.0,1.0,44,1.52,1.55994,0.52,0.5599400000000001,44.52
s02-r4-disconnect_trial-1,2,4,disconnect_trial,1.0,6,50.64,51.64,1.0,1.0,52,1.52,1.56017,0.52,0.5601700000000001,52.160000000000004
s02-r4-disconnect_trial-1,2,4,disconnect_trial,1.0,7,58.84,59.84,1.0,1.0,60,1.52,1.56007,0.52,0.5600700000000001,60.36000000000001
s02-r4-disconnect_trial-1,2,4,disconnect_trial,1.0,8,66.56,67.56,1.0,1.0,68,1.52,1.55943,0.52,0.5594300000000001,68.08
s02-r4-disconnect_trial-1,2,4,disconnect_trial,1.0,9,74.56,75.56,1.0,1.0,76,1.52,1.55979,0.52,0.55979,76.08
s02-r4-disconnect_trial-1,2,4,disconnect_trial,1.0,10,82.2,83.2,1.0,1.0,83,1.52,1.55952,0.52,0.55952,83.72
s02-r4-disconnect_trial-1,2,4,disconnect_trial,1.0,11,89.76,90.76,1.0,1.0,91,1.52,1.55943,0.52,0.5594300000000001,91.28
s02-r4-disconnect_trial-1,2,4,disconnect_trial,1.0,12,97.68,98.68,1.0,1.0,99,1.52,1.5599,0.52,0.5599000000000001,99.2
s02-r4-disconnect_trial-1,2,4,disconnect_trial,1.0,13,105.44,106.44,1.0,1.0,106,1.52,1.55916,0.52,0.5591600000000001,106.96
s02-r4-disconnect_trial-1,2,4,disconnect_trial,1.0,14,113.32,114.32,1.0,1.0,114,1.52,1.55974,0.52,0.5597399999999999,114.83999999999999
s02-r4-disconnect_trial-1,2,4,disconnect_trial,1.0,15,121.8,122.8,1.0,1.0,123,1.52,1.56016,0.52,0.56016,123.32
s02-r4-disconnect_trial-1,2,4,disconnect_trial,1.0,16,129.8,130.8,1.0,1.0,131,1.52,1.55955,0.52,0.55955,131.32000000000002
s02-r4-disconnect_trial-1,2,4,disconnect_trial,1.0,17,138.08,139.08,1.0,1.0,139,1.52,1.55979,0.52,0.55979,139.60000000000002
s02-r4-disconnect_trial-1,2,4,disconnect_trial,1.0,18,146.24,147.24,1.0,1.0,147,1.52,1.55977,0.52,0.5597700000000001,147.76000000000002
s02-r4-disconnect_trial-1,2,4,disconnect_trial,1.0,19,154.48,155.48,1.0,1.0,156,1.52,1.56027,0.52,0.56027,156.0
s02-r4-disconnect_trial-1,2,4,disconnect_trial,1.0,20,162.76,163.76,1.0,1.0,164,1.52,1.56421,0.52,0.5642100000000001,164.28
s02-r4-disconnect_trial-1,2,4,disconnect_trial,1.0,21,171.08,172.08,1.0,1.0,172,1.52,1.55942,0.52,0.55942,172.60000000000002
s02-r4-disconnect_trial-1,2,4,disconnect_trial,1.0,22,178.72,179.72,1.0,1.0,180,1.52,1.56013,0.52,0.56013,180.24
s02-r4-disconnect_trial-1,2,4,disconnect_trial,1.0,23,186.88,187.88,1.0,1.0,188,1.52,1.56479,0.52,0.5647899999999999,188.4
s02-r4-disconnect_trial-1,2,4,disconnect_trial,1.0,24,194.68,195.68,1.0,1.0,196,1.52,1.55577,0.52,0.5557700000000001,196.20000000000002
s02-r4-disconnect_trial-1,2,4,disconnect_trial,1.0,25,202.52,203.52,1.0,1.0,204,1.52,1.5593,0.52,0.5592999999999999,204.04000000000002
s02-r4-disconnect_trial-1,2,4,disconnect_trial,1.0,26,210.92,211.92,1.0,1.0,212,1.52,1.5595,0.52,0.5595000000000001,212.44
s02-r4-disconnect_trial-1,2,4,disconnect_trial,1.0,27,218.96,219.96,1.0,1.0,220,1.52,1.55996,0.52,0.55996,220.48000000000002
s02-r4-disconnect_trial-1,2,4,disconnect_trial,1.0,28,226.84,227.84,1.0,1.0,228,1.52,1.55982,0.52,0.55982,228.36
s02-r4-disconnect_trial-1,2,4,disconnect_trial,1.0,29,234.96,235.96,1.0,1.0,236,1.52,1.56415,0.52,0.5641499999999999,236.48000000000002
s02-r4-disconnect_trial-1,2,4,disconnect_trial,1.0,30,243.24,244.24,1.0,1.0,244,1.52,1.5593,0.52,0.5592999999999999,244.76000000000002
s02-r4-disconnect_trial-1,2,4,disconnect_trial,1.0,31,251.68,252.68,1.0,1.0,253,1.52,1.56025,0.52,0.5602499999999999,253.20000000000002
s02-r4-disconnect_trial-1,2,4,disconnect_trial,1.0,32,260.04,261.04,1.0,1.0,261,1.52,1.55923,0.52,0.5592299999999999,261.56
s02-r4-disconnect_trial-1,2,4,disconnect_trial,1.0,33,268.4,269.4,1.0,1.0,269,1.52,1.55985,0.52,0.55985,269.91999999999996
s02-r4-disconnect_trial-1,2,4,disconnect_trial,1.0,34,276.56,277.56,1.0,1.0,278,1.52,1.55982,0.52,0.55982,278.08
s02-r4-disconnect_trial-1,2,4,disconnect_trial,1.0,35,284.84,285.84,1.0,1.0,286,1.52,1.56026,0.52,0.56026,286.35999999999996
s02-r4-disconnect_trial-1,2,4,disconnect_trial,1.0,36,292.92,293.92,1.0,1.0,294,1.52,1.55911,0.52,0.55911,294.44
s02-r4-disconnect_trial-1,2,4,disconnect_trial,1.0,37,300.8,301.8,1.0,1.0,302,1.52,1.56046,0.52,0.56046,302.32
s02-r4-disconnect_trial-1,2,4,disconnect_trial,1.0,38,308.64,309.64,1.0,1.0,310,1.52,1.56011,0.52,0.5601100000000001,310.15999999999997
s02-r4-disconnect_trial-1,2,4,disconnect_trial,1.0,39,316.36,317.36,1.0,1.0,317,1.52,1.56016,0.52,0.56016,317.88
s02-r4-disconnect_trial-1,2,4,disconnect_trial,1.0,40,324.68,325.68,1.0,1.0,326,1.52,1.56425,0.52,0.5642499999999999,326.2
s02-r4-disconnect_trial-1,2,4,disconnect_trial,1.0,41,332.6,333.6,1.0,1.0,334,1.52,1.55944,0.52,0.5594399999999999,334.12
s02-r4-disconnect_trial-1,2,4,disconnect_trial,1.0,42,340.56,341.56,1.0,1.0,342,1.52,1.55999,0.52,0.55999,342.08
s02-r4-disconnect_trial-1,2,4,disconnect_trial,1.0,43,349.0,350.0,1.0,1.0,350,1.52,1.56022,0.52,0.5602199999999999,350.52
s02-r4-disconnect_trial-1,2,4,disconnect_trial,1.0,44,356.64,357.64,1.0,1.0,358,1.52,1.55975,0.52,0.55975,358.15999999999997
s02-r4-disconnect_trial-1,2,4,disconnect_trial,1.0,45,364.36,365.36,1.0,1.0,365,1.52,1.55933,0.52,0.5593300000000001,365.88
s02-r4-disconnect_trial-1,2,4,disconnect_trial,1.0,46,372.8,373.8,1.0,1.0,374,1.52,1.55883,0.52,0.5588299999999999,374.32
s02-r4-disconnect_trial-1,2,4,disconnect_trial,1.0,47,381.04,382.04,1.0,1.0,382,1.52,1.56019,0.52,0.56019,382.56
s02-r4-disconnect_trial-2,2,4,disconnect_trial,2.0,0,3.0,5.0,2.0,2.0,5,2.52,2.55824,0.52,0.5582400000000001,5.52
s02-r4-disconnect_trial-2,2,4,disconnect_trial,2.0,1,11.04,13.04,2.0,2.0,13,2.52,2.56338,0.52,0.56338,13.559999999999999
s02-r4-disconnect_trial-2,2,4,disconnect_trial,2.0,2,18.72,20.72,2.0,2.0,21,2.52,2.55934,0.52,0.5593400000000002,21.24
s02-r4-disconnect_trial-2,2,4,disconnect_trial,2.0,3,26.52,28.52,2.0,2.0,29,2.52,2.56394,0.52,0.5639400000000001,29.04
s02-r4-disconnect_trial-2,2,4,disconnect_trial,2.0,4,34.56,36.56,2.0,2.0,37,2.52,2.55884,0.52,0.55884,37.080000000000005
s02-r4-disconnect_trial-2,2,4,disconnect_trial,2.0,5,43.0,45.0,2.0,2.0,45,2.52,2.56345,0.52,0.56345,45.52
s02-r4-disconnect_trial-2,2,4,disconnect_trial,2.0,6,50.64,52.64,2.0,2.0,53,2.52,2.55846,0.52,0.5584600000000002,53.160000000000004
s02-r4-disconnect_trial-2,2,4,disconnect_trial,2.0,7,58.84,60.84,2.0,2.0,61,2.52,2.55915,0.52,0.5591499999999998,61.36000000000001
s02-r4-disconnect_trial-2,2,4,disconnect_trial,2.0,8,66.56,68.56,2.0,2.0,69,2.52,2.5596,0.52,0.5596000000000001,69.08
s02-r4-disconnect_trial-2,2,4,disconnect_trial,2.0,9,74.56,76.56,2.0,2.0,77,2.52,2.5594,0.52,0.5594000000000001,77.08
s02-r4-disconnect_trial-2,2,4,disconnect_trial,2.0,10,82.2,84.2,2.0,2.0,84,2.52,2.55904,0.52,0.55904,84.72
s02-r4-disconnect_trial-2,2,4,disconnect_trial,2.0,11,89.76,91.76,2.0,2.0,92,2.52,2.55869,0.52,0.5586899999999999,92.28
s02-r4-disconnect_trial-2,2,4,disconnect_trial,2.0,12,97.68,99.68,2.0,2.0,100,2.52,2.56431,0.52,0.5643099999999999,100.2
s02-r4-disconnect_trial-2,2,4,disconnect_trial,2.0,13,105.44,107.44,2.0,2.0,107,2.52,2.55791,0.52,0.5579100000000001,107.96
s02-r4-disconnect_trial-2,2,4,disconnect_trial,2.0,14,113.32,115.32,2.0,2.0,115,2.52,2.55822,0.52,0.5582199999999999,115.83999999999999
s02-r4-disconnect_trial-2,2,4,disconnect_trial,2.0,15,121.8,123.8,2.0,2.0,124,2.52,2.56432,0.52,0.5643199999999999,124.32
s02-r4-disconnect_trial-2,2,4,disconnect_trial,2.0,16,129.8,131.8,2.0,2.0,132,2.52,2.56219,0.52,0.5621900000000002,132.32000000000002
s02-r4-disconnect_trial-2,2,4,disconnect_trial,2.0,17,138.08,140.08,2.0,2.0,140,2.52,2.55919,0.52,0.5591900000000001,140.60000000000002
s02-r4-disconnect_trial-2,2,4,disconnect_trial,2.0,18,146.24,148.24,2.0,2.0,148,2.52,2.55782,0.52,0.55782,148.76000000000002
s02-r4-disconnect_trial-2,2,4,disconnect_trial,2.0,19,154.48,156.48,2.0,2.0,157,2.52,2.55994,0.52,0.5599400000000001,157.0
s02-r4-disconnect_trial-2,2,4,disconnect_trial,2.0,20,162.76,164.76,2.0,2.0,165,2.52,2.55888,0.52,0.5588799999999998,165.28
s02-r4-disconnect_trial-2,2,4,disconnect_trial,2.0,21,171.08,173.08,2.0,2.0,173,2.52,2.5591,0.52,0.5590999999999999,173.60000000000002
s02-r4-disconnect_trial-2,2,4,disconnect_trial,2.0,22,178.72,180.72,2.0,2.0,181,2.52,2.56276,0.52,0.5627599999999999,181.24
s02-r4-disconnect_trial-2,2,4,disconnect_trial,2.0,23,186.88,188.88,2.0,2.0,189,2.52,2.55946,0.52,0.5594600000000001,189.4
s02-r4-disconnect_trial-2,2,4,disconnect_trial,2.0,24,194.68,196.68,2.0,2.0,197,2.52,2.55919,0.52,0.5591900000000001,197.20000000000002
s02-r4-disconnect_trial-2,2,4,disconnect_trial,2.0,25,202.52,204.52,2.0,2.0,205,2.52,2.55806,0.52,0.5580599999999998,205.04000000000002
s02-r4-disconnect_trial-2,2,4,disconnect_trial,2.0,26,210.92,212.92,2.0,2.0,213,2.52,2.56397,0.52,0.5639699999999999,213.44
s02-r4-disconnect_trial-2,2,4,disconnect_trial,2.0,27,218.96,220.96,2.0,2.0,221,2.52,2.55981,0.52,0.5598100000000001,221.48000000000002
s02-r4-disconnect_trial-2,2,4,disconnect_trial,2.0,28,226.84,228.84,2.0,2.0,229,2.52,2.56358,0.52,0.56358,229.36
s02-r4-disconnect_trial-2,2,4,disconnect_trial,2.0,29,234.96,236.96,2.0,2.0,237,2.52,2.56335,0.52,0.5633499999999998,237.48000000000002
s02-r4-disconnect_trial-2,2,4,disconnect_trial,2.0,30,243.24,245.24,2.0,2.0,245,2.52,2.55868,0.52,0.5586799999999998,245.76000000000002
s02-r4-disconnect_trial-2,2,4,disconnect_trial,2.0,31,251.68,253.68,2.0,2.0,254,2.52,2.55851,0.52,0.5585100000000001,254.20000000000002
s02-r4-disconnect_trial-2,2,4,disconnect_trial,2.0,32,260.04,262.04,2.0,2.0,262,2.52,2.55948,0.52,0.5594800000000002,262.56
s02-r4-disconnect_trial-2,2,4,disconnect_trial,2.0,33,268.4,270.4,2.0,2.0,270,2.52,2.55886,0.52,0.5588600000000001,270.91999999999996
s02-r4-disconnect_trial-2,2,4,disconnect_trial,2.0,34,276.56,278.56,2.0,2.0,279,2.52,2.55884,0.52,0.55884,279.08
s02-r4-disconnect_trial-2,2,4,disconnect_trial,2.0,35,284.84,286.84,2.0,2.0,287,2.52,2.56307,0.52,0.5630700000000002,287.35999999999996
s02-r4-disconnect_trial-2,2,4,disconnect_trial,2.0,36,292.92,294.92,2.0,2.0,295,2.52,2.56353,0.52,0.5635300000000001,295.44
s02-r4-disconnect_trial-2,2,4,disconnect_trial,2.0,37,300.8,302.8,2.0,2.0,303,2.52,2.5596,0.52,0.5596000000000001,303.32
s02-r4-disconnect_trial-2,2,4,disconnect_trial,2.0,38,308.64,310.64,2.0,2.0,311,2.52,2.55884,0.52,0.55884,311.15999999999997
s02-r4-disconnect_trial-2,2,4,disconnect_trial,2.0,39,316.36,318.36,2.0,2.0,318,2.52,2.55982,0.52,0.5598200000000002,318.88
s02-r4-disconnect_trial-2,2,4,disconnect_trial,2.0,40,324.68,326.68,2.0,2.0,327,2.52,2.55718,0.52,0.5571799999999998,327.2
s02-r4-disconnect_trial-2,2,4,disconnect_trial,2.0,41,332.6,334.6,2.0,2.0,335,2.52,2.5594,0.52,0.5594000000000001,335.12
s02-r4-disconnect_trial-2,2,4,disconnect_trial,2.0,42,340.56,342.56,2.0,2.0,343,2.52,2.56407,0.52,0.5640700000000001,343.08
s02-r4-disconnect_trial-2,2,4,disconnect_trial,2.0,43,349.0,351.0,2.0,2.0,351,2.52,2.5637,0.52,0.5636999999999999,351.52
s02-r4-disconnect_trial-2,2,4,disconnect_trial,2.0,44,356.64,358.64,2.0,2.0,359,2.52,2.55902,0.52,0.5590199999999999,359.15999999999997
s02-r4-disconnect_trial-2,2,4,disconnect_trial,2.0,45,364.36,366.36,2.0,2.0,366,2.52,2.56331,0.52,0.56331,366.88
s02-r4-disconnect_trial-2,2,4,disconnect_trial,2.0,46,372.8,374.8,2.0,2.0,375,2.52,2.55908,0.52,0.5590799999999998,375.32
s02-r4-disconnect_trial-2,2,4,disconnect_trial,2.0,47,381.04,383.04,2.0,2.0,383,2.52,2.56406,0.52,0.56406,383.56
s03-r0-disconnect-0.5,3,0,disconnect,0.5,0,125.76,126.24,0.5,0.47999999999998977,127,1.52,1.55964,1.0400000000000102,1.0796400000000101,127.28
s03-r0-disconnect-0.5,3,0,disconnect,0.5,1,146.4,146.92,0.5,0.5199999999999818,147,1.52,1.55945,1.0000000000000182,1.0394500000000182,147.92000000000002
s03-r0-disconnect-0.5,3,0,disconnect,0.5,2,226.32,226.8,0.5,0.4800000000000182,227,1.52,1.55973,1.0399999999999818,1.0797299999999819,227.84
s03-r0-disconnect-0.5,3,0,disconnect,0.5,3,365.88,366.4,0.5,0.5199999999999818,367,1.52,1.55977,1.0000000000000182,1.0397700000000183,367.4
s03-r0-disconnect-0.5,3,0,disconnect,0.5,4,371.4,371.88,0.5,0.4800000000000182,372,1.52,1.55972,1.0399999999999818,1.0797199999999818,372.91999999999996
s03-r0-disconnect-1,3,0,disconnect,1.0,0,92.96,93.96,1.0,1.0,94,1.52,1.55891,0.52,0.55891,94.47999999999999
s03-r0-disconnect-1,3,0,disconnect,1.0,1,322.64,323.64,1.0,1.0,324,1.52,1.55997,0.52,0.5599700000000001,324.15999999999997
s03-r0-disconnect-1,3,0,disconnect,1.0,2,329.08,330.08,1.0,1.0,330,1.52,1.56022,0.52,0.5602199999999999,330.59999999999997
s03-r0-disconnect-1,3,0,disconnect,1.0,3,343.72,344.72,1.0,1.0,345,1.52,1.55988,0.52,0.5598799999999999,345.24
s03-r0-disconnect-1,3,0,disconnect,1.0,4,349.72,350.72,1.0,1.0,351,1.52,1.56,0.52,0.56,351.24
s03-r0-disconnect-3,3,0,disconnect,3.0,0,56.68,59.68,3.0,3.0,60,3.56,3.59724,0.56,0.5972400000000002,60.24
s03-r0-disconnect-3,3,0,disconnect,3.0,1,163.2,166.2,3.0,3.0,166,3.52,3.56234,0.52,0.5623399999999998,166.72
s03-r0-disconnect-3,3,0,disconnect,3.0,2,320.64,323.64,3.0,3.0,324,3.52,3.56249,0.52,0.5624899999999999,324.15999999999997
s03-r0-disconnect-3,3,0,disconnect,3.0,3,328.64,331.64,3.0,3.0,332,3.52,3.56297,0.52,0.56297,332.15999999999997
s03-r0-disconnect-3,3,0,disconnect,3.0,4,346.96,349.96,3.0,3.0,350,3.52,3.56315,0.52,0.5631499999999998,350.47999999999996
s03-r0-disconnect_trial-0.5,3,0,disconnect_trial,0.5,0,3.0,3.52,0.5,0.52,4,1.52,1.55903,1.0,1.03903,4.52
s03-r0-disconnect_trial-0.5,3,0,disconnect_trial,0.5,1,11.04,11.52,0.5,0.4800000000000004,12,1.52,1.56051,1.0399999999999996,1.0805099999999996,12.559999999999999
s03-r0-disconnect_trial-0.5,3,0,disconnect_trial,0.5,2,18.72,19.2,0.5,0.4800000000000004,20,1.52,1.56022,1.0399999999999996,1.0802199999999995,20.24
s03-r0-disconnect_trial-0.5,3,0,disconnect_trial,0.5,3,26.52,27.0,0.5,0.4800000000000004,28,1.52,1.55952,1.0399999999999996,1.0795199999999996,28.04
s03-r0-disconnect_trial-0.5,3,0,disconnect_trial,0.5,4,34.56,35.04,0.5,0.4799999999999969,36,1.52,1.55916,1.0400000000000031,1.0791600000000032,36.080000000000005
s03-r0-disconnect_trial-0.5,3,0,disconnect_trial,0.5,5,43.0,43.48,0.5,0.4799999999999969,44,1.52,1.56018,1.0400000000000031,1.080180000000003,44.52
s03-r0-disconnect_trial-0.5,3,0,disconnect_trial,0.5,6,50.64,51.16,0.5,0.519999999999996,52,1.52,1.55889,1.000000000000004,1.038890000000004,52.160000000000004
s03-r0-disconnect_trial-0.5,3,0,disconnect_trial,0.5,7,58.84,59.36,0.5,0.519999999999996,60,1.52,1.55988,1.000000000000004,1.039880000000004,60.36000000000001
s03-r0-disconnect_trial-0.5,3,0,disconnect_trial,0.5,8,66.56,67.08,0.5,0.519999999999996,68,1.52,1.5594,1.000000000000004,1.0394000000000039,68.08
s03-r0-disconnect_trial-0.5,3,0,disconnect_trial,0.5,9,74.56,75.08,0.5,0.519999999999996,76,1.52,1.56399,1.000000000000004,1.043990000000004,76.08
s03-r0-disconnect_trial-0.5,3,0,disconnect_trial,0.5,10,82.2,82.68,0.5,0.480000000000004,83,1.52,1.56421,1.039999999999996,1.0842099999999961,83.72
s03-r0-disconnect_trial-0.5,3,0,disconnect_trial,0.5,11,89.76,90.28,0.5,0.519999999999996,91,1.52,1.559,1.000000000000004,1.039000000000004,91.28
s03-r0-disconnect_trial-0.5,3,0,disconnect_trial,0.5,12,97.68,98.16,0.5,0.47999999999998977,99,1.52,1.56396,1.0400000000000102,1.0839600000000102,99.2
s03-r0-disconnect_trial-0.5,3,0,disconnect_trial,0.5,13,105.44,105.92,0.5,0.480000000000004,106,1.52,1.55957,1.039999999999996,1.079569999999996,106.96
s03-r0-disconnect_trial-0.5,3,0,disconnect_trial,0.5,14,113.32,113.8,0.5,0.480000000000004,114,1.52,1.55924,1.039999999999996,1.079239999999996,114.83999999999999
s03-r0-disconnect_trial-0.5,3,0,disconnect_trial,0.5,15,121.8,122.28,0.5,0.480000000000004,123,1.52,1.55847,1.039999999999996,1.078469999999996,123.32
s03-r0-disconnect_trial-0.5,3,0,disconnect_trial,0.5,16,129.8,130.32,0.5,0.5199999999999818,131,1.52,1.55951,1.0000000000000182,1.0395100000000181,131.32000000000002
s03-r0-disconnect_trial-0.5,3,0,disconnect_trial,0.5,17,138.08,138.6,0.5,0.5199999999999818,139,1.52,1.55903,1.0000000000000182,1.039030000000018,139.60000000000002
s03-r0-disconnect_trial-0.5,3,0,disconnect_trial,0.5,18,146.24,146.72,0.5,0.47999999999998977,147,1.52,1.55956,1.0400000000000102,1.0795600000000103,147.76000000000002
s03-r0-disconnect_trial-0.5,3,0,disconnect_trial,0.5,19,154.48,155.0,0.5,0.5200000000000102,156,1.52,1.56016,0.9999999999999898,1.0401599999999898,156.0
s03-r0-disconnect_trial-0.5,3,0,disconnect_trial,0.5,20,162.76,163.28,0.5,0.5200000000000102,164,1.52,1.56004,0.9999999999999898,1.0400399999999899,164.28
s03-r0-disconnect_trial-0.5,3,0,disconnect_trial,0.5,21,171.08,171.6,0.5,0.5199999999999818,172,1.52,1.55974,1.0000000000000182,1.039740000000018,172.60000000000002
s03-r0-disconnect_trial-0.5,3,0,disconnect_trial,0.5,22,178.72,179.24,0.5,0.5200000000000102,180,1.52,1.55997,0.9999999999999898,1.0399699999999898,180.24
s03-r0-disconnect_trial-0.5,3,0,disconnect_trial,0.5,23,186.88,187.36,0.5,0.4800000000000182,188,1.52,1.55894,1.0399999999999818,1.0789399999999818,188.4
s03-r0-disconnect_trial-0.5,3,0,disconnect_trial,0.5,24,194.68,195.16,0.5,0.47999999999998977,196,1.52,1.55933,1.0400000000000102,1.0793300000000103,196.20000000000002
s03-r0-disconnect_trial-0.5,3,0,disconnect_trial,0.5,25,202.52,203.0,0.5,0.47999999999998977,204,1.52,1.56451,1.0400000000000102,1.0845100000000103,204.04000000000002
s03-r0-disconnect_trial-0.5,3,0,disconnect_trial,0.5,26,210.92,211.44,0.5,0.5200000000000102,212,1.52,1.56448,0.9999999999999898,1.0444799999999899,212.44
s03-r0-disconnect_trial-0.5,3,0,disconnect_trial,0.5,27,218.96,219.44,0.5,0.47999999999998977,220,1.52,1.56032,1.0400000000000102,1.0803200000000102,220.48000000000002
s03-r0-disconnect_trial-0.5,3,0,disconnect_trial,0.5,28,226.84,227.36,0.5,0.5200000000000102,228,1.52,1.5593,0.9999999999999898,1.0392999999999897,228.36
s03-r0-disconnect_trial-0.5,3,0,disconnect_trial,0.5,29,234.96,235.44,0.5,0.47999999999998977,236,1.52,1.55916,1.0400000000000102,1.0791600000000103,236.48000000000002
s03-r0-disconnect_trial-0.5,3,0,disconnect_trial,0.5,30,243.24,243.72,0.5,0.47999999999998977,244,1.52,1.55959,1.0400000000000102,1.0795900000000103,244.76000000000002
s03-r0-disconnect_trial-0.5,3,0,disconnect_trial,0.5,31,251.68,252.16,0.5,0.47999999999998977,253,1.52,1.55887,1.0400000000000102,1.0788700000000102,253.20000000000002
s03-r0-disconnect_trial-0.5,3,0,disconnect_trial,0.5,32,260.04,260.52,0.5,0.47999999999996135,261,1.52,1.56411,1.0400000000000387,1.0841100000000385,261.56
s03-r0-disconnect_trial-0.5,3,0,disconnect_trial,0.5,33,268.4,268.88,0.5,0.4800000000000182,269,1.52,1.56001,1.0399999999999818,1.0800099999999817,269.91999999999996
s03-r0-disconnect_trial-0.5,3,0,disconnect_trial,0.5,34,276.56,277.08,0.5,0.5199999999999818,278,1.52,1.56058,1.0000000000000182,1.0405800000000183,278.08
s03-r0-disconnect_trial-0.5,3,0,disconnect_trial,0.5,35,284.84,285.32,0.5,0.4800000000000182,286,1.52,1.55865,1.0399999999999818,1.078649999999982,286.35999999999996
s03-r0-disconnect_trial-0.5,3,0,disconnect_trial,0.5,36,292.92,293.4,0.5,0.47999999999996135,294,1.52,1.5606,1.0400000000000387,1.0806000000000386,294.44
s03-r0-disconnect_trial-0.5,3,0,disconnect_trial,0.5,37,300.8,301.28,0.5,0.47999999999996135,302,1.52,1.56047,1.0400000000000387,1.0804700000000387,302.32
s03-r0-disconnect_trial-0.5,3,0,disconnect_trial,0.5,38,308.64,309.16,0.5,0.5200000000000387,310,1.52,1.55933,0.9999999999999614,1.0393299999999615,310.15999999999997
s03-r0-disconnect_trial-0.5,3,0,disconnect_trial,0.5,39,316.36,316.84,0.5,0.47999999999996135,317,1.52,1.55982,1.0400000000000387,1.0798200000000386,317.88
s03-r0-disconnect_trial-0.5,3,0,disconnect_trial,0.5,40,324.68,325.16,0.5,0.4800000000000182,326,1.52,1.56,1.0399999999999818,1.0799999999999819,326.2
s03-r0-disconnect_trial-0.5,3,0,disconnect_trial,0.5,41,332.6,333.08,0.5,0.47999999999996135,334,1.52,1.55927,1.0400000000000387,1.0792700000000386,334.12
s03-r0-disconnect_trial-0.5,3,0,disconnect_trial,0.5,42,340.56,341.04,0.5,0.4800000000000182,342,1.52,1.55947,1.0399999999999818,1.0794699999999817,342.08
s03-r0-disconnect_trial-0.5,3,0,disconnect_trial,0.5,43,349.0,349.52,0.5,0.5199999999999818,350,1.52,1.55953,1.0000000000000182,1.0395300000000183,350.52
s03-r0-disconnect_trial-0.5,3,0,disconnect_trial,0.5,44,356.64,357.16,0.5,0.5200000000000387,358,1.52,1.55935,0.9999999999999614,1.0393499999999614,358.15999999999997
s03-r0-disconnect_trial-0.5,3,0,disconnect_trial,0.5,45,364.36,364.84,0.5,0.47999999999996135,365,1.52,1.55513,1.0400000000000387,1.0751300000000386,365.88
s03-r0-disconnect_trial-0.5,3,0,disconnect_trial,0.5,46,372.8,373.32,0.5,0.5199999999999818,374,1.52,1.56375,1.0000000000000182,1.0437500000000182,374.32
s03-r0-disconnect_trial-0.5,3,0,disconnect_trial,0.5,47,381.04,381.56,0.5,0.5199999999999818,382,1.52,1.56421,1.0000000000000182,1.0442100000000183,382.56
s03-r0-disconnect_trial-1,3,0,disconnect_trial,1.0,0,3.0,4.0,1.0,1.0,4,1.52,1.5594,0.52,0.5593999999999999,4.52
s03-r0-disconnect_trial-1,3,0,disconnect_trial,1.0,1,11.04,12.04,1.0,1.0,12,1.52,1.55985,0.52,0.55985,12.559999999999999
s03-r0-disconnect_trial-1,3,0,disconnect_trial,1.0,2,18.72,19.72,1.0,1.0,20,1.52,1.559,0.52,0.5589999999999999,20.24
s03-r0-disconnect_trial-1,3,0,disconnect_trial,1.0,3,26.52,27.52,1.0,1.0,28,1.52,1.56001,0.52,0.5600099999999999,28.04
s03-r0-disconnect_trial-1,3,0,disconnect_trial,1.0,4,34.56,35.56,1.0,1.0,36,1.52,1.55978,0.52,0.5597799999999999,36.080000000000005
s03-r0-disconnect_trial-1,3,0,disconnect_trial,1.0,5,43.0,44.0,1.0,1.0,44,1.52,1.5599,0.52,0.5599000000000001,44.52
s03-r0-disconnect_trial-1,3,0,disconnect_trial,1.0,6,50.64,51.64,1.0,1.0,52,1.52,1.55979,0.52,0.55979,52.160000000000004
s03-r0-disconnect_trial-1,3,0,disconnect_trial,1.0,7,58.84,59.84,1.0,1.0,60,1.52,1.55991,0.52,0.5599099999999999,60.36000000000001
s03-r0-disconnect_trial-1,3,0,disconnect_trial,1.0,8,66.56,67.56,1.0,1.0,68,1.52,1.55879,0.52,0.5587899999999999,68.08
s03-r0-disconnect_trial-1,3,0,disconnect_trial,1.0,9,74.56,75.56,1.0,1.0,76,1.52,1.55962,0.52,0.55962,76.08
s03-r0-disconnect_trial-1,3,0,disconnect_trial,1.0,10,82.2,83.2,1.0,1.0,83,1.52,1.56396,0.52,0.56396,83.72
s03-r0-disconnect_trial-1,3,0,disconnect_trial,1.0,11,89.76,90.76,1.0,1.0,91,1.52,1.5595,0.52,0.5595000000000001,91.28
s03-r0-disconnect_trial-1,3,0,disconnect_trial,1.0,12,97.68,98.68,1.0,1.0,99,1.52,1.55996,0.52,0.55996,99.2
s03-r0-disconnect_trial-1,3,0,disconnect_trial,1.0,13,105.44,106.44,1.0,1.0,106,1.52,1.55971,0.52,0.5597099999999999,106.96
s03-r0-disconnect_trial-1,3,0,disconnect_trial,1.0,14,113.32,114.32,1.0,1.0,114,1.52,1.56471,0.52,0.56471,114.83999999999999
s03-r0-disconnect_trial-1,3,0,disconnect_trial,1.0,15,121.8,122.8,1.0,1.0,123,1.52,1.55851,0.52,0.5585100000000001,123.32
s03-r0-disconnect_trial-1,3,0,disconnect_trial,1.0,16,129.8,130.8,1.0,1.0,131,1.52,1.55999,0.52,0.55999,131.32000000000002
s03-r0-disconnect_trial-1,3,0,disconnect_trial,1.0,17,138.08,139.08,1.0,1.0,139,1.52,1.56116,0.52,0.5611600000000001,139.60000000000002
s03-r0-disconnect_trial-1,3,0,disconnect_trial,1.0,18,146.24,147.24,1.0,1.0,147,1.52,1.55952,0.52,0.55952,147.76000000000002
s03-r0-disconnect_trial-1,3,0,disconnect_trial,1.0,19,154.48,155.48,1.0,1.0,156,1.52,1.55973,0.52,0.5597300000000001,156.0
s03-r0-disconnect_trial-1,3,0,disconnect_trial,1.0,20,162.76,163.76,1.0,1.0,164,1.52,1.56,0.52,0.56,164.28
s03-r0-disconnect_trial-1,3,0,disconnect_trial,1.0,21,171.08,172.08,1.0,1.0,172,1.52,1.55924,0.52,0.55924,172.60000000000002
s03-r0-disconnect_trial-1,3,0,disconnect_trial,1.0,22,178.72,179.72,1.0,1.0,180,1.52,1.55899,0.52,0.5589900000000001,180.24
s03-r0-disconnect_trial-1,3,0,disconnect_trial,1.0,23,186.88,187.88,1.0,1.0,188,1.52,1.56025,0.52,0.5602499999999999,188.4
s03-r0-disconnect_trial-1,3,0,disconnect_trial,1.0,24,194.68,195.68,1.0,1.0,196,1.52,1.56023,0.52,0.56023,196.20000000000002
s03-r0-disconnect_trial-1,3,0,disconnect_trial,1.0,25,202.52,203.52,1.0,1.0,204,1.52,1.55936,0.52,0.5593600000000001,204.04000000000002
s03-r0-disconnect_trial-1,3,0,disconnect_trial,1.0,26,210.92,211.92,1.0,1.0,212,1.52,1.56399,0.52,0.56399,212.44
s03-r0-disconnect_trial-1,3,0,disconnect_trial,1.0,27,218.96,219.96,1.0,1.0,220,1.52,1.5594,0.52,0.5593999999999999,220.48000000000002
s03-r0-disconnect_trial-1,3,0,disconnect_trial,1.0,28,226.84,227.84,1.0,1.0,228,1.52,1.55944,0.52,0.5594399999999999,228.36
s03-r0-disconnect_trial-1,3,0,disconnect_trial,1.0,29,234.96,235.96,1.0,1.0,236,1.52,1.56453,0.52,0.56453,236.48000000000002
s03-r0-disconnect_trial-1,3,0,disconnect_trial,1.0,30,243.24,244.24,1.0,1.0,244,1.52,1.55933,0.52,0.5593300000000001,244.76000000000002
s03-r0-disconnect_trial-1,3,0,disconnect_trial,1.0,31,251.68,252.68,1.0,1.0,253,1.52,1.55949,0.52,0.55949,253.20000000000002
s03-r0-disconnect_trial-1,3,0,disconnect_trial,1.0,32,260.04,261.04,1.0,1.0,261,1.52,1.56004,0.52,0.5600400000000001,261.56
s03-r0-disconnect_trial-1,3,0,disconnect_trial,1.0,33,268.4,269.4,1.0,1.0,269,1.52,1.56014,0.52,0.5601400000000001,269.91999999999996
s03-r0-disconnect_trial-1,3,0,disconnect_trial,1.0,34,276.56,277.56,1.0,1.0,278,1.52,1.56031,0.52,0.5603100000000001,278.08
s03-r0-disconnect_trial-1,3,0,disconnect_trial,1.0,35,284.84,285.84,1.0,1.0,286,1.52,1.56032,0.52,0.5603199999999999,286.35999999999996
s03-r0-disconnect_trial-1,3,0,disconnect_trial,1.0,36,292.92,293.92,1.0,1.0,294,1.52,1.55918,0.52,0.55918,294.44
s03-r0-disconnect_trial-1,3,0,disconnect_trial,1.0,37,300.8,301.8,1.0,1.0,302,1.52,1.55907,0.52,0.55907,302.32
s03-r0-disconnect_trial-1,3,0,disconnect_trial,1.0,38,308.64,309.64,1.0,1.0,310,1.52,1.56011,0.52,0.5601100000000001,310.15999999999997
s03-r0-disconnect_trial-1,3,0,disconnect_trial,1.0,39,316.36,317.36,1.0,1.0,317,1.52,1.56015,0.52,0.5601499999999999,317.88
s03-r0-disconnect_trial-1,3,0,disconnect_trial,1.0,40,324.68,325.68,1.0,1.0,326,1.52,1.56328,0.52,0.56328,326.2
s03-r0-disconnect_trial-1,3,0,disconnect_trial,1.0,41,332.6,333.6,1.0,1.0,334,1.52,1.55995,0.52,0.55995,334.12
s03-r0-disconnect_trial-1,3,0,disconnect_trial,1.0,42,340.56,341.56,1.0,1.0,342,1.52,1.55894,0.52,0.55894,342.08
s03-r0-disconnect_trial-1,3,0,disconnect_trial,1.0,43,349.0,350.0,1.0,1.0,350,1.52,1.55895,0.52,0.5589500000000001,350.52
s03-r0-disconnect_trial-1,3,0,disconnect_trial,1.0,44,356.64,357.64,1.0,1.0,358,1.52,1.55948,0.52,0.55948,358.15999999999997
s03-r0-disconnect_trial-1,3,0,disconnect_trial,1.0,45,364.36,365.36,1.0,1.0,365,1.52,1.55854,0.52,0.55854,365.88
s03-r0-disconnect_trial-1,3,0,disconnect_trial,1.0,46,372.8,373.8,1.0,1.0,374,1.52,1.55911,0.52,0.55911,374.32
s03-r0-disconnect_trial-1,3,0,disconnect_trial,1.0,47,381.04,382.04,1.0,1.0,382,1.52,1.55969,0.52,0.55969,382.56
s03-r0-disconnect_trial-2,3,0,disconnect_trial,2.0,0,3.0,5.0,2.0,2.0,5,2.52,2.55876,0.52,0.5587599999999999,5.52
s03-r0-disconnect_trial-2,3,0,disconnect_trial,2.0,1,11.04,13.04,2.0,2.0,13,2.52,2.55975,0.52,0.5597500000000002,13.559999999999999
s03-r0-disconnect_trial-2,3,0,disconnect_trial,2.0,2,18.72,20.72,2.0,2.0,21,2.52,2.55981,0.52,0.5598100000000001,21.24
s03-r0-disconnect_trial-2,3,0,disconnect_trial,2.0,3,26.52,28.52,2.0,2.0,29,2.52,2.55835,0.52,0.5583499999999999,29.04
s03-r0-disconnect_trial-2,3,0,disconnect_trial,2.0,4,34.56,36.56,2.0,2.0,37,2.52,2.56213,0.52,0.5621299999999998,37.080000000000005
s03-r0-disconnect_trial-2,3,0,disconnect_trial,2.0,5,43.0,45.0,2.0,2.0,45,2.52,2.56416,0.52,0.5641600000000002,45.52
s03-r0-disconnect_trial-2,3,0,disconnect_trial,2.0,6,50.64,52.64,2.0,2.0,53,2.52,2.55785,0.52,0.5578500000000002,53.160000000000004
s03-r0-disconnect_trial-2,3,0,disconnect_trial,2.0,7,58.84,60.84,2.0,2.0,61,2.52,2.5639,0.52,0.5638999999999998,61.36000000000001
s03-r0-disconnect_trial-2,3,0,disconnect_trial,2.0,8,66.56,68.56,2.0,2.0,69,2.52,2.55941,0.52,0.5594100000000002,69.08
s03-r0-disconnect_trial-2,3,0,disconnect_trial,2.0,9,74.56,76.56,2.0,2.0,77,2.52,2.56292,0.52,0.5629200000000001,77.08
s03-r0-disconnect_trial-2,3,0,disconnect_trial,2.0,10,82.2,84.2,2.0,2.0,84,2.52,2.5577,0.52,0.5577000000000001,84.72
s03-r0-disconnect_trial-2,3,0,disconnect_trial,2.0,11,89.76,91.76,2.0,2.0,92,2.52,2.55849,0.52,0.5584899999999999,92.28
s03-r0-disconnect_trial-2,3,0,disconnect_trial,2.0,12,97.68,99.68,2.0,2.0,100,2.52,2.55823,0.52,0.55823,100.2
s03-r0-disconnect_trial-2,3,0,disconnect_trial,2.0,13,105.44,107.44,2.0,2.0,107,2.52,2.55932,0.52,0.55932,107.96
s03-r0-disconnect_trial-2,3,0,disconnect_trial,2.0,14,113.32,115.32,2.0,2.0,115,2.52,2.5628,0.52,0.5628000000000002,115.83999999999999
s03-r0-disconnect_trial-2,3,0,disconnect_trial,2.0,15,121.8,123.8,2.0,2.0,124,2.52,2.55933,0.52,0.5593300000000001,124.32
s03-r0-disconnect_trial-2,3,0,disconnect_trial,2.0,16,129.8,131.8,2.0,2.0,132,2.52,2.55863,0.52,0.55863,132.32000000000002
s03-r0-disconnect_trial-2,3,0,disconnect_trial,2.0,17,138.08,140.08,2.0,2.0,140,2.52,2.56329,0.52,0.5632899999999998,140.60000000000002
s03-r0-disconnect_trial-2,3,0,disconnect_trial,2.0,18,146.24,148.24,2.0,2.0,148,2.52,2.55782,0.52,0.55782,148.76000000000002
s03-r0-disconnect_trial-2,3,0,disconnect_trial,2.0,19,154.48,156.48,2.0,2.0,157,2.52,2.55872,0.52,0.5587200000000001,157.0
s03-r0-disconnect_trial-2,3,0,disconnect_trial,2.0,20,162.76,164.76,2.0,2.0,165,2.52,2.55924,0.52,0.55924,165.28
s03-r0-disconnect_trial-2,3,0,disconnect_trial,2.0,21,171.08,173.08,2.0,2.0,173,2.52,2.55917,0.52,0.55917,173.60000000000002
s03-r0-disconnect_trial-2,3,0,disconnect_trial,2.0,22,178.72,180.72,2.0,2.0,181,2.52,2.55784,0.52,0.5578400000000001,181.24
s03-r0-disconnect_trial-2,3,0,disconnect_trial,2.0,23,186.88,188.88,2.0,2.0,189,2.52,2.55899,0.52,0.5589900000000001,189.4
s03-r0-disconnect_trial-2,3,0,disconnect_trial,2.0,24,194.68,196.68,2.0,2.0,197,2.52,2.55901,0.52,0.5590099999999998,197.20000000000002
s03-r0-disconnect_trial-2,3,0,disconnect_trial,2.0,25,202.52,204.52,2.0,2.0,205,2.52,2.56362,0.52,0.5636199999999998,205.04000000000002
s03-r0-disconnect_trial-2,3,0,disconnect_trial,2.0,26,210.92,212.92,2.0,2.0,213,2.52,2.56327,0.52,0.5632700000000002,213.44
s03-r0-disconnect_trial-2,3,0,disconnect_trial,2.0,27,218.96,220.96,2.0,2.0,221,2.52,2.55859,0.52,0.5585900000000001,221.48000000000002
s03-r0-disconnect_trial-2,3,0,disconnect_trial,2.0,28,226.84,228.84,2.0,2.0,229,2.52,2.55745,0.52,0.5574499999999998,229.36
s03-r0-disconnect_trial-2,3,0,disconnect_trial,2.0,29,234.96,236.96,2.0,2.0,237,2.52,2.55834,0.52,0.5583399999999998,237.48000000000002
s03-r0-disconnect_trial-2,3,0,disconnect_trial,2.0,30,243.24,245.24,2.0,2.0,245,2.52,2.55858,0.52,0.5585800000000001,245.76000000000002
s03-r0-disconnect_trial-2,3,0,disconnect_trial,2.0,31,251.68,253.68,2.0,2.0,254,2.52,2.55895,0.52,0.5589499999999998,254.20000000000002
s03-r0-disconnect_trial-2,3,0,disconnect_trial,2.0,32,260.04,262.04,2.0,2.0,262,2.52,2.55871,0.52,0.55871,262.56
s03-r0-disconnect_trial-2,3,0,disconnect_trial,2.0,33,268.4,270.4,2.0,2.0,270,2.52,2.55947,0.52,0.5594700000000001,270.91999999999996
s03-r0-disconnect_trial-2,3,0,disconnect_trial,2.0,34,276.56,278.56,2.0,2.0,279,2.52,2.55841,0.52,0.5584099999999999,279.08
s03-r0-disconnect_trial-2,3,0,disconnect_trial,2.0,35,284.84,286.84,2.0,2.0,287,2.52,2.56397,0.52,0.5639699999999999,287.35999999999996
s03-r0-disconnect_trial-2,3,0,disconnect_trial,2.0,36,292.92,294.92,2.0,2.0,295,2.52,2.5577,0.52,0.5577000000000001,295.44
s03-r0-disconnect_trial-2,3,0,disconnect_trial,2.0,37,300.8,302.8,2.0,2.0,303,2.52,2.5591,0.52,0.5590999999999999,303.32
s03-r0-disconnect_trial-2,3,0,disconnect_trial,2.0,38,308.64,310.64,2.0,2.0,311,2.52,2.56322,0.52,0.5632199999999998,311.15999999999997
s03-r0-disconnect_trial-2,3,0,disconnect_trial,2.0,39,316.36,318.36,2.0,2.0,318,2.52,2.55807,0.52,0.5580699999999998,318.88
s03-r0-disconnect_trial-2,3,0,disconnect_trial,2.0,40,324.68,326.68,2.0,2.0,327,2.52,2.55733,0.52,0.5573299999999999,327.2
s03-r0-disconnect_trial-2,3,0,disconnect_trial,2.0,41,332.6,334.6,2.0,2.0,335,2.52,2.55862,0.52,0.5586199999999999,335.12
s03-r0-disconnect_trial-2,3,0,disconnect_trial,2.0,42,340.56,342.56,2.0,2.0,343,2.52,2.56261,0.52,0.5626099999999998,343.08
s03-r0-disconnect_trial-2,3,0,disconnect_trial,2.0,43,349.0,351.0,2.0,2.0,351,2.52,2.56363,0.52,0.5636299999999999,351.52
s03-r0-disconnect_trial-2,3,0,disconnect_trial,2.0,44,356.64,358.64,2.0,2.0,359,2.52,2.55947,0.52,0.5594700000000001,359.15999999999997
s03-r0-disconnect_trial-2,3,0,disconnect_trial,2.0,45,364.36,366.36,2.0,2.0,366,2.52,2.56359,0.52,0.56359,366.88
s03-r0-disconnect_trial-2,3,0,disconnect_trial,2.0,46,372.8,374.8,2.0,2.0,375,2.52,2.55916,0.52,0.5591599999999999,375.32
s03-r0-disconnect_trial-2,3,0,disconnect_trial,2.0,47,381.04,383.04,2.0,2.0,383,2.52,2.56253,0.52,0.5625300000000002,383.56
s03-r1-disconnect-0.5,3,1,disconnect,0.5,0,79.36,79.84,0.5,0.480000000000004,80,1.52,1.55966,1.039999999999996,1.079659999999996,80.88
s03-r1-disconnect-0.5,3,1,disconnect,0.5,1,285.8,286.32,0.5,0.5199999999999818,287,1.52,1.55948,1.0000000000000182,1.0394800000000182,287.32
s03-r1-disconnect-0.5,3,1,disconnect,0.5,2,306.44,306.92,0.5,0.4800000000000182,307,1.52,1.55956,1.0399999999999818,1.0795599999999819,307.96
s03-r1-disconnect-0.5,3,1,disconnect,0.5,3,332.12,332.64,0.5,0.5199999999999818,333,1.52,1.55888,1.0000000000000182,1.0388800000000182,333.64
s03-r1-disconnect-0.5,3,1,disconnect,0.5,4,359.72,360.24,0.5,0.5199999999999818,361,1.52,1.56029,1.0000000000000182,1.0402900000000181,361.24
s03-r1-disconnect-1,3,1,disconnect,1.0,0,36.36,37.36,1.0,1.0,37,1.52,1.55992,0.52,0.55992,37.88
s03-r1-disconnect-1,3,1,disconnect,1.0,1,82.92,83.92,1.0,1.0,84,1.52,1.55891,0.52,0.55891,84.44
s03-r1-disconnect-1,3,1,disconnect,1.0,2,88.92,89.92,1.0,1.0,90,1.52,1.55901,0.52,0.55901,90.44
s03-r1-disconnect-1,3,1,disconnect,1.0,3,221.44,222.44,1.0,1.0,222,1.52,1.56382,0.52,0.56382,222.96
s03-r1-disconnect-1,3,1,disconnect,1.0,4,248.96,249.96,1.0,1.0,250,1.52,1.56064,0.52,0.56064,250.48000000000002
s03-r1-disconnect-3,3,1,disconnect,3.0,0,142.16,145.16,3.0,3.0,145,3.56,3.60205,0.56,0.6020500000000002,145.72
s03-r1-disconnect-3,3,1,disconnect,3.0,1,157.72,160.72,3.0,3.0,161,3.52,3.56317,0.52,0.56317,161.24
s03-r1-disconnect-3,3,1,disconnect,3.0,2,165.72,168.72,3.0,3.0,169,3.52,3.5568,0.52,0.5568,169.24
s03-r1-disconnect-3,3,1,disconnect,3.0,3,266.04,269.04,3.0,3.0,269,3.52,3.55631,0.52,0.5563099999999999,269.56
s03-r1-disconnect-3,3,1,disconnect,3.0,4,350.04,353.04,3.0,3.0,353,3.52,3.56366,0.52,0.56366,353.56
s03-r1-disconnect_trial-0.5,3,1,disconnect_trial,0.5,0,3.0,3.52,0.5,0.52,4,1.52,1.56029,1.0,1.04029,4.52
s03-r1-disconnect_trial-0.5,3,1,disconnect_trial,0.5,1,11.04,11.52,0.5,0.4800000000000004,12,1.52,1.5636,1.0399999999999996,1.0835999999999997,12.559999999999999
s03-r1-disconnect_trial-0.5,3,1,disconnect_trial,0.5,2,18.72,19.2,0.5,0.4800000000000004,20,1.52,1.55917,1.0399999999999996,1.0791699999999995,20.24
s03-r1-disconnect_trial-0.5,3,1,disconnect_trial,0.5,3,26.52,27.0,0.5,0.4800000000000004,28,1.52,1.5594,1.0399999999999996,1.0793999999999995,28.04
s03-r1-disconnect_trial-0.5,3,1,disconnect_trial,0.5,4,34.56,35.04,0.5,0.4799999999999969,36,1.52,1.55984,1.0400000000000031,1.079840000000003,36.080000000000005
s03-r1-disconnect_trial-0.5,3,1,disconnect_trial,0.5,5,43.0,43.48,0.5,0.4799999999999969,44,1.52,1.56022,1.0400000000000031,1.080220000000003,44.52
s03-r1-disconnect_trial-0.5,3,1,disconnect_trial,0.5,6,50.64,51.16,0.5,0.519999999999996,52,1.52,1.55938,1.000000000000004,1.039380000000004,52.160000000000004
s03-r1-disconnect_trial-0.5,3,1,disconnect_trial,0.5,7,58.84,59.36,0.5,0.519999999999996,60,1.52,1.56448,1.000000000000004,1.044480000000004,60.36000000000001
s03-r1-disconnect_trial-0.5,3,1,disconnect_trial,0.5,8,66.56,67.08,0.5,0.519999999999996,68,1.52,1.55967,1.000000000000004,1.0396700000000039,68.08
s03-r1-disconnect_trial-0.5,3,1,disconnect_trial,0.5,9,74.56,75.08,0.5,0.519999999999996,76,1.52,1.55995,1.000000000000004,1.039950000000004,76.08
s03-r1-disconnect_trial-0.5,3,1,disconnect_trial,0.5,10,82.2,82.68,0.5,0.480000000000004,83,1.52,1.55965,1.039999999999996,1.079649999999996,83.72
s03-r1-disconnect_trial-0.5,3,1,disconnect_trial,0.5,11,89.76,90.28,0.5,0.519999999999996,91,1.52,1.55905,1.000000000000004,1.039050000000004,91.28
s03-r1-disconnect_trial-0.5,3,1,disconnect_trial,0.5,12,97.68,98.16,0.5,0.47999999999998977,99,1.52,1.55955,1.0400000000000102,1.0795500000000102,99.2
s03-r1-disconnect_trial-0.5,3,1,disconnect_trial,0.5,13,105.44,105.92,0.5,0.480000000000004,106,1.52,1.55964,1.039999999999996,1.079639999999996,106.96
s03-r1-disconnect_trial-0.5,3,1,disconnect_trial,0.5,14,113.32,113.8,0.5,0.480000000000004,114,1.52,1.55913,1.039999999999996,1.079129999999996,114.83999999999999
s03-r1-disconnect_trial-0.5,3,1,disconnect_trial,0.5,15,121.8,122.28,0.5,0.480000000000004,123,1.52,1.55889,1.039999999999996,1.0788899999999961,123.32
s03-r1-disconnect_trial-0.5,3,1,disconnect_trial,0.5,16,129.8,130.32,0.5,0.5199999999999818,131,1.52,1.55947,1.0000000000000182,1.039470000000018,131.32000000000002
s03-r1-disconnect_trial-0.5,3,1,disconnect_trial,0.5,17,138.08,138.6,0.5,0.5199999999999818,139,1.52,1.55977,1.0000000000000182,1.0397700000000183,139.60000000000002
s03-r1-disconnect_trial-0.5,3,1,disconnect_trial,0.5,18,146.24,146.72,0.5,0.47999999999998977,147,1.52,1.56031,1.0400000000000102,1.0803100000000103,147.76000000000002
s03-r1-disconnect_trial-0.5,3,1,disconnect_trial,0.5,19,154.48,155.0,0.5,0.5200000000000102,156,1.52,1.55962,0.9999999999999898,1.0396199999999898,156.0
s03-r1-disconnect_trial-0.5,3,1,disconnect_trial,0.5,20,162.76,163.28,0.5,0.5200000000000102,164,1.52,1.55914,0.9999999999999898,1.0391399999999897,164.28
s03-r1-disconnect_trial-0.5,3,1,disconnect_trial,0.5,21,171.08,171.6,0.5,0.5199999999999818,172,1.52,1.56014,1.0000000000000182,1.0401400000000183,172.60000000000002
s03-r1-disconnect_trial-0.5,3,1,disconnect_trial,0.5,22,178.72,179.24,0.5,0.5200000000000102,180,1.52,1.55927,0.9999999999999898,1.0392699999999897,180.24
s03-r1-disconnect_trial-0.5,3,1,disconnect_trial,0.5,23,186.88,187.36,0.5,0.4800000000000182,188,1.52,1.56004,1.0399999999999818,1.080039999999982,188.4
s03-r1-disconnect_trial-0.5,3,1,disconnect_trial,0.5,24,194.68,195.16,0.5,0.47999999999998977,196,1.52,1.55889,1.0400000000000102,1.0788900000000103,196.20000000000002
s03-r1-disconnect_trial-0.5,3,1,disconnect_trial,0.5,25,202.52,203.0,0.5,0.47999999999998977,204,1.52,1.55992,1.0400000000000102,1.0799200000000102,204.04000000000002
s03-r1-disconnect_trial-0.5,3,1,disconnect_trial,0.5,26,210.92,211.44,0.5,0.5200000000000102,212,1.52,1.56007,0.9999999999999898,1.0400699999999898,212.44
s03-r1-disconnect_trial-0.5,3,1,disconnect_trial,0.5,27,218.96,219.44,0.5,0.47999999999998977,220,1.52,1.55956,1.0400000000000102,1.0795600000000103,220.48000000000002
s03-r1-disconnect_trial-0.5,3,1,disconnect_trial,0.5,28,226.84,227.36,0.5,0.5200000000000102,228,1.52,1.55928,0.9999999999999898,1.0392799999999898,228.36
s03-r1-disconnect_trial-0.5,3,1,disconnect_trial,0.5,29,234.96,235.44,0.5,0.47999999999998977,236,1.52,1.55946,1.0400000000000102,1.0794600000000103,236.48000000000002
s03-r1-disconnect_trial-0.5,3,1,disconnect_trial,0.5,30,243.24,243.72,0.5,0.47999999999998977,244,1.52,1.55901,1.0400000000000102,1.0790100000000102,244.76000000000002
s03-r1-disconnect_trial-0.5,3,1,disconnect_trial,0.5,31,251.68,252.16,0.5,0.47999999999998977,253,1.52,1.5593,1.0400000000000102,1.0793000000000101,253.20000000000002
s03-r1-disconnect_trial-0.5,3,1,disconnect_trial,0.5,32,260.04,260.52,0.5,0.47999999999996135,261,1.52,1.56025,1.0400000000000387,1.0802500000000386,261.56
s03-r1-disconnect_trial-0.5,3,1,disconnect_trial,0.5,33,268.4,268.88,0.5,0.4800000000000182,269,1.52,1.55982,1.0399999999999818,1.0798199999999818,269.91999999999996
s03-r1-disconnect_trial-0.5,3,1,disconnect_trial,0.5,34,276.56,277.08,0.5,0.5199999999999818,278,1.52,1.55929,1.0000000000000182,1.0392900000000183,278.08
s03-r1-disconnect_trial-0.5,3,1,disconnect_trial,0.5,35,284.84,285.32,0.5,0.4800000000000182,286,1.52,1.55918,1.0399999999999818,1.0791799999999818,286.35999999999996
s03-r1-disconnect_trial-0.5,3,1,disconnect_trial,0.5,36,292.92,293.4,0.5,0.47999999999996135,294,1.52,1.55891,1.0400000000000387,1.0789100000000387,294.44
s03-r1-disconnect_trial-0.5,3,1,disconnect_trial,0.5,37,300.8,301.28,0.5,0.47999999999996135,302,1.52,1.55931,1.0400000000000387,1.0793100000000386,302.32
s03-r1-disconnect_trial-0.5,3,1,disconnect_trial,0.5,38,308.64,309.16,0.5,0.5200000000000387,310,1.52,1.55897,0.9999999999999614,1.0389699999999613,310.15999999999997
s03-r1-disconnect_trial-0.5,3,1,disconnect_trial,0.5,39,316.36,316.84,0.5,0.47999999999996135,317,1.52,1.5593,1.0400000000000387,1.0793000000000386,317.88
s03-r1-disconnect_trial-0.5,3,1,disconnect_trial,0.5,40,324.68,325.16,0.5,0.4800000000000182,326,1.52,1.55966,1.0399999999999818,1.0796599999999819,326.2
s03-r1-disconnect_trial-0.5,3,1,disconnect_trial,0.5,41,332.6,333.08,0.5,0.47999999999996135,334,1.52,1.55898,1.0400000000000387,1.0789800000000387,334.12
s03-r1-disconnect_trial-0.5,3,1,disconnect_trial,0.5,42,340.56,341.04,0.5,0.4800000000000182,342,1.52,1.56381,1.0399999999999818,1.0838099999999817,342.08
s03-r1-disconnect_trial-0.5,3,1,disconnect_trial,0.5,43,349.0,349.52,0.5,0.5199999999999818,350,1.52,1.55912,1.0000000000000182,1.0391200000000183,350.52
s03-r1-disconnect_trial-0.5,3,1,disconnect_trial,0.5,44,356.64,357.16,0.5,0.5200000000000387,358,1.52,1.55906,0.9999999999999614,1.0390599999999612,358.15999999999997
s03-r1-disconnect_trial-0.5,3,1,disconnect_trial,0.5,45,364.36,364.84,0.5,0.47999999999996135,365,1.52,1.56001,1.0400000000000387,1.0800100000000386,365.88
s03-r1-disconnect_trial-0.5,3,1,disconnect_trial,0.5,46,372.8,373.32,0.5,0.5199999999999818,374,1.52,1.55907,1.0000000000000182,1.0390700000000181,374.32
s03-r1-disconnect_trial-0.5,3,1,disconnect_trial,0.5,47,381.04,381.56,0.5,0.5199999999999818,382,1.52,1.55928,1.0000000000000182,1.0392800000000182,382.56
s03-r1-disconnect_trial-1,3,1,disconnect_trial,1.0,0,3.0,4.0,1.0,1.0,4,1.52,1.55903,0.52,0.5590299999999999,4.52
s03-r1-disconnect_trial-1,3,1,disconnect_trial,1.0,1,11.04,12.04,1.0,1.0,12,1.52,1.55933,0.52,0.5593300000000001,12.559999999999999
s03-r1-disconnect_trial-1,3,1,disconnect_trial,1.0,2,18.72,19.72,1.0,1.0,20,1.52,1.55986,0.52,0.55986,20.24
s03-r1-disconnect_trial-1,3,1,disconnect_trial,1.0,3,26.52,27.52,1.0,1.0,28,1.52,1.55987,0.52,0.5598700000000001,28.04
s03-r1-disconnect_trial-1,3,1,disconnect_trial,1.0,4,34.56,35.56,1.0,1.0,36,1.52,1.55931,0.52,0.55931,36.080000000000005
s03-r1-disconnect_trial-1,3,1,disconnect_trial,1.0,5,43.0,44.0,1.0,1.0,44,1.52,1.55967,0.52,0.5596699999999999,44.52
s03-r1-disconnect_trial-1,3,1,disconnect_trial,1.0,6,50.64,51.64,1.0,1.0,52,1.52,1.55892,0.52,0.5589200000000001,52.160000000000004
s03-r1-disconnect_trial-1,3,1,disconnect_trial,1.0,7,58.84,59.84,1.0,1.0,60,1.52,1.55944,0.52,0.5594399999999999,60.36000000000001
s03-r1-disconnect_trial-1,3,1,disconnect_trial,1.0,8,66.56,67.56,1.0,1.0,68,1.52,1.565,0.52,0.565,68.08
s03-r1-disconnect_trial-1,3,1,disconnect_trial,1.0,9,74.56,75.56,1.0,1.0,76,1.52,1.55925,0.52,0.55925,76.08
s03-r1-disconnect_trial-1,3,1,disconnect_trial,1.0,10,82.2,83.2,1.0,1.0,83,1.52,1.5596,0.52,0.5596000000000001,83.72
s03-r1-disconnect_trial-1,3,1,disconnect_trial,1.0,11,89.76,90.76,1.0,1.0,91,1.52,1.55939,0.52,0.55939,91.28
s03-r1-disconnect_trial-1,3,1,disconnect_trial,1.0,12,97.68,98.68,1.0,1.0,99,1.52,1.55897,0.52,0.55897,99.2
s03-r1-disconnect_trial-1,3,1,disconnect_trial,1.0,13,105.44,106.44,1.0,1.0,106,1.52,1.55941,0.52,0.55941,106.96
s03-r1-disconnect_trial-1,3,1,disconnect_trial,1.0,14,113.32,114.32,1.0,1.0,114,1.52,1.55967,0.52,0.5596699999999999,114.83999999999999
s03-r1-disconnect_trial-1,3,1,disconnect_trial,1.0,15,121.8,122.8,1.0,1.0,123,1.52,1.55985,0.52,0.55985,123.32
s03-r1-disconnect_trial-1,3,1,disconnect_trial,1.0,16,129.8,130.8,1.0,1.0,131,1.52,1.5592,0.52,0.5591999999999999,131.32000000000002
s03-r1-disconnect_trial-1,3,1,disconnect_trial,1.0,17,138.08,139.08,1.0,1.0,139,1.52,1.55941,0.52,0.55941,139.60000000000002
s03-r1-disconnect_trial-1,3,1,disconnect_trial,1.0,18,146.24,147.24,1.0,1.0,147,1.52,1.56014,0.52,0.5601400000000001,147.76000000000002
s03-r1-disconnect_trial-1,3,1,disconnect_trial,1.0,19,154.48,155.48,1.0,1.0,156,1.52,1.55935,0.52,0.55935,156.0
s03-r1-disconnect_trial-1,3,1,disconnect_trial,1.0,20,162.76,163.76,1.0,1.0,164,1.52,1.5587,0.52,0.5587,164.28
s03-r1-disconnect_trial-1,3,1,disconnect_trial,1.0,21,171.08,172.08,1.0,1.0,172,1.52,1.56041,0.52,0.5604100000000001,172.60000000000002
s03-r1-disconnect_trial-1,3,1,disconnect_trial,1.0,22,178.72,179.72,1.0,1.0,180,1.52,1.56021,0.52,0.5602100000000001,180.24
s03-r1-disconnect_trial-1,3,1,disconnect_trial,1.0,23,186.88,187.88,1.0,1.0,188,1.52,1.55947,0.52,0.5594699999999999,188.4
s03-r1-disconnect_trial-1,3,1,disconnect_trial,1.0,24,194.68,195.68,1.0,1.0,196,1.52,1.55934,0.52,0.55934,196.20000000000002
s03-r1-disconnect_trial-1,3,1,disconnect_trial,1.0,25,202.52,203.52,1.0,1.0,204,1.52,1.55929,0.52,0.5592900000000001,204.04000000000002
s03-r1-disconnect_trial-1,3,1,disconnect_trial,1.0,26,210.92,211.92,1.0,1.0,212,1.52,1.5591,0.52,0.5590999999999999,212.44
s03-r1-disconnect_trial-1,3,1,disconnect_trial,1.0,27,218.96,219.96,1.0,1.0,220,1.52,1.5648,0.52,0.5648,220.48000000000002
s03-r1-disconnect_trial-1,3,1,disconnect_trial,1.0,28,226.84,227.84,1.0,1.0,228,1.52,1.56294,0.52,0.56294,228.36
s03-r1-disconnect_trial-1,3,1,disconnect_trial,1.0,29,234.96,235.96,1.0,1.0,236,1.52,1.55949,0.52,0.55949,236.48000000000002
s03-r1-disconnect_trial-1,3,1,disconnect_trial,1.0,30,243.24,244.24,1.0,1.0,244,1.52,1.56454,0.52,0.56454,244.76000000000002
s03-r1-disconnect_trial-1,3,1,disconnect_trial,1.0,31,251.68,252.68,1.0,1.0,253,1.52,1.55922,0.52,0.55922,253.20000000000002
s03-r1-disconnect_trial-1,3,1,disconnect_trial,1.0,32,260.04,261.04,1.0,1.0,261,1.52,1.55581,0.52,0.5558099999999999,261.56
s03-r1-disconnect_trial-1,3,1,disconnect_trial,1.0,33,268.4,269.4,1.0,1.0,269,1.52,1.55983,0.52,0.55983,269.91999999999996
s03-r1-disconnect_trial-1,3,1,disconnect_trial,1.0,34,276.56,277.56,1.0,1.0,278,1.52,1.56053,0.52,0.56053,278.08
s03-r1-disconnect_trial-1,3,1,disconnect_trial,1.0,35,284.84,285.84,1.0,1.0,286,1.52,1.56448,0.52,0.5644800000000001,286.35999999999996
s03-r1-disconnect_trial-1,3,1,disconnect_trial,1.0,36,292.92,293.92,1.0,1.0,294,1.52,1.55904,0.52,0.55904,294.44
s03-r1-disconnect_trial-1,3,1,disconnect_trial,1.0,37,300.8,301.8,1.0,1.0,302,1.52,1.55959,0.52,0.55959,302.32
s03-r1-disconnect_trial-1,3,1,disconnect_trial,1.0,38,308.64,309.64,1.0,1.0,310,1.52,1.56009,0.52,0.56009,310.15999999999997
s03-r1-disconnect_trial-1,3,1,disconnect_trial,1.0,39,316.36,317.36,1.0,1.0,317,1.52,1.56403,0.52,0.56403,317.88
s03-r1-disconnect_trial-1,3,1,disconnect_trial,1.0,40,324.68,325.68,1.0,1.0,326,1.52,1.56024,0.52,0.5602400000000001,326.2
s03-r1-disconnect_trial-1,3,1,disconnect_trial,1.0,41,332.6,333.6,1.0,1.0,334,1.52,1.55958,0.52,0.55958,334.12
s03-r1-disconnect_trial-1,3,1,disconnect_trial,1.0,42,340.56,341.56,1.0,1.0,342,1.52,1.56391,0.52,0.5639099999999999,342.08
s03-r1-disconnect_trial-1,3,1,disconnect_trial,1.0,43,349.0,350.0,1.0,1.0,350,1.52,1.55963,0.52,0.5596300000000001,350.52
s03-r1-disconnect_trial-1,3,1,disconnect_trial,1.0,44,356.64,357.64,1.0,1.0,358,1.52,1.55953,0.52,0.5595300000000001,358.15999999999997
s03-r1-disconnect_trial-1,3,1,disconnect_trial,1.0,45,364.36,365.36,1.0,1.0,365,1.52,1.55928,0.52,0.55928,365.88
s03-r1-disconnect_trial-1,3,1,disconnect_trial,1.0,46,372.8,373.8,1.0,1.0,374,1.52,1.56,0.52,0.56,374.32
s03-r1-disconnect_trial-1,3,1,disconnect_trial,1.0,47,381.04,382.04,1.0,1.0,382,1.52,1.56461,0.52,0.5646100000000001,382.56
s03-r1-disconnect_trial-2,3,1,disconnect_trial,2.0,0,3.0,5.0,2.0,2.0,5,2.52,2.55977,0.52,0.5597699999999999,5.52
s03-r1-disconnect_trial-2,3,1,disconnect_trial,2.0,1,11.04,13.04,2.0,2.0,13,2.52,2.55796,0.52,0.55796,13.559999999999999
s03-r1-disconnect_trial-2,3,1,disconnect_trial,2.0,2,18.72,20.72,2.0,2.0,21,2.52,2.5581,0.52,0.5581,21.24
s03-r1-disconnect_trial-2,3,1,disconnect_trial,2.0,3,26.52,28.52,2.0,2.0,29,2.52,2.55867,0.52,0.5586700000000002,29.04
s03-r1-disconnect_trial-2,3,1,disconnect_trial,2.0,4,34.56,36.56,2.0,2.0,37,2.52,2.55876,0.52,0.5587599999999999,37.080000000000005
s03-r1-disconnect_trial-2,3,1,disconnect_trial,2.0,5,43.0,45.0,2.0,2.0,45,2.52,2.55853,0.52,0.5585300000000002,45.52
s03-r1-disconnect_trial-2,3,1,disconnect_trial,2.0,6,50.64,52.64,2.0,2.0,53,2.52,2.56312,0.52,0.5631200000000001,53.160000000000004
s03-r1-disconnect_trial-2,3,1,disconnect_trial,2.0,7,58.84,60.84,2.0,2.0,61,2.52,2.55882,0.52,0.5588199999999999,61.36000000000001
s03-r1-disconnect_trial-2,3,1,disconnect_trial,2.0,8,66.56,68.56,2.0,2.0,69,2.52,2.56422,0.52,0.5642200000000002,69.08
s03-r1-disconnect_trial-2,3,1,disconnect_trial,2.0,9,74.56,76.56,2.0,2.0,77,2.52,2.56325,0.52,0.56325,77.08
s03-r1-disconnect_trial-2,3,1,disconnect_trial,2.0,10,82.2,84.2,2.0,2.0,84,2.52,2.55789,0.52,0.55789,84.72
s03-r1-disconnect_trial-2,3,1,disconnect_trial,2.0,11,89.76,91.76,2.0,2.0,92,2.52,2.55736,0.52,0.5573600000000001,92.28
s03-r1-disconnect_trial-2,3,1,disconnect_trial,2.0,12,97.68,99.68,2.0,2.0,100,2.52,2.55838,0.52,0.5583800000000001,100.2
s03-r1-disconnect_trial-2,3,1,disconnect_trial,2.0,13,105.44,107.44,2.0,2.0,107,2.52,2.55938,0.52,0.55938,107.96
s03-r1-disconnect_trial-2,3,1,disconnect_trial,2.0,14,113.32,115.32,2.0,2.0,115,2.52,2.55816,0.52,0.55816,115.83999999999999
s03-r1-disconnect_trial-2,3,1,disconnect_trial,2.0,15,121.8,123.8,2.0,2.0,124,2.52,2.55903,0.52,0.5590299999999999,124.32
s03-r1-disconnect_trial-2,3,1,disconnect_trial,2.0,16,129.8,131.8,2.0,2.0,132,2.52,2.55744,0.52,0.5574400000000002,132.32000000000002
s03-r1-disconnect_trial-2,3,1,disconnect_trial,2.0,17,138.08,140.08,2.0,2.0,140,2.52,2.55894,0.52,0.5589400000000002,140.60000000000002
s03-r1-disconnect_trial-2,3,1,disconnect_trial,2.0,18,146.24,148.24,2.0,2.0,148,2.52,2.56258,0.52,0.5625800000000001,148.76000000000002
s03-r1-disconnect_trial-2,3,1,disconnect_trial,2.0,19,154.48,156.48,2.0,2.0,157,2.52,2.55927,0.52,0.5592700000000002,157.0
s03-r1-disconnect_trial-2,3,1,disconnect_trial,2.0,20,162.76,164.76,2.0,2.0,165,2.52,2.55852,0.52,0.5585200000000001,165.28
s03-r1-disconnect_trial-2,3,1,disconnect_trial,2.0,21,171.08,173.08,2.0,2.0,173,2.52,2.55801,0.52,0.5580099999999999,173.60000000000002
s03-r1-disconnect_trial-2,3,1,disconnect_trial,2.0,22,178.72,180.72,2.0,2.0,181,2.52,2.56305,0.52,0.56305,181.24
s03-r1-disconnect_trial-2,3,1,disconnect_trial,2.0,23,186.88,188.88,2.0,2.0,189,2.52,2.55744,0.52,0.5574400000000002,189.4
s03-r1-disconnect_trial-2,3,1,disconnect_trial,2.0,24,194.68,196.68,2.0,2.0,197,2.52,2.55946,0.52,0.5594600000000001,197.20000000000002
s03-r1-disconnect_trial-2,3,1,disconnect_trial,2.0,25,202.52,204.52,2.0,2.0,205,2.52,2.56092,0.52,0.5609199999999999,205.04000000000002
s03-r1-disconnect_trial-2,3,1,disconnect_trial,2.0,26,210.92,212.92,2.0,2.0,213,2.52,2.55887,0.52,0.5588700000000002,213.44
s03-r1-disconnect_trial-2,3,1,disconnect_trial,2.0,27,218.96,220.96,2.0,2.0,221,2.52,2.56198,0.52,0.5619800000000001,221.48000000000002
s03-r1-disconnect_trial-2,3,1,disconnect_trial,2.0,28,226.84,228.84,2.0,2.0,229,2.52,2.55934,0.52,0.5593400000000002,229.36
s03-r1-disconnect_trial-2,3,1,disconnect_trial,2.0,29,234.96,236.96,2.0,2.0,237,2.52,2.55964,0.52,0.5596399999999999,237.48000000000002
s03-r1-disconnect_trial-2,3,1,disconnect_trial,2.0,30,243.24,245.24,2.0,2.0,245,2.52,2.55886,0.52,0.5588600000000001,245.76000000000002
s03-r1-disconnect_trial-2,3,1,disconnect_trial,2.0,31,251.68,253.68,2.0,2.0,254,2.52,2.56328,0.52,0.5632799999999998,254.20000000000002
s03-r1-disconnect_trial-2,3,1,disconnect_trial,2.0,32,260.04,262.04,2.0,2.0,262,2.52,2.56044,0.52,0.5604399999999998,262.56
s03-r1-disconnect_trial-2,3,1,disconnect_trial,2.0,33,268.4,270.4,2.0,2.0,270,2.52,2.55847,0.52,0.5584699999999998,270.91999999999996
s03-r1-disconnect_trial-2,3,1,disconnect_trial,2.0,34,276.56,278.56,2.0,2.0,279,2.52,2.55897,0.52,0.55897,279.08
s03-r1-disconnect_trial-2,3,1,disconnect_trial,2.0,35,284.84,286.84,2.0,2.0,287,2.52,2.55831,0.52,0.5583100000000001,287.35999999999996
s03-r1-disconnect_trial-2,3,1,disconnect_trial,2.0,36,292.92,294.92,2.0,2.0,295,2.52,2.56368,0.52,0.5636800000000002,295.44
s03-r1-disconnect_trial-2,3,1,disconnect_trial,2.0,37,300.8,302.8,2.0,2.0,303,2.52,2.55861,0.52,0.5586099999999998,303.32
s03-r1-disconnect_trial-2,3,1,disconnect_trial,2.0,38,308.64,310.64,2.0,2.0,311,2.52,2.56354,0.52,0.5635400000000002,311.15999999999997
s03-r1-disconnect_trial-2,3,1,disconnect_trial,2.0,39,316.36,318.36,2.0,2.0,318,2.52,2.56251,0.52,0.5625100000000001,318.88
s03-r1-disconnect_trial-2,3,1,disconnect_trial,2.0,40,324.68,326.68,2.0,2.0,327,2.52,2.5583,0.52,0.5583,327.2
s03-r1-disconnect_trial-2,3,1,disconnect_trial,2.0,41,332.6,334.6,2.0,2.0,335,2.52,2.5581,0.52,0.5581,335.12
s03-r1-disconnect_trial-2,3,1,disconnect_trial,2.0,42,340.56,342.56,2.0,2.0,343,2.52,2.56217,0.52,0.5621700000000001,343.08
s03-r1-disconnect_trial-2,3,1,disconnect_trial,2.0,43,349.0,351.0,2.0,2.0,351,2.52,2.55755,0.52,0.55755,351.52
s03-r1-disconnect_trial-2,3,1,disconnect_trial,2.0,44,356.64,358.64,2.0,2.0,359,2.52,2.56283,0.52,0.5628299999999999,359.15999999999997
s03-r1-disconnect_trial-2,3,1,disconnect_trial,2.0,45,364.36,366.36,2.0,2.0,366,2.52,2.5633,0.52,0.5632999999999999,366.88
s03-r1-disconnect_trial-2,3,1,disconnect_trial,2.0,46,372.8,374.8,2.0,2.0,375,2.52,2.55907,0.52,0.5590700000000002,375.32
s03-r1-disconnect_trial-2,3,1,disconnect_trial,2.0,47,381.04,383.04,2.0,2.0,383,2.52,2.5583,0.52,0.5583,383.56
s03-r2-disconnect-0.5,3,2,disconnect,0.5,0,26.44,26.92,0.5,0.4800000000000004,27,1.52,1.56016,1.0399999999999996,1.0801599999999996,27.96
s03-r2-disconnect-0.5,3,2,disconnect,0.5,1,189.32,189.84,0.5,0.5200000000000102,190,1.52,1.55925,0.9999999999999898,1.0392499999999898,190.84
s03-r2-disconnect-0.5,3,2,disconnect,0.5,2,194.84,195.32,0.5,0.47999999999998977,196,1.52,1.55966,1.0400000000000102,1.0796600000000103,196.36
s03-r2-disconnect-0.5,3,2,disconnect,0.5,3,298.92,299.4,0.5,0.47999999999996135,300,1.52,1.55903,1.0400000000000387,1.0790300000000386,300.44
s03-r2-disconnect-0.5,3,2,disconnect,0.5,4,363.04,363.52,0.5,0.47999999999996135,364,1.52,1.56062,1.0400000000000387,1.0806200000000385,364.56
s03-r2-disconnect-1,3,2,disconnect,1.0,0,210.4,211.4,1.0,1.0,211,1.52,1.55942,0.52,0.55942,211.92000000000002
s03-r2-disconnect-1,3,2,disconnect,1.0,1,221.64,222.64,1.0,1.0,223,1.52,1.55978,0.52,0.5597799999999999,223.16
s03-r2-disconnect-1,3,2,disconnect,1.0,2,247.56,248.56,1.0,1.0,249,1.52,1.55936,0.52,0.5593600000000001,249.08
s03-r2-disconnect-1,3,2,disconnect,1.0,3,293.08,294.08,1.0,1.0,294,1.52,1.55971,0.52,0.5597099999999999,294.59999999999997
s03-r2-disconnect-1,3,2,disconnect,1.0,4,337.24,338.24,1.0,1.0,338,1.52,1.55921,0.52,0.55921,338.76
s03-r2-disconnect-3,3,2,disconnect,3.0,0,27.36,30.36,3.0,3.0,30,3.52,3.56298,0.52,0.56298,30.88
s03-r2-disconnect-3,3,2,disconnect,3.0,1,41.24,44.24,3.0,3.0,44,3.52,3.56332,0.52,0.56332,44.760000000000005
s03-r2-disconnect-3,3,2,disconnect,3.0,2,120.56,123.56,3.0,3.0,124,3.56,3.59897,0.56,0.59897,124.12
s03-r2-disconnect-3,3,2,disconnect,3.0,3,329.36,332.36,3.0,3.0,332,3.52,3.56194,0.52,0.5619399999999999,332.88
s03-r2-disconnect-3,3,2,disconnect,3.0,4,368.6,371.6,3.0,3.0,372,3.52,3.55766,0.52,0.5576599999999998,372.12
s03-r2-disconnect_trial-0.5,3,2,disconnect_trial,0.5,0,3.0,3.52,0.5,0.52,4,1.52,1.56418,1.0,1.0441799999999999,4.52
s03-r2-disconnect_trial-0.5,3,2,disconnect_trial,0.5,1,11.04,11.52,0.5,0.4800000000000004,12,1.52,1.55927,1.0399999999999996,1.0792699999999995,12.559999999999999
s03-r2-disconnect_trial-0.5,3,2,disconnect_trial,0.5,2,18.72,19.2,0.5,0.4800000000000004,20,1.52,1.5587,1.0399999999999996,1.0786999999999995,20.24
s03-r2-disconnect_trial-0.5,3,2,disconnect_trial,0.5,3,26.52,27.0,0.5,0.4800000000000004,28,1.52,1.55981,1.0399999999999996,1.0798099999999995,28.04
s03-r2-disconnect_trial-0.5,3,2,disconnect_trial,0.5,4,34.56,35.04,0.5,0.4799999999999969,36,1.52,1.56085,1.0400000000000031,1.0808500000000032,36.080000000000005
s03-r2-disconnect_trial-0.5,3,2,disconnect_trial,0.5,5,43.0,43.48,0.5,0.4799999999999969,44,1.52,1.55975,1.0400000000000031,1.079750000000003,44.52
s03-r2-disconnect_trial-0.5,3,2,disconnect_trial,0.5,6,50.64,51.16,0.5,0.519999999999996,52,1.52,1.56014,1.000000000000004,1.040140000000004,52.160000000000004
s03-r2-disconnect_trial-0.5,3,2,disconnect_trial,0.5,7,58.84,59.36,0.5,0.519999999999996,60,1.52,1.55895,1.000000000000004,1.038950000000004,60.36000000000001
s03-r2-disconnect_trial-0.5,3,2,disconnect_trial,0.5,8,66.56,67.08,0.5,0.519999999999996,68,1.52,1.55837,1.000000000000004,1.038370000000004,68.08
s03-r2-disconnect_trial-0.5,3,2,disconnect_trial,0.5,9,74.56,75.08,0.5,0.519999999999996,76,1.52,1.55942,1.000000000000004,1.039420000000004,76.08
s03-r2-disconnect_trial-0.5,3,2,disconnect_trial,0.5,10,82.2,82.68,0.5,0.480000000000004,83,1.52,1.55904,1.039999999999996,1.079039999999996,83.72
s03-r2-disconnect_trial-0.5,3,2,disconnect_trial,0.5,11,89.76,90.28,0.5,0.519999999999996,91,1.52,1.55911,1.000000000000004,1.039110000000004,91.28
s03-r2-disconnect_trial-0.5,3,2,disconnect_trial,0.5,12,97.68,98.16,0.5,0.47999999999998977,99,1.52,1.55975,1.0400000000000102,1.0797500000000102,99.2
s03-r2-disconnect_trial-0.5,3,2,disconnect_trial,0.5,13,105.44,105.92,0.5,0.480000000000004,106,1.52,1.55933,1.039999999999996,1.0793299999999961,106.96
s03-r2-disconnect_trial-0.5,3,2,disconnect_trial,0.5,14,113.32,113.8,0.5,0.480000000000004,114,1.52,1.5599,1.039999999999996,1.079899999999996,114.83999999999999
s03-r2-disconnect_trial-0.5,3,2,disconnect_trial,0.5,15,121.8,122.28,0.5,0.480000000000004,123,1.52,1.55956,1.039999999999996,1.079559999999996,123.32
s03-r2-disconnect_trial-0.5,3,2,disconnect_trial,0.5,16,129.8,130.32,0.5,0.5199999999999818,131,1.52,1.55983,1.0000000000000182,1.0398300000000182,131.32000000000002
s03-r2-disconnect_trial-0.5,3,2,disconnect_trial,0.5,17,138.08,138.6,0.5,0.5199999999999818,139,1.52,1.55999,1.0000000000000182,1.0399900000000182,139.60000000000002
s03-r2-disconnect_trial-0.5,3,2,disconnect_trial,0.5,18,146.24,146.72,0.5,0.47999999999998977,147,1.52,1.56016,1.0400000000000102,1.0801600000000102,147.76000000000002
s03-r2-disconnect_trial-0.5,3,2,disconnect_trial,0.5,19,154.48,155.0,0.5,0.5200000000000102,156,1.52,1.55984,0.9999999999999898,1.0398399999999897,156.0
s03-r2-disconnect_trial-0.5,3,2,disconnect_trial,0.5,20,162.76,163.28,0.5,0.5200000000000102,164,1.52,1.55984,0.9999999999999898,1.0398399999999897,164.28
s03-r2-disconnect_trial-0.5,3,2,disconnect_trial,0.5,21,171.08,171.6,0.5,0.5199999999999818,172,1.52,1.55958,1.0000000000000182,1.0395800000000182,172.60000000000002
s03-r2-disconnect_trial-0.5,3,2,disconnect_trial,0.5,22,178.72,179.24,0.5,0.5200000000000102,180,1.52,1.55973,0.9999999999999898,1.0397299999999898,180.24
s03-r2-disconnect_trial-0.5,3,2,disconnect_trial,0.5,23,186.88,187.36,0.5,0.4800000000000182,188,1.52,1.55951,1.0399999999999818,1.0795099999999818,188.4
s03-r2-disconnect_trial-0.5,3,2,disconnect_trial,0.5,24,194.68,195.16,0.5,0.47999999999998977,196,1.52,1.55999,1.0400000000000102,1.0799900000000102,196.20000000000002
s03-r2-disconnect_trial-0.5,3,2,disconnect_trial,0.5,25,202.52,203.0,0.5,0.47999999999998977,204,1.52,1.5598,1.0400000000000102,1.0798000000000103,204.04000000000002
s03-r2-disconnect_trial-0.5,3,2,disconnect_trial,0.5,26,210.92,211.44,0.5,0.5200000000000102,212,1.52,1.55943,0.9999999999999898,1.0394299999999899,212.44
s03-r2-disconnect_trial-0.5,3,2,disconnect_trial,0.5,27,218.96,219.44,0.5,0.47999999999998977,220,1.52,1.56427,1.0400000000000102,1.0842700000000103,220.48000000000002
s03-r2-disconnect_trial-0.5,3,2,disconnect_trial,0.5,28,226.84,227.36,0.5,0.5200000000000102,228,1.52,1.55931,0.9999999999999898,1.0393099999999897,228.36
s03-r2-disconnect_trial-0.5,3,2,disconnect_trial,0.5,29,234.96,235.44,0.5,0.47999999999998977,236,1.52,1.55908,1.0400000000000102,1.0790800000000103,236.48000000000002
s03-r2-disconnect_trial-0.5,3,2,disconnect_trial,0.5,30,243.24,243.72,0.5,0.47999999999998977,244,1.52,1.56015,1.0400000000000102,1.0801500000000102,244.76000000000002
s03-r2-disconnect_trial-0.5,3,2,disconnect_trial,0.5,31,251.68,252.16,0.5,0.47999999999998977,253,1.52,1.5643,1.0400000000000102,1.0843000000000103,253.20000000000002
s03-r2-disconnect_trial-0.5,3,2,disconnect_trial,0.5,32,260.04,260.52,0.5,0.47999999999996135,261,1.52,1.55938,1.0400000000000387,1.0793800000000386,261.56
s03-r2-disconnect_trial-0.5,3,2,disconnect_trial,0.5,33,268.4,268.88,0.5,0.4800000000000182,269,1.52,1.5589,1.0399999999999818,1.0788999999999818,269.91999999999996
s03-r2-disconnect_trial-0.5,3,2,disconnect_trial,0.5,34,276.56,277.08,0.5,0.5199999999999818,278,1.52,1.563,1.0000000000000182,1.0430000000000181,278.08
s03-r2-disconnect_trial-0.5,3,2,disconnect_trial,0.5,35,284.84,285.32,0.5,0.4800000000000182,286,1.52,1.55957,1.0399999999999818,1.0795699999999817,286.35999999999996
s03-r2-disconnect_trial-0.5,3,2,disconnect_trial,0.5,36,292.92,293.4,0.5,0.47999999999996135,294,1.52,1.55985,1.0400000000000387,1.0798500000000386,294.44
s03-r2-disconnect_trial-0.5,3,2,disconnect_trial,0.5,37,300.8,301.28,0.5,0.47999999999996135,302,1.52,1.55893,1.0400000000000387,1.0789300000000386,302.32
s03-r2-disconnect_trial-0.5,3,2,disconnect_trial,0.5,38,308.64,309.16,0.5,0.5200000000000387,310,1.52,1.5597,0.9999999999999614,1.0396999999999614,310.15999999999997
s03-r2-disconnect_trial-0.5,3,2,disconnect_trial,0.5,39,316.36,316.84,0.5,0.47999999999996135,317,1.52,1.55942,1.0400000000000387,1.0794200000000387,317.88
s03-r2-disconnect_trial-0.5,3,2,disconnect_trial,0.5,40,324.68,325.16,0.5,0.4800000000000182,326,1.52,1.55974,1.0399999999999818,1.0797399999999817,326.2
s03-r2-disconnect_trial-0.5,3,2,disconnect_trial,0.5,41,332.6,333.08,0.5,0.47999999999996135,334,1.52,1.55929,1.0400000000000387,1.0792900000000387,334.12
s03-r2-disconnect_trial-0.5,3,2,disconnect_trial,0.5,42,340.56,341.04,0.5,0.4800000000000182,342,1.52,1.55948,1.0399999999999818,1.0794799999999818,342.08
s03-r2-disconnect_trial-0.5,3,2,disconnect_trial,0.5,43,349.0,349.52,0.5,0.5199999999999818,350,1.52,1.56001,1.0000000000000182,1.040010000000018,350.52
s03-r2-disconnect_trial-0.5,3,2,disconnect_trial,0.5,44,356.64,357.16,0.5,0.5200000000000387,358,1.52,1.56014,0.9999999999999614,1.0401399999999614,358.15999999999997
s03-r2-disconnect_trial-0.5,3,2,disconnect_trial,0.5,45,364.36,364.84,0.5,0.47999999999996135,365,1.52,1.55866,1.0400000000000387,1.0786600000000386,365.88
s03-r2-disconnect_trial-0.5,3,2,disconnect_trial,0.5,46,372.8,373.32,0.5,0.5199999999999818,374,1.52,1.56416,1.0000000000000182,1.0441600000000182,374.32
s03-r2-disconnect_trial-0.5,3,2,disconnect_trial,0.5,47,381.04,381.56,0.5,0.5199999999999818,382,1.52,1.56056,1.0000000000000182,1.0405600000000181,382.56
s03-r2-disconnect_trial-1,3,2,disconnect_trial,1.0,0,3.0,4.0,1.0,1.0,4,1.52,1.5595,0.52,0.5595000000000001,4.52
s03-r2-disconnect_trial-1,3,2,disconnect_trial,1.0,1,11.04,12.04,1.0,1.0,12,1.52,1.55865,0.52,0.5586500000000001,12.559999999999999
s03-r2-disconnect_trial-1,3,2,disconnect_trial,1.0,2,18.72,19.72,1.0,1.0,20,1.52,1.55971,0.52,0.5597099999999999,20.24
s03-r2-disconnect_trial-1,3,2,disconnect_trial,1.0,3,26.52,27.52,1.0,1.0,28,1.52,1.56066,0.52,0.5606599999999999,28.04
s03-r2-disconnect_trial-1,3,2,disconnect_trial,1.0,4,34.56,35.56,1.0,1.0,36,1.52,1.56,0.52,0.56,36.080000000000005
s03-r2-disconnect_trial-1,3,2,disconnect_trial,1.0,5,43.0,44.0,1.0,1.0,44,1.52,1.55972,0.52,0.55972,44.52
s03-r2-disconnect_trial-1,3,2,disconnect_trial,1.0,6,50.64,51.64,1.0,1.0,52,1.52,1.55947,0.52,0.5594699999999999,52.160000000000004
s03-r2-disconnect_trial-1,3,2,disconnect_trial,1.0,7,58.84,59.84,1.0,1.0,60,1.52,1.55956,0.52,0.5595600000000001,60.36000000000001
s03-r2-disconnect_trial-1,3,2,disconnect_trial,1.0,8,66.56,67.56,1.0,1.0,68,1.52,1.55981,0.52,0.5598099999999999,68.08
s03-r2-disconnect_trial-1,3,2,disconnect_trial,1.0,9,74.56,75.56,1.0,1.0,76,1.52,1.55935,0.52,0.55935,76.08
s03-r2-disconnect_trial-1,3,2,disconnect_trial,1.0,10,82.2,83.2,1.0,1.0,83,1.52,1.55963,0.52,0.5596300000000001,83.72
s03-r2-disconnect_trial-1,3,2,disconnect_trial,1.0,11,89.76,90.76,1.0,1.0,91,1.52,1.55954,0.52,0.5595399999999999,91.28
s03-r2-disconnect_trial-1,3,2,disconnect_trial,1.0,12,97.68,98.68,1.0,1.0,99,1.52,1.5598,0.52,0.5598000000000001,99.2
s03-r2-disconnect_trial-1,3,2,disconnect_trial,1.0,13,105.44,106.44,1.0,1.0,106,1.52,1.56031,0.52,0.5603100000000001,106.96
s03-r2-disconnect_trial-1,3,2,disconnect_trial,1.0,14,113.32,114.32,1.0,1.0,114,1.52,1.5587,0.52,0.5587,114.83999999999999
s03-r2-disconnect_trial-1,3,2,disconnect_trial,1.0,15,121.8,122.8,1.0,1.0,123,1.52,1.55871,0.52,0.55871,123.32
s03-r2-disconnect_trial-1,3,2,disconnect_trial,1.0,16,129.8,130.8,1.0,1.0,131,1.52,1.559,0.52,0.5589999999999999,131.32000000000002
s03-r2-disconnect_trial-1,3,2,disconnect_trial,1.0,17,138.08,139.08,1.0,1.0,139,1.52,1.55921,0.52,0.55921,139.60000000000002
s03-r2-disconnect_trial-1,3,2,disconnect_trial,1.0,18,146.24,147.24,1.0,1.0,147,1.52,1.55904,0.52,0.55904,147.76000000000002
s03-r2-disconnect_trial-1,3,2,disconnect_trial,1.0,19,154.48,155.48,1.0,1.0,156,1.52,1.55957,0.52,0.5595699999999999,156.0
s03-r2-disconnect_trial-1,3,2,disconnect_trial,1.0,20,162.76,163.76,1.0,1.0,164,1.52,1.56055,0.52,0.5605500000000001,164.28
s03-r2-disconnect_trial-1,3,2,disconnect_trial,1.0,21,171.08,172.08,1.0,1.0,172,1.52,1.56018,0.52,0.5601799999999999,172.60000000000002
s03-r2-disconnect_trial-1,3,2,disconnect_trial,1.0,22,178.72,179.72,1.0,1.0,180,1.52,1.5594,0.52,0.5593999999999999,180.24
s03-r2-disconnect_trial-1,3,2,disconnect_trial,1.0,23,186.88,187.88,1.0,1.0,188,1.52,1.5597,0.52,0.5597000000000001,188.4
s03-r2-disconnect_trial-1,3,2,disconnect_trial,1.0,24,194.68,195.68,1.0,1.0,196,1.52,1.56449,0.52,0.5644899999999999,196.20000000000002
s03-r2-disconnect_trial-1,3,2,disconnect_trial,1.0,25,202.52,203.52,1.0,1.0,204,1.52,1.55924,0.52,0.55924,204.04000000000002
s03-r2-disconnect_trial-1,3,2,disconnect_trial,1.0,26,210.92,211.92,1.0,1.0,212,1.52,1.5601,0.52,0.5601,212.44
s03-r2-disconnect_trial-1,3,2,disconnect_trial,1.0,27,218.96,219.96,1.0,1.0,220,1.52,1.55993,0.52,0.55993,220.48000000000002
s03-r2-disconnect_trial-1,3,2,disconnect_trial,1.0,28,226.84,227.84,1.0,1.0,228,1.52,1.55982,0.52,0.55982,228.36
s03-r2-disconnect_trial-1,3,2,disconnect_trial,1.0,29,234.96,235.96,1.0,1.0,236,1.52,1.56026,0.52,0.56026,236.48000000000002
s03-r2-disconnect_trial-1,3,2,disconnect_trial,1.0,30,243.24,244.24,1.0,1.0,244,1.52,1.55978,0.52,0.5597799999999999,244.76000000000002
s03-r2-disconnect_trial-1,3,2,disconnect_trial,1.0,31,251.68,252.68,1.0,1.0,253,1.52,1.55971,0.52,0.5597099999999999,253.20000000000002
s03-r2-disconnect_trial-1,3,2,disconnect_trial,1.0,32,260.04,261.04,1.0,1.0,261,1.52,1.56009,0.52,0.56009,261.56
s03-r2-disconnect_trial-1,3,2,disconnect_trial,1.0,33,268.4,269.4,1.0,1.0,269,1.52,1.55972,0.52,0.55972,269.91999999999996
s03-r2-disconnect_trial-1,3,2,disconnect_trial,1.0,34,276.56,277.56,1.0,1.0,278,1.52,1.55981,0.52,0.5598099999999999,278.08
s03-r2-disconnect_trial-1,3,2,disconnect_trial,1.0,35,284.84,285.84,1.0,1.0,286,1.52,1.55981,0.52,0.5598099999999999,286.35999999999996
s03-r2-disconnect_trial-1,3,2,disconnect_trial,1.0,36,292.92,293.92,1.0,1.0,294,1.52,1.55983,0.52,0.55983,294.44
s03-r2-disconnect_trial-1,3,2,disconnect_trial,1.0,37,300.8,301.8,1.0,1.0,302,1.52,1.55991,0.52,0.5599099999999999,302.32
s03-r2-disconnect_trial-1,3,2,disconnect_trial,1.0,38,308.64,309.64,1.0,1.0,310,1.52,1.55987,0.52,0.5598700000000001,310.15999999999997
s03-r2-disconnect_trial-1,3,2,disconnect_trial,1.0,39,316.36,317.36,1.0,1.0,317,1.52,1.55933,0.52,0.5593300000000001,317.88
s03-r2-disconnect_trial-1,3,2,disconnect_trial,1.0,40,324.68,325.68,1.0,1.0,326,1.52,1.55967,0.52,0.5596699999999999,326.2
s03-r2-disconnect_trial-1,3,2,disconnect_trial,1.0,41,332.6,333.6,1.0,1.0,334,1.52,1.55902,0.52,0.5590200000000001,334.12
s03-r2-disconnect_trial-1,3,2,disconnect_trial,1.0,42,340.56,341.56,1.0,1.0,342,1.52,1.55934,0.52,0.55934,342.08
s03-r2-disconnect_trial-1,3,2,disconnect_trial,1.0,43,349.0,350.0,1.0,1.0,350,1.52,1.5594,0.52,0.5593999999999999,350.52
s03-r2-disconnect_trial-1,3,2,disconnect_trial,1.0,44,356.64,357.64,1.0,1.0,358,1.52,1.5587,0.52,0.5587,358.15999999999997
s03-r2-disconnect_trial-1,3,2,disconnect_trial,1.0,45,364.36,365.36,1.0,1.0,365,1.52,1.55912,0.52,0.5591200000000001,365.88
s03-r2-disconnect_trial-1,3,2,disconnect_trial,1.0,46,372.8,373.8,1.0,1.0,374,1.52,1.55919,0.52,0.5591900000000001,374.32
s03-r2-disconnect_trial-1,3,2,disconnect_trial,1.0,47,381.04,382.04,1.0,1.0,382,1.52,1.55947,0.52,0.5594699999999999,382.56
s03-r2-disconnect_trial-2,3,2,disconnect_trial,2.0,0,3.0,5.0,2.0,2.0,5,2.52,2.55739,0.52,0.5573899999999998,5.52
s03-r2-disconnect_trial-2,3,2,disconnect_trial,2.0,1,11.04,13.04,2.0,2.0,13,2.52,2.55786,0.52,0.5578599999999998,13.559999999999999
s03-r2-disconnect_trial-2,3,2,disconnect_trial,2.0,2,18.72,20.72,2.0,2.0,21,2.52,2.55871,0.52,0.55871,21.24
s03-r2-disconnect_trial-2,3,2,disconnect_trial,2.0,3,26.52,28.52,2.0,2.0,29,2.52,2.56404,0.52,0.5640399999999999,29.04
s03-r2-disconnect_trial-2,3,2,disconnect_trial,2.0,4,34.56,36.56,2.0,2.0,37,2.52,2.55821,0.52,0.5582099999999999,37.080000000000005
s03-r2-disconnect_trial-2,3,2,disconnect_trial,2.0,5,43.0,45.0,2.0,2.0,45,2.52,2.55947,0.52,0.5594700000000001,45.52
s03-r2-disconnect_trial-2,3,2,disconnect_trial,2.0,6,50.64,52.64,2.0,2.0,53,2.52,2.55863,0.52,0.55863,53.160000000000004
s03-r2-disconnect_trial-2,3,2,disconnect_trial,2.0,7,58.84,60.84,2.0,2.0,61,2.52,2.5585,0.52,0.5585,61.36000000000001
s03-r2-disconnect_trial-2,3,2,disconnect_trial,2.0,8,66.56,68.56,2.0,2.0,69,2.52,2.56362,0.52,0.5636199999999998,69.08
s03-r2-disconnect_trial-2,3,2,disconnect_trial,2.0,9,74.56,76.56,2.0,2.0,77,2.52,2.56029,0.52,0.5602900000000002,77.08
s03-r2-disconnect_trial-2,3,2,disconnect_trial,2.0,10,82.2,84.2,2.0,2.0,84,2.52,2.55882,0.52,0.5588199999999999,84.72
s03-r2-disconnect_trial-2,3,2,disconnect_trial,2.0,11,89.76,91.76,2.0,2.0,92,2.52,2.56329,0.52,0.5632899999999998,92.28
s03-r2-disconnect_trial-2,3,2,disconnect_trial,2.0,12,97.68,99.68,2.0,2.0,100,2.52,2.55819,0.52,0.5581900000000002,100.2
s03-r2-disconnect_trial-2,3,2,disconnect_trial,2.0,13,105.44,107.44,2.0,2.0,107,2.52,2.55772,0.52,0.5577200000000002,107.96
s03-r2-disconnect_trial-2,3,2,disconnect_trial,2.0,14,113.32,115.32,2.0,2.0,115,2.52,2.55833,0.52,0.5583300000000002,115.83999999999999
s03-r2-disconnect_trial-2,3,2,disconnect_trial,2.0,15,121.8,123.8,2.0,2.0,124,2.52,2.56435,0.52,0.5643500000000001,124.32
s03-r2-disconnect_trial-2,3,2,disconnect_trial,2.0,16,129.8,131.8,2.0,2.0,132,2.52,2.55841,0.52,0.5584099999999999,132.32000000000002
s03-r2-disconnect_trial-2,3,2,disconnect_trial,2.0,17,138.08,140.08,2.0,2.0,140,2.52,2.5587,0.52,0.5587,140.60000000000002
s03-r2-disconnect_trial-2,3,2,disconnect_trial,2.0,18,146.24,148.24,2.0,2.0,148,2.52,2.55891,0.52,0.55891,148.76000000000002
s03-r2-disconnect_trial-2,3,2,disconnect_trial,2.0,19,154.48,156.48,2.0,2.0,157,2.52,2.56424,0.52,0.5642399999999999,157.0
s03-r2-disconnect_trial-2,3,2,disconnect_trial,2.0,20,162.76,164.76,2.0,2.0,165,2.52,2.56343,0.52,0.5634299999999999,165.28
s03-r2-disconnect_trial-2,3,2,disconnect_trial,2.0,21,171.08,173.08,2.0,2.0,173,2.52,2.55982,0.52,0.5598200000000002,173.60000000000002
s03-r2-disconnect_trial-2,3,2,disconnect_trial,2.0,22,178.72,180.72,2.0,2.0,181,2.52,2.56258,0.52,0.5625800000000001,181.24
s03-r2-disconnect_trial-2,3,2,disconnect_trial,2.0,23,186.88,188.88,2.0,2.0,189,2.52,2.55795,0.52,0.55795,189.4
s03-r2-disconnect_trial-2,3,2,disconnect_trial,2.0,24,194.68,196.68,2.0,2.0,197,2.52,2.56281,0.52,0.5628099999999998,197.20000000000002
s03-r2-disconnect_trial-2,3,2,disconnect_trial,2.0,25,202.52,204.52,2.0,2.0,205,2.52,2.55807,0.52,0.5580699999999998,205.04000000000002
s03-r2-disconnect_trial-2,3,2,disconnect_trial,2.0,26,210.92,212.92,2.0,2.0,213,2.52,2.55969,0.52,0.5596899999999998,213.44
s03-r2-disconnect_trial-2,3,2,disconnect_trial,2.0,27,218.96,220.96,2.0,2.0,221,2.52,2.55844,0.52,0.55844,221.48000000000002
s03-r2-disconnect_trial-2,3,2,disconnect_trial,2.0,28,226.84,228.84,2.0,2.0,229,2.52,2.55892,0.52,0.5589200000000001,229.36
s03-r2-disconnect_trial-2,3,2,disconnect_trial,2.0,29,234.96,236.96,2.0,2.0,237,2.52,2.55846,0.52,0.5584600000000002,237.48000000000002
s03-r2-disconnect_trial-2,3,2,disconnect_trial,2.0,30,243.24,245.24,2.0,2.0,245,2.52,2.56334,0.52,0.5633400000000002,245.76000000000002
s03-r2-disconnect_trial-2,3,2,disconnect_trial,2.0,31,251.68,253.68,2.0,2.0,254,2.52,2.55813,0.52,0.5581299999999998,254.20000000000002
s03-r2-disconnect_trial-2,3,2,disconnect_trial,2.0,32,260.04,262.04,2.0,2.0,262,2.52,2.55837,0.52,0.55837,262.56
s03-r2-disconnect_trial-2,3,2,disconnect_trial,2.0,33,268.4,270.4,2.0,2.0,270,2.52,2.55869,0.52,0.5586899999999999,270.91999999999996
s03-r2-disconnect_trial-2,3,2,disconnect_trial,2.0,34,276.56,278.56,2.0,2.0,279,2.52,2.55862,0.52,0.5586199999999999,279.08
s03-r2-disconnect_trial-2,3,2,disconnect_trial,2.0,35,284.84,286.84,2.0,2.0,287,2.52,2.55841,0.52,0.5584099999999999,287.35999999999996
s03-r2-disconnect_trial-2,3,2,disconnect_trial,2.0,36,292.92,294.92,2.0,2.0,295,2.52,2.55861,0.52,0.5586099999999998,295.44
s03-r2-disconnect_trial-2,3,2,disconnect_trial,2.0,37,300.8,302.8,2.0,2.0,303,2.52,2.55845,0.52,0.5584500000000001,303.32
s03-r2-disconnect_trial-2,3,2,disconnect_trial,2.0,38,308.64,310.64,2.0,2.0,311,2.52,2.56344,0.52,0.5634399999999999,311.15999999999997
s03-r2-disconnect_trial-2,3,2,disconnect_trial,2.0,39,316.36,318.36,2.0,2.0,318,2.52,2.55851,0.52,0.5585100000000001,318.88
s03-r2-disconnect_trial-2,3,2,disconnect_trial,2.0,40,324.68,326.68,2.0,2.0,327,2.52,2.55866,0.52,0.5586600000000002,327.2
s03-r2-disconnect_trial-2,3,2,disconnect_trial,2.0,41,332.6,334.6,2.0,2.0,335,2.52,2.55836,0.52,0.55836,335.12
s03-r2-disconnect_trial-2,3,2,disconnect_trial,2.0,42,340.56,342.56,2.0,2.0,343,2.52,2.56257,0.52,0.56257,343.08
s03-r2-disconnect_trial-2,3,2,disconnect_trial,2.0,43,349.0,351.0,2.0,2.0,351,2.52,2.55869,0.52,0.5586899999999999,351.52
s03-r2-disconnect_trial-2,3,2,disconnect_trial,2.0,44,356.64,358.64,2.0,2.0,359,2.52,2.55758,0.52,0.5575800000000002,359.15999999999997
s03-r2-disconnect_trial-2,3,2,disconnect_trial,2.0,45,364.36,366.36,2.0,2.0,366,2.52,2.56233,0.52,0.5623300000000002,366.88
s03-r2-disconnect_trial-2,3,2,disconnect_trial,2.0,46,372.8,374.8,2.0,2.0,375,2.52,2.55797,0.52,0.5579700000000001,375.32
s03-r2-disconnect_trial-2,3,2,disconnect_trial,2.0,47,381.04,383.04,2.0,2.0,383,2.52,2.55879,0.52,0.5587900000000001,383.56
s03-r3-disconnect-0.5,3,3,disconnect,0.5,0,28.68,29.16,0.5,0.4800000000000004,30,1.52,1.56024,1.0399999999999996,1.0802399999999996,30.2
s03-r3-disconnect-0.5,3,3,disconnect,0.5,1,51.04,51.52,0.5,0.480000000000004,52,1.52,1.56467,1.039999999999996,1.084669999999996,52.56
s03-r3-disconnect-0.5,3,3,disconnect,0.5,2,56.88,57.4,0.5,0.519999999999996,58,1.52,1.56,1.000000000000004,1.040000000000004,58.400000000000006
s03-r3-disconnect-0.5,3,3,disconnect,0.5,3,326.64,327.16,0.5,0.5200000000000387,328,1.52,1.55955,0.9999999999999614,1.0395499999999613,328.15999999999997
s03-r3-disconnect-0.5,3,3,disconnect,0.5,4,339.08,339.6,0.5,0.5200000000000387,340,1.52,1.5597,0.9999999999999614,1.0396999999999614,340.59999999999997
s03-r3-disconnect-1,3,3,disconnect,1.0,0,30.48,31.48,1.0,1.0,32,1.52,1.56049,0.52,0.5604899999999999,32.0
s03-r3-disconnect-1,3,3,disconnect,1.0,1,66.64,67.64,1.0,1.0,68,1.52,1.55959,0.52,0.55959,68.16
s03-r3-disconnect-1,3,3,disconnect,1.0,2,173.8,174.8,1.0,1.0,175,1.52,1.55997,0.52,0.5599700000000001,175.32000000000002
s03-r3-disconnect-1,3,3,disconnect,1.0,3,179.96,180.96,1.0,1.0,181,1.52,1.55994,0.52,0.5599400000000001,181.48000000000002
s03-r3-disconnect-1,3,3,disconnect,1.0,4,240.04,241.04,1.0,1.0,241,1.52,1.55947,0.52,0.5594699999999999,241.56
s03-r3-disconnect-3,3,3,disconnect,3.0,0,65.16,68.16,3.0,3.0,68,3.56,3.59787,0.56,0.5978699999999999,68.72
s03-r3-disconnect-3,3,3,disconnect,3.0,1,248.72,251.72,3.0,3.0,252,3.52,3.55723,0.52,0.5572300000000001,252.24
s03-r3-disconnect-3,3,3,disconnect,3.0,2,334.84,337.84,3.0,3.0,338,3.52,3.56279,0.52,0.5627900000000001,338.35999999999996
s03-r3-disconnect-3,3,3,disconnect,3.0,3,342.84,345.84,3.0,3.0,346,3.52,3.5624,0.52,0.5623999999999998,346.35999999999996
s03-r3-disconnect-3,3,3,disconnect,3.0,4,362.8,365.8,3.0,3.0,366,3.52,3.56312,0.52,0.5631200000000001,366.32
s03-r3-disconnect_trial-0.5,3,3,disconnect_trial,0.5,0,3.0,3.52,0.5,0.52,4,1.52,1.56011,1.0,1.04011,4.52
s03-r3-disconnect_trial-0.5,3,3,disconnect_trial,0.5,1,11.04,11.52,0.5,0.4800000000000004,12,1.52,1.55956,1.0399999999999996,1.0795599999999996,12.559999999999999
s03-r3-disconnect_trial-0.5,3,3,disconnect_trial,0.5,2,18.72,19.2,0.5,0.4800000000000004,20,1.52,1.5604,1.0399999999999996,1.0803999999999996,20.24
s03-r3-disconnect_trial-0.5,3,3,disconnect_trial,0.5,3,26.52,27.0,0.5,0.4800000000000004,28,1.52,1.55964,1.0399999999999996,1.0796399999999995,28.04
s03-r3-disconnect_trial-0.5,3,3,disconnect_trial,0.5,4,34.56,35.04,0.5,0.4799999999999969,36,1.52,1.55976,1.0400000000000031,1.0797600000000032,36.080000000000005
s03-r3-disconnect_trial-0.5,3,3,disconnect_trial,0.5,5,43.0,43.48,0.5,0.4799999999999969,44,1.52,1.55934,1.0400000000000031,1.079340000000003,44.52
s03-r3-disconnect_trial-0.5,3,3,disconnect_trial,0.5,6,50.64,51.16,0.5,0.519999999999996,52,1.52,1.55931,1.000000000000004,1.039310000000004,52.160000000000004
s03-r3-disconnect_trial-0.5,3,3,disconnect_trial,0.5,7,58.84,59.36,0.5,0.519999999999996,60,1.52,1.5599,1.000000000000004,1.039900000000004,60.36000000000001
s03-r3-disconnect_trial-0.5,3,3,disconnect_trial,0.5,8,66.56,67.08,0.5,0.519999999999996,68,1.52,1.55943,1.000000000000004,1.039430000000004,68.08
s03-r3-disconnect_trial-0.5,3,3,disconnect_trial,0.5,9,74.56,75.08,0.5,0.519999999999996,76,1.52,1.55918,1.000000000000004,1.039180000000004,76.08
s03-r3-disconnect_trial-0.5,3,3,disconnect_trial,0.5,10,82.2,82.68,0.5,0.480000000000004,83,1.52,1.55991,1.039999999999996,1.079909999999996,83.72
s03-r3-disconnect_trial-0.5,3,3,disconnect_trial,0.5,11,89.76,90.28,0.5,0.519999999999996,91,1.52,1.55946,1.000000000000004,1.039460000000004,91.28
s03-r3-disconnect_trial-0.5,3,3,disconnect_trial,0.5,12,97.68,98.16,0.5,0.47999999999998977,99,1.52,1.55982,1.0400000000000102,1.0798200000000102,99.2
s03-r3-disconnect_trial-0.5,3,3,disconnect_trial,0.5,13,105.44,105.92,0.5,0.480000000000004,106,1.52,1.56439,1.039999999999996,1.084389999999996,106.96
s03-r3-disconnect_trial-0.5,3,3,disconnect_trial,0.5,14,113.32,113.8,0.5,0.480000000000004,114,1.52,1.55962,1.039999999999996,1.079619999999996,114.83999999999999
s03-r3-disconnect_trial-0.5,3,3,disconnect_trial,0.5,15,121.8,122.28,0.5,0.480000000000004,123,1.52,1.56048,1.039999999999996,1.080479999999996,123.32
s03-r3-disconnect_trial-0.5,3,3,disconnect_trial,0.5,16,129.8,130.32,0.5,0.5199999999999818,131,1.52,1.56013,1.0000000000000182,1.0401300000000182,131.32000000000002
s03-r3-disconnect_trial-0.5,3,3,disconnect_trial,0.5,17,138.08,138.6,0.5,0.5199999999999818,139,1.52,1.55898,1.0000000000000182,1.0389800000000182,139.60000000000002
s03-r3-disconnect_trial-0.5,3,3,disconnect_trial,0.5,18,146.24,146.72,0.5,0.47999999999998977,147,1.52,1.55976,1.0400000000000102,1.0797600000000103,147.76000000000002
s03-r3-disconnect_trial-0.5,3,3,disconnect_trial,0.5,19,154.48,155.0,0.5,0.5200000000000102,156,1.52,1.55985,0.9999999999999898,1.0398499999999897,156.0
s03-r3-disconnect_trial-0.5,3,3,disconnect_trial,0.5,20,162.76,163.28,0.5,0.5200000000000102,164,1.52,1.55921,0.9999999999999898,1.0392099999999898,164.28
s03-r3-disconnect_trial-0.5,3,3,disconnect_trial,0.5,21,171.08,171.6,0.5,0.5199999999999818,172,1.52,1.55928,1.0000000000000182,1.0392800000000182,172.60000000000002
s03-r3-disconnect_trial-0.5,3,3,disconnect_trial,0.5,22,178.72,179.24,0.5,0.5200000000000102,180,1.52,1.55985,0.9999999999999898,1.0398499999999897,180.24
s03-r3-disconnect_trial-0.5,3,3,disconnect_trial,0.5,23,186.88,187.36,0.5,0.4800000000000182,188,1.52,1.56035,1.0399999999999818,1.0803499999999817,188.4
s03-r3-disconnect_trial-0.5,3,3,disconnect_trial,0.5,24,194.68,195.16,0.5,0.47999999999998977,196,1.52,1.55906,1.0400000000000102,1.0790600000000101,196.20000000000002
s03-r3-disconnect_trial-0.5,3,3,disconnect_trial,0.5,25,202.52,203.0,0.5,0.47999999999998977,204,1.52,1.55981,1.0400000000000102,1.0798100000000102,204.04000000000002
s03-r3-disconnect_trial-0.5,3,3,disconnect_trial,0.5,26,210.92,211.44,0.5,0.5200000000000102,212,1.52,1.55997,0.9999999999999898,1.0399699999999898,212.44
s03-r3-disconnect_trial-0.5,3,3,disconnect_trial,0.5,27,218.96,219.44,0.5,0.47999999999998977,220,1.52,1.56037,1.0400000000000102,1.0803700000000103,220.48000000000002
s03-r3-disconnect_trial-0.5,3,3,disconnect_trial,0.5,28,226.84,227.36,0.5,0.5200000000000102,228,1.52,1.55963,0.9999999999999898,1.0396299999999898,228.36
s03-r3-disconnect_trial-0.5,3,3,disconnect_trial,0.5,29,234.96,235.44,0.5,0.47999999999998977,236,1.52,1.56413,1.0400000000000102,1.0841300000000103,236.48000000000002
s03-r3-disconnect_trial-0.5,3,3,disconnect_trial,0.5,30,243.24,243.72,0.5,0.47999999999998977,244,1.52,1.55972,1.0400000000000102,1.0797200000000102,244.76000000000002
s03-r3-disconnect_trial-0.5,3,3,disconnect_trial,0.5,31,251.68,252.16,0.5,0.47999999999998977,253,1.52,1.55954,1.0400000000000102,1.0795400000000102,253.20000000000002
s03-r3-disconnect_trial-0.5,3,3,disconnect_trial,0.5,32,260.04,260.52,0.5,0.47999999999996135,261,1.52,1.55976,1.0400000000000387,1.0797600000000387,261.56
s03-r3-disconnect_trial-0.5,3,3,disconnect_trial,0.5,33,268.4,268.88,0.5,0.4800000000000182,269,1.52,1.55977,1.0399999999999818,1.079769999999982,269.91999999999996
s03-r3-disconnect_trial-0.5,3,3,disconnect_trial,0.5,34,276.56,277.08,0.5,0.5199999999999818,278,1.52,1.55971,1.0000000000000182,1.0397100000000181,278.08
s03-r3-disconnect_trial-0.5,3,3,disconnect_trial,0.5,35,284.84,285.32,0.5,0.4800000000000182,286,1.52,1.56019,1.0399999999999818,1.0801899999999818,286.35999999999996
s03-r3-disconnect_trial-0.5,3,3,disconnect_trial,0.5,36,292.92,293.4,0.5,0.47999999999996135,294,1.52,1.55555,1.0400000000000387,1.0755500000000386,294.44
s03-r3-disconnect_trial-0.5,3,3,disconnect_trial,0.5,37,300.8,301.28,0.5,0.47999999999996135,302,1.52,1.55994,1.0400000000000387,1.0799400000000388,302.32
s03-r3-disconnect_trial-0.5,3,3,disconnect_trial,0.5,38,308.64,309.16,0.5,0.5200000000000387,310,1.52,1.56026,0.9999999999999614,1.0402599999999613,310.15999999999997
s03-r3-disconnect_trial-0.5,3,3,disconnect_trial,0.5,39,316.36,316.84,0.5,0.47999999999996135,317,1.52,1.56483,1.0400000000000387,1.0848300000000386,317.88
s03-r3-disconnect_trial-0.5,3,3,disconnect_trial,0.5,40,324.68,325.16,0.5,0.4800000000000182,326,1.52,1.56061,1.0399999999999818,1.0806099999999819,326.2
s03-r3-disconnect_trial-0.5,3,3,disconnect_trial,0.5,41,332.6,333.08,0.5,0.47999999999996135,334,1.52,1.56039,1.0400000000000387,1.0803900000000386,334.12
s03-r3-disconnect_trial-0.5,3,3,disconnect_trial,0.5,42,340.56,341.04,0.5,0.4800000000000182,342,1.52,1.56005,1.0399999999999818,1.0800499999999817,342.08
s03-r3-disconnect_trial-0.5,3,3,disconnect_trial,0.5,43,349.0,349.52,0.5,0.5199999999999818,350,1.52,1.55971,1.0000000000000182,1.0397100000000181,350.52
s03-r3-disconnect_trial-0.5,3,3,disconnect_trial,0.5,44,356.64,357.16,0.5,0.5200000000000387,358,1.52,1.56388,0.9999999999999614,1.0438799999999613,358.15999999999997
s03-r3-disconnect_trial-0.5,3,3,disconnect_trial,0.5,45,364.36,364.84,0.5,0.47999999999996135,365,1.52,1.55998,1.0400000000000387,1.0799800000000386,365.88
s03-r3-disconnect_trial-0.5,3,3,disconnect_trial,0.5,46,372.8,373.32,0.5,0.5199999999999818,374,1.52,1.55915,1.0000000000000182,1.0391500000000182,374.32
s03-r3-disconnect_trial-0.5,3,3,disconnect_trial,0.5,47,381.04,381.56,0.5,0.5199999999999818,382,1.52,1.55936,1.0000000000000182,1.0393600000000183,382.56
s03-r3-disconnect_trial-1,3,3,disconnect_trial,1.0,0,3.0,4.0,1.0,1.0,4,1.52,1.55941,0.52,0.55941,4.52
s03-r3-disconnect_trial-1,3,3,disconnect_trial,1.0,1,11.04,12.04,1.0,1.0,12,1.52,1.55948,0.52,0.55948,12.559999999999999
s03-r3-disconnect_trial-1,3,3,disconnect_trial,1.0,2,18.72,19.72,1.0,1.0,20,1.52,1.5593,0.52,0.5592999999999999,20.24
s03-r3-disconnect_trial-1,3,3,disconnect_trial,1.0,3,26.52,27.52,1.0,1.0,28,1.52,1.5597,0.52,0.5597000000000001,28.04
s03-r3-disconnect_trial-1,3,3,disconnect_trial,1.0,4,34.56,35.56,1.0,1.0,36,1.52,1.55915,0.52,0.55915,36.080000000000005
s03-r3-disconnect_trial-1,3,3,disconnect_trial,1.0,5,43.0,44.0,1.0,1.0,44,1.52,1.56397,0.52,0.5639700000000001,44.52
s03-r3-disconnect_trial-1,3,3,disconnect_trial,1.0,6,50.64,51.64,1.0,1.0,52,1.52,1.55942,0.52,0.55942,52.160000000000004
s03-r3-disconnect_trial-1,3,3,disconnect_trial,1.0,7,58.84,59.84,1.0,1.0,60,1.52,1.55526,0.52,0.5552600000000001,60.36000000000001
s03-r3-disconnect_trial-1,3,3,disconnect_trial,1.0,8,66.56,67.56,1.0,1.0,68,1.52,1.55989,0.52,0.55989,68.08
s03-r3-disconnect_trial-1,3,3,disconnect_trial,1.0,9,74.56,75.56,1.0,1.0,76,1.52,1.55998,0.52,0.5599799999999999,76.08
s03-r3-disconnect_trial-1,3,3,disconnect_trial,1.0,10,82.2,83.2,1.0,1.0,83,1.52,1.55991,0.52,0.5599099999999999,83.72
s03-r3-disconnect_trial-1,3,3,disconnect_trial,1.0,11,89.76,90.76,1.0,1.0,91,1.52,1.55914,0.52,0.55914,91.28
s03-r3-disconnect_trial-1,3,3,disconnect_trial,1.0,12,97.68,98.68,1.0,1.0,99,1.52,1.56037,0.52,0.56037,99.2
s03-r3-disconnect_trial-1,3,3,disconnect_trial,1.0,13,105.44,106.44,1.0,1.0,106,1.52,1.55859,0.52,0.5585899999999999,106.96
s03-r3-disconnect_trial-1,3,3,disconnect_trial,1.0,14,113.32,114.32,1.0,1.0,114,1.52,1.55965,0.52,0.55965,114.83999999999999
s03-r3-disconnect_trial-1,3,3,disconnect_trial,1.0,15,121.8,122.8,1.0,1.0,123,1.52,1.55986,0.52,0.55986,123.32
s03-r3-disconnect_trial-1,3,3,disconnect_trial,1.0,16,129.8,130.8,1.0,1.0,131,1.52,1.55985,0.52,0.55985,131.32000000000002
s03-r3-disconnect_trial-1,3,3,disconnect_trial,1.0,17,138.08,139.08,1.0,1.0,139,1.52,1.55981,0.52,0.5598099999999999,139.60000000000002
s03-r3-disconnect_trial-1,3,3,disconnect_trial,1.0,18,146.24,147.24,1.0,1.0,147,1.52,1.55981,0.52,0.5598099999999999,147.76000000000002
s03-r3-disconnect_trial-1,3,3,disconnect_trial,1.0,19,154.48,155.48,1.0,1.0,156,1.52,1.55922,0.52,0.55922,156.0
s03-r3-disconnect_trial-1,3,3,disconnect_trial,1.0,20,162.76,163.76,1.0,1.0,164,1.52,1.55893,0.52,0.5589299999999999,164.28
s03-r3-disconnect_trial-1,3,3,disconnect_trial,1.0,21,171.08,172.08,1.0,1.0,172,1.52,1.55969,0.52,0.55969,172.60000000000002
s03-r3-disconnect_trial-1,3,3,disconnect_trial,1.0,22,178.72,179.72,1.0,1.0,180,1.52,1.55949,0.52,0.55949,180.24
s03-r3-disconnect_trial-1,3,3,disconnect_trial,1.0,23,186.88,187.88,1.0,1.0,188,1.52,1.56029,0.52,0.56029,188.4
s03-r3-disconnect_trial-1,3,3,disconnect_trial,1.0,24,194.68,195.68,1.0,1.0,196,1.52,1.56089,0.52,0.5608900000000001,196.20000000000002
s03-r3-disconnect_trial-1,3,3,disconnect_trial,1.0,25,202.52,203.52,1.0,1.0,204,1.52,1.56415,0.52,0.5641499999999999,204.04000000000002
s03-r3-disconnect_trial-1,3,3,disconnect_trial,1.0,26,210.92,211.92,1.0,1.0,212,1.52,1.55941,0.52,0.55941,212.44
s03-r3-disconnect_trial-1,3,3,disconnect_trial,1.0,27,218.96,219.96,1.0,1.0,220,1.52,1.56012,0.52,0.56012,220.48000000000002
s03-r3-disconnect_trial-1,3,3,disconnect_trial,1.0,28,226.84,227.84,1.0,1.0,228,1.52,1.55974,0.52,0.5597399999999999,228.36
s03-r3-disconnect_trial-1,3,3,disconnect_trial,1.0,29,234.96,235.96,1.0,1.0,236,1.52,1.5586,0.52,0.5586,236.48000000000002
s03-r3-disconnect_trial-1,3,3,disconnect_trial,1.0,30,243.24,244.24,1.0,1.0,244,1.52,1.55962,0.52,0.55962,244.76000000000002
s03-r3-disconnect_trial-1,3,3,disconnect_trial,1.0,31,251.68,252.68,1.0,1.0,253,1.52,1.55965,0.52,0.55965,253.20000000000002
s03-r3-disconnect_trial-1,3,3,disconnect_trial,1.0,32,260.04,261.04,1.0,1.0,261,1.52,1.56038,0.52,0.5603800000000001,261.56
s03-r3-disconnect_trial-1,3,3,disconnect_trial,1.0,33,268.4,269.4,1.0,1.0,269,1.52,1.5595,0.52,0.5595000000000001,269.91999999999996
s03-r3-disconnect_trial-1,3,3,disconnect_trial,1.0,34,276.56,277.56,1.0,1.0,278,1.52,1.5606,0.52,0.5606,278.08
s03-r3-disconnect_trial-1,3,3,disconnect_trial,1.0,35,284.84,285.84,1.0,1.0,286,1.52,1.5597,0.52,0.5597000000000001,286.35999999999996
s03-r3-disconnect_trial-1,3,3,disconnect_trial,1.0,36,292.92,293.92,1.0,1.0,294,1.52,1.55923,0.52,0.5592299999999999,294.44
s03-r3-disconnect_trial-1,3,3,disconnect_trial,1.0,37,300.8,301.8,1.0,1.0,302,1.52,1.55975,0.52,0.55975,302.32
s03-r3-disconnect_trial-1,3,3,disconnect_trial,1.0,38,308.64,309.64,1.0,1.0,310,1.52,1.56038,0.52,0.5603800000000001,310.15999999999997
s03-r3-disconnect_trial-1,3,3,disconnect_trial,1.0,39,316.36,317.36,1.0,1.0,317,1.52,1.56041,0.52,0.5604100000000001,317.88
s03-r3-disconnect_trial-1,3,3,disconnect_trial,1.0,40,324.68,325.68,1.0,1.0,326,1.52,1.55984,0.52,0.5598399999999999,326.2
s03-r3-disconnect_trial-1,3,3,disconnect_trial,1.0,41,332.6,333.6,1.0,1.0,334,1.52,1.55947,0.52,0.5594699999999999,334.12
s03-r3-disconnect_trial-1,3,3,disconnect_trial,1.0,42,340.56,341.56,1.0,1.0,342,1.52,1.55963,0.52,0.5596300000000001,342.08
s03-r3-disconnect_trial-1,3,3,disconnect_trial,1.0,43,349.0,350.0,1.0,1.0,350,1.52,1.55969,0.52,0.55969,350.52
s03-r3-disconnect_trial-1,3,3,disconnect_trial,1.0,44,356.64,357.64,1.0,1.0,358,1.52,1.55912,0.52,0.5591200000000001,358.15999999999997
s03-r3-disconnect_trial-1,3,3,disconnect_trial,1.0,45,364.36,365.36,1.0,1.0,365,1.52,1.55928,0.52,0.55928,365.88
s03-r3-disconnect_trial-1,3,3,disconnect_trial,1.0,46,372.8,373.8,1.0,1.0,374,1.52,1.55974,0.52,0.5597399999999999,374.32
s03-r3-disconnect_trial-1,3,3,disconnect_trial,1.0,47,381.04,382.04,1.0,1.0,382,1.52,1.56025,0.52,0.5602499999999999,382.56
s03-r3-disconnect_trial-2,3,3,disconnect_trial,2.0,0,3.0,5.0,2.0,2.0,5,2.52,2.55818,0.52,0.5581800000000001,5.52
s03-r3-disconnect_trial-2,3,3,disconnect_trial,2.0,1,11.04,13.04,2.0,2.0,13,2.52,2.56295,0.52,0.5629499999999998,13.559999999999999
s03-r3-disconnect_trial-2,3,3,disconnect_trial,2.0,2,18.72,20.72,2.0,2.0,21,2.52,2.56146,0.52,0.5614599999999998,21.24
s03-r3-disconnect_trial-2,3,3,disconnect_trial,2.0,3,26.52,28.52,2.0,2.0,29,2.52,2.55855,0.52,0.5585499999999999,29.04
s03-r3-disconnect_trial-2,3,3,disconnect_trial,2.0,4,34.56,36.56,2.0,2.0,37,2.52,2.55743,0.52,0.5574300000000001,37.080000000000005
s03-r3-disconnect_trial-2,3,3,disconnect_trial,2.0,5,43.0,45.0,2.0,2.0,45,2.52,2.5627,0.52,0.5627,45.52
s03-r3-disconnect_trial-2,3,3,disconnect_trial,2.0,6,50.64,52.64,2.0,2.0,53,2.52,2.56354,0.52,0.5635400000000002,53.160000000000004
s03-r3-disconnect_trial-2,3,3,disconnect_trial,2.0,7,58.84,60.84,2.0,2.0,61,2.52,2.56346,0.52,0.5634600000000001,61.36000000000001
s03-r3-disconnect_trial-2,3,3,disconnect_trial,2.0,8,66.56,68.56,2.0,2.0,69,2.52,2.5633,0.52,0.5632999999999999,69.08
s03-r3-disconnect_trial-2,3,3,disconnect_trial,2.0,9,74.56,76.56,2.0,2.0,77,2.52,2.56375,0.52,0.5637500000000002,77.08
s03-r3-disconnect_trial-2,3,3,disconnect_trial,2.0,10,82.2,84.2,2.0,2.0,84,2.52,2.55906,0.52,0.5590600000000001,84.72
s03-r3-disconnect_trial-2,3,3,disconnect_trial,2.0,11,89.76,91.76,2.0,2.0,92,2.52,2.56363,0.52,0.5636299999999999,92.28
s03-r3-disconnect_trial-2,3,3,disconnect_trial,2.0,12,97.68,99.68,2.0,2.0,100,2.52,2.55782,0.52,0.55782,100.2
s03-r3-disconnect_trial-2,3,3,disconnect_trial,2.0,13,105.44,107.44,2.0,2.0,107,2.52,2.55822,0.52,0.5582199999999999,107.96
s03-r3-disconnect_trial-2,3,3,disconnect_trial,2.0,14,113.32,115.32,2.0,2.0,115,2.52,2.55713,0.52,0.5571299999999999,115.83999999999999
s03-r3-disconnect_trial-2,3,3,disconnect_trial,2.0,15,121.8,123.8,2.0,2.0,124,2.52,2.55921,0.52,0.5592100000000002,124.32
s03-r3-disconnect_trial-2,3,3,disconnect_trial,2.0,16,129.8,131.8,2.0,2.0,132,2.52,2.56458,0.52,0.5645799999999999,132.32000000000002
s03-r3-disconnect_trial-2,3,3,disconnect_trial,2.0,17,138.08,140.08,2.0,2.0,140,2.52,2.55867,0.52,0.5586700000000002,140.60000000000002
s03-r3-disconnect_trial-2,3,3,disconnect_trial,2.0,18,146.24,148.24,2.0,2.0,148,2.52,2.56142,0.52,0.56142,148.76000000000002
s03-r3-disconnect_trial-2,3,3,disconnect_trial,2.0,19,154.48,156.48,2.0,2.0,157,2.52,2.56206,0.52,0.5620599999999998,157.0
s03-r3-disconnect_trial-2,3,3,disconnect_trial,2.0,20,162.76,164.76,2.0,2.0,165,2.52,2.55643,0.52,0.5564300000000002,165.28
s03-r3-disconnect_trial-2,3,3,disconnect_trial,2.0,21,171.08,173.08,2.0,2.0,173,2.52,2.5634,0.52,0.5634000000000001,173.60000000000002
s03-r3-disconnect_trial-2,3,3,disconnect_trial,2.0,22,178.72,180.72,2.0,2.0,181,2.52,2.55728,0.52,0.55728,181.24
s03-r3-disconnect_trial-2,3,3,disconnect_trial,2.0,23,186.88,188.88,2.0,2.0,189,2.52,2.564,0.52,0.5640000000000001,189.4
s03-r3-disconnect_trial-2,3,3,disconnect_trial,2.0,24,194.68,196.68,2.0,2.0,197,2.52,2.56358,0.52,0.56358,197.20000000000002
s03-r3-disconnect_trial-2,3,3,disconnect_trial,2.0,25,202.52,204.52,2.0,2.0,205,2.52,2.55988,0.52,0.5598800000000002,205.04000000000002
s03-r3-disconnect_trial-2,3,3,disconnect_trial,2.0,26,210.92,212.92,2.0,2.0,213,2.52,2.55919,0.52,0.5591900000000001,213.44
s03-r3-disconnect_trial-2,3,3,disconnect_trial,2.0,27,218.96,220.96,2.0,2.0,221,2.52,2.55929,0.52,0.5592899999999998,221.48000000000002
s03-r3-disconnect_trial-2,3,3,disconnect_trial,2.0,28,226.84,228.84,2.0,2.0,229,2.52,2.56206,0.52,0.5620599999999998,229.36
s03-r3-disconnect_trial-2,3,3,disconnect_trial,2.0,29,234.96,236.96,2.0,2.0,237,2.52,2.55849,0.52,0.5584899999999999,237.48000000000002
s03-r3-disconnect_trial-2,3,3,disconnect_trial,2.0,30,243.24,245.24,2.0,2.0,245,2.52,2.56355,0.52,0.5635500000000002,245.76000000000002
s03-r3-disconnect_trial-2,3,3,disconnect_trial,2.0,31,251.68,253.68,2.0,2.0,254,2.52,2.56306,0.52,0.5630600000000001,254.20000000000002
s03-r3-disconnect_trial-2,3,3,disconnect_trial,2.0,32,260.04,262.04,2.0,2.0,262,2.52,2.56205,0.52,0.5620500000000002,262.56
s03-r3-disconnect_trial-2,3,3,disconnect_trial,2.0,33,268.4,270.4,2.0,2.0,270,2.52,2.55815,0.52,0.5581499999999999,270.91999999999996
s03-r3-disconnect_trial-2,3,3,disconnect_trial,2.0,34,276.56,278.56,2.0,2.0,279,2.52,2.55796,0.52,0.55796,279.08
s03-r3-disconnect_trial-2,3,3,disconnect_trial,2.0,35,284.84,286.84,2.0,2.0,287,2.52,2.55847,0.52,0.5584699999999998,287.35999999999996
s03-r3-disconnect_trial-2,3,3,disconnect_trial,2.0,36,292.92,294.92,2.0,2.0,295,2.52,2.56261,0.52,0.5626099999999998,295.44
s03-r3-disconnect_trial-2,3,3,disconnect_trial,2.0,37,300.8,302.8,2.0,2.0,303,2.52,2.55877,0.52,0.55877,303.32
s03-r3-disconnect_trial-2,3,3,disconnect_trial,2.0,38,308.64,310.64,2.0,2.0,311,2.52,2.55875,0.52,0.5587499999999999,311.15999999999997
s03-r3-disconnect_trial-2,3,3,disconnect_trial,2.0,39,316.36,318.36,2.0,2.0,318,2.52,2.55815,0.52,0.5581499999999999,318.88
s03-r3-disconnect_trial-2,3,3,disconnect_trial,2.0,40,324.68,326.68,2.0,2.0,327,2.52,2.55826,0.52,0.5582600000000002,327.2
s03-r3-disconnect_trial-2,3,3,disconnect_trial,2.0,41,332.6,334.6,2.0,2.0,335,2.52,2.55991,0.52,0.5599099999999999,335.12
s03-r3-disconnect_trial-2,3,3,disconnect_trial,2.0,42,340.56,342.56,2.0,2.0,343,2.52,2.56284,0.52,0.56284,343.08
s03-r3-disconnect_trial-2,3,3,disconnect_trial,2.0,43,349.0,351.0,2.0,2.0,351,2.52,2.55785,0.52,0.5578500000000002,351.52
s03-r3-disconnect_trial-2,3,3,disconnect_trial,2.0,44,356.64,358.64,2.0,2.0,359,2.52,2.55897,0.52,0.55897,359.15999999999997
s03-r3-disconnect_trial-2,3,3,disconnect_trial,2.0,45,364.36,366.36,2.0,2.0,366,2.52,2.56008,0.52,0.5600800000000001,366.88
s03-r3-disconnect_trial-2,3,3,disconnect_trial,2.0,46,372.8,374.8,2.0,2.0,375,2.52,2.55846,0.52,0.5584600000000002,375.32
s03-r3-disconnect_trial-2,3,3,disconnect_trial,2.0,47,381.04,383.04,2.0,2.0,383,2.52,2.56394,0.52,0.5639400000000001,383.56
s03-r4-disconnect-0.5,3,4,disconnect,0.5,0,25.32,25.8,0.5,0.4800000000000004,26,1.52,1.55745,1.0399999999999996,1.0774499999999996,26.84
s03-r4-disconnect-0.5,3,4,disconnect,0.5,1,72.48,72.96,0.5,0.47999999999998977,74,1.52,1.56027,1.0400000000000102,1.0802700000000103,74.0
s03-r4-disconnect-0.5,3,4,disconnect,0.5,2,77.96,78.48,0.5,0.5200000000000102,79,1.52,1.56438,0.9999999999999898,1.0443799999999899,79.47999999999999
s03-r4-disconnect-0.5,3,4,disconnect,0.5,3,107.56,108.04,0.5,0.480000000000004,109,1.52,1.5642,1.039999999999996,1.084199999999996,109.08
s03-r4-disconnect-0.5,3,4,disconnect,0.5,4,354.4,354.92,0.5,0.5200000000000387,355,1.52,1.56021,0.9999999999999614,1.0402099999999614,355.91999999999996
s03-r4-disconnect-1,3,4,disconnect,1.0,0,22.2,23.2,1.0,1.0,23,1.52,1.55881,0.52,0.55881,23.72
s03-r4-disconnect-1,3,4,disconnect,1.0,1,63.76,64.76,1.000000000000007,1.000000000000007,65,1.52,1.56005,0.5199999999999929,0.5600499999999928,65.28
s03-r4-disconnect-1,3,4,disconnect,1.0,2,161.88,162.88,1.0,1.0,163,1.52,1.55981,0.52,0.5598099999999999,163.4
s03-r4-disconnect-1,3,4,disconnect,1.0,3,268.16,269.16,1.0,1.0,269,1.52,1.56419,0.52,0.56419,269.68
s03-r4-disconnect-1,3,4,disconnect,1.0,4,355.84,356.84,1.0,1.0,357,1.52,1.56053,0.52,0.56053,357.35999999999996
s03-r4-disconnect-3,3,4,disconnect,3.0,0,72.04,75.04,3.0,3.0,75,3.52,3.56303,0.52,0.5630299999999999,75.56
s03-r4-disconnect-3,3,4,disconnect,3.0,1,111.08,114.08,3.0,3.0,114,3.52,3.55985,0.52,0.55985,114.6
s03-r4-disconnect-3,3,4,disconnect,3.0,2,224.32,227.32,3.0,3.0,227,3.52,3.56339,0.52,0.5633900000000001,227.84
s03-r4-disconnect-3,3,4,disconnect,3.0,3,312.64,315.64,3.0,3.0,316,3.52,3.55792,0.52,0.5579200000000002,316.15999999999997
s03-r4-disconnect-3,3,4,disconnect,3.0,4,320.64,323.64,3.0,3.0,324,3.52,3.55698,0.52,0.5569799999999998,324.15999999999997
s03-r4-disconnect_trial-0.5,3,4,disconnect_trial,0.5,0,3.0,3.52,0.5,0.52,4,1.52,1.55907,1.0,1.03907,4.52
s03-r4-disconnect_trial-0.5,3,4,disconnect_trial,0.5,1,11.04,11.52,0.5,0.4800000000000004,12,1.52,1.56017,1.0399999999999996,1.0801699999999996,12.559999999999999
s03-r4-disconnect_trial-0.5,3,4,disconnect_trial,0.5,2,18.72,19.2,0.5,0.4800000000000004,20,1.52,1.56009,1.0399999999999996,1.0800899999999996,20.24
s03-r4-disconnect_trial-0.5,3,4,disconnect_trial,0.5,3,26.52,27.0,0.5,0.4800000000000004,28,1.52,1.55908,1.0399999999999996,1.0790799999999996,28.04
s03-r4-disconnect_trial-0.5,3,4,disconnect_trial,0.5,4,34.56,35.04,0.5,0.4799999999999969,36,1.52,1.55977,1.0400000000000031,1.0797700000000032,36.080000000000005
s03-r4-disconnect_trial-0.5,3,4,disconnect_trial,0.5,5,43.0,43.48,0.5,0.4799999999999969,44,1.52,1.56474,1.0400000000000031,1.0847400000000031,44.52
s03-r4-disconnect_trial-0.5,3,4,disconnect_trial,0.5,6,50.64,51.16,0.5,0.519999999999996,52,1.52,1.55966,1.000000000000004,1.039660000000004,52.160000000000004
s03-r4-disconnect_trial-0.5,3,4,disconnect_trial,0.5,7,58.84,59.36,0.5,0.519999999999996,60,1.52,1.55961,1.000000000000004,1.039610000000004,60.36000000000001
s03-r4-disconnect_trial-0.5,3,4,disconnect_trial,0.5,8,66.56,67.08,0.5,0.519999999999996,68,1.52,1.55944,1.000000000000004,1.039440000000004,68.08
s03-r4-disconnect_trial-0.5,3,4,disconnect_trial,0.5,9,74.56,75.08,0.5,0.519999999999996,76,1.52,1.55894,1.000000000000004,1.038940000000004,76.08
s03-r4-disconnect_trial-0.5,3,4,disconnect_trial,0.5,10,82.2,82.68,0.5,0.480000000000004,83,1.52,1.56013,1.039999999999996,1.080129999999996,83.72
s03-r4-disconnect_trial-0.5,3,4,disconnect_trial,0.5,11,89.76,90.28,0.5,0.519999999999996,91,1.52,1.55952,1.000000000000004,1.039520000000004,91.28
s03-r4-disconnect_trial-0.5,3,4,disconnect_trial,0.5,12,97.68,98.16,0.5,0.47999999999998977,99,1.52,1.55932,1.0400000000000102,1.0793200000000103,99.2
s03-r4-disconnect_trial-0.5,3,4,disconnect_trial,0.5,13,105.44,105.92,0.5,0.480000000000004,106,1.52,1.56003,1.039999999999996,1.080029999999996,106.96
s03-r4-disconnect_trial-0.5,3,4,disconnect_trial,0.5,14,113.32,113.8,0.5,0.480000000000004,114,1.52,1.56015,1.039999999999996,1.080149999999996,114.83999999999999
s03-r4-disconnect_trial-0.5,3,4,disconnect_trial,0.5,15,121.8,122.28,0.5,0.480000000000004,123,1.52,1.55963,1.039999999999996,1.079629999999996,123.32
s03-r4-disconnect_trial-0.5,3,4,disconnect_trial,0.5,16,129.8,130.32,0.5,0.5199999999999818,131,1.52,1.55983,1.0000000000000182,1.0398300000000182,131.32000000000002
s03-r4-disconnect_trial-0.5,3,4,disconnect_trial,0.5,17,138.08,138.6,0.5,0.5199999999999818,139,1.52,1.55862,1.0000000000000182,1.038620000000018,139.60000000000002
s03-r4-disconnect_trial-0.5,3,4,disconnect_trial,0.5,18,146.24,146.72,0.5,0.47999999999998977,147,1.52,1.55965,1.0400000000000102,1.0796500000000102,147.76000000000002
s03-r4-disconnect_trial-0.5,3,4,disconnect_trial,0.5,19,154.48,155.0,0.5,0.5200000000000102,156,1.52,1.5595,0.9999999999999898,1.0394999999999899,156.0
s03-r4-disconnect_trial-0.5,3,4,disconnect_trial,0.5,20,162.76,163.28,0.5,0.5200000000000102,164,1.52,1.55955,0.9999999999999898,1.0395499999999898,164.28
s03-r4-disconnect_trial-0.5,3,4,disconnect_trial,0.5,21,171.08,171.6,0.5,0.5199999999999818,172,1.52,1.55883,1.0000000000000182,1.0388300000000181,172.60000000000002
s03-r4-disconnect_trial-0.5,3,4,disconnect_trial,0.5,22,178.72,179.24,0.5,0.5200000000000102,180,1.52,1.55906,0.9999999999999898,1.0390599999999897,180.24
s03-r4-disconnect_trial-0.5,3,4,disconnect_trial,0.5,23,186.88,187.36,0.5,0.4800000000000182,188,1.52,1.56361,1.0399999999999818,1.0836099999999818,188.4
s03-r4-disconnect_trial-0.5,3,4,disconnect_trial,0.5,24,194.68,195.16,0.5,0.47999999999998977,196,1.52,1.55951,1.0400000000000102,1.0795100000000102,196.20000000000002
s03-r4-disconnect_trial-0.5,3,4,disconnect_trial,0.5,25,202.52,203.0,0.5,0.47999999999998977,204,1.52,1.55925,1.0400000000000102,1.0792500000000103,204.04000000000002
s03-r4-disconnect_trial-0.5,3,4,disconnect_trial,0.5,26,210.92,211.44,0.5,0.5200000000000102,212,1.52,1.55926,0.9999999999999898,1.0392599999999899,212.44
s03-r4-disconnect_trial-0.5,3,4,disconnect_trial,0.5,27,218.96,219.44,0.5,0.47999999999998977,220,1.52,1.56018,1.0400000000000102,1.0801800000000101,220.48000000000002
s03-r4-disconnect_trial-0.5,3,4,disconnect_trial,0.5,28,226.84,227.36,0.5,0.5200000000000102,228,1.52,1.55913,0.9999999999999898,1.0391299999999897,228.36
s03-r4-disconnect_trial-0.5,3,4,disconnect_trial,0.5,29,234.96,235.44,0.5,0.47999999999998977,236,1.52,1.56006,1.0400000000000102,1.0800600000000102,236.48000000000002
s03-r4-disconnect_trial-0.5,3,4,disconnect_trial,0.5,30,243.24,243.72,0.5,0.47999999999998977,244,1.52,1.55831,1.0400000000000102,1.0783100000000103,244.76000000000002
s03-r4-disconnect_trial-0.5,3,4,disconnect_trial,0.5,31,251.68,252.16,0.5,0.47999999999998977,253,1.52,1.55926,1.0400000000000102,1.0792600000000103,253.20000000000002
s03-r4-disconnect_trial-0.5,3,4,disconnect_trial,0.5,32,260.04,260.52,0.5,0.47999999999996135,261,1.52,1.55941,1.0400000000000387,1.0794100000000386,261.56
s03-r4-disconnect_trial-0.5,3,4,disconnect_trial,0.5,33,268.4,268.88,0.5,0.4800000000000182,269,1.52,1.55865,1.0399999999999818,1.078649999999982,269.91999999999996
s03-r4-disconnect_trial-0.5,3,4,disconnect_trial,0.5,34,276.56,277.08,0.5,0.5199999999999818,278,1.52,1.55927,1.0000000000000182,1.0392700000000181,278.08
s03-r4-disconnect_trial-0.5,3,4,disconnect_trial,0.5,35,284.84,285.32,0.5,0.4800000000000182,286,1.52,1.5593,1.0399999999999818,1.0792999999999817,286.35999999999996
s03-r4-disconnect_trial-0.5,3,4,disconnect_trial,0.5,36,292.92,293.4,0.5,0.47999999999996135,294,1.52,1.55927,1.0400000000000387,1.0792700000000386,294.44
s03-r4-disconnect_trial-0.5,3,4,disconnect_trial,0.5,37,300.8,301.28,0.5,0.47999999999996135,302,1.52,1.55926,1.0400000000000387,1.0792600000000387,302.32
s03-r4-disconnect_trial-0.5,3,4,disconnect_trial,0.5,38,308.64,309.16,0.5,0.5200000000000387,310,1.52,1.55976,0.9999999999999614,1.0397599999999614,310.15999999999997
s03-r4-disconnect_trial-0.5,3,4,disconnect_trial,0.5,39,316.36,316.84,0.5,0.47999999999996135,317,1.52,1.55877,1.0400000000000387,1.0787700000000386,317.88
s03-r4-disconnect_trial-0.5,3,4,disconnect_trial,0.5,40,324.68,325.16,0.5,0.4800000000000182,326,1.52,1.56033,1.0399999999999818,1.0803299999999818,326.2
s03-r4-disconnect_trial-0.5,3,4,disconnect_trial,0.5,41,332.6,333.08,0.5,0.47999999999996135,334,1.52,1.55928,1.0400000000000387,1.0792800000000387,334.12
s03-r4-disconnect_trial-0.5,3,4,disconnect_trial,0.5,42,340.56,341.04,0.5,0.4800000000000182,342,1.52,1.5602,1.0399999999999818,1.0801999999999818,342.08
s03-r4-disconnect_trial-0.5,3,4,disconnect_trial,0.5,43,349.0,349.52,0.5,0.5199999999999818,350,1.52,1.55988,1.0000000000000182,1.0398800000000181,350.52
s03-r4-disconnect_trial-0.5,3,4,disconnect_trial,0.5,44,356.64,357.16,0.5,0.5200000000000387,358,1.52,1.55985,0.9999999999999614,1.0398499999999613,358.15999999999997
s03-r4-disconnect_trial-0.5,3,4,disconnect_trial,0.5,45,364.36,364.84,0.5,0.47999999999996135,365,1.52,1.55909,1.0400000000000387,1.0790900000000387,365.88
s03-r4-disconnect_trial-0.5,3,4,disconnect_trial,0.5,46,372.8,373.32,0.5,0.5199999999999818,374,1.52,1.559,1.0000000000000182,1.0390000000000181,374.32
s03-r4-disconnect_trial-0.5,3,4,disconnect_trial,0.5,47,381.04,381.56,0.5,0.5199999999999818,382,1.52,1.56433,1.0000000000000182,1.0443300000000182,382.56
s03-r4-disconnect_trial-1,3,4,disconnect_trial,1.0,0,3.0,4.0,1.0,1.0,4,1.52,1.5597,0.52,0.5597000000000001,4.52
s03-r4-disconnect_trial-1,3,4,disconnect_trial,1.0,1,11.04,12.04,1.0,1.0,12,1.52,1.55974,0.52,0.5597399999999999,12.559999999999999
s03-r4-disconnect_trial-1,3,4,disconnect_trial,1.0,2,18.72,19.72,1.0,1.0,20,1.52,1.55934,0.52,0.55934,20.24
s03-r4-disconnect_trial-1,3,4,disconnect_trial,1.0,3,26.52,27.52,1.0,1.0,28,1.52,1.55929,0.52,0.5592900000000001,28.04
s03-r4-disconnect_trial-1,3,4,disconnect_trial,1.0,4,34.56,35.56,1.0,1.0,36,1.52,1.5621,0.52,0.5621,36.080000000000005
s03-r4-disconnect_trial-1,3,4,disconnect_trial,1.0,5,43.0,44.0,1.0,1.0,44,1.52,1.55988,0.52,0.5598799999999999,44.52
s03-r4-disconnect_trial-1,3,4,disconnect_trial,1.0,6,50.64,51.64,1.0,1.0,52,1.52,1.55903,0.52,0.5590299999999999,52.160000000000004
s03-r4-disconnect_trial-1,3,4,disconnect_trial,1.0,7,58.84,59.84,1.0,1.0,60,1.52,1.55969,0.52,0.55969,60.36000000000001
s03-r4-disconnect_trial-1,3,4,disconnect_trial,1.0,8,66.56,67.56,1.0,1.0,68,1.52,1.55982,0.52,0.55982,68.08
s03-r4-disconnect_trial-1,3,4,disconnect_trial,1.0,9,74.56,75.56,1.0,1.0,76,1.52,1.56048,0.52,0.5604800000000001,76.08
s03-r4-disconnect_trial-1,3,4,disconnect_trial,1.0,10,82.2,83.2,1.0,1.0,83,1.52,1.56042,0.52,0.5604199999999999,83.72
s03-r4-disconnect_trial-1,3,4,disconnect_trial,1.0,11,89.76,90.76,1.0,1.0,91,1.52,1.55964,0.52,0.5596399999999999,91.28
s03-r4-disconnect_trial-1,3,4,disconnect_trial,1.0,12,97.68,98.68,1.0,1.0,99,1.52,1.55895,0.52,0.5589500000000001,99.2
s03-r4-disconnect_trial-1,3,4,disconnect_trial,1.0,13,105.44,106.44,1.0,1.0,106,1.52,1.56462,0.52,0.5646199999999999,106.96
s03-r4-disconnect_trial-1,3,4,disconnect_trial,1.0,14,113.32,114.32,1.0,1.0,114,1.52,1.55942,0.52,0.55942,114.83999999999999
s03-r4-disconnect_trial-1,3,4,disconnect_trial,1.0,15,121.8,122.8,1.0,1.0,123,1.52,1.55965,0.52,0.55965,123.32
s03-r4-disconnect_trial-1,3,4,disconnect_trial,1.0,16,129.8,130.8,1.0,1.0,131,1.52,1.56437,0.52,0.56437,131.32000000000002
s03-r4-disconnect_trial-1,3,4,disconnect_trial,1.0,17,138.08,139.08,1.0,1.0,139,1.52,1.55893,0.52,0.5589299999999999,139.60000000000002
s03-r4-disconnect_trial-1,3,4,disconnect_trial,1.0,18,146.24,147.24,1.0,1.0,147,1.52,1.55928,0.52,0.55928,147.76000000000002
s03-r4-disconnect_trial-1,3,4,disconnect_trial,1.0,19,154.48,155.48,1.0,1.0,156,1.52,1.55957,0.52,0.5595699999999999,156.0
s03-r4-disconnect_trial-1,3,4,disconnect_trial,1.0,20,162.76,163.76,1.0,1.0,164,1.52,1.55903,0.52,0.5590299999999999,164.28
s03-r4-disconnect_trial-1,3,4,disconnect_trial,1.0,21,171.08,172.08,1.0,1.0,172,1.52,1.55927,0.52,0.5592699999999999,172.60000000000002
s03-r4-disconnect_trial-1,3,4,disconnect_trial,1.0,22,178.72,179.72,1.0,1.0,180,1.52,1.56502,0.52,0.5650200000000001,180.24
s03-r4-disconnect_trial-1,3,4,disconnect_trial,1.0,23,186.88,187.88,1.0,1.0,188,1.52,1.56402,0.52,0.56402,188.4
s03-r4-disconnect_trial-1,3,4,disconnect_trial,1.0,24,194.68,195.68,1.0,1.0,196,1.52,1.56014,0.52,0.5601400000000001,196.20000000000002
s03-r4-disconnect_trial-1,3,4,disconnect_trial,1.0,25,202.52,203.52,1.0,1.0,204,1.52,1.56099,0.52,0.5609900000000001,204.04000000000002
s03-r4-disconnect_trial-1,3,4,disconnect_trial,1.0,26,210.92,211.92,1.0,1.0,212,1.52,1.56017,0.52,0.5601700000000001,212.44
s03-r4-disconnect_trial-1,3,4,disconnect_trial,1.0,27,218.96,219.96,1.0,1.0,220,1.52,1.55955,0.52,0.55955,220.48000000000002
s03-r4-disconnect_trial-1,3,4,disconnect_trial,1.0,28,226.84,227.84,1.0,1.0,228,1.52,1.56483,0.52,0.5648299999999999,228.36
s03-r4-disconnect_trial-1,3,4,disconnect_trial,1.0,29,234.96,235.96,1.0,1.0,236,1.52,1.56054,0.52,0.56054,236.48000000000002
s03-r4-disconnect_trial-1,3,4,disconnect_trial,1.0,30,243.24,244.24,1.0,1.0,244,1.52,1.55992,0.52,0.55992,244.76000000000002
s03-r4-disconnect_trial-1,3,4,disconnect_trial,1.0,31,251.68,252.68,1.0,1.0,253,1.52,1.56015,0.52,0.5601499999999999,253.20000000000002
s03-r4-disconnect_trial-1,3,4,disconnect_trial,1.0,32,260.04,261.04,1.0,1.0,261,1.52,1.55924,0.52,0.55924,261.56
s03-r4-disconnect_trial-1,3,4,disconnect_trial,1.0,33,268.4,269.4,1.0,1.0,269,1.52,1.55942,0.52,0.55942,269.91999999999996
s03-r4-disconnect_trial-1,3,4,disconnect_trial,1.0,34,276.56,277.56,1.0,1.0,278,1.52,1.55931,0.52,0.55931,278.08
s03-r4-disconnect_trial-1,3,4,disconnect_trial,1.0,35,284.84,285.84,1.0,1.0,286,1.52,1.55999,0.52,0.55999,286.35999999999996
s03-r4-disconnect_trial-1,3,4,disconnect_trial,1.0,36,292.92,293.92,1.0,1.0,294,1.52,1.55994,0.52,0.5599400000000001,294.44
s03-r4-disconnect_trial-1,3,4,disconnect_trial,1.0,37,300.8,301.8,1.0,1.0,302,1.52,1.5599,0.52,0.5599000000000001,302.32
s03-r4-disconnect_trial-1,3,4,disconnect_trial,1.0,38,308.64,309.64,1.0,1.0,310,1.52,1.55928,0.52,0.55928,310.15999999999997
s03-r4-disconnect_trial-1,3,4,disconnect_trial,1.0,39,316.36,317.36,1.0,1.0,317,1.52,1.56029,0.52,0.56029,317.88
s03-r4-disconnect_trial-1,3,4,disconnect_trial,1.0,40,324.68,325.68,1.0,1.0,326,1.52,1.56002,0.52,0.56002,326.2
s03-r4-disconnect_trial-1,3,4,disconnect_trial,1.0,41,332.6,333.6,1.0,1.0,334,1.52,1.55977,0.52,0.5597700000000001,334.12
s03-r4-disconnect_trial-1,3,4,disconnect_trial,1.0,42,340.56,341.56,1.0,1.0,342,1.52,1.55977,0.52,0.5597700000000001,342.08
s03-r4-disconnect_trial-1,3,4,disconnect_trial,1.0,43,349.0,350.0,1.0,1.0,350,1.52,1.55969,0.52,0.55969,350.52
s03-r4-disconnect_trial-1,3,4,disconnect_trial,1.0,44,356.64,357.64,1.0,1.0,358,1.52,1.5594,0.52,0.5593999999999999,358.15999999999997
s03-r4-disconnect_trial-1,3,4,disconnect_trial,1.0,45,364.36,365.36,1.0,1.0,365,1.52,1.55936,0.52,0.5593600000000001,365.88
s03-r4-disconnect_trial-1,3,4,disconnect_trial,1.0,46,372.8,373.8,1.0,1.0,374,1.52,1.55967,0.52,0.5596699999999999,374.32
s03-r4-disconnect_trial-1,3,4,disconnect_trial,1.0,47,381.04,382.04,1.0,1.0,382,1.52,1.56005,0.52,0.5600499999999999,382.56
s03-r4-disconnect_trial-2,3,4,disconnect_trial,2.0,0,3.0,5.0,2.0,2.0,5,2.52,2.55922,0.52,0.5592199999999998,5.52
s03-r4-disconnect_trial-2,3,4,disconnect_trial,2.0,1,11.04,13.04,2.0,2.0,13,2.52,2.56406,0.52,0.56406,13.559999999999999
s03-r4-disconnect_trial-2,3,4,disconnect_trial,2.0,2,18.72,20.72,2.0,2.0,21,2.52,2.55766,0.52,0.5576599999999998,21.24
s03-r4-disconnect_trial-2,3,4,disconnect_trial,2.0,3,26.52,28.52,2.0,2.0,29,2.52,2.55821,0.52,0.5582099999999999,29.04
s03-r4-disconnect_trial-2,3,4,disconnect_trial,2.0,4,34.56,36.56,2.0,2.0,37,2.52,2.55782,0.52,0.55782,37.080000000000005
s03-r4-disconnect_trial-2,3,4,disconnect_trial,2.0,5,43.0,45.0,2.0,2.0,45,2.52,2.55859,0.52,0.5585900000000001,45.52
s03-r4-disconnect_trial-2,3,4,disconnect_trial,2.0,6,50.64,52.64,2.0,2.0,53,2.52,2.55789,0.52,0.55789,53.160000000000004
s03-r4-disconnect_trial-2,3,4,disconnect_trial,2.0,7,58.84,60.84,2.0,2.0,61,2.52,2.55894,0.52,0.5589400000000002,61.36000000000001
s03-r4-disconnect_trial-2,3,4,disconnect_trial,2.0,8,66.56,68.56,2.0,2.0,69,2.52,2.55918,0.52,0.55918,69.08
s03-r4-disconnect_trial-2,3,4,disconnect_trial,2.0,9,74.56,76.56,2.0,2.0,77,2.52,2.55923,0.52,0.5592299999999999,77.08
s03-r4-disconnect_trial-2,3,4,disconnect_trial,2.0,10,82.2,84.2,2.0,2.0,84,2.52,2.55823,0.52,0.55823,84.72
s03-r4-disconnect_trial-2,3,4,disconnect_trial,2.0,11,89.76,91.76,2.0,2.0,92,2.52,2.55808,0.52,0.5580799999999999,92.28
s03-r4-disconnect_trial-2,3,4,disconnect_trial,2.0,12,97.68,99.68,2.0,2.0,100,2.52,2.55951,0.52,0.55951,100.2
s03-r4-disconnect_trial-2,3,4,disconnect_trial,2.0,13,105.44,107.44,2.0,2.0,107,2.52,2.56293,0.52,0.5629300000000002,107.96
s03-r4-disconnect_trial-2,3,4,disconnect_trial,2.0,14,113.32,115.32,2.0,2.0,115,2.52,2.55848,0.52,0.5584799999999999,115.83999999999999
s03-r4-disconnect_trial-2,3,4,disconnect_trial,2.0,15,121.8,123.8,2.0,2.0,124,2.52,2.56329,0.52,0.5632899999999998,124.32
s03-r4-disconnect_trial-2,3,4,disconnect_trial,2.0,16,129.8,131.8,2.0,2.0,132,2.52,2.56361,0.52,0.5636100000000002,132.32000000000002
s03-r4-disconnect_trial-2,3,4,disconnect_trial,2.0,17,138.08,140.08,2.0,2.0,140,2.52,2.55863,0.52,0.55863,140.60000000000002
s03-r4-disconnect_trial-2,3,4,disconnect_trial,2.0,18,146.24,148.24,2.0,2.0,148,2.52,2.55915,0.52,0.5591499999999998,148.76000000000002
s03-r4-disconnect_trial-2,3,4,disconnect_trial,2.0,19,154.48,156.48,2.0,2.0,157,2.52,2.56397,0.52,0.5639699999999999,157.0
s03-r4-disconnect_trial-2,3,4,disconnect_trial,2.0,20,162.76,164.76,2.0,2.0,165,2.52,2.55787,0.52,0.5578699999999999,165.28
s03-r4-disconnect_trial-2,3,4,disconnect_trial,2.0,21,171.08,173.08,2.0,2.0,173,2.52,2.55985,0.52,0.55985,173.60000000000002
s03-r4-disconnect_trial-2,3,4,disconnect_trial,2.0,22,178.72,180.72,2.0,2.0,181,2.52,2.55789,0.52,0.55789,181.24
s03-r4-disconnect_trial-2,3,4,disconnect_trial,2.0,23,186.88,188.88,2.0,2.0,189,2.52,2.55845,0.52,0.5584500000000001,189.4
s03-r4-disconnect_trial-2,3,4,disconnect_trial,2.0,24,194.68,196.68,2.0,2.0,197,2.52,2.55777,0.52,0.5577700000000001,197.20000000000002
s03-r4-disconnect_trial-2,3,4,disconnect_trial,2.0,25,202.52,204.52,2.0,2.0,205,2.52,2.55987,0.52,0.5598700000000001,205.04000000000002
s03-r4-disconnect_trial-2,3,4,disconnect_trial,2.0,26,210.92,212.92,2.0,2.0,213,2.52,2.55867,0.52,0.5586700000000002,213.44
s03-r4-disconnect_trial-2,3,4,disconnect_trial,2.0,27,218.96,220.96,2.0,2.0,221,2.52,2.55967,0.52,0.5596700000000001,221.48000000000002
s03-r4-disconnect_trial-2,3,4,disconnect_trial,2.0,28,226.84,228.84,2.0,2.0,229,2.52,2.56319,0.52,0.5631900000000001,229.36
s03-r4-disconnect_trial-2,3,4,disconnect_trial,2.0,29,234.96,236.96,2.0,2.0,237,2.52,2.55962,0.52,0.5596199999999998,237.48000000000002
s03-r4-disconnect_trial-2,3,4,disconnect_trial,2.0,30,243.24,245.24,2.0,2.0,245,2.52,2.56248,0.52,0.5624799999999999,245.76000000000002
s03-r4-disconnect_trial-2,3,4,disconnect_trial,2.0,31,251.68,253.68,2.0,2.0,254,2.52,2.56437,0.52,0.5643699999999998,254.20000000000002
s03-r4-disconnect_trial-2,3,4,disconnect_trial,2.0,32,260.04,262.04,2.0,2.0,262,2.52,2.55755,0.52,0.55755,262.56
s03-r4-disconnect_trial-2,3,4,disconnect_trial,2.0,33,268.4,270.4,2.0,2.0,270,2.52,2.55917,0.52,0.55917,270.91999999999996
s03-r4-disconnect_trial-2,3,4,disconnect_trial,2.0,34,276.56,278.56,2.0,2.0,279,2.52,2.5578,0.52,0.5577999999999999,279.08
s03-r4-disconnect_trial-2,3,4,disconnect_trial,2.0,35,284.84,286.84,2.0,2.0,287,2.52,2.55758,0.52,0.5575800000000002,287.35999999999996
s03-r4-disconnect_trial-2,3,4,disconnect_trial,2.0,36,292.92,294.92,2.0,2.0,295,2.52,2.55869,0.52,0.5586899999999999,295.44
s03-r4-disconnect_trial-2,3,4,disconnect_trial,2.0,37,300.8,302.8,2.0,2.0,303,2.52,2.55842,0.52,0.5584199999999999,303.32
s03-r4-disconnect_trial-2,3,4,disconnect_trial,2.0,38,308.64,310.64,2.0,2.0,311,2.52,2.5574,0.52,0.5573999999999999,311.15999999999997
s03-r4-disconnect_trial-2,3,4,disconnect_trial,2.0,39,316.36,318.36,2.0,2.0,318,2.52,2.55827,0.52,0.5582699999999998,318.88
s03-r4-disconnect_trial-2,3,4,disconnect_trial,2.0,40,324.68,326.68,2.0,2.0,327,2.52,2.55962,0.52,0.5596199999999998,327.2
s03-r4-disconnect_trial-2,3,4,disconnect_trial,2.0,41,332.6,334.6,2.0,2.0,335,2.52,2.55861,0.52,0.5586099999999998,335.12
s03-r4-disconnect_trial-2,3,4,disconnect_trial,2.0,42,340.56,342.56,2.0,2.0,343,2.52,2.55882,0.52,0.5588199999999999,343.08
s03-r4-disconnect_trial-2,3,4,disconnect_trial,2.0,43,349.0,351.0,2.0,2.0,351,2.52,2.55867,0.52,0.5586700000000002,351.52
s03-r4-disconnect_trial-2,3,4,disconnect_trial,2.0,44,356.64,358.64,2.0,2.0,359,2.52,2.55953,0.52,0.5595300000000001,359.15999999999997
s03-r4-disconnect_trial-2,3,4,disconnect_trial,2.0,45,364.36,366.36,2.0,2.0,366,2.52,2.55833,0.52,0.5583300000000002,366.88
s03-r4-disconnect_trial-2,3,4,disconnect_trial,2.0,46,372.8,374.8,2.0,2.0,375,2.52,2.55723,0.52,0.5572300000000001,375.32
s03-r4-disconnect_trial-2,3,4,disconnect_trial,2.0,47,381.04,383.04,2.0,2.0,383,2.52,2.55894,0.52,0.5589400000000002,383.56
s04-r0-disconnect-0.5,4,0,disconnect,0.5,0,41.52,42.04,0.5,0.519999999999996,43,1.52,1.5647,1.000000000000004,1.044700000000004,43.040000000000006
s04-r0-disconnect-0.5,4,0,disconnect,0.5,1,141.32,141.8,0.5,0.4800000000000182,142,1.52,1.55901,1.0399999999999818,1.0790099999999818,142.84
s04-r0-disconnect-0.5,4,0,disconnect,0.5,2,147.52,148.0,0.5,0.47999999999998977,149,1.52,1.56399,1.0400000000000102,1.0839900000000102,149.04000000000002
s04-r0-disconnect-0.5,4,0,disconnect,0.5,3,232.48,233.0,0.5,0.5200000000000102,234,1.52,1.5589,0.9999999999999898,1.0388999999999897,234.0
s04-r0-disconnect-0.5,4,0,disconnect,0.5,4,285.96,286.44,0.5,0.4800000000000182,287,1.52,1.56012,1.0399999999999818,1.0801199999999818,287.47999999999996
s04-r0-disconnect-1,4,0,disconnect,1.0,0,76.8,77.8,1.0,1.0,78,1.52,1.55934,0.52,0.55934,78.32
s04-r0-disconnect-1,4,0,disconnect,1.0,1,121.84,122.84,1.0,1.0,123,1.52,1.55991,0.52,0.5599099999999999,123.36
s04-r0-disconnect-1,4,0,disconnect,1.0,2,236.64,237.64,1.0,1.0,238,1.52,1.55929,0.52,0.5592900000000001,238.16
s04-r0-disconnect-1,4,0,disconnect,1.0,3,288.76,289.76,1.0,1.0,290,1.52,1.55982,0.52,0.55982,290.28
s04-r0-disconnect-1,4,0,disconnect,1.0,4,294.76,295.76,1.0,1.0,296,1.52,1.55928,0.52,0.55928,296.28
s04-r0-disconnect-3,4,0,disconnect,3.0,0,73.04,76.04,3.0,3.0,76,3.52,3.56191,0.52,0.5619100000000001,76.56
s04-r0-disconnect-3,4,0,disconnect,3.0,1,190.0,193.0,3.0,3.0,193,3.52,3.55873,0.52,0.5587300000000002,193.52
s04-r0-disconnect-3,4,0,disconnect,3.0,2,206.88,209.88,3.0,3.0,210,3.52,3.56299,0.52,0.5629900000000001,210.4
s04-r0-disconnect-3,4,0,disconnect,3.0,3,247.92,250.92,3.0,3.0,251,3.52,3.56266,0.52,0.5626600000000002,251.44
s04-r0-disconnect-3,4,0,disconnect,3.0,4,344.6,347.6,3.0,3.0,348,3.52,3.56285,0.52,0.5628500000000001,348.12
s04-r0-disconnect_trial-0.5,4,0,disconnect_trial,0.5,0,3.0,3.52,0.5,0.52,4,1.52,1.56026,1.0,1.04026,4.52
s04-r0-disconnect_trial-0.5,4,0,disconnect_trial,0.5,1,11.04,11.52,0.5,0.4800000000000004,12,1.52,1.56016,1.0399999999999996,1.0801599999999996,12.559999999999999
s04-r0-disconnect_trial-0.5,4,0,disconnect_trial,0.5,2,18.72,19.2,0.5,0.4800000000000004,20,1.52,1.55978,1.0399999999999996,1.0797799999999995,20.24
s04-r0-disconnect_trial-0.5,4,0,disconnect_trial,0.5,3,26.52,27.0,0.5,0.4800000000000004,28,1.52,1.56013,1.0399999999999996,1.0801299999999996,28.04
s04-r0-disconnect_trial-0.5,4,0,disconnect_trial,0.5,4,34.56,35.04,0.5,0.4799999999999969,36,1.52,1.55922,1.0400000000000031,1.0792200000000032,36.080000000000005
s04-r0-disconnect_trial-0.5,4,0,disconnect_trial,0.5,5,43.0,43.48,0.5,0.4799999999999969,44,1.52,1.56014,1.0400000000000031,1.0801400000000032,44.52
s04-r0-disconnect_trial-0.5,4,0,disconnect_trial,0.5,6,50.64,51.16,0.5,0.519999999999996,52,1.52,1.56002,1.000000000000004,1.040020000000004,52.160000000000004
s04-r0-disconnect_trial-0.5,4,0,disconnect_trial,0.5,7,58.84,59.36,0.5,0.519999999999996,60,1.52,1.56072,1.000000000000004,1.040720000000004,60.36000000000001
s04-r0-disconnect_trial-0.5,4,0,disconnect_trial,0.5,8,66.56,67.08,0.5,0.519999999999996,68,1.52,1.55925,1.000000000000004,1.039250000000004,68.08
s04-r0-disconnect_trial-0.5,4,0,disconnect_trial,0.5,9,74.56,75.08,0.5,0.519999999999996,76,1.52,1.55983,1.000000000000004,1.039830000000004,76.08
s04-r0-disconnect_trial-0.5,4,0,disconnect_trial,0.5,10,82.2,82.68,0.5,0.480000000000004,83,1.52,1.55988,1.039999999999996,1.079879999999996,83.72
s04-r0-disconnect_trial-0.5,4,0,disconnect_trial,0.5,11,89.76,90.28,0.5,0.519999999999996,91,1.52,1.55917,1.000000000000004,1.039170000000004,91.28
s04-r0-disconnect_trial-0.5,4,0,disconnect_trial,0.5,12,97.68,98.16,0.5,0.47999999999998977,99,1.52,1.56042,1.0400000000000102,1.0804200000000102,99.2
s04-r0-disconnect_trial-0.5,4,0,disconnect_trial,0.5,13,105.44,105.92,0.5,0.480000000000004,106,1.52,1.55977,1.039999999999996,1.0797699999999961,106.96
s04-r0-disconnect_trial-0.5,4,0,disconnect_trial,0.5,14,113.32,113.8,0.5,0.480000000000004,114,1.52,1.56041,1.039999999999996,1.080409999999996,114.83999999999999
s04-r0-disconnect_trial-0.5,4,0,disconnect_trial,0.5,15,121.8,122.28,0.5,0.480000000000004,123,1.52,1.55986,1.039999999999996,1.079859999999996,123.32
s04-r0-disconnect_trial-0.5,4,0,disconnect_trial,0.5,16,129.8,130.32,0.5,0.5199999999999818,131,1.52,1.55902,1.0000000000000182,1.0390200000000183,131.32000000000002
s04-r0-disconnect_trial-0.5,4,0,disconnect_trial,0.5,17,138.08,138.6,0.5,0.5199999999999818,139,1.52,1.55909,1.0000000000000182,1.0390900000000183,139.60000000000002
s04-r0-disconnect_trial-0.5,4,0,disconnect_trial,0.5,18,146.24,146.72,0.5,0.47999999999998977,147,1.52,1.55933,1.0400000000000102,1.0793300000000103,147.76000000000002
s04-r0-disconnect_trial-0.5,4,0,disconnect_trial,0.5,19,154.48,155.0,0.5,0.5200000000000102,156,1.52,1.55948,0.9999999999999898,1.0394799999999897,156.0
s04-r0-disconnect_trial-0.5,4,0,disconnect_trial,0.5,20,162.76,163.28,0.5,0.5200000000000102,164,1.52,1.55962,0.9999999999999898,1.0396199999999898,164.28
s04-r0-disconnect_trial-0.5,4,0,disconnect_trial,0.5,21,171.08,171.6,0.5,0.5199999999999818,172,1.52,1.56032,1.0000000000000182,1.0403200000000181,172.60000000000002
s04-r0-disconnect_trial-0.5,4,0,disconnect_trial,0.5,22,178.72,179.24,0.5,0.5200000000000102,180,1.52,1.56011,0.9999999999999898,1.0401099999999899,180.24
s04-r0-disconnect_trial-0.5,4,0,disconnect_trial,0.5,23,186.88,187.36,0.5,0.4800000000000182,188,1.52,1.55981,1.0399999999999818,1.0798099999999817,188.4
s04-r0-disconnect_trial-0.5,4,0,disconnect_trial,0.5,24,194.68,195.16,0.5,0.47999999999998977,196,1.52,1.55965,1.0400000000000102,1.0796500000000102,196.20000000000002
s04-r0-disconnect_trial-0.5,4,0,disconnect_trial,0.5,25,202.52,203.0,0.5,0.47999999999998977,204,1.52,1.56013,1.0400000000000102,1.0801300000000102,204.04000000000002
s04-r0-disconnect_trial-0.5,4,0,disconnect_trial,0.5,26,210.92,211.44,0.5,0.5200000000000102,212,1.52,1.55969,0.9999999999999898,1.0396899999999898,212.44
s04-r0-disconnect_trial-0.5,4,0,disconnect_trial,0.5,27,218.96,219.44,0.5,0.47999999999998977,220,1.52,1.55959,1.0400000000000102,1.0795900000000103,220.48000000000002
s04-r0-disconnect_trial-0.5,4,0,disconnect_trial,0.5,28,226.84,227.36,0.5,0.5200000000000102,228,1.52,1.55953,0.9999999999999898,1.0395299999999899,228.36
s04-r0-disconnect_trial-0.5,4,0,disconnect_trial,0.5,29,234.96,235.44,0.5,0.47999999999998977,236,1.52,1.55925,1.0400000000000102,1.0792500000000103,236.48000000000002
s04-r0-disconnect_trial-0.5,4,0,disconnect_trial,0.5,30,243.24,243.72,0.5,0.47999999999998977,244,1.52,1.55987,1.0400000000000102,1.0798700000000103,244.76000000000002
s04-r0-disconnect_trial-0.5,4,0,disconnect_trial,0.5,31,251.68,252.16,0.5,0.47999999999998977,253,1.52,1.56007,1.0400000000000102,1.0800700000000103,253.20000000000002
s04-r0-disconnect_trial-0.5,4,0,disconnect_trial,0.5,32,260.04,260.52,0.5,0.47999999999996135,261,1.52,1.55551,1.0400000000000387,1.0755100000000386,261.56
s04-r0-disconnect_trial-0.5,4,0,disconnect_trial,0.5,33,268.4,268.88,0.5,0.4800000000000182,269,1.52,1.55974,1.0399999999999818,1.0797399999999817,269.91999999999996
s04-r0-disconnect_trial-0.5,4,0,disconnect_trial,0.5,34,276.56,277.08,0.5,0.5199999999999818,278,1.52,1.55982,1.0000000000000182,1.0398200000000182,278.08
s04-r0-disconnect_trial-0.5,4,0,disconnect_trial,0.5,35,284.84,285.32,0.5,0.4800000000000182,286,1.52,1.56488,1.0399999999999818,1.0848799999999819,286.35999999999996
s04-r0-disconnect_trial-0.5,4,0,disconnect_trial,0.5,36,292.92,293.4,0.5,0.47999999999996135,294,1.52,1.56417,1.0400000000000387,1.0841700000000387,294.44
s04-r0-disconnect_trial-0.5,4,0,disconnect_trial,0.5,37,300.8,301.28,0.5,0.47999999999996135,302,1.52,1.56007,1.0400000000000387,1.0800700000000387,302.32
s04-r0-disconnect_trial-0.5,4,0,disconnect_trial,0.5,38,308.64,309.16,0.5,0.5200000000000387,310,1.52,1.56046,0.9999999999999614,1.0404599999999613,310.15999999999997
s04-r0-disconnect_trial-0.5,4,0,disconnect_trial,0.5,39,316.36,316.84,0.5,0.47999999999996135,317,1.52,1.5596,1.0400000000000387,1.0796000000000388,317.88
s04-r0-disconnect_trial-0.5,4,0,disconnect_trial,0.5,40,324.68,325.16,0.5,0.4800000000000182,326,1.52,1.56096,1.0399999999999818,1.0809599999999817,326.2
s04-r0-disconnect_trial-0.5,4,0,disconnect_trial,0.5,41,332.6,333.08,0.5,0.47999999999996135,334,1.52,1.55989,1.0400000000000387,1.0798900000000387,334.12
s04-r0-disconnect_trial-0.5,4,0,disconnect_trial,0.5,42,340.56,341.04,0.5,0.4800000000000182,342,1.52,1.55997,1.0399999999999818,1.0799699999999819,342.08
s04-r0-disconnect_trial-0.5,4,0,disconnect_trial,0.5,43,349.0,349.52,0.5,0.5199999999999818,350,1.52,1.55964,1.0000000000000182,1.039640000000018,350.52
s04-r0-disconnect_trial-0.5,4,0,disconnect_trial,0.5,44,356.64,357.16,0.5,0.5200000000000387,358,1.52,1.55902,0.9999999999999614,1.0390199999999614,358.15999999999997
s04-r0-disconnect_trial-0.5,4,0,disconnect_trial,0.5,45,364.36,364.84,0.5,0.47999999999996135,365,1.52,1.56023,1.0400000000000387,1.0802300000000387,365.88
s04-r0-disconnect_trial-0.5,4,0,disconnect_trial,0.5,46,372.8,373.32,0.5,0.5199999999999818,374,1.52,1.55979,1.0000000000000182,1.0397900000000182,374.32
s04-r0-disconnect_trial-0.5,4,0,disconnect_trial,0.5,47,381.04,381.56,0.5,0.5199999999999818,382,1.52,1.56007,1.0000000000000182,1.0400700000000183,382.56
s04-r0-disconnect_trial-1,4,0,disconnect_trial,1.0,0,3.0,4.0,1.0,1.0,4,1.52,1.55959,0.52,0.55959,4.52
s04-r0-disconnect_trial-1,4,0,disconnect_trial,1.0,1,11.04,12.04,1.0,1.0,12,1.52,1.55965,0.52,0.55965,12.559999999999999
s04-r0-disconnect_trial-1,4,0,disconnect_trial,1.0,2,18.72,19.72,1.0,1.0,20,1.52,1.55968,0.52,0.55968,20.24
s04-r0-disconnect_trial-1,4,0,disconnect_trial,1.0,3,26.52,27.52,1.0,1.0,28,1.52,1.56003,0.52,0.56003,28.04
s04-r0-disconnect_trial-1,4,0,disconnect_trial,1.0,4,34.56,35.56,1.0,1.0,36,1.52,1.5552,0.52,0.5551999999999999,36.080000000000005
s04-r0-disconnect_trial-1,4,0,disconnect_trial,1.0,5,43.0,44.0,1.0,1.0,44,1.52,1.55934,0.52,0.55934,44.52
s04-r0-disconnect_trial-1,4,0,disconnect_trial,1.0,6,50.64,51.64,1.0,1.0,52,1.52,1.55939,0.52,0.55939,52.160000000000004
s04-r0-disconnect_trial-1,4,0,disconnect_trial,1.0,7,58.84,59.84,1.0,1.0,60,1.52,1.56013,0.52,0.56013,60.36000000000001
s04-r0-disconnect_trial-1,4,0,disconnect_trial,1.0,8,66.56,67.56,1.0,1.0,68,1.52,1.55953,0.52,0.5595300000000001,68.08
s04-r0-disconnect_trial-1,4,0,disconnect_trial,1.0,9,74.56,75.56,1.0,1.0,76,1.52,1.55992,0.52,0.55992,76.08
s04-r0-disconnect_trial-1,4,0,disconnect_trial,1.0,10,82.2,83.2,1.0,1.0,83,1.52,1.55927,0.52,0.5592699999999999,83.72
s04-r0-disconnect_trial-1,4,0,disconnect_trial,1.0,11,89.76,90.76,1.0,1.0,91,1.52,1.5589,0.52,0.5589,91.28
s04-r0-disconnect_trial-1,4,0,disconnect_trial,1.0,12,97.68,98.68,1.0,1.0,99,1.52,1.55994,0.52,0.5599400000000001,99.2
s04-r0-disconnect_trial-1,4,0,disconnect_trial,1.0,13,105.44,106.44,1.0,1.0,106,1.52,1.55984,0.52,0.5598399999999999,106.96
s04-r0-disconnect_trial-1,4,0,disconnect_trial,1.0,14,113.32,114.32,1.0,1.0,114,1.52,1.55945,0.52,0.55945,114.83999999999999
s04-r0-disconnect_trial-1,4,0,disconnect_trial,1.0,15,121.8,122.8,1.0,1.0,123,1.52,1.56007,0.52,0.5600700000000001,123.32
s04-r0-disconnect_trial-1,4,0,disconnect_trial,1.0,16,129.8,130.8,1.0,1.0,131,1.52,1.56001,0.52,0.5600099999999999,131.32000000000002
s04-r0-disconnect_trial-1,4,0,disconnect_trial,1.0,17,138.08,139.08,1.0,1.0,139,1.52,1.55938,0.52,0.55938,139.60000000000002
s04-r0-disconnect_trial-1,4,0,disconnect_trial,1.0,18,146.24,147.24,1.0,1.0,147,1.52,1.56004,0.52,0.5600400000000001,147.76000000000002
s04-r0-disconnect_trial-1,4,0,disconnect_trial,1.0,19,154.48,155.48,1.0,1.0,156,1.52,1.55909,0.52,0.5590900000000001,156.0
s04-r0-disconnect_trial-1,4,0,disconnect_trial,1.0,20,162.76,163.76,1.0,1.0,164,1.52,1.56484,0.52,0.56484,164.28
s04-r0-disconnect_trial-1,4,0,disconnect_trial,1.0,21,171.08,172.08,1.0,1.0,172,1.52,1.55988,0.52,0.5598799999999999,172.60000000000002
s04-r0-disconnect_trial-1,4,0,disconnect_trial,1.0,22,178.72,179.72,1.0,1.0,180,1.52,1.5594,0.52,0.5593999999999999,180.24
s04-r0-disconnect_trial-1,4,0,disconnect_trial,1.0,23,186.88,187.88,1.0,1.0,188,1.52,1.55975,0.52,0.55975,188.4
s04-r0-disconnect_trial-1,4,0,disconnect_trial,1.0,24,194.68,195.68,1.0,1.0,196,1.52,1.56435,0.52,0.5643499999999999,196.20000000000002
s04-r0-disconnect_trial-1,4,0,disconnect_trial,1.0,25,202.52,203.52,1.0,1.0,204,1.52,1.55958,0.52,0.55958,204.04000000000002
s04-r0-disconnect_trial-1,4,0,disconnect_trial,1.0,26,210.92,211.92,1.0,1.0,212,1.52,1.56036,0.52,0.56036,212.44
s04-r0-disconnect_trial-1,4,0,disconnect_trial,1.0,27,218.96,219.96,1.0,1.0,220,1.52,1.55901,0.52,0.55901,220.48000000000002
s04-r0-disconnect_trial-1,4,0,disconnect_trial,1.0,28,226.84,227.84,1.0,1.0,228,1.52,1.5642,0.52,0.5642,228.36
s04-r0-disconnect_trial-1,4,0,disconnect_trial,1.0,29,234.96,235.96,1.0,1.0,236,1.52,1.56415,0.52,0.5641499999999999,236.48000000000002
s04-r0-disconnect_trial-1,4,0,disconnect_trial,1.0,30,243.24,244.24,1.0,1.0,244,1.52,1.56038,0.52,0.5603800000000001,244.76000000000002
s04-r0-disconnect_trial-1,4,0,disconnect_trial,1.0,31,251.68,252.68,1.0,1.0,253,1.52,1.56449,0.52,0.5644899999999999,253.20000000000002
s04-r0-disconnect_trial-1,4,0,disconnect_trial,1.0,32,260.04,261.04,1.0,1.0,261,1.52,1.55979,0.52,0.55979,261.56
s04-r0-disconnect_trial-1,4,0,disconnect_trial,1.0,33,268.4,269.4,1.0,1.0,269,1.52,1.5604,0.52,0.5604,269.91999999999996
s04-r0-disconnect_trial-1,4,0,disconnect_trial,1.0,34,276.56,277.56,1.0,1.0,278,1.52,1.55883,0.52,0.5588299999999999,278.08
s04-r0-disconnect_trial-1,4,0,disconnect_trial,1.0,35,284.84,285.84,1.0,1.0,286,1.52,1.55891,0.52,0.55891,286.35999999999996
s04-r0-disconnect_trial-1,4,0,disconnect_trial,1.0,36,292.92,293.92,1.0,1.0,294,1.52,1.55982,0.52,0.55982,294.44
s04-r0-disconnect_trial-1,4,0,disconnect_trial,1.0,37,300.8,301.8,1.0,1.0,302,1.52,1.55965,0.52,0.55965,302.32
s04-r0-disconnect_trial-1,4,0,disconnect_trial,1.0,38,308.64,309.64,1.0,1.0,310,1.52,1.56011,0.52,0.5601100000000001,310.15999999999997
s04-r0-disconnect_trial-1,4,0,disconnect_trial,1.0,39,316.36,317.36,1.0,1.0,317,1.52,1.55964,0.52,0.5596399999999999,317.88
s04-r0-disconnect_trial-1,4,0,disconnect_trial,1.0,40,324.68,325.68,1.0,1.0,326,1.52,1.5601,0.52,0.5601,326.2
s04-r0-disconnect_trial-1,4,0,disconnect_trial,1.0,41,332.6,333.6,1.0,1.0,334,1.52,1.55579,0.52,0.55579,334.12
s04-r0-disconnect_trial-1,4,0,disconnect_trial,1.0,42,340.56,341.56,1.0,1.0,342,1.52,1.55944,0.52,0.5594399999999999,342.08
s04-r0-disconnect_trial-1,4,0,disconnect_trial,1.0,43,349.0,350.0,1.0,1.0,350,1.52,1.56005,0.52,0.5600499999999999,350.52
s04-r0-disconnect_trial-1,4,0,disconnect_trial,1.0,44,356.64,357.64,1.0,1.0,358,1.52,1.55992,0.52,0.55992,358.15999999999997
s04-r0-disconnect_trial-1,4,0,disconnect_trial,1.0,45,364.36,365.36,1.0,1.0,365,1.52,1.55922,0.52,0.55922,365.88
s04-r0-disconnect_trial-1,4,0,disconnect_trial,1.0,46,372.8,373.8,1.0,1.0,374,1.52,1.55981,0.52,0.5598099999999999,374.32
s04-r0-disconnect_trial-1,4,0,disconnect_trial,1.0,47,381.04,382.04,1.0,1.0,382,1.52,1.55969,0.52,0.55969,382.56
s04-r0-disconnect_trial-2,4,0,disconnect_trial,2.0,0,3.0,5.0,2.0,2.0,5,2.52,2.56309,0.52,0.5630899999999999,5.52
s04-r0-disconnect_trial-2,4,0,disconnect_trial,2.0,1,11.04,13.04,2.0,2.0,13,2.52,2.55921,0.52,0.5592100000000002,13.559999999999999
s04-r0-disconnect_trial-2,4,0,disconnect_trial,2.0,2,18.72,20.72,2.0,2.0,21,2.52,2.55873,0.52,0.5587300000000002,21.24
s04-r0-disconnect_trial-2,4,0,disconnect_trial,2.0,3,26.52,28.52,2.0,2.0,29,2.52,2.56348,0.52,0.5634800000000002,29.04
s04-r0-disconnect_trial-2,4,0,disconnect_trial,2.0,4,34.56,36.56,2.0,2.0,37,2.52,2.55776,0.52,0.55776,37.080000000000005
s04-r0-disconnect_trial-2,4,0,disconnect_trial,2.0,5,43.0,45.0,2.0,2.0,45,2.52,2.55901,0.52,0.5590099999999998,45.52
s04-r0-disconnect_trial-2,4,0,disconnect_trial,2.0,6,50.64,52.64,2.0,2.0,53,2.52,2.55882,0.52,0.5588199999999999,53.160000000000004
s04-r0-disconnect_trial-2,4,0,disconnect_trial,2.0,7,58.84,60.84,2.0,2.0,61,2.52,2.55818,0.52,0.5581800000000001,61.36000000000001
s04-r0-disconnect_trial-2,4,0,disconnect_trial,2.0,8,66.56,68.56,2.0,2.0,69,2.52,2.55802,0.52,0.55802,69.08
s04-r0-disconnect_trial-2,4,0,disconnect_trial,2.0,9,74.56,76.56,2.0,2.0,77,2.52,2.56493,0.52,0.5649299999999999,77.08
s04-r0-disconnect_trial-2,4,0,disconnect_trial,2.0,10,82.2,84.2,2.0,2.0,84,2.52,2.56328,0.52,0.5632799999999998,84.72
s04-r0-disconnect_trial-2,4,0,disconnect_trial,2.0,11,89.76,91.76,2.0,2.0,92,2.52,2.55796,0.52,0.55796,92.28
s04-r0-disconnect_trial-2,4,0,disconnect_trial,2.0,12,97.68,99.68,2.0,2.0,100,2.52,2.55843,0.52,0.55843,100.2
s04-r0-disconnect_trial-2,4,0,disconnect_trial,2.0,13,105.44,107.44,2.0,2.0,107,2.52,2.56408,0.52,0.5640800000000001,107.96
s04-r0-disconnect_trial-2,4,0,disconnect_trial,2.0,14,113.32,115.32,2.0,2.0,115,2.52,2.56282,0.52,0.5628199999999999,115.83999999999999
s04-r0-disconnect_trial-2,4,0,disconnect_trial,2.0,15,121.8,123.8,2.0,2.0,124,2.52,2.55878,0.52,0.55878,124.32
s04-r0-disconnect_trial-2,4,0,disconnect_trial,2.0,16,129.8,131.8,2.0,2.0,132,2.52,2.56373,0.52,0.5637300000000001,132.32000000000002
s04-r0-disconnect_trial-2,4,0,disconnect_trial,2.0,17,138.08,140.08,2.0,2.0,140,2.52,2.56333,0.52,0.5633300000000001,140.60000000000002
s04-r0-disconnect_trial-2,4,0,disconnect_trial,2.0,18,146.24,148.24,2.0,2.0,148,2.52,2.55885,0.52,0.5588500000000001,148.76000000000002
s04-r0-disconnect_trial-2,4,0,disconnect_trial,2.0,19,154.48,156.48,2.0,2.0,157,2.52,2.56331,0.52,0.56331,157.0
s04-r0-disconnect_trial-2,4,0,disconnect_trial,2.0,20,162.76,164.76,2.0,2.0,165,2.52,2.55931,0.52,0.55931,165.28
s04-r0-disconnect_trial-2,4,0,disconnect_trial,2.0,21,171.08,173.08,2.0,2.0,173,2.52,2.55844,0.52,0.55844,173.60000000000002
s04-r0-disconnect_trial-2,4,0,disconnect_trial,2.0,22,178.72,180.72,2.0,2.0,181,2.52,2.56326,0.52,0.5632600000000001,181.24
s04-r0-disconnect_trial-2,4,0,disconnect_trial,2.0,23,186.88,188.88,2.0,2.0,189,2.52,2.55822,0.52,0.5582199999999999,189.4
s04-r0-disconnect_trial-2,4,0,disconnect_trial,2.0,24,194.68,196.68,2.0,2.0,197,2.52,2.56308,0.52,0.5630799999999998,197.20000000000002
s04-r0-disconnect_trial-2,4,0,disconnect_trial,2.0,25,202.52,204.52,2.0,2.0,205,2.52,2.56299,0.52,0.5629900000000001,205.04000000000002
s04-r0-disconnect_trial-2,4,0,disconnect_trial,2.0,26,210.92,212.92,2.0,2.0,213,2.52,2.55889,0.52,0.5588899999999999,213.44
s04-r0-disconnect_trial-2,4,0,disconnect_trial,2.0,27,218.96,220.96,2.0,2.0,221,2.52,2.55847,0.52,0.5584699999999998,221.48000000000002
s04-r0-disconnect_trial-2,4,0,disconnect_trial,2.0,28,226.84,228.84,2.0,2.0,229,2.52,2.55927,0.52,0.5592700000000002,229.36
s04-r0-disconnect_trial-2,4,0,disconnect_trial,2.0,29,234.96,236.96,2.0,2.0,237,2.56,2.59848,0.56,0.5984799999999999,237.52
s04-r0-disconnect_trial-2,4,0,disconnect_trial,2.0,30,243.24,245.24,2.0,2.0,245,2.52,2.56406,0.52,0.56406,245.76000000000002
s04-r0-disconnect_trial-2,4,0,disconnect_trial,2.0,31,251.68,253.68,2.0,2.0,254,2.52,2.55973,0.52,0.5597300000000001,254.20000000000002
s04-r0-disconnect_trial-2,4,0,disconnect_trial,2.0,32,260.04,262.04,2.0,2.0,262,2.52,2.55825,0.52,0.5582500000000001,262.56
s04-r0-disconnect_trial-2,4,0,disconnect_trial,2.0,33,268.4,270.4,2.0,2.0,270,2.52,2.55959,0.52,0.55959,270.91999999999996
s04-r0-disconnect_trial-2,4,0,disconnect_trial,2.0,34,276.56,278.56,2.0,2.0,279,2.52,2.55794,0.52,0.5579399999999999,279.08
s04-r0-disconnect_trial-2,4,0,disconnect_trial,2.0,35,284.84,286.84,2.0,2.0,287,2.52,2.5636,0.52,0.5636000000000001,287.35999999999996
s04-r0-disconnect_trial-2,4,0,disconnect_trial,2.0,36,292.92,294.92,2.0,2.0,295,2.52,2.55876,0.52,0.5587599999999999,295.44
s04-r0-disconnect_trial-2,4,0,disconnect_trial,2.0,37,300.8,302.8,2.0,2.0,303,2.52,2.55931,0.52,0.55931,303.32
s04-r0-disconnect_trial-2,4,0,disconnect_trial,2.0,38,308.64,310.64,2.0,2.0,311,2.52,2.55931,0.52,0.55931,311.15999999999997
s04-r0-disconnect_trial-2,4,0,disconnect_trial,2.0,39,316.36,318.36,2.0,2.0,318,2.52,2.56347,0.52,0.5634700000000001,318.88
s04-r0-disconnect_trial-2,4,0,disconnect_trial,2.0,40,324.68,326.68,2.0,2.0,327,2.52,2.55901,0.52,0.5590099999999998,327.2
s04-r0-disconnect_trial-2,4,0,disconnect_trial,2.0,41,332.6,334.6,2.0,2.0,335,2.52,2.5591,0.52,0.5590999999999999,335.12
s04-r0-disconnect_trial-2,4,0,disconnect_trial,2.0,42,340.56,342.56,2.0,2.0,343,2.52,2.5646,0.52,0.5646,343.08
s04-r0-disconnect_trial-2,4,0,disconnect_trial,2.0,43,349.0,351.0,2.0,2.0,351,2.52,2.56349,0.52,0.5634899999999998,351.52
s04-r0-disconnect_trial-2,4,0,disconnect_trial,2.0,44,356.64,358.64,2.0,2.0,359,2.52,2.55987,0.52,0.5598700000000001,359.15999999999997
s04-r0-disconnect_trial-2,4,0,disconnect_trial,2.0,45,364.36,366.36,2.0,2.0,366,2.52,2.55866,0.52,0.5586600000000002,366.88
s04-r0-disconnect_trial-2,4,0,disconnect_trial,2.0,46,372.8,374.8,2.0,2.0,375,2.52,2.56302,0.52,0.5630199999999999,375.32
s04-r0-disconnect_trial-2,4,0,disconnect_trial,2.0,47,381.04,383.04,2.0,2.0,383,2.52,2.56295,0.52,0.5629499999999998,383.56
s04-r1-disconnect-0.5,4,1,disconnect,0.5,0,102.88,103.4,0.5,0.5200000000000102,104,1.52,1.55896,0.9999999999999898,1.0389599999999897,104.39999999999999
s04-r1-disconnect-0.5,4,1,disconnect,0.5,1,144.76,145.28,0.5,0.5200000000000102,146,1.52,1.55983,0.9999999999999898,1.0398299999999898,146.28
s04-r1-disconnect-0.5,4,1,disconnect,0.5,2,210.44,210.96,0.5,0.5200000000000102,211,1.52,1.55987,0.9999999999999898,1.0398699999999899,211.96
s04-r1-disconnect-0.5,4,1,disconnect,0.5,3,269.76,270.28,0.5,0.5199999999999818,271,1.52,1.55944,1.0000000000000182,1.0394400000000181,271.28
s04-r1-disconnect-0.5,4,1,disconnect,0.5,4,290.56,291.04,0.5,0.4800000000000182,292,1.52,1.55729,1.0399999999999818,1.0772899999999819,292.08
s04-r1-disconnect-1,4,1,disconnect,1.0,0,69.6,70.6,1.0,1.0,71,1.52,1.55692,0.52,0.5569200000000001,71.11999999999999
s04-r1-disconnect-1,4,1,disconnect,1.0,1,97.72,98.72,1.0,1.0,99,1.52,1.5598,0.52,0.5598000000000001,99.24
s04-r1-disconnect-1,4,1,disconnect,1.0,2,239.8,240.8,1.0,1.0,241,1.52,1.55891,0.52,0.55891,241.32000000000002
s04-r1-disconnect-1,4,1,disconnect,1.0,3,278.08,279.08,1.0,1.0,279,1.52,1.55941,0.52,0.55941,279.59999999999997
s04-r1-disconnect-1,4,1,disconnect,1.0,4,322.28,323.28,1.0,1.0,323,1.52,1.55962,0.52,0.55962,323.79999999999995
s04-r1-disconnect-3,4,1,disconnect,3.0,0,21.24,24.24,3.0,3.0,24,3.56,3.59836,0.56,0.59836,24.799999999999997
s04-r1-disconnect-3,4,1,disconnect,3.0,1,58.48,61.48,3.0,3.0,62,3.52,3.55993,0.52,0.55993,62.0
s04-r1-disconnect-3,4,1,disconnect,3.0,2,163.32,166.32,3.0,3.0,166,3.52,3.56196,0.52,0.56196,166.84
s04-r1-disconnect-3,4,1,disconnect,3.0,3,299.52,302.52,3.0,3.0,303,3.52,3.56266,0.52,0.5626600000000002,303.03999999999996
s04-r1-disconnect-3,4,1,disconnect,3.0,4,364.92,367.92,3.0,3.0,368,3.52,3.55775,0.52,0.55775,368.44
s04-r1-disconnect_trial-0.5,4,1,disconnect_trial,0.5,0,3.0,3.52,0.5,0.52,4,1.52,1.55972,1.0,1.03972,4.52
s04-r1-disconnect_trial-0.5,4,1,disconnect_trial,0.5,1,11.04,11.52,0.5,0.4800000000000004,12,1.52,1.55891,1.0399999999999996,1.0789099999999996,12.559999999999999
s04-r1-disconnect_trial-0.5,4,1,disconnect_trial,0.5,2,18.72,19.2,0.5,0.4800000000000004,20,1.52,1.5596,1.0399999999999996,1.0795999999999997,20.24
s04-r1-disconnect_trial-0.5,4,1,disconnect_trial,0.5,3,26.52,27.0,0.5,0.4800000000000004,28,1.52,1.55925,1.0399999999999996,1.0792499999999996,28.04
s04-r1-disconnect_trial-0.5,4,1,disconnect_trial,0.5,4,34.56,35.04,0.5,0.4799999999999969,36,1.52,1.55903,1.0400000000000031,1.079030000000003,36.080000000000005
s04-r1-disconnect_trial-0.5,4,1,disconnect_trial,0.5,5,43.0,43.48,0.5,0.4799999999999969,44,1.52,1.56004,1.0400000000000031,1.0800400000000032,44.52
s04-r1-disconnect_trial-0.5,4,1,disconnect_trial,0.5,6,50.64,51.16,0.5,0.519999999999996,52,1.52,1.56028,1.000000000000004,1.0402800000000039,52.160000000000004
s04-r1-disconnect_trial-0.5,4,1,disconnect_trial,0.5,7,58.84,59.36,0.5,0.519999999999996,60,1.52,1.56001,1.000000000000004,1.0400100000000039,60.36000000000001
s04-r1-disconnect_trial-0.5,4,1,disconnect_trial,0.5,8,66.56,67.08,0.5,0.519999999999996,68,1.52,1.55984,1.000000000000004,1.0398400000000039,68.08
s04-r1-disconnect_trial-0.5,4,1,disconnect_trial,0.5,9,74.56,75.08,0.5,0.519999999999996,76,1.52,1.55933,1.000000000000004,1.039330000000004,76.08
s04-r1-disconnect_trial-0.5,4,1,disconnect_trial,0.5,10,82.2,82.68,0.5,0.480000000000004,83,1.52,1.55899,1.039999999999996,1.0789899999999961,83.72
s04-r1-disconnect_trial-0.5,4,1,disconnect_trial,0.5,11,89.76,90.28,0.5,0.519999999999996,91,1.52,1.55935,1.000000000000004,1.039350000000004,91.28
s04-r1-disconnect_trial-0.5,4,1,disconnect_trial,0.5,12,97.68,98.16,0.5,0.47999999999998977,99,1.52,1.56027,1.0400000000000102,1.0802700000000103,99.2
s04-r1-disconnect_trial-0.5,4,1,disconnect_trial,0.5,13,105.44,105.92,0.5,0.480000000000004,106,1.52,1.55929,1.039999999999996,1.079289999999996,106.96
s04-r1-disconnect_trial-0.5,4,1,disconnect_trial,0.5,14,113.32,113.8,0.5,0.480000000000004,114,1.52,1.55925,1.039999999999996,1.079249999999996,114.83999999999999
s04-r1-disconnect_trial-0.5,4,1,disconnect_trial,0.5,15,121.8,122.28,0.5,0.480000000000004,123,1.52,1.5596,1.039999999999996,1.0795999999999961,123.32
s04-r1-disconnect_trial-0.5,4,1,disconnect_trial,0.5,16,129.8,130.32,0.5,0.5199999999999818,131,1.52,1.56368,1.0000000000000182,1.0436800000000181,131.32000000000002
s04-r1-disconnect_trial-0.5,4,1,disconnect_trial,0.5,17,138.08,138.6,0.5,0.5199999999999818,139,1.52,1.55926,1.0000000000000182,1.0392600000000183,139.60000000000002
s04-r1-disconnect_trial-0.5,4,1,disconnect_trial,0.5,18,146.24,146.72,0.5,0.47999999999998977,147,1.52,1.55998,1.0400000000000102,1.0799800000000102,147.76000000000002
s04-r1-disconnect_trial-0.5,4,1,disconnect_trial,0.5,19,154.48,155.0,0.5,0.5200000000000102,156,1.52,1.55941,0.9999999999999898,1.0394099999999897,156.0
s04-r1-disconnect_trial-0.5,4,1,disconnect_trial,0.5,20,162.76,163.28,0.5,0.5200000000000102,164,1.52,1.55888,0.9999999999999898,1.0388799999999898,164.28
s04-r1-disconnect_trial-0.5,4,1,disconnect_trial,0.5,21,171.08,171.6,0.5,0.5199999999999818,172,1.52,1.5596,1.0000000000000182,1.0396000000000183,172.60000000000002
s04-r1-disconnect_trial-0.5,4,1,disconnect_trial,0.5,22,178.72,179.24,0.5,0.5200000000000102,180,1.52,1.55984,0.9999999999999898,1.0398399999999897,180.24
s04-r1-disconnect_trial-0.5,4,1,disconnect_trial,0.5,23,186.88,187.36,0.5,0.4800000000000182,188,1.52,1.56456,1.0399999999999818,1.0845599999999818,188.4
s04-r1-disconnect_trial-0.5,4,1,disconnect_trial,0.5,24,194.68,195.16,0.5,0.47999999999998977,196,1.52,1.56012,1.0400000000000102,1.0801200000000102,196.20000000000002
s04-r1-disconnect_trial-0.5,4,1,disconnect_trial,0.5,25,202.52,203.0,0.5,0.47999999999998977,204,1.52,1.55945,1.0400000000000102,1.0794500000000102,204.04000000000002
s04-r1-disconnect_trial-0.5,4,1,disconnect_trial,0.5,26,210.92,211.44,0.5,0.5200000000000102,212,1.52,1.55971,0.9999999999999898,1.0397099999999897,212.44
s04-r1-disconnect_trial-0.5,4,1,disconnect_trial,0.5,27,218.96,219.44,0.5,0.47999999999998977,220,1.52,1.55945,1.0400000000000102,1.0794500000000102,220.48000000000002
s04-r1-disconnect_trial-0.5,4,1,disconnect_trial,0.5,28,226.84,227.36,0.5,0.5200000000000102,228,1.52,1.55957,0.9999999999999898,1.0395699999999897,228.36
s04-r1-disconnect_trial-0.5,4,1,disconnect_trial,0.5,29,234.96,235.44,0.5,0.47999999999998977,236,1.52,1.55959,1.0400000000000102,1.0795900000000103,236.48000000000002
s04-r1-disconnect_trial-0.5,4,1,disconnect_trial,0.5,30,243.24,243.72,0.5,0.47999999999998977,244,1.52,1.55965,1.0400000000000102,1.0796500000000102,244.76000000000002
s04-r1-disconnect_trial-0.5,4,1,disconnect_trial,0.5,31,251.68,252.16,0.5,0.47999999999998977,253,1.52,1.56402,1.0400000000000102,1.0840200000000102,253.20000000000002
s04-r1-disconnect_trial-0.5,4,1,disconnect_trial,0.5,32,260.04,260.52,0.5,0.47999999999996135,261,1.52,1.56364,1.0400000000000387,1.0836400000000386,261.56
s04-r1-disconnect_trial-0.5,4,1,disconnect_trial,0.5,33,268.4,268.88,0.5,0.4800000000000182,269,1.52,1.55976,1.0399999999999818,1.0797599999999818,269.91999999999996
s04-r1-disconnect_trial-0.5,4,1,disconnect_trial,0.5,34,276.56,277.08,0.5,0.5199999999999818,278,1.52,1.5596,1.0000000000000182,1.0396000000000183,278.08
s04-r1-disconnect_trial-0.5,4,1,disconnect_trial,0.5,35,284.84,285.32,0.5,0.4800000000000182,286,1.52,1.55954,1.0399999999999818,1.0795399999999817,286.35999999999996
s04-r1-disconnect_trial-0.5,4,1,disconnect_trial,0.5,36,292.92,293.4,0.5,0.47999999999996135,294,1.52,1.55992,1.0400000000000387,1.0799200000000386,294.44
s04-r1-disconnect_trial-0.5,4,1,disconnect_trial,0.5,37,300.8,301.28,0.5,0.47999999999996135,302,1.52,1.55959,1.0400000000000387,1.0795900000000387,302.32
s04-r1-disconnect_trial-0.5,4,1,disconnect_trial,0.5,38,308.64,309.16,0.5,0.5200000000000387,310,1.52,1.55976,0.9999999999999614,1.0397599999999614,310.15999999999997
s04-r1-disconnect_trial-0.5,4,1,disconnect_trial,0.5,39,316.36,316.84,0.5,0.47999999999996135,317,1.52,1.56064,1.0400000000000387,1.0806400000000387,317.88
s04-r1-disconnect_trial-0.5,4,1,disconnect_trial,0.5,40,324.68,325.16,0.5,0.4800000000000182,326,1.52,1.55955,1.0399999999999818,1.0795499999999818,326.2
s04-r1-disconnect_trial-0.5,4,1,disconnect_trial,0.5,41,332.6,333.08,0.5,0.47999999999996135,334,1.52,1.55942,1.0400000000000387,1.0794200000000387,334.12
s04-r1-disconnect_trial-0.5,4,1,disconnect_trial,0.5,42,340.56,341.04,0.5,0.4800000000000182,342,1.52,1.5597,1.0399999999999818,1.079699999999982,342.08
s04-r1-disconnect_trial-0.5,4,1,disconnect_trial,0.5,43,349.0,349.52,0.5,0.5199999999999818,350,1.52,1.55912,1.0000000000000182,1.0391200000000183,350.52
s04-r1-disconnect_trial-0.5,4,1,disconnect_trial,0.5,44,356.64,357.16,0.5,0.5200000000000387,358,1.52,1.56018,0.9999999999999614,1.0401799999999612,358.15999999999997
s04-r1-disconnect_trial-0.5,4,1,disconnect_trial,0.5,45,364.36,364.84,0.5,0.47999999999996135,365,1.52,1.55926,1.0400000000000387,1.0792600000000387,365.88
s04-r1-disconnect_trial-0.5,4,1,disconnect_trial,0.5,46,372.8,373.32,0.5,0.5199999999999818,374,1.52,1.55946,1.0000000000000182,1.0394600000000183,374.32
s04-r1-disconnect_trial-0.5,4,1,disconnect_trial,0.5,47,381.04,381.56,0.5,0.5199999999999818,382,1.52,1.55941,1.0000000000000182,1.0394100000000182,382.56
s04-r1-disconnect_trial-1,4,1,disconnect_trial,1.0,0,3.0,4.0,1.0,1.0,4,1.52,1.55973,0.52,0.5597300000000001,4.52
s04-r1-disconnect_trial-1,4,1,disconnect_trial,1.0,1,11.04,12.04,1.0,1.0,12,1.52,1.55942,0.52,0.55942,12.559999999999999
s04-r1-disconnect_trial-1,4,1,disconnect_trial,1.0,2,18.72,19.72,1.0,1.0,20,1.52,1.55988,0.52,0.5598799999999999,20.24
s04-r1-disconnect_trial-1,4,1,disconnect_trial,1.0,3,26.52,27.52,1.0,1.0,28,1.52,1.55981,0.52,0.5598099999999999,28.04
s04-r1-disconnect_trial-1,4,1,disconnect_trial,1.0,4,34.56,35.56,1.0,1.0,36,1.52,1.55936,0.52,0.5593600000000001,36.080000000000005
s04-r1-disconnect_trial-1,4,1,disconnect_trial,1.0,5,43.0,44.0,1.0,1.0,44,1.52,1.5611,0.52,0.5610999999999999,44.52
s04-r1-disconnect_trial-1,4,1,disconnect_trial,1.0,6,50.64,51.64,1.0,1.0,52,1.52,1.55989,0.52,0.55989,52.160000000000004
s04-r1-disconnect_trial-1,4,1,disconnect_trial,1.0,7,58.84,59.84,1.0,1.0,60,1.52,1.55986,0.52,0.55986,60.36000000000001
s04-r1-disconnect_trial-1,4,1,disconnect_trial,1.0,8,66.56,67.56,1.0,1.0,68,1.52,1.55995,0.52,0.55995,68.08
s04-r1-disconnect_trial-1,4,1,disconnect_trial,1.0,9,74.56,75.56,1.0,1.0,76,1.52,1.56025,0.52,0.5602499999999999,76.08
s04-r1-disconnect_trial-1,4,1,disconnect_trial,1.0,10,82.2,83.2,1.0,1.0,83,1.52,1.56012,0.52,0.56012,83.72
s04-r1-disconnect_trial-1,4,1,disconnect_trial,1.0,11,89.76,90.76,1.0,1.0,91,1.52,1.55937,0.52,0.5593699999999999,91.28
s04-r1-disconnect_trial-1,4,1,disconnect_trial,1.0,12,97.68,98.68,1.0,1.0,99,1.52,1.55956,0.52,0.5595600000000001,99.2
s04-r1-disconnect_trial-1,4,1,disconnect_trial,1.0,13,105.44,106.44,1.0,1.0,106,1.52,1.55996,0.52,0.55996,106.96
s04-r1-disconnect_trial-1,4,1,disconnect_trial,1.0,14,113.32,114.32,1.0,1.0,114,1.52,1.56005,0.52,0.5600499999999999,114.83999999999999
s04-r1-disconnect_trial-1,4,1,disconnect_trial,1.0,15,121.8,122.8,1.0,1.0,123,1.52,1.55926,0.52,0.5592600000000001,123.32
s04-r1-disconnect_trial-1,4,1,disconnect_trial,1.0,16,129.8,130.8,1.0,1.0,131,1.52,1.55975,0.52,0.55975,131.32000000000002
s04-r1-disconnect_trial-1,4,1,disconnect_trial,1.0,17,138.08,139.08,1.0,1.0,139,1.52,1.55942,0.52,0.55942,139.60000000000002
s04-r1-disconnect_trial-1,4,1,disconnect_trial,1.0,18,146.24,147.24,1.0,1.0,147,1.52,1.56434,0.52,0.5643400000000001,147.76000000000002
s04-r1-disconnect_trial-1,4,1,disconnect_trial,1.0,19,154.48,155.48,1.0,1.0,156,1.52,1.56021,0.52,0.5602100000000001,156.0
s04-r1-disconnect_trial-1,4,1,disconnect_trial,1.0,20,162.76,163.76,1.0,1.0,164,1.52,1.56033,0.52,0.56033,164.28
s04-r1-disconnect_trial-1,4,1,disconnect_trial,1.0,21,171.08,172.08,1.0,1.0,172,1.52,1.5593,0.52,0.5592999999999999,172.60000000000002
s04-r1-disconnect_trial-1,4,1,disconnect_trial,1.0,22,178.72,179.72,1.0,1.0,180,1.52,1.56021,0.52,0.5602100000000001,180.24
s04-r1-disconnect_trial-1,4,1,disconnect_trial,1.0,23,186.88,187.88,1.0,1.0,188,1.52,1.56467,0.52,0.56467,188.4
s04-r1-disconnect_trial-1,4,1,disconnect_trial,1.0,24,194.68,195.68,1.0,1.0,196,1.52,1.55958,0.52,0.55958,196.20000000000002
s04-r1-disconnect_trial-1,4,1,disconnect_trial,1.0,25,202.52,203.52,1.0,1.0,204,1.52,1.5591,0.52,0.5590999999999999,204.04000000000002
s04-r1-disconnect_trial-1,4,1,disconnect_trial,1.0,26,210.92,211.92,1.0,1.0,212,1.52,1.55976,0.52,0.55976,212.44
s04-r1-disconnect_trial-1,4,1,disconnect_trial,1.0,27,218.96,219.96,1.0,1.0,220,1.52,1.5591,0.52,0.5590999999999999,220.48000000000002
s04-r1-disconnect_trial-1,4,1,disconnect_trial,1.0,28,226.84,227.84,1.0,1.0,228,1.52,1.55962,0.52,0.55962,228.36
s04-r1-disconnect_trial-1,4,1,disconnect_trial,1.0,29,234.96,235.96,1.0,1.0,236,1.52,1.55549,0.52,0.55549,236.48000000000002
s04-r1-disconnect_trial-1,4,1,disconnect_trial,1.0,30,243.24,244.24,1.0,1.0,244,1.52,1.5591,0.52,0.5590999999999999,244.76000000000002
s04-r1-disconnect_trial-1,4,1,disconnect_trial,1.0,31,251.68,252.68,1.0,1.0,253,1.52,1.55522,0.52,0.55522,253.20000000000002
s04-r1-disconnect_trial-1,4,1,disconnect_trial,1.0,32,260.04,261.04,1.0,1.0,261,1.52,1.55961,0.52,0.5596099999999999,261.56
s04-r1-disconnect_trial-1,4,1,disconnect_trial,1.0,33,268.4,269.4,1.0,1.0,269,1.52,1.56003,0.52,0.56003,269.91999999999996
s04-r1-disconnect_trial-1,4,1,disconnect_trial,1.0,34,276.56,277.56,1.0,1.0,278,1.52,1.56089,0.52,0.5608900000000001,278.08
s04-r1-disconnect_trial-1,4,1,disconnect_trial,1.0,35,284.84,285.84,1.0,1.0,286,1.52,1.55896,0.52,0.5589599999999999,286.35999999999996
s04-r1-disconnect_trial-1,4,1,disconnect_trial,1.0,36,292.92,293.92,1.0,1.0,294,1.52,1.56053,0.52,0.56053,294.44
s04-r1-disconnect_trial-1,4,1,disconnect_trial,1.0,37,300.8,301.8,1.0,1.0,302,1.52,1.55914,0.52,0.55914,302.32
s04-r1-disconnect_trial-1,4,1,disconnect_trial,1.0,38,308.64,309.64,1.0,1.0,310,1.52,1.5596,0.52,0.5596000000000001,310.15999999999997
s04-r1-disconnect_trial-1,4,1,disconnect_trial,1.0,39,316.36,317.36,1.0,1.0,317,1.52,1.56004,0.52,0.5600400000000001,317.88
s04-r1-disconnect_trial-1,4,1,disconnect_trial,1.0,40,324.68,325.68,1.0,1.0,326,1.52,1.55997,0.52,0.5599700000000001,326.2
s04-r1-disconnect_trial-1,4,1,disconnect_trial,1.0,41,332.6,333.6,1.0,1.0,334,1.52,1.56065,0.52,0.5606500000000001,334.12
s04-r1-disconnect_trial-1,4,1,disconnect_trial,1.0,42,340.56,341.56,1.0,1.0,342,1.52,1.55956,0.52,0.5595600000000001,342.08
s04-r1-disconnect_trial-1,4,1,disconnect_trial,1.0,43,349.0,350.0,1.0,1.0,350,1.52,1.56041,0.52,0.5604100000000001,350.52
s04-r1-disconnect_trial-1,4,1,disconnect_trial,1.0,44,356.64,357.64,1.0,1.0,358,1.52,1.56033,0.52,0.56033,358.15999999999997
s04-r1-disconnect_trial-1,4,1,disconnect_trial,1.0,45,364.36,365.36,1.0,1.0,365,1.52,1.56026,0.52,0.56026,365.88
s04-r1-disconnect_trial-1,4,1,disconnect_trial,1.0,46,372.8,373.8,1.0,1.0,374,1.52,1.55921,0.52,0.55921,374.32
s04-r1-disconnect_trial-1,4,1,disconnect_trial,1.0,47,381.04,382.04,1.0,1.0,382,1.52,1.56062,0.52,0.5606199999999999,382.56
s04-r1-disconnect_trial-2,4,1,disconnect_trial,2.0,0,3.0,5.0,2.0,2.0,5,2.52,2.55825,0.52,0.5582500000000001,5.52
s04-r1-disconnect_trial-2,4,1,disconnect_trial,2.0,1,11.04,13.04,2.0,2.0,13,2.52,2.55839,0.52,0.5583900000000002,13.559999999999999
s04-r1-disconnect_trial-2,4,1,disconnect_trial,2.0,2,18.72,20.72,2.0,2.0,21,2.52,2.55889,0.52,0.5588899999999999,21.24
s04-r1-disconnect_trial-2,4,1,disconnect_trial,2.0,3,26.52,28.52,2.0,2.0,29,2.52,2.55867,0.52,0.5586700000000002,29.04
s04-r1-disconnect_trial-2,4,1,disconnect_trial,2.0,4,34.56,36.56,2.0,2.0,37,2.52,2.55907,0.52,0.5590700000000002,37.080000000000005
s04-r1-disconnect_trial-2,4,1,disconnect_trial,2.0,5,43.0,45.0,2.0,2.0,45,2.52,2.5591,0.52,0.5590999999999999,45.52
s04-r1-disconnect_trial-2,4,1,disconnect_trial,2.0,6,50.64,52.64,2.0,2.0,53,2.52,2.55938,0.52,0.55938,53.160000000000004
s04-r1-disconnect_trial-2,4,1,disconnect_trial,2.0,7,58.84,60.84,2.0,2.0,61,2.52,2.56431,0.52,0.5643099999999999,61.36000000000001
s04-r1-disconnect_trial-2,4,1,disconnect_trial,2.0,8,66.56,68.56,2.0,2.0,69,2.52,2.55889,0.52,0.5588899999999999,69.08
s04-r1-disconnect_trial-2,4,1,disconnect_trial,2.0,9,74.56,76.56,2.0,2.0,77,2.52,2.56381,0.52,0.5638100000000001,77.08
s04-r1-disconnect_trial-2,4,1,disconnect_trial,2.0,10,82.2,84.2,2.0,2.0,84,2.52,2.55965,0.52,0.55965,84.72
s04-r1-disconnect_trial-2,4,1,disconnect_trial,2.0,11,89.76,91.76,2.0,2.0,92,2.52,2.56016,0.52,0.5601600000000002,92.28
s04-r1-disconnect_trial-2,4,1,disconnect_trial,2.0,12,97.68,99.68,2.0,2.0,100,2.52,2.55847,0.52,0.5584699999999998,100.2
s04-r1-disconnect_trial-2,4,1,disconnect_trial,2.0,13,105.44,107.44,2.0,2.0,107,2.52,2.55869,0.52,0.5586899999999999,107.96
s04-r1-disconnect_trial-2,4,1,disconnect_trial,2.0,14,113.32,115.32,2.0,2.0,115,2.52,2.55761,0.52,0.5576099999999999,115.83999999999999
s04-r1-disconnect_trial-2,4,1,disconnect_trial,2.0,15,121.8,123.8,2.0,2.0,124,2.52,2.5588,0.52,0.5588000000000002,124.32
s04-r1-disconnect_trial-2,4,1,disconnect_trial,2.0,16,129.8,131.8,2.0,2.0,132,2.52,2.559,0.52,0.5590000000000002,132.32000000000002
s04-r1-disconnect_trial-2,4,1,disconnect_trial,2.0,17,138.08,140.08,2.0,2.0,140,2.52,2.55825,0.52,0.5582500000000001,140.60000000000002
s04-r1-disconnect_trial-2,4,1,disconnect_trial,2.0,18,146.24,148.24,2.0,2.0,148,2.52,2.55797,0.52,0.5579700000000001,148.76000000000002
s04-r1-disconnect_trial-2,4,1,disconnect_trial,2.0,19,154.48,156.48,2.0,2.0,157,2.52,2.55914,0.52,0.5591400000000002,157.0
s04-r1-disconnect_trial-2,4,1,disconnect_trial,2.0,20,162.76,164.76,2.0,2.0,165,2.52,2.55875,0.52,0.5587499999999999,165.28
s04-r1-disconnect_trial-2,4,1,disconnect_trial,2.0,21,171.08,173.08,2.0,2.0,173,2.52,2.55871,0.52,0.55871,173.60000000000002
s04-r1-disconnect_trial-2,4,1,disconnect_trial,2.0,22,178.72,180.72,2.0,2.0,181,2.52,2.55836,0.52,0.55836,181.24
s04-r1-disconnect_trial-2,4,1,disconnect_trial,2.0,23,186.88,188.88,2.0,2.0,189,2.52,2.55792,0.52,0.5579200000000002,189.4
s04-r1-disconnect_trial-2,4,1,disconnect_trial,2.0,24,194.68,196.68,2.0,2.0,197,2.52,2.56286,0.52,0.5628600000000001,197.20000000000002
s04-r1-disconnect_trial-2,4,1,disconnect_trial,2.0,25,202.52,204.52,2.0,2.0,205,2.52,2.55853,0.52,0.5585300000000002,205.04000000000002
s04-r1-disconnect_trial-2,4,1,disconnect_trial,2.0,26,210.92,212.92,2.0,2.0,213,2.52,2.56238,0.52,0.5623800000000001,213.44
s04-r1-disconnect_trial-2,4,1,disconnect_trial,2.0,27,218.96,220.96,2.0,2.0,221,2.52,2.5634,0.52,0.5634000000000001,221.48000000000002
s04-r1-disconnect_trial-2,4,1,disconnect_trial,2.0,28,226.84,228.84,2.0,2.0,229,2.52,2.55907,0.52,0.5590700000000002,229.36
s04-r1-disconnect_trial-2,4,1,disconnect_trial,2.0,29,234.96,236.96,2.0,2.0,237,2.52,2.55806,0.52,0.5580599999999998,237.48000000000002
s04-r1-disconnect_trial-2,4,1,disconnect_trial,2.0,30,243.24,245.24,2.0,2.0,245,2.52,2.56286,0.52,0.5628600000000001,245.76000000000002
s04-r1-disconnect_trial-2,4,1,disconnect_trial,2.0,31,251.68,253.68,2.0,2.0,254,2.52,2.55804,0.52,0.5580400000000001,254.20000000000002
s04-r1-disconnect_trial-2,4,1,disconnect_trial,2.0,32,260.04,262.04,2.0,2.0,262,2.52,2.55866,0.52,0.5586600000000002,262.56
s04-r1-disconnect_trial-2,4,1,disconnect_trial,2.0,33,268.4,270.4,2.0,2.0,270,2.52,2.56423,0.52,0.5642299999999998,270.91999999999996
s04-r1-disconnect_trial-2,4,1,disconnect_trial,2.0,34,276.56,278.56,2.0,2.0,279,2.52,2.55861,0.52,0.5586099999999998,279.08
s04-r1-disconnect_trial-2,4,1,disconnect_trial,2.0,35,284.84,286.84,2.0,2.0,287,2.52,2.5577,0.52,0.5577000000000001,287.35999999999996
s04-r1-disconnect_trial-2,4,1,disconnect_trial,2.0,36,292.92,294.92,2.0,2.0,295,2.52,2.55922,0.52,0.5592199999999998,295.44
s04-r1-disconnect_trial-2,4,1,disconnect_trial,2.0,37,300.8,302.8,2.0,2.0,303,2.52,2.55975,0.52,0.5597500000000002,303.32
s04-r1-disconnect_trial-2,4,1,disconnect_trial,2.0,38,308.64,310.64,2.0,2.0,311,2.52,2.55846,0.52,0.5584600000000002,311.15999999999997
s04-r1-disconnect_trial-2,4,1,disconnect_trial,2.0,39,316.36,318.36,2.0,2.0,318,2.52,2.55849,0.52,0.5584899999999999,318.88
s04-r1-disconnect_trial-2,4,1,disconnect_trial,2.0,40,324.68,326.68,2.0,2.0,327,2.52,2.55829,0.52,0.55829,327.2
s04-r1-disconnect_trial-2,4,1,disconnect_trial,2.0,41,332.6,334.6,2.0,2.0,335,2.52,2.56397,0.52,0.5639699999999999,335.12
s04-r1-disconnect_trial-2,4,1,disconnect_trial,2.0,42,340.56,342.56,2.0,2.0,343,2.52,2.55906,0.52,0.5590600000000001,343.08
s04-r1-disconnect_trial-2,4,1,disconnect_trial,2.0,43,349.0,351.0,2.0,2.0,351,2.52,2.56395,0.52,0.5639500000000002,351.52
s04-r1-disconnect_trial-2,4,1,disconnect_trial,2.0,44,356.64,358.64,2.0,2.0,359,2.52,2.55842,0.52,0.5584199999999999,359.15999999999997
s04-r1-disconnect_trial-2,4,1,disconnect_trial,2.0,45,364.36,366.36,2.0,2.0,366,2.52,2.55948,0.52,0.5594800000000002,366.88
s04-r1-disconnect_trial-2,4,1,disconnect_trial,2.0,46,372.8,374.8,2.0,2.0,375,2.52,2.5593,0.52,0.5592999999999999,375.32
s04-r1-disconnect_trial-2,4,1,disconnect_trial,2.0,47,381.04,383.04,2.0,2.0,383,2.52,2.55909,0.52,0.5590899999999999,383.56
s04-r2-disconnect-0.5,4,2,disconnect,0.5,0,76.36,76.88,0.5,0.519999999999996,77,1.52,1.55991,1.000000000000004,1.0399100000000039,77.88
s04-r2-disconnect-0.5,4,2,disconnect,0.5,1,128.76,129.24,0.5,0.4800000000000182,130,1.52,1.5596,1.0399999999999818,1.079599999999982,130.28
s04-r2-disconnect-0.5,4,2,disconnect,0.5,2,279.48,279.96,0.5,0.47999999999996135,281,1.52,1.55912,1.0400000000000387,1.0791200000000387,281.0
s04-r2-disconnect-0.5,4,2,disconnect,0.5,3,345.44,345.96,0.5,0.5199999999999818,346,1.52,1.55992,1.0000000000000182,1.0399200000000182,346.96
s04-r2-disconnect-0.5,4,2,disconnect,0.5,4,350.96,351.44,0.5,0.4800000000000182,352,1.52,1.55901,1.0399999999999818,1.0790099999999818,352.47999999999996
s04-r2-disconnect-1,4,2,disconnect,1.0,0,88.68,89.68,1.0,1.0,90,1.52,1.55961,0.52,0.5596099999999999,90.2
s04-r2-disconnect-1,4,2,disconnect,1.0,1,102.08,103.08,1.0,1.0,103,1.52,1.55929,0.52,0.5592900000000001,103.6
s04-r2-disconnect-1,4,2,disconnect,1.0,2,168.8,169.8,1.0,1.0,170,1.52,1.56009,0.52,0.56009,170.32000000000002
s04-r2-disconnect-1,4,2,disconnect,1.0,3,255.28,256.28,1.0000000000000284,0.9999999999999716,256,1.52,1.56044,0.5200000000000284,0.5604400000000285,256.8
s04-r2-disconnect-1,4,2,disconnect,1.0,4,315.8,316.8,1.0,1.0,317,1.52,1.55996,0.52,0.55996,317.32
s04-r2-disconnect-3,4,2,disconnect,3.0,0,64.56,67.56,3.0,3.0,68,3.52,3.55749,0.52,0.55749,68.08
s04-r2-disconnect-3,4,2,disconnect,3.0,1,92.24,95.24,3.0,3.0,95,3.52,3.56281,0.52,0.5628099999999998,95.75999999999999
s04-r2-disconnect-3,4,2,disconnect,3.0,2,141.88,144.88,3.0,3.0,145,3.52,3.55806,0.52,0.5580599999999998,145.4
s04-r2-disconnect-3,4,2,disconnect,3.0,3,239.36,242.36,3.0,3.0,242,3.52,3.55792,0.52,0.5579200000000002,242.88000000000002
s04-r2-disconnect-3,4,2,disconnect,3.0,4,310.76,313.76,3.0,3.0,314,3.52,3.5573,0.52,0.5573000000000001,314.28
s04-r2-disconnect_trial-0.5,4,2,disconnect_trial,0.5,0,3.0,3.52,0.5,0.52,4,1.52,1.56011,1.0,1.04011,4.52
s04-r2-disconnect_trial-0.5,4,2,disconnect_trial,0.5,1,11.04,11.52,0.5,0.4800000000000004,12,1.52,1.55993,1.0399999999999996,1.0799299999999996,12.559999999999999
s04-r2-disconnect_trial-0.5,4,2,disconnect_trial,0.5,2,18.72,19.2,0.5,0.4800000000000004,20,1.52,1.56417,1.0399999999999996,1.0841699999999996,20.24
s04-r2-disconnect_trial-0.5,4,2,disconnect_trial,0.5,3,26.52,27.0,0.5,0.4800000000000004,28,1.52,1.55951,1.0399999999999996,1.0795099999999995,28.04
s04-r2-disconnect_trial-0.5,4,2,disconnect_trial,0.5,4,34.56,35.04,0.5,0.4799999999999969,36,1.52,1.55992,1.0400000000000031,1.079920000000003,36.080000000000005
s04-r2-disconnect_trial-0.5,4,2,disconnect_trial,0.5,5,43.0,43.48,0.5,0.4799999999999969,44,1.52,1.5598,1.0400000000000031,1.0798000000000032,44.52
s04-r2-disconnect_trial-0.5,4,2,disconnect_trial,0.5,6,50.64,51.16,0.5,0.519999999999996,52,1.52,1.55989,1.000000000000004,1.039890000000004,52.160000000000004
s04-r2-disconnect_trial-0.5,4,2,disconnect_trial,0.5,7,58.84,59.36,0.5,0.519999999999996,60,1.52,1.55866,1.000000000000004,1.038660000000004,60.36000000000001
s04-r2-disconnect_trial-0.5,4,2,disconnect_trial,0.5,8,66.56,67.08,0.5,0.519999999999996,68,1.52,1.55942,1.000000000000004,1.039420000000004,68.08
s04-r2-disconnect_trial-0.5,4,2,disconnect_trial,0.5,9,74.56,75.08,0.5,0.519999999999996,76,1.52,1.55961,1.000000000000004,1.039610000000004,76.08
s04-r2-disconnect_trial-0.5,4,2,disconnect_trial,0.5,10,82.2,82.68,0.5,0.480000000000004,83,1.52,1.55919,1.039999999999996,1.079189999999996,83.72
s04-r2-disconnect_trial-0.5,4,2,disconnect_trial,0.5,11,89.76,90.28,0.5,0.519999999999996,91,1.52,1.55966,1.000000000000004,1.039660000000004,91.28
s04-r2-disconnect_trial-0.5,4,2,disconnect_trial,0.5,12,97.68,98.16,0.5,0.47999999999998977,99,1.52,1.55988,1.0400000000000102,1.0798800000000102,99.2
s04-r2-disconnect_trial-0.5,4,2,disconnect_trial,0.5,13,105.44,105.92,0.5,0.480000000000004,106,1.52,1.56011,1.039999999999996,1.0801099999999961,106.96
s04-r2-disconnect_trial-0.5,4,2,disconnect_trial,0.5,14,113.32,113.8,0.5,0.480000000000004,114,1.52,1.56015,1.039999999999996,1.080149999999996,114.83999999999999
s04-r2-disconnect_trial-0.5,4,2,disconnect_trial,0.5,15,121.8,122.28,0.5,0.480000000000004,123,1.52,1.56027,1.039999999999996,1.080269999999996,123.32
s04-r2-disconnect_trial-0.5,4,2,disconnect_trial,0.5,16,129.8,130.32,0.5,0.5199999999999818,131,1.52,1.56052,1.0000000000000182,1.040520000000018,131.32000000000002
s04-r2-disconnect_trial-0.5,4,2,disconnect_trial,0.5,17,138.08,138.6,0.5,0.5199999999999818,139,1.52,1.55938,1.0000000000000182,1.0393800000000182,139.60000000000002
s04-r2-disconnect_trial-0.5,4,2,disconnect_trial,0.5,18,146.24,146.72,0.5,0.47999999999998977,147,1.52,1.56026,1.0400000000000102,1.0802600000000102,147.76000000000002
s04-r2-disconnect_trial-0.5,4,2,disconnect_trial,0.5,19,154.48,155.0,0.5,0.5200000000000102,156,1.52,1.55918,0.9999999999999898,1.0391799999999898,156.0
s04-r2-disconnect_trial-0.5,4,2,disconnect_trial,0.5,20,162.76,163.28,0.5,0.5200000000000102,164,1.52,1.55975,0.9999999999999898,1.0397499999999897,164.28
s04-r2-disconnect_trial-0.5,4,2,disconnect_trial,0.5,21,171.08,171.6,0.5,0.5199999999999818,172,1.52,1.56022,1.0000000000000182,1.0402200000000181,172.60000000000002
s04-r2-disconnect_trial-0.5,4,2,disconnect_trial,0.5,22,178.72,179.24,0.5,0.5200000000000102,180,1.52,1.55902,0.9999999999999898,1.0390199999999898,180.24
s04-r2-disconnect_trial-0.5,4,2,disconnect_trial,0.5,23,186.88,187.36,0.5,0.4800000000000182,188,1.52,1.55937,1.0399999999999818,1.0793699999999817,188.4
s04-r2-disconnect_trial-0.5,4,2,disconnect_trial,0.5,24,194.68,195.16,0.5,0.47999999999998977,196,1.52,1.55911,1.0400000000000102,1.0791100000000102,196.20000000000002
s04-r2-disconnect_trial-0.5,4,2,disconnect_trial,0.5,25,202.52,203.0,0.5,0.47999999999998977,204,1.52,1.55922,1.0400000000000102,1.0792200000000103,204.04000000000002
s04-r2-disconnect_trial-0.5,4,2,disconnect_trial,0.5,26,210.92,211.44,0.5,0.5200000000000102,212,1.52,1.55927,0.9999999999999898,1.0392699999999897,212.44
s04-r2-disconnect_trial-0.5,4,2,disconnect_trial,0.5,27,218.96,219.44,0.5,0.47999999999998977,220,1.52,1.56009,1.0400000000000102,1.0800900000000102,220.48000000000002
s04-r2-disconnect_trial-0.5,4,2,disconnect_trial,0.5,28,226.84,227.36,0.5,0.5200000000000102,228,1.52,1.55988,0.9999999999999898,1.0398799999999897,228.36
s04-r2-disconnect_trial-0.5,4,2,disconnect_trial,0.5,29,234.96,235.44,0.5,0.47999999999998977,236,1.52,1.55998,1.0400000000000102,1.0799800000000102,236.48000000000002
s04-r2-disconnect_trial-0.5,4,2,disconnect_trial,0.5,30,243.24,243.72,0.5,0.47999999999998977,244,1.52,1.55959,1.0400000000000102,1.0795900000000103,244.76000000000002
s04-r2-disconnect_trial-0.5,4,2,disconnect_trial,0.5,31,251.68,252.16,0.5,0.47999999999998977,253,1.52,1.56489,1.0400000000000102,1.0848900000000101,253.20000000000002
s04-r2-disconnect_trial-0.5,4,2,disconnect_trial,0.5,32,260.04,260.52,0.5,0.47999999999996135,261,1.52,1.55994,1.0400000000000387,1.0799400000000388,261.56
s04-r2-disconnect_trial-0.5,4,2,disconnect_trial,0.5,33,268.4,268.88,0.5,0.4800000000000182,269,1.52,1.55865,1.0399999999999818,1.078649999999982,269.91999999999996
s04-r2-disconnect_trial-0.5,4,2,disconnect_trial,0.5,34,276.56,277.08,0.5,0.5199999999999818,278,1.52,1.56006,1.0000000000000182,1.0400600000000182,278.08
s04-r2-disconnect_trial-0.5,4,2,disconnect_trial,0.5,35,284.84,285.32,0.5,0.4800000000000182,286,1.52,1.55954,1.0399999999999818,1.0795399999999817,286.35999999999996
s04-r2-disconnect_trial-0.5,4,2,disconnect_trial,0.5,36,292.92,293.4,0.5,0.47999999999996135,294,1.52,1.56042,1.0400000000000387,1.0804200000000386,294.44
s04-r2-disconnect_trial-0.5,4,2,disconnect_trial,0.5,37,300.8,301.28,0.5,0.47999999999996135,302,1.52,1.56041,1.0400000000000387,1.0804100000000387,302.32
s04-r2-disconnect_trial-0.5,4,2,disconnect_trial,0.5,38,308.64,309.16,0.5,0.5200000000000387,310,1.52,1.55999,0.9999999999999614,1.0399899999999613,310.15999999999997
s04-r2-disconnect_trial-0.5,4,2,disconnect_trial,0.5,39,316.36,316.84,0.5,0.47999999999996135,317,1.52,1.56005,1.0400000000000387,1.0800500000000386,317.88
s04-r2-disconnect_trial-0.5,4,2,disconnect_trial,0.5,40,324.68,325.16,0.5,0.4800000000000182,326,1.52,1.56443,1.0399999999999818,1.0844299999999818,326.2
s04-r2-disconnect_trial-0.5,4,2,disconnect_trial,0.5,41,332.6,333.08,0.5,0.47999999999996135,334,1.52,1.56016,1.0400000000000387,1.0801600000000386,334.12
s04-r2-disconnect_trial-0.5,4,2,disconnect_trial,0.5,42,340.56,341.04,0.5,0.4800000000000182,342,1.52,1.55959,1.0399999999999818,1.0795899999999818,342.08
s04-r2-disconnect_trial-0.5,4,2,disconnect_trial,0.5,43,349.0,349.52,0.5,0.5199999999999818,350,1.52,1.55976,1.0000000000000182,1.0397600000000182,350.52
s04-r2-disconnect_trial-0.5,4,2,disconnect_trial,0.5,44,356.64,357.16,0.5,0.5200000000000387,358,1.52,1.55934,0.9999999999999614,1.0393399999999613,358.15999999999997
s04-r2-disconnect_trial-0.5,4,2,disconnect_trial,0.5,45,364.36,364.84,0.5,0.47999999999996135,365,1.52,1.55985,1.0400000000000387,1.0798500000000386,365.88
s04-r2-disconnect_trial-0.5,4,2,disconnect_trial,0.5,46,372.8,373.32,0.5,0.5199999999999818,374,1.52,1.55937,1.0000000000000182,1.0393700000000181,374.32
s04-r2-disconnect_trial-0.5,4,2,disconnect_trial,0.5,47,381.04,381.56,0.5,0.5199999999999818,382,1.52,1.56097,1.0000000000000182,1.0409700000000182,382.56
s04-r2-disconnect_trial-1,4,2,disconnect_trial,1.0,0,3.0,4.0,1.0,1.0,4,1.52,1.55868,0.52,0.5586800000000001,4.52
s04-r2-disconnect_trial-1,4,2,disconnect_trial,1.0,1,11.04,12.04,1.0,1.0,12,1.52,1.55952,0.52,0.55952,12.559999999999999
s04-r2-disconnect_trial-1,4,2,disconnect_trial,1.0,2,18.72,19.72,1.0,1.0,20,1.52,1.55553,0.52,0.5555300000000001,20.24
s04-r2-disconnect_trial-1,4,2,disconnect_trial,1.0,3,26.52,27.52,1.0,1.0,28,1.52,1.5601,0.52,0.5601,28.04
s04-r2-disconnect_trial-1,4,2,disconnect_trial,1.0,4,34.56,35.56,1.0,1.0,36,1.52,1.55995,0.52,0.55995,36.080000000000005
s04-r2-disconnect_trial-1,4,2,disconnect_trial,1.0,5,43.0,44.0,1.0,1.0,44,1.52,1.55989,0.52,0.55989,44.52
s04-r2-disconnect_trial-1,4,2,disconnect_trial,1.0,6,50.64,51.64,1.0,1.0,52,1.52,1.55974,0.52,0.5597399999999999,52.160000000000004
s04-r2-disconnect_trial-1,4,2,disconnect_trial,1.0,7,58.84,59.84,1.0,1.0,60,1.52,1.55921,0.52,0.55921,60.36000000000001
s04-r2-disconnect_trial-1,4,2,disconnect_trial,1.0,8,66.56,67.56,1.0,1.0,68,1.52,1.56451,0.52,0.5645100000000001,68.08
s04-r2-disconnect_trial-1,4,2,disconnect_trial,1.0,9,74.56,75.56,1.0,1.0,76,1.52,1.55916,0.52,0.5591600000000001,76.08
s04-r2-disconnect_trial-1,4,2,disconnect_trial,1.0,10,82.2,83.2,1.0,1.0,83,1.52,1.55976,0.52,0.55976,83.72
s04-r2-disconnect_trial-1,4,2,disconnect_trial,1.0,11,89.76,90.76,1.0,1.0,91,1.52,1.55877,0.52,0.55877,91.28
s04-r2-disconnect_trial-1,4,2,disconnect_trial,1.0,12,97.68,98.68,1.0,1.0,99,1.52,1.56481,0.52,0.56481,99.2
s04-r2-disconnect_trial-1,4,2,disconnect_trial,1.0,13,105.44,106.44,1.0,1.0,106,1.52,1.55919,0.52,0.5591900000000001,106.96
s04-r2-disconnect_trial-1,4,2,disconnect_trial,1.0,14,113.32,114.32,1.0,1.0,114,1.52,1.56019,0.52,0.56019,114.83999999999999
s04-r2-disconnect_trial-1,4,2,disconnect_trial,1.0,15,121.8,122.8,1.0,1.0,123,1.52,1.56007,0.52,0.5600700000000001,123.32
s04-r2-disconnect_trial-1,4,2,disconnect_trial,1.0,16,129.8,130.8,1.0,1.0,131,1.52,1.55964,0.52,0.5596399999999999,131.32000000000002
s04-r2-disconnect_trial-1,4,2,disconnect_trial,1.0,17,138.08,139.08,1.0,1.0,139,1.52,1.55901,0.52,0.55901,139.60000000000002
s04-r2-disconnect_trial-1,4,2,disconnect_trial,1.0,18,146.24,147.24,1.0,1.0,147,1.52,1.55997,0.52,0.5599700000000001,147.76000000000002
s04-r2-disconnect_trial-1,4,2,disconnect_trial,1.0,19,154.48,155.48,1.0,1.0,156,1.52,1.55939,0.52,0.55939,156.0
s04-r2-disconnect_trial-1,4,2,disconnect_trial,1.0,20,162.76,163.76,1.0,1.0,164,1.52,1.56419,0.52,0.56419,164.28
s04-r2-disconnect_trial-1,4,2,disconnect_trial,1.0,21,171.08,172.08,1.0,1.0,172,1.52,1.55882,0.52,0.5588200000000001,172.60000000000002
s04-r2-disconnect_trial-1,4,2,disconnect_trial,1.0,22,178.72,179.72,1.0,1.0,180,1.52,1.55933,0.52,0.5593300000000001,180.24
s04-r2-disconnect_trial-1,4,2,disconnect_trial,1.0,23,186.88,187.88,1.0,1.0,188,1.52,1.55934,0.52,0.55934,188.4
s04-r2-disconnect_trial-1,4,2,disconnect_trial,1.0,24,194.68,195.68,1.0,1.0,196,1.52,1.55928,0.52,0.55928,196.20000000000002
s04-r2-disconnect_trial-1,4,2,disconnect_trial,1.0,25,202.52,203.52,1.0,1.0,204,1.52,1.55921,0.52,0.55921,204.04000000000002
s04-r2-disconnect_trial-1,4,2,disconnect_trial,1.0,26,210.92,211.92,1.0,1.0,212,1.52,1.56008,0.52,0.5600799999999999,212.44
s04-r2-disconnect_trial-1,4,2,disconnect_trial,1.0,27,218.96,219.96,1.0,1.0,220,1.52,1.56006,0.52,0.56006,220.48000000000002
s04-r2-disconnect_trial-1,4,2,disconnect_trial,1.0,28,226.84,227.84,1.0,1.0,228,1.52,1.55948,0.52,0.55948,228.36
s04-r2-disconnect_trial-1,4,2,disconnect_trial,1.0,29,234.96,235.96,1.0,1.0,236,1.52,1.56016,0.52,0.56016,236.48000000000002
s04-r2-disconnect_trial-1,4,2,disconnect_trial,1.0,30,243.24,244.24,1.0,1.0,244,1.52,1.55931,0.52,0.55931,244.76000000000002
s04-r2-disconnect_trial-1,4,2,disconnect_trial,1.0,31,251.68,252.68,1.0,1.0,253,1.52,1.55971,0.52,0.5597099999999999,253.20000000000002
s04-r2-disconnect_trial-1,4,2,disconnect_trial,1.0,32,260.04,261.04,1.0,1.0,261,1.52,1.55968,0.52,0.55968,261.56
s04-r2-disconnect_trial-1,4,2,disconnect_trial,1.0,33,268.4,269.4,1.0,1.0,269,1.52,1.55929,0.52,0.5592900000000001,269.91999999999996
s04-r2-disconnect_trial-1,4,2,disconnect_trial,1.0,34,276.56,277.56,1.0,1.0,278,1.52,1.55884,0.52,0.55884,278.08
s04-r2-disconnect_trial-1,4,2,disconnect_trial,1.0,35,284.84,285.84,1.0,1.0,286,1.52,1.55922,0.52,0.55922,286.35999999999996
s04-r2-disconnect_trial-1,4,2,disconnect_trial,1.0,36,292.92,293.92,1.0,1.0,294,1.52,1.56042,0.52,0.5604199999999999,294.44
s04-r2-disconnect_trial-1,4,2,disconnect_trial,1.0,37,300.8,301.8,1.0,1.0,302,1.52,1.55969,0.52,0.55969,302.32
s04-r2-disconnect_trial-1,4,2,disconnect_trial,1.0,38,308.64,309.64,1.0,1.0,310,1.52,1.55948,0.52,0.55948,310.15999999999997
s04-r2-disconnect_trial-1,4,2,disconnect_trial,1.0,39,316.36,317.36,1.0,1.0,317,1.52,1.56011,0.52,0.5601100000000001,317.88
s04-r2-disconnect_trial-1,4,2,disconnect_trial,1.0,40,324.68,325.68,1.0,1.0,326,1.52,1.55987,0.52,0.5598700000000001,326.2
s04-r2-disconnect_trial-1,4,2,disconnect_trial,1.0,41,332.6,333.6,1.0,1.0,334,1.52,1.55971,0.52,0.5597099999999999,334.12
s04-r2-disconnect_trial-1,4,2,disconnect_trial,1.0,42,340.56,341.56,1.0,1.0,342,1.52,1.56005,0.52,0.5600499999999999,342.08
s04-r2-disconnect_trial-1,4,2,disconnect_trial,1.0,43,349.0,350.0,1.0,1.0,350,1.52,1.55978,0.52,0.5597799999999999,350.52
s04-r2-disconnect_trial-1,4,2,disconnect_trial,1.0,44,356.64,357.64,1.0,1.0,358,1.52,1.55932,0.52,0.55932,358.15999999999997
s04-r2-disconnect_trial-1,4,2,disconnect_trial,1.0,45,364.36,365.36,1.0,1.0,365,1.52,1.55957,0.52,0.5595699999999999,365.88
s04-r2-disconnect_trial-1,4,2,disconnect_trial,1.0,46,372.8,373.8,1.0,1.0,374,1.52,1.55874,0.52,0.55874,374.32
s04-r2-disconnect_trial-1,4,2,disconnect_trial,1.0,47,381.04,382.04,1.0,1.0,382,1.52,1.55922,0.52,0.55922,382.56
s04-r2-disconnect_trial-2,4,2,disconnect_trial,2.0,0,3.0,5.0,2.0,2.0,5,2.52,2.56301,0.52,0.5630099999999998,5.52
s04-r2-disconnect_trial-2,4,2,disconnect_trial,2.0,1,11.04,13.04,2.0,2.0,13,2.52,2.55828,0.52,0.5582799999999999,13.559999999999999
s04-r2-disconnect_trial-2,4,2,disconnect_trial,2.0,2,18.72,20.72,2.0,2.0,21,2.52,2.56312,0.52,0.5631200000000001,21.24
s04-r2-disconnect_trial-2,4,2,disconnect_trial,2.0,3,26.52,28.52,2.0,2.0,29,2.52,2.55923,0.52,0.5592299999999999,29.04
s04-r2-disconnect_trial-2,4,2,disconnect_trial,2.0,4,34.56,36.56,2.0,2.0,37,2.52,2.55811,0.52,0.5581100000000001,37.080000000000005
s04-r2-disconnect_trial-2,4,2,disconnect_trial,2.0,5,43.0,45.0,2.0,2.0,45,2.52,2.55911,0.52,0.55911,45.52
s04-r2-disconnect_trial-2,4,2,disconnect_trial,2.0,6,50.64,52.64,2.0,2.0,53,2.52,2.55917,0.52,0.55917,53.160000000000004
s04-r2-disconnect_trial-2,4,2,disconnect_trial,2.0,7,58.84,60.84,2.0,2.0,61,2.52,2.56329,0.52,0.5632899999999998,61.36000000000001
s04-r2-disconnect_trial-2,4,2,disconnect_trial,2.0,8,66.56,68.56,2.0,2.0,69,2.52,2.55827,0.52,0.5582699999999998,69.08
s04-r2-disconnect_trial-2,4,2,disconnect_trial,2.0,9,74.56,76.56,2.0,2.0,77,2.52,2.56464,0.52,0.5646399999999998,77.08
s04-r2-disconnect_trial-2,4,2,disconnect_trial,2.0,10,82.2,84.2,2.0,2.0,84,2.52,2.5589,0.52,0.5589,84.72
s04-r2-disconnect_trial-2,4,2,disconnect_trial,2.0,11,89.76,91.76,2.0,2.0,92,2.52,2.56328,0.52,0.5632799999999998,92.28
s04-r2-disconnect_trial-2,4,2,disconnect_trial,2.0,12,97.68,99.68,2.0,2.0,100,2.52,2.55841,0.52,0.5584099999999999,100.2
s04-r2-disconnect_trial-2,4,2,disconnect_trial,2.0,13,105.44,107.44,2.0,2.0,107,2.52,2.55839,0.52,0.5583900000000002,107.96
s04-r2-disconnect_trial-2,4,2,disconnect_trial,2.0,14,113.32,115.32,2.0,2.0,115,2.52,2.55881,0.52,0.5588099999999998,115.83999999999999
s04-r2-disconnect_trial-2,4,2,disconnect_trial,2.0,15,121.8,123.8,2.0,2.0,124,2.52,2.55976,0.52,0.5597599999999998,124.32
s04-r2-disconnect_trial-2,4,2,disconnect_trial,2.0,16,129.8,131.8,2.0,2.0,132,2.52,2.56339,0.52,0.5633900000000001,132.32000000000002
s04-r2-disconnect_trial-2,4,2,disconnect_trial,2.0,17,138.08,140.08,2.0,2.0,140,2.52,2.55909,0.52,0.5590899999999999,140.60000000000002
s04-r2-disconnect_trial-2,4,2,disconnect_trial,2.0,18,146.24,148.24,2.0,2.0,148,2.52,2.55849,0.52,0.5584899999999999,148.76000000000002
s04-r2-disconnect_trial-2,4,2,disconnect_trial,2.0,19,154.48,156.48,2.0,2.0,157,2.52,2.55902,0.52,0.5590199999999999,157.0
s04-r2-disconnect_trial-2,4,2,disconnect_trial,2.0,20,162.76,164.76,2.0,2.0,165,2.52,2.55826,0.52,0.5582600000000002,165.28
s04-r2-disconnect_trial-2,4,2,disconnect_trial,2.0,21,171.08,173.08,2.0,2.0,173,2.52,2.56319,0.52,0.5631900000000001,173.60000000000002
s04-r2-disconnect_trial-2,4,2,disconnect_trial,2.0,22,178.72,180.72,2.0,2.0,181,2.52,2.56264,0.52,0.56264,181.24
s04-r2-disconnect_trial-2,4,2,disconnect_trial,2.0,23,186.88,188.88,2.0,2.0,189,2.52,2.55805,0.52,0.5580500000000002,189.4
s04-r2-disconnect_trial-2,4,2,disconnect_trial,2.0,24,194.68,196.68,2.0,2.0,197,2.52,2.5594,0.52,0.5594000000000001,197.20000000000002
s04-r2-disconnect_trial-2,4,2,disconnect_trial,2.0,25,202.52,204.52,2.0,2.0,205,2.52,2.55897,0.52,0.55897,205.04000000000002
s04-r2-disconnect_trial-2,4,2,disconnect_trial,2.0,26,210.92,212.92,2.0,2.0,213,2.52,2.56384,0.52,0.5638399999999999,213.44
s04-r2-disconnect_trial-2,4,2,disconnect_trial,2.0,27,218.96,220.96,2.0,2.0,221,2.52,2.55823,0.52,0.55823,221.48000000000002
s04-r2-disconnect_trial-2,4,2,disconnect_trial,2.0,28,226.84,228.84,2.0,2.0,229,2.52,2.56386,0.52,0.56386,229.36
s04-r2-disconnect_trial-2,4,2,disconnect_trial,2.0,29,234.96,236.96,2.0,2.0,237,2.52,2.55764,0.52,0.5576400000000001,237.48000000000002
s04-r2-disconnect_trial-2,4,2,disconnect_trial,2.0,30,243.24,245.24,2.0,2.0,245,2.52,2.55805,0.52,0.5580500000000002,245.76000000000002
s04-r2-disconnect_trial-2,4,2,disconnect_trial,2.0,31,251.68,253.68,2.0,2.0,254,2.52,2.55703,0.52,0.5570300000000001,254.20000000000002
s04-r2-disconnect_trial-2,4,2,disconnect_trial,2.0,32,260.04,262.04,2.0,2.0,262,2.52,2.56422,0.52,0.5642200000000002,262.56
s04-r2-disconnect_trial-2,4,2,disconnect_trial,2.0,33,268.4,270.4,2.0,2.0,270,2.52,2.55818,0.52,0.5581800000000001,270.91999999999996
s04-r2-disconnect_trial-2,4,2,disconnect_trial,2.0,34,276.56,278.56,2.0,2.0,279,2.52,2.56298,0.52,0.56298,279.08
s04-r2-disconnect_trial-2,4,2,disconnect_trial,2.0,35,284.84,286.84,2.0,2.0,287,2.52,2.5587,0.52,0.5587,287.35999999999996
s04-r2-disconnect_trial-2,4,2,disconnect_trial,2.0,36,292.92,294.92,2.0,2.0,295,2.52,2.56349,0.52,0.5634899999999998,295.44
s04-r2-disconnect_trial-2,4,2,disconnect_trial,2.0,37,300.8,302.8,2.0,2.0,303,2.52,2.55873,0.52,0.5587300000000002,303.32
s04-r2-disconnect_trial-2,4,2,disconnect_trial,2.0,38,308.64,310.64,2.0,2.0,311,2.52,2.55886,0.52,0.5588600000000001,311.15999999999997
s04-r2-disconnect_trial-2,4,2,disconnect_trial,2.0,39,316.36,318.36,2.0,2.0,318,2.52,2.55793,0.52,0.5579299999999998,318.88
s04-r2-disconnect_trial-2,4,2,disconnect_trial,2.0,40,324.68,326.68,2.0,2.0,327,2.52,2.55754,0.52,0.5575399999999999,327.2
s04-r2-disconnect_trial-2,4,2,disconnect_trial,2.0,41,332.6,334.6,2.0,2.0,335,2.52,2.56348,0.52,0.5634800000000002,335.12
s04-r2-disconnect_trial-2,4,2,disconnect_trial,2.0,42,340.56,342.56,2.0,2.0,343,2.52,2.55765,0.52,0.5576500000000002,343.08
s04-r2-disconnect_trial-2,4,2,disconnect_trial,2.0,43,349.0,351.0,2.0,2.0,351,2.52,2.55955,0.52,0.5595500000000002,351.52
s04-r2-disconnect_trial-2,4,2,disconnect_trial,2.0,44,356.64,358.64,2.0,2.0,359,2.52,2.55867,0.52,0.5586700000000002,359.15999999999997
s04-r2-disconnect_trial-2,4,2,disconnect_trial,2.0,45,364.36,366.36,2.0,2.0,366,2.52,2.56289,0.52,0.5628899999999999,366.88
s04-r2-disconnect_trial-2,4,2,disconnect_trial,2.0,46,372.8,374.8,2.0,2.0,375,2.52,2.55796,0.52,0.55796,375.32
s04-r2-disconnect_trial-2,4,2,disconnect_trial,2.0,47,381.04,383.04,2.0,2.0,383,2.52,2.55799,0.52,0.5579900000000002,383.56
s04-r3-disconnect-0.5,4,3,disconnect,0.5,0,28.8,29.32,0.5,0.5199999999999996,30,1.52,1.55954,1.0000000000000004,1.0395400000000004,30.32
s04-r3-disconnect-0.5,4,3,disconnect,0.5,1,81.72,82.2,0.5,0.480000000000004,83,1.52,1.56019,1.039999999999996,1.080189999999996,83.24
s04-r3-disconnect-0.5,4,3,disconnect,0.5,2,107.16,107.68,0.5,0.5200000000000102,108,1.52,1.56463,0.9999999999999898,1.0446299999999897,108.67999999999999
s04-r3-disconnect-0.5,4,3,disconnect,0.5,3,179.4,179.88,0.5,0.47999999999998977,180,1.52,1.55871,1.0400000000000102,1.0787100000000103,180.92000000000002
s04-r3-disconnect-0.5,4,3,disconnect,0.5,4,250.96,251.44,0.5,0.47999999999998977,252,1.52,1.55981,1.0400000000000102,1.0798100000000102,252.48000000000002
s04-r3-disconnect-1,4,3,disconnect,1.0,0,35.96,36.96,1.0,1.0,37,1.52,1.56472,0.52,0.5647200000000001,37.480000000000004
s04-r3-disconnect-1,4,3,disconnect,1.0,1,115.92,116.92,1.0,1.0,117,1.52,1.56019,0.52,0.56019,117.44
s04-r3-disconnect-1,4,3,disconnect,1.0,2,138.08,139.08,1.0,1.0,139,1.52,1.56066,0.52,0.5606599999999999,139.60000000000002
s04-r3-disconnect-1,4,3,disconnect,1.0,3,349.6,350.6,1.0,1.0,351,1.52,1.55873,0.52,0.55873,351.12
s04-r3-disconnect-1,4,3,disconnect,1.0,4,368.24,369.24,1.0,1.0,369,1.52,1.55939,0.52,0.55939,369.76
s04-r3-disconnect-3,4,3,disconnect,3.0,0,101.44,104.44,3.0,3.0,104,3.52,3.55912,0.52,0.5591200000000001,104.96
s04-r3-disconnect-3,4,3,disconnect,3.0,1,123.12,126.12,3.0,3.0,126,3.52,3.56136,0.52,0.5613600000000001,126.64
s04-r3-disconnect-3,4,3,disconnect,3.0,2,183.64,186.64,3.0,3.0,187,3.52,3.56082,0.52,0.5608200000000001,187.16
s04-r3-disconnect-3,4,3,disconnect,3.0,3,215.44,218.44,3.0,3.0,218,3.52,3.55855,0.52,0.5585499999999999,218.96
s04-r3-disconnect-3,4,3,disconnect,3.0,4,310.04,313.04,3.0,3.0,313,3.52,3.56039,0.52,0.5603899999999999,313.56
s04-r3-disconnect_trial-0.5,4,3,disconnect_trial,0.5,0,3.0,3.52,0.5,0.52,4,1.52,1.55935,1.0,1.03935,4.52
s04-r3-disconnect_trial-0.5,4,3,disconnect_trial,0.5,1,11.04,11.52,0.5,0.4800000000000004,12,1.52,1.55936,1.0399999999999996,1.0793599999999997,12.559999999999999
s04-r3-disconnect_trial-0.5,4,3,disconnect_trial,0.5,2,18.72,19.2,0.5,0.4800000000000004,20,1.52,1.55992,1.0399999999999996,1.0799199999999995,20.24
s04-r3-disconnect_trial-0.5,4,3,disconnect_trial,0.5,3,26.52,27.0,0.5,0.4800000000000004,28,1.52,1.56,1.0399999999999996,1.0799999999999996,28.04
s04-r3-disconnect_trial-0.5,4,3,disconnect_trial,0.5,4,34.56,35.04,0.5,0.4799999999999969,36,1.52,1.56406,1.0400000000000031,1.0840600000000031,36.080000000000005
s04-r3-disconnect_trial-0.5,4,3,disconnect_trial,0.5,5,43.0,43.48,0.5,0.4799999999999969,44,1.52,1.5593,1.0400000000000031,1.079300000000003,44.52
s04-r3-disconnect_trial-0.5,4,3,disconnect_trial,0.5,6,50.64,51.16,0.5,0.519999999999996,52,1.52,1.55957,1.000000000000004,1.0395700000000039,52.160000000000004
s04-r3-disconnect_trial-0.5,4,3,disconnect_trial,0.5,7,58.84,59.36,0.5,0.519999999999996,60,1.52,1.55925,1.000000000000004,1.039250000000004,60.36000000000001
s04-r3-disconnect_trial-0.5,4,3,disconnect_trial,0.5,8,66.56,67.08,0.5,0.519999999999996,68,1.52,1.55919,1.000000000000004,1.039190000000004,68.08
s04-r3-disconnect_trial-0.5,4,3,disconnect_trial,0.5,9,74.56,75.08,0.5,0.519999999999996,76,1.52,1.55934,1.000000000000004,1.039340000000004,76.08
s04-r3-disconnect_trial-0.5,4,3,disconnect_trial,0.5,10,82.2,82.68,0.5,0.480000000000004,83,1.52,1.55993,1.039999999999996,1.079929999999996,83.72
s04-r3-disconnect_trial-0.5,4,3,disconnect_trial,0.5,11,89.76,90.28,0.5,0.519999999999996,91,1.52,1.55912,1.000000000000004,1.039120000000004,91.28
s04-r3-disconnect_trial-0.5,4,3,disconnect_trial,0.5,12,97.68,98.16,0.5,0.47999999999998977,99,1.52,1.55922,1.0400000000000102,1.0792200000000103,99.2
s04-r3-disconnect_trial-0.5,4,3,disconnect_trial,0.5,13,105.44,105.92,0.5,0.480000000000004,106,1.52,1.55989,1.039999999999996,1.079889999999996,106.96
s04-r3-disconnect_trial-0.5,4,3,disconnect_trial,0.5,14,113.32,113.8,0.5,0.480000000000004,114,1.52,1.55971,1.039999999999996,1.079709999999996,114.83999999999999
s04-r3-disconnect_trial-0.5,4,3,disconnect_trial,0.5,15,121.8,122.28,0.5,0.480000000000004,123,1.52,1.55901,1.039999999999996,1.079009999999996,123.32
s04-r3-disconnect_trial-0.5,4,3,disconnect_trial,0.5,16,129.8,130.32,0.5,0.5199999999999818,131,1.52,1.5597,1.0000000000000182,1.0397000000000183,131.32000000000002
s04-r3-disconnect_trial-0.5,4,3,disconnect_trial,0.5,17,138.08,138.6,0.5,0.5199999999999818,139,1.52,1.55995,1.0000000000000182,1.0399500000000181,139.60000000000002
s04-r3-disconnect_trial-0.5,4,3,disconnect_trial,0.5,18,146.24,146.72,0.5,0.47999999999998977,147,1.52,1.56433,1.0400000000000102,1.0843300000000102,147.76000000000002
s04-r3-disconnect_trial-0.5,4,3,disconnect_trial,0.5,19,154.48,155.0,0.5,0.5200000000000102,156,1.52,1.55952,0.9999999999999898,1.0395199999999898,156.0
s04-r3-disconnect_trial-0.5,4,3,disconnect_trial,0.5,20,162.76,163.28,0.5,0.5200000000000102,164,1.52,1.55933,0.9999999999999898,1.0393299999999899,164.28
s04-r3-disconnect_trial-0.5,4,3,disconnect_trial,0.5,21,171.08,171.6,0.5,0.5199999999999818,172,1.52,1.56474,1.0000000000000182,1.0447400000000182,172.60000000000002
s04-r3-disconnect_trial-0.5,4,3,disconnect_trial,0.5,22,178.72,179.24,0.5,0.5200000000000102,180,1.52,1.55934,0.9999999999999898,1.0393399999999897,180.24
s04-r3-disconnect_trial-0.5,4,3,disconnect_trial,0.5,23,186.88,187.36,0.5,0.4800000000000182,188,1.52,1.55921,1.0399999999999818,1.0792099999999818,188.4
s04-r3-disconnect_trial-0.5,4,3,disconnect_trial,0.5,24,194.68,195.16,0.5,0.47999999999998977,196,1.52,1.56384,1.0400000000000102,1.0838400000000101,196.20000000000002
s04-r3-disconnect_trial-0.5,4,3,disconnect_trial,0.5,25,202.52,203.0,0.5,0.47999999999998977,204,1.52,1.55928,1.0400000000000102,1.0792800000000102,204.04000000000002
s04-r3-disconnect_trial-0.5,4,3,disconnect_trial,0.5,26,210.92,211.44,0.5,0.5200000000000102,212,1.52,1.55926,0.9999999999999898,1.0392599999999899,212.44
s04-r3-disconnect_trial-0.5,4,3,disconnect_trial,0.5,27,218.96,219.44,0.5,0.47999999999998977,220,1.52,1.55932,1.0400000000000102,1.0793200000000103,220.48000000000002
s04-r3-disconnect_trial-0.5,4,3,disconnect_trial,0.5,28,226.84,227.36,0.5,0.5200000000000102,228,1.52,1.56005,0.9999999999999898,1.0400499999999897,228.36
s04-r3-disconnect_trial-0.5,4,3,disconnect_trial,0.5,29,234.96,235.44,0.5,0.47999999999998977,236,1.52,1.56442,1.0400000000000102,1.0844200000000102,236.48000000000002
s04-r3-disconnect_trial-0.5,4,3,disconnect_trial,0.5,30,243.24,243.72,0.5,0.47999999999998977,244,1.52,1.55925,1.0400000000000102,1.0792500000000103,244.76000000000002
s04-r3-disconnect_trial-0.5,4,3,disconnect_trial,0.5,31,251.68,252.16,0.5,0.47999999999998977,253,1.52,1.55956,1.0400000000000102,1.0795600000000103,253.20000000000002
s04-r3-disconnect_trial-0.5,4,3,disconnect_trial,0.5,32,260.04,260.52,0.5,0.47999999999996135,261,1.52,1.5588,1.0400000000000387,1.0788000000000386,261.56
s04-r3-disconnect_trial-0.5,4,3,disconnect_trial,0.5,33,268.4,268.88,0.5,0.4800000000000182,269,1.52,1.55996,1.0399999999999818,1.0799599999999818,269.91999999999996
s04-r3-disconnect_trial-0.5,4,3,disconnect_trial,0.5,34,276.56,277.08,0.5,0.5199999999999818,278,1.52,1.55954,1.0000000000000182,1.0395400000000181,278.08
s04-r3-disconnect_trial-0.5,4,3,disconnect_trial,0.5,35,284.84,285.32,0.5,0.4800000000000182,286,1.52,1.5596,1.0399999999999818,1.079599999999982,286.35999999999996
s04-r3-disconnect_trial-0.5,4,3,disconnect_trial,0.5,36,292.92,293.4,0.5,0.47999999999996135,294,1.52,1.56365,1.0400000000000387,1.0836500000000386,294.44
s04-r3-disconnect_trial-0.5,4,3,disconnect_trial,0.5,37,300.8,301.28,0.5,0.47999999999996135,302,1.52,1.55943,1.0400000000000387,1.0794300000000387,302.32
s04-r3-disconnect_trial-0.5,4,3,disconnect_trial,0.5,38,308.64,309.16,0.5,0.5200000000000387,310,1.52,1.55896,0.9999999999999614,1.0389599999999612,310.15999999999997
s04-r3-disconnect_trial-0.5,4,3,disconnect_trial,0.5,39,316.36,316.84,0.5,0.47999999999996135,317,1.52,1.56408,1.0400000000000387,1.0840800000000386,317.88
s04-r3-disconnect_trial-0.5,4,3,disconnect_trial,0.5,40,324.68,325.16,0.5,0.4800000000000182,326,1.52,1.56006,1.0399999999999818,1.0800599999999818,326.2
s04-r3-disconnect_trial-0.5,4,3,disconnect_trial,0.5,41,332.6,333.08,0.5,0.47999999999996135,334,1.52,1.56499,1.0400000000000387,1.0849900000000388,334.12
s04-r3-disconnect_trial-0.5,4,3,disconnect_trial,0.5,42,340.56,341.04,0.5,0.4800000000000182,342,1.52,1.55917,1.0399999999999818,1.0791699999999818,342.08
s04-r3-disconnect_trial-0.5,4,3,disconnect_trial,0.5,43,349.0,349.52,0.5,0.5199999999999818,350,1.52,1.55927,1.0000000000000182,1.0392700000000181,350.52
s04-r3-disconnect_trial-0.5,4,3,disconnect_trial,0.5,44,356.64,357.16,0.5,0.5200000000000387,358,1.52,1.55943,0.9999999999999614,1.0394299999999614,358.15999999999997
s04-r3-disconnect_trial-0.5,4,3,disconnect_trial,0.5,45,364.36,364.84,0.5,0.47999999999996135,365,1.52,1.55956,1.0400000000000387,1.0795600000000387,365.88
s04-r3-disconnect_trial-0.5,4,3,disconnect_trial,0.5,46,372.8,373.32,0.5,0.5199999999999818,374,1.52,1.56018,1.0000000000000182,1.040180000000018,374.32
s04-r3-disconnect_trial-0.5,4,3,disconnect_trial,0.5,47,381.04,381.56,0.5,0.5199999999999818,382,1.52,1.55968,1.0000000000000182,1.0396800000000181,382.56
s04-r3-disconnect_trial-1,4,3,disconnect_trial,1.0,0,3.0,4.0,1.0,1.0,4,1.52,1.55972,0.52,0.55972,4.52
s04-r3-disconnect_trial-1,4,3,disconnect_trial,1.0,1,11.04,12.04,1.0,1.0,12,1.52,1.55873,0.52,0.55873,12.559999999999999
s04-r3-disconnect_trial-1,4,3,disconnect_trial,1.0,2,18.72,19.72,1.0,1.0,20,1.52,1.5602,0.52,0.5602,20.24
s04-r3-disconnect_trial-1,4,3,disconnect_trial,1.0,3,26.52,27.52,1.0,1.0,28,1.52,1.55983,0.52,0.55983,28.04
s04-r3-disconnect_trial-1,4,3,disconnect_trial,1.0,4,34.56,35.56,1.0,1.0,36,1.52,1.55956,0.52,0.5595600000000001,36.080000000000005
s04-r3-disconnect_trial-1,4,3,disconnect_trial,1.0,5,43.0,44.0,1.0,1.0,44,1.52,1.55969,0.52,0.55969,44.52
s04-r3-disconnect_trial-1,4,3,disconnect_trial,1.0,6,50.64,51.64,1.0,1.0,52,1.52,1.56411,0.52,0.5641099999999999,52.160000000000004
s04-r3-disconnect_trial-1,4,3,disconnect_trial,1.0,7,58.84,59.84,1.0,1.0,60,1.52,1.55957,0.52,0.5595699999999999,60.36000000000001
s04-r3-disconnect_trial-1,4,3,disconnect_trial,1.0,8,66.56,67.56,1.0,1.0,68,1.52,1.55899,0.52,0.5589900000000001,68.08
s04-r3-disconnect_trial-1,4,3,disconnect_trial,1.0,9,74.56,75.56,1.0,1.0,76,1.56,1.59981,0.56,0.59981,76.12
s04-r3-disconnect_trial-1,4,3,disconnect_trial,1.0,10,82.2,83.2,1.0,1.0,83,1.52,1.56007,0.52,0.5600700000000001,83.72
s04-r3-disconnect_trial-1,4,3,disconnect_trial,1.0,11,89.76,90.76,1.0,1.0,91,1.52,1.55541,0.52,0.55541,91.28
s04-r3-disconnect_trial-1,4,3,disconnect_trial,1.0,12,97.68,98.68,1.0,1.0,99,1.52,1.55934,0.52,0.55934,99.2
s04-r3-disconnect_trial-1,4,3,disconnect_trial,1.0,13,105.44,106.44,1.0,1.0,106,1.52,1.55974,0.52,0.5597399999999999,106.96
s04-r3-disconnect_trial-1,4,3,disconnect_trial,1.0,14,113.32,114.32,1.0,1.0,114,1.52,1.55985,0.52,0.55985,114.83999999999999
s04-r3-disconnect_trial-1,4,3,disconnect_trial,1.0,15,121.8,122.8,1.0,1.0,123,1.52,1.55932,0.52,0.55932,123.32
s04-r3-disconnect_trial-1,4,3,disconnect_trial,1.0,16,129.8,130.8,1.0,1.0,131,1.52,1.55969,0.52,0.55969,131.32000000000002
s04-r3-disconnect_trial-1,4,3,disconnect_trial,1.0,17,138.08,139.08,1.0,1.0,139,1.52,1.55952,0.52,0.55952,139.60000000000002
s04-r3-disconnect_trial-1,4,3,disconnect_trial,1.0,18,146.24,147.24,1.0,1.0,147,1.52,1.56085,0.52,0.5608500000000001,147.76000000000002
s04-r3-disconnect_trial-1,4,3,disconnect_trial,1.0,19,154.48,155.48,1.0,1.0,156,1.52,1.55994,0.52,0.5599400000000001,156.0
s04-r3-disconnect_trial-1,4,3,disconnect_trial,1.0,20,162.76,163.76,1.0,1.0,164,1.52,1.55949,0.52,0.55949,164.28
s04-r3-disconnect_trial-1,4,3,disconnect_trial,1.0,21,171.08,172.08,1.0,1.0,172,1.52,1.55898,0.52,0.55898,172.60000000000002
s04-r3-disconnect_trial-1,4,3,disconnect_trial,1.0,22,178.72,179.72,1.0,1.0,180,1.52,1.5588,0.52,0.5588,180.24
s04-r3-disconnect_trial-1,4,3,disconnect_trial,1.0,23,186.88,187.88,1.0,1.0,188,1.52,1.55944,0.52,0.5594399999999999,188.4
s04-r3-disconnect_trial-1,4,3,disconnect_trial,1.0,24,194.68,195.68,1.0,1.0,196,1.52,1.55965,0.52,0.55965,196.20000000000002
s04-r3-disconnect_trial-1,4,3,disconnect_trial,1.0,25,202.52,203.52,1.0,1.0,204,1.52,1.55965,0.52,0.55965,204.04000000000002
s04-r3-disconnect_trial-1,4,3,disconnect_trial,1.0,26,210.92,211.92,1.0,1.0,212,1.52,1.56417,0.52,0.5641700000000001,212.44
s04-r3-disconnect_trial-1,4,3,disconnect_trial,1.0,27,218.96,219.96,1.0,1.0,220,1.52,1.55973,0.52,0.5597300000000001,220.48000000000002
s04-r3-disconnect_trial-1,4,3,disconnect_trial,1.0,28,226.84,227.84,1.0,1.0,228,1.52,1.55937,0.52,0.5593699999999999,228.36
s04-r3-disconnect_trial-1,4,3,disconnect_trial,1.0,29,234.96,235.96,1.0,1.0,236,1.52,1.56019,0.52,0.56019,236.48000000000002
s04-r3-disconnect_trial-1,4,3,disconnect_trial,1.0,30,243.24,244.24,1.0,1.0,244,1.52,1.56029,0.52,0.56029,244.76000000000002
s04-r3-disconnect_trial-1,4,3,disconnect_trial,1.0,31,251.68,252.68,1.0,1.0,253,1.52,1.5598,0.52,0.5598000000000001,253.20000000000002
s04-r3-disconnect_trial-1,4,3,disconnect_trial,1.0,32,260.04,261.04,1.0,1.0,261,1.52,1.55917,0.52,0.55917,261.56
s04-r3-disconnect_trial-1,4,3,disconnect_trial,1.0,33,268.4,269.4,1.0,1.0,269,1.52,1.55998,0.52,0.5599799999999999,269.91999999999996
s04-r3-disconnect_trial-1,4,3,disconnect_trial,1.0,34,276.56,277.56,1.0,1.0,278,1.52,1.55905,0.52,0.55905,278.08
s04-r3-disconnect_trial-1,4,3,disconnect_trial,1.0,35,284.84,285.84,1.0,1.0,286,1.52,1.55871,0.52,0.55871,286.35999999999996
s04-r3-disconnect_trial-1,4,3,disconnect_trial,1.0,36,292.92,293.92,1.0,1.0,294,1.52,1.55964,0.52,0.5596399999999999,294.44
s04-r3-disconnect_trial-1,4,3,disconnect_trial,1.0,37,300.8,301.8,1.0,1.0,302,1.52,1.56029,0.52,0.56029,302.32
s04-r3-disconnect_trial-1,4,3,disconnect_trial,1.0,38,308.64,309.64,1.0,1.0,310,1.52,1.55961,0.52,0.5596099999999999,310.15999999999997
s04-r3-disconnect_trial-1,4,3,disconnect_trial,1.0,39,316.36,317.36,1.0,1.0,317,1.52,1.5552,0.52,0.5551999999999999,317.88
s04-r3-disconnect_trial-1,4,3,disconnect_trial,1.0,40,324.68,325.68,1.0,1.0,326,1.52,1.56045,0.52,0.5604499999999999,326.2
s04-r3-disconnect_trial-1,4,3,disconnect_trial,1.0,41,332.6,333.6,1.0,1.0,334,1.52,1.56045,0.52,0.5604499999999999,334.12
s04-r3-disconnect_trial-1,4,3,disconnect_trial,1.0,42,340.56,341.56,1.0,1.0,342,1.52,1.56038,0.52,0.5603800000000001,342.08
s04-r3-disconnect_trial-1,4,3,disconnect_trial,1.0,43,349.0,350.0,1.0,1.0,350,1.52,1.55952,0.52,0.55952,350.52
s04-r3-disconnect_trial-1,4,3,disconnect_trial,1.0,44,356.64,357.64,1.0,1.0,358,1.52,1.56014,0.52,0.5601400000000001,358.15999999999997
s04-r3-disconnect_trial-1,4,3,disconnect_trial,1.0,45,364.36,365.36,1.0,1.0,365,1.52,1.55988,0.52,0.5598799999999999,365.88
s04-r3-disconnect_trial-1,4,3,disconnect_trial,1.0,46,372.8,373.8,1.0,1.0,374,1.52,1.55989,0.52,0.55989,374.32
s04-r3-disconnect_trial-1,4,3,disconnect_trial,1.0,47,381.04,382.04,1.0,1.0,382,1.52,1.56016,0.52,0.56016,382.56
s04-r3-disconnect_trial-2,4,3,disconnect_trial,2.0,0,3.0,5.0,2.0,2.0,5,2.52,2.5622,0.52,0.5621999999999998,5.52
s04-r3-disconnect_trial-2,4,3,disconnect_trial,2.0,1,11.04,13.04,2.0,2.0,13,2.52,2.55841,0.52,0.5584099999999999,13.559999999999999
s04-r3-disconnect_trial-2,4,3,disconnect_trial,2.0,2,18.72,20.72,2.0,2.0,21,2.52,2.55854,0.52,0.5585399999999998,21.24
s04-r3-disconnect_trial-2,4,3,disconnect_trial,2.0,3,26.52,28.52,2.0,2.0,29,2.52,2.5575,0.52,0.5575000000000001,29.04
s04-r3-disconnect_trial-2,4,3,disconnect_trial,2.0,4,34.56,36.56,2.0,2.0,37,2.52,2.55783,0.52,0.55783,37.080000000000005
s04-r3-disconnect_trial-2,4,3,disconnect_trial,2.0,5,43.0,45.0,2.0,2.0,45,2.52,2.55941,0.52,0.5594100000000002,45.52
s04-r3-disconnect_trial-2,4,3,disconnect_trial,2.0,6,50.64,52.64,2.0,2.0,53,2.52,2.55945,0.52,0.55945,53.160000000000004
s04-r3-disconnect_trial-2,4,3,disconnect_trial,2.0,7,58.84,60.84,2.0,2.0,61,2.52,2.5579,0.52,0.5579000000000001,61.36000000000001
s04-r3-disconnect_trial-2,4,3,disconnect_trial,2.0,8,66.56,68.56,2.0,2.0,69,2.52,2.55789,0.52,0.55789,69.08
s04-r3-disconnect_trial-2,4,3,disconnect_trial,2.0,9,74.56,76.56,2.0,2.0,77,2.52,2.55884,0.52,0.55884,77.08
s04-r3-disconnect_trial-2,4,3,disconnect_trial,2.0,10,82.2,84.2,2.0,2.0,84,2.52,2.55925,0.52,0.55925,84.72
s04-r3-disconnect_trial-2,4,3,disconnect_trial,2.0,11,89.76,91.76,2.0,2.0,92,2.52,2.56341,0.52,0.5634100000000002,92.28
s04-r3-disconnect_trial-2,4,3,disconnect_trial,2.0,12,97.68,99.68,2.0,2.0,100,2.52,2.56311,0.52,0.56311,100.2
s04-r3-disconnect_trial-2,4,3,disconnect_trial,2.0,13,105.44,107.44,2.0,2.0,107,2.52,2.55987,0.52,0.5598700000000001,107.96
s04-r3-disconnect_trial-2,4,3,disconnect_trial,2.0,14,113.32,115.32,2.0,2.0,115,2.52,2.56328,0.52,0.5632799999999998,115.83999999999999
s04-r3-disconnect_trial-2,4,3,disconnect_trial,2.0,15,121.8,123.8,2.0,2.0,124,2.52,2.5599,0.52,0.5598999999999998,124.32
s04-r3-disconnect_trial-2,4,3,disconnect_trial,2.0,16,129.8,131.8,2.0,2.0,132,2.52,2.56282,0.52,0.5628199999999999,132.32000000000002
s04-r3-disconnect_trial-2,4,3,disconnect_trial,2.0,17,138.08,140.08,2.0,2.0,140,2.52,2.55932,0.52,0.55932,140.60000000000002
s04-r3-disconnect_trial-2,4,3,disconnect_trial,2.0,18,146.24,148.24,2.0,2.0,148,2.52,2.55917,0.52,0.55917,148.76000000000002
s04-r3-disconnect_trial-2,4,3,disconnect_trial,2.0,19,154.48,156.48,2.0,2.0,157,2.52,2.55844,0.52,0.55844,157.0
s04-r3-disconnect_trial-2,4,3,disconnect_trial,2.0,20,162.76,164.76,2.0,2.0,165,2.52,2.55889,0.52,0.5588899999999999,165.28
s04-r3-disconnect_trial-2,4,3,disconnect_trial,2.0,21,171.08,173.08,2.0,2.0,173,2.52,2.55982,0.52,0.5598200000000002,173.60000000000002
s04-r3-disconnect_trial-2,4,3,disconnect_trial,2.0,22,178.72,180.72,2.0,2.0,181,2.52,2.55801,0.52,0.5580099999999999,181.24
s04-r3-disconnect_trial-2,4,3,disconnect_trial,2.0,23,186.88,188.88,2.0,2.0,189,2.52,2.55907,0.52,0.5590700000000002,189.4
s04-r3-disconnect_trial-2,4,3,disconnect_trial,2.0,24,194.68,196.68,2.0,2.0,197,2.52,2.55804,0.52,0.5580400000000001,197.20000000000002
s04-r3-disconnect_trial-2,4,3,disconnect_trial,2.0,25,202.52,204.52,2.0,2.0,205,2.52,2.56331,0.52,0.56331,205.04000000000002
s04-r3-disconnect_trial-2,4,3,disconnect_trial,2.0,26,210.92,212.92,2.0,2.0,213,2.52,2.55861,0.52,0.5586099999999998,213.44
s04-r3-disconnect_trial-2,4,3,disconnect_trial,2.0,27,218.96,220.96,2.0,2.0,221,2.52,2.55879,0.52,0.5587900000000001,221.48000000000002
s04-r3-disconnect_trial-2,4,3,disconnect_trial,2.0,28,226.84,228.84,2.0,2.0,229,2.52,2.55909,0.52,0.5590899999999999,229.36
s04-r3-disconnect_trial-2,4,3,disconnect_trial,2.0,29,234.96,236.96,2.0,2.0,237,2.52,2.56423,0.52,0.5642299999999998,237.48000000000002
s04-r3-disconnect_trial-2,4,3,disconnect_trial,2.0,30,243.24,245.24,2.0,2.0,245,2.52,2.56006,0.52,0.56006,245.76000000000002
s04-r3-disconnect_trial-2,4,3,disconnect_trial,2.0,31,251.68,253.68,2.0,2.0,254,2.52,2.55932,0.52,0.55932,254.20000000000002
s04-r3-disconnect_trial-2,4,3,disconnect_trial,2.0,32,260.04,262.04,2.0,2.0,262,2.52,2.55841,0.52,0.5584099999999999,262.56
s04-r3-disconnect_trial-2,4,3,disconnect_trial,2.0,33,268.4,270.4,2.0,2.0,270,2.52,2.56298,0.52,0.56298,270.91999999999996
s04-r3-disconnect_trial-2,4,3,disconnect_trial,2.0,34,276.56,278.56,2.0,2.0,279,2.52,2.55935,0.52,0.5593499999999998,279.08
s04-r3-disconnect_trial-2,4,3,disconnect_trial,2.0,35,284.84,286.84,2.0,2.0,287,2.52,2.56378,0.52,0.56378,287.35999999999996
s04-r3-disconnect_trial-2,4,3,disconnect_trial,2.0,36,292.92,294.92,2.0,2.0,295,2.52,2.55968,0.52,0.5596800000000002,295.44
s04-r3-disconnect_trial-2,4,3,disconnect_trial,2.0,37,300.8,302.8,2.0,2.0,303,2.52,2.55757,0.52,0.5575700000000001,303.32
s04-r3-disconnect_trial-2,4,3,disconnect_trial,2.0,38,308.64,310.64,2.0,2.0,311,2.52,2.56333,0.52,0.5633300000000001,311.15999999999997
s04-r3-disconnect_trial-2,4,3,disconnect_trial,2.0,39,316.36,318.36,2.0,2.0,318,2.52,2.55827,0.52,0.5582699999999998,318.88
s04-r3-disconnect_trial-2,4,3,disconnect_trial,2.0,40,324.68,326.68,2.0,2.0,327,2.52,2.56349,0.52,0.5634899999999998,327.2
s04-r3-disconnect_trial-2,4,3,disconnect_trial,2.0,41,332.6,334.6,2.0,2.0,335,2.52,2.55908,0.52,0.5590799999999998,335.12
s04-r3-disconnect_trial-2,4,3,disconnect_trial,2.0,42,340.56,342.56,2.0,2.0,343,2.52,2.56486,0.52,0.5648599999999999,343.08
s04-r3-disconnect_trial-2,4,3,disconnect_trial,2.0,43,349.0,351.0,2.0,2.0,351,2.52,2.56321,0.52,0.5632100000000002,351.52
s04-r3-disconnect_trial-2,4,3,disconnect_trial,2.0,44,356.64,358.64,2.0,2.0,359,2.52,2.55891,0.52,0.55891,359.15999999999997
s04-r3-disconnect_trial-2,4,3,disconnect_trial,2.0,45,364.36,366.36,2.0,2.0,366,2.52,2.5591,0.52,0.5590999999999999,366.88
s04-r3-disconnect_trial-2,4,3,disconnect_trial,2.0,46,372.8,374.8,2.0,2.0,375,2.52,2.56413,0.52,0.56413,375.32
s04-r3-disconnect_trial-2,4,3,disconnect_trial,2.0,47,381.04,383.04,2.0,2.0,383,2.52,2.56303,0.52,0.5630299999999999,383.56
s04-r4-disconnect-0.5,4,4,disconnect,0.5,0,51.24,51.76,0.5,0.519999999999996,52,1.52,1.55976,1.000000000000004,1.039760000000004,52.760000000000005
s04-r4-disconnect-0.5,4,4,disconnect,0.5,1,85.8,86.32,0.5,0.519999999999996,87,1.52,1.56033,1.000000000000004,1.040330000000004,87.32
s04-r4-disconnect-0.5,4,4,disconnect,0.5,2,219.44,219.96,0.5,0.5200000000000102,220,1.52,1.55935,0.9999999999999898,1.0393499999999898,220.96
s04-r4-disconnect-0.5,4,4,disconnect,0.5,3,293.4,293.92,0.5,0.5200000000000387,294,1.52,1.55975,0.9999999999999614,1.0397499999999613,294.91999999999996
s04-r4-disconnect-0.5,4,4,disconnect,0.5,4,365.08,365.6,0.5,0.5200000000000387,366,1.52,1.5594,0.9999999999999614,1.0393999999999612,366.59999999999997
s04-r4-disconnect-1,4,4,disconnect,1.0,0,40.4,41.4,1.0,1.0,41,1.52,1.55931,0.52,0.55931,41.92
s04-r4-disconnect-1,4,4,disconnect,1.0,1,80.28,81.28,1.0,1.0,81,1.52,1.55961,0.52,0.5596099999999999,81.8
s04-r4-disconnect-1,4,4,disconnect,1.0,2,151.68,152.68,1.0,1.0,153,1.52,1.55569,0.52,0.55569,153.20000000000002
s04-r4-disconnect-1,4,4,disconnect,1.0,3,165.88,166.88,1.0,1.0,167,1.52,1.56468,0.52,0.5646800000000001,167.4
s04-r4-disconnect-1,4,4,disconnect,1.0,4,171.88,172.88,1.0,1.0,173,1.52,1.5598,0.52,0.5598000000000001,173.4
s04-r4-disconnect-3,4,4,disconnect,3.0,0,87.16,90.16,3.0,3.0,90,3.52,3.55832,0.52,0.5583200000000001,90.67999999999999
s04-r4-disconnect-3,4,4,disconnect,3.0,1,105.84,108.84,3.0,3.0,109,3.52,3.56338,0.52,0.56338,109.36
s04-r4-disconnect-3,4,4,disconnect,3.0,2,126.2,129.2,3.0,2.999999999999986,129,3.52,3.55594,0.5200000000000142,0.5559400000000143,129.72
s04-r4-disconnect-3,4,4,disconnect,3.0,3,235.4,238.4,3.0,3.0,238,3.52,3.56173,0.52,0.5617299999999998,238.92000000000002
s04-r4-disconnect-3,4,4,disconnect,3.0,4,316.04,319.04,3.0,3.0,319,3.52,3.5618,0.52,0.5617999999999999,319.56
s04-r4-disconnect_trial-0.5,4,4,disconnect_trial,0.5,0,3.0,3.52,0.5,0.52,4,1.52,1.56485,1.0,1.04485,4.52
s04-r4-disconnect_trial-0.5,4,4,disconnect_trial,0.5,1,11.04,11.52,0.5,0.4800000000000004,12,1.52,1.56452,1.0399999999999996,1.0845199999999995,12.559999999999999
s04-r4-disconnect_trial-0.5,4,4,disconnect_trial,0.5,2,18.72,19.2,0.5,0.4800000000000004,20,1.52,1.56001,1.0399999999999996,1.0800099999999995,20.24
s04-r4-disconnect_trial-0.5,4,4,disconnect_trial,0.5,3,26.52,27.0,0.5,0.4800000000000004,28,1.52,1.55981,1.0399999999999996,1.0798099999999995,28.04
s04-r4-disconnect_trial-0.5,4,4,disconnect_trial,0.5,4,34.56,35.04,0.5,0.4799999999999969,36,1.52,1.55916,1.0400000000000031,1.0791600000000032,36.080000000000005
s04-r4-disconnect_trial-0.5,4,4,disconnect_trial,0.5,5,43.0,43.48,0.5,0.4799999999999969,44,1.52,1.5601,1.0400000000000031,1.0801000000000032,44.52
s04-r4-disconnect_trial-0.5,4,4,disconnect_trial,0.5,6,50.64,51.16,0.5,0.519999999999996,52,1.52,1.56086,1.000000000000004,1.040860000000004,52.160000000000004
s04-r4-disconnect_trial-0.5,4,4,disconnect_trial,0.5,7,58.84,59.36,0.5,0.519999999999996,60,1.52,1.56005,1.000000000000004,1.040050000000004,60.36000000000001
s04-r4-disconnect_trial-0.5,4,4,disconnect_trial,0.5,8,66.56,67.08,0.5,0.519999999999996,68,1.52,1.55967,1.000000000000004,1.0396700000000039,68.08
s04-r4-disconnect_trial-0.5,4,4,disconnect_trial,0.5,9,74.56,75.08,0.5,0.519999999999996,76,1.52,1.55888,1.000000000000004,1.038880000000004,76.08
s04-r4-disconnect_trial-0.5,4,4,disconnect_trial,0.5,10,82.2,82.68,0.5,0.480000000000004,83,1.52,1.5601,1.039999999999996,1.080099999999996,83.72
s04-r4-disconnect_trial-0.5,4,4,disconnect_trial,0.5,11,89.76,90.28,0.5,0.519999999999996,91,1.52,1.5599,1.000000000000004,1.039900000000004,91.28
s04-r4-disconnect_trial-0.5,4,4,disconnect_trial,0.5,12,97.68,98.16,0.5,0.47999999999998977,99,1.52,1.55896,1.0400000000000102,1.0789600000000101,99.2
s04-r4-disconnect_trial-0.5,4,4,disconnect_trial,0.5,13,105.44,105.92,0.5,0.480000000000004,106,1.52,1.55967,1.039999999999996,1.079669999999996,106.96
s04-r4-disconnect_trial-0.5,4,4,disconnect_trial,0.5,14,113.32,113.8,0.5,0.480000000000004,114,1.52,1.56419,1.039999999999996,1.084189999999996,114.83999999999999
s04-r4-disconnect_trial-0.5,4,4,disconnect_trial,0.5,15,121.8,122.28,0.5,0.480000000000004,123,1.52,1.55947,1.039999999999996,1.079469999999996,123.32
s04-r4-disconnect_trial-0.5,4,4,disconnect_trial,0.5,16,129.8,130.32,0.5,0.5199999999999818,131,1.52,1.56003,1.0000000000000182,1.0400300000000182,131.32000000000002
s04-r4-disconnect_trial-0.5,4,4,disconnect_trial,0.5,17,138.08,138.6,0.5,0.5199999999999818,139,1.52,1.55928,1.0000000000000182,1.0392800000000182,139.60000000000002
s04-r4-disconnect_trial-0.5,4,4,disconnect_trial,0.5,18,146.24,146.72,0.5,0.47999999999998977,147,1.52,1.56016,1.0400000000000102,1.0801600000000102,147.76000000000002
s04-r4-disconnect_trial-0.5,4,4,disconnect_trial,0.5,19,154.48,155.0,0.5,0.5200000000000102,156,1.52,1.55916,0.9999999999999898,1.0391599999999899,156.0
s04-r4-disconnect_trial-0.5,4,4,disconnect_trial,0.5,20,162.76,163.28,0.5,0.5200000000000102,164,1.52,1.55967,0.9999999999999898,1.0396699999999897,164.28
s04-r4-disconnect_trial-0.5,4,4,disconnect_trial,0.5,21,171.08,171.6,0.5,0.5199999999999818,172,1.52,1.55982,1.0000000000000182,1.0398200000000182,172.60000000000002
s04-r4-disconnect_trial-0.5,4,4,disconnect_trial,0.5,22,178.72,179.24,0.5,0.5200000000000102,180,1.52,1.56062,0.9999999999999898,1.0406199999999897,180.24
s04-r4-disconnect_trial-0.5,4,4,disconnect_trial,0.5,23,186.88,187.36,0.5,0.4800000000000182,188,1.52,1.55973,1.0399999999999818,1.0797299999999819,188.4
s04-r4-disconnect_trial-0.5,4,4,disconnect_trial,0.5,24,194.68,195.16,0.5,0.47999999999998977,196,1.52,1.56452,1.0400000000000102,1.0845200000000101,196.20000000000002
s04-r4-disconnect_trial-0.5,4,4,disconnect_trial,0.5,25,202.52,203.0,0.5,0.47999999999998977,204,1.52,1.56435,1.0400000000000102,1.0843500000000101,204.04000000000002
s04-r4-disconnect_trial-0.5,4,4,disconnect_trial,0.5,26,210.92,211.44,0.5,0.5200000000000102,212,1.52,1.55988,0.9999999999999898,1.0398799999999897,212.44
s04-r4-disconnect_trial-0.5,4,4,disconnect_trial,0.5,27,218.96,219.44,0.5,0.47999999999998977,220,1.52,1.55925,1.0400000000000102,1.0792500000000103,220.48000000000002
s04-r4-disconnect_trial-0.5,4,4,disconnect_trial,0.5,28,226.84,227.36,0.5,0.5200000000000102,228,1.52,1.56026,0.9999999999999898,1.0402599999999897,228.36
s04-r4-disconnect_trial-0.5,4,4,disconnect_trial,0.5,29,234.96,235.44,0.5,0.47999999999998977,236,1.52,1.56024,1.0400000000000102,1.0802400000000103,236.48000000000002
s04-r4-disconnect_trial-0.5,4,4,disconnect_trial,0.5,30,243.24,243.72,0.5,0.47999999999998977,244,1.52,1.55982,1.0400000000000102,1.0798200000000102,244.76000000000002
s04-r4-disconnect_trial-0.5,4,4,disconnect_trial,0.5,31,251.68,252.16,0.5,0.47999999999998977,253,1.52,1.55932,1.0400000000000102,1.0793200000000103,253.20000000000002
s04-r4-disconnect_trial-0.5,4,4,disconnect_trial,0.5,32,260.04,260.52,0.5,0.47999999999996135,261,1.52,1.55991,1.0400000000000387,1.0799100000000386,261.56
s04-r4-disconnect_trial-0.5,4,4,disconnect_trial,0.5,33,268.4,268.88,0.5,0.4800000000000182,269,1.52,1.55945,1.0399999999999818,1.0794499999999818,269.91999999999996
s04-r4-disconnect_trial-0.5,4,4,disconnect_trial,0.5,34,276.56,277.08,0.5,0.5199999999999818,278,1.52,1.55939,1.0000000000000182,1.0393900000000182,278.08
s04-r4-disconnect_trial-0.5,4,4,disconnect_trial,0.5,35,284.84,285.32,0.5,0.4800000000000182,286,1.52,1.55915,1.0399999999999818,1.0791499999999818,286.35999999999996
s04-r4-disconnect_trial-0.5,4,4,disconnect_trial,0.5,36,292.92,293.4,0.5,0.47999999999996135,294,1.52,1.55961,1.0400000000000387,1.0796100000000386,294.44
s04-r4-disconnect_trial-0.5,4,4,disconnect_trial,0.5,37,300.8,301.28,0.5,0.47999999999996135,302,1.52,1.55962,1.0400000000000387,1.0796200000000387,302.32
s04-r4-disconnect_trial-0.5,4,4,disconnect_trial,0.5,38,308.64,309.16,0.5,0.5200000000000387,310,1.52,1.56438,0.9999999999999614,1.0443799999999615,310.15999999999997
s04-r4-disconnect_trial-0.5,4,4,disconnect_trial,0.5,39,316.36,316.84,0.5,0.47999999999996135,317,1.52,1.55901,1.0400000000000387,1.0790100000000387,317.88
s04-r4-disconnect_trial-0.5,4,4,disconnect_trial,0.5,40,324.68,325.16,0.5,0.4800000000000182,326,1.52,1.55911,1.0399999999999818,1.0791099999999818,326.2
s04-r4-disconnect_trial-0.5,4,4,disconnect_trial,0.5,41,332.6,333.08,0.5,0.47999999999996135,334,1.52,1.56012,1.0400000000000387,1.0801200000000386,334.12
s04-r4-disconnect_trial-0.5,4,4,disconnect_trial,0.5,42,340.56,341.04,0.5,0.4800000000000182,342,1.52,1.55947,1.0399999999999818,1.0794699999999817,342.08
s04-r4-disconnect_trial-0.5,4,4,disconnect_trial,0.5,43,349.0,349.52,0.5,0.5199999999999818,350,1.52,1.55944,1.0000000000000182,1.0394400000000181,350.52
s04-r4-disconnect_trial-0.5,4,4,disconnect_trial,0.5,44,356.64,357.16,0.5,0.5200000000000387,358,1.52,1.55942,0.9999999999999614,1.0394199999999614,358.15999999999997
s04-r4-disconnect_trial-0.5,4,4,disconnect_trial,0.5,45,364.36,364.84,0.5,0.47999999999996135,365,1.52,1.55948,1.0400000000000387,1.0794800000000386,365.88
s04-r4-disconnect_trial-0.5,4,4,disconnect_trial,0.5,46,372.8,373.32,0.5,0.5199999999999818,374,1.52,1.56053,1.0000000000000182,1.0405300000000182,374.32
s04-r4-disconnect_trial-0.5,4,4,disconnect_trial,0.5,47,381.04,381.56,0.5,0.5199999999999818,382,1.52,1.56456,1.0000000000000182,1.0445600000000181,382.56
s04-r4-disconnect_trial-1,4,4,disconnect_trial,1.0,0,3.0,4.0,1.0,1.0,4,1.52,1.56029,0.52,0.56029,4.52
s04-r4-disconnect_trial-1,4,4,disconnect_trial,1.0,1,11.04,12.04,1.0,1.0,12,1.52,1.56037,0.52,0.56037,12.559999999999999
s04-r4-disconnect_trial-1,4,4,disconnect_trial,1.0,2,18.72,19.72,1.0,1.0,20,1.52,1.56444,0.52,0.56444,20.24
s04-r4-disconnect_trial-1,4,4,disconnect_trial,1.0,3,26.52,27.52,1.0,1.0,28,1.52,1.55956,0.52,0.5595600000000001,28.04
s04-r4-disconnect_trial-1,4,4,disconnect_trial,1.0,4,34.56,35.56,1.0,1.0,36,1.52,1.55957,0.52,0.5595699999999999,36.080000000000005
s04-r4-disconnect_trial-1,4,4,disconnect_trial,1.0,5,43.0,44.0,1.0,1.0,44,1.52,1.56045,0.52,0.5604499999999999,44.52
s04-r4-disconnect_trial-1,4,4,disconnect_trial,1.0,6,50.64,51.64,1.0,1.0,52,1.52,1.56052,0.52,0.5605199999999999,52.160000000000004
s04-r4-disconnect_trial-1,4,4,disconnect_trial,1.0,7,58.84,59.84,1.0,1.0,60,1.52,1.56001,0.52,0.5600099999999999,60.36000000000001
s04-r4-disconnect_trial-1,4,4,disconnect_trial,1.0,8,66.56,67.56,1.0,1.0,68,1.52,1.55934,0.52,0.55934,68.08
s04-r4-disconnect_trial-1,4,4,disconnect_trial,1.0,9,74.56,75.56,1.0,1.0,76,1.52,1.55937,0.52,0.5593699999999999,76.08
s04-r4-disconnect_trial-1,4,4,disconnect_trial,1.0,10,82.2,83.2,1.0,1.0,83,1.52,1.56474,0.52,0.56474,83.72
s04-r4-disconnect_trial-1,4,4,disconnect_trial,1.0,11,89.76,90.76,1.0,1.0,91,1.52,1.56007,0.52,0.5600700000000001,91.28
s04-r4-disconnect_trial-1,4,4,disconnect_trial,1.0,12,97.68,98.68,1.0,1.0,99,1.52,1.55949,0.52,0.55949,99.2
s04-r4-disconnect_trial-1,4,4,disconnect_trial,1.0,13,105.44,106.44,1.0,1.0,106,1.52,1.56018,0.52,0.5601799999999999,106.96
s04-r4-disconnect_trial-1,4,4,disconnect_trial,1.0,14,113.32,114.32,1.0,1.0,114,1.52,1.55917,0.52,0.55917,114.83999999999999
s04-r4-disconnect_trial-1,4,4,disconnect_trial,1.0,15,121.8,122.8,1.0,1.0,123,1.52,1.56009,0.52,0.56009,123.32
s04-r4-disconnect_trial-1,4,4,disconnect_trial,1.0,16,129.8,130.8,1.0,1.0,131,1.52,1.55912,0.52,0.5591200000000001,131.32000000000002
s04-r4-disconnect_trial-1,4,4,disconnect_trial,1.0,17,138.08,139.08,1.0,1.0,139,1.52,1.55548,0.52,0.55548,139.60000000000002
s04-r4-disconnect_trial-1,4,4,disconnect_trial,1.0,18,146.24,147.24,1.0,1.0,147,1.52,1.55977,0.52,0.5597700000000001,147.76000000000002
s04-r4-disconnect_trial-1,4,4,disconnect_trial,1.0,19,154.48,155.48,1.0,1.0,156,1.52,1.55976,0.52,0.55976,156.0
s04-r4-disconnect_trial-1,4,4,disconnect_trial,1.0,20,162.76,163.76,1.0,1.0,164,1.52,1.55945,0.52,0.55945,164.28
s04-r4-disconnect_trial-1,4,4,disconnect_trial,1.0,21,171.08,172.08,1.0,1.0,172,1.52,1.55964,0.52,0.5596399999999999,172.60000000000002
s04-r4-disconnect_trial-1,4,4,disconnect_trial,1.0,22,178.72,179.72,1.0,1.0,180,1.52,1.55918,0.52,0.55918,180.24
s04-r4-disconnect_trial-1,4,4,disconnect_trial,1.0,23,186.88,187.88,1.0,1.0,188,1.52,1.55969,0.52,0.55969,188.4
s04-r4-disconnect_trial-1,4,4,disconnect_trial,1.0,24,194.68,195.68,1.0,1.0,196,1.52,1.56019,0.52,0.56019,196.20000000000002
s04-r4-disconnect_trial-1,4,4,disconnect_trial,1.0,25,202.52,203.52,1.0,1.0,204,1.52,1.55986,0.52,0.55986,204.04000000000002
s04-r4-disconnect_trial-1,4,4,disconnect_trial,1.0,26,210.92,211.92,1.0,1.0,212,1.52,1.55994,0.52,0.5599400000000001,212.44
s04-r4-disconnect_trial-1,4,4,disconnect_trial,1.0,27,218.96,219.96,1.0,1.0,220,1.52,1.55955,0.52,0.55955,220.48000000000002
s04-r4-disconnect_trial-1,4,4,disconnect_trial,1.0,28,226.84,227.84,1.0,1.0,228,1.52,1.55931,0.52,0.55931,228.36
s04-r4-disconnect_trial-1,4,4,disconnect_trial,1.0,29,234.96,235.96,1.0,1.0,236,1.52,1.55977,0.52,0.5597700000000001,236.48000000000002
s04-r4-disconnect_trial-1,4,4,disconnect_trial,1.0,30,243.24,244.24,1.0,1.0,244,1.52,1.55872,0.52,0.5587200000000001,244.76000000000002
s04-r4-disconnect_trial-1,4,4,disconnect_trial,1.0,31,251.68,252.68,1.0,1.0,253,1.52,1.56454,0.52,0.56454,253.20000000000002
s04-r4-disconnect_trial-1,4,4,disconnect_trial,1.0,32,260.04,261.04,1.0,1.0,261,1.52,1.5595,0.52,0.5595000000000001,261.56
s04-r4-disconnect_trial-1,4,4,disconnect_trial,1.0,33,268.4,269.4,1.0,1.0,269,1.52,1.56027,0.52,0.56027,269.91999999999996
s04-r4-disconnect_trial-1,4,4,disconnect_trial,1.0,34,276.56,277.56,1.0,1.0,278,1.52,1.56002,0.52,0.56002,278.08
s04-r4-disconnect_trial-1,4,4,disconnect_trial,1.0,35,284.84,285.84,1.0,1.0,286,1.52,1.55976,0.52,0.55976,286.35999999999996
s04-r4-disconnect_trial-1,4,4,disconnect_trial,1.0,36,292.92,293.92,1.0,1.0,294,1.52,1.56031,0.52,0.5603100000000001,294.44
s04-r4-disconnect_trial-1,4,4,disconnect_trial,1.0,37,300.8,301.8,1.0,1.0,302,1.52,1.55975,0.52,0.55975,302.32
s04-r4-disconnect_trial-1,4,4,disconnect_trial,1.0,38,308.64,309.64,1.0,1.0,310,1.52,1.55963,0.52,0.5596300000000001,310.15999999999997
s04-r4-disconnect_trial-1,4,4,disconnect_trial,1.0,39,316.36,317.36,1.0,1.0,317,1.52,1.55975,0.52,0.55975,317.88
s04-r4-disconnect_trial-1,4,4,disconnect_trial,1.0,40,324.68,325.68,1.0,1.0,326,1.52,1.55565,0.52,0.55565,326.2
s04-r4-disconnect_trial-1,4,4,disconnect_trial,1.0,41,332.6,333.6,1.0,1.0,334,1.52,1.55953,0.52,0.5595300000000001,334.12
s04-r4-disconnect_trial-1,4,4,disconnect_trial,1.0,42,340.56,341.56,1.0,1.0,342,1.52,1.56092,0.52,0.5609200000000001,342.08
s04-r4-disconnect_trial-1,4,4,disconnect_trial,1.0,43,349.0,350.0,1.0,1.0,350,1.52,1.55972,0.52,0.55972,350.52
s04-r4-disconnect_trial-1,4,4,disconnect_trial,1.0,44,356.64,357.64,1.0,1.0,358,1.52,1.55977,0.52,0.5597700000000001,358.15999999999997
s04-r4-disconnect_trial-1,4,4,disconnect_trial,1.0,45,364.36,365.36,1.0,1.0,365,1.52,1.55973,0.52,0.5597300000000001,365.88
s04-r4-disconnect_trial-1,4,4,disconnect_trial,1.0,46,372.8,373.8,1.0,1.0,374,1.52,1.56047,0.52,0.56047,374.32
s04-r4-disconnect_trial-1,4,4,disconnect_trial,1.0,47,381.04,382.04,1.0,1.0,382,1.52,1.5598,0.52,0.5598000000000001,382.56
s04-r4-disconnect_trial-2,4,4,disconnect_trial,2.0,0,3.0,5.0,2.0,2.0,5,2.52,2.55993,0.52,0.55993,5.52
s04-r4-disconnect_trial-2,4,4,disconnect_trial,2.0,1,11.04,13.04,2.0,2.0,13,2.52,2.55806,0.52,0.5580599999999998,13.559999999999999
s04-r4-disconnect_trial-2,4,4,disconnect_trial,2.0,2,18.72,20.72,2.0,2.0,21,2.52,2.55877,0.52,0.55877,21.24
s04-r4-disconnect_trial-2,4,4,disconnect_trial,2.0,3,26.52,28.52,2.0,2.0,29,2.52,2.558,0.52,0.5579999999999998,29.04
s04-r4-disconnect_trial-2,4,4,disconnect_trial,2.0,4,34.56,36.56,2.0,2.0,37,2.52,2.56262,0.52,0.5626199999999999,37.080000000000005
s04-r4-disconnect_trial-2,4,4,disconnect_trial,2.0,5,43.0,45.0,2.0,2.0,45,2.52,2.55858,0.52,0.5585800000000001,45.52
s04-r4-disconnect_trial-2,4,4,disconnect_trial,2.0,6,50.64,52.64,2.0,2.0,53,2.52,2.55904,0.52,0.55904,53.160000000000004
s04-r4-disconnect_trial-2,4,4,disconnect_trial,2.0,7,58.84,60.84,2.0,2.0,61,2.52,2.5584,0.52,0.5583999999999998,61.36000000000001
s04-r4-disconnect_trial-2,4,4,disconnect_trial,2.0,8,66.56,68.56,2.0,2.0,69,2.52,2.55818,0.52,0.5581800000000001,69.08
s04-r4-disconnect_trial-2,4,4,disconnect_trial,2.0,9,74.56,76.56,2.0,2.0,77,2.52,2.55845,0.52,0.5584500000000001,77.08
s04-r4-disconnect_trial-2,4,4,disconnect_trial,2.0,10,82.2,84.2,2.0,2.0,84,2.52,2.55879,0.52,0.5587900000000001,84.72
s04-r4-disconnect_trial-2,4,4,disconnect_trial,2.0,11,89.76,91.76,2.0,2.0,92,2.52,2.5637,0.52,0.5636999999999999,92.28
s04-r4-disconnect_trial-2,4,4,disconnect_trial,2.0,12,97.68,99.68,2.0,2.0,100,2.52,2.56287,0.52,0.5628700000000002,100.2
s04-r4-disconnect_trial-2,4,4,disconnect_trial,2.0,13,105.44,107.44,2.0,2.0,107,2.52,2.55818,0.52,0.5581800000000001,107.96
s04-r4-disconnect_trial-2,4,4,disconnect_trial,2.0,14,113.32,115.32,2.0,2.0,115,2.52,2.56406,0.52,0.56406,115.83999999999999
s04-r4-disconnect_trial-2,4,4,disconnect_trial,2.0,15,121.8,123.8,2.0,2.0,124,2.52,2.56327,0.52,0.5632700000000002,124.32
s04-r4-disconnect_trial-2,4,4,disconnect_trial,2.0,16,129.8,131.8,2.0,2.0,132,2.52,2.5586,0.52,0.5586000000000002,132.32000000000002
s04-r4-disconnect_trial-2,4,4,disconnect_trial,2.0,17,138.08,140.08,2.0,2.0,140,2.52,2.55752,0.52,0.5575199999999998,140.60000000000002
s04-r4-disconnect_trial-2,4,4,disconnect_trial,2.0,18,146.24,148.24,2.0,2.0,148,2.52,2.56373,0.52,0.5637300000000001,148.76000000000002
s04-r4-disconnect_trial-2,4,4,disconnect_trial,2.0,19,154.48,156.48,2.0,2.0,157,2.52,2.55796,0.52,0.55796,157.0
s04-r4-disconnect_trial-2,4,4,disconnect_trial,2.0,20,162.76,164.76,2.0,2.0,165,2.52,2.55851,0.52,0.5585100000000001,165.28
s04-r4-disconnect_trial-2,4,4,disconnect_trial,2.0,21,171.08,173.08,2.0,2.0,173,2.52,2.55869,0.52,0.5586899999999999,173.60000000000002
s04-r4-disconnect_trial-2,4,4,disconnect_trial,2.0,22,178.72,180.72,2.0,2.0,181,2.52,2.55949,0.52,0.5594899999999998,181.24
s04-r4-disconnect_trial-2,4,4,disconnect_trial,2.0,23,186.88,188.88,2.0,2.0,189,2.52,2.55889,0.52,0.5588899999999999,189.4
s04-r4-disconnect_trial-2,4,4,disconnect_trial,2.0,24,194.68,196.68,2.0,2.0,197,2.52,2.55844,0.52,0.55844,197.20000000000002
s04-r4-disconnect_trial-2,4,4,disconnect_trial,2.0,25,202.52,204.52,2.0,2.0,205,2.52,2.56382,0.52,0.5638200000000002,205.04000000000002
s04-r4-disconnect_trial-2,4,4,disconnect_trial,2.0,26,210.92,212.92,2.0,2.0,213,2.52,2.5636,0.52,0.5636000000000001,213.44
s04-r4-disconnect_trial-2,4,4,disconnect_trial,2.0,27,218.96,220.96,2.0,2.0,221,2.52,2.56343,0.52,0.5634299999999999,221.48000000000002
s04-r4-disconnect_trial-2,4,4,disconnect_trial,2.0,28,226.84,228.84,2.0,2.0,229,2.52,2.55814,0.52,0.5581399999999999,229.36
s04-r4-disconnect_trial-2,4,4,disconnect_trial,2.0,29,234.96,236.96,2.0,2.0,237,2.52,2.55976,0.52,0.5597599999999998,237.48000000000002
s04-r4-disconnect_trial-2,4,4,disconnect_trial,2.0,30,243.24,245.24,2.0,2.0,245,2.52,2.56393,0.52,0.56393,245.76000000000002
s04-r4-disconnect_trial-2,4,4,disconnect_trial,2.0,31,251.68,253.68,2.0,2.0,254,2.52,2.55911,0.52,0.55911,254.20000000000002
s04-r4-disconnect_trial-2,4,4,disconnect_trial,2.0,32,260.04,262.04,2.0,2.0,262,2.52,2.55881,0.52,0.5588099999999998,262.56
s04-r4-disconnect_trial-2,4,4,disconnect_trial,2.0,33,268.4,270.4,2.0,2.0,270,2.52,2.55844,0.52,0.55844,270.91999999999996
s04-r4-disconnect_trial-2,4,4,disconnect_trial,2.0,34,276.56,278.56,2.0,2.0,279,2.52,2.55773,0.52,0.5577299999999998,279.08
s04-r4-disconnect_trial-2,4,4,disconnect_trial,2.0,35,284.84,286.84,2.0,2.0,287,2.52,2.55842,0.52,0.5584199999999999,287.35999999999996
s04-r4-disconnect_trial-2,4,4,disconnect_trial,2.0,36,292.92,294.92,2.0,2.0,295,2.52,2.55832,0.52,0.5583200000000001,295.44
s04-r4-disconnect_trial-2,4,4,disconnect_trial,2.0,37,300.8,302.8,2.0,2.0,303,2.52,2.5575,0.52,0.5575000000000001,303.32
s04-r4-disconnect_trial-2,4,4,disconnect_trial,2.0,38,308.64,310.64,2.0,2.0,311,2.52,2.56333,0.52,0.5633300000000001,311.15999999999997
s04-r4-disconnect_trial-2,4,4,disconnect_trial,2.0,39,316.36,318.36,2.0,2.0,318,2.52,2.56347,0.52,0.5634700000000001,318.88
s04-r4-disconnect_trial-2,4,4,disconnect_trial,2.0,40,324.68,326.68,2.0,2.0,327,2.52,2.5601,0.52,0.5600999999999998,327.2
s04-r4-disconnect_trial-2,4,4,disconnect_trial,2.0,41,332.6,334.6,2.0,2.0,335,2.52,2.56498,0.52,0.5649799999999998,335.12
s04-r4-disconnect_trial-2,4,4,disconnect_trial,2.0,42,340.56,342.56,2.0,2.0,343,2.52,2.55883,0.52,0.5588299999999999,343.08
s04-r4-disconnect_trial-2,4,4,disconnect_trial,2.0,43,349.0,351.0,2.0,2.0,351,2.52,2.56362,0.52,0.5636199999999998,351.52
s04-r4-disconnect_trial-2,4,4,disconnect_trial,2.0,44,356.64,358.64,2.0,2.0,359,2.52,2.55828,0.52,0.5582799999999999,359.15999999999997
s04-r4-disconnect_trial-2,4,4,disconnect_trial,2.0,45,364.36,366.36,2.0,2.0,366,2.52,2.56338,0.52,0.56338,366.88
s04-r4-disconnect_trial-2,4,4,disconnect_trial,2.0,46,372.8,374.8,2.0,2.0,375,2.52,2.56385,0.52,0.56385,375.32
s04-r4-disconnect_trial-2,4,4,disconnect_trial,2.0,47,381.04,383.04,2.0,2.0,383,2.52,2.55837,0.52,0.55837,383.56
s05-r0-disconnect-0.5,5,0,disconnect,0.5,0,17.48,17.96,0.5,0.4800000000000004,19,1.52,1.5598,1.0399999999999996,1.0797999999999996,19.0
s05-r0-disconnect-0.5,5,0,disconnect,0.5,1,104.64,105.16,0.5,0.519999999999996,106,1.52,1.56013,1.000000000000004,1.040130000000004,106.16
s05-r0-disconnect-0.5,5,0,disconnect,0.5,2,139.96,140.44,0.5,0.47999999999998977,141,1.52,1.55979,1.0400000000000102,1.0797900000000102,141.48000000000002
s05-r0-disconnect-0.5,5,0,disconnect,0.5,3,301.84,302.32,0.5,0.4800000000000182,303,1.52,1.55903,1.0399999999999818,1.0790299999999817,303.35999999999996
s05-r0-disconnect-0.5,5,0,disconnect,0.5,4,325.36,325.88,0.5,0.5199999999999818,326,1.52,1.55962,1.0000000000000182,1.0396200000000182,326.88
s05-r0-disconnect-1,5,0,disconnect,1.0,0,131.0,132.0,1.0,1.0,132,1.52,1.56003,0.52,0.56003,132.52
s05-r0-disconnect-1,5,0,disconnect,1.0,1,248.48,249.48,1.0,1.0,250,1.52,1.55964,0.52,0.5596399999999999,250.0
s05-r0-disconnect-1,5,0,disconnect,1.0,2,286.92,287.92,1.0,1.0,288,1.52,1.55986,0.52,0.55986,288.44
s05-r0-disconnect-1,5,0,disconnect,1.0,3,315.72,316.72,1.0,1.0,317,1.52,1.56017,0.52,0.5601700000000001,317.24
s05-r0-disconnect-1,5,0,disconnect,1.0,4,334.56,335.56,1.0,1.0,336,1.52,1.5592,0.52,0.5591999999999999,336.08
s05-r0-disconnect-3,5,0,disconnect,3.0,0,132.8,135.8,3.0,3.0,136,3.56,3.60108,0.56,0.6010800000000001,136.36
s05-r0-disconnect-3,5,0,disconnect,3.0,1,233.4,236.4,3.0,3.0,236,3.52,3.55741,0.52,0.55741,236.92000000000002
s05-r0-disconnect-3,5,0,disconnect,3.0,2,269.8,272.8,3.0,3.0,273,3.52,3.562,0.52,0.5619999999999998,273.32
s05-r0-disconnect-3,5,0,disconnect,3.0,3,282.2,285.2,3.0,3.0,285,3.52,3.5567,0.52,0.5567000000000002,285.71999999999997
s05-r0-disconnect-3,5,0,disconnect,3.0,4,313.92,316.92,3.0,3.0,317,3.52,3.5577,0.52,0.5577000000000001,317.44
s05-r0-disconnect_trial-0.5,5,0,disconnect_trial,0.5,0,3.0,3.52,0.5,0.52,4,1.52,1.55903,1.0,1.03903,4.52
s05-r0-disconnect_trial-0.5,5,0,disconnect_trial,0.5,1,11.04,11.52,0.5,0.4800000000000004,12,1.52,1.56015,1.0399999999999996,1.0801499999999995,12.559999999999999
s05-r0-disconnect_trial-0.5,5,0,disconnect_trial,0.5,2,18.72,19.2,0.5,0.4800000000000004,20,1.52,1.55995,1.0399999999999996,1.0799499999999995,20.24
s05-r0-disconnect_trial-0.5,5,0,disconnect_trial,0.5,3,26.52,27.0,0.5,0.4800000000000004,28,1.52,1.55928,1.0399999999999996,1.0792799999999996,28.04
s05-r0-disconnect_trial-0.5,5,0,disconnect_trial,0.5,4,34.56,35.04,0.5,0.4799999999999969,36,1.52,1.55916,1.0400000000000031,1.0791600000000032,36.080000000000005
s05-r0-disconnect_trial-0.5,5,0,disconnect_trial,0.5,5,43.0,43.48,0.5,0.4799999999999969,44,1.52,1.56013,1.0400000000000031,1.0801300000000031,44.52
s05-r0-disconnect_trial-0.5,5,0,disconnect_trial,0.5,6,50.64,51.16,0.5,0.519999999999996,52,1.52,1.56013,1.000000000000004,1.040130000000004,52.160000000000004
s05-r0-disconnect_trial-0.5,5,0,disconnect_trial,0.5,7,58.84,59.36,0.5,0.519999999999996,60,1.52,1.56001,1.000000000000004,1.0400100000000039,60.36000000000001
s05-r0-disconnect_trial-0.5,5,0,disconnect_trial,0.5,8,66.56,67.08,0.5,0.519999999999996,68,1.52,1.55991,1.000000000000004,1.0399100000000039,68.08
s05-r0-disconnect_trial-0.5,5,0,disconnect_trial,0.5,9,74.56,75.08,0.5,0.519999999999996,76,1.52,1.55951,1.000000000000004,1.039510000000004,76.08
s05-r0-disconnect_trial-0.5,5,0,disconnect_trial,0.5,10,82.2,82.68,0.5,0.480000000000004,83,1.52,1.55973,1.039999999999996,1.079729999999996,83.72
s05-r0-disconnect_trial-0.5,5,0,disconnect_trial,0.5,11,89.76,90.28,0.5,0.519999999999996,91,1.52,1.56392,1.000000000000004,1.043920000000004,91.28
s05-r0-disconnect_trial-0.5,5,0,disconnect_trial,0.5,12,97.68,98.16,0.5,0.47999999999998977,99,1.52,1.56001,1.0400000000000102,1.0800100000000101,99.2
s05-r0-disconnect_trial-0.5,5,0,disconnect_trial,0.5,13,105.44,105.92,0.5,0.480000000000004,106,1.52,1.56017,1.039999999999996,1.080169999999996,106.96
s05-r0-disconnect_trial-0.5,5,0,disconnect_trial,0.5,14,113.32,113.8,0.5,0.480000000000004,114,1.52,1.55974,1.039999999999996,1.079739999999996,114.83999999999999
s05-r0-disconnect_trial-0.5,5,0,disconnect_trial,0.5,15,121.8,122.28,0.5,0.480000000000004,123,1.52,1.56345,1.039999999999996,1.083449999999996,123.32
s05-r0-disconnect_trial-0.5,5,0,disconnect_trial,0.5,16,129.8,130.32,0.5,0.5199999999999818,131,1.52,1.56063,1.0000000000000182,1.0406300000000182,131.32000000000002
s05-r0-disconnect_trial-0.5,5,0,disconnect_trial,0.5,17,138.08,138.6,0.5,0.5199999999999818,139,1.52,1.56051,1.0000000000000182,1.0405100000000183,139.60000000000002
s05-r0-disconnect_trial-0.5,5,0,disconnect_trial,0.5,18,146.24,146.72,0.5,0.47999999999998977,147,1.52,1.55924,1.0400000000000102,1.0792400000000102,147.76000000000002
s05-r0-disconnect_trial-0.5,5,0,disconnect_trial,0.5,19,154.48,155.0,0.5,0.5200000000000102,156,1.52,1.55994,0.9999999999999898,1.0399399999999899,156.0
s05-r0-disconnect_trial-0.5,5,0,disconnect_trial,0.5,20,162.76,163.28,0.5,0.5200000000000102,164,1.52,1.55825,0.9999999999999898,1.0382499999999897,164.28
s05-r0-disconnect_trial-0.5,5,0,disconnect_trial,0.5,21,171.08,171.6,0.5,0.5199999999999818,172,1.52,1.55946,1.0000000000000182,1.0394600000000183,172.60000000000002
s05-r0-disconnect_trial-0.5,5,0,disconnect_trial,0.5,22,178.72,179.24,0.5,0.5200000000000102,180,1.52,1.55894,0.9999999999999898,1.0389399999999898,180.24
s05-r0-disconnect_trial-0.5,5,0,disconnect_trial,0.5,23,186.88,187.36,0.5,0.4800000000000182,188,1.52,1.55948,1.0399999999999818,1.0794799999999818,188.4
s05-r0-disconnect_trial-0.5,5,0,disconnect_trial,0.5,24,194.68,195.16,0.5,0.47999999999998977,196,1.52,1.55973,1.0400000000000102,1.0797300000000103,196.20000000000002
s05-r0-disconnect_trial-0.5,5,0,disconnect_trial,0.5,25,202.52,203.0,0.5,0.47999999999998977,204,1.52,1.55998,1.0400000000000102,1.0799800000000102,204.04000000000002
s05-r0-disconnect_trial-0.5,5,0,disconnect_trial,0.5,26,210.92,211.44,0.5,0.5200000000000102,212,1.52,1.56206,0.9999999999999898,1.0420599999999898,212.44
s05-r0-disconnect_trial-0.5,5,0,disconnect_trial,0.5,27,218.96,219.44,0.5,0.47999999999998977,220,1.52,1.56426,1.0400000000000102,1.0842600000000102,220.48000000000002
s05-r0-disconnect_trial-0.5,5,0,disconnect_trial,0.5,28,226.84,227.36,0.5,0.5200000000000102,228,1.52,1.55954,0.9999999999999898,1.0395399999999897,228.36
s05-r0-disconnect_trial-0.5,5,0,disconnect_trial,0.5,29,234.96,235.44,0.5,0.47999999999998977,236,1.52,1.55949,1.0400000000000102,1.0794900000000103,236.48000000000002
s05-r0-disconnect_trial-0.5,5,0,disconnect_trial,0.5,30,243.24,243.72,0.5,0.47999999999998977,244,1.52,1.55946,1.0400000000000102,1.0794600000000103,244.76000000000002
s05-r0-disconnect_trial-0.5,5,0,disconnect_trial,0.5,31,251.68,252.16,0.5,0.47999999999998977,253,1.52,1.55958,1.0400000000000102,1.0795800000000102,253.20000000000002
s05-r0-disconnect_trial-0.5,5,0,disconnect_trial,0.5,32,260.04,260.52,0.5,0.47999999999996135,261,1.52,1.5596,1.0400000000000387,1.0796000000000388,261.56
s05-r0-disconnect_trial-0.5,5,0,disconnect_trial,0.5,33,268.4,268.88,0.5,0.4800000000000182,269,1.52,1.55929,1.0399999999999818,1.0792899999999819,269.91999999999996
s05-r0-disconnect_trial-0.5,5,0,disconnect_trial,0.5,34,276.56,277.08,0.5,0.5199999999999818,278,1.52,1.55927,1.0000000000000182,1.0392700000000181,278.08
s05-r0-disconnect_trial-0.5,5,0,disconnect_trial,0.5,35,284.84,285.32,0.5,0.4800000000000182,286,1.52,1.55979,1.0399999999999818,1.0797899999999818,286.35999999999996
s05-r0-disconnect_trial-0.5,5,0,disconnect_trial,0.5,36,292.92,293.4,0.5,0.47999999999996135,294,1.52,1.56003,1.0400000000000387,1.0800300000000387,294.44
s05-r0-disconnect_trial-0.5,5,0,disconnect_trial,0.5,37,300.8,301.28,0.5,0.47999999999996135,302,1.52,1.5593,1.0400000000000387,1.0793000000000386,302.32
s05-r0-disconnect_trial-0.5,5,0,disconnect_trial,0.5,38,308.64,309.16,0.5,0.5200000000000387,310,1.52,1.5595,0.9999999999999614,1.0394999999999615,310.15999999999997
s05-r0-disconnect_trial-0.5,5,0,disconnect_trial,0.5,39,316.36,316.84,0.5,0.47999999999996135,317,1.52,1.5601,1.0400000000000387,1.0801000000000387,317.88
s05-r0-disconnect_trial-0.5,5,0,disconnect_trial,0.5,40,324.68,325.16,0.5,0.4800000000000182,326,1.52,1.5642,1.0399999999999818,1.0841999999999818,326.2
s05-r0-disconnect_trial-0.5,5,0,disconnect_trial,0.5,41,332.6,333.08,0.5,0.47999999999996135,334,1.52,1.56457,1.0400000000000387,1.0845700000000387,334.12
s05-r0-disconnect_trial-0.5,5,0,disconnect_trial,0.5,42,340.56,341.04,0.5,0.4800000000000182,342,1.52,1.56459,1.0399999999999818,1.0845899999999817,342.08
s05-r0-disconnect_trial-0.5,5,0,disconnect_trial,0.5,43,349.0,349.52,0.5,0.5199999999999818,350,1.52,1.56345,1.0000000000000182,1.0434500000000182,350.52
s05-r0-disconnect_trial-0.5,5,0,disconnect_trial,0.5,44,356.64,357.16,0.5,0.5200000000000387,358,1.52,1.55924,0.9999999999999614,1.0392399999999613,358.15999999999997
s05-r0-disconnect_trial-0.5,5,0,disconnect_trial,0.5,45,364.36,364.84,0.5,0.47999999999996135,365,1.52,1.55921,1.0400000000000387,1.0792100000000386,365.88
s05-r0-disconnect_trial-0.5,5,0,disconnect_trial,0.5,46,372.8,373.32,0.5,0.5199999999999818,374,1.52,1.56018,1.0000000000000182,1.040180000000018,374.32
s05-r0-disconnect_trial-0.5,5,0,disconnect_trial,0.5,47,381.04,381.56,0.5,0.5199999999999818,382,1.52,1.56004,1.0000000000000182,1.0400400000000183,382.56
s05-r0-disconnect_trial-1,5,0,disconnect_trial,1.0,0,3.0,4.0,1.0,1.0,4,1.52,1.56017,0.52,0.5601700000000001,4.52
s05-r0-disconnect_trial-1,5,0,disconnect_trial,1.0,1,11.04,12.04,1.0,1.0,12,1.52,1.55974,0.52,0.5597399999999999,12.559999999999999
s05-r0-disconnect_trial-1,5,0,disconnect_trial,1.0,2,18.72,19.72,1.0,1.0,20,1.52,1.56039,0.52,0.5603899999999999,20.24
s05-r0-disconnect_trial-1,5,0,disconnect_trial,1.0,3,26.52,27.52,1.0,1.0,28,1.52,1.56492,0.52,0.5649200000000001,28.04
s05-r0-disconnect_trial-1,5,0,disconnect_trial,1.0,4,34.56,35.56,1.0,1.0,36,1.52,1.55917,0.52,0.55917,36.080000000000005
s05-r0-disconnect_trial-1,5,0,disconnect_trial,1.0,5,43.0,44.0,1.0,1.0,44,1.52,1.56386,0.52,0.56386,44.52
s05-r0-disconnect_trial-1,5,0,disconnect_trial,1.0,6,50.64,51.64,1.0,1.0,52,1.52,1.56004,0.52,0.5600400000000001,52.160000000000004
s05-r0-disconnect_trial-1,5,0,disconnect_trial,1.0,7,58.84,59.84,1.0,1.0,60,1.52,1.55918,0.52,0.55918,60.36000000000001
s05-r0-disconnect_trial-1,5,0,disconnect_trial,1.0,8,66.56,67.56,1.0,1.0,68,1.52,1.55992,0.52,0.55992,68.08
s05-r0-disconnect_trial-1,5,0,disconnect_trial,1.0,9,74.56,75.56,1.0,1.0,76,1.52,1.55978,0.52,0.5597799999999999,76.08
s05-r0-disconnect_trial-1,5,0,disconnect_trial,1.0,10,82.2,83.2,1.0,1.0,83,1.52,1.56004,0.52,0.5600400000000001,83.72
s05-r0-disconnect_trial-1,5,0,disconnect_trial,1.0,11,89.76,90.76,1.0,1.0,91,1.52,1.55918,0.52,0.55918,91.28
s05-r0-disconnect_trial-1,5,0,disconnect_trial,1.0,12,97.68,98.68,1.0,1.0,99,1.52,1.56021,0.52,0.5602100000000001,99.2
s05-r0-disconnect_trial-1,5,0,disconnect_trial,1.0,13,105.44,106.44,1.0,1.0,106,1.52,1.55979,0.52,0.55979,106.96
s05-r0-disconnect_trial-1,5,0,disconnect_trial,1.0,14,113.32,114.32,1.0,1.0,114,1.52,1.55953,0.52,0.5595300000000001,114.83999999999999
s05-r0-disconnect_trial-1,5,0,disconnect_trial,1.0,15,121.8,122.8,1.0,1.0,123,1.52,1.55941,0.52,0.55941,123.32
s05-r0-disconnect_trial-1,5,0,disconnect_trial,1.0,16,129.8,130.8,1.0,1.0,131,1.52,1.55961,0.52,0.5596099999999999,131.32000000000002
s05-r0-disconnect_trial-1,5,0,disconnect_trial,1.0,17,138.08,139.08,1.0,1.0,139,1.52,1.55512,0.52,0.5551200000000001,139.60000000000002
s05-r0-disconnect_trial-1,5,0,disconnect_trial,1.0,18,146.24,147.24,1.0,1.0,147,1.52,1.56041,0.52,0.5604100000000001,147.76000000000002
s05-r0-disconnect_trial-1,5,0,disconnect_trial,1.0,19,154.48,155.48,1.0,1.0,156,1.52,1.56005,0.52,0.5600499999999999,156.0
s05-r0-disconnect_trial-1,5,0,disconnect_trial,1.0,20,162.76,163.76,1.0,1.0,164,1.52,1.55986,0.52,0.55986,164.28
s05-r0-disconnect_trial-1,5,0,disconnect_trial,1.0,21,171.08,172.08,1.0,1.0,172,1.52,1.55971,0.52,0.5597099999999999,172.60000000000002
s05-r0-disconnect_trial-1,5,0,disconnect_trial,1.0,22,178.72,179.72,1.0,1.0,180,1.52,1.56007,0.52,0.5600700000000001,180.24
s05-r0-disconnect_trial-1,5,0,disconnect_trial,1.0,23,186.88,187.88,1.0,1.0,188,1.52,1.55901,0.52,0.55901,188.4
s05-r0-disconnect_trial-1,5,0,disconnect_trial,1.0,24,194.68,195.68,1.0,1.0,196,1.52,1.55889,0.52,0.5588900000000001,196.20000000000002
s05-r0-disconnect_trial-1,5,0,disconnect_trial,1.0,25,202.52,203.52,1.0,1.0,204,1.52,1.56019,0.52,0.56019,204.04000000000002
s05-r0-disconnect_trial-1,5,0,disconnect_trial,1.0,26,210.92,211.92,1.0,1.0,212,1.52,1.55956,0.52,0.5595600000000001,212.44
s05-r0-disconnect_trial-1,5,0,disconnect_trial,1.0,27,218.96,219.96,1.0,1.0,220,1.52,1.55976,0.52,0.55976,220.48000000000002
s05-r0-disconnect_trial-1,5,0,disconnect_trial,1.0,28,226.84,227.84,1.0,1.0,228,1.52,1.55976,0.52,0.55976,228.36
s05-r0-disconnect_trial-1,5,0,disconnect_trial,1.0,29,234.96,235.96,1.0,1.0,236,1.52,1.55949,0.52,0.55949,236.48000000000002
s05-r0-disconnect_trial-1,5,0,disconnect_trial,1.0,30,243.24,244.24,1.0,1.0,244,1.52,1.55939,0.52,0.55939,244.76000000000002
s05-r0-disconnect_trial-1,5,0,disconnect_trial,1.0,31,251.68,252.68,1.0,1.0,253,1.52,1.5604,0.52,0.5604,253.20000000000002
s05-r0-disconnect_trial-1,5,0,disconnect_trial,1.0,32,260.04,261.04,1.0,1.0,261,1.52,1.55988,0.52,0.5598799999999999,261.56
s05-r0-disconnect_trial-1,5,0,disconnect_trial,1.0,33,268.4,269.4,1.0,1.0,269,1.52,1.56002,0.52,0.56002,269.91999999999996
s05-r0-disconnect_trial-1,5,0,disconnect_trial,1.0,34,276.56,277.56,1.0,1.0,278,1.52,1.55991,0.52,0.5599099999999999,278.08
s05-r0-disconnect_trial-1,5,0,disconnect_trial,1.0,35,284.84,285.84,1.0,1.0,286,1.52,1.55868,0.52,0.5586800000000001,286.35999999999996
s05-r0-disconnect_trial-1,5,0,disconnect_trial,1.0,36,292.92,293.92,1.0,1.0,294,1.52,1.55981,0.52,0.5598099999999999,294.44
s05-r0-disconnect_trial-1,5,0,disconnect_trial,1.0,37,300.8,301.8,1.0,1.0,302,1.52,1.55931,0.52,0.55931,302.32
s05-r0-disconnect_trial-1,5,0,disconnect_trial,1.0,38,308.64,309.64,1.0,1.0,310,1.52,1.55926,0.52,0.5592600000000001,310.15999999999997
s05-r0-disconnect_trial-1,5,0,disconnect_trial,1.0,39,316.36,317.36,1.0,1.0,317,1.52,1.55992,0.52,0.55992,317.88
s05-r0-disconnect_trial-1,5,0,disconnect_trial,1.0,40,324.68,325.68,1.0,1.0,326,1.52,1.55992,0.52,0.55992,326.2
s05-r0-disconnect_trial-1,5,0,disconnect_trial,1.0,41,332.6,333.6,1.0,1.0,334,1.52,1.5593,0.52,0.5592999999999999,334.12
s05-r0-disconnect_trial-1,5,0,disconnect_trial,1.0,42,340.56,341.56,1.0,1.0,342,1.52,1.55967,0.52,0.5596699999999999,342.08
s05-r0-disconnect_trial-1,5,0,disconnect_trial,1.0,43,349.0,350.0,1.0,1.0,350,1.52,1.55928,0.52,0.55928,350.52
s05-r0-disconnect_trial-1,5,0,disconnect_trial,1.0,44,356.64,357.64,1.0,1.0,358,1.52,1.56405,0.52,0.5640499999999999,358.15999999999997
s05-r0-disconnect_trial-1,5,0,disconnect_trial,1.0,45,364.36,365.36,1.0,1.0,365,1.52,1.55955,0.52,0.55955,365.88
s05-r0-disconnect_trial-1,5,0,disconnect_trial,1.0,46,372.8,373.8,1.0,1.0,374,1.52,1.55926,0.52,0.5592600000000001,374.32
s05-r0-disconnect_trial-1,5,0,disconnect_trial,1.0,47,381.04,382.04,1.0,1.0,382,1.52,1.55934,0.52,0.55934,382.56
s05-r0-disconnect_trial-2,5,0,disconnect_trial,2.0,0,3.0,5.0,2.0,2.0,5,2.52,2.55749,0.52,0.55749,5.52
s05-r0-disconnect_trial-2,5,0,disconnect_trial,2.0,1,11.04,13.04,2.0,2.0,13,2.52,2.55853,0.52,0.5585300000000002,13.559999999999999
s05-r0-disconnect_trial-2,5,0,disconnect_trial,2.0,2,18.72,20.72,2.0,2.0,21,2.52,2.5603,0.52,0.5602999999999998,21.24
s05-r0-disconnect_trial-2,5,0,disconnect_trial,2.0,3,26.52,28.52,2.0,2.0,29,2.52,2.559,0.52,0.5590000000000002,29.04
s05-r0-disconnect_trial-2,5,0,disconnect_trial,2.0,4,34.56,36.56,2.0,2.0,37,2.52,2.56265,0.52,0.5626500000000001,37.080000000000005
s05-r0-disconnect_trial-2,5,0,disconnect_trial,2.0,5,43.0,45.0,2.0,2.0,45,2.52,2.5588,0.52,0.5588000000000002,45.52
s05-r0-disconnect_trial-2,5,0,disconnect_trial,2.0,6,50.64,52.64,2.0,2.0,53,2.52,2.55722,0.52,0.55722,53.160000000000004
s05-r0-disconnect_trial-2,5,0,disconnect_trial,2.0,7,58.84,60.84,2.0,2.0,61,2.52,2.55858,0.52,0.5585800000000001,61.36000000000001
s05-r0-disconnect_trial-2,5,0,disconnect_trial,2.0,8,66.56,68.56,2.0,2.0,69,2.52,2.5626,0.52,0.5626000000000002,69.08
s05-r0-disconnect_trial-2,5,0,disconnect_trial,2.0,9,74.56,76.56,2.0,2.0,77,2.52,2.56253,0.52,0.5625300000000002,77.08
s05-r0-disconnect_trial-2,5,0,disconnect_trial,2.0,10,82.2,84.2,2.0,2.0,84,2.52,2.56356,0.52,0.5635599999999998,84.72
s05-r0-disconnect_trial-2,5,0,disconnect_trial,2.0,11,89.76,91.76,2.0,2.0,92,2.52,2.5593,0.52,0.5592999999999999,92.28
s05-r0-disconnect_trial-2,5,0,disconnect_trial,2.0,12,97.68,99.68,2.0,2.0,100,2.52,2.55817,0.52,0.55817,100.2
s05-r0-disconnect_trial-2,5,0,disconnect_trial,2.0,13,105.44,107.44,2.0,2.0,107,2.52,2.56251,0.52,0.5625100000000001,107.96
s05-r0-disconnect_trial-2,5,0,disconnect_trial,2.0,14,113.32,115.32,2.0,2.0,115,2.52,2.55855,0.52,0.5585499999999999,115.83999999999999
s05-r0-disconnect_trial-2,5,0,disconnect_trial,2.0,15,121.8,123.8,2.0,2.0,124,2.52,2.55731,0.52,0.5573100000000002,124.32
s05-r0-disconnect_trial-2,5,0,disconnect_trial,2.0,16,129.8,131.8,2.0,2.0,132,2.52,2.55855,0.52,0.5585499999999999,132.32000000000002
s05-r0-disconnect_trial-2,5,0,disconnect_trial,2.0,17,138.08,140.08,2.0,2.0,140,2.52,2.56424,0.52,0.5642399999999999,140.60000000000002
s05-r0-disconnect_trial-2,5,0,disconnect_trial,2.0,18,146.24,148.24,2.0,2.0,148,2.52,2.56342,0.52,0.5634199999999998,148.76000000000002
s05-r0-disconnect_trial-2,5,0,disconnect_trial,2.0,19,154.48,156.48,2.0,2.0,157,2.52,2.55819,0.52,0.5581900000000002,157.0
s05-r0-disconnect_trial-2,5,0,disconnect_trial,2.0,20,162.76,164.76,2.0,2.0,165,2.52,2.56143,0.52,0.5614300000000001,165.28
s05-r0-disconnect_trial-2,5,0,disconnect_trial,2.0,21,171.08,173.08,2.0,2.0,173,2.52,2.56322,0.52,0.5632199999999998,173.60000000000002
s05-r0-disconnect_trial-2,5,0,disconnect_trial,2.0,22,178.72,180.72,2.0,2.0,181,2.52,2.56348,0.52,0.5634800000000002,181.24
s05-r0-disconnect_trial-2,5,0,disconnect_trial,2.0,23,186.88,188.88,2.0,2.0,189,2.52,2.55879,0.52,0.5587900000000001,189.4
s05-r0-disconnect_trial-2,5,0,disconnect_trial,2.0,24,194.68,196.68,2.0,2.0,197,2.52,2.55894,0.52,0.5589400000000002,197.20000000000002
s05-r0-disconnect_trial-2,5,0,disconnect_trial,2.0,25,202.52,204.52,2.0,2.0,205,2.52,2.55989,0.52,0.5598900000000002,205.04000000000002
s05-r0-disconnect_trial-2,5,0,disconnect_trial,2.0,26,210.92,212.92,2.0,2.0,213,2.52,2.55752,0.52,0.5575199999999998,213.44
s05-r0-disconnect_trial-2,5,0,disconnect_trial,2.0,27,218.96,220.96,2.0,2.0,221,2.52,2.55879,0.52,0.5587900000000001,221.48000000000002
s05-r0-disconnect_trial-2,5,0,disconnect_trial,2.0,28,226.84,228.84,2.0,2.0,229,2.52,2.55836,0.52,0.55836,229.36
s05-r0-disconnect_trial-2,5,0,disconnect_trial,2.0,29,234.96,236.96,2.0,2.0,237,2.52,2.55891,0.52,0.55891,237.48000000000002
s05-r0-disconnect_trial-2,5,0,disconnect_trial,2.0,30,243.24,245.24,2.0,2.0,245,2.52,2.55923,0.52,0.5592299999999999,245.76000000000002
s05-r0-disconnect_trial-2,5,0,disconnect_trial,2.0,31,251.68,253.68,2.0,2.0,254,2.52,2.55898,0.52,0.55898,254.20000000000002
s05-r0-disconnect_trial-2,5,0,disconnect_trial,2.0,32,260.04,262.04,2.0,2.0,262,2.52,2.55891,0.52,0.55891,262.56
s05-r0-disconnect_trial-2,5,0,disconnect_trial,2.0,33,268.4,270.4,2.0,2.0,270,2.52,2.56338,0.52,0.56338,270.91999999999996
s05-r0-disconnect_trial-2,5,0,disconnect_trial,2.0,34,276.56,278.56,2.0,2.0,279,2.52,2.55836,0.52,0.55836,279.08
s05-r0-disconnect_trial-2,5,0,disconnect_trial,2.0,35,284.84,286.84,2.0,2.0,287,2.52,2.55916,0.52,0.5591599999999999,287.35999999999996
s05-r0-disconnect_trial-2,5,0,disconnect_trial,2.0,36,292.92,294.92,2.0,2.0,295,2.52,2.5586,0.52,0.5586000000000002,295.44
s05-r0-disconnect_trial-2,5,0,disconnect_trial,2.0,37,300.8,302.8,2.0,2.0,303,2.52,2.56349,0.52,0.5634899999999998,303.32
s05-r0-disconnect_trial-2,5,0,disconnect_trial,2.0,38,308.64,310.64,2.0,2.0,311,2.52,2.55942,0.52,0.5594199999999998,311.15999999999997
s05-r0-disconnect_trial-2,5,0,disconnect_trial,2.0,39,316.36,318.36,2.0,2.0,318,2.52,2.55915,0.52,0.5591499999999998,318.88
s05-r0-disconnect_trial-2,5,0,disconnect_trial,2.0,40,324.68,326.68,2.0,2.0,327,2.52,2.55913,0.52,0.5591300000000001,327.2
s05-r0-disconnect_trial-2,5,0,disconnect_trial,2.0,41,332.6,334.6,2.0,2.0,335,2.52,2.55927,0.52,0.5592700000000002,335.12
s05-r0-disconnect_trial-2,5,0,disconnect_trial,2.0,42,340.56,342.56,2.0,2.0,343,2.52,2.55799,0.52,0.5579900000000002,343.08
s05-r0-disconnect_trial-2,5,0,disconnect_trial,2.0,43,349.0,351.0,2.0,2.0,351,2.52,2.56254,0.52,0.5625399999999998,351.52
s05-r0-disconnect_trial-2,5,0,disconnect_trial,2.0,44,356.64,358.64,2.0,2.0,359,2.52,2.56438,0.52,0.5643799999999999,359.15999999999997
s05-r0-disconnect_trial-2,5,0,disconnect_trial,2.0,45,364.36,366.36,2.0,2.0,366,2.52,2.55885,0.52,0.5588500000000001,366.88
s05-r0-disconnect_trial-2,5,0,disconnect_trial,2.0,46,372.8,374.8,2.0,2.0,375,2.52,2.55814,0.52,0.5581399999999999,375.32
s05-r0-disconnect_trial-2,5,0,disconnect_trial,2.0,47,381.04,383.04,2.0,2.0,383,2.52,2.55816,0.52,0.55816,383.56
s05-r1-disconnect-0.5,5,1,disconnect,0.5,0,112.08,112.6,0.5,0.519999999999996,113,1.52,1.55916,1.000000000000004,1.039160000000004,113.6
s05-r1-disconnect-0.5,5,1,disconnect,0.5,1,117.6,118.08,0.5,0.480000000000004,119,1.52,1.55972,1.039999999999996,1.079719999999996,119.11999999999999
s05-r1-disconnect-0.5,5,1,disconnect,0.5,2,125.24,125.76,0.5,0.5200000000000102,126,1.52,1.56381,0.9999999999999898,1.0438099999999897,126.75999999999999
s05-r1-disconnect-0.5,5,1,disconnect,0.5,3,136.68,137.16,0.5,0.47999999999998977,138,1.52,1.5596,1.0400000000000102,1.0796000000000103,138.20000000000002
s05-r1-disconnect-0.5,5,1,disconnect,0.5,4,161.8,162.28,0.5,0.47999999999998977,163,1.52,1.5594,1.0400000000000102,1.0794000000000101,163.32000000000002
s05-r1-disconnect-1,5,1,disconnect,1.0,0,33.04,34.04,1.0,1.0,34,1.52,1.55952,0.52,0.55952,34.56
s05-r1-disconnect-1,5,1,disconnect,1.0,1,39.04,40.04,1.0,1.0,40,1.52,1.55948,0.52,0.55948,40.56
s05-r1-disconnect-1,5,1,disconnect,1.0,2,130.76,131.76,1.0,1.0,132,1.52,1.56018,0.52,0.5601799999999999,132.28
s05-r1-disconnect-1,5,1,disconnect,1.0,3,300.36,301.36,1.0,1.0,301,1.52,1.56009,0.52,0.56009,301.88
s05-r1-disconnect-1,5,1,disconnect,1.0,4,338.44,339.44,1.0,1.0,339,1.52,1.55901,0.52,0.55901,339.96
s05-r1-disconnect-3,5,1,disconnect,3.0,0,57.04,60.04,3.0,3.0,60,3.52,3.56175,0.52,0.56175,60.56
s05-r1-disconnect-3,5,1,disconnect,3.0,1,166.64,169.64,3.0,3.0,170,3.52,3.56242,0.52,0.5624199999999999,170.16
s05-r1-disconnect-3,5,1,disconnect,3.0,2,190.2,193.2,3.0,3.0,193,3.52,3.56109,0.52,0.5610900000000001,193.72
s05-r1-disconnect-3,5,1,disconnect,3.0,3,198.2,201.2,3.0,3.0,201,3.52,3.55831,0.52,0.5583100000000001,201.72
s05-r1-disconnect-3,5,1,disconnect,3.0,4,215.6,218.6,3.0,3.0,219,3.52,3.55703,0.52,0.5570300000000001,219.12
s05-r1-disconnect_trial-0.5,5,1,disconnect_trial,0.5,0,3.0,3.52,0.5,0.52,4,1.52,1.55865,1.0,1.03865,4.52
s05-r1-disconnect_trial-0.5,5,1,disconnect_trial,0.5,1,11.04,11.52,0.5,0.4800000000000004,12,1.52,1.55931,1.0399999999999996,1.0793099999999995,12.559999999999999
s05-r1-disconnect_trial-0.5,5,1,disconnect_trial,0.5,2,18.72,19.2,0.5,0.4800000000000004,20,1.52,1.55953,1.0399999999999996,1.0795299999999997,20.24
s05-r1-disconnect_trial-0.5,5,1,disconnect_trial,0.5,3,26.52,27.0,0.5,0.4800000000000004,28,1.52,1.55894,1.0399999999999996,1.0789399999999996,28.04
s05-r1-disconnect_trial-0.5,5,1,disconnect_trial,0.5,4,34.56,35.04,0.5,0.4799999999999969,36,1.52,1.56009,1.0400000000000031,1.080090000000003,36.080000000000005
s05-r1-disconnect_trial-0.5,5,1,disconnect_trial,0.5,5,43.0,43.48,0.5,0.4799999999999969,44,1.52,1.55912,1.0400000000000031,1.0791200000000032,44.52
s05-r1-disconnect_trial-0.5,5,1,disconnect_trial,0.5,6,50.64,51.16,0.5,0.519999999999996,52,1.52,1.56023,1.000000000000004,1.040230000000004,52.160000000000004
s05-r1-disconnect_trial-0.5,5,1,disconnect_trial,0.5,7,58.84,59.36,0.5,0.519999999999996,60,1.52,1.5594,1.000000000000004,1.0394000000000039,60.36000000000001
s05-r1-disconnect_trial-0.5,5,1,disconnect_trial,0.5,8,66.56,67.08,0.5,0.519999999999996,68,1.52,1.55973,1.000000000000004,1.039730000000004,68.08
s05-r1-disconnect_trial-0.5,5,1,disconnect_trial,0.5,9,74.56,75.08,0.5,0.519999999999996,76,1.52,1.55918,1.000000000000004,1.039180000000004,76.08
s05-r1-disconnect_trial-0.5,5,1,disconnect_trial,0.5,10,82.2,82.68,0.5,0.480000000000004,83,1.52,1.55987,1.039999999999996,1.079869999999996,83.72
s05-r1-disconnect_trial-0.5,5,1,disconnect_trial,0.5,11,89.76,90.28,0.5,0.519999999999996,91,1.52,1.55932,1.000000000000004,1.039320000000004,91.28
s05-r1-disconnect_trial-0.5,5,1,disconnect_trial,0.5,12,97.68,98.16,0.5,0.47999999999998977,99,1.52,1.55951,1.0400000000000102,1.0795100000000102,99.2
s05-r1-disconnect_trial-0.5,5,1,disconnect_trial,0.5,13,105.44,105.92,0.5,0.480000000000004,106,1.52,1.55922,1.039999999999996,1.079219999999996,106.96
s05-r1-disconnect_trial-0.5,5,1,disconnect_trial,0.5,14,113.32,113.8,0.5,0.480000000000004,114,1.52,1.56024,1.039999999999996,1.080239999999996,114.83999999999999
s05-r1-disconnect_trial-0.5,5,1,disconnect_trial,0.5,15,121.8,122.28,0.5,0.480000000000004,123,1.52,1.55959,1.039999999999996,1.079589999999996,123.32
s05-r1-disconnect_trial-0.5,5,1,disconnect_trial,0.5,16,129.8,130.32,0.5,0.5199999999999818,131,1.52,1.55565,1.0000000000000182,1.0356500000000182,131.32000000000002
s05-r1-disconnect_trial-0.5,5,1,disconnect_trial,0.5,17,138.08,138.6,0.5,0.5199999999999818,139,1.52,1.56031,1.0000000000000182,1.0403100000000183,139.60000000000002
s05-r1-disconnect_trial-0.5,5,1,disconnect_trial,0.5,18,146.24,146.72,0.5,0.47999999999998977,147,1.52,1.55971,1.0400000000000102,1.0797100000000102,147.76000000000002
s05-r1-disconnect_trial-0.5,5,1,disconnect_trial,0.5,19,154.48,155.0,0.5,0.5200000000000102,156,1.52,1.55984,0.9999999999999898,1.0398399999999897,156.0
s05-r1-disconnect_trial-0.5,5,1,disconnect_trial,0.5,20,162.76,163.28,0.5,0.5200000000000102,164,1.52,1.55936,0.9999999999999898,1.0393599999999898,164.28
s05-r1-disconnect_trial-0.5,5,1,disconnect_trial,0.5,21,171.08,171.6,0.5,0.5199999999999818,172,1.52,1.5595,1.0000000000000182,1.0395000000000183,172.60000000000002
s05-r1-disconnect_trial-0.5,5,1,disconnect_trial,0.5,22,178.72,179.24,0.5,0.5200000000000102,180,1.52,1.5597,0.9999999999999898,1.0396999999999899,180.24
s05-r1-disconnect_trial-0.5,5,1,disconnect_trial,0.5,23,186.88,187.36,0.5,0.4800000000000182,188,1.52,1.55966,1.0399999999999818,1.0796599999999819,188.4
s05-r1-disconnect_trial-0.5,5,1,disconnect_trial,0.5,24,194.68,195.16,0.5,0.47999999999998977,196,1.52,1.5599,1.0400000000000102,1.0799000000000103,196.20000000000002
s05-r1-disconnect_trial-0.5,5,1,disconnect_trial,0.5,25,202.52,203.0,0.5,0.47999999999998977,204,1.52,1.55947,1.0400000000000102,1.0794700000000101,204.04000000000002
s05-r1-disconnect_trial-0.5,5,1,disconnect_trial,0.5,26,210.92,211.44,0.5,0.5200000000000102,212,1.52,1.56006,0.9999999999999898,1.0400599999999898,212.44
s05-r1-disconnect_trial-0.5,5,1,disconnect_trial,0.5,27,218.96,219.44,0.5,0.47999999999998977,220,1.52,1.56072,1.0400000000000102,1.0807200000000103,220.48000000000002
s05-r1-disconnect_trial-0.5,5,1,disconnect_trial,0.5,28,226.84,227.36,0.5,0.5200000000000102,228,1.52,1.56005,0.9999999999999898,1.0400499999999897,228.36
s05-r1-disconnect_trial-0.5,5,1,disconnect_trial,0.5,29,234.96,235.44,0.5,0.47999999999998977,236,1.52,1.55925,1.0400000000000102,1.0792500000000103,236.48000000000002
s05-r1-disconnect_trial-0.5,5,1,disconnect_trial,0.5,30,243.24,243.72,0.5,0.47999999999998977,244,1.52,1.56442,1.0400000000000102,1.0844200000000102,244.76000000000002
s05-r1-disconnect_trial-0.5,5,1,disconnect_trial,0.5,31,251.68,252.16,0.5,0.47999999999998977,253,1.52,1.55997,1.0400000000000102,1.0799700000000103,253.20000000000002
s05-r1-disconnect_trial-0.5,5,1,disconnect_trial,0.5,32,260.04,260.52,0.5,0.47999999999996135,261,1.52,1.5599,1.0400000000000387,1.0799000000000387,261.56
s05-r1-disconnect_trial-0.5,5,1,disconnect_trial,0.5,33,268.4,268.88,0.5,0.4800000000000182,269,1.52,1.55913,1.0399999999999818,1.0791299999999817,269.91999999999996
s05-r1-disconnect_trial-0.5,5,1,disconnect_trial,0.5,34,276.56,277.08,0.5,0.5199999999999818,278,1.52,1.56026,1.0000000000000182,1.0402600000000182,278.08
s05-r1-disconnect_trial-0.5,5,1,disconnect_trial,0.5,35,284.84,285.32,0.5,0.4800000000000182,286,1.52,1.56455,1.0399999999999818,1.084549999999982,286.35999999999996
s05-r1-disconnect_trial-0.5,5,1,disconnect_trial,0.5,36,292.92,293.4,0.5,0.47999999999996135,294,1.52,1.56438,1.0400000000000387,1.0843800000000388,294.44
s05-r1-disconnect_trial-0.5,5,1,disconnect_trial,0.5,37,300.8,301.28,0.5,0.47999999999996135,302,1.52,1.55961,1.0400000000000387,1.0796100000000386,302.32
s05-r1-disconnect_trial-0.5,5,1,disconnect_trial,0.5,38,308.64,309.16,0.5,0.5200000000000387,310,1.52,1.56067,0.9999999999999614,1.0406699999999613,310.15999999999997
s05-r1-disconnect_trial-0.5,5,1,disconnect_trial,0.5,39,316.36,316.84,0.5,0.47999999999996135,317,1.52,1.5597,1.0400000000000387,1.0797000000000387,317.88
s05-r1-disconnect_trial-0.5,5,1,disconnect_trial,0.5,40,324.68,325.16,0.5,0.4800000000000182,326,1.52,1.56029,1.0399999999999818,1.0802899999999818,326.2
s05-r1-disconnect_trial-0.5,5,1,disconnect_trial,0.5,41,332.6,333.08,0.5,0.47999999999996135,334,1.52,1.56002,1.0400000000000387,1.0800200000000386,334.12
s05-r1-disconnect_trial-0.5,5,1,disconnect_trial,0.5,42,340.56,341.04,0.5,0.4800000000000182,342,1.52,1.55924,1.0399999999999818,1.0792399999999818,342.08
s05-r1-disconnect_trial-0.5,5,1,disconnect_trial,0.5,43,349.0,349.52,0.5,0.5199999999999818,350,1.52,1.55875,1.0000000000000182,1.0387500000000183,350.52
s05-r1-disconnect_trial-0.5,5,1,disconnect_trial,0.5,44,356.64,357.16,0.5,0.5200000000000387,358,1.52,1.55907,0.9999999999999614,1.0390699999999613,358.15999999999997
s05-r1-disconnect_trial-0.5,5,1,disconnect_trial,0.5,45,364.36,364.84,0.5,0.47999999999996135,365,1.52,1.55842,1.0400000000000387,1.0784200000000386,365.88
s05-r1-disconnect_trial-0.5,5,1,disconnect_trial,0.5,46,372.8,373.32,0.5,0.5199999999999818,374,1.52,1.56005,1.0000000000000182,1.0400500000000181,374.32
s05-r1-disconnect_trial-0.5,5,1,disconnect_trial,0.5,47,381.04,381.56,0.5,0.5199999999999818,382,1.52,1.55924,1.0000000000000182,1.0392400000000181,382.56
s05-r1-disconnect_trial-1,5,1,disconnect_trial,1.0,0,3.0,4.0,1.0,1.0,4,1.52,1.55987,0.52,0.5598700000000001,4.52
s05-r1-disconnect_trial-1,5,1,disconnect_trial,1.0,1,11.04,12.04,1.0,1.0,12,1.52,1.56052,0.52,0.5605199999999999,12.559999999999999
s05-r1-disconnect_trial-1,5,1,disconnect_trial,1.0,2,18.72,19.72,1.0,1.0,20,1.52,1.55908,0.52,0.55908,20.24
s05-r1-disconnect_trial-1,5,1,disconnect_trial,1.0,3,26.52,27.52,1.0,1.0,28,1.52,1.55883,0.52,0.5588299999999999,28.04
s05-r1-disconnect_trial-1,5,1,disconnect_trial,1.0,4,34.56,35.56,1.0,1.0,36,1.52,1.55992,0.52,0.55992,36.080000000000005
s05-r1-disconnect_trial-1,5,1,disconnect_trial,1.0,5,43.0,44.0,1.0,1.0,44,1.52,1.55919,0.52,0.5591900000000001,44.52
s05-r1-disconnect_trial-1,5,1,disconnect_trial,1.0,6,50.64,51.64,1.0,1.0,52,1.52,1.5605,0.52,0.5605,52.160000000000004
s05-r1-disconnect_trial-1,5,1,disconnect_trial,1.0,7,58.84,59.84,1.0,1.0,60,1.52,1.55959,0.52,0.55959,60.36000000000001
s05-r1-disconnect_trial-1,5,1,disconnect_trial,1.0,8,66.56,67.56,1.0,1.0,68,1.52,1.5602,0.52,0.5602,68.08
s05-r1-disconnect_trial-1,5,1,disconnect_trial,1.0,9,74.56,75.56,1.0,1.0,76,1.52,1.56027,0.52,0.56027,76.08
s05-r1-disconnect_trial-1,5,1,disconnect_trial,1.0,10,82.2,83.2,1.0,1.0,83,1.52,1.55989,0.52,0.55989,83.72
s05-r1-disconnect_trial-1,5,1,disconnect_trial,1.0,11,89.76,90.76,1.0,1.0,91,1.52,1.55963,0.52,0.5596300000000001,91.28
s05-r1-disconnect_trial-1,5,1,disconnect_trial,1.0,12,97.68,98.68,1.0,1.0,99,1.52,1.55973,0.52,0.5597300000000001,99.2
s05-r1-disconnect_trial-1,5,1,disconnect_trial,1.0,13,105.44,106.44,1.0,1.0,106,1.52,1.55949,0.52,0.55949,106.96
s05-r1-disconnect_trial-1,5,1,disconnect_trial,1.0,14,113.32,114.32,1.0,1.0,114,1.52,1.5589,0.52,0.5589,114.83999999999999
s05-r1-disconnect_trial-1,5,1,disconnect_trial,1.0,15,121.8,122.8,1.0,1.0,123,1.52,1.55957,0.52,0.5595699999999999,123.32
s05-r1-disconnect_trial-1,5,1,disconnect_trial,1.0,16,129.8,130.8,1.0,1.0,131,1.52,1.56041,0.52,0.5604100000000001,131.32000000000002
s05-r1-disconnect_trial-1,5,1,disconnect_trial,1.0,17,138.08,139.08,1.0,1.0,139,1.52,1.55931,0.52,0.55931,139.60000000000002
s05-r1-disconnect_trial-1,5,1,disconnect_trial,1.0,18,146.24,147.24,1.0,1.0,147,1.52,1.56031,0.52,0.5603100000000001,147.76000000000002
s05-r1-disconnect_trial-1,5,1,disconnect_trial,1.0,19,154.48,155.48,1.0,1.0,156,1.52,1.55995,0.52,0.55995,156.0
s05-r1-disconnect_trial-1,5,1,disconnect_trial,1.0,20,162.76,163.76,1.0,1.0,164,1.52,1.55956,0.52,0.5595600000000001,164.28
s05-r1-disconnect_trial-1,5,1,disconnect_trial,1.0,21,171.08,172.08,1.0,1.0,172,1.52,1.55943,0.52,0.5594300000000001,172.60000000000002
s05-r1-disconnect_trial-1,5,1,disconnect_trial,1.0,22,178.72,179.72,1.0,1.0,180,1.52,1.55942,0.52,0.55942,180.24
s05-r1-disconnect_trial-1,5,1,disconnect_trial,1.0,23,186.88,187.88,1.0,1.0,188,1.52,1.55928,0.52,0.55928,188.4
s05-r1-disconnect_trial-1,5,1,disconnect_trial,1.0,24,194.68,195.68,1.0,1.0,196,1.52,1.56004,0.52,0.5600400000000001,196.20000000000002
s05-r1-disconnect_trial-1,5,1,disconnect_trial,1.0,25,202.52,203.52,1.0,1.0,204,1.52,1.56042,0.52,0.5604199999999999,204.04000000000002
s05-r1-disconnect_trial-1,5,1,disconnect_trial,1.0,26,210.92,211.92,1.0,1.0,212,1.52,1.55977,0.52,0.5597700000000001,212.44
s05-r1-disconnect_trial-1,5,1,disconnect_trial,1.0,27,218.96,219.96,1.0,1.0,220,1.52,1.5596,0.52,0.5596000000000001,220.48000000000002
s05-r1-disconnect_trial-1,5,1,disconnect_trial,1.0,28,226.84,227.84,1.0,1.0,228,1.52,1.55926,0.52,0.5592600000000001,228.36
s05-r1-disconnect_trial-1,5,1,disconnect_trial,1.0,29,234.96,235.96,1.0,1.0,236,1.52,1.56003,0.52,0.56003,236.48000000000002
s05-r1-disconnect_trial-1,5,1,disconnect_trial,1.0,30,243.24,244.24,1.0,1.0,244,1.52,1.55971,0.52,0.5597099999999999,244.76000000000002
s05-r1-disconnect_trial-1,5,1,disconnect_trial,1.0,31,251.68,252.68,1.0,1.0,253,1.52,1.55982,0.52,0.55982,253.20000000000002
s05-r1-disconnect_trial-1,5,1,disconnect_trial,1.0,32,260.04,261.04,1.0,1.0,261,1.52,1.56025,0.52,0.5602499999999999,261.56
s05-r1-disconnect_trial-1,5,1,disconnect_trial,1.0,33,268.4,269.4,1.0,1.0,269,1.52,1.55968,0.52,0.55968,269.91999999999996
s05-r1-disconnect_trial-1,5,1,disconnect_trial,1.0,34,276.56,277.56,1.0,1.0,278,1.52,1.56051,0.52,0.5605100000000001,278.08
s05-r1-disconnect_trial-1,5,1,disconnect_trial,1.0,35,284.84,285.84,1.0,1.0,286,1.52,1.56013,0.52,0.56013,286.35999999999996
s05-r1-disconnect_trial-1,5,1,disconnect_trial,1.0,36,292.92,293.92,1.0,1.0,294,1.52,1.55964,0.52,0.5596399999999999,294.44
s05-r1-disconnect_trial-1,5,1,disconnect_trial,1.0,37,300.8,301.8,1.0,1.0,302,1.52,1.56012,0.52,0.56012,302.32
s05-r1-disconnect_trial-1,5,1,disconnect_trial,1.0,38,308.64,309.64,1.0,1.0,310,1.52,1.5597,0.52,0.5597000000000001,310.15999999999997
s05-r1-disconnect_trial-1,5,1,disconnect_trial,1.0,39,316.36,317.36,1.0,1.0,317,1.52,1.55954,0.52,0.5595399999999999,317.88
s05-r1-disconnect_trial-1,5,1,disconnect_trial,1.0,40,324.68,325.68,1.0,1.0,326,1.52,1.56033,0.52,0.56033,326.2
s05-r1-disconnect_trial-1,5,1,disconnect_trial,1.0,41,332.6,333.6,1.0,1.0,334,1.52,1.55572,0.52,0.55572,334.12
s05-r1-disconnect_trial-1,5,1,disconnect_trial,1.0,42,340.56,341.56,1.0,1.0,342,1.52,1.56011,0.52,0.5601100000000001,342.08
s05-r1-disconnect_trial-1,5,1,disconnect_trial,1.0,43,349.0,350.0,1.0,1.0,350,1.52,1.55948,0.52,0.55948,350.52
s05-r1-disconnect_trial-1,5,1,disconnect_trial,1.0,44,356.64,357.64,1.0,1.0,358,1.52,1.56034,0.52,0.5603400000000001,358.15999999999997
s05-r1-disconnect_trial-1,5,1,disconnect_trial,1.0,45,364.36,365.36,1.0,1.0,365,1.52,1.56001,0.52,0.5600099999999999,365.88
s05-r1-disconnect_trial-1,5,1,disconnect_trial,1.0,46,372.8,373.8,1.0,1.0,374,1.52,1.56053,0.52,0.56053,374.32
s05-r1-disconnect_trial-1,5,1,disconnect_trial,1.0,47,381.04,382.04,1.0,1.0,382,1.52,1.55958,0.52,0.55958,382.56
s05-r1-disconnect_trial-2,5,1,disconnect_trial,2.0,0,3.0,5.0,2.0,2.0,5,2.52,2.55781,0.52,0.5578099999999999,5.52
s05-r1-disconnect_trial-2,5,1,disconnect_trial,2.0,1,11.04,13.04,2.0,2.0,13,2.52,2.55931,0.52,0.55931,13.559999999999999
s05-r1-disconnect_trial-2,5,1,disconnect_trial,2.0,2,18.72,20.72,2.0,2.0,21,2.52,2.55814,0.52,0.5581399999999999,21.24
s05-r1-disconnect_trial-2,5,1,disconnect_trial,2.0,3,26.52,28.52,2.0,2.0,29,2.52,2.56398,0.52,0.5639799999999999,29.04
s05-r1-disconnect_trial-2,5,1,disconnect_trial,2.0,4,34.56,36.56,2.0,2.0,37,2.52,2.55812,0.52,0.5581200000000002,37.080000000000005
s05-r1-disconnect_trial-2,5,1,disconnect_trial,2.0,5,43.0,45.0,2.0,2.0,45,2.52,2.55974,0.52,0.5597400000000001,45.52
s05-r1-disconnect_trial-2,5,1,disconnect_trial,2.0,6,50.64,52.64,2.0,2.0,53,2.52,2.55881,0.52,0.5588099999999998,53.160000000000004
s05-r1-disconnect_trial-2,5,1,disconnect_trial,2.0,7,58.84,60.84,2.0,2.0,61,2.52,2.56337,0.52,0.5633699999999999,61.36000000000001
s05-r1-disconnect_trial-2,5,1,disconnect_trial,2.0,8,66.56,68.56,2.0,2.0,69,2.52,2.55855,0.52,0.5585499999999999,69.08
s05-r1-disconnect_trial-2,5,1,disconnect_trial,2.0,9,74.56,76.56,2.0,2.0,77,2.52,2.5578,0.52,0.5577999999999999,77.08
s05-r1-disconnect_trial-2,5,1,disconnect_trial,2.0,10,82.2,84.2,2.0,2.0,84,2.52,2.55893,0.52,0.5589300000000001,84.72
s05-r1-disconnect_trial-2,5,1,disconnect_trial,2.0,11,89.76,91.76,2.0,2.0,92,2.52,2.55963,0.52,0.5596299999999998,92.28
s05-r1-disconnect_trial-2,5,1,disconnect_trial,2.0,12,97.68,99.68,2.0,2.0,100,2.52,2.55994,0.52,0.5599400000000001,100.2
s05-r1-disconnect_trial-2,5,1,disconnect_trial,2.0,13,105.44,107.44,2.0,2.0,107,2.52,2.55906,0.52,0.5590600000000001,107.96
s05-r1-disconnect_trial-2,5,1,disconnect_trial,2.0,14,113.32,115.32,2.0,2.0,115,2.52,2.55755,0.52,0.55755,115.83999999999999
s05-r1-disconnect_trial-2,5,1,disconnect_trial,2.0,15,121.8,123.8,2.0,2.0,124,2.52,2.56024,0.52,0.5602399999999998,124.32
s05-r1-disconnect_trial-2,5,1,disconnect_trial,2.0,16,129.8,131.8,2.0,2.0,132,2.52,2.55913,0.52,0.5591300000000001,132.32000000000002
s05-r1-disconnect_trial-2,5,1,disconnect_trial,2.0,17,138.08,140.08,2.0,2.0,140,2.52,2.55799,0.52,0.5579900000000002,140.60000000000002
s05-r1-disconnect_trial-2,5,1,disconnect_trial,2.0,18,146.24,148.24,2.0,2.0,148,2.52,2.56024,0.52,0.5602399999999998,148.76000000000002
s05-r1-disconnect_trial-2,5,1,disconnect_trial,2.0,19,154.48,156.48,2.0,2.0,157,2.52,2.55934,0.52,0.5593400000000002,157.0
s05-r1-disconnect_trial-2,5,1,disconnect_trial,2.0,20,162.76,164.76,2.0,2.0,165,2.52,2.55944,0.52,0.5594399999999999,165.28
s05-r1-disconnect_trial-2,5,1,disconnect_trial,2.0,21,171.08,173.08,2.0,2.0,173,2.52,2.55837,0.52,0.55837,173.60000000000002
s05-r1-disconnect_trial-2,5,1,disconnect_trial,2.0,22,178.72,180.72,2.0,2.0,181,2.52,2.55817,0.52,0.55817,181.24
s05-r1-disconnect_trial-2,5,1,disconnect_trial,2.0,23,186.88,188.88,2.0,2.0,189,2.52,2.55985,0.52,0.55985,189.4
s05-r1-disconnect_trial-2,5,1,disconnect_trial,2.0,24,194.68,196.68,2.0,2.0,197,2.52,2.55967,0.52,0.5596700000000001,197.20000000000002
s05-r1-disconnect_trial-2,5,1,disconnect_trial,2.0,25,202.52,204.52,2.0,2.0,205,2.52,2.55921,0.52,0.5592100000000002,205.04000000000002
s05-r1-disconnect_trial-2,5,1,disconnect_trial,2.0,26,210.92,212.92,2.0,2.0,213,2.52,2.55873,0.52,0.5587300000000002,213.44
s05-r1-disconnect_trial-2,5,1,disconnect_trial,2.0,27,218.96,220.96,2.0,2.0,221,2.52,2.56331,0.52,0.56331,221.48000000000002
s05-r1-disconnect_trial-2,5,1,disconnect_trial,2.0,28,226.84,228.84,2.0,2.0,229,2.52,2.55867,0.52,0.5586700000000002,229.36
s05-r1-disconnect_trial-2,5,1,disconnect_trial,2.0,29,234.96,236.96,2.0,2.0,237,2.52,2.55865,0.52,0.5586500000000001,237.48000000000002
s05-r1-disconnect_trial-2,5,1,disconnect_trial,2.0,30,243.24,245.24,2.0,2.0,245,2.52,2.56334,0.52,0.5633400000000002,245.76000000000002
s05-r1-disconnect_trial-2,5,1,disconnect_trial,2.0,31,251.68,253.68,2.0,2.0,254,2.52,2.55909,0.52,0.5590899999999999,254.20000000000002
s05-r1-disconnect_trial-2,5,1,disconnect_trial,2.0,32,260.04,262.04,2.0,2.0,262,2.52,2.55826,0.52,0.5582600000000002,262.56
s05-r1-disconnect_trial-2,5,1,disconnect_trial,2.0,33,268.4,270.4,2.0,2.0,270,2.52,2.56441,0.52,0.5644100000000001,270.91999999999996
s05-r1-disconnect_trial-2,5,1,disconnect_trial,2.0,34,276.56,278.56,2.0,2.0,279,2.52,2.56354,0.52,0.5635400000000002,279.08
s05-r1-disconnect_trial-2,5,1,disconnect_trial,2.0,35,284.84,286.84,2.0,2.0,287,2.52,2.55891,0.52,0.55891,287.35999999999996
s05-r1-disconnect_trial-2,5,1,disconnect_trial,2.0,36,292.92,294.92,2.0,2.0,295,2.52,2.55902,0.52,0.5590199999999999,295.44
s05-r1-disconnect_trial-2,5,1,disconnect_trial,2.0,37,300.8,302.8,2.0,2.0,303,2.52,2.55794,0.52,0.5579399999999999,303.32
s05-r1-disconnect_trial-2,5,1,disconnect_trial,2.0,38,308.64,310.64,2.0,2.0,311,2.52,2.5581,0.52,0.5581,311.15999999999997
s05-r1-disconnect_trial-2,5,1,disconnect_trial,2.0,39,316.36,318.36,2.0,2.0,318,2.52,2.55927,0.52,0.5592700000000002,318.88
s05-r1-disconnect_trial-2,5,1,disconnect_trial,2.0,40,324.68,326.68,2.0,2.0,327,2.52,2.55752,0.52,0.5575199999999998,327.2
s05-r1-disconnect_trial-2,5,1,disconnect_trial,2.0,41,332.6,334.6,2.0,2.0,335,2.52,2.55971,0.52,0.5597099999999999,335.12
s05-r1-disconnect_trial-2,5,1,disconnect_trial,2.0,42,340.56,342.56,2.0,2.0,343,2.52,2.55831,0.52,0.5583100000000001,343.08
s05-r1-disconnect_trial-2,5,1,disconnect_trial,2.0,43,349.0,351.0,2.0,2.0,351,2.52,2.55888,0.52,0.5588799999999998,351.52
s05-r1-disconnect_trial-2,5,1,disconnect_trial,2.0,44,356.64,358.64,2.0,2.0,359,2.52,2.56267,0.52,0.5626699999999998,359.15999999999997
s05-r1-disconnect_trial-2,5,1,disconnect_trial,2.0,45,364.36,366.36,2.0,2.0,366,2.52,2.55928,0.52,0.5592800000000002,366.88
s05-r1-disconnect_trial-2,5,1,disconnect_trial,2.0,46,372.8,374.8,2.0,2.0,375,2.52,2.5595,0.52,0.5594999999999999,375.32
s05-r1-disconnect_trial-2,5,1,disconnect_trial,2.0,47,381.04,383.04,2.0,2.0,383,2.52,2.56261,0.52,0.5626099999999998,383.56
s05-r2-disconnect-0.5,5,2,disconnect,0.5,0,42.0,42.48,0.5,0.4799999999999969,43,1.52,1.55916,1.0400000000000031,1.0791600000000032,43.52
s05-r2-disconnect-0.5,5,2,disconnect,0.5,1,148.68,149.2,0.5,0.5199999999999818,150,1.52,1.55976,1.0000000000000182,1.0397600000000182,150.20000000000002
s05-r2-disconnect-0.5,5,2,disconnect,0.5,2,194.08,194.6,0.5,0.5199999999999818,195,1.52,1.56422,1.0000000000000182,1.0442200000000181,195.60000000000002
s05-r2-disconnect-0.5,5,2,disconnect,0.5,3,309.24,309.72,0.5,0.4800000000000182,310,1.52,1.55979,1.0399999999999818,1.0797899999999818,310.76
s05-r2-disconnect-0.5,5,2,disconnect,0.5,4,366.08,366.56,0.5,0.4800000000000182,367,1.52,1.55995,1.0399999999999818,1.0799499999999818,367.59999999999997
s05-r2-disconnect-1,5,2,disconnect,1.0,0,121.84,122.84,1.0,1.0,123,1.52,1.55926,0.52,0.5592600000000001,123.36
s05-r2-disconnect-1,5,2,disconnect,1.0,1,152.2,153.2,1.0,1.0,153,1.52,1.56044,0.52,0.56044,153.72
s05-r2-disconnect-1,5,2,disconnect,1.0,2,173.64,174.64,1.0,1.0,175,1.52,1.56052,0.52,0.5605199999999999,175.16
s05-r2-disconnect-1,5,2,disconnect,1.0,3,299.32,300.32,1.0,1.0,300,1.52,1.55943,0.52,0.5594300000000001,300.84
s05-r2-disconnect-1,5,2,disconnect,1.0,4,365.44,366.44,1.0,1.0,366,1.52,1.5598,0.52,0.5598000000000001,366.96
s05-r2-disconnect-3,5,2,disconnect,3.0,0,217.68,220.68,3.0,3.0,221,3.56,3.59874,0.56,0.5987399999999998,221.24
s05-r2-disconnect-3,5,2,disconnect,3.0,1,266.96,269.96,3.0,3.0,270,3.52,3.55842,0.52,0.5584199999999999,270.47999999999996
s05-r2-disconnect-3,5,2,disconnect,3.0,2,281.08,284.08,3.0,3.0,284,3.52,3.55816,0.52,0.55816,284.59999999999997
s05-r2-disconnect-3,5,2,disconnect,3.0,3,348.88,351.88,3.0,3.0,352,3.52,3.56087,0.52,0.56087,352.4
s05-r2-disconnect-3,5,2,disconnect,3.0,4,360.76,363.76,3.0,3.0,364,3.52,3.55871,0.52,0.55871,364.28
s05-r2-disconnect_trial-0.5,5,2,disconnect_trial,0.5,0,3.0,3.52,0.5,0.52,4,1.52,1.55931,1.0,1.03931,4.52
s05-r2-disconnect_trial-0.5,5,2,disconnect_trial,0.5,1,11.04,11.52,0.5,0.4800000000000004,12,1.52,1.5607,1.0399999999999996,1.0806999999999995,12.559999999999999
s05-r2-disconnect_trial-0.5,5,2,disconnect_trial,0.5,2,18.72,19.2,0.5,0.4800000000000004,20,1.52,1.55886,1.0399999999999996,1.0788599999999995,20.24
s05-r2-disconnect_trial-0.5,5,2,disconnect_trial,0.5,3,26.52,27.0,0.5,0.4800000000000004,28,1.52,1.56041,1.0399999999999996,1.0804099999999996,28.04
s05-r2-disconnect_trial-0.5,5,2,disconnect_trial,0.5,4,34.56,35.04,0.5,0.4799999999999969,36,1.52,1.56,1.0400000000000031,1.0800000000000032,36.080000000000005
s05-r2-disconnect_trial-0.5,5,2,disconnect_trial,0.5,5,43.0,43.48,0.5,0.4799999999999969,44,1.52,1.56013,1.0400000000000031,1.0801300000000031,44.52
s05-r2-disconnect_trial-0.5,5,2,disconnect_trial,0.5,6,50.64,51.16,0.5,0.519999999999996,52,1.52,1.5596,1.000000000000004,1.039600000000004,52.160000000000004
s05-r2-disconnect_trial-0.5,5,2,disconnect_trial,0.5,7,58.84,59.36,0.5,0.519999999999996,60,1.52,1.55913,1.000000000000004,1.0391300000000039,60.36000000000001
s05-r2-disconnect_trial-0.5,5,2,disconnect_trial,0.5,8,66.56,67.08,0.5,0.519999999999996,68,1.52,1.5599,1.000000000000004,1.039900000000004,68.08
s05-r2-disconnect_trial-0.5,5,2,disconnect_trial,0.5,9,74.56,75.08,0.5,0.519999999999996,76,1.52,1.55983,1.000000000000004,1.039830000000004,76.08
s05-r2-disconnect_trial-0.5,5,2,disconnect_trial,0.5,10,82.2,82.68,0.5,0.480000000000004,83,1.52,1.55919,1.039999999999996,1.079189999999996,83.72
s05-r2-disconnect_trial-0.5,5,2,disconnect_trial,0.5,11,89.76,90.28,0.5,0.519999999999996,91,1.52,1.56436,1.000000000000004,1.044360000000004,91.28
s05-r2-disconnect_trial-0.5,5,2,disconnect_trial,0.5,12,97.68,98.16,0.5,0.47999999999998977,99,1.52,1.55942,1.0400000000000102,1.0794200000000103,99.2
s05-r2-disconnect_trial-0.5,5,2,disconnect_trial,0.5,13,105.44,105.92,0.5,0.480000000000004,106,1.52,1.55917,1.039999999999996,1.079169999999996,106.96
s05-r2-disconnect_trial-0.5,5,2,disconnect_trial,0.5,14,113.32,113.8,0.5,0.480000000000004,114,1.52,1.55848,1.039999999999996,1.078479999999996,114.83999999999999
s05-r2-disconnect_trial-0.5,5,2,disconnect_trial,0.5,15,121.8,122.28,0.5,0.480000000000004,123,1.52,1.55944,1.039999999999996,1.079439999999996,123.32
s05-r2-disconnect_trial-0.5,5,2,disconnect_trial,0.5,16,129.8,130.32,0.5,0.5199999999999818,131,1.52,1.55957,1.0000000000000182,1.039570000000018,131.32000000000002
s05-r2-disconnect_trial-0.5,5,2,disconnect_trial,0.5,17,138.08,138.6,0.5,0.5199999999999818,139,1.52,1.56061,1.0000000000000182,1.0406100000000182,139.60000000000002
s05-r2-disconnect_trial-0.5,5,2,disconnect_trial,0.5,18,146.24,146.72,0.5,0.47999999999998977,147,1.52,1.55953,1.0400000000000102,1.0795300000000103,147.76000000000002
s05-r2-disconnect_trial-0.5,5,2,disconnect_trial,0.5,19,154.48,155.0,0.5,0.5200000000000102,156,1.52,1.55985,0.9999999999999898,1.0398499999999897,156.0
s05-r2-disconnect_trial-0.5,5,2,disconnect_trial,0.5,20,162.76,163.28,0.5,0.5200000000000102,164,1.52,1.56016,0.9999999999999898,1.0401599999999898,164.28
s05-r2-disconnect_trial-0.5,5,2,disconnect_trial,0.5,21,171.08,171.6,0.5,0.5199999999999818,172,1.52,1.56026,1.0000000000000182,1.0402600000000182,172.60000000000002
s05-r2-disconnect_trial-0.5,5,2,disconnect_trial,0.5,22,178.72,179.24,0.5,0.5200000000000102,180,1.52,1.55968,0.9999999999999898,1.0396799999999897,180.24
s05-r2-disconnect_trial-0.5,5,2,disconnect_trial,0.5,23,186.88,187.36,0.5,0.4800000000000182,188,1.52,1.56019,1.0399999999999818,1.0801899999999818,188.4
s05-r2-disconnect_trial-0.5,5,2,disconnect_trial,0.5,24,194.68,195.16,0.5,0.47999999999998977,196,1.52,1.55949,1.0400000000000102,1.0794900000000103,196.20000000000002
s05-r2-disconnect_trial-0.5,5,2,disconnect_trial,0.5,25,202.52,203.0,0.5,0.47999999999998977,204,1.52,1.55941,1.0400000000000102,1.0794100000000102,204.04000000000002
s05-r2-disconnect_trial-0.5,5,2,disconnect_trial,0.5,26,210.92,211.44,0.5,0.5200000000000102,212,1.52,1.55926,0.9999999999999898,1.0392599999999899,212.44
s05-r2-disconnect_trial-0.5,5,2,disconnect_trial,0.5,27,218.96,219.44,0.5,0.47999999999998977,220,1.52,1.56007,1.0400000000000102,1.0800700000000103,220.48000000000002
s05-r2-disconnect_trial-0.5,5,2,disconnect_trial,0.5,28,226.84,227.36,0.5,0.5200000000000102,228,1.52,1.55957,0.9999999999999898,1.0395699999999897,228.36
s05-r2-disconnect_trial-0.5,5,2,disconnect_trial,0.5,29,234.96,235.44,0.5,0.47999999999998977,236,1.52,1.56016,1.0400000000000102,1.0801600000000102,236.48000000000002
s05-r2-disconnect_trial-0.5,5,2,disconnect_trial,0.5,30,243.24,243.72,0.5,0.47999999999998977,244,1.52,1.55958,1.0400000000000102,1.0795800000000102,244.76000000000002
s05-r2-disconnect_trial-0.5,5,2,disconnect_trial,0.5,31,251.68,252.16,0.5,0.47999999999998977,253,1.52,1.55972,1.0400000000000102,1.0797200000000102,253.20000000000002
s05-r2-disconnect_trial-0.5,5,2,disconnect_trial,0.5,32,260.04,260.52,0.5,0.47999999999996135,261,1.52,1.56024,1.0400000000000387,1.0802400000000387,261.56
s05-r2-disconnect_trial-0.5,5,2,disconnect_trial,0.5,33,268.4,268.88,0.5,0.4800000000000182,269,1.52,1.55982,1.0399999999999818,1.0798199999999818,269.91999999999996
s05-r2-disconnect_trial-0.5,5,2,disconnect_trial,0.5,34,276.56,277.08,0.5,0.5199999999999818,278,1.52,1.55958,1.0000000000000182,1.0395800000000182,278.08
s05-r2-disconnect_trial-0.5,5,2,disconnect_trial,0.5,35,284.84,285.32,0.5,0.4800000000000182,286,1.52,1.55969,1.0399999999999818,1.0796899999999818,286.35999999999996
s05-r2-disconnect_trial-0.5,5,2,disconnect_trial,0.5,36,292.92,293.4,0.5,0.47999999999996135,294,1.52,1.55543,1.0400000000000387,1.0754300000000387,294.44
s05-r2-disconnect_trial-0.5,5,2,disconnect_trial,0.5,37,300.8,301.28,0.5,0.47999999999996135,302,1.52,1.55952,1.0400000000000387,1.0795200000000387,302.32
s05-r2-disconnect_trial-0.5,5,2,disconnect_trial,0.5,38,308.64,309.16,0.5,0.5200000000000387,310,1.52,1.55982,0.9999999999999614,1.0398199999999613,310.15999999999997
s05-r2-disconnect_trial-0.5,5,2,disconnect_trial,0.5,39,316.36,316.84,0.5,0.47999999999996135,317,1.52,1.56416,1.0400000000000387,1.0841600000000386,317.88
s05-r2-disconnect_trial-0.5,5,2,disconnect_trial,0.5,40,324.68,325.16,0.5,0.4800000000000182,326,1.52,1.55947,1.0399999999999818,1.0794699999999817,326.2
s05-r2-disconnect_trial-0.5,5,2,disconnect_trial,0.5,41,332.6,333.08,0.5,0.47999999999996135,334,1.52,1.56443,1.0400000000000387,1.0844300000000386,334.12
s05-r2-disconnect_trial-0.5,5,2,disconnect_trial,0.5,42,340.56,341.04,0.5,0.4800000000000182,342,1.52,1.5597,1.0399999999999818,1.079699999999982,342.08
s05-r2-disconnect_trial-0.5,5,2,disconnect_trial,0.5,43,349.0,349.52,0.5,0.5199999999999818,350,1.52,1.56013,1.0000000000000182,1.0401300000000182,350.52
s05-r2-disconnect_trial-0.5,5,2,disconnect_trial,0.5,44,356.64,357.16,0.5,0.5200000000000387,358,1.52,1.56017,0.9999999999999614,1.0401699999999614,358.15999999999997
s05-r2-disconnect_trial-0.5,5,2,disconnect_trial,0.5,45,364.36,364.84,0.5,0.47999999999996135,365,1.52,1.56001,1.0400000000000387,1.0800100000000386,365.88
s05-r2-disconnect_trial-0.5,5,2,disconnect_trial,0.5,46,372.8,373.32,0.5,0.5199999999999818,374,1.52,1.56398,1.0000000000000182,1.0439800000000181,374.32
s05-r2-disconnect_trial-0.5,5,2,disconnect_trial,0.5,47,381.04,381.56,0.5,0.5199999999999818,382,1.52,1.5593,1.0000000000000182,1.039300000000018,382.56
s05-r2-disconnect_trial-1,5,2,disconnect_trial,1.0,0,3.0,4.0,1.0,1.0,4,1.52,1.56015,0.52,0.5601499999999999,4.52
s05-r2-disconnect_trial-1,5,2,disconnect_trial,1.0,1,11.04,12.04,1.0,1.0,12,1.52,1.55945,0.52,0.55945,12.559999999999999
s05-r2-disconnect_trial-1,5,2,disconnect_trial,1.0,2,18.72,19.72,1.0,1.0,20,1.52,1.55921,0.52,0.55921,20.24
s05-r2-disconnect_trial-1,5,2,disconnect_trial,1.0,3,26.52,27.52,1.0,1.0,28,1.52,1.55965,0.52,0.55965,28.04
s05-r2-disconnect_trial-1,5,2,disconnect_trial,1.0,4,34.56,35.56,1.0,1.0,36,1.52,1.55919,0.52,0.5591900000000001,36.080000000000005
s05-r2-disconnect_trial-1,5,2,disconnect_trial,1.0,5,43.0,44.0,1.0,1.0,44,1.52,1.56055,0.52,0.5605500000000001,44.52
s05-r2-disconnect_trial-1,5,2,disconnect_trial,1.0,6,50.64,51.64,1.0,1.0,52,1.52,1.55946,0.52,0.5594600000000001,52.160000000000004
s05-r2-disconnect_trial-1,5,2,disconnect_trial,1.0,7,58.84,59.84,1.0,1.0,60,1.52,1.55962,0.52,0.55962,60.36000000000001
s05-r2-disconnect_trial-1,5,2,disconnect_trial,1.0,8,66.56,67.56,1.0,1.0,68,1.52,1.55935,0.52,0.55935,68.08
s05-r2-disconnect_trial-1,5,2,disconnect_trial,1.0,9,74.56,75.56,1.0,1.0,76,1.52,1.56041,0.52,0.5604100000000001,76.08
s05-r2-disconnect_trial-1,5,2,disconnect_trial,1.0,10,82.2,83.2,1.0,1.0,83,1.52,1.56082,0.52,0.5608200000000001,83.72
s05-r2-disconnect_trial-1,5,2,disconnect_trial,1.0,11,89.76,90.76,1.0,1.0,91,1.52,1.56071,0.52,0.56071,91.28
s05-r2-disconnect_trial-1,5,2,disconnect_trial,1.0,12,97.68,98.68,1.0,1.0,99,1.52,1.55957,0.52,0.5595699999999999,99.2
s05-r2-disconnect_trial-1,5,2,disconnect_trial,1.0,13,105.44,106.44,1.0,1.0,106,1.52,1.55953,0.52,0.5595300000000001,106.96
s05-r2-disconnect_trial-1,5,2,disconnect_trial,1.0,14,113.32,114.32,1.0,1.0,114,1.52,1.5589,0.52,0.5589,114.83999999999999
s05-r2-disconnect_trial-1,5,2,disconnect_trial,1.0,15,121.8,122.8,1.0,1.0,123,1.52,1.55496,0.52,0.5549599999999999,123.32
s05-r2-disconnect_trial-1,5,2,disconnect_trial,1.0,16,129.8,130.8,1.0,1.0,131,1.52,1.55989,0.52,0.55989,131.32000000000002
s05-r2-disconnect_trial-1,5,2,disconnect_trial,1.0,17,138.08,139.08,1.0,1.0,139,1.52,1.56102,0.52,0.5610200000000001,139.60000000000002
s05-r2-disconnect_trial-1,5,2,disconnect_trial,1.0,18,146.24,147.24,1.0,1.0,147,1.52,1.56051,0.52,0.5605100000000001,147.76000000000002
s05-r2-disconnect_trial-1,5,2,disconnect_trial,1.0,19,154.48,155.48,1.0,1.0,156,1.52,1.55998,0.52,0.5599799999999999,156.0
s05-r2-disconnect_trial-1,5,2,disconnect_trial,1.0,20,162.76,163.76,1.0,1.0,164,1.52,1.55999,0.52,0.55999,164.28
s05-r2-disconnect_trial-1,5,2,disconnect_trial,1.0,21,171.08,172.08,1.0,1.0,172,1.52,1.55957,0.52,0.5595699999999999,172.60000000000002
s05-r2-disconnect_trial-1,5,2,disconnect_trial,1.0,22,178.72,179.72,1.0,1.0,180,1.52,1.55923,0.52,0.5592299999999999,180.24
s05-r2-disconnect_trial-1,5,2,disconnect_trial,1.0,23,186.88,187.88,1.0,1.0,188,1.52,1.55979,0.52,0.55979,188.4
s05-r2-disconnect_trial-1,5,2,disconnect_trial,1.0,24,194.68,195.68,1.0,1.0,196,1.52,1.56041,0.52,0.5604100000000001,196.20000000000002
s05-r2-disconnect_trial-1,5,2,disconnect_trial,1.0,25,202.52,203.52,1.0,1.0,204,1.52,1.55932,0.52,0.55932,204.04000000000002
s05-r2-disconnect_trial-1,5,2,disconnect_trial,1.0,26,210.92,211.92,1.0,1.0,212,1.52,1.55546,0.52,0.5554600000000001,212.44
s05-r2-disconnect_trial-1,5,2,disconnect_trial,1.0,27,218.96,219.96,1.0,1.0,220,1.52,1.55982,0.52,0.55982,220.48000000000002
s05-r2-disconnect_trial-1,5,2,disconnect_trial,1.0,28,226.84,227.84,1.0,1.0,228,1.52,1.55982,0.52,0.55982,228.36
s05-r2-disconnect_trial-1,5,2,disconnect_trial,1.0,29,234.96,235.96,1.0,1.0,236,1.52,1.55947,0.52,0.5594699999999999,236.48000000000002
s05-r2-disconnect_trial-1,5,2,disconnect_trial,1.0,30,243.24,244.24,1.0,1.0,244,1.52,1.56045,0.52,0.5604499999999999,244.76000000000002
s05-r2-disconnect_trial-1,5,2,disconnect_trial,1.0,31,251.68,252.68,1.0,1.0,253,1.52,1.55555,0.52,0.55555,253.20000000000002
s05-r2-disconnect_trial-1,5,2,disconnect_trial,1.0,32,260.04,261.04,1.0,1.0,261,1.52,1.55994,0.52,0.5599400000000001,261.56
s05-r2-disconnect_trial-1,5,2,disconnect_trial,1.0,33,268.4,269.4,1.0,1.0,269,1.52,1.56492,0.52,0.5649200000000001,269.91999999999996
s05-r2-disconnect_trial-1,5,2,disconnect_trial,1.0,34,276.56,277.56,1.0,1.0,278,1.52,1.55992,0.52,0.55992,278.08
s05-r2-disconnect_trial-1,5,2,disconnect_trial,1.0,35,284.84,285.84,1.0,1.0,286,1.52,1.5604,0.52,0.5604,286.35999999999996
s05-r2-disconnect_trial-1,5,2,disconnect_trial,1.0,36,292.92,293.92,1.0,1.0,294,1.52,1.55923,0.52,0.5592299999999999,294.44
s05-r2-disconnect_trial-1,5,2,disconnect_trial,1.0,37,300.8,301.8,1.0,1.0,302,1.52,1.56,0.52,0.56,302.32
s05-r2-disconnect_trial-1,5,2,disconnect_trial,1.0,38,308.64,309.64,1.0,1.0,310,1.52,1.55918,0.52,0.55918,310.15999999999997
s05-r2-disconnect_trial-1,5,2,disconnect_trial,1.0,39,316.36,317.36,1.0,1.0,317,1.52,1.5601,0.52,0.5601,317.88
s05-r2-disconnect_trial-1,5,2,disconnect_trial,1.0,40,324.68,325.68,1.0,1.0,326,1.52,1.55938,0.52,0.55938,326.2
s05-r2-disconnect_trial-1,5,2,disconnect_trial,1.0,41,332.6,333.6,1.0,1.0,334,1.52,1.55941,0.52,0.55941,334.12
s05-r2-disconnect_trial-1,5,2,disconnect_trial,1.0,42,340.56,341.56,1.0,1.0,342,1.52,1.56024,0.52,0.5602400000000001,342.08
s05-r2-disconnect_trial-1,5,2,disconnect_trial,1.0,43,349.0,350.0,1.0,1.0,350,1.52,1.55952,0.52,0.55952,350.52
s05-r2-disconnect_trial-1,5,2,disconnect_trial,1.0,44,356.64,357.64,1.0,1.0,358,1.52,1.5602,0.52,0.5602,358.15999999999997
s05-r2-disconnect_trial-1,5,2,disconnect_trial,1.0,45,364.36,365.36,1.0,1.0,365,1.52,1.55994,0.52,0.5599400000000001,365.88
s05-r2-disconnect_trial-1,5,2,disconnect_trial,1.0,46,372.8,373.8,1.0,1.0,374,1.52,1.55514,0.52,0.55514,374.32
s05-r2-disconnect_trial-1,5,2,disconnect_trial,1.0,47,381.04,382.04,1.0,1.0,382,1.52,1.56052,0.52,0.5605199999999999,382.56
s05-r2-disconnect_trial-2,5,2,disconnect_trial,2.0,0,3.0,5.0,2.0,2.0,5,2.52,2.56037,0.52,0.5603699999999998,5.52
s05-r2-disconnect_trial-2,5,2,disconnect_trial,2.0,1,11.04,13.04,2.0,2.0,13,2.52,2.55945,0.52,0.55945,13.559999999999999
s05-r2-disconnect_trial-2,5,2,disconnect_trial,2.0,2,18.72,20.72,2.0,2.0,21,2.52,2.55742,0.52,0.55742,21.24
s05-r2-disconnect_trial-2,5,2,disconnect_trial,2.0,3,26.52,28.52,2.0,2.0,29,2.52,2.55844,0.52,0.55844,29.04
s05-r2-disconnect_trial-2,5,2,disconnect_trial,2.0,4,34.56,36.56,2.0,2.0,37,2.52,2.55767,0.52,0.5576699999999999,37.080000000000005
s05-r2-disconnect_trial-2,5,2,disconnect_trial,2.0,5,43.0,45.0,2.0,2.0,45,2.52,2.55864,0.52,0.55864,45.52
s05-r2-disconnect_trial-2,5,2,disconnect_trial,2.0,6,50.64,52.64,2.0,2.0,53,2.52,2.55867,0.52,0.5586700000000002,53.160000000000004
s05-r2-disconnect_trial-2,5,2,disconnect_trial,2.0,7,58.84,60.84,2.0,2.0,61,2.52,2.56252,0.52,0.5625200000000001,61.36000000000001
s05-r2-disconnect_trial-2,5,2,disconnect_trial,2.0,8,66.56,68.56,2.0,2.0,69,2.52,2.55922,0.52,0.5592199999999998,69.08
s05-r2-disconnect_trial-2,5,2,disconnect_trial,2.0,9,74.56,76.56,2.0,2.0,77,2.52,2.55901,0.52,0.5590099999999998,77.08
s05-r2-disconnect_trial-2,5,2,disconnect_trial,2.0,10,82.2,84.2,2.0,2.0,84,2.52,2.558,0.52,0.5579999999999998,84.72
s05-r2-disconnect_trial-2,5,2,disconnect_trial,2.0,11,89.76,91.76,2.0,2.0,92,2.52,2.56348,0.52,0.5634800000000002,92.28
s05-r2-disconnect_trial-2,5,2,disconnect_trial,2.0,12,97.68,99.68,2.0,2.0,100,2.52,2.56295,0.52,0.5629499999999998,100.2
s05-r2-disconnect_trial-2,5,2,disconnect_trial,2.0,13,105.44,107.44,2.0,2.0,107,2.52,2.55862,0.52,0.5586199999999999,107.96
s05-r2-disconnect_trial-2,5,2,disconnect_trial,2.0,14,113.32,115.32,2.0,2.0,115,2.52,2.55824,0.52,0.5582400000000001,115.83999999999999
s05-r2-disconnect_trial-2,5,2,disconnect_trial,2.0,15,121.8,123.8,2.0,2.0,124,2.52,2.55841,0.52,0.5584099999999999,124.32
s05-r2-disconnect_trial-2,5,2,disconnect_trial,2.0,16,129.8,131.8,2.0,2.0,132,2.52,2.56325,0.52,0.56325,132.32000000000002
s05-r2-disconnect_trial-2,5,2,disconnect_trial,2.0,17,138.08,140.08,2.0,2.0,140,2.52,2.56498,0.52,0.5649799999999998,140.60000000000002
s05-r2-disconnect_trial-2,5,2,disconnect_trial,2.0,18,146.24,148.24,2.0,2.0,148,2.52,2.5639,0.52,0.5638999999999998,148.76000000000002
s05-r2-disconnect_trial-2,5,2,disconnect_trial,2.0,19,154.48,156.48,2.0,2.0,157,2.52,2.56374,0.52,0.5637400000000001,157.0
s05-r2-disconnect_trial-2,5,2,disconnect_trial,2.0,20,162.76,164.76,2.0,2.0,165,2.52,2.55914,0.52,0.5591400000000002,165.28
s05-r2-disconnect_trial-2,5,2,disconnect_trial,2.0,21,171.08,173.08,2.0,2.0,173,2.52,2.55803,0.52,0.55803,173.60000000000002
s05-r2-disconnect_trial-2,5,2,disconnect_trial,2.0,22,178.72,180.72,2.0,2.0,181,2.52,2.5638,0.52,0.5638000000000001,181.24
s05-r2-disconnect_trial-2,5,2,disconnect_trial,2.0,23,186.88,188.88,2.0,2.0,189,2.52,2.55847,0.52,0.5584699999999998,189.4
s05-r2-disconnect_trial-2,5,2,disconnect_trial,2.0,24,194.68,196.68,2.0,2.0,197,2.52,2.55843,0.52,0.55843,197.20000000000002
s05-r2-disconnect_trial-2,5,2,disconnect_trial,2.0,25,202.52,204.52,2.0,2.0,205,2.52,2.55847,0.52,0.5584699999999998,205.04000000000002
s05-r2-disconnect_trial-2,5,2,disconnect_trial,2.0,26,210.92,212.92,2.0,2.0,213,2.52,2.55886,0.52,0.5588600000000001,213.44
s05-r2-disconnect_trial-2,5,2,disconnect_trial,2.0,27,218.96,220.96,2.0,2.0,221,2.52,2.55815,0.52,0.5581499999999999,221.48000000000002
s05-r2-disconnect_trial-2,5,2,disconnect_trial,2.0,28,226.84,228.84,2.0,2.0,229,2.52,2.55965,0.52,0.55965,229.36
s05-r2-disconnect_trial-2,5,2,disconnect_trial,2.0,29,234.96,236.96,2.0,2.0,237,2.56,2.59928,0.56,0.5992799999999998,237.52
s05-r2-disconnect_trial-2,5,2,disconnect_trial,2.0,30,243.24,245.24,2.0,2.0,245,2.52,2.55805,0.52,0.5580500000000002,245.76000000000002
s05-r2-disconnect_trial-2,5,2,disconnect_trial,2.0,31,251.68,253.68,2.0,2.0,254,2.52,2.55858,0.52,0.5585800000000001,254.20000000000002
s05-r2-disconnect_trial-2,5,2,disconnect_trial,2.0,32,260.04,262.04,2.0,2.0,262,2.52,2.55913,0.52,0.5591300000000001,262.56
s05-r2-disconnect_trial-2,5,2,disconnect_trial,2.0,33,268.4,270.4,2.0,2.0,270,2.52,2.55851,0.52,0.5585100000000001,270.91999999999996
s05-r2-disconnect_trial-2,5,2,disconnect_trial,2.0,34,276.56,278.56,2.0,2.0,279,2.52,2.55882,0.52,0.5588199999999999,279.08
s05-r2-disconnect_trial-2,5,2,disconnect_trial,2.0,35,284.84,286.84,2.0,2.0,287,2.52,2.55907,0.52,0.5590700000000002,287.35999999999996
s05-r2-disconnect_trial-2,5,2,disconnect_trial,2.0,36,292.92,294.92,2.0,2.0,295,2.52,2.56291,0.52,0.56291,295.44
s05-r2-disconnect_trial-2,5,2,disconnect_trial,2.0,37,300.8,302.8,2.0,2.0,303,2.52,2.55965,0.52,0.55965,303.32
s05-r2-disconnect_trial-2,5,2,disconnect_trial,2.0,38,308.64,310.64,2.0,2.0,311,2.52,2.55723,0.52,0.5572300000000001,311.15999999999997
s05-r2-disconnect_trial-2,5,2,disconnect_trial,2.0,39,316.36,318.36,2.0,2.0,318,2.52,2.56334,0.52,0.5633400000000002,318.88
s05-r2-disconnect_trial-2,5,2,disconnect_trial,2.0,40,324.68,326.68,2.0,2.0,327,2.52,2.55868,0.52,0.5586799999999998,327.2
s05-r2-disconnect_trial-2,5,2,disconnect_trial,2.0,41,332.6,334.6,2.0,2.0,335,2.52,2.55757,0.52,0.5575700000000001,335.12
s05-r2-disconnect_trial-2,5,2,disconnect_trial,2.0,42,340.56,342.56,2.0,2.0,343,2.52,2.55884,0.52,0.55884,343.08
s05-r2-disconnect_trial-2,5,2,disconnect_trial,2.0,43,349.0,351.0,2.0,2.0,351,2.52,2.55942,0.52,0.5594199999999998,351.52
s05-r2-disconnect_trial-2,5,2,disconnect_trial,2.0,44,356.64,358.64,2.0,2.0,359,2.52,2.55836,0.52,0.55836,359.15999999999997
s05-r2-disconnect_trial-2,5,2,disconnect_trial,2.0,45,364.36,366.36,2.0,2.0,366,2.52,2.55933,0.52,0.5593300000000001,366.88
s05-r2-disconnect_trial-2,5,2,disconnect_trial,2.0,46,372.8,374.8,2.0,2.0,375,2.52,2.56329,0.52,0.5632899999999998,375.32
s05-r2-disconnect_trial-2,5,2,disconnect_trial,2.0,47,381.04,383.04,2.0,2.0,383,2.52,2.55845,0.52,0.5584500000000001,383.56
s05-r3-disconnect-0.5,5,3,disconnect,0.5,0,129.0,129.48,0.5,0.47999999999998977,130,1.52,1.56387,1.0400000000000102,1.0838700000000103,130.52
s05-r3-disconnect-0.5,5,3,disconnect,0.5,1,259.4,259.88,0.5,0.4800000000000182,260,1.52,1.55945,1.0399999999999818,1.0794499999999818,260.91999999999996
s05-r3-disconnect-0.5,5,3,disconnect,0.5,2,307.04,307.52,0.5,0.47999999999996135,308,1.52,1.55903,1.0400000000000387,1.0790300000000386,308.56
s05-r3-disconnect-0.5,5,3,disconnect,0.5,3,354.24,354.76,0.5,0.5199999999999818,355,1.52,1.55931,1.0000000000000182,1.0393100000000182,355.76
s05-r3-disconnect-0.5,5,3,disconnect,0.5,4,366.08,366.6,0.5,0.5200000000000387,367,1.52,1.55945,0.9999999999999614,1.0394499999999613,367.59999999999997
s05-r3-disconnect-1,5,3,disconnect,1.0,0,29.48,30.48,1.0,1.0,31,1.52,1.55918,0.52,0.55918,31.0
s05-r3-disconnect-1,5,3,disconnect,1.0,1,74.56,75.56,1.0,1.0,76,1.52,1.55895,0.52,0.5589500000000001,76.08
s05-r3-disconnect-1,5,3,disconnect,1.0,2,239.6,240.6,1.0,1.0,241,1.52,1.55996,0.52,0.55996,241.12
s05-r3-disconnect-1,5,3,disconnect,1.0,3,266.2,267.2,1.0,1.0,267,1.52,1.55959,0.52,0.55959,267.71999999999997
s05-r3-disconnect-1,5,3,disconnect,1.0,4,290.08,291.08,1.0,1.0,291,1.52,1.55906,0.52,0.5590599999999999,291.59999999999997
s05-r3-disconnect-3,5,3,disconnect,3.0,0,113.0,116.0,3.0,3.0,116,3.56,3.5984,0.56,0.5983999999999998,116.56
s05-r3-disconnect-3,5,3,disconnect,3.0,1,161.8,164.8,3.0,3.0,165,3.52,3.55728,0.52,0.55728,165.32000000000002
s05-r3-disconnect-3,5,3,disconnect,3.0,2,202.4,205.4,3.0,3.0,205,3.52,3.56234,0.52,0.5623399999999998,205.92000000000002
s05-r3-disconnect-3,5,3,disconnect,3.0,3,320.96,323.96,3.0,3.0,324,3.52,3.5583,0.52,0.5583,324.47999999999996
s05-r3-disconnect-3,5,3,disconnect,3.0,4,330.92,333.92,3.0,3.0,334,3.52,3.55691,0.52,0.5569099999999998,334.44
s05-r3-disconnect_trial-0.5,5,3,disconnect_trial,0.5,0,3.0,3.52,0.5,0.52,4,1.52,1.55991,1.0,1.03991,4.52
s05-r3-disconnect_trial-0.5,5,3,disconnect_trial,0.5,1,11.04,11.52,0.5,0.4800000000000004,12,1.52,1.56006,1.0399999999999996,1.0800599999999996,12.559999999999999
s05-r3-disconnect_trial-0.5,5,3,disconnect_trial,0.5,2,18.72,19.2,0.5,0.4800000000000004,20,1.52,1.56039,1.0399999999999996,1.0803899999999995,20.24
s05-r3-disconnect_trial-0.5,5,3,disconnect_trial,0.5,3,26.52,27.0,0.5,0.4800000000000004,28,1.52,1.56003,1.0399999999999996,1.0800299999999996,28.04
s05-r3-disconnect_trial-0.5,5,3,disconnect_trial,0.5,4,34.56,35.04,0.5,0.4799999999999969,36,1.52,1.55964,1.0400000000000031,1.079640000000003,36.080000000000005
s05-r3-disconnect_trial-0.5,5,3,disconnect_trial,0.5,5,43.0,43.48,0.5,0.4799999999999969,44,1.52,1.5603,1.0400000000000031,1.0803000000000031,44.52
s05-r3-disconnect_trial-0.5,5,3,disconnect_trial,0.5,6,50.64,51.16,0.5,0.519999999999996,52,1.52,1.55965,1.000000000000004,1.039650000000004,52.160000000000004
s05-r3-disconnect_trial-0.5,5,3,disconnect_trial,0.5,7,58.84,59.36,0.5,0.519999999999996,60,1.52,1.55942,1.000000000000004,1.039420000000004,60.36000000000001
s05-r3-disconnect_trial-0.5,5,3,disconnect_trial,0.5,8,66.56,67.08,0.5,0.519999999999996,68,1.52,1.5588,1.000000000000004,1.038800000000004,68.08
s05-r3-disconnect_trial-0.5,5,3,disconnect_trial,0.5,9,74.56,75.08,0.5,0.519999999999996,76,1.52,1.56001,1.000000000000004,1.0400100000000039,76.08
s05-r3-disconnect_trial-0.5,5,3,disconnect_trial,0.5,10,82.2,82.68,0.5,0.480000000000004,83,1.52,1.56065,1.039999999999996,1.0806499999999961,83.72
s05-r3-disconnect_trial-0.5,5,3,disconnect_trial,0.5,11,89.76,90.28,0.5,0.519999999999996,91,1.52,1.56041,1.000000000000004,1.040410000000004,91.28
s05-r3-disconnect_trial-0.5,5,3,disconnect_trial,0.5,12,97.68,98.16,0.5,0.47999999999998977,99,1.52,1.56383,1.0400000000000102,1.0838300000000103,99.2
s05-r3-disconnect_trial-0.5,5,3,disconnect_trial,0.5,13,105.44,105.92,0.5,0.480000000000004,106,1.52,1.55977,1.039999999999996,1.0797699999999961,106.96
s05-r3-disconnect_trial-0.5,5,3,disconnect_trial,0.5,14,113.32,113.8,0.5,0.480000000000004,114,1.52,1.5644,1.039999999999996,1.084399999999996,114.83999999999999
s05-r3-disconnect_trial-0.5,5,3,disconnect_trial,0.5,15,121.8,122.28,0.5,0.480000000000004,123,1.52,1.55921,1.039999999999996,1.079209999999996,123.32
s05-r3-disconnect_trial-0.5,5,3,disconnect_trial,0.5,16,129.8,130.32,0.5,0.5199999999999818,131,1.52,1.55936,1.0000000000000182,1.0393600000000183,131.32000000000002
s05-r3-disconnect_trial-0.5,5,3,disconnect_trial,0.5,17,138.08,138.6,0.5,0.5199999999999818,139,1.52,1.56064,1.0000000000000182,1.0406400000000182,139.60000000000002
s05-r3-disconnect_trial-0.5,5,3,disconnect_trial,0.5,18,146.24,146.72,0.5,0.47999999999998977,147,1.52,1.55866,1.0400000000000102,1.0786600000000102,147.76000000000002
s05-r3-disconnect_trial-0.5,5,3,disconnect_trial,0.5,19,154.48,155.0,0.5,0.5200000000000102,156,1.52,1.55917,0.9999999999999898,1.0391699999999897,156.0
s05-r3-disconnect_trial-0.5,5,3,disconnect_trial,0.5,20,162.76,163.28,0.5,0.5200000000000102,164,1.52,1.56002,0.9999999999999898,1.0400199999999897,164.28
s05-r3-disconnect_trial-0.5,5,3,disconnect_trial,0.5,21,171.08,171.6,0.5,0.5199999999999818,172,1.52,1.56027,1.0000000000000182,1.0402700000000182,172.60000000000002
s05-r3-disconnect_trial-0.5,5,3,disconnect_trial,0.5,22,178.72,179.24,0.5,0.5200000000000102,180,1.52,1.56404,0.9999999999999898,1.0440399999999899,180.24
s05-r3-disconnect_trial-0.5,5,3,disconnect_trial,0.5,23,186.88,187.36,0.5,0.4800000000000182,188,1.52,1.56044,1.0399999999999818,1.0804399999999819,188.4
s05-r3-disconnect_trial-0.5,5,3,disconnect_trial,0.5,24,194.68,195.16,0.5,0.47999999999998977,196,1.52,1.56048,1.0400000000000102,1.0804800000000103,196.20000000000002
s05-r3-disconnect_trial-0.5,5,3,disconnect_trial,0.5,25,202.52,203.0,0.5,0.47999999999998977,204,1.52,1.56017,1.0400000000000102,1.0801700000000103,204.04000000000002
s05-r3-disconnect_trial-0.5,5,3,disconnect_trial,0.5,26,210.92,211.44,0.5,0.5200000000000102,212,1.52,1.55985,0.9999999999999898,1.0398499999999897,212.44
s05-r3-disconnect_trial-0.5,5,3,disconnect_trial,0.5,27,218.96,219.44,0.5,0.47999999999998977,220,1.52,1.56037,1.0400000000000102,1.0803700000000103,220.48000000000002
s05-r3-disconnect_trial-0.5,5,3,disconnect_trial,0.5,28,226.84,227.36,0.5,0.5200000000000102,228,1.52,1.55984,0.9999999999999898,1.0398399999999897,228.36
s05-r3-disconnect_trial-0.5,5,3,disconnect_trial,0.5,29,234.96,235.44,0.5,0.47999999999998977,236,1.52,1.5592,1.0400000000000102,1.0792000000000102,236.48000000000002
s05-r3-disconnect_trial-0.5,5,3,disconnect_trial,0.5,30,243.24,243.72,0.5,0.47999999999998977,244,1.52,1.56019,1.0400000000000102,1.0801900000000102,244.76000000000002
s05-r3-disconnect_trial-0.5,5,3,disconnect_trial,0.5,31,251.68,252.16,0.5,0.47999999999998977,253,1.52,1.56003,1.0400000000000102,1.0800300000000103,253.20000000000002
s05-r3-disconnect_trial-0.5,5,3,disconnect_trial,0.5,32,260.04,260.52,0.5,0.47999999999996135,261,1.52,1.55863,1.0400000000000387,1.0786300000000386,261.56
s05-r3-disconnect_trial-0.5,5,3,disconnect_trial,0.5,33,268.4,268.88,0.5,0.4800000000000182,269,1.52,1.55891,1.0399999999999818,1.0789099999999818,269.91999999999996
s05-r3-disconnect_trial-0.5,5,3,disconnect_trial,0.5,34,276.56,277.08,0.5,0.5199999999999818,278,1.52,1.55943,1.0000000000000182,1.0394300000000183,278.08
s05-r3-disconnect_trial-0.5,5,3,disconnect_trial,0.5,35,284.84,285.32,0.5,0.4800000000000182,286,1.52,1.55944,1.0399999999999818,1.0794399999999817,286.35999999999996
s05-r3-disconnect_trial-0.5,5,3,disconnect_trial,0.5,36,292.92,293.4,0.5,0.47999999999996135,294,1.52,1.55889,1.0400000000000387,1.0788900000000388,294.44
s05-r3-disconnect_trial-0.5,5,3,disconnect_trial,0.5,37,300.8,301.28,0.5,0.47999999999996135,302,1.52,1.55955,1.0400000000000387,1.0795500000000386,302.32
s05-r3-disconnect_trial-0.5,5,3,disconnect_trial,0.5,38,308.64,309.16,0.5,0.5200000000000387,310,1.52,1.559,0.9999999999999614,1.0389999999999613,310.15999999999997
s05-r3-disconnect_trial-0.5,5,3,disconnect_trial,0.5,39,316.36,316.84,0.5,0.47999999999996135,317,1.52,1.55747,1.0400000000000387,1.0774700000000386,317.88
s05-r3-disconnect_trial-0.5,5,3,disconnect_trial,0.5,40,324.68,325.16,0.5,0.4800000000000182,326,1.52,1.56001,1.0399999999999818,1.0800099999999817,326.2
s05-r3-disconnect_trial-0.5,5,3,disconnect_trial,0.5,41,332.6,333.08,0.5,0.47999999999996135,334,1.52,1.56029,1.0400000000000387,1.0802900000000386,334.12
s05-r3-disconnect_trial-0.5,5,3,disconnect_trial,0.5,42,340.56,341.04,0.5,0.4800000000000182,342,1.52,1.55658,1.0399999999999818,1.0765799999999819,342.08
s05-r3-disconnect_trial-0.5,5,3,disconnect_trial,0.5,43,349.0,349.52,0.5,0.5199999999999818,350,1.52,1.55964,1.0000000000000182,1.039640000000018,350.52
s05-r3-disconnect_trial-0.5,5,3,disconnect_trial,0.5,44,356.64,357.16,0.5,0.5200000000000387,358,1.52,1.55936,0.9999999999999614,1.0393599999999614,358.15999999999997
s05-r3-disconnect_trial-0.5,5,3,disconnect_trial,0.5,45,364.36,364.84,0.5,0.47999999999996135,365,1.52,1.55946,1.0400000000000387,1.0794600000000387,365.88
s05-r3-disconnect_trial-0.5,5,3,disconnect_trial,0.5,46,372.8,373.32,0.5,0.5199999999999818,374,1.52,1.56447,1.0000000000000182,1.0444700000000182,374.32
s05-r3-disconnect_trial-0.5,5,3,disconnect_trial,0.5,47,381.04,381.56,0.5,0.5199999999999818,382,1.52,1.5593,1.0000000000000182,1.039300000000018,382.56
s05-r3-disconnect_trial-1,5,3,disconnect_trial,1.0,0,3.0,4.0,1.0,1.0,4,1.52,1.55984,0.52,0.5598399999999999,4.52
s05-r3-disconnect_trial-1,5,3,disconnect_trial,1.0,1,11.04,12.04,1.0,1.0,12,1.52,1.55949,0.52,0.55949,12.559999999999999
s05-r3-disconnect_trial-1,5,3,disconnect_trial,1.0,2,18.72,19.72,1.0,1.0,20,1.52,1.564,0.52,0.5640000000000001,20.24
s05-r3-disconnect_trial-1,5,3,disconnect_trial,1.0,3,26.52,27.52,1.0,1.0,28,1.52,1.55863,0.52,0.55863,28.04
s05-r3-disconnect_trial-1,5,3,disconnect_trial,1.0,4,34.56,35.56,1.0,1.0,36,1.52,1.5593,0.52,0.5592999999999999,36.080000000000005
s05-r3-disconnect_trial-1,5,3,disconnect_trial,1.0,5,43.0,44.0,1.0,1.0,44,1.52,1.55934,0.52,0.55934,44.52
s05-r3-disconnect_trial-1,5,3,disconnect_trial,1.0,6,50.64,51.64,1.0,1.0,52,1.52,1.56461,0.52,0.5646100000000001,52.160000000000004
s05-r3-disconnect_trial-1,5,3,disconnect_trial,1.0,7,58.84,59.84,1.0,1.0,60,1.52,1.55936,0.52,0.5593600000000001,60.36000000000001
s05-r3-disconnect_trial-1,5,3,disconnect_trial,1.0,8,66.56,67.56,1.0,1.0,68,1.52,1.55838,0.52,0.5583800000000001,68.08
s05-r3-disconnect_trial-1,5,3,disconnect_trial,1.0,9,74.56,75.56,1.0,1.0,76,1.52,1.56026,0.52,0.56026,76.08
s05-r3-disconnect_trial-1,5,3,disconnect_trial,1.0,10,82.2,83.2,1.0,1.0,83,1.52,1.55974,0.52,0.5597399999999999,83.72
s05-r3-disconnect_trial-1,5,3,disconnect_trial,1.0,11,89.76,90.76,1.0,1.0,91,1.52,1.56006,0.52,0.56006,91.28
s05-r3-disconnect_trial-1,5,3,disconnect_trial,1.0,12,97.68,98.68,1.0,1.0,99,1.52,1.55965,0.52,0.55965,99.2
s05-r3-disconnect_trial-1,5,3,disconnect_trial,1.0,13,105.44,106.44,1.0,1.0,106,1.52,1.55902,0.52,0.5590200000000001,106.96
s05-r3-disconnect_trial-1,5,3,disconnect_trial,1.0,14,113.32,114.32,1.0,1.0,114,1.52,1.564,0.52,0.5640000000000001,114.83999999999999
s05-r3-disconnect_trial-1,5,3,disconnect_trial,1.0,15,121.8,122.8,1.0,1.0,123,1.52,1.55946,0.52,0.5594600000000001,123.32
s05-r3-disconnect_trial-1,5,3,disconnect_trial,1.0,16,129.8,130.8,1.0,1.0,131,1.52,1.55922,0.52,0.55922,131.32000000000002
s05-r3-disconnect_trial-1,5,3,disconnect_trial,1.0,17,138.08,139.08,1.0,1.0,139,1.52,1.56097,0.52,0.56097,139.60000000000002
s05-r3-disconnect_trial-1,5,3,disconnect_trial,1.0,18,146.24,147.24,1.0,1.0,147,1.52,1.55575,0.52,0.55575,147.76000000000002
s05-r3-disconnect_trial-1,5,3,disconnect_trial,1.0,19,154.48,155.48,1.0,1.0,156,1.52,1.55885,0.52,0.5588500000000001,156.0
s05-r3-disconnect_trial-1,5,3,disconnect_trial,1.0,20,162.76,163.76,1.0,1.0,164,1.52,1.55981,0.52,0.5598099999999999,164.28
s05-r3-disconnect_trial-1,5,3,disconnect_trial,1.0,21,171.08,172.08,1.0,1.0,172,1.52,1.5596,0.52,0.5596000000000001,172.60000000000002
s05-r3-disconnect_trial-1,5,3,disconnect_trial,1.0,22,178.72,179.72,1.0,1.0,180,1.52,1.5598,0.52,0.5598000000000001,180.24
s05-r3-disconnect_trial-1,5,3,disconnect_trial,1.0,23,186.88,187.88,1.0,1.0,188,1.52,1.55809,0.52,0.55809,188.4
s05-r3-disconnect_trial-1,5,3,disconnect_trial,1.0,24,194.68,195.68,1.0,1.0,196,1.52,1.56018,0.52,0.5601799999999999,196.20000000000002
s05-r3-disconnect_trial-1,5,3,disconnect_trial,1.0,25,202.52,203.52,1.0,1.0,204,1.52,1.55945,0.52,0.55945,204.04000000000002
s05-r3-disconnect_trial-1,5,3,disconnect_trial,1.0,26,210.92,211.92,1.0,1.0,212,1.52,1.55957,0.52,0.5595699999999999,212.44
s05-r3-disconnect_trial-1,5,3,disconnect_trial,1.0,27,218.96,219.96,1.0,1.0,220,1.52,1.55979,0.52,0.55979,220.48000000000002
s05-r3-disconnect_trial-1,5,3,disconnect_trial,1.0,28,226.84,227.84,1.0,1.0,228,1.52,1.55972,0.52,0.55972,228.36
s05-r3-disconnect_trial-1,5,3,disconnect_trial,1.0,29,234.96,235.96,1.0,1.0,236,1.56,1.59979,0.56,0.59979,236.52
s05-r3-disconnect_trial-1,5,3,disconnect_trial,1.0,30,243.24,244.24,1.0,1.0,244,1.52,1.55909,0.52,0.5590900000000001,244.76000000000002
s05-r3-disconnect_trial-1,5,3,disconnect_trial,1.0,31,251.68,252.68,1.0,1.0,253,1.52,1.56436,0.52,0.56436,253.20000000000002
s05-r3-disconnect_trial-1,5,3,disconnect_trial,1.0,32,260.04,261.04,1.0,1.0,261,1.52,1.56332,0.52,0.56332,261.56
s05-r3-disconnect_trial-1,5,3,disconnect_trial,1.0,33,268.4,269.4,1.0,1.0,269,1.52,1.55874,0.52,0.55874,269.91999999999996
s05-r3-disconnect_trial-1,5,3,disconnect_trial,1.0,34,276.56,277.56,1.0,1.0,278,1.52,1.55918,0.52,0.55918,278.08
s05-r3-disconnect_trial-1,5,3,disconnect_trial,1.0,35,284.84,285.84,1.0,1.0,286,1.52,1.55944,0.52,0.5594399999999999,286.35999999999996
s05-r3-disconnect_trial-1,5,3,disconnect_trial,1.0,36,292.92,293.92,1.0,1.0,294,1.52,1.55879,0.52,0.5587899999999999,294.44
s05-r3-disconnect_trial-1,5,3,disconnect_trial,1.0,37,300.8,301.8,1.0,1.0,302,1.52,1.55936,0.52,0.5593600000000001,302.32
s05-r3-disconnect_trial-1,5,3,disconnect_trial,1.0,38,308.64,309.64,1.0,1.0,310,1.52,1.56457,0.52,0.56457,310.15999999999997
s05-r3-disconnect_trial-1,5,3,disconnect_trial,1.0,39,316.36,317.36,1.0,1.0,317,1.52,1.55932,0.52,0.55932,317.88
s05-r3-disconnect_trial-1,5,3,disconnect_trial,1.0,40,324.68,325.68,1.0,1.0,326,1.52,1.55953,0.52,0.5595300000000001,326.2
s05-r3-disconnect_trial-1,5,3,disconnect_trial,1.0,41,332.6,333.6,1.0,1.0,334,1.52,1.55925,0.52,0.55925,334.12
s05-r3-disconnect_trial-1,5,3,disconnect_trial,1.0,42,340.56,341.56,1.0,1.0,342,1.52,1.55989,0.52,0.55989,342.08
s05-r3-disconnect_trial-1,5,3,disconnect_trial,1.0,43,349.0,350.0,1.0,1.0,350,1.52,1.56169,0.52,0.56169,350.52
s05-r3-disconnect_trial-1,5,3,disconnect_trial,1.0,44,356.64,357.64,1.0,1.0,358,1.52,1.5603,0.52,0.5603,358.15999999999997
s05-r3-disconnect_trial-1,5,3,disconnect_trial,1.0,45,364.36,365.36,1.0,1.0,365,1.52,1.55967,0.52,0.5596699999999999,365.88
s05-r3-disconnect_trial-1,5,3,disconnect_trial,1.0,46,372.8,373.8,1.0,1.0,374,1.52,1.55965,0.52,0.55965,374.32
s05-r3-disconnect_trial-1,5,3,disconnect_trial,1.0,47,381.04,382.04,1.0,1.0,382,1.52,1.55996,0.52,0.55996,382.56
s05-r3-disconnect_trial-2,5,3,disconnect_trial,2.0,0,3.0,5.0,2.0,2.0,5,2.52,2.55746,0.52,0.5574599999999998,5.52
s05-r3-disconnect_trial-2,5,3,disconnect_trial,2.0,1,11.04,13.04,2.0,2.0,13,2.52,2.55797,0.52,0.5579700000000001,13.559999999999999
s05-r3-disconnect_trial-2,5,3,disconnect_trial,2.0,2,18.72,20.72,2.0,2.0,21,2.52,2.55736,0.52,0.5573600000000001,21.24
s05-r3-disconnect_trial-2,5,3,disconnect_trial,2.0,3,26.52,28.52,2.0,2.0,29,2.52,2.55735,0.52,0.55735,29.04
s05-r3-disconnect_trial-2,5,3,disconnect_trial,2.0,4,34.56,36.56,2.0,2.0,37,2.52,2.5585,0.52,0.5585,37.080000000000005
s05-r3-disconnect_trial-2,5,3,disconnect_trial,2.0,5,43.0,45.0,2.0,2.0,45,2.52,2.55889,0.52,0.5588899999999999,45.52
s05-r3-disconnect_trial-2,5,3,disconnect_trial,2.0,6,50.64,52.64,2.0,2.0,53,2.52,2.55754,0.52,0.5575399999999999,53.160000000000004
s05-r3-disconnect_trial-2,5,3,disconnect_trial,2.0,7,58.84,60.84,2.0,2.0,61,2.52,2.55944,0.52,0.5594399999999999,61.36000000000001
s05-r3-disconnect_trial-2,5,3,disconnect_trial,2.0,8,66.56,68.56,2.0,2.0,69,2.52,2.55844,0.52,0.55844,69.08
s05-r3-disconnect_trial-2,5,3,disconnect_trial,2.0,9,74.56,76.56,2.0,2.0,77,2.52,2.559,0.52,0.5590000000000002,77.08
s05-r3-disconnect_trial-2,5,3,disconnect_trial,2.0,10,82.2,84.2,2.0,2.0,84,2.52,2.55958,0.52,0.55958,84.72
s05-r3-disconnect_trial-2,5,3,disconnect_trial,2.0,11,89.76,91.76,2.0,2.0,92,2.52,2.5633,0.52,0.5632999999999999,92.28
s05-r3-disconnect_trial-2,5,3,disconnect_trial,2.0,12,97.68,99.68,2.0,2.0,100,2.52,2.5633,0.52,0.5632999999999999,100.2
s05-r3-disconnect_trial-2,5,3,disconnect_trial,2.0,13,105.44,107.44,2.0,2.0,107,2.52,2.56213,0.52,0.5621299999999998,107.96
s05-r3-disconnect_trial-2,5,3,disconnect_trial,2.0,14,113.32,115.32,2.0,2.0,115,2.52,2.55805,0.52,0.5580500000000002,115.83999999999999
s05-r3-disconnect_trial-2,5,3,disconnect_trial,2.0,15,121.8,123.8,2.0,2.0,124,2.52,2.56304,0.52,0.56304,124.32
s05-r3-disconnect_trial-2,5,3,disconnect_trial,2.0,16,129.8,131.8,2.0,2.0,132,2.52,2.5581,0.52,0.5581,132.32000000000002
s05-r3-disconnect_trial-2,5,3,disconnect_trial,2.0,17,138.08,140.08,2.0,2.0,140,2.52,2.55967,0.52,0.5596700000000001,140.60000000000002
s05-r3-disconnect_trial-2,5,3,disconnect_trial,2.0,18,146.24,148.24,2.0,2.0,148,2.52,2.55727,0.52,0.5572699999999999,148.76000000000002
s05-r3-disconnect_trial-2,5,3,disconnect_trial,2.0,19,154.48,156.48,2.0,2.0,157,2.52,2.55941,0.52,0.5594100000000002,157.0
s05-r3-disconnect_trial-2,5,3,disconnect_trial,2.0,20,162.76,164.76,2.0,2.0,165,2.52,2.55753,0.52,0.5575299999999999,165.28
s05-r3-disconnect_trial-2,5,3,disconnect_trial,2.0,21,171.08,173.08,2.0,2.0,173,2.52,2.56425,0.52,0.5642499999999999,173.60000000000002
s05-r3-disconnect_trial-2,5,3,disconnect_trial,2.0,22,178.72,180.72,2.0,2.0,181,2.52,2.55907,0.52,0.5590700000000002,181.24
s05-r3-disconnect_trial-2,5,3,disconnect_trial,2.0,23,186.88,188.88,2.0,2.0,189,2.52,2.55872,0.52,0.5587200000000001,189.4
s05-r3-disconnect_trial-2,5,3,disconnect_trial,2.0,24,194.68,196.68,2.0,2.0,197,2.52,2.56353,0.52,0.5635300000000001,197.20000000000002
s05-r3-disconnect_trial-2,5,3,disconnect_trial,2.0,25,202.52,204.52,2.0,2.0,205,2.52,2.55826,0.52,0.5582600000000002,205.04000000000002
s05-r3-disconnect_trial-2,5,3,disconnect_trial,2.0,26,210.92,212.92,2.0,2.0,213,2.52,2.55837,0.52,0.55837,213.44
s05-r3-disconnect_trial-2,5,3,disconnect_trial,2.0,27,218.96,220.96,2.0,2.0,221,2.52,2.56331,0.52,0.56331,221.48000000000002
s05-r3-disconnect_trial-2,5,3,disconnect_trial,2.0,28,226.84,228.84,2.0,2.0,229,2.52,2.56012,0.52,0.56012,229.36
s05-r3-disconnect_trial-2,5,3,disconnect_trial,2.0,29,234.96,236.96,2.0,2.0,237,2.56,2.59966,0.56,0.5996600000000001,237.52
s05-r3-disconnect_trial-2,5,3,disconnect_trial,2.0,30,243.24,245.24,2.0,2.0,245,2.52,2.56351,0.52,0.56351,245.76000000000002
s05-r3-disconnect_trial-2,5,3,disconnect_trial,2.0,31,251.68,253.68,2.0,2.0,254,2.52,2.55811,0.52,0.5581100000000001,254.20000000000002
s05-r3-disconnect_trial-2,5,3,disconnect_trial,2.0,32,260.04,262.04,2.0,2.0,262,2.52,2.55767,0.52,0.5576699999999999,262.56
s05-r3-disconnect_trial-2,5,3,disconnect_trial,2.0,33,268.4,270.4,2.0,2.0,270,2.52,2.55767,0.52,0.5576699999999999,270.91999999999996
s05-r3-disconnect_trial-2,5,3,disconnect_trial,2.0,34,276.56,278.56,2.0,2.0,279,2.52,2.56265,0.52,0.5626500000000001,279.08
s05-r3-disconnect_trial-2,5,3,disconnect_trial,2.0,35,284.84,286.84,2.0,2.0,287,2.52,2.56244,0.52,0.56244,287.35999999999996
s05-r3-disconnect_trial-2,5,3,disconnect_trial,2.0,36,292.92,294.92,2.0,2.0,295,2.52,2.55751,0.52,0.5575100000000002,295.44
s05-r3-disconnect_trial-2,5,3,disconnect_trial,2.0,37,300.8,302.8,2.0,2.0,303,2.52,2.56282,0.52,0.5628199999999999,303.32
s05-r3-disconnect_trial-2,5,3,disconnect_trial,2.0,38,308.64,310.64,2.0,2.0,311,2.52,2.55776,0.52,0.55776,311.15999999999997
s05-r3-disconnect_trial-2,5,3,disconnect_trial,2.0,39,316.36,318.36,2.0,2.0,318,2.52,2.55812,0.52,0.5581200000000002,318.88
s05-r3-disconnect_trial-2,5,3,disconnect_trial,2.0,40,324.68,326.68,2.0,2.0,327,2.52,2.55894,0.52,0.5589400000000002,327.2
s05-r3-disconnect_trial-2,5,3,disconnect_trial,2.0,41,332.6,334.6,2.0,2.0,335,2.52,2.55815,0.52,0.5581499999999999,335.12
s05-r3-disconnect_trial-2,5,3,disconnect_trial,2.0,42,340.56,342.56,2.0,2.0,343,2.52,2.55827,0.52,0.5582699999999998,343.08
s05-r3-disconnect_trial-2,5,3,disconnect_trial,2.0,43,349.0,351.0,2.0,2.0,351,2.52,2.55815,0.52,0.5581499999999999,351.52
s05-r3-disconnect_trial-2,5,3,disconnect_trial,2.0,44,356.64,358.64,2.0,2.0,359,2.52,2.56404,0.52,0.5640399999999999,359.15999999999997
s05-r3-disconnect_trial-2,5,3,disconnect_trial,2.0,45,364.36,366.36,2.0,2.0,366,2.52,2.56255,0.52,0.5625499999999999,366.88
s05-r3-disconnect_trial-2,5,3,disconnect_trial,2.0,46,372.8,374.8,2.0,2.0,375,2.52,2.55766,0.52,0.5576599999999998,375.32
s05-r3-disconnect_trial-2,5,3,disconnect_trial,2.0,47,381.04,383.04,2.0,2.0,383,2.52,2.56241,0.52,0.5624099999999999,383.56
s05-r4-disconnect-0.5,5,4,disconnect,0.5,0,26.28,26.8,0.5,0.5199999999999996,27,1.52,1.55881,1.0000000000000004,1.0388100000000005,27.8
s05-r4-disconnect-0.5,5,4,disconnect,0.5,1,37.16,37.68,0.5,0.5200000000000031,38,1.52,1.56388,0.9999999999999969,1.0438799999999968,38.68
s05-r4-disconnect-0.5,5,4,disconnect,0.5,2,157.24,157.76,0.5,0.5199999999999818,158,1.52,1.56041,1.0000000000000182,1.0404100000000183,158.76000000000002
s05-r4-disconnect-0.5,5,4,disconnect,0.5,3,235.24,235.76,0.5,0.5199999999999818,236,1.52,1.55981,1.0000000000000182,1.039810000000018,236.76000000000002
s05-r4-disconnect-0.5,5,4,disconnect,0.5,4,367.48,367.96,0.5,0.47999999999996135,369,1.52,1.55961,1.0400000000000387,1.0796100000000386,369.0
s05-r4-disconnect-1,5,4,disconnect,1.0,0,17.28,18.28,1.0,1.0,18,1.52,1.5599,0.52,0.5599000000000001,18.8
s05-r4-disconnect-1,5,4,disconnect,1.0,1,51.84,52.84,1.0,1.0,53,1.52,1.55972,0.52,0.55972,53.36000000000001
s05-r4-disconnect-1,5,4,disconnect,1.0,2,103.44,104.44,1.0,1.0,104,1.52,1.55994,0.52,0.5599400000000001,104.96
s05-r4-disconnect-1,5,4,disconnect,1.0,3,186.84,187.84,1.0,1.0,188,1.52,1.5601,0.52,0.5601,188.36
s05-r4-disconnect-1,5,4,disconnect,1.0,4,340.68,341.68,1.0,1.0,342,1.52,1.55961,0.52,0.5596099999999999,342.2
s05-r4-disconnect-3,5,4,disconnect,3.0,0,26.44,29.44,3.0,3.0,30,3.56,3.59791,0.56,0.5979100000000002,30.0
s05-r4-disconnect-3,5,4,disconnect,3.0,1,34.44,37.44,3.0,3.0,37,3.52,3.5622,0.52,0.5621999999999998,37.96
s05-r4-disconnect-3,5,4,disconnect,3.0,2,107.6,110.6,3.0,3.0,111,3.52,3.55822,0.52,0.5582199999999999,111.11999999999999
s05-r4-disconnect-3,5,4,disconnect,3.0,3,195.88,198.88,3.0,3.0,199,3.52,3.55916,0.52,0.5591599999999999,199.4
s05-r4-disconnect-3,5,4,disconnect,3.0,4,233.12,236.12,3.0,3.0,236,3.52,3.55823,0.52,0.55823,236.64000000000001
s05-r4-disconnect_trial-0.5,5,4,disconnect_trial,0.5,0,3.0,3.52,0.5,0.52,4,1.52,1.55986,1.0,1.03986,4.52
s05-r4-disconnect_trial-0.5,5,4,disconnect_trial,0.5,1,11.04,11.52,0.5,0.4800000000000004,12,1.52,1.55959,1.0399999999999996,1.0795899999999996,12.559999999999999
s05-r4-disconnect_trial-0.5,5,4,disconnect_trial,0.5,2,18.72,19.2,0.5,0.4800000000000004,20,1.52,1.55937,1.0399999999999996,1.0793699999999995,20.24
s05-r4-disconnect_trial-0.5,5,4,disconnect_trial,0.5,3,26.52,27.0,0.5,0.4800000000000004,28,1.52,1.55929,1.0399999999999996,1.0792899999999996,28.04
s05-r4-disconnect_trial-0.5,5,4,disconnect_trial,0.5,4,34.56,35.04,0.5,0.4799999999999969,36,1.52,1.55939,1.0400000000000031,1.0793900000000032,36.080000000000005
s05-r4-disconnect_trial-0.5,5,4,disconnect_trial,0.5,5,43.0,43.48,0.5,0.4799999999999969,44,1.52,1.5587,1.0400000000000031,1.078700000000003,44.52
s05-r4-disconnect_trial-0.5,5,4,disconnect_trial,0.5,6,50.64,51.16,0.5,0.519999999999996,52,1.52,1.55929,1.000000000000004,1.039290000000004,52.160000000000004
s05-r4-disconnect_trial-0.5,5,4,disconnect_trial,0.5,7,58.84,59.36,0.5,0.519999999999996,60,1.52,1.55914,1.000000000000004,1.039140000000004,60.36000000000001
s05-r4-disconnect_trial-0.5,5,4,disconnect_trial,0.5,8,66.56,67.08,0.5,0.519999999999996,68,1.52,1.55807,1.000000000000004,1.038070000000004,68.08
s05-r4-disconnect_trial-0.5,5,4,disconnect_trial,0.5,9,74.56,75.08,0.5,0.519999999999996,76,1.52,1.55965,1.000000000000004,1.039650000000004,76.08
s05-r4-disconnect_trial-0.5,5,4,disconnect_trial,0.5,10,82.2,82.68,0.5,0.480000000000004,83,1.52,1.5589,1.039999999999996,1.078899999999996,83.72
s05-r4-disconnect_trial-0.5,5,4,disconnect_trial,0.5,11,89.76,90.28,0.5,0.519999999999996,91,1.52,1.55906,1.000000000000004,1.0390600000000039,91.28
s05-r4-disconnect_trial-0.5,5,4,disconnect_trial,0.5,12,97.68,98.16,0.5,0.47999999999998977,99,1.52,1.55848,1.0400000000000102,1.0784800000000103,99.2
s05-r4-disconnect_trial-0.5,5,4,disconnect_trial,0.5,13,105.44,105.92,0.5,0.480000000000004,106,1.52,1.55967,1.039999999999996,1.079669999999996,106.96
s05-r4-disconnect_trial-0.5,5,4,disconnect_trial,0.5,14,113.32,113.8,0.5,0.480000000000004,114,1.52,1.55996,1.039999999999996,1.079959999999996,114.83999999999999
s05-r4-disconnect_trial-0.5,5,4,disconnect_trial,0.5,15,121.8,122.28,0.5,0.480000000000004,123,1.52,1.55916,1.039999999999996,1.0791599999999961,123.32
s05-r4-disconnect_trial-0.5,5,4,disconnect_trial,0.5,16,129.8,130.32,0.5,0.5199999999999818,131,1.52,1.55989,1.0000000000000182,1.0398900000000182,131.32000000000002
s05-r4-disconnect_trial-0.5,5,4,disconnect_trial,0.5,17,138.08,138.6,0.5,0.5199999999999818,139,1.52,1.56456,1.0000000000000182,1.0445600000000181,139.60000000000002
s05-r4-disconnect_trial-0.5,5,4,disconnect_trial,0.5,18,146.24,146.72,0.5,0.47999999999998977,147,1.52,1.56009,1.0400000000000102,1.0800900000000102,147.76000000000002
s05-r4-disconnect_trial-0.5,5,4,disconnect_trial,0.5,19,154.48,155.0,0.5,0.5200000000000102,156,1.52,1.55944,0.9999999999999898,1.0394399999999897,156.0
s05-r4-disconnect_trial-0.5,5,4,disconnect_trial,0.5,20,162.76,163.28,0.5,0.5200000000000102,164,1.52,1.55934,0.9999999999999898,1.0393399999999897,164.28
s05-r4-disconnect_trial-0.5,5,4,disconnect_trial,0.5,21,171.08,171.6,0.5,0.5199999999999818,172,1.52,1.56048,1.0000000000000182,1.0404800000000183,172.60000000000002
s05-r4-disconnect_trial-0.5,5,4,disconnect_trial,0.5,22,178.72,179.24,0.5,0.5200000000000102,180,1.52,1.56013,0.9999999999999898,1.0401299999999898,180.24
s05-r4-disconnect_trial-0.5,5,4,disconnect_trial,0.5,23,186.88,187.36,0.5,0.4800000000000182,188,1.52,1.55958,1.0399999999999818,1.0795799999999818,188.4
s05-r4-disconnect_trial-0.5,5,4,disconnect_trial,0.5,24,194.68,195.16,0.5,0.47999999999998977,196,1.52,1.55994,1.0400000000000102,1.0799400000000103,196.20000000000002
s05-r4-disconnect_trial-0.5,5,4,disconnect_trial,0.5,25,202.52,203.0,0.5,0.47999999999998977,204,1.52,1.55979,1.0400000000000102,1.0797900000000102,204.04000000000002
s05-r4-disconnect_trial-0.5,5,4,disconnect_trial,0.5,26,210.92,211.44,0.5,0.5200000000000102,212,1.52,1.55876,0.9999999999999898,1.0387599999999897,212.44
s05-r4-disconnect_trial-0.5,5,4,disconnect_trial,0.5,27,218.96,219.44,0.5,0.47999999999998977,220,1.52,1.55978,1.0400000000000102,1.0797800000000102,220.48000000000002
s05-r4-disconnect_trial-0.5,5,4,disconnect_trial,0.5,28,226.84,227.36,0.5,0.5200000000000102,228,1.52,1.55988,0.9999999999999898,1.0398799999999897,228.36
s05-r4-disconnect_trial-0.5,5,4,disconnect_trial,0.5,29,234.96,235.44,0.5,0.47999999999998977,236,1.52,1.55839,1.0400000000000102,1.0783900000000102,236.48000000000002
s05-r4-disconnect_trial-0.5,5,4,disconnect_trial,0.5,30,243.24,243.72,0.5,0.47999999999998977,244,1.52,1.55879,1.0400000000000102,1.0787900000000101,244.76000000000002
s05-r4-disconnect_trial-0.5,5,4,disconnect_trial,0.5,31,251.68,252.16,0.5,0.47999999999998977,253,1.52,1.5593,1.0400000000000102,1.0793000000000101,253.20000000000002
s05-r4-disconnect_trial-0.5,5,4,disconnect_trial,0.5,32,260.04,260.52,0.5,0.47999999999996135,261,1.52,1.55937,1.0400000000000387,1.0793700000000386,261.56
s05-r4-disconnect_trial-0.5,5,4,disconnect_trial,0.5,33,268.4,268.88,0.5,0.4800000000000182,269,1.52,1.56366,1.0399999999999818,1.0836599999999819,269.91999999999996
s05-r4-disconnect_trial-0.5,5,4,disconnect_trial,0.5,34,276.56,277.08,0.5,0.5199999999999818,278,1.52,1.55923,1.0000000000000182,1.039230000000018,278.08
s05-r4-disconnect_trial-0.5,5,4,disconnect_trial,0.5,35,284.84,285.32,0.5,0.4800000000000182,286,1.52,1.55927,1.0399999999999818,1.0792699999999817,286.35999999999996
s05-r4-disconnect_trial-0.5,5,4,disconnect_trial,0.5,36,292.92,293.4,0.5,0.47999999999996135,294,1.52,1.56368,1.0400000000000387,1.0836800000000386,294.44
s05-r4-disconnect_trial-0.5,5,4,disconnect_trial,0.5,37,300.8,301.28,0.5,0.47999999999996135,302,1.52,1.56026,1.0400000000000387,1.0802600000000386,302.32
s05-r4-disconnect_trial-0.5,5,4,disconnect_trial,0.5,38,308.64,309.16,0.5,0.5200000000000387,310,1.52,1.55927,0.9999999999999614,1.0392699999999613,310.15999999999997
s05-r4-disconnect_trial-0.5,5,4,disconnect_trial,0.5,39,316.36,316.84,0.5,0.47999999999996135,317,1.52,1.56414,1.0400000000000387,1.0841400000000387,317.88
s05-r4-disconnect_trial-0.5,5,4,disconnect_trial,0.5,40,324.68,325.16,0.5,0.4800000000000182,326,1.52,1.55565,1.0399999999999818,1.0756499999999818,326.2
s05-r4-disconnect_trial-0.5,5,4,disconnect_trial,0.5,41,332.6,333.08,0.5,0.47999999999996135,334,1.52,1.56005,1.0400000000000387,1.0800500000000386,334.12
s05-r4-disconnect_trial-0.5,5,4,disconnect_trial,0.5,42,340.56,341.04,0.5,0.4800000000000182,342,1.52,1.56386,1.0399999999999818,1.0838599999999818,342.08
s05-r4-disconnect_trial-0.5,5,4,disconnect_trial,0.5,43,349.0,349.52,0.5,0.5199999999999818,350,1.52,1.55989,1.0000000000000182,1.0398900000000182,350.52
s05-r4-disconnect_trial-0.5,5,4,disconnect_trial,0.5,44,356.64,357.16,0.5,0.5200000000000387,358,1.52,1.5599,0.9999999999999614,1.0398999999999614,358.15999999999997
s05-r4-disconnect_trial-0.5,5,4,disconnect_trial,0.5,45,364.36,364.84,0.5,0.47999999999996135,365,1.52,1.55981,1.0400000000000387,1.0798100000000386,365.88
s05-r4-disconnect_trial-0.5,5,4,disconnect_trial,0.5,46,372.8,373.32,0.5,0.5199999999999818,374,1.52,1.56021,1.0000000000000182,1.0402100000000183,374.32
s05-r4-disconnect_trial-0.5,5,4,disconnect_trial,0.5,47,381.04,381.56,0.5,0.5199999999999818,382,1.52,1.56443,1.0000000000000182,1.0444300000000182,382.56
s05-r4-disconnect_trial-1,5,4,disconnect_trial,1.0,0,3.0,4.0,1.0,1.0,4,1.52,1.56009,0.52,0.56009,4.52
s05-r4-disconnect_trial-1,5,4,disconnect_trial,1.0,1,11.04,12.04,1.0,1.0,12,1.52,1.55971,0.52,0.5597099999999999,12.559999999999999
s05-r4-disconnect_trial-1,5,4,disconnect_trial,1.0,2,18.72,19.72,1.0,1.0,20,1.52,1.55931,0.52,0.55931,20.24
s05-r4-disconnect_trial-1,5,4,disconnect_trial,1.0,3,26.52,27.52,1.0,1.0,28,1.52,1.5601,0.52,0.5601,28.04
s05-r4-disconnect_trial-1,5,4,disconnect_trial,1.0,4,34.56,35.56,1.0,1.0,36,1.52,1.55997,0.52,0.5599700000000001,36.080000000000005
s05-r4-disconnect_trial-1,5,4,disconnect_trial,1.0,5,43.0,44.0,1.0,1.0,44,1.52,1.55899,0.52,0.5589900000000001,44.52
s05-r4-disconnect_trial-1,5,4,disconnect_trial,1.0,6,50.64,51.64,1.0,1.0,52,1.52,1.56387,0.52,0.5638700000000001,52.160000000000004
s05-r4-disconnect_trial-1,5,4,disconnect_trial,1.0,7,58.84,59.84,1.0,1.0,60,1.52,1.5599,0.52,0.5599000000000001,60.36000000000001
s05-r4-disconnect_trial-1,5,4,disconnect_trial,1.0,8,66.56,67.56,1.0,1.0,68,1.52,1.56439,0.52,0.56439,68.08
s05-r4-disconnect_trial-1,5,4,disconnect_trial,1.0,9,74.56,75.56,1.0,1.0,76,1.52,1.55984,0.52,0.5598399999999999,76.08
s05-r4-disconnect_trial-1,5,4,disconnect_trial,1.0,10,82.2,83.2,1.0,1.0,83,1.52,1.5592,0.52,0.5591999999999999,83.72
s05-r4-disconnect_trial-1,5,4,disconnect_trial,1.0,11,89.76,90.76,1.0,1.0,91,1.52,1.55581,0.52,0.5558099999999999,91.28
s05-r4-disconnect_trial-1,5,4,disconnect_trial,1.0,12,97.68,98.68,1.0,1.0,99,1.52,1.55573,0.52,0.5557300000000001,99.2
s05-r4-disconnect_trial-1,5,4,disconnect_trial,1.0,13,105.44,106.44,1.0,1.0,106,1.52,1.56014,0.52,0.5601400000000001,106.96
s05-r4-disconnect_trial-1,5,4,disconnect_trial,1.0,14,113.32,114.32,1.0,1.0,114,1.52,1.56053,0.52,0.56053,114.83999999999999
s05-r4-disconnect_trial-1,5,4,disconnect_trial,1.0,15,121.8,122.8,1.0,1.0,123,1.52,1.55966,0.52,0.55966,123.32
s05-r4-disconnect_trial-1,5,4,disconnect_trial,1.0,16,129.8,130.8,1.0,1.0,131,1.52,1.56015,0.52,0.5601499999999999,131.32000000000002
s05-r4-disconnect_trial-1,5,4,disconnect_trial,1.0,17,138.08,139.08,1.0,1.0,139,1.52,1.55895,0.52,0.5589500000000001,139.60000000000002
s05-r4-disconnect_trial-1,5,4,disconnect_trial,1.0,18,146.24,147.24,1.0,1.0,147,1.52,1.56044,0.52,0.56044,147.76000000000002
s05-r4-disconnect_trial-1,5,4,disconnect_trial,1.0,19,154.48,155.48,1.0,1.0,156,1.52,1.56029,0.52,0.56029,156.0
s05-r4-disconnect_trial-1,5,4,disconnect_trial,1.0,20,162.76,163.76,1.0,1.0,164,1.52,1.55949,0.52,0.55949,164.28
s05-r4-disconnect_trial-1,5,4,disconnect_trial,1.0,21,171.08,172.08,1.0,1.0,172,1.52,1.55977,0.52,0.5597700000000001,172.60000000000002
s05-r4-disconnect_trial-1,5,4,disconnect_trial,1.0,22,178.72,179.72,1.0,1.0,180,1.52,1.55897,0.52,0.55897,180.24
s05-r4-disconnect_trial-1,5,4,disconnect_trial,1.0,23,186.88,187.88,1.0,1.0,188,1.52,1.55984,0.52,0.5598399999999999,188.4
s05-r4-disconnect_trial-1,5,4,disconnect_trial,1.0,24,194.68,195.68,1.0,1.0,196,1.52,1.5601,0.52,0.5601,196.20000000000002
s05-r4-disconnect_trial-1,5,4,disconnect_trial,1.0,25,202.52,203.52,1.0,1.0,204,1.52,1.55922,0.52,0.55922,204.04000000000002
s05-r4-disconnect_trial-1,5,4,disconnect_trial,1.0,26,210.92,211.92,1.0,1.0,212,1.52,1.55943,0.52,0.5594300000000001,212.44
s05-r4-disconnect_trial-1,5,4,disconnect_trial,1.0,27,218.96,219.96,1.0,1.0,220,1.52,1.55972,0.52,0.55972,220.48000000000002
s05-r4-disconnect_trial-1,5,4,disconnect_trial,1.0,28,226.84,227.84,1.0,1.0,228,1.52,1.55868,0.52,0.5586800000000001,228.36
s05-r4-disconnect_trial-1,5,4,disconnect_trial,1.0,29,234.96,235.96,1.0,1.0,236,1.52,1.55886,0.52,0.5588599999999999,236.48000000000002
s05-r4-disconnect_trial-1,5,4,disconnect_trial,1.0,30,243.24,244.24,1.0,1.0,244,1.52,1.56012,0.52,0.56012,244.76000000000002
s05-r4-disconnect_trial-1,5,4,disconnect_trial,1.0,31,251.68,252.68,1.0,1.0,253,1.52,1.55981,0.52,0.5598099999999999,253.20000000000002
s05-r4-disconnect_trial-1,5,4,disconnect_trial,1.0,32,260.04,261.04,1.0,1.0,261,1.52,1.5603,0.52,0.5603,261.56
s05-r4-disconnect_trial-1,5,4,disconnect_trial,1.0,33,268.4,269.4,1.0,1.0,269,1.52,1.55971,0.52,0.5597099999999999,269.91999999999996
s05-r4-disconnect_trial-1,5,4,disconnect_trial,1.0,34,276.56,277.56,1.0,1.0,278,1.52,1.55936,0.52,0.5593600000000001,278.08
s05-r4-disconnect_trial-1,5,4,disconnect_trial,1.0,35,284.84,285.84,1.0,1.0,286,1.52,1.55984,0.52,0.5598399999999999,286.35999999999996
s05-r4-disconnect_trial-1,5,4,disconnect_trial,1.0,36,292.92,293.92,1.0,1.0,294,1.52,1.55931,0.52,0.55931,294.44
s05-r4-disconnect_trial-1,5,4,disconnect_trial,1.0,37,300.8,301.8,1.0,1.0,302,1.52,1.55935,0.52,0.55935,302.32
s05-r4-disconnect_trial-1,5,4,disconnect_trial,1.0,38,308.64,309.64,1.0,1.0,310,1.52,1.55986,0.52,0.55986,310.15999999999997
s05-r4-disconnect_trial-1,5,4,disconnect_trial,1.0,39,316.36,317.36,1.0,1.0,317,1.52,1.55978,0.52,0.5597799999999999,317.88
s05-r4-disconnect_trial-1,5,4,disconnect_trial,1.0,40,324.68,325.68,1.0,1.0,326,1.52,1.55941,0.52,0.55941,326.2
s05-r4-disconnect_trial-1,5,4,disconnect_trial,1.0,41,332.6,333.6,1.0,1.0,334,1.52,1.55998,0.52,0.5599799999999999,334.12
s05-r4-disconnect_trial-1,5,4,disconnect_trial,1.0,42,340.56,341.56,1.0,1.0,342,1.52,1.55984,0.52,0.5598399999999999,342.08
s05-r4-disconnect_trial-1,5,4,disconnect_trial,1.0,43,349.0,350.0,1.0,1.0,350,1.52,1.56029,0.52,0.56029,350.52
s05-r4-disconnect_trial-1,5,4,disconnect_trial,1.0,44,356.64,357.64,1.0,1.0,358,1.52,1.55956,0.52,0.5595600000000001,358.15999999999997
s05-r4-disconnect_trial-1,5,4,disconnect_trial,1.0,45,364.36,365.36,1.0,1.0,365,1.52,1.55935,0.52,0.55935,365.88
s05-r4-disconnect_trial-1,5,4,disconnect_trial,1.0,46,372.8,373.8,1.0,1.0,374,1.52,1.55912,0.52,0.5591200000000001,374.32
s05-r4-disconnect_trial-1,5,4,disconnect_trial,1.0,47,381.04,382.04,1.0,1.0,382,1.52,1.56115,0.52,0.56115,382.56
s05-r4-disconnect_trial-2,5,4,disconnect_trial,2.0,0,3.0,5.0,2.0,2.0,5,2.52,2.55944,0.52,0.5594399999999999,5.52
s05-r4-disconnect_trial-2,5,4,disconnect_trial,2.0,1,11.04,13.04,2.0,2.0,13,2.52,2.55851,0.52,0.5585100000000001,13.559999999999999
s05-r4-disconnect_trial-2,5,4,disconnect_trial,2.0,2,18.72,20.72,2.0,2.0,21,2.52,2.5572,0.52,0.5571999999999999,21.24
s05-r4-disconnect_trial-2,5,4,disconnect_trial,2.0,3,26.52,28.52,2.0,2.0,29,2.52,2.55863,0.52,0.55863,29.04
s05-r4-disconnect_trial-2,5,4,disconnect_trial,2.0,4,34.56,36.56,2.0,2.0,37,2.52,2.55868,0.52,0.5586799999999998,37.080000000000005
s05-r4-disconnect_trial-2,5,4,disconnect_trial,2.0,5,43.0,45.0,2.0,2.0,45,2.52,2.55773,0.52,0.5577299999999998,45.52
s05-r4-disconnect_trial-2,5,4,disconnect_trial,2.0,6,50.64,52.64,2.0,2.0,53,2.52,2.55848,0.52,0.5584799999999999,53.160000000000004
s05-r4-disconnect_trial-2,5,4,disconnect_trial,2.0,7,58.84,60.84,2.0,2.0,61,2.52,2.55869,0.52,0.5586899999999999,61.36000000000001
s05-r4-disconnect_trial-2,5,4,disconnect_trial,2.0,8,66.56,68.56,2.0,2.0,69,2.52,2.55927,0.52,0.5592700000000002,69.08
s05-r4-disconnect_trial-2,5,4,disconnect_trial,2.0,9,74.56,76.56,2.0,2.0,77,2.52,2.5593,0.52,0.5592999999999999,77.08
s05-r4-disconnect_trial-2,5,4,disconnect_trial,2.0,10,82.2,84.2,2.0,2.0,84,2.52,2.55897,0.52,0.55897,84.72
s05-r4-disconnect_trial-2,5,4,disconnect_trial,2.0,11,89.76,91.76,2.0,2.0,92,2.52,2.56321,0.52,0.5632100000000002,92.28
s05-r4-disconnect_trial-2,5,4,disconnect_trial,2.0,12,97.68,99.68,2.0,2.0,100,2.52,2.55834,0.52,0.5583399999999998,100.2
s05-r4-disconnect_trial-2,5,4,disconnect_trial,2.0,13,105.44,107.44,2.0,2.0,107,2.52,2.56424,0.52,0.5642399999999999,107.96
s05-r4-disconnect_trial-2,5,4,disconnect_trial,2.0,14,113.32,115.32,2.0,2.0,115,2.52,2.55882,0.52,0.5588199999999999,115.83999999999999
s05-r4-disconnect_trial-2,5,4,disconnect_trial,2.0,15,121.8,123.8,2.0,2.0,124,2.52,2.56393,0.52,0.56393,124.32
s05-r4-disconnect_trial-2,5,4,disconnect_trial,2.0,16,129.8,131.8,2.0,2.0,132,2.52,2.55875,0.52,0.5587499999999999,132.32000000000002
s05-r4-disconnect_trial-2,5,4,disconnect_trial,2.0,17,138.08,140.08,2.0,2.0,140,2.52,2.55788,0.52,0.5578799999999999,140.60000000000002
s05-r4-disconnect_trial-2,5,4,disconnect_trial,2.0,18,146.24,148.24,2.0,2.0,148,2.52,2.55879,0.52,0.5587900000000001,148.76000000000002
s05-r4-disconnect_trial-2,5,4,disconnect_trial,2.0,19,154.48,156.48,2.0,2.0,157,2.52,2.5585,0.52,0.5585,157.0
s05-r4-disconnect_trial-2,5,4,disconnect_trial,2.0,20,162.76,164.76,2.0,2.0,165,2.52,2.55876,0.52,0.5587599999999999,165.28
s05-r4-disconnect_trial-2,5,4,disconnect_trial,2.0,21,171.08,173.08,2.0,2.0,173,2.52,2.55735,0.52,0.55735,173.60000000000002
s05-r4-disconnect_trial-2,5,4,disconnect_trial,2.0,22,178.72,180.72,2.0,2.0,181,2.52,2.56357,0.52,0.5635699999999999,181.24
s05-r4-disconnect_trial-2,5,4,disconnect_trial,2.0,23,186.88,188.88,2.0,2.0,189,2.52,2.55953,0.52,0.5595300000000001,189.4
s05-r4-disconnect_trial-2,5,4,disconnect_trial,2.0,24,194.68,196.68,2.0,2.0,197,2.52,2.56356,0.52,0.5635599999999998,197.20000000000002
s05-r4-disconnect_trial-2,5,4,disconnect_trial,2.0,25,202.52,204.52,2.0,2.0,205,2.52,2.56398,0.52,0.5639799999999999,205.04000000000002
s05-r4-disconnect_trial-2,5,4,disconnect_trial,2.0,26,210.92,212.92,2.0,2.0,213,2.52,2.56355,0.52,0.5635500000000002,213.44
s05-r4-disconnect_trial-2,5,4,disconnect_trial,2.0,27,218.96,220.96,2.0,2.0,221,2.52,2.55924,0.52,0.55924,221.48000000000002
s05-r4-disconnect_trial-2,5,4,disconnect_trial,2.0,28,226.84,228.84,2.0,2.0,229,2.52,2.55936,0.52,0.5593599999999999,229.36
s05-r4-disconnect_trial-2,5,4,disconnect_trial,2.0,29,234.96,236.96,2.0,2.0,237,2.56,2.59897,0.56,0.59897,237.52
s05-r4-disconnect_trial-2,5,4,disconnect_trial,2.0,30,243.24,245.24,2.0,2.0,245,2.52,2.55858,0.52,0.5585800000000001,245.76000000000002
s05-r4-disconnect_trial-2,5,4,disconnect_trial,2.0,31,251.68,253.68,2.0,2.0,254,2.52,2.55826,0.52,0.5582600000000002,254.20000000000002
s05-r4-disconnect_trial-2,5,4,disconnect_trial,2.0,32,260.04,262.04,2.0,2.0,262,2.52,2.55807,0.52,0.5580699999999998,262.56
s05-r4-disconnect_trial-2,5,4,disconnect_trial,2.0,33,268.4,270.4,2.0,2.0,270,2.52,2.55914,0.52,0.5591400000000002,270.91999999999996
s05-r4-disconnect_trial-2,5,4,disconnect_trial,2.0,34,276.56,278.56,2.0,2.0,279,2.52,2.55958,0.52,0.55958,279.08
s05-r4-disconnect_trial-2,5,4,disconnect_trial,2.0,35,284.84,286.84,2.0,2.0,287,2.52,2.56346,0.52,0.5634600000000001,287.35999999999996
s05-r4-disconnect_trial-2,5,4,disconnect_trial,2.0,36,292.92,294.92,2.0,2.0,295,2.52,2.55956,0.52,0.5595599999999998,295.44
s05-r4-disconnect_trial-2,5,4,disconnect_trial,2.0,37,300.8,302.8,2.0,2.0,303,2.52,2.55684,0.52,0.5568399999999998,303.32
s05-r4-disconnect_trial-2,5,4,disconnect_trial,2.0,38,308.64,310.64,2.0,2.0,311,2.52,2.5573,0.52,0.5573000000000001,311.15999999999997
s05-r4-disconnect_trial-2,5,4,disconnect_trial,2.0,39,316.36,318.36,2.0,2.0,318,2.52,2.55868,0.52,0.5586799999999998,318.88
s05-r4-disconnect_trial-2,5,4,disconnect_trial,2.0,40,324.68,326.68,2.0,2.0,327,2.52,2.55845,0.52,0.5584500000000001,327.2
s05-r4-disconnect_trial-2,5,4,disconnect_trial,2.0,41,332.6,334.6,2.0,2.0,335,2.52,2.55928,0.52,0.5592800000000002,335.12
s05-r4-disconnect_trial-2,5,4,disconnect_trial,2.0,42,340.56,342.56,2.0,2.0,343,2.52,2.55926,0.52,0.5592600000000001,343.08
s05-r4-disconnect_trial-2,5,4,disconnect_trial,2.0,43,349.0,351.0,2.0,2.0,351,2.52,2.5584,0.52,0.5583999999999998,351.52
s05-r4-disconnect_trial-2,5,4,disconnect_trial,2.0,44,356.64,358.64,2.0,2.0,359,2.52,2.55927,0.52,0.5592700000000002,359.15999999999997
s05-r4-disconnect_trial-2,5,4,disconnect_trial,2.0,45,364.36,366.36,2.0,2.0,366,2.52,2.55783,0.52,0.55783,366.88
s05-r4-disconnect_trial-2,5,4,disconnect_trial,2.0,46,372.8,374.8,2.0,2.0,375,2.52,2.5587,0.52,0.5587,375.32
s05-r4-disconnect_trial-2,5,4,disconnect_trial,2.0,47,381.04,383.04,2.0,2.0,383,2.52,2.55768,0.52,0.55768,383.56
s06-r0-disconnect-0.5,6,0,disconnect,0.5,0,37.96,38.44,0.5,0.4799999999999969,39,1.52,1.55935,1.0400000000000031,1.0793500000000031,39.480000000000004
s06-r0-disconnect-0.5,6,0,disconnect,0.5,1,165.68,166.2,0.5,0.5199999999999818,167,1.52,1.55955,1.0000000000000182,1.0395500000000182,167.20000000000002
s06-r0-disconnect-0.5,6,0,disconnect,0.5,2,173.32,173.84,0.5,0.5200000000000102,174,1.52,1.55942,0.9999999999999898,1.0394199999999898,174.84
s06-r0-disconnect-0.5,6,0,disconnect,0.5,3,261.08,261.56,0.5,0.4800000000000182,262,1.52,1.55877,1.0399999999999818,1.0787699999999818,262.59999999999997
s06-r0-disconnect-0.5,6,0,disconnect,0.5,4,289.4,289.88,0.5,0.4800000000000182,290,1.52,1.55946,1.0399999999999818,1.0794599999999819,290.91999999999996
s06-r0-disconnect-1,6,0,disconnect,1.0,0,118.04,119.04,1.0,1.0,119,1.52,1.55983,0.52,0.55983,119.56
s06-r0-disconnect-1,6,0,disconnect,1.0,1,267.48,268.48,1.0,1.0,269,1.52,1.55934,0.52,0.55934,269.0
s06-r0-disconnect-1,6,0,disconnect,1.0,2,284.28,285.28,1.0,1.0,285,1.52,1.55942,0.52,0.55942,285.79999999999995
s06-r0-disconnect-1,6,0,disconnect,1.0,3,351.88,352.88,1.0,1.0,353,1.52,1.55966,0.52,0.55966,353.4
s06-r0-disconnect-1,6,0,disconnect,1.0,4,357.88,358.88,1.0,1.0,359,1.52,1.55957,0.52,0.5595699999999999,359.4
s06-r0-disconnect-3,6,0,disconnect,3.0,0,23.6,26.6,3.0,3.0,27,3.52,3.55918,0.52,0.55918,27.12
s06-r0-disconnect-3,6,0,disconnect,3.0,1,196.8,199.8,3.0,3.0,200,3.52,3.56274,0.52,0.5627399999999998,200.32000000000002
s06-r0-disconnect-3,6,0,disconnect,3.0,2,227.8,230.8,3.0,3.0,231,3.52,3.563,0.52,0.5630000000000002,231.32000000000002
s06-r0-disconnect-3,6,0,disconnect,3.0,3,297.52,300.52,3.0,3.0,301,3.52,3.55919,0.52,0.5591900000000001,301.03999999999996
s06-r0-disconnect-3,6,0,disconnect,3.0,4,312.8,315.8,3.0,3.0,316,3.52,3.55695,0.52,0.5569500000000001,316.32
s06-r0-disconnect_trial-0.5,6,0,disconnect_trial,0.5,0,3.0,3.52,0.5,0.52,4,1.52,1.55983,1.0,1.03983,4.52
s06-r0-disconnect_trial-0.5,6,0,disconnect_trial,0.5,1,11.04,11.52,0.5,0.4800000000000004,12,1.52,1.56056,1.0399999999999996,1.0805599999999995,12.559999999999999
s06-r0-disconnect_trial-0.5,6,0,disconnect_trial,0.5,2,18.72,19.2,0.5,0.4800000000000004,20,1.52,1.56025,1.0399999999999996,1.0802499999999995,20.24
s06-r0-disconnect_trial-0.5,6,0,disconnect_trial,0.5,3,26.52,27.0,0.5,0.4800000000000004,28,1.52,1.55901,1.0399999999999996,1.0790099999999996,28.04
s06-r0-disconnect_trial-0.5,6,0,disconnect_trial,0.5,4,34.56,35.04,0.5,0.4799999999999969,36,1.52,1.55917,1.0400000000000031,1.079170000000003,36.080000000000005
s06-r0-disconnect_trial-0.5,6,0,disconnect_trial,0.5,5,43.0,43.48,0.5,0.4799999999999969,44,1.52,1.55952,1.0400000000000031,1.0795200000000031,44.52
s06-r0-disconnect_trial-0.5,6,0,disconnect_trial,0.5,6,50.64,51.16,0.5,0.519999999999996,52,1.52,1.56312,1.000000000000004,1.043120000000004,52.160000000000004
s06-r0-disconnect_trial-0.5,6,0,disconnect_trial,0.5,7,58.84,59.36,0.5,0.519999999999996,60,1.52,1.55981,1.000000000000004,1.039810000000004,60.36000000000001
s06-r0-disconnect_trial-0.5,6,0,disconnect_trial,0.5,8,66.56,67.08,0.5,0.519999999999996,68,1.52,1.55999,1.000000000000004,1.039990000000004,68.08
s06-r0-disconnect_trial-0.5,6,0,disconnect_trial,0.5,9,74.56,75.08,0.5,0.519999999999996,76,1.52,1.55897,1.000000000000004,1.038970000000004,76.08
s06-r0-disconnect_trial-0.5,6,0,disconnect_trial,0.5,10,82.2,82.68,0.5,0.480000000000004,83,1.52,1.56046,1.039999999999996,1.080459999999996,83.72
s06-r0-disconnect_trial-0.5,6,0,disconnect_trial,0.5,11,89.76,90.28,0.5,0.519999999999996,91,1.52,1.56021,1.000000000000004,1.040210000000004,91.28
s06-r0-disconnect_trial-0.5,6,0,disconnect_trial,0.5,12,97.68,98.16,0.5,0.47999999999998977,99,1.52,1.55966,1.0400000000000102,1.0796600000000103,99.2
s06-r0-disconnect_trial-0.5,6,0,disconnect_trial,0.5,13,105.44,105.92,0.5,0.480000000000004,106,1.52,1.55928,1.039999999999996,1.079279999999996,106.96
s06-r0-disconnect_trial-0.5,6,0,disconnect_trial,0.5,14,113.32,113.8,0.5,0.480000000000004,114,1.52,1.55986,1.039999999999996,1.079859999999996,114.83999999999999
s06-r0-disconnect_trial-0.5,6,0,disconnect_trial,0.5,15,121.8,122.28,0.5,0.480000000000004,123,1.52,1.56084,1.039999999999996,1.080839999999996,123.32
s06-r0-disconnect_trial-0.5,6,0,disconnect_trial,0.5,16,129.8,130.32,0.5,0.5199999999999818,131,1.52,1.56017,1.0000000000000182,1.0401700000000182,131.32000000000002
s06-r0-disconnect_trial-0.5,6,0,disconnect_trial,0.5,17,138.08,138.6,0.5,0.5199999999999818,139,1.52,1.56028,1.0000000000000182,1.040280000000018,139.60000000000002
s06-r0-disconnect_trial-0.5,6,0,disconnect_trial,0.5,18,146.24,146.72,0.5,0.47999999999998977,147,1.52,1.56113,1.0400000000000102,1.0811300000000101,147.76000000000002
s06-r0-disconnect_trial-0.5,6,0,disconnect_trial,0.5,19,154.48,155.0,0.5,0.5200000000000102,156,1.52,1.56029,0.9999999999999898,1.0402899999999897,156.0
s06-r0-disconnect_trial-0.5,6,0,disconnect_trial,0.5,20,162.76,163.28,0.5,0.5200000000000102,164,1.52,1.55943,0.9999999999999898,1.0394299999999899,164.28
s06-r0-disconnect_trial-0.5,6,0,disconnect_trial,0.5,21,171.08,171.6,0.5,0.5199999999999818,172,1.52,1.55943,1.0000000000000182,1.0394300000000183,172.60000000000002
s06-r0-disconnect_trial-0.5,6,0,disconnect_trial,0.5,22,178.72,179.24,0.5,0.5200000000000102,180,1.52,1.56044,0.9999999999999898,1.0404399999999898,180.24
s06-r0-disconnect_trial-0.5,6,0,disconnect_trial,0.5,23,186.88,187.36,0.5,0.4800000000000182,188,1.52,1.56086,1.0399999999999818,1.0808599999999817,188.4
s06-r0-disconnect_trial-0.5,6,0,disconnect_trial,0.5,24,194.68,195.16,0.5,0.47999999999998977,196,1.52,1.56054,1.0400000000000102,1.0805400000000103,196.20000000000002
s06-r0-disconnect_trial-0.5,6,0,disconnect_trial,0.5,25,202.52,203.0,0.5,0.47999999999998977,204,1.52,1.55974,1.0400000000000102,1.0797400000000101,204.04000000000002
s06-r0-disconnect_trial-0.5,6,0,disconnect_trial,0.5,26,210.92,211.44,0.5,0.5200000000000102,212,1.52,1.55962,0.9999999999999898,1.0396199999999898,212.44
s06-r0-disconnect_trial-0.5,6,0,disconnect_trial,0.5,27,218.96,219.44,0.5,0.47999999999998977,220,1.52,1.55972,1.0400000000000102,1.0797200000000102,220.48000000000002
s06-r0-disconnect_trial-0.5,6,0,disconnect_trial,0.5,28,226.84,227.36,0.5,0.5200000000000102,228,1.52,1.56,0.9999999999999898,1.0399999999999898,228.36
s06-r0-disconnect_trial-0.5,6,0,disconnect_trial,0.5,29,234.96,235.44,0.5,0.47999999999998977,236,1.52,1.55919,1.0400000000000102,1.0791900000000103,236.48000000000002
s06-r0-disconnect_trial-0.5,6,0,disconnect_trial,0.5,30,243.24,243.72,0.5,0.47999999999998977,244,1.52,1.55957,1.0400000000000102,1.0795700000000101,244.76000000000002
s06-r0-disconnect_trial-0.5,6,0,disconnect_trial,0.5,31,251.68,252.16,0.5,0.47999999999998977,253,1.52,1.56011,1.0400000000000102,1.0801100000000103,253.20000000000002
s06-r0-disconnect_trial-0.5,6,0,disconnect_trial,0.5,32,260.04,260.52,0.5,0.47999999999996135,261,1.52,1.56061,1.0400000000000387,1.0806100000000387,261.56
s06-r0-disconnect_trial-0.5,6,0,disconnect_trial,0.5,33,268.4,268.88,0.5,0.4800000000000182,269,1.52,1.55974,1.0399999999999818,1.0797399999999817,269.91999999999996
s06-r0-disconnect_trial-0.5,6,0,disconnect_trial,0.5,34,276.56,277.08,0.5,0.5199999999999818,278,1.52,1.56006,1.0000000000000182,1.0400600000000182,278.08
s06-r0-disconnect_trial-0.5,6,0,disconnect_trial,0.5,35,284.84,285.32,0.5,0.4800000000000182,286,1.52,1.55958,1.0399999999999818,1.0795799999999818,286.35999999999996
s06-r0-disconnect_trial-0.5,6,0,disconnect_trial,0.5,36,292.92,293.4,0.5,0.47999999999996135,294,1.52,1.56095,1.0400000000000387,1.0809500000000387,294.44
s06-r0-disconnect_trial-0.5,6,0,disconnect_trial,0.5,37,300.8,301.28,0.5,0.47999999999996135,302,1.52,1.5599,1.0400000000000387,1.0799000000000387,302.32
s06-r0-disconnect_trial-0.5,6,0,disconnect_trial,0.5,38,308.64,309.16,0.5,0.5200000000000387,310,1.52,1.56005,0.9999999999999614,1.0400499999999613,310.15999999999997
s06-r0-disconnect_trial-0.5,6,0,disconnect_trial,0.5,39,316.36,316.84,0.5,0.47999999999996135,317,1.52,1.55991,1.0400000000000387,1.0799100000000386,317.88
s06-r0-disconnect_trial-0.5,6,0,disconnect_trial,0.5,40,324.68,325.16,0.5,0.4800000000000182,326,1.52,1.55973,1.0399999999999818,1.0797299999999819,326.2
s06-r0-disconnect_trial-0.5,6,0,disconnect_trial,0.5,41,332.6,333.08,0.5,0.47999999999996135,334,1.52,1.55973,1.0400000000000387,1.0797300000000387,334.12
s06-r0-disconnect_trial-0.5,6,0,disconnect_trial,0.5,42,340.56,341.04,0.5,0.4800000000000182,342,1.52,1.55992,1.0399999999999818,1.0799199999999818,342.08
s06-r0-disconnect_trial-0.5,6,0,disconnect_trial,0.5,43,349.0,349.52,0.5,0.5199999999999818,350,1.52,1.55963,1.0000000000000182,1.0396300000000183,350.52
s06-r0-disconnect_trial-0.5,6,0,disconnect_trial,0.5,44,356.64,357.16,0.5,0.5200000000000387,358,1.52,1.56009,0.9999999999999614,1.0400899999999613,358.15999999999997
s06-r0-disconnect_trial-0.5,6,0,disconnect_trial,0.5,45,364.36,364.84,0.5,0.47999999999996135,365,1.52,1.55997,1.0400000000000387,1.0799700000000387,365.88
s06-r0-disconnect_trial-0.5,6,0,disconnect_trial,0.5,46,372.8,373.32,0.5,0.5199999999999818,374,1.52,1.5591,1.0000000000000182,1.0391000000000181,374.32
s06-r0-disconnect_trial-0.5,6,0,disconnect_trial,0.5,47,381.04,381.56,0.5,0.5199999999999818,382,1.52,1.56035,1.0000000000000182,1.040350000000018,382.56
s06-r0-disconnect_trial-1,6,0,disconnect_trial,1.0,0,3.0,4.0,1.0,1.0,4,1.52,1.55928,0.52,0.55928,4.52
s06-r0-disconnect_trial-1,6,0,disconnect_trial,1.0,1,11.04,12.04,1.0,1.0,12,1.52,1.56057,0.52,0.56057,12.559999999999999
s06-r0-disconnect_trial-1,6,0,disconnect_trial,1.0,2,18.72,19.72,1.0,1.0,20,1.52,1.55966,0.52,0.55966,20.24
s06-r0-disconnect_trial-1,6,0,disconnect_trial,1.0,3,26.52,27.52,1.0,1.0,28,1.52,1.55939,0.52,0.55939,28.04
s06-r0-disconnect_trial-1,6,0,disconnect_trial,1.0,4,34.56,35.56,1.0,1.0,36,1.52,1.55969,0.52,0.55969,36.080000000000005
s06-r0-disconnect_trial-1,6,0,disconnect_trial,1.0,5,43.0,44.0,1.0,1.0,44,1.52,1.55961,0.52,0.5596099999999999,44.52
s06-r0-disconnect_trial-1,6,0,disconnect_trial,1.0,6,50.64,51.64,1.0,1.0,52,1.52,1.56066,0.52,0.5606599999999999,52.160000000000004
s06-r0-disconnect_trial-1,6,0,disconnect_trial,1.0,7,58.84,59.84,1.0,1.0,60,1.52,1.5598,0.52,0.5598000000000001,60.36000000000001
s06-r0-disconnect_trial-1,6,0,disconnect_trial,1.0,8,66.56,67.56,1.0,1.0,68,1.52,1.5592,0.52,0.5591999999999999,68.08
s06-r0-disconnect_trial-1,6,0,disconnect_trial,1.0,9,74.56,75.56,1.0,1.0,76,1.52,1.55932,0.52,0.55932,76.08
s06-r0-disconnect_trial-1,6,0,disconnect_trial,1.0,10,82.2,83.2,1.0,1.0,83,1.52,1.55985,0.52,0.55985,83.72
s06-r0-disconnect_trial-1,6,0,disconnect_trial,1.0,11,89.76,90.76,1.0,1.0,91,1.52,1.55897,0.52,0.55897,91.28
s06-r0-disconnect_trial-1,6,0,disconnect_trial,1.0,12,97.68,98.68,1.0,1.0,99,1.52,1.55976,0.52,0.55976,99.2
s06-r0-disconnect_trial-1,6,0,disconnect_trial,1.0,13,105.44,106.44,1.0,1.0,106,1.52,1.56062,0.52,0.5606199999999999,106.96
s06-r0-disconnect_trial-1,6,0,disconnect_trial,1.0,14,113.32,114.32,1.0,1.0,114,1.52,1.55948,0.52,0.55948,114.83999999999999
s06-r0-disconnect_trial-1,6,0,disconnect_trial,1.0,15,121.8,122.8,1.0,1.0,123,1.52,1.55959,0.52,0.55959,123.32
s06-r0-disconnect_trial-1,6,0,disconnect_trial,1.0,16,129.8,130.8,1.0,1.0,131,1.52,1.56022,0.52,0.5602199999999999,131.32000000000002
s06-r0-disconnect_trial-1,6,0,disconnect_trial,1.0,17,138.08,139.08,1.0,1.0,139,1.52,1.55954,0.52,0.5595399999999999,139.60000000000002
s06-r0-disconnect_trial-1,6,0,disconnect_trial,1.0,18,146.24,147.24,1.0,1.0,147,1.52,1.55955,0.52,0.55955,147.76000000000002
s06-r0-disconnect_trial-1,6,0,disconnect_trial,1.0,19,154.48,155.48,1.0,1.0,156,1.52,1.55974,0.52,0.5597399999999999,156.0
s06-r0-disconnect_trial-1,6,0,disconnect_trial,1.0,20,162.76,163.76,1.0,1.0,164,1.52,1.55977,0.52,0.5597700000000001,164.28
s06-r0-disconnect_trial-1,6,0,disconnect_trial,1.0,21,171.08,172.08,1.0,1.0,172,1.52,1.55982,0.52,0.55982,172.60000000000002
s06-r0-disconnect_trial-1,6,0,disconnect_trial,1.0,22,178.72,179.72,1.0,1.0,180,1.52,1.56,0.52,0.56,180.24
s06-r0-disconnect_trial-1,6,0,disconnect_trial,1.0,23,186.88,187.88,1.0,1.0,188,1.52,1.55905,0.52,0.55905,188.4
s06-r0-disconnect_trial-1,6,0,disconnect_trial,1.0,24,194.68,195.68,1.0,1.0,196,1.52,1.56021,0.52,0.5602100000000001,196.20000000000002
s06-r0-disconnect_trial-1,6,0,disconnect_trial,1.0,25,202.52,203.52,1.0,1.0,204,1.52,1.55919,0.52,0.5591900000000001,204.04000000000002
s06-r0-disconnect_trial-1,6,0,disconnect_trial,1.0,26,210.92,211.92,1.0,1.0,212,1.52,1.55954,0.52,0.5595399999999999,212.44
s06-r0-disconnect_trial-1,6,0,disconnect_trial,1.0,27,218.96,219.96,1.0,1.0,220,1.52,1.56483,0.52,0.5648299999999999,220.48000000000002
s06-r0-disconnect_trial-1,6,0,disconnect_trial,1.0,28,226.84,227.84,1.0,1.0,228,1.52,1.56496,0.52,0.5649599999999999,228.36
s06-r0-disconnect_trial-1,6,0,disconnect_trial,1.0,29,234.96,235.96,1.0,1.0,236,1.52,1.56026,0.52,0.56026,236.48000000000002
s06-r0-disconnect_trial-1,6,0,disconnect_trial,1.0,30,243.24,244.24,1.0,1.0,244,1.52,1.55951,0.52,0.55951,244.76000000000002
s06-r0-disconnect_trial-1,6,0,disconnect_trial,1.0,31,251.68,252.68,1.0,1.0,253,1.52,1.55942,0.52,0.55942,253.20000000000002
s06-r0-disconnect_trial-1,6,0,disconnect_trial,1.0,32,260.04,261.04,1.0,1.0,261,1.52,1.55947,0.52,0.5594699999999999,261.56
s06-r0-disconnect_trial-1,6,0,disconnect_trial,1.0,33,268.4,269.4,1.0,1.0,269,1.52,1.56386,0.52,0.56386,269.91999999999996
s06-r0-disconnect_trial-1,6,0,disconnect_trial,1.0,34,276.56,277.56,1.0,1.0,278,1.52,1.55972,0.52,0.55972,278.08
s06-r0-disconnect_trial-1,6,0,disconnect_trial,1.0,35,284.84,285.84,1.0,1.0,286,1.52,1.56001,0.52,0.5600099999999999,286.35999999999996
s06-r0-disconnect_trial-1,6,0,disconnect_trial,1.0,36,292.92,293.92,1.0,1.0,294,1.52,1.55936,0.52,0.5593600000000001,294.44
s06-r0-disconnect_trial-1,6,0,disconnect_trial,1.0,37,300.8,301.8,1.0,1.0,302,1.52,1.55938,0.52,0.55938,302.32
s06-r0-disconnect_trial-1,6,0,disconnect_trial,1.0,38,308.64,309.64,1.0,1.0,310,1.52,1.56024,0.52,0.5602400000000001,310.15999999999997
s06-r0-disconnect_trial-1,6,0,disconnect_trial,1.0,39,316.36,317.36,1.0,1.0,317,1.52,1.5604,0.52,0.5604,317.88
s06-r0-disconnect_trial-1,6,0,disconnect_trial,1.0,40,324.68,325.68,1.0,1.0,326,1.52,1.55963,0.52,0.5596300000000001,326.2
s06-r0-disconnect_trial-1,6,0,disconnect_trial,1.0,41,332.6,333.6,1.0,1.0,334,1.52,1.55952,0.52,0.55952,334.12
s06-r0-disconnect_trial-1,6,0,disconnect_trial,1.0,42,340.56,341.56,1.0,1.0,342,1.52,1.55976,0.52,0.55976,342.08
s06-r0-disconnect_trial-1,6,0,disconnect_trial,1.0,43,349.0,350.0,1.0,1.0,350,1.52,1.55974,0.52,0.5597399999999999,350.52
s06-r0-disconnect_trial-1,6,0,disconnect_trial,1.0,44,356.64,357.64,1.0,1.0,358,1.52,1.55972,0.52,0.55972,358.15999999999997
s06-r0-disconnect_trial-1,6,0,disconnect_trial,1.0,45,364.36,365.36,1.0,1.0,365,1.52,1.5598,0.52,0.5598000000000001,365.88
s06-r0-disconnect_trial-1,6,0,disconnect_trial,1.0,46,372.8,373.8,1.0,1.0,374,1.52,1.55965,0.52,0.55965,374.32
s06-r0-disconnect_trial-1,6,0,disconnect_trial,1.0,47,381.04,382.04,1.0,1.0,382,1.52,1.56173,0.52,0.5617300000000001,382.56
s06-r0-disconnect_trial-2,6,0,disconnect_trial,2.0,0,3.0,5.0,2.0,2.0,5,2.52,2.55923,0.52,0.5592299999999999,5.52
s06-r0-disconnect_trial-2,6,0,disconnect_trial,2.0,1,11.04,13.04,2.0,2.0,13,2.52,2.55878,0.52,0.55878,13.559999999999999
s06-r0-disconnect_trial-2,6,0,disconnect_trial,2.0,2,18.72,20.72,2.0,2.0,21,2.52,2.55901,0.52,0.5590099999999998,21.24
s06-r0-disconnect_trial-2,6,0,disconnect_trial,2.0,3,26.52,28.52,2.0,2.0,29,2.52,2.55797,0.52,0.5579700000000001,29.04
s06-r0-disconnect_trial-2,6,0,disconnect_trial,2.0,4,34.56,36.56,2.0,2.0,37,2.52,2.55764,0.52,0.5576400000000001,37.080000000000005
s06-r0-disconnect_trial-2,6,0,disconnect_trial,2.0,5,43.0,45.0,2.0,2.0,45,2.52,2.5579,0.52,0.5579000000000001,45.52
s06-r0-disconnect_trial-2,6,0,disconnect_trial,2.0,6,50.64,52.64,2.0,2.0,53,2.52,2.55936,0.52,0.5593599999999999,53.160000000000004
s06-r0-disconnect_trial-2,6,0,disconnect_trial,2.0,7,58.84,60.84,2.0,2.0,61,2.52,2.56385,0.52,0.56385,61.36000000000001
s06-r0-disconnect_trial-2,6,0,disconnect_trial,2.0,8,66.56,68.56,2.0,2.0,69,2.52,2.5582,0.52,0.5581999999999998,69.08
s06-r0-disconnect_trial-2,6,0,disconnect_trial,2.0,9,74.56,76.56,2.0,2.0,77,2.52,2.5579,0.52,0.5579000000000001,77.08
s06-r0-disconnect_trial-2,6,0,disconnect_trial,2.0,10,82.2,84.2,2.0,2.0,84,2.52,2.55862,0.52,0.5586199999999999,84.72
s06-r0-disconnect_trial-2,6,0,disconnect_trial,2.0,11,89.76,91.76,2.0,2.0,92,2.52,2.563,0.52,0.5630000000000002,92.28
s06-r0-disconnect_trial-2,6,0,disconnect_trial,2.0,12,97.68,99.68,2.0,2.0,100,2.52,2.5582,0.52,0.5581999999999998,100.2
s06-r0-disconnect_trial-2,6,0,disconnect_trial,2.0,13,105.44,107.44,2.0,2.0,107,2.52,2.55925,0.52,0.55925,107.96
s06-r0-disconnect_trial-2,6,0,disconnect_trial,2.0,14,113.32,115.32,2.0,2.0,115,2.52,2.56364,0.52,0.5636399999999999,115.83999999999999
s06-r0-disconnect_trial-2,6,0,disconnect_trial,2.0,15,121.8,123.8,2.0,2.0,124,2.52,2.56352,0.52,0.56352,124.32
s06-r0-disconnect_trial-2,6,0,disconnect_trial,2.0,16,129.8,131.8,2.0,2.0,132,2.52,2.55825,0.52,0.5582500000000001,132.32000000000002
s06-r0-disconnect_trial-2,6,0,disconnect_trial,2.0,17,138.08,140.08,2.0,2.0,140,2.52,2.56363,0.52,0.5636299999999999,140.60000000000002
s06-r0-disconnect_trial-2,6,0,disconnect_trial,2.0,18,146.24,148.24,2.0,2.0,148,2.52,2.55711,0.52,0.5571100000000002,148.76000000000002
s06-r0-disconnect_trial-2,6,0,disconnect_trial,2.0,19,154.48,156.48,2.0,2.0,157,2.52,2.5637,0.52,0.5636999999999999,157.0
s06-r0-disconnect_trial-2,6,0,disconnect_trial,2.0,20,162.76,164.76,2.0,2.0,165,2.52,2.56285,0.52,0.5628500000000001,165.28
s06-r0-disconnect_trial-2,6,0,disconnect_trial,2.0,21,171.08,173.08,2.0,2.0,173,2.52,2.5636,0.52,0.5636000000000001,173.60000000000002
s06-r0-disconnect_trial-2,6,0,disconnect_trial,2.0,22,178.72,180.72,2.0,2.0,181,2.52,2.56431,0.52,0.5643099999999999,181.24
s06-r0-disconnect_trial-2,6,0,disconnect_trial,2.0,23,186.88,188.88,2.0,2.0,189,2.52,2.56353,0.52,0.5635300000000001,189.4
s06-r0-disconnect_trial-2,6,0,disconnect_trial,2.0,24,194.68,196.68,2.0,2.0,197,2.52,2.55859,0.52,0.5585900000000001,197.20000000000002
s06-r0-disconnect_trial-2,6,0,disconnect_trial,2.0,25,202.52,204.52,2.0,2.0,205,2.52,2.55876,0.52,0.5587599999999999,205.04000000000002
s06-r0-disconnect_trial-2,6,0,disconnect_trial,2.0,26,210.92,212.92,2.0,2.0,213,2.52,2.56289,0.52,0.5628899999999999,213.44
s06-r0-disconnect_trial-2,6,0,disconnect_trial,2.0,27,218.96,220.96,2.0,2.0,221,2.52,2.55882,0.52,0.5588199999999999,221.48000000000002
s06-r0-disconnect_trial-2,6,0,disconnect_trial,2.0,28,226.84,228.84,2.0,2.0,229,2.52,2.5633,0.52,0.5632999999999999,229.36
s06-r0-disconnect_trial-2,6,0,disconnect_trial,2.0,29,234.96,236.96,2.0,2.0,237,2.52,2.56393,0.52,0.56393,237.48000000000002
s06-r0-disconnect_trial-2,6,0,disconnect_trial,2.0,30,243.24,245.24,2.0,2.0,245,2.52,2.55847,0.52,0.5584699999999998,245.76000000000002
s06-r0-disconnect_trial-2,6,0,disconnect_trial,2.0,31,251.68,253.68,2.0,2.0,254,2.52,2.55843,0.52,0.55843,254.20000000000002
s06-r0-disconnect_trial-2,6,0,disconnect_trial,2.0,32,260.04,262.04,2.0,2.0,262,2.52,2.55848,0.52,0.5584799999999999,262.56
s06-r0-disconnect_trial-2,6,0,disconnect_trial,2.0,33,268.4,270.4,2.0,2.0,270,2.52,2.55901,0.52,0.5590099999999998,270.91999999999996
s06-r0-disconnect_trial-2,6,0,disconnect_trial,2.0,34,276.56,278.56,2.0,2.0,279,2.52,2.55895,0.52,0.5589499999999998,279.08
s06-r0-disconnect_trial-2,6,0,disconnect_trial,2.0,35,284.84,286.84,2.0,2.0,287,2.52,2.55932,0.52,0.55932,287.35999999999996
s06-r0-disconnect_trial-2,6,0,disconnect_trial,2.0,36,292.92,294.92,2.0,2.0,295,2.52,2.55951,0.52,0.55951,295.44
s06-r0-disconnect_trial-2,6,0,disconnect_trial,2.0,37,300.8,302.8,2.0,2.0,303,2.52,2.55973,0.52,0.5597300000000001,303.32
s06-r0-disconnect_trial-2,6,0,disconnect_trial,2.0,38,308.64,310.64,2.0,2.0,311,2.52,2.55923,0.52,0.5592299999999999,311.15999999999997
s06-r0-disconnect_trial-2,6,0,disconnect_trial,2.0,39,316.36,318.36,2.0,2.0,318,2.52,2.55957,0.52,0.5595699999999999,318.88
s06-r0-disconnect_trial-2,6,0,disconnect_trial,2.0,40,324.68,326.68,2.0,2.0,327,2.52,2.56354,0.52,0.5635400000000002,327.2
s06-r0-disconnect_trial-2,6,0,disconnect_trial,2.0,41,332.6,334.6,2.0,2.0,335,2.52,2.56372,0.52,0.56372,335.12
s06-r0-disconnect_trial-2,6,0,disconnect_trial,2.0,42,340.56,342.56,2.0,2.0,343,2.52,2.55933,0.52,0.5593300000000001,343.08
s06-r0-disconnect_trial-2,6,0,disconnect_trial,2.0,43,349.0,351.0,2.0,2.0,351,2.52,2.55844,0.52,0.55844,351.52
s06-r0-disconnect_trial-2,6,0,disconnect_trial,2.0,44,356.64,358.64,2.0,2.0,359,2.52,2.5596,0.52,0.5596000000000001,359.15999999999997
s06-r0-disconnect_trial-2,6,0,disconnect_trial,2.0,45,364.36,366.36,2.0,2.0,366,2.52,2.55825,0.52,0.5582500000000001,366.88
s06-r0-disconnect_trial-2,6,0,disconnect_trial,2.0,46,372.8,374.8,2.0,2.0,375,2.52,2.55868,0.52,0.5586799999999998,375.32
s06-r0-disconnect_trial-2,6,0,disconnect_trial,2.0,47,381.04,383.04,2.0,2.0,383,2.52,2.55818,0.52,0.5581800000000001,383.56
s06-r1-disconnect-0.5,6,1,disconnect,0.5,0,83.32,83.84,0.5,0.5200000000000102,84,1.52,1.55943,0.9999999999999898,1.0394299999999899,84.83999999999999
s06-r1-disconnect-0.5,6,1,disconnect,0.5,1,118.68,119.16,0.5,0.47999999999998977,120,1.52,1.55991,1.0400000000000102,1.0799100000000101,120.2
s06-r1-disconnect-0.5,6,1,disconnect,0.5,2,135.28,135.76,0.5,0.47999999999998977,136,1.52,1.55985,1.0400000000000102,1.0798500000000102,136.8
s06-r1-disconnect-0.5,6,1,disconnect,0.5,3,156.64,157.16,0.5,0.5200000000000102,158,1.52,1.56007,0.9999999999999898,1.0400699999999898,158.16
s06-r1-disconnect-0.5,6,1,disconnect,0.5,4,330.24,330.76,0.5,0.5199999999999818,331,1.52,1.55904,1.0000000000000182,1.0390400000000182,331.76
s06-r1-disconnect-1,6,1,disconnect,1.0,0,68.36,69.36,1.0,1.0,69,1.52,1.55954,0.52,0.5595399999999999,69.88
s06-r1-disconnect-1,6,1,disconnect,1.0,1,131.72,132.72,1.0,1.0,133,1.52,1.55903,0.52,0.5590299999999999,133.24
s06-r1-disconnect-1,6,1,disconnect,1.0,2,198.64,199.64,1.0,1.0,200,1.52,1.56482,0.52,0.5648200000000001,200.16
s06-r1-disconnect-1,6,1,disconnect,1.0,3,216.16,217.16,1.0,1.0,217,1.52,1.55944,0.52,0.5594399999999999,217.68
s06-r1-disconnect-1,6,1,disconnect,1.0,4,269.88,270.88,1.0,1.0,271,1.52,1.56076,0.52,0.5607599999999999,271.4
s06-r1-disconnect-3,6,1,disconnect,3.0,0,64.76,67.76,3.0,3.0,68,3.56,3.60195,0.56,0.60195,68.32000000000001
s06-r1-disconnect-3,6,1,disconnect,3.0,1,130.32,133.32,3.0,3.0,133,3.52,3.55651,0.52,0.5565099999999998,133.84
s06-r1-disconnect-3,6,1,disconnect,3.0,2,141.12,144.12,3.0,3.0,144,3.52,3.56244,0.52,0.56244,144.64000000000001
s06-r1-disconnect-3,6,1,disconnect,3.0,3,164.68,167.68,3.0,3.0,168,3.52,3.56261,0.52,0.5626099999999998,168.20000000000002
s06-r1-disconnect-3,6,1,disconnect,3.0,4,273.16,276.16,3.0,3.0,276,3.52,3.56372,0.52,0.56372,276.68
s06-r1-disconnect_trial-0.5,6,1,disconnect_trial,0.5,0,3.0,3.52,0.5,0.52,4,1.52,1.56011,1.0,1.04011,4.52
s06-r1-disconnect_trial-0.5,6,1,disconnect_trial,0.5,1,11.04,11.52,0.5,0.4800000000000004,12,1.52,1.55879,1.0399999999999996,1.0787899999999995,12.559999999999999
s06-r1-disconnect_trial-0.5,6,1,disconnect_trial,0.5,2,18.72,19.2,0.5,0.4800000000000004,20,1.52,1.55888,1.0399999999999996,1.0788799999999996,20.24
s06-r1-disconnect_trial-0.5,6,1,disconnect_trial,0.5,3,26.52,27.0,0.5,0.4800000000000004,28,1.52,1.55951,1.0399999999999996,1.0795099999999995,28.04
s06-r1-disconnect_trial-0.5,6,1,disconnect_trial,0.5,4,34.56,35.04,0.5,0.4799999999999969,36,1.52,1.55907,1.0400000000000031,1.079070000000003,36.080000000000005
s06-r1-disconnect_trial-0.5,6,1,disconnect_trial,0.5,5,43.0,43.48,0.5,0.4799999999999969,44,1.52,1.56019,1.0400000000000031,1.080190000000003,44.52
s06-r1-disconnect_trial-0.5,6,1,disconnect_trial,0.5,6,50.64,51.16,0.5,0.519999999999996,52,1.52,1.56012,1.000000000000004,1.040120000000004,52.160000000000004
s06-r1-disconnect_trial-0.5,6,1,disconnect_trial,0.5,7,58.84,59.36,0.5,0.519999999999996,60,1.52,1.55879,1.000000000000004,1.0387900000000039,60.36000000000001
s06-r1-disconnect_trial-0.5,6,1,disconnect_trial,0.5,8,66.56,67.08,0.5,0.519999999999996,68,1.52,1.55956,1.000000000000004,1.039560000000004,68.08
s06-r1-disconnect_trial-0.5,6,1,disconnect_trial,0.5,9,74.56,75.08,0.5,0.519999999999996,76,1.52,1.56361,1.000000000000004,1.043610000000004,76.08
s06-r1-disconnect_trial-0.5,6,1,disconnect_trial,0.5,10,82.2,82.68,0.5,0.480000000000004,83,1.52,1.55975,1.039999999999996,1.079749999999996,83.72
s06-r1-disconnect_trial-0.5,6,1,disconnect_trial,0.5,11,89.76,90.28,0.5,0.519999999999996,91,1.52,1.56039,1.000000000000004,1.040390000000004,91.28
s06-r1-disconnect_trial-0.5,6,1,disconnect_trial,0.5,12,97.68,98.16,0.5,0.47999999999998977,99,1.52,1.56067,1.0400000000000102,1.0806700000000102,99.2
s06-r1-disconnect_trial-0.5,6,1,disconnect_trial,0.5,13,105.44,105.92,0.5,0.480000000000004,106,1.52,1.55914,1.039999999999996,1.079139999999996,106.96
s06-r1-disconnect_trial-0.5,6,1,disconnect_trial,0.5,14,113.32,113.8,0.5,0.480000000000004,114,1.52,1.56042,1.039999999999996,1.080419999999996,114.83999999999999
s06-r1-disconnect_trial-0.5,6,1,disconnect_trial,0.5,15,121.8,122.28,0.5,0.480000000000004,123,1.52,1.55927,1.039999999999996,1.079269999999996,123.32
s06-r1-disconnect_trial-0.5,6,1,disconnect_trial,0.5,16,129.8,130.32,0.5,0.5199999999999818,131,1.52,1.55911,1.0000000000000182,1.0391100000000182,131.32000000000002
s06-r1-disconnect_trial-0.5,6,1,disconnect_trial,0.5,17,138.08,138.6,0.5,0.5199999999999818,139,1.52,1.56002,1.0000000000000182,1.0400200000000182,139.60000000000002
s06-r1-disconnect_trial-0.5,6,1,disconnect_trial,0.5,18,146.24,146.72,0.5,0.47999999999998977,147,1.52,1.56026,1.0400000000000102,1.0802600000000102,147.76000000000002
s06-r1-disconnect_trial-0.5,6,1,disconnect_trial,0.5,19,154.48,155.0,0.5,0.5200000000000102,156,1.52,1.55891,0.9999999999999898,1.0389099999999898,156.0
s06-r1-disconnect_trial-0.5,6,1,disconnect_trial,0.5,20,162.76,163.28,0.5,0.5200000000000102,164,1.52,1.55941,0.9999999999999898,1.0394099999999897,164.28
s06-r1-disconnect_trial-0.5,6,1,disconnect_trial,0.5,21,171.08,171.6,0.5,0.5199999999999818,172,1.52,1.56411,1.0000000000000182,1.044110000000018,172.60000000000002
s06-r1-disconnect_trial-0.5,6,1,disconnect_trial,0.5,22,178.72,179.24,0.5,0.5200000000000102,180,1.52,1.55897,0.9999999999999898,1.0389699999999897,180.24
s06-r1-disconnect_trial-0.5,6,1,disconnect_trial,0.5,23,186.88,187.36,0.5,0.4800000000000182,188,1.52,1.55963,1.0399999999999818,1.0796299999999819,188.4
s06-r1-disconnect_trial-0.5,6,1,disconnect_trial,0.5,24,194.68,195.16,0.5,0.47999999999998977,196,1.52,1.55935,1.0400000000000102,1.0793500000000102,196.20000000000002
s06-r1-disconnect_trial-0.5,6,1,disconnect_trial,0.5,25,202.52,203.0,0.5,0.47999999999998977,204,1.52,1.55955,1.0400000000000102,1.0795500000000102,204.04000000000002
s06-r1-disconnect_trial-0.5,6,1,disconnect_trial,0.5,26,210.92,211.44,0.5,0.5200000000000102,212,1.52,1.5597,0.9999999999999898,1.0396999999999899,212.44
s06-r1-disconnect_trial-0.5,6,1,disconnect_trial,0.5,27,218.96,219.44,0.5,0.47999999999998977,220,1.52,1.5597,1.0400000000000102,1.0797000000000103,220.48000000000002
s06-r1-disconnect_trial-0.5,6,1,disconnect_trial,0.5,28,226.84,227.36,0.5,0.5200000000000102,228,1.52,1.56049,0.9999999999999898,1.0404899999999897,228.36
s06-r1-disconnect_trial-0.5,6,1,disconnect_trial,0.5,29,234.96,235.44,0.5,0.47999999999998977,236,1.52,1.56421,1.0400000000000102,1.0842100000000103,236.48000000000002
s06-r1-disconnect_trial-0.5,6,1,disconnect_trial,0.5,30,243.24,243.72,0.5,0.47999999999998977,244,1.52,1.5597,1.0400000000000102,1.0797000000000103,244.76000000000002
s06-r1-disconnect_trial-0.5,6,1,disconnect_trial,0.5,31,251.68,252.16,0.5,0.47999999999998977,253,1.52,1.56002,1.0400000000000102,1.0800200000000102,253.20000000000002
s06-r1-disconnect_trial-0.5,6,1,disconnect_trial,0.5,32,260.04,260.52,0.5,0.47999999999996135,261,1.52,1.56074,1.0400000000000387,1.0807400000000387,261.56
s06-r1-disconnect_trial-0.5,6,1,disconnect_trial,0.5,33,268.4,268.88,0.5,0.4800000000000182,269,1.52,1.56015,1.0399999999999818,1.0801499999999817,269.91999999999996
s06-r1-disconnect_trial-0.5,6,1,disconnect_trial,0.5,34,276.56,277.08,0.5,0.5199999999999818,278,1.52,1.56008,1.0000000000000182,1.040080000000018,278.08
s06-r1-disconnect_trial-0.5,6,1,disconnect_trial,0.5,35,284.84,285.32,0.5,0.4800000000000182,286,1.52,1.5593,1.0399999999999818,1.0792999999999817,286.35999999999996
s06-r1-disconnect_trial-0.5,6,1,disconnect_trial,0.5,36,292.92,293.4,0.5,0.47999999999996135,294,1.52,1.55959,1.0400000000000387,1.0795900000000387,294.44
s06-r1-disconnect_trial-0.5,6,1,disconnect_trial,0.5,37,300.8,301.28,0.5,0.47999999999996135,302,1.52,1.55937,1.0400000000000387,1.0793700000000386,302.32
s06-r1-disconnect_trial-0.5,6,1,disconnect_trial,0.5,38,308.64,309.16,0.5,0.5200000000000387,310,1.52,1.56021,0.9999999999999614,1.0402099999999614,310.15999999999997
s06-r1-disconnect_trial-0.5,6,1,disconnect_trial,0.5,39,316.36,316.84,0.5,0.47999999999996135,317,1.52,1.56032,1.0400000000000387,1.0803200000000386,317.88
s06-r1-disconnect_trial-0.5,6,1,disconnect_trial,0.5,40,324.68,325.16,0.5,0.4800000000000182,326,1.52,1.56009,1.0399999999999818,1.0800899999999818,326.2
s06-r1-disconnect_trial-0.5,6,1,disconnect_trial,0.5,41,332.6,333.08,0.5,0.47999999999996135,334,1.52,1.55941,1.0400000000000387,1.0794100000000386,334.12
s06-r1-disconnect_trial-0.5,6,1,disconnect_trial,0.5,42,340.56,341.04,0.5,0.4800000000000182,342,1.52,1.55945,1.0399999999999818,1.0794499999999818,342.08
s06-r1-disconnect_trial-0.5,6,1,disconnect_trial,0.5,43,349.0,349.52,0.5,0.5199999999999818,350,1.52,1.56048,1.0000000000000182,1.0404800000000183,350.52
s06-r1-disconnect_trial-0.5,6,1,disconnect_trial,0.5,44,356.64,357.16,0.5,0.5200000000000387,358,1.52,1.55958,0.9999999999999614,1.0395799999999613,358.15999999999997
s06-r1-disconnect_trial-0.5,6,1,disconnect_trial,0.5,45,364.36,364.84,0.5,0.47999999999996135,365,1.52,1.55951,1.0400000000000387,1.0795100000000386,365.88
s06-r1-disconnect_trial-0.5,6,1,disconnect_trial,0.5,46,372.8,373.32,0.5,0.5199999999999818,374,1.52,1.55952,1.0000000000000182,1.0395200000000182,374.32
s06-r1-disconnect_trial-0.5,6,1,disconnect_trial,0.5,47,381.04,381.56,0.5,0.5199999999999818,382,1.52,1.55935,1.0000000000000182,1.0393500000000182,382.56
s06-r1-disconnect_trial-1,6,1,disconnect_trial,1.0,0,3.0,4.0,1.0,1.0,4,1.52,1.56019,0.52,0.56019,4.52
s06-r1-disconnect_trial-1,6,1,disconnect_trial,1.0,1,11.04,12.04,1.0,1.0,12,1.52,1.56359,0.52,0.56359,12.559999999999999
s06-r1-disconnect_trial-1,6,1,disconnect_trial,1.0,2,18.72,19.72,1.0,1.0,20,1.52,1.55896,0.52,0.5589599999999999,20.24
s06-r1-disconnect_trial-1,6,1,disconnect_trial,1.0,3,26.52,27.52,1.0,1.0,28,1.52,1.56467,0.52,0.56467,28.04
s06-r1-disconnect_trial-1,6,1,disconnect_trial,1.0,4,34.56,35.56,1.0,1.0,36,1.52,1.56036,0.52,0.56036,36.080000000000005
s06-r1-disconnect_trial-1,6,1,disconnect_trial,1.0,5,43.0,44.0,1.0,1.0,44,1.52,1.55909,0.52,0.5590900000000001,44.52
s06-r1-disconnect_trial-1,6,1,disconnect_trial,1.0,6,50.64,51.64,1.0,1.0,52,1.52,1.55908,0.52,0.55908,52.160000000000004
s06-r1-disconnect_trial-1,6,1,disconnect_trial,1.0,7,58.84,59.84,1.0,1.0,60,1.52,1.56018,0.52,0.5601799999999999,60.36000000000001
s06-r1-disconnect_trial-1,6,1,disconnect_trial,1.0,8,66.56,67.56,1.0,1.0,68,1.52,1.55862,0.52,0.5586199999999999,68.08
s06-r1-disconnect_trial-1,6,1,disconnect_trial,1.0,9,74.56,75.56,1.0,1.0,76,1.52,1.55992,0.52,0.55992,76.08
s06-r1-disconnect_trial-1,6,1,disconnect_trial,1.0,10,82.2,83.2,1.0,1.0,83,1.52,1.56028,0.52,0.5602799999999999,83.72
s06-r1-disconnect_trial-1,6,1,disconnect_trial,1.0,11,89.76,90.76,1.0,1.0,91,1.52,1.55881,0.52,0.55881,91.28
s06-r1-disconnect_trial-1,6,1,disconnect_trial,1.0,12,97.68,98.68,1.0,1.0,99,1.52,1.55972,0.52,0.55972,99.2
s06-r1-disconnect_trial-1,6,1,disconnect_trial,1.0,13,105.44,106.44,1.0,1.0,106,1.52,1.55991,0.52,0.5599099999999999,106.96
s06-r1-disconnect_trial-1,6,1,disconnect_trial,1.0,14,113.32,114.32,1.0,1.0,114,1.52,1.56016,0.52,0.56016,114.83999999999999
s06-r1-disconnect_trial-1,6,1,disconnect_trial,1.0,15,121.8,122.8,1.0,1.0,123,1.52,1.55954,0.52,0.5595399999999999,123.32
s06-r1-disconnect_trial-1,6,1,disconnect_trial,1.0,16,129.8,130.8,1.0,1.0,131,1.52,1.56044,0.52,0.56044,131.32000000000002
s06-r1-disconnect_trial-1,6,1,disconnect_trial,1.0,17,138.08,139.08,1.0,1.0,139,1.52,1.55907,0.52,0.55907,139.60000000000002
s06-r1-disconnect_trial-1,6,1,disconnect_trial,1.0,18,146.24,147.24,1.0,1.0,147,1.52,1.5596,0.52,0.5596000000000001,147.76000000000002
s06-r1-disconnect_trial-1,6,1,disconnect_trial,1.0,19,154.48,155.48,1.0,1.0,156,1.52,1.55974,0.52,0.5597399999999999,156.0
s06-r1-disconnect_trial-1,6,1,disconnect_trial,1.0,20,162.76,163.76,1.0,1.0,164,1.52,1.56372,0.52,0.56372,164.28
s06-r1-disconnect_trial-1,6,1,disconnect_trial,1.0,21,171.08,172.08,1.0,1.0,172,1.52,1.55883,0.52,0.5588299999999999,172.60000000000002
s06-r1-disconnect_trial-1,6,1,disconnect_trial,1.0,22,178.72,179.72,1.0,1.0,180,1.52,1.56364,0.52,0.5636399999999999,180.24
s06-r1-disconnect_trial-1,6,1,disconnect_trial,1.0,23,186.88,187.88,1.0,1.0,188,1.52,1.55906,0.52,0.5590599999999999,188.4
s06-r1-disconnect_trial-1,6,1,disconnect_trial,1.0,24,194.68,195.68,1.0,1.0,196,1.52,1.55914,0.52,0.55914,196.20000000000002
s06-r1-disconnect_trial-1,6,1,disconnect_trial,1.0,25,202.52,203.52,1.0,1.0,204,1.52,1.55922,0.52,0.55922,204.04000000000002
s06-r1-disconnect_trial-1,6,1,disconnect_trial,1.0,26,210.92,211.92,1.0,1.0,212,1.52,1.55877,0.52,0.55877,212.44
s06-r1-disconnect_trial-1,6,1,disconnect_trial,1.0,27,218.96,219.96,1.0,1.0,220,1.52,1.56045,0.52,0.5604499999999999,220.48000000000002
s06-r1-disconnect_trial-1,6,1,disconnect_trial,1.0,28,226.84,227.84,1.0,1.0,228,1.52,1.55897,0.52,0.55897,228.36
s06-r1-disconnect_trial-1,6,1,disconnect_trial,1.0,29,234.96,235.96,1.0,1.0,236,1.52,1.55962,0.52,0.55962,236.48000000000002
s06-r1-disconnect_trial-1,6,1,disconnect_trial,1.0,30,243.24,244.24,1.0,1.0,244,1.52,1.55942,0.52,0.55942,244.76000000000002
s06-r1-disconnect_trial-1,6,1,disconnect_trial,1.0,31,251.68,252.68,1.0,1.0,253,1.52,1.56426,0.52,0.56426,253.20000000000002
s06-r1-disconnect_trial-1,6,1,disconnect_trial,1.0,32,260.04,261.04,1.0,1.0,261,1.52,1.55958,0.52,0.55958,261.56
s06-r1-disconnect_trial-1,6,1,disconnect_trial,1.0,33,268.4,269.4,1.0,1.0,269,1.52,1.55957,0.52,0.5595699999999999,269.91999999999996
s06-r1-disconnect_trial-1,6,1,disconnect_trial,1.0,34,276.56,277.56,1.0,1.0,278,1.52,1.56005,0.52,0.5600499999999999,278.08
s06-r1-disconnect_trial-1,6,1,disconnect_trial,1.0,35,284.84,285.84,1.0,1.0,286,1.52,1.55853,0.52,0.55853,286.35999999999996
s06-r1-disconnect_trial-1,6,1,disconnect_trial,1.0,36,292.92,293.92,1.0,1.0,294,1.52,1.56002,0.52,0.56002,294.44
s06-r1-disconnect_trial-1,6,1,disconnect_trial,1.0,37,300.8,301.8,1.0,1.0,302,1.52,1.55904,0.52,0.55904,302.32
s06-r1-disconnect_trial-1,6,1,disconnect_trial,1.0,38,308.64,309.64,1.0,1.0,310,1.52,1.55932,0.52,0.55932,310.15999999999997
s06-r1-disconnect_trial-1,6,1,disconnect_trial,1.0,39,316.36,317.36,1.0,1.0,317,1.52,1.56459,0.52,0.5645899999999999,317.88
s06-r1-disconnect_trial-1,6,1,disconnect_trial,1.0,40,324.68,325.68,1.0,1.0,326,1.52,1.56017,0.52,0.5601700000000001,326.2
s06-r1-disconnect_trial-1,6,1,disconnect_trial,1.0,41,332.6,333.6,1.0,1.0,334,1.52,1.55974,0.52,0.5597399999999999,334.12
s06-r1-disconnect_trial-1,6,1,disconnect_trial,1.0,42,340.56,341.56,1.0,1.0,342,1.52,1.5599,0.52,0.5599000000000001,342.08
s06-r1-disconnect_trial-1,6,1,disconnect_trial,1.0,43,349.0,350.0,1.0,1.0,350,1.52,1.55969,0.52,0.55969,350.52
s06-r1-disconnect_trial-1,6,1,disconnect_trial,1.0,44,356.64,357.64,1.0,1.0,358,1.52,1.55941,0.52,0.55941,358.15999999999997
s06-r1-disconnect_trial-1,6,1,disconnect_trial,1.0,45,364.36,365.36,1.0,1.0,365,1.52,1.564,0.52,0.5640000000000001,365.88
s06-r1-disconnect_trial-1,6,1,disconnect_trial,1.0,46,372.8,373.8,1.0,1.0,374,1.52,1.56007,0.52,0.5600700000000001,374.32
s06-r1-disconnect_trial-1,6,1,disconnect_trial,1.0,47,381.04,382.04,1.0,1.0,382,1.52,1.55912,0.52,0.5591200000000001,382.56
s06-r1-disconnect_trial-2,6,1,disconnect_trial,2.0,0,3.0,5.0,2.0,2.0,5,2.52,2.55863,0.52,0.55863,5.52
s06-r1-disconnect_trial-2,6,1,disconnect_trial,2.0,1,11.04,13.04,2.0,2.0,13,2.52,2.5582,0.52,0.5581999999999998,13.559999999999999
s06-r1-disconnect_trial-2,6,1,disconnect_trial,2.0,2,18.72,20.72,2.0,2.0,21,2.52,2.55911,0.52,0.55911,21.24
s06-r1-disconnect_trial-2,6,1,disconnect_trial,2.0,3,26.52,28.52,2.0,2.0,29,2.52,2.56282,0.52,0.5628199999999999,29.04
s06-r1-disconnect_trial-2,6,1,disconnect_trial,2.0,4,34.56,36.56,2.0,2.0,37,2.52,2.56016,0.52,0.5601600000000002,37.080000000000005
s06-r1-disconnect_trial-2,6,1,disconnect_trial,2.0,5,43.0,45.0,2.0,2.0,45,2.52,2.56206,0.52,0.5620599999999998,45.52
s06-r1-disconnect_trial-2,6,1,disconnect_trial,2.0,6,50.64,52.64,2.0,2.0,53,2.52,2.5649,0.52,0.5649000000000002,53.160000000000004
s06-r1-disconnect_trial-2,6,1,disconnect_trial,2.0,7,58.84,60.84,2.0,2.0,61,2.52,2.56286,0.52,0.5628600000000001,61.36000000000001
s06-r1-disconnect_trial-2,6,1,disconnect_trial,2.0,8,66.56,68.56,2.0,2.0,69,2.52,2.55801,0.52,0.5580099999999999,69.08
s06-r1-disconnect_trial-2,6,1,disconnect_trial,2.0,9,74.56,76.56,2.0,2.0,77,2.52,2.55772,0.52,0.5577200000000002,77.08
s06-r1-disconnect_trial-2,6,1,disconnect_trial,2.0,10,82.2,84.2,2.0,2.0,84,2.52,2.55914,0.52,0.5591400000000002,84.72
s06-r1-disconnect_trial-2,6,1,disconnect_trial,2.0,11,89.76,91.76,2.0,2.0,92,2.52,2.55816,0.52,0.55816,92.28
s06-r1-disconnect_trial-2,6,1,disconnect_trial,2.0,12,97.68,99.68,2.0,2.0,100,2.52,2.55901,0.52,0.5590099999999998,100.2
s06-r1-disconnect_trial-2,6,1,disconnect_trial,2.0,13,105.44,107.44,2.0,2.0,107,2.52,2.5632,0.52,0.5632000000000001,107.96
s06-r1-disconnect_trial-2,6,1,disconnect_trial,2.0,14,113.32,115.32,2.0,2.0,115,2.52,2.55863,0.52,0.55863,115.83999999999999
s06-r1-disconnect_trial-2,6,1,disconnect_trial,2.0,15,121.8,123.8,2.0,2.0,124,2.52,2.55794,0.52,0.5579399999999999,124.32
s06-r1-disconnect_trial-2,6,1,disconnect_trial,2.0,16,129.8,131.8,2.0,2.0,132,2.52,2.55908,0.52,0.5590799999999998,132.32000000000002
s06-r1-disconnect_trial-2,6,1,disconnect_trial,2.0,17,138.08,140.08,2.0,2.0,140,2.52,2.55796,0.52,0.55796,140.60000000000002
s06-r1-disconnect_trial-2,6,1,disconnect_trial,2.0,18,146.24,148.24,2.0,2.0,148,2.52,2.55855,0.52,0.5585499999999999,148.76000000000002
s06-r1-disconnect_trial-2,6,1,disconnect_trial,2.0,19,154.48,156.48,2.0,2.0,157,2.52,2.55826,0.52,0.5582600000000002,157.0
s06-r1-disconnect_trial-2,6,1,disconnect_trial,2.0,20,162.76,164.76,2.0,2.0,165,2.52,2.56244,0.52,0.56244,165.28
s06-r1-disconnect_trial-2,6,1,disconnect_trial,2.0,21,171.08,173.08,2.0,2.0,173,2.52,2.56319,0.52,0.5631900000000001,173.60000000000002
s06-r1-disconnect_trial-2,6,1,disconnect_trial,2.0,22,178.72,180.72,2.0,2.0,181,2.52,2.56302,0.52,0.5630199999999999,181.24
s06-r1-disconnect_trial-2,6,1,disconnect_trial,2.0,23,186.88,188.88,2.0,2.0,189,2.52,2.55843,0.52,0.55843,189.4
s06-r1-disconnect_trial-2,6,1,disconnect_trial,2.0,24,194.68,196.68,2.0,2.0,197,2.52,2.56264,0.52,0.56264,197.20000000000002
s06-r1-disconnect_trial-2,6,1,disconnect_trial,2.0,25,202.52,204.52,2.0,2.0,205,2.52,2.55821,0.52,0.5582099999999999,205.04000000000002
s06-r1-disconnect_trial-2,6,1,disconnect_trial,2.0,26,210.92,212.92,2.0,2.0,213,2.52,2.56288,0.52,0.5628799999999998,213.44
s06-r1-disconnect_trial-2,6,1,disconnect_trial,2.0,27,218.96,220.96,2.0,2.0,221,2.52,2.5592,0.52,0.5592000000000001,221.48000000000002
s06-r1-disconnect_trial-2,6,1,disconnect_trial,2.0,28,226.84,228.84,2.0,2.0,229,2.52,2.56309,0.52,0.5630899999999999,229.36
s06-r1-disconnect_trial-2,6,1,disconnect_trial,2.0,29,234.96,236.96,2.0,2.0,237,2.52,2.55858,0.52,0.5585800000000001,237.48000000000002
s06-r1-disconnect_trial-2,6,1,disconnect_trial,2.0,30,243.24,245.24,2.0,2.0,245,2.52,2.56388,0.52,0.5638800000000002,245.76000000000002
s06-r1-disconnect_trial-2,6,1,disconnect_trial,2.0,31,251.68,253.68,2.0,2.0,254,2.52,2.56354,0.52,0.5635400000000002,254.20000000000002
s06-r1-disconnect_trial-2,6,1,disconnect_trial,2.0,32,260.04,262.04,2.0,2.0,262,2.52,2.55834,0.52,0.5583399999999998,262.56
s06-r1-disconnect_trial-2,6,1,disconnect_trial,2.0,33,268.4,270.4,2.0,2.0,270,2.52,2.55775,0.52,0.55775,270.91999999999996
s06-r1-disconnect_trial-2,6,1,disconnect_trial,2.0,34,276.56,278.56,2.0,2.0,279,2.52,2.55916,0.52,0.5591599999999999,279.08
s06-r1-disconnect_trial-2,6,1,disconnect_trial,2.0,35,284.84,286.84,2.0,2.0,287,2.52,2.56417,0.52,0.5641699999999998,287.35999999999996
s06-r1-disconnect_trial-2,6,1,disconnect_trial,2.0,36,292.92,294.92,2.0,2.0,295,2.52,2.56158,0.52,0.5615800000000002,295.44
s06-r1-disconnect_trial-2,6,1,disconnect_trial,2.0,37,300.8,302.8,2.0,2.0,303,2.52,2.55931,0.52,0.55931,303.32
s06-r1-disconnect_trial-2,6,1,disconnect_trial,2.0,38,308.64,310.64,2.0,2.0,311,2.52,2.56382,0.52,0.5638200000000002,311.15999999999997
s06-r1-disconnect_trial-2,6,1,disconnect_trial,2.0,39,316.36,318.36,2.0,2.0,318,2.52,2.55857,0.52,0.55857,318.88
s06-r1-disconnect_trial-2,6,1,disconnect_trial,2.0,40,324.68,326.68,2.0,2.0,327,2.52,2.55892,0.52,0.5589200000000001,327.2
s06-r1-disconnect_trial-2,6,1,disconnect_trial,2.0,41,332.6,334.6,2.0,2.0,335,2.52,2.55864,0.52,0.55864,335.12
s06-r1-disconnect_trial-2,6,1,disconnect_trial,2.0,42,340.56,342.56,2.0,2.0,343,2.52,2.55905,0.52,0.55905,343.08
s06-r1-disconnect_trial-2,6,1,disconnect_trial,2.0,43,349.0,351.0,2.0,2.0,351,2.52,2.55842,0.52,0.5584199999999999,351.52
s06-r1-disconnect_trial-2,6,1,disconnect_trial,2.0,44,356.64,358.64,2.0,2.0,359,2.52,2.5631,0.52,0.5630999999999999,359.15999999999997
s06-r1-disconnect_trial-2,6,1,disconnect_trial,2.0,45,364.36,366.36,2.0,2.0,366,2.52,2.56393,0.52,0.56393,366.88
s06-r1-disconnect_trial-2,6,1,disconnect_trial,2.0,46,372.8,374.8,2.0,2.0,375,2.52,2.5593,0.52,0.5592999999999999,375.32
s06-r1-disconnect_trial-2,6,1,disconnect_trial,2.0,47,381.04,383.04,2.0,2.0,383,2.52,2.55869,0.52,0.5586899999999999,383.56
s06-r2-disconnect-0.5,6,2,disconnect,0.5,0,18.84,19.36,0.5,0.5199999999999996,20,1.52,1.55979,1.0000000000000004,1.0397900000000004,20.36
s06-r2-disconnect-0.5,6,2,disconnect,0.5,1,101.0,101.52,0.5,0.519999999999996,102,1.52,1.56452,1.000000000000004,1.044520000000004,102.52
s06-r2-disconnect-0.5,6,2,disconnect,0.5,2,265.8,266.28,0.5,0.47999999999996135,267,1.52,1.56022,1.0400000000000387,1.0802200000000386,267.32
s06-r2-disconnect-0.5,6,2,disconnect,0.5,3,271.28,271.8,0.5,0.5200000000000387,272,1.52,1.56036,0.9999999999999614,1.0403599999999613,272.79999999999995
s06-r2-disconnect-0.5,6,2,disconnect,0.5,4,292.84,293.36,0.5,0.5200000000000387,294,1.52,1.55942,0.9999999999999614,1.0394199999999614,294.35999999999996
s06-r2-disconnect-1,6,2,disconnect,1.0,0,124.04,125.04,1.0,1.0,125,1.52,1.55965,0.52,0.55965,125.56
s06-r2-disconnect-1,6,2,disconnect,1.0,1,130.56,131.56,1.0,1.0,132,1.52,1.55973,0.52,0.5597300000000001,132.08
s06-r2-disconnect-1,6,2,disconnect,1.0,2,136.56,137.56,1.0,1.0,138,1.52,1.55934,0.52,0.55934,138.08
s06-r2-disconnect-1,6,2,disconnect,1.0,3,142.56,143.56,1.0,1.0,144,1.52,1.56019,0.52,0.56019,144.08
s06-r2-disconnect-1,6,2,disconnect,1.0,4,282.52,283.52,1.0,1.0,284,1.52,1.55967,0.52,0.5596699999999999,284.03999999999996
s06-r2-disconnect-3,6,2,disconnect,3.0,0,15.4,18.4,2.9999999999999982,2.9999999999999982,18,3.52,3.56353,0.5200000000000018,0.5635300000000019,18.92
s06-r2-disconnect-3,6,2,disconnect,3.0,1,80.76,83.76,3.0,3.0,84,3.52,3.55806,0.52,0.5580599999999998,84.28
s06-r2-disconnect-3,6,2,disconnect,3.0,2,285.12,288.12,3.0,3.0,288,3.52,3.55813,0.52,0.5581299999999998,288.64
s06-r2-disconnect-3,6,2,disconnect,3.0,3,310.6,313.6,3.0,3.0,314,3.52,3.55876,0.52,0.5587599999999999,314.12
s06-r2-disconnect-3,6,2,disconnect,3.0,4,325.0,328.0,3.0,3.0,328,3.52,3.55896,0.52,0.5589599999999999,328.52
s06-r2-disconnect_trial-0.5,6,2,disconnect_trial,0.5,0,3.0,3.52,0.5,0.52,4,1.52,1.5599,1.0,1.0399,4.52
s06-r2-disconnect_trial-0.5,6,2,disconnect_trial,0.5,1,11.04,11.52,0.5,0.4800000000000004,12,1.52,1.5602,1.0399999999999996,1.0801999999999996,12.559999999999999
s06-r2-disconnect_trial-0.5,6,2,disconnect_trial,0.5,2,18.72,19.2,0.5,0.4800000000000004,20,1.52,1.55931,1.0399999999999996,1.0793099999999995,20.24
s06-r2-disconnect_trial-0.5,6,2,disconnect_trial,0.5,3,26.52,27.0,0.5,0.4800000000000004,28,1.52,1.55938,1.0399999999999996,1.0793799999999996,28.04
s06-r2-disconnect_trial-0.5,6,2,disconnect_trial,0.5,4,34.56,35.04,0.5,0.4799999999999969,36,1.52,1.55984,1.0400000000000031,1.079840000000003,36.080000000000005
s06-r2-disconnect_trial-0.5,6,2,disconnect_trial,0.5,5,43.0,43.48,0.5,0.4799999999999969,44,1.52,1.56032,1.0400000000000031,1.080320000000003,44.52
s06-r2-disconnect_trial-0.5,6,2,disconnect_trial,0.5,6,50.64,51.16,0.5,0.519999999999996,52,1.52,1.56062,1.000000000000004,1.0406200000000039,52.160000000000004
s06-r2-disconnect_trial-0.5,6,2,disconnect_trial,0.5,7,58.84,59.36,0.5,0.519999999999996,60,1.52,1.5599,1.000000000000004,1.039900000000004,60.36000000000001
s06-r2-disconnect_trial-0.5,6,2,disconnect_trial,0.5,8,66.56,67.08,0.5,0.519999999999996,68,1.52,1.55969,1.000000000000004,1.039690000000004,68.08
s06-r2-disconnect_trial-0.5,6,2,disconnect_trial,0.5,9,74.56,75.08,0.5,0.519999999999996,76,1.52,1.55991,1.000000000000004,1.0399100000000039,76.08
s06-r2-disconnect_trial-0.5,6,2,disconnect_trial,0.5,10,82.2,82.68,0.5,0.480000000000004,83,1.52,1.55941,1.039999999999996,1.079409999999996,83.72
s06-r2-disconnect_trial-0.5,6,2,disconnect_trial,0.5,11,89.76,90.28,0.5,0.519999999999996,91,1.52,1.56449,1.000000000000004,1.044490000000004,91.28
s06-r2-disconnect_trial-0.5,6,2,disconnect_trial,0.5,12,97.68,98.16,0.5,0.47999999999998977,99,1.52,1.55985,1.0400000000000102,1.0798500000000102,99.2
s06-r2-disconnect_trial-0.5,6,2,disconnect_trial,0.5,13,105.44,105.92,0.5,0.480000000000004,106,1.52,1.55959,1.039999999999996,1.079589999999996,106.96
s06-r2-disconnect_trial-0.5,6,2,disconnect_trial,0.5,14,113.32,113.8,0.5,0.480000000000004,114,1.52,1.55895,1.039999999999996,1.078949999999996,114.83999999999999
s06-r2-disconnect_trial-0.5,6,2,disconnect_trial,0.5,15,121.8,122.28,0.5,0.480000000000004,123,1.52,1.55826,1.039999999999996,1.078259999999996,123.32
s06-r2-disconnect_trial-0.5,6,2,disconnect_trial,0.5,16,129.8,130.32,0.5,0.5199999999999818,131,1.52,1.55522,1.0000000000000182,1.0352200000000182,131.32000000000002
s06-r2-disconnect_trial-0.5,6,2,disconnect_trial,0.5,17,138.08,138.6,0.5,0.5199999999999818,139,1.52,1.55842,1.0000000000000182,1.038420000000018,139.60000000000002
s06-r2-disconnect_trial-0.5,6,2,disconnect_trial,0.5,18,146.24,146.72,0.5,0.47999999999998977,147,1.52,1.5556,1.0400000000000102,1.0756000000000103,147.76000000000002
s06-r2-disconnect_trial-0.5,6,2,disconnect_trial,0.5,19,154.48,155.0,0.5,0.5200000000000102,156,1.52,1.55973,0.9999999999999898,1.0397299999999898,156.0
s06-r2-disconnect_trial-0.5,6,2,disconnect_trial,0.5,20,162.76,163.28,0.5,0.5200000000000102,164,1.52,1.56043,0.9999999999999898,1.0404299999999898,164.28
s06-r2-disconnect_trial-0.5,6,2,disconnect_trial,0.5,21,171.08,171.6,0.5,0.5199999999999818,172,1.52,1.55951,1.0000000000000182,1.0395100000000181,172.60000000000002
s06-r2-disconnect_trial-0.5,6,2,disconnect_trial,0.5,22,178.72,179.24,0.5,0.5200000000000102,180,1.52,1.55952,0.9999999999999898,1.0395199999999898,180.24
s06-r2-disconnect_trial-0.5,6,2,disconnect_trial,0.5,23,186.88,187.36,0.5,0.4800000000000182,188,1.52,1.56034,1.0399999999999818,1.0803399999999819,188.4
s06-r2-disconnect_trial-0.5,6,2,disconnect_trial,0.5,24,194.68,195.16,0.5,0.47999999999998977,196,1.52,1.55978,1.0400000000000102,1.0797800000000102,196.20000000000002
s06-r2-disconnect_trial-0.5,6,2,disconnect_trial,0.5,25,202.52,203.0,0.5,0.47999999999998977,204,1.52,1.55957,1.0400000000000102,1.0795700000000101,204.04000000000002
s06-r2-disconnect_trial-0.5,6,2,disconnect_trial,0.5,26,210.92,211.44,0.5,0.5200000000000102,212,1.52,1.55977,0.9999999999999898,1.0397699999999899,212.44
s06-r2-disconnect_trial-0.5,6,2,disconnect_trial,0.5,27,218.96,219.44,0.5,0.47999999999998977,220,1.52,1.5587,1.0400000000000102,1.0787000000000102,220.48000000000002
s06-r2-disconnect_trial-0.5,6,2,disconnect_trial,0.5,28,226.84,227.36,0.5,0.5200000000000102,228,1.52,1.55909,0.9999999999999898,1.0390899999999899,228.36
s06-r2-disconnect_trial-0.5,6,2,disconnect_trial,0.5,29,234.96,235.44,0.5,0.47999999999998977,236,1.52,1.55931,1.0400000000000102,1.0793100000000102,236.48000000000002
s06-r2-disconnect_trial-0.5,6,2,disconnect_trial,0.5,30,243.24,243.72,0.5,0.47999999999998977,244,1.52,1.55915,1.0400000000000102,1.0791500000000103,244.76000000000002
s06-r2-disconnect_trial-0.5,6,2,disconnect_trial,0.5,31,251.68,252.16,0.5,0.47999999999998977,253,1.52,1.56049,1.0400000000000102,1.0804900000000102,253.20000000000002
s06-r2-disconnect_trial-0.5,6,2,disconnect_trial,0.5,32,260.04,260.52,0.5,0.47999999999996135,261,1.52,1.56055,1.0400000000000387,1.0805500000000388,261.56
s06-r2-disconnect_trial-0.5,6,2,disconnect_trial,0.5,33,268.4,268.88,0.5,0.4800000000000182,269,1.52,1.55935,1.0399999999999818,1.0793499999999818,269.91999999999996
s06-r2-disconnect_trial-0.5,6,2,disconnect_trial,0.5,34,276.56,277.08,0.5,0.5199999999999818,278,1.52,1.56009,1.0000000000000182,1.0400900000000182,278.08
s06-r2-disconnect_trial-0.5,6,2,disconnect_trial,0.5,35,284.84,285.32,0.5,0.4800000000000182,286,1.52,1.55936,1.0399999999999818,1.079359999999982,286.35999999999996
s06-r2-disconnect_trial-0.5,6,2,disconnect_trial,0.5,36,292.92,293.4,0.5,0.47999999999996135,294,1.52,1.55941,1.0400000000000387,1.0794100000000386,294.44
s06-r2-disconnect_trial-0.5,6,2,disconnect_trial,0.5,37,300.8,301.28,0.5,0.47999999999996135,302,1.52,1.56024,1.0400000000000387,1.0802400000000387,302.32
s06-r2-disconnect_trial-0.5,6,2,disconnect_trial,0.5,38,308.64,309.16,0.5,0.5200000000000387,310,1.52,1.55937,0.9999999999999614,1.0393699999999613,310.15999999999997
s06-r2-disconnect_trial-0.5,6,2,disconnect_trial,0.5,39,316.36,316.84,0.5,0.47999999999996135,317,1.52,1.55926,1.0400000000000387,1.0792600000000387,317.88
s06-r2-disconnect_trial-0.5,6,2,disconnect_trial,0.5,40,324.68,325.16,0.5,0.4800000000000182,326,1.52,1.55804,1.0399999999999818,1.078039999999982,326.2
s06-r2-disconnect_trial-0.5,6,2,disconnect_trial,0.5,41,332.6,333.08,0.5,0.47999999999996135,334,1.52,1.55976,1.0400000000000387,1.0797600000000387,334.12
s06-r2-disconnect_trial-0.5,6,2,disconnect_trial,0.5,42,340.56,341.04,0.5,0.4800000000000182,342,1.52,1.55999,1.0399999999999818,1.0799899999999818,342.08
s06-r2-disconnect_trial-0.5,6,2,disconnect_trial,0.5,43,349.0,349.52,0.5,0.5199999999999818,350,1.52,1.55916,1.0000000000000182,1.0391600000000183,350.52
s06-r2-disconnect_trial-0.5,6,2,disconnect_trial,0.5,44,356.64,357.16,0.5,0.5200000000000387,358,1.52,1.56073,0.9999999999999614,1.0407299999999613,358.15999999999997
s06-r2-disconnect_trial-0.5,6,2,disconnect_trial,0.5,45,364.36,364.84,0.5,0.47999999999996135,365,1.52,1.55993,1.0400000000000387,1.0799300000000387,365.88
s06-r2-disconnect_trial-0.5,6,2,disconnect_trial,0.5,46,372.8,373.32,0.5,0.5199999999999818,374,1.52,1.55965,1.0000000000000182,1.0396500000000182,374.32
s06-r2-disconnect_trial-0.5,6,2,disconnect_trial,0.5,47,381.04,381.56,0.5,0.5199999999999818,382,1.52,1.55972,1.0000000000000182,1.0397200000000182,382.56
s06-r2-disconnect_trial-1,6,2,disconnect_trial,1.0,0,3.0,4.0,1.0,1.0,4,1.52,1.56027,0.52,0.56027,4.52
s06-r2-disconnect_trial-1,6,2,disconnect_trial,1.0,1,11.04,12.04,1.0,1.0,12,1.52,1.55973,0.52,0.5597300000000001,12.559999999999999
s06-r2-disconnect_trial-1,6,2,disconnect_trial,1.0,2,18.72,19.72,1.0,1.0,20,1.52,1.56021,0.52,0.5602100000000001,20.24
s06-r2-disconnect_trial-1,6,2,disconnect_trial,1.0,3,26.52,27.52,1.0,1.0,28,1.52,1.55947,0.52,0.5594699999999999,28.04
s06-r2-disconnect_trial-1,6,2,disconnect_trial,1.0,4,34.56,35.56,1.0,1.0,36,1.52,1.55993,0.52,0.55993,36.080000000000005
s06-r2-disconnect_trial-1,6,2,disconnect_trial,1.0,5,43.0,44.0,1.0,1.0,44,1.52,1.56001,0.52,0.5600099999999999,44.52
s06-r2-disconnect_trial-1,6,2,disconnect_trial,1.0,6,50.64,51.64,1.0,1.0,52,1.52,1.56466,0.52,0.5646599999999999,52.160000000000004
s06-r2-disconnect_trial-1,6,2,disconnect_trial,1.0,7,58.84,59.84,1.0,1.0,60,1.52,1.55886,0.52,0.5588599999999999,60.36000000000001
s06-r2-disconnect_trial-1,6,2,disconnect_trial,1.0,8,66.56,67.56,1.0,1.0,68,1.52,1.56025,0.52,0.5602499999999999,68.08
s06-r2-disconnect_trial-1,6,2,disconnect_trial,1.0,9,74.56,75.56,1.0,1.0,76,1.52,1.55972,0.52,0.55972,76.08
s06-r2-disconnect_trial-1,6,2,disconnect_trial,1.0,10,82.2,83.2,1.0,1.0,83,1.52,1.5587,0.52,0.5587,83.72
s06-r2-disconnect_trial-1,6,2,disconnect_trial,1.0,11,89.76,90.76,1.0,1.0,91,1.52,1.5636,0.52,0.5636000000000001,91.28
s06-r2-disconnect_trial-1,6,2,disconnect_trial,1.0,12,97.68,98.68,1.0,1.0,99,1.52,1.5598,0.52,0.5598000000000001,99.2
s06-r2-disconnect_trial-1,6,2,disconnect_trial,1.0,13,105.44,106.44,1.0,1.0,106,1.52,1.55879,0.52,0.5587899999999999,106.96
s06-r2-disconnect_trial-1,6,2,disconnect_trial,1.0,14,113.32,114.32,1.0,1.0,114,1.52,1.55891,0.52,0.55891,114.83999999999999
s06-r2-disconnect_trial-1,6,2,disconnect_trial,1.0,15,121.8,122.8,1.0,1.0,123,1.52,1.55999,0.52,0.55999,123.32
s06-r2-disconnect_trial-1,6,2,disconnect_trial,1.0,16,129.8,130.8,1.0,1.0,131,1.52,1.56466,0.52,0.5646599999999999,131.32000000000002
s06-r2-disconnect_trial-1,6,2,disconnect_trial,1.0,17,138.08,139.08,1.0,1.0,139,1.52,1.55969,0.52,0.55969,139.60000000000002
s06-r2-disconnect_trial-1,6,2,disconnect_trial,1.0,18,146.24,147.24,1.0,1.0,147,1.52,1.55951,0.52,0.55951,147.76000000000002
s06-r2-disconnect_trial-1,6,2,disconnect_trial,1.0,19,154.48,155.48,1.0,1.0,156,1.52,1.56024,0.52,0.5602400000000001,156.0
s06-r2-disconnect_trial-1,6,2,disconnect_trial,1.0,20,162.76,163.76,1.0,1.0,164,1.52,1.55975,0.52,0.55975,164.28
s06-r2-disconnect_trial-1,6,2,disconnect_trial,1.0,21,171.08,172.08,1.0,1.0,172,1.52,1.55948,0.52,0.55948,172.60000000000002
s06-r2-disconnect_trial-1,6,2,disconnect_trial,1.0,22,178.72,179.72,1.0,1.0,180,1.52,1.55966,0.52,0.55966,180.24
s06-r2-disconnect_trial-1,6,2,disconnect_trial,1.0,23,186.88,187.88,1.0,1.0,188,1.52,1.55996,0.52,0.55996,188.4
s06-r2-disconnect_trial-1,6,2,disconnect_trial,1.0,24,194.68,195.68,1.0,1.0,196,1.52,1.56449,0.52,0.5644899999999999,196.20000000000002
s06-r2-disconnect_trial-1,6,2,disconnect_trial,1.0,25,202.52,203.52,1.0,1.0,204,1.52,1.56051,0.52,0.5605100000000001,204.04000000000002
s06-r2-disconnect_trial-1,6,2,disconnect_trial,1.0,26,210.92,211.92,1.0,1.0,212,1.52,1.55994,0.52,0.5599400000000001,212.44
s06-r2-disconnect_trial-1,6,2,disconnect_trial,1.0,27,218.96,219.96,1.0,1.0,220,1.52,1.56034,0.52,0.5603400000000001,220.48000000000002
s06-r2-disconnect_trial-1,6,2,disconnect_trial,1.0,28,226.84,227.84,1.0,1.0,228,1.52,1.55902,0.52,0.5590200000000001,228.36
s06-r2-disconnect_trial-1,6,2,disconnect_trial,1.0,29,234.96,235.96,1.0,1.0,236,1.52,1.55928,0.52,0.55928,236.48000000000002
s06-r2-disconnect_trial-1,6,2,disconnect_trial,1.0,30,243.24,244.24,1.0,1.0,244,1.52,1.55924,0.52,0.55924,244.76000000000002
s06-r2-disconnect_trial-1,6,2,disconnect_trial,1.0,31,251.68,252.68,1.0,1.0,253,1.52,1.55917,0.52,0.55917,253.20000000000002
s06-r2-disconnect_trial-1,6,2,disconnect_trial,1.0,32,260.04,261.04,1.0,1.0,261,1.52,1.56004,0.52,0.5600400000000001,261.56
s06-r2-disconnect_trial-1,6,2,disconnect_trial,1.0,33,268.4,269.4,1.0,1.0,269,1.52,1.5598,0.52,0.5598000000000001,269.91999999999996
s06-r2-disconnect_trial-1,6,2,disconnect_trial,1.0,34,276.56,277.56,1.0,1.0,278,1.52,1.55896,0.52,0.5589599999999999,278.08
s06-r2-disconnect_trial-1,6,2,disconnect_trial,1.0,35,284.84,285.84,1.0,1.0,286,1.52,1.55975,0.52,0.55975,286.35999999999996
s06-r2-disconnect_trial-1,6,2,disconnect_trial,1.0,36,292.92,293.92,1.0,1.0,294,1.52,1.55995,0.52,0.55995,294.44
s06-r2-disconnect_trial-1,6,2,disconnect_trial,1.0,37,300.8,301.8,1.0,1.0,302,1.52,1.55965,0.52,0.55965,302.32
s06-r2-disconnect_trial-1,6,2,disconnect_trial,1.0,38,308.64,309.64,1.0,1.0,310,1.52,1.55866,0.52,0.5586599999999999,310.15999999999997
s06-r2-disconnect_trial-1,6,2,disconnect_trial,1.0,39,316.36,317.36,1.0,1.0,317,1.52,1.55925,0.52,0.55925,317.88
s06-r2-disconnect_trial-1,6,2,disconnect_trial,1.0,40,324.68,325.68,1.0,1.0,326,1.52,1.55885,0.52,0.5588500000000001,326.2
s06-r2-disconnect_trial-1,6,2,disconnect_trial,1.0,41,332.6,333.6,1.0,1.0,334,1.52,1.55907,0.52,0.55907,334.12
s06-r2-disconnect_trial-1,6,2,disconnect_trial,1.0,42,340.56,341.56,1.0,1.0,342,1.52,1.55934,0.52,0.55934,342.08
s06-r2-disconnect_trial-1,6,2,disconnect_trial,1.0,43,349.0,350.0,1.0,1.0,350,1.52,1.55955,0.52,0.55955,350.52
s06-r2-disconnect_trial-1,6,2,disconnect_trial,1.0,44,356.64,357.64,1.0,1.0,358,1.52,1.56014,0.52,0.5601400000000001,358.15999999999997
s06-r2-disconnect_trial-1,6,2,disconnect_trial,1.0,45,364.36,365.36,1.0,1.0,365,1.52,1.56001,0.52,0.5600099999999999,365.88
s06-r2-disconnect_trial-1,6,2,disconnect_trial,1.0,46,372.8,373.8,1.0,1.0,374,1.52,1.55943,0.52,0.5594300000000001,374.32
s06-r2-disconnect_trial-1,6,2,disconnect_trial,1.0,47,381.04,382.04,1.0,1.0,382,1.52,1.55832,0.52,0.5583199999999999,382.56
s06-r2-disconnect_trial-2,6,2,disconnect_trial,2.0,0,3.0,5.0,2.0,2.0,5,2.56,2.59913,0.56,0.5991300000000002,5.5600000000000005
s06-r2-disconnect_trial-2,6,2,disconnect_trial,2.0,1,11.04,13.04,2.0,2.0,13,2.52,2.55832,0.52,0.5583200000000001,13.559999999999999
s06-r2-disconnect_trial-2,6,2,disconnect_trial,2.0,2,18.72,20.72,2.0,2.0,21,2.52,2.55912,0.52,0.5591200000000001,21.24
s06-r2-disconnect_trial-2,6,2,disconnect_trial,2.0,3,26.52,28.52,2.0,2.0,29,2.52,2.55816,0.52,0.55816,29.04
s06-r2-disconnect_trial-2,6,2,disconnect_trial,2.0,4,34.56,36.56,2.0,2.0,37,2.52,2.56397,0.52,0.5639699999999999,37.080000000000005
s06-r2-disconnect_trial-2,6,2,disconnect_trial,2.0,5,43.0,45.0,2.0,2.0,45,2.52,2.55859,0.52,0.5585900000000001,45.52
s06-r2-disconnect_trial-2,6,2,disconnect_trial,2.0,6,50.64,52.64,2.0,2.0,53,2.52,2.56469,0.52,0.5646900000000001,53.160000000000004
s06-r2-disconnect_trial-2,6,2,disconnect_trial,2.0,7,58.84,60.84,2.0,2.0,61,2.52,2.56278,0.52,0.5627800000000001,61.36000000000001
s06-r2-disconnect_trial-2,6,2,disconnect_trial,2.0,8,66.56,68.56,2.0,2.0,69,2.52,2.56379,0.52,0.56379,69.08
s06-r2-disconnect_trial-2,6,2,disconnect_trial,2.0,9,74.56,76.56,2.0,2.0,77,2.52,2.5597,0.52,0.5596999999999999,77.08
s06-r2-disconnect_trial-2,6,2,disconnect_trial,2.0,10,82.2,84.2,2.0,2.0,84,2.52,2.55745,0.52,0.5574499999999998,84.72
s06-r2-disconnect_trial-2,6,2,disconnect_trial,2.0,11,89.76,91.76,2.0,2.0,92,2.52,2.56251,0.52,0.5625100000000001,92.28
s06-r2-disconnect_trial-2,6,2,disconnect_trial,2.0,12,97.68,99.68,2.0,2.0,100,2.52,2.55753,0.52,0.5575299999999999,100.2
s06-r2-disconnect_trial-2,6,2,disconnect_trial,2.0,13,105.44,107.44,2.0,2.0,107,2.52,2.564,0.52,0.5640000000000001,107.96
s06-r2-disconnect_trial-2,6,2,disconnect_trial,2.0,14,113.32,115.32,2.0,2.0,115,2.52,2.56282,0.52,0.5628199999999999,115.83999999999999
s06-r2-disconnect_trial-2,6,2,disconnect_trial,2.0,15,121.8,123.8,2.0,2.0,124,2.52,2.55882,0.52,0.5588199999999999,124.32
s06-r2-disconnect_trial-2,6,2,disconnect_trial,2.0,16,129.8,131.8,2.0,2.0,132,2.52,2.56458,0.52,0.5645799999999999,132.32000000000002
s06-r2-disconnect_trial-2,6,2,disconnect_trial,2.0,17,138.08,140.08,2.0,2.0,140,2.52,2.56231,0.52,0.5623100000000001,140.60000000000002
s06-r2-disconnect_trial-2,6,2,disconnect_trial,2.0,18,146.24,148.24,2.0,2.0,148,2.52,2.55994,0.52,0.5599400000000001,148.76000000000002
s06-r2-disconnect_trial-2,6,2,disconnect_trial,2.0,19,154.48,156.48,2.0,2.0,157,2.52,2.56041,0.52,0.5604100000000001,157.0
s06-r2-disconnect_trial-2,6,2,disconnect_trial,2.0,20,162.76,164.76,2.0,2.0,165,2.52,2.55904,0.52,0.55904,165.28
s06-r2-disconnect_trial-2,6,2,disconnect_trial,2.0,21,171.08,173.08,2.0,2.0,173,2.52,2.55822,0.52,0.5582199999999999,173.60000000000002
s06-r2-disconnect_trial-2,6,2,disconnect_trial,2.0,22,178.72,180.72,2.0,2.0,181,2.52,2.5623,0.52,0.5623,181.24
s06-r2-disconnect_trial-2,6,2,disconnect_trial,2.0,23,186.88,188.88,2.0,2.0,189,2.52,2.55834,0.52,0.5583399999999998,189.4
s06-r2-disconnect_trial-2,6,2,disconnect_trial,2.0,24,194.68,196.68,2.0,2.0,197,2.52,2.56343,0.52,0.5634299999999999,197.20000000000002
s06-r2-disconnect_trial-2,6,2,disconnect_trial,2.0,25,202.52,204.52,2.0,2.0,205,2.52,2.56351,0.52,0.56351,205.04000000000002
s06-r2-disconnect_trial-2,6,2,disconnect_trial,2.0,26,210.92,212.92,2.0,2.0,213,2.52,2.56413,0.52,0.56413,213.44
s06-r2-disconnect_trial-2,6,2,disconnect_trial,2.0,27,218.96,220.96,2.0,2.0,221,2.52,2.55762,0.52,0.55762,221.48000000000002
s06-r2-disconnect_trial-2,6,2,disconnect_trial,2.0,28,226.84,228.84,2.0,2.0,229,2.52,2.56368,0.52,0.5636800000000002,229.36
s06-r2-disconnect_trial-2,6,2,disconnect_trial,2.0,29,234.96,236.96,2.0,2.0,237,2.52,2.55843,0.52,0.55843,237.48000000000002
s06-r2-disconnect_trial-2,6,2,disconnect_trial,2.0,30,243.24,245.24,2.0,2.0,245,2.52,2.56223,0.52,0.56223,245.76000000000002
s06-r2-disconnect_trial-2,6,2,disconnect_trial,2.0,31,251.68,253.68,2.0,2.0,254,2.52,2.55841,0.52,0.5584099999999999,254.20000000000002
s06-r2-disconnect_trial-2,6,2,disconnect_trial,2.0,32,260.04,262.04,2.0,2.0,262,2.52,2.55865,0.52,0.5586500000000001,262.56
s06-r2-disconnect_trial-2,6,2,disconnect_trial,2.0,33,268.4,270.4,2.0,2.0,270,2.52,2.56336,0.52,0.5633599999999999,270.91999999999996
s06-r2-disconnect_trial-2,6,2,disconnect_trial,2.0,34,276.56,278.56,2.0,2.0,279,2.52,2.56345,0.52,0.56345,279.08
s06-r2-disconnect_trial-2,6,2,disconnect_trial,2.0,35,284.84,286.84,2.0,2.0,287,2.52,2.55921,0.52,0.5592100000000002,287.35999999999996
s06-r2-disconnect_trial-2,6,2,disconnect_trial,2.0,36,292.92,294.92,2.0,2.0,295,2.52,2.55858,0.52,0.5585800000000001,295.44
s06-r2-disconnect_trial-2,6,2,disconnect_trial,2.0,37,300.8,302.8,2.0,2.0,303,2.52,2.56408,0.52,0.5640800000000001,303.32
s06-r2-disconnect_trial-2,6,2,disconnect_trial,2.0,38,308.64,310.64,2.0,2.0,311,2.52,2.56241,0.52,0.5624099999999999,311.15999999999997
s06-r2-disconnect_trial-2,6,2,disconnect_trial,2.0,39,316.36,318.36,2.0,2.0,318,2.52,2.5585,0.52,0.5585,318.88
s06-r2-disconnect_trial-2,6,2,disconnect_trial,2.0,40,324.68,326.68,2.0,2.0,327,2.52,2.563,0.52,0.5630000000000002,327.2
s06-r2-disconnect_trial-2,6,2,disconnect_trial,2.0,41,332.6,334.6,2.0,2.0,335,2.52,2.55746,0.52,0.5574599999999998,335.12
s06-r2-disconnect_trial-2,6,2,disconnect_trial,2.0,42,340.56,342.56,2.0,2.0,343,2.52,2.56346,0.52,0.5634600000000001,343.08
s06-r2-disconnect_trial-2,6,2,disconnect_trial,2.0,43,349.0,351.0,2.0,2.0,351,2.52,2.55883,0.52,0.5588299999999999,351.52
s06-r2-disconnect_trial-2,6,2,disconnect_trial,2.0,44,356.64,358.64,2.0,2.0,359,2.52,2.55846,0.52,0.5584600000000002,359.15999999999997
s06-r2-disconnect_trial-2,6,2,disconnect_trial,2.0,45,364.36,366.36,2.0,2.0,366,2.52,2.55847,0.52,0.5584699999999998,366.88
s06-r2-disconnect_trial-2,6,2,disconnect_trial,2.0,46,372.8,374.8,2.0,2.0,375,2.52,2.55704,0.52,0.5570400000000002,375.32
s06-r2-disconnect_trial-2,6,2,disconnect_trial,2.0,47,381.04,383.04,2.0,2.0,383,2.52,2.56281,0.52,0.5628099999999998,383.56
s06-r3-disconnect-0.5,6,3,disconnect,0.5,0,134.72,135.2,0.5,0.47999999999998977,136,1.52,1.56028,1.0400000000000102,1.0802800000000101,136.24
s06-r3-disconnect-0.5,6,3,disconnect,0.5,1,175.4,175.92,0.5,0.5199999999999818,176,1.52,1.56026,1.0000000000000182,1.0402600000000182,176.92000000000002
s06-r3-disconnect-0.5,6,3,disconnect,0.5,2,181.08,181.56,0.5,0.47999999999998977,182,1.52,1.56052,1.0400000000000102,1.0805200000000101,182.60000000000002
s06-r3-disconnect-0.5,6,3,disconnect,0.5,3,247.48,248.0,0.5,0.5200000000000102,249,1.52,1.5607,0.9999999999999898,1.0406999999999897,249.0
s06-r3-disconnect-0.5,6,3,disconnect,0.5,4,318.32,318.84,0.5,0.5199999999999818,319,1.52,1.55939,1.0000000000000182,1.0393900000000182,319.84
s06-r3-disconnect-1,6,3,disconnect,1.0,0,197.12,198.12,1.0,1.0,198,1.52,1.55984,0.52,0.5598399999999999,198.64000000000001
s06-r3-disconnect-1,6,3,disconnect,1.0,1,248.56,249.56,1.0,1.0,250,1.52,1.55981,0.52,0.5598099999999999,250.08
s06-r3-disconnect-1,6,3,disconnect,1.0,2,276.16,277.16,1.0,1.0,277,1.52,1.5587,0.52,0.5587,277.68
s06-r3-disconnect-1,6,3,disconnect,1.0,3,300.12,301.12,1.0,1.0,301,1.52,1.55894,0.52,0.55894,301.64
s06-r3-disconnect-1,6,3,disconnect,1.0,4,356.12,357.12,1.0,1.0,357,1.52,1.55944,0.52,0.5594399999999999,357.64
s06-r3-disconnect-3,6,3,disconnect,3.0,0,58.96,61.96,3.0,3.0,62,3.56,3.59789,0.56,0.59789,62.52
s06-r3-disconnect-3,6,3,disconnect,3.0,1,80.88,83.88,3.0,3.0,84,3.52,3.56165,0.52,0.5616500000000002,84.39999999999999
s06-r3-disconnect-3,6,3,disconnect,3.0,2,181.28,184.28,3.0,3.0,184,3.52,3.55807,0.52,0.5580699999999998,184.8
s06-r3-disconnect-3,6,3,disconnect,3.0,3,242.4,245.4,3.0,3.0,245,3.52,3.55763,0.52,0.5576300000000001,245.92000000000002
s06-r3-disconnect-3,6,3,disconnect,3.0,4,322.92,325.92,3.0,3.0,326,3.52,3.56257,0.52,0.56257,326.44
s06-r3-disconnect_trial-0.5,6,3,disconnect_trial,0.5,0,3.0,3.52,0.5,0.52,4,1.52,1.55979,1.0,1.03979,4.52
s06-r3-disconnect_trial-0.5,6,3,disconnect_trial,0.5,1,11.04,11.52,0.5,0.4800000000000004,12,1.52,1.56009,1.0399999999999996,1.0800899999999996,12.559999999999999
s06-r3-disconnect_trial-0.5,6,3,disconnect_trial,0.5,2,18.72,19.2,0.5,0.4800000000000004,20,1.52,1.55896,1.0399999999999996,1.0789599999999995,20.24
s06-r3-disconnect_trial-0.5,6,3,disconnect_trial,0.5,3,26.52,27.0,0.5,0.4800000000000004,28,1.52,1.55959,1.0399999999999996,1.0795899999999996,28.04
s06-r3-disconnect_trial-0.5,6,3,disconnect_trial,0.5,4,34.56,35.04,0.5,0.4799999999999969,36,1.52,1.55987,1.0400000000000031,1.0798700000000032,36.080000000000005
s06-r3-disconnect_trial-0.5,6,3,disconnect_trial,0.5,5,43.0,43.48,0.5,0.4799999999999969,44,1.52,1.55922,1.0400000000000031,1.0792200000000032,44.52
s06-r3-disconnect_trial-0.5,6,3,disconnect_trial,0.5,6,50.64,51.16,0.5,0.519999999999996,52,1.52,1.55959,1.000000000000004,1.039590000000004,52.160000000000004
s06-r3-disconnect_trial-0.5,6,3,disconnect_trial,0.5,7,58.84,59.36,0.5,0.519999999999996,60,1.52,1.55869,1.000000000000004,1.0386900000000039,60.36000000000001
s06-r3-disconnect_trial-0.5,6,3,disconnect_trial,0.5,8,66.56,67.08,0.5,0.519999999999996,68,1.52,1.56021,1.000000000000004,1.040210000000004,68.08
s06-r3-disconnect_trial-0.5,6,3,disconnect_trial,0.5,9,74.56,75.08,0.5,0.519999999999996,76,1.52,1.5594,1.000000000000004,1.0394000000000039,76.08
s06-r3-disconnect_trial-0.5,6,3,disconnect_trial,0.5,10,82.2,82.68,0.5,0.480000000000004,83,1.52,1.56,1.039999999999996,1.079999999999996,83.72
s06-r3-disconnect_trial-0.5,6,3,disconnect_trial,0.5,11,89.76,90.28,0.5,0.519999999999996,91,1.52,1.55937,1.000000000000004,1.039370000000004,91.28
s06-r3-disconnect_trial-0.5,6,3,disconnect_trial,0.5,12,97.68,98.16,0.5,0.47999999999998977,99,1.52,1.55992,1.0400000000000102,1.0799200000000102,99.2
s06-r3-disconnect_trial-0.5,6,3,disconnect_trial,0.5,13,105.44,105.92,0.5,0.480000000000004,106,1.52,1.56028,1.039999999999996,1.080279999999996,106.96
s06-r3-disconnect_trial-0.5,6,3,disconnect_trial,0.5,14,113.32,113.8,0.5,0.480000000000004,114,1.52,1.56001,1.039999999999996,1.080009999999996,114.83999999999999
s06-r3-disconnect_trial-0.5,6,3,disconnect_trial,0.5,15,121.8,122.28,0.5,0.480000000000004,123,1.52,1.55889,1.039999999999996,1.0788899999999961,123.32
s06-r3-disconnect_trial-0.5,6,3,disconnect_trial,0.5,16,129.8,130.32,0.5,0.5199999999999818,131,1.52,1.56017,1.0000000000000182,1.0401700000000182,131.32000000000002
s06-r3-disconnect_trial-0.5,6,3,disconnect_trial,0.5,17,138.08,138.6,0.5,0.5199999999999818,139,1.52,1.55967,1.0000000000000182,1.039670000000018,139.60000000000002
s06-r3-disconnect_trial-0.5,6,3,disconnect_trial,0.5,18,146.24,146.72,0.5,0.47999999999998977,147,1.52,1.55931,1.0400000000000102,1.0793100000000102,147.76000000000002
s06-r3-disconnect_trial-0.5,6,3,disconnect_trial,0.5,19,154.48,155.0,0.5,0.5200000000000102,156,1.52,1.55916,0.9999999999999898,1.0391599999999899,156.0
s06-r3-disconnect_trial-0.5,6,3,disconnect_trial,0.5,20,162.76,163.28,0.5,0.5200000000000102,164,1.52,1.56346,0.9999999999999898,1.0434599999999898,164.28
s06-r3-disconnect_trial-0.5,6,3,disconnect_trial,0.5,21,171.08,171.6,0.5,0.5199999999999818,172,1.52,1.55977,1.0000000000000182,1.0397700000000183,172.60000000000002
s06-r3-disconnect_trial-0.5,6,3,disconnect_trial,0.5,22,178.72,179.24,0.5,0.5200000000000102,180,1.52,1.56006,0.9999999999999898,1.0400599999999898,180.24
s06-r3-disconnect_trial-0.5,6,3,disconnect_trial,0.5,23,186.88,187.36,0.5,0.4800000000000182,188,1.52,1.55951,1.0399999999999818,1.0795099999999818,188.4
s06-r3-disconnect_trial-0.5,6,3,disconnect_trial,0.5,24,194.68,195.16,0.5,0.47999999999998977,196,1.52,1.56005,1.0400000000000102,1.0800500000000102,196.20000000000002
s06-r3-disconnect_trial-0.5,6,3,disconnect_trial,0.5,25,202.52,203.0,0.5,0.47999999999998977,204,1.52,1.55912,1.0400000000000102,1.0791200000000103,204.04000000000002
s06-r3-disconnect_trial-0.5,6,3,disconnect_trial,0.5,26,210.92,211.44,0.5,0.5200000000000102,212,1.52,1.56021,0.9999999999999898,1.0402099999999899,212.44
s06-r3-disconnect_trial-0.5,6,3,disconnect_trial,0.5,27,218.96,219.44,0.5,0.47999999999998977,220,1.52,1.5595,1.0400000000000102,1.0795000000000103,220.48000000000002
s06-r3-disconnect_trial-0.5,6,3,disconnect_trial,0.5,28,226.84,227.36,0.5,0.5200000000000102,228,1.52,1.56396,0.9999999999999898,1.0439599999999898,228.36
s06-r3-disconnect_trial-0.5,6,3,disconnect_trial,0.5,29,234.96,235.44,0.5,0.47999999999998977,236,1.52,1.55894,1.0400000000000102,1.0789400000000102,236.48000000000002
s06-r3-disconnect_trial-0.5,6,3,disconnect_trial,0.5,30,243.24,243.72,0.5,0.47999999999998977,244,1.52,1.55957,1.0400000000000102,1.0795700000000101,244.76000000000002
s06-r3-disconnect_trial-0.5,6,3,disconnect_trial,0.5,31,251.68,252.16,0.5,0.47999999999998977,253,1.52,1.5602,1.0400000000000102,1.0802000000000103,253.20000000000002
s06-r3-disconnect_trial-0.5,6,3,disconnect_trial,0.5,32,260.04,260.52,0.5,0.47999999999996135,261,1.52,1.56037,1.0400000000000387,1.0803700000000387,261.56
s06-r3-disconnect_trial-0.5,6,3,disconnect_trial,0.5,33,268.4,268.88,0.5,0.4800000000000182,269,1.52,1.55945,1.0399999999999818,1.0794499999999818,269.91999999999996
s06-r3-disconnect_trial-0.5,6,3,disconnect_trial,0.5,34,276.56,277.08,0.5,0.5199999999999818,278,1.52,1.55895,1.0000000000000182,1.0389500000000182,278.08
s06-r3-disconnect_trial-0.5,6,3,disconnect_trial,0.5,35,284.84,285.32,0.5,0.4800000000000182,286,1.52,1.55988,1.0399999999999818,1.0798799999999817,286.35999999999996
s06-r3-disconnect_trial-0.5,6,3,disconnect_trial,0.5,36,292.92,293.4,0.5,0.47999999999996135,294,1.52,1.55962,1.0400000000000387,1.0796200000000387,294.44
s06-r3-disconnect_trial-0.5,6,3,disconnect_trial,0.5,37,300.8,301.28,0.5,0.47999999999996135,302,1.52,1.56473,1.0400000000000387,1.0847300000000386,302.32
s06-r3-disconnect_trial-0.5,6,3,disconnect_trial,0.5,38,308.64,309.16,0.5,0.5200000000000387,310,1.52,1.55917,0.9999999999999614,1.0391699999999613,310.15999999999997
s06-r3-disconnect_trial-0.5,6,3,disconnect_trial,0.5,39,316.36,316.84,0.5,0.47999999999996135,317,1.52,1.56027,1.0400000000000387,1.0802700000000387,317.88
s06-r3-disconnect_trial-0.5,6,3,disconnect_trial,0.5,40,324.68,325.16,0.5,0.4800000000000182,326,1.52,1.56053,1.0399999999999818,1.0805299999999818,326.2
s06-r3-disconnect_trial-0.5,6,3,disconnect_trial,0.5,41,332.6,333.08,0.5,0.47999999999996135,334,1.52,1.56063,1.0400000000000387,1.0806300000000386,334.12
s06-r3-disconnect_trial-0.5,6,3,disconnect_trial,0.5,42,340.56,341.04,0.5,0.4800000000000182,342,1.52,1.56032,1.0399999999999818,1.0803199999999817,342.08
s06-r3-disconnect_trial-0.5,6,3,disconnect_trial,0.5,43,349.0,349.52,0.5,0.5199999999999818,350,1.52,1.56013,1.0000000000000182,1.0401300000000182,350.52
s06-r3-disconnect_trial-0.5,6,3,disconnect_trial,0.5,44,356.64,357.16,0.5,0.5200000000000387,358,1.52,1.56007,0.9999999999999614,1.0400699999999614,358.15999999999997
s06-r3-disconnect_trial-0.5,6,3,disconnect_trial,0.5,45,364.36,364.84,0.5,0.47999999999996135,365,1.52,1.55953,1.0400000000000387,1.0795300000000387,365.88
s06-r3-disconnect_trial-0.5,6,3,disconnect_trial,0.5,46,372.8,373.32,0.5,0.5199999999999818,374,1.52,1.55964,1.0000000000000182,1.039640000000018,374.32
s06-r3-disconnect_trial-0.5,6,3,disconnect_trial,0.5,47,381.04,381.56,0.5,0.5199999999999818,382,1.52,1.55979,1.0000000000000182,1.0397900000000182,382.56
s06-r3-disconnect_trial-1,6,3,disconnect_trial,1.0,0,3.0,4.0,1.0,1.0,4,1.52,1.55925,0.52,0.55925,4.52
s06-r3-disconnect_trial-1,6,3,disconnect_trial,1.0,1,11.04,12.04,1.0,1.0,12,1.52,1.56017,0.52,0.5601700000000001,12.559999999999999
s06-r3-disconnect_trial-1,6,3,disconnect_trial,1.0,2,18.72,19.72,1.0,1.0,20,1.52,1.55968,0.52,0.55968,20.24
s06-r3-disconnect_trial-1,6,3,disconnect_trial,1.0,3,26.52,27.52,1.0,1.0,28,1.52,1.55959,0.52,0.55959,28.04
s06-r3-disconnect_trial-1,6,3,disconnect_trial,1.0,4,34.56,35.56,1.0,1.0,36,1.52,1.55973,0.52,0.5597300000000001,36.080000000000005
s06-r3-disconnect_trial-1,6,3,disconnect_trial,1.0,5,43.0,44.0,1.0,1.0,44,1.52,1.55966,0.52,0.55966,44.52
s06-r3-disconnect_trial-1,6,3,disconnect_trial,1.0,6,50.64,51.64,1.0,1.0,52,1.52,1.56428,0.52,0.5642799999999999,52.160000000000004
s06-r3-disconnect_trial-1,6,3,disconnect_trial,1.0,7,58.84,59.84,1.0,1.0,60,1.52,1.56444,0.52,0.56444,60.36000000000001
s06-r3-disconnect_trial-1,6,3,disconnect_trial,1.0,8,66.56,67.56,1.0,1.0,68,1.52,1.5603,0.52,0.5603,68.08
s06-r3-disconnect_trial-1,6,3,disconnect_trial,1.0,9,74.56,75.56,1.0,1.0,76,1.52,1.56055,0.52,0.5605500000000001,76.08
s06-r3-disconnect_trial-1,6,3,disconnect_trial,1.0,10,82.2,83.2,1.0,1.0,83,1.52,1.55875,0.52,0.5587500000000001,83.72
s06-r3-disconnect_trial-1,6,3,disconnect_trial,1.0,11,89.76,90.76,1.0,1.0,91,1.52,1.55888,0.52,0.55888,91.28
s06-r3-disconnect_trial-1,6,3,disconnect_trial,1.0,12,97.68,98.68,1.0,1.0,99,1.52,1.55966,0.52,0.55966,99.2
s06-r3-disconnect_trial-1,6,3,disconnect_trial,1.0,13,105.44,106.44,1.0,1.0,106,1.52,1.55959,0.52,0.55959,106.96
s06-r3-disconnect_trial-1,6,3,disconnect_trial,1.0,14,113.32,114.32,1.0,1.0,114,1.52,1.5599,0.52,0.5599000000000001,114.83999999999999
s06-r3-disconnect_trial-1,6,3,disconnect_trial,1.0,15,121.8,122.8,1.0,1.0,123,1.52,1.55996,0.52,0.55996,123.32
s06-r3-disconnect_trial-1,6,3,disconnect_trial,1.0,16,129.8,130.8,1.0,1.0,131,1.52,1.55995,0.52,0.55995,131.32000000000002
s06-r3-disconnect_trial-1,6,3,disconnect_trial,1.0,17,138.08,139.08,1.0,1.0,139,1.52,1.55948,0.52,0.55948,139.60000000000002
s06-r3-disconnect_trial-1,6,3,disconnect_trial,1.0,18,146.24,147.24,1.0,1.0,147,1.52,1.55867,0.52,0.55867,147.76000000000002
s06-r3-disconnect_trial-1,6,3,disconnect_trial,1.0,19,154.48,155.48,1.0,1.0,156,1.52,1.55999,0.52,0.55999,156.0
s06-r3-disconnect_trial-1,6,3,disconnect_trial,1.0,20,162.76,163.76,1.0,1.0,164,1.52,1.5609,0.52,0.5609,164.28
s06-r3-disconnect_trial-1,6,3,disconnect_trial,1.0,21,171.08,172.08,1.0,1.0,172,1.52,1.55959,0.52,0.55959,172.60000000000002
s06-r3-disconnect_trial-1,6,3,disconnect_trial,1.0,22,178.72,179.72,1.0,1.0,180,1.52,1.55977,0.52,0.5597700000000001,180.24
s06-r3-disconnect_trial-1,6,3,disconnect_trial,1.0,23,186.88,187.88,1.0,1.0,188,1.52,1.55972,0.52,0.55972,188.4
s06-r3-disconnect_trial-1,6,3,disconnect_trial,1.0,24,194.68,195.68,1.0,1.0,196,1.52,1.55958,0.52,0.55958,196.20000000000002
s06-r3-disconnect_trial-1,6,3,disconnect_trial,1.0,25,202.52,203.52,1.0,1.0,204,1.52,1.55989,0.52,0.55989,204.04000000000002
s06-r3-disconnect_trial-1,6,3,disconnect_trial,1.0,26,210.92,211.92,1.0,1.0,212,1.52,1.55998,0.52,0.5599799999999999,212.44
s06-r3-disconnect_trial-1,6,3,disconnect_trial,1.0,27,218.96,219.96,1.0,1.0,220,1.52,1.564,0.52,0.5640000000000001,220.48000000000002
s06-r3-disconnect_trial-1,6,3,disconnect_trial,1.0,28,226.84,227.84,1.0,1.0,228,1.52,1.55965,0.52,0.55965,228.36
s06-r3-disconnect_trial-1,6,3,disconnect_trial,1.0,29,234.96,235.96,1.0,1.0,236,1.52,1.55952,0.52,0.55952,236.48000000000002
s06-r3-disconnect_trial-1,6,3,disconnect_trial,1.0,30,243.24,244.24,1.0,1.0,244,1.52,1.56492,0.52,0.5649200000000001,244.76000000000002
s06-r3-disconnect_trial-1,6,3,disconnect_trial,1.0,31,251.68,252.68,1.0,1.0,253,1.52,1.55986,0.52,0.55986,253.20000000000002
s06-r3-disconnect_trial-1,6,3,disconnect_trial,1.0,32,260.04,261.04,1.0,1.0,261,1.52,1.55986,0.52,0.55986,261.56
s06-r3-disconnect_trial-1,6,3,disconnect_trial,1.0,33,268.4,269.4,1.0,1.0,269,1.52,1.55994,0.52,0.5599400000000001,269.91999999999996
s06-r3-disconnect_trial-1,6,3,disconnect_trial,1.0,34,276.56,277.56,1.0,1.0,278,1.52,1.55997,0.52,0.5599700000000001,278.08
s06-r3-disconnect_trial-1,6,3,disconnect_trial,1.0,35,284.84,285.84,1.0,1.0,286,1.52,1.56034,0.52,0.5603400000000001,286.35999999999996
s06-r3-disconnect_trial-1,6,3,disconnect_trial,1.0,36,292.92,293.92,1.0,1.0,294,1.52,1.5603,0.52,0.5603,294.44
s06-r3-disconnect_trial-1,6,3,disconnect_trial,1.0,37,300.8,301.8,1.0,1.0,302,1.52,1.55911,0.52,0.55911,302.32
s06-r3-disconnect_trial-1,6,3,disconnect_trial,1.0,38,308.64,309.64,1.0,1.0,310,1.52,1.55911,0.52,0.55911,310.15999999999997
s06-r3-disconnect_trial-1,6,3,disconnect_trial,1.0,39,316.36,317.36,1.0,1.0,317,1.52,1.55941,0.52,0.55941,317.88
s06-r3-disconnect_trial-1,6,3,disconnect_trial,1.0,40,324.68,325.68,1.0,1.0,326,1.52,1.56029,0.52,0.56029,326.2
s06-r3-disconnect_trial-1,6,3,disconnect_trial,1.0,41,332.6,333.6,1.0,1.0,334,1.52,1.55976,0.52,0.55976,334.12
s06-r3-disconnect_trial-1,6,3,disconnect_trial,1.0,42,340.56,341.56,1.0,1.0,342,1.52,1.56023,0.52,0.56023,342.08
s06-r3-disconnect_trial-1,6,3,disconnect_trial,1.0,43,349.0,350.0,1.0,1.0,350,1.52,1.55901,0.52,0.55901,350.52
s06-r3-disconnect_trial-1,6,3,disconnect_trial,1.0,44,356.64,357.64,1.0,1.0,358,1.52,1.56,0.52,0.56,358.15999999999997
s06-r3-disconnect_trial-1,6,3,disconnect_trial,1.0,45,364.36,365.36,1.0,1.0,365,1.52,1.56033,0.52,0.56033,365.88
s06-r3-disconnect_trial-1,6,3,disconnect_trial,1.0,46,372.8,373.8,1.0,1.0,374,1.52,1.55984,0.52,0.5598399999999999,374.32
s06-r3-disconnect_trial-1,6,3,disconnect_trial,1.0,47,381.04,382.04,1.0,1.0,382,1.52,1.56473,0.52,0.56473,382.56
s06-r3-disconnect_trial-2,6,3,disconnect_trial,2.0,0,3.0,5.0,2.0,2.0,5,2.52,2.55958,0.52,0.55958,5.52
s06-r3-disconnect_trial-2,6,3,disconnect_trial,2.0,1,11.04,13.04,2.0,2.0,13,2.52,2.55953,0.52,0.5595300000000001,13.559999999999999
s06-r3-disconnect_trial-2,6,3,disconnect_trial,2.0,2,18.72,20.72,2.0,2.0,21,2.52,2.55937,0.52,0.5593699999999999,21.24
s06-r3-disconnect_trial-2,6,3,disconnect_trial,2.0,3,26.52,28.52,2.0,2.0,29,2.52,2.5596,0.52,0.5596000000000001,29.04
s06-r3-disconnect_trial-2,6,3,disconnect_trial,2.0,4,34.56,36.56,2.0,2.0,37,2.52,2.55959,0.52,0.55959,37.080000000000005
s06-r3-disconnect_trial-2,6,3,disconnect_trial,2.0,5,43.0,45.0,2.0,2.0,45,2.52,2.5599,0.52,0.5598999999999998,45.52
s06-r3-disconnect_trial-2,6,3,disconnect_trial,2.0,6,50.64,52.64,2.0,2.0,53,2.52,2.55853,0.52,0.5585300000000002,53.160000000000004
s06-r3-disconnect_trial-2,6,3,disconnect_trial,2.0,7,58.84,60.84,2.0,2.0,61,2.52,2.55851,0.52,0.5585100000000001,61.36000000000001
s06-r3-disconnect_trial-2,6,3,disconnect_trial,2.0,8,66.56,68.56,2.0,2.0,69,2.52,2.55884,0.52,0.55884,69.08
s06-r3-disconnect_trial-2,6,3,disconnect_trial,2.0,9,74.56,76.56,2.0,2.0,77,2.52,2.55986,0.52,0.55986,77.08
s06-r3-disconnect_trial-2,6,3,disconnect_trial,2.0,10,82.2,84.2,2.0,2.0,84,2.52,2.55886,0.52,0.5588600000000001,84.72
s06-r3-disconnect_trial-2,6,3,disconnect_trial,2.0,11,89.76,91.76,2.0,2.0,92,2.52,2.55839,0.52,0.5583900000000002,92.28
s06-r3-disconnect_trial-2,6,3,disconnect_trial,2.0,12,97.68,99.68,2.0,2.0,100,2.52,2.55852,0.52,0.5585200000000001,100.2
s06-r3-disconnect_trial-2,6,3,disconnect_trial,2.0,13,105.44,107.44,2.0,2.0,107,2.52,2.55896,0.52,0.5589599999999999,107.96
s06-r3-disconnect_trial-2,6,3,disconnect_trial,2.0,14,113.32,115.32,2.0,2.0,115,2.52,2.56358,0.52,0.56358,115.83999999999999
s06-r3-disconnect_trial-2,6,3,disconnect_trial,2.0,15,121.8,123.8,2.0,2.0,124,2.52,2.5586,0.52,0.5586000000000002,124.32
s06-r3-disconnect_trial-2,6,3,disconnect_trial,2.0,16,129.8,131.8,2.0,2.0,132,2.52,2.55987,0.52,0.5598700000000001,132.32000000000002
s06-r3-disconnect_trial-2,6,3,disconnect_trial,2.0,17,138.08,140.08,2.0,2.0,140,2.52,2.55819,0.52,0.5581900000000002,140.60000000000002
s06-r3-disconnect_trial-2,6,3,disconnect_trial,2.0,18,146.24,148.24,2.0,2.0,148,2.52,2.56339,0.52,0.5633900000000001,148.76000000000002
s06-r3-disconnect_trial-2,6,3,disconnect_trial,2.0,19,154.48,156.48,2.0,2.0,157,2.52,2.55892,0.52,0.5589200000000001,157.0
s06-r3-disconnect_trial-2,6,3,disconnect_trial,2.0,20,162.76,164.76,2.0,2.0,165,2.52,2.5592,0.52,0.5592000000000001,165.28
s06-r3-disconnect_trial-2,6,3,disconnect_trial,2.0,21,171.08,173.08,2.0,2.0,173,2.52,2.55886,0.52,0.5588600000000001,173.60000000000002
s06-r3-disconnect_trial-2,6,3,disconnect_trial,2.0,22,178.72,180.72,2.0,2.0,181,2.52,2.55992,0.52,0.55992,181.24
s06-r3-disconnect_trial-2,6,3,disconnect_trial,2.0,23,186.88,188.88,2.0,2.0,189,2.52,2.55865,0.52,0.5586500000000001,189.4
s06-r3-disconnect_trial-2,6,3,disconnect_trial,2.0,24,194.68,196.68,2.0,2.0,197,2.52,2.56366,0.52,0.56366,197.20000000000002
s06-r3-disconnect_trial-2,6,3,disconnect_trial,2.0,25,202.52,204.52,2.0,2.0,205,2.52,2.55771,0.52,0.5577100000000002,205.04000000000002
s06-r3-disconnect_trial-2,6,3,disconnect_trial,2.0,26,210.92,212.92,2.0,2.0,213,2.52,2.55862,0.52,0.5586199999999999,213.44
s06-r3-disconnect_trial-2,6,3,disconnect_trial,2.0,27,218.96,220.96,2.0,2.0,221,2.52,2.56378,0.52,0.56378,221.48000000000002
s06-r3-disconnect_trial-2,6,3,disconnect_trial,2.0,28,226.84,228.84,2.0,2.0,229,2.52,2.5576,0.52,0.5575999999999999,229.36
s06-r3-disconnect_trial-2,6,3,disconnect_trial,2.0,29,234.96,236.96,2.0,2.0,237,2.52,2.56326,0.52,0.5632600000000001,237.48000000000002
s06-r3-disconnect_trial-2,6,3,disconnect_trial,2.0,30,243.24,245.24,2.0,2.0,245,2.52,2.55851,0.52,0.5585100000000001,245.76000000000002
s06-r3-disconnect_trial-2,6,3,disconnect_trial,2.0,31,251.68,253.68,2.0,2.0,254,2.52,2.55977,0.52,0.5597699999999999,254.20000000000002
s06-r3-disconnect_trial-2,6,3,disconnect_trial,2.0,32,260.04,262.04,2.0,2.0,262,2.52,2.55984,0.52,0.5598399999999999,262.56
s06-r3-disconnect_trial-2,6,3,disconnect_trial,2.0,33,268.4,270.4,2.0,2.0,270,2.52,2.55856,0.52,0.55856,270.91999999999996
s06-r3-disconnect_trial-2,6,3,disconnect_trial,2.0,34,276.56,278.56,2.0,2.0,279,2.52,2.56308,0.52,0.5630799999999998,279.08
s06-r3-disconnect_trial-2,6,3,disconnect_trial,2.0,35,284.84,286.84,2.0,2.0,287,2.52,2.55846,0.52,0.5584600000000002,287.35999999999996
s06-r3-disconnect_trial-2,6,3,disconnect_trial,2.0,36,292.92,294.92,2.0,2.0,295,2.52,2.55917,0.52,0.55917,295.44
s06-r3-disconnect_trial-2,6,3,disconnect_trial,2.0,37,300.8,302.8,2.0,2.0,303,2.52,2.55818,0.52,0.5581800000000001,303.32
s06-r3-disconnect_trial-2,6,3,disconnect_trial,2.0,38,308.64,310.64,2.0,2.0,311,2.52,2.56352,0.52,0.56352,311.15999999999997
s06-r3-disconnect_trial-2,6,3,disconnect_trial,2.0,39,316.36,318.36,2.0,2.0,318,2.52,2.55969,0.52,0.5596899999999998,318.88
s06-r3-disconnect_trial-2,6,3,disconnect_trial,2.0,40,324.68,326.68,2.0,2.0,327,2.52,2.56368,0.52,0.5636800000000002,327.2
s06-r3-disconnect_trial-2,6,3,disconnect_trial,2.0,41,332.6,334.6,2.0,2.0,335,2.52,2.56401,0.52,0.5640100000000001,335.12
s06-r3-disconnect_trial-2,6,3,disconnect_trial,2.0,42,340.56,342.56,2.0,2.0,343,2.52,2.55929,0.52,0.5592899999999998,343.08
s06-r3-disconnect_trial-2,6,3,disconnect_trial,2.0,43,349.0,351.0,2.0,2.0,351,2.52,2.55892,0.52,0.5589200000000001,351.52
s06-r3-disconnect_trial-2,6,3,disconnect_trial,2.0,44,356.64,358.64,2.0,2.0,359,2.52,2.55821,0.52,0.5582099999999999,359.15999999999997
s06-r3-disconnect_trial-2,6,3,disconnect_trial,2.0,45,364.36,366.36,2.0,2.0,366,2.52,2.55814,0.52,0.5581399999999999,366.88
s06-r3-disconnect_trial-2,6,3,disconnect_trial,2.0,46,372.8,374.8,2.0,2.0,375,2.52,2.56347,0.52,0.5634700000000001,375.32
s06-r3-disconnect_trial-2,6,3,disconnect_trial,2.0,47,381.04,383.04,2.0,2.0,383,2.52,2.55859,0.52,0.5585900000000001,383.56
s06-r4-disconnect-0.5,6,4,disconnect,0.5,0,87.6,88.12,0.5,0.5200000000000102,89,1.52,1.55976,0.9999999999999898,1.0397599999999898,89.11999999999999
s06-r4-disconnect-0.5,6,4,disconnect,0.5,1,113.12,113.64,0.5,0.519999999999996,114,1.52,1.56019,1.000000000000004,1.040190000000004,114.64
s06-r4-disconnect-0.5,6,4,disconnect,0.5,2,213.84,214.36,0.5,0.5200000000000102,215,1.52,1.56056,0.9999999999999898,1.0405599999999897,215.36
s06-r4-disconnect-0.5,6,4,disconnect,0.5,3,226.84,227.32,0.5,0.47999999999998977,228,1.52,1.55934,1.0400000000000102,1.0793400000000102,228.36
s06-r4-disconnect-0.5,6,4,disconnect,0.5,4,258.88,259.4,0.5,0.5199999999999818,260,1.52,1.56016,1.0000000000000182,1.0401600000000182,260.4
s06-r4-disconnect-1,6,4,disconnect,1.0,0,52.8,53.8,1.0,1.0,54,1.52,1.55924,0.52,0.55924,54.32
s06-r4-disconnect-1,6,4,disconnect,1.0,1,226.64,227.64,1.0,1.0,228,1.52,1.55987,0.52,0.5598700000000001,228.16
s06-r4-disconnect-1,6,4,disconnect,1.0,2,251.8,252.8,1.0,1.0,253,1.52,1.55951,0.52,0.55951,253.32000000000002
s06-r4-disconnect-1,6,4,disconnect,1.0,3,305.96,306.96,1.0,1.0,307,1.52,1.55982,0.52,0.55982,307.47999999999996
s06-r4-disconnect-1,6,4,disconnect,1.0,4,356.28,357.28,1.0,1.0,357,1.52,1.56029,0.52,0.56029,357.79999999999995
s06-r4-disconnect-3,6,4,disconnect,3.0,0,97.2,100.2,3.0,3.0,100,3.52,3.56202,0.52,0.56202,100.72
s06-r4-disconnect-3,6,4,disconnect,3.0,1,158.84,161.84,3.0,3.0,162,3.52,3.55788,0.52,0.5578799999999999,162.36
s06-r4-disconnect-3,6,4,disconnect,3.0,2,195.52,198.52,3.0,3.0,199,3.52,3.56259,0.52,0.5625900000000001,199.04000000000002
s06-r4-disconnect-3,6,4,disconnect,3.0,3,203.52,206.52,3.0,3.0,207,3.52,3.55768,0.52,0.55768,207.04000000000002
s06-r4-disconnect-3,6,4,disconnect,3.0,4,256.04,259.04,3.0,3.0,259,3.52,3.56382,0.52,0.5638200000000002,259.56
s06-r4-disconnect_trial-0.5,6,4,disconnect_trial,0.5,0,3.0,3.52,0.5,0.52,4,1.52,1.55995,1.0,1.03995,4.52
s06-r4-disconnect_trial-0.5,6,4,disconnect_trial,0.5,1,11.04,11.52,0.5,0.4800000000000004,12,1.52,1.55904,1.0399999999999996,1.0790399999999996,12.559999999999999
s06-r4-disconnect_trial-0.5,6,4,disconnect_trial,0.5,2,18.72,19.2,0.5,0.4800000000000004,20,1.52,1.55935,1.0399999999999996,1.0793499999999996,20.24
s06-r4-disconnect_trial-0.5,6,4,disconnect_trial,0.5,3,26.52,27.0,0.5,0.4800000000000004,28,1.52,1.55905,1.0399999999999996,1.0790499999999996,28.04
s06-r4-disconnect_trial-0.5,6,4,disconnect_trial,0.5,4,34.56,35.04,0.5,0.4799999999999969,36,1.52,1.56465,1.0400000000000031,1.0846500000000032,36.080000000000005
s06-r4-disconnect_trial-0.5,6,4,disconnect_trial,0.5,5,43.0,43.48,0.5,0.4799999999999969,44,1.52,1.5598,1.0400000000000031,1.0798000000000032,44.52
s06-r4-disconnect_trial-0.5,6,4,disconnect_trial,0.5,6,50.64,51.16,0.5,0.519999999999996,52,1.52,1.55875,1.000000000000004,1.038750000000004,52.160000000000004
s06-r4-disconnect_trial-0.5,6,4,disconnect_trial,0.5,7,58.84,59.36,0.5,0.519999999999996,60,1.52,1.56005,1.000000000000004,1.040050000000004,60.36000000000001
s06-r4-disconnect_trial-0.5,6,4,disconnect_trial,0.5,8,66.56,67.08,0.5,0.519999999999996,68,1.52,1.55966,1.000000000000004,1.039660000000004,68.08
s06-r4-disconnect_trial-0.5,6,4,disconnect_trial,0.5,9,74.56,75.08,0.5,0.519999999999996,76,1.52,1.56044,1.000000000000004,1.040440000000004,76.08
s06-r4-disconnect_trial-0.5,6,4,disconnect_trial,0.5,10,82.2,82.68,0.5,0.480000000000004,83,1.52,1.55911,1.039999999999996,1.079109999999996,83.72
s06-r4-disconnect_trial-0.5,6,4,disconnect_trial,0.5,11,89.76,90.28,0.5,0.519999999999996,91,1.52,1.55958,1.000000000000004,1.039580000000004,91.28
s06-r4-disconnect_trial-0.5,6,4,disconnect_trial,0.5,12,97.68,98.16,0.5,0.47999999999998977,99,1.52,1.56008,1.0400000000000102,1.0800800000000101,99.2
s06-r4-disconnect_trial-0.5,6,4,disconnect_trial,0.5,13,105.44,105.92,0.5,0.480000000000004,106,1.52,1.55919,1.039999999999996,1.079189999999996,106.96
s06-r4-disconnect_trial-0.5,6,4,disconnect_trial,0.5,14,113.32,113.8,0.5,0.480000000000004,114,1.52,1.55954,1.039999999999996,1.079539999999996,114.83999999999999
s06-r4-disconnect_trial-0.5,6,4,disconnect_trial,0.5,15,121.8,122.28,0.5,0.480000000000004,123,1.52,1.55966,1.039999999999996,1.079659999999996,123.32
s06-r4-disconnect_trial-0.5,6,4,disconnect_trial,0.5,16,129.8,130.32,0.5,0.5199999999999818,131,1.52,1.56087,1.0000000000000182,1.0408700000000182,131.32000000000002
s06-r4-disconnect_trial-0.5,6,4,disconnect_trial,0.5,17,138.08,138.6,0.5,0.5199999999999818,139,1.52,1.55954,1.0000000000000182,1.0395400000000181,139.60000000000002
s06-r4-disconnect_trial-0.5,6,4,disconnect_trial,0.5,18,146.24,146.72,0.5,0.47999999999998977,147,1.52,1.55907,1.0400000000000102,1.0790700000000102,147.76000000000002
s06-r4-disconnect_trial-0.5,6,4,disconnect_trial,0.5,19,154.48,155.0,0.5,0.5200000000000102,156,1.52,1.56428,0.9999999999999898,1.0442799999999897,156.0
s06-r4-disconnect_trial-0.5,6,4,disconnect_trial,0.5,20,162.76,163.28,0.5,0.5200000000000102,164,1.52,1.55894,0.9999999999999898,1.0389399999999898,164.28
s06-r4-disconnect_trial-0.5,6,4,disconnect_trial,0.5,21,171.08,171.6,0.5,0.5199999999999818,172,1.52,1.55936,1.0000000000000182,1.0393600000000183,172.60000000000002
s06-r4-disconnect_trial-0.5,6,4,disconnect_trial,0.5,22,178.72,179.24,0.5,0.5200000000000102,180,1.52,1.55935,0.9999999999999898,1.0393499999999898,180.24
s06-r4-disconnect_trial-0.5,6,4,disconnect_trial,0.5,23,186.88,187.36,0.5,0.4800000000000182,188,1.52,1.55974,1.0399999999999818,1.0797399999999817,188.4
s06-r4-disconnect_trial-0.5,6,4,disconnect_trial,0.5,24,194.68,195.16,0.5,0.47999999999998977,196,1.52,1.55887,1.0400000000000102,1.0788700000000102,196.20000000000002
s06-r4-disconnect_trial-0.5,6,4,disconnect_trial,0.5,25,202.52,203.0,0.5,0.47999999999998977,204,1.52,1.55939,1.0400000000000102,1.0793900000000103,204.04000000000002
s06-r4-disconnect_trial-0.5,6,4,disconnect_trial,0.5,26,210.92,211.44,0.5,0.5200000000000102,212,1.52,1.55966,0.9999999999999898,1.0396599999999898,212.44
s06-r4-disconnect_trial-0.5,6,4,disconnect_trial,0.5,27,218.96,219.44,0.5,0.47999999999998977,220,1.52,1.55916,1.0400000000000102,1.0791600000000103,220.48000000000002
s06-r4-disconnect_trial-0.5,6,4,disconnect_trial,0.5,28,226.84,227.36,0.5,0.5200000000000102,228,1.52,1.55924,0.9999999999999898,1.0392399999999897,228.36
s06-r4-disconnect_trial-0.5,6,4,disconnect_trial,0.5,29,234.96,235.44,0.5,0.47999999999998977,236,1.52,1.55955,1.0400000000000102,1.0795500000000102,236.48000000000002
s06-r4-disconnect_trial-0.5,6,4,disconnect_trial,0.5,30,243.24,243.72,0.5,0.47999999999998977,244,1.52,1.5588,1.0400000000000102,1.0788000000000102,244.76000000000002
s06-r4-disconnect_trial-0.5,6,4,disconnect_trial,0.5,31,251.68,252.16,0.5,0.47999999999998977,253,1.52,1.55971,1.0400000000000102,1.0797100000000102,253.20000000000002
s06-r4-disconnect_trial-0.5,6,4,disconnect_trial,0.5,32,260.04,260.52,0.5,0.47999999999996135,261,1.52,1.56399,1.0400000000000387,1.0839900000000386,261.56
s06-r4-disconnect_trial-0.5,6,4,disconnect_trial,0.5,33,268.4,268.88,0.5,0.4800000000000182,269,1.52,1.55943,1.0399999999999818,1.079429999999982,269.91999999999996
s06-r4-disconnect_trial-0.5,6,4,disconnect_trial,0.5,34,276.56,277.08,0.5,0.5199999999999818,278,1.52,1.55966,1.0000000000000182,1.0396600000000182,278.08
s06-r4-disconnect_trial-0.5,6,4,disconnect_trial,0.5,35,284.84,285.32,0.5,0.4800000000000182,286,1.52,1.56012,1.0399999999999818,1.0801199999999818,286.35999999999996
s06-r4-disconnect_trial-0.5,6,4,disconnect_trial,0.5,36,292.92,293.4,0.5,0.47999999999996135,294,1.52,1.55919,1.0400000000000387,1.0791900000000387,294.44
s06-r4-disconnect_trial-0.5,6,4,disconnect_trial,0.5,37,300.8,301.28,0.5,0.47999999999996135,302,1.52,1.56023,1.0400000000000387,1.0802300000000387,302.32
s06-r4-disconnect_trial-0.5,6,4,disconnect_trial,0.5,38,308.64,309.16,0.5,0.5200000000000387,310,1.52,1.55906,0.9999999999999614,1.0390599999999612,310.15999999999997
s06-r4-disconnect_trial-0.5,6,4,disconnect_trial,0.5,39,316.36,316.84,0.5,0.47999999999996135,317,1.52,1.55939,1.0400000000000387,1.0793900000000387,317.88
s06-r4-disconnect_trial-0.5,6,4,disconnect_trial,0.5,40,324.68,325.16,0.5,0.4800000000000182,326,1.52,1.55925,1.0399999999999818,1.0792499999999818,326.2
s06-r4-disconnect_trial-0.5,6,4,disconnect_trial,0.5,41,332.6,333.08,0.5,0.47999999999996135,334,1.52,1.56039,1.0400000000000387,1.0803900000000386,334.12
s06-r4-disconnect_trial-0.5,6,4,disconnect_trial,0.5,42,340.56,341.04,0.5,0.4800000000000182,342,1.52,1.56383,1.0399999999999818,1.0838299999999819,342.08
s06-r4-disconnect_trial-0.5,6,4,disconnect_trial,0.5,43,349.0,349.52,0.5,0.5199999999999818,350,1.52,1.56078,1.0000000000000182,1.0407800000000182,350.52
s06-r4-disconnect_trial-0.5,6,4,disconnect_trial,0.5,44,356.64,357.16,0.5,0.5200000000000387,358,1.52,1.56047,0.9999999999999614,1.0404699999999614,358.15999999999997
s06-r4-disconnect_trial-0.5,6,4,disconnect_trial,0.5,45,364.36,364.84,0.5,0.47999999999996135,365,1.52,1.56007,1.0400000000000387,1.0800700000000387,365.88
s06-r4-disconnect_trial-0.5,6,4,disconnect_trial,0.5,46,372.8,373.32,0.5,0.5199999999999818,374,1.52,1.56015,1.0000000000000182,1.0401500000000181,374.32
s06-r4-disconnect_trial-0.5,6,4,disconnect_trial,0.5,47,381.04,381.56,0.5,0.5199999999999818,382,1.52,1.55934,1.0000000000000182,1.0393400000000181,382.56
s06-r4-disconnect_trial-1,6,4,disconnect_trial,1.0,0,3.0,4.0,1.0,1.0,4,1.52,1.56038,0.52,0.5603800000000001,4.52
s06-r4-disconnect_trial-1,6,4,disconnect_trial,1.0,1,11.04,12.04,1.0,1.0,12,1.52,1.56026,0.52,0.56026,12.559999999999999
s06-r4-disconnect_trial-1,6,4,disconnect_trial,1.0,2,18.72,19.72,1.0,1.0,20,1.52,1.56062,0.52,0.5606199999999999,20.24
s06-r4-disconnect_trial-1,6,4,disconnect_trial,1.0,3,26.52,27.52,1.0,1.0,28,1.52,1.55975,0.52,0.55975,28.04
s06-r4-disconnect_trial-1,6,4,disconnect_trial,1.0,4,34.56,35.56,1.0,1.0,36,1.52,1.56005,0.52,0.5600499999999999,36.080000000000005
s06-r4-disconnect_trial-1,6,4,disconnect_trial,1.0,5,43.0,44.0,1.0,1.0,44,1.52,1.5592,0.52,0.5591999999999999,44.52
s06-r4-disconnect_trial-1,6,4,disconnect_trial,1.0,6,50.64,51.64,1.0,1.0,52,1.52,1.5606,0.52,0.5606,52.160000000000004
s06-r4-disconnect_trial-1,6,4,disconnect_trial,1.0,7,58.84,59.84,1.0,1.0,60,1.52,1.56019,0.52,0.56019,60.36000000000001
s06-r4-disconnect_trial-1,6,4,disconnect_trial,1.0,8,66.56,67.56,1.0,1.0,68,1.52,1.56511,0.52,0.56511,68.08
s06-r4-disconnect_trial-1,6,4,disconnect_trial,1.0,9,74.56,75.56,1.0,1.0,76,1.52,1.55934,0.52,0.55934,76.08
s06-r4-disconnect_trial-1,6,4,disconnect_trial,1.0,10,82.2,83.2,1.0,1.0,83,1.52,1.56085,0.52,0.5608500000000001,83.72
s06-r4-disconnect_trial-1,6,4,disconnect_trial,1.0,11,89.76,90.76,1.0,1.0,91,1.52,1.55961,0.52,0.5596099999999999,91.28
s06-r4-disconnect_trial-1,6,4,disconnect_trial,1.0,12,97.68,98.68,1.0,1.0,99,1.52,1.55925,0.52,0.55925,99.2
s06-r4-disconnect_trial-1,6,4,disconnect_trial,1.0,13,105.44,106.44,1.0,1.0,106,1.52,1.56018,0.52,0.5601799999999999,106.96
s06-r4-disconnect_trial-1,6,4,disconnect_trial,1.0,14,113.32,114.32,1.0,1.0,114,1.52,1.5604,0.52,0.5604,114.83999999999999
s06-r4-disconnect_trial-1,6,4,disconnect_trial,1.0,15,121.8,122.8,1.0,1.0,123,1.52,1.55882,0.52,0.5588200000000001,123.32
s06-r4-disconnect_trial-1,6,4,disconnect_trial,1.0,16,129.8,130.8,1.0,1.0,131,1.52,1.55972,0.52,0.55972,131.32000000000002
s06-r4-disconnect_trial-1,6,4,disconnect_trial,1.0,17,138.08,139.08,1.0,1.0,139,1.52,1.56002,0.52,0.56002,139.60000000000002
s06-r4-disconnect_trial-1,6,4,disconnect_trial,1.0,18,146.24,147.24,1.0,1.0,147,1.52,1.56071,0.52,0.56071,147.76000000000002
s06-r4-disconnect_trial-1,6,4,disconnect_trial,1.0,19,154.48,155.48,1.0,1.0,156,1.52,1.55959,0.52,0.55959,156.0
s06-r4-disconnect_trial-1,6,4,disconnect_trial,1.0,20,162.76,163.76,1.0,1.0,164,1.52,1.5599,0.52,0.5599000000000001,164.28
s06-r4-disconnect_trial-1,6,4,disconnect_trial,1.0,21,171.08,172.08,1.0,1.0,172,1.52,1.55992,0.52,0.55992,172.60000000000002
s06-r4-disconnect_trial-1,6,4,disconnect_trial,1.0,22,178.72,179.72,1.0,1.0,180,1.52,1.56393,0.52,0.56393,180.24
s06-r4-disconnect_trial-1,6,4,disconnect_trial,1.0,23,186.88,187.88,1.0,1.0,188,1.52,1.5594,0.52,0.5593999999999999,188.4
s06-r4-disconnect_trial-1,6,4,disconnect_trial,1.0,24,194.68,195.68,1.0,1.0,196,1.52,1.55979,0.52,0.55979,196.20000000000002
s06-r4-disconnect_trial-1,6,4,disconnect_trial,1.0,25,202.52,203.52,1.0,1.0,204,1.52,1.5596,0.52,0.5596000000000001,204.04000000000002
s06-r4-disconnect_trial-1,6,4,disconnect_trial,1.0,26,210.92,211.92,1.0,1.0,212,1.52,1.56007,0.52,0.5600700000000001,212.44
s06-r4-disconnect_trial-1,6,4,disconnect_trial,1.0,27,218.96,219.96,1.0,1.0,220,1.52,1.55986,0.52,0.55986,220.48000000000002
s06-r4-disconnect_trial-1,6,4,disconnect_trial,1.0,28,226.84,227.84,1.0,1.0,228,1.52,1.55881,0.52,0.55881,228.36
s06-r4-disconnect_trial-1,6,4,disconnect_trial,1.0,29,234.96,235.96,1.0,1.0,236,1.52,1.55969,0.52,0.55969,236.48000000000002
s06-r4-disconnect_trial-1,6,4,disconnect_trial,1.0,30,243.24,244.24,1.0,1.0,244,1.52,1.55945,0.52,0.55945,244.76000000000002
s06-r4-disconnect_trial-1,6,4,disconnect_trial,1.0,31,251.68,252.68,1.0,1.0,253,1.52,1.55998,0.52,0.5599799999999999,253.20000000000002
s06-r4-disconnect_trial-1,6,4,disconnect_trial,1.0,32,260.04,261.04,1.0,1.0,261,1.52,1.55945,0.52,0.55945,261.56
s06-r4-disconnect_trial-1,6,4,disconnect_trial,1.0,33,268.4,269.4,1.0,1.0,269,1.52,1.56032,0.52,0.5603199999999999,269.91999999999996
s06-r4-disconnect_trial-1,6,4,disconnect_trial,1.0,34,276.56,277.56,1.0,1.0,278,1.52,1.55958,0.52,0.55958,278.08
s06-r4-disconnect_trial-1,6,4,disconnect_trial,1.0,35,284.84,285.84,1.0,1.0,286,1.52,1.55966,0.52,0.55966,286.35999999999996
s06-r4-disconnect_trial-1,6,4,disconnect_trial,1.0,36,292.92,293.92,1.0,1.0,294,1.52,1.55989,0.52,0.55989,294.44
s06-r4-disconnect_trial-1,6,4,disconnect_trial,1.0,37,300.8,301.8,1.0,1.0,302,1.52,1.55949,0.52,0.55949,302.32
s06-r4-disconnect_trial-1,6,4,disconnect_trial,1.0,38,308.64,309.64,1.0,1.0,310,1.52,1.56049,0.52,0.5604899999999999,310.15999999999997
s06-r4-disconnect_trial-1,6,4,disconnect_trial,1.0,39,316.36,317.36,1.0,1.0,317,1.52,1.55545,0.52,0.55545,317.88
s06-r4-disconnect_trial-1,6,4,disconnect_trial,1.0,40,324.68,325.68,1.0,1.0,326,1.52,1.56444,0.52,0.56444,326.2
s06-r4-disconnect_trial-1,6,4,disconnect_trial,1.0,41,332.6,333.6,1.0,1.0,334,1.52,1.55971,0.52,0.5597099999999999,334.12
s06-r4-disconnect_trial-1,6,4,disconnect_trial,1.0,42,340.56,341.56,1.0,1.0,342,1.52,1.55996,0.52,0.55996,342.08
s06-r4-disconnect_trial-1,6,4,disconnect_trial,1.0,43,349.0,350.0,1.0,1.0,350,1.56,1.60016,0.56,0.60016,350.56
s06-r4-disconnect_trial-1,6,4,disconnect_trial,1.0,44,356.64,357.64,1.0,1.0,358,1.52,1.56397,0.52,0.5639700000000001,358.15999999999997
s06-r4-disconnect_trial-1,6,4,disconnect_trial,1.0,45,364.36,365.36,1.0,1.0,365,1.52,1.5599,0.52,0.5599000000000001,365.88
s06-r4-disconnect_trial-1,6,4,disconnect_trial,1.0,46,372.8,373.8,1.0,1.0,374,1.52,1.55917,0.52,0.55917,374.32
s06-r4-disconnect_trial-1,6,4,disconnect_trial,1.0,47,381.04,382.04,1.0,1.0,382,1.52,1.56009,0.52,0.56009,382.56
s06-r4-disconnect_trial-2,6,4,disconnect_trial,2.0,0,3.0,5.0,2.0,2.0,5,2.52,2.55933,0.52,0.5593300000000001,5.52
s06-r4-disconnect_trial-2,6,4,disconnect_trial,2.0,1,11.04,13.04,2.0,2.0,13,2.52,2.55811,0.52,0.5581100000000001,13.559999999999999
s06-r4-disconnect_trial-2,6,4,disconnect_trial,2.0,2,18.72,20.72,2.0,2.0,21,2.52,2.55775,0.52,0.55775,21.24
s06-r4-disconnect_trial-2,6,4,disconnect_trial,2.0,3,26.52,28.52,2.0,2.0,29,2.52,2.5618,0.52,0.5617999999999999,29.04
s06-r4-disconnect_trial-2,6,4,disconnect_trial,2.0,4,34.56,36.56,2.0,2.0,37,2.52,2.56349,0.52,0.5634899999999998,37.080000000000005
s06-r4-disconnect_trial-2,6,4,disconnect_trial,2.0,5,43.0,45.0,2.0,2.0,45,2.52,2.55949,0.52,0.5594899999999998,45.52
s06-r4-disconnect_trial-2,6,4,disconnect_trial,2.0,6,50.64,52.64,2.0,2.0,53,2.52,2.55889,0.52,0.5588899999999999,53.160000000000004
s06-r4-disconnect_trial-2,6,4,disconnect_trial,2.0,7,58.84,60.84,2.0,2.0,61,2.52,2.56305,0.52,0.56305,61.36000000000001
s06-r4-disconnect_trial-2,6,4,disconnect_trial,2.0,8,66.56,68.56,2.0,2.0,69,2.52,2.55859,0.52,0.5585900000000001,69.08
s06-r4-disconnect_trial-2,6,4,disconnect_trial,2.0,9,74.56,76.56,2.0,2.0,77,2.52,2.55992,0.52,0.55992,77.08
s06-r4-disconnect_trial-2,6,4,disconnect_trial,2.0,10,82.2,84.2,2.0,2.0,84,2.52,2.56306,0.52,0.5630600000000001,84.72
s06-r4-disconnect_trial-2,6,4,disconnect_trial,2.0,11,89.76,91.76,2.0,2.0,92,2.52,2.55879,0.52,0.5587900000000001,92.28
s06-r4-disconnect_trial-2,6,4,disconnect_trial,2.0,12,97.68,99.68,2.0,2.0,100,2.52,2.5589,0.52,0.5589,100.2
s06-r4-disconnect_trial-2,6,4,disconnect_trial,2.0,13,105.44,107.44,2.0,2.0,107,2.52,2.56334,0.52,0.5633400000000002,107.96
s06-r4-disconnect_trial-2,6,4,disconnect_trial,2.0,14,113.32,115.32,2.0,2.0,115,2.52,2.55819,0.52,0.5581900000000002,115.83999999999999
s06-r4-disconnect_trial-2,6,4,disconnect_trial,2.0,15,121.8,123.8,2.0,2.0,124,2.52,2.55854,0.52,0.5585399999999998,124.32
s06-r4-disconnect_trial-2,6,4,disconnect_trial,2.0,16,129.8,131.8,2.0,2.0,132,2.52,2.55782,0.52,0.55782,132.32000000000002
s06-r4-disconnect_trial-2,6,4,disconnect_trial,2.0,17,138.08,140.08,2.0,2.0,140,2.52,2.55939,0.52,0.55939,140.60000000000002
s06-r4-disconnect_trial-2,6,4,disconnect_trial,2.0,18,146.24,148.24,2.0,2.0,148,2.52,2.55976,0.52,0.5597599999999998,148.76000000000002
s06-r4-disconnect_trial-2,6,4,disconnect_trial,2.0,19,154.48,156.48,2.0,2.0,157,2.52,2.5602,0.52,0.5602,157.0
s06-r4-disconnect_trial-2,6,4,disconnect_trial,2.0,20,162.76,164.76,2.0,2.0,165,2.52,2.55885,0.52,0.5588500000000001,165.28
s06-r4-disconnect_trial-2,6,4,disconnect_trial,2.0,21,171.08,173.08,2.0,2.0,173,2.52,2.55818,0.52,0.5581800000000001,173.60000000000002
s06-r4-disconnect_trial-2,6,4,disconnect_trial,2.0,22,178.72,180.72,2.0,2.0,181,2.52,2.55751,0.52,0.5575100000000002,181.24
s06-r4-disconnect_trial-2,6,4,disconnect_trial,2.0,23,186.88,188.88,2.0,2.0,189,2.52,2.55912,0.52,0.5591200000000001,189.4
s06-r4-disconnect_trial-2,6,4,disconnect_trial,2.0,24,194.68,196.68,2.0,2.0,197,2.52,2.56238,0.52,0.5623800000000001,197.20000000000002
s06-r4-disconnect_trial-2,6,4,disconnect_trial,2.0,25,202.52,204.52,2.0,2.0,205,2.52,2.56404,0.52,0.5640399999999999,205.04000000000002
s06-r4-disconnect_trial-2,6,4,disconnect_trial,2.0,26,210.92,212.92,2.0,2.0,213,2.52,2.55815,0.52,0.5581499999999999,213.44
s06-r4-disconnect_trial-2,6,4,disconnect_trial,2.0,27,218.96,220.96,2.0,2.0,221,2.52,2.5633,0.52,0.5632999999999999,221.48000000000002
s06-r4-disconnect_trial-2,6,4,disconnect_trial,2.0,28,226.84,228.84,2.0,2.0,229,2.52,2.55767,0.52,0.5576699999999999,229.36
s06-r4-disconnect_trial-2,6,4,disconnect_trial,2.0,29,234.96,236.96,2.0,2.0,237,2.52,2.55797,0.52,0.5579700000000001,237.48000000000002
s06-r4-disconnect_trial-2,6,4,disconnect_trial,2.0,30,243.24,245.24,2.0,2.0,245,2.52,2.55775,0.52,0.55775,245.76000000000002
s06-r4-disconnect_trial-2,6,4,disconnect_trial,2.0,31,251.68,253.68,2.0,2.0,254,2.52,2.55936,0.52,0.5593599999999999,254.20000000000002
s06-r4-disconnect_trial-2,6,4,disconnect_trial,2.0,32,260.04,262.04,2.0,2.0,262,2.52,2.56294,0.52,0.5629400000000002,262.56
s06-r4-disconnect_trial-2,6,4,disconnect_trial,2.0,33,268.4,270.4,2.0,2.0,270,2.52,2.55822,0.52,0.5582199999999999,270.91999999999996
s06-r4-disconnect_trial-2,6,4,disconnect_trial,2.0,34,276.56,278.56,2.0,2.0,279,2.52,2.56015,0.52,0.5601500000000001,279.08
s06-r4-disconnect_trial-2,6,4,disconnect_trial,2.0,35,284.84,286.84,2.0,2.0,287,2.52,2.55914,0.52,0.5591400000000002,287.35999999999996
s06-r4-disconnect_trial-2,6,4,disconnect_trial,2.0,36,292.92,294.92,2.0,2.0,295,2.52,2.55755,0.52,0.55755,295.44
s06-r4-disconnect_trial-2,6,4,disconnect_trial,2.0,37,300.8,302.8,2.0,2.0,303,2.52,2.55906,0.52,0.5590600000000001,303.32
s06-r4-disconnect_trial-2,6,4,disconnect_trial,2.0,38,308.64,310.64,2.0,2.0,311,2.52,2.55821,0.52,0.5582099999999999,311.15999999999997
s06-r4-disconnect_trial-2,6,4,disconnect_trial,2.0,39,316.36,318.36,2.0,2.0,318,2.52,2.55859,0.52,0.5585900000000001,318.88
s06-r4-disconnect_trial-2,6,4,disconnect_trial,2.0,40,324.68,326.68,2.0,2.0,327,2.52,2.56322,0.52,0.5632199999999998,327.2
s06-r4-disconnect_trial-2,6,4,disconnect_trial,2.0,41,332.6,334.6,2.0,2.0,335,2.52,2.55951,0.52,0.55951,335.12
s06-r4-disconnect_trial-2,6,4,disconnect_trial,2.0,42,340.56,342.56,2.0,2.0,343,2.52,2.55821,0.52,0.5582099999999999,343.08
s06-r4-disconnect_trial-2,6,4,disconnect_trial,2.0,43,349.0,351.0,2.0,2.0,351,2.52,2.55955,0.52,0.5595500000000002,351.52
s06-r4-disconnect_trial-2,6,4,disconnect_trial,2.0,44,356.64,358.64,2.0,2.0,359,2.52,2.55952,0.52,0.55952,359.15999999999997
s06-r4-disconnect_trial-2,6,4,disconnect_trial,2.0,45,364.36,366.36,2.0,2.0,366,2.52,2.5592,0.52,0.5592000000000001,366.88
s06-r4-disconnect_trial-2,6,4,disconnect_trial,2.0,46,372.8,374.8,2.0,2.0,375,2.52,2.55842,0.52,0.5584199999999999,375.32
s06-r4-disconnect_trial-2,6,4,disconnect_trial,2.0,47,381.04,383.04,2.0,2.0,383,2.52,2.56314,0.52,0.5631400000000002,383.56
s07-r0-disconnect-0.5,7,0,disconnect,0.5,0,82.48,83.0,0.5,0.519999999999996,84,1.52,1.56003,1.000000000000004,1.040030000000004,84.0
s07-r0-disconnect-0.5,7,0,disconnect,0.5,1,88.0,88.48,0.5,0.480000000000004,89,1.52,1.56033,1.039999999999996,1.080329999999996,89.52
s07-r0-disconnect-0.5,7,0,disconnect,0.5,2,278.2,278.68,0.5,0.4800000000000182,279,1.52,1.55928,1.0399999999999818,1.0792799999999818,279.71999999999997
s07-r0-disconnect-0.5,7,0,disconnect,0.5,3,288.56,289.08,0.5,0.5199999999999818,290,1.52,1.56006,1.0000000000000182,1.0400600000000182,290.08
s07-r0-disconnect-0.5,7,0,disconnect,0.5,4,354.96,355.44,0.5,0.4800000000000182,356,1.52,1.55984,1.0399999999999818,1.0798399999999817,356.47999999999996
s07-r0-disconnect-1,7,0,disconnect,1.0,0,129.32,130.32,1.0,1.0,130,1.52,1.55979,0.52,0.55979,130.84
s07-r0-disconnect-1,7,0,disconnect,1.0,1,150.96,151.96,1.0,1.0,152,1.52,1.55999,0.52,0.55999,152.48000000000002
s07-r0-disconnect-1,7,0,disconnect,1.0,2,176.64,177.64,1.0,1.0,178,1.52,1.55985,0.52,0.55985,178.16
s07-r0-disconnect-1,7,0,disconnect,1.0,3,253.16,254.16,1.0,1.0,254,1.52,1.55972,0.52,0.55972,254.68
s07-r0-disconnect-1,7,0,disconnect,1.0,4,338.56,339.56,1.0,1.0,340,1.52,1.56003,0.52,0.56003,340.08
s07-r0-disconnect-3,7,0,disconnect,3.0,0,58.84,61.84,3.0,3.0,62,3.56,3.59832,0.56,0.5983200000000002,62.400000000000006
s07-r0-disconnect-3,7,0,disconnect,3.0,1,181.88,184.88,3.0,3.0,185,3.52,3.56269,0.52,0.5626899999999999,185.4
s07-r0-disconnect-3,7,0,disconnect,3.0,2,237.88,240.88,3.0,3.0,241,3.52,3.56207,0.52,0.5620699999999998,241.4
s07-r0-disconnect-3,7,0,disconnect,3.0,3,256.68,259.68,3.0,3.0,260,3.52,3.55885,0.52,0.5588500000000001,260.2
s07-r0-disconnect-3,7,0,disconnect,3.0,4,348.04,351.04,3.0,3.0,351,3.52,3.55878,0.52,0.55878,351.56
s07-r0-disconnect_trial-0.5,7,0,disconnect_trial,0.5,0,3.0,3.52,0.5,0.52,4,1.52,1.5595,1.0,1.0395,4.52
s07-r0-disconnect_trial-0.5,7,0,disconnect_trial,0.5,1,11.04,11.52,0.5,0.4800000000000004,12,1.52,1.56476,1.0399999999999996,1.0847599999999995,12.559999999999999
s07-r0-disconnect_trial-0.5,7,0,disconnect_trial,0.5,2,18.72,19.2,0.5,0.4800000000000004,20,1.52,1.55966,1.0399999999999996,1.0796599999999996,20.24
s07-r0-disconnect_trial-0.5,7,0,disconnect_trial,0.5,3,26.52,27.0,0.5,0.4800000000000004,28,1.52,1.55968,1.0399999999999996,1.0796799999999995,28.04
s07-r0-disconnect_trial-0.5,7,0,disconnect_trial,0.5,4,34.56,35.04,0.5,0.4799999999999969,36,1.52,1.55874,1.0400000000000031,1.0787400000000031,36.080000000000005
s07-r0-disconnect_trial-0.5,7,0,disconnect_trial,0.5,5,43.0,43.48,0.5,0.4799999999999969,44,1.52,1.56392,1.0400000000000031,1.083920000000003,44.52
s07-r0-disconnect_trial-0.5,7,0,disconnect_trial,0.5,6,50.64,51.16,0.5,0.519999999999996,52,1.52,1.55905,1.000000000000004,1.039050000000004,52.160000000000004
s07-r0-disconnect_trial-0.5,7,0,disconnect_trial,0.5,7,58.84,59.36,0.5,0.519999999999996,60,1.52,1.55968,1.000000000000004,1.039680000000004,60.36000000000001
s07-r0-disconnect_trial-0.5,7,0,disconnect_trial,0.5,8,66.56,67.08,0.5,0.519999999999996,68,1.52,1.55945,1.000000000000004,1.039450000000004,68.08
s07-r0-disconnect_trial-0.5,7,0,disconnect_trial,0.5,9,74.56,75.08,0.5,0.519999999999996,76,1.52,1.55924,1.000000000000004,1.039240000000004,76.08
s07-r0-disconnect_trial-0.5,7,0,disconnect_trial,0.5,10,82.2,82.68,0.5,0.480000000000004,83,1.52,1.55943,1.039999999999996,1.0794299999999961,83.72
s07-r0-disconnect_trial-0.5,7,0,disconnect_trial,0.5,11,89.76,90.28,0.5,0.519999999999996,91,1.52,1.55972,1.000000000000004,1.039720000000004,91.28
s07-r0-disconnect_trial-0.5,7,0,disconnect_trial,0.5,12,97.68,98.16,0.5,0.47999999999998977,99,1.52,1.5595,1.0400000000000102,1.0795000000000103,99.2
s07-r0-disconnect_trial-0.5,7,0,disconnect_trial,0.5,13,105.44,105.92,0.5,0.480000000000004,106,1.52,1.56058,1.039999999999996,1.080579999999996,106.96
s07-r0-disconnect_trial-0.5,7,0,disconnect_trial,0.5,14,113.32,113.8,0.5,0.480000000000004,114,1.52,1.56371,1.039999999999996,1.083709999999996,114.83999999999999
s07-r0-disconnect_trial-0.5,7,0,disconnect_trial,0.5,15,121.8,122.28,0.5,0.480000000000004,123,1.52,1.56037,1.039999999999996,1.080369999999996,123.32
s07-r0-disconnect_trial-0.5,7,0,disconnect_trial,0.5,16,129.8,130.32,0.5,0.5199999999999818,131,1.52,1.56034,1.0000000000000182,1.0403400000000183,131.32000000000002
s07-r0-disconnect_trial-0.5,7,0,disconnect_trial,0.5,17,138.08,138.6,0.5,0.5199999999999818,139,1.52,1.55917,1.0000000000000182,1.0391700000000181,139.60000000000002
s07-r0-disconnect_trial-0.5,7,0,disconnect_trial,0.5,18,146.24,146.72,0.5,0.47999999999998977,147,1.52,1.56444,1.0400000000000102,1.0844400000000103,147.76000000000002
s07-r0-disconnect_trial-0.5,7,0,disconnect_trial,0.5,19,154.48,155.0,0.5,0.5200000000000102,156,1.52,1.55906,0.9999999999999898,1.0390599999999897,156.0
s07-r0-disconnect_trial-0.5,7,0,disconnect_trial,0.5,20,162.76,163.28,0.5,0.5200000000000102,164,1.52,1.5606,0.9999999999999898,1.0405999999999898,164.28
s07-r0-disconnect_trial-0.5,7,0,disconnect_trial,0.5,21,171.08,171.6,0.5,0.5199999999999818,172,1.52,1.55979,1.0000000000000182,1.0397900000000182,172.60000000000002
s07-r0-disconnect_trial-0.5,7,0,disconnect_trial,0.5,22,178.72,179.24,0.5,0.5200000000000102,180,1.52,1.56008,0.9999999999999898,1.0400799999999897,180.24
s07-r0-disconnect_trial-0.5,7,0,disconnect_trial,0.5,23,186.88,187.36,0.5,0.4800000000000182,188,1.52,1.55991,1.0399999999999818,1.0799099999999817,188.4
s07-r0-disconnect_trial-0.5,7,0,disconnect_trial,0.5,24,194.68,195.16,0.5,0.47999999999998977,196,1.52,1.56046,1.0400000000000102,1.0804600000000102,196.20000000000002
s07-r0-disconnect_trial-0.5,7,0,disconnect_trial,0.5,25,202.52,203.0,0.5,0.47999999999998977,204,1.52,1.55922,1.0400000000000102,1.0792200000000103,204.04000000000002
s07-r0-disconnect_trial-0.5,7,0,disconnect_trial,0.5,26,210.92,211.44,0.5,0.5200000000000102,212,1.52,1.55856,0.9999999999999898,1.0385599999999897,212.44
s07-r0-disconnect_trial-0.5,7,0,disconnect_trial,0.5,27,218.96,219.44,0.5,0.47999999999998977,220,1.52,1.5591,1.0400000000000102,1.0791000000000102,220.48000000000002
s07-r0-disconnect_trial-0.5,7,0,disconnect_trial,0.5,28,226.84,227.36,0.5,0.5200000000000102,228,1.52,1.55811,0.9999999999999898,1.0381099999999899,228.36
s07-r0-disconnect_trial-0.5,7,0,disconnect_trial,0.5,29,234.96,235.44,0.5,0.47999999999998977,236,1.52,1.55922,1.0400000000000102,1.0792200000000103,236.48000000000002
s07-r0-disconnect_trial-0.5,7,0,disconnect_trial,0.5,30,243.24,243.72,0.5,0.47999999999998977,244,1.52,1.56421,1.0400000000000102,1.0842100000000103,244.76000000000002
s07-r0-disconnect_trial-0.5,7,0,disconnect_trial,0.5,31,251.68,252.16,0.5,0.47999999999998977,253,1.52,1.55877,1.0400000000000102,1.0787700000000102,253.20000000000002
s07-r0-disconnect_trial-0.5,7,0,disconnect_trial,0.5,32,260.04,260.52,0.5,0.47999999999996135,261,1.52,1.55885,1.0400000000000387,1.0788500000000387,261.56
s07-r0-disconnect_trial-0.5,7,0,disconnect_trial,0.5,33,268.4,268.88,0.5,0.4800000000000182,269,1.52,1.55956,1.0399999999999818,1.0795599999999819,269.91999999999996
s07-r0-disconnect_trial-0.5,7,0,disconnect_trial,0.5,34,276.56,277.08,0.5,0.5199999999999818,278,1.52,1.55922,1.0000000000000182,1.0392200000000182,278.08
s07-r0-disconnect_trial-0.5,7,0,disconnect_trial,0.5,35,284.84,285.32,0.5,0.4800000000000182,286,1.52,1.55546,1.0399999999999818,1.0754599999999819,286.35999999999996
s07-r0-disconnect_trial-0.5,7,0,disconnect_trial,0.5,36,292.92,293.4,0.5,0.47999999999996135,294,1.52,1.56002,1.0400000000000387,1.0800200000000386,294.44
s07-r0-disconnect_trial-0.5,7,0,disconnect_trial,0.5,37,300.8,301.28,0.5,0.47999999999996135,302,1.52,1.55988,1.0400000000000387,1.0798800000000386,302.32
s07-r0-disconnect_trial-0.5,7,0,disconnect_trial,0.5,38,308.64,309.16,0.5,0.5200000000000387,310,1.52,1.56083,0.9999999999999614,1.0408299999999613,310.15999999999997
s07-r0-disconnect_trial-0.5,7,0,disconnect_trial,0.5,39,316.36,316.84,0.5,0.47999999999996135,317,1.52,1.5594,1.0400000000000387,1.0794000000000386,317.88
s07-r0-disconnect_trial-0.5,7,0,disconnect_trial,0.5,40,324.68,325.16,0.5,0.4800000000000182,326,1.52,1.56077,1.0399999999999818,1.0807699999999818,326.2
s07-r0-disconnect_trial-0.5,7,0,disconnect_trial,0.5,41,332.6,333.08,0.5,0.47999999999996135,334,1.52,1.55968,1.0400000000000387,1.0796800000000386,334.12
s07-r0-disconnect_trial-0.5,7,0,disconnect_trial,0.5,42,340.56,341.04,0.5,0.4800000000000182,342,1.52,1.55913,1.0399999999999818,1.0791299999999817,342.08
s07-r0-disconnect_trial-0.5,7,0,disconnect_trial,0.5,43,349.0,349.52,0.5,0.5199999999999818,350,1.52,1.55977,1.0000000000000182,1.0397700000000183,350.52
s07-r0-disconnect_trial-0.5,7,0,disconnect_trial,0.5,44,356.64,357.16,0.5,0.5200000000000387,358,1.52,1.55905,0.9999999999999614,1.0390499999999614,358.15999999999997
s07-r0-disconnect_trial-0.5,7,0,disconnect_trial,0.5,45,364.36,364.84,0.5,0.47999999999996135,365,1.52,1.55962,1.0400000000000387,1.0796200000000387,365.88
s07-r0-disconnect_trial-0.5,7,0,disconnect_trial,0.5,46,372.8,373.32,0.5,0.5199999999999818,374,1.52,1.56053,1.0000000000000182,1.0405300000000182,374.32
s07-r0-disconnect_trial-0.5,7,0,disconnect_trial,0.5,47,381.04,381.56,0.5,0.5199999999999818,382,1.52,1.55882,1.0000000000000182,1.0388200000000183,382.56
s07-r0-disconnect_trial-1,7,0,disconnect_trial,1.0,0,3.0,4.0,1.0,1.0,4,1.52,1.55851,0.52,0.5585100000000001,4.52
s07-r0-disconnect_trial-1,7,0,disconnect_trial,1.0,1,11.04,12.04,1.0,1.0,12,1.52,1.56005,0.52,0.5600499999999999,12.559999999999999
s07-r0-disconnect_trial-1,7,0,disconnect_trial,1.0,2,18.72,19.72,1.0,1.0,20,1.52,1.55967,0.52,0.5596699999999999,20.24
s07-r0-disconnect_trial-1,7,0,disconnect_trial,1.0,3,26.52,27.52,1.0,1.0,28,1.52,1.55954,0.52,0.5595399999999999,28.04
s07-r0-disconnect_trial-1,7,0,disconnect_trial,1.0,4,34.56,35.56,1.0,1.0,36,1.52,1.55943,0.52,0.5594300000000001,36.080000000000005
s07-r0-disconnect_trial-1,7,0,disconnect_trial,1.0,5,43.0,44.0,1.0,1.0,44,1.52,1.55935,0.52,0.55935,44.52
s07-r0-disconnect_trial-1,7,0,disconnect_trial,1.0,6,50.64,51.64,1.0,1.0,52,1.52,1.55981,0.52,0.5598099999999999,52.160000000000004
s07-r0-disconnect_trial-1,7,0,disconnect_trial,1.0,7,58.84,59.84,1.0,1.0,60,1.52,1.56,0.52,0.56,60.36000000000001
s07-r0-disconnect_trial-1,7,0,disconnect_trial,1.0,8,66.56,67.56,1.0,1.0,68,1.52,1.55897,0.52,0.55897,68.08
s07-r0-disconnect_trial-1,7,0,disconnect_trial,1.0,9,74.56,75.56,1.0,1.0,76,1.52,1.55995,0.52,0.55995,76.08
s07-r0-disconnect_trial-1,7,0,disconnect_trial,1.0,10,82.2,83.2,1.0,1.0,83,1.52,1.56031,0.52,0.5603100000000001,83.72
s07-r0-disconnect_trial-1,7,0,disconnect_trial,1.0,11,89.76,90.76,1.0,1.0,91,1.52,1.55999,0.52,0.55999,91.28
s07-r0-disconnect_trial-1,7,0,disconnect_trial,1.0,12,97.68,98.68,1.0,1.0,99,1.52,1.55945,0.52,0.55945,99.2
s07-r0-disconnect_trial-1,7,0,disconnect_trial,1.0,13,105.44,106.44,1.0,1.0,106,1.52,1.55959,0.52,0.55959,106.96
s07-r0-disconnect_trial-1,7,0,disconnect_trial,1.0,14,113.32,114.32,1.0,1.0,114,1.52,1.55895,0.52,0.5589500000000001,114.83999999999999
s07-r0-disconnect_trial-1,7,0,disconnect_trial,1.0,15,121.8,122.8,1.0,1.0,123,1.52,1.55989,0.52,0.55989,123.32
s07-r0-disconnect_trial-1,7,0,disconnect_trial,1.0,16,129.8,130.8,1.0,1.0,131,1.52,1.55914,0.52,0.55914,131.32000000000002
s07-r0-disconnect_trial-1,7,0,disconnect_trial,1.0,17,138.08,139.08,1.0,1.0,139,1.52,1.56426,0.52,0.56426,139.60000000000002
s07-r0-disconnect_trial-1,7,0,disconnect_trial,1.0,18,146.24,147.24,1.0,1.0,147,1.52,1.55937,0.52,0.5593699999999999,147.76000000000002
s07-r0-disconnect_trial-1,7,0,disconnect_trial,1.0,19,154.48,155.48,1.0,1.0,156,1.52,1.56061,0.52,0.56061,156.0
s07-r0-disconnect_trial-1,7,0,disconnect_trial,1.0,20,162.76,163.76,1.0,1.0,164,1.52,1.56031,0.52,0.5603100000000001,164.28
s07-r0-disconnect_trial-1,7,0,disconnect_trial,1.0,21,171.08,172.08,1.0,1.0,172,1.52,1.5598,0.52,0.5598000000000001,172.60000000000002
s07-r0-disconnect_trial-1,7,0,disconnect_trial,1.0,22,178.72,179.72,1.0,1.0,180,1.52,1.56084,0.52,0.56084,180.24
s07-r0-disconnect_trial-1,7,0,disconnect_trial,1.0,23,186.88,187.88,1.0,1.0,188,1.52,1.56072,0.52,0.5607200000000001,188.4
s07-r0-disconnect_trial-1,7,0,disconnect_trial,1.0,24,194.68,195.68,1.0,1.0,196,1.52,1.5606,0.52,0.5606,196.20000000000002
s07-r0-disconnect_trial-1,7,0,disconnect_trial,1.0,25,202.52,203.52,1.0,1.0,204,1.52,1.55917,0.52,0.55917,204.04000000000002
s07-r0-disconnect_trial-1,7,0,disconnect_trial,1.0,26,210.92,211.92,1.0,1.0,212,1.52,1.55988,0.52,0.5598799999999999,212.44
s07-r0-disconnect_trial-1,7,0,disconnect_trial,1.0,27,218.96,219.96,1.0,1.0,220,1.52,1.56028,0.52,0.5602799999999999,220.48000000000002
s07-r0-disconnect_trial-1,7,0,disconnect_trial,1.0,28,226.84,227.84,1.0,1.0,228,1.52,1.55982,0.52,0.55982,228.36
s07-r0-disconnect_trial-1,7,0,disconnect_trial,1.0,29,234.96,235.96,1.0,1.0,236,1.52,1.56022,0.52,0.5602199999999999,236.48000000000002
s07-r0-disconnect_trial-1,7,0,disconnect_trial,1.0,30,243.24,244.24,1.0,1.0,244,1.52,1.55977,0.52,0.5597700000000001,244.76000000000002
s07-r0-disconnect_trial-1,7,0,disconnect_trial,1.0,31,251.68,252.68,1.0,1.0,253,1.52,1.55893,0.52,0.5589299999999999,253.20000000000002
s07-r0-disconnect_trial-1,7,0,disconnect_trial,1.0,32,260.04,261.04,1.0,1.0,261,1.52,1.55934,0.52,0.55934,261.56
s07-r0-disconnect_trial-1,7,0,disconnect_trial,1.0,33,268.4,269.4,1.0,1.0,269,1.52,1.55954,0.52,0.5595399999999999,269.91999999999996
s07-r0-disconnect_trial-1,7,0,disconnect_trial,1.0,34,276.56,277.56,1.0,1.0,278,1.52,1.55868,0.52,0.5586800000000001,278.08
s07-r0-disconnect_trial-1,7,0,disconnect_trial,1.0,35,284.84,285.84,1.0,1.0,286,1.52,1.5594,0.52,0.5593999999999999,286.35999999999996
s07-r0-disconnect_trial-1,7,0,disconnect_trial,1.0,36,292.92,293.92,1.0,1.0,294,1.52,1.55976,0.52,0.55976,294.44
s07-r0-disconnect_trial-1,7,0,disconnect_trial,1.0,37,300.8,301.8,1.0,1.0,302,1.52,1.55975,0.52,0.55975,302.32
s07-r0-disconnect_trial-1,7,0,disconnect_trial,1.0,38,308.64,309.64,1.0,1.0,310,1.52,1.56025,0.52,0.5602499999999999,310.15999999999997
s07-r0-disconnect_trial-1,7,0,disconnect_trial,1.0,39,316.36,317.36,1.0,1.0,317,1.52,1.55906,0.52,0.5590599999999999,317.88
s07-r0-disconnect_trial-1,7,0,disconnect_trial,1.0,40,324.68,325.68,1.0,1.0,326,1.52,1.55959,0.52,0.55959,326.2
s07-r0-disconnect_trial-1,7,0,disconnect_trial,1.0,41,332.6,333.6,1.0,1.0,334,1.52,1.55909,0.52,0.5590900000000001,334.12
s07-r0-disconnect_trial-1,7,0,disconnect_trial,1.0,42,340.56,341.56,1.0,1.0,342,1.52,1.55996,0.52,0.55996,342.08
s07-r0-disconnect_trial-1,7,0,disconnect_trial,1.0,43,349.0,350.0,1.0,1.0,350,1.52,1.56003,0.52,0.56003,350.52
s07-r0-disconnect_trial-1,7,0,disconnect_trial,1.0,44,356.64,357.64,1.0,1.0,358,1.52,1.55978,0.52,0.5597799999999999,358.15999999999997
s07-r0-disconnect_trial-1,7,0,disconnect_trial,1.0,45,364.36,365.36,1.0,1.0,365,1.52,1.55932,0.52,0.55932,365.88
s07-r0-disconnect_trial-1,7,0,disconnect_trial,1.0,46,372.8,373.8,1.0,1.0,374,1.52,1.55942,0.52,0.55942,374.32
s07-r0-disconnect_trial-1,7,0,disconnect_trial,1.0,47,381.04,382.04,1.0,1.0,382,1.52,1.55952,0.52,0.55952,382.56
s07-r0-disconnect_trial-2,7,0,disconnect_trial,2.0,0,3.0,5.0,2.0,2.0,5,2.52,2.55875,0.52,0.5587499999999999,5.52
s07-r0-disconnect_trial-2,7,0,disconnect_trial,2.0,1,11.04,13.04,2.0,2.0,13,2.52,2.56368,0.52,0.5636800000000002,13.559999999999999
s07-r0-disconnect_trial-2,7,0,disconnect_trial,2.0,2,18.72,20.72,2.0,2.0,21,2.52,2.56417,0.52,0.5641699999999998,21.24
s07-r0-disconnect_trial-2,7,0,disconnect_trial,2.0,3,26.52,28.52,2.0,2.0,29,2.52,2.5589,0.52,0.5589,29.04
s07-r0-disconnect_trial-2,7,0,disconnect_trial,2.0,4,34.56,36.56,2.0,2.0,37,2.52,2.55893,0.52,0.5589300000000001,37.080000000000005
s07-r0-disconnect_trial-2,7,0,disconnect_trial,2.0,5,43.0,45.0,2.0,2.0,45,2.52,2.56364,0.52,0.5636399999999999,45.52
s07-r0-disconnect_trial-2,7,0,disconnect_trial,2.0,6,50.64,52.64,2.0,2.0,53,2.52,2.5603,0.52,0.5602999999999998,53.160000000000004
s07-r0-disconnect_trial-2,7,0,disconnect_trial,2.0,7,58.84,60.84,2.0,2.0,61,2.52,2.55861,0.52,0.5586099999999998,61.36000000000001
s07-r0-disconnect_trial-2,7,0,disconnect_trial,2.0,8,66.56,68.56,2.0,2.0,69,2.52,2.56421,0.52,0.5642100000000001,69.08
s07-r0-disconnect_trial-2,7,0,disconnect_trial,2.0,9,74.56,76.56,2.0,2.0,77,2.52,2.55775,0.52,0.55775,77.08
s07-r0-disconnect_trial-2,7,0,disconnect_trial,2.0,10,82.2,84.2,2.0,2.0,84,2.52,2.55959,0.52,0.55959,84.72
s07-r0-disconnect_trial-2,7,0,disconnect_trial,2.0,11,89.76,91.76,2.0,2.0,92,2.52,2.55798,0.52,0.5579800000000001,92.28
s07-r0-disconnect_trial-2,7,0,disconnect_trial,2.0,12,97.68,99.68,2.0,2.0,100,2.52,2.55866,0.52,0.5586600000000002,100.2
s07-r0-disconnect_trial-2,7,0,disconnect_trial,2.0,13,105.44,107.44,2.0,2.0,107,2.52,2.5586,0.52,0.5586000000000002,107.96
s07-r0-disconnect_trial-2,7,0,disconnect_trial,2.0,14,113.32,115.32,2.0,2.0,115,2.52,2.56205,0.52,0.5620500000000002,115.83999999999999
s07-r0-disconnect_trial-2,7,0,disconnect_trial,2.0,15,121.8,123.8,2.0,2.0,124,2.52,2.55868,0.52,0.5586799999999998,124.32
s07-r0-disconnect_trial-2,7,0,disconnect_trial,2.0,16,129.8,131.8,2.0,2.0,132,2.52,2.56346,0.52,0.5634600000000001,132.32000000000002
s07-r0-disconnect_trial-2,7,0,disconnect_trial,2.0,17,138.08,140.08,2.0,2.0,140,2.52,2.56324,0.52,0.56324,140.60000000000002
s07-r0-disconnect_trial-2,7,0,disconnect_trial,2.0,18,146.24,148.24,2.0,2.0,148,2.52,2.55799,0.52,0.5579900000000002,148.76000000000002
s07-r0-disconnect_trial-2,7,0,disconnect_trial,2.0,19,154.48,156.48,2.0,2.0,157,2.52,2.56258,0.52,0.5625800000000001,157.0
s07-r0-disconnect_trial-2,7,0,disconnect_trial,2.0,20,162.76,164.76,2.0,2.0,165,2.52,2.56286,0.52,0.5628600000000001,165.28
s07-r0-disconnect_trial-2,7,0,disconnect_trial,2.0,21,171.08,173.08,2.0,2.0,173,2.52,2.55892,0.52,0.5589200000000001,173.60000000000002
s07-r0-disconnect_trial-2,7,0,disconnect_trial,2.0,22,178.72,180.72,2.0,2.0,181,2.52,2.55951,0.52,0.55951,181.24
s07-r0-disconnect_trial-2,7,0,disconnect_trial,2.0,23,186.88,188.88,2.0,2.0,189,2.52,2.56301,0.52,0.5630099999999998,189.4
s07-r0-disconnect_trial-2,7,0,disconnect_trial,2.0,24,194.68,196.68,2.0,2.0,197,2.52,2.56347,0.52,0.5634700000000001,197.20000000000002
s07-r0-disconnect_trial-2,7,0,disconnect_trial,2.0,25,202.52,204.52,2.0,2.0,205,2.52,2.55828,0.52,0.5582799999999999,205.04000000000002
s07-r0-disconnect_trial-2,7,0,disconnect_trial,2.0,26,210.92,212.92,2.0,2.0,213,2.52,2.55893,0.52,0.5589300000000001,213.44
s07-r0-disconnect_trial-2,7,0,disconnect_trial,2.0,27,218.96,220.96,2.0,2.0,221,2.52,2.55945,0.52,0.55945,221.48000000000002
s07-r0-disconnect_trial-2,7,0,disconnect_trial,2.0,28,226.84,228.84,2.0,2.0,229,2.52,2.55904,0.52,0.55904,229.36
s07-r0-disconnect_trial-2,7,0,disconnect_trial,2.0,29,234.96,236.96,2.0,2.0,237,2.52,2.55801,0.52,0.5580099999999999,237.48000000000002
s07-r0-disconnect_trial-2,7,0,disconnect_trial,2.0,30,243.24,245.24,2.0,2.0,245,2.52,2.55872,0.52,0.5587200000000001,245.76000000000002
s07-r0-disconnect_trial-2,7,0,disconnect_trial,2.0,31,251.68,253.68,2.0,2.0,254,2.52,2.56372,0.52,0.56372,254.20000000000002
s07-r0-disconnect_trial-2,7,0,disconnect_trial,2.0,32,260.04,262.04,2.0,2.0,262,2.52,2.55856,0.52,0.55856,262.56
s07-r0-disconnect_trial-2,7,0,disconnect_trial,2.0,33,268.4,270.4,2.0,2.0,270,2.52,2.56359,0.52,0.56359,270.91999999999996
s07-r0-disconnect_trial-2,7,0,disconnect_trial,2.0,34,276.56,278.56,2.0,2.0,279,2.52,2.55829,0.52,0.55829,279.08
s07-r0-disconnect_trial-2,7,0,disconnect_trial,2.0,35,284.84,286.84,2.0,2.0,287,2.52,2.55767,0.52,0.5576699999999999,287.35999999999996
s07-r0-disconnect_trial-2,7,0,disconnect_trial,2.0,36,292.92,294.92,2.0,2.0,295,2.52,2.55875,0.52,0.5587499999999999,295.44
s07-r0-disconnect_trial-2,7,0,disconnect_trial,2.0,37,300.8,302.8,2.0,2.0,303,2.52,2.56331,0.52,0.56331,303.32
s07-r0-disconnect_trial-2,7,0,disconnect_trial,2.0,38,308.64,310.64,2.0,2.0,311,2.52,2.55573,0.52,0.5557300000000001,311.15999999999997
s07-r0-disconnect_trial-2,7,0,disconnect_trial,2.0,39,316.36,318.36,2.0,2.0,318,2.52,2.55884,0.52,0.55884,318.88
s07-r0-disconnect_trial-2,7,0,disconnect_trial,2.0,40,324.68,326.68,2.0,2.0,327,2.52,2.55697,0.52,0.5569700000000002,327.2
s07-r0-disconnect_trial-2,7,0,disconnect_trial,2.0,41,332.6,334.6,2.0,2.0,335,2.52,2.55987,0.52,0.5598700000000001,335.12
s07-r0-disconnect_trial-2,7,0,disconnect_trial,2.0,42,340.56,342.56,2.0,2.0,343,2.52,2.5587,0.52,0.5587,343.08
s07-r0-disconnect_trial-2,7,0,disconnect_trial,2.0,43,349.0,351.0,2.0,2.0,351,2.52,2.55794,0.52,0.5579399999999999,351.52
s07-r0-disconnect_trial-2,7,0,disconnect_trial,2.0,44,356.64,358.64,2.0,2.0,359,2.52,2.55964,0.52,0.5596399999999999,359.15999999999997
s07-r0-disconnect_trial-2,7,0,disconnect_trial,2.0,45,364.36,366.36,2.0,2.0,366,2.52,2.55921,0.52,0.5592100000000002,366.88
s07-r0-disconnect_trial-2,7,0,disconnect_trial,2.0,46,372.8,374.8,2.0,2.0,375,2.52,2.55905,0.52,0.55905,375.32
s07-r0-disconnect_trial-2,7,0,disconnect_trial,2.0,47,381.04,383.04,2.0,2.0,383,2.52,2.55853,0.52,0.5585300000000002,383.56
s07-r1-disconnect-0.5,7,1,disconnect,0.5,0,121.52,122.0,0.5,0.480000000000004,123,1.52,1.55944,1.039999999999996,1.079439999999996,123.03999999999999
s07-r1-disconnect-0.5,7,1,disconnect,0.5,1,242.24,242.72,0.5,0.47999999999998977,243,1.52,1.55539,1.0400000000000102,1.0753900000000103,243.76000000000002
s07-r1-disconnect-0.5,7,1,disconnect,0.5,2,258.72,259.2,0.5,0.47999999999996135,260,1.52,1.55924,1.0400000000000387,1.0792400000000386,260.24
s07-r1-disconnect-0.5,7,1,disconnect,0.5,3,264.2,264.72,0.5,0.5200000000000387,265,1.52,1.56095,0.9999999999999614,1.0409499999999614,265.71999999999997
s07-r1-disconnect-0.5,7,1,disconnect,0.5,4,326.12,326.64,0.5,0.5199999999999818,327,1.52,1.55994,1.0000000000000182,1.0399400000000183,327.64
s07-r1-disconnect-1,7,1,disconnect,1.0,0,104.16,105.16,1.0,1.0,105,1.52,1.55967,0.52,0.5596699999999999,105.67999999999999
s07-r1-disconnect-1,7,1,disconnect,1.0,1,174.12,175.12,1.0,1.0,175,1.52,1.55972,0.52,0.55972,175.64000000000001
s07-r1-disconnect-1,7,1,disconnect,1.0,2,180.12,181.12,1.0,1.0,181,1.52,1.55943,0.52,0.5594300000000001,181.64000000000001
s07-r1-disconnect-1,7,1,disconnect,1.0,3,186.12,187.12,1.0,1.0,187,1.52,1.55995,0.52,0.55995,187.64000000000001
s07-r1-disconnect-1,7,1,disconnect,1.0,4,244.64,245.64,1.0,1.0,246,1.52,1.55918,0.52,0.55918,246.16
s07-r1-disconnect-3,7,1,disconnect,3.0,0,95.2,98.2,3.0,3.0,98,3.52,3.55779,0.52,0.5577899999999998,98.72
s07-r1-disconnect-3,7,1,disconnect,3.0,1,237.72,240.72,3.0,3.0,241,3.52,3.55724,0.52,0.5572400000000002,241.24
s07-r1-disconnect-3,7,1,disconnect,3.0,2,257.68,260.68,3.0,3.0,261,3.52,3.56114,0.52,0.56114,261.2
s07-r1-disconnect-3,7,1,disconnect,3.0,3,311.28,314.28,3.0,3.0,314,3.52,3.56026,0.52,0.56026,314.79999999999995
s07-r1-disconnect-3,7,1,disconnect,3.0,4,319.28,322.28,3.0,3.0,322,3.52,3.55834,0.52,0.5583399999999998,322.79999999999995
s07-r1-disconnect_trial-0.5,7,1,disconnect_trial,0.5,0,3.0,3.52,0.5,0.52,4,1.52,1.56044,1.0,1.04044,4.52
s07-r1-disconnect_trial-0.5,7,1,disconnect_trial,0.5,1,11.04,11.52,0.5,0.4800000000000004,12,1.52,1.5597,1.0399999999999996,1.0796999999999997,12.559999999999999
s07-r1-disconnect_trial-0.5,7,1,disconnect_trial,0.5,2,18.72,19.2,0.5,0.4800000000000004,20,1.52,1.55971,1.0399999999999996,1.0797099999999995,20.24
s07-r1-disconnect_trial-0.5,7,1,disconnect_trial,0.5,3,26.52,27.0,0.5,0.4800000000000004,28,1.52,1.55935,1.0399999999999996,1.0793499999999996,28.04
s07-r1-disconnect_trial-0.5,7,1,disconnect_trial,0.5,4,34.56,35.04,0.5,0.4799999999999969,36,1.52,1.56005,1.0400000000000031,1.080050000000003,36.080000000000005
s07-r1-disconnect_trial-0.5,7,1,disconnect_trial,0.5,5,43.0,43.48,0.5,0.4799999999999969,44,1.52,1.55934,1.0400000000000031,1.079340000000003,44.52
s07-r1-disconnect_trial-0.5,7,1,disconnect_trial,0.5,6,50.64,51.16,0.5,0.519999999999996,52,1.52,1.55949,1.000000000000004,1.039490000000004,52.160000000000004
s07-r1-disconnect_trial-0.5,7,1,disconnect_trial,0.5,7,58.84,59.36,0.5,0.519999999999996,60,1.52,1.55935,1.000000000000004,1.039350000000004,60.36000000000001
s07-r1-disconnect_trial-0.5,7,1,disconnect_trial,0.5,8,66.56,67.08,0.5,0.519999999999996,68,1.52,1.56045,1.000000000000004,1.0404500000000039,68.08
s07-r1-disconnect_trial-0.5,7,1,disconnect_trial,0.5,9,74.56,75.08,0.5,0.519999999999996,76,1.52,1.56067,1.000000000000004,1.040670000000004,76.08
s07-r1-disconnect_trial-0.5,7,1,disconnect_trial,0.5,10,82.2,82.68,0.5,0.480000000000004,83,1.52,1.55981,1.039999999999996,1.079809999999996,83.72
s07-r1-disconnect_trial-0.5,7,1,disconnect_trial,0.5,11,89.76,90.28,0.5,0.519999999999996,91,1.52,1.55908,1.000000000000004,1.039080000000004,91.28
s07-r1-disconnect_trial-0.5,7,1,disconnect_trial,0.5,12,97.68,98.16,0.5,0.47999999999998977,99,1.52,1.55972,1.0400000000000102,1.0797200000000102,99.2
s07-r1-disconnect_trial-0.5,7,1,disconnect_trial,0.5,13,105.44,105.92,0.5,0.480000000000004,106,1.52,1.56045,1.039999999999996,1.080449999999996,106.96
s07-r1-disconnect_trial-0.5,7,1,disconnect_trial,0.5,14,113.32,113.8,0.5,0.480000000000004,114,1.52,1.55882,1.039999999999996,1.0788199999999961,114.83999999999999
s07-r1-disconnect_trial-0.5,7,1,disconnect_trial,0.5,15,121.8,122.28,0.5,0.480000000000004,123,1.52,1.55928,1.039999999999996,1.079279999999996,123.32
s07-r1-disconnect_trial-0.5,7,1,disconnect_trial,0.5,16,129.8,130.32,0.5,0.5199999999999818,131,1.52,1.55911,1.0000000000000182,1.0391100000000182,131.32000000000002
s07-r1-disconnect_trial-0.5,7,1,disconnect_trial,0.5,17,138.08,138.6,0.5,0.5199999999999818,139,1.52,1.56028,1.0000000000000182,1.040280000000018,139.60000000000002
s07-r1-disconnect_trial-0.5,7,1,disconnect_trial,0.5,18,146.24,146.72,0.5,0.47999999999998977,147,1.52,1.55981,1.0400000000000102,1.0798100000000102,147.76000000000002
s07-r1-disconnect_trial-0.5,7,1,disconnect_trial,0.5,19,154.48,155.0,0.5,0.5200000000000102,156,1.52,1.55933,0.9999999999999898,1.0393299999999899,156.0
s07-r1-disconnect_trial-0.5,7,1,disconnect_trial,0.5,20,162.76,163.28,0.5,0.5200000000000102,164,1.52,1.55934,0.9999999999999898,1.0393399999999897,164.28
s07-r1-disconnect_trial-0.5,7,1,disconnect_trial,0.5,21,171.08,171.6,0.5,0.5199999999999818,172,1.52,1.55951,1.0000000000000182,1.0395100000000181,172.60000000000002
s07-r1-disconnect_trial-0.5,7,1,disconnect_trial,0.5,22,178.72,179.24,0.5,0.5200000000000102,180,1.52,1.56003,0.9999999999999898,1.0400299999999898,180.24
s07-r1-disconnect_trial-0.5,7,1,disconnect_trial,0.5,23,186.88,187.36,0.5,0.4800000000000182,188,1.52,1.56028,1.0399999999999818,1.0802799999999817,188.4
s07-r1-disconnect_trial-0.5,7,1,disconnect_trial,0.5,24,194.68,195.16,0.5,0.47999999999998977,196,1.52,1.55942,1.0400000000000102,1.0794200000000103,196.20000000000002
s07-r1-disconnect_trial-0.5,7,1,disconnect_trial,0.5,25,202.52,203.0,0.5,0.47999999999998977,204,1.52,1.5587,1.0400000000000102,1.0787000000000102,204.04000000000002
s07-r1-disconnect_trial-0.5,7,1,disconnect_trial,0.5,26,210.92,211.44,0.5,0.5200000000000102,212,1.52,1.55879,0.9999999999999898,1.0387899999999897,212.44
s07-r1-disconnect_trial-0.5,7,1,disconnect_trial,0.5,27,218.96,219.44,0.5,0.47999999999998977,220,1.52,1.55966,1.0400000000000102,1.0796600000000103,220.48000000000002
s07-r1-disconnect_trial-0.5,7,1,disconnect_trial,0.5,28,226.84,227.36,0.5,0.5200000000000102,228,1.52,1.56074,0.9999999999999898,1.0407399999999898,228.36
s07-r1-disconnect_trial-0.5,7,1,disconnect_trial,0.5,29,234.96,235.44,0.5,0.47999999999998977,236,1.52,1.5593,1.0400000000000102,1.0793000000000101,236.48000000000002
s07-r1-disconnect_trial-0.5,7,1,disconnect_trial,0.5,30,243.24,243.72,0.5,0.47999999999998977,244,1.52,1.56025,1.0400000000000102,1.0802500000000101,244.76000000000002
s07-r1-disconnect_trial-0.5,7,1,disconnect_trial,0.5,31,251.68,252.16,0.5,0.47999999999998977,253,1.52,1.55988,1.0400000000000102,1.0798800000000102,253.20000000000002
s07-r1-disconnect_trial-0.5,7,1,disconnect_trial,0.5,32,260.04,260.52,0.5,0.47999999999996135,261,1.52,1.55922,1.0400000000000387,1.0792200000000387,261.56
s07-r1-disconnect_trial-0.5,7,1,disconnect_trial,0.5,33,268.4,268.88,0.5,0.4800000000000182,269,1.52,1.56035,1.0399999999999818,1.0803499999999817,269.91999999999996
s07-r1-disconnect_trial-0.5,7,1,disconnect_trial,0.5,34,276.56,277.08,0.5,0.5199999999999818,278,1.52,1.56013,1.0000000000000182,1.0401300000000182,278.08
s07-r1-disconnect_trial-0.5,7,1,disconnect_trial,0.5,35,284.84,285.32,0.5,0.4800000000000182,286,1.52,1.55955,1.0399999999999818,1.0795499999999818,286.35999999999996
s07-r1-disconnect_trial-0.5,7,1,disconnect_trial,0.5,36,292.92,293.4,0.5,0.47999999999996135,294,1.52,1.56003,1.0400000000000387,1.0800300000000387,294.44
s07-r1-disconnect_trial-0.5,7,1,disconnect_trial,0.5,37,300.8,301.28,0.5,0.47999999999996135,302,1.52,1.55934,1.0400000000000387,1.0793400000000386,302.32
s07-r1-disconnect_trial-0.5,7,1,disconnect_trial,0.5,38,308.64,309.16,0.5,0.5200000000000387,310,1.52,1.55961,0.9999999999999614,1.0396099999999613,310.15999999999997
s07-r1-disconnect_trial-0.5,7,1,disconnect_trial,0.5,39,316.36,316.84,0.5,0.47999999999996135,317,1.52,1.55976,1.0400000000000387,1.0797600000000387,317.88
s07-r1-disconnect_trial-0.5,7,1,disconnect_trial,0.5,40,324.68,325.16,0.5,0.4800000000000182,326,1.52,1.55994,1.0399999999999818,1.079939999999982,326.2
s07-r1-disconnect_trial-0.5,7,1,disconnect_trial,0.5,41,332.6,333.08,0.5,0.47999999999996135,334,1.52,1.55997,1.0400000000000387,1.0799700000000387,334.12
s07-r1-disconnect_trial-0.5,7,1,disconnect_trial,0.5,42,340.56,341.04,0.5,0.4800000000000182,342,1.52,1.55928,1.0399999999999818,1.0792799999999818,342.08
s07-r1-disconnect_trial-0.5,7,1,disconnect_trial,0.5,43,349.0,349.52,0.5,0.5199999999999818,350,1.52,1.5591,1.0000000000000182,1.0391000000000181,350.52
s07-r1-disconnect_trial-0.5,7,1,disconnect_trial,0.5,44,356.64,357.16,0.5,0.5200000000000387,358,1.52,1.56085,0.9999999999999614,1.0408499999999614,358.15999999999997
s07-r1-disconnect_trial-0.5,7,1,disconnect_trial,0.5,45,364.36,364.84,0.5,0.47999999999996135,365,1.52,1.5601,1.0400000000000387,1.0801000000000387,365.88
s07-r1-disconnect_trial-0.5,7,1,disconnect_trial,0.5,46,372.8,373.32,0.5,0.5199999999999818,374,1.52,1.55953,1.0000000000000182,1.0395300000000183,374.32
s07-r1-disconnect_trial-0.5,7,1,disconnect_trial,0.5,47,381.04,381.56,0.5,0.5199999999999818,382,1.52,1.5597,1.0000000000000182,1.0397000000000183,382.56
s07-r1-disconnect_trial-1,7,1,disconnect_trial,1.0,0,3.0,4.0,1.0,1.0,4,1.52,1.55912,0.52,0.5591200000000001,4.52
s07-r1-disconnect_trial-1,7,1,disconnect_trial,1.0,1,11.04,12.04,1.0,1.0,12,1.52,1.55984,0.52,0.5598399999999999,12.559999999999999
s07-r1-disconnect_trial-1,7,1,disconnect_trial,1.0,2,18.72,19.72,1.0,1.0,20,1.52,1.55902,0.52,0.5590200000000001,20.24
s07-r1-disconnect_trial-1,7,1,disconnect_trial,1.0,3,26.52,27.52,1.0,1.0,28,1.52,1.56015,0.52,0.5601499999999999,28.04
s07-r1-disconnect_trial-1,7,1,disconnect_trial,1.0,4,34.56,35.56,1.0,1.0,36,1.52,1.55987,0.52,0.5598700000000001,36.080000000000005
s07-r1-disconnect_trial-1,7,1,disconnect_trial,1.0,5,43.0,44.0,1.0,1.0,44,1.52,1.56029,0.52,0.56029,44.52
s07-r1-disconnect_trial-1,7,1,disconnect_trial,1.0,6,50.64,51.64,1.0,1.0,52,1.52,1.55946,0.52,0.5594600000000001,52.160000000000004
s07-r1-disconnect_trial-1,7,1,disconnect_trial,1.0,7,58.84,59.84,1.0,1.0,60,1.52,1.55949,0.52,0.55949,60.36000000000001
s07-r1-disconnect_trial-1,7,1,disconnect_trial,1.0,8,66.56,67.56,1.0,1.0,68,1.52,1.55995,0.52,0.55995,68.08
s07-r1-disconnect_trial-1,7,1,disconnect_trial,1.0,9,74.56,75.56,1.0,1.0,76,1.52,1.5605,0.52,0.5605,76.08
s07-r1-disconnect_trial-1,7,1,disconnect_trial,1.0,10,82.2,83.2,1.0,1.0,83,1.52,1.55921,0.52,0.55921,83.72
s07-r1-disconnect_trial-1,7,1,disconnect_trial,1.0,11,89.76,90.76,1.0,1.0,91,1.52,1.55959,0.52,0.55959,91.28
s07-r1-disconnect_trial-1,7,1,disconnect_trial,1.0,12,97.68,98.68,1.0,1.0,99,1.52,1.55877,0.52,0.55877,99.2
s07-r1-disconnect_trial-1,7,1,disconnect_trial,1.0,13,105.44,106.44,1.0,1.0,106,1.52,1.56001,0.52,0.5600099999999999,106.96
s07-r1-disconnect_trial-1,7,1,disconnect_trial,1.0,14,113.32,114.32,1.0,1.0,114,1.52,1.5593,0.52,0.5592999999999999,114.83999999999999
s07-r1-disconnect_trial-1,7,1,disconnect_trial,1.0,15,121.8,122.8,1.0,1.0,123,1.52,1.55914,0.52,0.55914,123.32
s07-r1-disconnect_trial-1,7,1,disconnect_trial,1.0,16,129.8,130.8,1.0,1.0,131,1.52,1.55955,0.52,0.55955,131.32000000000002
s07-r1-disconnect_trial-1,7,1,disconnect_trial,1.0,17,138.08,139.08,1.0,1.0,139,1.52,1.55963,0.52,0.5596300000000001,139.60000000000002
s07-r1-disconnect_trial-1,7,1,disconnect_trial,1.0,18,146.24,147.24,1.0,1.0,147,1.52,1.55948,0.52,0.55948,147.76000000000002
s07-r1-disconnect_trial-1,7,1,disconnect_trial,1.0,19,154.48,155.48,1.0,1.0,156,1.52,1.55899,0.52,0.5589900000000001,156.0
s07-r1-disconnect_trial-1,7,1,disconnect_trial,1.0,20,162.76,163.76,1.0,1.0,164,1.52,1.55956,0.52,0.5595600000000001,164.28
s07-r1-disconnect_trial-1,7,1,disconnect_trial,1.0,21,171.08,172.08,1.0,1.0,172,1.52,1.55936,0.52,0.5593600000000001,172.60000000000002
s07-r1-disconnect_trial-1,7,1,disconnect_trial,1.0,22,178.72,179.72,1.0,1.0,180,1.52,1.55992,0.52,0.55992,180.24
s07-r1-disconnect_trial-1,7,1,disconnect_trial,1.0,23,186.88,187.88,1.0,1.0,188,1.52,1.55909,0.52,0.5590900000000001,188.4
s07-r1-disconnect_trial-1,7,1,disconnect_trial,1.0,24,194.68,195.68,1.0,1.0,196,1.52,1.55961,0.52,0.5596099999999999,196.20000000000002
s07-r1-disconnect_trial-1,7,1,disconnect_trial,1.0,25,202.52,203.52,1.0,1.0,204,1.52,1.55932,0.52,0.55932,204.04000000000002
s07-r1-disconnect_trial-1,7,1,disconnect_trial,1.0,26,210.92,211.92,1.0,1.0,212,1.52,1.56085,0.52,0.5608500000000001,212.44
s07-r1-disconnect_trial-1,7,1,disconnect_trial,1.0,27,218.96,219.96,1.0,1.0,220,1.52,1.55994,0.52,0.5599400000000001,220.48000000000002
s07-r1-disconnect_trial-1,7,1,disconnect_trial,1.0,28,226.84,227.84,1.0,1.0,228,1.52,1.55946,0.52,0.5594600000000001,228.36
s07-r1-disconnect_trial-1,7,1,disconnect_trial,1.0,29,234.96,235.96,1.0,1.0,236,1.52,1.5594,0.52,0.5593999999999999,236.48000000000002
s07-r1-disconnect_trial-1,7,1,disconnect_trial,1.0,30,243.24,244.24,1.0,1.0,244,1.52,1.55981,0.52,0.5598099999999999,244.76000000000002
s07-r1-disconnect_trial-1,7,1,disconnect_trial,1.0,31,251.68,252.68,1.0,1.0,253,1.52,1.55899,0.52,0.5589900000000001,253.20000000000002
s07-r1-disconnect_trial-1,7,1,disconnect_trial,1.0,32,260.04,261.04,1.0,1.0,261,1.52,1.56003,0.52,0.56003,261.56
s07-r1-disconnect_trial-1,7,1,disconnect_trial,1.0,33,268.4,269.4,1.0,1.0,269,1.52,1.55982,0.52,0.55982,269.91999999999996
s07-r1-disconnect_trial-1,7,1,disconnect_trial,1.0,34,276.56,277.56,1.0,1.0,278,1.52,1.56024,0.52,0.5602400000000001,278.08
s07-r1-disconnect_trial-1,7,1,disconnect_trial,1.0,35,284.84,285.84,1.0,1.0,286,1.52,1.55983,0.52,0.55983,286.35999999999996
s07-r1-disconnect_trial-1,7,1,disconnect_trial,1.0,36,292.92,293.92,1.0,1.0,294,1.52,1.55946,0.52,0.5594600000000001,294.44
s07-r1-disconnect_trial-1,7,1,disconnect_trial,1.0,37,300.8,301.8,1.0,1.0,302,1.52,1.55965,0.52,0.55965,302.32
s07-r1-disconnect_trial-1,7,1,disconnect_trial,1.0,38,308.64,309.64,1.0,1.0,310,1.52,1.56354,0.52,0.5635399999999999,310.15999999999997
s07-r1-disconnect_trial-1,7,1,disconnect_trial,1.0,39,316.36,317.36,1.0,1.0,317,1.52,1.55947,0.52,0.5594699999999999,317.88
s07-r1-disconnect_trial-1,7,1,disconnect_trial,1.0,40,324.68,325.68,1.0,1.0,326,1.52,1.56018,0.52,0.5601799999999999,326.2
s07-r1-disconnect_trial-1,7,1,disconnect_trial,1.0,41,332.6,333.6,1.0,1.0,334,1.52,1.55995,0.52,0.55995,334.12
s07-r1-disconnect_trial-1,7,1,disconnect_trial,1.0,42,340.56,341.56,1.0,1.0,342,1.52,1.56455,0.52,0.5645500000000001,342.08
s07-r1-disconnect_trial-1,7,1,disconnect_trial,1.0,43,349.0,350.0,1.0,1.0,350,1.52,1.55993,0.52,0.55993,350.52
s07-r1-disconnect_trial-1,7,1,disconnect_trial,1.0,44,356.64,357.64,1.0,1.0,358,1.52,1.55917,0.52,0.55917,358.15999999999997
s07-r1-disconnect_trial-1,7,1,disconnect_trial,1.0,45,364.36,365.36,1.0,1.0,365,1.52,1.56457,0.52,0.56457,365.88
s07-r1-disconnect_trial-1,7,1,disconnect_trial,1.0,46,372.8,373.8,1.0,1.0,374,1.52,1.55937,0.52,0.5593699999999999,374.32
s07-r1-disconnect_trial-1,7,1,disconnect_trial,1.0,47,381.04,382.04,1.0,1.0,382,1.52,1.55899,0.52,0.5589900000000001,382.56
s07-r1-disconnect_trial-2,7,1,disconnect_trial,2.0,0,3.0,5.0,2.0,2.0,5,2.52,2.55789,0.52,0.55789,5.52
s07-r1-disconnect_trial-2,7,1,disconnect_trial,2.0,1,11.04,13.04,2.0,2.0,13,2.52,2.55779,0.52,0.5577899999999998,13.559999999999999
s07-r1-disconnect_trial-2,7,1,disconnect_trial,2.0,2,18.72,20.72,2.0,2.0,21,2.52,2.55867,0.52,0.5586700000000002,21.24
s07-r1-disconnect_trial-2,7,1,disconnect_trial,2.0,3,26.52,28.52,2.0,2.0,29,2.52,2.56025,0.52,0.5602499999999999,29.04
s07-r1-disconnect_trial-2,7,1,disconnect_trial,2.0,4,34.56,36.56,2.0,2.0,37,2.52,2.55796,0.52,0.55796,37.080000000000005
s07-r1-disconnect_trial-2,7,1,disconnect_trial,2.0,5,43.0,45.0,2.0,2.0,45,2.52,2.55821,0.52,0.5582099999999999,45.52
s07-r1-disconnect_trial-2,7,1,disconnect_trial,2.0,6,50.64,52.64,2.0,2.0,53,2.52,2.5624,0.52,0.5623999999999998,53.160000000000004
s07-r1-disconnect_trial-2,7,1,disconnect_trial,2.0,7,58.84,60.84,2.0,2.0,61,2.52,2.55822,0.52,0.5582199999999999,61.36000000000001
s07-r1-disconnect_trial-2,7,1,disconnect_trial,2.0,8,66.56,68.56,2.0,2.0,69,2.52,2.55947,0.52,0.5594700000000001,69.08
s07-r1-disconnect_trial-2,7,1,disconnect_trial,2.0,9,74.56,76.56,2.0,2.0,77,2.52,2.55964,0.52,0.5596399999999999,77.08
s07-r1-disconnect_trial-2,7,1,disconnect_trial,2.0,10,82.2,84.2,2.0,2.0,84,2.52,2.55811,0.52,0.5581100000000001,84.72
s07-r1-disconnect_trial-2,7,1,disconnect_trial,2.0,11,89.76,91.76,2.0,2.0,92,2.52,2.56361,0.52,0.5636100000000002,92.28
s07-r1-disconnect_trial-2,7,1,disconnect_trial,2.0,12,97.68,99.68,2.0,2.0,100,2.52,2.56269,0.52,0.5626899999999999,100.2
s07-r1-disconnect_trial-2,7,1,disconnect_trial,2.0,13,105.44,107.44,2.0,2.0,107,2.52,2.56024,0.52,0.5602399999999998,107.96
s07-r1-disconnect_trial-2,7,1,disconnect_trial,2.0,14,113.32,115.32,2.0,2.0,115,2.52,2.5635,0.52,0.5634999999999999,115.83999999999999
s07-r1-disconnect_trial-2,7,1,disconnect_trial,2.0,15,121.8,123.8,2.0,2.0,124,2.52,2.56297,0.52,0.56297,124.32
s07-r1-disconnect_trial-2,7,1,disconnect_trial,2.0,16,129.8,131.8,2.0,2.0,132,2.52,2.56252,0.52,0.5625200000000001,132.32000000000002
s07-r1-disconnect_trial-2,7,1,disconnect_trial,2.0,17,138.08,140.08,2.0,2.0,140,2.52,2.55789,0.52,0.55789,140.60000000000002
s07-r1-disconnect_trial-2,7,1,disconnect_trial,2.0,18,146.24,148.24,2.0,2.0,148,2.52,2.55836,0.52,0.55836,148.76000000000002
s07-r1-disconnect_trial-2,7,1,disconnect_trial,2.0,19,154.48,156.48,2.0,2.0,157,2.52,2.56331,0.52,0.56331,157.0
s07-r1-disconnect_trial-2,7,1,disconnect_trial,2.0,20,162.76,164.76,2.0,2.0,165,2.52,2.55844,0.52,0.55844,165.28
s07-r1-disconnect_trial-2,7,1,disconnect_trial,2.0,21,171.08,173.08,2.0,2.0,173,2.52,2.558,0.52,0.5579999999999998,173.60000000000002
s07-r1-disconnect_trial-2,7,1,disconnect_trial,2.0,22,178.72,180.72,2.0,2.0,181,2.52,2.56296,0.52,0.5629599999999999,181.24
s07-r1-disconnect_trial-2,7,1,disconnect_trial,2.0,23,186.88,188.88,2.0,2.0,189,2.52,2.55829,0.52,0.55829,189.4
s07-r1-disconnect_trial-2,7,1,disconnect_trial,2.0,24,194.68,196.68,2.0,2.0,197,2.52,2.55995,0.52,0.5599500000000002,197.20000000000002
s07-r1-disconnect_trial-2,7,1,disconnect_trial,2.0,25,202.52,204.52,2.0,2.0,205,2.52,2.55872,0.52,0.5587200000000001,205.04000000000002
s07-r1-disconnect_trial-2,7,1,disconnect_trial,2.0,26,210.92,212.92,2.0,2.0,213,2.52,2.5569,0.52,0.5569000000000002,213.44
s07-r1-disconnect_trial-2,7,1,disconnect_trial,2.0,27,218.96,220.96,2.0,2.0,221,2.52,2.55823,0.52,0.55823,221.48000000000002
s07-r1-disconnect_trial-2,7,1,disconnect_trial,2.0,28,226.84,228.84,2.0,2.0,229,2.52,2.55827,0.52,0.5582699999999998,229.36
s07-r1-disconnect_trial-2,7,1,disconnect_trial,2.0,29,234.96,236.96,2.0,2.0,237,2.52,2.56291,0.52,0.56291,237.48000000000002
s07-r1-disconnect_trial-2,7,1,disconnect_trial,2.0,30,243.24,245.24,2.0,2.0,245,2.52,2.55887,0.52,0.5588700000000002,245.76000000000002
s07-r1-disconnect_trial-2,7,1,disconnect_trial,2.0,31,251.68,253.68,2.0,2.0,254,2.52,2.55869,0.52,0.5586899999999999,254.20000000000002
s07-r1-disconnect_trial-2,7,1,disconnect_trial,2.0,32,260.04,262.04,2.0,2.0,262,2.52,2.55935,0.52,0.5593499999999998,262.56
s07-r1-disconnect_trial-2,7,1,disconnect_trial,2.0,33,268.4,270.4,2.0,2.0,270,2.52,2.56019,0.52,0.56019,270.91999999999996
s07-r1-disconnect_trial-2,7,1,disconnect_trial,2.0,34,276.56,278.56,2.0,2.0,279,2.52,2.55897,0.52,0.55897,279.08
s07-r1-disconnect_trial-2,7,1,disconnect_trial,2.0,35,284.84,286.84,2.0,2.0,287,2.52,2.56402,0.52,0.5640200000000002,287.35999999999996
s07-r1-disconnect_trial-2,7,1,disconnect_trial,2.0,36,292.92,294.92,2.0,2.0,295,2.52,2.56382,0.52,0.5638200000000002,295.44
s07-r1-disconnect_trial-2,7,1,disconnect_trial,2.0,37,300.8,302.8,2.0,2.0,303,2.52,2.56321,0.52,0.5632100000000002,303.32
s07-r1-disconnect_trial-2,7,1,disconnect_trial,2.0,38,308.64,310.64,2.0,2.0,311,2.52,2.55893,0.52,0.5589300000000001,311.15999999999997
s07-r1-disconnect_trial-2,7,1,disconnect_trial,2.0,39,316.36,318.36,2.0,2.0,318,2.52,2.5624,0.52,0.5623999999999998,318.88
s07-r1-disconnect_trial-2,7,1,disconnect_trial,2.0,40,324.68,326.68,2.0,2.0,327,2.52,2.55896,0.52,0.5589599999999999,327.2
s07-r1-disconnect_trial-2,7,1,disconnect_trial,2.0,41,332.6,334.6,2.0,2.0,335,2.52,2.55844,0.52,0.55844,335.12
s07-r1-disconnect_trial-2,7,1,disconnect_trial,2.0,42,340.56,342.56,2.0,2.0,343,2.52,2.55884,0.52,0.55884,343.08
s07-r1-disconnect_trial-2,7,1,disconnect_trial,2.0,43,349.0,351.0,2.0,2.0,351,2.52,2.55792,0.52,0.5579200000000002,351.52
s07-r1-disconnect_trial-2,7,1,disconnect_trial,2.0,44,356.64,358.64,2.0,2.0,359,2.52,2.55888,0.52,0.5588799999999998,359.15999999999997
s07-r1-disconnect_trial-2,7,1,disconnect_trial,2.0,45,364.36,366.36,2.0,2.0,366,2.52,2.56315,0.52,0.5631499999999998,366.88
s07-r1-disconnect_trial-2,7,1,disconnect_trial,2.0,46,372.8,374.8,2.0,2.0,375,2.52,2.56413,0.52,0.56413,375.32
s07-r1-disconnect_trial-2,7,1,disconnect_trial,2.0,47,381.04,383.04,2.0,2.0,383,2.52,2.5587,0.52,0.5587,383.56
s07-r2-disconnect-0.5,7,2,disconnect,0.5,0,33.72,34.2,0.5,0.480000000000004,35,1.52,1.55901,1.039999999999996,1.079009999999996,35.24
s07-r2-disconnect-0.5,7,2,disconnect,0.5,1,98.36,98.88,0.5,0.519999999999996,99,1.52,1.55929,1.000000000000004,1.039290000000004,99.88
s07-r2-disconnect-0.5,7,2,disconnect,0.5,2,125.64,126.16,0.5,0.519999999999996,127,1.52,1.55994,1.000000000000004,1.039940000000004,127.16
s07-r2-disconnect-0.5,7,2,disconnect,0.5,3,143.56,144.08,0.5,0.5200000000000102,145,1.52,1.56364,0.9999999999999898,1.0436399999999897,145.08
s07-r2-disconnect-0.5,7,2,disconnect,0.5,4,368.96,369.44,0.5,0.4800000000000182,370,1.52,1.55951,1.0399999999999818,1.0795099999999818,370.47999999999996
s07-r2-disconnect-1,7,2,disconnect,1.0,0,100.0,101.0,1.0,1.0,101,1.52,1.55962,0.52,0.55962,101.52
s07-r2-disconnect-1,7,2,disconnect,1.0,1,111.8,112.8,1.0,1.0,113,1.52,1.55974,0.52,0.5597399999999999,113.32
s07-r2-disconnect-1,7,2,disconnect,1.0,2,312.4,313.4,1.0,1.0,313,1.52,1.55997,0.52,0.5599700000000001,313.91999999999996
s07-r2-disconnect-1,7,2,disconnect,1.0,3,365.36,366.36,1.0,1.0,366,1.52,1.55944,0.52,0.5594399999999999,366.88
s07-r2-disconnect-3,7,2,disconnect,3.0,0,30.04,33.04,3.0,3.0,33,3.56,3.59823,0.56,0.59823,33.6
s07-r2-disconnect-3,7,2,disconnect,3.0,1,76.12,79.12,3.0,3.0,79,3.52,3.56266,0.52,0.5626600000000002,79.64
s07-r2-disconnect-3,7,2,disconnect,3.0,2,90.88,93.88,3.0,3.0,94,3.52,3.55697,0.52,0.5569700000000002,94.39999999999999
s07-r2-disconnect-3,7,2,disconnect,3.0,3,181.84,184.84,3.0,3.0,185,3.52,3.55745,0.52,0.5574499999999998,185.36
s07-r2-disconnect-3,7,2,disconnect,3.0,4,278.36,281.36,3.0,3.0,281,3.52,3.55642,0.52,0.5564200000000001,281.88
s07-r2-disconnect_trial-0.5,7,2,disconnect_trial,0.5,0,3.0,3.52,0.5,0.52,4,1.52,1.55998,1.0,1.03998,4.52
s07-r2-disconnect_trial-0.5,7,2,disconnect_trial,0.5,1,11.04,11.52,0.5,0.4800000000000004,12,1.52,1.56453,1.0399999999999996,1.0845299999999995,12.559999999999999
s07-r2-disconnect_trial-0.5,7,2,disconnect_trial,0.5,2,18.72,19.2,0.5,0.4800000000000004,20,1.52,1.5599,1.0399999999999996,1.0798999999999996,20.24
s07-r2-disconnect_trial-0.5,7,2,disconnect_trial,0.5,3,26.52,27.0,0.5,0.4800000000000004,28,1.52,1.55956,1.0399999999999996,1.0795599999999996,28.04
s07-r2-disconnect_trial-0.5,7,2,disconnect_trial,0.5,4,34.56,35.04,0.5,0.4799999999999969,36,1.52,1.55979,1.0400000000000031,1.0797900000000031,36.080000000000005
s07-r2-disconnect_trial-0.5,7,2,disconnect_trial,0.5,5,43.0,43.48,0.5,0.4799999999999969,44,1.52,1.55927,1.0400000000000031,1.079270000000003,44.52
s07-r2-disconnect_trial-0.5,7,2,disconnect_trial,0.5,6,50.64,51.16,0.5,0.519999999999996,52,1.52,1.55945,1.000000000000004,1.039450000000004,52.160000000000004
s07-r2-disconnect_trial-0.5,7,2,disconnect_trial,0.5,7,58.84,59.36,0.5,0.519999999999996,60,1.52,1.55982,1.000000000000004,1.039820000000004,60.36000000000001
s07-r2-disconnect_trial-0.5,7,2,disconnect_trial,0.5,8,66.56,67.08,0.5,0.519999999999996,68,1.52,1.56061,1.000000000000004,1.040610000000004,68.08
s07-r2-disconnect_trial-0.5,7,2,disconnect_trial,0.5,9,74.56,75.08,0.5,0.519999999999996,76,1.52,1.56005,1.000000000000004,1.040050000000004,76.08
s07-r2-disconnect_trial-0.5,7,2,disconnect_trial,0.5,10,82.2,82.68,0.5,0.480000000000004,83,1.52,1.56022,1.039999999999996,1.080219999999996,83.72
s07-r2-disconnect_trial-0.5,7,2,disconnect_trial,0.5,11,89.76,90.28,0.5,0.519999999999996,91,1.52,1.56461,1.000000000000004,1.044610000000004,91.28
s07-r2-disconnect_trial-0.5,7,2,disconnect_trial,0.5,12,97.68,98.16,0.5,0.47999999999998977,99,1.52,1.55954,1.0400000000000102,1.0795400000000102,99.2
s07-r2-disconnect_trial-0.5,7,2,disconnect_trial,0.5,13,105.44,105.92,0.5,0.480000000000004,106,1.52,1.5595,1.039999999999996,1.0794999999999961,106.96
s07-r2-disconnect_trial-0.5,7,2,disconnect_trial,0.5,14,113.32,113.8,0.5,0.480000000000004,114,1.52,1.5598,1.039999999999996,1.079799999999996,114.83999999999999
s07-r2-disconnect_trial-0.5,7,2,disconnect_trial,0.5,15,121.8,122.28,0.5,0.480000000000004,123,1.52,1.5602,1.039999999999996,1.080199999999996,123.32
s07-r2-disconnect_trial-0.5,7,2,disconnect_trial,0.5,16,129.8,130.32,0.5,0.5199999999999818,131,1.52,1.55938,1.0000000000000182,1.0393800000000182,131.32000000000002
s07-r2-disconnect_trial-0.5,7,2,disconnect_trial,0.5,17,138.08,138.6,0.5,0.5199999999999818,139,1.52,1.56068,1.0000000000000182,1.0406800000000183,139.60000000000002
s07-r2-disconnect_trial-0.5,7,2,disconnect_trial,0.5,18,146.24,146.72,0.5,0.47999999999998977,147,1.52,1.55965,1.0400000000000102,1.0796500000000102,147.76000000000002
s07-r2-disconnect_trial-0.5,7,2,disconnect_trial,0.5,19,154.48,155.0,0.5,0.5200000000000102,156,1.52,1.55882,0.9999999999999898,1.0388199999999899,156.0
s07-r2-disconnect_trial-0.5,7,2,disconnect_trial,0.5,20,162.76,163.28,0.5,0.5200000000000102,164,1.52,1.56013,0.9999999999999898,1.0401299999999898,164.28
s07-r2-disconnect_trial-0.5,7,2,disconnect_trial,0.5,21,171.08,171.6,0.5,0.5199999999999818,172,1.52,1.56019,1.0000000000000182,1.0401900000000182,172.60000000000002
s07-r2-disconnect_trial-0.5,7,2,disconnect_trial,0.5,22,178.72,179.24,0.5,0.5200000000000102,180,1.52,1.56114,0.9999999999999898,1.0411399999999897,180.24
s07-r2-disconnect_trial-0.5,7,2,disconnect_trial,0.5,23,186.88,187.36,0.5,0.4800000000000182,188,1.52,1.55993,1.0399999999999818,1.0799299999999818,188.4
s07-r2-disconnect_trial-0.5,7,2,disconnect_trial,0.5,24,194.68,195.16,0.5,0.47999999999998977,196,1.52,1.56397,1.0400000000000102,1.0839700000000103,196.20000000000002
s07-r2-disconnect_trial-0.5,7,2,disconnect_trial,0.5,25,202.52,203.0,0.5,0.47999999999998977,204,1.52,1.55999,1.0400000000000102,1.0799900000000102,204.04000000000002
s07-r2-disconnect_trial-0.5,7,2,disconnect_trial,0.5,26,210.92,211.44,0.5,0.5200000000000102,212,1.52,1.55959,0.9999999999999898,1.0395899999999898,212.44
s07-r2-disconnect_trial-0.5,7,2,disconnect_trial,0.5,27,218.96,219.44,0.5,0.47999999999998977,220,1.52,1.55939,1.0400000000000102,1.0793900000000103,220.48000000000002
s07-r2-disconnect_trial-0.5,7,2,disconnect_trial,0.5,28,226.84,227.36,0.5,0.5200000000000102,228,1.52,1.55924,0.9999999999999898,1.0392399999999897,228.36
s07-r2-disconnect_trial-0.5,7,2,disconnect_trial,0.5,29,234.96,235.44,0.5,0.47999999999998977,236,1.52,1.5594,1.0400000000000102,1.0794000000000101,236.48000000000002
s07-r2-disconnect_trial-0.5,7,2,disconnect_trial,0.5,30,243.24,243.72,0.5,0.47999999999998977,244,1.52,1.56023,1.0400000000000102,1.0802300000000102,244.76000000000002
s07-r2-disconnect_trial-0.5,7,2,disconnect_trial,0.5,31,251.68,252.16,0.5,0.47999999999998977,253,1.52,1.56022,1.0400000000000102,1.0802200000000102,253.20000000000002
s07-r2-disconnect_trial-0.5,7,2,disconnect_trial,0.5,32,260.04,260.52,0.5,0.47999999999996135,261,1.52,1.55957,1.0400000000000387,1.0795700000000386,261.56
s07-r2-disconnect_trial-0.5,7,2,disconnect_trial,0.5,33,268.4,268.88,0.5,0.4800000000000182,269,1.52,1.55983,1.0399999999999818,1.0798299999999819,269.91999999999996
s07-r2-disconnect_trial-0.5,7,2,disconnect_trial,0.5,34,276.56,277.08,0.5,0.5199999999999818,278,1.52,1.55916,1.0000000000000182,1.0391600000000183,278.08
s07-r2-disconnect_trial-0.5,7,2,disconnect_trial,0.5,35,284.84,285.32,0.5,0.4800000000000182,286,1.52,1.55944,1.0399999999999818,1.0794399999999817,286.35999999999996
s07-r2-disconnect_trial-0.5,7,2,disconnect_trial,0.5,36,292.92,293.4,0.5,0.47999999999996135,294,1.52,1.5589,1.0400000000000387,1.0789000000000386,294.44
s07-r2-disconnect_trial-0.5,7,2,disconnect_trial,0.5,37,300.8,301.28,0.5,0.47999999999996135,302,1.52,1.55991,1.0400000000000387,1.0799100000000386,302.32
s07-r2-disconnect_trial-0.5,7,2,disconnect_trial,0.5,38,308.64,309.16,0.5,0.5200000000000387,310,1.52,1.5599,0.9999999999999614,1.0398999999999614,310.15999999999997
s07-r2-disconnect_trial-0.5,7,2,disconnect_trial,0.5,39,316.36,316.84,0.5,0.47999999999996135,317,1.52,1.56002,1.0400000000000387,1.0800200000000386,317.88
s07-r2-disconnect_trial-0.5,7,2,disconnect_trial,0.5,40,324.68,325.16,0.5,0.4800000000000182,326,1.52,1.55969,1.0399999999999818,1.0796899999999818,326.2
s07-r2-disconnect_trial-0.5,7,2,disconnect_trial,0.5,41,332.6,333.08,0.5,0.47999999999996135,334,1.52,1.56092,1.0400000000000387,1.0809200000000387,334.12
s07-r2-disconnect_trial-0.5,7,2,disconnect_trial,0.5,42,340.56,341.04,0.5,0.4800000000000182,342,1.52,1.55939,1.0399999999999818,1.0793899999999819,342.08
s07-r2-disconnect_trial-0.5,7,2,disconnect_trial,0.5,43,349.0,349.52,0.5,0.5199999999999818,350,1.52,1.56025,1.0000000000000182,1.040250000000018,350.52
s07-r2-disconnect_trial-0.5,7,2,disconnect_trial,0.5,44,356.64,357.16,0.5,0.5200000000000387,358,1.52,1.55954,0.9999999999999614,1.0395399999999613,358.15999999999997
s07-r2-disconnect_trial-0.5,7,2,disconnect_trial,0.5,45,364.36,364.84,0.5,0.47999999999996135,365,1.52,1.564,1.0400000000000387,1.0840000000000387,365.88
s07-r2-disconnect_trial-0.5,7,2,disconnect_trial,0.5,46,372.8,373.32,0.5,0.5199999999999818,374,1.52,1.55552,1.0000000000000182,1.0355200000000182,374.32
s07-r2-disconnect_trial-0.5,7,2,disconnect_trial,0.5,47,381.04,381.56,0.5,0.5199999999999818,382,1.52,1.55981,1.0000000000000182,1.039810000000018,382.56
s07-r2-disconnect_trial-1,7,2,disconnect_trial,1.0,0,3.0,4.0,1.0,1.0,4,1.52,1.55955,0.52,0.55955,4.52
s07-r2-disconnect_trial-1,7,2,disconnect_trial,1.0,1,11.04,12.04,1.0,1.0,12,1.52,1.56423,0.52,0.56423,12.559999999999999
s07-r2-disconnect_trial-1,7,2,disconnect_trial,1.0,2,18.72,19.72,1.0,1.0,20,1.52,1.55942,0.52,0.55942,20.24
s07-r2-disconnect_trial-1,7,2,disconnect_trial,1.0,3,26.52,27.52,1.0,1.0,28,1.52,1.55882,0.52,0.5588200000000001,28.04
s07-r2-disconnect_trial-1,7,2,disconnect_trial,1.0,4,34.56,35.56,1.0,1.0,36,1.52,1.5597,0.52,0.5597000000000001,36.080000000000005
s07-r2-disconnect_trial-1,7,2,disconnect_trial,1.0,5,43.0,44.0,1.0,1.0,44,1.52,1.55924,0.52,0.55924,44.52
s07-r2-disconnect_trial-1,7,2,disconnect_trial,1.0,6,50.64,51.64,1.0,1.0,52,1.52,1.56037,0.52,0.56037,52.160000000000004
s07-r2-disconnect_trial-1,7,2,disconnect_trial,1.0,7,58.84,59.84,1.0,1.0,60,1.52,1.55938,0.52,0.55938,60.36000000000001
s07-r2-disconnect_trial-1,7,2,disconnect_trial,1.0,8,66.56,67.56,1.0,1.0,68,1.52,1.55968,0.52,0.55968,68.08
s07-r2-disconnect_trial-1,7,2,disconnect_trial,1.0,9,74.56,75.56,1.0,1.0,76,1.52,1.56011,0.52,0.5601100000000001,76.08
s07-r2-disconnect_trial-1,7,2,disconnect_trial,1.0,10,82.2,83.2,1.0,1.0,83,1.52,1.55995,0.52,0.55995,83.72
s07-r2-disconnect_trial-1,7,2,disconnect_trial,1.0,11,89.76,90.76,1.0,1.0,91,1.52,1.56048,0.52,0.5604800000000001,91.28
s07-r2-disconnect_trial-1,7,2,disconnect_trial,1.0,12,97.68,98.68,1.0,1.0,99,1.52,1.55938,0.52,0.55938,99.2
s07-r2-disconnect_trial-1,7,2,disconnect_trial,1.0,13,105.44,106.44,1.0,1.0,106,1.52,1.5593,0.52,0.5592999999999999,106.96
s07-r2-disconnect_trial-1,7,2,disconnect_trial,1.0,14,113.32,114.32,1.0,1.0,114,1.52,1.56468,0.52,0.5646800000000001,114.83999999999999
s07-r2-disconnect_trial-1,7,2,disconnect_trial,1.0,15,121.8,122.8,1.0,1.0,123,1.52,1.56048,0.52,0.5604800000000001,123.32
s07-r2-disconnect_trial-1,7,2,disconnect_trial,1.0,16,129.8,130.8,1.0,1.0,131,1.52,1.55928,0.52,0.55928,131.32000000000002
s07-r2-disconnect_trial-1,7,2,disconnect_trial,1.0,17,138.08,139.08,1.0,1.0,139,1.52,1.56041,0.52,0.5604100000000001,139.60000000000002
s07-r2-disconnect_trial-1,7,2,disconnect_trial,1.0,18,146.24,147.24,1.0,1.0,147,1.52,1.55918,0.52,0.55918,147.76000000000002
s07-r2-disconnect_trial-1,7,2,disconnect_trial,1.0,19,154.48,155.48,1.0,1.0,156,1.52,1.56387,0.52,0.5638700000000001,156.0
s07-r2-disconnect_trial-1,7,2,disconnect_trial,1.0,20,162.76,163.76,1.0,1.0,164,1.52,1.56461,0.52,0.5646100000000001,164.28
s07-r2-disconnect_trial-1,7,2,disconnect_trial,1.0,21,171.08,172.08,1.0,1.0,172,1.52,1.55946,0.52,0.5594600000000001,172.60000000000002
s07-r2-disconnect_trial-1,7,2,disconnect_trial,1.0,22,178.72,179.72,1.0,1.0,180,1.52,1.55937,0.52,0.5593699999999999,180.24
s07-r2-disconnect_trial-1,7,2,disconnect_trial,1.0,23,186.88,187.88,1.0,1.0,188,1.52,1.55959,0.52,0.55959,188.4
s07-r2-disconnect_trial-1,7,2,disconnect_trial,1.0,24,194.68,195.68,1.0,1.0,196,1.52,1.56024,0.52,0.5602400000000001,196.20000000000002
s07-r2-disconnect_trial-1,7,2,disconnect_trial,1.0,25,202.52,203.52,1.0,1.0,204,1.52,1.55902,0.52,0.5590200000000001,204.04000000000002
s07-r2-disconnect_trial-1,7,2,disconnect_trial,1.0,26,210.92,211.92,1.0,1.0,212,1.52,1.55958,0.52,0.55958,212.44
s07-r2-disconnect_trial-1,7,2,disconnect_trial,1.0,27,218.96,219.96,1.0,1.0,220,1.52,1.55862,0.52,0.5586199999999999,220.48000000000002
s07-r2-disconnect_trial-1,7,2,disconnect_trial,1.0,28,226.84,227.84,1.0,1.0,228,1.52,1.55939,0.52,0.55939,228.36
s07-r2-disconnect_trial-1,7,2,disconnect_trial,1.0,29,234.96,235.96,1.0,1.0,236,1.52,1.56388,0.52,0.5638799999999999,236.48000000000002
s07-r2-disconnect_trial-1,7,2,disconnect_trial,1.0,30,243.24,244.24,1.0,1.0,244,1.52,1.55891,0.52,0.55891,244.76000000000002
s07-r2-disconnect_trial-1,7,2,disconnect_trial,1.0,31,251.68,252.68,1.0,1.0,253,1.52,1.56415,0.52,0.5641499999999999,253.20000000000002
s07-r2-disconnect_trial-1,7,2,disconnect_trial,1.0,32,260.04,261.04,1.0,1.0,261,1.52,1.55985,0.52,0.55985,261.56
s07-r2-disconnect_trial-1,7,2,disconnect_trial,1.0,33,268.4,269.4,1.0,1.0,269,1.52,1.55917,0.52,0.55917,269.91999999999996
s07-r2-disconnect_trial-1,7,2,disconnect_trial,1.0,34,276.56,277.56,1.0,1.0,278,1.52,1.56,0.52,0.56,278.08
s07-r2-disconnect_trial-1,7,2,disconnect_trial,1.0,35,284.84,285.84,1.0,1.0,286,1.52,1.5599,0.52,0.5599000000000001,286.35999999999996
s07-r2-disconnect_trial-1,7,2,disconnect_trial,1.0,36,292.92,293.92,1.0,1.0,294,1.52,1.56009,0.52,0.56009,294.44
s07-r2-disconnect_trial-1,7,2,disconnect_trial,1.0,37,300.8,301.8,1.0,1.0,302,1.52,1.56004,0.52,0.5600400000000001,302.32
s07-r2-disconnect_trial-1,7,2,disconnect_trial,1.0,38,308.64,309.64,1.0,1.0,310,1.52,1.55977,0.52,0.5597700000000001,310.15999999999997
s07-r2-disconnect_trial-1,7,2,disconnect_trial,1.0,39,316.36,317.36,1.0,1.0,317,1.52,1.5602,0.52,0.5602,317.88
s07-r2-disconnect_trial-1,7,2,disconnect_trial,1.0,40,324.68,325.68,1.0,1.0,326,1.52,1.5601,0.52,0.5601,326.2
s07-r2-disconnect_trial-1,7,2,disconnect_trial,1.0,41,332.6,333.6,1.0,1.0,334,1.52,1.55896,0.52,0.5589599999999999,334.12
s07-r2-disconnect_trial-1,7,2,disconnect_trial,1.0,42,340.56,341.56,1.0,1.0,342,1.52,1.56037,0.52,0.56037,342.08
s07-r2-disconnect_trial-1,7,2,disconnect_trial,1.0,43,349.0,350.0,1.0,1.0,350,1.52,1.55964,0.52,0.5596399999999999,350.52
s07-r2-disconnect_trial-1,7,2,disconnect_trial,1.0,44,356.64,357.64,1.0,1.0,358,1.52,1.56002,0.52,0.56002,358.15999999999997
s07-r2-disconnect_trial-1,7,2,disconnect_trial,1.0,45,364.36,365.36,1.0,1.0,365,1.52,1.55953,0.52,0.5595300000000001,365.88
s07-r2-disconnect_trial-1,7,2,disconnect_trial,1.0,46,372.8,373.8,1.0,1.0,374,1.52,1.55937,0.52,0.5593699999999999,374.32
s07-r2-disconnect_trial-1,7,2,disconnect_trial,1.0,47,381.04,382.04,1.0,1.0,382,1.52,1.5602,0.52,0.5602,382.56
s07-r2-disconnect_trial-2,7,2,disconnect_trial,2.0,0,3.0,5.0,2.0,2.0,5,2.52,2.55869,0.52,0.5586899999999999,5.52
s07-r2-disconnect_trial-2,7,2,disconnect_trial,2.0,1,11.04,13.04,2.0,2.0,13,2.52,2.55889,0.52,0.5588899999999999,13.559999999999999
s07-r2-disconnect_trial-2,7,2,disconnect_trial,2.0,2,18.72,20.72,2.0,2.0,21,2.52,2.55911,0.52,0.55911,21.24
s07-r2-disconnect_trial-2,7,2,disconnect_trial,2.0,3,26.52,28.52,2.0,2.0,29,2.52,2.56255,0.52,0.5625499999999999,29.04
s07-r2-disconnect_trial-2,7,2,disconnect_trial,2.0,4,34.56,36.56,2.0,2.0,37,2.52,2.56365,0.52,0.56365,37.080000000000005
s07-r2-disconnect_trial-2,7,2,disconnect_trial,2.0,5,43.0,45.0,2.0,2.0,45,2.52,2.56202,0.52,0.56202,45.52
s07-r2-disconnect_trial-2,7,2,disconnect_trial,2.0,6,50.64,52.64,2.0,2.0,53,2.52,2.55877,0.52,0.55877,53.160000000000004
s07-r2-disconnect_trial-2,7,2,disconnect_trial,2.0,7,58.84,60.84,2.0,2.0,61,2.52,2.56439,0.52,0.56439,61.36000000000001
s07-r2-disconnect_trial-2,7,2,disconnect_trial,2.0,8,66.56,68.56,2.0,2.0,69,2.52,2.55873,0.52,0.5587300000000002,69.08
s07-r2-disconnect_trial-2,7,2,disconnect_trial,2.0,9,74.56,76.56,2.0,2.0,77,2.52,2.55917,0.52,0.55917,77.08
s07-r2-disconnect_trial-2,7,2,disconnect_trial,2.0,10,82.2,84.2,2.0,2.0,84,2.52,2.5586,0.52,0.5586000000000002,84.72
s07-r2-disconnect_trial-2,7,2,disconnect_trial,2.0,11,89.76,91.76,2.0,2.0,92,2.52,2.56323,0.52,0.5632299999999999,92.28
s07-r2-disconnect_trial-2,7,2,disconnect_trial,2.0,12,97.68,99.68,2.0,2.0,100,2.52,2.5587,0.52,0.5587,100.2
s07-r2-disconnect_trial-2,7,2,disconnect_trial,2.0,13,105.44,107.44,2.0,2.0,107,2.52,2.56353,0.52,0.5635300000000001,107.96
s07-r2-disconnect_trial-2,7,2,disconnect_trial,2.0,14,113.32,115.32,2.0,2.0,115,2.52,2.56197,0.52,0.5619700000000001,115.83999999999999
s07-r2-disconnect_trial-2,7,2,disconnect_trial,2.0,15,121.8,123.8,2.0,2.0,124,2.52,2.55835,0.52,0.5583499999999999,124.32
s07-r2-disconnect_trial-2,7,2,disconnect_trial,2.0,16,129.8,131.8,2.0,2.0,132,2.52,2.5584,0.52,0.5583999999999998,132.32000000000002
s07-r2-disconnect_trial-2,7,2,disconnect_trial,2.0,17,138.08,140.08,2.0,2.0,140,2.52,2.55917,0.52,0.55917,140.60000000000002
s07-r2-disconnect_trial-2,7,2,disconnect_trial,2.0,18,146.24,148.24,2.0,2.0,148,2.52,2.56325,0.52,0.56325,148.76000000000002
s07-r2-disconnect_trial-2,7,2,disconnect_trial,2.0,19,154.48,156.48,2.0,2.0,157,2.52,2.5577,0.52,0.5577000000000001,157.0
s07-r2-disconnect_trial-2,7,2,disconnect_trial,2.0,20,162.76,164.76,2.0,2.0,165,2.52,2.5587,0.52,0.5587,165.28
s07-r2-disconnect_trial-2,7,2,disconnect_trial,2.0,21,171.08,173.08,2.0,2.0,173,2.52,2.55932,0.52,0.55932,173.60000000000002
s07-r2-disconnect_trial-2,7,2,disconnect_trial,2.0,22,178.72,180.72,2.0,2.0,181,2.52,2.55857,0.52,0.55857,181.24
s07-r2-disconnect_trial-2,7,2,disconnect_trial,2.0,23,186.88,188.88,2.0,2.0,189,2.52,2.5585,0.52,0.5585,189.4
s07-r2-disconnect_trial-2,7,2,disconnect_trial,2.0,24,194.68,196.68,2.0,2.0,197,2.52,2.56431,0.52,0.5643099999999999,197.20000000000002
s07-r2-disconnect_trial-2,7,2,disconnect_trial,2.0,25,202.52,204.52,2.0,2.0,205,2.52,2.55791,0.52,0.5579100000000001,205.04000000000002
s07-r2-disconnect_trial-2,7,2,disconnect_trial,2.0,26,210.92,212.92,2.0,2.0,213,2.52,2.56338,0.52,0.56338,213.44
s07-r2-disconnect_trial-2,7,2,disconnect_trial,2.0,27,218.96,220.96,2.0,2.0,221,2.52,2.55926,0.52,0.5592600000000001,221.48000000000002
s07-r2-disconnect_trial-2,7,2,disconnect_trial,2.0,28,226.84,228.84,2.0,2.0,229,2.52,2.56273,0.52,0.5627300000000002,229.36
s07-r2-disconnect_trial-2,7,2,disconnect_trial,2.0,29,234.96,236.96,2.0,2.0,237,2.52,2.55867,0.52,0.5586700000000002,237.48000000000002
s07-r2-disconnect_trial-2,7,2,disconnect_trial,2.0,30,243.24,245.24,2.0,2.0,245,2.52,2.5587,0.52,0.5587,245.76000000000002
s07-r2-disconnect_trial-2,7,2,disconnect_trial,2.0,31,251.68,253.68,2.0,2.0,254,2.52,2.55936,0.52,0.5593599999999999,254.20000000000002
s07-r2-disconnect_trial-2,7,2,disconnect_trial,2.0,32,260.04,262.04,2.0,2.0,262,2.52,2.55614,0.52,0.5561400000000001,262.56
s07-r2-disconnect_trial-2,7,2,disconnect_trial,2.0,33,268.4,270.4,2.0,2.0,270,2.52,2.55793,0.52,0.5579299999999998,270.91999999999996
s07-r2-disconnect_trial-2,7,2,disconnect_trial,2.0,34,276.56,278.56,2.0,2.0,279,2.52,2.55801,0.52,0.5580099999999999,279.08
s07-r2-disconnect_trial-2,7,2,disconnect_trial,2.0,35,284.84,286.84,2.0,2.0,287,2.52,2.55888,0.52,0.5588799999999998,287.35999999999996
s07-r2-disconnect_trial-2,7,2,disconnect_trial,2.0,36,292.92,294.92,2.0,2.0,295,2.52,2.55977,0.52,0.5597699999999999,295.44
s07-r2-disconnect_trial-2,7,2,disconnect_trial,2.0,37,300.8,302.8,2.0,2.0,303,2.52,2.55824,0.52,0.5582400000000001,303.32
s07-r2-disconnect_trial-2,7,2,disconnect_trial,2.0,38,308.64,310.64,2.0,2.0,311,2.52,2.55912,0.52,0.5591200000000001,311.15999999999997
s07-r2-disconnect_trial-2,7,2,disconnect_trial,2.0,39,316.36,318.36,2.0,2.0,318,2.52,2.55866,0.52,0.5586600000000002,318.88
s07-r2-disconnect_trial-2,7,2,disconnect_trial,2.0,40,324.68,326.68,2.0,2.0,327,2.52,2.55864,0.52,0.55864,327.2
s07-r2-disconnect_trial-2,7,2,disconnect_trial,2.0,41,332.6,334.6,2.0,2.0,335,2.52,2.55806,0.52,0.5580599999999998,335.12
s07-r2-disconnect_trial-2,7,2,disconnect_trial,2.0,42,340.56,342.56,2.0,2.0,343,2.52,2.5621,0.52,0.5621,343.08
s07-r2-disconnect_trial-2,7,2,disconnect_trial,2.0,43,349.0,351.0,2.0,2.0,351,2.52,2.56416,0.52,0.5641600000000002,351.52
s07-r2-disconnect_trial-2,7,2,disconnect_trial,2.0,44,356.64,358.64,2.0,2.0,359,2.52,2.5588,0.52,0.5588000000000002,359.15999999999997
s07-r2-disconnect_trial-2,7,2,disconnect_trial,2.0,45,364.36,366.36,2.0,2.0,366,2.52,2.55914,0.52,0.5591400000000002,366.88
s07-r2-disconnect_trial-2,7,2,disconnect_trial,2.0,46,372.8,374.8,2.0,2.0,375,2.52,2.56252,0.52,0.5625200000000001,375.32
s07-r2-disconnect_trial-2,7,2,disconnect_trial,2.0,47,381.04,383.04,2.0,2.0,383,2.52,2.56301,0.52,0.5630099999999998,383.56
s07-r3-disconnect-0.5,7,3,disconnect,0.5,0,90.2,90.72,0.5,0.519999999999996,91,1.52,1.55893,1.000000000000004,1.038930000000004,91.72
s07-r3-disconnect-0.5,7,3,disconnect,0.5,1,129.84,130.36,0.5,0.5200000000000102,131,1.52,1.55925,0.9999999999999898,1.0392499999999898,131.36
s07-r3-disconnect-0.5,7,3,disconnect,0.5,2,192.28,192.8,0.5,0.5200000000000102,193,1.52,1.55935,0.9999999999999898,1.0393499999999898,193.8
s07-r3-disconnect-0.5,7,3,disconnect,0.5,3,294.92,295.4,0.5,0.47999999999996135,296,1.52,1.56498,1.0400000000000387,1.0849800000000387,296.44
s07-r3-disconnect-0.5,7,3,disconnect,0.5,4,303.48,303.96,0.5,0.47999999999996135,305,1.52,1.55981,1.0400000000000387,1.0798100000000386,305.0
s07-r3-disconnect-1,7,3,disconnect,1.0,0,88.72,89.72,1.0,1.0,90,1.52,1.55987,0.52,0.5598700000000001,90.24
s07-r3-disconnect-1,7,3,disconnect,1.0,1,94.72,95.72,1.0,1.0,96,1.52,1.55935,0.52,0.55935,96.24
s07-r3-disconnect-1,7,3,disconnect,1.0,2,101.76,102.76,1.0,1.0,103,1.52,1.55945,0.52,0.55945,103.28
s07-r3-disconnect-1,7,3,disconnect,1.0,3,259.2,260.2,1.0,1.0,260,1.52,1.56028,0.52,0.5602799999999999,260.71999999999997
s07-r3-disconnect-1,7,3,disconnect,1.0,4,330.16,331.16,1.0,1.0,331,1.52,1.55912,0.52,0.5591200000000001,331.68
s07-r3-disconnect-3,7,3,disconnect,3.0,0,26.28,29.28,3.0,3.0,29,3.56,3.59827,0.56,0.5982699999999999,29.84
s07-r3-disconnect-3,7,3,disconnect,3.0,1,194.12,197.12,3.0,3.0,197,3.52,3.55699,0.52,0.5569899999999999,197.64000000000001
s07-r3-disconnect-3,7,3,disconnect,3.0,2,280.44,283.44,3.0,3.0,283,3.52,3.56287,0.52,0.5628700000000002,283.96
s07-r3-disconnect-3,7,3,disconnect,3.0,3,322.44,325.44,3.0,3.0,325,3.52,3.56219,0.52,0.5621900000000002,325.96
s07-r3-disconnect-3,7,3,disconnect,3.0,4,330.44,333.44,3.0,3.0,333,3.52,3.55663,0.52,0.5566300000000002,333.96
s07-r3-disconnect_trial-0.5,7,3,disconnect_trial,0.5,0,3.0,3.52,0.5,0.52,4,1.52,1.55996,1.0,1.03996,4.52
s07-r3-disconnect_trial-0.5,7,3,disconnect_trial,0.5,1,11.04,11.52,0.5,0.4800000000000004,12,1.52,1.55963,1.0399999999999996,1.0796299999999996,12.559999999999999
s07-r3-disconnect_trial-0.5,7,3,disconnect_trial,0.5,2,18.72,19.2,0.5,0.4800000000000004,20,1.52,1.56001,1.0399999999999996,1.0800099999999995,20.24
s07-r3-disconnect_trial-0.5,7,3,disconnect_trial,0.5,3,26.52,27.0,0.5,0.4800000000000004,28,1.52,1.55909,1.0399999999999996,1.0790899999999997,28.04
s07-r3-disconnect_trial-0.5,7,3,disconnect_trial,0.5,4,34.56,35.04,0.5,0.4799999999999969,36,1.52,1.55915,1.0400000000000031,1.0791500000000032,36.080000000000005
s07-r3-disconnect_trial-0.5,7,3,disconnect_trial,0.5,5,43.0,43.48,0.5,0.4799999999999969,44,1.52,1.55849,1.0400000000000031,1.078490000000003,44.52
s07-r3-disconnect_trial-0.5,7,3,disconnect_trial,0.5,6,50.64,51.16,0.5,0.519999999999996,52,1.52,1.55883,1.000000000000004,1.038830000000004,52.160000000000004
s07-r3-disconnect_trial-0.5,7,3,disconnect_trial,0.5,7,58.84,59.36,0.5,0.519999999999996,60,1.52,1.5596,1.000000000000004,1.039600000000004,60.36000000000001
s07-r3-disconnect_trial-0.5,7,3,disconnect_trial,0.5,8,66.56,67.08,0.5,0.519999999999996,68,1.52,1.55997,1.000000000000004,1.039970000000004,68.08
s07-r3-disconnect_trial-0.5,7,3,disconnect_trial,0.5,9,74.56,75.08,0.5,0.519999999999996,76,1.52,1.55918,1.000000000000004,1.039180000000004,76.08
s07-r3-disconnect_trial-0.5,7,3,disconnect_trial,0.5,10,82.2,82.68,0.5,0.480000000000004,83,1.52,1.55921,1.039999999999996,1.079209999999996,83.72
s07-r3-disconnect_trial-0.5,7,3,disconnect_trial,0.5,11,89.76,90.28,0.5,0.519999999999996,91,1.52,1.55965,1.000000000000004,1.039650000000004,91.28
s07-r3-disconnect_trial-0.5,7,3,disconnect_trial,0.5,12,97.68,98.16,0.5,0.47999999999998977,99,1.52,1.55943,1.0400000000000102,1.0794300000000103,99.2
s07-r3-disconnect_trial-0.5,7,3,disconnect_trial,0.5,13,105.44,105.92,0.5,0.480000000000004,106,1.52,1.55506,1.039999999999996,1.0750599999999961,106.96
s07-r3-disconnect_trial-0.5,7,3,disconnect_trial,0.5,14,113.32,113.8,0.5,0.480000000000004,114,1.52,1.55962,1.039999999999996,1.079619999999996,114.83999999999999
s07-r3-disconnect_trial-0.5,7,3,disconnect_trial,0.5,15,121.8,122.28,0.5,0.480000000000004,123,1.52,1.55986,1.039999999999996,1.079859999999996,123.32
s07-r3-disconnect_trial-0.5,7,3,disconnect_trial,0.5,16,129.8,130.32,0.5,0.5199999999999818,131,1.52,1.55908,1.0000000000000182,1.0390800000000182,131.32000000000002
s07-r3-disconnect_trial-0.5,7,3,disconnect_trial,0.5,17,138.08,138.6,0.5,0.5199999999999818,139,1.52,1.55933,1.0000000000000182,1.0393300000000183,139.60000000000002
s07-r3-disconnect_trial-0.5,7,3,disconnect_trial,0.5,18,146.24,146.72,0.5,0.47999999999998977,147,1.52,1.55954,1.0400000000000102,1.0795400000000102,147.76000000000002
s07-r3-disconnect_trial-0.5,7,3,disconnect_trial,0.5,19,154.48,155.0,0.5,0.5200000000000102,156,1.52,1.56052,0.9999999999999898,1.0405199999999897,156.0
s07-r3-disconnect_trial-0.5,7,3,disconnect_trial,0.5,20,162.76,163.28,0.5,0.5200000000000102,164,1.52,1.56427,0.9999999999999898,1.0442699999999898,164.28
s07-r3-disconnect_trial-0.5,7,3,disconnect_trial,0.5,21,171.08,171.6,0.5,0.5199999999999818,172,1.52,1.55909,1.0000000000000182,1.0390900000000183,172.60000000000002
s07-r3-disconnect_trial-0.5,7,3,disconnect_trial,0.5,22,178.72,179.24,0.5,0.5200000000000102,180,1.52,1.55906,0.9999999999999898,1.0390599999999897,180.24
s07-r3-disconnect_trial-0.5,7,3,disconnect_trial,0.5,23,186.88,187.36,0.5,0.4800000000000182,188,1.52,1.55936,1.0399999999999818,1.079359999999982,188.4
s07-r3-disconnect_trial-0.5,7,3,disconnect_trial,0.5,24,194.68,195.16,0.5,0.47999999999998977,196,1.52,1.55989,1.0400000000000102,1.0798900000000102,196.20000000000002
s07-r3-disconnect_trial-0.5,7,3,disconnect_trial,0.5,25,202.52,203.0,0.5,0.47999999999998977,204,1.52,1.55964,1.0400000000000102,1.0796400000000101,204.04000000000002
s07-r3-disconnect_trial-0.5,7,3,disconnect_trial,0.5,26,210.92,211.44,0.5,0.5200000000000102,212,1.52,1.55994,0.9999999999999898,1.0399399999999899,212.44
s07-r3-disconnect_trial-0.5,7,3,disconnect_trial,0.5,27,218.96,219.44,0.5,0.47999999999998977,220,1.52,1.56414,1.0400000000000102,1.0841400000000103,220.48000000000002
s07-r3-disconnect_trial-0.5,7,3,disconnect_trial,0.5,28,226.84,227.36,0.5,0.5200000000000102,228,1.52,1.56001,0.9999999999999898,1.0400099999999897,228.36
s07-r3-disconnect_trial-0.5,7,3,disconnect_trial,0.5,29,234.96,235.44,0.5,0.47999999999998977,236,1.52,1.55901,1.0400000000000102,1.0790100000000102,236.48000000000002
s07-r3-disconnect_trial-0.5,7,3,disconnect_trial,0.5,30,243.24,243.72,0.5,0.47999999999998977,244,1.52,1.55911,1.0400000000000102,1.0791100000000102,244.76000000000002
s07-r3-disconnect_trial-0.5,7,3,disconnect_trial,0.5,31,251.68,252.16,0.5,0.47999999999998977,253,1.52,1.55999,1.0400000000000102,1.0799900000000102,253.20000000000002
s07-r3-disconnect_trial-0.5,7,3,disconnect_trial,0.5,32,260.04,260.52,0.5,0.47999999999996135,261,1.52,1.55955,1.0400000000000387,1.0795500000000386,261.56
s07-r3-disconnect_trial-0.5,7,3,disconnect_trial,0.5,33,268.4,268.88,0.5,0.4800000000000182,269,1.52,1.55906,1.0399999999999818,1.0790599999999817,269.91999999999996
s07-r3-disconnect_trial-0.5,7,3,disconnect_trial,0.5,34,276.56,277.08,0.5,0.5199999999999818,278,1.52,1.55882,1.0000000000000182,1.0388200000000183,278.08
s07-r3-disconnect_trial-0.5,7,3,disconnect_trial,0.5,35,284.84,285.32,0.5,0.4800000000000182,286,1.52,1.5594,1.0399999999999818,1.0793999999999817,286.35999999999996
s07-r3-disconnect_trial-0.5,7,3,disconnect_trial,0.5,36,292.92,293.4,0.5,0.47999999999996135,294,1.52,1.55968,1.0400000000000387,1.0796800000000386,294.44
s07-r3-disconnect_trial-0.5,7,3,disconnect_trial,0.5,37,300.8,301.28,0.5,0.47999999999996135,302,1.52,1.55961,1.0400000000000387,1.0796100000000386,302.32
s07-r3-disconnect_trial-0.5,7,3,disconnect_trial,0.5,38,308.64,309.16,0.5,0.5200000000000387,310,1.52,1.55923,0.9999999999999614,1.0392299999999612,310.15999999999997
s07-r3-disconnect_trial-0.5,7,3,disconnect_trial,0.5,39,316.36,316.84,0.5,0.47999999999996135,317,1.52,1.55989,1.0400000000000387,1.0798900000000387,317.88
s07-r3-disconnect_trial-0.5,7,3,disconnect_trial,0.5,40,324.68,325.16,0.5,0.4800000000000182,326,1.52,1.5644,1.0399999999999818,1.0843999999999818,326.2
s07-r3-disconnect_trial-0.5,7,3,disconnect_trial,0.5,41,332.6,333.08,0.5,0.47999999999996135,334,1.52,1.5596,1.0400000000000387,1.0796000000000388,334.12
s07-r3-disconnect_trial-0.5,7,3,disconnect_trial,0.5,42,340.56,341.04,0.5,0.4800000000000182,342,1.52,1.56467,1.0399999999999818,1.0846699999999818,342.08
s07-r3-disconnect_trial-0.5,7,3,disconnect_trial,0.5,43,349.0,349.52,0.5,0.5199999999999818,350,1.52,1.55927,1.0000000000000182,1.0392700000000181,350.52
s07-r3-disconnect_trial-0.5,7,3,disconnect_trial,0.5,44,356.64,357.16,0.5,0.5200000000000387,358,1.52,1.55931,0.9999999999999614,1.0393099999999613,358.15999999999997
s07-r3-disconnect_trial-0.5,7,3,disconnect_trial,0.5,45,364.36,364.84,0.5,0.47999999999996135,365,1.52,1.56417,1.0400000000000387,1.0841700000000387,365.88
s07-r3-disconnect_trial-0.5,7,3,disconnect_trial,0.5,46,372.8,373.32,0.5,0.5199999999999818,374,1.52,1.55956,1.0000000000000182,1.0395600000000182,374.32
s07-r3-disconnect_trial-0.5,7,3,disconnect_trial,0.5,47,381.04,381.56,0.5,0.5199999999999818,382,1.52,1.55978,1.0000000000000182,1.0397800000000181,382.56
s07-r3-disconnect_trial-1,7,3,disconnect_trial,1.0,0,3.0,4.0,1.0,1.0,4,1.52,1.55928,0.52,0.55928,4.52
s07-r3-disconnect_trial-1,7,3,disconnect_trial,1.0,1,11.04,12.04,1.0,1.0,12,1.52,1.55988,0.52,0.5598799999999999,12.559999999999999
s07-r3-disconnect_trial-1,7,3,disconnect_trial,1.0,2,18.72,19.72,1.0,1.0,20,1.52,1.55955,0.52,0.55955,20.24
s07-r3-disconnect_trial-1,7,3,disconnect_trial,1.0,3,26.52,27.52,1.0,1.0,28,1.52,1.55945,0.52,0.55945,28.04
s07-r3-disconnect_trial-1,7,3,disconnect_trial,1.0,4,34.56,35.56,1.0,1.0,36,1.52,1.55965,0.52,0.55965,36.080000000000005
s07-r3-disconnect_trial-1,7,3,disconnect_trial,1.0,5,43.0,44.0,1.0,1.0,44,1.52,1.55957,0.52,0.5595699999999999,44.52
s07-r3-disconnect_trial-1,7,3,disconnect_trial,1.0,6,50.64,51.64,1.0,1.0,52,1.52,1.55995,0.52,0.55995,52.160000000000004
s07-r3-disconnect_trial-1,7,3,disconnect_trial,1.0,7,58.84,59.84,1.0,1.0,60,1.52,1.55965,0.52,0.55965,60.36000000000001
s07-r3-disconnect_trial-1,7,3,disconnect_trial,1.0,8,66.56,67.56,1.0,1.0,68,1.52,1.55935,0.52,0.55935,68.08
s07-r3-disconnect_trial-1,7,3,disconnect_trial,1.0,9,74.56,75.56,1.0,1.0,76,1.52,1.56033,0.52,0.56033,76.08
s07-r3-disconnect_trial-1,7,3,disconnect_trial,1.0,10,82.2,83.2,1.0,1.0,83,1.52,1.55944,0.52,0.5594399999999999,83.72
s07-r3-disconnect_trial-1,7,3,disconnect_trial,1.0,11,89.76,90.76,1.0,1.0,91,1.52,1.55949,0.52,0.55949,91.28
s07-r3-disconnect_trial-1,7,3,disconnect_trial,1.0,12,97.68,98.68,1.0,1.0,99,1.52,1.55938,0.52,0.55938,99.2
s07-r3-disconnect_trial-1,7,3,disconnect_trial,1.0,13,105.44,106.44,1.0,1.0,106,1.52,1.55944,0.52,0.5594399999999999,106.96
s07-r3-disconnect_trial-1,7,3,disconnect_trial,1.0,14,113.32,114.32,1.0,1.0,114,1.52,1.55978,0.52,0.5597799999999999,114.83999999999999
s07-r3-disconnect_trial-1,7,3,disconnect_trial,1.0,15,121.8,122.8,1.0,1.0,123,1.52,1.5602,0.52,0.5602,123.32
s07-r3-disconnect_trial-1,7,3,disconnect_trial,1.0,16,129.8,130.8,1.0,1.0,131,1.52,1.56021,0.52,0.5602100000000001,131.32000000000002
s07-r3-disconnect_trial-1,7,3,disconnect_trial,1.0,17,138.08,139.08,1.0,1.0,139,1.52,1.56015,0.52,0.5601499999999999,139.60000000000002
s07-r3-disconnect_trial-1,7,3,disconnect_trial,1.0,18,146.24,147.24,1.0,1.0,147,1.52,1.564,0.52,0.5640000000000001,147.76000000000002
s07-r3-disconnect_trial-1,7,3,disconnect_trial,1.0,19,154.48,155.48,1.0,1.0,156,1.52,1.55967,0.52,0.5596699999999999,156.0
s07-r3-disconnect_trial-1,7,3,disconnect_trial,1.0,20,162.76,163.76,1.0,1.0,164,1.52,1.55516,0.52,0.5551600000000001,164.28
s07-r3-disconnect_trial-1,7,3,disconnect_trial,1.0,21,171.08,172.08,1.0,1.0,172,1.52,1.55953,0.52,0.5595300000000001,172.60000000000002
s07-r3-disconnect_trial-1,7,3,disconnect_trial,1.0,22,178.72,179.72,1.0,1.0,180,1.52,1.56009,0.52,0.56009,180.24
s07-r3-disconnect_trial-1,7,3,disconnect_trial,1.0,23,186.88,187.88,1.0,1.0,188,1.52,1.55933,0.52,0.5593300000000001,188.4
s07-r3-disconnect_trial-1,7,3,disconnect_trial,1.0,24,194.68,195.68,1.0,1.0,196,1.52,1.56109,0.52,0.5610900000000001,196.20000000000002
s07-r3-disconnect_trial-1,7,3,disconnect_trial,1.0,25,202.52,203.52,1.0,1.0,204,1.52,1.56037,0.52,0.56037,204.04000000000002
s07-r3-disconnect_trial-1,7,3,disconnect_trial,1.0,26,210.92,211.92,1.0,1.0,212,1.52,1.5595,0.52,0.5595000000000001,212.44
s07-r3-disconnect_trial-1,7,3,disconnect_trial,1.0,27,218.96,219.96,1.0,1.0,220,1.52,1.55988,0.52,0.5598799999999999,220.48000000000002
s07-r3-disconnect_trial-1,7,3,disconnect_trial,1.0,28,226.84,227.84,1.0,1.0,228,1.52,1.55918,0.52,0.55918,228.36
s07-r3-disconnect_trial-1,7,3,disconnect_trial,1.0,29,234.96,235.96,1.0,1.0,236,1.52,1.56066,0.52,0.5606599999999999,236.48000000000002
s07-r3-disconnect_trial-1,7,3,disconnect_trial,1.0,30,243.24,244.24,1.0,1.0,244,1.52,1.55928,0.52,0.55928,244.76000000000002
s07-r3-disconnect_trial-1,7,3,disconnect_trial,1.0,31,251.68,252.68,1.0,1.0,253,1.52,1.55997,0.52,0.5599700000000001,253.20000000000002
s07-r3-disconnect_trial-1,7,3,disconnect_trial,1.0,32,260.04,261.04,1.0,1.0,261,1.52,1.56015,0.52,0.5601499999999999,261.56
s07-r3-disconnect_trial-1,7,3,disconnect_trial,1.0,33,268.4,269.4,1.0,1.0,269,1.52,1.55947,0.52,0.5594699999999999,269.91999999999996
s07-r3-disconnect_trial-1,7,3,disconnect_trial,1.0,34,276.56,277.56,1.0,1.0,278,1.52,1.55993,0.52,0.55993,278.08
s07-r3-disconnect_trial-1,7,3,disconnect_trial,1.0,35,284.84,285.84,1.0,1.0,286,1.52,1.55992,0.52,0.55992,286.35999999999996
s07-r3-disconnect_trial-1,7,3,disconnect_trial,1.0,36,292.92,293.92,1.0,1.0,294,1.52,1.55944,0.52,0.5594399999999999,294.44
s07-r3-disconnect_trial-1,7,3,disconnect_trial,1.0,37,300.8,301.8,1.0,1.0,302,1.52,1.55951,0.52,0.55951,302.32
s07-r3-disconnect_trial-1,7,3,disconnect_trial,1.0,38,308.64,309.64,1.0,1.0,310,1.52,1.55955,0.52,0.55955,310.15999999999997
s07-r3-disconnect_trial-1,7,3,disconnect_trial,1.0,39,316.36,317.36,1.0,1.0,317,1.52,1.5603,0.52,0.5603,317.88
s07-r3-disconnect_trial-1,7,3,disconnect_trial,1.0,40,324.68,325.68,1.0,1.0,326,1.52,1.55933,0.52,0.5593300000000001,326.2
s07-r3-disconnect_trial-1,7,3,disconnect_trial,1.0,41,332.6,333.6,1.0,1.0,334,1.52,1.55971,0.52,0.5597099999999999,334.12
s07-r3-disconnect_trial-1,7,3,disconnect_trial,1.0,42,340.56,341.56,1.0,1.0,342,1.52,1.56003,0.52,0.56003,342.08
s07-r3-disconnect_trial-1,7,3,disconnect_trial,1.0,43,349.0,350.0,1.0,1.0,350,1.52,1.55972,0.52,0.55972,350.52
s07-r3-disconnect_trial-1,7,3,disconnect_trial,1.0,44,356.64,357.64,1.0,1.0,358,1.52,1.56002,0.52,0.56002,358.15999999999997
s07-r3-disconnect_trial-1,7,3,disconnect_trial,1.0,45,364.36,365.36,1.0,1.0,365,1.52,1.55959,0.52,0.55959,365.88
s07-r3-disconnect_trial-1,7,3,disconnect_trial,1.0,46,372.8,373.8,1.0,1.0,374,1.52,1.55902,0.52,0.5590200000000001,374.32
s07-r3-disconnect_trial-1,7,3,disconnect_trial,1.0,47,381.04,382.04,1.0,1.0,382,1.52,1.55989,0.52,0.55989,382.56
s07-r3-disconnect_trial-2,7,3,disconnect_trial,2.0,0,3.0,5.0,2.0,2.0,5,2.52,2.56003,0.52,0.5600299999999998,5.52
s07-r3-disconnect_trial-2,7,3,disconnect_trial,2.0,1,11.04,13.04,2.0,2.0,13,2.52,2.56257,0.52,0.56257,13.559999999999999
s07-r3-disconnect_trial-2,7,3,disconnect_trial,2.0,2,18.72,20.72,2.0,2.0,21,2.52,2.5585,0.52,0.5585,21.24
s07-r3-disconnect_trial-2,7,3,disconnect_trial,2.0,3,26.52,28.52,2.0,2.0,29,2.52,2.55911,0.52,0.55911,29.04
s07-r3-disconnect_trial-2,7,3,disconnect_trial,2.0,4,34.56,36.56,2.0,2.0,37,2.52,2.55825,0.52,0.5582500000000001,37.080000000000005
s07-r3-disconnect_trial-2,7,3,disconnect_trial,2.0,5,43.0,45.0,2.0,2.0,45,2.52,2.5582,0.52,0.5581999999999998,45.52
s07-r3-disconnect_trial-2,7,3,disconnect_trial,2.0,6,50.64,52.64,2.0,2.0,53,2.52,2.55747,0.52,0.5574699999999999,53.160000000000004
s07-r3-disconnect_trial-2,7,3,disconnect_trial,2.0,7,58.84,60.84,2.0,2.0,61,2.52,2.55866,0.52,0.5586600000000002,61.36000000000001
s07-r3-disconnect_trial-2,7,3,disconnect_trial,2.0,8,66.56,68.56,2.0,2.0,69,2.52,2.56257,0.52,0.56257,69.08
s07-r3-disconnect_trial-2,7,3,disconnect_trial,2.0,9,74.56,76.56,2.0,2.0,77,2.52,2.55744,0.52,0.5574400000000002,77.08
s07-r3-disconnect_trial-2,7,3,disconnect_trial,2.0,10,82.2,84.2,2.0,2.0,84,2.52,2.55757,0.52,0.5575700000000001,84.72
s07-r3-disconnect_trial-2,7,3,disconnect_trial,2.0,11,89.76,91.76,2.0,2.0,92,2.52,2.55784,0.52,0.5578400000000001,92.28
s07-r3-disconnect_trial-2,7,3,disconnect_trial,2.0,12,97.68,99.68,2.0,2.0,100,2.52,2.55872,0.52,0.5587200000000001,100.2
s07-r3-disconnect_trial-2,7,3,disconnect_trial,2.0,13,105.44,107.44,2.0,2.0,107,2.52,2.5635,0.52,0.5634999999999999,107.96
s07-r3-disconnect_trial-2,7,3,disconnect_trial,2.0,14,113.32,115.32,2.0,2.0,115,2.52,2.55853,0.52,0.5585300000000002,115.83999999999999
s07-r3-disconnect_trial-2,7,3,disconnect_trial,2.0,15,121.8,123.8,2.0,2.0,124,2.52,2.55861,0.52,0.5586099999999998,124.32
s07-r3-disconnect_trial-2,7,3,disconnect_trial,2.0,16,129.8,131.8,2.0,2.0,132,2.52,2.55829,0.52,0.55829,132.32000000000002
s07-r3-disconnect_trial-2,7,3,disconnect_trial,2.0,17,138.08,140.08,2.0,2.0,140,2.52,2.56292,0.52,0.5629200000000001,140.60000000000002
s07-r3-disconnect_trial-2,7,3,disconnect_trial,2.0,18,146.24,148.24,2.0,2.0,148,2.52,2.56379,0.52,0.56379,148.76000000000002
s07-r3-disconnect_trial-2,7,3,disconnect_trial,2.0,19,154.48,156.48,2.0,2.0,157,2.52,2.55918,0.52,0.55918,157.0
s07-r3-disconnect_trial-2,7,3,disconnect_trial,2.0,20,162.76,164.76,2.0,2.0,165,2.52,2.56356,0.52,0.5635599999999998,165.28
s07-r3-disconnect_trial-2,7,3,disconnect_trial,2.0,21,171.08,173.08,2.0,2.0,173,2.52,2.55862,0.52,0.5586199999999999,173.60000000000002
s07-r3-disconnect_trial-2,7,3,disconnect_trial,2.0,22,178.72,180.72,2.0,2.0,181,2.52,2.55844,0.52,0.55844,181.24
s07-r3-disconnect_trial-2,7,3,disconnect_trial,2.0,23,186.88,188.88,2.0,2.0,189,2.52,2.55832,0.52,0.5583200000000001,189.4
s07-r3-disconnect_trial-2,7,3,disconnect_trial,2.0,24,194.68,196.68,2.0,2.0,197,2.52,2.55833,0.52,0.5583300000000002,197.20000000000002
s07-r3-disconnect_trial-2,7,3,disconnect_trial,2.0,25,202.52,204.52,2.0,2.0,205,2.52,2.55775,0.52,0.55775,205.04000000000002
s07-r3-disconnect_trial-2,7,3,disconnect_trial,2.0,26,210.92,212.92,2.0,2.0,213,2.52,2.55796,0.52,0.55796,213.44
s07-r3-disconnect_trial-2,7,3,disconnect_trial,2.0,27,218.96,220.96,2.0,2.0,221,2.52,2.56348,0.52,0.5634800000000002,221.48000000000002
s07-r3-disconnect_trial-2,7,3,disconnect_trial,2.0,28,226.84,228.84,2.0,2.0,229,2.52,2.56316,0.52,0.5631599999999999,229.36
s07-r3-disconnect_trial-2,7,3,disconnect_trial,2.0,29,234.96,236.96,2.0,2.0,237,2.52,2.56229,0.52,0.56229,237.48000000000002
s07-r3-disconnect_trial-2,7,3,disconnect_trial,2.0,30,243.24,245.24,2.0,2.0,245,2.52,2.5578,0.52,0.5577999999999999,245.76000000000002
s07-r3-disconnect_trial-2,7,3,disconnect_trial,2.0,31,251.68,253.68,2.0,2.0,254,2.52,2.56334,0.52,0.5633400000000002,254.20000000000002
s07-r3-disconnect_trial-2,7,3,disconnect_trial,2.0,32,260.04,262.04,2.0,2.0,262,2.52,2.55907,0.52,0.5590700000000002,262.56
s07-r3-disconnect_trial-2,7,3,disconnect_trial,2.0,33,268.4,270.4,2.0,2.0,270,2.52,2.56222,0.52,0.5622199999999999,270.91999999999996
s07-r3-disconnect_trial-2,7,3,disconnect_trial,2.0,34,276.56,278.56,2.0,2.0,279,2.52,2.55863,0.52,0.55863,279.08
s07-r3-disconnect_trial-2,7,3,disconnect_trial,2.0,35,284.84,286.84,2.0,2.0,287,2.52,2.56386,0.52,0.56386,287.35999999999996
s07-r3-disconnect_trial-2,7,3,disconnect_trial,2.0,36,292.92,294.92,2.0,2.0,295,2.52,2.55912,0.52,0.5591200000000001,295.44
s07-r3-disconnect_trial-2,7,3,disconnect_trial,2.0,37,300.8,302.8,2.0,2.0,303,2.52,2.55959,0.52,0.55959,303.32
s07-r3-disconnect_trial-2,7,3,disconnect_trial,2.0,38,308.64,310.64,2.0,2.0,311,2.52,2.55722,0.52,0.55722,311.15999999999997
s07-r3-disconnect_trial-2,7,3,disconnect_trial,2.0,39,316.36,318.36,2.0,2.0,318,2.52,2.56282,0.52,0.5628199999999999,318.88
s07-r3-disconnect_trial-2,7,3,disconnect_trial,2.0,40,324.68,326.68,2.0,2.0,327,2.52,2.55901,0.52,0.5590099999999998,327.2
s07-r3-disconnect_trial-2,7,3,disconnect_trial,2.0,41,332.6,334.6,2.0,2.0,335,2.52,2.55868,0.52,0.5586799999999998,335.12
s07-r3-disconnect_trial-2,7,3,disconnect_trial,2.0,42,340.56,342.56,2.0,2.0,343,2.52,2.55802,0.52,0.55802,343.08
s07-r3-disconnect_trial-2,7,3,disconnect_trial,2.0,43,349.0,351.0,2.0,2.0,351,2.52,2.5632,0.52,0.5632000000000001,351.52
s07-r3-disconnect_trial-2,7,3,disconnect_trial,2.0,44,356.64,358.64,2.0,2.0,359,2.52,2.55777,0.52,0.5577700000000001,359.15999999999997
s07-r3-disconnect_trial-2,7,3,disconnect_trial,2.0,45,364.36,366.36,2.0,2.0,366,2.52,2.55762,0.52,0.55762,366.88
s07-r3-disconnect_trial-2,7,3,disconnect_trial,2.0,46,372.8,374.8,2.0,2.0,375,2.52,2.55977,0.52,0.5597699999999999,375.32
s07-r3-disconnect_trial-2,7,3,disconnect_trial,2.0,47,381.04,383.04,2.0,2.0,383,2.52,2.56269,0.52,0.5626899999999999,383.56
s07-r4-disconnect-0.5,7,4,disconnect,0.5,0,31.24,31.72,0.5,0.4800000000000004,32,1.52,1.55972,1.0399999999999996,1.0797199999999996,32.76
s07-r4-disconnect-0.5,7,4,disconnect,0.5,1,290.8,291.28,0.5,0.47999999999996135,292,1.52,1.55954,1.0400000000000387,1.0795400000000386,292.32
s07-r4-disconnect-0.5,7,4,disconnect,0.5,2,302.24,302.72,0.5,0.4800000000000182,303,1.52,1.55952,1.0399999999999818,1.0795199999999818,303.76
s07-r4-disconnect-0.5,7,4,disconnect,0.5,3,325.08,325.56,0.5,0.4800000000000182,326,1.52,1.56002,1.0399999999999818,1.0800199999999818,326.59999999999997
s07-r4-disconnect-0.5,7,4,disconnect,0.5,4,349.92,350.4,0.5,0.47999999999996135,351,1.52,1.5595,1.0400000000000387,1.0795000000000388,351.44
s07-r4-disconnect-1,7,4,disconnect,1.0,0,25.64,26.64,1.0,1.0,27,1.52,1.55928,0.52,0.55928,27.16
s07-r4-disconnect-1,7,4,disconnect,1.0,1,79.68,80.68,1.0,1.0,81,1.52,1.55879,0.52,0.5587899999999999,81.2
s07-r4-disconnect-1,7,4,disconnect,1.0,2,146.24,147.24,1.0,1.0,147,1.52,1.56113,0.52,0.5611299999999999,147.76000000000002
s07-r4-disconnect-1,7,4,disconnect,1.0,3,203.68,204.68,1.0,1.0,205,1.52,1.55949,0.52,0.55949,205.20000000000002
s07-r4-disconnect-1,7,4,disconnect,1.0,4,338.96,339.96,1.0,1.0,340,1.52,1.56414,0.52,0.5641400000000001,340.47999999999996
s07-r4-disconnect-3,7,4,disconnect,3.0,0,113.12,116.12,3.0,3.0,116,3.52,3.55822,0.52,0.5582199999999999,116.64
s07-r4-disconnect-3,7,4,disconnect,3.0,1,204.88,207.88,3.0,3.0,208,3.52,3.56307,0.52,0.5630700000000002,208.4
s07-r4-disconnect-3,7,4,disconnect,3.0,2,257.24,260.24,3.0,3.0,260,3.52,3.56165,0.52,0.5616500000000002,260.76
s07-r4-disconnect-3,7,4,disconnect,3.0,3,291.88,294.88,3.0,3.0,295,3.52,3.55858,0.52,0.5585800000000001,295.4
s07-r4-disconnect-3,7,4,disconnect,3.0,4,364.52,367.52,3.0,3.0,368,3.52,3.56295,0.52,0.5629499999999998,368.03999999999996
s07-r4-disconnect_trial-0.5,7,4,disconnect_trial,0.5,0,3.0,3.52,0.5,0.52,4,1.52,1.56003,1.0,1.04003,4.52
s07-r4-disconnect_trial-0.5,7,4,disconnect_trial,0.5,1,11.04,11.52,0.5,0.4800000000000004,12,1.52,1.55945,1.0399999999999996,1.0794499999999996,12.559999999999999
s07-r4-disconnect_trial-0.5,7,4,disconnect_trial,0.5,2,18.72,19.2,0.5,0.4800000000000004,20,1.52,1.56016,1.0399999999999996,1.0801599999999996,20.24
s07-r4-disconnect_trial-0.5,7,4,disconnect_trial,0.5,3,26.52,27.0,0.5,0.4800000000000004,28,1.52,1.55971,1.0399999999999996,1.0797099999999995,28.04
s07-r4-disconnect_trial-0.5,7,4,disconnect_trial,0.5,4,34.56,35.04,0.5,0.4799999999999969,36,1.52,1.55919,1.0400000000000031,1.0791900000000032,36.080000000000005
s07-r4-disconnect_trial-0.5,7,4,disconnect_trial,0.5,5,43.0,43.48,0.5,0.4799999999999969,44,1.52,1.56411,1.0400000000000031,1.084110000000003,44.52
s07-r4-disconnect_trial-0.5,7,4,disconnect_trial,0.5,6,50.64,51.16,0.5,0.519999999999996,52,1.52,1.56424,1.000000000000004,1.044240000000004,52.160000000000004
s07-r4-disconnect_trial-0.5,7,4,disconnect_trial,0.5,7,58.84,59.36,0.5,0.519999999999996,60,1.52,1.56425,1.000000000000004,1.044250000000004,60.36000000000001
s07-r4-disconnect_trial-0.5,7,4,disconnect_trial,0.5,8,66.56,67.08,0.5,0.519999999999996,68,1.52,1.55873,1.000000000000004,1.038730000000004,68.08
s07-r4-disconnect_trial-0.5,7,4,disconnect_trial,0.5,9,74.56,75.08,0.5,0.519999999999996,76,1.52,1.56035,1.000000000000004,1.0403500000000039,76.08
s07-r4-disconnect_trial-0.5,7,4,disconnect_trial,0.5,10,82.2,82.68,0.5,0.480000000000004,83,1.52,1.55882,1.039999999999996,1.0788199999999961,83.72
s07-r4-disconnect_trial-0.5,7,4,disconnect_trial,0.5,11,89.76,90.28,0.5,0.519999999999996,91,1.52,1.55935,1.000000000000004,1.039350000000004,91.28
s07-r4-disconnect_trial-0.5,7,4,disconnect_trial,0.5,12,97.68,98.16,0.5,0.47999999999998977,99,1.52,1.55525,1.0400000000000102,1.0752500000000103,99.2
s07-r4-disconnect_trial-0.5,7,4,disconnect_trial,0.5,13,105.44,105.92,0.5,0.480000000000004,106,1.52,1.55939,1.039999999999996,1.079389999999996,106.96
s07-r4-disconnect_trial-0.5,7,4,disconnect_trial,0.5,14,113.32,113.8,0.5,0.480000000000004,114,1.52,1.55973,1.039999999999996,1.079729999999996,114.83999999999999
s07-r4-disconnect_trial-0.5,7,4,disconnect_trial,0.5,15,121.8,122.28,0.5,0.480000000000004,123,1.52,1.55974,1.039999999999996,1.079739999999996,123.32
s07-r4-disconnect_trial-0.5,7,4,disconnect_trial,0.5,16,129.8,130.32,0.5,0.5199999999999818,131,1.52,1.55982,1.0000000000000182,1.0398200000000182,131.32000000000002
s07-r4-disconnect_trial-0.5,7,4,disconnect_trial,0.5,17,138.08,138.6,0.5,0.5199999999999818,139,1.52,1.55888,1.0000000000000182,1.0388800000000182,139.60000000000002
s07-r4-disconnect_trial-0.5,7,4,disconnect_trial,0.5,18,146.24,146.72,0.5,0.47999999999998977,147,1.52,1.55983,1.0400000000000102,1.0798300000000103,147.76000000000002
s07-r4-disconnect_trial-0.5,7,4,disconnect_trial,0.5,19,154.48,155.0,0.5,0.5200000000000102,156,1.52,1.56047,0.9999999999999898,1.0404699999999898,156.0
s07-r4-disconnect_trial-0.5,7,4,disconnect_trial,0.5,20,162.76,163.28,0.5,0.5200000000000102,164,1.52,1.56389,0.9999999999999898,1.0438899999999898,164.28
s07-r4-disconnect_trial-0.5,7,4,disconnect_trial,0.5,21,171.08,171.6,0.5,0.5199999999999818,172,1.52,1.55923,1.0000000000000182,1.039230000000018,172.60000000000002
s07-r4-disconnect_trial-0.5,7,4,disconnect_trial,0.5,22,178.72,179.24,0.5,0.5200000000000102,180,1.52,1.56479,0.9999999999999898,1.0447899999999897,180.24
s07-r4-disconnect_trial-0.5,7,4,disconnect_trial,0.5,23,186.88,187.36,0.5,0.4800000000000182,188,1.52,1.56008,1.0399999999999818,1.0800799999999817,188.4
s07-r4-disconnect_trial-0.5,7,4,disconnect_trial,0.5,24,194.68,195.16,0.5,0.47999999999998977,196,1.52,1.55957,1.0400000000000102,1.0795700000000101,196.20000000000002
s07-r4-disconnect_trial-0.5,7,4,disconnect_trial,0.5,25,202.52,203.0,0.5,0.47999999999998977,204,1.52,1.55924,1.0400000000000102,1.0792400000000102,204.04000000000002
s07-r4-disconnect_trial-0.5,7,4,disconnect_trial,0.5,26,210.92,211.44,0.5,0.5200000000000102,212,1.52,1.5603,0.9999999999999898,1.0402999999999898,212.44
s07-r4-disconnect_trial-0.5,7,4,disconnect_trial,0.5,27,218.96,219.44,0.5,0.47999999999998977,220,1.52,1.56023,1.0400000000000102,1.0802300000000102,220.48000000000002
s07-r4-disconnect_trial-0.5,7,4,disconnect_trial,0.5,28,226.84,227.36,0.5,0.5200000000000102,228,1.52,1.55993,0.9999999999999898,1.0399299999999898,228.36
s07-r4-disconnect_trial-0.5,7,4,disconnect_trial,0.5,29,234.96,235.44,0.5,0.47999999999998977,236,1.52,1.55947,1.0400000000000102,1.0794700000000101,236.48000000000002
s07-r4-disconnect_trial-0.5,7,4,disconnect_trial,0.5,30,243.24,243.72,0.5,0.47999999999998977,244,1.52,1.55929,1.0400000000000102,1.0792900000000103,244.76000000000002
s07-r4-disconnect_trial-0.5,7,4,disconnect_trial,0.5,31,251.68,252.16,0.5,0.47999999999998977,253,1.52,1.5603,1.0400000000000102,1.0803000000000103,253.20000000000002
s07-r4-disconnect_trial-0.5,7,4,disconnect_trial,0.5,32,260.04,260.52,0.5,0.47999999999996135,261,1.52,1.55915,1.0400000000000387,1.0791500000000387,261.56
s07-r4-disconnect_trial-0.5,7,4,disconnect_trial,0.5,33,268.4,268.88,0.5,0.4800000000000182,269,1.52,1.55993,1.0399999999999818,1.0799299999999818,269.91999999999996
s07-r4-disconnect_trial-0.5,7,4,disconnect_trial,0.5,34,276.56,277.08,0.5,0.5199999999999818,278,1.52,1.55979,1.0000000000000182,1.0397900000000182,278.08
s07-r4-disconnect_trial-0.5,7,4,disconnect_trial,0.5,35,284.84,285.32,0.5,0.4800000000000182,286,1.52,1.55998,1.0399999999999818,1.0799799999999817,286.35999999999996
s07-r4-disconnect_trial-0.5,7,4,disconnect_trial,0.5,36,292.92,293.4,0.5,0.47999999999996135,294,1.52,1.55991,1.0400000000000387,1.0799100000000386,294.44
s07-r4-disconnect_trial-0.5,7,4,disconnect_trial,0.5,37,300.8,301.28,0.5,0.47999999999996135,302,1.52,1.56082,1.0400000000000387,1.0808200000000387,302.32
s07-r4-disconnect_trial-0.5,7,4,disconnect_trial,0.5,38,308.64,309.16,0.5,0.5200000000000387,310,1.52,1.56009,0.9999999999999614,1.0400899999999613,310.15999999999997
s07-r4-disconnect_trial-0.5,7,4,disconnect_trial,0.5,39,316.36,316.84,0.5,0.47999999999996135,317,1.52,1.55888,1.0400000000000387,1.0788800000000387,317.88
s07-r4-disconnect_trial-0.5,7,4,disconnect_trial,0.5,40,324.68,325.16,0.5,0.4800000000000182,326,1.56,1.5998,1.0799999999999819,1.119799999999982,326.24
s07-r4-disconnect_trial-0.5,7,4,disconnect_trial,0.5,41,332.6,333.08,0.5,0.47999999999996135,334,1.52,1.5603,1.0400000000000387,1.0803000000000387,334.12
s07-r4-disconnect_trial-0.5,7,4,disconnect_trial,0.5,42,340.56,341.04,0.5,0.4800000000000182,342,1.52,1.55988,1.0399999999999818,1.0798799999999817,342.08
s07-r4-disconnect_trial-0.5,7,4,disconnect_trial,0.5,43,349.0,349.52,0.5,0.5199999999999818,350,1.52,1.55978,1.0000000000000182,1.0397800000000181,350.52
s07-r4-disconnect_trial-0.5,7,4,disconnect_trial,0.5,44,356.64,357.16,0.5,0.5200000000000387,358,1.52,1.55858,0.9999999999999614,1.0385799999999614,358.15999999999997
s07-r4-disconnect_trial-0.5,7,4,disconnect_trial,0.5,45,364.36,364.84,0.5,0.47999999999996135,365,1.52,1.56027,1.0400000000000387,1.0802700000000387,365.88
s07-r4-disconnect_trial-0.5,7,4,disconnect_trial,0.5,46,372.8,373.32,0.5,0.5199999999999818,374,1.52,1.55939,1.0000000000000182,1.0393900000000182,374.32
s07-r4-disconnect_trial-0.5,7,4,disconnect_trial,0.5,47,381.04,381.56,0.5,0.5199999999999818,382,1.52,1.56043,1.0000000000000182,1.0404300000000182,382.56
s07-r4-disconnect_trial-1,7,4,disconnect_trial,1.0,0,3.0,4.0,1.0,1.0,4,1.52,1.55967,0.52,0.5596699999999999,4.52
s07-r4-disconnect_trial-1,7,4,disconnect_trial,1.0,1,11.04,12.04,1.0,1.0,12,1.52,1.56031,0.52,0.5603100000000001,12.559999999999999
s07-r4-disconnect_trial-1,7,4,disconnect_trial,1.0,2,18.72,19.72,1.0,1.0,20,1.52,1.5601,0.52,0.5601,20.24
s07-r4-disconnect_trial-1,7,4,disconnect_trial,1.0,3,26.52,27.52,1.0,1.0,28,1.52,1.55946,0.52,0.5594600000000001,28.04
s07-r4-disconnect_trial-1,7,4,disconnect_trial,1.0,4,34.56,35.56,1.0,1.0,36,1.52,1.5602,0.52,0.5602,36.080000000000005
s07-r4-disconnect_trial-1,7,4,disconnect_trial,1.0,5,43.0,44.0,1.0,1.0,44,1.52,1.55979,0.52,0.55979,44.52
s07-r4-disconnect_trial-1,7,4,disconnect_trial,1.0,6,50.64,51.64,1.0,1.0,52,1.52,1.55876,0.52,0.5587599999999999,52.160000000000004
s07-r4-disconnect_trial-1,7,4,disconnect_trial,1.0,7,58.84,59.84,1.0,1.0,60,1.52,1.55999,0.52,0.55999,60.36000000000001
s07-r4-disconnect_trial-1,7,4,disconnect_trial,1.0,8,66.56,67.56,1.0,1.0,68,1.52,1.55982,0.52,0.55982,68.08
s07-r4-disconnect_trial-1,7,4,disconnect_trial,1.0,9,74.56,75.56,1.0,1.0,76,1.52,1.55938,0.52,0.55938,76.08
s07-r4-disconnect_trial-1,7,4,disconnect_trial,1.0,10,82.2,83.2,1.0,1.0,83,1.52,1.55895,0.52,0.5589500000000001,83.72
s07-r4-disconnect_trial-1,7,4,disconnect_trial,1.0,11,89.76,90.76,1.0,1.0,91,1.52,1.56011,0.52,0.5601100000000001,91.28
s07-r4-disconnect_trial-1,7,4,disconnect_trial,1.0,12,97.68,98.68,1.0,1.0,99,1.52,1.55986,0.52,0.55986,99.2
s07-r4-disconnect_trial-1,7,4,disconnect_trial,1.0,13,105.44,106.44,1.0,1.0,106,1.52,1.55986,0.52,0.55986,106.96
s07-r4-disconnect_trial-1,7,4,disconnect_trial,1.0,14,113.32,114.32,1.0,1.0,114,1.52,1.56042,0.52,0.5604199999999999,114.83999999999999
s07-r4-disconnect_trial-1,7,4,disconnect_trial,1.0,15,121.8,122.8,1.0,1.0,123,1.52,1.55907,0.52,0.55907,123.32
s07-r4-disconnect_trial-1,7,4,disconnect_trial,1.0,16,129.8,130.8,1.0,1.0,131,1.52,1.56474,0.52,0.56474,131.32000000000002
s07-r4-disconnect_trial-1,7,4,disconnect_trial,1.0,17,138.08,139.08,1.0,1.0,139,1.52,1.55942,0.52,0.55942,139.60000000000002
s07-r4-disconnect_trial-1,7,4,disconnect_trial,1.0,18,146.24,147.24,1.0,1.0,147,1.52,1.55909,0.52,0.5590900000000001,147.76000000000002
s07-r4-disconnect_trial-1,7,4,disconnect_trial,1.0,19,154.48,155.48,1.0,1.0,156,1.52,1.56055,0.52,0.5605500000000001,156.0
s07-r4-disconnect_trial-1,7,4,disconnect_trial,1.0,20,162.76,163.76,1.0,1.0,164,1.52,1.55976,0.52,0.55976,164.28
s07-r4-disconnect_trial-1,7,4,disconnect_trial,1.0,21,171.08,172.08,1.0,1.0,172,1.52,1.55931,0.52,0.55931,172.60000000000002
s07-r4-disconnect_trial-1,7,4,disconnect_trial,1.0,22,178.72,179.72,1.0,1.0,180,1.52,1.56457,0.52,0.56457,180.24
s07-r4-disconnect_trial-1,7,4,disconnect_trial,1.0,23,186.88,187.88,1.0,1.0,188,1.52,1.55924,0.52,0.55924,188.4
s07-r4-disconnect_trial-1,7,4,disconnect_trial,1.0,24,194.68,195.68,1.0,1.0,196,1.52,1.56024,0.52,0.5602400000000001,196.20000000000002
s07-r4-disconnect_trial-1,7,4,disconnect_trial,1.0,25,202.52,203.52,1.0,1.0,204,1.52,1.55833,0.52,0.55833,204.04000000000002
s07-r4-disconnect_trial-1,7,4,disconnect_trial,1.0,26,210.92,211.92,1.0,1.0,212,1.52,1.55981,0.52,0.5598099999999999,212.44
s07-r4-disconnect_trial-1,7,4,disconnect_trial,1.0,27,218.96,219.96,1.0,1.0,220,1.52,1.56016,0.52,0.56016,220.48000000000002
s07-r4-disconnect_trial-1,7,4,disconnect_trial,1.0,28,226.84,227.84,1.0,1.0,228,1.52,1.55918,0.52,0.55918,228.36
s07-r4-disconnect_trial-1,7,4,disconnect_trial,1.0,29,234.96,235.96,1.0,1.0,236,1.52,1.55955,0.52,0.55955,236.48000000000002
s07-r4-disconnect_trial-1,7,4,disconnect_trial,1.0,30,243.24,244.24,1.0,1.0,244,1.52,1.56003,0.52,0.56003,244.76000000000002
s07-r4-disconnect_trial-1,7,4,disconnect_trial,1.0,31,251.68,252.68,1.0,1.0,253,1.52,1.55969,0.52,0.55969,253.20000000000002
s07-r4-disconnect_trial-1,7,4,disconnect_trial,1.0,32,260.04,261.04,1.0,1.0,261,1.52,1.55992,0.52,0.55992,261.56
s07-r4-disconnect_trial-1,7,4,disconnect_trial,1.0,33,268.4,269.4,1.0,1.0,269,1.52,1.56043,0.52,0.56043,269.91999999999996
s07-r4-disconnect_trial-1,7,4,disconnect_trial,1.0,34,276.56,277.56,1.0,1.0,278,1.52,1.5598,0.52,0.5598000000000001,278.08
s07-r4-disconnect_trial-1,7,4,disconnect_trial,1.0,35,284.84,285.84,1.0,1.0,286,1.52,1.56459,0.52,0.5645899999999999,286.35999999999996
s07-r4-disconnect_trial-1,7,4,disconnect_trial,1.0,36,292.92,293.92,1.0,1.0,294,1.52,1.55982,0.52,0.55982,294.44
s07-r4-disconnect_trial-1,7,4,disconnect_trial,1.0,37,300.8,301.8,1.0,1.0,302,1.52,1.55982,0.52,0.55982,302.32
s07-r4-disconnect_trial-1,7,4,disconnect_trial,1.0,38,308.64,309.64,1.0,1.0,310,1.52,1.55984,0.52,0.5598399999999999,310.15999999999997
s07-r4-disconnect_trial-1,7,4,disconnect_trial,1.0,39,316.36,317.36,1.0,1.0,317,1.52,1.55935,0.52,0.55935,317.88
s07-r4-disconnect_trial-1,7,4,disconnect_trial,1.0,40,324.68,325.68,1.0,1.0,326,1.52,1.55929,0.52,0.5592900000000001,326.2
s07-r4-disconnect_trial-1,7,4,disconnect_trial,1.0,41,332.6,333.6,1.0,1.0,334,1.52,1.55954,0.52,0.5595399999999999,334.12
s07-r4-disconnect_trial-1,7,4,disconnect_trial,1.0,42,340.56,341.56,1.0,1.0,342,1.52,1.56,0.52,0.56,342.08
s07-r4-disconnect_trial-1,7,4,disconnect_trial,1.0,43,349.0,350.0,1.0,1.0,350,1.52,1.55961,0.52,0.5596099999999999,350.52
s07-r4-disconnect_trial-1,7,4,disconnect_trial,1.0,44,356.64,357.64,1.0,1.0,358,1.52,1.55901,0.52,0.55901,358.15999999999997
s07-r4-disconnect_trial-1,7,4,disconnect_trial,1.0,45,364.36,365.36,1.0,1.0,365,1.52,1.55931,0.52,0.55931,365.88
s07-r4-disconnect_trial-1,7,4,disconnect_trial,1.0,46,372.8,373.8,1.0,1.0,374,1.52,1.55929,0.52,0.5592900000000001,374.32
s07-r4-disconnect_trial-1,7,4,disconnect_trial,1.0,47,381.04,382.04,1.0,1.0,382,1.52,1.55974,0.52,0.5597399999999999,382.56
s07-r4-disconnect_trial-2,7,4,disconnect_trial,2.0,0,3.0,5.0,2.0,2.0,5,2.52,2.55841,0.52,0.5584099999999999,5.52
s07-r4-disconnect_trial-2,7,4,disconnect_trial,2.0,1,11.04,13.04,2.0,2.0,13,2.52,2.56314,0.52,0.5631400000000002,13.559999999999999
s07-r4-disconnect_trial-2,7,4,disconnect_trial,2.0,2,18.72,20.72,2.0,2.0,21,2.52,2.55893,0.52,0.5589300000000001,21.24
s07-r4-disconnect_trial-2,7,4,disconnect_trial,2.0,3,26.52,28.52,2.0,2.0,29,2.52,2.55821,0.52,0.5582099999999999,29.04
s07-r4-disconnect_trial-2,7,4,disconnect_trial,2.0,4,34.56,36.56,2.0,2.0,37,2.52,2.55802,0.52,0.55802,37.080000000000005
s07-r4-disconnect_trial-2,7,4,disconnect_trial,2.0,5,43.0,45.0,2.0,2.0,45,2.52,2.55817,0.52,0.55817,45.52
s07-r4-disconnect_trial-2,7,4,disconnect_trial,2.0,6,50.64,52.64,2.0,2.0,53,2.52,2.56403,0.52,0.5640299999999998,53.160000000000004
s07-r4-disconnect_trial-2,7,4,disconnect_trial,2.0,7,58.84,60.84,2.0,2.0,61,2.52,2.55845,0.52,0.5584500000000001,61.36000000000001
s07-r4-disconnect_trial-2,7,4,disconnect_trial,2.0,8,66.56,68.56,2.0,2.0,69,2.52,2.56013,0.52,0.56013,69.08
s07-r4-disconnect_trial-2,7,4,disconnect_trial,2.0,9,74.56,76.56,2.0,2.0,77,2.52,2.56318,0.52,0.56318,77.08
s07-r4-disconnect_trial-2,7,4,disconnect_trial,2.0,10,82.2,84.2,2.0,2.0,84,2.52,2.56417,0.52,0.5641699999999998,84.72
s07-r4-disconnect_trial-2,7,4,disconnect_trial,2.0,11,89.76,91.76,2.0,2.0,92,2.52,2.55832,0.52,0.5583200000000001,92.28
s07-r4-disconnect_trial-2,7,4,disconnect_trial,2.0,12,97.68,99.68,2.0,2.0,100,2.52,2.55805,0.52,0.5580500000000002,100.2
s07-r4-disconnect_trial-2,7,4,disconnect_trial,2.0,13,105.44,107.44,2.0,2.0,107,2.52,2.55858,0.52,0.5585800000000001,107.96
s07-r4-disconnect_trial-2,7,4,disconnect_trial,2.0,14,113.32,115.32,2.0,2.0,115,2.52,2.5644,0.52,0.5644,115.83999999999999
s07-r4-disconnect_trial-2,7,4,disconnect_trial,2.0,15,121.8,123.8,2.0,2.0,124,2.52,2.55877,0.52,0.55877,124.32
s07-r4-disconnect_trial-2,7,4,disconnect_trial,2.0,16,129.8,131.8,2.0,2.0,132,2.52,2.5587,0.52,0.5587,132.32000000000002
s07-r4-disconnect_trial-2,7,4,disconnect_trial,2.0,17,138.08,140.08,2.0,2.0,140,2.52,2.56244,0.52,0.56244,140.60000000000002
s07-r4-disconnect_trial-2,7,4,disconnect_trial,2.0,18,146.24,148.24,2.0,2.0,148,2.52,2.564,0.52,0.5640000000000001,148.76000000000002
s07-r4-disconnect_trial-2,7,4,disconnect_trial,2.0,19,154.48,156.48,2.0,2.0,157,2.52,2.55877,0.52,0.55877,157.0
s07-r4-disconnect_trial-2,7,4,disconnect_trial,2.0,20,162.76,164.76,2.0,2.0,165,2.52,2.55734,0.52,0.55734,165.28
s07-r4-disconnect_trial-2,7,4,disconnect_trial,2.0,21,171.08,173.08,2.0,2.0,173,2.52,2.55896,0.52,0.5589599999999999,173.60000000000002
s07-r4-disconnect_trial-2,7,4,disconnect_trial,2.0,22,178.72,180.72,2.0,2.0,181,2.52,2.55937,0.52,0.5593699999999999,181.24
s07-r4-disconnect_trial-2,7,4,disconnect_trial,2.0,23,186.88,188.88,2.0,2.0,189,2.52,2.5585,0.52,0.5585,189.4
s07-r4-disconnect_trial-2,7,4,disconnect_trial,2.0,24,194.68,196.68,2.0,2.0,197,2.52,2.55946,0.52,0.5594600000000001,197.20000000000002
s07-r4-disconnect_trial-2,7,4,disconnect_trial,2.0,25,202.52,204.52,2.0,2.0,205,2.52,2.5631,0.52,0.5630999999999999,205.04000000000002
s07-r4-disconnect_trial-2,7,4,disconnect_trial,2.0,26,210.92,212.92,2.0,2.0,213,2.52,2.55798,0.52,0.5579800000000001,213.44
s07-r4-disconnect_trial-2,7,4,disconnect_trial,2.0,27,218.96,220.96,2.0,2.0,221,2.52,2.56307,0.52,0.5630700000000002,221.48000000000002
s07-r4-disconnect_trial-2,7,4,disconnect_trial,2.0,28,226.84,228.84,2.0,2.0,229,2.52,2.55705,0.52,0.5570499999999998,229.36
s07-r4-disconnect_trial-2,7,4,disconnect_trial,2.0,29,234.96,236.96,2.0,2.0,237,2.52,2.56356,0.52,0.5635599999999998,237.48000000000002
s07-r4-disconnect_trial-2,7,4,disconnect_trial,2.0,30,243.24,245.24,2.0,2.0,245,2.52,2.55954,0.52,0.5595400000000001,245.76000000000002
s07-r4-disconnect_trial-2,7,4,disconnect_trial,2.0,31,251.68,253.68,2.0,2.0,254,2.52,2.5582,0.52,0.5581999999999998,254.20000000000002
s07-r4-disconnect_trial-2,7,4,disconnect_trial,2.0,32,260.04,262.04,2.0,2.0,262,2.52,2.55892,0.52,0.5589200000000001,262.56
s07-r4-disconnect_trial-2,7,4,disconnect_trial,2.0,33,268.4,270.4,2.0,2.0,270,2.52,2.5582,0.52,0.5581999999999998,270.91999999999996
s07-r4-disconnect_trial-2,7,4,disconnect_trial,2.0,34,276.56,278.56,2.0,2.0,279,2.52,2.56316,0.52,0.5631599999999999,279.08
s07-r4-disconnect_trial-2,7,4,disconnect_trial,2.0,35,284.84,286.84,2.0,2.0,287,2.52,2.55902,0.52,0.5590199999999999,287.35999999999996
s07-r4-disconnect_trial-2,7,4,disconnect_trial,2.0,36,292.92,294.92,2.0,2.0,295,2.52,2.56317,0.52,0.56317,295.44
s07-r4-disconnect_trial-2,7,4,disconnect_trial,2.0,37,300.8,302.8,2.0,2.0,303,2.56,2.59911,0.56,0.59911,303.36
s07-r4-disconnect_trial-2,7,4,disconnect_trial,2.0,38,308.64,310.64,2.0,2.0,311,2.52,2.55785,0.52,0.5578500000000002,311.15999999999997
s07-r4-disconnect_trial-2,7,4,disconnect_trial,2.0,39,316.36,318.36,2.0,2.0,318,2.52,2.55882,0.52,0.5588199999999999,318.88
s07-r4-disconnect_trial-2,7,4,disconnect_trial,2.0,40,324.68,326.68,2.0,2.0,327,2.52,2.55782,0.52,0.55782,327.2
s07-r4-disconnect_trial-2,7,4,disconnect_trial,2.0,41,332.6,334.6,2.0,2.0,335,2.52,2.55999,0.52,0.55999,335.12
s07-r4-disconnect_trial-2,7,4,disconnect_trial,2.0,42,340.56,342.56,2.0,2.0,343,2.52,2.55843,0.52,0.55843,343.08
s07-r4-disconnect_trial-2,7,4,disconnect_trial,2.0,43,349.0,351.0,2.0,2.0,351,2.52,2.55921,0.52,0.5592100000000002,351.52
s07-r4-disconnect_trial-2,7,4,disconnect_trial,2.0,44,356.64,358.64,2.0,2.0,359,2.52,2.55813,0.52,0.5581299999999998,359.15999999999997
s07-r4-disconnect_trial-2,7,4,disconnect_trial,2.0,45,364.36,366.36,2.0,2.0,366,2.52,2.55973,0.52,0.5597300000000001,366.88
s07-r4-disconnect_trial-2,7,4,disconnect_trial,2.0,46,372.8,374.8,2.0,2.0,375,2.52,2.55846,0.52,0.5584600000000002,375.32
s07-r4-disconnect_trial-2,7,4,disconnect_trial,2.0,47,381.04,383.04,2.0,2.0,383,2.52,2.56335,0.52,0.5633499999999998,383.56
s08-r0-disconnect-0.5,8,0,disconnect,0.5,0,26.48,26.96,0.5,0.4800000000000004,28,1.52,1.55918,1.0399999999999996,1.0791799999999996,28.0
s08-r0-disconnect-0.5,8,0,disconnect,0.5,1,76.52,77.04,0.5,0.5200000000000102,78,1.52,1.55994,0.9999999999999898,1.0399399999999899,78.03999999999999
s08-r0-disconnect-0.5,8,0,disconnect,0.5,2,154.28,154.8,0.5,0.5200000000000102,155,1.52,1.56381,0.9999999999999898,1.0438099999999897,155.8
s08-r0-disconnect-0.5,8,0,disconnect,0.5,3,208.92,209.44,0.5,0.5200000000000102,210,1.52,1.56005,0.9999999999999898,1.0400499999999897,210.44
s08-r0-disconnect-0.5,8,0,disconnect,0.5,4,245.92,246.44,0.5,0.5200000000000102,247,1.52,1.55989,0.9999999999999898,1.0398899999999898,247.44
s08-r0-disconnect-1,8,0,disconnect,1.0,0,53.64,54.64,1.0,1.0,55,1.52,1.56009,0.52,0.56009,55.160000000000004
s08-r0-disconnect-1,8,0,disconnect,1.0,1,59.64,60.64,1.0,1.0,61,1.52,1.55977,0.52,0.5597700000000001,61.160000000000004
s08-r0-disconnect-1,8,0,disconnect,1.0,2,126.96,127.96,1.0,1.0,128,1.52,1.56356,0.52,0.5635600000000001,128.48
s08-r0-disconnect-1,8,0,disconnect,1.0,3,192.12,193.12,1.0,1.0,193,1.52,1.5602,0.52,0.5602,193.64000000000001
s08-r0-disconnect-1,8,0,disconnect,1.0,4,317.32,318.32,1.0,1.0,318,1.52,1.56,0.52,0.56,318.84
s08-r0-disconnect-3,8,0,disconnect,3.0,0,43.44,46.44,3.0,3.0,47,3.56,3.5995,0.56,0.5994999999999999,47.0
s08-r0-disconnect-3,8,0,disconnect,3.0,1,59.12,62.12,3.0,3.0,62,3.52,3.56234,0.52,0.5623399999999998,62.64
s08-r0-disconnect-3,8,0,disconnect,3.0,2,67.12,70.12,3.0,3.0,70,3.52,3.55908,0.52,0.5590799999999998,70.64
s08-r0-disconnect-3,8,0,disconnect,3.0,3,132.48,135.48,3.0,3.0,136,3.52,3.55679,0.52,0.5567899999999999,136.0
s08-r0-disconnect-3,8,0,disconnect,3.0,4,255.24,258.24,3.0,3.0,258,3.52,3.55779,0.52,0.5577899999999998,258.76
s08-r0-disconnect_trial-0.5,8,0,disconnect_trial,0.5,0,3.0,3.52,0.5,0.52,4,1.52,1.55961,1.0,1.03961,4.52
s08-r0-disconnect_trial-0.5,8,0,disconnect_trial,0.5,1,11.04,11.52,0.5,0.4800000000000004,12,1.52,1.56358,1.0399999999999996,1.0835799999999995,12.559999999999999
s08-r0-disconnect_trial-0.5,8,0,disconnect_trial,0.5,2,18.72,19.2,0.5,0.4800000000000004,20,1.52,1.55921,1.0399999999999996,1.0792099999999996,20.24
s08-r0-disconnect_trial-0.5,8,0,disconnect_trial,0.5,3,26.52,27.0,0.5,0.4800000000000004,28,1.52,1.55986,1.0399999999999996,1.0798599999999996,28.04
s08-r0-disconnect_trial-0.5,8,0,disconnect_trial,0.5,4,34.56,35.04,0.5,0.4799999999999969,36,1.52,1.56418,1.0400000000000031,1.084180000000003,36.080000000000005
s08-r0-disconnect_trial-0.5,8,0,disconnect_trial,0.5,5,43.0,43.48,0.5,0.4799999999999969,44,1.52,1.55991,1.0400000000000031,1.079910000000003,44.52
s08-r0-disconnect_trial-0.5,8,0,disconnect_trial,0.5,6,50.64,51.16,0.5,0.519999999999996,52,1.52,1.56418,1.000000000000004,1.0441800000000039,52.160000000000004
s08-r0-disconnect_trial-0.5,8,0,disconnect_trial,0.5,7,58.84,59.36,0.5,0.519999999999996,60,1.52,1.55588,1.000000000000004,1.035880000000004,60.36000000000001
s08-r0-disconnect_trial-0.5,8,0,disconnect_trial,0.5,8,66.56,67.08,0.5,0.519999999999996,68,1.52,1.56425,1.000000000000004,1.044250000000004,68.08
s08-r0-disconnect_trial-0.5,8,0,disconnect_trial,0.5,9,74.56,75.08,0.5,0.519999999999996,76,1.52,1.55916,1.000000000000004,1.039160000000004,76.08
s08-r0-disconnect_trial-0.5,8,0,disconnect_trial,0.5,10,82.2,82.68,0.5,0.480000000000004,83,1.52,1.56054,1.039999999999996,1.080539999999996,83.72
s08-r0-disconnect_trial-0.5,8,0,disconnect_trial,0.5,11,89.76,90.28,0.5,0.519999999999996,91,1.52,1.55882,1.000000000000004,1.038820000000004,91.28
s08-r0-disconnect_trial-0.5,8,0,disconnect_trial,0.5,12,97.68,98.16,0.5,0.47999999999998977,99,1.52,1.55969,1.0400000000000102,1.0796900000000103,99.2
s08-r0-disconnect_trial-0.5,8,0,disconnect_trial,0.5,13,105.44,105.92,0.5,0.480000000000004,106,1.52,1.55925,1.039999999999996,1.079249999999996,106.96
s08-r0-disconnect_trial-0.5,8,0,disconnect_trial,0.5,14,113.32,113.8,0.5,0.480000000000004,114,1.52,1.55929,1.039999999999996,1.079289999999996,114.83999999999999
s08-r0-disconnect_trial-0.5,8,0,disconnect_trial,0.5,15,121.8,122.28,0.5,0.480000000000004,123,1.52,1.55957,1.039999999999996,1.079569999999996,123.32
s08-r0-disconnect_trial-0.5,8,0,disconnect_trial,0.5,16,129.8,130.32,0.5,0.5199999999999818,131,1.52,1.55982,1.0000000000000182,1.0398200000000182,131.32000000000002
s08-r0-disconnect_trial-0.5,8,0,disconnect_trial,0.5,17,138.08,138.6,0.5,0.5199999999999818,139,1.52,1.55949,1.0000000000000182,1.0394900000000182,139.60000000000002
s08-r0-disconnect_trial-0.5,8,0,disconnect_trial,0.5,18,146.24,146.72,0.5,0.47999999999998977,147,1.52,1.55924,1.0400000000000102,1.0792400000000102,147.76000000000002
s08-r0-disconnect_trial-0.5,8,0,disconnect_trial,0.5,19,154.48,155.0,0.5,0.5200000000000102,156,1.52,1.55901,0.9999999999999898,1.0390099999999898,156.0
s08-r0-disconnect_trial-0.5,8,0,disconnect_trial,0.5,20,162.76,163.28,0.5,0.5200000000000102,164,1.52,1.55962,0.9999999999999898,1.0396199999999898,164.28
s08-r0-disconnect_trial-0.5,8,0,disconnect_trial,0.5,21,171.08,171.6,0.5,0.5199999999999818,172,1.52,1.55934,1.0000000000000182,1.0393400000000181,172.60000000000002
s08-r0-disconnect_trial-0.5,8,0,disconnect_trial,0.5,22,178.72,179.24,0.5,0.5200000000000102,180,1.52,1.55959,0.9999999999999898,1.0395899999999898,180.24
s08-r0-disconnect_trial-0.5,8,0,disconnect_trial,0.5,23,186.88,187.36,0.5,0.4800000000000182,188,1.52,1.55986,1.0399999999999818,1.0798599999999818,188.4
s08-r0-disconnect_trial-0.5,8,0,disconnect_trial,0.5,24,194.68,195.16,0.5,0.47999999999998977,196,1.52,1.55888,1.0400000000000102,1.0788800000000103,196.20000000000002
s08-r0-disconnect_trial-0.5,8,0,disconnect_trial,0.5,25,202.52,203.0,0.5,0.47999999999998977,204,1.52,1.5591,1.0400000000000102,1.0791000000000102,204.04000000000002
s08-r0-disconnect_trial-0.5,8,0,disconnect_trial,0.5,26,210.92,211.44,0.5,0.5200000000000102,212,1.52,1.55915,0.9999999999999898,1.0391499999999898,212.44
s08-r0-disconnect_trial-0.5,8,0,disconnect_trial,0.5,27,218.96,219.44,0.5,0.47999999999998977,220,1.52,1.55977,1.0400000000000102,1.0797700000000103,220.48000000000002
s08-r0-disconnect_trial-0.5,8,0,disconnect_trial,0.5,28,226.84,227.36,0.5,0.5200000000000102,228,1.52,1.55901,0.9999999999999898,1.0390099999999898,228.36
s08-r0-disconnect_trial-0.5,8,0,disconnect_trial,0.5,29,234.96,235.44,0.5,0.47999999999998977,236,1.52,1.55947,1.0400000000000102,1.0794700000000101,236.48000000000002
s08-r0-disconnect_trial-0.5,8,0,disconnect_trial,0.5,30,243.24,243.72,0.5,0.47999999999998977,244,1.52,1.55916,1.0400000000000102,1.0791600000000103,244.76000000000002
s08-r0-disconnect_trial-0.5,8,0,disconnect_trial,0.5,31,251.68,252.16,0.5,0.47999999999998977,253,1.52,1.55979,1.0400000000000102,1.0797900000000102,253.20000000000002
s08-r0-disconnect_trial-0.5,8,0,disconnect_trial,0.5,32,260.04,260.52,0.5,0.47999999999996135,261,1.52,1.56014,1.0400000000000387,1.0801400000000387,261.56
s08-r0-disconnect_trial-0.5,8,0,disconnect_trial,0.5,33,268.4,268.88,0.5,0.4800000000000182,269,1.52,1.56391,1.0399999999999818,1.0839099999999817,269.91999999999996
s08-r0-disconnect_trial-0.5,8,0,disconnect_trial,0.5,34,276.56,277.08,0.5,0.5199999999999818,278,1.52,1.55976,1.0000000000000182,1.0397600000000182,278.08
s08-r0-disconnect_trial-0.5,8,0,disconnect_trial,0.5,35,284.84,285.32,0.5,0.4800000000000182,286,1.52,1.55913,1.0399999999999818,1.0791299999999817,286.35999999999996
s08-r0-disconnect_trial-0.5,8,0,disconnect_trial,0.5,36,292.92,293.4,0.5,0.47999999999996135,294,1.52,1.56036,1.0400000000000387,1.0803600000000386,294.44
s08-r0-disconnect_trial-0.5,8,0,disconnect_trial,0.5,37,300.8,301.28,0.5,0.47999999999996135,302,1.52,1.56011,1.0400000000000387,1.0801100000000388,302.32
s08-r0-disconnect_trial-0.5,8,0,disconnect_trial,0.5,38,308.64,309.16,0.5,0.5200000000000387,310,1.52,1.55933,0.9999999999999614,1.0393299999999615,310.15999999999997
s08-r0-disconnect_trial-0.5,8,0,disconnect_trial,0.5,39,316.36,316.84,0.5,0.47999999999996135,317,1.52,1.55954,1.0400000000000387,1.0795400000000386,317.88
s08-r0-disconnect_trial-0.5,8,0,disconnect_trial,0.5,40,324.68,325.16,0.5,0.4800000000000182,326,1.52,1.55941,1.0399999999999818,1.0794099999999818,326.2
s08-r0-disconnect_trial-0.5,8,0,disconnect_trial,0.5,41,332.6,333.08,0.5,0.47999999999996135,334,1.52,1.55886,1.0400000000000387,1.0788600000000386,334.12
s08-r0-disconnect_trial-0.5,8,0,disconnect_trial,0.5,42,340.56,341.04,0.5,0.4800000000000182,342,1.52,1.55926,1.0399999999999818,1.079259999999982,342.08
s08-r0-disconnect_trial-0.5,8,0,disconnect_trial,0.5,43,349.0,349.52,0.5,0.5199999999999818,350,1.52,1.55899,1.0000000000000182,1.0389900000000183,350.52
s08-r0-disconnect_trial-0.5,8,0,disconnect_trial,0.5,44,356.64,357.16,0.5,0.5200000000000387,358,1.52,1.55893,0.9999999999999614,1.0389299999999613,358.15999999999997
s08-r0-disconnect_trial-0.5,8,0,disconnect_trial,0.5,45,364.36,364.84,0.5,0.47999999999996135,365,1.52,1.56003,1.0400000000000387,1.0800300000000387,365.88
s08-r0-disconnect_trial-0.5,8,0,disconnect_trial,0.5,46,372.8,373.32,0.5,0.5199999999999818,374,1.52,1.55925,1.0000000000000182,1.0392500000000182,374.32
s08-r0-disconnect_trial-0.5,8,0,disconnect_trial,0.5,47,381.04,381.56,0.5,0.5199999999999818,382,1.52,1.55893,1.0000000000000182,1.0389300000000181,382.56
s08-r0-disconnect_trial-1,8,0,disconnect_trial,1.0,0,3.0,4.0,1.0,1.0,4,1.52,1.5602,0.52,0.5602,4.52
s08-r0-disconnect_trial-1,8,0,disconnect_trial,1.0,1,11.04,12.04,1.0,1.0,12,1.52,1.5598,0.52,0.5598000000000001,12.559999999999999
s08-r0-disconnect_trial-1,8,0,disconnect_trial,1.0,2,18.72,19.72,1.0,1.0,20,1.52,1.56422,0.52,0.5642199999999999,20.24
s08-r0-disconnect_trial-1,8,0,disconnect_trial,1.0,3,26.52,27.52,1.0,1.0,28,1.52,1.55917,0.52,0.55917,28.04
s08-r0-disconnect_trial-1,8,0,disconnect_trial,1.0,4,34.56,35.56,1.0,1.0,36,1.52,1.55886,0.52,0.5588599999999999,36.080000000000005
s08-r0-disconnect_trial-1,8,0,disconnect_trial,1.0,5,43.0,44.0,1.0,1.0,44,1.52,1.56005,0.52,0.5600499999999999,44.52
s08-r0-disconnect_trial-1,8,0,disconnect_trial,1.0,6,50.64,51.64,1.0,1.0,52,1.52,1.55917,0.52,0.55917,52.160000000000004
s08-r0-disconnect_trial-1,8,0,disconnect_trial,1.0,7,58.84,59.84,1.0,1.0,60,1.52,1.55911,0.52,0.55911,60.36000000000001
s08-r0-disconnect_trial-1,8,0,disconnect_trial,1.0,8,66.56,67.56,1.0,1.0,68,1.52,1.56432,0.52,0.5643199999999999,68.08
s08-r0-disconnect_trial-1,8,0,disconnect_trial,1.0,9,74.56,75.56,1.0,1.0,76,1.52,1.55948,0.52,0.55948,76.08
s08-r0-disconnect_trial-1,8,0,disconnect_trial,1.0,10,82.2,83.2,1.0,1.0,83,1.52,1.56061,0.52,0.56061,83.72
s08-r0-disconnect_trial-1,8,0,disconnect_trial,1.0,11,89.76,90.76,1.0,1.0,91,1.52,1.55941,0.52,0.55941,91.28
s08-r0-disconnect_trial-1,8,0,disconnect_trial,1.0,12,97.68,98.68,1.0,1.0,99,1.52,1.56006,0.52,0.56006,99.2
s08-r0-disconnect_trial-1,8,0,disconnect_trial,1.0,13,105.44,106.44,1.0,1.0,106,1.52,1.55927,0.52,0.5592699999999999,106.96
s08-r0-disconnect_trial-1,8,0,disconnect_trial,1.0,14,113.32,114.32,1.0,1.0,114,1.52,1.55972,0.52,0.55972,114.83999999999999
s08-r0-disconnect_trial-1,8,0,disconnect_trial,1.0,15,121.8,122.8,1.0,1.0,123,1.52,1.5595,0.52,0.5595000000000001,123.32
s08-r0-disconnect_trial-1,8,0,disconnect_trial,1.0,16,129.8,130.8,1.0,1.0,131,1.52,1.55947,0.52,0.5594699999999999,131.32000000000002
s08-r0-disconnect_trial-1,8,0,disconnect_trial,1.0,17,138.08,139.08,1.0,1.0,139,1.52,1.56005,0.52,0.5600499999999999,139.60000000000002
s08-r0-disconnect_trial-1,8,0,disconnect_trial,1.0,18,146.24,147.24,1.0,1.0,147,1.52,1.5602,0.52,0.5602,147.76000000000002
s08-r0-disconnect_trial-1,8,0,disconnect_trial,1.0,19,154.48,155.48,1.0,1.0,156,1.52,1.5594,0.52,0.5593999999999999,156.0
s08-r0-disconnect_trial-1,8,0,disconnect_trial,1.0,20,162.76,163.76,1.0,1.0,164,1.52,1.55974,0.52,0.5597399999999999,164.28
s08-r0-disconnect_trial-1,8,0,disconnect_trial,1.0,21,171.08,172.08,1.0,1.0,172,1.52,1.55999,0.52,0.55999,172.60000000000002
s08-r0-disconnect_trial-1,8,0,disconnect_trial,1.0,22,178.72,179.72,1.0,1.0,180,1.52,1.56062,0.52,0.5606199999999999,180.24
s08-r0-disconnect_trial-1,8,0,disconnect_trial,1.0,23,186.88,187.88,1.0,1.0,188,1.52,1.55947,0.52,0.5594699999999999,188.4
s08-r0-disconnect_trial-1,8,0,disconnect_trial,1.0,24,194.68,195.68,1.0,1.0,196,1.52,1.55925,0.52,0.55925,196.20000000000002
s08-r0-disconnect_trial-1,8,0,disconnect_trial,1.0,25,202.52,203.52,1.0,1.0,204,1.52,1.55503,0.52,0.5550299999999999,204.04000000000002
s08-r0-disconnect_trial-1,8,0,disconnect_trial,1.0,26,210.92,211.92,1.0,1.0,212,1.52,1.55995,0.52,0.55995,212.44
s08-r0-disconnect_trial-1,8,0,disconnect_trial,1.0,27,218.96,219.96,1.0,1.0,220,1.52,1.55972,0.52,0.55972,220.48000000000002
s08-r0-disconnect_trial-1,8,0,disconnect_trial,1.0,28,226.84,227.84,1.0,1.0,228,1.52,1.55921,0.52,0.55921,228.36
s08-r0-disconnect_trial-1,8,0,disconnect_trial,1.0,29,234.96,235.96,1.0,1.0,236,1.52,1.55537,0.52,0.5553699999999999,236.48000000000002
s08-r0-disconnect_trial-1,8,0,disconnect_trial,1.0,30,243.24,244.24,1.0,1.0,244,1.52,1.55963,0.52,0.5596300000000001,244.76000000000002
s08-r0-disconnect_trial-1,8,0,disconnect_trial,1.0,31,251.68,252.68,1.0,1.0,253,1.52,1.5597,0.52,0.5597000000000001,253.20000000000002
s08-r0-disconnect_trial-1,8,0,disconnect_trial,1.0,32,260.04,261.04,1.0,1.0,261,1.52,1.56064,0.52,0.56064,261.56
s08-r0-disconnect_trial-1,8,0,disconnect_trial,1.0,33,268.4,269.4,1.0,1.0,269,1.52,1.55966,0.52,0.55966,269.91999999999996
s08-r0-disconnect_trial-1,8,0,disconnect_trial,1.0,34,276.56,277.56,1.0,1.0,278,1.52,1.56019,0.52,0.56019,278.08
s08-r0-disconnect_trial-1,8,0,disconnect_trial,1.0,35,284.84,285.84,1.0,1.0,286,1.52,1.55943,0.52,0.5594300000000001,286.35999999999996
s08-r0-disconnect_trial-1,8,0,disconnect_trial,1.0,36,292.92,293.92,1.0,1.0,294,1.52,1.55982,0.52,0.55982,294.44
s08-r0-disconnect_trial-1,8,0,disconnect_trial,1.0,37,300.8,301.8,1.0,1.0,302,1.52,1.56028,0.52,0.5602799999999999,302.32
s08-r0-disconnect_trial-1,8,0,disconnect_trial,1.0,38,308.64,309.64,1.0,1.0,310,1.52,1.55943,0.52,0.5594300000000001,310.15999999999997
s08-r0-disconnect_trial-1,8,0,disconnect_trial,1.0,39,316.36,317.36,1.0,1.0,317,1.52,1.55995,0.52,0.55995,317.88
s08-r0-disconnect_trial-1,8,0,disconnect_trial,1.0,40,324.68,325.68,1.0,1.0,326,1.52,1.56479,0.52,0.5647899999999999,326.2
s08-r0-disconnect_trial-1,8,0,disconnect_trial,1.0,41,332.6,333.6,1.0,1.0,334,1.52,1.55919,0.52,0.5591900000000001,334.12
s08-r0-disconnect_trial-1,8,0,disconnect_trial,1.0,42,340.56,341.56,1.0,1.0,342,1.52,1.55995,0.52,0.55995,342.08
s08-r0-disconnect_trial-1,8,0,disconnect_trial,1.0,43,349.0,350.0,1.0,1.0,350,1.52,1.55975,0.52,0.55975,350.52
s08-r0-disconnect_trial-1,8,0,disconnect_trial,1.0,44,356.64,357.64,1.0,1.0,358,1.52,1.55953,0.52,0.5595300000000001,358.15999999999997
s08-r0-disconnect_trial-1,8,0,disconnect_trial,1.0,45,364.36,365.36,1.0,1.0,365,1.52,1.56004,0.52,0.5600400000000001,365.88
s08-r0-disconnect_trial-1,8,0,disconnect_trial,1.0,46,372.8,373.8,1.0,1.0,374,1.52,1.5594,0.52,0.5593999999999999,374.32
s08-r0-disconnect_trial-1,8,0,disconnect_trial,1.0,47,381.04,382.04,1.0,1.0,382,1.52,1.56476,0.52,0.5647599999999999,382.56
s08-r0-disconnect_trial-2,8,0,disconnect_trial,2.0,0,3.0,5.0,2.0,2.0,5,2.52,2.55832,0.52,0.5583200000000001,5.52
s08-r0-disconnect_trial-2,8,0,disconnect_trial,2.0,1,11.04,13.04,2.0,2.0,13,2.52,2.56088,0.52,0.56088,13.559999999999999
s08-r0-disconnect_trial-2,8,0,disconnect_trial,2.0,2,18.72,20.72,2.0,2.0,21,2.52,2.56345,0.52,0.56345,21.24
s08-r0-disconnect_trial-2,8,0,disconnect_trial,2.0,3,26.52,28.52,2.0,2.0,29,2.52,2.5589,0.52,0.5589,29.04
s08-r0-disconnect_trial-2,8,0,disconnect_trial,2.0,4,34.56,36.56,2.0,2.0,37,2.52,2.56342,0.52,0.5634199999999998,37.080000000000005
s08-r0-disconnect_trial-2,8,0,disconnect_trial,2.0,5,43.0,45.0,2.0,2.0,45,2.52,2.55873,0.52,0.5587300000000002,45.52
s08-r0-disconnect_trial-2,8,0,disconnect_trial,2.0,6,50.64,52.64,2.0,2.0,53,2.52,2.55794,0.52,0.5579399999999999,53.160000000000004
s08-r0-disconnect_trial-2,8,0,disconnect_trial,2.0,7,58.84,60.84,2.0,2.0,61,2.52,2.55905,0.52,0.55905,61.36000000000001
s08-r0-disconnect_trial-2,8,0,disconnect_trial,2.0,8,66.56,68.56,2.0,2.0,69,2.52,2.55885,0.52,0.5588500000000001,69.08
s08-r0-disconnect_trial-2,8,0,disconnect_trial,2.0,9,74.56,76.56,2.0,2.0,77,2.52,2.55974,0.52,0.5597400000000001,77.08
s08-r0-disconnect_trial-2,8,0,disconnect_trial,2.0,10,82.2,84.2,2.0,2.0,84,2.52,2.55899,0.52,0.5589900000000001,84.72
s08-r0-disconnect_trial-2,8,0,disconnect_trial,2.0,11,89.76,91.76,2.0,2.0,92,2.52,2.56392,0.52,0.56392,92.28
s08-r0-disconnect_trial-2,8,0,disconnect_trial,2.0,12,97.68,99.68,2.0,2.0,100,2.52,2.55945,0.52,0.55945,100.2
s08-r0-disconnect_trial-2,8,0,disconnect_trial,2.0,13,105.44,107.44,2.0,2.0,107,2.52,2.55778,0.52,0.5577800000000002,107.96
s08-r0-disconnect_trial-2,8,0,disconnect_trial,2.0,14,113.32,115.32,2.0,2.0,115,2.52,2.55912,0.52,0.5591200000000001,115.83999999999999
s08-r0-disconnect_trial-2,8,0,disconnect_trial,2.0,15,121.8,123.8,2.0,2.0,124,2.52,2.55957,0.52,0.5595699999999999,124.32
s08-r0-disconnect_trial-2,8,0,disconnect_trial,2.0,16,129.8,131.8,2.0,2.0,132,2.52,2.55814,0.52,0.5581399999999999,132.32000000000002
s08-r0-disconnect_trial-2,8,0,disconnect_trial,2.0,17,138.08,140.08,2.0,2.0,140,2.52,2.56293,0.52,0.5629300000000002,140.60000000000002
s08-r0-disconnect_trial-2,8,0,disconnect_trial,2.0,18,146.24,148.24,2.0,2.0,148,2.52,2.558,0.52,0.5579999999999998,148.76000000000002
s08-r0-disconnect_trial-2,8,0,disconnect_trial,2.0,19,154.48,156.48,2.0,2.0,157,2.52,2.55825,0.52,0.5582500000000001,157.0
s08-r0-disconnect_trial-2,8,0,disconnect_trial,2.0,20,162.76,164.76,2.0,2.0,165,2.52,2.56362,0.52,0.5636199999999998,165.28
s08-r0-disconnect_trial-2,8,0,disconnect_trial,2.0,21,171.08,173.08,2.0,2.0,173,2.52,2.55945,0.52,0.55945,173.60000000000002
s08-r0-disconnect_trial-2,8,0,disconnect_trial,2.0,22,178.72,180.72,2.0,2.0,181,2.52,2.55812,0.52,0.5581200000000002,181.24
s08-r0-disconnect_trial-2,8,0,disconnect_trial,2.0,23,186.88,188.88,2.0,2.0,189,2.52,2.55798,0.52,0.5579800000000001,189.4
s08-r0-disconnect_trial-2,8,0,disconnect_trial,2.0,24,194.68,196.68,2.0,2.0,197,2.52,2.55869,0.52,0.5586899999999999,197.20000000000002
s08-r0-disconnect_trial-2,8,0,disconnect_trial,2.0,25,202.52,204.52,2.0,2.0,205,2.52,2.56276,0.52,0.5627599999999999,205.04000000000002
s08-r0-disconnect_trial-2,8,0,disconnect_trial,2.0,26,210.92,212.92,2.0,2.0,213,2.52,2.55887,0.52,0.5588700000000002,213.44
s08-r0-disconnect_trial-2,8,0,disconnect_trial,2.0,27,218.96,220.96,2.0,2.0,221,2.52,2.5583,0.52,0.5583,221.48000000000002
s08-r0-disconnect_trial-2,8,0,disconnect_trial,2.0,28,226.84,228.84,2.0,2.0,229,2.52,2.5641,0.52,0.5640999999999998,229.36
s08-r0-disconnect_trial-2,8,0,disconnect_trial,2.0,29,234.96,236.96,2.0,2.0,237,2.52,2.5583,0.52,0.5583,237.48000000000002
s08-r0-disconnect_trial-2,8,0,disconnect_trial,2.0,30,243.24,245.24,2.0,2.0,245,2.52,2.56304,0.52,0.56304,245.76000000000002
s08-r0-disconnect_trial-2,8,0,disconnect_trial,2.0,31,251.68,253.68,2.0,2.0,254,2.52,2.55957,0.52,0.5595699999999999,254.20000000000002
s08-r0-disconnect_trial-2,8,0,disconnect_trial,2.0,32,260.04,262.04,2.0,2.0,262,2.52,2.55898,0.52,0.55898,262.56
s08-r0-disconnect_trial-2,8,0,disconnect_trial,2.0,33,268.4,270.4,2.0,2.0,270,2.52,2.55926,0.52,0.5592600000000001,270.91999999999996
s08-r0-disconnect_trial-2,8,0,disconnect_trial,2.0,34,276.56,278.56,2.0,2.0,279,2.52,2.55867,0.52,0.5586700000000002,279.08
s08-r0-disconnect_trial-2,8,0,disconnect_trial,2.0,35,284.84,286.84,2.0,2.0,287,2.52,2.56308,0.52,0.5630799999999998,287.35999999999996
s08-r0-disconnect_trial-2,8,0,disconnect_trial,2.0,36,292.92,294.92,2.0,2.0,295,2.52,2.55792,0.52,0.5579200000000002,295.44
s08-r0-disconnect_trial-2,8,0,disconnect_trial,2.0,37,300.8,302.8,2.0,2.0,303,2.52,2.55874,0.52,0.5587399999999998,303.32
s08-r0-disconnect_trial-2,8,0,disconnect_trial,2.0,38,308.64,310.64,2.0,2.0,311,2.52,2.55882,0.52,0.5588199999999999,311.15999999999997
s08-r0-disconnect_trial-2,8,0,disconnect_trial,2.0,39,316.36,318.36,2.0,2.0,318,2.52,2.55891,0.52,0.55891,318.88
s08-r0-disconnect_trial-2,8,0,disconnect_trial,2.0,40,324.68,326.68,2.0,2.0,327,2.52,2.55911,0.52,0.55911,327.2
s08-r0-disconnect_trial-2,8,0,disconnect_trial,2.0,41,332.6,334.6,2.0,2.0,335,2.52,2.56378,0.52,0.56378,335.12
s08-r0-disconnect_trial-2,8,0,disconnect_trial,2.0,42,340.56,342.56,2.0,2.0,343,2.52,2.55778,0.52,0.5577800000000002,343.08
s08-r0-disconnect_trial-2,8,0,disconnect_trial,2.0,43,349.0,351.0,2.0,2.0,351,2.52,2.55941,0.52,0.5594100000000002,351.52
s08-r0-disconnect_trial-2,8,0,disconnect_trial,2.0,44,356.64,358.64,2.0,2.0,359,2.52,2.55976,0.52,0.5597599999999998,359.15999999999997
s08-r0-disconnect_trial-2,8,0,disconnect_trial,2.0,45,364.36,366.36,2.0,2.0,366,2.52,2.55782,0.52,0.55782,366.88
s08-r0-disconnect_trial-2,8,0,disconnect_trial,2.0,46,372.8,374.8,2.0,2.0,375,2.52,2.55988,0.52,0.5598800000000002,375.32
s08-r0-disconnect_trial-2,8,0,disconnect_trial,2.0,47,381.04,383.04,2.0,2.0,383,2.52,2.56278,0.52,0.5627800000000001,383.56
s08-r1-disconnect-0.5,8,1,disconnect,0.5,0,63.64,64.16,0.4999999999999929,0.519999999999996,65,1.52,1.5597,1.000000000000004,1.039700000000004,65.16
s08-r1-disconnect-0.5,8,1,disconnect,0.5,1,146.52,147.0,0.5,0.47999999999998977,148,1.52,1.55926,1.0400000000000102,1.0792600000000103,148.04000000000002
s08-r1-disconnect-0.5,8,1,disconnect,0.5,2,174.16,174.64,0.5,0.47999999999998977,175,1.52,1.56049,1.0400000000000102,1.0804900000000102,175.68
s08-r1-disconnect-0.5,8,1,disconnect,0.5,3,235.0,235.48,0.5,0.47999999999998977,236,1.52,1.55915,1.0400000000000102,1.0791500000000103,236.52
s08-r1-disconnect-0.5,8,1,disconnect,0.5,4,240.48,241.0,0.5,0.5200000000000102,242,1.52,1.56475,0.9999999999999898,1.0447499999999899,242.0
s08-r1-disconnect-1,8,1,disconnect,1.0,0,35.44,36.44,1.0,1.0,36,1.52,1.56001,0.52,0.5600099999999999,36.96
s08-r1-disconnect-1,8,1,disconnect,1.0,1,50.08,51.08,1.0,1.0,51,1.52,1.55947,0.52,0.5594699999999999,51.6
s08-r1-disconnect-1,8,1,disconnect,1.0,2,56.08,57.08,1.0,1.0,57,1.52,1.55973,0.52,0.5597300000000001,57.6
s08-r1-disconnect-1,8,1,disconnect,1.0,3,194.68,195.68,1.0,1.0,196,1.52,1.55967,0.52,0.5596699999999999,196.20000000000002
s08-r1-disconnect-1,8,1,disconnect,1.0,4,323.04,324.04,1.0,1.0,324,1.52,1.55936,0.52,0.5593600000000001,324.56
s08-r1-disconnect-3,8,1,disconnect,3.0,0,148.88,151.88,3.0,3.0,152,3.52,3.56183,0.52,0.56183,152.4
s08-r1-disconnect-3,8,1,disconnect,3.0,1,194.04,197.04,3.0,3.0,197,3.52,3.56253,0.52,0.5625300000000002,197.56
s08-r1-disconnect-3,8,1,disconnect,3.0,2,202.04,205.04,3.0,3.0,205,3.52,3.56289,0.52,0.5628899999999999,205.56
s08-r1-disconnect-3,8,1,disconnect,3.0,3,211.44,214.44,3.0,3.0,214,3.52,3.55807,0.52,0.5580699999999998,214.96
s08-r1-disconnect-3,8,1,disconnect,3.0,4,366.52,369.52,3.0,3.0,370,3.52,3.55799,0.52,0.5579900000000002,370.03999999999996
s08-r1-disconnect_trial-0.5,8,1,disconnect_trial,0.5,0,3.0,3.52,0.5,0.52,4,1.52,1.56029,1.0,1.04029,4.52
s08-r1-disconnect_trial-0.5,8,1,disconnect_trial,0.5,1,11.04,11.52,0.5,0.4800000000000004,12,1.52,1.55928,1.0399999999999996,1.0792799999999996,12.559999999999999
s08-r1-disconnect_trial-0.5,8,1,disconnect_trial,0.5,2,18.72,19.2,0.5,0.4800000000000004,20,1.52,1.55932,1.0399999999999996,1.0793199999999996,20.24
s08-r1-disconnect_trial-0.5,8,1,disconnect_trial,0.5,3,26.52,27.0,0.5,0.4800000000000004,28,1.52,1.55991,1.0399999999999996,1.0799099999999995,28.04
s08-r1-disconnect_trial-0.5,8,1,disconnect_trial,0.5,4,34.56,35.04,0.5,0.4799999999999969,36,1.52,1.55941,1.0400000000000031,1.079410000000003,36.080000000000005
s08-r1-disconnect_trial-0.5,8,1,disconnect_trial,0.5,5,43.0,43.48,0.5,0.4799999999999969,44,1.52,1.56033,1.0400000000000031,1.0803300000000031,44.52
s08-r1-disconnect_trial-0.5,8,1,disconnect_trial,0.5,6,50.64,51.16,0.5,0.519999999999996,52,1.52,1.55962,1.000000000000004,1.039620000000004,52.160000000000004
s08-r1-disconnect_trial-0.5,8,1,disconnect_trial,0.5,7,58.84,59.36,0.5,0.519999999999996,60,1.52,1.56465,1.000000000000004,1.044650000000004,60.36000000000001
s08-r1-disconnect_trial-0.5,8,1,disconnect_trial,0.5,8,66.56,67.08,0.5,0.519999999999996,68,1.52,1.56082,1.000000000000004,1.040820000000004,68.08
s08-r1-disconnect_trial-0.5,8,1,disconnect_trial,0.5,9,74.56,75.08,0.5,0.519999999999996,76,1.52,1.55987,1.000000000000004,1.039870000000004,76.08
s08-r1-disconnect_trial-0.5,8,1,disconnect_trial,0.5,10,82.2,82.68,0.5,0.480000000000004,83,1.52,1.56468,1.039999999999996,1.084679999999996,83.72
s08-r1-disconnect_trial-0.5,8,1,disconnect_trial,0.5,11,89.76,90.28,0.5,0.519999999999996,91,1.52,1.55995,1.000000000000004,1.039950000000004,91.28
s08-r1-disconnect_trial-0.5,8,1,disconnect_trial,0.5,12,97.68,98.16,0.5,0.47999999999998977,99,1.52,1.55971,1.0400000000000102,1.0797100000000102,99.2
s08-r1-disconnect_trial-0.5,8,1,disconnect_trial,0.5,13,105.44,105.92,0.5,0.480000000000004,106,1.52,1.55953,1.039999999999996,1.079529999999996,106.96
s08-r1-disconnect_trial-0.5,8,1,disconnect_trial,0.5,14,113.32,113.8,0.5,0.480000000000004,114,1.52,1.55962,1.039999999999996,1.079619999999996,114.83999999999999
s08-r1-disconnect_trial-0.5,8,1,disconnect_trial,0.5,15,121.8,122.28,0.5,0.480000000000004,123,1.52,1.56488,1.039999999999996,1.084879999999996,123.32
s08-r1-disconnect_trial-0.5,8,1,disconnect_trial,0.5,16,129.8,130.32,0.5,0.5199999999999818,131,1.52,1.5598,1.0000000000000182,1.0398000000000183,131.32000000000002
s08-r1-disconnect_trial-0.5,8,1,disconnect_trial,0.5,17,138.08,138.6,0.5,0.5199999999999818,139,1.52,1.56044,1.0000000000000182,1.0404400000000182,139.60000000000002
s08-r1-disconnect_trial-0.5,8,1,disconnect_trial,0.5,18,146.24,146.72,0.5,0.47999999999998977,147,1.52,1.56009,1.0400000000000102,1.0800900000000102,147.76000000000002
s08-r1-disconnect_trial-0.5,8,1,disconnect_trial,0.5,19,154.48,155.0,0.5,0.5200000000000102,156,1.52,1.55931,0.9999999999999898,1.0393099999999897,156.0
s08-r1-disconnect_trial-0.5,8,1,disconnect_trial,0.5,20,162.76,163.28,0.5,0.5200000000000102,164,1.52,1.55916,0.9999999999999898,1.0391599999999899,164.28
s08-r1-disconnect_trial-0.5,8,1,disconnect_trial,0.5,21,171.08,171.6,0.5,0.5199999999999818,172,1.52,1.56047,1.0000000000000182,1.0404700000000182,172.60000000000002
s08-r1-disconnect_trial-0.5,8,1,disconnect_trial,0.5,22,178.72,179.24,0.5,0.5200000000000102,180,1.52,1.56059,0.9999999999999898,1.0405899999999897,180.24
s08-r1-disconnect_trial-0.5,8,1,disconnect_trial,0.5,23,186.88,187.36,0.5,0.4800000000000182,188,1.52,1.56053,1.0399999999999818,1.0805299999999818,188.4
s08-r1-disconnect_trial-0.5,8,1,disconnect_trial,0.5,24,194.68,195.16,0.5,0.47999999999998977,196,1.52,1.55974,1.0400000000000102,1.0797400000000101,196.20000000000002
s08-r1-disconnect_trial-0.5,8,1,disconnect_trial,0.5,25,202.52,203.0,0.5,0.47999999999998977,204,1.52,1.56006,1.0400000000000102,1.0800600000000102,204.04000000000002
s08-r1-disconnect_trial-0.5,8,1,disconnect_trial,0.5,26,210.92,211.44,0.5,0.5200000000000102,212,1.52,1.55956,0.9999999999999898,1.0395599999999898,212.44
s08-r1-disconnect_trial-0.5,8,1,disconnect_trial,0.5,27,218.96,219.44,0.5,0.47999999999998977,220,1.52,1.55998,1.0400000000000102,1.0799800000000102,220.48000000000002
s08-r1-disconnect_trial-0.5,8,1,disconnect_trial,0.5,28,226.84,227.36,0.5,0.5200000000000102,228,1.52,1.5603,0.9999999999999898,1.0402999999999898,228.36
s08-r1-disconnect_trial-0.5,8,1,disconnect_trial,0.5,29,234.96,235.44,0.5,0.47999999999998977,236,1.52,1.55919,1.0400000000000102,1.0791900000000103,236.48000000000002
s08-r1-disconnect_trial-0.5,8,1,disconnect_trial,0.5,30,243.24,243.72,0.5,0.47999999999998977,244,1.52,1.55513,1.0400000000000102,1.0751300000000101,244.76000000000002
s08-r1-disconnect_trial-0.5,8,1,disconnect_trial,0.5,31,251.68,252.16,0.5,0.47999999999998977,253,1.52,1.56414,1.0400000000000102,1.0841400000000103,253.20000000000002
s08-r1-disconnect_trial-0.5,8,1,disconnect_trial,0.5,32,260.04,260.52,0.5,0.47999999999996135,261,1.52,1.56055,1.0400000000000387,1.0805500000000388,261.56
s08-r1-disconnect_trial-0.5,8,1,disconnect_trial,0.5,33,268.4,268.88,0.5,0.4800000000000182,269,1.52,1.55864,1.0399999999999818,1.0786399999999818,269.91999999999996
s08-r1-disconnect_trial-0.5,8,1,disconnect_trial,0.5,34,276.56,277.08,0.5,0.5199999999999818,278,1.52,1.55996,1.0000000000000182,1.0399600000000182,278.08
s08-r1-disconnect_trial-0.5,8,1,disconnect_trial,0.5,35,284.84,285.32,0.5,0.4800000000000182,286,1.52,1.55992,1.0399999999999818,1.0799199999999818,286.35999999999996
s08-r1-disconnect_trial-0.5,8,1,disconnect_trial,0.5,36,292.92,293.4,0.5,0.47999999999996135,294,1.52,1.55948,1.0400000000000387,1.0794800000000386,294.44
s08-r1-disconnect_trial-0.5,8,1,disconnect_trial,0.5,37,300.8,301.28,0.5,0.47999999999996135,302,1.52,1.56052,1.0400000000000387,1.0805200000000386,302.32
s08-r1-disconnect_trial-0.5,8,1,disconnect_trial,0.5,38,308.64,309.16,0.5,0.5200000000000387,310,1.52,1.56017,0.9999999999999614,1.0401699999999614,310.15999999999997
s08-r1-disconnect_trial-0.5,8,1,disconnect_trial,0.5,39,316.36,316.84,0.5,0.47999999999996135,317,1.52,1.56077,1.0400000000000387,1.0807700000000386,317.88
s08-r1-disconnect_trial-0.5,8,1,disconnect_trial,0.5,40,324.68,325.16,0.5,0.4800000000000182,326,1.52,1.55958,1.0399999999999818,1.0795799999999818,326.2
s08-r1-disconnect_trial-0.5,8,1,disconnect_trial,0.5,41,332.6,333.08,0.5,0.47999999999996135,334,1.52,1.55984,1.0400000000000387,1.0798400000000385,334.12
s08-r1-disconnect_trial-0.5,8,1,disconnect_trial,0.5,42,340.56,341.04,0.5,0.4800000000000182,342,1.52,1.55997,1.0399999999999818,1.0799699999999819,342.08
s08-r1-disconnect_trial-0.5,8,1,disconnect_trial,0.5,43,349.0,349.52,0.5,0.5199999999999818,350,1.52,1.5598,1.0000000000000182,1.0398000000000183,350.52
s08-r1-disconnect_trial-0.5,8,1,disconnect_trial,0.5,44,356.64,357.16,0.5,0.5200000000000387,358,1.52,1.55588,0.9999999999999614,1.0358799999999613,358.15999999999997
s08-r1-disconnect_trial-0.5,8,1,disconnect_trial,0.5,45,364.36,364.84,0.5,0.47999999999996135,365,1.52,1.55975,1.0400000000000387,1.0797500000000386,365.88
s08-r1-disconnect_trial-0.5,8,1,disconnect_trial,0.5,46,372.8,373.32,0.5,0.5199999999999818,374,1.52,1.56024,1.0000000000000182,1.0402400000000183,374.32
s08-r1-disconnect_trial-0.5,8,1,disconnect_trial,0.5,47,381.04,381.56,0.5,0.5199999999999818,382,1.52,1.56007,1.0000000000000182,1.0400700000000183,382.56
s08-r1-disconnect_trial-1,8,1,disconnect_trial,1.0,0,3.0,4.0,1.0,1.0,4,1.52,1.55992,0.52,0.55992,4.52
s08-r1-disconnect_trial-1,8,1,disconnect_trial,1.0,1,11.04,12.04,1.0,1.0,12,1.52,1.5601,0.52,0.5601,12.559999999999999
s08-r1-disconnect_trial-1,8,1,disconnect_trial,1.0,2,18.72,19.72,1.0,1.0,20,1.52,1.5591,0.52,0.5590999999999999,20.24
s08-r1-disconnect_trial-1,8,1,disconnect_trial,1.0,3,26.52,27.52,1.0,1.0,28,1.52,1.5594,0.52,0.5593999999999999,28.04
s08-r1-disconnect_trial-1,8,1,disconnect_trial,1.0,4,34.56,35.56,1.0,1.0,36,1.52,1.55897,0.52,0.55897,36.080000000000005
s08-r1-disconnect_trial-1,8,1,disconnect_trial,1.0,5,43.0,44.0,1.0,1.0,44,1.52,1.55986,0.52,0.55986,44.52
s08-r1-disconnect_trial-1,8,1,disconnect_trial,1.0,6,50.64,51.64,1.0,1.0,52,1.52,1.55891,0.52,0.55891,52.160000000000004
s08-r1-disconnect_trial-1,8,1,disconnect_trial,1.0,7,58.84,59.84,1.0,1.0,60,1.52,1.5592,0.52,0.5591999999999999,60.36000000000001
s08-r1-disconnect_trial-1,8,1,disconnect_trial,1.0,8,66.56,67.56,1.0,1.0,68,1.52,1.56095,0.52,0.5609500000000001,68.08
s08-r1-disconnect_trial-1,8,1,disconnect_trial,1.0,9,74.56,75.56,1.0,1.0,76,1.52,1.55921,0.52,0.55921,76.08
s08-r1-disconnect_trial-1,8,1,disconnect_trial,1.0,10,82.2,83.2,1.0,1.0,83,1.52,1.55939,0.52,0.55939,83.72
s08-r1-disconnect_trial-1,8,1,disconnect_trial,1.0,11,89.76,90.76,1.0,1.0,91,1.52,1.5597,0.52,0.5597000000000001,91.28
s08-r1-disconnect_trial-1,8,1,disconnect_trial,1.0,12,97.68,98.68,1.0,1.0,99,1.52,1.56362,0.52,0.56362,99.2
s08-r1-disconnect_trial-1,8,1,disconnect_trial,1.0,13,105.44,106.44,1.0,1.0,106,1.52,1.55896,0.52,0.5589599999999999,106.96
s08-r1-disconnect_trial-1,8,1,disconnect_trial,1.0,14,113.32,114.32,1.0,1.0,114,1.52,1.5636,0.52,0.5636000000000001,114.83999999999999
s08-r1-disconnect_trial-1,8,1,disconnect_trial,1.0,15,121.8,122.8,1.0,1.0,123,1.52,1.55951,0.52,0.55951,123.32
s08-r1-disconnect_trial-1,8,1,disconnect_trial,1.0,16,129.8,130.8,1.0,1.0,131,1.52,1.56011,0.52,0.5601100000000001,131.32000000000002
s08-r1-disconnect_trial-1,8,1,disconnect_trial,1.0,17,138.08,139.08,1.0,1.0,139,1.52,1.55993,0.52,0.55993,139.60000000000002
s08-r1-disconnect_trial-1,8,1,disconnect_trial,1.0,18,146.24,147.24,1.0,1.0,147,1.52,1.56035,0.52,0.5603499999999999,147.76000000000002
s08-r1-disconnect_trial-1,8,1,disconnect_trial,1.0,19,154.48,155.48,1.0,1.0,156,1.52,1.56019,0.52,0.56019,156.0
s08-r1-disconnect_trial-1,8,1,disconnect_trial,1.0,20,162.76,163.76,1.0,1.0,164,1.52,1.55996,0.52,0.55996,164.28
s08-r1-disconnect_trial-1,8,1,disconnect_trial,1.0,21,171.08,172.08,1.0,1.0,172,1.52,1.56123,0.52,0.5612299999999999,172.60000000000002
s08-r1-disconnect_trial-1,8,1,disconnect_trial,1.0,22,178.72,179.72,1.0,1.0,180,1.52,1.5596,0.52,0.5596000000000001,180.24
s08-r1-disconnect_trial-1,8,1,disconnect_trial,1.0,23,186.88,187.88,1.0,1.0,188,1.52,1.56049,0.52,0.5604899999999999,188.4
s08-r1-disconnect_trial-1,8,1,disconnect_trial,1.0,24,194.68,195.68,1.0,1.0,196,1.52,1.56002,0.52,0.56002,196.20000000000002
s08-r1-disconnect_trial-1,8,1,disconnect_trial,1.0,25,202.52,203.52,1.0,1.0,204,1.52,1.5598,0.52,0.5598000000000001,204.04000000000002
s08-r1-disconnect_trial-1,8,1,disconnect_trial,1.0,26,210.92,211.92,1.0,1.0,212,1.52,1.5603,0.52,0.5603,212.44
s08-r1-disconnect_trial-1,8,1,disconnect_trial,1.0,27,218.96,219.96,1.0,1.0,220,1.52,1.56046,0.52,0.56046,220.48000000000002
s08-r1-disconnect_trial-1,8,1,disconnect_trial,1.0,28,226.84,227.84,1.0,1.0,228,1.52,1.5589,0.52,0.5589,228.36
s08-r1-disconnect_trial-1,8,1,disconnect_trial,1.0,29,234.96,235.96,1.0,1.0,236,1.52,1.55998,0.52,0.5599799999999999,236.48000000000002
s08-r1-disconnect_trial-1,8,1,disconnect_trial,1.0,30,243.24,244.24,1.0,1.0,244,1.52,1.55901,0.52,0.55901,244.76000000000002
s08-r1-disconnect_trial-1,8,1,disconnect_trial,1.0,31,251.68,252.68,1.0,1.0,253,1.52,1.55932,0.52,0.55932,253.20000000000002
s08-r1-disconnect_trial-1,8,1,disconnect_trial,1.0,32,260.04,261.04,1.0,1.0,261,1.52,1.55544,0.52,0.5554399999999999,261.56
s08-r1-disconnect_trial-1,8,1,disconnect_trial,1.0,33,268.4,269.4,1.0,1.0,269,1.52,1.56001,0.52,0.5600099999999999,269.91999999999996
s08-r1-disconnect_trial-1,8,1,disconnect_trial,1.0,34,276.56,277.56,1.0,1.0,278,1.52,1.55944,0.52,0.5594399999999999,278.08
s08-r1-disconnect_trial-1,8,1,disconnect_trial,1.0,35,284.84,285.84,1.0,1.0,286,1.52,1.56027,0.52,0.56027,286.35999999999996
s08-r1-disconnect_trial-1,8,1,disconnect_trial,1.0,36,292.92,293.92,1.0,1.0,294,1.52,1.56024,0.52,0.5602400000000001,294.44
s08-r1-disconnect_trial-1,8,1,disconnect_trial,1.0,37,300.8,301.8,1.0,1.0,302,1.52,1.56007,0.52,0.5600700000000001,302.32
s08-r1-disconnect_trial-1,8,1,disconnect_trial,1.0,38,308.64,309.64,1.0,1.0,310,1.52,1.55967,0.52,0.5596699999999999,310.15999999999997
s08-r1-disconnect_trial-1,8,1,disconnect_trial,1.0,39,316.36,317.36,1.0,1.0,317,1.52,1.55927,0.52,0.5592699999999999,317.88
s08-r1-disconnect_trial-1,8,1,disconnect_trial,1.0,40,324.68,325.68,1.0,1.0,326,1.52,1.55946,0.52,0.5594600000000001,326.2
s08-r1-disconnect_trial-1,8,1,disconnect_trial,1.0,41,332.6,333.6,1.0,1.0,334,1.52,1.5598,0.52,0.5598000000000001,334.12
s08-r1-disconnect_trial-1,8,1,disconnect_trial,1.0,42,340.56,341.56,1.0,1.0,342,1.52,1.56047,0.52,0.56047,342.08
s08-r1-disconnect_trial-1,8,1,disconnect_trial,1.0,43,349.0,350.0,1.0,1.0,350,1.52,1.55932,0.52,0.55932,350.52
s08-r1-disconnect_trial-1,8,1,disconnect_trial,1.0,44,356.64,357.64,1.0,1.0,358,1.52,1.56043,0.52,0.56043,358.15999999999997
s08-r1-disconnect_trial-1,8,1,disconnect_trial,1.0,45,364.36,365.36,1.0,1.0,365,1.52,1.55951,0.52,0.55951,365.88
s08-r1-disconnect_trial-1,8,1,disconnect_trial,1.0,46,372.8,373.8,1.0,1.0,374,1.52,1.55998,0.52,0.5599799999999999,374.32
s08-r1-disconnect_trial-1,8,1,disconnect_trial,1.0,47,381.04,382.04,1.0,1.0,382,1.52,1.55994,0.52,0.5599400000000001,382.56
s08-r1-disconnect_trial-2,8,1,disconnect_trial,2.0,0,3.0,5.0,2.0,2.0,5,2.52,2.55936,0.52,0.5593599999999999,5.52
s08-r1-disconnect_trial-2,8,1,disconnect_trial,2.0,1,11.04,13.04,2.0,2.0,13,2.52,2.55804,0.52,0.5580400000000001,13.559999999999999
s08-r1-disconnect_trial-2,8,1,disconnect_trial,2.0,2,18.72,20.72,2.0,2.0,21,2.52,2.5585,0.52,0.5585,21.24
s08-r1-disconnect_trial-2,8,1,disconnect_trial,2.0,3,26.52,28.52,2.0,2.0,29,2.52,2.55907,0.52,0.5590700000000002,29.04
s08-r1-disconnect_trial-2,8,1,disconnect_trial,2.0,4,34.56,36.56,2.0,2.0,37,2.52,2.5588,0.52,0.5588000000000002,37.080000000000005
s08-r1-disconnect_trial-2,8,1,disconnect_trial,2.0,5,43.0,45.0,2.0,2.0,45,2.52,2.56424,0.52,0.5642399999999999,45.52
s08-r1-disconnect_trial-2,8,1,disconnect_trial,2.0,6,50.64,52.64,2.0,2.0,53,2.52,2.5591,0.52,0.5590999999999999,53.160000000000004
s08-r1-disconnect_trial-2,8,1,disconnect_trial,2.0,7,58.84,60.84,2.0,2.0,61,2.52,2.55753,0.52,0.5575299999999999,61.36000000000001
s08-r1-disconnect_trial-2,8,1,disconnect_trial,2.0,8,66.56,68.56,2.0,2.0,69,2.52,2.56361,0.52,0.5636100000000002,69.08
s08-r1-disconnect_trial-2,8,1,disconnect_trial,2.0,9,74.56,76.56,2.0,2.0,77,2.52,2.55914,0.52,0.5591400000000002,77.08
s08-r1-disconnect_trial-2,8,1,disconnect_trial,2.0,10,82.2,84.2,2.0,2.0,84,2.52,2.55812,0.52,0.5581200000000002,84.72
s08-r1-disconnect_trial-2,8,1,disconnect_trial,2.0,11,89.76,91.76,2.0,2.0,92,2.52,2.55916,0.52,0.5591599999999999,92.28
s08-r1-disconnect_trial-2,8,1,disconnect_trial,2.0,12,97.68,99.68,2.0,2.0,100,2.52,2.56171,0.52,0.5617100000000002,100.2
s08-r1-disconnect_trial-2,8,1,disconnect_trial,2.0,13,105.44,107.44,2.0,2.0,107,2.52,2.56272,0.52,0.5627200000000001,107.96
s08-r1-disconnect_trial-2,8,1,disconnect_trial,2.0,14,113.32,115.32,2.0,2.0,115,2.52,2.56298,0.52,0.56298,115.83999999999999
s08-r1-disconnect_trial-2,8,1,disconnect_trial,2.0,15,121.8,123.8,2.0,2.0,124,2.52,2.55952,0.52,0.55952,124.32
s08-r1-disconnect_trial-2,8,1,disconnect_trial,2.0,16,129.8,131.8,2.0,2.0,132,2.52,2.56298,0.52,0.56298,132.32000000000002
s08-r1-disconnect_trial-2,8,1,disconnect_trial,2.0,17,138.08,140.08,2.0,2.0,140,2.52,2.55882,0.52,0.5588199999999999,140.60000000000002
s08-r1-disconnect_trial-2,8,1,disconnect_trial,2.0,18,146.24,148.24,2.0,2.0,148,2.52,2.55963,0.52,0.5596299999999998,148.76000000000002
s08-r1-disconnect_trial-2,8,1,disconnect_trial,2.0,19,154.48,156.48,2.0,2.0,157,2.52,2.56345,0.52,0.56345,157.0
s08-r1-disconnect_trial-2,8,1,disconnect_trial,2.0,20,162.76,164.76,2.0,2.0,165,2.52,2.55977,0.52,0.5597699999999999,165.28
s08-r1-disconnect_trial-2,8,1,disconnect_trial,2.0,21,171.08,173.08,2.0,2.0,173,2.52,2.56408,0.52,0.5640800000000001,173.60000000000002
s08-r1-disconnect_trial-2,8,1,disconnect_trial,2.0,22,178.72,180.72,2.0,2.0,181,2.52,2.5627,0.52,0.5627,181.24
s08-r1-disconnect_trial-2,8,1,disconnect_trial,2.0,23,186.88,188.88,2.0,2.0,189,2.52,2.55867,0.52,0.5586700000000002,189.4
s08-r1-disconnect_trial-2,8,1,disconnect_trial,2.0,24,194.68,196.68,2.0,2.0,197,2.52,2.56246,0.52,0.5624600000000002,197.20000000000002
s08-r1-disconnect_trial-2,8,1,disconnect_trial,2.0,25,202.52,204.52,2.0,2.0,205,2.52,2.5629,0.52,0.5629,205.04000000000002
s08-r1-disconnect_trial-2,8,1,disconnect_trial,2.0,26,210.92,212.92,2.0,2.0,213,2.52,2.55887,0.52,0.5588700000000002,213.44
s08-r1-disconnect_trial-2,8,1,disconnect_trial,2.0,27,218.96,220.96,2.0,2.0,221,2.52,2.55832,0.52,0.5583200000000001,221.48000000000002
s08-r1-disconnect_trial-2,8,1,disconnect_trial,2.0,28,226.84,228.84,2.0,2.0,229,2.52,2.56319,0.52,0.5631900000000001,229.36
s08-r1-disconnect_trial-2,8,1,disconnect_trial,2.0,29,234.96,236.96,2.0,2.0,237,2.52,2.56348,0.52,0.5634800000000002,237.48000000000002
s08-r1-disconnect_trial-2,8,1,disconnect_trial,2.0,30,243.24,245.24,2.0,2.0,245,2.52,2.55862,0.52,0.5586199999999999,245.76000000000002
s08-r1-disconnect_trial-2,8,1,disconnect_trial,2.0,31,251.68,253.68,2.0,2.0,254,2.52,2.55828,0.52,0.5582799999999999,254.20000000000002
s08-r1-disconnect_trial-2,8,1,disconnect_trial,2.0,32,260.04,262.04,2.0,2.0,262,2.52,2.56014,0.52,0.5601400000000001,262.56
s08-r1-disconnect_trial-2,8,1,disconnect_trial,2.0,33,268.4,270.4,2.0,2.0,270,2.52,2.56294,0.52,0.5629400000000002,270.91999999999996
s08-r1-disconnect_trial-2,8,1,disconnect_trial,2.0,34,276.56,278.56,2.0,2.0,279,2.52,2.55877,0.52,0.55877,279.08
s08-r1-disconnect_trial-2,8,1,disconnect_trial,2.0,35,284.84,286.84,2.0,2.0,287,2.52,2.56371,0.52,0.5637099999999999,287.35999999999996
s08-r1-disconnect_trial-2,8,1,disconnect_trial,2.0,36,292.92,294.92,2.0,2.0,295,2.52,2.5571,0.52,0.5571000000000002,295.44
s08-r1-disconnect_trial-2,8,1,disconnect_trial,2.0,37,300.8,302.8,2.0,2.0,303,2.52,2.56038,0.52,0.5603799999999999,303.32
s08-r1-disconnect_trial-2,8,1,disconnect_trial,2.0,38,308.64,310.64,2.0,2.0,311,2.52,2.55789,0.52,0.55789,311.15999999999997
s08-r1-disconnect_trial-2,8,1,disconnect_trial,2.0,39,316.36,318.36,2.0,2.0,318,2.52,2.55884,0.52,0.55884,318.88
s08-r1-disconnect_trial-2,8,1,disconnect_trial,2.0,40,324.68,326.68,2.0,2.0,327,2.52,2.55697,0.52,0.5569700000000002,327.2
s08-r1-disconnect_trial-2,8,1,disconnect_trial,2.0,41,332.6,334.6,2.0,2.0,335,2.52,2.5643,0.52,0.5642999999999998,335.12
s08-r1-disconnect_trial-2,8,1,disconnect_trial,2.0,42,340.56,342.56,2.0,2.0,343,2.52,2.56339,0.52,0.5633900000000001,343.08
s08-r1-disconnect_trial-2,8,1,disconnect_trial,2.0,43,349.0,351.0,2.0,2.0,351,2.52,2.55889,0.52,0.5588899999999999,351.52
s08-r1-disconnect_trial-2,8,1,disconnect_trial,2.0,44,356.64,358.64,2.0,2.0,359,2.52,2.55918,0.52,0.55918,359.15999999999997
s08-r1-disconnect_trial-2,8,1,disconnect_trial,2.0,45,364.36,366.36,2.0,2.0,366,2.52,2.55933,0.52,0.5593300000000001,366.88
s08-r1-disconnect_trial-2,8,1,disconnect_trial,2.0,46,372.8,374.8,2.0,2.0,375,2.52,2.55783,0.52,0.55783,375.32
s08-r1-disconnect_trial-2,8,1,disconnect_trial,2.0,47,381.04,383.04,2.0,2.0,383,2.52,2.55786,0.52,0.5578599999999998,383.56
s08-r2-disconnect-0.5,8,2,disconnect,0.5,0,23.2,23.68,0.5,0.4800000000000004,24,1.52,1.55994,1.0399999999999996,1.0799399999999997,24.72
s08-r2-disconnect-0.5,8,2,disconnect,0.5,1,84.84,85.36,0.5,0.519999999999996,86,1.52,1.55938,1.000000000000004,1.039380000000004,86.36
s08-r2-disconnect-0.5,8,2,disconnect,0.5,2,102.8,103.28,0.5,0.480000000000004,104,1.52,1.55967,1.039999999999996,1.079669999999996,104.32
s08-r2-disconnect-0.5,8,2,disconnect,0.5,3,267.64,268.12,0.5,0.4800000000000182,269,1.52,1.55865,1.0399999999999818,1.078649999999982,269.15999999999997
s08-r2-disconnect-0.5,8,2,disconnect,0.5,4,348.44,348.92,0.5,0.4800000000000182,349,1.52,1.55979,1.0399999999999818,1.0797899999999818,349.96
s08-r2-disconnect-1,8,2,disconnect,1.0,0,72.08,73.08,1.0,1.0,73,1.52,1.55891,0.52,0.55891,73.6
s08-r2-disconnect-1,8,2,disconnect,1.0,1,151.96,152.96,1.0,1.0,153,1.52,1.55931,0.52,0.55931,153.48000000000002
s08-r2-disconnect-1,8,2,disconnect,1.0,2,259.72,260.72,1.0,1.0,261,1.52,1.55989,0.52,0.55989,261.24
s08-r2-disconnect-1,8,2,disconnect,1.0,3,345.04,346.04,1.0,1.0,346,1.52,1.55983,0.52,0.55983,346.56
s08-r2-disconnect-1,8,2,disconnect,1.0,4,369.96,370.96,1.0,1.0,371,1.52,1.56001,0.52,0.5600099999999999,371.47999999999996
s08-r2-disconnect-3,8,2,disconnect,3.0,0,184.16,187.16,3.0,3.0,187,3.56,3.5982,0.56,0.5981999999999998,187.72
s08-r2-disconnect-3,8,2,disconnect,3.0,1,192.16,195.16,3.0,3.0,195,3.52,3.56142,0.52,0.56142,195.68
s08-r2-disconnect-3,8,2,disconnect,3.0,2,297.36,300.36,3.0,3.0,300,3.52,3.55951,0.52,0.55951,300.88
s08-r2-disconnect-3,8,2,disconnect,3.0,3,320.12,323.12,3.0,3.0,323,3.52,3.56298,0.52,0.56298,323.64
s08-r2-disconnect-3,8,2,disconnect,3.0,4,328.12,331.12,3.0,3.0,331,3.52,3.55851,0.52,0.5585100000000001,331.64
s08-r2-disconnect_trial-0.5,8,2,disconnect_trial,0.5,0,3.0,3.52,0.5,0.52,4,1.52,1.56015,1.0,1.04015,4.52
s08-r2-disconnect_trial-0.5,8,2,disconnect_trial,0.5,1,11.04,11.52,0.5,0.4800000000000004,12,1.52,1.55964,1.0399999999999996,1.0796399999999995,12.559999999999999
s08-r2-disconnect_trial-0.5,8,2,disconnect_trial,0.5,2,18.72,19.2,0.5,0.4800000000000004,20,1.52,1.55881,1.0399999999999996,1.0788099999999996,20.24
s08-r2-disconnect_trial-0.5,8,2,disconnect_trial,0.5,3,26.52,27.0,0.5,0.4800000000000004,28,1.52,1.56007,1.0399999999999996,1.0800699999999996,28.04
s08-r2-disconnect_trial-0.5,8,2,disconnect_trial,0.5,4,34.56,35.04,0.5,0.4799999999999969,36,1.52,1.55848,1.0400000000000031,1.0784800000000032,36.080000000000005
s08-r2-disconnect_trial-0.5,8,2,disconnect_trial,0.5,5,43.0,43.48,0.5,0.4799999999999969,44,1.52,1.55924,1.0400000000000031,1.079240000000003,44.52
s08-r2-disconnect_trial-0.5,8,2,disconnect_trial,0.5,6,50.64,51.16,0.5,0.519999999999996,52,1.52,1.55936,1.000000000000004,1.039360000000004,52.160000000000004
s08-r2-disconnect_trial-0.5,8,2,disconnect_trial,0.5,7,58.84,59.36,0.5,0.519999999999996,60,1.52,1.55875,1.000000000000004,1.038750000000004,60.36000000000001
s08-r2-disconnect_trial-0.5,8,2,disconnect_trial,0.5,8,66.56,67.08,0.5,0.519999999999996,68,1.52,1.56343,1.000000000000004,1.043430000000004,68.08
s08-r2-disconnect_trial-0.5,8,2,disconnect_trial,0.5,9,74.56,75.08,0.5,0.519999999999996,76,1.52,1.55949,1.000000000000004,1.039490000000004,76.08
s08-r2-disconnect_trial-0.5,8,2,disconnect_trial,0.5,10,82.2,82.68,0.5,0.480000000000004,83,1.52,1.56376,1.039999999999996,1.083759999999996,83.72
s08-r2-disconnect_trial-0.5,8,2,disconnect_trial,0.5,11,89.76,90.28,0.5,0.519999999999996,91,1.52,1.55918,1.000000000000004,1.039180000000004,91.28
s08-r2-disconnect_trial-0.5,8,2,disconnect_trial,0.5,12,97.68,98.16,0.5,0.47999999999998977,99,1.52,1.56095,1.0400000000000102,1.0809500000000103,99.2
s08-r2-disconnect_trial-0.5,8,2,disconnect_trial,0.5,13,105.44,105.92,0.5,0.480000000000004,106,1.52,1.55995,1.039999999999996,1.079949999999996,106.96
s08-r2-disconnect_trial-0.5,8,2,disconnect_trial,0.5,14,113.32,113.8,0.5,0.480000000000004,114,1.52,1.55895,1.039999999999996,1.078949999999996,114.83999999999999
s08-r2-disconnect_trial-0.5,8,2,disconnect_trial,0.5,15,121.8,122.28,0.5,0.480000000000004,123,1.52,1.55924,1.039999999999996,1.079239999999996,123.32
s08-r2-disconnect_trial-0.5,8,2,disconnect_trial,0.5,16,129.8,130.32,0.5,0.5199999999999818,131,1.52,1.56346,1.0000000000000182,1.0434600000000183,131.32000000000002
s08-r2-disconnect_trial-0.5,8,2,disconnect_trial,0.5,17,138.08,138.6,0.5,0.5199999999999818,139,1.52,1.55974,1.0000000000000182,1.039740000000018,139.60000000000002
s08-r2-disconnect_trial-0.5,8,2,disconnect_trial,0.5,18,146.24,146.72,0.5,0.47999999999998977,147,1.52,1.55941,1.0400000000000102,1.0794100000000102,147.76000000000002
s08-r2-disconnect_trial-0.5,8,2,disconnect_trial,0.5,19,154.48,155.0,0.5,0.5200000000000102,156,1.52,1.55965,0.9999999999999898,1.0396499999999897,156.0
s08-r2-disconnect_trial-0.5,8,2,disconnect_trial,0.5,20,162.76,163.28,0.5,0.5200000000000102,164,1.52,1.56451,0.9999999999999898,1.0445099999999898,164.28
s08-r2-disconnect_trial-0.5,8,2,disconnect_trial,0.5,21,171.08,171.6,0.5,0.5199999999999818,172,1.52,1.55965,1.0000000000000182,1.0396500000000182,172.60000000000002
s08-r2-disconnect_trial-0.5,8,2,disconnect_trial,0.5,22,178.72,179.24,0.5,0.5200000000000102,180,1.52,1.56309,0.9999999999999898,1.0430899999999899,180.24
s08-r2-disconnect_trial-0.5,8,2,disconnect_trial,0.5,23,186.88,187.36,0.5,0.4800000000000182,188,1.52,1.55976,1.0399999999999818,1.0797599999999818,188.4
s08-r2-disconnect_trial-0.5,8,2,disconnect_trial,0.5,24,194.68,195.16,0.5,0.47999999999998977,196,1.52,1.55936,1.0400000000000102,1.0793600000000103,196.20000000000002
s08-r2-disconnect_trial-0.5,8,2,disconnect_trial,0.5,25,202.52,203.0,0.5,0.47999999999998977,204,1.52,1.55881,1.0400000000000102,1.0788100000000103,204.04000000000002
s08-r2-disconnect_trial-0.5,8,2,disconnect_trial,0.5,26,210.92,211.44,0.5,0.5200000000000102,212,1.52,1.55921,0.9999999999999898,1.0392099999999898,212.44
s08-r2-disconnect_trial-0.5,8,2,disconnect_trial,0.5,27,218.96,219.44,0.5,0.47999999999998977,220,1.52,1.55853,1.0400000000000102,1.0785300000000102,220.48000000000002
s08-r2-disconnect_trial-0.5,8,2,disconnect_trial,0.5,28,226.84,227.36,0.5,0.5200000000000102,228,1.52,1.5596,0.9999999999999898,1.0395999999999899,228.36
s08-r2-disconnect_trial-0.5,8,2,disconnect_trial,0.5,29,234.96,235.44,0.5,0.47999999999998977,236,1.52,1.5599,1.0400000000000102,1.0799000000000103,236.48000000000002
s08-r2-disconnect_trial-0.5,8,2,disconnect_trial,0.5,30,243.24,243.72,0.5,0.47999999999998977,244,1.52,1.55992,1.0400000000000102,1.0799200000000102,244.76000000000002
s08-r2-disconnect_trial-0.5,8,2,disconnect_trial,0.5,31,251.68,252.16,0.5,0.47999999999998977,253,1.52,1.56026,1.0400000000000102,1.0802600000000102,253.20000000000002
s08-r2-disconnect_trial-0.5,8,2,disconnect_trial,0.5,32,260.04,260.52,0.5,0.47999999999996135,261,1.52,1.55964,1.0400000000000387,1.0796400000000386,261.56
s08-r2-disconnect_trial-0.5,8,2,disconnect_trial,0.5,33,268.4,268.88,0.5,0.4800000000000182,269,1.52,1.5596,1.0399999999999818,1.079599999999982,269.91999999999996
s08-r2-disconnect_trial-0.5,8,2,disconnect_trial,0.5,34,276.56,277.08,0.5,0.5199999999999818,278,1.52,1.55939,1.0000000000000182,1.0393900000000182,278.08
s08-r2-disconnect_trial-0.5,8,2,disconnect_trial,0.5,35,284.84,285.32,0.5,0.4800000000000182,286,1.52,1.55931,1.0399999999999818,1.0793099999999818,286.35999999999996
s08-r2-disconnect_trial-0.5,8,2,disconnect_trial,0.5,36,292.92,293.4,0.5,0.47999999999996135,294,1.52,1.55998,1.0400000000000387,1.0799800000000386,294.44
s08-r2-disconnect_trial-0.5,8,2,disconnect_trial,0.5,37,300.8,301.28,0.5,0.47999999999996135,302,1.52,1.55937,1.0400000000000387,1.0793700000000386,302.32
s08-r2-disconnect_trial-0.5,8,2,disconnect_trial,0.5,38,308.64,309.16,0.5,0.5200000000000387,310,1.52,1.55853,0.9999999999999614,1.0385299999999613,310.15999999999997
s08-r2-disconnect_trial-0.5,8,2,disconnect_trial,0.5,39,316.36,316.84,0.5,0.47999999999996135,317,1.52,1.55906,1.0400000000000387,1.0790600000000385,317.88
s08-r2-disconnect_trial-0.5,8,2,disconnect_trial,0.5,40,324.68,325.16,0.5,0.4800000000000182,326,1.52,1.55961,1.0399999999999818,1.0796099999999818,326.2
s08-r2-disconnect_trial-0.5,8,2,disconnect_trial,0.5,41,332.6,333.08,0.5,0.47999999999996135,334,1.52,1.55501,1.0400000000000387,1.0750100000000387,334.12
s08-r2-disconnect_trial-0.5,8,2,disconnect_trial,0.5,42,340.56,341.04,0.5,0.4800000000000182,342,1.52,1.5586,1.0399999999999818,1.0785999999999818,342.08
s08-r2-disconnect_trial-0.5,8,2,disconnect_trial,0.5,43,349.0,349.52,0.5,0.5199999999999818,350,1.52,1.55995,1.0000000000000182,1.0399500000000181,350.52
s08-r2-disconnect_trial-0.5,8,2,disconnect_trial,0.5,44,356.64,357.16,0.5,0.5200000000000387,358,1.52,1.55973,0.9999999999999614,1.0397299999999614,358.15999999999997
s08-r2-disconnect_trial-0.5,8,2,disconnect_trial,0.5,45,364.36,364.84,0.5,0.47999999999996135,365,1.52,1.56461,1.0400000000000387,1.0846100000000387,365.88
s08-r2-disconnect_trial-0.5,8,2,disconnect_trial,0.5,46,372.8,373.32,0.5,0.5199999999999818,374,1.52,1.55914,1.0000000000000182,1.0391400000000182,374.32
s08-r2-disconnect_trial-0.5,8,2,disconnect_trial,0.5,47,381.04,381.56,0.5,0.5199999999999818,382,1.52,1.55861,1.0000000000000182,1.0386100000000182,382.56
s08-r2-disconnect_trial-1,8,2,disconnect_trial,1.0,0,3.0,4.0,1.0,1.0,4,1.52,1.55996,0.52,0.55996,4.52
s08-r2-disconnect_trial-1,8,2,disconnect_trial,1.0,1,11.04,12.04,1.0,1.0,12,1.52,1.56413,0.52,0.56413,12.559999999999999
s08-r2-disconnect_trial-1,8,2,disconnect_trial,1.0,2,18.72,19.72,1.0,1.0,20,1.52,1.55946,0.52,0.5594600000000001,20.24
s08-r2-disconnect_trial-1,8,2,disconnect_trial,1.0,3,26.52,27.52,1.0,1.0,28,1.52,1.55996,0.52,0.55996,28.04
s08-r2-disconnect_trial-1,8,2,disconnect_trial,1.0,4,34.56,35.56,1.0,1.0,36,1.52,1.55865,0.52,0.5586500000000001,36.080000000000005
s08-r2-disconnect_trial-1,8,2,disconnect_trial,1.0,5,43.0,44.0,1.0,1.0,44,1.52,1.55913,0.52,0.5591299999999999,44.52
s08-r2-disconnect_trial-1,8,2,disconnect_trial,1.0,6,50.64,51.64,1.0,1.0,52,1.52,1.559,0.52,0.5589999999999999,52.160000000000004
s08-r2-disconnect_trial-1,8,2,disconnect_trial,1.0,7,58.84,59.84,1.0,1.0,60,1.52,1.55914,0.52,0.55914,60.36000000000001
s08-r2-disconnect_trial-1,8,2,disconnect_trial,1.0,8,66.56,67.56,1.0,1.0,68,1.52,1.55924,0.52,0.55924,68.08
s08-r2-disconnect_trial-1,8,2,disconnect_trial,1.0,9,74.56,75.56,1.0,1.0,76,1.52,1.55948,0.52,0.55948,76.08
s08-r2-disconnect_trial-1,8,2,disconnect_trial,1.0,10,82.2,83.2,1.0,1.0,83,1.52,1.55965,0.52,0.55965,83.72
s08-r2-disconnect_trial-1,8,2,disconnect_trial,1.0,11,89.76,90.76,1.0,1.0,91,1.52,1.56006,0.52,0.56006,91.28
s08-r2-disconnect_trial-1,8,2,disconnect_trial,1.0,12,97.68,98.68,1.0,1.0,99,1.52,1.55913,0.52,0.5591299999999999,99.2
s08-r2-disconnect_trial-1,8,2,disconnect_trial,1.0,13,105.44,106.44,1.0,1.0,106,1.52,1.55992,0.52,0.55992,106.96
s08-r2-disconnect_trial-1,8,2,disconnect_trial,1.0,14,113.32,114.32,1.0,1.0,114,1.52,1.55847,0.52,0.55847,114.83999999999999
s08-r2-disconnect_trial-1,8,2,disconnect_trial,1.0,15,121.8,122.8,1.0,1.0,123,1.52,1.55896,0.52,0.5589599999999999,123.32
s08-r2-disconnect_trial-1,8,2,disconnect_trial,1.0,16,129.8,130.8,1.0,1.0,131,1.52,1.55974,0.52,0.5597399999999999,131.32000000000002
s08-r2-disconnect_trial-1,8,2,disconnect_trial,1.0,17,138.08,139.08,1.0,1.0,139,1.52,1.5589,0.52,0.5589,139.60000000000002
s08-r2-disconnect_trial-1,8,2,disconnect_trial,1.0,18,146.24,147.24,1.0,1.0,147,1.52,1.5648,0.52,0.5648,147.76000000000002
s08-r2-disconnect_trial-1,8,2,disconnect_trial,1.0,19,154.48,155.48,1.0,1.0,156,1.52,1.56491,0.52,0.56491,156.0
s08-r2-disconnect_trial-1,8,2,disconnect_trial,1.0,20,162.76,163.76,1.0,1.0,164,1.52,1.55987,0.52,0.5598700000000001,164.28
s08-r2-disconnect_trial-1,8,2,disconnect_trial,1.0,21,171.08,172.08,1.0,1.0,172,1.52,1.55971,0.52,0.5597099999999999,172.60000000000002
s08-r2-disconnect_trial-1,8,2,disconnect_trial,1.0,22,178.72,179.72,1.0,1.0,180,1.52,1.55898,0.52,0.55898,180.24
s08-r2-disconnect_trial-1,8,2,disconnect_trial,1.0,23,186.88,187.88,1.0,1.0,188,1.52,1.55973,0.52,0.5597300000000001,188.4
s08-r2-disconnect_trial-1,8,2,disconnect_trial,1.0,24,194.68,195.68,1.0,1.0,196,1.52,1.55919,0.52,0.5591900000000001,196.20000000000002
s08-r2-disconnect_trial-1,8,2,disconnect_trial,1.0,25,202.52,203.52,1.0,1.0,204,1.52,1.55903,0.52,0.5590299999999999,204.04000000000002
s08-r2-disconnect_trial-1,8,2,disconnect_trial,1.0,26,210.92,211.92,1.0,1.0,212,1.52,1.56472,0.52,0.5647200000000001,212.44
s08-r2-disconnect_trial-1,8,2,disconnect_trial,1.0,27,218.96,219.96,1.0,1.0,220,1.52,1.55518,0.52,0.55518,220.48000000000002
s08-r2-disconnect_trial-1,8,2,disconnect_trial,1.0,28,226.84,227.84,1.0,1.0,228,1.52,1.56012,0.52,0.56012,228.36
s08-r2-disconnect_trial-1,8,2,disconnect_trial,1.0,29,234.96,235.96,1.0,1.0,236,1.52,1.55998,0.52,0.5599799999999999,236.48000000000002
s08-r2-disconnect_trial-1,8,2,disconnect_trial,1.0,30,243.24,244.24,1.0,1.0,244,1.52,1.55928,0.52,0.55928,244.76000000000002
s08-r2-disconnect_trial-1,8,2,disconnect_trial,1.0,31,251.68,252.68,1.0,1.0,253,1.52,1.55942,0.52,0.55942,253.20000000000002
s08-r2-disconnect_trial-1,8,2,disconnect_trial,1.0,32,260.04,261.04,1.0,1.0,261,1.52,1.5588,0.52,0.5588,261.56
s08-r2-disconnect_trial-1,8,2,disconnect_trial,1.0,33,268.4,269.4,1.0,1.0,269,1.52,1.55953,0.52,0.5595300000000001,269.91999999999996
s08-r2-disconnect_trial-1,8,2,disconnect_trial,1.0,34,276.56,277.56,1.0,1.0,278,1.52,1.55729,0.52,0.5572900000000001,278.08
s08-r2-disconnect_trial-1,8,2,disconnect_trial,1.0,35,284.84,285.84,1.0,1.0,286,1.52,1.55934,0.52,0.55934,286.35999999999996
s08-r2-disconnect_trial-1,8,2,disconnect_trial,1.0,36,292.92,293.92,1.0,1.0,294,1.52,1.56471,0.52,0.56471,294.44
s08-r2-disconnect_trial-1,8,2,disconnect_trial,1.0,37,300.8,301.8,1.0,1.0,302,1.52,1.55994,0.52,0.5599400000000001,302.32
s08-r2-disconnect_trial-1,8,2,disconnect_trial,1.0,38,308.64,309.64,1.0,1.0,310,1.52,1.55903,0.52,0.5590299999999999,310.15999999999997
s08-r2-disconnect_trial-1,8,2,disconnect_trial,1.0,39,316.36,317.36,1.0,1.0,317,1.52,1.55887,0.52,0.55887,317.88
s08-r2-disconnect_trial-1,8,2,disconnect_trial,1.0,40,324.68,325.68,1.0,1.0,326,1.52,1.55984,0.52,0.5598399999999999,326.2
s08-r2-disconnect_trial-1,8,2,disconnect_trial,1.0,41,332.6,333.6,1.0,1.0,334,1.52,1.55989,0.52,0.55989,334.12
s08-r2-disconnect_trial-1,8,2,disconnect_trial,1.0,42,340.56,341.56,1.0,1.0,342,1.52,1.56012,0.52,0.56012,342.08
s08-r2-disconnect_trial-1,8,2,disconnect_trial,1.0,43,349.0,350.0,1.0,1.0,350,1.52,1.55935,0.52,0.55935,350.52
s08-r2-disconnect_trial-1,8,2,disconnect_trial,1.0,44,356.64,357.64,1.0,1.0,358,1.52,1.55962,0.52,0.55962,358.15999999999997
s08-r2-disconnect_trial-1,8,2,disconnect_trial,1.0,45,364.36,365.36,1.0,1.0,365,1.52,1.55891,0.52,0.55891,365.88
s08-r2-disconnect_trial-1,8,2,disconnect_trial,1.0,46,372.8,373.8,1.0,1.0,374,1.52,1.55904,0.52,0.55904,374.32
s08-r2-disconnect_trial-1,8,2,disconnect_trial,1.0,47,381.04,382.04,1.0,1.0,382,1.52,1.56048,0.52,0.5604800000000001,382.56
s08-r2-disconnect_trial-2,8,2,disconnect_trial,2.0,0,3.0,5.0,2.0,2.0,5,2.52,2.55792,0.52,0.5579200000000002,5.52
s08-r2-disconnect_trial-2,8,2,disconnect_trial,2.0,1,11.04,13.04,2.0,2.0,13,2.52,2.55937,0.52,0.5593699999999999,13.559999999999999
s08-r2-disconnect_trial-2,8,2,disconnect_trial,2.0,2,18.72,20.72,2.0,2.0,21,2.52,2.56224,0.52,0.5622400000000001,21.24
s08-r2-disconnect_trial-2,8,2,disconnect_trial,2.0,3,26.52,28.52,2.0,2.0,29,2.52,2.56411,0.52,0.5641099999999999,29.04
s08-r2-disconnect_trial-2,8,2,disconnect_trial,2.0,4,34.56,36.56,2.0,2.0,37,2.52,2.55818,0.52,0.5581800000000001,37.080000000000005
s08-r2-disconnect_trial-2,8,2,disconnect_trial,2.0,5,43.0,45.0,2.0,2.0,45,2.52,2.56287,0.52,0.5628700000000002,45.52
s08-r2-disconnect_trial-2,8,2,disconnect_trial,2.0,6,50.64,52.64,2.0,2.0,53,2.52,2.55856,0.52,0.55856,53.160000000000004
s08-r2-disconnect_trial-2,8,2,disconnect_trial,2.0,7,58.84,60.84,2.0,2.0,61,2.52,2.56422,0.52,0.5642200000000002,61.36000000000001
s08-r2-disconnect_trial-2,8,2,disconnect_trial,2.0,8,66.56,68.56,2.0,2.0,69,2.52,2.55834,0.52,0.5583399999999998,69.08
s08-r2-disconnect_trial-2,8,2,disconnect_trial,2.0,9,74.56,76.56,2.0,2.0,77,2.52,2.55816,0.52,0.55816,77.08
s08-r2-disconnect_trial-2,8,2,disconnect_trial,2.0,10,82.2,84.2,2.0,2.0,84,2.52,2.55886,0.52,0.5588600000000001,84.72
s08-r2-disconnect_trial-2,8,2,disconnect_trial,2.0,11,89.76,91.76,2.0,2.0,92,2.52,2.55874,0.52,0.5587399999999998,92.28
s08-r2-disconnect_trial-2,8,2,disconnect_trial,2.0,12,97.68,99.68,2.0,2.0,100,2.52,2.55751,0.52,0.5575100000000002,100.2
s08-r2-disconnect_trial-2,8,2,disconnect_trial,2.0,13,105.44,107.44,2.0,2.0,107,2.52,2.55785,0.52,0.5578500000000002,107.96
s08-r2-disconnect_trial-2,8,2,disconnect_trial,2.0,14,113.32,115.32,2.0,2.0,115,2.52,2.55758,0.52,0.5575800000000002,115.83999999999999
s08-r2-disconnect_trial-2,8,2,disconnect_trial,2.0,15,121.8,123.8,2.0,2.0,124,2.52,2.56266,0.52,0.5626600000000002,124.32
s08-r2-disconnect_trial-2,8,2,disconnect_trial,2.0,16,129.8,131.8,2.0,2.0,132,2.52,2.55904,0.52,0.55904,132.32000000000002
s08-r2-disconnect_trial-2,8,2,disconnect_trial,2.0,17,138.08,140.08,2.0,2.0,140,2.52,2.55904,0.52,0.55904,140.60000000000002
s08-r2-disconnect_trial-2,8,2,disconnect_trial,2.0,18,146.24,148.24,2.0,2.0,148,2.52,2.55781,0.52,0.5578099999999999,148.76000000000002
s08-r2-disconnect_trial-2,8,2,disconnect_trial,2.0,19,154.48,156.48,2.0,2.0,157,2.52,2.55793,0.52,0.5579299999999998,157.0
s08-r2-disconnect_trial-2,8,2,disconnect_trial,2.0,20,162.76,164.76,2.0,2.0,165,2.52,2.55924,0.52,0.55924,165.28
s08-r2-disconnect_trial-2,8,2,disconnect_trial,2.0,21,171.08,173.08,2.0,2.0,173,2.52,2.55929,0.52,0.5592899999999998,173.60000000000002
s08-r2-disconnect_trial-2,8,2,disconnect_trial,2.0,22,178.72,180.72,2.0,2.0,181,2.52,2.56442,0.52,0.5644200000000001,181.24
s08-r2-disconnect_trial-2,8,2,disconnect_trial,2.0,23,186.88,188.88,2.0,2.0,189,2.52,2.56331,0.52,0.56331,189.4
s08-r2-disconnect_trial-2,8,2,disconnect_trial,2.0,24,194.68,196.68,2.0,2.0,197,2.52,2.55882,0.52,0.5588199999999999,197.20000000000002
s08-r2-disconnect_trial-2,8,2,disconnect_trial,2.0,25,202.52,204.52,2.0,2.0,205,2.52,2.5638,0.52,0.5638000000000001,205.04000000000002
s08-r2-disconnect_trial-2,8,2,disconnect_trial,2.0,26,210.92,212.92,2.0,2.0,213,2.52,2.5631,0.52,0.5630999999999999,213.44
s08-r2-disconnect_trial-2,8,2,disconnect_trial,2.0,27,218.96,220.96,2.0,2.0,221,2.52,2.55958,0.52,0.55958,221.48000000000002
s08-r2-disconnect_trial-2,8,2,disconnect_trial,2.0,28,226.84,228.84,2.0,2.0,229,2.52,2.55819,0.52,0.5581900000000002,229.36
s08-r2-disconnect_trial-2,8,2,disconnect_trial,2.0,29,234.96,236.96,2.0,2.0,237,2.52,2.55893,0.52,0.5589300000000001,237.48000000000002
s08-r2-disconnect_trial-2,8,2,disconnect_trial,2.0,30,243.24,245.24,2.0,2.0,245,2.52,2.5575,0.52,0.5575000000000001,245.76000000000002
s08-r2-disconnect_trial-2,8,2,disconnect_trial,2.0,31,251.68,253.68,2.0,2.0,254,2.52,2.55877,0.52,0.55877,254.20000000000002
s08-r2-disconnect_trial-2,8,2,disconnect_trial,2.0,32,260.04,262.04,2.0,2.0,262,2.52,2.5573,0.52,0.5573000000000001,262.56
s08-r2-disconnect_trial-2,8,2,disconnect_trial,2.0,33,268.4,270.4,2.0,2.0,270,2.52,2.55838,0.52,0.5583800000000001,270.91999999999996
s08-r2-disconnect_trial-2,8,2,disconnect_trial,2.0,34,276.56,278.56,2.0,2.0,279,2.52,2.55938,0.52,0.55938,279.08
s08-r2-disconnect_trial-2,8,2,disconnect_trial,2.0,35,284.84,286.84,2.0,2.0,287,2.52,2.55923,0.52,0.5592299999999999,287.35999999999996
s08-r2-disconnect_trial-2,8,2,disconnect_trial,2.0,36,292.92,294.92,2.0,2.0,295,2.52,2.55922,0.52,0.5592199999999998,295.44
s08-r2-disconnect_trial-2,8,2,disconnect_trial,2.0,37,300.8,302.8,2.0,2.0,303,2.52,2.55845,0.52,0.5584500000000001,303.32
s08-r2-disconnect_trial-2,8,2,disconnect_trial,2.0,38,308.64,310.64,2.0,2.0,311,2.52,2.55805,0.52,0.5580500000000002,311.15999999999997
s08-r2-disconnect_trial-2,8,2,disconnect_trial,2.0,39,316.36,318.36,2.0,2.0,318,2.52,2.56227,0.52,0.5622699999999998,318.88
s08-r2-disconnect_trial-2,8,2,disconnect_trial,2.0,40,324.68,326.68,2.0,2.0,327,2.52,2.55814,0.52,0.5581399999999999,327.2
s08-r2-disconnect_trial-2,8,2,disconnect_trial,2.0,41,332.6,334.6,2.0,2.0,335,2.52,2.56288,0.52,0.5628799999999998,335.12
s08-r2-disconnect_trial-2,8,2,disconnect_trial,2.0,42,340.56,342.56,2.0,2.0,343,2.52,2.55982,0.52,0.5598200000000002,343.08
s08-r2-disconnect_trial-2,8,2,disconnect_trial,2.0,43,349.0,351.0,2.0,2.0,351,2.52,2.55965,0.52,0.55965,351.52
s08-r2-disconnect_trial-2,8,2,disconnect_trial,2.0,44,356.64,358.64,2.0,2.0,359,2.52,2.55888,0.52,0.5588799999999998,359.15999999999997
s08-r2-disconnect_trial-2,8,2,disconnect_trial,2.0,45,364.36,366.36,2.0,2.0,366,2.52,2.56315,0.52,0.5631499999999998,366.88
s08-r2-disconnect_trial-2,8,2,disconnect_trial,2.0,46,372.8,374.8,2.0,2.0,375,2.52,2.563,0.52,0.5630000000000002,375.32
s08-r2-disconnect_trial-2,8,2,disconnect_trial,2.0,47,381.04,383.04,2.0,2.0,383,2.52,2.55909,0.52,0.5590899999999999,383.56
s08-r3-disconnect-0.5,8,3,disconnect,0.5,0,81.56,82.08,0.5,0.519999999999996,83,1.52,1.55965,1.000000000000004,1.039650000000004,83.08
s08-r3-disconnect-0.5,8,3,disconnect,0.5,1,93.56,94.04,0.5,0.480000000000004,95,1.52,1.55977,1.039999999999996,1.0797699999999961,95.08
s08-r3-disconnect-0.5,8,3,disconnect,0.5,2,294.88,295.4,0.5,0.5199999999999818,296,1.52,1.5617,1.0000000000000182,1.0417000000000183,296.4
s08-r3-disconnect-0.5,8,3,disconnect,0.5,3,358.24,358.72,0.5,0.4800000000000182,359,1.52,1.55937,1.0399999999999818,1.0793699999999817,359.76
s08-r3-disconnect-0.5,8,3,disconnect,0.5,4,363.72,364.24,0.5,0.5199999999999818,365,1.52,1.5595,1.0000000000000182,1.0395000000000183,365.24
s08-r3-disconnect-1,8,3,disconnect,1.0,0,25.2,26.2,1.0,1.0,26,1.52,1.56404,0.52,0.5640400000000001,26.72
s08-r3-disconnect-1,8,3,disconnect,1.0,1,128.64,129.64,1.0,1.0,130,1.56,1.59986,0.56,0.5998600000000001,130.2
s08-r3-disconnect-1,8,3,disconnect,1.0,2,239.44,240.44,1.0,1.0,240,1.52,1.55919,0.52,0.5591900000000001,240.96
s08-r3-disconnect-1,8,3,disconnect,1.0,3,269.24,270.24,1.0,1.0,270,1.52,1.55951,0.52,0.55951,270.76
s08-r3-disconnect-1,8,3,disconnect,1.0,4,369.88,370.88,1.0,1.0,371,1.52,1.55941,0.52,0.55941,371.4
s08-r3-disconnect-3,8,3,disconnect,3.0,0,31.08,34.08,3.0,3.0,34,3.56,3.59762,0.56,0.59762,34.64
s08-r3-disconnect-3,8,3,disconnect,3.0,1,79.64,82.64,3.0,3.0,83,3.52,3.56209,0.52,0.56209,83.16
s08-r3-disconnect-3,8,3,disconnect,3.0,2,91.76,94.76,3.0,3.0,95,3.52,3.5618,0.52,0.5617999999999999,95.28
s08-r3-disconnect-3,8,3,disconnect,3.0,3,174.56,177.56,3.0,3.0,178,3.52,3.55898,0.52,0.55898,178.08
s08-r3-disconnect-3,8,3,disconnect,3.0,4,223.6,226.6,3.0,3.0,227,3.52,3.55836,0.52,0.55836,227.12
s08-r3-disconnect_trial-0.5,8,3,disconnect_trial,0.5,0,3.0,3.52,0.5,0.52,4,1.52,1.56064,1.0,1.04064,4.52
s08-r3-disconnect_trial-0.5,8,3,disconnect_trial,0.5,1,11.04,11.52,0.5,0.4800000000000004,12,1.52,1.55917,1.0399999999999996,1.0791699999999995,12.559999999999999
s08-r3-disconnect_trial-0.5,8,3,disconnect_trial,0.5,2,18.72,19.2,0.5,0.4800000000000004,20,1.52,1.5597,1.0399999999999996,1.0796999999999997,20.24
s08-r3-disconnect_trial-0.5,8,3,disconnect_trial,0.5,3,26.52,27.0,0.5,0.4800000000000004,28,1.52,1.55953,1.0399999999999996,1.0795299999999997,28.04
s08-r3-disconnect_trial-0.5,8,3,disconnect_trial,0.5,4,34.56,35.04,0.5,0.4799999999999969,36,1.52,1.55961,1.0400000000000031,1.079610000000003,36.080000000000005
s08-r3-disconnect_trial-0.5,8,3,disconnect_trial,0.5,5,43.0,43.48,0.5,0.4799999999999969,44,1.52,1.55891,1.0400000000000031,1.0789100000000031,44.52
s08-r3-disconnect_trial-0.5,8,3,disconnect_trial,0.5,6,50.64,51.16,0.5,0.519999999999996,52,1.52,1.5594,1.000000000000004,1.0394000000000039,52.160000000000004
s08-r3-disconnect_trial-0.5,8,3,disconnect_trial,0.5,7,58.84,59.36,0.5,0.519999999999996,60,1.52,1.55919,1.000000000000004,1.039190000000004,60.36000000000001
s08-r3-disconnect_trial-0.5,8,3,disconnect_trial,0.5,8,66.56,67.08,0.5,0.519999999999996,68,1.52,1.56002,1.000000000000004,1.040020000000004,68.08
s08-r3-disconnect_trial-0.5,8,3,disconnect_trial,0.5,9,74.56,75.08,0.5,0.519999999999996,76,1.52,1.56376,1.000000000000004,1.043760000000004,76.08
s08-r3-disconnect_trial-0.5,8,3,disconnect_trial,0.5,10,82.2,82.68,0.5,0.480000000000004,83,1.52,1.56465,1.039999999999996,1.0846499999999961,83.72
s08-r3-disconnect_trial-0.5,8,3,disconnect_trial,0.5,11,89.76,90.28,0.5,0.519999999999996,91,1.52,1.55955,1.000000000000004,1.039550000000004,91.28
s08-r3-disconnect_trial-0.5,8,3,disconnect_trial,0.5,12,97.68,98.16,0.5,0.47999999999998977,99,1.52,1.55867,1.0400000000000102,1.0786700000000102,99.2
s08-r3-disconnect_trial-0.5,8,3,disconnect_trial,0.5,13,105.44,105.92,0.5,0.480000000000004,106,1.52,1.55987,1.039999999999996,1.079869999999996,106.96
s08-r3-disconnect_trial-0.5,8,3,disconnect_trial,0.5,14,113.32,113.8,0.5,0.480000000000004,114,1.52,1.56028,1.039999999999996,1.080279999999996,114.83999999999999
s08-r3-disconnect_trial-0.5,8,3,disconnect_trial,0.5,15,121.8,122.28,0.5,0.480000000000004,123,1.52,1.5598,1.039999999999996,1.079799999999996,123.32
s08-r3-disconnect_trial-0.5,8,3,disconnect_trial,0.5,16,129.8,130.32,0.5,0.5199999999999818,131,1.52,1.55932,1.0000000000000182,1.0393200000000182,131.32000000000002
s08-r3-disconnect_trial-0.5,8,3,disconnect_trial,0.5,17,138.08,138.6,0.5,0.5199999999999818,139,1.52,1.55931,1.0000000000000182,1.0393100000000182,139.60000000000002
s08-r3-disconnect_trial-0.5,8,3,disconnect_trial,0.5,18,146.24,146.72,0.5,0.47999999999998977,147,1.52,1.55982,1.0400000000000102,1.0798200000000102,147.76000000000002
s08-r3-disconnect_trial-0.5,8,3,disconnect_trial,0.5,19,154.48,155.0,0.5,0.5200000000000102,156,1.52,1.55858,0.9999999999999898,1.0385799999999898,156.0
s08-r3-disconnect_trial-0.5,8,3,disconnect_trial,0.5,20,162.76,163.28,0.5,0.5200000000000102,164,1.52,1.55966,0.9999999999999898,1.0396599999999898,164.28
s08-r3-disconnect_trial-0.5,8,3,disconnect_trial,0.5,21,171.08,171.6,0.5,0.5199999999999818,172,1.52,1.5591,1.0000000000000182,1.0391000000000181,172.60000000000002
s08-r3-disconnect_trial-0.5,8,3,disconnect_trial,0.5,22,178.72,179.24,0.5,0.5200000000000102,180,1.52,1.55962,0.9999999999999898,1.0396199999999898,180.24
s08-r3-disconnect_trial-0.5,8,3,disconnect_trial,0.5,23,186.88,187.36,0.5,0.4800000000000182,188,1.52,1.55944,1.0399999999999818,1.0794399999999817,188.4
s08-r3-disconnect_trial-0.5,8,3,disconnect_trial,0.5,24,194.68,195.16,0.5,0.47999999999998977,196,1.52,1.55968,1.0400000000000102,1.0796800000000102,196.20000000000002
s08-r3-disconnect_trial-0.5,8,3,disconnect_trial,0.5,25,202.52,203.0,0.5,0.47999999999998977,204,1.52,1.55973,1.0400000000000102,1.0797300000000103,204.04000000000002
s08-r3-disconnect_trial-0.5,8,3,disconnect_trial,0.5,26,210.92,211.44,0.5,0.5200000000000102,212,1.52,1.56382,0.9999999999999898,1.0438199999999898,212.44
s08-r3-disconnect_trial-0.5,8,3,disconnect_trial,0.5,27,218.96,219.44,0.5,0.47999999999998977,220,1.52,1.55999,1.0400000000000102,1.0799900000000102,220.48000000000002
s08-r3-disconnect_trial-0.5,8,3,disconnect_trial,0.5,28,226.84,227.36,0.5,0.5200000000000102,228,1.52,1.56416,0.9999999999999898,1.0441599999999898,228.36
s08-r3-disconnect_trial-0.5,8,3,disconnect_trial,0.5,29,234.96,235.44,0.5,0.47999999999998977,236,1.52,1.56021,1.0400000000000102,1.0802100000000103,236.48000000000002
s08-r3-disconnect_trial-0.5,8,3,disconnect_trial,0.5,30,243.24,243.72,0.5,0.47999999999998977,244,1.52,1.55985,1.0400000000000102,1.0798500000000102,244.76000000000002
s08-r3-disconnect_trial-0.5,8,3,disconnect_trial,0.5,31,251.68,252.16,0.5,0.47999999999998977,253,1.52,1.55997,1.0400000000000102,1.0799700000000103,253.20000000000002
s08-r3-disconnect_trial-0.5,8,3,disconnect_trial,0.5,32,260.04,260.52,0.5,0.47999999999996135,261,1.52,1.56016,1.0400000000000387,1.0801600000000386,261.56
s08-r3-disconnect_trial-0.5,8,3,disconnect_trial,0.5,33,268.4,268.88,0.5,0.4800000000000182,269,1.52,1.56413,1.0399999999999818,1.0841299999999818,269.91999999999996
s08-r3-disconnect_trial-0.5,8,3,disconnect_trial,0.5,34,276.56,277.08,0.5,0.5199999999999818,278,1.52,1.55977,1.0000000000000182,1.0397700000000183,278.08
s08-r3-disconnect_trial-0.5,8,3,disconnect_trial,0.5,35,284.84,285.32,0.5,0.4800000000000182,286,1.52,1.55937,1.0399999999999818,1.0793699999999817,286.35999999999996
s08-r3-disconnect_trial-0.5,8,3,disconnect_trial,0.5,36,292.92,293.4,0.5,0.47999999999996135,294,1.52,1.56452,1.0400000000000387,1.0845200000000386,294.44
s08-r3-disconnect_trial-0.5,8,3,disconnect_trial,0.5,37,300.8,301.28,0.5,0.47999999999996135,302,1.52,1.55956,1.0400000000000387,1.0795600000000387,302.32
s08-r3-disconnect_trial-0.5,8,3,disconnect_trial,0.5,38,308.64,309.16,0.5,0.5200000000000387,310,1.52,1.56013,0.9999999999999614,1.0401299999999614,310.15999999999997
s08-r3-disconnect_trial-0.5,8,3,disconnect_trial,0.5,39,316.36,316.84,0.5,0.47999999999996135,317,1.52,1.56441,1.0400000000000387,1.0844100000000387,317.88
s08-r3-disconnect_trial-0.5,8,3,disconnect_trial,0.5,40,324.68,325.16,0.5,0.4800000000000182,326,1.52,1.55991,1.0399999999999818,1.0799099999999817,326.2
s08-r3-disconnect_trial-0.5,8,3,disconnect_trial,0.5,41,332.6,333.08,0.5,0.47999999999996135,334,1.52,1.55909,1.0400000000000387,1.0790900000000387,334.12
s08-r3-disconnect_trial-0.5,8,3,disconnect_trial,0.5,42,340.56,341.04,0.5,0.4800000000000182,342,1.52,1.55991,1.0399999999999818,1.0799099999999817,342.08
s08-r3-disconnect_trial-0.5,8,3,disconnect_trial,0.5,43,349.0,349.52,0.5,0.5199999999999818,350,1.52,1.55884,1.0000000000000182,1.0388400000000182,350.52
s08-r3-disconnect_trial-0.5,8,3,disconnect_trial,0.5,44,356.64,357.16,0.5,0.5200000000000387,358,1.52,1.55934,0.9999999999999614,1.0393399999999613,358.15999999999997
s08-r3-disconnect_trial-0.5,8,3,disconnect_trial,0.5,45,364.36,364.84,0.5,0.47999999999996135,365,1.52,1.56033,1.0400000000000387,1.0803300000000386,365.88
s08-r3-disconnect_trial-0.5,8,3,disconnect_trial,0.5,46,372.8,373.32,0.5,0.5199999999999818,374,1.52,1.55966,1.0000000000000182,1.0396600000000182,374.32
s08-r3-disconnect_trial-0.5,8,3,disconnect_trial,0.5,47,381.04,381.56,0.5,0.5199999999999818,382,1.52,1.5594,1.0000000000000182,1.039400000000018,382.56
s08-r3-disconnect_trial-1,8,3,disconnect_trial,1.0,0,3.0,4.0,1.0,1.0,4,1.52,1.55932,0.52,0.55932,4.52
s08-r3-disconnect_trial-1,8,3,disconnect_trial,1.0,1,11.04,12.04,1.0,1.0,12,1.52,1.55929,0.52,0.5592900000000001,12.559999999999999
s08-r3-disconnect_trial-1,8,3,disconnect_trial,1.0,2,18.72,19.72,1.0,1.0,20,1.52,1.55926,0.52,0.5592600000000001,20.24
s08-r3-disconnect_trial-1,8,3,disconnect_trial,1.0,3,26.52,27.52,1.0,1.0,28,1.52,1.55953,0.52,0.5595300000000001,28.04
s08-r3-disconnect_trial-1,8,3,disconnect_trial,1.0,4,34.56,35.56,1.0,1.0,36,1.52,1.56058,0.52,0.5605800000000001,36.080000000000005
s08-r3-disconnect_trial-1,8,3,disconnect_trial,1.0,5,43.0,44.0,1.0,1.0,44,1.52,1.55939,0.52,0.55939,44.52
s08-r3-disconnect_trial-1,8,3,disconnect_trial,1.0,6,50.64,51.64,1.0,1.0,52,1.52,1.55978,0.52,0.5597799999999999,52.160000000000004
s08-r3-disconnect_trial-1,8,3,disconnect_trial,1.0,7,58.84,59.84,1.0,1.0,60,1.52,1.55944,0.52,0.5594399999999999,60.36000000000001
s08-r3-disconnect_trial-1,8,3,disconnect_trial,1.0,8,66.56,67.56,1.0,1.0,68,1.52,1.56056,0.52,0.56056,68.08
s08-r3-disconnect_trial-1,8,3,disconnect_trial,1.0,9,74.56,75.56,1.0,1.0,76,1.52,1.5597,0.52,0.5597000000000001,76.08
s08-r3-disconnect_trial-1,8,3,disconnect_trial,1.0,10,82.2,83.2,1.0,1.0,83,1.52,1.56003,0.52,0.56003,83.72
s08-r3-disconnect_trial-1,8,3,disconnect_trial,1.0,11,89.76,90.76,1.0,1.0,91,1.52,1.56024,0.52,0.5602400000000001,91.28
s08-r3-disconnect_trial-1,8,3,disconnect_trial,1.0,12,97.68,98.68,1.0,1.0,99,1.52,1.56396,0.52,0.56396,99.2
s08-r3-disconnect_trial-1,8,3,disconnect_trial,1.0,13,105.44,106.44,1.0,1.0,106,1.52,1.56012,0.52,0.56012,106.96
s08-r3-disconnect_trial-1,8,3,disconnect_trial,1.0,14,113.32,114.32,1.0,1.0,114,1.52,1.55544,0.52,0.5554399999999999,114.83999999999999
s08-r3-disconnect_trial-1,8,3,disconnect_trial,1.0,15,121.8,122.8,1.0,1.0,123,1.52,1.56068,0.52,0.5606800000000001,123.32
s08-r3-disconnect_trial-1,8,3,disconnect_trial,1.0,16,129.8,130.8,1.0,1.0,131,1.52,1.56013,0.52,0.56013,131.32000000000002
s08-r3-disconnect_trial-1,8,3,disconnect_trial,1.0,17,138.08,139.08,1.0,1.0,139,1.52,1.55919,0.52,0.5591900000000001,139.60000000000002
s08-r3-disconnect_trial-1,8,3,disconnect_trial,1.0,18,146.24,147.24,1.0,1.0,147,1.52,1.56437,0.52,0.56437,147.76000000000002
s08-r3-disconnect_trial-1,8,3,disconnect_trial,1.0,19,154.48,155.48,1.0,1.0,156,1.52,1.55891,0.52,0.55891,156.0
s08-r3-disconnect_trial-1,8,3,disconnect_trial,1.0,20,162.76,163.76,1.0,1.0,164,1.52,1.55961,0.52,0.5596099999999999,164.28
s08-r3-disconnect_trial-1,8,3,disconnect_trial,1.0,21,171.08,172.08,1.0,1.0,172,1.52,1.55943,0.52,0.5594300000000001,172.60000000000002
s08-r3-disconnect_trial-1,8,3,disconnect_trial,1.0,22,178.72,179.72,1.0,1.0,180,1.52,1.55915,0.52,0.55915,180.24
s08-r3-disconnect_trial-1,8,3,disconnect_trial,1.0,23,186.88,187.88,1.0,1.0,188,1.52,1.55996,0.52,0.55996,188.4
s08-r3-disconnect_trial-1,8,3,disconnect_trial,1.0,24,194.68,195.68,1.0,1.0,196,1.52,1.56462,0.52,0.5646199999999999,196.20000000000002
s08-r3-disconnect_trial-1,8,3,disconnect_trial,1.0,25,202.52,203.52,1.0,1.0,204,1.52,1.5604,0.52,0.5604,204.04000000000002
s08-r3-disconnect_trial-1,8,3,disconnect_trial,1.0,26,210.92,211.92,1.0,1.0,212,1.52,1.55929,0.52,0.5592900000000001,212.44
s08-r3-disconnect_trial-1,8,3,disconnect_trial,1.0,27,218.96,219.96,1.0,1.0,220,1.52,1.55991,0.52,0.5599099999999999,220.48000000000002
s08-r3-disconnect_trial-1,8,3,disconnect_trial,1.0,28,226.84,227.84,1.0,1.0,228,1.52,1.56016,0.52,0.56016,228.36
s08-r3-disconnect_trial-1,8,3,disconnect_trial,1.0,29,234.96,235.96,1.0,1.0,236,1.52,1.56106,0.52,0.5610599999999999,236.48000000000002
s08-r3-disconnect_trial-1,8,3,disconnect_trial,1.0,30,243.24,244.24,1.0,1.0,244,1.52,1.56051,0.52,0.5605100000000001,244.76000000000002
s08-r3-disconnect_trial-1,8,3,disconnect_trial,1.0,31,251.68,252.68,1.0,1.0,253,1.52,1.55916,0.52,0.5591600000000001,253.20000000000002
s08-r3-disconnect_trial-1,8,3,disconnect_trial,1.0,32,260.04,261.04,1.0,1.0,261,1.52,1.55946,0.52,0.5594600000000001,261.56
s08-r3-disconnect_trial-1,8,3,disconnect_trial,1.0,33,268.4,269.4,1.0,1.0,269,1.52,1.5599,0.52,0.5599000000000001,269.91999999999996
s08-r3-disconnect_trial-1,8,3,disconnect_trial,1.0,34,276.56,277.56,1.0,1.0,278,1.52,1.56034,0.52,0.5603400000000001,278.08
s08-r3-disconnect_trial-1,8,3,disconnect_trial,1.0,35,284.84,285.84,1.0,1.0,286,1.52,1.55908,0.52,0.55908,286.35999999999996
s08-r3-disconnect_trial-1,8,3,disconnect_trial,1.0,36,292.92,293.92,1.0,1.0,294,1.52,1.55985,0.52,0.55985,294.44
s08-r3-disconnect_trial-1,8,3,disconnect_trial,1.0,37,300.8,301.8,1.0,1.0,302,1.52,1.56463,0.52,0.56463,302.32
s08-r3-disconnect_trial-1,8,3,disconnect_trial,1.0,38,308.64,309.64,1.0,1.0,310,1.52,1.56017,0.52,0.5601700000000001,310.15999999999997
s08-r3-disconnect_trial-1,8,3,disconnect_trial,1.0,39,316.36,317.36,1.0,1.0,317,1.52,1.5588,0.52,0.5588,317.88
s08-r3-disconnect_trial-1,8,3,disconnect_trial,1.0,40,324.68,325.68,1.0,1.0,326,1.52,1.56457,0.52,0.56457,326.2
s08-r3-disconnect_trial-1,8,3,disconnect_trial,1.0,41,332.6,333.6,1.0,1.0,334,1.52,1.55523,0.52,0.5552299999999999,334.12
s08-r3-disconnect_trial-1,8,3,disconnect_trial,1.0,42,340.56,341.56,1.0,1.0,342,1.52,1.55947,0.52,0.5594699999999999,342.08
s08-r3-disconnect_trial-1,8,3,disconnect_trial,1.0,43,349.0,350.0,1.0,1.0,350,1.52,1.55978,0.52,0.5597799999999999,350.52
s08-r3-disconnect_trial-1,8,3,disconnect_trial,1.0,44,356.64,357.64,1.0,1.0,358,1.52,1.55941,0.52,0.55941,358.15999999999997
s08-r3-disconnect_trial-1,8,3,disconnect_trial,1.0,45,364.36,365.36,1.0,1.0,365,1.52,1.56037,0.52,0.56037,365.88
s08-r3-disconnect_trial-1,8,3,disconnect_trial,1.0,46,372.8,373.8,1.0,1.0,374,1.52,1.56015,0.52,0.5601499999999999,374.32
s08-r3-disconnect_trial-1,8,3,disconnect_trial,1.0,47,381.04,382.04,1.0,1.0,382,1.52,1.55962,0.52,0.55962,382.56
s08-r3-disconnect_trial-2,8,3,disconnect_trial,2.0,0,3.0,5.0,2.0,2.0,5,2.52,2.55934,0.52,0.5593400000000002,5.52
s08-r3-disconnect_trial-2,8,3,disconnect_trial,2.0,1,11.04,13.04,2.0,2.0,13,2.52,2.5592,0.52,0.5592000000000001,13.559999999999999
s08-r3-disconnect_trial-2,8,3,disconnect_trial,2.0,2,18.72,20.72,2.0,2.0,21,2.52,2.55975,0.52,0.5597500000000002,21.24
s08-r3-disconnect_trial-2,8,3,disconnect_trial,2.0,3,26.52,28.52,2.0,2.0,29,2.52,2.5639,0.52,0.5638999999999998,29.04
s08-r3-disconnect_trial-2,8,3,disconnect_trial,2.0,4,34.56,36.56,2.0,2.0,37,2.52,2.55744,0.52,0.5574400000000002,37.080000000000005
s08-r3-disconnect_trial-2,8,3,disconnect_trial,2.0,5,43.0,45.0,2.0,2.0,45,2.52,2.55708,0.52,0.55708,45.52
s08-r3-disconnect_trial-2,8,3,disconnect_trial,2.0,6,50.64,52.64,2.0,2.0,53,2.52,2.55812,0.52,0.5581200000000002,53.160000000000004
s08-r3-disconnect_trial-2,8,3,disconnect_trial,2.0,7,58.84,60.84,2.0,2.0,61,2.52,2.55737,0.52,0.5573700000000001,61.36000000000001
s08-r3-disconnect_trial-2,8,3,disconnect_trial,2.0,8,66.56,68.56,2.0,2.0,69,2.52,2.55818,0.52,0.5581800000000001,69.08
s08-r3-disconnect_trial-2,8,3,disconnect_trial,2.0,9,74.56,76.56,2.0,2.0,77,2.52,2.56,0.52,0.56,77.08
s08-r3-disconnect_trial-2,8,3,disconnect_trial,2.0,10,82.2,84.2,2.0,2.0,84,2.52,2.56332,0.52,0.56332,84.72
s08-r3-disconnect_trial-2,8,3,disconnect_trial,2.0,11,89.76,91.76,2.0,2.0,92,2.52,2.55901,0.52,0.5590099999999998,92.28
s08-r3-disconnect_trial-2,8,3,disconnect_trial,2.0,12,97.68,99.68,2.0,2.0,100,2.52,2.55896,0.52,0.5589599999999999,100.2
s08-r3-disconnect_trial-2,8,3,disconnect_trial,2.0,13,105.44,107.44,2.0,2.0,107,2.52,2.55942,0.52,0.5594199999999998,107.96
s08-r3-disconnect_trial-2,8,3,disconnect_trial,2.0,14,113.32,115.32,2.0,2.0,115,2.52,2.55982,0.52,0.5598200000000002,115.83999999999999
s08-r3-disconnect_trial-2,8,3,disconnect_trial,2.0,15,121.8,123.8,2.0,2.0,124,2.52,2.56342,0.52,0.5634199999999998,124.32
s08-r3-disconnect_trial-2,8,3,disconnect_trial,2.0,16,129.8,131.8,2.0,2.0,132,2.52,2.56372,0.52,0.56372,132.32000000000002
s08-r3-disconnect_trial-2,8,3,disconnect_trial,2.0,17,138.08,140.08,2.0,2.0,140,2.52,2.55838,0.52,0.5583800000000001,140.60000000000002
s08-r3-disconnect_trial-2,8,3,disconnect_trial,2.0,18,146.24,148.24,2.0,2.0,148,2.52,2.55713,0.52,0.5571299999999999,148.76000000000002
s08-r3-disconnect_trial-2,8,3,disconnect_trial,2.0,19,154.48,156.48,2.0,2.0,157,2.52,2.55757,0.52,0.5575700000000001,157.0
s08-r3-disconnect_trial-2,8,3,disconnect_trial,2.0,20,162.76,164.76,2.0,2.0,165,2.52,2.55837,0.52,0.55837,165.28
s08-r3-disconnect_trial-2,8,3,disconnect_trial,2.0,21,171.08,173.08,2.0,2.0,173,2.52,2.55936,0.52,0.5593599999999999,173.60000000000002
s08-r3-disconnect_trial-2,8,3,disconnect_trial,2.0,22,178.72,180.72,2.0,2.0,181,2.52,2.56309,0.52,0.5630899999999999,181.24
s08-r3-disconnect_trial-2,8,3,disconnect_trial,2.0,23,186.88,188.88,2.0,2.0,189,2.52,2.55795,0.52,0.55795,189.4
s08-r3-disconnect_trial-2,8,3,disconnect_trial,2.0,24,194.68,196.68,2.0,2.0,197,2.52,2.55958,0.52,0.55958,197.20000000000002
s08-r3-disconnect_trial-2,8,3,disconnect_trial,2.0,25,202.52,204.52,2.0,2.0,205,2.52,2.55857,0.52,0.55857,205.04000000000002
s08-r3-disconnect_trial-2,8,3,disconnect_trial,2.0,26,210.92,212.92,2.0,2.0,213,2.52,2.5576,0.52,0.5575999999999999,213.44
s08-r3-disconnect_trial-2,8,3,disconnect_trial,2.0,27,218.96,220.96,2.0,2.0,221,2.52,2.55769,0.52,0.55769,221.48000000000002
s08-r3-disconnect_trial-2,8,3,disconnect_trial,2.0,28,226.84,228.84,2.0,2.0,229,2.52,2.55924,0.52,0.55924,229.36
s08-r3-disconnect_trial-2,8,3,disconnect_trial,2.0,29,234.96,236.96,2.0,2.0,237,2.52,2.55925,0.52,0.55925,237.48000000000002
s08-r3-disconnect_trial-2,8,3,disconnect_trial,2.0,30,243.24,245.24,2.0,2.0,245,2.52,2.56418,0.52,0.5641799999999999,245.76000000000002
s08-r3-disconnect_trial-2,8,3,disconnect_trial,2.0,31,251.68,253.68,2.0,2.0,254,2.52,2.55809,0.52,0.55809,254.20000000000002
s08-r3-disconnect_trial-2,8,3,disconnect_trial,2.0,32,260.04,262.04,2.0,2.0,262,2.52,2.56347,0.52,0.5634700000000001,262.56
s08-r3-disconnect_trial-2,8,3,disconnect_trial,2.0,33,268.4,270.4,2.0,2.0,270,2.52,2.5582,0.52,0.5581999999999998,270.91999999999996
s08-r3-disconnect_trial-2,8,3,disconnect_trial,2.0,34,276.56,278.56,2.0,2.0,279,2.52,2.55777,0.52,0.5577700000000001,279.08
s08-r3-disconnect_trial-2,8,3,disconnect_trial,2.0,35,284.84,286.84,2.0,2.0,287,2.52,2.55732,0.52,0.5573199999999998,287.35999999999996
s08-r3-disconnect_trial-2,8,3,disconnect_trial,2.0,36,292.92,294.92,2.0,2.0,295,2.52,2.55776,0.52,0.55776,295.44
s08-r3-disconnect_trial-2,8,3,disconnect_trial,2.0,37,300.8,302.8,2.0,2.0,303,2.52,2.55846,0.52,0.5584600000000002,303.32
s08-r3-disconnect_trial-2,8,3,disconnect_trial,2.0,38,308.64,310.64,2.0,2.0,311,2.52,2.55512,0.52,0.5551200000000001,311.15999999999997
s08-r3-disconnect_trial-2,8,3,disconnect_trial,2.0,39,316.36,318.36,2.0,2.0,318,2.52,2.55726,0.52,0.5572599999999999,318.88
s08-r3-disconnect_trial-2,8,3,disconnect_trial,2.0,40,324.68,326.68,2.0,2.0,327,2.52,2.56302,0.52,0.5630199999999999,327.2
s08-r3-disconnect_trial-2,8,3,disconnect_trial,2.0,41,332.6,334.6,2.0,2.0,335,2.52,2.55747,0.52,0.5574699999999999,335.12
s08-r3-disconnect_trial-2,8,3,disconnect_trial,2.0,42,340.56,342.56,2.0,2.0,343,2.52,2.55766,0.52,0.5576599999999998,343.08
s08-r3-disconnect_trial-2,8,3,disconnect_trial,2.0,43,349.0,351.0,2.0,2.0,351,2.52,2.55867,0.52,0.5586700000000002,351.52
s08-r3-disconnect_trial-2,8,3,disconnect_trial,2.0,44,356.64,358.64,2.0,2.0,359,2.52,2.55946,0.52,0.5594600000000001,359.15999999999997
s08-r3-disconnect_trial-2,8,3,disconnect_trial,2.0,45,364.36,366.36,2.0,2.0,366,2.52,2.55883,0.52,0.5588299999999999,366.88
s08-r3-disconnect_trial-2,8,3,disconnect_trial,2.0,46,372.8,374.8,2.0,2.0,375,2.52,2.55983,0.52,0.5598299999999998,375.32
s08-r3-disconnect_trial-2,8,3,disconnect_trial,2.0,47,381.04,383.04,2.0,2.0,383,2.52,2.55757,0.52,0.5575700000000001,383.56
s08-r4-disconnect-0.5,8,4,disconnect,0.5,0,30.24,30.72,0.5,0.4800000000000004,31,1.52,1.55902,1.0399999999999996,1.0790199999999996,31.759999999999998
s08-r4-disconnect-0.5,8,4,disconnect,0.5,1,45.28,45.8,0.5,0.519999999999996,46,1.52,1.55619,1.000000000000004,1.036190000000004,46.800000000000004
s08-r4-disconnect-0.5,8,4,disconnect,0.5,2,156.72,157.2,0.5,0.47999999999998977,158,1.52,1.55956,1.0400000000000102,1.0795600000000103,158.24
s08-r4-disconnect-0.5,8,4,disconnect,0.5,3,292.28,292.8,0.5,0.5200000000000387,293,1.52,1.55988,0.9999999999999614,1.0398799999999613,293.79999999999995
s08-r4-disconnect-0.5,8,4,disconnect,0.5,4,348.12,348.64,0.5,0.5199999999999818,349,1.52,1.55989,1.0000000000000182,1.0398900000000182,349.64
s08-r4-disconnect-1,8,4,disconnect,1.0,0,44.32,45.32,1.0,1.0,45,1.52,1.56436,0.52,0.56436,45.84
s08-r4-disconnect-1,8,4,disconnect,1.0,1,160.36,161.36,1.0,1.0,161,1.52,1.55899,0.52,0.5589900000000001,161.88000000000002
s08-r4-disconnect-1,8,4,disconnect,1.0,2,176.68,177.68,1.0,1.0,178,1.52,1.5601,0.52,0.5601,178.20000000000002
s08-r4-disconnect-1,8,4,disconnect,1.0,3,221.24,222.24,1.0,1.0,222,1.52,1.55903,0.52,0.5590299999999999,222.76000000000002
s08-r4-disconnect-1,8,4,disconnect,1.0,4,227.24,228.24,1.0,1.0,228,1.52,1.5602,0.52,0.5602,228.76000000000002
s08-r4-disconnect-3,8,4,disconnect,3.0,0,112.0,115.0,3.0,3.0,115,3.56,3.59858,0.56,0.5985800000000001,115.56
s08-r4-disconnect-3,8,4,disconnect,3.0,1,319.88,322.88,3.0,3.0,323,3.52,3.56094,0.52,0.56094,323.4
s08-r4-disconnect-3,8,4,disconnect,3.0,2,332.44,335.44,3.0,3.0,335,3.52,3.55796,0.52,0.55796,335.96
s08-r4-disconnect-3,8,4,disconnect,3.0,3,340.44,343.44,3.0,3.0,343,3.52,3.56211,0.52,0.5621100000000001,343.96
s08-r4-disconnect-3,8,4,disconnect,3.0,4,360.76,363.76,3.0,3.0,364,3.52,3.55768,0.52,0.55768,364.28
s08-r4-disconnect_trial-0.5,8,4,disconnect_trial,0.5,0,3.0,3.52,0.5,0.52,4,1.52,1.56043,1.0,1.04043,4.52
s08-r4-disconnect_trial-0.5,8,4,disconnect_trial,0.5,1,11.04,11.52,0.5,0.4800000000000004,12,1.52,1.56019,1.0399999999999996,1.0801899999999995,12.559999999999999
s08-r4-disconnect_trial-0.5,8,4,disconnect_trial,0.5,2,18.72,19.2,0.5,0.4800000000000004,20,1.52,1.56391,1.0399999999999996,1.0839099999999995,20.24
s08-r4-disconnect_trial-0.5,8,4,disconnect_trial,0.5,3,26.52,27.0,0.5,0.4800000000000004,28,1.52,1.55976,1.0399999999999996,1.0797599999999996,28.04
s08-r4-disconnect_trial-0.5,8,4,disconnect_trial,0.5,4,34.56,35.04,0.5,0.4799999999999969,36,1.52,1.55911,1.0400000000000031,1.0791100000000031,36.080000000000005
s08-r4-disconnect_trial-0.5,8,4,disconnect_trial,0.5,5,43.0,43.48,0.5,0.4799999999999969,44,1.52,1.5607,1.0400000000000031,1.080700000000003,44.52
s08-r4-disconnect_trial-0.5,8,4,disconnect_trial,0.5,6,50.64,51.16,0.5,0.519999999999996,52,1.52,1.56017,1.000000000000004,1.040170000000004,52.160000000000004
s08-r4-disconnect_trial-0.5,8,4,disconnect_trial,0.5,7,58.84,59.36,0.5,0.519999999999996,60,1.52,1.55984,1.000000000000004,1.0398400000000039,60.36000000000001
s08-r4-disconnect_trial-0.5,8,4,disconnect_trial,0.5,8,66.56,67.08,0.5,0.519999999999996,68,1.52,1.55881,1.000000000000004,1.038810000000004,68.08
s08-r4-disconnect_trial-0.5,8,4,disconnect_trial,0.5,9,74.56,75.08,0.5,0.519999999999996,76,1.52,1.5595,1.000000000000004,1.039500000000004,76.08
s08-r4-disconnect_trial-0.5,8,4,disconnect_trial,0.5,10,82.2,82.68,0.5,0.480000000000004,83,1.52,1.55963,1.039999999999996,1.079629999999996,83.72
s08-r4-disconnect_trial-0.5,8,4,disconnect_trial,0.5,11,89.76,90.28,0.5,0.519999999999996,91,1.52,1.55891,1.000000000000004,1.038910000000004,91.28
s08-r4-disconnect_trial-0.5,8,4,disconnect_trial,0.5,12,97.68,98.16,0.5,0.47999999999998977,99,1.52,1.56013,1.0400000000000102,1.0801300000000102,99.2
s08-r4-disconnect_trial-0.5,8,4,disconnect_trial,0.5,13,105.44,105.92,0.5,0.480000000000004,106,1.52,1.56025,1.039999999999996,1.080249999999996,106.96
s08-r4-disconnect_trial-0.5,8,4,disconnect_trial,0.5,14,113.32,113.8,0.5,0.480000000000004,114,1.52,1.55981,1.039999999999996,1.079809999999996,114.83999999999999
s08-r4-disconnect_trial-0.5,8,4,disconnect_trial,0.5,15,121.8,122.28,0.5,0.480000000000004,123,1.52,1.55969,1.039999999999996,1.079689999999996,123.32
s08-r4-disconnect_trial-0.5,8,4,disconnect_trial,0.5,16,129.8,130.32,0.5,0.5199999999999818,131,1.52,1.55984,1.0000000000000182,1.039840000000018,131.32000000000002
s08-r4-disconnect_trial-0.5,8,4,disconnect_trial,0.5,17,138.08,138.6,0.5,0.5199999999999818,139,1.52,1.55943,1.0000000000000182,1.0394300000000183,139.60000000000002
s08-r4-disconnect_trial-0.5,8,4,disconnect_trial,0.5,18,146.24,146.72,0.5,0.47999999999998977,147,1.52,1.55969,1.0400000000000102,1.0796900000000103,147.76000000000002
s08-r4-disconnect_trial-0.5,8,4,disconnect_trial,0.5,19,154.48,155.0,0.5,0.5200000000000102,156,1.52,1.55961,0.9999999999999898,1.0396099999999897,156.0
s08-r4-disconnect_trial-0.5,8,4,disconnect_trial,0.5,20,162.76,163.28,0.5,0.5200000000000102,164,1.52,1.5597,0.9999999999999898,1.0396999999999899,164.28
s08-r4-disconnect_trial-0.5,8,4,disconnect_trial,0.5,21,171.08,171.6,0.5,0.5199999999999818,172,1.52,1.5605,1.0000000000000182,1.0405000000000182,172.60000000000002
s08-r4-disconnect_trial-0.5,8,4,disconnect_trial,0.5,22,178.72,179.24,0.5,0.5200000000000102,180,1.52,1.56001,0.9999999999999898,1.0400099999999897,180.24
s08-r4-disconnect_trial-0.5,8,4,disconnect_trial,0.5,23,186.88,187.36,0.5,0.4800000000000182,188,1.52,1.56028,1.0399999999999818,1.0802799999999817,188.4
s08-r4-disconnect_trial-0.5,8,4,disconnect_trial,0.5,24,194.68,195.16,0.5,0.47999999999998977,196,1.52,1.5649,1.0400000000000102,1.0849000000000102,196.20000000000002
s08-r4-disconnect_trial-0.5,8,4,disconnect_trial,0.5,25,202.52,203.0,0.5,0.47999999999998977,204,1.52,1.56001,1.0400000000000102,1.0800100000000101,204.04000000000002
s08-r4-disconnect_trial-0.5,8,4,disconnect_trial,0.5,26,210.92,211.44,0.5,0.5200000000000102,212,1.52,1.55983,0.9999999999999898,1.0398299999999898,212.44
s08-r4-disconnect_trial-0.5,8,4,disconnect_trial,0.5,27,218.96,219.44,0.5,0.47999999999998977,220,1.52,1.55984,1.0400000000000102,1.0798400000000101,220.48000000000002
s08-r4-disconnect_trial-0.5,8,4,disconnect_trial,0.5,28,226.84,227.36,0.5,0.5200000000000102,228,1.52,1.55896,0.9999999999999898,1.0389599999999897,228.36
s08-r4-disconnect_trial-0.5,8,4,disconnect_trial,0.5,29,234.96,235.44,0.5,0.47999999999998977,236,1.52,1.55959,1.0400000000000102,1.0795900000000103,236.48000000000002
s08-r4-disconnect_trial-0.5,8,4,disconnect_trial,0.5,30,243.24,243.72,0.5,0.47999999999998977,244,1.52,1.55987,1.0400000000000102,1.0798700000000103,244.76000000000002
s08-r4-disconnect_trial-0.5,8,4,disconnect_trial,0.5,31,251.68,252.16,0.5,0.47999999999998977,253,1.52,1.56016,1.0400000000000102,1.0801600000000102,253.20000000000002
s08-r4-disconnect_trial-0.5,8,4,disconnect_trial,0.5,32,260.04,260.52,0.5,0.47999999999996135,261,1.52,1.55968,1.0400000000000387,1.0796800000000386,261.56
s08-r4-disconnect_trial-0.5,8,4,disconnect_trial,0.5,33,268.4,268.88,0.5,0.4800000000000182,269,1.52,1.5593,1.0399999999999818,1.0792999999999817,269.91999999999996
s08-r4-disconnect_trial-0.5,8,4,disconnect_trial,0.5,34,276.56,277.08,0.5,0.5199999999999818,278,1.52,1.55953,1.0000000000000182,1.0395300000000183,278.08
s08-r4-disconnect_trial-0.5,8,4,disconnect_trial,0.5,35,284.84,285.32,0.5,0.4800000000000182,286,1.52,1.55981,1.0399999999999818,1.0798099999999817,286.35999999999996
s08-r4-disconnect_trial-0.5,8,4,disconnect_trial,0.5,36,292.92,293.4,0.5,0.47999999999996135,294,1.52,1.56418,1.0400000000000387,1.0841800000000386,294.44
s08-r4-disconnect_trial-0.5,8,4,disconnect_trial,0.5,37,300.8,301.28,0.5,0.47999999999996135,302,1.52,1.56006,1.0400000000000387,1.0800600000000387,302.32
s08-r4-disconnect_trial-0.5,8,4,disconnect_trial,0.5,38,308.64,309.16,0.5,0.5200000000000387,310,1.52,1.55954,0.9999999999999614,1.0395399999999613,310.15999999999997
s08-r4-disconnect_trial-0.5,8,4,disconnect_trial,0.5,39,316.36,316.84,0.5,0.47999999999996135,317,1.52,1.56078,1.0400000000000387,1.0807800000000387,317.88
s08-r4-disconnect_trial-0.5,8,4,disconnect_trial,0.5,40,324.68,325.16,0.5,0.4800000000000182,326,1.52,1.55988,1.0399999999999818,1.0798799999999817,326.2
s08-r4-disconnect_trial-0.5,8,4,disconnect_trial,0.5,41,332.6,333.08,0.5,0.47999999999996135,334,1.52,1.5595,1.0400000000000387,1.0795000000000388,334.12
s08-r4-disconnect_trial-0.5,8,4,disconnect_trial,0.5,42,340.56,341.04,0.5,0.4800000000000182,342,1.52,1.56009,1.0399999999999818,1.0800899999999818,342.08
s08-r4-disconnect_trial-0.5,8,4,disconnect_trial,0.5,43,349.0,349.52,0.5,0.5199999999999818,350,1.52,1.55536,1.0000000000000182,1.0353600000000183,350.52
s08-r4-disconnect_trial-0.5,8,4,disconnect_trial,0.5,44,356.64,357.16,0.5,0.5200000000000387,358,1.52,1.56002,0.9999999999999614,1.0400199999999613,358.15999999999997
s08-r4-disconnect_trial-0.5,8,4,disconnect_trial,0.5,45,364.36,364.84,0.5,0.47999999999996135,365,1.52,1.56001,1.0400000000000387,1.0800100000000386,365.88
s08-r4-disconnect_trial-0.5,8,4,disconnect_trial,0.5,46,372.8,373.32,0.5,0.5199999999999818,374,1.52,1.55978,1.0000000000000182,1.0397800000000181,374.32
s08-r4-disconnect_trial-0.5,8,4,disconnect_trial,0.5,47,381.04,381.56,0.5,0.5199999999999818,382,1.52,1.55987,1.0000000000000182,1.0398700000000183,382.56
s08-r4-disconnect_trial-1,8,4,disconnect_trial,1.0,0,3.0,4.0,1.0,1.0,4,1.52,1.5597,0.52,0.5597000000000001,4.52
s08-r4-disconnect_trial-1,8,4,disconnect_trial,1.0,1,11.04,12.04,1.0,1.0,12,1.52,1.5593,0.52,0.5592999999999999,12.559999999999999
s08-r4-disconnect_trial-1,8,4,disconnect_trial,1.0,2,18.72,19.72,1.0,1.0,20,1.52,1.55985,0.52,0.55985,20.24
s08-r4-disconnect_trial-1,8,4,disconnect_trial,1.0,3,26.52,27.52,1.0,1.0,28,1.52,1.5591,0.52,0.5590999999999999,28.04
s08-r4-disconnect_trial-1,8,4,disconnect_trial,1.0,4,34.56,35.56,1.0,1.0,36,1.52,1.55938,0.52,0.55938,36.080000000000005
s08-r4-disconnect_trial-1,8,4,disconnect_trial,1.0,5,43.0,44.0,1.0,1.0,44,1.52,1.55938,0.52,0.55938,44.52
s08-r4-disconnect_trial-1,8,4,disconnect_trial,1.0,6,50.64,51.64,1.0,1.0,52,1.52,1.55987,0.52,0.5598700000000001,52.160000000000004
s08-r4-disconnect_trial-1,8,4,disconnect_trial,1.0,7,58.84,59.84,1.0,1.0,60,1.52,1.56014,0.52,0.5601400000000001,60.36000000000001
s08-r4-disconnect_trial-1,8,4,disconnect_trial,1.0,8,66.56,67.56,1.0,1.0,68,1.52,1.55879,0.52,0.5587899999999999,68.08
s08-r4-disconnect_trial-1,8,4,disconnect_trial,1.0,9,74.56,75.56,1.0,1.0,76,1.52,1.55968,0.52,0.55968,76.08
s08-r4-disconnect_trial-1,8,4,disconnect_trial,1.0,10,82.2,83.2,1.0,1.0,83,1.52,1.55859,0.52,0.5585899999999999,83.72
s08-r4-disconnect_trial-1,8,4,disconnect_trial,1.0,11,89.76,90.76,1.0,1.0,91,1.52,1.56374,0.52,0.5637399999999999,91.28
s08-r4-disconnect_trial-1,8,4,disconnect_trial,1.0,12,97.68,98.68,1.0,1.0,99,1.52,1.55983,0.52,0.55983,99.2
s08-r4-disconnect_trial-1,8,4,disconnect_trial,1.0,13,105.44,106.44,1.0,1.0,106,1.52,1.56439,0.52,0.56439,106.96
s08-r4-disconnect_trial-1,8,4,disconnect_trial,1.0,14,113.32,114.32,1.0,1.0,114,1.52,1.56407,0.52,0.5640700000000001,114.83999999999999
s08-r4-disconnect_trial-1,8,4,disconnect_trial,1.0,15,121.8,122.8,1.0,1.0,123,1.52,1.55912,0.52,0.5591200000000001,123.32
s08-r4-disconnect_trial-1,8,4,disconnect_trial,1.0,16,129.8,130.8,1.0,1.0,131,1.52,1.55938,0.52,0.55938,131.32000000000002
s08-r4-disconnect_trial-1,8,4,disconnect_trial,1.0,17,138.08,139.08,1.0,1.0,139,1.52,1.55922,0.52,0.55922,139.60000000000002
s08-r4-disconnect_trial-1,8,4,disconnect_trial,1.0,18,146.24,147.24,1.0,1.0,147,1.52,1.55977,0.52,0.5597700000000001,147.76000000000002
s08-r4-disconnect_trial-1,8,4,disconnect_trial,1.0,19,154.48,155.48,1.0,1.0,156,1.52,1.55955,0.52,0.55955,156.0
s08-r4-disconnect_trial-1,8,4,disconnect_trial,1.0,20,162.76,163.76,1.0,1.0,164,1.52,1.55972,0.52,0.55972,164.28
s08-r4-disconnect_trial-1,8,4,disconnect_trial,1.0,21,171.08,172.08,1.0,1.0,172,1.52,1.55975,0.52,0.55975,172.60000000000002
s08-r4-disconnect_trial-1,8,4,disconnect_trial,1.0,22,178.72,179.72,1.0,1.0,180,1.52,1.55934,0.52,0.55934,180.24
s08-r4-disconnect_trial-1,8,4,disconnect_trial,1.0,23,186.88,187.88,1.0,1.0,188,1.52,1.55917,0.52,0.55917,188.4
s08-r4-disconnect_trial-1,8,4,disconnect_trial,1.0,24,194.68,195.68,1.0,1.0,196,1.52,1.55874,0.52,0.55874,196.20000000000002
s08-r4-disconnect_trial-1,8,4,disconnect_trial,1.0,25,202.52,203.52,1.0,1.0,204,1.52,1.55972,0.52,0.55972,204.04000000000002
s08-r4-disconnect_trial-1,8,4,disconnect_trial,1.0,26,210.92,211.92,1.0,1.0,212,1.52,1.55903,0.52,0.5590299999999999,212.44
s08-r4-disconnect_trial-1,8,4,disconnect_trial,1.0,27,218.96,219.96,1.0,1.0,220,1.52,1.56007,0.52,0.5600700000000001,220.48000000000002
s08-r4-disconnect_trial-1,8,4,disconnect_trial,1.0,28,226.84,227.84,1.0,1.0,228,1.52,1.55934,0.52,0.55934,228.36
s08-r4-disconnect_trial-1,8,4,disconnect_trial,1.0,29,234.96,235.96,1.0,1.0,236,1.52,1.55885,0.52,0.5588500000000001,236.48000000000002
s08-r4-disconnect_trial-1,8,4,disconnect_trial,1.0,30,243.24,244.24,1.0,1.0,244,1.52,1.55936,0.52,0.5593600000000001,244.76000000000002
s08-r4-disconnect_trial-1,8,4,disconnect_trial,1.0,31,251.68,252.68,1.0,1.0,253,1.52,1.55882,0.52,0.5588200000000001,253.20000000000002
s08-r4-disconnect_trial-1,8,4,disconnect_trial,1.0,32,260.04,261.04,1.0,1.0,261,1.52,1.5605,0.52,0.5605,261.56
s08-r4-disconnect_trial-1,8,4,disconnect_trial,1.0,33,268.4,269.4,1.0,1.0,269,1.52,1.5596,0.52,0.5596000000000001,269.91999999999996
s08-r4-disconnect_trial-1,8,4,disconnect_trial,1.0,34,276.56,277.56,1.0,1.0,278,1.52,1.55877,0.52,0.55877,278.08
s08-r4-disconnect_trial-1,8,4,disconnect_trial,1.0,35,284.84,285.84,1.0,1.0,286,1.52,1.56041,0.52,0.5604100000000001,286.35999999999996
s08-r4-disconnect_trial-1,8,4,disconnect_trial,1.0,36,292.92,293.92,1.0,1.0,294,1.52,1.55891,0.52,0.55891,294.44
s08-r4-disconnect_trial-1,8,4,disconnect_trial,1.0,37,300.8,301.8,1.0,1.0,302,1.52,1.55937,0.52,0.5593699999999999,302.32
s08-r4-disconnect_trial-1,8,4,disconnect_trial,1.0,38,308.64,309.64,1.0,1.0,310,1.52,1.56446,0.52,0.56446,310.15999999999997
s08-r4-disconnect_trial-1,8,4,disconnect_trial,1.0,39,316.36,317.36,1.0,1.0,317,1.52,1.56006,0.52,0.56006,317.88
s08-r4-disconnect_trial-1,8,4,disconnect_trial,1.0,40,324.68,325.68,1.0,1.0,326,1.52,1.55932,0.52,0.55932,326.2
s08-r4-disconnect_trial-1,8,4,disconnect_trial,1.0,41,332.6,333.6,1.0,1.0,334,1.52,1.55913,0.52,0.5591299999999999,334.12
s08-r4-disconnect_trial-1,8,4,disconnect_trial,1.0,42,340.56,341.56,1.0,1.0,342,1.52,1.55935,0.52,0.55935,342.08
s08-r4-disconnect_trial-1,8,4,disconnect_trial,1.0,43,349.0,350.0,1.0,1.0,350,1.52,1.55544,0.52,0.5554399999999999,350.52
s08-r4-disconnect_trial-1,8,4,disconnect_trial,1.0,44,356.64,357.64,1.0,1.0,358,1.52,1.55991,0.52,0.5599099999999999,358.15999999999997
s08-r4-disconnect_trial-1,8,4,disconnect_trial,1.0,45,364.36,365.36,1.0,1.0,365,1.52,1.55907,0.52,0.55907,365.88
s08-r4-disconnect_trial-1,8,4,disconnect_trial,1.0,46,372.8,373.8,1.0,1.0,374,1.52,1.55979,0.52,0.55979,374.32
s08-r4-disconnect_trial-1,8,4,disconnect_trial,1.0,47,381.04,382.04,1.0,1.0,382,1.52,1.55922,0.52,0.55922,382.56
s08-r4-disconnect_trial-2,8,4,disconnect_trial,2.0,0,3.0,5.0,2.0,2.0,5,2.52,2.55901,0.52,0.5590099999999998,5.52
s08-r4-disconnect_trial-2,8,4,disconnect_trial,2.0,1,11.04,13.04,2.0,2.0,13,2.52,2.5587,0.52,0.5587,13.559999999999999
s08-r4-disconnect_trial-2,8,4,disconnect_trial,2.0,2,18.72,20.72,2.0,2.0,21,2.52,2.55868,0.52,0.5586799999999998,21.24
s08-r4-disconnect_trial-2,8,4,disconnect_trial,2.0,3,26.52,28.52,2.0,2.0,29,2.52,2.56059,0.52,0.5605899999999999,29.04
s08-r4-disconnect_trial-2,8,4,disconnect_trial,2.0,4,34.56,36.56,2.0,2.0,37,2.52,2.56219,0.52,0.5621900000000002,37.080000000000005
s08-r4-disconnect_trial-2,8,4,disconnect_trial,2.0,5,43.0,45.0,2.0,2.0,45,2.52,2.55839,0.52,0.5583900000000002,45.52
s08-r4-disconnect_trial-2,8,4,disconnect_trial,2.0,6,50.64,52.64,2.0,2.0,53,2.52,2.56276,0.52,0.5627599999999999,53.160000000000004
s08-r4-disconnect_trial-2,8,4,disconnect_trial,2.0,7,58.84,60.84,2.0,2.0,61,2.52,2.55885,0.52,0.5588500000000001,61.36000000000001
s08-r4-disconnect_trial-2,8,4,disconnect_trial,2.0,8,66.56,68.56,2.0,2.0,69,2.52,2.55798,0.52,0.5579800000000001,69.08
s08-r4-disconnect_trial-2,8,4,disconnect_trial,2.0,9,74.56,76.56,2.0,2.0,77,2.52,2.55917,0.52,0.55917,77.08
s08-r4-disconnect_trial-2,8,4,disconnect_trial,2.0,10,82.2,84.2,2.0,2.0,84,2.52,2.56418,0.52,0.5641799999999999,84.72
s08-r4-disconnect_trial-2,8,4,disconnect_trial,2.0,11,89.76,91.76,2.0,2.0,92,2.52,2.55937,0.52,0.5593699999999999,92.28
s08-r4-disconnect_trial-2,8,4,disconnect_trial,2.0,12,97.68,99.68,2.0,2.0,100,2.52,2.55962,0.52,0.5596199999999998,100.2
s08-r4-disconnect_trial-2,8,4,disconnect_trial,2.0,13,105.44,107.44,2.0,2.0,107,2.52,2.55893,0.52,0.5589300000000001,107.96
s08-r4-disconnect_trial-2,8,4,disconnect_trial,2.0,14,113.32,115.32,2.0,2.0,115,2.52,2.55872,0.52,0.5587200000000001,115.83999999999999
s08-r4-disconnect_trial-2,8,4,disconnect_trial,2.0,15,121.8,123.8,2.0,2.0,124,2.52,2.56356,0.52,0.5635599999999998,124.32
s08-r4-disconnect_trial-2,8,4,disconnect_trial,2.0,16,129.8,131.8,2.0,2.0,132,2.52,2.56297,0.52,0.56297,132.32000000000002
s08-r4-disconnect_trial-2,8,4,disconnect_trial,2.0,17,138.08,140.08,2.0,2.0,140,2.52,2.55878,0.52,0.55878,140.60000000000002
s08-r4-disconnect_trial-2,8,4,disconnect_trial,2.0,18,146.24,148.24,2.0,2.0,148,2.52,2.56363,0.52,0.5636299999999999,148.76000000000002
s08-r4-disconnect_trial-2,8,4,disconnect_trial,2.0,19,154.48,156.48,2.0,2.0,157,2.52,2.55835,0.52,0.5583499999999999,157.0
s08-r4-disconnect_trial-2,8,4,disconnect_trial,2.0,20,162.76,164.76,2.0,2.0,165,2.52,2.55886,0.52,0.5588600000000001,165.28
s08-r4-disconnect_trial-2,8,4,disconnect_trial,2.0,21,171.08,173.08,2.0,2.0,173,2.52,2.55857,0.52,0.55857,173.60000000000002
s08-r4-disconnect_trial-2,8,4,disconnect_trial,2.0,22,178.72,180.72,2.0,2.0,181,2.52,2.55939,0.52,0.55939,181.24
s08-r4-disconnect_trial-2,8,4,disconnect_trial,2.0,23,186.88,188.88,2.0,2.0,189,2.52,2.55832,0.52,0.5583200000000001,189.4
s08-r4-disconnect_trial-2,8,4,disconnect_trial,2.0,24,194.68,196.68,2.0,2.0,197,2.52,2.55875,0.52,0.5587499999999999,197.20000000000002
s08-r4-disconnect_trial-2,8,4,disconnect_trial,2.0,25,202.52,204.52,2.0,2.0,205,2.52,2.55852,0.52,0.5585200000000001,205.04000000000002
s08-r4-disconnect_trial-2,8,4,disconnect_trial,2.0,26,210.92,212.92,2.0,2.0,213,2.52,2.56289,0.52,0.5628899999999999,213.44
s08-r4-disconnect_trial-2,8,4,disconnect_trial,2.0,27,218.96,220.96,2.0,2.0,221,2.52,2.55839,0.52,0.5583900000000002,221.48000000000002
s08-r4-disconnect_trial-2,8,4,disconnect_trial,2.0,28,226.84,228.84,2.0,2.0,229,2.52,2.56246,0.52,0.5624600000000002,229.36
s08-r4-disconnect_trial-2,8,4,disconnect_trial,2.0,29,234.96,236.96,2.0,2.0,237,2.52,2.56253,0.52,0.5625300000000002,237.48000000000002
s08-r4-disconnect_trial-2,8,4,disconnect_trial,2.0,30,243.24,245.24,2.0,2.0,245,2.52,2.56408,0.52,0.5640800000000001,245.76000000000002
s08-r4-disconnect_trial-2,8,4,disconnect_trial,2.0,31,251.68,253.68,2.0,2.0,254,2.52,2.5637,0.52,0.5636999999999999,254.20000000000002
s08-r4-disconnect_trial-2,8,4,disconnect_trial,2.0,32,260.04,262.04,2.0,2.0,262,2.52,2.55847,0.52,0.5584699999999998,262.56
s08-r4-disconnect_trial-2,8,4,disconnect_trial,2.0,33,268.4,270.4,2.0,2.0,270,2.52,2.55843,0.52,0.55843,270.91999999999996
s08-r4-disconnect_trial-2,8,4,disconnect_trial,2.0,34,276.56,278.56,2.0,2.0,279,2.52,2.5583,0.52,0.5583,279.08
s08-r4-disconnect_trial-2,8,4,disconnect_trial,2.0,35,284.84,286.84,2.0,2.0,287,2.52,2.55892,0.52,0.5589200000000001,287.35999999999996
s08-r4-disconnect_trial-2,8,4,disconnect_trial,2.0,36,292.92,294.92,2.0,2.0,295,2.52,2.5635,0.52,0.5634999999999999,295.44
s08-r4-disconnect_trial-2,8,4,disconnect_trial,2.0,37,300.8,302.8,2.0,2.0,303,2.52,2.55954,0.52,0.5595400000000001,303.32
s08-r4-disconnect_trial-2,8,4,disconnect_trial,2.0,38,308.64,310.64,2.0,2.0,311,2.52,2.55855,0.52,0.5585499999999999,311.15999999999997
s08-r4-disconnect_trial-2,8,4,disconnect_trial,2.0,39,316.36,318.36,2.0,2.0,318,2.52,2.55883,0.52,0.5588299999999999,318.88
s08-r4-disconnect_trial-2,8,4,disconnect_trial,2.0,40,324.68,326.68,2.0,2.0,327,2.52,2.55919,0.52,0.5591900000000001,327.2
s08-r4-disconnect_trial-2,8,4,disconnect_trial,2.0,41,332.6,334.6,2.0,2.0,335,2.52,2.55798,0.52,0.5579800000000001,335.12
s08-r4-disconnect_trial-2,8,4,disconnect_trial,2.0,42,340.56,342.56,2.0,2.0,343,2.52,2.55878,0.52,0.55878,343.08
s08-r4-disconnect_trial-2,8,4,disconnect_trial,2.0,43,349.0,351.0,2.0,2.0,351,2.52,2.55839,0.52,0.5583900000000002,351.52
s08-r4-disconnect_trial-2,8,4,disconnect_trial,2.0,44,356.64,358.64,2.0,2.0,359,2.52,2.5638,0.52,0.5638000000000001,359.15999999999997
s08-r4-disconnect_trial-2,8,4,disconnect_trial,2.0,45,364.36,366.36,2.0,2.0,366,2.52,2.55993,0.52,0.55993,366.88
s08-r4-disconnect_trial-2,8,4,disconnect_trial,2.0,46,372.8,374.8,2.0,2.0,375,2.52,2.55799,0.52,0.5579900000000002,375.32
s08-r4-disconnect_trial-2,8,4,disconnect_trial,2.0,47,381.04,383.04,2.0,2.0,383,2.52,2.55982,0.52,0.5598200000000002,383.56
s09-r0-disconnect-0.5,9,0,disconnect,0.5,0,61.64,62.16,0.5,0.519999999999996,63,1.52,1.55982,1.000000000000004,1.039820000000004,63.160000000000004
s09-r0-disconnect-0.5,9,0,disconnect,0.5,1,197.12,197.64,0.5,0.5199999999999818,198,1.52,1.56017,1.0000000000000182,1.0401700000000182,198.64000000000001
s09-r0-disconnect-0.5,9,0,disconnect,0.5,2,275.88,276.4,0.5,0.5199999999999818,277,1.52,1.55979,1.0000000000000182,1.0397900000000182,277.4
s09-r0-disconnect-0.5,9,0,disconnect,0.5,3,359.4,359.88,0.5,0.4800000000000182,360,1.52,1.55946,1.0399999999999818,1.0794599999999819,360.91999999999996
s09-r0-disconnect-0.5,9,0,disconnect,0.5,4,364.88,365.4,0.5,0.5199999999999818,366,1.52,1.56021,1.0000000000000182,1.0402100000000183,366.4
s09-r0-disconnect-1,9,0,disconnect,1.0,0,115.0,116.0,1.0,1.0,116,1.52,1.55902,0.52,0.5590200000000001,116.52
s09-r0-disconnect-1,9,0,disconnect,1.0,1,181.44,182.44,1.0,1.0,182,1.52,1.55925,0.52,0.55925,182.96
s09-r0-disconnect-1,9,0,disconnect,1.0,2,232.24,233.24,1.0,1.0,233,1.52,1.55948,0.52,0.55948,233.76000000000002
s09-r0-disconnect-1,9,0,disconnect,1.0,3,299.44,300.44,1.0,1.0,300,1.52,1.56014,0.52,0.5601400000000001,300.96
s09-r0-disconnect-1,9,0,disconnect,1.0,4,308.68,309.68,1.0,1.0,310,1.52,1.56012,0.52,0.56012,310.2
s09-r0-disconnect-3,9,0,disconnect,3.0,0,48.48,51.48,3.0,3.0,52,3.56,3.60324,0.56,0.60324,52.04
s09-r0-disconnect-3,9,0,disconnect,3.0,1,79.96,82.96,3.0,3.0,83,3.52,3.56133,0.52,0.5613299999999999,83.47999999999999
s09-r0-disconnect-3,9,0,disconnect,3.0,2,229.36,232.36,3.0,3.0,232,3.52,3.5627,0.52,0.5627,232.88000000000002
s09-r0-disconnect-3,9,0,disconnect,3.0,3,265.64,268.64,3.0,3.0,269,3.52,3.56212,0.52,0.5621200000000002,269.15999999999997
s09-r0-disconnect-3,9,0,disconnect,3.0,4,346.4,349.4,3.0,3.0,349,3.52,3.5572,0.52,0.5571999999999999,349.91999999999996
s09-r0-disconnect_trial-0.5,9,0,disconnect_trial,0.5,0,3.0,3.52,0.5,0.52,4,1.52,1.56039,1.0,1.04039,4.52
s09-r0-disconnect_trial-0.5,9,0,disconnect_trial,0.5,1,11.04,11.52,0.5,0.4800000000000004,12,1.52,1.5596,1.0399999999999996,1.0795999999999997,12.559999999999999
s09-r0-disconnect_trial-0.5,9,0,disconnect_trial,0.5,2,18.72,19.2,0.5,0.4800000000000004,20,1.52,1.56027,1.0399999999999996,1.0802699999999996,20.24
s09-r0-disconnect_trial-0.5,9,0,disconnect_trial,0.5,3,26.52,27.0,0.5,0.4800000000000004,28,1.52,1.55933,1.0399999999999996,1.0793299999999997,28.04
s09-r0-disconnect_trial-0.5,9,0,disconnect_trial,0.5,4,34.56,35.04,0.5,0.4799999999999969,36,1.52,1.5596,1.0400000000000031,1.0796000000000032,36.080000000000005
s09-r0-disconnect_trial-0.5,9,0,disconnect_trial,0.5,5,43.0,43.48,0.5,0.4799999999999969,44,1.52,1.55985,1.0400000000000031,1.079850000000003,44.52
s09-r0-disconnect_trial-0.5,9,0,disconnect_trial,0.5,6,50.64,51.16,0.5,0.519999999999996,52,1.52,1.55944,1.000000000000004,1.039440000000004,52.160000000000004
s09-r0-disconnect_trial-0.5,9,0,disconnect_trial,0.5,7,58.84,59.36,0.5,0.519999999999996,60,1.52,1.55998,1.000000000000004,1.039980000000004,60.36000000000001
s09-r0-disconnect_trial-0.5,9,0,disconnect_trial,0.5,8,66.56,67.08,0.5,0.519999999999996,68,1.52,1.55969,1.000000000000004,1.039690000000004,68.08
s09-r0-disconnect_trial-0.5,9,0,disconnect_trial,0.5,9,74.56,75.08,0.5,0.519999999999996,76,1.52,1.55974,1.000000000000004,1.0397400000000039,76.08
s09-r0-disconnect_trial-0.5,9,0,disconnect_trial,0.5,10,82.2,82.68,0.5,0.480000000000004,83,1.52,1.55927,1.039999999999996,1.079269999999996,83.72
s09-r0-disconnect_trial-0.5,9,0,disconnect_trial,0.5,11,89.76,90.28,0.5,0.519999999999996,91,1.52,1.55947,1.000000000000004,1.039470000000004,91.28
s09-r0-disconnect_trial-0.5,9,0,disconnect_trial,0.5,12,97.68,98.16,0.5,0.47999999999998977,99,1.52,1.55967,1.0400000000000102,1.0796700000000101,99.2
s09-r0-disconnect_trial-0.5,9,0,disconnect_trial,0.5,13,105.44,105.92,0.5,0.480000000000004,106,1.52,1.55955,1.039999999999996,1.079549999999996,106.96
s09-r0-disconnect_trial-0.5,9,0,disconnect_trial,0.5,14,113.32,113.8,0.5,0.480000000000004,114,1.52,1.55953,1.039999999999996,1.079529999999996,114.83999999999999
s09-r0-disconnect_trial-0.5,9,0,disconnect_trial,0.5,15,121.8,122.28,0.5,0.480000000000004,123,1.52,1.56435,1.039999999999996,1.084349999999996,123.32
s09-r0-disconnect_trial-0.5,9,0,disconnect_trial,0.5,16,129.8,130.32,0.5,0.5199999999999818,131,1.52,1.56005,1.0000000000000182,1.0400500000000181,131.32000000000002
s09-r0-disconnect_trial-0.5,9,0,disconnect_trial,0.5,17,138.08,138.6,0.5,0.5199999999999818,139,1.52,1.55975,1.0000000000000182,1.0397500000000182,139.60000000000002
s09-r0-disconnect_trial-0.5,9,0,disconnect_trial,0.5,18,146.24,146.72,0.5,0.47999999999998977,147,1.52,1.55935,1.0400000000000102,1.0793500000000102,147.76000000000002
s09-r0-disconnect_trial-0.5,9,0,disconnect_trial,0.5,19,154.48,155.0,0.5,0.5200000000000102,156,1.52,1.55938,0.9999999999999898,1.0393799999999898,156.0
s09-r0-disconnect_trial-0.5,9,0,disconnect_trial,0.5,20,162.76,163.28,0.5,0.5200000000000102,164,1.52,1.55919,0.9999999999999898,1.0391899999999898,164.28
s09-r0-disconnect_trial-0.5,9,0,disconnect_trial,0.5,21,171.08,171.6,0.5,0.5199999999999818,172,1.52,1.55926,1.0000000000000182,1.0392600000000183,172.60000000000002
s09-r0-disconnect_trial-0.5,9,0,disconnect_trial,0.5,22,178.72,179.24,0.5,0.5200000000000102,180,1.52,1.56002,0.9999999999999898,1.0400199999999897,180.24
s09-r0-disconnect_trial-0.5,9,0,disconnect_trial,0.5,23,186.88,187.36,0.5,0.4800000000000182,188,1.52,1.55989,1.0399999999999818,1.0798899999999818,188.4
s09-r0-disconnect_trial-0.5,9,0,disconnect_trial,0.5,24,194.68,195.16,0.5,0.47999999999998977,196,1.52,1.56087,1.0400000000000102,1.0808700000000102,196.20000000000002
s09-r0-disconnect_trial-0.5,9,0,disconnect_trial,0.5,25,202.52,203.0,0.5,0.47999999999998977,204,1.52,1.55919,1.0400000000000102,1.0791900000000103,204.04000000000002
s09-r0-disconnect_trial-0.5,9,0,disconnect_trial,0.5,26,210.92,211.44,0.5,0.5200000000000102,212,1.52,1.55963,0.9999999999999898,1.0396299999999898,212.44
s09-r0-disconnect_trial-0.5,9,0,disconnect_trial,0.5,27,218.96,219.44,0.5,0.47999999999998977,220,1.52,1.55902,1.0400000000000102,1.0790200000000103,220.48000000000002
s09-r0-disconnect_trial-0.5,9,0,disconnect_trial,0.5,28,226.84,227.36,0.5,0.5200000000000102,228,1.52,1.56452,0.9999999999999898,1.0445199999999897,228.36
s09-r0-disconnect_trial-0.5,9,0,disconnect_trial,0.5,29,234.96,235.44,0.5,0.47999999999998977,236,1.52,1.55973,1.0400000000000102,1.0797300000000103,236.48000000000002
s09-r0-disconnect_trial-0.5,9,0,disconnect_trial,0.5,30,243.24,243.72,0.5,0.47999999999998977,244,1.52,1.56021,1.0400000000000102,1.0802100000000103,244.76000000000002
s09-r0-disconnect_trial-0.5,9,0,disconnect_trial,0.5,31,251.68,252.16,0.5,0.47999999999998977,253,1.52,1.5598,1.0400000000000102,1.0798000000000103,253.20000000000002
s09-r0-disconnect_trial-0.5,9,0,disconnect_trial,0.5,32,260.04,260.52,0.5,0.47999999999996135,261,1.52,1.56006,1.0400000000000387,1.0800600000000387,261.56
s09-r0-disconnect_trial-0.5,9,0,disconnect_trial,0.5,33,268.4,268.88,0.5,0.4800000000000182,269,1.52,1.55959,1.0399999999999818,1.0795899999999818,269.91999999999996
s09-r0-disconnect_trial-0.5,9,0,disconnect_trial,0.5,34,276.56,277.08,0.5,0.5199999999999818,278,1.52,1.55962,1.0000000000000182,1.0396200000000182,278.08
s09-r0-disconnect_trial-0.5,9,0,disconnect_trial,0.5,35,284.84,285.32,0.5,0.4800000000000182,286,1.52,1.55933,1.0399999999999818,1.079329999999982,286.35999999999996
s09-r0-disconnect_trial-0.5,9,0,disconnect_trial,0.5,36,292.92,293.4,0.5,0.47999999999996135,294,1.52,1.55911,1.0400000000000387,1.0791100000000386,294.44
s09-r0-disconnect_trial-0.5,9,0,disconnect_trial,0.5,37,300.8,301.28,0.5,0.47999999999996135,302,1.52,1.56021,1.0400000000000387,1.0802100000000388,302.32
s09-r0-disconnect_trial-0.5,9,0,disconnect_trial,0.5,38,308.64,309.16,0.5,0.5200000000000387,310,1.52,1.55943,0.9999999999999614,1.0394299999999614,310.15999999999997
s09-r0-disconnect_trial-0.5,9,0,disconnect_trial,0.5,39,316.36,316.84,0.5,0.47999999999996135,317,1.52,1.5595,1.0400000000000387,1.0795000000000388,317.88
s09-r0-disconnect_trial-0.5,9,0,disconnect_trial,0.5,40,324.68,325.16,0.5,0.4800000000000182,326,1.52,1.55964,1.0399999999999818,1.0796399999999817,326.2
s09-r0-disconnect_trial-0.5,9,0,disconnect_trial,0.5,41,332.6,333.08,0.5,0.47999999999996135,334,1.52,1.55975,1.0400000000000387,1.0797500000000386,334.12
s09-r0-disconnect_trial-0.5,9,0,disconnect_trial,0.5,42,340.56,341.04,0.5,0.4800000000000182,342,1.52,1.55984,1.0399999999999818,1.0798399999999817,342.08
s09-r0-disconnect_trial-0.5,9,0,disconnect_trial,0.5,43,349.0,349.52,0.5,0.5199999999999818,350,1.52,1.56451,1.0000000000000182,1.0445100000000183,350.52
s09-r0-disconnect_trial-0.5,9,0,disconnect_trial,0.5,44,356.64,357.16,0.5,0.5200000000000387,358,1.52,1.55928,0.9999999999999614,1.0392799999999613,358.15999999999997
s09-r0-disconnect_trial-0.5,9,0,disconnect_trial,0.5,45,364.36,364.84,0.5,0.47999999999996135,365,1.52,1.56011,1.0400000000000387,1.0801100000000388,365.88
s09-r0-disconnect_trial-0.5,9,0,disconnect_trial,0.5,46,372.8,373.32,0.5,0.5199999999999818,374,1.52,1.56055,1.0000000000000182,1.0405500000000183,374.32
s09-r0-disconnect_trial-0.5,9,0,disconnect_trial,0.5,47,381.04,381.56,0.5,0.5199999999999818,382,1.52,1.55923,1.0000000000000182,1.039230000000018,382.56
s09-r0-disconnect_trial-1,9,0,disconnect_trial,1.0,0,3.0,4.0,1.0,1.0,4,1.52,1.55942,0.52,0.55942,4.52
s09-r0-disconnect_trial-1,9,0,disconnect_trial,1.0,1,11.04,12.04,1.0,1.0,12,1.52,1.55924,0.52,0.55924,12.559999999999999
s09-r0-disconnect_trial-1,9,0,disconnect_trial,1.0,2,18.72,19.72,1.0,1.0,20,1.52,1.559,0.52,0.5589999999999999,20.24
s09-r0-disconnect_trial-1,9,0,disconnect_trial,1.0,3,26.52,27.52,1.0,1.0,28,1.52,1.56007,0.52,0.5600700000000001,28.04
s09-r0-disconnect_trial-1,9,0,disconnect_trial,1.0,4,34.56,35.56,1.0,1.0,36,1.52,1.55533,0.52,0.5553300000000001,36.080000000000005
s09-r0-disconnect_trial-1,9,0,disconnect_trial,1.0,5,43.0,44.0,1.0,1.0,44,1.52,1.55932,0.52,0.55932,44.52
s09-r0-disconnect_trial-1,9,0,disconnect_trial,1.0,6,50.64,51.64,1.0,1.0,52,1.52,1.55872,0.52,0.5587200000000001,52.160000000000004
s09-r0-disconnect_trial-1,9,0,disconnect_trial,1.0,7,58.84,59.84,1.0,1.0,60,1.52,1.55907,0.52,0.55907,60.36000000000001
s09-r0-disconnect_trial-1,9,0,disconnect_trial,1.0,8,66.56,67.56,1.0,1.0,68,1.52,1.56034,0.52,0.5603400000000001,68.08
s09-r0-disconnect_trial-1,9,0,disconnect_trial,1.0,9,74.56,75.56,1.0,1.0,76,1.52,1.5603,0.52,0.5603,76.08
s09-r0-disconnect_trial-1,9,0,disconnect_trial,1.0,10,82.2,83.2,1.0,1.0,83,1.52,1.55839,0.52,0.5583899999999999,83.72
s09-r0-disconnect_trial-1,9,0,disconnect_trial,1.0,11,89.76,90.76,1.0,1.0,91,1.52,1.56015,0.52,0.5601499999999999,91.28
s09-r0-disconnect_trial-1,9,0,disconnect_trial,1.0,12,97.68,98.68,1.0,1.0,99,1.52,1.55969,0.52,0.55969,99.2
s09-r0-disconnect_trial-1,9,0,disconnect_trial,1.0,13,105.44,106.44,1.0,1.0,106,1.52,1.55973,0.52,0.5597300000000001,106.96
s09-r0-disconnect_trial-1,9,0,disconnect_trial,1.0,14,113.32,114.32,1.0,1.0,114,1.52,1.5593,0.52,0.5592999999999999,114.83999999999999
s09-r0-disconnect_trial-1,9,0,disconnect_trial,1.0,15,121.8,122.8,1.0,1.0,123,1.52,1.55996,0.52,0.55996,123.32
s09-r0-disconnect_trial-1,9,0,disconnect_trial,1.0,16,129.8,130.8,1.0,1.0,131,1.52,1.55642,0.52,0.5564199999999999,131.32000000000002
s09-r0-disconnect_trial-1,9,0,disconnect_trial,1.0,17,138.08,139.08,1.0,1.0,139,1.52,1.56007,0.52,0.5600700000000001,139.60000000000002
s09-r0-disconnect_trial-1,9,0,disconnect_trial,1.0,18,146.24,147.24,1.0,1.0,147,1.52,1.55994,0.52,0.5599400000000001,147.76000000000002
s09-r0-disconnect_trial-1,9,0,disconnect_trial,1.0,19,154.48,155.48,1.0,1.0,156,1.52,1.56404,0.52,0.5640400000000001,156.0
s09-r0-disconnect_trial-1,9,0,disconnect_trial,1.0,20,162.76,163.76,1.0,1.0,164,1.52,1.56417,0.52,0.5641700000000001,164.28
s09-r0-disconnect_trial-1,9,0,disconnect_trial,1.0,21,171.08,172.08,1.0,1.0,172,1.52,1.5596,0.52,0.5596000000000001,172.60000000000002
s09-r0-disconnect_trial-1,9,0,disconnect_trial,1.0,22,178.72,179.72,1.0,1.0,180,1.52,1.56035,0.52,0.5603499999999999,180.24
s09-r0-disconnect_trial-1,9,0,disconnect_trial,1.0,23,186.88,187.88,1.0,1.0,188,1.52,1.56017,0.52,0.5601700000000001,188.4
s09-r0-disconnect_trial-1,9,0,disconnect_trial,1.0,24,194.68,195.68,1.0,1.0,196,1.52,1.56004,0.52,0.5600400000000001,196.20000000000002
s09-r0-disconnect_trial-1,9,0,disconnect_trial,1.0,25,202.52,203.52,1.0,1.0,204,1.52,1.56008,0.52,0.5600799999999999,204.04000000000002
s09-r0-disconnect_trial-1,9,0,disconnect_trial,1.0,26,210.92,211.92,1.0,1.0,212,1.52,1.55888,0.52,0.55888,212.44
s09-r0-disconnect_trial-1,9,0,disconnect_trial,1.0,27,218.96,219.96,1.0,1.0,220,1.52,1.55901,0.52,0.55901,220.48000000000002
s09-r0-disconnect_trial-1,9,0,disconnect_trial,1.0,28,226.84,227.84,1.0,1.0,228,1.52,1.5586,0.52,0.5586,228.36
s09-r0-disconnect_trial-1,9,0,disconnect_trial,1.0,29,234.96,235.96,1.0,1.0,236,1.52,1.55936,0.52,0.5593600000000001,236.48000000000002
s09-r0-disconnect_trial-1,9,0,disconnect_trial,1.0,30,243.24,244.24,1.0,1.0,244,1.52,1.55984,0.52,0.5598399999999999,244.76000000000002
s09-r0-disconnect_trial-1,9,0,disconnect_trial,1.0,31,251.68,252.68,1.0,1.0,253,1.52,1.55982,0.52,0.55982,253.20000000000002
s09-r0-disconnect_trial-1,9,0,disconnect_trial,1.0,32,260.04,261.04,1.0,1.0,261,1.52,1.55901,0.52,0.55901,261.56
s09-r0-disconnect_trial-1,9,0,disconnect_trial,1.0,33,268.4,269.4,1.0,1.0,269,1.52,1.5594,0.52,0.5593999999999999,269.91999999999996
s09-r0-disconnect_trial-1,9,0,disconnect_trial,1.0,34,276.56,277.56,1.0,1.0,278,1.52,1.55996,0.52,0.55996,278.08
s09-r0-disconnect_trial-1,9,0,disconnect_trial,1.0,35,284.84,285.84,1.0,1.0,286,1.52,1.55899,0.52,0.5589900000000001,286.35999999999996
s09-r0-disconnect_trial-1,9,0,disconnect_trial,1.0,36,292.92,293.92,1.0,1.0,294,1.52,1.56046,0.52,0.56046,294.44
s09-r0-disconnect_trial-1,9,0,disconnect_trial,1.0,37,300.8,301.8,1.0,1.0,302,1.52,1.56038,0.52,0.5603800000000001,302.32
s09-r0-disconnect_trial-1,9,0,disconnect_trial,1.0,38,308.64,309.64,1.0,1.0,310,1.52,1.56018,0.52,0.5601799999999999,310.15999999999997
s09-r0-disconnect_trial-1,9,0,disconnect_trial,1.0,39,316.36,317.36,1.0,1.0,317,1.52,1.5596,0.52,0.5596000000000001,317.88
s09-r0-disconnect_trial-1,9,0,disconnect_trial,1.0,40,324.68,325.68,1.0,1.0,326,1.52,1.55878,0.52,0.55878,326.2
s09-r0-disconnect_trial-1,9,0,disconnect_trial,1.0,41,332.6,333.6,1.0,1.0,334,1.52,1.55994,0.52,0.5599400000000001,334.12
s09-r0-disconnect_trial-1,9,0,disconnect_trial,1.0,42,340.56,341.56,1.0,1.0,342,1.52,1.55975,0.52,0.55975,342.08
s09-r0-disconnect_trial-1,9,0,disconnect_trial,1.0,43,349.0,350.0,1.0,1.0,350,1.52,1.55963,0.52,0.5596300000000001,350.52
s09-r0-disconnect_trial-1,9,0,disconnect_trial,1.0,44,356.64,357.64,1.0,1.0,358,1.52,1.55552,0.52,0.55552,358.15999999999997
s09-r0-disconnect_trial-1,9,0,disconnect_trial,1.0,45,364.36,365.36,1.0,1.0,365,1.52,1.55963,0.52,0.5596300000000001,365.88
s09-r0-disconnect_trial-1,9,0,disconnect_trial,1.0,46,372.8,373.8,1.0,1.0,374,1.52,1.56004,0.52,0.5600400000000001,374.32
s09-r0-disconnect_trial-1,9,0,disconnect_trial,1.0,47,381.04,382.04,1.0,1.0,382,1.52,1.55929,0.52,0.5592900000000001,382.56
s09-r0-disconnect_trial-2,9,0,disconnect_trial,2.0,0,3.0,5.0,2.0,2.0,5,2.52,2.5632,0.52,0.5632000000000001,5.52
s09-r0-disconnect_trial-2,9,0,disconnect_trial,2.0,1,11.04,13.04,2.0,2.0,13,2.52,2.5637,0.52,0.5636999999999999,13.559999999999999
s09-r0-disconnect_trial-2,9,0,disconnect_trial,2.0,2,18.72,20.72,2.0,2.0,21,2.52,2.56289,0.52,0.5628899999999999,21.24
s09-r0-disconnect_trial-2,9,0,disconnect_trial,2.0,3,26.52,28.52,2.0,2.0,29,2.52,2.55831,0.52,0.5583100000000001,29.04
s09-r0-disconnect_trial-2,9,0,disconnect_trial,2.0,4,34.56,36.56,2.0,2.0,37,2.52,2.5628,0.52,0.5628000000000002,37.080000000000005
s09-r0-disconnect_trial-2,9,0,disconnect_trial,2.0,5,43.0,45.0,2.0,2.0,45,2.52,2.55724,0.52,0.5572400000000002,45.52
s09-r0-disconnect_trial-2,9,0,disconnect_trial,2.0,6,50.64,52.64,2.0,2.0,53,2.52,2.55766,0.52,0.5576599999999998,53.160000000000004
s09-r0-disconnect_trial-2,9,0,disconnect_trial,2.0,7,58.84,60.84,2.0,2.0,61,2.52,2.55918,0.52,0.55918,61.36000000000001
s09-r0-disconnect_trial-2,9,0,disconnect_trial,2.0,8,66.56,68.56,2.0,2.0,69,2.52,2.55973,0.52,0.5597300000000001,69.08
s09-r0-disconnect_trial-2,9,0,disconnect_trial,2.0,9,74.56,76.56,2.0,2.0,77,2.52,2.56339,0.52,0.5633900000000001,77.08
s09-r0-disconnect_trial-2,9,0,disconnect_trial,2.0,10,82.2,84.2,2.0,2.0,84,2.52,2.55804,0.52,0.5580400000000001,84.72
s09-r0-disconnect_trial-2,9,0,disconnect_trial,2.0,11,89.76,91.76,2.0,2.0,92,2.52,2.55906,0.52,0.5590600000000001,92.28
s09-r0-disconnect_trial-2,9,0,disconnect_trial,2.0,12,97.68,99.68,2.0,2.0,100,2.52,2.56347,0.52,0.5634700000000001,100.2
s09-r0-disconnect_trial-2,9,0,disconnect_trial,2.0,13,105.44,107.44,2.0,2.0,107,2.52,2.55801,0.52,0.5580099999999999,107.96
s09-r0-disconnect_trial-2,9,0,disconnect_trial,2.0,14,113.32,115.32,2.0,2.0,115,2.52,2.56364,0.52,0.5636399999999999,115.83999999999999
s09-r0-disconnect_trial-2,9,0,disconnect_trial,2.0,15,121.8,123.8,2.0,2.0,124,2.52,2.56284,0.52,0.56284,124.32
s09-r0-disconnect_trial-2,9,0,disconnect_trial,2.0,16,129.8,131.8,2.0,2.0,132,2.52,2.56402,0.52,0.5640200000000002,132.32000000000002
s09-r0-disconnect_trial-2,9,0,disconnect_trial,2.0,17,138.08,140.08,2.0,2.0,140,2.52,2.56273,0.52,0.5627300000000002,140.60000000000002
s09-r0-disconnect_trial-2,9,0,disconnect_trial,2.0,18,146.24,148.24,2.0,2.0,148,2.52,2.55704,0.52,0.5570400000000002,148.76000000000002
s09-r0-disconnect_trial-2,9,0,disconnect_trial,2.0,19,154.48,156.48,2.0,2.0,157,2.52,2.55918,0.52,0.55918,157.0
s09-r0-disconnect_trial-2,9,0,disconnect_trial,2.0,20,162.76,164.76,2.0,2.0,165,2.52,2.55895,0.52,0.5589499999999998,165.28
s09-r0-disconnect_trial-2,9,0,disconnect_trial,2.0,21,171.08,173.08,2.0,2.0,173,2.52,2.55941,0.52,0.5594100000000002,173.60000000000002
s09-r0-disconnect_trial-2,9,0,disconnect_trial,2.0,22,178.72,180.72,2.0,2.0,181,2.52,2.56237,0.52,0.56237,181.24
s09-r0-disconnect_trial-2,9,0,disconnect_trial,2.0,23,186.88,188.88,2.0,2.0,189,2.52,2.5589,0.52,0.5589,189.4
s09-r0-disconnect_trial-2,9,0,disconnect_trial,2.0,24,194.68,196.68,2.0,2.0,197,2.52,2.56275,0.52,0.5627499999999999,197.20000000000002
s09-r0-disconnect_trial-2,9,0,disconnect_trial,2.0,25,202.52,204.52,2.0,2.0,205,2.52,2.55709,0.52,0.5570900000000001,205.04000000000002
s09-r0-disconnect_trial-2,9,0,disconnect_trial,2.0,26,210.92,212.92,2.0,2.0,213,2.52,2.55875,0.52,0.5587499999999999,213.44
s09-r0-disconnect_trial-2,9,0,disconnect_trial,2.0,27,218.96,220.96,2.0,2.0,221,2.52,2.56248,0.52,0.5624799999999999,221.48000000000002
s09-r0-disconnect_trial-2,9,0,disconnect_trial,2.0,28,226.84,228.84,2.0,2.0,229,2.52,2.56389,0.52,0.5638899999999998,229.36
s09-r0-disconnect_trial-2,9,0,disconnect_trial,2.0,29,234.96,236.96,2.0,2.0,237,2.52,2.56399,0.52,0.56399,237.48000000000002
s09-r0-disconnect_trial-2,9,0,disconnect_trial,2.0,30,243.24,245.24,2.0,2.0,245,2.52,2.5597,0.52,0.5596999999999999,245.76000000000002
s09-r0-disconnect_trial-2,9,0,disconnect_trial,2.0,31,251.68,253.68,2.0,2.0,254,2.52,2.55808,0.52,0.5580799999999999,254.20000000000002
s09-r0-disconnect_trial-2,9,0,disconnect_trial,2.0,32,260.04,262.04,2.0,2.0,262,2.52,2.56416,0.52,0.5641600000000002,262.56
s09-r0-disconnect_trial-2,9,0,disconnect_trial,2.0,33,268.4,270.4,2.0,2.0,270,2.52,2.55947,0.52,0.5594700000000001,270.91999999999996
s09-r0-disconnect_trial-2,9,0,disconnect_trial,2.0,34,276.56,278.56,2.0,2.0,279,2.52,2.56396,0.52,0.5639599999999998,279.08
s09-r0-disconnect_trial-2,9,0,disconnect_trial,2.0,35,284.84,286.84,2.0,2.0,287,2.52,2.55863,0.52,0.55863,287.35999999999996
s09-r0-disconnect_trial-2,9,0,disconnect_trial,2.0,36,292.92,294.92,2.0,2.0,295,2.52,2.56433,0.52,0.56433,295.44
s09-r0-disconnect_trial-2,9,0,disconnect_trial,2.0,37,300.8,302.8,2.0,2.0,303,2.52,2.55745,0.52,0.5574499999999998,303.32
s09-r0-disconnect_trial-2,9,0,disconnect_trial,2.0,38,308.64,310.64,2.0,2.0,311,2.52,2.56305,0.52,0.56305,311.15999999999997
s09-r0-disconnect_trial-2,9,0,disconnect_trial,2.0,39,316.36,318.36,2.0,2.0,318,2.52,2.56367,0.52,0.5636700000000001,318.88
s09-r0-disconnect_trial-2,9,0,disconnect_trial,2.0,40,324.68,326.68,2.0,2.0,327,2.52,2.55923,0.52,0.5592299999999999,327.2
s09-r0-disconnect_trial-2,9,0,disconnect_trial,2.0,41,332.6,334.6,2.0,2.0,335,2.52,2.56276,0.52,0.5627599999999999,335.12
s09-r0-disconnect_trial-2,9,0,disconnect_trial,2.0,42,340.56,342.56,2.0,2.0,343,2.52,2.5593,0.52,0.5592999999999999,343.08
s09-r0-disconnect_trial-2,9,0,disconnect_trial,2.0,43,349.0,351.0,2.0,2.0,351,2.52,2.5576,0.52,0.5575999999999999,351.52
s09-r0-disconnect_trial-2,9,0,disconnect_trial,2.0,44,356.64,358.64,2.0,2.0,359,2.52,2.55881,0.52,0.5588099999999998,359.15999999999997
s09-r0-disconnect_trial-2,9,0,disconnect_trial,2.0,45,364.36,366.36,2.0,2.0,366,2.52,2.55954,0.52,0.5595400000000001,366.88
s09-r0-disconnect_trial-2,9,0,disconnect_trial,2.0,46,372.8,374.8,2.0,2.0,375,2.52,2.55873,0.52,0.5587300000000002,375.32
s09-r0-disconnect_trial-2,9,0,disconnect_trial,2.0,47,381.04,383.04,2.0,2.0,383,2.52,2.55975,0.52,0.5597500000000002,383.56
s09-r1-disconnect-0.5,9,1,disconnect,0.5,0,63.16,63.68,0.5,0.5200000000000031,64,1.52,1.55944,0.9999999999999969,1.0394399999999968,64.67999999999999
s09-r1-disconnect-0.5,9,1,disconnect,0.5,1,164.92,165.4,0.5,0.4800000000000182,166,1.52,1.55846,1.0399999999999818,1.0784599999999818,166.44
s09-r1-disconnect-0.5,9,1,disconnect,0.5,2,279.2,279.72,0.5,0.5200000000000387,280,1.52,1.55907,0.9999999999999614,1.0390699999999613,280.71999999999997
s09-r1-disconnect-0.5,9,1,disconnect,0.5,3,336.44,336.96,0.5,0.5199999999999818,337,1.52,1.55894,1.0000000000000182,1.0389400000000182,337.96
s09-r1-disconnect-0.5,9,1,disconnect,0.5,4,353.16,353.64,0.5,0.47999999999996135,354,1.52,1.55969,1.0400000000000387,1.0796900000000387,354.68
s09-r1-disconnect-1,9,1,disconnect,1.0,0,76.16,77.16,1.0,1.0,77,1.52,1.55964,0.52,0.5596399999999999,77.67999999999999
s09-r1-disconnect-1,9,1,disconnect,1.0,1,130.52,131.52,1.0,1.0,132,1.52,1.55987,0.52,0.5598700000000001,132.04000000000002
s09-r1-disconnect-1,9,1,disconnect,1.0,2,305.28,306.28,1.0,1.0,306,1.52,1.55998,0.52,0.5599799999999999,306.79999999999995
s09-r1-disconnect-1,9,1,disconnect,1.0,3,313.56,314.56,1.0,1.0,315,1.52,1.55986,0.52,0.55986,315.08
s09-r1-disconnect-1,9,1,disconnect,1.0,4,362.68,363.68,1.0,1.0,364,1.52,1.55958,0.52,0.55958,364.2
s09-r1-disconnect-3,9,1,disconnect,3.0,0,114.92,117.92,3.0,3.0,118,3.56,3.60212,0.56,0.6021200000000002,118.48
s09-r1-disconnect-3,9,1,disconnect,3.0,1,132.4,135.4,3.0,3.0,135,3.52,3.55711,0.52,0.5571100000000002,135.92000000000002
s09-r1-disconnect-3,9,1,disconnect,3.0,2,279.72,282.72,3.0,3.0,283,3.52,3.56286,0.52,0.5628600000000001,283.24
s09-r1-disconnect-3,9,1,disconnect,3.0,3,305.44,308.44,3.0,3.0,308,3.52,3.56268,0.52,0.5626799999999998,308.96
s09-r1-disconnect-3,9,1,disconnect,3.0,4,326.8,329.8,3.0,3.0,330,3.52,3.55829,0.52,0.55829,330.32
s09-r1-disconnect_trial-0.5,9,1,disconnect_trial,0.5,0,3.0,3.52,0.5,0.52,4,1.52,1.55884,1.0,1.03884,4.52
s09-r1-disconnect_trial-0.5,9,1,disconnect_trial,0.5,1,11.04,11.52,0.5,0.4800000000000004,12,1.52,1.55893,1.0399999999999996,1.0789299999999995,12.559999999999999
s09-r1-disconnect_trial-0.5,9,1,disconnect_trial,0.5,2,18.72,19.2,0.5,0.4800000000000004,20,1.52,1.55884,1.0399999999999996,1.0788399999999996,20.24
s09-r1-disconnect_trial-0.5,9,1,disconnect_trial,0.5,3,26.52,27.0,0.5,0.4800000000000004,28,1.52,1.55947,1.0399999999999996,1.0794699999999995,28.04
s09-r1-disconnect_trial-0.5,9,1,disconnect_trial,0.5,4,34.56,35.04,0.5,0.4799999999999969,36,1.52,1.55976,1.0400000000000031,1.0797600000000032,36.080000000000005
s09-r1-disconnect_trial-0.5,9,1,disconnect_trial,0.5,5,43.0,43.48,0.5,0.4799999999999969,44,1.52,1.55933,1.0400000000000031,1.0793300000000032,44.52
s09-r1-disconnect_trial-0.5,9,1,disconnect_trial,0.5,6,50.64,51.16,0.5,0.519999999999996,52,1.52,1.5645,1.000000000000004,1.044500000000004,52.160000000000004
s09-r1-disconnect_trial-0.5,9,1,disconnect_trial,0.5,7,58.84,59.36,0.5,0.519999999999996,60,1.52,1.55944,1.000000000000004,1.039440000000004,60.36000000000001
s09-r1-disconnect_trial-0.5,9,1,disconnect_trial,0.5,8,66.56,67.08,0.5,0.519999999999996,68,1.52,1.55996,1.000000000000004,1.039960000000004,68.08
s09-r1-disconnect_trial-0.5,9,1,disconnect_trial,0.5,9,74.56,75.08,0.5,0.519999999999996,76,1.52,1.55986,1.000000000000004,1.039860000000004,76.08
s09-r1-disconnect_trial-0.5,9,1,disconnect_trial,0.5,10,82.2,82.68,0.5,0.480000000000004,83,1.52,1.55996,1.039999999999996,1.079959999999996,83.72
s09-r1-disconnect_trial-0.5,9,1,disconnect_trial,0.5,11,89.76,90.28,0.5,0.519999999999996,91,1.52,1.55981,1.000000000000004,1.039810000000004,91.28
s09-r1-disconnect_trial-0.5,9,1,disconnect_trial,0.5,12,97.68,98.16,0.5,0.47999999999998977,99,1.52,1.55933,1.0400000000000102,1.0793300000000103,99.2
s09-r1-disconnect_trial-0.5,9,1,disconnect_trial,0.5,13,105.44,105.92,0.5,0.480000000000004,106,1.52,1.55901,1.039999999999996,1.079009999999996,106.96
s09-r1-disconnect_trial-0.5,9,1,disconnect_trial,0.5,14,113.32,113.8,0.5,0.480000000000004,114,1.52,1.55891,1.039999999999996,1.078909999999996,114.83999999999999
s09-r1-disconnect_trial-0.5,9,1,disconnect_trial,0.5,15,121.8,122.28,0.5,0.480000000000004,123,1.52,1.55493,1.039999999999996,1.074929999999996,123.32
s09-r1-disconnect_trial-0.5,9,1,disconnect_trial,0.5,16,129.8,130.32,0.5,0.5199999999999818,131,1.52,1.55943,1.0000000000000182,1.0394300000000183,131.32000000000002
s09-r1-disconnect_trial-0.5,9,1,disconnect_trial,0.5,17,138.08,138.6,0.5,0.5199999999999818,139,1.52,1.55966,1.0000000000000182,1.0396600000000182,139.60000000000002
s09-r1-disconnect_trial-0.5,9,1,disconnect_trial,0.5,18,146.24,146.72,0.5,0.47999999999998977,147,1.52,1.55957,1.0400000000000102,1.0795700000000101,147.76000000000002
s09-r1-disconnect_trial-0.5,9,1,disconnect_trial,0.5,19,154.48,155.0,0.5,0.5200000000000102,156,1.52,1.55955,0.9999999999999898,1.0395499999999898,156.0
s09-r1-disconnect_trial-0.5,9,1,disconnect_trial,0.5,20,162.76,163.28,0.5,0.5200000000000102,164,1.52,1.55835,0.9999999999999898,1.0383499999999897,164.28
s09-r1-disconnect_trial-0.5,9,1,disconnect_trial,0.5,21,171.08,171.6,0.5,0.5199999999999818,172,1.52,1.56001,1.0000000000000182,1.040010000000018,172.60000000000002
s09-r1-disconnect_trial-0.5,9,1,disconnect_trial,0.5,22,178.72,179.24,0.5,0.5200000000000102,180,1.52,1.55919,0.9999999999999898,1.0391899999999898,180.24
s09-r1-disconnect_trial-0.5,9,1,disconnect_trial,0.5,23,186.88,187.36,0.5,0.4800000000000182,188,1.52,1.55932,1.0399999999999818,1.0793199999999818,188.4
s09-r1-disconnect_trial-0.5,9,1,disconnect_trial,0.5,24,194.68,195.16,0.5,0.47999999999998977,196,1.52,1.55906,1.0400000000000102,1.0790600000000101,196.20000000000002
s09-r1-disconnect_trial-0.5,9,1,disconnect_trial,0.5,25,202.52,203.0,0.5,0.47999999999998977,204,1.52,1.55977,1.0400000000000102,1.0797700000000103,204.04000000000002
s09-r1-disconnect_trial-0.5,9,1,disconnect_trial,0.5,26,210.92,211.44,0.5,0.5200000000000102,212,1.52,1.5646,0.9999999999999898,1.0445999999999898,212.44
s09-r1-disconnect_trial-0.5,9,1,disconnect_trial,0.5,27,218.96,219.44,0.5,0.47999999999998977,220,1.52,1.55957,1.0400000000000102,1.0795700000000101,220.48000000000002
s09-r1-disconnect_trial-0.5,9,1,disconnect_trial,0.5,28,226.84,227.36,0.5,0.5200000000000102,228,1.52,1.56011,0.9999999999999898,1.0401099999999899,228.36
s09-r1-disconnect_trial-0.5,9,1,disconnect_trial,0.5,29,234.96,235.44,0.5,0.47999999999998977,236,1.52,1.55954,1.0400000000000102,1.0795400000000102,236.48000000000002
s09-r1-disconnect_trial-0.5,9,1,disconnect_trial,0.5,30,243.24,243.72,0.5,0.47999999999998977,244,1.52,1.55983,1.0400000000000102,1.0798300000000103,244.76000000000002
s09-r1-disconnect_trial-0.5,9,1,disconnect_trial,0.5,31,251.68,252.16,0.5,0.47999999999998977,253,1.52,1.55937,1.0400000000000102,1.0793700000000102,253.20000000000002
s09-r1-disconnect_trial-0.5,9,1,disconnect_trial,0.5,32,260.04,260.52,0.5,0.47999999999996135,261,1.52,1.55932,1.0400000000000387,1.0793200000000387,261.56
s09-r1-disconnect_trial-0.5,9,1,disconnect_trial,0.5,33,268.4,268.88,0.5,0.4800000000000182,269,1.52,1.55961,1.0399999999999818,1.0796099999999818,269.91999999999996
s09-r1-disconnect_trial-0.5,9,1,disconnect_trial,0.5,34,276.56,277.08,0.5,0.5199999999999818,278,1.52,1.56435,1.0000000000000182,1.044350000000018,278.08
s09-r1-disconnect_trial-0.5,9,1,disconnect_trial,0.5,35,284.84,285.32,0.5,0.4800000000000182,286,1.52,1.55929,1.0399999999999818,1.0792899999999819,286.35999999999996
s09-r1-disconnect_trial-0.5,9,1,disconnect_trial,0.5,36,292.92,293.4,0.5,0.47999999999996135,294,1.52,1.55887,1.0400000000000387,1.0788700000000386,294.44
s09-r1-disconnect_trial-0.5,9,1,disconnect_trial,0.5,37,300.8,301.28,0.5,0.47999999999996135,302,1.52,1.55961,1.0400000000000387,1.0796100000000386,302.32
s09-r1-disconnect_trial-0.5,9,1,disconnect_trial,0.5,38,308.64,309.16,0.5,0.5200000000000387,310,1.52,1.55917,0.9999999999999614,1.0391699999999613,310.15999999999997
s09-r1-disconnect_trial-0.5,9,1,disconnect_trial,0.5,39,316.36,316.84,0.5,0.47999999999996135,317,1.52,1.55974,1.0400000000000387,1.0797400000000386,317.88
s09-r1-disconnect_trial-0.5,9,1,disconnect_trial,0.5,40,324.68,325.16,0.5,0.4800000000000182,326,1.52,1.55897,1.0399999999999818,1.0789699999999818,326.2
s09-r1-disconnect_trial-0.5,9,1,disconnect_trial,0.5,41,332.6,333.08,0.5,0.47999999999996135,334,1.52,1.55994,1.0400000000000387,1.0799400000000388,334.12
s09-r1-disconnect_trial-0.5,9,1,disconnect_trial,0.5,42,340.56,341.04,0.5,0.4800000000000182,342,1.52,1.56051,1.0399999999999818,1.0805099999999819,342.08
s09-r1-disconnect_trial-0.5,9,1,disconnect_trial,0.5,43,349.0,349.52,0.5,0.5199999999999818,350,1.52,1.55573,1.0000000000000182,1.0357300000000182,350.52
s09-r1-disconnect_trial-0.5,9,1,disconnect_trial,0.5,44,356.64,357.16,0.5,0.5200000000000387,358,1.52,1.55903,0.9999999999999614,1.0390299999999613,358.15999999999997
s09-r1-disconnect_trial-0.5,9,1,disconnect_trial,0.5,45,364.36,364.84,0.5,0.47999999999996135,365,1.52,1.55966,1.0400000000000387,1.0796600000000387,365.88
s09-r1-disconnect_trial-0.5,9,1,disconnect_trial,0.5,46,372.8,373.32,0.5,0.5199999999999818,374,1.52,1.56005,1.0000000000000182,1.0400500000000181,374.32
s09-r1-disconnect_trial-0.5,9,1,disconnect_trial,0.5,47,381.04,381.56,0.5,0.5199999999999818,382,1.52,1.56445,1.0000000000000182,1.044450000000018,382.56
s09-r1-disconnect_trial-1,9,1,disconnect_trial,1.0,0,3.0,4.0,1.0,1.0,4,1.52,1.56004,0.52,0.5600400000000001,4.52
s09-r1-disconnect_trial-1,9,1,disconnect_trial,1.0,1,11.04,12.04,1.0,1.0,12,1.52,1.55979,0.52,0.55979,12.559999999999999
s09-r1-disconnect_trial-1,9,1,disconnect_trial,1.0,2,18.72,19.72,1.0,1.0,20,1.52,1.55972,0.52,0.55972,20.24
s09-r1-disconnect_trial-1,9,1,disconnect_trial,1.0,3,26.52,27.52,1.0,1.0,28,1.52,1.55948,0.52,0.55948,28.04
s09-r1-disconnect_trial-1,9,1,disconnect_trial,1.0,4,34.56,35.56,1.0,1.0,36,1.52,1.55976,0.52,0.55976,36.080000000000005
s09-r1-disconnect_trial-1,9,1,disconnect_trial,1.0,5,43.0,44.0,1.0,1.0,44,1.52,1.55931,0.52,0.55931,44.52
s09-r1-disconnect_trial-1,9,1,disconnect_trial,1.0,6,50.64,51.64,1.0,1.0,52,1.52,1.55916,0.52,0.5591600000000001,52.160000000000004
s09-r1-disconnect_trial-1,9,1,disconnect_trial,1.0,7,58.84,59.84,1.0,1.0,60,1.52,1.55982,0.52,0.55982,60.36000000000001
s09-r1-disconnect_trial-1,9,1,disconnect_trial,1.0,8,66.56,67.56,1.0,1.0,68,1.52,1.56006,0.52,0.56006,68.08
s09-r1-disconnect_trial-1,9,1,disconnect_trial,1.0,9,74.56,75.56,1.0,1.0,76,1.52,1.55987,0.52,0.5598700000000001,76.08
s09-r1-disconnect_trial-1,9,1,disconnect_trial,1.0,10,82.2,83.2,1.0,1.0,83,1.52,1.55989,0.52,0.55989,83.72
s09-r1-disconnect_trial-1,9,1,disconnect_trial,1.0,11,89.76,90.76,1.0,1.0,91,1.52,1.55997,0.52,0.5599700000000001,91.28
s09-r1-disconnect_trial-1,9,1,disconnect_trial,1.0,12,97.68,98.68,1.0,1.0,99,1.52,1.55923,0.52,0.5592299999999999,99.2
s09-r1-disconnect_trial-1,9,1,disconnect_trial,1.0,13,105.44,106.44,1.0,1.0,106,1.52,1.55946,0.52,0.5594600000000001,106.96
s09-r1-disconnect_trial-1,9,1,disconnect_trial,1.0,14,113.32,114.32,1.0,1.0,114,1.52,1.55936,0.52,0.5593600000000001,114.83999999999999
s09-r1-disconnect_trial-1,9,1,disconnect_trial,1.0,15,121.8,122.8,1.0,1.0,123,1.52,1.55975,0.52,0.55975,123.32
s09-r1-disconnect_trial-1,9,1,disconnect_trial,1.0,16,129.8,130.8,1.0,1.0,131,1.52,1.55888,0.52,0.55888,131.32000000000002
s09-r1-disconnect_trial-1,9,1,disconnect_trial,1.0,17,138.08,139.08,1.0,1.0,139,1.52,1.55989,0.52,0.55989,139.60000000000002
s09-r1-disconnect_trial-1,9,1,disconnect_trial,1.0,18,146.24,147.24,1.0,1.0,147,1.52,1.56019,0.52,0.56019,147.76000000000002
s09-r1-disconnect_trial-1,9,1,disconnect_trial,1.0,19,154.48,155.48,1.0,1.0,156,1.52,1.55996,0.52,0.55996,156.0
s09-r1-disconnect_trial-1,9,1,disconnect_trial,1.0,20,162.76,163.76,1.0,1.0,164,1.52,1.5594,0.52,0.5593999999999999,164.28
s09-r1-disconnect_trial-1,9,1,disconnect_trial,1.0,21,171.08,172.08,1.0,1.0,172,1.52,1.55923,0.52,0.5592299999999999,172.60000000000002
s09-r1-disconnect_trial-1,9,1,disconnect_trial,1.0,22,178.72,179.72,1.0,1.0,180,1.52,1.55934,0.52,0.55934,180.24
s09-r1-disconnect_trial-1,9,1,disconnect_trial,1.0,23,186.88,187.88,1.0,1.0,188,1.52,1.56018,0.52,0.5601799999999999,188.4
s09-r1-disconnect_trial-1,9,1,disconnect_trial,1.0,24,194.68,195.68,1.0,1.0,196,1.52,1.56001,0.52,0.5600099999999999,196.20000000000002
s09-r1-disconnect_trial-1,9,1,disconnect_trial,1.0,25,202.52,203.52,1.0,1.0,204,1.52,1.5595,0.52,0.5595000000000001,204.04000000000002
s09-r1-disconnect_trial-1,9,1,disconnect_trial,1.0,26,210.92,211.92,1.0,1.0,212,1.52,1.55993,0.52,0.55993,212.44
s09-r1-disconnect_trial-1,9,1,disconnect_trial,1.0,27,218.96,219.96,1.0,1.0,220,1.52,1.55986,0.52,0.55986,220.48000000000002
s09-r1-disconnect_trial-1,9,1,disconnect_trial,1.0,28,226.84,227.84,1.0,1.0,228,1.52,1.55981,0.52,0.5598099999999999,228.36
s09-r1-disconnect_trial-1,9,1,disconnect_trial,1.0,29,234.96,235.96,1.0,1.0,236,1.52,1.55947,0.52,0.5594699999999999,236.48000000000002
s09-r1-disconnect_trial-1,9,1,disconnect_trial,1.0,30,243.24,244.24,1.0,1.0,244,1.52,1.56074,0.52,0.56074,244.76000000000002
s09-r1-disconnect_trial-1,9,1,disconnect_trial,1.0,31,251.68,252.68,1.0,1.0,253,1.52,1.55974,0.52,0.5597399999999999,253.20000000000002
s09-r1-disconnect_trial-1,9,1,disconnect_trial,1.0,32,260.04,261.04,1.0,1.0,261,1.52,1.55984,0.52,0.5598399999999999,261.56
s09-r1-disconnect_trial-1,9,1,disconnect_trial,1.0,33,268.4,269.4,1.0,1.0,269,1.52,1.55927,0.52,0.5592699999999999,269.91999999999996
s09-r1-disconnect_trial-1,9,1,disconnect_trial,1.0,34,276.56,277.56,1.0,1.0,278,1.52,1.55956,0.52,0.5595600000000001,278.08
s09-r1-disconnect_trial-1,9,1,disconnect_trial,1.0,35,284.84,285.84,1.0,1.0,286,1.52,1.56032,0.52,0.5603199999999999,286.35999999999996
s09-r1-disconnect_trial-1,9,1,disconnect_trial,1.0,36,292.92,293.92,1.0,1.0,294,1.52,1.55912,0.52,0.5591200000000001,294.44
s09-r1-disconnect_trial-1,9,1,disconnect_trial,1.0,37,300.8,301.8,1.0,1.0,302,1.52,1.56046,0.52,0.56046,302.32
s09-r1-disconnect_trial-1,9,1,disconnect_trial,1.0,38,308.64,309.64,1.0,1.0,310,1.52,1.559,0.52,0.5589999999999999,310.15999999999997
s09-r1-disconnect_trial-1,9,1,disconnect_trial,1.0,39,316.36,317.36,1.0,1.0,317,1.52,1.55979,0.52,0.55979,317.88
s09-r1-disconnect_trial-1,9,1,disconnect_trial,1.0,40,324.68,325.68,1.0,1.0,326,1.52,1.55968,0.52,0.55968,326.2
s09-r1-disconnect_trial-1,9,1,disconnect_trial,1.0,41,332.6,333.6,1.0,1.0,334,1.52,1.55926,0.52,0.5592600000000001,334.12
s09-r1-disconnect_trial-1,9,1,disconnect_trial,1.0,42,340.56,341.56,1.0,1.0,342,1.52,1.55925,0.52,0.55925,342.08
s09-r1-disconnect_trial-1,9,1,disconnect_trial,1.0,43,349.0,350.0,1.0,1.0,350,1.52,1.55997,0.52,0.5599700000000001,350.52
s09-r1-disconnect_trial-1,9,1,disconnect_trial,1.0,44,356.64,357.64,1.0,1.0,358,1.52,1.55945,0.52,0.55945,358.15999999999997
s09-r1-disconnect_trial-1,9,1,disconnect_trial,1.0,45,364.36,365.36,1.0,1.0,365,1.52,1.55919,0.52,0.5591900000000001,365.88
s09-r1-disconnect_trial-1,9,1,disconnect_trial,1.0,46,372.8,373.8,1.0,1.0,374,1.52,1.55968,0.52,0.55968,374.32
s09-r1-disconnect_trial-1,9,1,disconnect_trial,1.0,47,381.04,382.04,1.0,1.0,382,1.52,1.55992,0.52,0.55992,382.56
s09-r1-disconnect_trial-2,9,1,disconnect_trial,2.0,0,3.0,5.0,2.0,2.0,5,2.52,2.5593,0.52,0.5592999999999999,5.52
s09-r1-disconnect_trial-2,9,1,disconnect_trial,2.0,1,11.04,13.04,2.0,2.0,13,2.52,2.56335,0.52,0.5633499999999998,13.559999999999999
s09-r1-disconnect_trial-2,9,1,disconnect_trial,2.0,2,18.72,20.72,2.0,2.0,21,2.52,2.56289,0.52,0.5628899999999999,21.24
s09-r1-disconnect_trial-2,9,1,disconnect_trial,2.0,3,26.52,28.52,2.0,2.0,29,2.52,2.55769,0.52,0.55769,29.04
s09-r1-disconnect_trial-2,9,1,disconnect_trial,2.0,4,34.56,36.56,2.0,2.0,37,2.52,2.55931,0.52,0.55931,37.080000000000005
s09-r1-disconnect_trial-2,9,1,disconnect_trial,2.0,5,43.0,45.0,2.0,2.0,45,2.52,2.55781,0.52,0.5578099999999999,45.52
s09-r1-disconnect_trial-2,9,1,disconnect_trial,2.0,6,50.64,52.64,2.0,2.0,53,2.52,2.55792,0.52,0.5579200000000002,53.160000000000004
s09-r1-disconnect_trial-2,9,1,disconnect_trial,2.0,7,58.84,60.84,2.0,2.0,61,2.52,2.55737,0.52,0.5573700000000001,61.36000000000001
s09-r1-disconnect_trial-2,9,1,disconnect_trial,2.0,8,66.56,68.56,2.0,2.0,69,2.52,2.55815,0.52,0.5581499999999999,69.08
s09-r1-disconnect_trial-2,9,1,disconnect_trial,2.0,9,74.56,76.56,2.0,2.0,77,2.52,2.55983,0.52,0.5598299999999998,77.08
s09-r1-disconnect_trial-2,9,1,disconnect_trial,2.0,10,82.2,84.2,2.0,2.0,84,2.52,2.55925,0.52,0.55925,84.72
s09-r1-disconnect_trial-2,9,1,disconnect_trial,2.0,11,89.76,91.76,2.0,2.0,92,2.52,2.55874,0.52,0.5587399999999998,92.28
s09-r1-disconnect_trial-2,9,1,disconnect_trial,2.0,12,97.68,99.68,2.0,2.0,100,2.52,2.55822,0.52,0.5582199999999999,100.2
s09-r1-disconnect_trial-2,9,1,disconnect_trial,2.0,13,105.44,107.44,2.0,2.0,107,2.52,2.55945,0.52,0.55945,107.96
s09-r1-disconnect_trial-2,9,1,disconnect_trial,2.0,14,113.32,115.32,2.0,2.0,115,2.52,2.55928,0.52,0.5592800000000002,115.83999999999999
s09-r1-disconnect_trial-2,9,1,disconnect_trial,2.0,15,121.8,123.8,2.0,2.0,124,2.52,2.55983,0.52,0.5598299999999998,124.32
s09-r1-disconnect_trial-2,9,1,disconnect_trial,2.0,16,129.8,131.8,2.0,2.0,132,2.52,2.55806,0.52,0.5580599999999998,132.32000000000002
s09-r1-disconnect_trial-2,9,1,disconnect_trial,2.0,17,138.08,140.08,2.0,2.0,140,2.52,2.55853,0.52,0.5585300000000002,140.60000000000002
s09-r1-disconnect_trial-2,9,1,disconnect_trial,2.0,18,146.24,148.24,2.0,2.0,148,2.52,2.55896,0.52,0.5589599999999999,148.76000000000002
s09-r1-disconnect_trial-2,9,1,disconnect_trial,2.0,19,154.48,156.48,2.0,2.0,157,2.52,2.56238,0.52,0.5623800000000001,157.0
s09-r1-disconnect_trial-2,9,1,disconnect_trial,2.0,20,162.76,164.76,2.0,2.0,165,2.52,2.55773,0.52,0.5577299999999998,165.28
s09-r1-disconnect_trial-2,9,1,disconnect_trial,2.0,21,171.08,173.08,2.0,2.0,173,2.52,2.56412,0.52,0.56412,173.60000000000002
s09-r1-disconnect_trial-2,9,1,disconnect_trial,2.0,22,178.72,180.72,2.0,2.0,181,2.52,2.56367,0.52,0.5636700000000001,181.24
s09-r1-disconnect_trial-2,9,1,disconnect_trial,2.0,23,186.88,188.88,2.0,2.0,189,2.52,2.55759,0.52,0.5575899999999998,189.4
s09-r1-disconnect_trial-2,9,1,disconnect_trial,2.0,24,194.68,196.68,2.0,2.0,197,2.52,2.56351,0.52,0.56351,197.20000000000002
s09-r1-disconnect_trial-2,9,1,disconnect_trial,2.0,25,202.52,204.52,2.0,2.0,205,2.52,2.55865,0.52,0.5586500000000001,205.04000000000002
s09-r1-disconnect_trial-2,9,1,disconnect_trial,2.0,26,210.92,212.92,2.0,2.0,213,2.52,2.55899,0.52,0.5589900000000001,213.44
s09-r1-disconnect_trial-2,9,1,disconnect_trial,2.0,27,218.96,220.96,2.0,2.0,221,2.52,2.55852,0.52,0.5585200000000001,221.48000000000002
s09-r1-disconnect_trial-2,9,1,disconnect_trial,2.0,28,226.84,228.84,2.0,2.0,229,2.52,2.5588,0.52,0.5588000000000002,229.36
s09-r1-disconnect_trial-2,9,1,disconnect_trial,2.0,29,234.96,236.96,2.0,2.0,237,2.52,2.55939,0.52,0.55939,237.48000000000002
s09-r1-disconnect_trial-2,9,1,disconnect_trial,2.0,30,243.24,245.24,2.0,2.0,245,2.52,2.5583,0.52,0.5583,245.76000000000002
s09-r1-disconnect_trial-2,9,1,disconnect_trial,2.0,31,251.68,253.68,2.0,2.0,254,2.52,2.55835,0.52,0.5583499999999999,254.20000000000002
s09-r1-disconnect_trial-2,9,1,disconnect_trial,2.0,32,260.04,262.04,2.0,2.0,262,2.52,2.55917,0.52,0.55917,262.56
s09-r1-disconnect_trial-2,9,1,disconnect_trial,2.0,33,268.4,270.4,2.0,2.0,270,2.52,2.55835,0.52,0.5583499999999999,270.91999999999996
s09-r1-disconnect_trial-2,9,1,disconnect_trial,2.0,34,276.56,278.56,2.0,2.0,279,2.52,2.55874,0.52,0.5587399999999998,279.08
s09-r1-disconnect_trial-2,9,1,disconnect_trial,2.0,35,284.84,286.84,2.0,2.0,287,2.52,2.55878,0.52,0.55878,287.35999999999996
s09-r1-disconnect_trial-2,9,1,disconnect_trial,2.0,36,292.92,294.92,2.0,2.0,295,2.52,2.5591,0.52,0.5590999999999999,295.44
s09-r1-disconnect_trial-2,9,1,disconnect_trial,2.0,37,300.8,302.8,2.0,2.0,303,2.52,2.56261,0.52,0.5626099999999998,303.32
s09-r1-disconnect_trial-2,9,1,disconnect_trial,2.0,38,308.64,310.64,2.0,2.0,311,2.52,2.5575,0.52,0.5575000000000001,311.15999999999997
s09-r1-disconnect_trial-2,9,1,disconnect_trial,2.0,39,316.36,318.36,2.0,2.0,318,2.52,2.55811,0.52,0.5581100000000001,318.88
s09-r1-disconnect_trial-2,9,1,disconnect_trial,2.0,40,324.68,326.68,2.0,2.0,327,2.52,2.55831,0.52,0.5583100000000001,327.2
s09-r1-disconnect_trial-2,9,1,disconnect_trial,2.0,41,332.6,334.6,2.0,2.0,335,2.52,2.55902,0.52,0.5590199999999999,335.12
s09-r1-disconnect_trial-2,9,1,disconnect_trial,2.0,42,340.56,342.56,2.0,2.0,343,2.52,2.55822,0.52,0.5582199999999999,343.08
s09-r1-disconnect_trial-2,9,1,disconnect_trial,2.0,43,349.0,351.0,2.0,2.0,351,2.52,2.55867,0.52,0.5586700000000002,351.52
s09-r1-disconnect_trial-2,9,1,disconnect_trial,2.0,44,356.64,358.64,2.0,2.0,359,2.52,2.55831,0.52,0.5583100000000001,359.15999999999997
s09-r1-disconnect_trial-2,9,1,disconnect_trial,2.0,45,364.36,366.36,2.0,2.0,366,2.52,2.55887,0.52,0.5588700000000002,366.88
s09-r1-disconnect_trial-2,9,1,disconnect_trial,2.0,46,372.8,374.8,2.0,2.0,375,2.52,2.55944,0.52,0.5594399999999999,375.32
s09-r1-disconnect_trial-2,9,1,disconnect_trial,2.0,47,381.04,383.04,2.0,2.0,383,2.52,2.55809,0.52,0.55809,383.56
s09-r2-disconnect-0.5,9,2,disconnect,0.5,0,26.68,27.2,0.5,0.5199999999999996,28,1.52,1.55948,1.0000000000000004,1.0394800000000004,28.2
s09-r2-disconnect-0.5,9,2,disconnect,0.5,1,34.88,35.36,0.5,0.4799999999999969,36,1.52,1.55942,1.0400000000000031,1.0794200000000032,36.400000000000006
s09-r2-disconnect-0.5,9,2,disconnect,0.5,2,187.68,188.2,0.5,0.5199999999999818,189,1.52,1.55968,1.0000000000000182,1.0396800000000181,189.20000000000002
s09-r2-disconnect-0.5,9,2,disconnect,0.5,3,193.2,193.68,0.5,0.4800000000000182,194,1.52,1.5596,1.0399999999999818,1.079599999999982,194.72
s09-r2-disconnect-0.5,9,2,disconnect,0.5,4,320.92,321.4,0.5,0.47999999999996135,322,1.52,1.55935,1.0400000000000387,1.0793500000000387,322.44
s09-r2-disconnect-1,9,2,disconnect,1.0,0,29.12,30.12,1.0,1.0,30,1.52,1.55977,0.52,0.5597700000000001,30.64
s09-r2-disconnect-1,9,2,disconnect,1.0,1,49.04,50.04,1.0,1.0,50,1.52,1.55904,0.52,0.55904,50.56
s09-r2-disconnect-1,9,2,disconnect,1.0,2,178.4,179.4,1.0,1.0,179,1.52,1.55967,0.52,0.5596699999999999,179.92000000000002
s09-r2-disconnect-1,9,2,disconnect,1.0,3,208.56,209.56,1.0,1.0,210,1.52,1.55929,0.52,0.5592900000000001,210.08
s09-r2-disconnect-1,9,2,disconnect,1.0,4,305.16,306.16,1.0,1.0,306,1.52,1.55934,0.52,0.55934,306.68
s09-r2-disconnect-3,9,2,disconnect,3.0,0,53.28,56.28,3.0,3.0,56,3.52,3.56097,0.52,0.5609700000000002,56.800000000000004
s09-r2-disconnect-3,9,2,disconnect,3.0,1,81.6,84.6,3.0,3.0,85,3.52,3.56152,0.52,0.5615199999999998,85.11999999999999
s09-r2-disconnect-3,9,2,disconnect,3.0,2,105.88,108.88,3.0,3.0,109,3.52,3.5617,0.52,0.5617000000000001,109.39999999999999
s09-r2-disconnect-3,9,2,disconnect,3.0,3,155.56,158.56,3.0,3.0,159,3.52,3.56273,0.52,0.5627300000000002,159.08
s09-r2-disconnect-3,9,2,disconnect,3.0,4,352.48,355.48,3.0,3.0,356,3.52,3.55908,0.52,0.5590799999999998,356.0
s09-r2-disconnect_trial-0.5,9,2,disconnect_trial,0.5,0,3.0,3.52,0.5,0.52,4,1.52,1.56004,1.0,1.04004,4.52
s09-r2-disconnect_trial-0.5,9,2,disconnect_trial,0.5,1,11.04,11.52,0.5,0.4800000000000004,12,1.52,1.55981,1.0399999999999996,1.0798099999999995,12.559999999999999
s09-r2-disconnect_trial-0.5,9,2,disconnect_trial,0.5,2,18.72,19.2,0.5,0.4800000000000004,20,1.52,1.55892,1.0399999999999996,1.0789199999999997,20.24
s09-r2-disconnect_trial-0.5,9,2,disconnect_trial,0.5,3,26.52,27.0,0.5,0.4800000000000004,28,1.52,1.55962,1.0399999999999996,1.0796199999999996,28.04
s09-r2-disconnect_trial-0.5,9,2,disconnect_trial,0.5,4,34.56,35.04,0.5,0.4799999999999969,36,1.52,1.56425,1.0400000000000031,1.084250000000003,36.080000000000005
s09-r2-disconnect_trial-0.5,9,2,disconnect_trial,0.5,5,43.0,43.48,0.5,0.4799999999999969,44,1.52,1.55971,1.0400000000000031,1.079710000000003,44.52
s09-r2-disconnect_trial-0.5,9,2,disconnect_trial,0.5,6,50.64,51.16,0.5,0.519999999999996,52,1.52,1.55976,1.000000000000004,1.039760000000004,52.160000000000004
s09-r2-disconnect_trial-0.5,9,2,disconnect_trial,0.5,7,58.84,59.36,0.5,0.519999999999996,60,1.52,1.56042,1.000000000000004,1.040420000000004,60.36000000000001
s09-r2-disconnect_trial-0.5,9,2,disconnect_trial,0.5,8,66.56,67.08,0.5,0.519999999999996,68,1.52,1.56016,1.000000000000004,1.040160000000004,68.08
s09-r2-disconnect_trial-0.5,9,2,disconnect_trial,0.5,9,74.56,75.08,0.5,0.519999999999996,76,1.52,1.56437,1.000000000000004,1.044370000000004,76.08
s09-r2-disconnect_trial-0.5,9,2,disconnect_trial,0.5,10,82.2,82.68,0.5,0.480000000000004,83,1.52,1.55959,1.039999999999996,1.079589999999996,83.72
s09-r2-disconnect_trial-0.5,9,2,disconnect_trial,0.5,11,89.76,90.28,0.5,0.519999999999996,91,1.52,1.55953,1.000000000000004,1.039530000000004,91.28
s09-r2-disconnect_trial-0.5,9,2,disconnect_trial,0.5,12,97.68,98.16,0.5,0.47999999999998977,99,1.52,1.56446,1.0400000000000102,1.0844600000000102,99.2
s09-r2-disconnect_trial-0.5,9,2,disconnect_trial,0.5,13,105.44,105.92,0.5,0.480000000000004,106,1.52,1.55939,1.039999999999996,1.079389999999996,106.96
s09-r2-disconnect_trial-0.5,9,2,disconnect_trial,0.5,14,113.32,113.8,0.5,0.480000000000004,114,1.52,1.55937,1.039999999999996,1.079369999999996,114.83999999999999
s09-r2-disconnect_trial-0.5,9,2,disconnect_trial,0.5,15,121.8,122.28,0.5,0.480000000000004,123,1.52,1.56014,1.039999999999996,1.080139999999996,123.32
s09-r2-disconnect_trial-0.5,9,2,disconnect_trial,0.5,16,129.8,130.32,0.5,0.5199999999999818,131,1.52,1.55952,1.0000000000000182,1.0395200000000182,131.32000000000002
s09-r2-disconnect_trial-0.5,9,2,disconnect_trial,0.5,17,138.08,138.6,0.5,0.5199999999999818,139,1.52,1.55937,1.0000000000000182,1.0393700000000181,139.60000000000002
s09-r2-disconnect_trial-0.5,9,2,disconnect_trial,0.5,18,146.24,146.72,0.5,0.47999999999998977,147,1.52,1.56005,1.0400000000000102,1.0800500000000102,147.76000000000002
s09-r2-disconnect_trial-0.5,9,2,disconnect_trial,0.5,19,154.48,155.0,0.5,0.5200000000000102,156,1.52,1.55951,0.9999999999999898,1.0395099999999897,156.0
s09-r2-disconnect_trial-0.5,9,2,disconnect_trial,0.5,20,162.76,163.28,0.5,0.5200000000000102,164,1.52,1.55956,0.9999999999999898,1.0395599999999898,164.28
s09-r2-disconnect_trial-0.5,9,2,disconnect_trial,0.5,21,171.08,171.6,0.5,0.5199999999999818,172,1.52,1.55864,1.0000000000000182,1.0386400000000182,172.60000000000002
s09-r2-disconnect_trial-0.5,9,2,disconnect_trial,0.5,22,178.72,179.24,0.5,0.5200000000000102,180,1.52,1.55908,0.9999999999999898,1.0390799999999898,180.24
s09-r2-disconnect_trial-0.5,9,2,disconnect_trial,0.5,23,186.88,187.36,0.5,0.4800000000000182,188,1.52,1.56428,1.0399999999999818,1.0842799999999817,188.4
s09-r2-disconnect_trial-0.5,9,2,disconnect_trial,0.5,24,194.68,195.16,0.5,0.47999999999998977,196,1.52,1.55943,1.0400000000000102,1.0794300000000103,196.20000000000002
s09-r2-disconnect_trial-0.5,9,2,disconnect_trial,0.5,25,202.52,203.0,0.5,0.47999999999998977,204,1.52,1.55953,1.0400000000000102,1.0795300000000103,204.04000000000002
s09-r2-disconnect_trial-0.5,9,2,disconnect_trial,0.5,26,210.92,211.44,0.5,0.5200000000000102,212,1.52,1.55964,0.9999999999999898,1.0396399999999897,212.44
s09-r2-disconnect_trial-0.5,9,2,disconnect_trial,0.5,27,218.96,219.44,0.5,0.47999999999998977,220,1.52,1.55891,1.0400000000000102,1.0789100000000102,220.48000000000002
s09-r2-disconnect_trial-0.5,9,2,disconnect_trial,0.5,28,226.84,227.36,0.5,0.5200000000000102,228,1.52,1.55952,0.9999999999999898,1.0395199999999898,228.36
s09-r2-disconnect_trial-0.5,9,2,disconnect_trial,0.5,29,234.96,235.44,0.5,0.47999999999998977,236,1.52,1.55951,1.0400000000000102,1.0795100000000102,236.48000000000002
s09-r2-disconnect_trial-0.5,9,2,disconnect_trial,0.5,30,243.24,243.72,0.5,0.47999999999998977,244,1.52,1.56117,1.0400000000000102,1.0811700000000102,244.76000000000002
s09-r2-disconnect_trial-0.5,9,2,disconnect_trial,0.5,31,251.68,252.16,0.5,0.47999999999998977,253,1.52,1.56008,1.0400000000000102,1.0800800000000101,253.20000000000002
s09-r2-disconnect_trial-0.5,9,2,disconnect_trial,0.5,32,260.04,260.52,0.5,0.47999999999996135,261,1.52,1.56014,1.0400000000000387,1.0801400000000387,261.56
s09-r2-disconnect_trial-0.5,9,2,disconnect_trial,0.5,33,268.4,268.88,0.5,0.4800000000000182,269,1.52,1.56037,1.0399999999999818,1.0803699999999818,269.91999999999996
s09-r2-disconnect_trial-0.5,9,2,disconnect_trial,0.5,34,276.56,277.08,0.5,0.5199999999999818,278,1.52,1.55919,1.0000000000000182,1.0391900000000183,278.08
s09-r2-disconnect_trial-0.5,9,2,disconnect_trial,0.5,35,284.84,285.32,0.5,0.4800000000000182,286,1.52,1.55994,1.0399999999999818,1.079939999999982,286.35999999999996
s09-r2-disconnect_trial-0.5,9,2,disconnect_trial,0.5,36,292.92,293.4,0.5,0.47999999999996135,294,1.52,1.55919,1.0400000000000387,1.0791900000000387,294.44
s09-r2-disconnect_trial-0.5,9,2,disconnect_trial,0.5,37,300.8,301.28,0.5,0.47999999999996135,302,1.52,1.55942,1.0400000000000387,1.0794200000000387,302.32
s09-r2-disconnect_trial-0.5,9,2,disconnect_trial,0.5,38,308.64,309.16,0.5,0.5200000000000387,310,1.52,1.56015,0.9999999999999614,1.0401499999999613,310.15999999999997
s09-r2-disconnect_trial-0.5,9,2,disconnect_trial,0.5,39,316.36,316.84,0.5,0.47999999999996135,317,1.52,1.55941,1.0400000000000387,1.0794100000000386,317.88
s09-r2-disconnect_trial-0.5,9,2,disconnect_trial,0.5,40,324.68,325.16,0.5,0.4800000000000182,326,1.52,1.55959,1.0399999999999818,1.0795899999999818,326.2
s09-r2-disconnect_trial-0.5,9,2,disconnect_trial,0.5,41,332.6,333.08,0.5,0.47999999999996135,334,1.52,1.56437,1.0400000000000387,1.0843700000000387,334.12
s09-r2-disconnect_trial-0.5,9,2,disconnect_trial,0.5,42,340.56,341.04,0.5,0.4800000000000182,342,1.52,1.55899,1.0399999999999818,1.078989999999982,342.08
s09-r2-disconnect_trial-0.5,9,2,disconnect_trial,0.5,43,349.0,349.52,0.5,0.5199999999999818,350,1.52,1.55902,1.0000000000000182,1.0390200000000183,350.52
s09-r2-disconnect_trial-0.5,9,2,disconnect_trial,0.5,44,356.64,357.16,0.5,0.5200000000000387,358,1.52,1.56021,0.9999999999999614,1.0402099999999614,358.15999999999997
s09-r2-disconnect_trial-0.5,9,2,disconnect_trial,0.5,45,364.36,364.84,0.5,0.47999999999996135,365,1.52,1.55989,1.0400000000000387,1.0798900000000387,365.88
s09-r2-disconnect_trial-0.5,9,2,disconnect_trial,0.5,46,372.8,373.32,0.5,0.5199999999999818,374,1.52,1.5596,1.0000000000000182,1.0396000000000183,374.32
s09-r2-disconnect_trial-0.5,9,2,disconnect_trial,0.5,47,381.04,381.56,0.5,0.5199999999999818,382,1.52,1.55964,1.0000000000000182,1.039640000000018,382.56
s09-r2-disconnect_trial-1,9,2,disconnect_trial,1.0,0,3.0,4.0,1.0,1.0,4,1.52,1.55945,0.52,0.55945,4.52
s09-r2-disconnect_trial-1,9,2,disconnect_trial,1.0,1,11.04,12.04,1.0,1.0,12,1.52,1.55996,0.52,0.55996,12.559999999999999
s09-r2-disconnect_trial-1,9,2,disconnect_trial,1.0,2,18.72,19.72,1.0,1.0,20,1.52,1.55987,0.52,0.5598700000000001,20.24
s09-r2-disconnect_trial-1,9,2,disconnect_trial,1.0,3,26.52,27.52,1.0,1.0,28,1.52,1.55928,0.52,0.55928,28.04
s09-r2-disconnect_trial-1,9,2,disconnect_trial,1.0,4,34.56,35.56,1.0,1.0,36,1.52,1.5601,0.52,0.5601,36.080000000000005
s09-r2-disconnect_trial-1,9,2,disconnect_trial,1.0,5,43.0,44.0,1.0,1.0,44,1.52,1.55929,0.52,0.5592900000000001,44.52
s09-r2-disconnect_trial-1,9,2,disconnect_trial,1.0,6,50.64,51.64,1.0,1.0,52,1.52,1.55984,0.52,0.5598399999999999,52.160000000000004
s09-r2-disconnect_trial-1,9,2,disconnect_trial,1.0,7,58.84,59.84,1.0,1.0,60,1.52,1.55989,0.52,0.55989,60.36000000000001
s09-r2-disconnect_trial-1,9,2,disconnect_trial,1.0,8,66.56,67.56,1.0,1.0,68,1.52,1.5593,0.52,0.5592999999999999,68.08
s09-r2-disconnect_trial-1,9,2,disconnect_trial,1.0,9,74.56,75.56,1.0,1.0,76,1.52,1.55896,0.52,0.5589599999999999,76.08
s09-r2-disconnect_trial-1,9,2,disconnect_trial,1.0,10,82.2,83.2,1.0,1.0,83,1.52,1.56025,0.52,0.5602499999999999,83.72
s09-r2-disconnect_trial-1,9,2,disconnect_trial,1.0,11,89.76,90.76,1.0,1.0,91,1.52,1.56449,0.52,0.5644899999999999,91.28
s09-r2-disconnect_trial-1,9,2,disconnect_trial,1.0,12,97.68,98.68,1.0,1.0,99,1.52,1.55983,0.52,0.55983,99.2
s09-r2-disconnect_trial-1,9,2,disconnect_trial,1.0,13,105.44,106.44,1.0,1.0,106,1.52,1.55976,0.52,0.55976,106.96
s09-r2-disconnect_trial-1,9,2,disconnect_trial,1.0,14,113.32,114.32,1.0,1.0,114,1.52,1.55961,0.52,0.5596099999999999,114.83999999999999
s09-r2-disconnect_trial-1,9,2,disconnect_trial,1.0,15,121.8,122.8,1.0,1.0,123,1.52,1.55957,0.52,0.5595699999999999,123.32
s09-r2-disconnect_trial-1,9,2,disconnect_trial,1.0,16,129.8,130.8,1.0,1.0,131,1.52,1.56037,0.52,0.56037,131.32000000000002
s09-r2-disconnect_trial-1,9,2,disconnect_trial,1.0,17,138.08,139.08,1.0,1.0,139,1.52,1.55977,0.52,0.5597700000000001,139.60000000000002
s09-r2-disconnect_trial-1,9,2,disconnect_trial,1.0,18,146.24,147.24,1.0,1.0,147,1.52,1.55926,0.52,0.5592600000000001,147.76000000000002
s09-r2-disconnect_trial-1,9,2,disconnect_trial,1.0,19,154.48,155.48,1.0,1.0,156,1.52,1.55919,0.52,0.5591900000000001,156.0
s09-r2-disconnect_trial-1,9,2,disconnect_trial,1.0,20,162.76,163.76,1.0,1.0,164,1.52,1.55979,0.52,0.55979,164.28
s09-r2-disconnect_trial-1,9,2,disconnect_trial,1.0,21,171.08,172.08,1.0,1.0,172,1.52,1.55987,0.52,0.5598700000000001,172.60000000000002
s09-r2-disconnect_trial-1,9,2,disconnect_trial,1.0,22,178.72,179.72,1.0,1.0,180,1.52,1.55939,0.52,0.55939,180.24
s09-r2-disconnect_trial-1,9,2,disconnect_trial,1.0,23,186.88,187.88,1.0,1.0,188,1.52,1.56009,0.52,0.56009,188.4
s09-r2-disconnect_trial-1,9,2,disconnect_trial,1.0,24,194.68,195.68,1.0,1.0,196,1.52,1.55996,0.52,0.55996,196.20000000000002
s09-r2-disconnect_trial-1,9,2,disconnect_trial,1.0,25,202.52,203.52,1.0,1.0,204,1.52,1.55893,0.52,0.5589299999999999,204.04000000000002
s09-r2-disconnect_trial-1,9,2,disconnect_trial,1.0,26,210.92,211.92,1.0,1.0,212,1.52,1.56021,0.52,0.5602100000000001,212.44
s09-r2-disconnect_trial-1,9,2,disconnect_trial,1.0,27,218.96,219.96,1.0,1.0,220,1.52,1.55947,0.52,0.5594699999999999,220.48000000000002
s09-r2-disconnect_trial-1,9,2,disconnect_trial,1.0,28,226.84,227.84,1.0,1.0,228,1.52,1.55984,0.52,0.5598399999999999,228.36
s09-r2-disconnect_trial-1,9,2,disconnect_trial,1.0,29,234.96,235.96,1.0,1.0,236,1.52,1.55956,0.52,0.5595600000000001,236.48000000000002
s09-r2-disconnect_trial-1,9,2,disconnect_trial,1.0,30,243.24,244.24,1.0,1.0,244,1.52,1.56053,0.52,0.56053,244.76000000000002
s09-r2-disconnect_trial-1,9,2,disconnect_trial,1.0,31,251.68,252.68,1.0,1.0,253,1.52,1.56081,0.52,0.56081,253.20000000000002
s09-r2-disconnect_trial-1,9,2,disconnect_trial,1.0,32,260.04,261.04,1.0,1.0,261,1.52,1.55951,0.52,0.55951,261.56
s09-r2-disconnect_trial-1,9,2,disconnect_trial,1.0,33,268.4,269.4,1.0,1.0,269,1.52,1.55907,0.52,0.55907,269.91999999999996
s09-r2-disconnect_trial-1,9,2,disconnect_trial,1.0,34,276.56,277.56,1.0,1.0,278,1.52,1.55934,0.52,0.55934,278.08
s09-r2-disconnect_trial-1,9,2,disconnect_trial,1.0,35,284.84,285.84,1.0,1.0,286,1.52,1.55523,0.52,0.5552299999999999,286.35999999999996
s09-r2-disconnect_trial-1,9,2,disconnect_trial,1.0,36,292.92,293.92,1.0,1.0,294,1.52,1.55961,0.52,0.5596099999999999,294.44
s09-r2-disconnect_trial-1,9,2,disconnect_trial,1.0,37,300.8,301.8,1.0,1.0,302,1.52,1.55989,0.52,0.55989,302.32
s09-r2-disconnect_trial-1,9,2,disconnect_trial,1.0,38,308.64,309.64,1.0,1.0,310,1.52,1.56004,0.52,0.5600400000000001,310.15999999999997
s09-r2-disconnect_trial-1,9,2,disconnect_trial,1.0,39,316.36,317.36,1.0,1.0,317,1.52,1.55878,0.52,0.55878,317.88
s09-r2-disconnect_trial-1,9,2,disconnect_trial,1.0,40,324.68,325.68,1.0,1.0,326,1.52,1.56443,0.52,0.56443,326.2
s09-r2-disconnect_trial-1,9,2,disconnect_trial,1.0,41,332.6,333.6,1.0,1.0,334,1.52,1.55919,0.52,0.5591900000000001,334.12
s09-r2-disconnect_trial-1,9,2,disconnect_trial,1.0,42,340.56,341.56,1.0,1.0,342,1.52,1.5599,0.52,0.5599000000000001,342.08
s09-r2-disconnect_trial-1,9,2,disconnect_trial,1.0,43,349.0,350.0,1.0,1.0,350,1.52,1.55965,0.52,0.55965,350.52
s09-r2-disconnect_trial-1,9,2,disconnect_trial,1.0,44,356.64,357.64,1.0,1.0,358,1.52,1.56042,0.52,0.5604199999999999,358.15999999999997
s09-r2-disconnect_trial-1,9,2,disconnect_trial,1.0,45,364.36,365.36,1.0,1.0,365,1.52,1.55989,0.52,0.55989,365.88
s09-r2-disconnect_trial-1,9,2,disconnect_trial,1.0,46,372.8,373.8,1.0,1.0,374,1.52,1.55964,0.52,0.5596399999999999,374.32
s09-r2-disconnect_trial-1,9,2,disconnect_trial,1.0,47,381.04,382.04,1.0,1.0,382,1.52,1.56042,0.52,0.5604199999999999,382.56
s09-r2-disconnect_trial-2,9,2,disconnect_trial,2.0,0,3.0,5.0,2.0,2.0,5,2.52,2.55732,0.52,0.5573199999999998,5.52
s09-r2-disconnect_trial-2,9,2,disconnect_trial,2.0,1,11.04,13.04,2.0,2.0,13,2.52,2.55982,0.52,0.5598200000000002,13.559999999999999
s09-r2-disconnect_trial-2,9,2,disconnect_trial,2.0,2,18.72,20.72,2.0,2.0,21,2.52,2.56243,0.52,0.56243,21.24
s09-r2-disconnect_trial-2,9,2,disconnect_trial,2.0,3,26.52,28.52,2.0,2.0,29,2.52,2.56342,0.52,0.5634199999999998,29.04
s09-r2-disconnect_trial-2,9,2,disconnect_trial,2.0,4,34.56,36.56,2.0,2.0,37,2.52,2.56244,0.52,0.56244,37.080000000000005
s09-r2-disconnect_trial-2,9,2,disconnect_trial,2.0,5,43.0,45.0,2.0,2.0,45,2.52,2.56352,0.52,0.56352,45.52
s09-r2-disconnect_trial-2,9,2,disconnect_trial,2.0,6,50.64,52.64,2.0,2.0,53,2.52,2.55843,0.52,0.55843,53.160000000000004
s09-r2-disconnect_trial-2,9,2,disconnect_trial,2.0,7,58.84,60.84,2.0,2.0,61,2.52,2.56239,0.52,0.5623900000000002,61.36000000000001
s09-r2-disconnect_trial-2,9,2,disconnect_trial,2.0,8,66.56,68.56,2.0,2.0,69,2.52,2.56332,0.52,0.56332,69.08
s09-r2-disconnect_trial-2,9,2,disconnect_trial,2.0,9,74.56,76.56,2.0,2.0,77,2.52,2.55804,0.52,0.5580400000000001,77.08
s09-r2-disconnect_trial-2,9,2,disconnect_trial,2.0,10,82.2,84.2,2.0,2.0,84,2.52,2.55844,0.52,0.55844,84.72
s09-r2-disconnect_trial-2,9,2,disconnect_trial,2.0,11,89.76,91.76,2.0,2.0,92,2.52,2.55806,0.52,0.5580599999999998,92.28
s09-r2-disconnect_trial-2,9,2,disconnect_trial,2.0,12,97.68,99.68,2.0,2.0,100,2.52,2.56299,0.52,0.5629900000000001,100.2
s09-r2-disconnect_trial-2,9,2,disconnect_trial,2.0,13,105.44,107.44,2.0,2.0,107,2.52,2.55858,0.52,0.5585800000000001,107.96
s09-r2-disconnect_trial-2,9,2,disconnect_trial,2.0,14,113.32,115.32,2.0,2.0,115,2.52,2.55913,0.52,0.5591300000000001,115.83999999999999
s09-r2-disconnect_trial-2,9,2,disconnect_trial,2.0,15,121.8,123.8,2.0,2.0,124,2.52,2.5626,0.52,0.5626000000000002,124.32
s09-r2-disconnect_trial-2,9,2,disconnect_trial,2.0,16,129.8,131.8,2.0,2.0,132,2.52,2.56243,0.52,0.56243,132.32000000000002
s09-r2-disconnect_trial-2,9,2,disconnect_trial,2.0,17,138.08,140.08,2.0,2.0,140,2.52,2.56355,0.52,0.5635500000000002,140.60000000000002
s09-r2-disconnect_trial-2,9,2,disconnect_trial,2.0,18,146.24,148.24,2.0,2.0,148,2.52,2.55771,0.52,0.5577100000000002,148.76000000000002
s09-r2-disconnect_trial-2,9,2,disconnect_trial,2.0,19,154.48,156.48,2.0,2.0,157,2.52,2.55767,0.52,0.5576699999999999,157.0
s09-r2-disconnect_trial-2,9,2,disconnect_trial,2.0,20,162.76,164.76,2.0,2.0,165,2.52,2.55833,0.52,0.5583300000000002,165.28
s09-r2-disconnect_trial-2,9,2,disconnect_trial,2.0,21,171.08,173.08,2.0,2.0,173,2.52,2.55811,0.52,0.5581100000000001,173.60000000000002
s09-r2-disconnect_trial-2,9,2,disconnect_trial,2.0,22,178.72,180.72,2.0,2.0,181,2.52,2.56294,0.52,0.5629400000000002,181.24
s09-r2-disconnect_trial-2,9,2,disconnect_trial,2.0,23,186.88,188.88,2.0,2.0,189,2.52,2.56382,0.52,0.5638200000000002,189.4
s09-r2-disconnect_trial-2,9,2,disconnect_trial,2.0,24,194.68,196.68,2.0,2.0,197,2.52,2.55874,0.52,0.5587399999999998,197.20000000000002
s09-r2-disconnect_trial-2,9,2,disconnect_trial,2.0,25,202.52,204.52,2.0,2.0,205,2.52,2.56306,0.52,0.5630600000000001,205.04000000000002
s09-r2-disconnect_trial-2,9,2,disconnect_trial,2.0,26,210.92,212.92,2.0,2.0,213,2.52,2.55753,0.52,0.5575299999999999,213.44
s09-r2-disconnect_trial-2,9,2,disconnect_trial,2.0,27,218.96,220.96,2.0,2.0,221,2.52,2.56203,0.52,0.56203,221.48000000000002
s09-r2-disconnect_trial-2,9,2,disconnect_trial,2.0,28,226.84,228.84,2.0,2.0,229,2.52,2.56317,0.52,0.56317,229.36
s09-r2-disconnect_trial-2,9,2,disconnect_trial,2.0,29,234.96,236.96,2.0,2.0,237,2.52,2.5577,0.52,0.5577000000000001,237.48000000000002
s09-r2-disconnect_trial-2,9,2,disconnect_trial,2.0,30,243.24,245.24,2.0,2.0,245,2.52,2.55944,0.52,0.5594399999999999,245.76000000000002
s09-r2-disconnect_trial-2,9,2,disconnect_trial,2.0,31,251.68,253.68,2.0,2.0,254,2.52,2.55807,0.52,0.5580699999999998,254.20000000000002
s09-r2-disconnect_trial-2,9,2,disconnect_trial,2.0,32,260.04,262.04,2.0,2.0,262,2.52,2.55998,0.52,0.5599799999999999,262.56
s09-r2-disconnect_trial-2,9,2,disconnect_trial,2.0,33,268.4,270.4,2.0,2.0,270,2.52,2.56326,0.52,0.5632600000000001,270.91999999999996
s09-r2-disconnect_trial-2,9,2,disconnect_trial,2.0,34,276.56,278.56,2.0,2.0,279,2.52,2.55683,0.52,0.5568300000000002,279.08
s09-r2-disconnect_trial-2,9,2,disconnect_trial,2.0,35,284.84,286.84,2.0,2.0,287,2.52,2.55721,0.52,0.55721,287.35999999999996
s09-r2-disconnect_trial-2,9,2,disconnect_trial,2.0,36,292.92,294.92,2.0,2.0,295,2.52,2.55833,0.52,0.5583300000000002,295.44
s09-r2-disconnect_trial-2,9,2,disconnect_trial,2.0,37,300.8,302.8,2.0,2.0,303,2.52,2.55764,0.52,0.5576400000000001,303.32
s09-r2-disconnect_trial-2,9,2,disconnect_trial,2.0,38,308.64,310.64,2.0,2.0,311,2.52,2.56313,0.52,0.5631300000000001,311.15999999999997
s09-r2-disconnect_trial-2,9,2,disconnect_trial,2.0,39,316.36,318.36,2.0,2.0,318,2.52,2.55761,0.52,0.5576099999999999,318.88
s09-r2-disconnect_trial-2,9,2,disconnect_trial,2.0,40,324.68,326.68,2.0,2.0,327,2.52,2.55917,0.52,0.55917,327.2
s09-r2-disconnect_trial-2,9,2,disconnect_trial,2.0,41,332.6,334.6,2.0,2.0,335,2.52,2.55776,0.52,0.55776,335.12
s09-r2-disconnect_trial-2,9,2,disconnect_trial,2.0,42,340.56,342.56,2.0,2.0,343,2.52,2.56349,0.52,0.5634899999999998,343.08
s09-r2-disconnect_trial-2,9,2,disconnect_trial,2.0,43,349.0,351.0,2.0,2.0,351,2.52,2.56236,0.52,0.56236,351.52
s09-r2-disconnect_trial-2,9,2,disconnect_trial,2.0,44,356.64,358.64,2.0,2.0,359,2.52,2.55778,0.52,0.5577800000000002,359.15999999999997
s09-r2-disconnect_trial-2,9,2,disconnect_trial,2.0,45,364.36,366.36,2.0,2.0,366,2.52,2.55895,0.52,0.5589499999999998,366.88
s09-r2-disconnect_trial-2,9,2,disconnect_trial,2.0,46,372.8,374.8,2.0,2.0,375,2.52,2.56447,0.52,0.56447,375.32
s09-r2-disconnect_trial-2,9,2,disconnect_trial,2.0,47,381.04,383.04,2.0,2.0,383,2.52,2.55893,0.52,0.5589300000000001,383.56
s09-r3-disconnect-0.5,9,3,disconnect,0.5,0,217.24,217.72,0.5,0.47999999999998977,218,1.52,1.55987,1.0400000000000102,1.0798700000000103,218.76000000000002
s09-r3-disconnect-0.5,9,3,disconnect,0.5,1,222.72,223.24,0.5,0.5200000000000102,224,1.52,1.55963,0.9999999999999898,1.0396299999999898,224.24
s09-r3-disconnect-0.5,9,3,disconnect,0.5,2,243.2,243.68,0.5,0.4800000000000182,244,1.52,1.55976,1.0399999999999818,1.0797599999999818,244.72
s09-r3-disconnect-0.5,9,3,disconnect,0.5,3,293.64,294.12,0.5,0.4800000000000182,295,1.52,1.56013,1.0399999999999818,1.0801299999999818,295.15999999999997
s09-r3-disconnect-0.5,9,3,disconnect,0.5,4,362.88,363.4,0.5,0.5199999999999818,364,1.52,1.55969,1.0000000000000182,1.0396900000000182,364.4
s09-r3-disconnect-1,9,3,disconnect,1.0,0,48.72,49.72,1.0,1.0,50,1.52,1.55956,0.52,0.5595600000000001,50.24
s09-r3-disconnect-1,9,3,disconnect,1.0,1,118.16,119.16,1.0,1.0,119,1.52,1.55973,0.52,0.5597300000000001,119.67999999999999
s09-r3-disconnect-1,9,3,disconnect,1.0,2,147.84,148.84,1.0,1.0,149,1.52,1.55983,0.52,0.55983,149.36
s09-r3-disconnect-1,9,3,disconnect,1.0,3,168.64,169.64,1.0,1.0,170,1.52,1.56002,0.52,0.56002,170.16
s09-r3-disconnect-1,9,3,disconnect,1.0,4,277.2,278.2,1.0,1.0,278,1.52,1.56055,0.52,0.5605500000000001,278.71999999999997
s09-r3-disconnect-3,9,3,disconnect,3.0,0,177.04,180.04,3.0,3.0,180,3.52,3.56275,0.52,0.5627499999999999,180.56
s09-r3-disconnect-3,9,3,disconnect,3.0,1,253.32,256.32,2.9999999999999716,3.0,256,3.52,3.56095,0.52,0.5609500000000001,256.84
s09-r3-disconnect-3,9,3,disconnect,3.0,2,291.92,294.92,3.0,3.0,295,3.52,3.55729,0.52,0.5572900000000001,295.44
s09-r3-disconnect-3,9,3,disconnect,3.0,3,304.84,307.84,3.0,3.0,308,3.52,3.55716,0.52,0.5571600000000001,308.35999999999996
s09-r3-disconnect-3,9,3,disconnect,3.0,4,367.0,370.0,3.0,3.0,370,3.52,3.55773,0.52,0.5577299999999998,370.52
s09-r3-disconnect_trial-0.5,9,3,disconnect_trial,0.5,0,3.0,3.52,0.5,0.52,4,1.52,1.55876,1.0,1.03876,4.52
s09-r3-disconnect_trial-0.5,9,3,disconnect_trial,0.5,1,11.04,11.52,0.5,0.4800000000000004,12,1.52,1.55969,1.0399999999999996,1.0796899999999996,12.559999999999999
s09-r3-disconnect_trial-0.5,9,3,disconnect_trial,0.5,2,18.72,19.2,0.5,0.4800000000000004,20,1.52,1.55983,1.0399999999999996,1.0798299999999996,20.24
s09-r3-disconnect_trial-0.5,9,3,disconnect_trial,0.5,3,26.52,27.0,0.5,0.4800000000000004,28,1.52,1.5591,1.0399999999999996,1.0790999999999995,28.04
s09-r3-disconnect_trial-0.5,9,3,disconnect_trial,0.5,4,34.56,35.04,0.5,0.4799999999999969,36,1.52,1.56445,1.0400000000000031,1.084450000000003,36.080000000000005
s09-r3-disconnect_trial-0.5,9,3,disconnect_trial,0.5,5,43.0,43.48,0.5,0.4799999999999969,44,1.52,1.55843,1.0400000000000031,1.078430000000003,44.52
s09-r3-disconnect_trial-0.5,9,3,disconnect_trial,0.5,6,50.64,51.16,0.5,0.519999999999996,52,1.52,1.55901,1.000000000000004,1.039010000000004,52.160000000000004
s09-r3-disconnect_trial-0.5,9,3,disconnect_trial,0.5,7,58.84,59.36,0.5,0.519999999999996,60,1.52,1.55904,1.000000000000004,1.039040000000004,60.36000000000001
s09-r3-disconnect_trial-0.5,9,3,disconnect_trial,0.5,8,66.56,67.08,0.5,0.519999999999996,68,1.52,1.5639,1.000000000000004,1.043900000000004,68.08
s09-r3-disconnect_trial-0.5,9,3,disconnect_trial,0.5,9,74.56,75.08,0.5,0.519999999999996,76,1.52,1.55902,1.000000000000004,1.039020000000004,76.08
s09-r3-disconnect_trial-0.5,9,3,disconnect_trial,0.5,10,82.2,82.68,0.5,0.480000000000004,83,1.52,1.55982,1.039999999999996,1.079819999999996,83.72
s09-r3-disconnect_trial-0.5,9,3,disconnect_trial,0.5,11,89.76,90.28,0.5,0.519999999999996,91,1.52,1.55962,1.000000000000004,1.039620000000004,91.28
s09-r3-disconnect_trial-0.5,9,3,disconnect_trial,0.5,12,97.68,98.16,0.5,0.47999999999998977,99,1.52,1.56441,1.0400000000000102,1.0844100000000103,99.2
s09-r3-disconnect_trial-0.5,9,3,disconnect_trial,0.5,13,105.44,105.92,0.5,0.480000000000004,106,1.52,1.55959,1.039999999999996,1.079589999999996,106.96
s09-r3-disconnect_trial-0.5,9,3,disconnect_trial,0.5,14,113.32,113.8,0.5,0.480000000000004,114,1.52,1.55967,1.039999999999996,1.079669999999996,114.83999999999999
s09-r3-disconnect_trial-0.5,9,3,disconnect_trial,0.5,15,121.8,122.28,0.5,0.480000000000004,123,1.52,1.55989,1.039999999999996,1.079889999999996,123.32
s09-r3-disconnect_trial-0.5,9,3,disconnect_trial,0.5,16,129.8,130.32,0.5,0.5199999999999818,131,1.52,1.56416,1.0000000000000182,1.0441600000000182,131.32000000000002
s09-r3-disconnect_trial-0.5,9,3,disconnect_trial,0.5,17,138.08,138.6,0.5,0.5199999999999818,139,1.52,1.56057,1.0000000000000182,1.0405700000000182,139.60000000000002
s09-r3-disconnect_trial-0.5,9,3,disconnect_trial,0.5,18,146.24,146.72,0.5,0.47999999999998977,147,1.52,1.55537,1.0400000000000102,1.0753700000000102,147.76000000000002
s09-r3-disconnect_trial-0.5,9,3,disconnect_trial,0.5,19,154.48,155.0,0.5,0.5200000000000102,156,1.52,1.5591,0.9999999999999898,1.0390999999999897,156.0
s09-r3-disconnect_trial-0.5,9,3,disconnect_trial,0.5,20,162.76,163.28,0.5,0.5200000000000102,164,1.52,1.5588,0.9999999999999898,1.0387999999999897,164.28
s09-r3-disconnect_trial-0.5,9,3,disconnect_trial,0.5,21,171.08,171.6,0.5,0.5199999999999818,172,1.52,1.55974,1.0000000000000182,1.039740000000018,172.60000000000002
s09-r3-disconnect_trial-0.5,9,3,disconnect_trial,0.5,22,178.72,179.24,0.5,0.5200000000000102,180,1.52,1.55945,0.9999999999999898,1.0394499999999898,180.24
s09-r3-disconnect_trial-0.5,9,3,disconnect_trial,0.5,23,186.88,187.36,0.5,0.4800000000000182,188,1.52,1.5598,1.0399999999999818,1.0797999999999819,188.4
s09-r3-disconnect_trial-0.5,9,3,disconnect_trial,0.5,24,194.68,195.16,0.5,0.47999999999998977,196,1.52,1.56052,1.0400000000000102,1.0805200000000101,196.20000000000002
s09-r3-disconnect_trial-0.5,9,3,disconnect_trial,0.5,25,202.52,203.0,0.5,0.47999999999998977,204,1.52,1.56458,1.0400000000000102,1.0845800000000103,204.04000000000002
s09-r3-disconnect_trial-0.5,9,3,disconnect_trial,0.5,26,210.92,211.44,0.5,0.5200000000000102,212,1.52,1.55933,0.9999999999999898,1.0393299999999899,212.44
s09-r3-disconnect_trial-0.5,9,3,disconnect_trial,0.5,27,218.96,219.44,0.5,0.47999999999998977,220,1.52,1.55968,1.0400000000000102,1.0796800000000102,220.48000000000002
s09-r3-disconnect_trial-0.5,9,3,disconnect_trial,0.5,28,226.84,227.36,0.5,0.5200000000000102,228,1.52,1.55949,0.9999999999999898,1.0394899999999898,228.36
s09-r3-disconnect_trial-0.5,9,3,disconnect_trial,0.5,29,234.96,235.44,0.5,0.47999999999998977,236,1.52,1.55976,1.0400000000000102,1.0797600000000103,236.48000000000002
s09-r3-disconnect_trial-0.5,9,3,disconnect_trial,0.5,30,243.24,243.72,0.5,0.47999999999998977,244,1.52,1.55944,1.0400000000000102,1.0794400000000102,244.76000000000002
s09-r3-disconnect_trial-0.5,9,3,disconnect_trial,0.5,31,251.68,252.16,0.5,0.47999999999998977,253,1.52,1.55915,1.0400000000000102,1.0791500000000103,253.20000000000002
s09-r3-disconnect_trial-0.5,9,3,disconnect_trial,0.5,32,260.04,260.52,0.5,0.47999999999996135,261,1.52,1.55955,1.0400000000000387,1.0795500000000386,261.56
s09-r3-disconnect_trial-0.5,9,3,disconnect_trial,0.5,33,268.4,268.88,0.5,0.4800000000000182,269,1.52,1.55981,1.0399999999999818,1.0798099999999817,269.91999999999996
s09-r3-disconnect_trial-0.5,9,3,disconnect_trial,0.5,34,276.56,277.08,0.5,0.5199999999999818,278,1.52,1.55942,1.0000000000000182,1.0394200000000182,278.08
s09-r3-disconnect_trial-0.5,9,3,disconnect_trial,0.5,35,284.84,285.32,0.5,0.4800000000000182,286,1.52,1.56028,1.0399999999999818,1.0802799999999817,286.35999999999996
s09-r3-disconnect_trial-0.5,9,3,disconnect_trial,0.5,36,292.92,293.4,0.5,0.47999999999996135,294,1.52,1.5595,1.0400000000000387,1.0795000000000388,294.44
s09-r3-disconnect_trial-0.5,9,3,disconnect_trial,0.5,37,300.8,301.28,0.5,0.47999999999996135,302,1.52,1.55982,1.0400000000000387,1.0798200000000386,302.32
s09-r3-disconnect_trial-0.5,9,3,disconnect_trial,0.5,38,308.64,309.16,0.5,0.5200000000000387,310,1.52,1.55873,0.9999999999999614,1.0387299999999613,310.15999999999997
s09-r3-disconnect_trial-0.5,9,3,disconnect_trial,0.5,39,316.36,316.84,0.5,0.47999999999996135,317,1.52,1.55924,1.0400000000000387,1.0792400000000386,317.88
s09-r3-disconnect_trial-0.5,9,3,disconnect_trial,0.5,40,324.68,325.16,0.5,0.4800000000000182,326,1.52,1.56444,1.0399999999999818,1.0844399999999819,326.2
s09-r3-disconnect_trial-0.5,9,3,disconnect_trial,0.5,41,332.6,333.08,0.5,0.47999999999996135,334,1.52,1.56004,1.0400000000000387,1.0800400000000387,334.12
s09-r3-disconnect_trial-0.5,9,3,disconnect_trial,0.5,42,340.56,341.04,0.5,0.4800000000000182,342,1.52,1.55956,1.0399999999999818,1.0795599999999819,342.08
s09-r3-disconnect_trial-0.5,9,3,disconnect_trial,0.5,43,349.0,349.52,0.5,0.5199999999999818,350,1.52,1.56045,1.0000000000000182,1.040450000000018,350.52
s09-r3-disconnect_trial-0.5,9,3,disconnect_trial,0.5,44,356.64,357.16,0.5,0.5200000000000387,358,1.52,1.55968,0.9999999999999614,1.0396799999999613,358.15999999999997
s09-r3-disconnect_trial-0.5,9,3,disconnect_trial,0.5,45,364.36,364.84,0.5,0.47999999999996135,365,1.52,1.55973,1.0400000000000387,1.0797300000000387,365.88
s09-r3-disconnect_trial-0.5,9,3,disconnect_trial,0.5,46,372.8,373.32,0.5,0.5199999999999818,374,1.52,1.5597,1.0000000000000182,1.0397000000000183,374.32
s09-r3-disconnect_trial-0.5,9,3,disconnect_trial,0.5,47,381.04,381.56,0.5,0.5199999999999818,382,1.52,1.55944,1.0000000000000182,1.0394400000000181,382.56
s09-r3-disconnect_trial-1,9,3,disconnect_trial,1.0,0,3.0,4.0,1.0,1.0,4,1.52,1.55854,0.52,0.55854,4.52
s09-r3-disconnect_trial-1,9,3,disconnect_trial,1.0,1,11.04,12.04,1.0,1.0,12,1.52,1.55549,0.52,0.55549,12.559999999999999
s09-r3-disconnect_trial-1,9,3,disconnect_trial,1.0,2,18.72,19.72,1.0,1.0,20,1.52,1.55934,0.52,0.55934,20.24
s09-r3-disconnect_trial-1,9,3,disconnect_trial,1.0,3,26.52,27.52,1.0,1.0,28,1.52,1.55982,0.52,0.55982,28.04
s09-r3-disconnect_trial-1,9,3,disconnect_trial,1.0,4,34.56,35.56,1.0,1.0,36,1.52,1.56029,0.52,0.56029,36.080000000000005
s09-r3-disconnect_trial-1,9,3,disconnect_trial,1.0,5,43.0,44.0,1.0,1.0,44,1.52,1.56035,0.52,0.5603499999999999,44.52
s09-r3-disconnect_trial-1,9,3,disconnect_trial,1.0,6,50.64,51.64,1.0,1.0,52,1.52,1.56006,0.52,0.56006,52.160000000000004
s09-r3-disconnect_trial-1,9,3,disconnect_trial,1.0,7,58.84,59.84,1.0,1.0,60,1.52,1.56043,0.52,0.56043,60.36000000000001
s09-r3-disconnect_trial-1,9,3,disconnect_trial,1.0,8,66.56,67.56,1.0,1.0,68,1.52,1.55992,0.52,0.55992,68.08
s09-r3-disconnect_trial-1,9,3,disconnect_trial,1.0,9,74.56,75.56,1.0,1.0,76,1.52,1.56045,0.52,0.5604499999999999,76.08
s09-r3-disconnect_trial-1,9,3,disconnect_trial,1.0,10,82.2,83.2,1.0,1.0,83,1.52,1.55905,0.52,0.55905,83.72
s09-r3-disconnect_trial-1,9,3,disconnect_trial,1.0,11,89.76,90.76,1.0,1.0,91,1.52,1.56347,0.52,0.5634699999999999,91.28
s09-r3-disconnect_trial-1,9,3,disconnect_trial,1.0,12,97.68,98.68,1.0,1.0,99,1.52,1.55914,0.52,0.55914,99.2
s09-r3-disconnect_trial-1,9,3,disconnect_trial,1.0,13,105.44,106.44,1.0,1.0,106,1.52,1.56051,0.52,0.5605100000000001,106.96
s09-r3-disconnect_trial-1,9,3,disconnect_trial,1.0,14,113.32,114.32,1.0,1.0,114,1.52,1.56036,0.52,0.56036,114.83999999999999
s09-r3-disconnect_trial-1,9,3,disconnect_trial,1.0,15,121.8,122.8,1.0,1.0,123,1.52,1.56009,0.52,0.56009,123.32
s09-r3-disconnect_trial-1,9,3,disconnect_trial,1.0,16,129.8,130.8,1.0,1.0,131,1.52,1.55923,0.52,0.5592299999999999,131.32000000000002
s09-r3-disconnect_trial-1,9,3,disconnect_trial,1.0,17,138.08,139.08,1.0,1.0,139,1.52,1.55947,0.52,0.5594699999999999,139.60000000000002
s09-r3-disconnect_trial-1,9,3,disconnect_trial,1.0,18,146.24,147.24,1.0,1.0,147,1.52,1.56015,0.52,0.5601499999999999,147.76000000000002
s09-r3-disconnect_trial-1,9,3,disconnect_trial,1.0,19,154.48,155.48,1.0,1.0,156,1.52,1.55975,0.52,0.55975,156.0
s09-r3-disconnect_trial-1,9,3,disconnect_trial,1.0,20,162.76,163.76,1.0,1.0,164,1.52,1.55917,0.52,0.55917,164.28
s09-r3-disconnect_trial-1,9,3,disconnect_trial,1.0,21,171.08,172.08,1.0,1.0,172,1.52,1.55508,0.52,0.55508,172.60000000000002
s09-r3-disconnect_trial-1,9,3,disconnect_trial,1.0,22,178.72,179.72,1.0,1.0,180,1.52,1.55878,0.52,0.55878,180.24
s09-r3-disconnect_trial-1,9,3,disconnect_trial,1.0,23,186.88,187.88,1.0,1.0,188,1.52,1.55984,0.52,0.5598399999999999,188.4
s09-r3-disconnect_trial-1,9,3,disconnect_trial,1.0,24,194.68,195.68,1.0,1.0,196,1.52,1.55999,0.52,0.55999,196.20000000000002
s09-r3-disconnect_trial-1,9,3,disconnect_trial,1.0,25,202.52,203.52,1.0,1.0,204,1.52,1.55929,0.52,0.5592900000000001,204.04000000000002
s09-r3-disconnect_trial-1,9,3,disconnect_trial,1.0,26,210.92,211.92,1.0,1.0,212,1.52,1.55921,0.52,0.55921,212.44
s09-r3-disconnect_trial-1,9,3,disconnect_trial,1.0,27,218.96,219.96,1.0,1.0,220,1.52,1.56437,0.52,0.56437,220.48000000000002
s09-r3-disconnect_trial-1,9,3,disconnect_trial,1.0,28,226.84,227.84,1.0,1.0,228,1.52,1.55963,0.52,0.5596300000000001,228.36
s09-r3-disconnect_trial-1,9,3,disconnect_trial,1.0,29,234.96,235.96,1.0,1.0,236,1.52,1.55963,0.52,0.5596300000000001,236.48000000000002
s09-r3-disconnect_trial-1,9,3,disconnect_trial,1.0,30,243.24,244.24,1.0,1.0,244,1.52,1.56023,0.52,0.56023,244.76000000000002
s09-r3-disconnect_trial-1,9,3,disconnect_trial,1.0,31,251.68,252.68,1.0,1.0,253,1.52,1.55927,0.52,0.5592699999999999,253.20000000000002
s09-r3-disconnect_trial-1,9,3,disconnect_trial,1.0,32,260.04,261.04,1.0,1.0,261,1.52,1.55942,0.52,0.55942,261.56
s09-r3-disconnect_trial-1,9,3,disconnect_trial,1.0,33,268.4,269.4,1.0,1.0,269,1.52,1.55952,0.52,0.55952,269.91999999999996
s09-r3-disconnect_trial-1,9,3,disconnect_trial,1.0,34,276.56,277.56,1.0,1.0,278,1.52,1.55951,0.52,0.55951,278.08
s09-r3-disconnect_trial-1,9,3,disconnect_trial,1.0,35,284.84,285.84,1.0,1.0,286,1.52,1.56004,0.52,0.5600400000000001,286.35999999999996
s09-r3-disconnect_trial-1,9,3,disconnect_trial,1.0,36,292.92,293.92,1.0,1.0,294,1.52,1.55908,0.52,0.55908,294.44
s09-r3-disconnect_trial-1,9,3,disconnect_trial,1.0,37,300.8,301.8,1.0,1.0,302,1.52,1.56094,0.52,0.56094,302.32
s09-r3-disconnect_trial-1,9,3,disconnect_trial,1.0,38,308.64,309.64,1.0,1.0,310,1.52,1.5594,0.52,0.5593999999999999,310.15999999999997
s09-r3-disconnect_trial-1,9,3,disconnect_trial,1.0,39,316.36,317.36,1.0,1.0,317,1.52,1.55983,0.52,0.55983,317.88
s09-r3-disconnect_trial-1,9,3,disconnect_trial,1.0,40,324.68,325.68,1.0,1.0,326,1.52,1.55919,0.52,0.5591900000000001,326.2
s09-r3-disconnect_trial-1,9,3,disconnect_trial,1.0,41,332.6,333.6,1.0,1.0,334,1.52,1.55851,0.52,0.5585100000000001,334.12
s09-r3-disconnect_trial-1,9,3,disconnect_trial,1.0,42,340.56,341.56,1.0,1.0,342,1.52,1.56055,0.52,0.5605500000000001,342.08
s09-r3-disconnect_trial-1,9,3,disconnect_trial,1.0,43,349.0,350.0,1.0,1.0,350,1.52,1.55928,0.52,0.55928,350.52
s09-r3-disconnect_trial-1,9,3,disconnect_trial,1.0,44,356.64,357.64,1.0,1.0,358,1.52,1.55999,0.52,0.55999,358.15999999999997
s09-r3-disconnect_trial-1,9,3,disconnect_trial,1.0,45,364.36,365.36,1.0,1.0,365,1.52,1.55963,0.52,0.5596300000000001,365.88
s09-r3-disconnect_trial-1,9,3,disconnect_trial,1.0,46,372.8,373.8,1.0,1.0,374,1.52,1.5597,0.52,0.5597000000000001,374.32
s09-r3-disconnect_trial-1,9,3,disconnect_trial,1.0,47,381.04,382.04,1.0,1.0,382,1.52,1.56059,0.52,0.5605899999999999,382.56
s09-r3-disconnect_trial-2,9,3,disconnect_trial,2.0,0,3.0,5.0,2.0,2.0,5,2.52,2.55788,0.52,0.5578799999999999,5.52
s09-r3-disconnect_trial-2,9,3,disconnect_trial,2.0,1,11.04,13.04,2.0,2.0,13,2.52,2.55917,0.52,0.55917,13.559999999999999
s09-r3-disconnect_trial-2,9,3,disconnect_trial,2.0,2,18.72,20.72,2.0,2.0,21,2.52,2.56321,0.52,0.5632100000000002,21.24
s09-r3-disconnect_trial-2,9,3,disconnect_trial,2.0,3,26.52,28.52,2.0,2.0,29,2.52,2.55803,0.52,0.55803,29.04
s09-r3-disconnect_trial-2,9,3,disconnect_trial,2.0,4,34.56,36.56,2.0,2.0,37,2.52,2.55737,0.52,0.5573700000000001,37.080000000000005
s09-r3-disconnect_trial-2,9,3,disconnect_trial,2.0,5,43.0,45.0,2.0,2.0,45,2.52,2.55867,0.52,0.5586700000000002,45.52
s09-r3-disconnect_trial-2,9,3,disconnect_trial,2.0,6,50.64,52.64,2.0,2.0,53,2.52,2.56331,0.52,0.56331,53.160000000000004
s09-r3-disconnect_trial-2,9,3,disconnect_trial,2.0,7,58.84,60.84,2.0,2.0,61,2.52,2.55731,0.52,0.5573100000000002,61.36000000000001
s09-r3-disconnect_trial-2,9,3,disconnect_trial,2.0,8,66.56,68.56,2.0,2.0,69,2.52,2.55887,0.52,0.5588700000000002,69.08
s09-r3-disconnect_trial-2,9,3,disconnect_trial,2.0,9,74.56,76.56,2.0,2.0,77,2.52,2.55929,0.52,0.5592899999999998,77.08
s09-r3-disconnect_trial-2,9,3,disconnect_trial,2.0,10,82.2,84.2,2.0,2.0,84,2.52,2.55906,0.52,0.5590600000000001,84.72
s09-r3-disconnect_trial-2,9,3,disconnect_trial,2.0,11,89.76,91.76,2.0,2.0,92,2.52,2.55757,0.52,0.5575700000000001,92.28
s09-r3-disconnect_trial-2,9,3,disconnect_trial,2.0,12,97.68,99.68,2.0,2.0,100,2.52,2.56293,0.52,0.5629300000000002,100.2
s09-r3-disconnect_trial-2,9,3,disconnect_trial,2.0,13,105.44,107.44,2.0,2.0,107,2.52,2.56461,0.52,0.5646100000000001,107.96
s09-r3-disconnect_trial-2,9,3,disconnect_trial,2.0,14,113.32,115.32,2.0,2.0,115,2.52,2.55927,0.52,0.5592700000000002,115.83999999999999
s09-r3-disconnect_trial-2,9,3,disconnect_trial,2.0,15,121.8,123.8,2.0,2.0,124,2.52,2.56434,0.52,0.5643400000000001,124.32
s09-r3-disconnect_trial-2,9,3,disconnect_trial,2.0,16,129.8,131.8,2.0,2.0,132,2.52,2.56284,0.52,0.56284,132.32000000000002
s09-r3-disconnect_trial-2,9,3,disconnect_trial,2.0,17,138.08,140.08,2.0,2.0,140,2.52,2.56011,0.52,0.5601099999999999,140.60000000000002
s09-r3-disconnect_trial-2,9,3,disconnect_trial,2.0,18,146.24,148.24,2.0,2.0,148,2.52,2.55848,0.52,0.5584799999999999,148.76000000000002
s09-r3-disconnect_trial-2,9,3,disconnect_trial,2.0,19,154.48,156.48,2.0,2.0,157,2.52,2.55885,0.52,0.5588500000000001,157.0
s09-r3-disconnect_trial-2,9,3,disconnect_trial,2.0,20,162.76,164.76,2.0,2.0,165,2.52,2.5586,0.52,0.5586000000000002,165.28
s09-r3-disconnect_trial-2,9,3,disconnect_trial,2.0,21,171.08,173.08,2.0,2.0,173,2.52,2.55875,0.52,0.5587499999999999,173.60000000000002
s09-r3-disconnect_trial-2,9,3,disconnect_trial,2.0,22,178.72,180.72,2.0,2.0,181,2.52,2.55841,0.52,0.5584099999999999,181.24
s09-r3-disconnect_trial-2,9,3,disconnect_trial,2.0,23,186.88,188.88,2.0,2.0,189,2.52,2.56243,0.52,0.56243,189.4
s09-r3-disconnect_trial-2,9,3,disconnect_trial,2.0,24,194.68,196.68,2.0,2.0,197,2.52,2.55965,0.52,0.55965,197.20000000000002
s09-r3-disconnect_trial-2,9,3,disconnect_trial,2.0,25,202.52,204.52,2.0,2.0,205,2.52,2.55868,0.52,0.5586799999999998,205.04000000000002
s09-r3-disconnect_trial-2,9,3,disconnect_trial,2.0,26,210.92,212.92,2.0,2.0,213,2.52,2.56281,0.52,0.5628099999999998,213.44
s09-r3-disconnect_trial-2,9,3,disconnect_trial,2.0,27,218.96,220.96,2.0,2.0,221,2.52,2.55891,0.52,0.55891,221.48000000000002
s09-r3-disconnect_trial-2,9,3,disconnect_trial,2.0,28,226.84,228.84,2.0,2.0,229,2.52,2.55929,0.52,0.5592899999999998,229.36
s09-r3-disconnect_trial-2,9,3,disconnect_trial,2.0,29,234.96,236.96,2.0,2.0,237,2.56,2.59956,0.56,0.5995599999999999,237.52
s09-r3-disconnect_trial-2,9,3,disconnect_trial,2.0,30,243.24,245.24,2.0,2.0,245,2.52,2.56362,0.52,0.5636199999999998,245.76000000000002
s09-r3-disconnect_trial-2,9,3,disconnect_trial,2.0,31,251.68,253.68,2.0,2.0,254,2.52,2.55898,0.52,0.55898,254.20000000000002
s09-r3-disconnect_trial-2,9,3,disconnect_trial,2.0,32,260.04,262.04,2.0,2.0,262,2.52,2.56379,0.52,0.56379,262.56
s09-r3-disconnect_trial-2,9,3,disconnect_trial,2.0,33,268.4,270.4,2.0,2.0,270,2.52,2.5591,0.52,0.5590999999999999,270.91999999999996
s09-r3-disconnect_trial-2,9,3,disconnect_trial,2.0,34,276.56,278.56,2.0,2.0,279,2.52,2.55831,0.52,0.5583100000000001,279.08
s09-r3-disconnect_trial-2,9,3,disconnect_trial,2.0,35,284.84,286.84,2.0,2.0,287,2.52,2.55896,0.52,0.5589599999999999,287.35999999999996
s09-r3-disconnect_trial-2,9,3,disconnect_trial,2.0,36,292.92,294.92,2.0,2.0,295,2.52,2.55924,0.52,0.55924,295.44
s09-r3-disconnect_trial-2,9,3,disconnect_trial,2.0,37,300.8,302.8,2.0,2.0,303,2.52,2.56357,0.52,0.5635699999999999,303.32
s09-r3-disconnect_trial-2,9,3,disconnect_trial,2.0,38,308.64,310.64,2.0,2.0,311,2.52,2.56283,0.52,0.5628299999999999,311.15999999999997
s09-r3-disconnect_trial-2,9,3,disconnect_trial,2.0,39,316.36,318.36,2.0,2.0,318,2.52,2.56303,0.52,0.5630299999999999,318.88
s09-r3-disconnect_trial-2,9,3,disconnect_trial,2.0,40,324.68,326.68,2.0,2.0,327,2.52,2.55804,0.52,0.5580400000000001,327.2
s09-r3-disconnect_trial-2,9,3,disconnect_trial,2.0,41,332.6,334.6,2.0,2.0,335,2.52,2.55823,0.52,0.55823,335.12
s09-r3-disconnect_trial-2,9,3,disconnect_trial,2.0,42,340.56,342.56,2.0,2.0,343,2.52,2.55881,0.52,0.5588099999999998,343.08
s09-r3-disconnect_trial-2,9,3,disconnect_trial,2.0,43,349.0,351.0,2.0,2.0,351,2.52,2.55972,0.52,0.55972,351.52
s09-r3-disconnect_trial-2,9,3,disconnect_trial,2.0,44,356.64,358.64,2.0,2.0,359,2.52,2.56056,0.52,0.5605600000000002,359.15999999999997
s09-r3-disconnect_trial-2,9,3,disconnect_trial,2.0,45,364.36,366.36,2.0,2.0,366,2.52,2.56302,0.52,0.5630199999999999,366.88
s09-r3-disconnect_trial-2,9,3,disconnect_trial,2.0,46,372.8,374.8,2.0,2.0,375,2.52,2.55923,0.52,0.5592299999999999,375.32
s09-r3-disconnect_trial-2,9,3,disconnect_trial,2.0,47,381.04,383.04,2.0,2.0,383,2.52,2.55874,0.52,0.5587399999999998,383.56
s09-r4-disconnect-0.5,9,4,disconnect,0.5,0,72.2,72.72,0.5,0.519999999999996,73,1.52,1.55982,1.000000000000004,1.039820000000004,73.72
s09-r4-disconnect-0.5,9,4,disconnect,0.5,1,85.12,85.6,0.5,0.47999999999998977,86,1.52,1.56109,1.0400000000000102,1.0810900000000103,86.64
s09-r4-disconnect-0.5,9,4,disconnect,0.5,2,95.24,95.76,0.5,0.5200000000000102,96,1.52,1.55896,0.9999999999999898,1.0389599999999897,96.75999999999999
s09-r4-disconnect-0.5,9,4,disconnect,0.5,3,247.6,248.08,0.5,0.4800000000000182,249,1.52,1.55974,1.0399999999999818,1.0797399999999817,249.12
s09-r4-disconnect-0.5,9,4,disconnect,0.5,4,349.28,349.8,0.5,0.5200000000000387,350,1.52,1.55967,0.9999999999999614,1.0396699999999612,350.79999999999995
s09-r4-disconnect-1,9,4,disconnect,1.0,0,84.76,85.76,1.0,1.0,86,1.52,1.55996,0.52,0.55996,86.28
s09-r4-disconnect-1,9,4,disconnect,1.0,1,115.56,116.56,1.0,1.0,117,1.52,1.5597,0.52,0.5597000000000001,117.08
s09-r4-disconnect-1,9,4,disconnect,1.0,2,158.2,159.2,1.0,1.0,159,1.52,1.5605,0.52,0.5605,159.72
s09-r4-disconnect-1,9,4,disconnect,1.0,3,206.92,207.92,1.0,1.0,208,1.52,1.56473,0.52,0.56473,208.44
s09-r4-disconnect-1,9,4,disconnect,1.0,4,246.44,247.44,1.0,1.0,247,1.52,1.55993,0.52,0.55993,247.96
s09-r4-disconnect-3,9,4,disconnect,3.0,0,149.72,152.72,3.0,3.0,153,3.56,3.60293,0.56,0.6029300000000002,153.28
s09-r4-disconnect-3,9,4,disconnect,3.0,1,192.4,195.4,3.0,3.0,195,3.52,3.5586,0.52,0.5586000000000002,195.92000000000002
s09-r4-disconnect-3,9,4,disconnect,3.0,2,267.12,270.12,3.0,3.0,270,3.52,3.55696,0.52,0.5569600000000001,270.64
s09-r4-disconnect-3,9,4,disconnect,3.0,3,288.88,291.88,3.0,3.0,292,3.52,3.56151,0.52,0.5615100000000002,292.4
s09-r4-disconnect-3,9,4,disconnect,3.0,4,321.12,324.12,3.0,3.0,324,3.52,3.55822,0.52,0.5582199999999999,324.64
s09-r4-disconnect_trial-0.5,9,4,disconnect_trial,0.5,0,3.0,3.52,0.5,0.52,4,1.52,1.56008,1.0,1.04008,4.52
s09-r4-disconnect_trial-0.5,9,4,disconnect_trial,0.5,1,11.04,11.52,0.5,0.4800000000000004,12,1.52,1.56298,1.0399999999999996,1.0829799999999996,12.559999999999999
s09-r4-disconnect_trial-0.5,9,4,disconnect_trial,0.5,2,18.72,19.2,0.5,0.4800000000000004,20,1.52,1.56119,1.0399999999999996,1.0811899999999997,20.24
s09-r4-disconnect_trial-0.5,9,4,disconnect_trial,0.5,3,26.52,27.0,0.5,0.4800000000000004,28,1.52,1.56038,1.0399999999999996,1.0803799999999997,28.04
s09-r4-disconnect_trial-0.5,9,4,disconnect_trial,0.5,4,34.56,35.04,0.5,0.4799999999999969,36,1.52,1.56208,1.0400000000000031,1.082080000000003,36.080000000000005
s09-r4-disconnect_trial-0.5,9,4,disconnect_trial,0.5,5,43.0,43.48,0.5,0.4799999999999969,44,1.52,1.56097,1.0400000000000031,1.080970000000003,44.52
s09-r4-disconnect_trial-0.5,9,4,disconnect_trial,0.5,6,50.64,51.16,0.5,0.519999999999996,52,1.52,1.55719,1.000000000000004,1.037190000000004,52.160000000000004
s09-r4-disconnect_trial-0.5,9,4,disconnect_trial,0.5,7,58.84,59.36,0.5,0.519999999999996,60,1.52,1.55863,1.000000000000004,1.038630000000004,60.36000000000001
s09-r4-disconnect_trial-0.5,9,4,disconnect_trial,0.5,8,66.56,67.08,0.5,0.519999999999996,68,1.52,1.55985,1.000000000000004,1.039850000000004,68.08
s09-r4-disconnect_trial-0.5,9,4,disconnect_trial,0.5,9,74.56,75.08,0.5,0.519999999999996,76,1.52,1.55774,1.000000000000004,1.0377400000000039,76.08
s09-r4-disconnect_trial-0.5,9,4,disconnect_trial,0.5,10,82.2,82.68,0.5,0.480000000000004,83,1.52,1.56482,1.039999999999996,1.0848199999999961,83.72
s09-r4-disconnect_trial-0.5,9,4,disconnect_trial,0.5,11,89.76,90.28,0.5,0.519999999999996,91,1.52,1.56014,1.000000000000004,1.040140000000004,91.28
s09-r4-disconnect_trial-0.5,9,4,disconnect_trial,0.5,12,97.68,98.16,0.5,0.47999999999998977,99,1.52,1.56022,1.0400000000000102,1.0802200000000102,99.2
s09-r4-disconnect_trial-0.5,9,4,disconnect_trial,0.5,13,105.44,105.92,0.5,0.480000000000004,106,1.52,1.56089,1.039999999999996,1.0808899999999961,106.96
s09-r4-disconnect_trial-0.5,9,4,disconnect_trial,0.5,14,113.32,113.8,0.5,0.480000000000004,114,1.52,1.5604,1.039999999999996,1.080399999999996,114.83999999999999
s09-r4-disconnect_trial-0.5,9,4,disconnect_trial,0.5,15,121.8,122.28,0.5,0.480000000000004,123,1.52,1.5616,1.039999999999996,1.0815999999999961,123.32
s09-r4-disconnect_trial-0.5,9,4,disconnect_trial,0.5,16,129.8,130.32,0.5,0.5199999999999818,131,1.52,1.55684,1.0000000000000182,1.0368400000000182,131.32000000000002
s09-r4-disconnect_trial-0.5,9,4,disconnect_trial,0.5,17,138.08,138.6,0.5,0.5199999999999818,139,1.52,1.56071,1.0000000000000182,1.0407100000000182,139.60000000000002
s09-r4-disconnect_trial-0.5,9,4,disconnect_trial,0.5,18,146.24,146.72,0.5,0.47999999999998977,147,1.52,1.55978,1.0400000000000102,1.0797800000000102,147.76000000000002
s09-r4-disconnect_trial-0.5,9,4,disconnect_trial,0.5,19,154.48,155.0,0.5,0.5200000000000102,156,1.52,1.56125,0.9999999999999898,1.0412499999999898,156.0
s09-r4-disconnect_trial-0.5,9,4,disconnect_trial,0.5,20,162.76,163.28,0.5,0.5200000000000102,164,1.52,1.5603,0.9999999999999898,1.0402999999999898,164.28
s09-r4-disconnect_trial-0.5,9,4,disconnect_trial,0.5,21,171.08,171.6,0.5,0.5199999999999818,172,1.52,1.56146,1.0000000000000182,1.0414600000000183,172.60000000000002
s09-r4-disconnect_trial-0.5,9,4,disconnect_trial,0.5,22,178.72,179.24,0.5,0.5200000000000102,180,1.52,1.56108,0.9999999999999898,1.0410799999999898,180.24
s09-r4-disconnect_trial-0.5,9,4,disconnect_trial,0.5,23,186.88,187.36,0.5,0.4800000000000182,188,1.52,1.56137,1.0399999999999818,1.0813699999999817,188.4
s09-r4-disconnect_trial-0.5,9,4,disconnect_trial,0.5,24,194.68,195.16,0.5,0.47999999999998977,196,1.52,1.56221,1.0400000000000102,1.0822100000000103,196.20000000000002
s09-r4-disconnect_trial-0.5,9,4,disconnect_trial,0.5,25,202.52,203.0,0.5,0.47999999999998977,204,1.52,1.56142,1.0400000000000102,1.0814200000000103,204.04000000000002
s09-r4-disconnect_trial-0.5,9,4,disconnect_trial,0.5,26,210.92,211.44,0.5,0.5200000000000102,212,1.52,1.56201,0.9999999999999898,1.0420099999999897,212.44
s09-r4-disconnect_trial-0.5,9,4,disconnect_trial,0.5,27,218.96,219.44,0.5,0.47999999999998977,220,1.52,1.56138,1.0400000000000102,1.0813800000000102,220.48000000000002
s09-r4-disconnect_trial-0.5,9,4,disconnect_trial,0.5,28,226.84,227.36,0.5,0.5200000000000102,228,1.52,1.56149,0.9999999999999898,1.0414899999999898,228.36
s09-r4-disconnect_trial-0.5,9,4,disconnect_trial,0.5,29,234.96,235.44,0.5,0.47999999999998977,236,1.52,1.5605,1.0400000000000102,1.0805000000000102,236.48000000000002
s09-r4-disconnect_trial-0.5,9,4,disconnect_trial,0.5,30,243.24,243.72,0.5,0.47999999999998977,244,1.52,1.55981,1.0400000000000102,1.0798100000000102,244.76000000000002
s09-r4-disconnect_trial-0.5,9,4,disconnect_trial,0.5,31,251.68,252.16,0.5,0.47999999999998977,253,1.52,1.5622,1.0400000000000102,1.0822000000000103,253.20000000000002
s09-r4-disconnect_trial-0.5,9,4,disconnect_trial,0.5,32,260.04,260.52,0.5,0.47999999999996135,261,1.52,1.56136,1.0400000000000387,1.0813600000000387,261.56
s09-r4-disconnect_trial-0.5,9,4,disconnect_trial,0.5,33,268.4,268.88,0.5,0.4800000000000182,269,1.52,1.56002,1.0399999999999818,1.0800199999999818,269.91999999999996
s09-r4-disconnect_trial-0.5,9,4,disconnect_trial,0.5,34,276.56,277.08,0.5,0.5199999999999818,278,1.52,1.56172,1.0000000000000182,1.0417200000000182,278.08
s09-r4-disconnect_trial-0.5,9,4,disconnect_trial,0.5,35,284.84,285.32,0.5,0.4800000000000182,286,1.52,1.56155,1.0399999999999818,1.0815499999999818,286.35999999999996
s09-r4-disconnect_trial-0.5,9,4,disconnect_trial,0.5,36,292.92,293.4,0.5,0.47999999999996135,294,1.52,1.56141,1.0400000000000387,1.0814100000000386,294.44
s09-r4-disconnect_trial-0.5,9,4,disconnect_trial,0.5,37,300.8,301.28,0.5,0.47999999999996135,302,1.52,1.55697,1.0400000000000387,1.0769700000000386,302.32
s09-r4-disconnect_trial-0.5,9,4,disconnect_trial,0.5,38,308.64,309.16,0.5,0.5200000000000387,310,1.52,1.56127,0.9999999999999614,1.0412699999999613,310.15999999999997
s09-r4-disconnect_trial-0.5,9,4,disconnect_trial,0.5,39,316.36,316.84,0.5,0.47999999999996135,317,1.52,1.55971,1.0400000000000387,1.0797100000000386,317.88
s09-r4-disconnect_trial-0.5,9,4,disconnect_trial,0.5,40,324.68,325.16,0.5,0.4800000000000182,326,1.52,1.5579,1.0399999999999818,1.0778999999999819,326.2
s09-r4-disconnect_trial-0.5,9,4,disconnect_trial,0.5,41,332.6,333.08,0.5,0.47999999999996135,334,1.52,1.56154,1.0400000000000387,1.0815400000000386,334.12
s09-r4-disconnect_trial-0.5,9,4,disconnect_trial,0.5,42,340.56,341.04,0.5,0.4800000000000182,342,1.52,1.55674,1.0399999999999818,1.0767399999999818,342.08
s09-r4-disconnect_trial-0.5,9,4,disconnect_trial,0.5,43,349.0,349.52,0.5,0.5199999999999818,350,1.52,1.56012,1.0000000000000182,1.0401200000000181,350.52
s09-r4-disconnect_trial-0.5,9,4,disconnect_trial,0.5,44,356.64,357.16,0.5,0.5200000000000387,358,1.52,1.55705,0.9999999999999614,1.0370499999999614,358.15999999999997
s09-r4-disconnect_trial-0.5,9,4,disconnect_trial,0.5,45,364.36,364.84,0.5,0.47999999999996135,365,1.52,1.56212,1.0400000000000387,1.0821200000000386,365.88
s09-r4-disconnect_trial-0.5,9,4,disconnect_trial,0.5,46,372.8,373.32,0.5,0.5199999999999818,374,1.52,1.56241,1.0000000000000182,1.0424100000000183,374.32
s09-r4-disconnect_trial-0.5,9,4,disconnect_trial,0.5,47,381.04,381.56,0.5,0.5199999999999818,382,1.52,1.55729,1.0000000000000182,1.0372900000000183,382.56
s09-r4-disconnect_trial-1,9,4,disconnect_trial,1.0,0,3.0,4.0,1.0,1.0,4,1.52,1.56022,0.52,0.5602199999999999,4.52
s09-r4-disconnect_trial-1,9,4,disconnect_trial,1.0,1,11.04,12.04,1.0,1.0,12,1.52,1.56004,0.52,0.5600400000000001,12.559999999999999
s09-r4-disconnect_trial-1,9,4,disconnect_trial,1.0,2,18.72,19.72,1.0,1.0,20,1.52,1.56132,0.52,0.56132,20.24
s09-r4-disconnect_trial-1,9,4,disconnect_trial,1.0,3,26.52,27.52,1.0,1.0,28,1.52,1.56112,0.52,0.5611200000000001,28.04
s09-r4-disconnect_trial-1,9,4,disconnect_trial,1.0,4,34.56,35.56,1.0,1.0,36,1.52,1.56062,0.52,0.5606199999999999,36.080000000000005
s09-r4-disconnect_trial-1,9,4,disconnect_trial,1.0,5,43.0,44.0,1.0,1.0,44,1.52,1.56043,0.52,0.56043,44.52
s09-r4-disconnect_trial-1,9,4,disconnect_trial,1.0,6,50.64,51.64,1.0,1.0,52,1.52,1.55674,0.52,0.55674,52.160000000000004
s09-r4-disconnect_trial-1,9,4,disconnect_trial,1.0,7,58.84,59.84,1.0,1.0,60,1.52,1.56143,0.52,0.5614300000000001,60.36000000000001
s09-r4-disconnect_trial-1,9,4,disconnect_trial,1.0,8,66.56,67.56,1.0,1.0,68,1.52,1.55742,0.52,0.55742,68.08
s09-r4-disconnect_trial-1,9,4,disconnect_trial,1.0,9,74.56,75.56,1.0,1.0,76,1.52,1.56151,0.52,0.56151,76.08
s09-r4-disconnect_trial-1,9,4,disconnect_trial,1.0,10,82.2,83.2,1.0,1.0,83,1.52,1.56138,0.52,0.56138,83.72
s09-r4-disconnect_trial-1,9,4,disconnect_trial,1.0,11,89.76,90.76,1.0,1.0,91,1.52,1.56154,0.52,0.5615399999999999,91.28
s09-r4-disconnect_trial-1,9,4,disconnect_trial,1.0,12,97.68,98.68,1.0,1.0,99,1.52,1.55642,0.52,0.5564199999999999,99.2
s09-r4-disconnect_trial-1,9,4,disconnect_trial,1.0,13,105.44,106.44,1.0,1.0,106,1.52,1.56118,0.52,0.56118,106.96
s09-r4-disconnect_trial-1,9,4,disconnect_trial,1.0,14,113.32,114.32,1.0,1.0,114,1.52,1.56108,0.52,0.56108,114.83999999999999
s09-r4-disconnect_trial-1,9,4,disconnect_trial,1.0,15,121.8,122.8,1.0,1.0,123,1.52,1.55668,0.52,0.5566800000000001,123.32
s09-r4-disconnect_trial-1,9,4,disconnect_trial,1.0,16,129.8,130.8,1.0,1.0,131,1.52,1.56132,0.52,0.56132,131.32000000000002
s09-r4-disconnect_trial-1,9,4,disconnect_trial,1.0,17,138.08,139.08,1.0,1.0,139,1.52,1.56108,0.52,0.56108,139.60000000000002
s09-r4-disconnect_trial-1,9,4,disconnect_trial,1.0,18,146.24,147.24,1.0,1.0,147,1.52,1.56105,0.52,0.56105,147.76000000000002
s09-r4-disconnect_trial-1,9,4,disconnect_trial,1.0,19,154.48,155.48,1.0,1.0,156,1.52,1.56007,0.52,0.5600700000000001,156.0
s09-r4-disconnect_trial-1,9,4,disconnect_trial,1.0,20,162.76,163.76,1.0,1.0,164,1.52,1.56106,0.52,0.5610599999999999,164.28
s09-r4-disconnect_trial-1,9,4,disconnect_trial,1.0,21,171.08,172.08,1.0,1.0,172,1.52,1.56163,0.52,0.5616300000000001,172.60000000000002
s09-r4-disconnect_trial-1,9,4,disconnect_trial,1.0,22,178.72,179.72,1.0,1.0,180,1.52,1.56024,0.52,0.5602400000000001,180.24
s09-r4-disconnect_trial-1,9,4,disconnect_trial,1.0,23,186.88,187.88,1.0,1.0,188,1.52,1.56083,0.52,0.5608299999999999,188.4
s09-r4-disconnect_trial-1,9,4,disconnect_trial,1.0,24,194.68,195.68,1.0,1.0,196,1.52,1.56006,0.52,0.56006,196.20000000000002
s09-r4-disconnect_trial-1,9,4,disconnect_trial,1.0,25,202.52,203.52,1.0,1.0,204,1.52,1.55575,0.52,0.55575,204.04000000000002
s09-r4-disconnect_trial-1,9,4,disconnect_trial,1.0,26,210.92,211.92,1.0,1.0,212,1.52,1.5566,0.52,0.5566,212.44
s09-r4-disconnect_trial-1,9,4,disconnect_trial,1.0,27,218.96,219.96,1.0,1.0,220,1.52,1.55578,0.52,0.5557799999999999,220.48000000000002
s09-r4-disconnect_trial-1,9,4,disconnect_trial,1.0,28,226.84,227.84,1.0,1.0,228,1.52,1.56079,0.52,0.5607899999999999,228.36
s09-r4-disconnect_trial-1,9,4,disconnect_trial,1.0,29,234.96,235.96,1.0,1.0,236,1.52,1.56096,0.52,0.5609599999999999,236.48000000000002
s09-r4-disconnect_trial-1,9,4,disconnect_trial,1.0,30,243.24,244.24,1.0,1.0,244,1.52,1.56115,0.52,0.56115,244.76000000000002
s09-r4-disconnect_trial-1,9,4,disconnect_trial,1.0,31,251.68,252.68,1.0,1.0,253,1.52,1.5611,0.52,0.5610999999999999,253.20000000000002
s09-r4-disconnect_trial-1,9,4,disconnect_trial,1.0,32,260.04,261.04,1.0,1.0,261,1.52,1.56054,0.52,0.56054,261.56
s09-r4-disconnect_trial-1,9,4,disconnect_trial,1.0,33,268.4,269.4,1.0,1.0,269,1.52,1.56086,0.52,0.5608599999999999,269.91999999999996
s09-r4-disconnect_trial-1,9,4,disconnect_trial,1.0,34,276.56,277.56,1.0,1.0,278,1.52,1.56064,0.52,0.56064,278.08
s09-r4-disconnect_trial-1,9,4,disconnect_trial,1.0,35,284.84,285.84,1.0,1.0,286,1.52,1.56047,0.52,0.56047,286.35999999999996
s09-r4-disconnect_trial-1,9,4,disconnect_trial,1.0,36,292.92,293.92,1.0,1.0,294,1.52,1.56108,0.52,0.56108,294.44
s09-r4-disconnect_trial-1,9,4,disconnect_trial,1.0,37,300.8,301.8,1.0,1.0,302,1.52,1.56127,0.52,0.5612699999999999,302.32
s09-r4-disconnect_trial-1,9,4,disconnect_trial,1.0,38,308.64,309.64,1.0,1.0,310,1.52,1.56108,0.52,0.56108,310.15999999999997
s09-r4-disconnect_trial-1,9,4,disconnect_trial,1.0,39,316.36,317.36,1.0,1.0,317,1.52,1.56094,0.52,0.56094,317.88
s09-r4-disconnect_trial-1,9,4,disconnect_trial,1.0,40,324.68,325.68,1.0,1.0,326,1.52,1.55953,0.52,0.5595300000000001,326.2
s09-r4-disconnect_trial-1,9,4,disconnect_trial,1.0,41,332.6,333.6,1.0,1.0,334,1.52,1.56148,0.52,0.56148,334.12
s09-r4-disconnect_trial-1,9,4,disconnect_trial,1.0,42,340.56,341.56,1.0,1.0,342,1.52,1.55722,0.52,0.55722,342.08
s09-r4-disconnect_trial-1,9,4,disconnect_trial,1.0,43,349.0,350.0,1.0,1.0,350,1.52,1.5616,0.52,0.5616000000000001,350.52
s09-r4-disconnect_trial-1,9,4,disconnect_trial,1.0,44,356.64,357.64,1.0,1.0,358,1.52,1.56279,0.52,0.5627899999999999,358.15999999999997
s09-r4-disconnect_trial-1,9,4,disconnect_trial,1.0,45,364.36,365.36,1.0,1.0,365,1.52,1.55682,0.52,0.5568200000000001,365.88
s09-r4-disconnect_trial-1,9,4,disconnect_trial,1.0,46,372.8,373.8,1.0,1.0,374,1.52,1.56051,0.52,0.5605100000000001,374.32
s09-r4-disconnect_trial-1,9,4,disconnect_trial,1.0,47,381.04,382.04,1.0,1.0,382,1.52,1.56033,0.52,0.56033,382.56
s09-r4-disconnect_trial-2,9,4,disconnect_trial,2.0,0,3.0,5.0,2.0,2.0,5,2.52,2.56194,0.52,0.5619399999999999,5.52
s09-r4-disconnect_trial-2,9,4,disconnect_trial,2.0,1,11.04,13.04,2.0,2.0,13,2.52,2.55911,0.52,0.55911,13.559999999999999
s09-r4-disconnect_trial-2,9,4,disconnect_trial,2.0,2,18.72,20.72,2.0,2.0,21,2.52,2.55709,0.52,0.5570900000000001,21.24
s09-r4-disconnect_trial-2,9,4,disconnect_trial,2.0,3,26.52,28.52,2.0,2.0,29,2.52,2.55793,0.52,0.5579299999999998,29.04
s09-r4-disconnect_trial-2,9,4,disconnect_trial,2.0,4,34.56,36.56,2.0,2.0,37,2.52,2.5573,0.52,0.5573000000000001,37.080000000000005
s09-r4-disconnect_trial-2,9,4,disconnect_trial,2.0,5,43.0,45.0,2.0,2.0,45,2.52,2.5599,0.52,0.5598999999999998,45.52
s09-r4-disconnect_trial-2,9,4,disconnect_trial,2.0,6,50.64,52.64,2.0,2.0,53,2.52,2.56088,0.52,0.56088,53.160000000000004
s09-r4-disconnect_trial-2,9,4,disconnect_trial,2.0,7,58.84,60.84,2.0,2.0,61,2.52,2.56067,0.52,0.56067,61.36000000000001
s09-r4-disconnect_trial-2,9,4,disconnect_trial,2.0,8,66.56,68.56,2.0,2.0,69,2.52,2.56042,0.52,0.5604200000000001,69.08
s09-r4-disconnect_trial-2,9,4,disconnect_trial,2.0,9,74.56,76.56,2.0,2.0,77,2.52,2.55957,0.52,0.5595699999999999,77.08
s09-r4-disconnect_trial-2,9,4,disconnect_trial,2.0,10,82.2,84.2,2.0,2.0,84,2.52,2.55572,0.52,0.55572,84.72
s09-r4-disconnect_trial-2,9,4,disconnect_trial,2.0,11,89.76,91.76,2.0,2.0,92,2.52,2.56086,0.52,0.5608599999999999,92.28
s09-r4-disconnect_trial-2,9,4,disconnect_trial,2.0,12,97.68,99.68,2.0,2.0,100,2.52,2.56087,0.52,0.56087,100.2
s09-r4-disconnect_trial-2,9,4,disconnect_trial,2.0,13,105.44,107.44,2.0,2.0,107,2.52,2.55592,0.52,0.55592,107.96
s09-r4-disconnect_trial-2,9,4,disconnect_trial,2.0,14,113.32,115.32,2.0,2.0,115,2.52,2.56254,0.52,0.5625399999999998,115.83999999999999
s09-r4-disconnect_trial-2,9,4,disconnect_trial,2.0,15,121.8,123.8,2.0,2.0,124,2.52,2.55755,0.52,0.55755,124.32
s09-r4-disconnect_trial-2,9,4,disconnect_trial,2.0,16,129.8,131.8,2.0,2.0,132,2.52,2.55769,0.52,0.55769,132.32000000000002
s09-r4-disconnect_trial-2,9,4,disconnect_trial,2.0,17,138.08,140.08,2.0,2.0,140,2.52,2.56212,0.52,0.5621200000000002,140.60000000000002
s09-r4-disconnect_trial-2,9,4,disconnect_trial,2.0,18,146.24,148.24,2.0,2.0,148,2.52,2.56211,0.52,0.5621100000000001,148.76000000000002
s09-r4-disconnect_trial-2,9,4,disconnect_trial,2.0,19,154.48,156.48,2.0,2.0,157,2.52,2.56234,0.52,0.5623399999999998,157.0
s09-r4-disconnect_trial-2,9,4,disconnect_trial,2.0,20,162.76,164.76,2.0,2.0,165,2.52,2.55805,0.52,0.5580500000000002,165.28
s09-r4-disconnect_trial-2,9,4,disconnect_trial,2.0,21,171.08,173.08,2.0,2.0,173,2.52,2.55741,0.52,0.55741,173.60000000000002
s09-r4-disconnect_trial-2,9,4,disconnect_trial,2.0,22,178.72,180.72,2.0,2.0,181,2.52,2.5578,0.52,0.5577999999999999,181.24
s09-r4-disconnect_trial-2,9,4,disconnect_trial,2.0,23,186.88,188.88,2.0,2.0,189,2.52,2.56218,0.52,0.5621800000000001,189.4
s09-r4-disconnect_trial-2,9,4,disconnect_trial,2.0,24,194.68,196.68,2.0,2.0,197,2.52,2.56357,0.52,0.5635699999999999,197.20000000000002
s09-r4-disconnect_trial-2,9,4,disconnect_trial,2.0,25,202.52,204.52,2.0,2.0,205,2.52,2.56169,0.52,0.56169,205.04000000000002
s09-r4-disconnect_trial-2,9,4,disconnect_trial,2.0,26,210.92,212.92,2.0,2.0,213,2.52,2.56269,0.52,0.5626899999999999,213.44
s09-r4-disconnect_trial-2,9,4,disconnect_trial,2.0,27,218.96,220.96,2.0,2.0,221,2.52,2.55742,0.52,0.55742,221.48000000000002
s09-r4-disconnect_trial-2,9,4,disconnect_trial,2.0,28,226.84,228.84,2.0,2.0,229,2.52,2.55759,0.52,0.5575899999999998,229.36
s09-r4-disconnect_trial-2,9,4,disconnect_trial,2.0,29,234.96,236.96,2.0,2.0,237,2.52,2.56099,0.52,0.5609899999999999,237.48000000000002
s09-r4-disconnect_trial-2,9,4,disconnect_trial,2.0,30,243.24,245.24,2.0,2.0,245,2.52,2.55814,0.52,0.5581399999999999,245.76000000000002
s09-r4-disconnect_trial-2,9,4,disconnect_trial,2.0,31,251.68,253.68,2.0,2.0,254,2.52,2.56252,0.52,0.5625200000000001,254.20000000000002
s09-r4-disconnect_trial-2,9,4,disconnect_trial,2.0,32,260.04,262.04,2.0,2.0,262,2.52,2.55784,0.52,0.5578400000000001,262.56
s09-r4-disconnect_trial-2,9,4,disconnect_trial,2.0,33,268.4,270.4,2.0,2.0,270,2.52,2.55773,0.52,0.5577299999999998,270.91999999999996
s09-r4-disconnect_trial-2,9,4,disconnect_trial,2.0,34,276.56,278.56,2.0,2.0,279,2.52,2.56203,0.52,0.56203,279.08
s09-r4-disconnect_trial-2,9,4,disconnect_trial,2.0,35,284.84,286.84,2.0,2.0,287,2.52,2.5577,0.52,0.5577000000000001,287.35999999999996
s09-r4-disconnect_trial-2,9,4,disconnect_trial,2.0,36,292.92,294.92,2.0,2.0,295,2.52,2.55843,0.52,0.55843,295.44
s09-r4-disconnect_trial-2,9,4,disconnect_trial,2.0,37,300.8,302.8,2.0,2.0,303,2.52,2.55825,0.52,0.5582500000000001,303.32
s09-r4-disconnect_trial-2,9,4,disconnect_trial,2.0,38,308.64,310.64,2.0,2.0,311,2.52,2.55725,0.52,0.5572499999999998,311.15999999999997
s09-r4-disconnect_trial-2,9,4,disconnect_trial,2.0,39,316.36,318.36,2.0,2.0,318,2.52,2.55769,0.52,0.55769,318.88
s09-r4-disconnect_trial-2,9,4,disconnect_trial,2.0,40,324.68,326.68,2.0,2.0,327,2.52,2.55893,0.52,0.5589300000000001,327.2
s09-r4-disconnect_trial-2,9,4,disconnect_trial,2.0,41,332.6,334.6,2.0,2.0,335,2.52,2.55799,0.52,0.5579900000000002,335.12
s09-r4-disconnect_trial-2,9,4,disconnect_trial,2.0,42,340.56,342.56,2.0,2.0,343,2.52,2.55744,0.52,0.5574400000000002,343.08
s09-r4-disconnect_trial-2,9,4,disconnect_trial,2.0,43,349.0,351.0,2.0,2.0,351,2.52,2.55978,0.52,0.5597799999999999,351.52
s09-r4-disconnect_trial-2,9,4,disconnect_trial,2.0,44,356.64,358.64,2.0,2.0,359,2.52,2.56024,0.52,0.5602399999999998,359.15999999999997
s09-r4-disconnect_trial-2,9,4,disconnect_trial,2.0,45,364.36,366.36,2.0,2.0,366,2.52,2.56089,0.52,0.5608900000000001,366.88
s09-r4-disconnect_trial-2,9,4,disconnect_trial,2.0,46,372.8,374.8,2.0,2.0,375,2.52,2.56078,0.52,0.5607799999999998,375.32
s09-r4-disconnect_trial-2,9,4,disconnect_trial,2.0,47,381.04,383.04,2.0,2.0,383,2.52,2.56043,0.52,0.5604300000000002,383.56
